Species,Tier,Role,Global_Move_Usage,Total_KOs,Total_Deaths,Global_KDR,Total_Assists,KDA,Global_Average_Lifespan_Turns,Average_Hits_Taken,Critical_Hits,Missed_Attacks,Dodged_Attacks,Secondary_Effect_Procs,Luck_Score,Games_Seen,Most_KOs_Against,Killed_Most_By,Switch_In_Casualties,Assist_Breakdown,Mimic_Move_Usage
ABOMASNOW,S-,Weather,"Ice Shard: 11533 (28.5%), Wood Hammer: 10954 (27.0%), Blizzard: 6720 (16.6%), Ingrain: 4094 (10.1%), Mist: 2388 (5.9%), Razor Leaf: 1379 (3.4%), Avalanche: 1349 (3.3%), Water Pulse: 991 (2.4%), Earthquake: 600 (1.5%), Focus Blast: 386 (1.0%), Grass Whistle: 102 (0.3%)",16695,5653,2.95,3233,3.53,3.72,1.85,2137,908,1491,146,6.49,13355,"Seaking: 310, Magnemite: 283, Geodude: 277","Staraptor: 182, Golbat: 174, Machoke: 141",7,"Damage: 1686, Status: 52, Hazard: 0, Weather: 3080, Cleric: 0, Screen: 0, Pass: 0, Debuff: 0, Tailwind: 0",None
ABRA,F,Attacker / Disrupter,"Flash: 17993 (37.4%), Teleport: 14811 (30.8%), Hidden Power: 14726 (30.6%), Struggle: 534 (1.1%)",3626,13002,0.28,440,0.31,5.21,1.77,926,758,13472,0,22.17,12266,"Geodude: 164, Magikarp: 156, Magnemite: 141","Gyarados: 236, Golbat: 225, Zubat: 224",20,"Damage: 201, Status: 267, Hazard: 0, Weather: 0, Cleric: 0, Screen: 0, Pass: 0, Debuff: 0, Tailwind: 0",None
ABSOL,S-,All-Rounder,"Night Slash: 11471 (31.5%), Sucker Punch: 5911 (16.2%), Double Team: 4508 (12.4%), Slash: 4497 (12.3%), Psycho Cut: 4217 (11.6%), Quick Attack: 2909 (8.0%), Swords Dance: 1400 (3.8%), Future Sight: 967 (2.7%), Taunt: 260 (0.7%), Detect: 179 (0.5%), Perish Song: 103 (0.3%), Struggle: 7 (0.0%)",13901,4692,2.96,2452,3.49,4.08,1.41,3772,632,3768,0,17.19,11265,"Golbat: 302, Zubat: 235, Pikachu: 217","Staraptor: 158, Gyarados: 122, Heracross: 119",0,"Damage: 2452, Status: 0, Hazard: 0, Weather: 0, Cleric: 0, Screen: 0, Pass: 0, Debuff: 0, Tailwind: 0",None
AERODACTYL,S,Attacker,"Take Down: 12646 (50.8%), Stone Edge: 4907 (19.7%), Earthquake: 1921 (7.7%), Aerial Ace: 1475 (5.9%), Crunch: 1041 (4.2%), Rock Slide: 931 (3.7%), Iron Head: 872 (3.5%), Dragon Claw: 542 (2.2%), Thunder Fang: 492 (2.0%), Hyper Beam: 50 (0.2%), Roar: 33 (0.1%)",10244,2528,4.05,1009,4.45,3.99,1.61,1574,3304,778,420,-3.64,7048,"Golbat: 216, Pikachu: 196, Magikarp: 160","Gyarados: 98, Floatzel: 75, Staraptor: 63",5,"Damage: 1009, Status: 5, Hazard: 0, Weather: 0, Cleric: 0, Screen: 0, Pass: 0, Debuff: 3, Tailwind: 0",None
AGGRON,A,Attacker,"Stone Edge: 518 (40.0%), Earthquake: 501 (38.7%), Avalanche: 177 (13.7%), Metal Burst: 99 (7.6%)",715,291,2.46,101,2.8,3.72,1.72,99,140,88,0,3.4,613,"Magneton: 47, Magnemite: 40, Raichu: 29","Heracross: 26, Infernape: 9, Alakazam: 9",1,"Damage: 101, Status: 0, Hazard: 0, Weather: 0, Cleric: 0, Screen: 0, Pass: 0, Debuff: 0, Tailwind: 0",None
AIPOM,D-,Support,"Swift: 33875 (28.2%), Double Hit: 13206 (11.0%), Tickle: 11746 (9.8%), Fury Swipes: 10037 (8.3%), Astonish: 9769 (8.1%), Screech: 9053 (7.5%), Tail Whip: 6066 (5.0%), Sand Attack: 4829 (4.0%), Aerial Ace: 4412 (3.7%), Nasty Plot: 4021 (3.3%), Agility: 3971 (3.3%), Fling: 3064 (2.5%), Shock Wave: 2987 (2.5%), Water Pulse: 1645 (1.4%), Baton Pass: 1552 (1.3%), Struggle: 63 (0.1%)",12615,20427,0.62,6570,0.94,5.5,2.69,5103,6650,8706,2478,5.54,25521,"Magikarp: 563, Zubat: 490, Pikachu: 364","Golbat: 423, Gyarados: 414, Staraptor: 394",0,"Damage: 6008, Status: 99, Hazard: 0, Weather: 0, Cleric: 0, Screen: 0, Pass: 0, Debuff: 1993, Tailwind: 0",None
ALAKAZAM,A,Attacker,"Psychic: 38634 (42.1%), Calm Mind: 20171 (22.0%), Focus Blast: 10714 (11.7%), Future Sight: 9314 (10.1%), Reflect: 4881 (5.3%), Energy Ball: 2941 (3.2%), Recover: 1408 (1.5%), Shadow Ball: 1212 (1.3%), Gravity: 964 (1.1%), Disable: 861 (0.9%), Trick: 345 (0.4%), Charge Beam: 263 (0.3%), Skill Swap: 62 (0.1%), Struggle: 17 (0.0%), Hyper Beam: 16 (0.0%)",33814,15050,2.25,5389,2.6,3.79,1.51,2997,4375,2873,1768,1.6,31998,"Machoke: 800, Golbat: 749, Magnemite: 693","Gyarados: 526, Staraptor: 357, Sneasel: 349",2,"Damage: 4811, Status: 464, Hazard: 0, Weather: 0, Cleric: 0, Screen: 498, Pass: 0, Debuff: 203, Tailwind: 0",None
ALTARIA,A,All-Rounder,"Dragon Pulse: 37390 (45.7%), Dragon Dance: 27361 (33.5%), Dragon Breath: 9964 (12.2%), Take Down: 6301 (7.7%), Refresh: 637 (0.8%), Double Team: 64 (0.1%), Perish Song: 17 (0.0%), Hyper Beam: 7 (0.0%), Struggle: 1 (0.0%)",17735,8474,2.09,5173,2.7,5.67,2.77,3086,2298,3028,1058,4.5,16658,"Magikarp: 331, Geodude: 323, Pikachu: 304","Gyarados: 288, Staraptor: 215, Sneasel: 201",0,"Damage: 5173, Status: 231, Hazard: 0, Weather: 0, Cleric: 0, Screen: 0, Pass: 0, Debuff: 0, Tailwind: 0",None
AMBIPOM,B-,All-Rounder,"Double Hit: 53824 (44.9%), Nasty Plot: 35533 (29.6%), Swift: 9670 (8.1%), Screech: 5472 (4.6%), Water Pulse: 3174 (2.6%), Shock Wave: 2659 (2.2%), Sand Attack: 2507 (2.1%), U Turn: 1890 (1.6%), Aerial Ace: 1764 (1.5%), Last Resort: 1311 (1.1%), Fling: 1028 (0.9%), Agility: 533 (0.4%), Baton Pass: 456 (0.4%), Struggle: 136 (0.1%)",20881,17559,1.19,9389,1.72,5.01,2.38,3900,7960,5690,256,1.29,28479,"Pikachu: 512, Magikarp: 460, Zubat: 432","Gyarados: 437, Staraptor: 426, Machoke: 352",6,"Damage: 8676, Status: 113, Hazard: 0, Weather: 0, Cleric: 0, Screen: 0, Pass: 473, Debuff: 242, Tailwind: 0",None
AMPHAROS,S-,Attacker,"Signal Beam: 12631 (28.2%), Discharge: 12054 (26.9%), Thunder Wave: 5834 (13.0%), Thunder: 3911 (8.7%), Power Gem: 2786 (6.2%), Charge: 2608 (5.8%), Thunder Punch: 2165 (4.8%), Fire Punch: 2090 (4.7%), Cotton Spore: 664 (1.5%)",17175,5258,3.27,1429,3.54,4.45,1.92,2058,2553,1669,2436,2.72,13903,"Gyarados: 455, Seaking: 434, Golbat: 426","Quagsire: 139, Graveler: 117, Alakazam: 106",1,"Damage: 1288, Status: 662, Hazard: 0, Weather: 0, Cleric: 0, Screen: 0, Pass: 0, Debuff: 0, Tailwind: 0",None
ARBOK,B-,Support,"Crunch: 41703 (30.2%), Mud Bomb: 26000 (18.8%), Glare: 13528 (9.8%), Stockpile: 11864 (8.6%), Screech: 11775 (8.5%), Gastro Acid: 8494 (6.1%), Gunk Shot: 6727 (4.9%), Acid: 5655 (4.1%), Spit Up: 4615 (3.3%), Swallow: 3588 (2.6%), Poison Jab: 1595 (1.2%), Poison Sting: 1097 (0.8%), Wrap: 766 (0.6%), Haze: 672 (0.5%), Struggle: 49 (0.0%)",21209,17296,1.23,8684,1.73,6.2,3.13,4752,14712,7723,12105,-1.5,26515,"Magnemite: 515, Magikarp: 480, Pikachu: 457","Staraptor: 478, Gyarados: 444, Golbat: 409",0,"Damage: 7488, Status: 2735, Hazard: 0, Weather: 0, Cleric: 0, Screen: 0, Pass: 0, Debuff: 2665, Tailwind: 0",None
ARCANINE,S-,Attacker,"Extreme Speed: 20897 (35.2%), Fire Fang: 18490 (31.1%), Flare Blitz: 7930 (13.3%), Thunder Fang: 4591 (7.7%), Crunch: 2140 (3.6%), Overheat: 1852 (3.1%), Agility: 1417 (2.4%), Flamethrower: 1383 (2.3%), Reversal: 324 (0.5%), Roar: 178 (0.3%), Dragon Pulse: 94 (0.2%), Helping Hand: 78 (0.1%), Odor Sleuth: 53 (0.1%)",21920,6058,3.62,3352,4.17,4.41,1.82,3331,2477,1797,3956,4.51,15431,"Magnemite: 483, Golbat: 388, Clefairy: 350","Gyarados: 202, Floatzel: 170, Graveler: 152",1,"Damage: 3215, Status: 610, Hazard: 0, Weather: 0, Cleric: 0, Screen: 0, Pass: 0, Debuff: 220, Tailwind: 0",None
ARIADOS,D+,All-Rounder,"Agility: 18623 (20.8%), Sucker Punch: 12807 (14.3%), Poison Jab: 12598 (14.1%), Fury Swipes: 12548 (14.0%), Spider Web: 9831 (11.0%), Psychic: 9684 (10.8%), Pin Missile: 9097 (10.2%), Giga Drain: 1563 (1.7%), Bounce: 975 (1.1%), Scary Face: 520 (0.6%), Swagger: 450 (0.5%), Night Shade: 436 (0.5%), Baton Pass: 132 (0.1%), Toxic: 104 (0.1%), Struggle: 20 (0.0%)",14300,15960,0.9,4014,1.15,5.3,2.82,4640,5994,3969,2760,2.82,22439,"Zubat: 387, Pikachu: 340, Machop: 294","Golbat: 460, Staraptor: 377, Gyarados: 371",13,"Damage: 3913, Status: 713, Hazard: 0, Weather: 0, Cleric: 0, Screen: 0, Pass: 0, Debuff: 54, Tailwind: 0",None
AZUMARILL,B,Attacker,"Double Edge: 62123 (27.7%), Bubble Beam: 34386 (15.3%), Aqua Ring: 25743 (11.5%), Aqua Tail: 24536 (10.9%), Rollout: 23924 (10.7%), Rain Dance: 21370 (9.5%), Hydro Pump: 7951 (3.5%), Waterfall: 7534 (3.4%), Dig: 4797 (2.1%), Water Pulse: 4286 (1.9%), Defense Curl: 3341 (1.5%), Aqua Jet: 1572 (0.7%), Ice Beam: 1447 (0.6%), Superpower: 789 (0.4%), Attract: 511 (0.2%), Struggle: 78 (0.0%)",49506,28430,1.74,6702,1.98,5.71,3.28,9662,12806,11783,4018,3.66,50057,"Clefairy: 1101, Magnemite: 1094, Zubat: 871","Gyarados: 597, Roselia: 516, Golbat: 512",15,"Damage: 6702, Status: 83, Hazard: 0, Weather: 0, Cleric: 0, Screen: 0, Pass: 0, Debuff: 13, Tailwind: 0",None
AZURILL,E,Support,"Water Gun: 5133 (37.0%), Slam: 4848 (34.9%), Charm: 3885 (28.0%), Struggle: 15 (0.1%)",356,3258,0.11,1917,0.7,5.37,3.1,514,1705,783,0,-2.78,3417,"Magikarp: 77, Geodude: 34, Pichu: 21","Gyarados: 66, Golbat: 60, Staraptor: 55",0,"Damage: 1746, Status: 0, Hazard: 0, Weather: 0, Cleric: 0, Screen: 0, Pass: 0, Debuff: 389, Tailwind: 0",None
BAGON,B-,Support,"Double Edge: 5593 (53.3%), Scary Face: 2480 (23.6%), Dragon Claw: 1976 (18.8%), Crunch: 444 (4.2%)",2536,2235,1.13,1423,1.77,3.91,2.02,460,497,445,48,3.66,3231,"Clefairy: 86, Magikarp: 80, Pikachu: 65","Gyarados: 71, Staraptor: 55, Golbat: 51",0,"Damage: 1371, Status: 0, Hazard: 0, Weather: 0, Cleric: 0, Screen: 0, Pass: 0, Debuff: 472, Tailwind: 0",None
BANETTE,A-,All-Rounder,"Shadow Claw: 3939 (28.4%), Thunderbolt: 3029 (21.9%), Will O Wisp: 1545 (11.1%), Embargo: 1268 (9.1%), Grudge: 1261 (9.1%), Snatch: 1105 (8.0%), Faint Attack: 746 (5.4%), Sucker Punch: 612 (4.4%), Struggle: 51 (0.4%), Scary Face: 51 (0.4%), Reflect: 19 (0.1%), Psych Up: 17 (0.1%), Calm Mind: 16 (0.1%), Screech: 13 (0.1%), Protect: 10 (0.1%), Smoke Screen: 9 (0.1%), Splash: 8 (0.1%), Stockpile: 8 (0.1%), Confuse Ray: 7 (0.1%), Light Screen: 7 (0.1%), Stun Spore: 6 (0.0%), Swagger: 6 (0.0%), Sandstorm: 6 (0.0%), Sand Attack: 6 (0.0%), Thunder Wave: 6 (0.0%), Power Trick: 6 (0.0%), Charm: 6 (0.0%), Hypnosis: 5 (0.0%), Disable: 4 (0.0%), Role Play: 4 (0.0%), Yawn: 4 (0.0%), Captivate: 4 (0.0%), Tail Whip: 4 (0.0%), Agility: 4 (0.0%), Double Team: 3 (0.0%), Rain Dance: 3 (0.0%), Heal Bell: 3 (0.0%), Amnesia: 3 (0.0%), Sweet Scent: 3 (0.0%), Attract: 3 (0.0%), Sunny Day: 3 (0.0%), Foresight: 2 (0.0%), Rest: 2 (0.0%), Synthesis: 2 (0.0%), Safeguard: 2 (0.0%), Mean Look: 2 (0.0%), Detect: 2 (0.0%), Swords Dance: 2 (0.0%), Curse: 2 (0.0%), Iron Defense: 2 (0.0%), Moonlight: 2 (0.0%), Growth: 2 (0.0%), Leech Seed: 2 (0.0%), Encore: 1 (0.0%), Nasty Plot: 1 (0.0%), Lucky Chant: 1 (0.0%), Leer: 1 (0.0%), Skill Swap: 1 (0.0%), Charge: 1 (0.0%), Spite: 1 (0.0%), Slack Off: 1 (0.0%), Block: 1 (0.0%), Endure: 1 (0.0%), Trick Room: 1 (0.0%), Pain Split: 1 (0.0%), Aromatherapy: 1 (0.0%), Sleep Powder: 1 (0.0%), Worry Seed: 1 (0.0%), Supersonic: 1 (0.0%), Withdraw: 1 (0.0%), Substitute: 1 (0.0%), Magnet Rise: 1 (0.0%), Hail: 1 (0.0%), Aqua Ring: 1 (0.0%), Barrier: 1 (0.0%)",3789,1956,1.94,1263,2.58,4.18,1.72,713,644,407,146,3.32,3993,"Magikarp: 81, Zubat: 74, Pikachu: 72","Sneasel: 46, Luxray: 40, Mr Mime: 35",1,"Damage: 1106, Status: 601, Hazard: 0, Weather: 0, Cleric: 0, Screen: 0, Pass: 0, Debuff: 0, Tailwind: 0",None
BARBOACH,E,Defender,"Water Pulse: 10413 (24.4%), Water Gun: 8011 (18.8%), Amnesia: 7244 (17.0%), Mud Bomb: 6533 (15.3%), Rest: 4290 (10.1%), Magnitude: 3221 (7.6%), Snore: 1791 (4.2%), Water Sport: 1099 (2.6%), Struggle: 10 (0.0%)",4287,11298,0.38,4115,0.74,6.6,3.66,1686,2210,2954,2841,5.38,9216,"Magnemite: 232, Geodude: 181, Magikarp: 156","Golbat: 309, Staraptor: 246, Gyarados: 230",15,"Damage: 4115, Status: 680, Hazard: 0, Weather: 0, Cleric: 0, Screen: 0, Pass: 0, Debuff: 0, Tailwind: 0",None
BASTIODON,C+,Defender,"Metal Burst: 10231 (33.9%), Ancient Power: 8686 (28.8%), Endure: 5400 (17.9%), Block: 3359 (11.1%), Iron Defense: 737 (2.4%), Stone Edge: 706 (2.3%), Struggle: 450 (1.5%), Rest: 377 (1.2%), Taunt: 263 (0.9%)",2743,2844,0.96,1780,1.59,9.04,5.6,599,813,1383,778,3.56,4098,"Magikarp: 75, Zubat: 61, Golbat: 58","Gyarados: 57, Heracross: 49, Seaking: 49",0,"Damage: 1780, Status: 0, Hazard: 0, Weather: 0, Cleric: 0, Screen: 0, Pass: 0, Debuff: 0, Tailwind: 0",None
BAYLEEF,B-,Disrupter,"Synthesis: 7641 (26.1%), Razor Leaf: 6571 (22.5%), Reflect: 5969 (20.4%), Poison Powder: 4845 (16.6%), Magical Leaf: 4224 (14.4%), Struggle: 5 (0.0%)",3655,3011,1.21,1776,1.8,7.63,4.41,1006,2000,1359,0,1.19,5187,"Magnemite: 107, Magikarp: 99, Clefairy: 90","Staraptor: 95, Golbat: 84, Kadabra: 69",0,"Damage: 1329, Status: 1111, Hazard: 0, Weather: 0, Cleric: 0, Screen: 196, Pass: 0, Debuff: 0, Tailwind: 0",None
BEAUTIFLY,D,All-Rounder,"Mega Drain: 11079 (28.8%), Whirlwind: 5993 (15.6%), Attract: 4156 (10.8%), Morning Sun: 4111 (10.7%), Gust: 3342 (8.7%), Bug Buzz: 2080 (5.4%), Giga Drain: 2071 (5.4%), Silver Wind: 2021 (5.3%), Absorb: 1775 (4.6%), Tackle: 910 (2.4%), Poison Sting: 805 (2.1%), Struggle: 79 (0.2%)",4473,6313,0.71,2187,1.05,5.9,2.73,1386,779,1531,513,5.3,8776,"Geodude: 131, Machop: 109, Machoke: 98","Golbat: 176, Gyarados: 145, Staraptor: 142",4,"Damage: 2187, Status: 62, Hazard: 0, Weather: 0, Cleric: 0, Screen: 0, Pass: 0, Debuff: 13, Tailwind: 0",None
BEEDRILL,D-,All-Rounder,"Poison Jab: 28971 (22.1%), Assurance: 28405 (21.7%), Endeavor: 28294 (21.6%), Agility: 25301 (19.3%), Fury Attack: 11416 (8.7%), Bug Bite: 2884 (2.2%), Pin Missile: 1740 (1.3%), Focus Energy: 1637 (1.2%), Twineedle: 1014 (0.8%), U Turn: 528 (0.4%), Swords Dance: 467 (0.4%), Aerial Ace: 327 (0.2%), Struggle: 90 (0.1%)",16657,26202,0.64,8241,0.95,5.1,2.6,5998,4424,5524,5321,5.23,33910,"Pikachu: 502, Zubat: 424, Magikarp: 385","Golbat: 614, Gyarados: 546, Staraptor: 524",40,"Damage: 8241, Status: 1963, Hazard: 0, Weather: 0, Cleric: 0, Screen: 0, Pass: 0, Debuff: 0, Tailwind: 0",None
BELLOSSOM,C-,Disrupter,"Magical Leaf: 20396 (23.8%), Sweet Scent: 18125 (21.1%), Stun Spore: 13643 (15.9%), Mega Drain: 11542 (13.4%), Sunny Day: 10347 (12.1%), Petal Dance: 2705 (3.2%), Solar Beam: 2394 (2.8%), Giga Drain: 2368 (2.8%), Acid: 2220 (2.6%), Attract: 755 (0.9%), Drain Punch: 542 (0.6%), Ingrain: 409 (0.5%), Synthesis: 315 (0.4%), Struggle: 87 (0.1%)",10442,10474,1.0,3264,1.31,6.85,3.24,2523,4056,3211,163,1.88,16066,"Magnemite: 282, Geodude: 205, Seaking: 200","Golbat: 354, Staraptor: 285, Gyarados: 225",7,"Damage: 2828, Status: 1719, Hazard: 0, Weather: 5, Cleric: 0, Screen: 0, Pass: 0, Debuff: 2, Tailwind: 0",None
BELLSPROUT,F,Defender,"Vine Whip: 87661 (79.9%), Growth: 12024 (11.0%), Razor Leaf: 5253 (4.8%), Gastro Acid: 2594 (2.4%), Sweet Scent: 1286 (1.2%), Struggle: 818 (0.7%), Knock Off: 119 (0.1%)",12312,38220,0.32,2719,0.39,6.21,3.88,5808,3143,6223,0,7.66,24874,"Magikarp: 630, Geodude: 489, Pikachu: 475","Golbat: 786, Gyarados: 714, Zubat: 702",5,"Damage: 2719, Status: 0, Hazard: 0, Weather: 0, Cleric: 0, Screen: 0, Pass: 0, Debuff: 0, Tailwind: 0",None
BIBAREL,C-,All-Rounder,"Rollout: 16962 (18.9%), Hyper Fang: 12402 (13.8%), Yawn: 11197 (12.5%), Headbutt: 9661 (10.8%), Take Down: 9287 (10.3%), Water Gun: 9054 (10.1%), Super Fang: 7680 (8.6%), Amnesia: 5881 (6.6%), Defense Curl: 1826 (2.0%), Surf: 1810 (2.0%), Superpower: 1378 (1.5%), Thunderbolt: 889 (1.0%), Ice Beam: 745 (0.8%), Shadow Ball: 413 (0.5%), Double Team: 322 (0.4%), Charge Beam: 210 (0.2%), Struggle: 24 (0.0%)",16738,16158,1.04,4045,1.29,5.01,2.29,3722,7918,4052,2634,-0.19,24287,"Seaking: 307, Magnemite: 306, Clefairy: 296","Gyarados: 377, Machoke: 364, Staraptor: 329",10,"Damage: 3740, Status: 1312, Hazard: 0, Weather: 0, Cleric: 0, Screen: 0, Pass: 0, Debuff: 8, Tailwind: 0",None
BIDOOF,F,All-Rounder,"Tackle: 46767 (63.1%), Growl: 10104 (13.6%), Defense Curl: 8073 (10.9%), Take Down: 2692 (3.6%), Super Fang: 2580 (3.5%), Superpower: 2372 (3.2%), Amnesia: 1440 (1.9%), Struggle: 139 (0.2%)",3001,16875,0.18,2270,0.31,5.31,3.1,2932,6917,4002,0,0.02,17993,"Magikarp: 439, Pikachu: 152, Pichu: 134","Staraptor: 278, Geodude: 266, Clefairy: 257",0,"Damage: 2168, Status: 0, Hazard: 0, Weather: 0, Cleric: 0, Screen: 0, Pass: 0, Debuff: 223, Tailwind: 0",None
BLASTOISE,S-,Attacker,"Surf: 3802 (41.0%), Aqua Tail: 2038 (22.0%), Rain Dance: 1343 (14.5%), Bite: 975 (10.5%), Focus Blast: 593 (6.4%), Blizzard: 354 (3.8%), Flash Cannon: 100 (1.1%), Hydro Cannon: 56 (0.6%), Struggle: 2 (0.0%)",3776,1033,3.66,177,3.83,4.73,1.9,464,638,344,194,1.94,2777,"Machoke: 69, Geodude: 65, Golbat: 63","Roserade: 40, Gyarados: 25, Alakazam: 22",0,"Damage: 177, Status: 0, Hazard: 0, Weather: 0, Cleric: 0, Screen: 0, Pass: 0, Debuff: 6, Tailwind: 0",None
BLISSEY,D+,Disrupter,"Light Screen: 36937 (27.0%), Sing: 24032 (17.6%), Defense Curl: 21233 (15.5%), Softboiled: 11985 (8.8%), Double Edge: 11127 (8.1%), Psychic: 10835 (7.9%), Egg Bomb: 10071 (7.4%), Fling: 9148 (6.7%), Struggle: 641 (0.5%), Counter: 454 (0.3%), Toxic: 136 (0.1%)",5644,6825,0.83,2376,1.18,15.53,7.09,2135,15261,4624,705,-6.01,9804,"Magikarp: 199, Pikachu: 131, Goldeen: 120","Staraptor: 140, Gyarados: 132, Seaking: 103",0,"Damage: 2066, Status: 1194, Hazard: 0, Weather: 0, Cleric: 0, Screen: 239, Pass: 0, Debuff: 10, Tailwind: 0",None
BONSLY,E-,All-Rounder,"Rock Throw: 17353 (31.9%), Low Kick: 14967 (27.5%), Mimic: 7522 (13.8%), Flail: 6501 (12.0%), Block: 4177 (7.7%), Faint Attack: 1919 (3.5%), Rock Tomb: 1875 (3.4%), Struggle: 43 (0.1%), Double Hit: 1 (0.0%)",6540,11816,0.55,1288,0.66,5.84,3.41,2616,4837,3921,1192,2.93,14791,"Zubat: 331, Magikarp: 226, Pikachu: 166","Gyarados: 216, Roselia: 197, Staraptor: 184",11,"Damage: 1279, Status: 23, Hazard: 0, Weather: 0, Cleric: 0, Screen: 0, Pass: 0, Debuff: 46, Tailwind: 0","Tackle: 434 (6.5%), Growl: 267 (4.0%), Quick Attack: 229 (3.4%), Defense Curl: 170 (2.5%), Double Team: 140 (2.1%), Agility: 128 (1.9%), Wing Attack: 123 (1.8%), Slash: 108 (1.6%), Sucker Punch: 106 (1.6%), Leer: 95 (1.4%), Rest: 88 (1.3%), Tail Whip: 86 (1.3%), Fury Swipes: 82 (1.2%), Double Slap: 81 (1.2%), Splash: 80 (1.2%), Bite: 77 (1.1%), Screech: 77 (1.1%), Assurance: 75 (1.1%), Fury Attack: 70 (1.0%), Gust: 69 (1.0%), Slam: 67 (1.0%), Smoke Screen: 66 (1.0%), Sand Attack: 65 (1.0%), Scratch: 65 (1.0%), Feint: 63 (0.9%), Harden: 58 (0.9%), Take Down: 58 (0.9%), Endeavor: 58 (0.9%), Astonish: 57 (0.9%), Endure: 55 (0.8%), Follow Me: 54 (0.8%), Scary Face: 52 (0.8%), Leech Life: 51 (0.8%), Rage: 50 (0.7%), Spark: 50 (0.7%), Night Slash: 48 (0.7%), Protect: 48 (0.7%), Rollout: 46 (0.7%), Rock Polish: 46 (0.7%), Minimize: 46 (0.7%), Confusion: 45 (0.7%), Supersonic: 45 (0.7%), Disable: 45 (0.7%), Roost: 42 (0.6%), Nasty Plot: 41 (0.6%), Pursuit: 41 (0.6%), Double Hit: 40 (0.6%), Charm: 40 (0.6%), Stockpile: 39 (0.6%), Air Cutter: 39 (0.6%), Poison Sting: 38 (0.6%), Sing: 36 (0.5%), Faint Attack: 35 (0.5%), Withdraw: 35 (0.5%), Rock Tomb: 35 (0.5%), Gyro Ball: 35 (0.5%), Double Edge: 34 (0.5%), Curse: 34 (0.5%), Flail: 34 (0.5%), Swift: 33 (0.5%), Aerial Ace: 33 (0.5%), String Shot: 32 (0.5%), Zen Headbutt: 32 (0.5%), Ember: 32 (0.5%), Poison Fang: 32 (0.5%), Thrash: 31 (0.5%), Charge: 31 (0.5%), Confuse Ray: 30 (0.4%), Crunch: 30 (0.4%), Payback: 29 (0.4%), Ice Shard: 27 (0.4%), Peck: 27 (0.4%), Light Screen: 26 (0.4%), Bounce: 25 (0.4%), Mud Slap: 24 (0.4%), Wake Up Slap: 24 (0.4%), Horn Drill: 23 (0.3%), Reflect: 23 (0.3%), Beat Up: 23 (0.3%), Poison Jab: 23 (0.3%), Pound: 23 (0.3%), Captivate: 22 (0.3%), Rapid Spin: 22 (0.3%), Super Fang: 22 (0.3%), Me First: 22 (0.3%), Uproar: 21 (0.3%), Amnesia: 21 (0.3%), Stomp: 20 (0.3%), Safeguard: 20 (0.3%), Bug Bite: 20 (0.3%), Flame Wheel: 19 (0.3%), Lock On: 19 (0.3%), Dizzy Punch: 19 (0.3%), Iron Defense: 19 (0.3%), Meditate: 19 (0.3%), Ice Fang: 18 (0.3%), Aqua Ring: 18 (0.3%), Sweet Scent: 18 (0.3%), Magnet Bomb: 18 (0.3%), Fury Cutter: 18 (0.3%), Sand Tomb: 18 (0.3%), Meteor Mash: 18 (0.3%), Horn Attack: 18 (0.3%), Foresight: 17 (0.3%), Mean Look: 17 (0.3%), Assist: 17 (0.3%), Fly: 17 (0.3%), Icy Wind: 17 (0.3%), Acupressure: 16 (0.2%), Thunder Wave: 16 (0.2%), Fire Fang: 16 (0.2%), Dig: 16 (0.2%), Sludge: 16 (0.2%), Smog: 14 (0.2%), Seismic Toss: 14 (0.2%), Fire Spin: 14 (0.2%), Yawn: 14 (0.2%), Headbutt: 14 (0.2%), Swagger: 13 (0.2%), Icicle Spear: 13 (0.2%), False Swipe: 13 (0.2%), Absorb: 13 (0.2%), Pin Missile: 13 (0.2%), Thunder Shock: 13 (0.2%), Moonlight: 13 (0.2%), Air Slash: 13 (0.2%), Ancient Power: 13 (0.2%), Bide: 13 (0.2%), Pain Split: 13 (0.2%), Mega Drain: 12 (0.2%), Mud Bomb: 12 (0.2%), Tickle: 12 (0.2%), Feather Dance: 12 (0.2%), Psybeam: 12 (0.2%), Bubble Beam: 12 (0.2%), Detect: 12 (0.2%), Hyper Fang: 12 (0.2%), Drill Peck: 11 (0.2%), Metal Claw: 11 (0.2%), Twister: 11 (0.2%), Encore: 11 (0.2%), Water Gun: 10 (0.1%), Pay Day: 10 (0.1%), Acid: 10 (0.1%), Spite: 10 (0.1%), Vine Whip: 10 (0.1%), Karate Chop: 10 (0.1%), Wish: 10 (0.1%), Shadow Sneak: 10 (0.1%), X Scissor: 9 (0.1%), Stun Spore: 9 (0.1%), Rock Slide: 9 (0.1%), Will O Wisp: 9 (0.1%), Night Shade: 9 (0.1%), Camouflage: 9 (0.1%), Mirror Move: 9 (0.1%), Discharge: 9 (0.1%), Cosmic Power: 9 (0.1%), Growth: 8 (0.1%), Dragon Rage: 8 (0.1%), Bind: 8 (0.1%), Thunder Fang: 8 (0.1%), Silver Wind: 8 (0.1%), Calm Mind: 8 (0.1%), Extrasensory: 8 (0.1%), Reversal: 8 (0.1%), Lava Plume: 8 (0.1%), Ice Punch: 8 (0.1%), Mind Reader: 8 (0.1%), Gunk Shot: 7 (0.1%), Egg Bomb: 7 (0.1%), Future Sight: 7 (0.1%), Aqua Tail: 7 (0.1%), Aqua Jet: 7 (0.1%), Mud Sport: 7 (0.1%), Conversion 2: 7 (0.1%), Shadow Ball: 7 (0.1%), Poison Powder: 7 (0.1%), Body Slam: 7 (0.1%), Sludge Bomb: 7 (0.1%), Swords Dance: 7 (0.1%), Recover: 7 (0.1%), Fire Punch: 7 (0.1%), Glare: 7 (0.1%), Tailwind: 7 (0.1%), Dragon Dance: 6 (0.1%), U Turn: 6 (0.1%), Strength: 6 (0.1%), Psywave: 6 (0.1%), Whirlpool: 6 (0.1%), Grudge: 6 (0.1%), Counter: 6 (0.1%), Focus Energy: 6 (0.1%), Role Play: 6 (0.1%), Embargo: 6 (0.1%), Hypnosis: 5 (0.1%), Shadow Punch: 5 (0.1%), Crush Claw: 5 (0.1%), Double Kick: 5 (0.1%), Outrage: 5 (0.1%), Sweet Kiss: 5 (0.1%), Lucky Chant: 5 (0.1%), Water Pulse: 5 (0.1%), Bullet Seed: 5 (0.1%), Aurora Beam: 5 (0.1%), Aromatherapy: 5 (0.1%), Toxic: 5 (0.1%), Tri Attack: 5 (0.1%), Dragon Breath: 5 (0.1%), Skill Swap: 5 (0.1%), Power Gem: 5 (0.1%), Bubble: 4 (0.1%), Thunderbolt: 4 (0.1%), Worry Seed: 4 (0.1%), Flare Blitz: 4 (0.1%), Mud Shot: 4 (0.1%), Shadow Claw: 4 (0.1%), Spike Cannon: 4 (0.1%), Mega Punch: 4 (0.1%), Metal Sound: 4 (0.1%), Cotton Spore: 4 (0.1%), Charge Beam: 4 (0.1%), Revenge: 4 (0.1%), Psychic: 4 (0.1%), Giga Drain: 4 (0.1%), Odor Sleuth: 4 (0.1%), Torment: 4 (0.1%), Brave Bird: 3 (0.0%), Wrap: 3 (0.0%), Extreme Speed: 3 (0.0%), Covet: 3 (0.0%), Bug Buzz: 3 (0.0%), Teeter Dance: 3 (0.0%), Mirror Coat: 3 (0.0%), Softboiled: 3 (0.0%), Gastro Acid: 3 (0.0%), Triple Kick: 3 (0.0%), Lick: 3 (0.0%), Flash: 3 (0.0%), Sleep Powder: 3 (0.0%), Gravity: 3 (0.0%), Hyper Beam: 3 (0.0%), Substitute: 3 (0.0%), Slack Off: 3 (0.0%), Dragon Claw: 3 (0.0%), Cross Chop: 3 (0.0%), Petal Dance: 3 (0.0%), Magnet Rise: 3 (0.0%), Hydro Pump: 3 (0.0%), Flamethrower: 3 (0.0%), Avalanche: 3 (0.0%), Rain Dance: 3 (0.0%), Sandstorm: 3 (0.0%), Thunder Punch: 3 (0.0%), Secret Power: 3 (0.0%), Ice Beam: 2 (0.0%), Submission: 2 (0.0%), Hidden Power: 2 (0.0%), Block: 2 (0.0%), Iron Tail: 2 (0.0%), Kinesis: 2 (0.0%), Present: 2 (0.0%), Earthquake: 2 (0.0%), Magnitude: 2 (0.0%), Spider Web: 2 (0.0%), Synthesis: 2 (0.0%), Belly Drum: 2 (0.0%), Signal Beam: 2 (0.0%), Heat Wave: 2 (0.0%), Fissure: 2 (0.0%), Leaf Blade: 2 (0.0%), Barrier: 2 (0.0%), Iron Head: 1 (0.0%), Razor Leaf: 1 (0.0%), Fake Tears: 1 (0.0%), Defog: 1 (0.0%), Sonic Boom: 1 (0.0%), Jump Kick: 1 (0.0%), Hyper Voice: 1 (0.0%), Ingrain: 1 (0.0%), Seed Bomb: 1 (0.0%), Acid Armor: 1 (0.0%), Attract: 1 (0.0%), Clamp: 1 (0.0%), Vice Grip: 1 (0.0%), Waterfall: 1 (0.0%), Punishment: 1 (0.0%), Leech Seed: 1 (0.0%), Rock Blast: 1 (0.0%), Magical Leaf: 1 (0.0%), Water Sport: 1 (0.0%), Transform: 1 (0.0%), Ominous Wind: 1 (0.0%), Power Trick: 1 (0.0%), Mist: 1 (0.0%), Frustration: 1 (0.0%), Guillotine: 1 (0.0%), Helping Hand: 1 (0.0%), Sunny Day: 1 (0.0%), Leaf Storm: 1 (0.0%), Brick Break: 1 (0.0%), Wring Out: 1 (0.0%), Shock Wave: 1 (0.0%), Heal Bell: 1 (0.0%)"
BRELOOM,A+,Attacker / Disrupter,"Spore: 11101 (29.9%), Seed Bomb: 8830 (23.8%), Mach Punch: 8409 (22.6%), Sky Uppercut: 7472 (20.1%), Stone Edge: 774 (2.1%), Substitute: 277 (0.7%), Focus Punch: 205 (0.6%), Drain Punch: 63 (0.2%), Struggle: 7 (0.0%)",10043,3479,2.89,1513,3.32,5.37,1.4,1554,1514,665,0,1.86,7910,"Seaking: 196, Magnemite: 196, Clefairy: 185","Golbat: 250, Staraptor: 158, Gyarados: 110",3,"Damage: 1331, Status: 1080, Hazard: 0, Weather: 0, Cleric: 0, Screen: 0, Pass: 0, Debuff: 0, Tailwind: 0",None
BRONZONG,S,All-Rounder,"Extrasensory: 17031 (30.1%), Psychic: 7007 (12.4%), Reflect: 4964 (8.8%), Rock Slide: 3676 (6.5%), Light Screen: 3475 (6.1%), Payback: 3116 (5.5%), Faint Attack: 3035 (5.4%), Confuse Ray: 2986 (5.3%), Gyro Ball: 2600 (4.6%), Gravity: 2462 (4.4%), Future Sight: 2183 (3.9%), Block: 1686 (3.0%), Earthquake: 744 (1.3%), Dream Eater: 560 (1.0%), Hypnosis: 559 (1.0%), Calm Mind: 422 (0.7%), Struggle: 23 (0.0%)",15255,4187,3.64,3152,4.4,6.03,3.41,2264,1722,2303,1727,4.81,11508,"Clefairy: 252, Magikarp: 244, Pikachu: 241","Rapidash: 144, Gyarados: 125, Magmar: 78",1,"Damage: 2911, Status: 708, Hazard: 0, Weather: 0, Cleric: 0, Screen: 252, Pass: 0, Debuff: 31, Tailwind: 0",None
BRONZOR,C-,Defender,"Extrasensory: 140047 (38.2%), Safeguard: 37123 (10.1%), Confuse Ray: 33161 (9.0%), Iron Defense: 27547 (7.5%), Hypnosis: 22850 (6.2%), Faint Attack: 21606 (5.9%), Future Sight: 21094 (5.7%), Gyro Ball: 20148 (5.5%), Imprison: 15092 (4.1%), Skill Swap: 11389 (3.1%), Rock Slide: 3906 (1.1%), Reflect: 3165 (0.9%), Shadow Ball: 2887 (0.8%), Rock Tomb: 2480 (0.7%), Light Screen: 2179 (0.6%), Tackle: 1364 (0.4%), Struggle: 818 (0.2%)",25981,32599,0.8,15028,1.26,10.89,6.21,11337,18519,14007,14450,1.83,38031,"Golbat: 618, Magikarp: 505, Zubat: 448","Gyarados: 820, Seaking: 641, Staraptor: 535",22,"Damage: 14145, Status: 4464, Hazard: 0, Weather: 0, Cleric: 0, Screen: 381, Pass: 0, Debuff: 79, Tailwind: 0",None
BUDEW,F+,Disrupter,"Absorb: 50649 (33.5%), Mega Drain: 26552 (17.5%), Stun Spore: 22957 (15.2%), Growth: 18022 (11.9%), Water Sport: 14213 (9.4%), Worry Seed: 8693 (5.7%), Nature Power: 4059 (2.7%), Sludge Bomb: 3533 (2.3%), Giga Drain: 2331 (1.5%), Struggle: 365 (0.2%)",9467,26137,0.36,3570,0.5,7.36,3.63,5132,9846,6876,727,1.35,24931,"Magikarp: 560, Geodude: 440, Onix: 305","Gyarados: 490, Golbat: 480, Zubat: 459",12,"Damage: 3242, Status: 2118, Hazard: 0, Weather: 0, Cleric: 0, Screen: 0, Pass: 0, Debuff: 0, Tailwind: 0",None
BUIZEL,D,All-Rounder,"Aqua Jet: 19760 (26.3%), Quick Attack: 13989 (18.6%), Swift: 12813 (17.1%), Water Gun: 10462 (13.9%), Pursuit: 8873 (11.8%), Sonic Boom: 5323 (7.1%), Attract: 1398 (1.9%), Agility: 1179 (1.6%), Growl: 997 (1.3%), Whirlpool: 307 (0.4%)",10625,20843,0.51,10246,1.0,3.72,1.82,3918,2148,3050,0,6.17,25648,"Geodude: 395, Magikarp: 375, Onix: 309","Golbat: 496, Gyarados: 428, Staraptor: 418",9,"Damage: 10205, Status: 0, Hazard: 0, Weather: 0, Cleric: 0, Screen: 0, Pass: 0, Debuff: 143, Tailwind: 0",None
BULBASAUR,D+,All-Rounder,"Razor Leaf: 8488 (16.3%), Double Edge: 7151 (13.7%), Leech Seed: 5546 (10.6%), Growl: 5011 (9.6%), Take Down: 4542 (8.7%), Seed Bomb: 4156 (8.0%), Vine Whip: 3734 (7.2%), Tackle: 3561 (6.8%), Sludge Bomb: 2911 (5.6%), Worry Seed: 2156 (4.1%), Synthesis: 2055 (3.9%), Sleep Powder: 1265 (2.4%), Toxic: 1071 (2.1%), Poison Powder: 507 (1.0%), Struggle: 10 (0.0%)",6929,11773,0.59,6392,1.13,4.79,2.61,2436,4136,2839,562,2.04,15177,"Magikarp: 260, Pikachu: 198, Goldeen: 177","Golbat: 301, Gyarados: 268, Staraptor: 226",5,"Damage: 5663, Status: 2951, Hazard: 0, Weather: 0, Cleric: 0, Screen: 0, Pass: 0, Debuff: 230, Tailwind: 0",None
BUNEARY,F+,All-Rounder,"Quick Attack: 15294 (28.8%), Endure: 9462 (17.8%), Jump Kick: 8962 (16.9%), Frustration: 8119 (15.3%), Foresight: 4378 (8.2%), Dizzy Punch: 2671 (5.0%), Agility: 2055 (3.9%), Defense Curl: 1549 (2.9%), Shadow Ball: 592 (1.1%), Baton Pass: 73 (0.1%)",5532,13151,0.42,1846,0.56,4.36,2.22,2037,1201,2365,522,5.75,15927,"Magnemite: 182, Pikachu: 169, Zubat: 126","Gyarados: 290, Golbat: 287, Staraptor: 227",0,"Damage: 1830, Status: 142, Hazard: 0, Weather: 0, Cleric: 0, Screen: 0, Pass: 10, Debuff: 8, Tailwind: 0",None
BURMY,F-,Defender,"Tackle: 27206 (49.5%), Protect: 20641 (37.6%), Bug Bite: 3492 (6.4%), Hidden Power: 3448 (6.3%), Struggle: 152 (0.3%)",882,11483,0.08,2218,0.27,7.33,3.45,1893,2526,2311,0,2.93,9138,"Magikarp: 237, Pichu: 73, Caterpie: 32","Pikachu: 203, Geodude: 188, Staraptor: 184",1,"Damage: 2218, Status: 0, Hazard: 0, Weather: 0, Cleric: 0, Screen: 0, Pass: 0, Debuff: 0, Tailwind: 0",None
BUTTERFREE,D-,All-Rounder,"Bug Buzz: 63632 (28.9%), Tailwind: 39493 (18.0%), Safeguard: 35178 (16.0%), Captivate: 19444 (8.8%), Silver Wind: 18877 (8.6%), Gust: 9555 (4.3%), Bug Bite: 9344 (4.2%), Supersonic: 5822 (2.6%), Stun Spore: 4815 (2.2%), Whirlwind: 4241 (1.9%), Psybeam: 3975 (1.8%), Sleep Powder: 2744 (1.2%), Confusion: 2705 (1.2%), Struggle: 110 (0.1%)",31567,42529,0.74,9341,0.96,5.78,2.84,6468,4196,8254,6172,4.59,48652,"Geodude: 722, Pikachu: 690, Magikarp: 589","Golbat: 1220, Gyarados: 1077, Staraptor: 1010",56,"Damage: 8763, Status: 1522, Hazard: 0, Weather: 0, Cleric: 0, Screen: 0, Pass: 0, Debuff: 667, Tailwind: 546",None
CAMERUPT,A-,All-Rounder,"Rock Slide: 3348 (26.6%), Lava Plume: 3124 (24.8%), Earthquake: 2304 (18.3%), Earth Power: 2280 (18.1%), Amnesia: 753 (6.0%), Solar Beam: 441 (3.5%), Sunny Day: 175 (1.4%), Eruption: 159 (1.3%)",5510,2829,1.95,1191,2.37,3.3,1.72,669,701,541,1116,3.69,5530,"Pikachu: 95, Clefairy: 89, Magnemite: 87","Gyarados: 106, Seaking: 74, Golduck: 70",1,"Damage: 1188, Status: 172, Hazard: 0, Weather: 0, Cleric: 0, Screen: 0, Pass: 0, Debuff: 4, Tailwind: 0",None
CARNIVINE,B-,All-Rounder,"Faint Attack: 16529 (23.8%), Wring Out: 10412 (15.0%), Crunch: 8329 (12.0%), Stockpile: 5437 (7.8%), Vine Whip: 5340 (7.7%), Sweet Scent: 4975 (7.2%), Ingrain: 4952 (7.1%), Power Whip: 4390 (6.3%), Giga Drain: 2940 (4.2%), Bite: 1825 (2.6%), Spit Up: 1754 (2.5%), Swallow: 1743 (2.5%), Attract: 760 (1.1%), Struggle: 17 (0.0%)",15328,11545,1.33,5344,1.79,5.03,2.86,3086,1821,3119,1236,6.14,18149,"Pikachu: 338, Magikarp: 324, Zubat: 316","Golbat: 419, Staraptor: 323, Gyarados: 317",2,"Damage: 5339, Status: 0, Hazard: 0, Weather: 0, Cleric: 0, Screen: 0, Pass: 0, Debuff: 147, Tailwind: 0",None
CARVANHA,E+,All-Rounder,"Aqua Jet: 4113 (28.6%), Crunch: 3609 (25.1%), Take Down: 3344 (23.3%), Agility: 3304 (23.0%)",2430,5488,0.44,1838,0.78,4.54,2.56,619,657,593,458,3.69,3497,"Magikarp: 72, Geodude: 63, Pikachu: 61","Golbat: 116, Magnemite: 106, Staraptor: 105",3,"Damage: 1818, Status: 0, Hazard: 0, Weather: 0, Cleric: 0, Screen: 0, Pass: 0, Debuff: 112, Tailwind: 0",None
CASCOON,F,All-Rounder,"Tackle: 2156 (26.9%), Poison Sting: 1969 (24.6%), Harden: 1955 (24.4%), String Shot: 1934 (24.1%)",99,2590,0.04,676,0.3,5.01,2.6,271,538,508,541,2.87,2757,"Butterfree: 6, Ariados: 5, Pichu: 5","Golbat: 64, Pikachu: 45, Gyarados: 42",0,"Damage: 669, Status: 205, Hazard: 0, Weather: 0, Cleric: 0, Screen: 0, Pass: 0, Debuff: 29, Tailwind: 0",None
CATERPIE,F-,Defender,"Tackle: 29533 (55.3%), String Shot: 23810 (44.6%), Struggle: 86 (0.2%)",656,16829,0.04,645,0.08,7.62,4.4,1652,4454,2788,0,-0.02,8576,"Magikarp: 213, Pichu: 54, Ledyba: 19","Geodude: 272, Pikachu: 269, Clefairy: 264",8,"Damage: 645, Status: 0, Hazard: 0, Weather: 0, Cleric: 0, Screen: 0, Pass: 0, Debuff: 3, Tailwind: 0",None
CHANSEY,F-,Defender,"Egg Bomb: 12402 (42.2%), Refresh: 8611 (29.3%), Softboiled: 7460 (25.4%), Struggle: 883 (3.0%)",255,2717,0.09,116,0.14,12.19,6.93,574,3410,1389,0,-4.71,2824,"Magikarp: 25, Pichu: 19, Pikachu: 19","Staraptor: 46, Gyarados: 44, Geodude: 42",0,"Damage: 116, Status: 0, Hazard: 0, Weather: 0, Cleric: 0, Screen: 0, Pass: 0, Debuff: 0, Tailwind: 0",None
CHARIZARD,S-,All-Rounder,"Air Slash: 1532 (41.2%), Flamethrower: 677 (18.2%), Flare Blitz: 520 (14.0%), Fire Fang: 355 (9.5%), Shadow Claw: 246 (6.6%), Dragon Claw: 232 (6.2%), Dragon Pulse: 129 (3.5%), Hyper Beam: 18 (0.5%), Blast Burn: 9 (0.2%)",2066,741,2.79,529,3.5,3.74,1.25,226,195,130,247,4.06,1595,"Heracross: 137, Magneton: 93, Machoke: 78","Heracross: 51, Floatzel: 33, Snorlax: 32",3,"Damage: 529, Status: 26, Hazard: 0, Weather: 0, Cleric: 0, Screen: 0, Pass: 0, Debuff: 0, Tailwind: 0",None
CHARMANDER,D+,All-Rounder,"Fire Fang: 5246 (28.5%), Dragon Rage: 4156 (22.6%), Smoke Screen: 2718 (14.8%), Scary Face: 2316 (12.6%), Flamethrower: 1353 (7.3%), Fire Spin: 1326 (7.2%), Slash: 1304 (7.1%), Struggle: 8 (0.0%)",3385,4536,0.75,1808,1.14,4.18,1.85,584,1330,1958,739,6.08,6026,"Magnemite: 116, Zubat: 97, Magikarp: 88","Golbat: 137, Gyarados: 115, Staraptor: 104",1,"Damage: 1779, Status: 174, Hazard: 0, Weather: 0, Cleric: 0, Screen: 0, Pass: 0, Debuff: 237, Tailwind: 0",None
CHARMELEON,C,All-Rounder,"Ember: 10301 (20.1%), Smoke Screen: 8833 (17.3%), Fire Fang: 8561 (16.7%), Dragon Rage: 7208 (14.1%), Scary Face: 5123 (10.0%), Growl: 4730 (9.2%), Flamethrower: 3840 (7.5%), Slash: 2349 (4.6%), Aerial Ace: 192 (0.4%), Struggle: 10 (0.0%)",8437,8171,1.03,2564,1.35,5.17,2.19,1588,2541,6422,2069,9.47,12906,"Magnemite: 257, Clefairy: 160, Magikarp: 152","Gyarados: 215, Seaking: 175, Staraptor: 174",0,"Damage: 2506, Status: 564, Hazard: 0, Weather: 0, Cleric: 0, Screen: 0, Pass: 0, Debuff: 335, Tailwind: 0",None
CHATOT,D,Attacker / Support,"Uproar: 17887 (15.4%), Fury Attack: 16208 (13.9%), Roost: 14451 (12.4%), Feather Dance: 12695 (10.9%), Chatter: 11956 (10.3%), Sing: 10397 (8.9%), Mimic: 10360 (8.9%), Hyper Voice: 9960 (8.6%), Taunt: 9550 (8.2%), Mirror Move: 2597 (2.2%), Struggle: 379 (0.3%), Wake Up Slap: 5 (0.0%), Double Hit: 3 (0.0%), Nasty Plot: 1 (0.0%)",15608,16150,0.97,1448,1.06,6.16,3.07,4824,8574,4769,159,0.84,22608,"Magikarp: 486, Zubat: 434, Goldeen: 335","Staraptor: 338, Gyarados: 326, Golbat: 316",0,"Damage: 1352, Status: 164, Hazard: 0, Weather: 0, Cleric: 0, Screen: 1, Pass: 0, Debuff: 229, Tailwind: 0","Tackle: 255 (4.2%), Sucker Punch: 224 (3.7%), Quick Attack: 172 (2.9%), Defense Curl: 136 (2.3%), Curse: 128 (2.1%), Growl: 108 (1.8%), Splash: 100 (1.7%), Protect: 94 (1.6%), Bite: 90 (1.5%), Screech: 87 (1.4%), Mega Drain: 87 (1.4%), Leer: 85 (1.4%), Vine Whip: 82 (1.4%), Double Team: 74 (1.2%), Safeguard: 70 (1.2%), Rock Polish: 67 (1.1%), Water Gun: 64 (1.1%), Confusion: 61 (1.0%), Disable: 60 (1.0%), Agility: 60 (1.0%), Double Slap: 59 (1.0%), Supersonic: 58 (1.0%), Harden: 58 (1.0%), Charge: 58 (1.0%), Captivate: 56 (0.9%), Confuse Ray: 56 (0.9%), Reflect: 55 (0.9%), Scary Face: 55 (0.9%), Tail Whip: 54 (0.9%), Faint Attack: 54 (0.9%), Leech Life: 52 (0.9%), Amnesia: 51 (0.8%), Growth: 51 (0.8%), Endure: 50 (0.8%), Charm: 50 (0.8%), Flail: 49 (0.8%), Wish: 49 (0.8%), Sweet Scent: 49 (0.8%), Follow Me: 49 (0.8%), Meditate: 47 (0.8%), Aqua Ring: 44 (0.7%), Detect: 44 (0.7%), Slam: 43 (0.7%), Rest: 43 (0.7%), Nasty Plot: 42 (0.7%), Swift: 41 (0.7%), Poison Sting: 41 (0.7%), Scratch: 40 (0.7%), Minimize: 39 (0.6%), Yawn: 39 (0.6%), Take Down: 39 (0.6%), Worry Seed: 39 (0.6%), Stockpile: 38 (0.6%), Wing Attack: 36 (0.6%), Bide: 36 (0.6%), Cosmic Power: 35 (0.6%), Slash: 34 (0.6%), Assurance: 34 (0.6%), Payback: 34 (0.6%), Rollout: 33 (0.5%), Light Screen: 32 (0.5%), Bug Bite: 32 (0.5%), Gust: 32 (0.5%), Focus Energy: 32 (0.5%), String Shot: 32 (0.5%), Double Edge: 31 (0.5%), Sand Attack: 31 (0.5%), Pursuit: 31 (0.5%), Meteor Mash: 30 (0.5%), Magical Leaf: 29 (0.5%), Wake Up Slap: 29 (0.5%), Bubble: 29 (0.5%), Air Cutter: 29 (0.5%), Bounce: 29 (0.5%), Present: 28 (0.5%), Water Pulse: 28 (0.5%), Calm Mind: 28 (0.5%), Mean Look: 28 (0.5%), Bubble Beam: 27 (0.4%), Rage: 27 (0.4%), Endeavor: 27 (0.4%), Whirlpool: 26 (0.4%), Iron Defense: 25 (0.4%), Feint: 24 (0.4%), Ember: 24 (0.4%), Absorb: 24 (0.4%), Withdraw: 24 (0.4%), Spite: 23 (0.4%), Lucky Chant: 22 (0.4%), Encore: 22 (0.4%), Stun Spore: 21 (0.3%), Fury Swipes: 21 (0.3%), Recover: 21 (0.3%), Lock On: 21 (0.3%), Acupressure: 21 (0.3%), Aerial Ace: 20 (0.3%), Rapid Spin: 20 (0.3%), Beat Up: 19 (0.3%), Smoke Screen: 19 (0.3%), Bug Buzz: 19 (0.3%), Metal Claw: 19 (0.3%), Body Slam: 18 (0.3%), Acid: 17 (0.3%), Silver Wind: 17 (0.3%), Psybeam: 17 (0.3%), Uproar: 16 (0.3%), Stomp: 16 (0.3%), Me First: 16 (0.3%), Double Hit: 16 (0.3%), Hydro Pump: 16 (0.3%), Zen Headbutt: 15 (0.2%), Fury Attack: 15 (0.2%), Teeter Dance: 15 (0.2%), Bullet Seed: 15 (0.2%), Mirror Move: 14 (0.2%), Hypnosis: 14 (0.2%), Mud Sport: 14 (0.2%), Foresight: 13 (0.2%), Smog: 13 (0.2%), Petal Dance: 13 (0.2%), Horn Attack: 13 (0.2%), Psychic: 13 (0.2%), Twister: 12 (0.2%), Sweet Kiss: 12 (0.2%), Low Kick: 12 (0.2%), Swagger: 12 (0.2%), Clamp: 12 (0.2%), Hidden Power: 11 (0.2%), Super Fang: 11 (0.2%), Psywave: 11 (0.2%), Rain Dance: 11 (0.2%), Hyper Fang: 11 (0.2%), Swords Dance: 10 (0.2%), Icy Wind: 10 (0.2%), Horn Drill: 10 (0.2%), Dragon Rage: 10 (0.2%), Camouflage: 10 (0.2%), Seed Bomb: 9 (0.1%), Sing: 9 (0.1%), Rock Throw: 9 (0.1%), Counter: 9 (0.1%), Aromatherapy: 9 (0.1%), Ice Shard: 9 (0.1%), Night Slash: 9 (0.1%), Thrash: 9 (0.1%), Synthesis: 9 (0.1%), Gravity: 8 (0.1%), Sleep Powder: 8 (0.1%), Spark: 8 (0.1%), Gyro Ball: 8 (0.1%), Fury Cutter: 8 (0.1%), Poison Fang: 8 (0.1%), Magnet Bomb: 8 (0.1%), Mind Reader: 8 (0.1%), Air Slash: 8 (0.1%), Pain Split: 8 (0.1%), Iron Tail: 7 (0.1%), Comet Punch: 7 (0.1%), Signal Beam: 7 (0.1%), Glare: 7 (0.1%), Future Sight: 7 (0.1%), Karate Chop: 7 (0.1%), Razor Leaf: 7 (0.1%), Giga Drain: 7 (0.1%), Hyper Beam: 7 (0.1%), Egg Bomb: 6 (0.1%), Gastro Acid: 6 (0.1%), Barrier: 6 (0.1%), Water Sport: 6 (0.1%), Aqua Jet: 6 (0.1%), Peck: 6 (0.1%), Aqua Tail: 6 (0.1%), Seismic Toss: 6 (0.1%), Block: 6 (0.1%), Will O Wisp: 6 (0.1%), Sandstorm: 6 (0.1%), Rock Tomb: 6 (0.1%), Dragon Rush: 6 (0.1%), Toxic Spikes: 6 (0.1%), Moonlight: 6 (0.1%), Constrict: 6 (0.1%), Thunder Shock: 6 (0.1%), Sunny Day: 5 (0.1%), Skill Swap: 5 (0.1%), Tailwind: 5 (0.1%), Dragon Breath: 5 (0.1%), Extrasensory: 5 (0.1%), Grass Whistle: 5 (0.1%), Frustration: 5 (0.1%), Mirror Coat: 5 (0.1%), Fire Fang: 5 (0.1%), Sludge: 5 (0.1%), Swallow: 5 (0.1%), Baton Pass: 5 (0.1%), Fly: 5 (0.1%), Blizzard: 5 (0.1%), Strength: 5 (0.1%), Thunder Wave: 4 (0.1%), Double Kick: 4 (0.1%), Flame Wheel: 4 (0.1%), Revenge: 4 (0.1%), Attract: 4 (0.1%), Earthquake: 4 (0.1%), Feather Dance: 4 (0.1%), Solar Beam: 4 (0.1%), Slack Off: 4 (0.1%), Poison Jab: 4 (0.1%), Pay Day: 4 (0.1%), Pound: 4 (0.1%), Role Play: 4 (0.1%), Tickle: 3 (0.0%), Toxic: 3 (0.0%), Night Shade: 3 (0.0%), Brine: 3 (0.0%), Fire Spin: 3 (0.0%), Lick: 3 (0.0%), Torment: 3 (0.0%), Mist: 3 (0.0%), Dragon Dance: 3 (0.0%), Flash: 3 (0.0%), Tri Attack: 3 (0.0%), Punishment: 3 (0.0%), Bind: 3 (0.0%), Sonic Boom: 2 (0.0%), Ominous Wind: 2 (0.0%), Crush Claw: 2 (0.0%), Secret Power: 2 (0.0%), Drill Peck: 2 (0.0%), Heal Block: 2 (0.0%), Snore: 2 (0.0%), Ingrain: 2 (0.0%), Shadow Ball: 2 (0.0%), Jump Kick: 2 (0.0%), Conversion: 2 (0.0%), Crunch: 2 (0.0%), Discharge: 2 (0.0%), Crabhammer: 1 (0.0%), Mud Bomb: 1 (0.0%), Power Trick: 1 (0.0%), Embargo: 1 (0.0%), Headbutt: 1 (0.0%), Belly Drum: 1 (0.0%), Pin Missile: 1 (0.0%), Vital Throw: 1 (0.0%), Mach Punch: 1 (0.0%), Flamethrower: 1 (0.0%), Ice Punch: 1 (0.0%), Surf: 1 (0.0%), Metal Sound: 1 (0.0%), Muddy Water: 1 (0.0%), Energy Ball: 1 (0.0%), Pluck: 1 (0.0%), Power Swap: 1 (0.0%), Power Gem: 1 (0.0%), U Turn: 1 (0.0%), Acid Armor: 1 (0.0%), Charge Beam: 1 (0.0%), Stone Edge: 1 (0.0%), Brick Break: 1 (0.0%), Fake Tears: 1 (0.0%), Wrap: 1 (0.0%), Odor Sleuth: 1 (0.0%), Reversal: 1 (0.0%), Wring Out: 1 (0.0%), Shock Wave: 1 (0.0%)"
CHERRIM,B,All-Rounder,"Petal Dance: 26835 (31.1%), Magical Leaf: 15445 (17.9%), Solar Beam: 14252 (16.5%), Sunny Day: 11087 (12.8%), Leech Seed: 7131 (8.3%), Take Down: 5945 (6.9%), Worry Seed: 3693 (4.3%), Safeguard: 1770 (2.0%), Grass Knot: 116 (0.1%), Toxic: 69 (0.1%), Struggle: 5 (0.0%)",18676,13577,1.38,7864,1.95,5.02,2.65,3533,3007,3442,0,4.42,22274,"Seaking: 414, Pikachu: 413, Geodude: 411","Golbat: 510, Staraptor: 382, Gyarados: 306",7,"Damage: 7423, Status: 2435, Hazard: 0, Weather: 22, Cleric: 0, Screen: 0, Pass: 0, Debuff: 0, Tailwind: 0",None
CHERUBI,F+,Disrupter,"Tackle: 14761 (33.5%), Magical Leaf: 6751 (15.3%), Leech Seed: 6656 (15.1%), Solar Beam: 4547 (10.3%), Growth: 3240 (7.4%), Take Down: 2495 (5.7%), Sunny Day: 2443 (5.5%), Lucky Chant: 1580 (3.6%), Worry Seed: 1549 (3.5%), Struggle: 25 (0.1%), Helping Hand: 1 (0.0%)",3074,10648,0.29,2871,0.56,4.81,2.8,1428,2682,2309,0,2.28,12419,"Magikarp: 226, Geodude: 129, Pikachu: 118","Zubat: 187, Gyarados: 186, Staraptor: 182",3,"Damage: 2588, Status: 2374, Hazard: 0, Weather: 0, Cleric: 0, Screen: 0, Pass: 0, Debuff: 0, Tailwind: 0",None
CHIKORITA,F-,Attacker,"Tackle: 9919 (54.9%), Growl: 8121 (44.9%), Struggle: 34 (0.2%)",355,2719,0.13,57,0.15,7.86,4.78,563,1264,886,0,0.98,2853,"Magikarp: 74, Bellsprout: 20, Pikachu: 18","Clefairy: 45, Staraptor: 45, Geodude: 44",0,"Damage: 57, Status: 0, Hazard: 0, Weather: 0, Cleric: 0, Screen: 0, Pass: 0, Debuff: 2, Tailwind: 0",None
CHIMCHAR,F+,Attacker / Disrupter,"Leer: 16462 (30.6%), Ember: 16163 (30.0%), Scratch: 12614 (23.4%), Flame Wheel: 4281 (8.0%), Taunt: 4149 (7.7%), Fury Swipes: 125 (0.2%), Struggle: 30 (0.1%)",5638,12808,0.44,514,0.48,4.53,2.61,2006,1731,2590,1259,5.04,15212,"Magikarp: 307, Magnemite: 242, Zubat: 230","Staraptor: 232, Golbat: 219, Gyarados: 202",0,"Damage: 478, Status: 306, Hazard: 0, Weather: 0, Cleric: 0, Screen: 0, Pass: 0, Debuff: 46, Tailwind: 0",None
CHIMECHO,C+,All-Rounder,"Psywave: 11974 (23.2%), Double Edge: 11481 (22.3%), Extrasensory: 11163 (21.7%), Safeguard: 8651 (16.8%), Energy Ball: 2795 (5.4%), Charge Beam: 2579 (5.0%), Shadow Ball: 2213 (4.3%), Heal Bell: 667 (1.3%), Struggle: 4 (0.0%)",8349,9633,0.87,7164,1.61,4.67,2.67,2345,3705,2083,2732,1.46,13065,"Magikarp: 301, Zubat: 222, Clefairy: 207","Gyarados: 231, Golbat: 163, Staraptor: 136",0,"Damage: 7157, Status: 0, Hazard: 0, Weather: 0, Cleric: 2, Screen: 0, Pass: 0, Debuff: 114, Tailwind: 0",None
CHINCHOU,C,Attacker,"Discharge: 1980 (36.3%), Bubble Beam: 1283 (23.5%), Aqua Ring: 1235 (22.7%), Signal Beam: 953 (17.5%)",1508,1208,1.25,95,1.33,4.18,1.77,259,135,204,490,5.73,1994,"Graveler: 52, Gyarados: 49, Seaking: 39","Machoke: 41, Quagsire: 37, Roselia: 25",1,"Damage: 95, Status: 28, Hazard: 0, Weather: 0, Cleric: 0, Screen: 0, Pass: 0, Debuff: 0, Tailwind: 0",None
CHINGLING,D,All-Rounder,"Confusion: 14108 (43.3%), Uproar: 9381 (28.8%), Astonish: 6980 (21.4%), Last Resort: 2108 (6.5%), Struggle: 3 (0.0%)",4237,8218,0.52,3889,0.99,4.34,2.39,1827,756,1598,3025,7.81,9857,"Magikarp: 239, Geodude: 177, Machop: 117","Gyarados: 155, Staraptor: 143, Magnemite: 128",0,"Damage: 3889, Status: 409, Hazard: 0, Weather: 0, Cleric: 0, Screen: 0, Pass: 0, Debuff: 0, Tailwind: 0",None
CLAMPERL,E-,Defender,"Water Gun: 4286 (26.8%), Whirlpool: 4182 (26.1%), Clamp: 4024 (25.1%), Iron Defense: 3521 (22.0%), Struggle: 6 (0.0%)",1292,2504,0.52,295,0.63,6.27,3.98,592,2627,876,0,-6.86,3138,"Magikarp: 65, Geodude: 62, Zubat: 49","Golbat: 49, Pikachu: 47, Roselia: 43",0,"Damage: 295, Status: 0, Hazard: 0, Weather: 0, Cleric: 0, Screen: 0, Pass: 0, Debuff: 0, Tailwind: 0",None
CLAYDOL,A+,Attacker,"Psychic: 14896 (50.3%), Reflect: 3576 (12.1%), Ancient Power: 3013 (10.2%), Light Screen: 2989 (10.1%), Earthquake: 1929 (6.5%), Cosmic Power: 1927 (6.5%), Earth Power: 923 (3.1%), Calm Mind: 358 (1.2%), Struggle: 19 (0.1%)",8696,3123,2.78,721,3.02,5.25,2.67,1171,714,1249,1195,5.53,7153,"Machoke: 239, Golbat: 187, Koffing: 184","Gyarados: 172, Floatzel: 68, Seaking: 67",4,"Damage: 710, Status: 0, Hazard: 0, Weather: 0, Cleric: 0, Screen: 0, Pass: 0, Debuff: 40, Tailwind: 0",None
CLEFABLE,C-,Support,"Metronome: 24116 (15.8%), Double Slap: 20436 (13.4%), Wake Up Slap: 16443 (10.7%), Sing: 16082 (10.5%), Growl: 15126 (9.9%), Gravity: 13213 (8.6%), Meteor Mash: 9408 (6.2%), Encore: 8313 (5.4%), Moonlight: 7428 (4.9%), Blizzard: 5019 (3.3%), Thunder: 4607 (3.0%), Minimize: 4208 (2.8%), Reflect: 3878 (2.5%), Light Screen: 3133 (2.0%), Struggle: 1101 (0.7%), Fire Blast: 286 (0.2%), Calm Mind: 165 (0.1%)",12997,14093,0.92,4658,1.25,8.64,4.03,4046,14628,8391,2624,-1.34,20778,"Pikachu: 307, Magikarp: 299, Geodude: 287","Staraptor: 299, Gyarados: 296, Machoke: 247",1,"Damage: 4026, Status: 895, Hazard: 18, Weather: 33, Cleric: 4, Screen: 389, Pass: 1, Debuff: 239, Tailwind: 0",None
CLEFAIRY,F+,Defender,"Meteor Mash: 143185 (18.3%), Metronome: 90375 (11.5%), Wake Up Slap: 81087 (10.4%), Light Screen: 58195 (7.4%), Follow Me: 58107 (7.4%), Moonlight: 50649 (6.5%), Minimize: 50498 (6.5%), Gravity: 46447 (5.9%), Sing: 39518 (5.1%), Double Slap: 36952 (4.7%), Cosmic Power: 34833 (4.5%), Defense Curl: 29661 (3.8%), Endure: 28178 (3.6%), Encore: 10654 (1.4%), Lucky Chant: 9872 (1.3%), Bounce: 5734 (0.7%), Struggle: 2859 (0.4%), Swagger: 2803 (0.4%), Mimic: 2686 (0.3%), Healing Wish: 186 (0.0%), Nasty Plot: 2 (0.0%)",39047,97510,0.4,16685,0.57,10.78,5.13,18075,51393,93654,27814,6.9,81688,"Magikarp: 1626, Pikachu: 1008, Zubat: 971","Gyarados: 2042, Staraptor: 1827, Golbat: 1590",12,"Damage: 15654, Status: 6512, Hazard: 165, Weather: 179, Cleric: 4, Screen: 79, Pass: 35, Debuff: 411, Tailwind: 2","Tackle: 157 (5.7%), Splash: 80 (2.9%), Quick Attack: 77 (2.8%), Double Team: 76 (2.8%), Agility: 60 (2.2%), Curse: 52 (1.9%), Confusion: 43 (1.6%), Protect: 37 (1.3%), Take Down: 36 (1.3%), Slash: 35 (1.3%), Nasty Plot: 34 (1.2%), Harden: 34 (1.2%), Water Pulse: 33 (1.2%), Defense Curl: 33 (1.2%), Screech: 33 (1.2%), Mud Sport: 33 (1.2%), Follow Me: 33 (1.2%), Faint Attack: 32 (1.2%), Assurance: 32 (1.2%), Water Gun: 30 (1.1%), String Shot: 30 (1.1%), Bubble Beam: 28 (1.0%), Light Screen: 28 (1.0%), Minimize: 27 (1.0%), Rock Polish: 26 (0.9%), Rest: 26 (0.9%), Fury Swipes: 26 (0.9%), Growl: 25 (0.9%), Feint: 25 (0.9%), Uproar: 24 (0.9%), Wing Attack: 24 (0.9%), Payback: 23 (0.8%), Bite: 22 (0.8%), Aerial Ace: 22 (0.8%), Mud Bomb: 21 (0.8%), Tail Whip: 20 (0.7%), Scary Face: 20 (0.7%), Disable: 20 (0.7%), Reflect: 20 (0.7%), Flail: 20 (0.7%), Skill Swap: 19 (0.7%), Dragon Dance: 19 (0.7%), Amnesia: 19 (0.7%), Psychic: 19 (0.7%), Sing: 19 (0.7%), Peck: 19 (0.7%), Meteor Mash: 19 (0.7%), Swift: 19 (0.7%), Fury Attack: 18 (0.7%), Rock Throw: 18 (0.7%), Pursuit: 18 (0.7%), Aqua Ring: 17 (0.6%), Sucker Punch: 17 (0.6%), Charge: 17 (0.6%), Bounce: 17 (0.6%), Air Cutter: 17 (0.6%), Double Edge: 17 (0.6%), Zen Headbutt: 16 (0.6%), Hypnosis: 16 (0.6%), Slam: 16 (0.6%), Iron Defense: 16 (0.6%), Wake Up Slap: 15 (0.5%), Ember: 15 (0.5%), Gust: 15 (0.5%), Night Slash: 14 (0.5%), Supersonic: 14 (0.5%), Horn Drill: 14 (0.5%), Growth: 14 (0.5%), Pound: 13 (0.5%), Thunderbolt: 13 (0.5%), Leer: 13 (0.5%), Thunder Shock: 13 (0.5%), Present: 13 (0.5%), Karate Chop: 13 (0.5%), Twister: 12 (0.4%), Confuse Ray: 12 (0.4%), Roost: 12 (0.4%), Tailwind: 12 (0.4%), Swagger: 11 (0.4%), Wish: 11 (0.4%), Focus Energy: 10 (0.4%), Safeguard: 10 (0.4%), Ice Shard: 10 (0.4%), Lock On: 10 (0.4%), Sludge: 10 (0.4%), Mean Look: 9 (0.3%), Bubble: 9 (0.3%), Poison Jab: 9 (0.3%), Rapid Spin: 9 (0.3%), Horn Attack: 9 (0.3%), Magnet Bomb: 9 (0.3%), Psybeam: 9 (0.3%), Smog: 9 (0.3%), Recover: 9 (0.3%), Aurora Beam: 8 (0.3%), Super Fang: 8 (0.3%), Magical Leaf: 8 (0.3%), Yawn: 8 (0.3%), Withdraw: 8 (0.3%), Petal Dance: 8 (0.3%), Sand Attack: 8 (0.3%), Grudge: 8 (0.3%), Double Hit: 7 (0.3%), Toxic Spikes: 7 (0.3%), Dragon Rush: 7 (0.3%), Rollout: 7 (0.3%), Smoke Screen: 7 (0.3%), Discharge: 7 (0.3%), Camouflage: 7 (0.3%), Mud Shot: 7 (0.3%), Stun Spore: 7 (0.3%), Dig: 7 (0.3%), Worry Seed: 7 (0.3%), Hydro Pump: 7 (0.3%), Endeavor: 7 (0.3%), Spark: 6 (0.2%), Detect: 6 (0.2%), Crunch: 6 (0.2%), Sonic Boom: 6 (0.2%), Spite: 6 (0.2%), Body Slam: 6 (0.2%), Rage: 6 (0.2%), Acupressure: 6 (0.2%), Rock Tomb: 6 (0.2%), Iron Tail: 6 (0.2%), Thunder: 6 (0.2%), Stockpile: 6 (0.2%), Calm Mind: 6 (0.2%), Seed Bomb: 5 (0.2%), Signal Beam: 5 (0.2%), Dragon Pulse: 5 (0.2%), Snore: 5 (0.2%), Cosmic Power: 5 (0.2%), Conversion 2: 5 (0.2%), Hyper Fang: 5 (0.2%), Me First: 5 (0.2%), Thunder Wave: 5 (0.2%), Razor Leaf: 5 (0.2%), Block: 5 (0.2%), Low Kick: 5 (0.2%), Silver Wind: 5 (0.2%), Mega Drain: 5 (0.2%), Moonlight: 5 (0.2%), Swallow: 5 (0.2%), Icy Wind: 5 (0.2%), Mud Slap: 5 (0.2%), Ice Beam: 5 (0.2%), Counter: 5 (0.2%), Guard Swap: 5 (0.2%), Mirror Coat: 5 (0.2%), Power Gem: 5 (0.2%), Defend Order: 5 (0.2%), Gravity: 4 (0.1%), Ice Punch: 4 (0.1%), Endure: 4 (0.1%), Dragon Rage: 4 (0.1%), Bug Buzz: 4 (0.1%), Captivate: 4 (0.1%), Bug Bite: 4 (0.1%), Ice Fang: 4 (0.1%), Cut: 4 (0.1%), Flame Wheel: 4 (0.1%), Sweet Kiss: 3 (0.1%), Sand Tomb: 3 (0.1%), Pay Day: 3 (0.1%), Mirror Move: 3 (0.1%), Dizzy Punch: 3 (0.1%), Tickle: 3 (0.1%), Sleep Powder: 3 (0.1%), Sheer Cold: 3 (0.1%), Meditate: 3 (0.1%), Embargo: 3 (0.1%), Extrasensory: 3 (0.1%), Aqua Jet: 3 (0.1%), Wring Out: 3 (0.1%), Glare: 3 (0.1%), Future Sight: 3 (0.1%), Seismic Toss: 3 (0.1%), Secret Power: 3 (0.1%), Magnitude: 3 (0.1%), Charm: 3 (0.1%), Scratch: 3 (0.1%), Gastro Acid: 3 (0.1%), Shock Wave: 3 (0.1%), Earthquake: 2 (0.1%), Acid: 2 (0.1%), Wood Hammer: 2 (0.1%), Air Slash: 2 (0.1%), Lucky Chant: 2 (0.1%), Flash: 2 (0.1%), Ingrain: 2 (0.1%), Steel Wing: 2 (0.1%), Magnet Rise: 2 (0.1%), Mist: 2 (0.1%), Fire Spin: 2 (0.1%), Sludge Bomb: 2 (0.1%), Egg Bomb: 2 (0.1%), Will O Wisp: 2 (0.1%), Leech Life: 2 (0.1%), False Swipe: 2 (0.1%), Hyper Beam: 2 (0.1%), Extreme Speed: 2 (0.1%), Gunk Shot: 2 (0.1%), Stomp: 2 (0.1%), Charge Beam: 2 (0.1%), Ancient Power: 2 (0.1%), Spider Web: 2 (0.1%), Cross Chop: 2 (0.1%), Vine Whip: 1 (0.0%), Aqua Tail: 1 (0.0%), Force Palm: 1 (0.0%), Energy Ball: 1 (0.0%), Hail: 1 (0.0%), Wrap: 1 (0.0%), Hammer Arm: 1 (0.0%), Focus Blast: 1 (0.0%), Fire Punch: 1 (0.0%), Pin Missile: 1 (0.0%), Grass Whistle: 1 (0.0%), Sweet Scent: 1 (0.0%), Imprison: 1 (0.0%), Thunder Fang: 1 (0.0%), Headbutt: 1 (0.0%), Fake Tears: 1 (0.0%), Tri Attack: 1 (0.0%), Aromatherapy: 1 (0.0%), Feather Dance: 1 (0.0%), Stealth Rock: 1 (0.0%), Flatter: 1 (0.0%), Waterfall: 1 (0.0%), Morning Sun: 1 (0.0%), Sandstorm: 1 (0.0%), Fire Fang: 1 (0.0%), Barrier: 1 (0.0%), Flamethrower: 1 (0.0%)"
CLEFFA,F,Disrupter,"Magical Leaf: 14156 (33.3%), Copycat: 14031 (33.0%), Sweet Kiss: 7533 (17.7%), Sing: 6744 (15.9%), Struggle: 39 (0.1%)",1770,8150,0.22,1773,0.43,6.15,2.23,1106,5737,2414,219,-4.97,9136,"Magikarp: 155, Geodude: 93, Onix: 79","Gyarados: 150, Staraptor: 131, Golbat: 125",3,"Damage: 1604, Status: 1293, Hazard: 0, Weather: 0, Cleric: 0, Screen: 2, Pass: 0, Debuff: 70, Tailwind: 0",None
CLOYSTER,B-,Hazards,"Aurora Beam: 32635 (35.0%), Protect: 18505 (19.8%), Spike Cannon: 13117 (14.1%), Spikes: 7752 (8.3%), Supersonic: 7550 (8.1%), Ice Shard: 4460 (4.8%), Water Pulse: 4363 (4.7%), Attract: 1771 (1.9%), Toxic Spikes: 1551 (1.7%), Withdraw: 1516 (1.6%), Struggle: 19 (0.0%)",17260,12727,1.36,4506,1.71,5.6,2.61,5140,4848,3353,2516,3.66,20975,"Golbat: 369, Clefairy: 308, Machop: 304","Roselia: 277, Gyarados: 272, Machoke: 224",0,"Damage: 3538, Status: 930, Hazard: 1233, Weather: 0, Cleric: 0, Screen: 0, Pass: 0, Debuff: 38, Tailwind: 0",None
COMBEE,E+,All-Rounder,"Gust: 7247 (37.6%), Bug Bite: 7161 (37.1%), Sweet Scent: 4879 (25.3%)",1786,5085,0.35,2277,0.8,4.4,2.23,825,393,895,0,6.58,6048,"Magikarp: 79, Machop: 54, Bellsprout: 54","Gyarados: 121, Golbat: 111, Staraptor: 94",5,"Damage: 2277, Status: 0, Hazard: 0, Weather: 0, Cleric: 0, Screen: 0, Pass: 0, Debuff: 0, Tailwind: 0",None
CORPHISH,D-,All-Rounder,"Crunch: 1321 (25.7%), Night Slash: 1302 (25.4%), Swords Dance: 1268 (24.7%), Crabhammer: 1241 (24.2%)",1290,2236,0.58,723,0.9,3.66,1.88,318,291,307,167,6.12,2817,"Clefairy: 44, Golbat: 27, Goldeen: 26","Golbat: 57, Kadabra: 52, Roselia: 50",0,"Damage: 719, Status: 0, Hazard: 0, Weather: 0, Cleric: 0, Screen: 0, Pass: 0, Debuff: 50, Tailwind: 0",None
CORSOLA,D-,Attacker,"Bubble: 21159 (27.2%), Harden: 12385 (15.9%), Recover: 9752 (12.5%), Bubble Beam: 6881 (8.8%), Ancient Power: 6766 (8.7%), Rock Blast: 6275 (8.1%), Lucky Chant: 3804 (4.9%), Power Gem: 2356 (3.0%), Spike Cannon: 2200 (2.8%), Mirror Coat: 2155 (2.8%), Refresh: 2059 (2.6%), Earth Power: 1563 (2.0%), Aqua Ring: 469 (0.6%), Struggle: 73 (0.1%)",7994,10723,0.75,1001,0.84,10.28,7.0,2995,5469,3745,2905,1.46,8944,"Magnemite: 201, Magikarp: 180, Pikachu: 178","Machoke: 334, Roselia: 291, Staraptor: 214",5,"Damage: 1000, Status: 0, Hazard: 0, Weather: 0, Cleric: 0, Screen: 0, Pass: 0, Debuff: 21, Tailwind: 0",None
CRANIDOS,D,Support,"Zen Headbutt: 3496 (24.0%), Take Down: 2436 (16.7%), Headbutt: 2351 (16.1%), Pursuit: 1848 (12.7%), Assurance: 1558 (10.7%), Screech: 934 (6.4%), Scary Face: 829 (5.7%), Leer: 636 (4.4%), Ancient Power: 491 (3.4%)",4691,5296,0.89,795,1.04,3.51,1.5,642,1292,693,793,0.25,7434,"Machop: 119, Magnemite: 102, Golbat: 83","Machoke: 131, Gyarados: 131, Seaking: 122",2,"Damage: 709, Status: 0, Hazard: 0, Weather: 0, Cleric: 0, Screen: 0, Pass: 0, Debuff: 119, Tailwind: 0",None
CROAGUNK,E+,Disrupter,"Sucker Punch: 57111 (23.4%), Swagger: 30906 (12.7%), Mud Bomb: 30051 (12.3%), Nasty Plot: 27844 (11.4%), Revenge: 23031 (9.4%), Poison Jab: 20908 (8.6%), Faint Attack: 14754 (6.1%), Taunt: 13015 (5.3%), Pursuit: 11114 (4.6%), Poison Sting: 6199 (2.5%), Sludge Bomb: 4593 (1.9%), Flatter: 2398 (1.0%), Mud Slap: 1821 (0.7%), Struggle: 22 (0.0%)",30201,62230,0.49,18813,0.79,4.65,2.39,8236,12326,14218,13579,3.96,68743,"Magikarp: 1109, Magnemite: 875, Pikachu: 716","Golbat: 1589, Staraptor: 1209, Gyarados: 1115",49,"Damage: 17080, Status: 10448, Hazard: 0, Weather: 0, Cleric: 0, Screen: 0, Pass: 0, Debuff: 0, Tailwind: 0",None
CROBAT,A,All-Rounder,"Air Cutter: 11387 (14.8%), Poison Fang: 10716 (14.0%), Wing Attack: 10549 (13.7%), Air Slash: 8759 (11.4%), Confuse Ray: 7777 (10.1%), Mean Look: 4770 (6.2%), Bite: 3815 (5.0%), Cross Poison: 3045 (4.0%), Fly: 2618 (3.4%), Supersonic: 2529 (3.3%), Heat Wave: 2457 (3.2%), Screech: 2179 (2.8%), U Turn: 1883 (2.5%), Double Team: 1434 (1.9%), Toxic: 1120 (1.5%), Shadow Ball: 838 (1.1%), Haze: 725 (0.9%), Quick Attack: 192 (0.2%), Struggle: 15 (0.0%)",17667,8571,2.06,7206,2.9,5.28,2.0,4188,4119,4430,5194,5.56,18009,"Machoke: 418, Golbat: 271, Heracross: 265","Magneton: 232, Gyarados: 225, Floatzel: 218",5,"Damage: 6482, Status: 3413, Hazard: 0, Weather: 0, Cleric: 0, Screen: 0, Pass: 0, Debuff: 271, Tailwind: 0",None
CROCONAW,D+,All-Rounder,"Scary Face: 11149 (54.4%), Bite: 4401 (21.5%), Water Gun: 3346 (16.3%), Ice Fang: 1423 (6.9%), Rage: 157 (0.8%)",3005,3445,0.87,980,1.16,5.71,2.78,553,1831,805,1045,-2.25,4889,"Graveler: 118, Geodude: 103, Kadabra: 85","Magnemite: 76, Gyarados: 63, Golbat: 62",0,"Damage: 961, Status: 9, Hazard: 0, Weather: 0, Cleric: 0, Screen: 0, Pass: 0, Debuff: 62, Tailwind: 0",None
CUBONE,E,Attacker,"Thrash: 3720 (21.9%), Headbutt: 3591 (21.1%), Bone Club: 2313 (13.6%), Rage: 1849 (10.9%), False Swipe: 1778 (10.5%), Focus Energy: 1597 (9.4%), Bonemerang: 1127 (6.6%), Leer: 1037 (6.1%)",2537,4149,0.61,282,0.68,5.11,2.57,1358,938,825,948,7.04,5376,"Magnemite: 141, Zubat: 121, Pikachu: 85","Golbat: 113, Gyarados: 99, Machoke: 67",3,"Damage: 264, Status: 0, Hazard: 0, Weather: 0, Cleric: 0, Screen: 0, Pass: 0, Debuff: 18, Tailwind: 0",None
CYNDAQUIL,F-,Attacker,"Tackle: 5389 (34.8%), Leer: 5366 (34.7%), Smoke Screen: 4699 (30.4%), Struggle: 18 (0.1%)",399,2763,0.14,28,0.15,6.27,2.63,284,832,3599,0,16.0,2906,"Magikarp: 90, Zubat: 18, Pichu: 18","Staraptor: 46, Clefairy: 46, Pikachu: 46",0,"Damage: 23, Status: 0, Hazard: 0, Weather: 0, Cleric: 0, Screen: 0, Pass: 0, Debuff: 7, Tailwind: 0",None
DELCATTY,B+,All-Rounder,"Double Edge: 6874 (62.7%), Fake Out: 2447 (22.3%), Faint Attack: 834 (7.6%), Captivate: 338 (3.1%), Assist: 253 (2.3%), Calm Mind: 192 (1.8%), Baton Pass: 18 (0.2%)",3292,2116,1.56,1449,2.24,3.86,1.48,653,150,344,2376,7.51,3332,"Zubat: 77, Magikarp: 74, Clefairy: 69","Staraptor: 59, Machoke: 47, Gyarados: 43",0,"Damage: 1408, Status: 1, Hazard: 0, Weather: 0, Cleric: 0, Screen: 0, Pass: 31, Debuff: 14, Tailwind: 0",None
DELIBIRD,E-,All-Rounder,"Present: 40700 (84.1%), Aerial Ace: 3483 (7.2%), Avalanche: 3063 (6.3%), Struggle: 1162 (2.4%)",2129,11951,0.18,5130,0.61,4.41,2.55,2465,6232,2184,0,-3.13,13038,"Magikarp: 135, Zubat: 65, Pikachu: 54","Magnemite: 234, Staraptor: 190, Geodude: 189",0,"Damage: 5130, Status: 0, Hazard: 0, Weather: 0, Cleric: 0, Screen: 0, Pass: 0, Debuff: 0, Tailwind: 0",None
DEWGONG,B,Attacker,"Dive: 26592 (20.1%), Ice Shard: 24321 (18.4%), Rest: 17892 (13.5%), Aurora Beam: 12703 (9.6%), Take Down: 8741 (6.6%), Ice Beam: 7254 (5.5%), Sheer Cold: 7058 (5.3%), Aqua Tail: 6541 (4.9%), Brine: 6494 (4.9%), Aqua Ring: 5207 (3.9%), Encore: 4604 (3.5%), Safeguard: 2965 (2.2%), Sleep Talk: 1972 (1.5%), Struggle: 164 (0.1%)",20551,12364,1.66,2804,1.89,8.55,4.75,4525,10069,16361,1404,7.25,21628,"Golbat: 396, Magnemite: 395, Pikachu: 391","Gyarados: 282, Machoke: 275, Staraptor: 231",2,"Damage: 2800, Status: 47, Hazard: 0, Weather: 0, Cleric: 0, Screen: 0, Pass: 0, Debuff: 9, Tailwind: 0",None
DIGLETT,F+,All-Rounder,"Sand Attack: 12841 (23.5%), Growl: 10463 (19.2%), Scratch: 8563 (15.7%), Astonish: 7611 (14.0%), Magnitude: 6610 (12.1%), Sucker Punch: 5682 (10.4%), Dig: 1502 (2.8%), Earth Power: 816 (1.5%), Mud Slap: 404 (0.7%), Struggle: 35 (0.1%)",3468,14575,0.24,3205,0.46,5.54,1.97,1638,1839,9486,2419,14.58,13040,"Magikarp: 233, Magnemite: 169, Pikachu: 131","Golbat: 245, Gyarados: 223, Clefairy: 207",27,"Damage: 3042, Status: 0, Hazard: 0, Weather: 0, Cleric: 0, Screen: 0, Pass: 0, Debuff: 401, Tailwind: 0",None
DITTO,F-,All-Rounder,"Transform: 9746 (99.5%), Struggle: 50 (0.5%)",5,2197,0.0,310,0.14,1.81,0.58,1,0,524,0,5.09,11762,"Murkrow: 1, Kricketune: 1, Croagunk: 1","Golbat: 241, Staraptor: 209, Gyarados: 189",0,"Damage: 276, Status: 107, Hazard: 3, Weather: 0, Cleric: 0, Screen: 0, Pass: 0, Debuff: 8, Tailwind: 0",None
DODRIO,D,Attacker,"Tri Attack: 8909 (25.8%), Acupressure: 7397 (21.4%), Uproar: 7286 (21.1%), Agility: 4219 (12.2%), Pursuit: 4219 (12.2%), Drill Peck: 1355 (3.9%), Endeavor: 1178 (3.4%)",6035,6768,0.89,737,1.0,5.69,2.82,1290,452,2615,0,9.29,7678,"Golbat: 157, Pikachu: 113, Machop: 110","Gyarados: 183, Staraptor: 165, Magnemite: 135",2,"Damage: 737, Status: 0, Hazard: 0, Weather: 0, Cleric: 0, Screen: 0, Pass: 0, Debuff: 0, Tailwind: 0",None
DODUO,F+,Defender,"Acupressure: 9593 (14.6%), Double Hit: 9526 (14.5%), Uproar: 9491 (14.5%), Quick Attack: 8196 (12.5%), Growl: 6694 (10.2%), Fury Attack: 6553 (10.0%), Rage: 6394 (9.8%), Agility: 4883 (7.4%), Pursuit: 4232 (6.5%), Struggle: 1 (0.0%)",5854,17714,0.33,3442,0.52,8.0,4.31,3070,3100,4540,0,6.43,9893,"Magikarp: 241, Zubat: 153, Clefairy: 134","Golbat: 384, Staraptor: 326, Gyarados: 323",5,"Damage: 3438, Status: 0, Hazard: 0, Weather: 0, Cleric: 0, Screen: 0, Pass: 0, Debuff: 13, Tailwind: 0",None
DONPHAN,C+,Support,"Scary Face: 1936 (33.0%), Giga Impact: 1598 (27.3%), Earthquake: 1528 (26.1%), Assurance: 797 (13.6%)",2045,1617,1.26,449,1.54,4.11,2.08,264,502,303,0,1.05,2584,"Magnemite: 69, Magneton: 66, Seaking: 65","Gyarados: 55, Seaking: 49, Floatzel: 48",0,"Damage: 415, Status: 0, Hazard: 0, Weather: 0, Cleric: 0, Screen: 0, Pass: 0, Debuff: 100, Tailwind: 0",None
DRAGONAIR,A-,Attacker,"Aqua Tail: 10754 (19.3%), Dragon Rage: 7346 (13.2%), Slam: 6355 (11.4%), Thunder: 6300 (11.3%), Dragon Rush: 5183 (9.3%), Iron Tail: 3267 (5.9%), Agility: 3051 (5.5%), Surf: 2363 (4.2%), Thunder Wave: 2233 (4.0%), Outrage: 1974 (3.5%), Thunderbolt: 1882 (3.4%), Dragon Pulse: 1504 (2.7%), Dragon Dance: 1238 (2.2%), Flamethrower: 1138 (2.0%), Safeguard: 633 (1.1%), Fire Blast: 542 (1.0%)",16696,7675,2.18,2559,2.51,4.32,2.0,2024,7844,2169,943,-6.28,16063,"Magnemite: 352, Gyarados: 281, Golbat: 264","Gyarados: 221, Staraptor: 194, Machoke: 153",5,"Damage: 2117, Status: 905, Hazard: 0, Weather: 0, Cleric: 0, Screen: 0, Pass: 0, Debuff: 2, Tailwind: 0",None
DRAGONITE,S,Attacker,"Fly: 14296 (39.9%), Dragon Rush: 8791 (24.5%), Thunder: 4223 (11.8%), Wing Attack: 2372 (6.6%), Dragon Dance: 1901 (5.3%), Safeguard: 1239 (3.5%), Twister: 609 (1.7%), Draco Meteor: 484 (1.3%), Outrage: 404 (1.1%), Fire Punch: 337 (0.9%), Protect: 269 (0.7%), Hyper Beam: 220 (0.6%), Dragon Breath: 211 (0.6%), Fire Blast: 210 (0.6%), Thunder Wave: 158 (0.4%), Blizzard: 143 (0.4%)",13540,2380,5.69,508,5.9,5.02,1.81,1272,4458,6572,446,7.97,7881,"Seaking: 229, Magnemite: 225, Pikachu: 208","Gyarados: 75, Graveler: 54, Snorlax: 53",2,"Damage: 498, Status: 41, Hazard: 0, Weather: 0, Cleric: 0, Screen: 0, Pass: 0, Debuff: 0, Tailwind: 0",None
DRAPION,S,Attacker,"Crunch: 8456 (49.9%), Cross Poison: 3762 (22.2%), Aerial Ace: 1948 (11.5%), X Scissor: 1394 (8.2%), Ice Fang: 1063 (6.3%), Swords Dance: 224 (1.3%), Confuse Ray: 98 (0.6%)",6518,1604,4.06,526,4.39,4.59,2.08,1216,377,593,1440,8.16,4276,"Golbat: 159, Pikachu: 112, Magnemite: 98","Magneton: 67, Gyarados: 51, Snorlax: 48",0,"Damage: 505, Status: 79, Hazard: 0, Weather: 0, Cleric: 0, Screen: 0, Pass: 0, Debuff: 16, Tailwind: 0",None
DRATINI,C-,All-Rounder,"Dragon Rush: 18213 (29.4%), Outrage: 10811 (17.4%), Headbutt: 5836 (9.4%), Agility: 5292 (8.5%), Dragon Dance: 4488 (7.2%), Aqua Tail: 4233 (6.8%), Twister: 3956 (6.4%), Thunderbolt: 3505 (5.7%), Thunder Wave: 1761 (2.8%), Slam: 1758 (2.8%), Safeguard: 1635 (2.6%), Surf: 411 (0.7%), Hyper Beam: 113 (0.2%)",15114,14915,1.01,4115,1.29,4.08,2.41,2797,6540,2660,3402,-1.61,16713,"Magikarp: 410, Clefairy: 358, Zubat: 351","Gyarados: 393, Staraptor: 342, Golbat: 335",2,"Damage: 4115, Status: 17, Hazard: 0, Weather: 0, Cleric: 0, Screen: 0, Pass: 0, Debuff: 0, Tailwind: 0",None
DRIFBLIM,B+,All-Rounder,"Shadow Ball: 19099 (24.2%), Ominous Wind: 16936 (21.4%), Baton Pass: 9370 (11.9%), Fly: 8640 (10.9%), Gust: 4958 (6.3%), Thunderbolt: 4306 (5.4%), Stockpile: 4253 (5.4%), Explosion: 3857 (4.9%), Spit Up: 1719 (2.2%), Substitute: 1382 (1.7%), Swallow: 1312 (1.7%), Toxic: 778 (1.0%), Destiny Bond: 760 (1.0%), Psychic: 568 (0.7%), Protect: 501 (0.6%), Silver Wind: 378 (0.5%), Struggle: 200 (0.3%)",23073,12232,1.89,5009,2.3,4.79,1.38,3134,1517,5799,3658,8.72,24255,"Machoke: 512, Machop: 339, Seaking: 336","Sneasel: 281, Gyarados: 261, Magneton: 202",17,"Damage: 4580, Status: 390, Hazard: 0, Weather: 0, Cleric: 0, Screen: 0, Pass: 226, Debuff: 140, Tailwind: 0",None
DRIFLOON,E+,Defender,"Stockpile: 29165 (28.6%), Payback: 15683 (15.4%), Spit Up: 12393 (12.1%), Gust: 11599 (11.4%), Baton Pass: 8127 (8.0%), Swallow: 6587 (6.5%), Ominous Wind: 6331 (6.2%), Minimize: 5453 (5.3%), Astonish: 3548 (3.5%), Focus Energy: 2556 (2.5%), Struggle: 600 (0.6%)",9392,15547,0.6,2987,0.8,7.16,2.59,3804,1933,10151,1470,10.73,18647,"Zubat: 240, Magikarp: 221, Koffing: 187","Golbat: 334, Gyarados: 333, Magnemite: 290",6,"Damage: 2864, Status: 0, Hazard: 0, Weather: 0, Cleric: 0, Screen: 0, Pass: 123, Debuff: 0, Tailwind: 0",None
DROWZEE,D+,Defender,"Hypnosis: 22578 (23.8%), Confusion: 17781 (18.8%), Disable: 16710 (17.6%), Dream Eater: 13520 (14.3%), Headbutt: 11485 (12.1%), Nasty Plot: 4052 (4.3%), Psychic: 3293 (3.5%), Zen Headbutt: 3278 (3.5%), Future Sight: 1993 (2.1%), Struggle: 19 (0.0%)",9730,12691,0.77,4640,1.13,6.6,2.79,2903,14995,3111,4861,-9.25,16810,"Magikarp: 390, Geodude: 255, Clefairy: 236","Gyarados: 281, Staraptor: 232, Magnemite: 200",0,"Damage: 4542, Status: 1769, Hazard: 0, Weather: 0, Cleric: 0, Screen: 0, Pass: 0, Debuff: 44, Tailwind: 0",None
DUGTRIO,C,All-Rounder,"Slash: 17401 (20.9%), Sucker Punch: 11412 (13.7%), Earth Power: 9315 (11.2%), Mud Bomb: 7874 (9.4%), Dig: 7190 (8.6%), Sand Attack: 7103 (8.5%), Earthquake: 5526 (6.6%), Growl: 5119 (6.1%), Fissure: 3496 (4.2%), Sand Tomb: 3172 (3.8%), Magnitude: 3055 (3.7%), Night Slash: 1370 (1.6%), Astonish: 996 (1.2%), Mud Slap: 392 (0.5%), Struggle: 21 (0.0%)",18673,16367,1.14,5045,1.45,3.98,1.51,4470,6196,12374,2356,11.18,27058,"Magnemite: 548, Pikachu: 440, Geodude: 380","Gyarados: 435, Staraptor: 347, Golbat: 333",19,"Damage: 4999, Status: 0, Hazard: 0, Weather: 0, Cleric: 0, Screen: 0, Pass: 0, Debuff: 138, Tailwind: 0",None
DUNSPARCE,E,Attacker / Disrupter,"Defense Curl: 27874 (43.8%), Rollout: 24148 (37.9%), Yawn: 5984 (9.4%), Glare: 5630 (8.8%), Struggle: 20 (0.0%)",4373,6464,0.68,160,0.7,17.51,9.61,1210,5378,2206,0,-2.98,3575,"Golbat: 91, Magikarp: 89, Zubat: 87","Staraptor: 140, Machop: 118, Machoke: 111",1,"Damage: 105, Status: 146, Hazard: 0, Weather: 0, Cleric: 0, Screen: 0, Pass: 0, Debuff: 0, Tailwind: 0",None
DUSCLOPS,B-,Disrupter,"Shadow Punch: 7226 (22.6%), Will O Wisp: 6788 (21.3%), Shadow Sneak: 6056 (19.0%), Mean Look: 3669 (11.5%), Payback: 3537 (11.1%), Curse: 3507 (11.0%), Pursuit: 651 (2.0%), Confuse Ray: 496 (1.6%), Struggle: 1 (0.0%)",3992,5083,0.79,4722,1.71,5.2,2.59,1041,2356,1344,0,0.09,7647,"Magikarp: 131, Zubat: 93, Pikachu: 86","Graveler: 104, Gyarados: 101, Golbat: 90",1,"Damage: 3788, Status: 2810, Hazard: 0, Weather: 0, Cleric: 0, Screen: 0, Pass: 0, Debuff: 0, Tailwind: 0",None
DUSKNOIR,B+,Disrupter,"Shadow Punch: 6907 (22.5%), Ice Punch: 4804 (15.7%), Thunder Punch: 4680 (15.3%), Fire Punch: 4666 (15.2%), Payback: 2630 (8.6%), Will O Wisp: 2198 (7.2%), Mean Look: 1888 (6.2%), Curse: 918 (3.0%), Shadow Ball: 487 (1.6%), Rock Slide: 431 (1.4%), Double Team: 374 (1.2%), Protect: 348 (1.1%), Pain Split: 157 (0.5%), Substitute: 152 (0.5%)",7973,4515,1.77,1548,2.11,4.93,2.32,1454,1364,1521,964,4.93,8610,"Magnemite: 142, Magikarp: 134, Geodude: 128","Gyarados: 110, Sneasel: 97, Heracross: 86",1,"Damage: 1215, Status: 813, Hazard: 0, Weather: 0, Cleric: 0, Screen: 0, Pass: 0, Debuff: 10, Tailwind: 0",None
DUSKULL,C-,Disrupter,"Pursuit: 12864 (35.0%), Shadow Sneak: 9639 (26.2%), Astonish: 4274 (11.6%), Will O Wisp: 3859 (10.5%), Future Sight: 3470 (9.4%), Confuse Ray: 2626 (7.1%), Struggle: 72 (0.2%)",2068,5151,0.4,4286,1.23,6.96,2.76,1567,2231,1401,1048,1.99,6429,"Magikarp: 100, Pikachu: 71, Zubat: 58","Gyarados: 109, Golbat: 90, Staraptor: 88",0,"Damage: 4088, Status: 2720, Hazard: 0, Weather: 0, Cleric: 0, Screen: 0, Pass: 0, Debuff: 0, Tailwind: 0",None
DUSTOX,D+,Defender,"Protect: 19257 (21.0%), Gust: 13075 (14.2%), Confusion: 12658 (13.8%), Psybeam: 9751 (10.6%), Moonlight: 8693 (9.5%), Whirlwind: 5666 (6.2%), Bug Buzz: 5434 (5.9%), Silver Wind: 5171 (5.6%), Tackle: 3629 (4.0%), Poison Sting: 3516 (3.8%), Light Screen: 2696 (2.9%), Toxic: 2178 (2.4%), Struggle: 85 (0.1%)",5961,9725,0.61,5712,1.2,8.4,4.23,3201,2419,3286,3689,4.26,12860,"Magikarp: 252, Zubat: 184, Machop: 180","Golbat: 251, Gyarados: 216, Staraptor: 190",1,"Damage: 5365, Status: 1920, Hazard: 0, Weather: 0, Cleric: 0, Screen: 201, Pass: 0, Debuff: 115, Tailwind: 0",None
EEVEE,E,Defender,"Sand Attack: 14501 (26.3%), Growl: 13891 (25.2%), Quick Attack: 12761 (23.2%), Tackle: 9932 (18.0%), Bite: 3218 (5.8%), Helping Hand: 750 (1.4%), Struggle: 10 (0.0%)",3404,10076,0.34,3543,0.69,6.14,2.43,1516,2668,9971,754,13.53,12298,"Zubat: 123, Pikachu: 114, Croagunk: 83","Gyarados: 208, Golbat: 194, Machoke: 172",2,"Damage: 3402, Status: 0, Hazard: 0, Weather: 0, Cleric: 0, Screen: 0, Pass: 0, Debuff: 462, Tailwind: 0",None
EKANS,E,Support,"Bite: 13438 (29.0%), Acid: 6167 (13.3%), Leer: 6057 (13.1%), Wrap: 6001 (12.9%), Screech: 5991 (12.9%), Poison Sting: 5698 (12.3%), Glare: 3052 (6.6%)",3417,10158,0.34,3403,0.67,6.34,3.33,1716,4056,1959,5164,-0.83,9511,"Magikarp: 149, Zubat: 110, Pikachu: 108","Gyarados: 205, Staraptor: 189, Golbat: 177",1,"Damage: 2407, Status: 1252, Hazard: 0, Weather: 0, Cleric: 0, Screen: 0, Pass: 0, Debuff: 1606, Tailwind: 0",None
ELECTABUZZ,S-,All-Rounder,"Thunderbolt: 26013 (31.3%), Discharge: 10474 (12.6%), Light Screen: 9555 (11.5%), Thunder Punch: 8417 (10.1%), Shock Wave: 6450 (7.8%), Iron Tail: 5790 (7.0%), Quick Attack: 5714 (6.9%), Swift: 4190 (5.0%), Thunder: 2293 (2.8%), Thunder Wave: 2210 (2.7%), Screech: 1775 (2.1%), Low Kick: 244 (0.3%)",30716,9890,3.11,6633,3.78,3.91,1.5,4273,5534,3021,4825,1.99,25051,"Golbat: 727, Gyarados: 646, Seaking: 576","Quagsire: 325, Graveler: 324, Machoke: 180",6,"Damage: 5990, Status: 2516, Hazard: 0, Weather: 0, Cleric: 0, Screen: 259, Pass: 0, Debuff: 209, Tailwind: 0",None
ELECTIVIRE,S,All-Rounder,"Thunderbolt: 6696 (38.2%), Quick Attack: 2918 (16.6%), Thunder Punch: 1530 (8.7%), Thunder Wave: 1507 (8.6%), Swift: 1424 (8.1%), Fire Punch: 1148 (6.5%), Brick Break: 885 (5.0%), Cross Chop: 655 (3.7%), Earthquake: 394 (2.2%), Ice Punch: 286 (1.6%), Giga Impact: 89 (0.5%)",7098,1933,3.67,1609,4.5,4.21,1.45,962,530,457,512,4.97,5089,"Golbat: 121, Pikachu: 112, Clefairy: 108","Heracross: 86, Quagsire: 72, Graveler: 58",1,"Damage: 1517, Status: 514, Hazard: 0, Weather: 0, Cleric: 0, Screen: 0, Pass: 0, Debuff: 0, Tailwind: 0",None
ELECTRIKE,E-,All-Rounder,"Shock Wave: 1739 (35.2%), Thunder Fang: 1688 (34.2%), Roar: 872 (17.7%), Thunder Wave: 641 (13.0%)",685,1696,0.4,349,0.61,3.98,1.55,208,179,213,253,5.15,2125,"Machoke: 21, Clefairy: 21, Beedrill: 18","Machoke: 48, Roselia: 40, Magmar: 33",0,"Damage: 318, Status: 153, Hazard: 0, Weather: 0, Cleric: 0, Screen: 0, Pass: 0, Debuff: 0, Tailwind: 0",None
ELECTRODE,C+,All-Rounder,"Thunder: 19154 (16.2%), Swift: 18049 (15.2%), Charge Beam: 17105 (14.4%), Rollout: 9737 (8.2%), Screech: 9688 (8.2%), Shock Wave: 8268 (7.0%), Double Team: 8153 (6.9%), Light Screen: 5195 (4.4%), Magnet Rise: 4899 (4.1%), Rain Dance: 3771 (3.2%), Mirror Coat: 3089 (2.6%), Thunderbolt: 2734 (2.3%), Charge: 2491 (2.1%), Explosion: 2298 (1.9%), Thunder Wave: 1217 (1.0%), Selfdestruct: 1200 (1.0%), Sonic Boom: 713 (0.6%), Hyper Beam: 320 (0.3%), Endure: 298 (0.3%)",24704,19412,1.27,4752,1.52,5.61,2.56,4353,10264,8748,10523,2.29,24309,"Golbat: 660, Gyarados: 548, Magnemite: 438","Quagsire: 372, Graveler: 348, Machoke: 286",59,"Damage: 4518, Status: 689, Hazard: 0, Weather: 0, Cleric: 0, Screen: 47, Pass: 0, Debuff: 144, Tailwind: 0",None
ELEKID,E,All-Rounder,"Swift: 3454 (28.1%), Low Kick: 3387 (27.5%), Shock Wave: 2758 (22.4%), Thunder Shock: 2708 (22.0%)",1655,2588,0.64,296,0.75,4.39,2.19,783,137,468,210,8.72,3207,"Magikarp: 81, Zubat: 70, Geodude: 51","Gyarados: 44, Golbat: 43, Seaking: 40",0,"Damage: 296, Status: 101, Hazard: 0, Weather: 0, Cleric: 0, Screen: 0, Pass: 0, Debuff: 0, Tailwind: 0",None
EMPOLEON,S-,Attacker,"Hydro Pump: 9625 (31.2%), Drill Peck: 6372 (20.7%), Aqua Jet: 5694 (18.5%), Brine: 2315 (7.5%), Mist: 1395 (4.5%), Metal Claw: 1315 (4.3%), Bubble Beam: 1148 (3.7%), Aerial Ace: 722 (2.3%), Shadow Claw: 591 (1.9%), Swagger: 444 (1.4%), Whirlpool: 362 (1.2%), Blizzard: 324 (1.1%), Ice Beam: 212 (0.7%), Growl: 181 (0.6%), Roar: 95 (0.3%), Fury Attack: 41 (0.1%)",12147,3481,3.49,1120,3.81,4.65,2.2,1568,3161,1246,163,-1.12,8784,"Rapidash: 260, Golbat: 258, Magmar: 226","Heracross: 210, Gyarados: 101, Machamp: 92",5,"Damage: 1093, Status: 152, Hazard: 0, Weather: 0, Cleric: 0, Screen: 0, Pass: 0, Debuff: 8, Tailwind: 0",None
ESPEON,S-,Attacker,"Psychic: 15216 (27.2%), Psybeam: 10158 (18.1%), Swift: 7295 (13.0%), Quick Attack: 6738 (12.0%), Confusion: 6189 (11.0%), Sand Attack: 3348 (6.0%), Shadow Ball: 2756 (4.9%), Calm Mind: 1637 (2.9%), Future Sight: 1277 (2.3%), Signal Beam: 446 (0.8%), Skill Swap: 301 (0.5%), Last Resort: 282 (0.5%), Helping Hand: 234 (0.4%), Psych Up: 133 (0.2%), Baton Pass: 7 (0.0%), Struggle: 2 (0.0%)",22666,6522,3.48,2461,3.85,3.98,1.46,2924,830,3800,1620,9.78,16785,"Magnemite: 406, Golbat: 374, Clefairy: 330","Gyarados: 211, Sneasel: 206, Staraptor: 146",1,"Damage: 2429, Status: 361, Hazard: 0, Weather: 0, Cleric: 0, Screen: 0, Pass: 4, Debuff: 69, Tailwind: 0",None
EXEGGCUTE,C-,All-Rounder,"Psychic: 16746 (39.1%), Hypnosis: 5946 (13.9%), Confusion: 4258 (9.9%), Solar Beam: 3384 (7.9%), Worry Seed: 3218 (7.5%), Dream Eater: 3155 (7.4%), Sleep Powder: 1957 (4.6%), Stun Spore: 1362 (3.2%), Leech Seed: 1053 (2.5%), Barrage: 805 (1.9%), Skill Swap: 605 (1.4%), Grass Knot: 249 (0.6%), Poison Powder: 62 (0.1%), Natural Gift: 56 (0.1%), Struggle: 10 (0.0%)",8581,8712,0.98,2710,1.3,5.46,2.75,1632,4529,1823,1215,-2.48,10334,"Machoke: 178, Magikarp: 168, Zubat: 151","Staraptor: 235, Gyarados: 207, Sneasel: 191",43,"Damage: 2445, Status: 1235, Hazard: 0, Weather: 0, Cleric: 0, Screen: 0, Pass: 0, Debuff: 100, Tailwind: 0",None
EXEGGUTOR,A+,Attacker,"Egg Bomb: 10162 (18.5%), Psychic: 8700 (15.8%), Leaf Storm: 6957 (12.7%), Giga Drain: 6956 (12.7%), Hypnosis: 6781 (12.3%), Wood Hammer: 4752 (8.6%), Light Screen: 3410 (6.2%), Stomp: 2475 (4.5%), Confusion: 2269 (4.1%), Trick Room: 1775 (3.2%), Reflect: 297 (0.5%), Dream Eater: 205 (0.4%), Explosion: 201 (0.4%), Struggle: 5 (0.0%)",19993,6750,2.96,1582,3.2,4.42,1.98,2424,7028,1931,374,-4.72,15979,"Clefairy: 341, Pikachu: 331, Seaking: 327","Staraptor: 246, Golbat: 204, Gyarados: 160",10,"Damage: 1527, Status: 254, Hazard: 0, Weather: 0, Cleric: 0, Screen: 31, Pass: 0, Debuff: 23, Tailwind: 0",None
FARFETCHD,D,All-Rounder,"Night Slash: 33980 (25.4%), Air Slash: 30517 (22.8%), Feint: 20976 (15.7%), Agility: 16871 (12.6%), False Swipe: 13990 (10.5%), Swords Dance: 13757 (10.3%), Air Cutter: 3682 (2.8%)",22573,27030,0.84,6371,1.07,5.2,2.92,8287,3356,5717,5861,7.59,29439,"Magikarp: 641, Zubat: 528, Clefairy: 468","Magnemite: 639, Gyarados: 597, Golbat: 577",3,"Damage: 6371, Status: 0, Hazard: 0, Weather: 0, Cleric: 0, Screen: 0, Pass: 0, Debuff: 0, Tailwind: 0",None
FEAROW,C-,All-Rounder,"Assurance: 53086 (25.3%), Agility: 44581 (21.3%), Mirror Move: 38129 (18.2%), Aerial Ace: 26880 (12.8%), Roost: 20360 (9.7%), Drill Peck: 16697 (8.0%), Pursuit: 4259 (2.0%), Leer: 2724 (1.3%), Fury Attack: 2653 (1.3%), Struggle: 65 (0.0%)",29708,30551,0.97,9022,1.27,6.0,3.2,7731,3431,8405,1102,5.84,41012,"Zubat: 656, Clefairy: 649, Pikachu: 595","Gyarados: 771, Magnemite: 724, Staraptor: 657",3,"Damage: 8895, Status: 242, Hazard: 0, Weather: 0, Cleric: 0, Screen: 0, Pass: 0, Debuff: 492, Tailwind: 0",None
FEEBAS,F-,All-Rounder,"Splash: 6842 (44.1%), Tackle: 6580 (42.4%), Flail: 2077 (13.4%), Struggle: 23 (0.1%)",117,5690,0.02,575,0.12,3.58,1.91,479,626,781,0,3.89,5752,"Magikarp: 27, Rattata: 7, Abra: 4","Pikachu: 100, Clefairy: 93, Geodude: 92",0,"Damage: 575, Status: 0, Hazard: 0, Weather: 0, Cleric: 0, Screen: 0, Pass: 0, Debuff: 0, Tailwind: 0",None
FERALIGATR,S,All-Rounder,"Aqua Tail: 5492 (29.9%), Crunch: 3664 (20.0%), Slash: 2579 (14.1%), Waterfall: 2399 (13.1%), Ice Fang: 2380 (13.0%), Thrash: 1320 (7.2%), Water Gun: 520 (2.8%)",8588,1935,4.44,1495,5.21,4.18,1.77,1159,1027,681,910,4.55,5784,"Magnemite: 233, Clefairy: 164, Magmar: 150","Roserade: 115, Magneton: 75, Gyarados: 50",0,"Damage: 1484, Status: 13, Hazard: 0, Weather: 0, Cleric: 0, Screen: 0, Pass: 0, Debuff: 43, Tailwind: 0",None
FINNEON,F+,Defender,"Water Pulse: 36596 (33.2%), Safeguard: 19720 (17.9%), Gust: 14607 (13.2%), Captivate: 13523 (12.3%), Aqua Ring: 10457 (9.5%), Whirlpool: 7573 (6.9%), U Turn: 5230 (4.7%), Rain Dance: 2445 (2.2%), Struggle: 101 (0.1%)",7459,19431,0.38,2971,0.54,7.46,4.18,3561,4984,4542,5636,2.63,17682,"Magikarp: 349, Geodude: 299, Onix: 238","Golbat: 390, Gyarados: 377, Roselia: 309",17,"Damage: 2921, Status: 1063, Hazard: 0, Weather: 0, Cleric: 0, Screen: 0, Pass: 0, Debuff: 136, Tailwind: 0",None
FLAAFFY,C+,Disrupter,"Discharge: 18497 (20.7%), Charge: 15127 (16.9%), Signal Beam: 12074 (13.5%), Thunder Wave: 8939 (10.0%), Tackle: 8391 (9.4%), Thunder Shock: 6976 (7.8%), Light Screen: 5212 (5.8%), Double Team: 3103 (3.5%), Shock Wave: 2560 (2.9%), Cotton Spore: 2443 (2.7%), Charge Beam: 2361 (2.6%), Growl: 2043 (2.3%), Power Gem: 1706 (1.9%), Struggle: 7 (0.0%)",15320,11927,1.28,3762,1.6,5.83,2.75,3057,3234,4806,5532,4.9,18482,"Magnemite: 368, Magikarp: 337, Golbat: 333","Machoke: 212, Graveler: 207, Kadabra: 190",2,"Damage: 3089, Status: 2424, Hazard: 0, Weather: 0, Cleric: 0, Screen: 145, Pass: 0, Debuff: 180, Tailwind: 0",None
FLAREON,B+,Attacker,"Quick Attack: 17542 (26.8%), Fire Blast: 10381 (15.9%), Ember: 8043 (12.3%), Bite: 7893 (12.1%), Fire Spin: 5511 (8.4%), Sand Attack: 5289 (8.1%), Fire Fang: 3464 (5.3%), Will O Wisp: 3434 (5.3%), Overheat: 2245 (3.4%), Last Resort: 848 (1.3%), Helping Hand: 389 (0.6%), Giga Impact: 221 (0.3%), Attract: 111 (0.2%)",19649,10308,1.91,3200,2.22,4.44,1.88,3145,6359,5584,2728,3.35,20196,"Magnemite: 554, Golbat: 358, Kadabra: 309","Gyarados: 290, Golbat: 202, Staraptor: 187",10,"Damage: 3068, Status: 1024, Hazard: 0, Weather: 0, Cleric: 0, Screen: 0, Pass: 0, Debuff: 0, Tailwind: 0",None
FLOATZEL,B+,All-Rounder,"Aqua Jet: 27501 (28.6%), Crunch: 23248 (24.2%), Agility: 11434 (11.9%), Swift: 8815 (9.2%), Ice Fang: 5760 (6.0%), Whirlpool: 4968 (5.2%), Waterfall: 4298 (4.5%), Quick Attack: 3425 (3.6%), Pursuit: 2391 (2.5%), Brick Break: 1646 (1.7%), Razor Wind: 1021 (1.1%), Iron Tail: 844 (0.9%), Brine: 844 (0.9%)",26569,15660,1.7,8333,2.23,4.29,1.84,5030,3410,3241,4608,5.01,27987,"Golbat: 595, Rapidash: 502, Magmar: 435","Roserade: 450, Gyarados: 366, Magneton: 258",19,"Damage: 8193, Status: 67, Hazard: 0, Weather: 0, Cleric: 0, Screen: 0, Pass: 0, Debuff: 445, Tailwind: 0",None
FLYGON,A+,Attacker,"Earthquake: 823 (41.2%), Dragon Claw: 705 (35.3%), Faint Attack: 250 (12.5%), Screech: 218 (10.9%)",1082,329,3.29,54,3.45,3.58,1.28,95,64,73,0,5.03,854,"Sneasel: 32, Luxray: 28, Magneton: 28","Gyarados: 16, Floatzel: 15, Torterra: 13",1,"Damage: 49, Status: 0, Hazard: 0, Weather: 0, Cleric: 0, Screen: 0, Pass: 0, Debuff: 5, Tailwind: 0",None
FORRETRESS,S-,Hazards,"Rock Slide: 5589 (31.0%), Flash Cannon: 3764 (20.9%), Toxic Spikes: 3404 (18.9%), Swift: 2288 (12.7%), Stealth Rock: 1406 (7.8%), Protect: 1404 (7.8%), Explosion: 148 (0.8%)",3674,1903,1.93,2910,3.46,5.86,3.34,669,1097,642,1100,1.29,3770,"Magnemite: 81, Geodude: 72, Clefairy: 71","Staraptor: 86, Magneton: 60, Gyarados: 46",0,"Damage: 1194, Status: 0, Hazard: 2084, Weather: 0, Cleric: 0, Screen: 0, Pass: 0, Debuff: 20, Tailwind: 0",None
FROSLASS,B+,Attacker,"Blizzard: 7076 (32.2%), Ice Shard: 6489 (29.5%), Captivate: 3328 (15.1%), Hail: 3160 (14.4%), Double Team: 579 (2.6%), Shadow Ball: 494 (2.2%), Psychic: 341 (1.5%), Confuse Ray: 247 (1.1%), Ominous Wind: 224 (1.0%), Attract: 57 (0.3%), Struggle: 9 (0.0%)",4824,2520,1.91,625,2.16,5.37,1.95,866,1405,2300,84,7.27,4599,"Golbat: 110, Zubat: 97, Koffing: 92","Rapidash: 68, Gyarados: 62, Gengar: 53",0,"Damage: 578, Status: 94, Hazard: 0, Weather: 321, Cleric: 0, Screen: 0, Pass: 0, Debuff: 5, Tailwind: 0",None
FURRET,C,Passer,"Slam: 12971 (22.8%), Double Team: 10090 (17.7%), Follow Me: 9570 (16.8%), Rest: 8573 (15.1%), Sucker Punch: 8389 (14.7%), Amnesia: 5143 (9.0%), Baton Pass: 2119 (3.7%), Struggle: 36 (0.1%)",3906,6640,0.59,5180,1.37,8.52,3.9,901,3659,8444,0,8.7,9958,"Pikachu: 147, Rattata: 129, Zubat: 110","Staraptor: 168, Gyarados: 153, Golbat: 128",1,"Damage: 2088, Status: 0, Hazard: 0, Weather: 0, Cleric: 0, Screen: 0, Pass: 3092, Debuff: 0, Tailwind: 0",None
GABITE,A-,Attacker,"Dig: 36827 (59.3%), Dragon Rush: 10979 (17.7%), Dragon Claw: 9401 (15.1%), Slash: 4702 (7.6%), Sand Tomb: 233 (0.4%)",18159,7915,2.29,2059,2.55,4.84,1.62,2676,3917,16182,1039,19.03,16369,"Magnemite: 389, Seaking: 308, Golbat: 306","Gyarados: 304, Staraptor: 213, Sneasel: 194",6,"Damage: 2059, Status: 0, Hazard: 0, Weather: 0, Cleric: 0, Screen: 0, Pass: 0, Debuff: 0, Tailwind: 0",None
GALLADE,B-,Attacker,"Feint: 10256 (32.5%), Protect: 8718 (27.6%), False Swipe: 6837 (21.7%), Close Combat: 2847 (9.0%), Stone Edge: 1197 (3.8%), Psycho Cut: 675 (2.1%), Drain Punch: 510 (1.6%), Leaf Blade: 401 (1.3%), Night Slash: 103 (0.3%), Struggle: 5 (0.0%)",7106,4489,1.58,644,1.73,5.01,1.82,1443,889,860,0,4.36,8485,"Magnemite: 194, Sneasel: 149, Clefairy: 128","Staraptor: 153, Gyarados: 144, Golbat: 106",5,"Damage: 644, Status: 0, Hazard: 0, Weather: 0, Cleric: 0, Screen: 0, Pass: 0, Debuff: 0, Tailwind: 0",None
GARCHOMP,S,Attacker,"Dig: 3836 (41.5%), Dragon Rush: 2594 (28.0%), Earthquake: 935 (10.1%), Crunch: 529 (5.7%), Outrage: 504 (5.4%), Dragon Claw: 448 (4.8%), Brick Break: 172 (1.9%), Flamethrower: 141 (1.5%), Swords Dance: 56 (0.6%), Roar: 19 (0.2%), Giga Impact: 17 (0.2%)",4013,730,5.5,242,5.83,4.78,1.33,404,879,1820,234,12.09,2669,"Magnemite: 119, Magneton: 96, Alakazam: 74","Gengar: 34, Gyarados: 32, Floatzel: 25",1,"Damage: 240, Status: 1, Hazard: 0, Weather: 0, Cleric: 0, Screen: 0, Pass: 0, Debuff: 2, Tailwind: 0",None
GARDEVOIR,A-,All-Rounder,"Psychic: 32314 (45.7%), Future Sight: 10308 (14.6%), Imprison: 10086 (14.3%), Calm Mind: 8484 (12.0%), Captivate: 2541 (3.6%), Magical Leaf: 2172 (3.1%), Hypnosis: 1822 (2.6%), Double Team: 1630 (2.3%), Focus Blast: 1095 (1.6%), Charge Beam: 115 (0.2%), Struggle: 68 (0.1%)",22328,11275,1.98,4768,2.4,4.11,2.0,2073,2083,3786,1166,5.05,22789,"Machoke: 511, Golbat: 506, Magnemite: 474","Gyarados: 375, Staraptor: 287, Sneasel: 232",2,"Damage: 4515, Status: 733, Hazard: 0, Weather: 5, Cleric: 0, Screen: 0, Pass: 0, Debuff: 223, Tailwind: 0",None
GASTLY,F+,Disrupter,"Night Shade: 34035 (17.6%), Spite: 32677 (16.9%), Curse: 26598 (13.7%), Mean Look: 25922 (13.4%), Confuse Ray: 24381 (12.6%), Sucker Punch: 19851 (10.3%), Payback: 11359 (5.9%), Lick: 10052 (5.2%), Hypnosis: 7244 (3.7%), Struggle: 1336 (0.7%)",12355,53699,0.23,14451,0.5,5.21,1.96,1898,6937,6033,2461,0.52,42974,"Magikarp: 455, Magnemite: 321, Zubat: 281","Staraptor: 1055, Gyarados: 1001, Golbat: 926",3,"Damage: 9788, Status: 9345, Hazard: 0, Weather: 0, Cleric: 0, Screen: 0, Pass: 0, Debuff: 0, Tailwind: 0",None
GASTRODON,B-,Defender,"Muddy Water: 30948 (31.4%), Body Slam: 24338 (24.7%), Hidden Power: 17723 (18.0%), Rain Dance: 12752 (12.9%), Recover: 5647 (5.7%), Mud Bomb: 2006 (2.0%), Toxic: 1811 (1.8%), Water Pulse: 1624 (1.6%), Protect: 1607 (1.6%), Struggle: 32 (0.0%)",21436,14620,1.47,3895,1.73,6.11,3.46,4264,8262,6091,9459,2.07,21283,"Magnemite: 556, Pikachu: 451, Golbat: 435","Gyarados: 462, Roselia: 427, Roserade: 340",4,"Damage: 3647, Status: 1280, Hazard: 0, Weather: 0, Cleric: 0, Screen: 0, Pass: 0, Debuff: 0, Tailwind: 0",None
GENGAR,A,All-Rounder,"Shadow Ball: 12960 (27.4%), Dark Pulse: 11724 (24.8%), Sludge Bomb: 4603 (9.7%), Hypnosis: 3172 (6.7%), Payback: 2353 (5.0%), Focus Blast: 2178 (4.6%), Mean Look: 2014 (4.3%), Confuse Ray: 1630 (3.4%), Sucker Punch: 1584 (3.3%), Destiny Bond: 1465 (3.1%), Frustration: 1116 (2.4%), Spite: 524 (1.1%), Lick: 351 (0.7%), Thunder: 334 (0.7%), Psychic: 320 (0.7%), Thunderbolt: 235 (0.5%), Curse: 211 (0.4%), Energy Ball: 207 (0.4%), Struggle: 172 (0.4%), Substitute: 97 (0.2%), Dream Eater: 41 (0.1%), Nightmare: 29 (0.1%)",15477,7209,2.15,3487,2.63,4.62,1.37,2117,2994,1236,3207,0.7,14517,"Magnemite: 292, Gyarados: 265, Seaking: 245","Alakazam: 253, Gyarados: 232, Floatzel: 176",5,"Damage: 3311, Status: 884, Hazard: 0, Weather: 0, Cleric: 0, Screen: 0, Pass: 0, Debuff: 138, Tailwind: 0",None
GEODUDE,F+,Defender,"Defense Curl: 112368 (27.2%), Rock Polish: 84053 (20.4%), Tackle: 67242 (16.3%), Rock Throw: 59262 (14.4%), Mud Sport: 34369 (8.3%), Magnitude: 28530 (6.9%), Selfdestruct: 12200 (3.0%), Rollout: 6904 (1.7%), Rock Blast: 2120 (0.5%), Stealth Rock: 1927 (0.5%), Explosion: 1642 (0.4%), Earthquake: 1276 (0.3%), Struggle: 478 (0.1%)",43118,92127,0.47,9411,0.57,7.06,4.35,9981,20674,20966,0,2.37,70788,"Magikarp: 1662, Pikachu: 1449, Zubat: 1317","Staraptor: 1533, Gyarados: 1443, Roselia: 1390",67,"Damage: 8715, Status: 0, Hazard: 928, Weather: 0, Cleric: 0, Screen: 0, Pass: 0, Debuff: 0, Tailwind: 0",None
GIBLE,C,All-Rounder,"Dig: 16939 (36.8%), Dragon Rush: 9271 (20.2%), Dragon Claw: 5090 (11.1%), Dragon Rage: 3425 (7.4%), Take Down: 3397 (7.4%), Slash: 3080 (6.7%), Sand Tomb: 2786 (6.1%), Sandstorm: 2008 (4.4%)",9892,8822,1.12,2830,1.44,4.41,2.13,1828,4721,9009,988,11.16,12866,"Magikarp: 317, Pikachu: 285, Magnemite: 278","Gyarados: 217, Staraptor: 194, Golbat: 188",3,"Damage: 2828, Status: 0, Hazard: 0, Weather: 255, Cleric: 0, Screen: 0, Pass: 0, Debuff: 0, Tailwind: 0",None
GIRAFARIG,A,Attacker,"Psybeam: 13373 (30.9%), Psychic: 11608 (26.8%), Stomp: 4670 (10.8%), Calm Mind: 2207 (5.1%), Double Hit: 2174 (5.0%), Skill Swap: 1873 (4.3%), Assurance: 1691 (3.9%), Shadow Ball: 1541 (3.6%), Crunch: 1506 (3.5%), Light Screen: 1229 (2.8%), Agility: 827 (1.9%), Thunder Wave: 565 (1.3%), Baton Pass: 75 (0.2%), Struggle: 1 (0.0%)",16205,6551,2.47,1551,2.71,3.95,1.61,2147,981,1485,1599,6.03,14505,"Magnemite: 355, Golbat: 307, Machoke: 258","Sneasel: 207, Gyarados: 202, Staraptor: 172",10,"Damage: 1419, Status: 194, Hazard: 0, Weather: 0, Cleric: 0, Screen: 49, Pass: 105, Debuff: 53, Tailwind: 0",None
GLACEON,C,Attacker,"Ice Shard: 2219 (23.3%), Quick Attack: 2117 (22.2%), Icy Wind: 2058 (21.6%), Bite: 1972 (20.7%), Blizzard: 715 (7.5%), Mirror Coat: 215 (2.3%), Shadow Ball: 138 (1.4%), Water Pulse: 108 (1.1%)",2241,1670,1.34,172,1.44,4.77,2.26,536,477,429,1701,4.8,2814,"Machoke: 65, Golbat: 59, Staraptor: 57","Gyarados: 54, Machoke: 48, Magneton: 46",0,"Damage: 171, Status: 2, Hazard: 0, Weather: 0, Cleric: 0, Screen: 0, Pass: 0, Debuff: 2, Tailwind: 0",None
GLALIE,A+,Attacker,"Ice Beam: 15069 (41.6%), Crunch: 8667 (23.9%), Sheer Cold: 3801 (10.5%), Ice Fang: 3047 (8.4%), Hail: 2257 (6.2%), Protect: 2072 (5.7%), Shadow Ball: 491 (1.4%), Blizzard: 367 (1.0%), Headbutt: 316 (0.9%), Payback: 104 (0.3%), Torment: 65 (0.2%), Attract: 10 (0.0%)",13711,4540,3.02,1643,3.38,4.17,1.76,1691,3331,1235,2233,-0.83,10661,"Magnemite: 274, Golbat: 245, Pikachu: 235","Rapidash: 122, Magmar: 117, Gyarados: 116",0,"Damage: 1355, Status: 70, Hazard: 0, Weather: 676, Cleric: 0, Screen: 0, Pass: 0, Debuff: 73, Tailwind: 0",None
GLAMEOW,E-,Support,"Growl: 39099 (14.5%), Scratch: 38014 (14.1%), Assist: 37726 (14.0%), Slash: 29556 (11.0%), Sucker Punch: 24120 (8.9%), Captivate: 22730 (8.4%), Fury Swipes: 21028 (7.8%), Charm: 20001 (7.4%), Faint Attack: 16347 (6.1%), Hypnosis: 13397 (5.0%), Fake Out: 5083 (1.9%), Attract: 2414 (0.9%), Struggle: 57 (0.0%)",19512,53119,0.37,12659,0.61,5.18,2.45,11737,16808,11369,5318,2.23,62586,"Magikarp: 1019, Zubat: 767, Pikachu: 693","Golbat: 1029, Staraptor: 994, Gyarados: 963",0,"Damage: 11615, Status: 1431, Hazard: 0, Weather: 0, Cleric: 0, Screen: 0, Pass: 0, Debuff: 2142, Tailwind: 0",None
GLIGAR,B-,Support,"Faint Attack: 18473 (43.1%), Quick Attack: 9291 (21.7%), Screech: 6872 (16.0%), Fury Cutter: 4139 (9.7%), Harden: 3771 (8.8%), Knock Off: 185 (0.4%), Poison Sting: 121 (0.3%)",6138,5746,1.07,3679,1.71,5.99,3.15,1990,1867,1820,27,4.36,8688,"Magnemite: 167, Pikachu: 164, Magikarp: 161","Gyarados: 152, Golbat: 130, Staraptor: 122",0,"Damage: 3199, Status: 8, Hazard: 0, Weather: 0, Cleric: 0, Screen: 0, Pass: 0, Debuff: 1180, Tailwind: 0",None
GLISCOR,S,All-Rounder,"Aerial Ace: 4912 (28.2%), Earthquake: 3120 (17.9%), X Scissor: 2936 (16.8%), Thunder Fang: 2889 (16.6%), Quick Attack: 1924 (11.0%), Ice Fang: 852 (4.9%), Fire Fang: 811 (4.6%)",7881,1821,4.33,1438,5.12,4.06,1.54,1049,448,598,448,6.71,5325,"Magnemite: 137, Machoke: 129, Seaking: 111","Floatzel: 93, Empoleon: 55, Starmie: 45",4,"Damage: 1438, Status: 43, Hazard: 0, Weather: 0, Cleric: 0, Screen: 0, Pass: 0, Debuff: 0, Tailwind: 0",None
GLOOM,C,Disrupter,"Mega Drain: 87439 (44.1%), Stun Spore: 26126 (13.2%), Lucky Chant: 23294 (11.8%), Sleep Powder: 22987 (11.6%), Sweet Scent: 10880 (5.5%), Absorb: 9865 (5.0%), Sludge Bomb: 5307 (2.7%), Poison Powder: 4647 (2.3%), Drain Punch: 3375 (1.7%), Toxic: 1511 (0.8%), Acid: 1291 (0.7%), Natural Gift: 1114 (0.6%), Struggle: 265 (0.1%)",19528,19027,1.03,7800,1.44,8.9,3.96,6365,18118,7345,1019,-2.14,26127,"Geodude: 505, Magikarp: 493, Pikachu: 491","Golbat: 618, Staraptor: 519, Gyarados: 436",4,"Damage: 7129, Status: 5740, Hazard: 0, Weather: 0, Cleric: 0, Screen: 0, Pass: 0, Debuff: 10, Tailwind: 0",None
GOLBAT,B,Disrupter,"Air Cutter: 173451 (31.0%), Poison Fang: 89595 (16.0%), Confuse Ray: 81604 (14.6%), Bite: 57358 (10.3%), Wing Attack: 57323 (10.3%), Mean Look: 57030 (10.2%), Air Slash: 12978 (2.3%), Supersonic: 11733 (2.1%), Astonish: 10828 (1.9%), Toxic: 2877 (0.5%), Haze: 2125 (0.4%), Sludge Bomb: 1332 (0.2%), Giga Drain: 618 (0.1%), Leech Life: 253 (0.0%), Struggle: 2 (0.0%)",100617,69823,1.44,36873,1.97,5.92,2.63,33759,27034,19644,38348,4.57,113990,"Machop: 1754, Machoke: 1748, Magikarp: 1621","Gyarados: 1944, Staraptor: 1718, Magnemite: 1648",15,"Damage: 34515, Status: 23306, Hazard: 0, Weather: 0, Cleric: 0, Screen: 0, Pass: 0, Debuff: 0, Tailwind: 0",None
GOLDEEN,E+,Defender,"Water Pulse: 68310 (22.3%), Flail: 65550 (21.4%), Horn Attack: 53239 (17.4%), Supersonic: 25283 (8.3%), Fury Attack: 24175 (7.9%), Aqua Ring: 23307 (7.6%), Peck: 15305 (5.0%), Tail Whip: 9373 (3.1%), Horn Drill: 8844 (2.9%), Waterfall: 6518 (2.1%), Water Sport: 5671 (1.9%), Struggle: 178 (0.1%)",31216,65407,0.48,20599,0.79,6.46,3.68,15382,29307,14037,11934,0.03,57977,"Magikarp: 1272, Geodude: 915, Zubat: 860","Golbat: 1480, Gyarados: 1249, Roselia: 1233",4,"Damage: 20117, Status: 6424, Hazard: 0, Weather: 0, Cleric: 0, Screen: 0, Pass: 0, Debuff: 215, Tailwind: 0",None
GOLDUCK,B,Support,"Water Pulse: 67729 (20.8%), Screech: 61651 (18.9%), Zen Headbutt: 46033 (14.1%), Fury Swipes: 45663 (14.0%), Confusion: 36865 (11.3%), Amnesia: 16635 (5.1%), Disable: 14682 (4.5%), Psych Up: 11409 (3.5%), Hydro Pump: 9445 (2.9%), Blizzard: 6560 (2.0%), Psychic: 6447 (2.0%), Brick Break: 1247 (0.4%), Aqua Jet: 976 (0.3%), Struggle: 23 (0.0%)",61881,41067,1.51,18028,1.95,5.61,2.95,15795,36926,14141,17071,-2.05,68435,"Magikarp: 1187, Zubat: 1165, Koffing: 1141","Gyarados: 1030, Seaking: 699, Golbat: 674",2,"Damage: 15988, Status: 3374, Hazard: 0, Weather: 0, Cleric: 0, Screen: 0, Pass: 0, Debuff: 5251, Tailwind: 0",None
GOLEM,C,Attacker,"Roar: 8323 (14.7%), Earthquake: 7408 (13.0%), Rollout: 6722 (11.8%), Explosion: 6690 (11.8%), Rock Slide: 6056 (10.7%), Sandstorm: 5072 (8.9%), Double Edge: 4601 (8.1%), Rock Blast: 2807 (4.9%), Selfdestruct: 2580 (4.5%), Stone Edge: 2186 (3.9%), Magnitude: 1725 (3.0%), Rock Polish: 929 (1.6%), Thunder Punch: 711 (1.3%), Rock Throw: 405 (0.7%), Fire Punch: 373 (0.7%), Brick Break: 111 (0.2%), Flamethrower: 68 (0.1%), Struggle: 7 (0.0%)",24195,19262,1.26,2080,1.36,3.16,1.43,2643,3674,2553,647,2.54,29152,"Magnemite: 434, Golbat: 404, Machoke: 401","Gyarados: 333, Golduck: 266, Roselia: 258",29,"Damage: 1775, Status: 12, Hazard: 0, Weather: 810, Cleric: 0, Screen: 0, Pass: 0, Debuff: 0, Tailwind: 0",None
GRANBULL,C+,Attacker / Support,"Take Down: 14238 (32.4%), Rage: 10649 (24.2%), Roar: 7333 (16.7%), Headbutt: 6983 (15.9%), Payback: 4793 (10.9%)",11204,7170,1.56,580,1.64,4.75,2.53,2073,3218,2049,1204,2.0,12260,"Pikachu: 224, Zubat: 222, Magikarp: 212","Gyarados: 143, Machoke: 140, Staraptor: 126",0,"Damage: 520, Status: 0, Hazard: 0, Weather: 0, Cleric: 0, Screen: 0, Pass: 0, Debuff: 78, Tailwind: 0",None
GRAVELER,D,Attacker,"Rollout: 27904 (26.3%), Selfdestruct: 18484 (17.4%), Earthquake: 16627 (15.7%), Explosion: 16447 (15.5%), Rock Blast: 10635 (10.0%), Magnitude: 6269 (5.9%), Rock Slide: 4073 (3.8%), Defense Curl: 2351 (2.2%), Double Edge: 1267 (1.2%), Rock Polish: 978 (0.9%), Rock Throw: 950 (0.9%)",58865,61282,0.96,6076,1.06,2.61,1.32,6547,7902,5228,334,3.48,66406,"Golbat: 1377, Magnemite: 1185, Zubat: 897","Golduck: 768, Roselia: 704, Gyarados: 691",139,"Damage: 6076, Status: 0, Hazard: 0, Weather: 0, Cleric: 0, Screen: 0, Pass: 0, Debuff: 0, Tailwind: 0",None
GRIMER,E+,Defender,"Sludge: 29453 (18.0%), Minimize: 24963 (15.3%), Disable: 24402 (14.9%), Mud Slap: 21158 (13.0%), Mud Bomb: 15646 (9.6%), Harden: 15594 (9.6%), Pound: 13775 (8.4%), Sludge Bomb: 4865 (3.0%), Gunk Shot: 4515 (2.8%), Acid Armor: 3823 (2.3%), Poison Gas: 2789 (1.7%), Screech: 2162 (1.3%), Struggle: 93 (0.1%)",10725,23592,0.45,7654,0.78,8.42,3.77,4806,16724,49649,29626,17.75,24027,"Magnemite: 394, Pikachu: 356, Magikarp: 335","Gyarados: 513, Staraptor: 477, Golbat: 465",22,"Damage: 7581, Status: 3498, Hazard: 0, Weather: 0, Cleric: 0, Screen: 0, Pass: 0, Debuff: 111, Tailwind: 0",None
GROTLE,C+,Attacker,"Curse: 9758 (35.8%), Razor Leaf: 9471 (34.8%), Bite: 4369 (16.0%), Withdraw: 1982 (7.3%), Mega Drain: 1271 (4.7%), Tackle: 289 (1.1%), Absorb: 99 (0.4%)",7600,5260,1.44,848,1.61,4.81,2.64,1438,1014,1426,605,6.34,9064,"Seaking: 283, Golduck: 171, Gyarados: 162","Staraptor: 155, Golbat: 140, Gyarados: 131",4,"Damage: 848, Status: 0, Hazard: 0, Weather: 0, Cleric: 0, Screen: 0, Pass: 0, Debuff: 0, Tailwind: 0",None
GROWLITHE,D-,Support,"Ember: 36804 (30.0%), Leer: 25155 (20.5%), Flamethrower: 15579 (12.7%), Take Down: 7504 (6.1%), Crunch: 6418 (5.2%), Agility: 6002 (4.9%), Odor Sleuth: 5281 (4.3%), Roar: 3969 (3.2%), Bite: 3859 (3.1%), Flame Wheel: 3782 (3.1%), Heat Wave: 3279 (2.7%), Fire Fang: 2825 (2.3%), Reversal: 1104 (0.9%), Helping Hand: 1034 (0.8%), Struggle: 4 (0.0%)",19026,25974,0.73,5273,0.94,5.12,2.92,4782,4386,6475,6074,5.26,28624,"Magnemite: 684, Magikarp: 611, Zubat: 532","Golbat: 592, Gyarados: 522, Staraptor: 476",0,"Damage: 4725, Status: 1264, Hazard: 0, Weather: 0, Cleric: 0, Screen: 0, Pass: 0, Debuff: 1251, Tailwind: 0",None
GRUMPIG,A,All-Rounder,"Payback: 5639 (40.8%), Power Gem: 3853 (27.8%), Psychic: 3685 (26.6%), Snore: 316 (2.3%), Signal Beam: 186 (1.3%), Confuse Ray: 159 (1.1%)",3792,1964,1.93,1538,2.71,4.65,2.45,768,352,485,165,6.24,3520,"Magikarp: 80, Zubat: 79, Geodude: 67","Gyarados: 63, Golbat: 51, Heracross: 40",0,"Damage: 1517, Status: 67, Hazard: 0, Weather: 0, Cleric: 0, Screen: 0, Pass: 0, Debuff: 28, Tailwind: 0",None
GULPIN,D+,All-Rounder,"Sludge Bomb: 15536 (52.5%), Stockpile: 6294 (21.3%), Gastro Acid: 3610 (12.2%), Spit Up: 2389 (8.1%), Swallow: 1713 (5.8%), Struggle: 52 (0.2%)",3180,4943,0.64,2358,1.12,5.66,3.44,984,910,1402,3568,4.96,6516,"Magikarp: 160, Pikachu: 98, Machop: 84","Golbat: 101, Gyarados: 99, Staraptor: 94",0,"Damage: 2358, Status: 945, Hazard: 0, Weather: 0, Cleric: 0, Screen: 0, Pass: 0, Debuff: 0, Tailwind: 0",None
GYARADOS,A-,Attacker / Support,"Ice Fang: 51489 (11.4%), Leer: 46572 (10.3%), Thrash: 40280 (8.9%), Hydro Pump: 39057 (8.7%), Dragon Rage: 38714 (8.6%), Aqua Tail: 38571 (8.6%), Twister: 38116 (8.5%), Dragon Dance: 37925 (8.4%), Bite: 34612 (7.7%), Rain Dance: 29422 (6.5%), Hyper Beam: 20596 (4.6%), Waterfall: 17988 (4.0%), Dragon Pulse: 5652 (1.3%), Surf: 4317 (1.0%), Earthquake: 3771 (0.8%), Brine: 2171 (0.5%), Thunder Wave: 972 (0.2%), Avalanche: 407 (0.1%), Flail: 206 (0.0%), Giga Impact: 130 (0.0%), Struggle: 68 (0.0%), Return: 8 (0.0%)",115790,51352,2.25,12882,2.51,6.22,3.35,16705,24416,18362,14180,2.29,87393,"Clefairy: 2042, Golbat: 1944, Magnemite: 1853","Gyarados: 1239, Magneton: 1190, Magnemite: 1043",14,"Damage: 11379, Status: 635, Hazard: 0, Weather: 0, Cleric: 0, Screen: 0, Pass: 0, Debuff: 2318, Tailwind: 0",None
HAPPINY,F-,Disrupter,"Copycat: 4262 (45.4%), Charm: 2709 (28.8%), Sweet Kiss: 2141 (22.8%), Refresh: 241 (2.6%), Struggle: 40 (0.4%)",64,2516,0.03,168,0.09,5.53,2.17,106,901,503,125,-2.94,2626,"Machop: 4, Venonat: 4, Croagunk: 3","Golbat: 48, Gyarados: 44, Seaking: 37",0,"Damage: 70, Status: 151, Hazard: 0, Weather: 0, Cleric: 0, Screen: 1, Pass: 0, Debuff: 14, Tailwind: 0",None
HARIYAMA,B+,All-Rounder,"Endure: 6842 (38.9%), Reversal: 5766 (32.8%), Close Combat: 1484 (8.4%), Stone Edge: 905 (5.1%), Bullet Punch: 768 (4.4%), Payback: 632 (3.6%), Wake Up Slap: 480 (2.7%), Earthquake: 446 (2.5%), Bulk Up: 255 (1.4%), Low Kick: 20 (0.1%), Struggle: 6 (0.0%)",4606,2546,1.81,799,2.12,5.36,2.78,660,694,770,0,4.01,4656,"Pikachu: 100, Clefairy: 94, Magnemite: 92","Golbat: 86, Gyarados: 69, Staraptor: 68",2,"Damage: 799, Status: 0, Hazard: 0, Weather: 0, Cleric: 0, Screen: 0, Pass: 0, Debuff: 0, Tailwind: 0",None
HAUNTER,D+,Disrupter,"Sucker Punch: 41929 (23.6%), Night Shade: 33532 (18.9%), Confuse Ray: 23715 (13.3%), Shadow Punch: 18711 (10.5%), Shadow Ball: 11675 (6.6%), Mean Look: 11200 (6.3%), Curse: 10824 (6.1%), Hypnosis: 6025 (3.4%), Payback: 5371 (3.0%), Dark Pulse: 4326 (2.4%), Dream Eater: 2772 (1.6%), Shadow Claw: 2559 (1.4%), Lick: 2344 (1.3%), Struggle: 1155 (0.7%), Destiny Bond: 704 (0.4%), Nightmare: 541 (0.3%), Toxic: 267 (0.2%)",25026,30637,0.82,10518,1.16,5.27,1.7,4062,5206,5242,2098,2.24,40564,"Magikarp: 569, Magnemite: 548, Zubat: 543","Gyarados: 703, Staraptor: 575, Sneasel: 521",17,"Damage: 7724, Status: 5386, Hazard: 0, Weather: 0, Cleric: 0, Screen: 0, Pass: 0, Debuff: 178, Tailwind: 0",None
HERACROSS,A-,Attacker,"Leer: 13307 (18.7%), Reversal: 10472 (14.7%), Brick Break: 8955 (12.6%), Aerial Ace: 8743 (12.3%), Close Combat: 7052 (9.9%), Night Slash: 5491 (7.7%), Fury Attack: 3930 (5.5%), Counter: 3647 (5.1%), Megahorn: 2572 (3.6%), Stone Edge: 1995 (2.8%), Feint: 1625 (2.3%), Rock Slide: 1564 (2.2%), Take Down: 1506 (2.1%), Horn Attack: 256 (0.4%)",24367,10906,2.23,2893,2.5,4.18,2.02,3927,3346,2699,153,4.43,21681,"Gyarados: 565, Clefairy: 553, Magnemite: 319","Staraptor: 484, Golbat: 409, Rapidash: 314",20,"Damage: 2880, Status: 0, Hazard: 0, Weather: 0, Cleric: 0, Screen: 0, Pass: 0, Debuff: 13, Tailwind: 0",None
HIPPOPOTAS,C+,Weather,"Earthquake: 964 (52.3%), Crunch: 440 (23.9%), Take Down: 393 (21.3%), Sand Tomb: 46 (2.5%)",752,755,1.0,478,1.63,3.26,1.44,104,107,112,36,5.26,1172,"Gastly: 42, Seaking: 32, Haunter: 24","Seaking: 26, Gyarados: 25, Golduck: 21",3,"Damage: 269, Status: 0, Hazard: 0, Weather: 414, Cleric: 0, Screen: 0, Pass: 0, Debuff: 5, Tailwind: 0",None
HIPPOWDON,S-,Weather,"Crunch: 7770 (28.2%), Earthquake: 4912 (17.8%), Sand Tomb: 4475 (16.2%), Take Down: 3331 (12.1%), Double Edge: 3170 (11.5%), Dig: 2474 (9.0%), Stone Edge: 583 (2.1%), Protect: 414 (1.5%), Yawn: 270 (1.0%), Rest: 184 (0.7%)",8716,3771,2.31,4990,3.63,4.44,2.44,1388,2705,2208,1050,3.05,7792,"Magnemite: 208, Pikachu: 155, Magikarp: 143","Gyarados: 125, Golduck: 67, Seaking: 66",0,"Damage: 3162, Status: 56, Hazard: 0, Weather: 4278, Cleric: 0, Screen: 0, Pass: 0, Debuff: 190, Tailwind: 0",None
HITMONCHAN,A-,Attacker,"Ice Punch: 5746 (15.8%), Fire Punch: 5423 (14.9%), Thunder Punch: 5266 (14.5%), Close Combat: 3904 (10.7%), Mach Punch: 3687 (10.1%), Counter: 2900 (8.0%), Mega Punch: 2679 (7.4%), Detect: 2510 (6.9%), Vacuum Wave: 2281 (6.3%), Double Team: 697 (1.9%), Bullet Punch: 503 (1.4%), Swagger: 298 (0.8%), Focus Punch: 245 (0.7%), Substitute: 140 (0.4%), Drain Punch: 47 (0.1%), Struggle: 10 (0.0%)",12717,5349,2.38,735,2.51,4.46,1.85,1818,1011,1540,922,6.19,10933,"Magnemite: 262, Zubat: 244, Clefairy: 217","Staraptor: 204, Golbat: 164, Gyarados: 152",10,"Damage: 681, Status: 185, Hazard: 0, Weather: 0, Cleric: 0, Screen: 0, Pass: 0, Debuff: 0, Tailwind: 0",None
HITMONLEE,D+,All-Rounder,"Endure: 13816 (19.5%), Meditate: 10012 (14.2%), Mind Reader: 8146 (11.5%), Focus Energy: 7916 (11.2%), Reversal: 6670 (9.4%), Hi Jump Kick: 5484 (7.8%), Feint: 4192 (5.9%), Blaze Kick: 3382 (4.8%), Close Combat: 2147 (3.0%), Double Kick: 1868 (2.6%), Jump Kick: 1861 (2.6%), Foresight: 1545 (2.2%), Mega Kick: 1518 (2.1%), Brick Break: 1101 (1.6%), Swagger: 561 (0.8%), Fake Out: 270 (0.4%), Bulk Up: 239 (0.3%)",12422,12992,0.96,2475,1.15,4.85,2.38,3953,1691,2851,357,6.96,18739,"Magnemite: 326, Clefairy: 304, Pikachu: 229","Gyarados: 269, Staraptor: 263, Golbat: 261",5,"Damage: 2355, Status: 288, Hazard: 0, Weather: 0, Cleric: 0, Screen: 0, Pass: 0, Debuff: 0, Tailwind: 0",None
HITMONTOP,A-,Defender,"Detect: 11921 (17.1%), Endeavor: 11040 (15.9%), Dig: 9307 (13.4%), Quick Attack: 8304 (11.9%), Aerial Ace: 7352 (10.6%), Counter: 6802 (9.8%), Close Combat: 5836 (8.4%), Gyro Ball: 2902 (4.2%), Fake Out: 2470 (3.6%), Triple Kick: 1861 (2.7%), Earthquake: 1701 (2.4%), Struggle: 74 (0.1%)",11375,6327,1.8,4894,2.57,6.58,2.71,2093,1104,5671,2424,8.85,11984,"Magikarp: 320, Pikachu: 258, Magnemite: 236","Staraptor: 193, Golbat: 181, Gyarados: 167",2,"Damage: 4577, Status: 0, Hazard: 0, Weather: 0, Cleric: 0, Screen: 0, Pass: 0, Debuff: 506, Tailwind: 0",None
HONCHKROW,A-,All-Rounder,"Drill Peck: 1643 (30.2%), Night Slash: 1000 (18.4%), Dark Pulse: 858 (15.8%), Thunder Wave: 372 (6.8%), Faint Attack: 343 (6.3%), Night Shade: 284 (5.2%), Nasty Plot: 238 (4.4%), Shadow Ball: 212 (3.9%), Swagger: 142 (2.6%), Sucker Punch: 108 (2.0%), Heat Wave: 97 (1.8%), Psychic: 56 (1.0%), Astonish: 50 (0.9%), Whirlwind: 29 (0.5%)",2661,1283,2.07,493,2.46,3.43,1.37,377,137,272,60,8.82,2652,"Alakazam: 82, Gyarados: 73, Staraptor: 69","Heracross: 56, Magneton: 53, Floatzel: 51",1,"Damage: 450, Status: 183, Hazard: 0, Weather: 0, Cleric: 0, Screen: 0, Pass: 0, Debuff: 0, Tailwind: 0",None
HOOTHOOT,E,Support,"Confusion: 32808 (20.9%), Uproar: 28015 (17.9%), Take Down: 22894 (14.6%), Peck: 20987 (13.4%), Reflect: 20600 (13.1%), Air Slash: 9567 (6.1%), Tackle: 8139 (5.2%), Hypnosis: 8093 (5.2%), Zen Headbutt: 2898 (1.8%), Growl: 2460 (1.6%), Foresight: 188 (0.1%), Struggle: 16 (0.0%)",12258,36533,0.34,13568,0.71,4.88,2.5,7223,10630,6865,5312,2.05,41392,"Magikarp: 770, Zubat: 468, Gastly: 356","Magnemite: 730, Staraptor: 629, Gyarados: 576",4,"Damage: 12828, Status: 1226, Hazard: 0, Weather: 0, Cleric: 0, Screen: 2351, Pass: 0, Debuff: 33, Tailwind: 0",None
HOPPIP,E-,Disrupter / Support,"Splash: 17876 (18.2%), Tail Whip: 15580 (15.9%), Bullet Seed: 15196 (15.5%), Stun Spore: 8229 (8.4%), Bounce: 7035 (7.2%), Giga Drain: 5565 (5.7%), Synthesis: 5006 (5.1%), Leech Seed: 4129 (4.2%), Aerial Ace: 4045 (4.1%), Mega Drain: 3653 (3.7%), Tackle: 3437 (3.5%), Sleep Powder: 3321 (3.4%), Sunny Day: 2187 (2.2%), Poison Powder: 1619 (1.6%), U Turn: 1173 (1.2%), Struggle: 222 (0.2%)",3735,18931,0.2,8107,0.63,8.28,3.79,3749,5886,7055,0,4.67,16162,"Magikarp: 247, Geodude: 146, Onix: 84","Golbat: 394, Gyarados: 331, Staraptor: 312",20,"Damage: 6184, Status: 4678, Hazard: 0, Weather: 11, Cleric: 0, Screen: 0, Pass: 0, Debuff: 1583, Tailwind: 0",None
HORSEA,D-,All-Rounder,"Twister: 10267 (13.8%), Leer: 9957 (13.4%), Smoke Screen: 9752 (13.2%), Brine: 8455 (11.4%), Agility: 7716 (10.4%), Water Pulse: 7361 (9.9%), Bubble Beam: 6159 (8.3%), Hydro Pump: 5972 (8.1%), Focus Energy: 5096 (6.9%), Bubble: 3422 (4.6%)",10487,17324,0.61,4519,0.87,5.26,2.74,3932,2943,9561,1736,12.61,16502,"Magikarp: 399, Geodude: 368, Zubat: 297","Golbat: 396, Roselia: 329, Gyarados: 323",1,"Damage: 4266, Status: 385, Hazard: 0, Weather: 0, Cleric: 0, Screen: 0, Pass: 0, Debuff: 600, Tailwind: 0",None
HOUNDOOM,S+,Attacker,"Flamethrower: 15269 (36.3%), Dark Pulse: 13389 (31.8%), Sunny Day: 3076 (7.3%), Sludge Bomb: 2603 (6.2%), Fire Fang: 1991 (4.7%), Faint Attack: 1306 (3.1%), Bite: 1238 (2.9%), Thunder Fang: 1160 (2.8%), Will O Wisp: 1070 (2.5%), Nasty Plot: 448 (1.1%), Crunch: 224 (0.5%), Smog: 146 (0.3%), Shadow Ball: 117 (0.3%), Sucker Punch: 57 (0.1%)",23001,3737,6.15,3003,6.96,3.38,1.08,2235,1181,1163,2125,4.96,14403,"Magnemite: 443, Golbat: 408, Pikachu: 354","Staraptor: 206, Gyarados: 132, Machamp: 119",5,"Damage: 2869, Status: 704, Hazard: 0, Weather: 0, Cleric: 0, Screen: 0, Pass: 0, Debuff: 4, Tailwind: 0",None
HOUNDOUR,D-,All-Rounder,"Fire Fang: 28384 (29.9%), Beat Up: 23168 (24.4%), Faint Attack: 16763 (17.7%), Bite: 11722 (12.4%), Odor Sleuth: 9637 (10.2%), Embargo: 5063 (5.3%), Roar: 103 (0.1%), Struggle: 31 (0.0%)",12853,25903,0.5,9801,0.87,4.4,2.15,4726,3163,4472,6354,5.85,29016,"Magikarp: 437, Magnemite: 426, Pikachu: 343","Golbat: 586, Gyarados: 532, Staraptor: 529",9,"Damage: 9801, Status: 948, Hazard: 0, Weather: 0, Cleric: 0, Screen: 0, Pass: 0, Debuff: 0, Tailwind: 0",None
HYPNO,B+,Disrupter,"Psybeam: 19735 (21.8%), Psychic: 16179 (17.9%), Swagger: 11516 (12.7%), Hypnosis: 11194 (12.4%), Nasty Plot: 7077 (7.8%), Psych Up: 6390 (7.1%), Dream Eater: 5409 (6.0%), Skill Swap: 4886 (5.4%), Shadow Ball: 3361 (3.7%), Meditate: 3344 (3.7%), Poison Gas: 1320 (1.5%), Struggle: 25 (0.0%)",16154,10147,1.59,5241,2.11,6.16,2.63,2703,7760,3107,2702,-2.06,17906,"Magnemite: 330, Zubat: 329, Pikachu: 306","Gyarados: 293, Seaking: 220, Sneasel: 186",1,"Damage: 3850, Status: 3893, Hazard: 0, Weather: 0, Cleric: 0, Screen: 0, Pass: 0, Debuff: 271, Tailwind: 0",None
ILLUMISE,C,Attacker / Disrupter,"Bug Buzz: 4152 (39.4%), Zen Headbutt: 4053 (38.5%), Flatter: 2112 (20.1%), Helping Hand: 212 (2.0%)",2243,1711,1.31,352,1.52,5.09,1.86,450,673,332,754,0.56,2875,"Geodude: 58, Machop: 55, Magnemite: 51","Gyarados: 55, Golbat: 54, Staraptor: 52",0,"Damage: 294, Status: 248, Hazard: 0, Weather: 0, Cleric: 0, Screen: 0, Pass: 0, Debuff: 5, Tailwind: 0",None
INFERNAPE,B,All-Rounder,"Punishment: 4969 (28.0%), Calm Mind: 4720 (26.6%), Focus Blast: 1154 (6.5%), Mach Punch: 1025 (5.8%), Flare Blitz: 1000 (5.6%), Close Combat: 819 (4.6%), Flamethrower: 745 (4.2%), Flame Wheel: 635 (3.6%), Fire Spin: 511 (2.9%), Brick Break: 496 (2.8%), Earthquake: 458 (2.6%), Shadow Claw: 410 (2.3%), Thunder Punch: 380 (2.1%), Aerial Ace: 312 (1.8%), Will O Wisp: 93 (0.5%)",5337,3434,1.55,1502,1.99,4.47,1.97,714,903,567,117,2.1,5663,"Magneton: 138, Bronzor: 119, Heracross: 116","Alakazam: 130, Staraptor: 106, Golbat: 96",5,"Damage: 1480, Status: 98, Hazard: 0, Weather: 0, Cleric: 0, Screen: 0, Pass: 0, Debuff: 2, Tailwind: 0",None
IVYSAUR,C+,All-Rounder,"Double Edge: 10216 (17.6%), Razor Leaf: 7352 (12.6%), Solar Beam: 6872 (11.8%), Take Down: 6680 (11.5%), Sludge Bomb: 6247 (10.7%), Sweet Scent: 5019 (8.6%), Petal Dance: 3778 (6.5%), Sleep Powder: 3077 (5.3%), Growth: 2664 (4.6%), Synthesis: 2114 (3.6%), Worry Seed: 1499 (2.6%), Leech Seed: 1270 (2.2%), Toxic: 620 (1.1%), Poison Powder: 477 (0.8%), Giga Drain: 267 (0.5%)",11605,10887,1.07,5828,1.6,4.93,2.37,2630,3156,2261,946,2.8,16568,"Pikachu: 263, Zubat: 244, Clefairy: 228","Golbat: 340, Staraptor: 302, Gyarados: 291",3,"Damage: 5449, Status: 1915, Hazard: 0, Weather: 0, Cleric: 0, Screen: 0, Pass: 0, Debuff: 0, Tailwind: 0",None
JIGGLYPUFF,F-,Attacker,"Pound: 14620 (29.5%), Defense Curl: 12253 (24.7%), Disable: 9971 (20.1%), Sing: 8230 (16.6%), Body Slam: 2640 (5.3%), Mimic: 1044 (2.1%), Wake Up Slap: 646 (1.3%), Gyro Ball: 102 (0.2%), Struggle: 41 (0.1%)",2127,10398,0.2,241,0.23,10.69,4.67,1051,7033,1947,555,-7.8,5672,"Magikarp: 72, Pikachu: 69, Zubat: 60","Staraptor: 175, Golbat: 173, Gyarados: 172",0,"Damage: 189, Status: 116, Hazard: 0, Weather: 0, Cleric: 0, Screen: 0, Pass: 0, Debuff: 0, Tailwind: 0","Agility: 24 (6.0%), Scary Face: 20 (5.0%), Harden: 15 (3.8%), Double Team: 14 (3.5%), Protect: 13 (3.3%), Aqua Ring: 12 (3.0%), Curse: 12 (3.0%), Mean Look: 10 (2.5%), Spite: 10 (2.5%), Screech: 9 (2.3%), Cosmic Power: 9 (2.3%), Quick Attack: 9 (2.3%), Rock Polish: 9 (2.3%), Smoke Screen: 8 (2.0%), Seismic Toss: 8 (2.0%), Charge: 8 (2.0%), Lock On: 7 (1.8%), Stockpile: 7 (1.8%), Stun Spore: 7 (1.8%), Disable: 7 (1.8%), Defense Curl: 7 (1.8%), Sucker Punch: 7 (1.8%), Minimize: 6 (1.5%), Barrier: 6 (1.5%), Sweet Scent: 5 (1.3%), Take Down: 5 (1.3%), Aerial Ace: 5 (1.3%), Light Screen: 4 (1.0%), Horn Drill: 4 (1.0%), Leer: 4 (1.0%), Safeguard: 4 (1.0%), Reflect: 4 (1.0%), Yawn: 4 (1.0%), Payback: 4 (1.0%), Grudge: 4 (1.0%), Double Slap: 4 (1.0%), Hypnosis: 3 (0.8%), Detect: 3 (0.8%), Thunder Wave: 3 (0.8%), Block: 3 (0.8%), Thrash: 3 (0.8%), Endeavor: 3 (0.8%), Ominous Wind: 3 (0.8%), Will O Wisp: 3 (0.8%), Follow Me: 3 (0.8%), Spider Web: 2 (0.5%), Swift: 2 (0.5%), Roost: 2 (0.5%), Meteor Mash: 2 (0.5%), Nasty Plot: 2 (0.5%), Recover: 2 (0.5%), Meditate: 2 (0.5%), Rock Throw: 2 (0.5%), Gust: 2 (0.5%), Iron Defense: 2 (0.5%), Sludge: 2 (0.5%), Flail: 2 (0.5%), Dragon Dance: 2 (0.5%), Supersonic: 2 (0.5%), Air Cutter: 2 (0.5%), Dragon Rage: 2 (0.5%), Withdraw: 2 (0.5%), Magnet Rise: 1 (0.3%), Sonic Boom: 1 (0.3%), Wish: 1 (0.3%), Waterfall: 1 (0.3%), Headbutt: 1 (0.3%), Substitute: 1 (0.3%), Water Pulse: 1 (0.3%), Moonlight: 1 (0.3%), Metal Sound: 1 (0.3%), Toxic: 1 (0.3%), Night Slash: 1 (0.3%), Present: 1 (0.3%), Sweet Kiss: 1 (0.3%), Submission: 1 (0.3%), Ice Fang: 1 (0.3%), Wring Out: 1 (0.3%), Confuse Ray: 1 (0.3%), Focus Energy: 1 (0.3%), Sand Attack: 1 (0.3%), Swords Dance: 1 (0.3%), Bubble Beam: 1 (0.3%), Ingrain: 1 (0.3%), Kinesis: 1 (0.3%), Tackle: 1 (0.3%), Growl: 1 (0.3%), Double Edge: 1 (0.3%), Mind Reader: 1 (0.3%), Mud Bomb: 1 (0.3%), Rest: 1 (0.3%), Rock Slide: 1 (0.3%), Worry Seed: 1 (0.3%), Mist: 1 (0.3%), Ice Shard: 1 (0.3%), Acid Armor: 1 (0.3%), Assurance: 1 (0.3%), Mirror Coat: 1 (0.3%), Magnitude: 1 (0.3%), Tail Whip: 1 (0.3%), Wing Attack: 1 (0.3%), Spark: 1 (0.3%), Air Slash: 1 (0.3%), Dragon Breath: 1 (0.3%), Swagger: 1 (0.3%)"
JOLTEON,A+,All-Rounder,"Quick Attack: 19443 (19.7%), Charge Beam: 14624 (14.8%), Thunderbolt: 14243 (14.4%), Sand Attack: 9936 (10.1%), Thunder Shock: 9204 (9.3%), Double Team: 6922 (7.0%), Pin Missile: 5606 (5.7%), Shock Wave: 4683 (4.7%), Iron Tail: 4318 (4.4%), Thunder Wave: 4308 (4.4%), Last Resort: 2974 (3.0%), Double Kick: 1737 (1.8%), Helping Hand: 822 (0.8%), Struggle: 19 (0.0%)",24519,9377,2.61,7046,3.37,5.49,1.99,4805,5741,12844,10909,10.66,20508,"Golbat: 485, Magikarp: 485, Gyarados: 441","Quagsire: 203, Graveler: 193, Machoke: 160",4,"Damage: 6922, Status: 639, Hazard: 0, Weather: 0, Cleric: 0, Screen: 0, Pass: 0, Debuff: 145, Tailwind: 0",None
JUMPLUFF,B+,Defender,"Bounce: 24310 (34.5%), Giga Drain: 9965 (14.1%), U Turn: 9874 (14.0%), Sunny Day: 6644 (9.4%), Silver Wind: 3686 (5.2%), Sleep Powder: 3618 (5.1%), Toxic: 3044 (4.3%), Leech Seed: 2545 (3.6%), Mega Drain: 1905 (2.7%), Cotton Spore: 1796 (2.5%), Memento: 1684 (2.4%), Worry Seed: 1334 (1.9%), Struggle: 48 (0.1%)",8261,7739,1.07,8409,2.15,6.22,1.95,2000,4480,12644,363,12.24,15293,"Magikarp: 226, Geodude: 203, Machoke: 150","Golbat: 230, Staraptor: 215, Gyarados: 153",13,"Damage: 7572, Status: 3393, Hazard: 0, Weather: 12, Cleric: 0, Screen: 0, Pass: 0, Debuff: 135, Tailwind: 0",None
JYNX,C-,Support,"Wake Up Slap: 6656 (21.5%), Fake Tears: 5594 (18.0%), Ice Punch: 4931 (15.9%), Body Slam: 4313 (13.9%), Avalanche: 2972 (9.6%), Mean Look: 2160 (7.0%), Psychic: 1874 (6.0%), Blizzard: 1183 (3.8%), Lovely Kiss: 846 (2.7%), Dream Eater: 171 (0.6%), Focus Blast: 156 (0.5%), Perish Song: 85 (0.3%), Double Slap: 73 (0.2%), Struggle: 6 (0.0%)",4880,6038,0.81,2640,1.25,4.49,2.19,1279,1307,1158,1464,3.33,8181,"Magikarp: 156, Clefairy: 102, Zubat: 97","Staraptor: 120, Gyarados: 108, Sneasel: 84",1,"Damage: 2402, Status: 588, Hazard: 0, Weather: 0, Cleric: 0, Screen: 0, Pass: 0, Debuff: 621, Tailwind: 0",None
KABUTOPS,C,Attacker,"Aqua Jet: 2993 (24.6%), Endure: 2492 (20.5%), Rock Slide: 2115 (17.4%), Slash: 2077 (17.1%), Mega Drain: 1984 (16.3%), Giga Drain: 501 (4.1%)",3022,2318,1.3,427,1.49,4.5,2.09,739,479,498,344,6.09,3816,"Seaking: 119, Golduck: 81, Gyarados: 65","Roserade: 82, Roselia: 53, Gyarados: 50",2,"Damage: 427, Status: 0, Hazard: 0, Weather: 0, Cleric: 0, Screen: 0, Pass: 0, Debuff: 0, Tailwind: 0",None
KADABRA,C,Attacker / Support,"Psybeam: 50385 (24.2%), Confusion: 31750 (15.3%), Psychic: 24869 (12.0%), Psycho Cut: 18664 (9.0%), Disable: 17101 (8.2%), Reflect: 15902 (7.7%), Role Play: 8009 (3.9%), Kinesis: 7889 (3.8%), Light Screen: 6976 (3.4%), Ice Punch: 4081 (2.0%), Future Sight: 3593 (1.7%), Recover: 3449 (1.7%), Shock Wave: 3367 (1.6%), Charge Beam: 2121 (1.0%), Flash: 2099 (1.0%), Thunder Punch: 2008 (1.0%), Miracle Eye: 1964 (0.9%), Skill Swap: 1853 (0.9%), Thunder Wave: 1211 (0.6%), Headbutt: 281 (0.1%), Teleport: 132 (0.1%), Struggle: 106 (0.1%)",57152,44272,1.29,9322,1.5,3.86,1.54,9357,8336,12521,7206,6.11,70814,"Machoke: 1294, Machop: 1278, Golbat: 1224","Gyarados: 1209, Staraptor: 1042, Seaking: 928",33,"Damage: 8194, Status: 1394, Hazard: 0, Weather: 0, Cleric: 0, Screen: 1880, Pass: 0, Debuff: 106, Tailwind: 0",None
KAKUNA,F-,Disrupter,"Harden: 16435 (63.5%), Poison Sting: 5430 (21.0%), Bug Bite: 2018 (7.8%), String Shot: 1780 (6.9%), Struggle: 237 (0.9%)",391,9021,0.04,1033,0.16,4.58,2.56,428,512,1659,1352,5.6,9561,"Pikachu: 17, Clefairy: 11, Goldeen: 9","Golbat: 246, Staraptor: 194, Gyarados: 172",1,"Damage: 1031, Status: 500, Hazard: 0, Weather: 0, Cleric: 0, Screen: 0, Pass: 0, Debuff: 14, Tailwind: 0",None
KANGASKHAN,A,Attacker,"Dizzy Punch: 5062 (20.1%), Outrage: 4898 (19.4%), Mega Punch: 4529 (18.0%), Rage: 4504 (17.9%), Bite: 4433 (17.6%), Earthquake: 811 (3.2%), Crunch: 609 (2.4%), Leer: 206 (0.8%), Sucker Punch: 153 (0.6%)",7291,2917,2.5,541,2.68,5.07,2.39,1499,1200,964,1645,4.78,6136,"Seaking: 136, Gyarados: 118, Clefairy: 118","Gyarados: 97, Machoke: 84, Staraptor: 73",0,"Damage: 509, Status: 90, Hazard: 0, Weather: 0, Cleric: 0, Screen: 0, Pass: 0, Debuff: 44, Tailwind: 0",None
KECLEON,C-,Support,"Shadow Claw: 2816 (65.2%), Sucker Punch: 659 (15.3%), Substitute: 449 (10.4%), Screech: 394 (9.1%)",919,907,1.01,234,1.27,4.62,2.03,361,147,240,0,9.96,1447,"Gastly: 38, Mr Mime: 31, Geodude: 29","Graveler: 34, Heracross: 25, Magneton: 21",2,"Damage: 211, Status: 0, Hazard: 0, Weather: 0, Cleric: 0, Screen: 0, Pass: 0, Debuff: 40, Tailwind: 0",None
KINGDRA,S-,Attacker,"Hydro Pump: 3193 (38.0%), Dragon Pulse: 1790 (21.3%), Dragon Dance: 1225 (14.6%), Brine: 1149 (13.7%), Smoke Screen: 332 (3.9%), Ice Beam: 309 (3.7%), Yawn: 174 (2.1%), Dragon Breath: 152 (1.8%), Hyper Beam: 82 (1.0%)",3409,1044,3.27,254,3.51,4.58,1.76,335,850,484,36,-0.35,2633,"Rapidash: 93, Golem: 58, Magmar: 58","Snorlax: 55, Staraptor: 28, Gyarados: 26",0,"Damage: 235, Status: 35, Hazard: 0, Weather: 0, Cleric: 0, Screen: 0, Pass: 0, Debuff: 0, Tailwind: 0",None
KINGLER,C,Attacker,"Protect: 11829 (27.1%), Guillotine: 9415 (21.6%), Stomp: 7100 (16.3%), Metal Claw: 4596 (10.5%), Brine: 4237 (9.7%), Slam: 2745 (6.3%), X Scissor: 1338 (3.1%), Bubble Beam: 1225 (2.8%), Crabhammer: 1163 (2.7%)",9815,7274,1.35,1102,1.5,4.86,2.07,1395,8064,1745,443,-10.94,12014,"Golbat: 223, Gyarados: 209, Seaking: 151","Golbat: 162, Roserade: 158, Gyarados: 141",1,"Damage: 1102, Status: 0, Hazard: 0, Weather: 0, Cleric: 0, Screen: 0, Pass: 0, Debuff: 1, Tailwind: 0",None
KIRLIA,D-,All-Rounder,"Psychic: 15514 (31.7%), Magical Leaf: 13514 (27.6%), Calm Mind: 7572 (15.5%), Lucky Chant: 5274 (10.8%), Future Sight: 2368 (4.8%), Hypnosis: 2051 (4.2%), Double Team: 1649 (3.4%), Shadow Ball: 383 (0.8%), Shock Wave: 354 (0.7%), Imprison: 288 (0.6%), Struggle: 10 (0.0%), Teleport: 1 (0.0%)",9813,15736,0.62,4203,0.89,3.64,1.85,1731,1269,3112,940,6.86,20160,"Magikarp: 298, Geodude: 274, Machop: 273","Gyarados: 371, Staraptor: 340, Golbat: 312",29,"Damage: 4084, Status: 623, Hazard: 0, Weather: 0, Cleric: 0, Screen: 0, Pass: 0, Debuff: 132, Tailwind: 0",None
KOFFING,E,All-Rounder,"Sludge: 45653 (16.1%), Smoke Screen: 44193 (15.6%), Smog: 43603 (15.4%), Assurance: 41560 (14.6%), Tackle: 36307 (12.8%), Gyro Ball: 25389 (8.9%), Selfdestruct: 18806 (6.6%), Explosion: 11483 (4.0%), Poison Gas: 7033 (2.5%), Sludge Bomb: 6010 (2.1%), Haze: 4005 (1.4%), Struggle: 6 (0.0%)",42998,86095,0.5,16530,0.69,5.77,3.26,12799,25575,40148,22957,8.48,63965,"Zubat: 1028, Magikarp: 974, Pikachu: 843","Staraptor: 1323, Golbat: 1219, Gyarados: 1209",95,"Damage: 16509, Status: 7254, Hazard: 0, Weather: 0, Cleric: 0, Screen: 0, Pass: 0, Debuff: 0, Tailwind: 0",None
KRABBY,E-,Support,"Bubble Beam: 10850 (20.3%), Harden: 10393 (19.4%), Mud Shot: 5777 (10.8%), Vice Grip: 5542 (10.4%), Leer: 5088 (9.5%), Metal Claw: 3430 (6.4%), Brine: 2988 (5.6%), Slam: 2974 (5.6%), Crabhammer: 2623 (4.9%), Flail: 2535 (4.7%), Protect: 816 (1.5%), Guillotine: 443 (0.8%)",5998,13649,0.44,2215,0.6,5.19,3.09,2122,3574,2602,5903,2.09,13393,"Magikarp: 236, Geodude: 213, Zubat: 173","Golbat: 268, Gyarados: 223, Pikachu: 202",4,"Damage: 2111, Status: 0, Hazard: 0, Weather: 0, Cleric: 0, Screen: 0, Pass: 0, Debuff: 322, Tailwind: 0",None
KRICKETOT,F-,Support,"Bide: 19965 (74.0%), Growl: 6553 (24.3%), Struggle: 453 (1.7%)",1130,5671,0.2,401,0.27,5.34,2.57,29,278,1194,0,3.36,6170,"Pikachu: 55, Glameow: 36, Kricketot: 35","Golbat: 97, Geodude: 84, Pikachu: 77",0,"Damage: 377, Status: 0, Hazard: 0, Weather: 0, Cleric: 0, Screen: 0, Pass: 0, Debuff: 84, Tailwind: 0",None
KRICKETUNE,E+,All-Rounder,"Leech Life: 17876 (13.3%), Slash: 17121 (12.8%), Sing: 15307 (11.4%), Night Slash: 12666 (9.4%), Taunt: 12447 (9.3%), Bug Buzz: 12228 (9.1%), Focus Energy: 11425 (8.5%), X Scissor: 11083 (8.3%), Fury Cutter: 11008 (8.2%), Screech: 6649 (5.0%), Perish Song: 6416 (4.8%)",16664,25800,0.65,4615,0.82,5.02,2.62,12697,11132,5324,898,4.95,33319,"Magikarp: 557, Pikachu: 525, Clefairy: 383","Golbat: 575, Staraptor: 544, Gyarados: 511",3,"Damage: 4556, Status: 342, Hazard: 0, Weather: 0, Cleric: 0, Screen: 0, Pass: 0, Debuff: 86, Tailwind: 0",None
LAIRON,B,All-Rounder,"Iron Tail: 5751 (39.3%), Metal Burst: 3864 (26.4%), Double Edge: 3039 (20.8%), Metal Sound: 1974 (13.5%), Struggle: 3 (0.0%)",3274,2066,1.58,943,2.04,5.3,3.23,425,2282,634,682,-8.16,3331,"Clefairy: 76, Magikarp: 68, Golbat: 67","Gyarados: 47, Staraptor: 43, Azumarill: 37",0,"Damage: 943, Status: 0, Hazard: 0, Weather: 0, Cleric: 0, Screen: 0, Pass: 0, Debuff: 87, Tailwind: 0",None
LANTURN,A+,All-Rounder,"Discharge: 10552 (25.9%), Signal Beam: 6930 (17.0%), Bubble Beam: 6140 (15.1%), Hydro Pump: 4337 (10.6%), Confuse Ray: 3541 (8.7%), Aqua Ring: 3088 (7.6%), Charge: 2996 (7.4%), Surf: 2339 (5.7%), Ice Beam: 349 (0.9%), Thunderbolt: 276 (0.7%), Thunder Wave: 156 (0.4%), Struggle: 32 (0.1%)",11366,4549,2.5,2211,2.98,5.27,2.45,1727,2058,1404,2449,2.43,10220,"Gyarados: 264, Golbat: 211, Seaking: 199","Roserade: 163, Torterra: 90, Alakazam: 85",2,"Damage: 2090, Status: 1045, Hazard: 0, Weather: 0, Cleric: 0, Screen: 0, Pass: 0, Debuff: 14, Tailwind: 0",None
LAPRAS,A-,Attacker,"Brine: 11893 (26.0%), Ice Beam: 10191 (22.3%), Hydro Pump: 8963 (19.6%), Safeguard: 5860 (12.8%), Sheer Cold: 3306 (7.2%), Perish Song: 1804 (3.9%), Rain Dance: 1275 (2.8%), Blizzard: 866 (1.9%), Body Slam: 529 (1.2%), Sing: 409 (0.9%), Water Pulse: 348 (0.8%), Surf: 145 (0.3%), Psychic: 139 (0.3%), Struggle: 64 (0.1%)",13929,5929,2.35,1194,2.55,5.22,2.56,1853,5405,1929,652,-3.43,12383,"Golbat: 285, Magnemite: 265, Gyarados: 251","Heracross: 159, Magneton: 114, Staraptor: 101",2,"Damage: 1191, Status: 107, Hazard: 0, Weather: 0, Cleric: 0, Screen: 0, Pass: 0, Debuff: 4, Tailwind: 0",None
LEAFEON,A-,Attacker,"Quick Attack: 11388 (26.7%), Razor Leaf: 9716 (22.8%), Magical Leaf: 6276 (14.7%), Grass Whistle: 4216 (9.9%), Sand Attack: 3853 (9.0%), Giga Drain: 3092 (7.3%), Synthesis: 2534 (6.0%), Last Resort: 1486 (3.5%), Struggle: 21 (0.0%)",9620,4081,2.36,378,2.45,6.28,2.54,2516,3280,3693,0,6.33,8908,"Seaking: 276, Gyarados: 214, Machoke: 204","Golbat: 172, Staraptor: 108, Gyarados: 94",1,"Damage: 352, Status: 66, Hazard: 0, Weather: 0, Cleric: 0, Screen: 0, Pass: 0, Debuff: 0, Tailwind: 0",None
LEDIAN,D+,Defender,"Agility: 7212 (38.1%), Mach Punch: 6360 (33.6%), Silver Wind: 5252 (27.7%), Baton Pass: 123 (0.6%), Struggle: 3 (0.0%)",1067,2862,0.37,2048,1.09,6.28,3.43,673,400,800,486,5.34,3410,"Magikarp: 82, Geodude: 26, Bellsprout: 26","Gyarados: 64, Golbat: 61, Zubat: 55",0,"Damage: 1909, Status: 0, Hazard: 0, Weather: 0, Cleric: 0, Screen: 0, Pass: 139, Debuff: 0, Tailwind: 0",None
LEDYBA,F-,Disrupter,"Tackle: 16519 (53.2%), Supersonic: 9200 (29.6%), Comet Punch: 5278 (17.0%), Struggle: 42 (0.1%)",411,8484,0.05,1853,0.27,4.53,2.44,1616,6353,1494,0,-9.97,8990,"Magikarp: 77, Bellsprout: 22, Budew: 20","Pikachu: 159, Geodude: 140, Magnemite: 136",0,"Damage: 1735, Status: 1232, Hazard: 0, Weather: 0, Cleric: 0, Screen: 0, Pass: 0, Debuff: 0, Tailwind: 0",None
LICKILICKY,A,Attacker,"Power Whip: 2261 (20.9%), Earthquake: 1508 (14.0%), Wring Out: 1236 (11.5%), Slam: 1146 (10.6%), Thunderbolt: 909 (8.4%), Ice Beam: 905 (8.4%), Stomp: 876 (8.1%), Brick Break: 698 (6.5%), Supersonic: 547 (5.1%), Screech: 356 (3.3%), Flamethrower: 352 (3.3%)",3995,1623,2.46,623,2.85,4.26,2.08,538,1205,514,81,-1.36,3863,"Sneasel: 118, Gyarados: 110, Magnemite: 85","Heracross: 130, Alakazam: 57, Staraptor: 46",1,"Damage: 590, Status: 81, Hazard: 0, Weather: 0, Cleric: 0, Screen: 0, Pass: 0, Debuff: 16, Tailwind: 0",None
LICKITUNG,E+,Defender,"Stomp: 12896 (17.8%), Supersonic: 12223 (16.9%), Cut: 8708 (12.0%), Disable: 7220 (10.0%), Wrap: 6853 (9.5%), Lick: 6478 (9.0%), Me First: 5715 (7.9%), Defense Curl: 4624 (6.4%), Rollout: 3281 (4.5%), Fire Blast: 1425 (2.0%), Power Whip: 1095 (1.5%), Slam: 659 (0.9%), Surf: 631 (0.9%), Knock Off: 252 (0.3%), Giga Impact: 205 (0.3%), Struggle: 3 (0.0%)",6340,10959,0.58,2507,0.81,6.53,3.55,2286,11540,3220,1831,-7.99,14555,"Zubat: 231, Magikarp: 158, Golbat: 145","Gyarados: 318, Staraptor: 307, Golbat: 243",1,"Damage: 2450, Status: 746, Hazard: 0, Weather: 0, Cleric: 0, Screen: 0, Pass: 0, Debuff: 0, Tailwind: 0",None
LINOONE,A+,Attacker,"Slash: 24333 (57.1%), Dig: 8152 (19.1%), Belly Drum: 4951 (11.6%), Rest: 3362 (7.9%), Surf: 1466 (3.4%), Covet: 258 (0.6%), Fling: 107 (0.3%), Struggle: 17 (0.0%)",12831,4805,2.67,1441,2.97,5.22,2.22,3218,503,4904,0,16.02,10240,"Clefairy: 260, Magikarp: 251, Pikachu: 249","Staraptor: 173, Gyarados: 150, Machoke: 118",0,"Damage: 1441, Status: 0, Hazard: 0, Weather: 0, Cleric: 0, Screen: 0, Pass: 0, Debuff: 0, Tailwind: 0",None
LOMBRE,D-,Attacker,"Zen Headbutt: 3252 (26.1%), Hydro Pump: 3130 (25.1%), Bubble Beam: 3053 (24.5%), Uproar: 3021 (24.3%)",2288,2409,0.95,75,0.98,4.92,2.94,669,1265,551,713,-0.12,3323,"Geodude: 83, Zubat: 80, Magikarp: 80","Golbat: 51, Gyarados: 44, Roselia: 35",0,"Damage: 75, Status: 0, Hazard: 0, Weather: 0, Cleric: 0, Screen: 0, Pass: 0, Debuff: 0, Tailwind: 0",None
LOPUNNY,B,Defender,"Dizzy Punch: 35290 (39.8%), Charm: 16102 (18.1%), Agility: 12729 (14.3%), Bounce: 12201 (13.7%), Jump Kick: 6337 (7.1%), Quick Attack: 3334 (3.8%), Baton Pass: 1745 (2.0%), Shadow Ball: 421 (0.5%), Drain Punch: 416 (0.5%), Healing Wish: 124 (0.1%), Struggle: 45 (0.1%)",14375,8427,1.71,2469,2.0,6.87,2.8,2855,2953,7996,4907,8.16,15368,"Golbat: 315, Magnemite: 300, Pikachu: 272","Staraptor: 208, Gyarados: 201, Machoke: 158",0,"Damage: 2405, Status: 820, Hazard: 0, Weather: 0, Cleric: 3, Screen: 0, Pass: 17, Debuff: 78, Tailwind: 0",None
LOTAD,F,All-Rounder,"Mega Drain: 2051 (30.4%), Zen Headbutt: 2020 (29.9%), Bubble Beam: 1926 (28.6%), Rain Dance: 726 (10.8%), Struggle: 23 (0.3%)",752,2646,0.28,325,0.41,3.24,2.11,367,377,421,481,5.92,3040,"Magikarp: 72, Geodude: 63, Onix: 30","Golbat: 56, Gyarados: 56, Graveler: 41",0,"Damage: 325, Status: 0, Hazard: 0, Weather: 0, Cleric: 0, Screen: 0, Pass: 0, Debuff: 2, Tailwind: 0",None
LOUDRED,B-,Support,"Hyper Voice: 4482 (44.1%), Supersonic: 2067 (20.4%), Bite: 1831 (18.0%), Screech: 1776 (17.5%)",2254,2051,1.1,1449,1.81,4.13,2.22,382,1439,351,290,-6.55,3092,"Magikarp: 79, Pikachu: 59, Clefairy: 53","Gyarados: 63, Staraptor: 49, Golbat: 46",0,"Damage: 1020, Status: 498, Hazard: 0, Weather: 0, Cleric: 0, Screen: 0, Pass: 0, Debuff: 403, Tailwind: 0",None
LUCARIO,A+,Attacker,"Force Palm: 8841 (39.6%), Metal Claw: 5124 (22.9%), Quick Attack: 2554 (11.4%), Close Combat: 1133 (5.1%), Drain Punch: 1083 (4.8%), Extreme Speed: 1050 (4.7%), Bone Rush: 898 (4.0%), Aura Sphere: 455 (2.0%), Iron Tail: 260 (1.2%), Blaze Kick: 250 (1.1%), Stone Edge: 194 (0.9%), Counter: 145 (0.6%), Earthquake: 116 (0.5%), Psychic: 103 (0.5%), Dragon Pulse: 89 (0.4%), Shadow Ball: 39 (0.2%), Struggle: 17 (0.1%)",8417,2741,3.07,661,3.31,4.35,1.7,1325,1212,709,2397,3.59,6377,"Magnemite: 158, Clefairy: 151, Golbat: 136","Heracross: 93, Rapidash: 90, Staraptor: 88",4,"Damage: 659, Status: 40, Hazard: 0, Weather: 0, Cleric: 0, Screen: 0, Pass: 0, Debuff: 10, Tailwind: 0",None
LUDICOLO,A,Attacker,"Energy Ball: 2038 (36.3%), Water Pulse: 1078 (19.2%), Fake Out: 781 (13.9%), Zen Headbutt: 752 (13.4%), Focus Blast: 391 (7.0%), Surf: 344 (6.1%), Ice Beam: 237 (4.2%)",2130,865,2.46,182,2.67,4.36,1.8,320,374,234,1022,3.14,1949,"Seaking: 68, Golduck: 47, Magmar: 44","Staraptor: 37, Gyarados: 26, Roserade: 22",2,"Damage: 182, Status: 17, Hazard: 0, Weather: 0, Cleric: 0, Screen: 0, Pass: 0, Debuff: 0, Tailwind: 0",None
LUMINEON,D,Defender,"Whirlpool: 34789 (33.6%), Safeguard: 19331 (18.7%), Captivate: 15399 (14.9%), Aqua Ring: 11746 (11.3%), Silver Wind: 8449 (8.2%), Bounce: 5372 (5.2%), Water Pulse: 4539 (4.4%), U Turn: 3233 (3.1%), Struggle: 713 (0.7%)",4733,9107,0.52,4380,1.0,9.27,5.4,2539,12939,6237,1484,-3.78,12642,"Geodude: 152, Magikarp: 130, Onix: 114","Golbat: 179, Gyarados: 178, Pikachu: 141",0,"Damage: 4334, Status: 251, Hazard: 0, Weather: 0, Cleric: 0, Screen: 0, Pass: 0, Debuff: 112, Tailwind: 0",None
LUNATONE,C+,All-Rounder,"Psychic: 4065 (36.0%), Heal Block: 3566 (31.6%), Future Sight: 2144 (19.0%), Explosion: 1509 (13.4%)",2973,2609,1.14,1022,1.53,3.84,2.04,340,217,463,215,5.06,3347,"Magikarp: 72, Zubat: 69, Clefairy: 59","Gyarados: 47, Golduck: 33, Seaking: 30",0,"Damage: 1016, Status: 0, Hazard: 0, Weather: 0, Cleric: 0, Screen: 0, Pass: 0, Debuff: 35, Tailwind: 0",None
LUVDISC,E+,Defender,"Water Pulse: 25335 (26.0%), Flail: 18389 (18.8%), Aqua Ring: 14562 (14.9%), Sweet Kiss: 11915 (12.2%), Safeguard: 11757 (12.0%), Captivate: 10691 (11.0%), Attract: 4371 (4.5%), Struggle: 599 (0.6%)",3797,12094,0.31,5535,0.77,9.84,4.74,2670,5375,3155,4102,0.42,10363,"Magikarp: 137, Magnemite: 95, Zubat: 89","Roselia: 268, Staraptor: 252, Magnemite: 219",0,"Damage: 5393, Status: 1299, Hazard: 0, Weather: 0, Cleric: 0, Screen: 0, Pass: 0, Debuff: 220, Tailwind: 0",None
LUXIO,D,Disrupter / Support,"Bite: 25117 (17.5%), Spark: 20000 (13.9%), Swagger: 17526 (12.2%), Crunch: 16322 (11.4%), Charge: 16001 (11.1%), Thunder Fang: 15747 (11.0%), Scary Face: 14025 (9.8%), Leer: 9555 (6.7%), Roar: 7418 (5.2%), Double Team: 973 (0.7%), Thunderbolt: 915 (0.6%)",25071,31527,0.8,8235,1.06,5.19,2.71,4545,6993,6466,12716,2.71,33789,"Magikarp: 556, Zubat: 536, Magnemite: 498","Staraptor: 673, Gyarados: 588, Machoke: 537",2,"Damage: 6707, Status: 4662, Hazard: 0, Weather: 0, Cleric: 0, Screen: 0, Pass: 0, Debuff: 1391, Tailwind: 0",None
LUXRAY,A,Disrupter,"Crunch: 43695 (27.9%), Thunder Fang: 39431 (25.1%), Scary Face: 25099 (16.0%), Swagger: 17816 (11.4%), Discharge: 14321 (9.1%), Roar: 5316 (3.4%), Facade: 3351 (2.1%), Ice Fang: 2034 (1.3%), Thunder Wave: 2016 (1.3%), Bite: 1915 (1.2%), Fire Fang: 1813 (1.2%)",43939,18711,2.35,8076,2.78,4.84,2.28,6163,10359,5641,11751,0.87,38546,"Golbat: 921, Magikarp: 751, Clefairy: 717","Graveler: 498, Machoke: 376, Gyarados: 348",4,"Damage: 6977, Status: 4533, Hazard: 0, Weather: 0, Cleric: 0, Screen: 0, Pass: 0, Debuff: 659, Tailwind: 0",None
MACHAMP,C+,Attacker,"Scary Face: 71851 (46.1%), Cross Chop: 24763 (15.9%), Wake Up Slap: 21366 (13.7%), Dynamic Punch: 16135 (10.3%), Submission: 6739 (4.3%), Ice Punch: 3289 (2.1%), Fire Punch: 3145 (2.0%), Thunder Punch: 2846 (1.8%), Revenge: 1727 (1.1%), Stone Edge: 1594 (1.0%), Vital Throw: 1521 (1.0%), Rock Slide: 346 (0.2%), Earthquake: 253 (0.2%), Bullet Punch: 174 (0.1%), Fling: 90 (0.1%), Rock Climb: 71 (0.0%), Struggle: 43 (0.0%), Attract: 15 (0.0%), Foresight: 2 (0.0%)",34272,23930,1.43,2337,1.53,5.08,2.66,5456,20734,5571,4000,-6.0,40295,"Magnemite: 824, Clefairy: 773, Geodude: 509","Staraptor: 656, Golbat: 616, Gyarados: 598",10,"Damage: 2288, Status: 786, Hazard: 0, Weather: 0, Cleric: 0, Screen: 0, Pass: 0, Debuff: 95, Tailwind: 0",None
MACHOKE,D+,Attacker,"Submission: 34384 (14.2%), Seismic Toss: 31048 (12.8%), Vital Throw: 30742 (12.7%), Revenge: 22508 (9.3%), Leer: 22131 (9.1%), Wake Up Slap: 21045 (8.7%), Foresight: 17020 (7.0%), Cross Chop: 16834 (6.9%), Scary Face: 16540 (6.8%), Karate Chop: 14543 (6.0%), Low Kick: 8631 (3.6%), Dynamic Punch: 3086 (1.3%), Rock Tomb: 1157 (0.5%), Focus Energy: 1004 (0.4%), Rock Slide: 829 (0.3%), Strength: 773 (0.3%), Struggle: 38 (0.0%)",61788,59000,1.05,6331,1.15,4.5,2.49,10396,14919,10372,1413,2.32,82152,"Magnemite: 1587, Clefairy: 1428, Pikachu: 1289","Golbat: 1748, Gyarados: 1558, Staraptor: 1549",30,"Damage: 6140, Status: 146, Hazard: 0, Weather: 0, Cleric: 0, Screen: 0, Pass: 0, Debuff: 271, Tailwind: 0",None
MACHOP,E,All-Rounder,"Foresight: 41022 (18.1%), Karate Chop: 35860 (15.8%), Seismic Toss: 32197 (14.2%), Revenge: 30884 (13.6%), Leer: 27421 (12.1%), Vital Throw: 18801 (8.3%), Focus Energy: 13483 (5.9%), Low Kick: 11112 (4.9%), Submission: 8071 (3.6%), Wake Up Slap: 5949 (2.6%), Cross Chop: 1748 (0.8%), Struggle: 111 (0.0%)",42227,69275,0.61,7860,0.72,4.67,2.7,11465,3868,10129,0,7.49,74617,"Pikachu: 1189, Magnemite: 1183, Clefairy: 1119","Golbat: 1754, Gyarados: 1444, Staraptor: 1432",30,"Damage: 7591, Status: 0, Hazard: 0, Weather: 0, Cleric: 0, Screen: 0, Pass: 0, Debuff: 505, Tailwind: 0",None
MAGBY,D+,Disrupter,"Faint Attack: 7684 (27.7%), Fire Spin: 7322 (26.4%), Smoke Screen: 6784 (24.4%), Ember: 3417 (12.3%), Confuse Ray: 2541 (9.2%)",2124,5469,0.39,3954,1.11,4.96,2.21,957,2636,4020,283,7.41,6568,"Magikarp: 117, Zubat: 71, Gastly: 55","Gyarados: 104, Staraptor: 100, Golbat: 100",0,"Damage: 3518, Status: 2430, Hazard: 0, Weather: 0, Cleric: 0, Screen: 0, Pass: 0, Debuff: 0, Tailwind: 0",None
MAGCARGO,B+,Disrupter,"Rock Slide: 12403 (28.6%), Overheat: 8044 (18.6%), Recover: 5667 (13.1%), Yawn: 4680 (10.8%), Lava Plume: 3674 (8.5%), Amnesia: 2993 (6.9%), Ancient Power: 2589 (6.0%), Sunny Day: 1542 (3.6%), Smog: 653 (1.5%), Stone Edge: 416 (1.0%), Curse: 386 (0.9%), Struggle: 152 (0.4%), Body Slam: 145 (0.3%), Gyro Ball: 14 (0.0%)",10084,5652,1.78,1765,2.1,5.13,2.72,1592,3436,1868,3323,0.17,11172,"Golbat: 260, Magnemite: 209, Magikarp: 201","Gyarados: 173, Seaking: 128, Machoke: 118",3,"Damage: 1638, Status: 966, Hazard: 0, Weather: 1, Cleric: 0, Screen: 0, Pass: 0, Debuff: 0, Tailwind: 0",None
MAGIKARP,F-,Defender,"Splash: 234052 (61.9%), Tackle: 129694 (34.3%), Flail: 12335 (3.3%), Struggle: 1957 (0.5%)",1207,112665,0.01,8850,0.09,11.55,6.5,8117,11586,18309,0,3.74,40497,"Magikarp: 403, Pichu: 226, Mime Jr: 54","Pikachu: 1856, Magnemite: 1774, Geodude: 1662",15,"Damage: 8850, Status: 0, Hazard: 0, Weather: 0, Cleric: 0, Screen: 0, Pass: 0, Debuff: 0, Tailwind: 0",None
MAGMAR,B,Disrupter,"Fire Punch: 37021 (16.5%), Faint Attack: 33526 (15.0%), Confuse Ray: 32733 (14.6%), Fire Spin: 26459 (11.8%), Flamethrower: 24567 (11.0%), Lava Plume: 19265 (8.6%), Smoke Screen: 16319 (7.3%), Ember: 8262 (3.7%), Leer: 8047 (3.6%), Smog: 5315 (2.4%), Sunny Day: 3426 (1.5%), Overheat: 3255 (1.5%), Protect: 2637 (1.2%), Thunder Punch: 964 (0.4%), Fire Blast: 888 (0.4%), Focus Blast: 589 (0.3%), Will O Wisp: 494 (0.2%), Iron Tail: 195 (0.1%), Struggle: 16 (0.0%)",47626,32122,1.48,15407,1.96,5.09,2.3,8854,14637,16995,8779,4.64,49718,"Magnemite: 1419, Pikachu: 852, Clefairy: 745","Gyarados: 894, Graveler: 715, Seaking: 699",14,"Damage: 13757, Status: 11783, Hazard: 0, Weather: 4, Cleric: 0, Screen: 0, Pass: 0, Debuff: 97, Tailwind: 0",None
MAGMORTAR,A+,Disrupter,"Flamethrower: 5546 (40.9%), Lava Plume: 1804 (13.3%), Fire Blast: 1760 (13.0%), Sunny Day: 1283 (9.5%), Thunderbolt: 1249 (9.2%), Faint Attack: 551 (4.1%), Solar Beam: 524 (3.9%), Will O Wisp: 483 (3.6%), Confuse Ray: 177 (1.3%), Smog: 94 (0.7%), Hyper Beam: 74 (0.5%), Low Kick: 6 (0.0%)",5889,2200,2.68,1121,3.19,4.06,1.54,659,699,783,628,5.27,5008,"Golbat: 135, Gyarados: 130, Staraptor: 97","Snorlax: 82, Floatzel: 69, Graveler: 65",2,"Damage: 1028, Status: 546, Hazard: 0, Weather: 1, Cleric: 0, Screen: 0, Pass: 0, Debuff: 0, Tailwind: 0",None
MAGNEMITE,D-,Support,"Spark: 120079 (22.0%), Magnet Bomb: 117070 (21.4%), Lock On: 80095 (14.7%), Sonic Boom: 45050 (8.2%), Thunder Wave: 39675 (7.3%), Supersonic: 33673 (6.2%), Thunder Shock: 32986 (6.0%), Screech: 29537 (5.4%), Discharge: 16070 (2.9%), Tackle: 13603 (2.5%), Thunderbolt: 7676 (1.4%), Metal Sound: 5744 (1.1%), Mirror Shot: 3454 (0.6%), Shock Wave: 1699 (0.3%), Struggle: 49 (0.0%)",66319,93774,0.71,20757,0.93,7.31,4.06,18346,35207,23770,32128,1.21,87500,"Magikarp: 1774, Zubat: 1758, Golbat: 1648","Staraptor: 1945, Gyarados: 1853, Machoke: 1587",100,"Damage: 17698, Status: 9503, Hazard: 0, Weather: 0, Cleric: 0, Screen: 0, Pass: 0, Debuff: 3328, Tailwind: 0",None
MAGNETON,A-,Support,"Mirror Shot: 40530 (19.2%), Magnet Bomb: 32581 (15.4%), Discharge: 30797 (14.6%), Screech: 28288 (13.4%), Lock On: 15400 (7.3%), Gyro Ball: 14949 (7.1%), Thunderbolt: 14297 (6.8%), Magnet Rise: 9427 (4.5%), Tri Attack: 6276 (3.0%), Thunder Wave: 5423 (2.6%), Spark: 5278 (2.5%), Supersonic: 3714 (1.8%), Flash Cannon: 2151 (1.0%), Double Team: 968 (0.5%), Metal Sound: 939 (0.4%), Shock Wave: 502 (0.2%), Struggle: 26 (0.0%)",53867,26270,2.05,9941,2.43,5.34,2.67,8326,15848,14223,11107,2.97,49648,"Gyarados: 1190, Magikarp: 1105, Seaking: 1091","Staraptor: 766, Quagsire: 606, Gyarados: 606",44,"Damage: 8461, Status: 1922, Hazard: 0, Weather: 0, Cleric: 0, Screen: 0, Pass: 0, Debuff: 1965, Tailwind: 0",None
MAGNEZONE,A,All-Rounder,"Mirror Shot: 11035 (26.2%), Magnet Rise: 5499 (13.1%), Discharge: 5309 (12.6%), Screech: 5260 (12.5%), Gyro Ball: 4507 (10.7%), Flash Cannon: 3627 (8.6%), Zap Cannon: 1348 (3.2%), Thunderbolt: 1240 (2.9%), Mirror Coat: 1102 (2.6%), Thunder Wave: 943 (2.2%), Metal Sound: 458 (1.1%), Barrier: 454 (1.1%), Thunder: 419 (1.0%), Lock On: 368 (0.9%), Double Team: 291 (0.7%), Supersonic: 130 (0.3%), Hyper Beam: 91 (0.2%), Struggle: 20 (0.0%)",10926,4747,2.3,2456,2.82,4.66,2.5,1474,4199,2763,2379,0.01,11933,"Seaking: 230, Gyarados: 218, Onix: 205","Rapidash: 157, Gyarados: 116, Alakazam: 114",17,"Damage: 2394, Status: 213, Hazard: 0, Weather: 0, Cleric: 0, Screen: 0, Pass: 0, Debuff: 53, Tailwind: 0",None
MAKUHITA,E+,All-Rounder,"Endure: 7895 (43.5%), Reversal: 3787 (20.9%), Close Combat: 2283 (12.6%), Wake Up Slap: 2252 (12.4%), Seismic Toss: 1941 (10.7%)",2266,5960,0.38,2324,0.77,3.92,2.1,466,280,1006,0,6.22,6855,"Magikarp: 98, Pikachu: 77, Rattata: 68","Golbat: 132, Zubat: 103, Staraptor: 99",3,"Damage: 2324, Status: 0, Hazard: 0, Weather: 0, Cleric: 0, Screen: 0, Pass: 0, Debuff: 0, Tailwind: 0",None
MAMOSWINE,A+,All-Rounder,"Blizzard: 7248 (28.8%), Earthquake: 4031 (16.0%), Double Hit: 4030 (16.0%), Rock Slide: 3261 (13.0%), Ice Fang: 2866 (11.4%), Mist: 2188 (8.7%), Avalanche: 428 (1.7%), Giga Impact: 407 (1.6%), Stone Edge: 218 (0.9%), Ancient Power: 213 (0.8%), Hail: 165 (0.7%), Double Team: 109 (0.4%)",9420,3303,2.85,1857,3.41,4.46,1.94,1201,3606,1132,718,-4.76,7341,"Magnemite: 236, Clefairy: 191, Pikachu: 170","Gyarados: 132, Seaking: 68, Machoke: 68",1,"Damage: 1797, Status: 12, Hazard: 0, Weather: 113, Cleric: 0, Screen: 0, Pass: 0, Debuff: 0, Tailwind: 0",None
MANECTRIC,A,All-Rounder,"Thunder Fang: 1437 (35.2%), Overheat: 797 (19.5%), Fire Fang: 558 (13.7%), Discharge: 474 (11.6%), Quick Attack: 389 (9.5%), Thunder Wave: 239 (5.9%), Natural Gift: 102 (2.5%), Giga Impact: 83 (2.0%)",1522,756,2.01,517,2.7,3.91,1.28,217,257,124,300,1.53,1533,"Gyarados: 54, Seaking: 37, Starmie: 30","Quagsire: 30, Alakazam: 24, Roserade: 20",1,"Damage: 473, Status: 227, Hazard: 0, Weather: 0, Cleric: 0, Screen: 0, Pass: 0, Debuff: 0, Tailwind: 0",None
MANKEY,E+,Support,"Screech: 12710 (23.2%), Seismic Toss: 8290 (15.1%), Karate Chop: 7772 (14.2%), Punishment: 5547 (10.1%), Focus Energy: 3286 (6.0%), Scratch: 3201 (5.8%), Leer: 3060 (5.6%), Low Kick: 2988 (5.5%), Assurance: 2499 (4.6%), Fury Swipes: 2214 (4.0%), Thrash: 1438 (2.6%), Close Combat: 877 (1.6%), Cross Chop: 865 (1.6%)",8186,16058,0.51,4659,0.8,4.19,2.27,2961,3812,2492,0,2.87,16437,"Magikarp: 392, Clefairy: 227, Pikachu: 224","Golbat: 379, Staraptor: 290, Gyarados: 271",0,"Damage: 3929, Status: 0, Hazard: 0, Weather: 0, Cleric: 0, Screen: 0, Pass: 0, Debuff: 1682, Tailwind: 0",None
MANTINE,B,Disrupter,"Bounce: 34496 (34.7%), Hydro Pump: 20789 (20.9%), Confuse Ray: 19812 (19.9%), Aqua Ring: 13246 (13.3%), Water Pulse: 4280 (4.3%), Take Down: 2767 (2.8%), Wing Attack: 1665 (1.7%), Psybeam: 1640 (1.6%), Struggle: 730 (0.7%)",13161,9055,1.45,4732,1.98,7.81,3.07,2350,8472,15589,741,8.27,15785,"Machoke: 248, Zubat: 227, Machop: 222","Gyarados: 216, Staraptor: 187, Magneton: 164",4,"Damage: 3981, Status: 3401, Hazard: 0, Weather: 0, Cleric: 0, Screen: 0, Pass: 0, Debuff: 0, Tailwind: 0",None
MANTYKE,D,Defender,"Bounce: 13737 (26.3%), Take Down: 12851 (24.6%), Water Pulse: 12729 (24.4%), Confuse Ray: 5268 (10.1%), Wing Attack: 4128 (7.9%), Agility: 3554 (6.8%)",4153,8316,0.5,4418,1.03,6.23,2.91,1905,3937,6716,1794,7.8,10161,"Magikarp: 241, Geodude: 177, Onix: 121","Magnemite: 169, Golbat: 150, Gyarados: 149",0,"Damage: 4305, Status: 1806, Hazard: 0, Weather: 0, Cleric: 0, Screen: 0, Pass: 0, Debuff: 0, Tailwind: 0",None
MAREEP,D-,Disrupter,"Thunder Shock: 18447 (27.2%), Discharge: 9657 (14.2%), Tackle: 9360 (13.8%), Cotton Spore: 8821 (13.0%), Charge: 8258 (12.2%), Growl: 6638 (9.8%), Thunder Wave: 4298 (6.3%), Signal Beam: 2401 (3.5%), Struggle: 7 (0.0%)",9568,14816,0.65,4247,0.93,4.56,2.4,2265,3858,2915,3039,1.89,19042,"Magikarp: 396, Zubat: 324, Goldeen: 250","Staraptor: 290, Gyarados: 267, Kadabra: 238",1,"Damage: 3199, Status: 3016, Hazard: 0, Weather: 0, Cleric: 0, Screen: 0, Pass: 0, Debuff: 246, Tailwind: 0",None
MARILL,E,All-Rounder,"Rollout: 54841 (23.9%), Double Edge: 47518 (20.7%), Bubble Beam: 27940 (12.2%), Aqua Tail: 25473 (11.1%), Aqua Ring: 21580 (9.4%), Rain Dance: 15285 (6.7%), Water Gun: 13602 (5.9%), Defense Curl: 9606 (4.2%), Tail Whip: 7635 (3.3%), Hydro Pump: 5890 (2.6%), Struggle: 273 (0.1%)",19796,49059,0.4,13340,0.68,6.04,3.64,9548,16613,13673,2252,2.71,50095,"Geodude: 760, Magikarp: 726, Zubat: 622","Golbat: 969, Magnemite: 876, Gyarados: 847",20,"Damage: 13146, Status: 0, Hazard: 0, Weather: 0, Cleric: 0, Screen: 0, Pass: 0, Debuff: 428, Tailwind: 0",None
MAROWAK,D+,Attacker,"Leer: 18874 (29.4%), Double Edge: 9728 (15.1%), Rage: 7111 (11.1%), Stone Edge: 6621 (10.3%), Focus Energy: 5387 (8.4%), Thrash: 4741 (7.4%), Swords Dance: 2936 (4.6%), Bonemerang: 2905 (4.5%), Bone Rush: 2714 (4.2%), False Swipe: 2326 (3.6%), Endeavor: 930 (1.4%), Fling: 24 (0.0%), Struggle: 3 (0.0%)",11397,10619,1.07,1072,1.17,6.16,3.59,3497,4525,3047,0,3.0,13168,"Magnemite: 319, Zubat: 236, Golbat: 221","Gyarados: 231, Golbat: 174, Seaking: 173",1,"Damage: 1041, Status: 0, Hazard: 0, Weather: 0, Cleric: 0, Screen: 0, Pass: 0, Debuff: 33, Tailwind: 0",None
MEDICHAM,B,Attacker,"Calm Mind: 14119 (14.4%), Reversal: 13197 (13.5%), Hi Jump Kick: 11629 (11.9%), Psych Up: 9939 (10.1%), Force Palm: 8013 (8.2%), Recover: 7728 (7.9%), Power Trick: 7025 (7.2%), Detect: 4900 (5.0%), Psycho Cut: 4535 (4.6%), Brick Break: 2993 (3.1%), Meditate: 2817 (2.9%), Confusion: 2766 (2.8%), Thunder Punch: 2323 (2.4%), Light Screen: 1625 (1.7%), Psychic: 1293 (1.3%), Ice Punch: 1127 (1.1%), Rock Slide: 838 (0.9%), Feint: 422 (0.4%), Attract: 395 (0.4%), Fire Punch: 248 (0.3%), Struggle: 124 (0.1%)",19951,11764,1.7,3026,1.95,5.7,2.75,3165,2367,4401,1898,5.1,20650,"Magnemite: 471, Clefairy: 439, Pikachu: 351","Golbat: 368, Staraptor: 365, Gyarados: 301",0,"Damage: 3001, Status: 224, Hazard: 0, Weather: 0, Cleric: 0, Screen: 81, Pass: 0, Debuff: 5, Tailwind: 0",None
MEDITITE,E-,All-Rounder,"Detect: 21728 (26.9%), Mind Reader: 15365 (19.0%), Confusion: 12172 (15.1%), Force Palm: 3990 (4.9%), Meditate: 3940 (4.9%), Drain Punch: 3789 (4.7%), Feint: 3742 (4.6%), Hidden Power: 3735 (4.6%), Bide: 2926 (3.6%), Rock Tomb: 2767 (3.4%), Calm Mind: 2731 (3.4%), Fake Out: 1492 (1.8%), Power Trick: 1161 (1.4%), Hi Jump Kick: 701 (0.9%), Psych Up: 469 (0.6%), Struggle: 10 (0.0%)",7256,17698,0.41,3396,0.6,5.08,2.17,1916,1461,3087,4517,4.13,21092,"Magikarp: 241, Zubat: 230, Machop: 196","Golbat: 461, Staraptor: 407, Gyarados: 394",20,"Damage: 3396, Status: 434, Hazard: 0, Weather: 0, Cleric: 0, Screen: 0, Pass: 0, Debuff: 116, Tailwind: 0",None
MEGANIUM,S-,All-Rounder,"Petal Dance: 12505 (61.5%), Body Slam: 3157 (15.5%), Light Screen: 2354 (11.6%), Synthesis: 1210 (6.0%), Reflect: 768 (3.8%), Poison Powder: 326 (1.6%)",7275,2146,3.39,1648,4.16,5.0,2.36,966,607,883,574,5.88,5855,"Seaking: 180, Magnemite: 153, Golduck: 138","Rapidash: 77, Staraptor: 74, Golbat: 58",1,"Damage: 1539, Status: 163, Hazard: 0, Weather: 0, Cleric: 0, Screen: 154, Pass: 0, Debuff: 0, Tailwind: 0",None
MEOWTH,F+,All-Rounder,"Bite: 9328 (14.1%), Growl: 8981 (13.6%), Pay Day: 8015 (12.1%), Slash: 7577 (11.4%), Taunt: 5343 (8.1%), Faint Attack: 5310 (8.0%), Scratch: 5148 (7.8%), Fury Swipes: 3944 (6.0%), Night Slash: 3360 (5.1%), Assurance: 3323 (5.0%), Feint: 3307 (5.0%), Captivate: 1837 (2.8%), Fake Out: 717 (1.1%)",7098,18436,0.39,2144,0.5,5.41,3.31,3832,2082,2712,2955,6.44,13011,"Magikarp: 309, Pikachu: 232, Zubat: 216","Golbat: 380, Gyarados: 330, Staraptor: 312",0,"Damage: 2120, Status: 0, Hazard: 0, Weather: 0, Cleric: 0, Screen: 0, Pass: 0, Debuff: 121, Tailwind: 0",None
METAGROSS,S+,Attacker,"Meteor Mash: 9327 (42.8%), Hammer Arm: 4866 (22.3%), Psychic: 2444 (11.2%), Gravity: 1720 (7.9%), Bullet Punch: 1720 (7.9%), Magnet Rise: 1298 (6.0%), Zen Headbutt: 275 (1.3%), Explosion: 147 (0.7%), Struggle: 2 (0.0%)",10270,1661,6.18,747,6.63,4.09,2.04,1057,1865,574,1690,-1.15,6473,"Clefairy: 191, Pikachu: 179, Magnemite: 170","Rapidash: 98, Magmar: 53, Gyarados: 51",0,"Damage: 747, Status: 0, Hazard: 0, Weather: 0, Cleric: 0, Screen: 0, Pass: 0, Debuff: 0, Tailwind: 0",None
METANG,S-,All-Rounder,"Meteor Mash: 4937 (39.2%), Zen Headbutt: 4740 (37.7%), Bullet Punch: 1766 (14.0%), Pursuit: 1138 (9.0%)",4171,1289,3.24,879,3.92,4.8,2.79,669,1412,478,1298,-2.5,3110,"Golbat: 81, Magikarp: 80, Clefairy: 79","Gyarados: 48, Rapidash: 40, Magmar: 36",0,"Damage: 879, Status: 0, Hazard: 0, Weather: 0, Cleric: 0, Screen: 0, Pass: 0, Debuff: 0, Tailwind: 0",None
METAPOD,F-,Defender,"Harden: 45401 (63.2%), Bug Bite: 9535 (13.3%), String Shot: 8702 (12.1%), Tackle: 6852 (9.5%), Struggle: 1377 (1.9%)",809,16195,0.05,2680,0.22,11.61,6.13,1045,1765,3841,0,4.12,8848,"Magikarp: 106, Pichu: 43, Clefairy: 25","Golbat: 303, Staraptor: 289, Gyarados: 245",0,"Damage: 2653, Status: 0, Hazard: 0, Weather: 0, Cleric: 0, Screen: 0, Pass: 0, Debuff: 93, Tailwind: 0",None
MIGHTYENA,A-,Support,"Crunch: 7298 (46.5%), Iron Tail: 2985 (19.0%), Scary Face: 1666 (10.6%), Sucker Punch: 1267 (8.1%), Take Down: 1054 (6.7%), Taunt: 778 (5.0%), Assurance: 643 (4.1%), Struggle: 5 (0.0%)",4714,2309,2.04,1130,2.53,4.32,2.09,736,1386,622,1105,-0.29,4297,"Clefairy: 110, Pikachu: 86, Magikarp: 83","Staraptor: 72, Machoke: 68, Gyarados: 68",0,"Damage: 1016, Status: 0, Hazard: 0, Weather: 0, Cleric: 0, Screen: 0, Pass: 0, Debuff: 389, Tailwind: 0",None
MILOTIC,A+,All-Rounder,"Surf: 781 (26.9%), Ice Beam: 633 (21.8%), Hydro Pump: 483 (16.6%), Sleep Talk: 320 (11.0%), Mirror Coat: 319 (11.0%), Aqua Ring: 161 (5.5%), Rest: 121 (4.2%), Dragon Pulse: 90 (3.1%)",955,417,2.29,259,2.91,5.57,2.56,116,210,136,43,1.6,775,"Rapidash: 56, Gengar: 37, Roserade: 29","Roserade: 39, Snorlax: 38, Heracross: 21",0,"Damage: 259, Status: 7, Hazard: 0, Weather: 0, Cleric: 0, Screen: 0, Pass: 0, Debuff: 0, Tailwind: 0",None
MILTANK,A,Attacker,"Stomp: 13257 (54.1%), Rollout: 2467 (10.1%), Attract: 1893 (7.7%), Wake Up Slap: 1327 (5.4%), Heal Bell: 1298 (5.3%), Gyro Ball: 1169 (4.8%), Body Slam: 1055 (4.3%), Captivate: 744 (3.0%), Milk Drink: 697 (2.8%), Sleep Talk: 352 (1.4%), Rest: 231 (0.9%), Struggle: 4 (0.0%)",4875,2120,2.3,673,2.62,6.96,2.76,1174,817,930,222,5.01,4347,"Magnemite: 105, Clefairy: 98, Golbat: 94","Heracross: 79, Graveler: 66, Alakazam: 56",1,"Damage: 663, Status: 41, Hazard: 0, Weather: 0, Cleric: 7, Screen: 0, Pass: 0, Debuff: 17, Tailwind: 0",None
MIME JR,F,All-Rounder,"Double Slap: 19734 (28.9%), Meditate: 14792 (21.7%), Mimic: 8860 (13.0%), Encore: 7403 (10.9%), Reflect: 6363 (9.3%), Light Screen: 5317 (7.8%), Psybeam: 3779 (5.5%), Substitute: 1640 (2.4%), Struggle: 301 (0.4%), Recycle: 10 (0.0%), Slash: 1 (0.0%)",1612,15982,0.1,3005,0.29,5.76,2.63,1422,4162,4929,446,3.0,17070,"Butterfree: 63, Zubat: 62, Machop: 48","Golbat: 267, Staraptor: 261, Zubat: 257",4,"Damage: 2789, Status: 142, Hazard: 1, Weather: 0, Cleric: 0, Screen: 308, Pass: 0, Debuff: 85, Tailwind: 0","Splash: 327 (4.2%), Tackle: 314 (4.0%), Defense Curl: 181 (2.3%), Double Team: 166 (2.1%), Tail Whip: 156 (2.0%), Leer: 151 (1.9%), Confusion: 146 (1.9%), Spark: 132 (1.7%), Agility: 128 (1.6%), Safeguard: 127 (1.6%), Sucker Punch: 118 (1.5%), Curse: 104 (1.3%), Rock Polish: 97 (1.2%), Protect: 87 (1.1%), Growl: 87 (1.1%), Mega Drain: 86 (1.1%), Water Gun: 84 (1.1%), Disable: 84 (1.1%), Quick Attack: 83 (1.1%), Harden: 83 (1.1%), Follow Me: 82 (1.0%), Psybeam: 82 (1.0%), Charge: 80 (1.0%), Tailwind: 79 (1.0%), Captivate: 76 (1.0%), Flail: 71 (0.9%), Magnet Bomb: 65 (0.8%), Psychic: 65 (0.8%), Water Pulse: 63 (0.8%), Feather Dance: 63 (0.8%), Nasty Plot: 62 (0.8%), Magical Leaf: 62 (0.8%), Present: 62 (0.8%), Sand Attack: 61 (0.8%), Endure: 61 (0.8%), Bubble Beam: 60 (0.8%), Bide: 59 (0.8%), Smoke Screen: 52 (0.7%), Scary Face: 52 (0.7%), Rest: 52 (0.7%), Charm: 51 (0.7%), Screech: 51 (0.7%), Amnesia: 50 (0.6%), Aqua Ring: 50 (0.6%), Wing Attack: 50 (0.6%), Me First: 50 (0.6%), Ice Shard: 49 (0.6%), Growth: 49 (0.6%), Hypnosis: 48 (0.6%), Reflect: 47 (0.6%), Low Kick: 46 (0.6%), String Shot: 45 (0.6%), Hidden Power: 45 (0.6%), Roost: 45 (0.6%), Stockpile: 45 (0.6%), Wake Up Slap: 45 (0.6%), Peck: 44 (0.6%), Gust: 42 (0.5%), Meteor Mash: 42 (0.5%), Recover: 42 (0.5%), Flash: 42 (0.5%), Rollout: 42 (0.5%), Minimize: 41 (0.5%), Bug Buzz: 39 (0.5%), Confuse Ray: 38 (0.5%), Endeavor: 37 (0.5%), Absorb: 37 (0.5%), Zen Headbutt: 36 (0.5%), Bubble: 36 (0.5%), Slash: 36 (0.5%), Fury Swipes: 35 (0.4%), Wish: 35 (0.4%), Counter: 35 (0.4%), Uproar: 33 (0.4%), Pursuit: 33 (0.4%), Stun Spore: 32 (0.4%), Fury Attack: 31 (0.4%), Light Screen: 31 (0.4%), Calm Mind: 31 (0.4%), Mud Bomb: 31 (0.4%), Thunder Wave: 30 (0.4%), Gyro Ball: 30 (0.4%), Mean Look: 29 (0.4%), Sweet Kiss: 29 (0.4%), Hyper Voice: 29 (0.4%), Reversal: 29 (0.4%), Feint: 28 (0.4%), Slam: 28 (0.4%), Scratch: 27 (0.3%), Poison Sting: 27 (0.3%), Pain Split: 27 (0.3%), Egg Bomb: 26 (0.3%), Sweet Scent: 26 (0.3%), Rapid Spin: 25 (0.3%), Skill Swap: 25 (0.3%), Whirlpool: 25 (0.3%), Extrasensory: 25 (0.3%), Foresight: 24 (0.3%), Focus Energy: 23 (0.3%), Take Down: 23 (0.3%), Petal Dance: 23 (0.3%), Acid: 22 (0.3%), Spite: 22 (0.3%), Meditate: 22 (0.3%), Supersonic: 21 (0.3%), Sonic Boom: 21 (0.3%), Bounce: 21 (0.3%), Thunder Shock: 21 (0.3%), Rock Throw: 21 (0.3%), Magnet Rise: 21 (0.3%), Hydro Pump: 21 (0.3%), Leech Life: 20 (0.3%), Mud Shot: 19 (0.2%), Iron Defense: 19 (0.2%), Lock On: 19 (0.2%), Twister: 18 (0.2%), Swift: 18 (0.2%), Toxic Spikes: 18 (0.2%), Sing: 18 (0.2%), Air Cutter: 18 (0.2%), Helping Hand: 18 (0.2%), Giga Drain: 17 (0.2%), Conversion 2: 17 (0.2%), Swagger: 17 (0.2%), Withdraw: 16 (0.2%), Dragon Dance: 16 (0.2%), Camouflage: 16 (0.2%), Ember: 16 (0.2%), Smog: 15 (0.2%), Aerial Ace: 15 (0.2%), Body Slam: 15 (0.2%), Constrict: 15 (0.2%), Yawn: 14 (0.2%), Faint Attack: 14 (0.2%), Lucky Chant: 14 (0.2%), Rage: 14 (0.2%), Icy Wind: 14 (0.2%), Thunderbolt: 14 (0.2%), Moonlight: 14 (0.2%), Super Fang: 13 (0.2%), Mirror Coat: 13 (0.2%), Ancient Power: 13 (0.2%), Double Edge: 13 (0.2%), Horn Drill: 13 (0.2%), Mind Reader: 13 (0.2%), Sludge: 13 (0.2%), Bite: 13 (0.2%), Aromatherapy: 12 (0.2%), Air Slash: 12 (0.2%), Mud Slap: 12 (0.2%), Discharge: 12 (0.2%), Spit Up: 12 (0.2%), Acupressure: 11 (0.1%), Karate Chop: 11 (0.1%), Psych Up: 11 (0.1%), Mud Sport: 11 (0.1%), Seismic Toss: 11 (0.1%), Vine Whip: 11 (0.1%), Waterfall: 11 (0.1%), Sludge Bomb: 10 (0.1%), Astonish: 10 (0.1%), Aurora Beam: 10 (0.1%), Worry Seed: 10 (0.1%), Bind: 10 (0.1%), Role Play: 10 (0.1%), Detect: 10 (0.1%), Pound: 10 (0.1%), Charge Beam: 10 (0.1%), Teeter Dance: 10 (0.1%), Brine: 10 (0.1%), Trump Card: 10 (0.1%), Swallow: 10 (0.1%), Fake Tears: 9 (0.1%), Bullet Seed: 9 (0.1%), Aqua Tail: 9 (0.1%), Revenge: 9 (0.1%), Double Hit: 8 (0.1%), Rock Slide: 8 (0.1%), Block: 8 (0.1%), Assurance: 8 (0.1%), Conversion: 8 (0.1%), Hyper Beam: 8 (0.1%), Vital Throw: 8 (0.1%), Leaf Storm: 8 (0.1%), Mist: 8 (0.1%), Wrap: 7 (0.1%), Magnitude: 7 (0.1%), Rain Dance: 7 (0.1%), Iron Tail: 7 (0.1%), Lick: 7 (0.1%), Water Sport: 7 (0.1%), Poison Powder: 7 (0.1%), Future Sight: 7 (0.1%), Stomp: 7 (0.1%), Earth Power: 7 (0.1%), Night Slash: 7 (0.1%), Flatter: 7 (0.1%), Synthesis: 7 (0.1%), Submission: 7 (0.1%), Slack Off: 7 (0.1%), Tickle: 6 (0.1%), Swords Dance: 6 (0.1%), Substitute: 6 (0.1%), Beat Up: 6 (0.1%), Metal Claw: 6 (0.1%), Dragon Breath: 6 (0.1%), Sand Tomb: 6 (0.1%), Comet Punch: 6 (0.1%), Cotton Spore: 6 (0.1%), Night Shade: 6 (0.1%), Solar Beam: 6 (0.1%), Fury Cutter: 5 (0.1%), Grudge: 5 (0.1%), Psywave: 5 (0.1%), Power Gem: 5 (0.1%), Fire Blast: 5 (0.1%), Leech Seed: 5 (0.1%), Dragon Rush: 5 (0.1%), Destiny Bond: 5 (0.1%), Mach Punch: 5 (0.1%), Softboiled: 5 (0.1%), Bone Rush: 5 (0.1%), Fire Spin: 4 (0.1%), Razor Leaf: 4 (0.1%), Ice Beam: 4 (0.1%), Odor Sleuth: 4 (0.1%), Poison Jab: 4 (0.1%), Rock Tomb: 4 (0.1%), Ice Punch: 4 (0.1%), Dig: 4 (0.1%), Close Combat: 4 (0.1%), Jump Kick: 4 (0.1%), Cut: 4 (0.1%), Whirlwind: 4 (0.1%), Sheer Cold: 4 (0.1%), Pin Missile: 4 (0.1%), Gastro Acid: 3 (0.0%), Barrier: 3 (0.0%), Ingrain: 3 (0.0%), Heal Block: 3 (0.0%), Toxic: 3 (0.0%), Sleep Powder: 3 (0.0%), Signal Beam: 3 (0.0%), Wring Out: 3 (0.0%), Icicle Spear: 3 (0.0%), Dizzy Punch: 3 (0.0%), Double Kick: 3 (0.0%), Sunny Day: 3 (0.0%), Payback: 3 (0.0%), Overheat: 3 (0.0%), Thunder: 3 (0.0%), Glare: 3 (0.0%), Kinesis: 3 (0.0%), Dragon Pulse: 3 (0.0%), Frustration: 3 (0.0%), Brick Break: 3 (0.0%), Bug Bite: 3 (0.0%), Grass Knot: 2 (0.0%), Belly Drum: 2 (0.0%), Attract: 2 (0.0%), Cross Chop: 2 (0.0%), Encore: 2 (0.0%), Leaf Blade: 2 (0.0%), Force Palm: 2 (0.0%), Aqua Jet: 2 (0.0%), Poison Fang: 2 (0.0%), Dragon Rage: 2 (0.0%), Focus Blast: 2 (0.0%), Bone Club: 2 (0.0%), Surf: 2 (0.0%), Last Resort: 2 (0.0%), Headbutt: 2 (0.0%), Embargo: 2 (0.0%), Torment: 2 (0.0%), Psycho Cut: 2 (0.0%), Fire Fang: 2 (0.0%), Superpower: 2 (0.0%), Stealth Rock: 2 (0.0%), Vice Grip: 2 (0.0%), Mirror Shot: 2 (0.0%), Extreme Speed: 1 (0.0%), Pay Day: 1 (0.0%), Acid Armor: 1 (0.0%), Cosmic Power: 1 (0.0%), Crush Claw: 1 (0.0%), Transform: 1 (0.0%), Taunt: 1 (0.0%), Sandstorm: 1 (0.0%), Assist: 1 (0.0%), Thunder Fang: 1 (0.0%), Stone Edge: 1 (0.0%), Shadow Punch: 1 (0.0%), Silver Wind: 1 (0.0%), Psycho Boost: 1 (0.0%), Fling: 1 (0.0%), Thrash: 1 (0.0%), Bonemerang: 1 (0.0%), Seed Bomb: 1 (0.0%), Horn Attack: 1 (0.0%), Octazooka: 1 (0.0%), Shock Wave: 1 (0.0%), Clamp: 1 (0.0%), Dark Pulse: 1 (0.0%), Flamethrower: 1 (0.0%), Muddy Water: 1 (0.0%), Earthquake: 1 (0.0%), Power Whip: 1 (0.0%), Shadow Sneak: 1 (0.0%), Power Swap: 1 (0.0%), Gravity: 1 (0.0%), Spider Web: 1 (0.0%), Flash Cannon: 1 (0.0%), Spikes: 1 (0.0%)"
MINUN,D-,Support,"Trump Card: 3267 (16.9%), Thunder: 3164 (16.4%), Agility: 2865 (14.8%), Nasty Plot: 2808 (14.5%), Baton Pass: 2426 (12.5%), Fake Tears: 1652 (8.5%), Charge: 1630 (8.4%), Swift: 1518 (7.8%), Struggle: 13 (0.1%)",2024,3898,0.52,1456,0.89,4.84,2.29,485,1018,760,0,1.13,5643,"Magnemite: 43, Zubat: 36, Gyarados: 36","Staraptor: 76, Gyarados: 62, Graveler: 62",2,"Damage: 943, Status: 0, Hazard: 0, Weather: 0, Cleric: 0, Screen: 0, Pass: 144, Debuff: 482, Tailwind: 0",None
MISDREAVUS,C-,All-Rounder,"Psybeam: 27764 (34.9%), Pain Split: 11097 (14.0%), Confuse Ray: 9518 (12.0%), Power Gem: 6393 (8.0%), Grudge: 6331 (8.0%), Shadow Ball: 4960 (6.2%), Perish Song: 4316 (5.4%), Astonish: 4013 (5.0%), Spite: 3754 (4.7%), Mean Look: 1272 (1.6%), Struggle: 63 (0.1%)",10913,12506,0.87,5493,1.31,5.24,2.08,2530,1738,2458,3396,3.92,18341,"Zubat: 312, Geodude: 247, Magikarp: 246","Gyarados: 292, Staraptor: 286, Seaking: 213",1,"Damage: 5157, Status: 1286, Hazard: 0, Weather: 0, Cleric: 0, Screen: 0, Pass: 0, Debuff: 188, Tailwind: 0",None
MISMAGIUS,A+,Attacker,"Shadow Ball: 4829 (28.2%), Magical Leaf: 3817 (22.3%), Psybeam: 2146 (12.6%), Aerial Ace: 2089 (12.2%), Shock Wave: 1903 (11.1%), Confuse Ray: 1254 (7.3%), Thunderbolt: 427 (2.5%), Psychic: 291 (1.7%), Astonish: 147 (0.9%), Mean Look: 101 (0.6%), Perish Song: 94 (0.5%)",5666,2116,2.68,772,3.04,4.78,1.57,898,232,468,676,6.36,4923,"Seaking: 118, Graveler: 110, Gyarados: 98","Sneasel: 60, Staraptor: 55, Gyarados: 49",3,"Damage: 733, Status: 211, Hazard: 0, Weather: 0, Cleric: 0, Screen: 0, Pass: 0, Debuff: 36, Tailwind: 0",None
MONFERNO,C,Attacker,"Flame Wheel: 13571 (44.5%), Mach Punch: 7267 (23.8%), Torment: 4793 (15.7%), Feint: 3422 (11.2%), Leer: 1091 (3.6%), Fury Swipes: 353 (1.2%), Struggle: 4 (0.0%)",8211,6548,1.25,1190,1.44,4.14,1.82,1499,813,1097,0,5.64,10220,"Magnemite: 332, Clefairy: 233, Sneasel: 154","Mr Mime: 202, Kadabra: 200, Gyarados: 178",7,"Damage: 1107, Status: 0, Hazard: 0, Weather: 0, Cleric: 0, Screen: 0, Pass: 0, Debuff: 117, Tailwind: 0",None
MOTHIM,C-,All-Rounder,"Protect: 4206 (15.3%), Bug Bite: 3839 (13.9%), Tackle: 3635 (13.2%), Hidden Power: 3510 (12.7%), Gust: 3247 (11.8%), Confusion: 3083 (11.2%), Psybeam: 2972 (10.8%), Poison Powder: 1709 (6.2%), Air Slash: 537 (2.0%), Silver Wind: 370 (1.3%), Psychic: 258 (0.9%), Toxic: 170 (0.6%)",4662,5420,0.86,2113,1.25,4.66,2.18,1305,1151,1137,607,4.67,7606,"Magikarp: 158, Zubat: 109, Machop: 96","Golbat: 131, Gyarados: 123, Staraptor: 106",1,"Damage: 2085, Status: 335, Hazard: 0, Weather: 0, Cleric: 0, Screen: 0, Pass: 0, Debuff: 0, Tailwind: 0",None
MR MIME,B+,Support,"Psychic: 86139 (27.6%), Psybeam: 50043 (16.1%), Reflect: 32116 (10.3%), Role Play: 27143 (8.7%), Substitute: 23634 (7.6%), Light Screen: 21479 (6.9%), Double Slap: 13667 (4.4%), Baton Pass: 9570 (3.1%), Mimic: 9066 (2.9%), Double Team: 7823 (2.5%), Meditate: 6865 (2.2%), Safeguard: 5597 (1.8%), Encore: 5564 (1.8%), Thunderbolt: 5483 (1.8%), Drain Punch: 3671 (1.2%), Trick Room: 1678 (0.5%), Trick: 829 (0.3%), Skill Swap: 665 (0.2%), Thunder: 371 (0.1%), Recycle: 235 (0.1%), Struggle: 142 (0.0%), Giga Drain: 4 (0.0%), Bubble Beam: 1 (0.0%)",63831,39154,1.63,20236,2.15,5.61,2.08,9704,7043,15589,7612,5.56,72550,"Zubat: 1335, Machoke: 1220, Pikachu: 1191","Staraptor: 1116, Gyarados: 1087, Sneasel: 790",38,"Damage: 16547, Status: 965, Hazard: 8, Weather: 0, Cleric: 0, Screen: 3638, Pass: 1488, Debuff: 680, Tailwind: 0","Tackle: 263 (3.2%), Psychic: 216 (2.6%), Quick Attack: 180 (2.2%), Extrasensory: 155 (1.9%), Water Pulse: 141 (1.7%), Double Team: 137 (1.7%), Splash: 134 (1.6%), Sucker Punch: 130 (1.6%), Confusion: 112 (1.4%), Defense Curl: 106 (1.3%), Protect: 100 (1.2%), Disable: 94 (1.1%), Zen Headbutt: 94 (1.1%), Agility: 93 (1.1%), Curse: 91 (1.1%), Spark: 90 (1.1%), Safeguard: 82 (1.0%), Water Gun: 81 (1.0%), Magnet Bomb: 81 (1.0%), Feint: 78 (0.9%), Mud Bomb: 77 (0.9%), Bubble Beam: 76 (0.9%), Double Edge: 76 (0.9%), Aqua Ring: 76 (0.9%), Mega Drain: 75 (0.9%), Faint Attack: 72 (0.9%), Follow Me: 69 (0.8%), Leer: 68 (0.8%), Wake Up Slap: 67 (0.8%), Amnesia: 67 (0.8%), Slam: 65 (0.8%), Lock On: 65 (0.8%), Rest: 65 (0.8%), Bite: 64 (0.8%), Endure: 64 (0.8%), Stockpile: 63 (0.8%), Slash: 62 (0.8%), Ice Shard: 61 (0.7%), Harden: 61 (0.7%), Flail: 59 (0.7%), Charge: 59 (0.7%), Rock Polish: 58 (0.7%), Petal Dance: 57 (0.7%), Fury Attack: 53 (0.6%), Bounce: 52 (0.6%), Meteor Mash: 51 (0.6%), Swift: 51 (0.6%), Take Down: 50 (0.6%), Peck: 49 (0.6%), Fury Swipes: 48 (0.6%), Slack Off: 48 (0.6%), Minimize: 47 (0.6%), Screech: 46 (0.6%), Wing Attack: 43 (0.5%), Rock Throw: 40 (0.5%), Astonish: 40 (0.5%), Vine Whip: 40 (0.5%), Tail Whip: 39 (0.5%), Karate Chop: 39 (0.5%), Hidden Power: 38 (0.5%), Smoke Screen: 38 (0.5%), Detect: 37 (0.4%), Psybeam: 37 (0.4%), Bug Buzz: 36 (0.4%), Air Slash: 36 (0.4%), Hydro Pump: 36 (0.4%), Discharge: 36 (0.4%), Aqua Tail: 36 (0.4%), Air Cutter: 35 (0.4%), Reversal: 35 (0.4%), Ember: 34 (0.4%), Counter: 34 (0.4%), Conversion 2: 34 (0.4%), Giga Drain: 33 (0.4%), Dig: 33 (0.4%), Rapid Spin: 33 (0.4%), Horn Attack: 33 (0.4%), Body Slam: 32 (0.4%), Brine: 32 (0.4%), Thunderbolt: 32 (0.4%), Scratch: 32 (0.4%), Dragon Dance: 32 (0.4%), Growth: 32 (0.4%), Thunder Shock: 31 (0.4%), Magical Leaf: 31 (0.4%), Scary Face: 31 (0.4%), Gust: 30 (0.4%), Captivate: 30 (0.4%), Withdraw: 30 (0.4%), Sand Attack: 29 (0.4%), Confuse Ray: 28 (0.3%), Razor Leaf: 28 (0.3%), Rollout: 27 (0.3%), Night Slash: 27 (0.3%), Bullet Seed: 27 (0.3%), Beat Up: 26 (0.3%), Sing: 26 (0.3%), Present: 26 (0.3%), Assurance: 25 (0.3%), Revenge: 25 (0.3%), Sludge: 25 (0.3%), Poison Sting: 25 (0.3%), Pursuit: 24 (0.3%), Recover: 24 (0.3%), Magnet Rise: 24 (0.3%), Mean Look: 23 (0.3%), Growl: 23 (0.3%), Horn Drill: 23 (0.3%), Light Screen: 23 (0.3%), Ice Beam: 22 (0.3%), Trump Card: 22 (0.3%), Dark Pulse: 22 (0.3%), Signal Beam: 21 (0.3%), Wish: 21 (0.3%), Low Kick: 21 (0.3%), Leech Life: 21 (0.3%), Charm: 20 (0.2%), Nasty Plot: 20 (0.2%), Sonic Boom: 20 (0.2%), Role Play: 20 (0.2%), Foresight: 20 (0.2%), Mirror Shot: 19 (0.2%), Mud Slap: 19 (0.2%), Supersonic: 19 (0.2%), Charge Beam: 18 (0.2%), Cross Chop: 18 (0.2%), Ancient Power: 18 (0.2%), Lucky Chant: 18 (0.2%), Blizzard: 18 (0.2%), Double Hit: 18 (0.2%), Acid: 18 (0.2%), Wring Out: 17 (0.2%), Dragon Rage: 17 (0.2%), Dragon Pulse: 17 (0.2%), Dive: 17 (0.2%), Ice Fang: 17 (0.2%), Egg Bomb: 17 (0.2%), Sludge Bomb: 17 (0.2%), Constrict: 17 (0.2%), Toxic Spikes: 17 (0.2%), Rock Slide: 16 (0.2%), Pin Missile: 16 (0.2%), Silver Wind: 16 (0.2%), Hyper Fang: 16 (0.2%), Hypnosis: 16 (0.2%), Gyro Ball: 16 (0.2%), Me First: 16 (0.2%), Pound: 16 (0.2%), Crunch: 15 (0.2%), Thunder: 15 (0.2%), Roost: 15 (0.2%), Shock Wave: 15 (0.2%), Thunder Fang: 15 (0.2%), Fire Fang: 15 (0.2%), Hyper Beam: 15 (0.2%), Aurora Beam: 15 (0.2%), Cosmic Power: 15 (0.2%), Spite: 15 (0.2%), Reflect: 15 (0.2%), Sweet Scent: 15 (0.2%), Pain Split: 15 (0.2%), Magnitude: 14 (0.2%), Focus Energy: 14 (0.2%), Meditate: 14 (0.2%), Twister: 14 (0.2%), Aerial Ace: 14 (0.2%), Camouflage: 14 (0.2%), Teeter Dance: 14 (0.2%), Rock Tomb: 14 (0.2%), Rage: 13 (0.2%), Mud Shot: 13 (0.2%), Dizzy Punch: 13 (0.2%), Submission: 13 (0.2%), Metal Sound: 13 (0.2%), Dragon Breath: 13 (0.2%), Mirror Coat: 13 (0.2%), Mud Sport: 13 (0.2%), Payback: 13 (0.2%), Feather Dance: 13 (0.2%), Uproar: 13 (0.2%), Seismic Toss: 12 (0.1%), Leaf Storm: 12 (0.1%), Earth Power: 12 (0.1%), Worry Seed: 12 (0.1%), Poison Fang: 12 (0.1%), Swagger: 12 (0.1%), Whirlpool: 12 (0.1%), Yawn: 12 (0.1%), Fly: 12 (0.1%), Barrier: 11 (0.1%), Sweet Kiss: 11 (0.1%), Shadow Ball: 11 (0.1%), Future Sight: 11 (0.1%), Vital Throw: 11 (0.1%), Double Slap: 11 (0.1%), Kinesis: 11 (0.1%), Secret Power: 11 (0.1%), Icy Wind: 10 (0.1%), Smog: 10 (0.1%), Absorb: 10 (0.1%), Rain Dance: 10 (0.1%), Mach Punch: 10 (0.1%), Flame Wheel: 10 (0.1%), Calm Mind: 10 (0.1%), Psycho Cut: 10 (0.1%), Odor Sleuth: 10 (0.1%), String Shot: 10 (0.1%), Metal Claw: 10 (0.1%), Psych Up: 10 (0.1%), Ominous Wind: 9 (0.1%), Sleep Powder: 9 (0.1%), Earthquake: 9 (0.1%), Muddy Water: 9 (0.1%), Iron Tail: 9 (0.1%), Block: 9 (0.1%), Thrash: 8 (0.1%), Dragon Claw: 8 (0.1%), Endeavor: 8 (0.1%), Fake Tears: 8 (0.1%), Waterfall: 8 (0.1%), Flamethrower: 8 (0.1%), Super Fang: 8 (0.1%), Moonlight: 8 (0.1%), Tailwind: 8 (0.1%), Headbutt: 8 (0.1%), Iron Defense: 8 (0.1%), Icicle Spear: 8 (0.1%), Sheer Cold: 8 (0.1%), Stomp: 7 (0.1%), Night Shade: 7 (0.1%), Bug Bite: 7 (0.1%), Force Palm: 7 (0.1%), Poison Jab: 7 (0.1%), Bubble: 7 (0.1%), Comet Punch: 7 (0.1%), Focus Blast: 6 (0.1%), Fire Punch: 6 (0.1%), Hyper Voice: 6 (0.1%), Skill Swap: 6 (0.1%), Thunder Wave: 6 (0.1%), Surf: 6 (0.1%), Dragon Rush: 6 (0.1%), Thunder Punch: 6 (0.1%), Frustration: 6 (0.1%), Aqua Jet: 6 (0.1%), Softboiled: 6 (0.1%), Tri Attack: 5 (0.1%), Power Gem: 5 (0.1%), Sand Tomb: 5 (0.1%), Acupressure: 5 (0.1%), Flash: 5 (0.1%), Synthesis: 5 (0.1%), Close Combat: 5 (0.1%), Fake Out: 5 (0.1%), Fury Cutter: 5 (0.1%), Wrap: 5 (0.1%), Fling: 5 (0.1%), Metal Burst: 5 (0.1%), Spit Up: 5 (0.1%), Swallow: 5 (0.1%), Grudge: 5 (0.1%), Energy Ball: 4 (0.0%), Octazooka: 4 (0.0%), Stone Edge: 4 (0.0%), Stun Spore: 4 (0.0%), Superpower: 4 (0.0%), Substitute: 4 (0.0%), Overheat: 4 (0.0%), Crush Claw: 4 (0.0%), Solar Beam: 4 (0.0%), Hi Jump Kick: 4 (0.0%), Bide: 4 (0.0%), Mind Reader: 4 (0.0%), Rock Blast: 4 (0.0%), Bind: 4 (0.0%), Gravity: 4 (0.0%), Bonemerang: 4 (0.0%), Dynamic Punch: 3 (0.0%), Guillotine: 3 (0.0%), Poison Powder: 3 (0.0%), Spider Web: 3 (0.0%), Ice Punch: 3 (0.0%), Double Kick: 3 (0.0%), Seed Bomb: 3 (0.0%), Fire Blast: 3 (0.0%), Mist: 3 (0.0%), Belly Drum: 3 (0.0%), Embargo: 3 (0.0%), Swords Dance: 3 (0.0%), Leaf Blade: 3 (0.0%), Ingrain: 3 (0.0%), Fire Spin: 3 (0.0%), Mirror Move: 3 (0.0%), Acid Armor: 3 (0.0%), Extreme Speed: 3 (0.0%), Shadow Claw: 2 (0.0%), Vacuum Wave: 2 (0.0%), Outrage: 2 (0.0%), Whirlwind: 2 (0.0%), Gastro Acid: 2 (0.0%), Glare: 2 (0.0%), Lava Plume: 2 (0.0%), Shadow Sneak: 2 (0.0%), X Scissor: 2 (0.0%), Will O Wisp: 2 (0.0%), Tickle: 2 (0.0%), Assist: 2 (0.0%), Water Sport: 2 (0.0%), Judgment: 2 (0.0%), Imprison: 2 (0.0%), Punishment: 2 (0.0%), Mega Kick: 1 (0.0%), False Swipe: 1 (0.0%), Attract: 1 (0.0%), Brick Break: 1 (0.0%), Jump Kick: 1 (0.0%), Avalanche: 1 (0.0%), Heat Wave: 1 (0.0%), Taunt: 1 (0.0%), Spikes: 1 (0.0%), Power Trick: 1 (0.0%), Wood Hammer: 1 (0.0%), Lick: 1 (0.0%), Grass Whistle: 1 (0.0%), Shadow Punch: 1 (0.0%), Vice Grip: 1 (0.0%), Torment: 1 (0.0%), Heal Block: 1 (0.0%), Stealth Rock: 1 (0.0%), Toxic: 1 (0.0%), Heal Bell: 1 (0.0%), Sunny Day: 1 (0.0%), Crabhammer: 1 (0.0%), Miracle Eye: 1 (0.0%), Sandstorm: 1 (0.0%), Transform: 1 (0.0%), U Turn: 1 (0.0%), Pay Day: 1 (0.0%), Gunk Shot: 1 (0.0%), Encore: 1 (0.0%), Roar: 1 (0.0%)"
MUK,B,Disrupter,"Sludge: 21724 (19.9%), Mud Bomb: 18409 (16.8%), Sludge Bomb: 16605 (15.2%), Minimize: 15640 (14.3%), Disable: 13196 (12.1%), Acid Armor: 7560 (6.9%), Dark Pulse: 5007 (4.6%), Screech: 4228 (3.9%), Toxic: 2561 (2.3%), Gunk Shot: 2001 (1.8%), Fling: 1944 (1.8%), Swagger: 419 (0.4%), Struggle: 34 (0.0%)",14640,9992,1.47,5359,2.0,7.53,3.44,3586,11276,27126,12752,14.29,18339,"Magnemite: 337, Pikachu: 303, Zubat: 250","Gyarados: 260, Kadabra: 226, Staraptor: 213",0,"Damage: 4934, Status: 3135, Hazard: 0, Weather: 0, Cleric: 0, Screen: 0, Pass: 0, Debuff: 147, Tailwind: 0",None
MUNCHLAX,B+,Support,"Body Slam: 20433 (30.8%), Screech: 16479 (24.8%), Stockpile: 15981 (24.1%), Lick: 8888 (13.4%), Swallow: 3946 (5.9%), Recycle: 675 (1.0%), Struggle: 46 (0.1%)",11065,6303,1.76,2158,2.1,6.84,3.8,1693,4330,2817,4490,0.28,11499,"Magikarp: 317, Pikachu: 258, Zubat: 202","Staraptor: 224, Gyarados: 160, Graveler: 112",0,"Damage: 1447, Status: 429, Hazard: 0, Weather: 0, Cleric: 0, Screen: 0, Pass: 0, Debuff: 860, Tailwind: 0",None
MURKROW,D+,All-Rounder,"Faint Attack: 25852 (23.6%), Taunt: 23463 (21.4%), Assurance: 19690 (18.0%), Night Shade: 17752 (16.2%), Wing Attack: 8177 (7.5%), Mean Look: 5084 (4.6%), Sucker Punch: 3820 (3.5%), Pursuit: 3629 (3.3%), Pluck: 831 (0.8%), Drill Peck: 655 (0.6%), Haze: 297 (0.3%), Astonish: 167 (0.2%), Whirlwind: 56 (0.1%), Struggle: 1 (0.0%)",23465,25348,0.93,6639,1.19,4.15,2.12,3983,893,4125,5,6.35,33465,"Mr Mime: 440, Zubat: 416, Clefairy: 396","Staraptor: 602, Gyarados: 578, Golbat: 498",7,"Damage: 6639, Status: 0, Hazard: 0, Weather: 0, Cleric: 0, Screen: 0, Pass: 0, Debuff: 0, Tailwind: 0",None
NATU,D,Disrupter,"Me First: 5982 (45.6%), Night Shade: 3373 (25.7%), Leer: 2007 (15.3%), Confuse Ray: 1746 (13.3%), Struggle: 10 (0.1%)",1364,2994,0.46,1726,1.03,4.6,2.05,195,399,533,207,2.46,3546,"Magikarp: 81, Zubat: 43, Magnemite: 40","Golbat: 62, Magnemite: 57, Gyarados: 56",0,"Damage: 1248, Status: 854, Hazard: 0, Weather: 0, Cleric: 0, Screen: 0, Pass: 0, Debuff: 61, Tailwind: 0",None
NIDOKING,B+,All-Rounder,"Thrash: 15434 (16.2%), Double Kick: 15364 (16.2%), Poison Sting: 15105 (15.9%), Focus Energy: 11670 (12.3%), Peck: 10253 (10.8%), Earth Power: 10201 (10.7%), Shadow Claw: 7718 (8.1%), Poison Jab: 3625 (3.8%), Focus Blast: 3120 (3.3%), Megahorn: 2326 (2.4%), Fury Attack: 213 (0.2%)",22655,13259,1.71,5765,2.14,4.96,2.58,14766,4045,3705,5111,14.66,23134,"Magnemite: 541, Magikarp: 473, Pikachu: 447","Gyarados: 381, Staraptor: 303, Mr Mime: 284",0,"Damage: 5683, Status: 1859, Hazard: 0, Weather: 0, Cleric: 0, Screen: 0, Pass: 0, Debuff: 10, Tailwind: 0",None
NIDOQUEEN,C+,Support,"Body Slam: 11204 (19.0%), Tail Whip: 10894 (18.4%), Double Kick: 9159 (15.5%), Earth Power: 8767 (14.8%), Poison Sting: 6734 (11.4%), Superpower: 5719 (9.7%), Poison Jab: 4264 (7.2%), Scratch: 1087 (1.8%), Crunch: 733 (1.2%), Poison Fang: 284 (0.5%), Roar: 142 (0.2%), Captivate: 60 (0.1%)",11725,9285,1.26,3504,1.64,5.25,2.7,3263,2415,2434,5601,5.32,15210,"Magnemite: 322, Clefairy: 236, Pikachu: 188","Gyarados: 269, Golbat: 216, Staraptor: 212",8,"Damage: 3127, Status: 1275, Hazard: 0, Weather: 0, Cleric: 0, Screen: 0, Pass: 0, Debuff: 834, Tailwind: 0",None
NIDORAN F,F-,Attacker / Support,"Scratch: 5909 (35.1%), Tail Whip: 5677 (33.7%), Growl: 5252 (31.2%), Struggle: 15 (0.1%)",430,2730,0.16,50,0.18,7.1,4.07,348,1160,799,0,-0.07,2892,"Magikarp: 87, Clefairy: 21, Pichu: 18","Pikachu: 51, Staraptor: 46, Geodude: 42",0,"Damage: 34, Status: 0, Hazard: 0, Weather: 0, Cleric: 0, Screen: 0, Pass: 0, Debuff: 19, Tailwind: 0",None
NIDORAN M,F+,Attacker / Support,"Peck: 4267 (42.0%), Leer: 2260 (22.2%), Double Kick: 1819 (17.9%), Focus Energy: 1814 (17.9%)",1196,2552,0.47,37,0.48,4.26,2.42,1256,329,480,0,13.22,3048,"Magikarp: 78, Rattata: 39, Geodude: 39","Staraptor: 46, Golbat: 43, Gyarados: 40",0,"Damage: 26, Status: 0, Hazard: 0, Weather: 0, Cleric: 0, Screen: 0, Pass: 0, Debuff: 11, Tailwind: 0",None
NIDORINA,D,Disrupter / Support,"Bite: 35001 (35.9%), Tail Whip: 23227 (23.8%), Flatter: 8844 (9.1%), Poison Sting: 8577 (8.8%), Fury Swipes: 7348 (7.5%), Toxic Spikes: 7201 (7.4%), Double Kick: 3674 (3.8%), Scratch: 1877 (1.9%), Helping Hand: 1740 (1.8%), Struggle: 12 (0.0%)",6936,16986,0.41,10064,1.0,5.98,3.15,4033,4561,3932,10889,3.26,21176,"Magikarp: 267, Pikachu: 197, Clefairy: 185","Gyarados: 381, Golbat: 375, Staraptor: 306",0,"Damage: 7478, Status: 5363, Hazard: 1158, Weather: 0, Cleric: 0, Screen: 0, Pass: 0, Debuff: 3114, Tailwind: 0",None
NIDORINO,D-,Disrupter,"Horn Attack: 7758 (22.9%), Poison Sting: 6319 (18.7%), Fury Attack: 4447 (13.1%), Double Kick: 4377 (12.9%), Flatter: 2962 (8.8%), Focus Energy: 2372 (7.0%), Peck: 2274 (6.7%), Toxic Spikes: 1510 (4.5%), Poison Jab: 1109 (3.3%), Helping Hand: 712 (2.1%)",5088,8893,0.57,2474,0.85,4.53,2.23,3105,1842,1555,1780,7.87,11999,"Magnemite: 137, Pikachu: 128, Machop: 112","Gyarados: 234, Kadabra: 201, Golbat: 196",4,"Damage: 1983, Status: 1365, Hazard: 140, Weather: 0, Cleric: 0, Screen: 0, Pass: 0, Debuff: 0, Tailwind: 0",None
NINCADA,D-,All-Rounder,"Dig: 4775 (32.0%), Metal Claw: 3852 (25.8%), Leech Life: 3808 (25.5%), Mud Slap: 2502 (16.8%)",1062,2855,0.37,1698,0.97,5.72,2.56,705,380,3566,2604,21.11,3363,"Magikarp: 73, Magnemite: 71, Pikachu: 55","Golbat: 78, Staraptor: 50, Gyarados: 46",1,"Damage: 1698, Status: 0, Hazard: 0, Weather: 0, Cleric: 0, Screen: 0, Pass: 0, Debuff: 0, Tailwind: 0",None
NINETALES,A-,Disrupter,"Quick Attack: 12428 (31.1%), Flamethrower: 6858 (17.1%), Will O Wisp: 5069 (12.7%), Overheat: 3278 (8.2%), Nasty Plot: 3174 (7.9%), Confuse Ray: 2165 (5.4%), Ember: 1945 (4.9%), Fire Blast: 1581 (4.0%), Roar: 1100 (2.7%), Dark Pulse: 810 (2.0%), Safeguard: 803 (2.0%), Extrasensory: 797 (2.0%), Struggle: 4 (0.0%)",9482,4606,2.06,1603,2.41,5.28,2.27,1611,2678,1250,603,0.43,9299,"Magnemite: 294, Roselia: 148, Pikachu: 135","Quagsire: 103, Graveler: 100, Gyarados: 95",2,"Damage: 1442, Status: 1203, Hazard: 0, Weather: 0, Cleric: 0, Screen: 0, Pass: 0, Debuff: 0, Tailwind: 0",None
NINJASK,S,Passer,"X Scissor: 7861 (46.4%), Swords Dance: 4843 (28.6%), Aerial Ace: 2354 (13.9%), Slash: 1016 (6.0%), Silver Wind: 470 (2.8%), Baton Pass: 397 (2.3%)",7060,2104,3.36,2050,4.33,3.21,1.17,741,135,471,35,6.13,5703,"Magikarp: 158, Clefairy: 153, Pikachu: 147","Staraptor: 97, Golbat: 88, Gyarados: 82",0,"Damage: 1384, Status: 0, Hazard: 0, Weather: 0, Cleric: 0, Screen: 0, Pass: 666, Debuff: 0, Tailwind: 0",None
NOCTOWL,B-,Attacker,"Air Slash: 64573 (26.1%), Extrasensory: 39982 (16.2%), Take Down: 37168 (15.0%), Zen Headbutt: 37108 (15.0%), Confusion: 20057 (8.1%), Reflect: 13852 (5.6%), Hypnosis: 9229 (3.7%), Roost: 6576 (2.7%), Peck: 5361 (2.2%), Uproar: 5090 (2.1%), Dream Eater: 3816 (1.5%), Psychic: 3381 (1.4%), Psycho Shift: 507 (0.2%), Shadow Ball: 241 (0.1%), Feather Dance: 105 (0.0%), Struggle: 17 (0.0%)",51452,32722,1.57,7596,1.8,5.64,2.87,12225,20546,8965,21452,0.17,51556,"Zubat: 1025, Pikachu: 1007, Magikarp: 890","Gyarados: 961, Staraptor: 812, Magnemite: 772",2,"Damage: 7574, Status: 316, Hazard: 0, Weather: 0, Cleric: 0, Screen: 3, Pass: 0, Debuff: 28, Tailwind: 0",None
NOSEPASS,E-,Disrupter,"Harden: 18702 (29.4%), Rock Throw: 15479 (24.3%), Tackle: 9424 (14.8%), Block: 9395 (14.8%), Rock Slide: 6651 (10.5%), Thunder Wave: 3856 (6.1%), Struggle: 73 (0.1%)",3266,7417,0.44,1426,0.63,8.3,4.69,1598,5091,2803,1344,-1.08,9394,"Magikarp: 201, Zubat: 130, Pikachu: 89","Staraptor: 148, Gyarados: 127, Roselia: 116",1,"Damage: 1262, Status: 1099, Hazard: 0, Weather: 0, Cleric: 0, Screen: 0, Pass: 0, Debuff: 0, Tailwind: 0",None
NUMEL,D+,Attacker,"Magnitude: 2889 (28.3%), Earth Power: 2886 (28.3%), Overheat: 2226 (21.8%), Amnesia: 2200 (21.6%)",2531,2349,1.08,35,1.09,3.9,2.32,391,655,533,165,2.55,3333,"Magnemite: 92, Pikachu: 77, Magikarp: 77","Golbat: 50, Staraptor: 48, Gyarados: 44",0,"Damage: 35, Status: 0, Hazard: 0, Weather: 0, Cleric: 0, Screen: 0, Pass: 0, Debuff: 0, Tailwind: 0",None
NUZLEAF,B+,All-Rounder,"Faint Attack: 3647 (33.7%), Razor Leaf: 2576 (23.8%), Fake Out: 2538 (23.5%), Extrasensory: 2058 (19.0%)",2841,1979,1.44,1614,2.25,4.21,1.88,829,270,397,2628,8.7,3162,"Magikarp: 78, Zubat: 71, Geodude: 68","Golbat: 71, Gyarados: 66, Staraptor: 63",0,"Damage: 1614, Status: 0, Hazard: 0, Weather: 0, Cleric: 0, Screen: 0, Pass: 0, Debuff: 0, Tailwind: 0",None
OCTILLERY,C+,All-Rounder,"Wring Out: 15898 (21.5%), Bullet Seed: 15060 (20.4%), Signal Beam: 14679 (19.9%), Octazooka: 11345 (15.3%), Ice Beam: 7764 (10.5%), Hyper Beam: 2806 (3.8%), Focus Energy: 2718 (3.7%), Bubble Beam: 2157 (2.9%), Aurora Beam: 1490 (2.0%), Struggle: 3 (0.0%)",19164,14333,1.34,4388,1.64,4.87,2.63,6818,3915,4706,4324,9.71,22537,"Goldeen: 354, Pikachu: 348, Magnemite: 345","Gyarados: 365, Roselia: 303, Golbat: 299",1,"Damage: 4388, Status: 305, Hazard: 0, Weather: 0, Cleric: 0, Screen: 0, Pass: 0, Debuff: 1, Tailwind: 0",None
ODDISH,D,Disrupter,"Mega Drain: 19955 (26.0%), Acid: 13989 (18.3%), Absorb: 9988 (13.0%), Petal Dance: 9150 (11.9%), Stun Spore: 7342 (9.6%), Sweet Scent: 7116 (9.3%), Poison Powder: 4644 (6.1%), Sleep Powder: 2613 (3.4%), Moonlight: 1176 (1.5%), Giga Drain: 557 (0.7%), Struggle: 52 (0.1%), Natural Gift: 46 (0.1%)",9919,13975,0.71,4302,1.02,5.69,3.04,3077,5651,3704,1136,1.45,18331,"Geodude: 341, Magikarp: 330, Pikachu: 309","Golbat: 346, Gyarados: 308, Staraptor: 300",3,"Damage: 3855, Status: 2351, Hazard: 0, Weather: 0, Cleric: 0, Screen: 0, Pass: 0, Debuff: 149, Tailwind: 0",None
OMASTAR,C+,All-Rounder,"Brine: 849 (37.3%), Ancient Power: 710 (31.2%), Protect: 625 (27.4%), Sandstorm: 67 (2.9%), Spike Cannon: 28 (1.2%)",776,598,1.3,149,1.55,4.06,1.6,93,48,84,78,5.87,958,"Gyarados: 41, Golbat: 25, Staraptor: 19","Roserade: 55, Torterra: 25, Heracross: 22",0,"Damage: 135, Status: 0, Hazard: 0, Weather: 25, Cleric: 0, Screen: 0, Pass: 0, Debuff: 0, Tailwind: 0",None
ONIX,E+,Support,"Rock Polish: 61797 (16.0%), Screech: 56692 (14.7%), Curse: 39222 (10.2%), Rock Tomb: 37967 (9.8%), Rock Throw: 37393 (9.7%), Sandstorm: 36745 (9.5%), Rage: 28478 (7.4%), Slam: 25957 (6.7%), Harden: 15112 (3.9%), Dragon Breath: 14674 (3.8%), Iron Tail: 9232 (2.4%), Bind: 8704 (2.3%), Tackle: 4652 (1.2%), Earthquake: 2317 (0.6%), Stone Edge: 2062 (0.5%), Rock Slide: 1776 (0.5%), Sand Tomb: 1230 (0.3%), Double Edge: 1223 (0.3%), Stealth Rock: 493 (0.1%), Struggle: 82 (0.0%)",25472,57754,0.44,19800,0.78,7.2,4.1,8979,43457,17080,27468,-4.33,63533,"Pikachu: 1054, Magikarp: 982, Zubat: 821","Gyarados: 1136, Roselia: 1033, Staraptor: 890",32,"Damage: 14725, Status: 746, Hazard: 115, Weather: 10640, Cleric: 0, Screen: 0, Pass: 0, Debuff: 3539, Tailwind: 0",None
PACHIRISU,D-,Defender,"Quick Attack: 42977 (32.7%), Spark: 27507 (21.0%), Bide: 12928 (9.9%), Sweet Kiss: 8097 (6.2%), Discharge: 7547 (5.8%), Endure: 6741 (5.1%), Swift: 6659 (5.1%), Charm: 6513 (5.0%), Super Fang: 6202 (4.7%), Last Resort: 4269 (3.3%), Growl: 1778 (1.4%), Struggle: 22 (0.0%)",13374,16211,0.82,2566,0.98,7.02,4.04,5551,5810,4775,7942,3.27,19776,"Magikarp: 385, Zubat: 365, Pachirisu: 335","Pachirisu: 335, Gyarados: 274, Geodude: 232",0,"Damage: 2438, Status: 1105, Hazard: 0, Weather: 0, Cleric: 0, Screen: 0, Pass: 0, Debuff: 146, Tailwind: 0",None
PARAS,E,Disrupter,"Slash: 13962 (23.9%), Scratch: 12521 (21.5%), Giga Drain: 8915 (15.3%), Growth: 7097 (12.2%), Leech Life: 5347 (9.2%), Stun Spore: 3523 (6.0%), Spore: 2616 (4.5%), Poison Powder: 2490 (4.3%), Attract: 1546 (2.6%), Aromatherapy: 331 (0.6%), Struggle: 10 (0.0%)",6386,12682,0.5,2991,0.74,5.92,3.02,3298,3070,2650,0,4.72,12769,"Magikarp: 264, Pikachu: 211, Zubat: 141","Golbat: 282, Gyarados: 241, Staraptor: 233",1,"Damage: 2777, Status: 1598, Hazard: 0, Weather: 0, Cleric: 1, Screen: 0, Pass: 0, Debuff: 0, Tailwind: 0",None
PARASECT,B-,Disrupter,"Slash: 40477 (37.9%), Growth: 20905 (19.6%), Giga Drain: 17913 (16.8%), Spore: 14592 (13.7%), X Scissor: 7880 (7.4%), Swords Dance: 3392 (3.2%), Leech Life: 806 (0.8%), Attract: 800 (0.7%)",21614,14811,1.46,5947,1.86,5.62,2.5,6270,2733,3982,0,6.79,24618,"Magikarp: 424, Clefairy: 412, Pikachu: 403","Golbat: 662, Staraptor: 409, Gyarados: 360",12,"Damage: 5266, Status: 3137, Hazard: 0, Weather: 0, Cleric: 0, Screen: 0, Pass: 0, Debuff: 0, Tailwind: 0",None
PELIPPER,C-,Defender,"Stockpile: 38934 (20.2%), Roost: 25385 (13.1%), Water Pulse: 21822 (11.3%), Spit Up: 19867 (10.3%), Protect: 18693 (9.7%), Payback: 17165 (8.9%), Tailwind: 14205 (7.4%), Swallow: 14146 (7.3%), Hydro Pump: 5490 (2.8%), Fling: 5284 (2.7%), Quick Attack: 4654 (2.4%), Wing Attack: 3862 (2.0%), Air Slash: 2209 (1.1%), Surf: 695 (0.4%), Struggle: 456 (0.2%), Ice Beam: 277 (0.1%), Hidden Power: 65 (0.0%)",18775,18775,1.0,4861,1.26,8.51,4.78,4174,2387,7843,3341,4.77,28315,"Machoke: 433, Machop: 360, Zubat: 297","Gyarados: 439, Golbat: 372, Roselia: 338",3,"Damage: 4413, Status: 709, Hazard: 0, Weather: 0, Cleric: 0, Screen: 0, Pass: 0, Debuff: 0, Tailwind: 540",None
PERSIAN,C-,All-Rounder,"Power Gem: 5619 (28.0%), Faint Attack: 3994 (19.9%), Taunt: 3896 (19.4%), Slash: 3746 (18.7%), Night Slash: 1631 (8.1%), Fake Out: 1158 (5.8%)",3487,3217,1.08,757,1.32,4.81,2.58,1328,239,656,945,8.43,4706,"Pikachu: 123, Zubat: 84, Magikarp: 77","Gyarados: 72, Staraptor: 70, Machoke: 64",0,"Damage: 757, Status: 0, Hazard: 0, Weather: 0, Cleric: 0, Screen: 0, Pass: 0, Debuff: 0, Tailwind: 0",None
PHANPY,F+,Support,"Endure: 14180 (37.0%), Charm: 10046 (26.2%), Slam: 6349 (16.5%), Double Edge: 4881 (12.7%), Last Resort: 2906 (7.6%), Struggle: 10 (0.0%)",2408,7664,0.31,1091,0.46,4.92,3.26,774,2333,1910,0,0.87,9389,"Magikarp: 128, Pikachu: 96, Zubat: 82","Golbat: 162, Gyarados: 138, Roselia: 129",0,"Damage: 986, Status: 0, Hazard: 0, Weather: 0, Cleric: 0, Screen: 0, Pass: 0, Debuff: 164, Tailwind: 0",None
PICHU,F,Disrupter / Support,"Tail Whip: 48270 (36.9%), Nasty Plot: 31983 (24.5%), Sweet Kiss: 29813 (22.8%), Thunder Wave: 16166 (12.4%), Charm: 3945 (3.0%), Struggle: 529 (0.4%)",52,37744,0.0,16905,0.45,4.7,1.75,39,9925,5141,0,-3.49,35912,"Wobbuffet: 18, Croagunk: 7, Hoppip: 5","Golbat: 551, Gyarados: 549, Staraptor: 543",19,"Damage: 121, Status: 15302, Hazard: 0, Weather: 0, Cleric: 0, Screen: 0, Pass: 0, Debuff: 7027, Tailwind: 0",None
PIDGEOT,C+,Defender,"Wing Attack: 57025 (41.6%), Roost: 19948 (14.6%), Agility: 14317 (10.4%), Feather Dance: 11511 (8.4%), Mirror Move: 10814 (7.9%), Tailwind: 9071 (6.6%), Sand Attack: 3751 (2.7%), Steel Wing: 2952 (2.2%), Quick Attack: 2565 (1.9%), Twister: 2291 (1.7%), Air Slash: 746 (0.5%), Return: 679 (0.5%), Whirlwind: 669 (0.5%), Double Team: 483 (0.4%), Swagger: 171 (0.1%), Struggle: 46 (0.0%)",18922,13959,1.36,4092,1.65,7.83,4.08,4464,3160,15538,802,11.03,20684,"Clefairy: 430, Machoke: 366, Golbat: 340","Gyarados: 389, Magnemite: 362, Staraptor: 336",4,"Damage: 3987, Status: 96, Hazard: 0, Weather: 0, Cleric: 0, Screen: 0, Pass: 0, Debuff: 183, Tailwind: 107",None
PIDGEOTTO,E,Support,"Twister: 14539 (17.3%), Feather Dance: 12832 (15.3%), Wing Attack: 10645 (12.7%), Gust: 10518 (12.6%), Agility: 9422 (11.2%), Tackle: 8835 (10.5%), Quick Attack: 7782 (9.3%), Roost: 3354 (4.0%), Whirlwind: 2965 (3.5%), Sand Attack: 2897 (3.5%), Struggle: 10 (0.0%)",8444,14919,0.57,2843,0.76,5.91,2.88,3261,2070,8545,0,10.54,19116,"Zubat: 219, Pikachu: 166, Machop: 165","Golbat: 350, Staraptor: 315, Gyarados: 297",4,"Damage: 2687, Status: 0, Hazard: 0, Weather: 0, Cleric: 0, Screen: 0, Pass: 0, Debuff: 425, Tailwind: 0",None
PIDGEY,F,Defender,"Tackle: 63547 (43.3%), Sand Attack: 44490 (30.3%), Gust: 19221 (13.1%), Quick Attack: 16846 (11.5%), Whirlwind: 2607 (1.8%), Struggle: 154 (0.1%)",7867,34457,0.23,6185,0.41,7.74,3.6,5735,6298,37181,0,19.9,22243,"Magikarp: 536, Zubat: 288, Croagunk: 194","Staraptor: 638, Golbat: 605, Magnemite: 591",5,"Damage: 6185, Status: 0, Hazard: 0, Weather: 0, Cleric: 0, Screen: 0, Pass: 0, Debuff: 0, Tailwind: 0",None
PIKACHU,E-,All-Rounder,"Double Team: 68751 (15.6%), Feint: 68443 (15.5%), Slam: 51326 (11.6%), Quick Attack: 48923 (11.1%), Agility: 47782 (10.8%), Discharge: 42671 (9.7%), Thunderbolt: 32812 (7.4%), Light Screen: 26226 (6.0%), Tail Whip: 16140 (3.7%), Thunder Wave: 12704 (2.9%), Thunder Shock: 10389 (2.4%), Thunder: 6217 (1.4%), Growl: 4113 (0.9%), Volt Tackle: 2424 (0.6%), Iron Tail: 1663 (0.4%), Struggle: 63 (0.0%)",45641,99731,0.46,13880,0.6,5.64,2.42,14683,24720,54469,11785,8.97,89030,"Magikarp: 1856, Zubat: 1467, Goldeen: 958","Gyarados: 1667, Geodude: 1449, Golbat: 1406",49,"Damage: 11952, Status: 5945, Hazard: 0, Weather: 0, Cleric: 0, Screen: 740, Pass: 0, Debuff: 79, Tailwind: 0",None
PILOSWINE,A,All-Rounder,"Ice Fang: 11398 (26.8%), Earthquake: 7979 (18.8%), Fury Attack: 6581 (15.5%), Take Down: 6515 (15.3%), Icy Wind: 3489 (8.2%), Mud Bomb: 2116 (5.0%), Blizzard: 1977 (4.7%), Hail: 888 (2.1%), Ancient Power: 799 (1.9%), Stone Edge: 474 (1.1%), Avalanche: 237 (0.6%), Struggle: 2 (0.0%)",14858,6628,2.24,2729,2.65,4.14,2.2,2836,4308,2422,4213,2.19,12768,"Magnemite: 402, Pikachu: 285, Magikarp: 242","Gyarados: 207, Seaking: 140, Staraptor: 133",0,"Damage: 2624, Status: 48, Hazard: 0, Weather: 377, Cleric: 0, Screen: 0, Pass: 0, Debuff: 61, Tailwind: 0",None
PINSIR,A+,Attacker,"X Scissor: 7341 (39.5%), Swords Dance: 3942 (21.2%), Thrash: 3230 (17.4%), Rock Tomb: 1930 (10.4%), Vital Throw: 1678 (9.0%), Guillotine: 157 (0.8%), Earthquake: 149 (0.8%), Superpower: 147 (0.8%)",8162,2699,3.02,516,3.22,3.95,1.74,853,811,736,610,4.03,6349,"Magnemite: 162, Clefairy: 155, Pikachu: 144","Golbat: 119, Staraptor: 94, Rapidash: 74",2,"Damage: 514, Status: 0, Hazard: 0, Weather: 0, Cleric: 0, Screen: 0, Pass: 0, Debuff: 68, Tailwind: 0",None
PIPLUP,F,Attacker,"Pound: 27802 (34.6%), Growl: 19593 (24.4%), Bubble: 18546 (23.1%), Bubble Beam: 7714 (9.6%), Peck: 6683 (8.3%), Struggle: 27 (0.0%)",6143,15303,0.4,316,0.42,5.82,3.49,3583,3514,4195,2118,5.05,17775,"Magikarp: 391, Geodude: 319, Zubat: 187","Staraptor: 274, Golbat: 265, Pikachu: 259",0,"Damage: 313, Status: 0, Hazard: 0, Weather: 0, Cleric: 0, Screen: 0, Pass: 0, Debuff: 13, Tailwind: 0",None
PLUSLE,C-,Passer,"Thunder: 5353 (20.9%), Baton Pass: 5079 (19.8%), Agility: 4949 (19.3%), Nasty Plot: 4936 (19.3%), Swift: 2140 (8.4%), Charge: 1742 (6.8%), Copycat: 1253 (4.9%), Last Resort: 149 (0.6%), Struggle: 13 (0.1%)",3270,4326,0.76,2368,1.3,5.6,1.95,433,1747,1028,45,-1.08,7080,"Clefairy: 83, Golbat: 71, Magnemite: 69","Staraptor: 89, Roselia: 70, Gyarados: 66",1,"Damage: 895, Status: 19, Hazard: 0, Weather: 0, Cleric: 0, Screen: 1, Pass: 1458, Debuff: 12, Tailwind: 0",None
POLITOED,D+,All-Rounder,"Whirlpool: 4253 (20.4%), Body Slam: 4199 (20.2%), Perish Song: 3969 (19.1%), Bounce: 3062 (14.7%), Rain Dance: 2362 (11.3%), Hyper Voice: 1746 (8.4%), Swagger: 1243 (6.0%)",1675,4286,0.39,3039,1.1,4.62,2.31,602,1820,2046,1027,3.56,5601,"Geodude: 43, Pikachu: 39, Kadabra: 29","Magneton: 45, Machoke: 44, Luxray: 42",1,"Damage: 2858, Status: 1058, Hazard: 0, Weather: 0, Cleric: 0, Screen: 0, Pass: 0, Debuff: 0, Tailwind: 0",None
POLIWAG,F,Defender,"Bubble: 21479 (38.8%), Hypnosis: 13727 (24.8%), Water Gun: 6017 (10.9%), Double Slap: 5594 (10.1%), Water Sport: 5461 (9.9%), Rain Dance: 2853 (5.2%), Struggle: 266 (0.5%)",1672,8368,0.2,1019,0.32,9.36,3.49,1954,7535,1662,2018,-6.77,6176,"Magikarp: 156, Geodude: 134, Onix: 93","Pikachu: 137, Golbat: 133, Staraptor: 130",3,"Damage: 1001, Status: 488, Hazard: 0, Weather: 0, Cleric: 0, Screen: 0, Pass: 0, Debuff: 0, Tailwind: 0",None
POLIWHIRL,D,All-Rounder,"Bubble Beam: 32704 (18.2%), Water Gun: 25451 (14.1%), Double Slap: 24479 (13.6%), Body Slam: 22705 (12.6%), Hypnosis: 16389 (9.1%), Mud Shot: 15164 (8.4%), Rain Dance: 15121 (8.4%), Wake Up Slap: 9015 (5.0%), Belly Drum: 8997 (5.0%), Bubble: 6834 (3.8%), Hydro Pump: 1583 (0.9%), Mud Bomb: 1199 (0.7%), Struggle: 242 (0.1%)",22444,30362,0.74,7487,0.99,5.77,2.57,8081,14795,6763,19837,-0.04,37466,"Geodude: 541, Magnemite: 533, Zubat: 516","Golbat: 721, Gyarados: 567, Machoke: 501",10,"Damage: 7472, Status: 1344, Hazard: 0, Weather: 0, Cleric: 0, Screen: 0, Pass: 0, Debuff: 228, Tailwind: 0",None
POLIWRATH,B,Attacker,"Hypnosis: 20205 (23.6%), Submission: 11824 (13.8%), Dynamic Punch: 10171 (11.9%), Bubble Beam: 7819 (9.1%), Hydro Pump: 6739 (7.9%), Mud Shot: 6005 (7.0%), Double Slap: 5963 (7.0%), Surf: 4379 (5.1%), Ice Punch: 2266 (2.6%), Strength: 2254 (2.6%), Focus Punch: 1941 (2.3%), Body Slam: 1767 (2.1%), Wake Up Slap: 1591 (1.9%), Mind Reader: 1171 (1.4%), Belly Drum: 528 (0.6%), Waterfall: 441 (0.5%), Double Team: 394 (0.5%), Substitute: 226 (0.3%), Struggle: 54 (0.1%)",16508,9370,1.76,1814,1.96,6.25,2.34,3167,19118,2897,8675,-14.7,17701,"Magnemite: 295, Clefairy: 295, Machoke: 290","Golbat: 319, Staraptor: 287, Kadabra: 188",5,"Damage: 1765, Status: 828, Hazard: 0, Weather: 0, Cleric: 0, Screen: 0, Pass: 0, Debuff: 7, Tailwind: 0",None
PONYTA,C-,Support,"Ember: 37138 (23.2%), Flame Wheel: 29380 (18.4%), Stomp: 26702 (16.7%), Tail Whip: 19984 (12.5%), Tackle: 10663 (6.7%), Bounce: 10077 (6.3%), Take Down: 5675 (3.5%), Fire Blast: 5630 (3.5%), Agility: 5472 (3.4%), Fire Spin: 5467 (3.4%), Flare Blitz: 2511 (1.6%), Growl: 1386 (0.9%), Struggle: 1 (0.0%)",29312,31945,0.92,9879,1.23,4.38,2.28,7241,8336,10372,3289,5.43,42521,"Magnemite: 1126, Pikachu: 771, Zubat: 727","Gyarados: 723, Staraptor: 702, Golbat: 699",0,"Damage: 9082, Status: 1201, Hazard: 0, Weather: 0, Cleric: 0, Screen: 0, Pass: 0, Debuff: 1549, Tailwind: 0",None
PORYGON,C,Attacker,"Recover: 13211 (19.1%), Psybeam: 11050 (16.0%), Charge Beam: 11022 (15.9%), Conversion 2: 10074 (14.6%), Agility: 6569 (9.5%), Magnet Rise: 4728 (6.8%), Signal Beam: 3778 (5.5%), Ice Beam: 3709 (5.4%), Solar Beam: 2929 (4.2%), Conversion: 2079 (3.0%), Struggle: 59 (0.1%)",8865,6771,1.31,350,1.36,7.73,4.65,1724,2315,2963,7743,3.22,10331,"Magikarp: 242, Zubat: 212, Pikachu: 187","Staraptor: 139, Gyarados: 139, Golbat: 105",0,"Damage: 350, Status: 161, Hazard: 0, Weather: 0, Cleric: 0, Screen: 0, Pass: 0, Debuff: 1, Tailwind: 0",None
PORYGON Z,S+,Attacker,"Thunderbolt: 5684 (36.6%), Psychic: 4188 (27.0%), Tri Attack: 3179 (20.5%), Signal Beam: 1437 (9.3%), Dark Pulse: 911 (5.9%), Hyper Beam: 124 (0.8%)",9856,1085,9.08,1046,10.05,3.02,0.95,910,172,367,431,6.84,5691,"Golbat: 167, Magikarp: 164, Magnemite: 160","Staraptor: 56, Heracross: 56, Alakazam: 34",0,"Damage: 1045, Status: 45, Hazard: 0, Weather: 0, Cleric: 0, Screen: 0, Pass: 0, Debuff: 24, Tailwind: 0",None
PORYGON2,S-,Attacker,"Tri Attack: 7861 (21.0%), Signal Beam: 7706 (20.6%), Conversion 2: 4132 (11.0%), Ice Beam: 3312 (8.8%), Psychic: 3211 (8.6%), Psybeam: 3084 (8.2%), Protect: 2887 (7.7%), Recover: 2573 (6.9%), Charge Beam: 1430 (3.8%), Trick Room: 1264 (3.4%), Struggle: 4 (0.0%)",10730,3275,3.28,1390,3.7,4.84,2.59,1657,958,1985,1895,6.84,9003,"Magikarp: 213, Golbat: 189, Koffing: 181","Gyarados: 105, Staraptor: 96, Seaking: 63",0,"Damage: 1387, Status: 121, Hazard: 0, Weather: 1, Cleric: 0, Screen: 0, Pass: 0, Debuff: 5, Tailwind: 0",None
PRIMEAPE,B,Disrupter / Support,"Swagger: 14862 (16.5%), Assurance: 12841 (14.3%), Screech: 10533 (11.7%), Rage: 10427 (11.6%), Cross Chop: 9917 (11.0%), Thrash: 7931 (8.8%), Double Team: 6461 (7.2%), Rock Slide: 5007 (5.6%), Seismic Toss: 4035 (4.5%), Focus Punch: 2723 (3.0%), Leer: 1788 (2.0%), Karate Chop: 1375 (1.5%), Punishment: 1268 (1.4%), Payback: 298 (0.3%), Thunder Punch: 274 (0.3%), Close Combat: 106 (0.1%)",18995,14513,1.31,9465,1.96,4.65,1.95,3491,7522,6583,803,2.64,23465,"Magikarp: 399, Magnemite: 357, Pikachu: 348","Staraptor: 479, Golbat: 373, Gyarados: 354",9,"Damage: 7553, Status: 5086, Hazard: 0, Weather: 0, Cleric: 0, Screen: 0, Pass: 0, Debuff: 1505, Tailwind: 0",None
PRINPLUP,C,Attacker,"Bubble Beam: 25571 (49.2%), Bide: 8394 (16.2%), Metal Claw: 7494 (14.4%), Peck: 5605 (10.8%), Growl: 4602 (8.9%), Fury Attack: 297 (0.6%), Struggle: 1 (0.0%)",10694,8627,1.24,1196,1.38,5.12,2.81,2362,1810,2247,2418,5.26,13438,"Magnemite: 229, Geodude: 204, Graveler: 187","Gyarados: 188, Magneton: 143, Golbat: 139",1,"Damage: 1149, Status: 0, Hazard: 0, Weather: 0, Cleric: 0, Screen: 0, Pass: 0, Debuff: 114, Tailwind: 0",None
PROBOPASS,B-,Disrupter,"Rock Slide: 10612 (40.6%), Thunder Wave: 4559 (17.4%), Sandstorm: 4218 (16.1%), Block: 3132 (12.0%), Magnet Bomb: 1487 (5.7%), Iron Defense: 1122 (4.3%), Stone Edge: 453 (1.7%), Earth Power: 226 (0.9%), Discharge: 181 (0.7%), Stealth Rock: 82 (0.3%), Struggle: 67 (0.3%)",3399,2297,1.48,841,1.85,6.91,3.22,686,1881,962,1947,-1.07,5025,"Golbat: 91, Gyarados: 77, Seaking: 75","Machoke: 79, Gyarados: 56, Staraptor: 54",2,"Damage: 671, Status: 558, Hazard: 69, Weather: 379, Cleric: 0, Screen: 0, Pass: 0, Debuff: 0, Tailwind: 0",None
PSYDUCK,E-,Support,"Confusion: 29366 (20.1%), Water Gun: 22524 (15.4%), Disable: 19589 (13.4%), Water Pulse: 19319 (13.2%), Scratch: 18032 (12.3%), Screech: 11892 (8.1%), Fury Swipes: 8398 (5.7%), Zen Headbutt: 6880 (4.7%), Tail Whip: 6854 (4.7%), Amnesia: 1684 (1.2%), Psych Up: 1559 (1.1%), Water Sport: 247 (0.2%), Struggle: 13 (0.0%)",16529,33451,0.49,5427,0.66,4.64,2.47,6761,12614,7028,5993,0.74,40971,"Magikarp: 697, Geodude: 644, Zubat: 520","Golbat: 623, Gyarados: 599, Staraptor: 595",7,"Damage: 5072, Status: 1102, Hazard: 0, Weather: 0, Cleric: 0, Screen: 0, Pass: 0, Debuff: 1174, Tailwind: 0",None
PUPITAR,A+,All-Rounder,"Stone Edge: 3825 (50.1%), Earthquake: 2429 (31.8%), Payback: 809 (10.6%), Crunch: 568 (7.4%)",3794,1460,2.6,712,3.09,3.01,1.64,592,972,310,65,-0.88,3068,"Magikarp: 83, Magnemite: 80, Pikachu: 75","Gyarados: 46, Staraptor: 36, Seaking: 35",0,"Damage: 711, Status: 0, Hazard: 0, Weather: 0, Cleric: 0, Screen: 0, Pass: 0, Debuff: 10, Tailwind: 0",None
PURUGLY,B-,Attacker,"Faint Attack: 12645 (26.4%), Fury Swipes: 7871 (16.5%), Charm: 6487 (13.6%), Hypnosis: 6471 (13.5%), Scratch: 5707 (11.9%), Slash: 3977 (8.3%), Fake Out: 3378 (7.1%), Shadow Claw: 866 (1.8%), Aerial Ace: 439 (0.9%)",7341,4932,1.49,871,1.67,6.68,2.71,2873,4799,1435,2791,-1.0,8333,"Magnemite: 141, Zubat: 138, Pikachu: 131","Gyarados: 106, Staraptor: 103, Machoke: 100",0,"Damage: 846, Status: 98, Hazard: 0, Weather: 0, Cleric: 0, Screen: 0, Pass: 0, Debuff: 20, Tailwind: 0",None
QUAGSIRE,C+,Attacker / Disrupter,"Amnesia: 60887 (21.6%), Yawn: 55717 (19.7%), Earthquake: 32364 (11.5%), Rain Dance: 30193 (10.7%), Slam: 23951 (8.5%), Surf: 19092 (6.8%), Muddy Water: 18720 (6.6%), Mud Bomb: 14544 (5.2%), Protect: 13869 (4.9%), Water Gun: 6727 (2.4%), Mud Shot: 3614 (1.3%), Water Pulse: 1137 (0.4%), Stone Edge: 545 (0.2%), Rock Tomb: 525 (0.2%), Struggle: 481 (0.2%)",43624,32023,1.36,5613,1.54,6.43,3.88,7382,18439,14124,10056,1.07,45184,"Quagsire: 1706, Magnemite: 1232, Pikachu: 955","Quagsire: 1706, Gyarados: 794, Golbat: 715",8,"Damage: 3688, Status: 3525, Hazard: 0, Weather: 0, Cleric: 0, Screen: 0, Pass: 0, Debuff: 10, Tailwind: 0",None
QUILAVA,D+,Support,"Smoke Screen: 10502 (43.0%), Leer: 5989 (24.5%), Flame Wheel: 2836 (11.6%), Ember: 2619 (10.7%), Quick Attack: 2131 (8.7%), Swift: 365 (1.5%)",3160,3998,0.79,1222,1.1,5.97,2.21,463,938,5877,144,17.81,5601,"Magnemite: 235, Pikachu: 106, Magneton: 78","Staraptor: 101, Gyarados: 84, Graveler: 79",0,"Damage: 875, Status: 62, Hazard: 0, Weather: 0, Cleric: 0, Screen: 0, Pass: 0, Debuff: 410, Tailwind: 0",None
QWILFISH,C+,All-Rounder,"Rollout: 30782 (18.6%), Brine: 19611 (11.9%), Revenge: 18707 (11.3%), Pin Missile: 13320 (8.1%), Water Gun: 13271 (8.0%), Aqua Tail: 12158 (7.4%), Stockpile: 9945 (6.0%), Take Down: 9395 (5.7%), Minimize: 7698 (4.7%), Poison Jab: 7410 (4.5%), Destiny Bond: 6603 (4.0%), Harden: 4174 (2.5%), Spit Up: 3607 (2.2%), Hydro Pump: 2995 (1.8%), Poison Sting: 2460 (1.5%), Toxic Spikes: 2034 (1.2%), Surf: 895 (0.5%), Struggle: 17 (0.0%)",32956,26930,1.22,10466,1.61,5.21,2.65,8596,12516,16342,2016,6.83,39490,"Clefairy: 742, Magnemite: 708, Pikachu: 589","Gyarados: 674, Kadabra: 577, Golbat: 562",11,"Damage: 10129, Status: 3768, Hazard: 120, Weather: 0, Cleric: 0, Screen: 0, Pass: 0, Debuff: 0, Tailwind: 0",None
RAICHU,B+,Support,"Quick Attack: 50484 (26.3%), Thunderbolt: 50076 (26.1%), Tail Whip: 33783 (17.6%), Thunder Shock: 26007 (13.6%), Shock Wave: 6766 (3.5%), Double Team: 5791 (3.0%), Thunder Wave: 5572 (2.9%), Slam: 4871 (2.5%), Dig: 3639 (1.9%), Focus Blast: 1144 (0.6%), Light Screen: 955 (0.5%), Charge Beam: 921 (0.5%), Grass Knot: 768 (0.4%), Brick Break: 663 (0.3%), Signal Beam: 336 (0.2%), Struggle: 1 (0.0%)",47249,25528,1.85,7901,2.16,4.77,2.03,8620,6220,11555,4603,6.86,47084,"Golbat: 977, Zubat: 940, Magnemite: 901","Quagsire: 490, Machoke: 473, Geodude: 457",7,"Damage: 6223, Status: 2337, Hazard: 0, Weather: 0, Cleric: 0, Screen: 45, Pass: 0, Debuff: 2010, Tailwind: 0",None
RALTS,F,All-Rounder,"Magical Leaf: 2274 (32.7%), Calm Mind: 1556 (22.4%), Double Team: 1357 (19.5%), Psychic: 1041 (15.0%), Lucky Chant: 719 (10.3%)",996,4125,0.24,474,0.36,2.86,1.44,178,49,1072,53,14.99,4682,"Geodude: 69, Magikarp: 60, Machop: 35","Golbat: 106, Staraptor: 87, Gyarados: 77",20,"Damage: 441, Status: 56, Hazard: 0, Weather: 0, Cleric: 0, Screen: 0, Pass: 0, Debuff: 8, Tailwind: 0",None
RAMPARDOS,B,Attacker / Support,"Zen Headbutt: 5700 (51.6%), Ancient Power: 1681 (15.2%), Screech: 1139 (10.3%), Head Smash: 1137 (10.3%), Stone Edge: 581 (5.3%), Earthquake: 382 (3.5%), Avalanche: 219 (2.0%), Endeavor: 168 (1.5%), Rock Polish: 46 (0.4%)",5602,3330,1.68,777,1.92,3.38,1.5,573,1439,566,464,-3.04,5978,"Golbat: 138, Magnemite: 118, Clefairy: 117","Gyarados: 141, Staraptor: 101, Magneton: 79",4,"Damage: 669, Status: 0, Hazard: 0, Weather: 0, Cleric: 0, Screen: 0, Pass: 0, Debuff: 131, Tailwind: 0",None
RAPIDASH,B+,All-Rounder,"Fire Blast: 33416 (22.0%), Bounce: 23226 (15.3%), Stomp: 19840 (13.1%), Fury Attack: 12602 (8.3%), Take Down: 12166 (8.0%), Agility: 12115 (8.0%), Flare Blitz: 8710 (5.7%), Flame Wheel: 7522 (5.0%), Will O Wisp: 5592 (3.7%), Fire Spin: 5472 (3.6%), Ember: 4780 (3.2%), Quick Attack: 1808 (1.2%), Iron Tail: 1580 (1.0%), Sunny Day: 839 (0.6%), Tail Whip: 595 (0.4%), Overheat: 516 (0.3%), Megahorn: 498 (0.3%), Solar Beam: 368 (0.2%), Struggle: 3 (0.0%)",41207,23538,1.75,13728,2.33,4.49,1.84,7403,16197,14588,2184,3.52,42765,"Magnemite: 963, Golbat: 678, Zubat: 674","Gyarados: 736, Staraptor: 508, Floatzel: 502",11,"Damage: 13049, Status: 3094, Hazard: 0, Weather: 4, Cleric: 0, Screen: 0, Pass: 0, Debuff: 278, Tailwind: 0",None
RATICATE,C-,All-Rounder,"Hyper Fang: 34503 (19.1%), Crunch: 32073 (17.8%), Scary Face: 21255 (11.8%), Super Fang: 19127 (10.6%), Sucker Punch: 18673 (10.4%), Quick Attack: 11993 (6.7%), Assurance: 11333 (6.3%), Double Edge: 7367 (4.1%), Bite: 6691 (3.7%), Pursuit: 6627 (3.7%), Endeavor: 5709 (3.2%), Substitute: 3411 (1.9%), Focus Energy: 1501 (0.8%), Struggle: 33 (0.0%)",30225,30131,1.0,7354,1.25,5.17,2.45,8482,11496,7434,8195,2.34,40541,"Pikachu: 827, Magikarp: 734, Zubat: 705","Gyarados: 743, Staraptor: 655, Golbat: 607",4,"Damage: 7188, Status: 0, Hazard: 0, Weather: 0, Cleric: 0, Screen: 0, Pass: 0, Debuff: 944, Tailwind: 0",None
RATTATA,F,Support,"Quick Attack: 57064 (27.6%), Tail Whip: 32291 (15.6%), Hyper Fang: 23830 (11.5%), Pursuit: 20717 (10.0%), Tackle: 19163 (9.3%), Bite: 17022 (8.2%), Focus Energy: 14043 (6.8%), Sucker Punch: 12683 (6.1%), Crunch: 6727 (3.3%), Assurance: 3151 (1.5%), Struggle: 2 (0.0%)",21257,67983,0.31,5720,0.4,4.73,2.5,12999,8259,10390,6996,7.04,53884,"Magikarp: 1121, Zubat: 784, Pikachu: 714","Golbat: 1311, Gyarados: 1306, Staraptor: 1204",3,"Damage: 5198, Status: 0, Hazard: 0, Weather: 0, Cleric: 0, Screen: 0, Pass: 0, Debuff: 1835, Tailwind: 0",None
RELICANTH,B+,All-Rounder,"Dive: 3968 (36.7%), Ancient Power: 2142 (19.8%), Double Edge: 1980 (18.3%), Mud Sport: 1176 (10.9%), Head Smash: 680 (6.3%), Aqua Tail: 495 (4.6%), Earthquake: 205 (1.9%), Rest: 173 (1.6%)",2998,1695,1.77,695,2.18,5.15,2.42,437,491,2109,230,16.1,3122,"Magnemite: 73, Gyarados: 68, Golbat: 59","Roserade: 54, Magneton: 38, Gyarados: 32",1,"Damage: 695, Status: 0, Hazard: 0, Weather: 0, Cleric: 0, Screen: 0, Pass: 0, Debuff: 0, Tailwind: 0",None
REMORAID,E,All-Rounder,"Bullet Seed: 23675 (19.4%), Bubble Beam: 20047 (16.4%), Water Pulse: 17289 (14.2%), Aurora Beam: 14623 (12.0%), Signal Beam: 12182 (10.0%), Focus Energy: 11013 (9.0%), Ice Beam: 9805 (8.0%), Psybeam: 9000 (7.4%), Lock On: 4508 (3.7%), Struggle: 5 (0.0%)",19583,45060,0.43,13034,0.72,4.18,2.25,11697,6741,5927,7673,8.63,40952,"Magikarp: 767, Geodude: 665, Zubat: 582","Golbat: 997, Roselia: 766, Staraptor: 762",43,"Damage: 13012, Status: 1478, Hazard: 0, Weather: 0, Cleric: 0, Screen: 0, Pass: 0, Debuff: 125, Tailwind: 0",None
RHYDON,B+,Attacker,"Horn Drill: 8683 (23.5%), Hammer Arm: 7000 (19.0%), Stone Edge: 4722 (12.8%), Take Down: 4637 (12.6%), Scary Face: 3543 (9.6%), Earthquake: 2355 (6.4%), Rock Slide: 2106 (5.7%), Rock Blast: 1893 (5.1%), Avalanche: 1575 (4.3%), Megahorn: 338 (0.9%), Thunder Fang: 74 (0.2%), Struggle: 5 (0.0%)",15421,6914,2.23,749,2.34,3.69,1.93,1595,9893,1799,227,-16.77,14299,"Golbat: 351, Magnemite: 303, Clefairy: 280","Gyarados: 200, Roselia: 165, Golduck: 139",5,"Damage: 744, Status: 0, Hazard: 0, Weather: 0, Cleric: 0, Screen: 0, Pass: 0, Debuff: 5, Tailwind: 0",None
RHYHORN,D,Attacker,"Scary Face: 20210 (31.0%), Horn Drill: 15971 (24.5%), Reversal: 6319 (9.7%), Rock Blast: 5847 (9.0%), Fury Attack: 4429 (6.8%), Take Down: 4238 (6.5%), Stone Edge: 3001 (4.6%), Stomp: 2916 (4.5%), Earthquake: 1989 (3.0%), Sandstorm: 148 (0.2%), Struggle: 147 (0.2%)",11522,11886,0.97,1182,1.07,4.81,2.72,2388,17755,3227,0,-17.74,17434,"Magikarp: 382, Pikachu: 353, Zubat: 276","Gyarados: 235, Roselia: 229, Machoke: 198",0,"Damage: 971, Status: 0, Hazard: 0, Weather: 116, Cleric: 0, Screen: 0, Pass: 0, Debuff: 132, Tailwind: 0",None
RHYPERIOR,A-,Attacker,"Earthquake: 599 (31.1%), Stone Edge: 511 (26.5%), Megahorn: 444 (23.0%), Avalanche: 221 (11.5%), Rock Wrecker: 93 (4.8%), Thunder Fang: 60 (3.1%)",1266,591,2.14,137,2.37,3.25,1.55,127,233,101,4,-0.14,1208,"Rapidash: 39, Floatzel: 37, Magneton: 35","Gyarados: 56, Heracross: 40, Roserade: 34",6,"Damage: 137, Status: 0, Hazard: 0, Weather: 0, Cleric: 0, Screen: 0, Pass: 0, Debuff: 0, Tailwind: 0",None
RIOLU,D-,Support,"Force Palm: 3626 (27.4%), Counter: 3010 (22.8%), Screech: 2640 (20.0%), Copycat: 1371 (10.4%), Reversal: 1310 (9.9%), Quick Attack: 1176 (8.9%), Feint: 85 (0.6%)",2273,4263,0.53,1866,0.97,3.69,1.75,424,733,646,805,2.5,5445,"Clefairy: 92, Magnemite: 83, Magikarp: 81","Golbat: 132, Gyarados: 111, Staraptor: 104",2,"Damage: 1455, Status: 329, Hazard: 0, Weather: 1, Cleric: 0, Screen: 0, Pass: 0, Debuff: 702, Tailwind: 0",None
ROSELIA,C,Disrupter / Hazards,"Giga Drain: 48513 (15.4%), Mega Drain: 38990 (12.4%), Petal Dance: 31377 (10.0%), Poison Sting: 31018 (9.9%), Sweet Scent: 29570 (9.4%), Toxic Spikes: 24077 (7.7%), Magical Leaf: 23443 (7.5%), Grass Whistle: 22325 (7.1%), Stun Spore: 15849 (5.0%), Leech Seed: 13282 (4.2%), Growth: 8765 (2.8%), Aromatherapy: 8070 (2.6%), Ingrain: 8029 (2.6%), Toxic: 7908 (2.5%), Synthesis: 2624 (0.8%), Struggle: 377 (0.1%)",48305,46753,1.03,16336,1.38,5.63,2.76,10459,20207,12540,8192,0.84,70311,"Geodude: 1390, Magikarp: 1300, Pikachu: 1290","Golbat: 1147, Staraptor: 1118, Gyarados: 1116",20,"Damage: 11937, Status: 8947, Hazard: 3105, Weather: 0, Cleric: 1, Screen: 0, Pass: 0, Debuff: 0, Tailwind: 0",None
ROSERADE,A,All-Rounder,"Magical Leaf: 17940 (20.5%), Giga Drain: 16353 (18.7%), Poison Sting: 13360 (15.2%), Mega Drain: 10230 (11.7%), Sweet Scent: 9230 (10.5%), Toxic Spikes: 3610 (4.1%), Grass Whistle: 2992 (3.4%), Shadow Ball: 2774 (3.2%), Leech Seed: 2174 (2.5%), Sludge Bomb: 2078 (2.4%), Poison Jab: 1561 (1.8%), Stun Spore: 1498 (1.7%), Toxic: 1485 (1.7%), Energy Ball: 711 (0.8%), Leaf Storm: 496 (0.6%), Ingrain: 431 (0.5%), Weather Ball: 266 (0.3%), Extrasensory: 244 (0.3%), Hyper Beam: 88 (0.1%), Grass Knot: 57 (0.1%), Struggle: 51 (0.1%)",22595,11329,1.99,7936,2.69,4.61,2.22,4035,3773,2995,4195,3.51,23385,"Seaking: 830, Quagsire: 545, Golduck: 532","Staraptor: 353, Rapidash: 343, Gyarados: 315",4,"Damage: 6616, Status: 2644, Hazard: 960, Weather: 0, Cleric: 0, Screen: 0, Pass: 0, Debuff: 19, Tailwind: 0",None
SABLEYE,C+,All-Rounder,"Brick Break: 377 (33.9%), Ice Punch: 345 (31.0%), Fake Out: 249 (22.4%), Sucker Punch: 142 (12.8%)",281,304,0.92,213,1.62,4.27,1.68,60,30,52,231,7.59,454,"Torterra: 11, Magneton: 9, Crobat: 9","Rapidash: 13, Crobat: 11, Snorlax: 11",0,"Damage: 213, Status: 3, Hazard: 0, Weather: 0, Cleric: 0, Screen: 0, Pass: 0, Debuff: 0, Tailwind: 0",None
SALAMENCE,S+,Attacker,"Dragon Claw: 7582 (49.7%), Flamethrower: 2283 (15.0%), Shadow Claw: 1848 (12.1%), Aerial Ace: 1017 (6.7%), Crunch: 883 (5.8%), Zen Headbutt: 836 (5.5%), Thunder Fang: 332 (2.2%), Rest: 247 (1.6%), Fire Fang: 225 (1.5%)",8617,1043,8.26,827,9.05,3.62,1.23,987,296,500,224,7.62,5282,"Golbat: 162, Seaking: 143, Staraptor: 138","Floatzel: 79, Graveler: 33, Gyarados: 32",1,"Damage: 780, Status: 52, Hazard: 0, Weather: 0, Cleric: 0, Screen: 0, Pass: 0, Debuff: 65, Tailwind: 0",None
SANDSHREW,E-,Defender,"Rapid Spin: 17330 (30.5%), Sand Attack: 11607 (20.5%), Defense Curl: 10562 (18.6%), Swift: 7875 (13.9%), Poison Sting: 5556 (9.8%), Scratch: 3811 (6.7%), Struggle: 5 (0.0%)",1807,8329,0.22,3631,0.65,7.84,3.48,1951,2186,13646,1372,19.02,9305,"Magikarp: 159, Pikachu: 117, Zubat: 90","Golbat: 146, Gyarados: 135, Magnemite: 117",1,"Damage: 3631, Status: 714, Hazard: 0, Weather: 0, Cleric: 0, Screen: 0, Pass: 0, Debuff: 0, Tailwind: 0",None
SANDSLASH,B-,All-Rounder,"Slash: 45828 (25.8%), Fury Cutter: 24925 (14.0%), Sand Tomb: 21158 (11.9%), Dig: 18423 (10.4%), Crush Claw: 17830 (10.0%), Gyro Ball: 15321 (8.6%), Swift: 10733 (6.0%), Rollout: 8446 (4.7%), X Scissor: 3466 (1.9%), Fury Swipes: 3341 (1.9%), Sandstorm: 2573 (1.4%), Sand Attack: 2509 (1.4%), Rapid Spin: 1693 (1.0%), Earthquake: 792 (0.4%), Poison Sting: 540 (0.3%), Poison Jab: 381 (0.2%), Struggle: 1 (0.0%)",27534,26444,1.04,19201,1.77,5.48,2.88,11916,15422,18337,6358,7.55,40124,"Pikachu: 833, Magnemite: 772, Magikarp: 737","Gyarados: 696, Golbat: 586, Seaking: 509",4,"Damage: 18606, Status: 50, Hazard: 0, Weather: 1343, Cleric: 0, Screen: 0, Pass: 0, Debuff: 1260, Tailwind: 0",None
SCIZOR,S,Attacker,"X Scissor: 10602 (35.5%), Bullet Punch: 4189 (14.0%), Metal Claw: 2965 (9.9%), Slash: 2894 (9.7%), Iron Head: 2159 (7.2%), Night Slash: 2042 (6.8%), Swords Dance: 1924 (6.4%), Double Hit: 1529 (5.1%), Pursuit: 1232 (4.1%), Quick Attack: 301 (1.0%), Superpower: 57 (0.2%)",13704,2806,4.88,920,5.21,4.03,1.84,1937,1129,1178,579,6.36,9199,"Pikachu: 245, Clefairy: 228, Golbat: 227","Rapidash: 141, Magmar: 100, Gyarados: 99",1,"Damage: 920, Status: 0, Hazard: 0, Weather: 0, Cleric: 0, Screen: 0, Pass: 0, Debuff: 0, Tailwind: 0",None
SCYTHER,A,All-Rounder,"Wing Attack: 8138 (21.3%), Quick Attack: 7697 (20.2%), Slash: 5062 (13.3%), U Turn: 3826 (10.0%), Leer: 3483 (9.1%), Focus Energy: 2839 (7.4%), X Scissor: 2225 (5.8%), Fury Cutter: 2010 (5.3%), Razor Wind: 1873 (4.9%), Pursuit: 973 (2.6%)",10994,4961,2.22,2625,2.75,5.39,1.95,3049,844,1384,0,9.08,10260,"Pikachu: 192, Seaking: 188, Clefairy: 185","Staraptor: 171, Gyarados: 162, Golbat: 147",3,"Damage: 2587, Status: 0, Hazard: 0, Weather: 0, Cleric: 0, Screen: 0, Pass: 0, Debuff: 192, Tailwind: 0",None
SEADRA,C+,Attacker,"Twister: 28408 (21.8%), Brine: 25035 (19.2%), Agility: 21903 (16.8%), Bubble Beam: 14963 (11.5%), Hydro Pump: 12000 (9.2%), Waterfall: 9126 (7.0%), Water Pulse: 6708 (5.1%), Surf: 4082 (3.1%), Focus Energy: 3425 (2.6%), Smoke Screen: 2310 (1.8%), Dragon Dance: 1333 (1.0%), Leer: 1180 (0.9%), Struggle: 12 (0.0%)",29612,21008,1.41,4077,1.6,4.77,2.25,6910,4396,6218,3292,6.39,34204,"Clefairy: 634, Magnemite: 597, Golbat: 533","Gyarados: 526, Roselia: 487, Golbat: 476",14,"Damage: 4016, Status: 507, Hazard: 0, Weather: 0, Cleric: 0, Screen: 0, Pass: 0, Debuff: 80, Tailwind: 0",None
SEAKING,C,Attacker,"Flail: 81531 (20.2%), Fury Attack: 77469 (19.1%), Waterfall: 71520 (17.7%), Aqua Ring: 42890 (10.6%), Water Pulse: 42618 (10.5%), Horn Drill: 40451 (10.0%), Horn Attack: 12221 (3.0%), Supersonic: 10308 (2.5%), Poison Jab: 9613 (2.4%), Agility: 4810 (1.2%), Megahorn: 3420 (0.8%), Rain Dance: 3206 (0.8%), Peck: 2274 (0.6%), Captivate: 1877 (0.5%), Struggle: 341 (0.1%)",73648,60264,1.22,10656,1.4,6.24,3.49,23531,54480,17333,16400,-3.2,80681,"Magnemite: 1400, Pikachu: 1389, Clefairy: 1323","Gyarados: 1387, Golbat: 1205, Magneton: 1091",13,"Damage: 10581, Status: 2180, Hazard: 0, Weather: 0, Cleric: 0, Screen: 0, Pass: 0, Debuff: 17, Tailwind: 0",None
SEALEO,C+,Disrupter,"Rest: 6515 (31.5%), Blizzard: 6068 (29.3%), Swagger: 4583 (22.1%), Snore: 3464 (16.7%), Struggle: 85 (0.4%)",2265,2471,0.92,1755,1.63,8.63,4.83,389,2788,1131,0,-5.8,3594,"Magikarp: 68, Geodude: 59, Golbat: 55","Machoke: 60, Staraptor: 50, Gyarados: 42",0,"Damage: 1237, Status: 1354, Hazard: 0, Weather: 0, Cleric: 0, Screen: 0, Pass: 0, Debuff: 0, Tailwind: 0",None
SEEDOT,F-,All-Rounder,"Nature Power: 3735 (57.5%), Sunny Day: 1677 (25.8%), Synthesis: 1059 (16.3%), Explosion: 27 (0.4%)",334,2507,0.13,260,0.24,3.58,2.51,223,172,454,0,7.26,2819,"Rattata: 18, Pikachu: 17, Clefairy: 12","Golbat: 73, Gyarados: 47, Graveler: 43",0,"Damage: 260, Status: 0, Hazard: 0, Weather: 0, Cleric: 0, Screen: 0, Pass: 0, Debuff: 0, Tailwind: 0",None
SEEL,E+,Defender,"Ice Shard: 29705 (24.1%), Rest: 23521 (19.1%), Icy Wind: 16730 (13.6%), Encore: 11755 (9.5%), Snore: 7836 (6.4%), Aqua Jet: 6452 (5.2%), Aqua Ring: 6180 (5.0%), Aurora Beam: 5691 (4.6%), Take Down: 5505 (4.5%), Brine: 5449 (4.4%), Hail: 3807 (3.1%), Struggle: 481 (0.4%)",7145,16742,0.43,6795,0.83,10.56,5.82,4345,4892,6210,13580,4.37,17778,"Magikarp: 300, Zubat: 241, Geodude: 202","Magnemite: 309, Gyarados: 296, Golbat: 280",8,"Damage: 6281, Status: 0, Hazard: 0, Weather: 1931, Cleric: 0, Screen: 0, Pass: 0, Debuff: 270, Tailwind: 0",None
SENTRET,F-,Defender,"Follow Me: 9754 (17.2%), Quick Attack: 9212 (16.2%), Sucker Punch: 8808 (15.5%), Rest: 6939 (12.2%), Slam: 6874 (12.1%), Defense Curl: 6316 (11.1%), Fury Swipes: 3660 (6.4%), Scratch: 2845 (5.0%), Foresight: 2173 (3.8%), Helping Hand: 142 (0.3%), Struggle: 28 (0.0%)",3015,19844,0.15,1290,0.22,13.47,7.41,1817,2998,3219,0,3.4,6567,"Magikarp: 162, Pikachu: 119, Zubat: 119","Golbat: 352, Gyarados: 326, Staraptor: 317",1,"Damage: 1290, Status: 0, Hazard: 0, Weather: 0, Cleric: 0, Screen: 0, Pass: 0, Debuff: 0, Tailwind: 0",None
SEVIPER,B,Disrupter,"Night Slash: 9185 (32.4%), Poison Fang: 6897 (24.3%), Wring Out: 4248 (15.0%), Swagger: 3627 (12.8%), Glare: 2403 (8.5%), Haze: 2004 (7.1%)",5779,3758,1.54,2005,2.07,5.01,2.3,1808,1465,934,1447,4.52,6419,"Magikarp: 161, Pikachu: 134, Zubat: 121","Gyarados: 101, Graveler: 85, Staraptor: 84",0,"Damage: 1910, Status: 1388, Hazard: 0, Weather: 0, Cleric: 0, Screen: 0, Pass: 0, Debuff: 0, Tailwind: 0",None
SHARPEDO,A-,All-Rounder,"Night Slash: 5608 (39.3%), Aqua Jet: 2668 (18.7%), Taunt: 1551 (10.9%), Agility: 1493 (10.5%), Skull Bash: 1472 (10.3%), Slash: 1190 (8.3%), Endure: 285 (2.0%)",5265,2696,1.95,1662,2.57,3.34,1.31,1067,151,426,0,9.13,5452,"Pikachu: 100, Golbat: 93, Geodude: 85","Staraptor: 103, Machoke: 99, Magneton: 62",4,"Damage: 1662, Status: 0, Hazard: 0, Weather: 0, Cleric: 0, Screen: 0, Pass: 0, Debuff: 0, Tailwind: 0",None
SHEDINJA,D,Disrupter,"Shadow Sneak: 189 (35.1%), X Scissor: 169 (31.4%), Swagger: 139 (25.8%), Toxic: 41 (7.6%)",104,189,0.55,97,1.06,3.26,0.56,16,82,27,0,-6.9,290,"Haunter: 7, Gyarados: 4, Starmie: 4","Heracross: 11, Gengar: 10, Crobat: 9",4,"Damage: 57, Status: 68, Hazard: 0, Weather: 0, Cleric: 0, Screen: 0, Pass: 0, Debuff: 0, Tailwind: 0",None
SHELGON,A,Support,"Double Edge: 6395 (35.4%), Dragon Claw: 5143 (28.5%), Scary Face: 3931 (21.8%), Crunch: 1419 (7.9%), Zen Headbutt: 1161 (6.4%)",5601,2654,2.11,1465,2.66,4.39,2.13,815,1002,707,206,2.7,5227,"Clefairy: 107, Golbat: 106, Pikachu: 102","Gyarados: 85, Staraptor: 58, Graveler: 50",0,"Damage: 1424, Status: 0, Hazard: 0, Weather: 0, Cleric: 0, Screen: 0, Pass: 0, Debuff: 388, Tailwind: 0",None
SHELLDER,E+,Support,"Icicle Spear: 21490 (14.2%), Protect: 15777 (10.4%), Leer: 14900 (9.8%), Supersonic: 14195 (9.4%), Ice Shard: 13887 (9.2%), Whirlpool: 11654 (7.7%), Aurora Beam: 11299 (7.5%), Clamp: 11059 (7.3%), Withdraw: 9840 (6.5%), Iron Defense: 9566 (6.3%), Brine: 7299 (4.8%), Tackle: 6858 (4.5%), Ice Beam: 3720 (2.5%), Struggle: 39 (0.0%)",9634,27764,0.35,12542,0.8,6.58,3.43,7853,16734,6715,1224,-1.37,29527,"Magikarp: 573, Zubat: 397, Geodude: 378","Golbat: 567, Roselia: 499, Pikachu: 448",6,"Damage: 10120, Status: 2717, Hazard: 0, Weather: 0, Cleric: 0, Screen: 0, Pass: 0, Debuff: 3465, Tailwind: 0",None
SHELLOS,F+,Defender,"Hidden Power: 28088 (27.7%), Mud Bomb: 23345 (23.0%), Body Slam: 17360 (17.1%), Rain Dance: 15328 (15.1%), Water Pulse: 14817 (14.6%), Harden: 2320 (2.3%), Struggle: 50 (0.0%)",11154,23112,0.48,1853,0.56,8.33,5.18,4763,6054,8094,10834,6.25,14934,"Magnemite: 349, Geodude: 296, Pikachu: 284","Golbat: 506, Gyarados: 452, Seaking: 384",4,"Damage: 1853, Status: 503, Hazard: 0, Weather: 0, Cleric: 0, Screen: 0, Pass: 0, Debuff: 0, Tailwind: 0",None
SHIELDON,E+,Disrupter,"Take Down: 15578 (36.6%), Swagger: 7450 (17.5%), Iron Defense: 6474 (15.2%), Taunt: 3518 (8.3%), Ancient Power: 3496 (8.2%), Metal Sound: 3330 (7.8%), Metal Burst: 1542 (3.6%), Endure: 1144 (2.7%), Struggle: 41 (0.1%)",3521,5940,0.59,1134,0.78,7.04,3.86,939,4988,1824,341,-5.01,7979,"Zubat: 95, Stunky: 86, Magikarp: 83","Gyarados: 121, Seaking: 114, Staraptor: 108",3,"Damage: 884, Status: 946, Hazard: 0, Weather: 0, Cleric: 0, Screen: 0, Pass: 0, Debuff: 24, Tailwind: 0",None
SHIFTRY,A+,All-Rounder,"Leaf Storm: 6722 (49.0%), Sunny Day: 2146 (15.7%), Sucker Punch: 2101 (15.3%), Faint Attack: 992 (7.2%), Explosion: 688 (5.0%), Quick Attack: 672 (4.9%), Extrasensory: 390 (2.8%)",5370,2007,2.68,935,3.14,3.98,1.51,568,826,494,13,1.62,4321,"Seaking: 121, Golbat: 98, Geodude: 96","Staraptor: 65, Golbat: 53, Magmar: 37",10,"Damage: 934, Status: 0, Hazard: 0, Weather: 3, Cleric: 0, Screen: 0, Pass: 0, Debuff: 0, Tailwind: 0",None
SHINX,F+,Attacker,"Tackle: 16948 (25.4%), Leer: 10252 (15.3%), Spark: 9377 (14.0%), Bite: 9300 (13.9%), Charge: 7281 (10.9%), Crunch: 3073 (4.6%), Roar: 3066 (4.6%), Scary Face: 2824 (4.2%), Thunder Fang: 2417 (3.6%), Discharge: 2287 (3.4%), Struggle: 31 (0.0%)",8111,20068,0.4,1325,0.47,4.01,2.08,2443,3157,3195,5116,3.59,23783,"Magikarp: 438, Clefairy: 238, Pikachu: 228","Gyarados: 357, Staraptor: 334, Golbat: 302",2,"Damage: 1268, Status: 211, Hazard: 0, Weather: 0, Cleric: 0, Screen: 0, Pass: 0, Debuff: 78, Tailwind: 0",None
SHROOMISH,D,Attacker / Disrupter,"Seed Bomb: 5912 (29.8%), Giga Drain: 5781 (29.1%), Growth: 5313 (26.8%), Spore: 2848 (14.3%)",2309,2382,0.97,101,1.01,6.89,3.06,709,356,599,0,4.65,3385,"Pikachu: 89, Magikarp: 81, Geodude: 74","Golbat: 60, Zubat: 55, Staraptor: 49",0,"Damage: 97, Status: 76, Hazard: 0, Weather: 0, Cleric: 0, Screen: 0, Pass: 0, Debuff: 0, Tailwind: 0",None
SHUCKLE,S,Disrupter / Weather,"Protect: 9123 (49.4%), Toxic: 3819 (20.7%), Sandstorm: 3059 (16.6%), Rest: 2302 (12.5%), Struggle: 159 (0.9%)",5,551,0.01,3630,6.6,9.69,3.92,7,729,607,0,-0.6,2831,"Murkrow: 2, Eevee: 1, Meowth: 1","Gyarados: 23, Floatzel: 23, Feraligatr: 19",0,"Damage: 46, Status: 2705, Hazard: 0, Weather: 2465, Cleric: 0, Screen: 0, Pass: 0, Debuff: 0, Tailwind: 0",None
SHUPPET,D+,All-Rounder,"Sucker Punch: 8893 (60.5%), Shadow Ball: 2047 (13.9%), Confuse Ray: 1981 (13.5%), Will O Wisp: 1773 (12.1%), Struggle: 8 (0.1%)",1324,2985,0.44,2237,1.19,4.47,1.62,374,848,467,217,-0.0,3654,"Magikarp: 78, Zubat: 46, Geodude: 38","Gyarados: 67, Golbat: 64, Staraptor: 57",0,"Damage: 1841, Status: 828, Hazard: 0, Weather: 0, Cleric: 0, Screen: 0, Pass: 0, Debuff: 63, Tailwind: 0",None
SILCOON,F,All-Rounder,"Tackle: 1231 (28.9%), Harden: 1111 (26.1%), String Shot: 970 (22.8%), Poison Sting: 951 (22.3%)",117,1928,0.06,450,0.29,3.73,1.83,132,262,277,264,3.28,2359,"Pikachu: 11, Skiploom: 5, Clefairy: 5","Golbat: 69, Kadabra: 48, Staraptor: 35",1,"Damage: 437, Status: 105, Hazard: 0, Weather: 0, Cleric: 0, Screen: 0, Pass: 0, Debuff: 27, Tailwind: 0",None
SKARMORY,A+,Hazards,"Night Slash: 20858 (22.9%), Steel Wing: 20432 (22.4%), Air Slash: 20272 (22.2%), Slash: 18775 (20.6%), Drill Peck: 5159 (5.7%), Metal Sound: 2498 (2.7%), Rock Tomb: 1568 (1.7%), Stealth Rock: 1092 (1.2%), Spikes: 519 (0.6%)",21966,8281,2.65,6591,3.45,5.97,3.23,7481,5026,3841,7093,6.74,18338,"Clefairy: 469, Magikarp: 420, Golbat: 362","Magneton: 303, Gyarados: 282, Magnemite: 224",2,"Damage: 5449, Status: 0, Hazard: 1422, Weather: 0, Cleric: 0, Screen: 0, Pass: 0, Debuff: 81, Tailwind: 0",None
SKIPLOOM,D-,Disrupter,"Bullet Seed: 39790 (27.1%), Mega Drain: 19622 (13.4%), U Turn: 13798 (9.4%), Leech Seed: 10258 (7.0%), Sleep Powder: 10134 (6.9%), Stun Spore: 8692 (5.9%), Bounce: 8349 (5.7%), Giga Drain: 8257 (5.6%), Worry Seed: 7605 (5.2%), Cotton Spore: 7567 (5.1%), Tail Whip: 3707 (2.5%), Tackle: 3641 (2.5%), Sunny Day: 3094 (2.1%), Memento: 1468 (1.0%), Poison Powder: 915 (0.6%), Struggle: 53 (0.0%)",10419,22805,0.46,11700,0.97,7.5,3.31,9327,11168,8714,0,4.42,24473,"Magikarp: 436, Geodude: 411, Onix: 309","Golbat: 542, Staraptor: 468, Gyarados: 433",12,"Damage: 10803, Status: 7376, Hazard: 0, Weather: 6, Cleric: 0, Screen: 0, Pass: 0, Debuff: 166, Tailwind: 0",None
SKITTY,E-,All-Rounder,"Double Edge: 2538 (29.2%), Covet: 2460 (28.3%), Heal Bell: 2345 (27.0%), Captivate: 1350 (15.5%)",931,2746,0.34,865,0.65,4.59,2.1,276,216,440,0,5.47,3124,"Zubat: 36, Clefairy: 28, Pikachu: 26","Golbat: 49, Machop: 48, Gyarados: 47",0,"Damage: 853, Status: 0, Hazard: 0, Weather: 0, Cleric: 2, Screen: 0, Pass: 0, Debuff: 34, Tailwind: 0",None
SKORUPI,E+,Hazards / Support,"Acupressure: 25860 (26.5%), Pin Missile: 21798 (22.3%), Scary Face: 16218 (16.6%), Bug Bite: 10509 (10.8%), Toxic Spikes: 8872 (9.1%), Leer: 6625 (6.8%), Crunch: 3837 (3.9%), Poison Fang: 3730 (3.8%), Knock Off: 199 (0.2%), Struggle: 33 (0.0%)",5113,14653,0.35,6013,0.76,6.72,3.52,3983,6419,11965,1502,8.67,17643,"Magikarp: 263, Pikachu: 166, Clefairy: 163","Golbat: 330, Staraptor: 271, Gyarados: 258",0,"Damage: 4533, Status: 140, Hazard: 1287, Weather: 0, Cleric: 0, Screen: 0, Pass: 0, Debuff: 1618, Tailwind: 0",None
SKUNTANK,S-,All-Rounder,"Dig: 11802 (37.0%), Night Slash: 9437 (29.6%), Sucker Punch: 2625 (8.2%), Poison Jab: 1594 (5.0%), Smoke Screen: 1545 (4.8%), Toxic: 1423 (4.5%), Flamethrower: 1102 (3.5%), Poison Gas: 958 (3.0%), Screech: 855 (2.7%), Explosion: 539 (1.7%), Struggle: 1 (0.0%)",8475,2729,3.11,1984,3.83,5.71,2.02,1674,1583,6356,319,16.87,7010,"Magnemite: 232, Golbat: 173, Seaking: 153","Staraptor: 80, Gyarados: 60, Magneton: 48",2,"Damage: 1825, Status: 780, Hazard: 0, Weather: 0, Cleric: 0, Screen: 0, Pass: 0, Debuff: 15, Tailwind: 0",None
SLAKING,S,Attacker,"Shadow Claw: 1406 (38.7%), Giga Impact: 843 (23.2%), Counter: 718 (19.8%), Aerial Ace: 665 (18.3%)",2049,388,5.28,116,5.58,4.25,1.72,232,135,152,0,6.58,1315,"Gyarados: 65, Staraptor: 52, Machoke: 49","Heracross: 26, Magneton: 22, Magmar: 11",0,"Damage: 116, Status: 0, Hazard: 0, Weather: 0, Cleric: 0, Screen: 0, Pass: 0, Debuff: 0, Tailwind: 0",None
SLAKOTH,E-,Attacker,"Counter: 7410 (49.3%), Amnesia: 3494 (23.2%), Flail: 3098 (20.6%), Covet: 1032 (6.9%)",1599,2598,0.62,27,0.63,5.78,3.18,248,357,754,0,4.09,3238,"Magikarp: 80, Zubat: 67, Rattata: 53","Golbat: 48, Staraptor: 48, Gyarados: 47",0,"Damage: 27, Status: 0, Hazard: 0, Weather: 0, Cleric: 0, Screen: 0, Pass: 0, Debuff: 0, Tailwind: 0",None
SLOWBRO,B,Attacker,"Psychic: 25214 (22.4%), Slack Off: 18541 (16.5%), Withdraw: 18145 (16.1%), Growl: 14555 (12.9%), Amnesia: 12609 (11.2%), Disable: 7145 (6.4%), Yawn: 4876 (4.3%), Water Gun: 3744 (3.3%), Confusion: 3563 (3.2%), Skill Swap: 2217 (2.0%), Curse: 947 (0.8%), Water Pulse: 439 (0.4%), Struggle: 427 (0.4%), Body Slam: 93 (0.1%)",11781,6430,1.83,789,1.95,11.1,6.79,1913,3972,4602,1490,2.12,12067,"Magnemite: 243, Pikachu: 207, Clefairy: 193","Sneasel: 129, Roserade: 120, Roselia: 100",0,"Damage: 753, Status: 63, Hazard: 0, Weather: 0, Cleric: 0, Screen: 0, Pass: 0, Debuff: 55, Tailwind: 0",None
SLOWKING,A-,Attacker,"Water Pulse: 7274 (17.4%), Psychic: 5236 (12.5%), Zen Headbutt: 4951 (11.8%), Nasty Plot: 4367 (10.4%), Surf: 3774 (9.0%), Swagger: 3451 (8.2%), Headbutt: 2572 (6.1%), Confusion: 2533 (6.0%), Trump Card: 1980 (4.7%), Disable: 1766 (4.2%), Trick Room: 1692 (4.0%), Flamethrower: 1549 (3.7%), Psych Up: 716 (1.7%), Struggle: 13 (0.0%)",11272,5104,2.21,1465,2.5,5.1,2.8,1686,2130,1877,2459,3.54,10495,"Magnemite: 205, Clefairy: 204, Golbat: 188","Gyarados: 108, Graveler: 98, Sneasel: 96",0,"Damage: 1411, Status: 595, Hazard: 0, Weather: 0, Cleric: 0, Screen: 0, Pass: 0, Debuff: 22, Tailwind: 0",None
SLOWPOKE,E+,Defender,"Growl: 39804 (22.0%), Water Gun: 27563 (15.2%), Tackle: 23089 (12.8%), Yawn: 22745 (12.6%), Curse: 18117 (10.0%), Psychic: 13651 (7.5%), Amnesia: 9018 (5.0%), Zen Headbutt: 6876 (3.8%), Slack Off: 6846 (3.8%), Disable: 3874 (2.1%), Strength: 3797 (2.1%), Headbutt: 3246 (1.8%), Skill Swap: 1545 (0.9%), Confusion: 650 (0.4%), Struggle: 97 (0.1%)",12989,19754,0.66,2416,0.78,10.4,5.87,4365,8506,7132,2298,1.6,19395,"Magikarp: 473, Zubat: 389, Clefairy: 345","Gyarados: 378, Golbat: 360, Magnemite: 324",0,"Damage: 2369, Status: 101, Hazard: 0, Weather: 0, Cleric: 0, Screen: 0, Pass: 0, Debuff: 290, Tailwind: 0",None
SLUGMA,F,All-Rounder,"Harden: 1489 (30.1%), Recover: 1190 (24.1%), Amnesia: 1165 (23.6%), Ancient Power: 1067 (21.6%), Struggle: 29 (0.6%)",276,1324,0.21,206,0.36,5.63,2.93,59,12,297,92,6.33,1507,"Bellsprout: 23, Skiploom: 11, Budew: 10","Roselia: 37, Gyarados: 34, Golduck: 32",0,"Damage: 206, Status: 0, Hazard: 0, Weather: 0, Cleric: 0, Screen: 0, Pass: 0, Debuff: 0, Tailwind: 0",None
SMEARGLE,B-,Passer,"Silver Wind: 3600 (27.2%), Ancient Power: 3548 (26.8%), Baton Pass: 3068 (23.2%), Ominous Wind: 3002 (22.7%), Struggle: 3 (0.0%)",694,2063,0.34,2733,1.66,6.93,2.14,590,224,613,1039,7.48,3521,"Magikarp: 23, Gastly: 18, Zubat: 17","Staraptor: 54, Gyarados: 52, Seaking: 37",0,"Damage: 2218, Status: 0, Hazard: 0, Weather: 0, Cleric: 0, Screen: 0, Pass: 515, Debuff: 0, Tailwind: 0",None
SNEASEL,A-,All-Rounder,"Faint Attack: 76739 (35.2%), Slash: 29607 (13.6%), Icy Wind: 19516 (9.0%), Beat Up: 16578 (7.6%), Quick Attack: 14858 (6.8%), Metal Claw: 12730 (5.8%), Shadow Claw: 11790 (5.4%), Ice Shard: 11337 (5.2%), Ice Punch: 9245 (4.2%), Agility: 6688 (3.1%), Screech: 6518 (3.0%), Fury Swipes: 1303 (0.6%), Aerial Ace: 781 (0.4%), Struggle: 45 (0.0%)",60267,31812,1.89,19975,2.52,4.17,1.83,14698,5345,8040,15389,7.71,59602,"Pikachu: 1345, Zubat: 1254, Geodude: 1118","Staraptor: 1093, Magneton: 808, Gyarados: 728",6,"Damage: 19615, Status: 51, Hazard: 0, Weather: 0, Cleric: 0, Screen: 0, Pass: 0, Debuff: 682, Tailwind: 0",None
SNORLAX,A+,Attacker,"Body Slam: 3544 (32.0%), Earthquake: 3273 (29.5%), Crunch: 2332 (21.0%), Rest: 962 (8.7%), Zen Headbutt: 546 (4.9%), Blizzard: 206 (1.9%), Giga Impact: 123 (1.1%), Shadow Ball: 105 (0.9%)",5249,1791,2.93,809,3.38,4.49,2.55,584,627,742,750,5.61,4329,"Pikachu: 311, Luxray: 222, Electrode: 212","Heracross: 308, Electivire: 85, Machamp: 61",2,"Damage: 805, Status: 68, Hazard: 0, Weather: 0, Cleric: 0, Screen: 0, Pass: 0, Debuff: 26, Tailwind: 0",None
SNORUNT,D-,All-Rounder,"Ice Fang: 19707 (29.3%), Protect: 15427 (23.0%), Crunch: 15056 (22.4%), Ice Shard: 7954 (11.8%), Hail: 5669 (8.4%), Headbutt: 3351 (5.0%)",7904,13701,0.58,4361,0.9,5.42,2.62,2580,2230,2518,6046,4.19,14661,"Magikarp: 311, Zubat: 293, Pikachu: 198","Gyarados: 330, Staraptor: 285, Magnemite: 238",0,"Damage: 3909, Status: 301, Hazard: 0, Weather: 1952, Cleric: 0, Screen: 0, Pass: 0, Debuff: 410, Tailwind: 0",None
SNOVER,D+,Weather,"Ice Shard: 22760 (36.2%), Wood Hammer: 15408 (24.5%), Mist: 8501 (13.5%), Ingrain: 8222 (13.1%), Swagger: 5117 (8.1%), Icy Wind: 2493 (4.0%), Grass Whistle: 396 (0.6%), Struggle: 2 (0.0%)",12418,16398,0.76,5400,1.09,4.64,2.51,2433,1907,2886,1750,5.19,17408,"Pikachu: 268, Geodude: 243, Goldeen: 236","Golbat: 376, Staraptor: 358, Machoke: 343",9,"Damage: 3852, Status: 1753, Hazard: 0, Weather: 5163, Cleric: 0, Screen: 0, Pass: 0, Debuff: 14, Tailwind: 0",None
SNUBBULL,F+,Support,"Bite: 15562 (25.8%), Lick: 13654 (22.6%), Tail Whip: 8852 (14.7%), Charm: 7686 (12.7%), Scary Face: 5037 (8.4%), Headbutt: 3776 (6.3%), Rage: 3693 (6.1%), Roar: 2054 (3.4%), Struggle: 6 (0.0%)",4701,10492,0.45,931,0.54,5.84,3.13,2181,2764,2721,7961,3.29,12448,"Magikarp: 323, Zubat: 164, Clefairy: 151","Staraptor: 187, Golbat: 182, Gyarados: 174",0,"Damage: 710, Status: 207, Hazard: 0, Weather: 0, Cleric: 0, Screen: 0, Pass: 0, Debuff: 583, Tailwind: 0",None
SOLROCK,C,All-Rounder,"Rock Slide: 4375 (34.5%), Heal Block: 3596 (28.4%), Solar Beam: 3234 (25.5%), Explosion: 1459 (11.5%)",3423,2715,1.26,612,1.49,4.21,2.21,402,704,453,687,1.27,3460,"Zubat: 78, Magnemite: 71, Magikarp: 69","Gyarados: 40, Golduck: 37, Sneasel: 27",0,"Damage: 612, Status: 0, Hazard: 0, Weather: 0, Cleric: 0, Screen: 0, Pass: 0, Debuff: 0, Tailwind: 0",None
SPEAROW,F,Support,"Leer: 13531 (25.4%), Peck: 11140 (20.9%), Growl: 10097 (18.9%), Fury Attack: 5645 (10.6%), Aerial Ace: 3201 (6.0%), Pursuit: 3196 (6.0%), Drill Peck: 2017 (3.8%), Assurance: 2007 (3.8%), Agility: 1839 (3.4%), Roost: 692 (1.3%), Struggle: 3 (0.0%)",5085,17014,0.3,2317,0.44,5.41,2.47,2044,1979,6413,0,10.84,14733,"Magikarp: 209, Zubat: 136, Roselia: 132","Golbat: 363, Magnemite: 309, Gyarados: 303",27,"Damage: 1904, Status: 0, Hazard: 0, Weather: 0, Cleric: 0, Screen: 0, Pass: 0, Debuff: 1028, Tailwind: 0",None
SPHEAL,E,All-Rounder,"Blizzard: 2177 (29.6%), Sheer Cold: 2078 (28.3%), Rest: 2060 (28.1%), Snore: 991 (13.5%), Struggle: 37 (0.5%)",1276,2258,0.57,261,0.68,5.15,2.96,127,2252,488,0,-20.9,2869,"Golbat: 37, Gyarados: 31, Zubat: 29","Golbat: 72, Roselia: 53, Machoke: 52",0,"Damage: 261, Status: 0, Hazard: 0, Weather: 0, Cleric: 0, Screen: 0, Pass: 0, Debuff: 0, Tailwind: 0",None
SPINARAK,F-,Disrupter,"Poison Sting: 7551 (47.3%), Constrict: 3311 (20.7%), Scary Face: 2596 (16.2%), String Shot: 2520 (15.8%), Struggle: 1 (0.0%)",302,5560,0.05,726,0.18,3.75,2.35,626,868,894,2499,4.58,5879,"Magikarp: 54, Bellsprout: 19, Pichu: 13","Golbat: 142, Pikachu: 97, Kadabra: 93",0,"Damage: 725, Status: 516, Hazard: 0, Weather: 0, Cleric: 0, Screen: 0, Pass: 0, Debuff: 26, Tailwind: 0",None
SPINDA,C,Disrupter,"Teeter Dance: 30421 (41.9%), Sucker Punch: 12078 (16.6%), Dizzy Punch: 11634 (16.0%), Double Edge: 5969 (8.2%), Psych Up: 3718 (5.1%), Flail: 3550 (4.9%), Trick Room: 3273 (4.5%), Fake Out: 1848 (2.5%), Struggle: 80 (0.1%)",6784,9965,0.68,8210,1.5,6.21,2.64,1838,1585,2563,3478,3.76,13460,"Magikarp: 252, Zubat: 212, Pikachu: 174","Gyarados: 235, Staraptor: 207, Golbat: 189",0,"Damage: 6695, Status: 5879, Hazard: 0, Weather: 0, Cleric: 0, Screen: 0, Pass: 0, Debuff: 0, Tailwind: 0",None
SPIRITOMB,S+,All-Rounder,"Dark Pulse: 8990 (45.9%), Psychic: 4121 (21.0%), Shadow Ball: 2680 (13.7%), Silver Wind: 1870 (9.6%), Ominous Wind: 937 (4.8%), Curse: 340 (1.7%), Sucker Punch: 274 (1.4%), Confuse Ray: 186 (1.0%), Pain Split: 176 (0.9%), Struggle: 4 (0.0%)",8909,1578,5.65,1555,6.63,3.88,1.69,1123,637,648,1738,5.81,5990,"Magikarp: 158, Golbat: 148, Pikachu: 147","Gyarados: 73, Rapidash: 59, Staraptor: 38",0,"Damage: 1449, Status: 140, Hazard: 0, Weather: 0, Cleric: 0, Screen: 0, Pass: 0, Debuff: 52, Tailwind: 0",None
SPOINK,F,Attacker,"Zen Headbutt: 4729 (29.6%), Payback: 4665 (29.2%), Rest: 4377 (27.4%), Snore: 2179 (13.6%), Struggle: 52 (0.3%)",1015,2638,0.38,59,0.41,7.56,4.48,572,1108,840,702,1.97,3028,"Magikarp: 76, Pikachu: 37, Clefairy: 31","Gyarados: 45, Staraptor: 45, Geodude: 43",0,"Damage: 59, Status: 0, Hazard: 0, Weather: 0, Cleric: 0, Screen: 0, Pass: 0, Debuff: 0, Tailwind: 0",None
SQUIRTLE,E-,All-Rounder,"Curse: 4547 (29.7%), Aqua Tail: 1975 (12.9%), Skull Bash: 1940 (12.7%), Iron Defense: 1861 (12.2%), Bite: 1857 (12.1%), Rain Dance: 1199 (7.8%), Withdraw: 1184 (7.7%), Water Gun: 750 (4.9%), Struggle: 1 (0.0%)",1896,3777,0.5,469,0.63,5.14,2.77,414,558,1244,311,6.6,4795,"Clefairy: 50, Kadabra: 37, Rattata: 37","Gyarados: 117, Golbat: 110, Staraptor: 91",0,"Damage: 469, Status: 0, Hazard: 0, Weather: 0, Cleric: 0, Screen: 0, Pass: 0, Debuff: 0, Tailwind: 0",None
STANTLER,B+,All-Rounder,"Me First: 9184 (52.8%), Zen Headbutt: 6062 (34.9%), Trick Room: 1860 (10.7%), Return: 279 (1.6%), Struggle: 3 (0.0%)",3048,2113,1.44,1524,2.16,5.9,2.83,670,1253,684,997,0.79,3270,"Magikarp: 78, Zubat: 65, Clefairy: 63","Gyarados: 59, Staraptor: 50, Mr Mime: 38",0,"Damage: 1459, Status: 39, Hazard: 0, Weather: 0, Cleric: 0, Screen: 0, Pass: 0, Debuff: 170, Tailwind: 0",None
STARAPTOR,S,All-Rounder,"Aerial Ace: 46661 (20.7%), Take Down: 45005 (20.0%), Close Combat: 44248 (19.6%), Brave Bird: 30305 (13.5%), Quick Attack: 14306 (6.4%), U Turn: 12545 (5.6%), Double Team: 11711 (5.2%), Agility: 9844 (4.4%), Steel Wing: 4994 (2.2%), Whirlwind: 3229 (1.4%), Growl: 1570 (0.7%), Endeavor: 697 (0.3%), Attract: 114 (0.1%)",105260,27504,3.83,20961,4.59,3.26,1.06,11652,9055,12404,408,6.3,79815,"Magnemite: 1945, Clefairy: 1827, Golbat: 1718","Gyarados: 950, Staraptor: 829, Magneton: 609",2,"Damage: 20245, Status: 0, Hazard: 0, Weather: 0, Cleric: 0, Screen: 0, Pass: 0, Debuff: 1167, Tailwind: 0",None
STARAVIA,C-,Support,"Wing Attack: 69608 (31.0%), Double Team: 66811 (29.8%), Endeavor: 30844 (13.7%), Quick Attack: 26712 (11.9%), Whirlwind: 10848 (4.8%), Aerial Ace: 7852 (3.5%), Growl: 4359 (1.9%), Brave Bird: 2510 (1.1%), Take Down: 2426 (1.1%), Agility: 2384 (1.1%), Struggle: 36 (0.0%)",29715,31130,0.95,11484,1.32,5.79,2.21,6498,4709,51362,0,19.27,45132,"Magikarp: 1034, Zubat: 797, Clefairy: 628","Staraptor: 662, Golbat: 656, Gyarados: 603",1,"Damage: 10257, Status: 0, Hazard: 0, Weather: 0, Cleric: 0, Screen: 0, Pass: 0, Debuff: 2410, Tailwind: 0",None
STARLY,F,All-Rounder,"Quick Attack: 48777 (37.4%), Growl: 31047 (23.8%), Wing Attack: 12138 (9.3%), Double Team: 11229 (8.6%), Endeavor: 10635 (8.2%), Tackle: 8667 (6.6%), Aerial Ace: 2083 (1.6%), Brave Bird: 1991 (1.5%), Agility: 1962 (1.5%), Take Down: 1871 (1.4%), Struggle: 76 (0.1%)",10416,35684,0.29,4497,0.42,4.64,2.38,4385,3015,11943,0,9.35,33917,"Magikarp: 805, Zubat: 418, Pichu: 245","Staraptor: 602, Golbat: 589, Pikachu: 574",4,"Damage: 4307, Status: 0, Hazard: 0, Weather: 0, Cleric: 0, Screen: 0, Pass: 0, Debuff: 546, Tailwind: 0",None
STARMIE,S-,Attacker,"Swift: 25320 (23.8%), Psychic: 16335 (15.4%), Water Gun: 11025 (10.4%), Surf: 8213 (7.7%), Water Pulse: 7578 (7.1%), Rapid Spin: 6722 (6.3%), Thunderbolt: 6697 (6.3%), Ice Beam: 6691 (6.3%), Recover: 6237 (5.9%), Confuse Ray: 5237 (4.9%), Blizzard: 3063 (2.9%), Brine: 1125 (1.1%), Thunder: 853 (0.8%), Minimize: 761 (0.7%), Cosmic Power: 455 (0.4%), Struggle: 12 (0.0%)",33942,11058,3.07,4607,3.49,4.89,2.03,5612,2383,4045,2234,6.63,25701,"Golbat: 598, Clefairy: 567, Magnemite: 545","Sneasel: 256, Roserade: 245, Gyarados: 213",9,"Damage: 4380, Status: 1569, Hazard: 0, Weather: 0, Cleric: 0, Screen: 0, Pass: 0, Debuff: 58, Tailwind: 0",None
STARYU,E,All-Rounder,"Camouflage: 23935 (28.1%), Rapid Spin: 16758 (19.7%), Water Gun: 16711 (19.6%), Swift: 10625 (12.5%), Recover: 9386 (11.0%), Minimize: 4023 (4.7%), Bubble Beam: 3663 (4.3%), Gyro Ball: 78 (0.1%), Struggle: 13 (0.0%)",6479,15875,0.41,5131,0.73,5.61,2.85,2862,1541,7832,213,9.84,18826,"Geodude: 320, Magikarp: 315, Onix: 189","Gyarados: 332, Golbat: 315, Staraptor: 274",3,"Damage: 5131, Status: 0, Hazard: 0, Weather: 0, Cleric: 0, Screen: 0, Pass: 0, Debuff: 11, Tailwind: 0",None
STEELIX,C-,Defender,"Rock Polish: 61382 (22.8%), Curse: 41146 (15.3%), Dragon Breath: 29387 (10.9%), Iron Tail: 28997 (10.8%), Screech: 26598 (9.9%), Sandstorm: 18603 (6.9%), Slam: 16404 (6.1%), Taunt: 16022 (5.9%), Stone Edge: 6769 (2.5%), Crunch: 6468 (2.4%), Double Edge: 6148 (2.3%), Rock Slide: 4599 (1.7%), Torment: 3526 (1.3%), Ice Fang: 1391 (0.5%), Earthquake: 794 (0.3%), Rock Throw: 633 (0.2%), Flash Cannon: 326 (0.1%), Roar: 269 (0.1%), Stealth Rock: 120 (0.0%), Gyro Ball: 30 (0.0%), Struggle: 28 (0.0%)",27004,24675,1.09,4911,1.29,9.15,5.73,5268,24140,11548,11022,-2.59,34281,"Magnemite: 593, Pikachu: 527, Clefairy: 502","Gyarados: 520, Machoke: 509, Seaking: 409",7,"Damage: 4178, Status: 686, Hazard: 101, Weather: 2186, Cleric: 0, Screen: 0, Pass: 0, Debuff: 488, Tailwind: 0",None
STUNKY,E+,Disrupter,"Slash: 45634 (20.2%), Night Slash: 38072 (16.8%), Fury Swipes: 29025 (12.8%), Feint: 24118 (10.7%), Screech: 24032 (10.6%), Toxic: 20592 (9.1%), Smoke Screen: 18492 (8.2%), Poison Gas: 12022 (5.3%), Memento: 7944 (3.5%), Focus Energy: 6139 (2.7%), Struggle: 73 (0.0%)",23773,48292,0.49,16145,0.83,4.8,2.26,17472,24019,18914,0,5.05,60523,"Zubat: 856, Pikachu: 644, Magikarp: 581","Staraptor: 964, Golbat: 949, Gyarados: 857",3,"Damage: 13060, Status: 8760, Hazard: 0, Weather: 0, Cleric: 0, Screen: 0, Pass: 0, Debuff: 1980, Tailwind: 0",None
SUDOWOODO,B+,All-Rounder,"Rock Slide: 18680 (22.4%), Rock Tomb: 14666 (17.6%), Sucker Punch: 10481 (12.6%), Slam: 8707 (10.4%), Double Edge: 8209 (9.8%), Hammer Arm: 5995 (7.2%), Faint Attack: 3227 (3.9%), Rock Throw: 2608 (3.1%), Wood Hammer: 2576 (3.1%), Flail: 2569 (3.1%), Stone Edge: 2480 (3.0%), Mimic: 1466 (1.8%), Block: 1127 (1.3%), Earthquake: 503 (0.6%), Endure: 151 (0.2%), Low Kick: 46 (0.1%), Nasty Plot: 2 (0.0%)",27100,15659,1.73,5533,2.08,4.27,2.4,4242,10653,3896,9410,-2.86,27628,"Golbat: 618, Pikachu: 572, Clefairy: 491","Machoke: 409, Gyarados: 361, Magneton: 284",13,"Damage: 5529, Status: 5, Hazard: 0, Weather: 0, Cleric: 0, Screen: 1, Pass: 0, Debuff: 160, Tailwind: 0","Double Team: 37 (3.9%), Quick Attack: 21 (2.2%), Wing Attack: 20 (2.1%), Smoke Screen: 20 (2.1%), Growl: 18 (1.9%), Take Down: 16 (1.7%), Bounce: 16 (1.7%), Slash: 16 (1.7%), Feint: 15 (1.6%), Endeavor: 15 (1.6%), Thrash: 15 (1.6%), Dig: 14 (1.5%), Faint Attack: 14 (1.5%), Screech: 14 (1.5%), Tackle: 13 (1.4%), Sand Attack: 13 (1.4%), Charge: 13 (1.4%), Agility: 13 (1.4%), Leer: 11 (1.2%), Slam: 11 (1.2%), Roost: 11 (1.2%), Ember: 11 (1.2%), Confusion: 10 (1.1%), Beat Up: 10 (1.1%), Skill Swap: 10 (1.1%), Rest: 10 (1.1%), Bite: 9 (0.9%), Nasty Plot: 9 (0.9%), Gyro Ball: 9 (0.9%), Scary Face: 9 (0.9%), Fire Spin: 9 (0.9%), Fury Swipes: 9 (0.9%), Charm: 8 (0.8%), Aerial Ace: 8 (0.8%), Payback: 8 (0.8%), Magnitude: 8 (0.8%), Tail Whip: 8 (0.8%), Crunch: 8 (0.8%), Disable: 8 (0.8%), Safeguard: 8 (0.8%), Protect: 7 (0.7%), Pursuit: 7 (0.7%), Bide: 7 (0.7%), Body Slam: 7 (0.7%), Fly: 7 (0.7%), Curse: 6 (0.6%), Poison Fang: 6 (0.6%), Thunder: 6 (0.6%), Extrasensory: 6 (0.6%), Night Slash: 6 (0.6%), Stockpile: 6 (0.6%), Sludge: 6 (0.6%), Dragon Breath: 6 (0.6%), String Shot: 6 (0.6%), Psywave: 6 (0.6%), Fire Blast: 6 (0.6%), Mud Bomb: 6 (0.6%), Tailwind: 6 (0.6%), Rock Polish: 6 (0.6%), Calm Mind: 6 (0.6%), Yawn: 5 (0.5%), Supersonic: 5 (0.5%), Dragon Rage: 5 (0.5%), Uproar: 5 (0.5%), Poison Jab: 5 (0.5%), Air Cutter: 5 (0.5%), Minimize: 5 (0.5%), Swift: 5 (0.5%), Water Gun: 5 (0.5%), Camouflage: 5 (0.5%), Wake Up Slap: 5 (0.5%), Harden: 5 (0.5%), Mean Look: 4 (0.4%), Super Fang: 4 (0.4%), Captivate: 4 (0.4%), Meteor Mash: 4 (0.4%), Zen Headbutt: 4 (0.4%), Stomp: 4 (0.4%), Destiny Bond: 4 (0.4%), Aqua Ring: 4 (0.4%), Night Shade: 4 (0.4%), Double Slap: 4 (0.4%), Pound: 4 (0.4%), Spite: 4 (0.4%), Petal Dance: 4 (0.4%), Fire Fang: 4 (0.4%), Assurance: 4 (0.4%), Fire Punch: 4 (0.4%), Softboiled: 4 (0.4%), Thunder Fang: 3 (0.3%), Extreme Speed: 3 (0.3%), Swords Dance: 3 (0.3%), Fury Attack: 3 (0.3%), Feather Dance: 3 (0.3%), Reflect: 3 (0.3%), Brave Bird: 3 (0.3%), Flash: 3 (0.3%), Sand Tomb: 3 (0.3%), Crush Claw: 3 (0.3%), Iron Tail: 3 (0.3%), Headbutt: 3 (0.3%), Present: 3 (0.3%), Cosmic Power: 3 (0.3%), Synthesis: 3 (0.3%), Focus Energy: 3 (0.3%), Aqua Jet: 3 (0.3%), Rock Slide: 3 (0.3%), Ice Shard: 3 (0.3%), Dragon Dance: 3 (0.3%), Rock Tomb: 3 (0.3%), Future Sight: 2 (0.2%), Swagger: 2 (0.2%), Thunder Wave: 2 (0.2%), Role Play: 2 (0.2%), Shadow Claw: 2 (0.2%), Discharge: 2 (0.2%), Light Screen: 2 (0.2%), Moonlight: 2 (0.2%), Bonemerang: 2 (0.2%), Double Hit: 2 (0.2%), Sweet Scent: 2 (0.2%), Air Slash: 2 (0.2%), Aqua Tail: 2 (0.2%), Splash: 2 (0.2%), Dizzy Punch: 2 (0.2%), Hyper Voice: 2 (0.2%), Psybeam: 2 (0.2%), Poison Sting: 2 (0.2%), Defense Curl: 2 (0.2%), Silver Wind: 2 (0.2%), Endure: 2 (0.2%), Flamethrower: 2 (0.2%), Dive: 2 (0.2%), X Scissor: 2 (0.2%), Bug Buzz: 2 (0.2%), Will O Wisp: 2 (0.2%), Growth: 2 (0.2%), Bullet Seed: 2 (0.2%), Double Edge: 2 (0.2%), Wood Hammer: 2 (0.2%), Mirror Move: 2 (0.2%), Confuse Ray: 2 (0.2%), Gastro Acid: 2 (0.2%), Scratch: 2 (0.2%), Spark: 2 (0.2%), Magnet Bomb: 2 (0.2%), Thunderbolt: 1 (0.1%), Sweet Kiss: 1 (0.1%), Smog: 1 (0.1%), Water Pulse: 1 (0.1%), Shadow Ball: 1 (0.1%), Razor Leaf: 1 (0.1%), Mist: 1 (0.1%), Rollout: 1 (0.1%), Psycho Cut: 1 (0.1%), Triple Kick: 1 (0.1%), Hyper Beam: 1 (0.1%), Thunder Shock: 1 (0.1%), Submission: 1 (0.1%), Torment: 1 (0.1%), Mirror Shot: 1 (0.1%), Mud Slap: 1 (0.1%), Horn Drill: 1 (0.1%), Conversion 2: 1 (0.1%), Substitute: 1 (0.1%), Encore: 1 (0.1%), Vital Throw: 1 (0.1%), Bone Rush: 1 (0.1%), Brine: 1 (0.1%), Lava Plume: 1 (0.1%), Giga Drain: 1 (0.1%), Reversal: 1 (0.1%), Whirlpool: 1 (0.1%), Leech Life: 1 (0.1%), Toxic: 1 (0.1%), Hammer Arm: 1 (0.1%), Shadow Sneak: 1 (0.1%), Embargo: 1 (0.1%), Jump Kick: 1 (0.1%), Rage: 1 (0.1%), Mirror Coat: 1 (0.1%), Shock Wave: 1 (0.1%), Low Kick: 1 (0.1%), Steel Wing: 1 (0.1%), Cotton Spore: 1 (0.1%), Seismic Toss: 1 (0.1%), Astonish: 1 (0.1%), Wring Out: 1 (0.1%), Aurora Beam: 1 (0.1%), Psychic: 1 (0.1%), Spike Cannon: 1 (0.1%), Double Kick: 1 (0.1%), Lock On: 1 (0.1%), Earthquake: 1 (0.1%), Waterfall: 1 (0.1%), Barrier: 1 (0.1%), Blizzard: 1 (0.1%), Signal Beam: 1 (0.1%), Stun Spore: 1 (0.1%), Ancient Power: 1 (0.1%), Pin Missile: 1 (0.1%)"
SUNFLORA,C,Attacker,"Petal Dance: 11549 (36.3%), Leaf Storm: 6166 (19.4%), Solar Beam: 4341 (13.6%), Sunny Day: 3958 (12.4%), Razor Leaf: 2583 (8.1%), Mega Drain: 1631 (5.1%), Ingrain: 817 (2.6%), Worry Seed: 791 (2.5%)",11577,8902,1.3,1674,1.49,3.79,1.98,1674,1548,1861,0,5.9,14890,"Magnemite: 336, Seaking: 302, Geodude: 262","Golbat: 362, Staraptor: 263, Gyarados: 235",20,"Damage: 1674, Status: 0, Hazard: 0, Weather: 7, Cleric: 0, Screen: 0, Pass: 0, Debuff: 0, Tailwind: 0",None
SUNKERN,F+,All-Rounder,"Razor Leaf: 3061 (37.1%), Sunny Day: 1789 (21.7%), Synthesis: 1734 (21.0%), Giga Drain: 1670 (20.2%)",711,2989,0.24,854,0.52,3.57,2.18,451,311,514,0,7.46,3263,"Magikarp: 76, Geodude: 72, Onix: 35","Zubat: 63, Golbat: 47, Gyarados: 45",0,"Damage: 853, Status: 0, Hazard: 0, Weather: 5, Cleric: 0, Screen: 0, Pass: 0, Debuff: 0, Tailwind: 0",None
SURSKIT,F-,Passer,"Agility: 4187 (42.8%), Mist: 2870 (29.3%), Baton Pass: 2139 (21.8%), Haze: 563 (5.7%), Struggle: 33 (0.3%)",0,2605,0.0,734,0.28,5.56,1.81,3,0,467,0,4.58,3314,None,"Staraptor: 46, Gyarados: 45, Golbat: 44",0,"Damage: 11, Status: 0, Hazard: 0, Weather: 0, Cleric: 0, Screen: 0, Pass: 723, Debuff: 0, Tailwind: 0",None
SWABLU,E-,All-Rounder,"Fury Attack: 4008 (26.4%), Dragon Pulse: 3952 (26.0%), Sing: 2283 (15.0%), Mist: 2047 (13.5%), Safeguard: 2017 (13.3%), Mirror Move: 830 (5.5%), Refresh: 45 (0.3%), Natural Gift: 12 (0.1%)",1393,3590,0.39,961,0.66,5.39,2.44,804,1841,613,30,-2.67,4327,"Machop: 54, Butterfree: 40, Croagunk: 36","Gyarados: 110, Seaking: 80, Staraptor: 74",2,"Damage: 936, Status: 100, Hazard: 0, Weather: 0, Cleric: 0, Screen: 0, Pass: 0, Debuff: 19, Tailwind: 0",None
SWALOT,S-,Disrupter,"Gunk Shot: 7175 (32.9%), Protect: 5832 (26.8%), Yawn: 3319 (15.2%), Body Slam: 3202 (14.7%), Sludge Bomb: 1042 (4.8%), Amnesia: 620 (2.8%), Pain Split: 525 (2.4%), Struggle: 75 (0.3%)",2919,1277,2.29,1586,3.53,7.67,2.39,569,2565,622,1831,-5.74,3382,"Magikarp: 81, Pikachu: 72, Clefairy: 62","Staraptor: 35, Quagsire: 32, Alakazam: 30",0,"Damage: 1171, Status: 1278, Hazard: 0, Weather: 0, Cleric: 0, Screen: 0, Pass: 0, Debuff: 0, Tailwind: 0",None
SWELLOW,E+,All-Rounder,"Aerial Ace: 2916 (25.9%), Double Team: 2772 (24.7%), Endeavor: 2498 (22.2%), Agility: 2448 (21.8%), Facade: 494 (4.4%), Protect: 116 (1.0%), Struggle: 1 (0.0%)",1255,2429,0.52,751,0.83,4.94,2.0,195,24,1994,0,16.35,3041,"Golbat: 27, Quagsire: 26, Pikachu: 22","Magnemite: 67, Gyarados: 61, Golbat: 59",0,"Damage: 751, Status: 0, Hazard: 0, Weather: 0, Cleric: 0, Screen: 0, Pass: 0, Debuff: 0, Tailwind: 0",None
SWINUB,E-,All-Rounder,"Icy Wind: 12176 (26.5%), Mud Bomb: 8962 (19.5%), Ice Shard: 7675 (16.7%), Endure: 6875 (15.0%), Take Down: 6102 (13.3%), Mud Slap: 4073 (8.9%), Struggle: 20 (0.0%)",4604,13132,0.35,3237,0.6,4.55,2.31,2136,4011,5296,15027,6.68,12266,"Magnemite: 236, Magikarp: 220, Geodude: 190","Staraptor: 219, Golbat: 215, Gyarados: 205",4,"Damage: 3235, Status: 0, Hazard: 0, Weather: 0, Cleric: 0, Screen: 0, Pass: 0, Debuff: 98, Tailwind: 0",None
TAILLOW,E,All-Rounder,"Aerial Ace: 6911 (26.9%), Double Team: 6499 (25.3%), Endeavor: 6198 (24.1%), Wing Attack: 3129 (12.2%), Agility: 2940 (11.4%)",2247,5915,0.38,2196,0.75,4.33,1.81,613,112,4655,0,17.0,6785,"Magikarp: 161, Croagunk: 68, Zubat: 61","Magnemite: 110, Geodude: 103, Golbat: 97",0,"Damage: 2196, Status: 0, Hazard: 0, Weather: 0, Cleric: 0, Screen: 0, Pass: 0, Debuff: 0, Tailwind: 0",None
TANGELA,B,All-Rounder,"Ancient Power: 18218 (18.2%), Giga Drain: 11979 (12.0%), Absorb: 11587 (11.6%), Growth: 11344 (11.3%), Vine Whip: 8787 (8.8%), Bind: 6579 (6.6%), Slam: 5584 (5.6%), Sleep Powder: 5422 (5.4%), Stun Spore: 5205 (5.2%), Ingrain: 4215 (4.2%), Mega Drain: 3674 (3.7%), Toxic: 3167 (3.2%), Poison Powder: 2877 (2.9%), Wring Out: 929 (0.9%), Natural Gift: 224 (0.2%), Knock Off: 124 (0.1%), Struggle: 33 (0.0%)",17806,12213,1.46,6772,2.01,5.85,3.0,3795,9374,4048,1749,-1.48,20526,"Magikarp: 412, Zubat: 391, Geodude: 372","Golbat: 413, Gyarados: 268, Staraptor: 265",5,"Damage: 6220, Status: 3081, Hazard: 0, Weather: 0, Cleric: 0, Screen: 0, Pass: 0, Debuff: 0, Tailwind: 0",None
TANGROWTH,A-,All-Rounder,"Power Whip: 4063 (23.4%), Ancient Power: 3382 (19.5%), Mega Drain: 2352 (13.6%), Stun Spore: 2323 (13.4%), Slam: 1451 (8.4%), Wring Out: 1377 (7.9%), Rock Slide: 578 (3.3%), Earthquake: 485 (2.8%), Swords Dance: 384 (2.2%), Knock Off: 293 (1.7%), Sleep Powder: 207 (1.2%), Ingrain: 169 (1.0%), Tickle: 158 (0.9%), Toxic: 114 (0.7%), Struggle: 6 (0.0%)",5597,2790,2.01,1086,2.4,4.47,2.11,772,2261,803,347,-3.86,5862,"Gyarados: 175, Seaking: 159, Quagsire: 118","Rapidash: 111, Golbat: 102, Staraptor: 87",2,"Damage: 998, Status: 375, Hazard: 0, Weather: 0, Cleric: 0, Screen: 0, Pass: 0, Debuff: 15, Tailwind: 0",None
TAUROS,A+,Attacker,"Thrash: 9707 (21.9%), Zen Headbutt: 7645 (17.3%), Stone Edge: 6534 (14.7%), Take Down: 5935 (13.4%), Earthquake: 4128 (9.3%), Swagger: 3844 (8.7%), Payback: 1530 (3.5%), Giga Impact: 1148 (2.6%), Thunder: 1017 (2.3%), Fire Blast: 870 (2.0%), Pursuit: 700 (1.6%), Rest: 646 (1.5%), Surf: 524 (1.2%), Scary Face: 78 (0.2%)",16887,5353,3.15,1259,3.39,4.51,1.77,2475,4443,1599,779,-0.79,12835,"Golbat: 311, Clefairy: 287, Magnemite: 279","Gyarados: 138, Heracross: 136, Staraptor: 107",0,"Damage: 1110, Status: 536, Hazard: 0, Weather: 0, Cleric: 0, Screen: 0, Pass: 0, Debuff: 78, Tailwind: 0",None
TEDDIURSA,E+,Support,"Slash: 32123 (27.0%), Rest: 20626 (17.4%), Charm: 19709 (16.6%), Faint Attack: 12330 (10.4%), Snore: 10773 (9.1%), Sweet Scent: 8693 (7.3%), Fury Swipes: 7516 (6.3%), Fake Tears: 5597 (4.7%), Lick: 1390 (1.2%), Struggle: 41 (0.0%)",13648,24449,0.56,5977,0.8,6.15,3.67,5846,4323,6568,369,6.45,28412,"Magikarp: 524, Pikachu: 418, Zubat: 318","Gyarados: 497, Golbat: 469, Staraptor: 403",0,"Damage: 5505, Status: 22, Hazard: 0, Weather: 0, Cleric: 0, Screen: 0, Pass: 0, Debuff: 1265, Tailwind: 0",None
TENTACOOL,E,Support,"Constrict: 20373 (19.6%), Acid: 19298 (18.6%), Bubble Beam: 15126 (14.5%), Water Pulse: 10335 (9.9%), Supersonic: 7438 (7.2%), Toxic Spikes: 6929 (6.7%), Barrier: 6570 (6.3%), Wrap: 6058 (5.8%), Poison Jab: 4442 (4.3%), Screech: 4335 (4.2%), Hydro Pump: 3090 (3.0%), Struggle: 1 (0.0%)",8197,26393,0.31,10875,0.72,6.61,3.64,4559,7765,4778,7379,1.43,21468,"Magikarp: 278, Geodude: 203, Zubat: 203","Gyarados: 570, Golbat: 520, Magnemite: 495",36,"Damage: 9752, Status: 2608, Hazard: 1383, Weather: 0, Cleric: 0, Screen: 0, Pass: 0, Debuff: 1485, Tailwind: 0",None
TENTACRUEL,B-,Defender,"Poison Jab: 35473 (20.1%), Water Pulse: 33791 (19.2%), Screech: 31388 (17.8%), Barrier: 26800 (15.2%), Hydro Pump: 11254 (6.4%), Wrap: 10383 (5.9%), Bubble Beam: 9856 (5.6%), Wring Out: 9257 (5.3%), Constrict: 3629 (2.1%), Acid: 3417 (1.9%), Toxic Spikes: 1023 (0.6%), Struggle: 2 (0.0%)",31685,20924,1.51,6113,1.81,6.15,3.38,6771,11363,6712,12173,1.12,35551,"Magnemite: 625, Pikachu: 543, Golbat: 533","Gyarados: 511, Staraptor: 485, Golbat: 384",15,"Damage: 5702, Status: 2696, Hazard: 33, Weather: 0, Cleric: 0, Screen: 0, Pass: 0, Debuff: 688, Tailwind: 0",None
TOGEKISS,S-,Attacker,"Air Slash: 4659 (27.6%), Aura Sphere: 4068 (24.1%), Extreme Speed: 3888 (23.1%), Sky Attack: 3622 (21.5%), Shock Wave: 252 (1.5%), Psychic: 204 (1.2%), Water Pulse: 170 (1.0%)",6577,1730,3.8,333,3.99,4.54,2.07,908,2185,611,709,-3.64,4377,"Golbat: 119, Magnemite: 113, Heracross: 108","Gyarados: 69, Staraptor: 60, Floatzel: 53",0,"Damage: 332, Status: 2, Hazard: 0, Weather: 0, Cleric: 0, Screen: 0, Pass: 0, Debuff: 2, Tailwind: 0",None
TOGEPI,F,Disrupter,"Metronome: 5823 (39.3%), Encore: 3306 (22.3%), Sweet Kiss: 2989 (20.2%), Yawn: 2631 (17.8%), Struggle: 62 (0.4%)",517,2349,0.22,525,0.44,7.2,2.37,197,1680,1537,189,0.32,2915,"Pikachu: 19, Croagunk: 17, Goldeen: 16","Golbat: 56, Staraptor: 52, Gyarados: 40",0,"Damage: 302, Status: 468, Hazard: 1, Weather: 11, Cleric: 0, Screen: 0, Pass: 1, Debuff: 9, Tailwind: 0",None
TOGETIC,E,Attacker,"Follow Me: 10507 (29.6%), Ancient Power: 8844 (24.9%), Wish: 7938 (22.4%), Encore: 4340 (12.2%), Double Edge: 2264 (6.4%), Safeguard: 1207 (3.4%), Struggle: 378 (1.1%), Baton Pass: 20 (0.1%)",2818,4177,0.67,142,0.71,7.9,4.36,645,858,1568,843,3.65,5457,"Magikarp: 84, Zubat: 64, Magnemite: 54","Gyarados: 92, Staraptor: 83, Magnemite: 75",0,"Damage: 140, Status: 0, Hazard: 0, Weather: 0, Cleric: 0, Screen: 0, Pass: 2, Debuff: 0, Tailwind: 0",None
TORKOAL,A,Attacker / Disrupter,"Body Slam: 10237 (30.9%), Iron Tail: 6783 (20.5%), Overheat: 5465 (16.5%), Iron Defense: 4033 (12.2%), Yawn: 2470 (7.5%), Sunny Day: 1675 (5.1%), Earthquake: 1017 (3.1%), Protect: 739 (2.2%), Will O Wisp: 342 (1.0%), Eruption: 338 (1.0%), Struggle: 7 (0.0%)",8351,3500,2.39,1162,2.72,5.72,3.46,1330,2740,1414,3120,-0.13,7107,"Magnemite: 170, Clefairy: 163, Pikachu: 162","Gyarados: 85, Graveler: 65, Golbat: 63",0,"Damage: 767, Status: 778, Hazard: 0, Weather: 2, Cleric: 0, Screen: 0, Pass: 0, Debuff: 4, Tailwind: 0",None
TORTERRA,S-,Attacker,"Earthquake: 6284 (26.3%), Crunch: 6171 (25.8%), Leaf Storm: 3799 (15.9%), Synthesis: 1571 (6.6%), Stone Edge: 1538 (6.4%), Leech Seed: 1248 (5.2%), Giga Drain: 950 (4.0%), Bite: 875 (3.7%), Wood Hammer: 677 (2.8%), Razor Leaf: 672 (2.8%), Mega Drain: 144 (0.6%)",12429,3238,3.84,1082,4.17,3.76,1.87,1321,1598,1066,777,3.18,9549,"Seaking: 400, Golduck: 269, Pikachu: 240","Rapidash: 180, Staraptor: 120, Heracross: 109",2,"Damage: 998, Status: 356, Hazard: 0, Weather: 0, Cleric: 0, Screen: 0, Pass: 0, Debuff: 48, Tailwind: 0",None
TOTODILE,F-,Attacker,"Scratch: 6641 (50.4%), Leer: 6530 (49.6%), Struggle: 6 (0.0%)",727,2656,0.27,36,0.29,5.61,3.32,358,526,658,0,3.54,2946,"Magikarp: 79, Zubat: 33, Rattata: 24","Golbat: 45, Geodude: 44, Magnemite: 42",0,"Damage: 29, Status: 0, Hazard: 0, Weather: 0, Cleric: 0, Screen: 0, Pass: 0, Debuff: 7, Tailwind: 0",None
TOXICROAK,B-,Disrupter,"Nasty Plot: 8548 (25.1%), Sucker Punch: 8145 (23.9%), Swagger: 5426 (15.9%), Poison Jab: 2498 (7.3%), Cross Chop: 2315 (6.8%), Mud Bomb: 1772 (5.2%), Faint Attack: 904 (2.7%), Revenge: 790 (2.3%), Brick Break: 731 (2.1%), Gunk Shot: 589 (1.7%), Focus Blast: 543 (1.6%), Dark Pulse: 520 (1.5%), Sludge Bomb: 517 (1.5%), X Scissor: 414 (1.2%), Attract: 175 (0.5%), Substitute: 142 (0.4%), Struggle: 9 (0.0%)",7697,5070,1.52,1492,1.81,4.66,1.95,1072,2272,1231,608,0.08,9360,"Clefairy: 173, Magnemite: 163, Geodude: 119","Golbat: 201, Staraptor: 173, Gyarados: 102",9,"Damage: 1213, Status: 1021, Hazard: 0, Weather: 0, Cleric: 0, Screen: 0, Pass: 0, Debuff: 0, Tailwind: 0",None
TRAPINCH,C+,Weather,"Dig: 7004 (65.0%), Crunch: 2241 (20.8%), Sandstorm: 1365 (12.7%), Sand Tomb: 172 (1.6%)",2703,2366,1.14,906,1.53,4.01,1.81,345,283,3111,234,22.77,3428,"Magikarp: 83, Magnemite: 80, Pikachu: 69","Golbat: 58, Staraptor: 53, Gyarados: 51",0,"Damage: 754, Status: 0, Hazard: 0, Weather: 550, Cleric: 0, Screen: 0, Pass: 0, Debuff: 18, Tailwind: 0",None
TROPIUS,B,Attacker,"Air Slash: 10123 (31.0%), Sweet Scent: 5197 (15.9%), Magical Leaf: 2932 (9.0%), Razor Leaf: 2576 (7.9%), Stomp: 2490 (7.6%), Growth: 2479 (7.6%), Solar Beam: 2004 (6.1%), Body Slam: 1998 (6.1%), Sunny Day: 925 (2.8%), Leaf Storm: 700 (2.1%), Synthesis: 515 (1.6%), Earthquake: 500 (1.5%), Silver Wind: 174 (0.5%), Struggle: 5 (0.0%)",8452,4796,1.76,1034,1.98,5.19,2.78,1501,1305,1464,1996,4.88,8611,"Pikachu: 176, Machoke: 169, Zubat: 132","Golbat: 189, Gyarados: 148, Staraptor: 123",5,"Damage: 1034, Status: 2, Hazard: 0, Weather: 0, Cleric: 0, Screen: 0, Pass: 0, Debuff: 0, Tailwind: 0",None
TURTWIG,F+,Support,"Tackle: 34623 (42.8%), Withdraw: 23043 (28.5%), Absorb: 9936 (12.3%), Razor Leaf: 8377 (10.4%), Reflect: 2915 (3.6%), Sunny Day: 1791 (2.2%), Grass Knot: 147 (0.2%), Struggle: 65 (0.1%)",5583,12607,0.44,1762,0.58,7.05,4.33,3261,4624,4284,0,3.43,14939,"Magikarp: 326, Pikachu: 231, Geodude: 218","Golbat: 253, Gyarados: 237, Staraptor: 218",1,"Damage: 1616, Status: 0, Hazard: 0, Weather: 7, Cleric: 0, Screen: 307, Pass: 0, Debuff: 0, Tailwind: 0",None
TYPHLOSION,S,Disrupter,"Flamethrower: 8729 (59.7%), Will O Wisp: 1769 (12.1%), Swift: 1493 (10.2%), Rollout: 1046 (7.2%), Lava Plume: 948 (6.5%), Flame Wheel: 325 (2.2%), Quick Attack: 307 (2.1%)",6774,1351,5.01,1511,6.13,3.94,1.5,782,810,357,566,2.44,4432,"Magnemite: 253, Magneton: 176, Staraptor: 115","Floatzel: 86, Empoleon: 49, Gyarados: 45",1,"Damage: 1381, Status: 741, Hazard: 0, Weather: 0, Cleric: 0, Screen: 0, Pass: 0, Debuff: 0, Tailwind: 0",None
TYRANITAR,S,Weather,"Rock Slide: 504 (31.0%), Stone Edge: 351 (21.6%), Fire Fang: 333 (20.5%), Earthquake: 212 (13.1%), Crunch: 168 (10.3%), Aerial Ace: 45 (2.8%), Low Kick: 11 (0.7%)",920,310,2.97,421,4.33,3.78,1.67,112,186,95,79,1.03,771,"Bronzor: 45, Gyarados: 38, Golbat: 30","Staraptor: 35, Heracross: 28, Gyarados: 19",0,"Damage: 142, Status: 5, Hazard: 0, Weather: 386, Cleric: 0, Screen: 0, Pass: 0, Debuff: 3, Tailwind: 0",None
TYROGUE,E-,All-Rounder,"Tackle: 23173 (67.0%), Foresight: 6072 (17.6%), Fake Out: 4344 (12.6%), Helping Hand: 981 (2.8%), Struggle: 11 (0.0%)",605,9909,0.06,5473,0.61,4.47,2.32,1537,1713,1654,4055,4.08,10220,"Magikarp: 177, Pichu: 79, Gastly: 24","Pikachu: 157, Staraptor: 151, Geodude: 146",0,"Damage: 5473, Status: 0, Hazard: 0, Weather: 0, Cleric: 0, Screen: 0, Pass: 0, Debuff: 0, Tailwind: 0",None
UMBREON,A+,Defender,"Faint Attack: 13423 (14.5%), Quick Attack: 13196 (14.3%), Pursuit: 12893 (14.0%), Dark Pulse: 11212 (12.1%), Confuse Ray: 10201 (11.1%), Sand Attack: 9206 (10.0%), Double Team: 8391 (9.1%), Last Resort: 4021 (4.4%), Payback: 3014 (3.3%), Shadow Ball: 2893 (3.1%), Assurance: 2352 (2.5%), Helping Hand: 514 (0.6%), Psychic: 508 (0.6%), Curse: 372 (0.4%), Struggle: 81 (0.1%), Sucker Punch: 32 (0.0%)",13887,6289,2.21,4636,2.95,8.09,3.21,3838,2327,15180,1866,15.55,13349,"Magikarp: 264, Zubat: 251, Pikachu: 236","Machoke: 166, Gyarados: 159, Staraptor: 158",1,"Damage: 4323, Status: 2215, Hazard: 0, Weather: 0, Cleric: 0, Screen: 0, Pass: 0, Debuff: 19, Tailwind: 0",None
URSARING,B-,Defender,"Rest: 6949 (23.0%), Scary Face: 6353 (21.0%), Thrash: 6180 (20.4%), Slash: 4012 (13.3%), Sweet Scent: 3386 (11.2%), Snore: 1357 (4.5%), Hammer Arm: 662 (2.2%), Stone Edge: 642 (2.1%), Swords Dance: 276 (0.9%), Shadow Claw: 183 (0.6%), Avalanche: 148 (0.5%), Aerial Ace: 65 (0.2%), Giga Impact: 15 (0.0%), Struggle: 9 (0.0%)",6450,4583,1.41,1408,1.71,6.51,3.57,1058,1493,1613,0,3.7,7411,"Pikachu: 129, Clefairy: 128, Magnemite: 127","Staraptor: 123, Gyarados: 122, Machoke: 94",0,"Damage: 1326, Status: 0, Hazard: 0, Weather: 0, Cleric: 0, Screen: 0, Pass: 0, Debuff: 188, Tailwind: 0",None
VAPOREON,A+,Attacker,"Quick Attack: 10728 (23.1%), Surf: 9683 (20.9%), Water Gun: 9674 (20.8%), Aurora Beam: 6059 (13.1%), Sand Attack: 6027 (13.0%), Bite: 2459 (5.3%), Last Resort: 965 (2.1%), Helping Hand: 810 (1.7%), Struggle: 1 (0.0%)",12722,4699,2.71,1612,3.05,5.76,2.39,2313,1312,6779,1004,14.63,10534,"Golbat: 225, Machoke: 219, Geodude: 210","Gyarados: 112, Roserade: 100, Seaking: 95",3,"Damage: 1609, Status: 0, Hazard: 0, Weather: 0, Cleric: 0, Screen: 0, Pass: 0, Debuff: 4, Tailwind: 0",None
VENOMOTH,C,Disrupter,"Leech Life: 6458 (15.8%), Confusion: 6396 (15.7%), Psychic: 5531 (13.6%), Supersonic: 4748 (11.6%), Disable: 4419 (10.8%), Signal Beam: 3273 (8.0%), Gust: 3070 (7.5%), Poison Fang: 2695 (6.6%), Double Team: 1718 (4.2%), Bug Buzz: 919 (2.3%), Silver Wind: 598 (1.5%), Sleep Powder: 368 (0.9%), Sludge Bomb: 339 (0.8%), Toxic: 171 (0.4%), Baton Pass: 73 (0.2%)",7079,5537,1.28,1287,1.51,5.68,2.52,1741,4166,2572,1749,0.31,9156,"Koffing: 157, Machop: 154, Zubat: 154","Golbat: 140, Gyarados: 118, Staraptor: 113",10,"Damage: 1146, Status: 657, Hazard: 0, Weather: 0, Cleric: 0, Screen: 0, Pass: 64, Debuff: 22, Tailwind: 0",None
VENONAT,E-,Disrupter,"Confusion: 14427 (25.2%), Supersonic: 8303 (14.5%), Leech Life: 8290 (14.5%), Signal Beam: 7431 (13.0%), Psybeam: 7061 (12.3%), Poison Powder: 5020 (8.8%), Foresight: 2599 (4.5%), Stun Spore: 2080 (3.6%), Sleep Powder: 2062 (3.6%), Struggle: 9 (0.0%)",4370,9834,0.44,2169,0.66,6.95,3.61,2153,4240,2194,2439,0.22,9688,"Magikarp: 203, Zubat: 132, Croagunk: 116","Staraptor: 210, Golbat: 199, Gyarados: 167",0,"Damage: 2112, Status: 2084, Hazard: 0, Weather: 0, Cleric: 0, Screen: 0, Pass: 0, Debuff: 0, Tailwind: 0",None
VENUSAUR,B,All-Rounder,"Petal Dance: 5876 (29.3%), Solar Beam: 3586 (17.9%), Double Edge: 3563 (17.8%), Sludge Bomb: 2034 (10.1%), Worry Seed: 1246 (6.2%), Leech Seed: 1074 (5.4%), Synthesis: 1052 (5.2%), Sleep Powder: 863 (4.3%), Toxic: 459 (2.3%), Giga Drain: 276 (1.4%), Frenzy Plant: 32 (0.2%), Struggle: 9 (0.0%)",5331,3251,1.64,1143,1.99,4.9,2.3,767,909,711,350,2.84,6179,"Gyarados: 106, Golbat: 99, Machoke: 96","Staraptor: 143, Golbat: 120, Gyarados: 85",1,"Damage: 1111, Status: 357, Hazard: 0, Weather: 0, Cleric: 0, Screen: 0, Pass: 0, Debuff: 0, Tailwind: 0",None
VESPIQUEN,D,All-Rounder,"Attack Order: 869 (32.1%), Defend Order: 611 (22.5%), Power Gem: 548 (20.2%), Heal Order: 448 (16.5%), Protect: 185 (6.8%), Confuse Ray: 49 (1.8%)",496,644,0.77,197,1.08,5.0,2.73,134,87,176,0,7.73,872,"Rapidash: 31, Gyarados: 29, Floatzel: 13","Rapidash: 52, Typhlosion: 29, Magmar: 24",0,"Damage: 196, Status: 14, Hazard: 0, Weather: 0, Cleric: 0, Screen: 0, Pass: 0, Debuff: 0, Tailwind: 0",None
VIBRAVA,D-,Support,"Dragon Breath: 6963 (55.7%), Sandstorm: 2078 (16.6%), Screech: 1823 (14.6%), Earthquake: 765 (6.1%), Hyper Beam: 627 (5.0%), Faint Attack: 251 (2.0%)",2356,3759,0.63,874,0.86,4.04,1.83,544,553,591,1482,4.26,5068,"Magnemite: 64, Golbat: 35, Magneton: 34","Gyarados: 147, Staraptor: 128, Sneasel: 101",3,"Damage: 639, Status: 217, Hazard: 0, Weather: 442, Cleric: 0, Screen: 0, Pass: 0, Debuff: 189, Tailwind: 0",None
VICTREEBEL,A-,All-Rounder,"Razor Leaf: 23742 (27.1%), Acid: 10540 (12.0%), Sludge Bomb: 8713 (10.0%), Leaf Storm: 8352 (9.5%), Leaf Blade: 7142 (8.2%), Giga Drain: 4907 (5.6%), Toxic: 4515 (5.2%), Sleep Powder: 3519 (4.0%), Sweet Scent: 3452 (3.9%), Protect: 3421 (3.9%), Vine Whip: 3154 (3.6%), Grass Knot: 2663 (3.0%), Sunny Day: 1324 (1.5%), Wrap: 1284 (1.5%), Synthesis: 642 (0.7%), Struggle: 112 (0.1%), Natural Gift: 16 (0.0%)",24586,13285,1.85,9886,2.59,4.23,2.11,6035,5557,3120,2091,3.93,25626,"Pikachu: 561, Magikarp: 505, Clefairy: 468","Golbat: 571, Staraptor: 455, Gyarados: 369",4,"Damage: 9125, Status: 2804, Hazard: 0, Weather: 3, Cleric: 0, Screen: 0, Pass: 0, Debuff: 169, Tailwind: 0",None
VILEPLUME,B+,Disrupter,"Mega Drain: 31576 (29.6%), Stun Spore: 19667 (18.4%), Petal Dance: 10121 (9.5%), Aromatherapy: 9881 (9.3%), Giga Drain: 8085 (7.6%), Drain Punch: 7822 (7.3%), Poison Powder: 5574 (5.2%), Attract: 3049 (2.9%), Solar Beam: 2796 (2.6%), Sludge Bomb: 2320 (2.2%), Acid: 1887 (1.8%), Sunny Day: 1074 (1.0%), Sleep Powder: 920 (0.9%), Sweet Scent: 808 (0.8%), Moonlight: 520 (0.5%), Toxic: 520 (0.5%), Struggle: 124 (0.1%)",17172,11177,1.54,7577,2.21,6.33,3.01,3840,9598,4184,526,-1.4,21132,"Seaking: 448, Magnemite: 445, Geodude: 342","Golbat: 423, Staraptor: 334, Gyarados: 296",2,"Damage: 6627, Status: 4775, Hazard: 0, Weather: 3, Cleric: 5, Screen: 0, Pass: 0, Debuff: 7, Tailwind: 0",None
VOLBEAT,D+,Attacker,"Protect: 4236 (34.7%), Bug Buzz: 3965 (32.5%), Zen Headbutt: 3802 (31.1%), Helping Hand: 212 (1.7%)",2065,1832,1.13,118,1.19,5.65,1.97,463,611,370,719,1.71,2858,"Machoke: 52, Machop: 52, Geodude: 50","Staraptor: 55, Gyarados: 50, Golbat: 46",0,"Damage: 118, Status: 0, Hazard: 0, Weather: 0, Cleric: 0, Screen: 0, Pass: 0, Debuff: 0, Tailwind: 0",None
VOLTORB,F+,Defender,"Charge: 41115 (21.7%), Rollout: 31662 (16.7%), Tackle: 20842 (11.0%), Swift: 16880 (8.9%), Sonic Boom: 15786 (8.3%), Charge Beam: 15124 (8.0%), Spark: 11696 (6.2%), Selfdestruct: 8584 (4.5%), Screech: 7766 (4.1%), Light Screen: 7548 (4.0%), Magnet Rise: 7468 (3.9%), Gyro Ball: 3410 (1.8%), Shock Wave: 1343 (0.7%), Struggle: 583 (0.3%)",16790,47048,0.36,6552,0.5,8.26,4.5,6190,11678,7045,11927,0.77,26020,"Zubat: 481, Magnemite: 388, Magikarp: 384","Staraptor: 871, Gyarados: 706, Machoke: 597",78,"Damage: 6311, Status: 1683, Hazard: 0, Weather: 0, Cleric: 0, Screen: 118, Pass: 0, Debuff: 337, Tailwind: 0",None
VULPIX,F,All-Rounder,"Tail Whip: 8799 (23.7%), Ember: 4921 (13.3%), Quick Attack: 4570 (12.3%), Roar: 4313 (11.6%), Grudge: 3657 (9.8%), Extrasensory: 2787 (7.5%), Fire Blast: 2709 (7.3%), Will O Wisp: 2159 (5.8%), Payback: 1831 (4.9%), Fire Spin: 991 (2.7%), Captivate: 385 (1.0%), Struggle: 14 (0.0%)",2629,10493,0.25,1595,0.4,4.33,2.19,1006,2001,1704,784,1.89,12179,"Magikarp: 109, Gastly: 97, Magnemite: 92","Gyarados: 226, Golbat: 224, Staraptor: 157",14,"Damage: 1418, Status: 401, Hazard: 0, Weather: 0, Cleric: 0, Screen: 0, Pass: 0, Debuff: 190, Tailwind: 0",None
WAILMER,C-,Defender,"Dive: 11461 (33.1%), Bounce: 10825 (31.3%), Amnesia: 6211 (17.9%), Hydro Pump: 6088 (17.6%), Struggle: 32 (0.1%)",4228,4695,0.9,1892,1.3,6.73,2.84,848,2456,10049,0,18.9,6412,"Magnemite: 139, Clefairy: 122, Pikachu: 93","Gyarados: 114, Seaking: 96, Golbat: 94",2,"Damage: 1892, Status: 0, Hazard: 0, Weather: 0, Cleric: 0, Screen: 0, Pass: 0, Debuff: 0, Tailwind: 0",None
WAILORD,A,All-Rounder,"Brine: 553 (35.4%), Earthquake: 370 (23.7%), Avalanche: 355 (22.7%), Water Spout: 283 (18.1%)",741,321,2.31,180,2.87,3.84,1.71,88,101,65,0,3.2,674,"Golbat: 58, Magmar: 28, Zubat: 26","Roserade: 24, Alakazam: 11, Infernape: 10",0,"Damage: 180, Status: 0, Hazard: 0, Weather: 0, Cleric: 0, Screen: 0, Pass: 0, Debuff: 0, Tailwind: 0",None
WALREIN,B,Disrupter,"Blizzard: 215 (42.2%), Body Slam: 152 (29.8%), Swagger: 110 (21.6%), Hail: 33 (6.5%)",147,112,1.31,65,1.89,5.23,2.12,14,18,35,33,6.02,155,"Rapidash: 14, Torterra: 10, Alakazam: 9","Heracross: 15, Floatzel: 10, Rapidash: 8",0,"Damage: 51, Status: 35, Hazard: 0, Weather: 14, Cleric: 0, Screen: 0, Pass: 0, Debuff: 0, Tailwind: 0",None
WARTORTLE,D,Support,"Bite: 14912 (33.7%), Water Gun: 11858 (26.8%), Protect: 7897 (17.9%), Rapid Spin: 3394 (7.7%), Tail Whip: 3097 (7.0%), Hydro Pump: 1537 (3.5%), Swagger: 915 (2.1%), Ice Beam: 580 (1.3%)",6514,7809,0.83,1396,1.01,6.61,3.27,1874,1528,1751,3452,4.4,8968,"Golbat: 116, Kadabra: 114, Pikachu: 112","Gyarados: 243, Golbat: 226, Seaking: 169",0,"Damage: 1303, Status: 151, Hazard: 0, Weather: 0, Cleric: 0, Screen: 0, Pass: 0, Debuff: 312, Tailwind: 0",None
WEAVILE,S-,All-Rounder,"Night Slash: 5490 (21.3%), Ice Punch: 4156 (16.1%), Ice Shard: 2783 (10.8%), Faint Attack: 2734 (10.6%), Avalanche: 2601 (10.1%), Dark Pulse: 2165 (8.4%), Metal Claw: 2157 (8.4%), Taunt: 2153 (8.3%), Slash: 1254 (4.9%), Aerial Ace: 153 (0.6%), Fake Out: 106 (0.4%), X Scissor: 45 (0.2%), Low Kick: 17 (0.1%)",11368,3201,3.55,1882,4.14,3.63,1.41,1849,417,821,831,8.45,8551,"Golbat: 199, Zubat: 174, Pikachu: 168","Staraptor: 123, Machoke: 122, Gyarados: 110",1,"Damage: 1882, Status: 27, Hazard: 0, Weather: 0, Cleric: 0, Screen: 0, Pass: 0, Debuff: 0, Tailwind: 0",None
WEEDLE,F,All-Rounder,"Poison Sting: 17199 (48.9%), String Shot: 14358 (40.8%), Bug Bite: 3614 (10.3%), Struggle: 22 (0.1%)",529,11734,0.05,3208,0.32,4.1,2.11,1231,1934,1693,4707,2.72,12193,"Magikarp: 84, Pichu: 38, Budew: 15","Geodude: 196, Zubat: 194, Pikachu: 188",2,"Damage: 3179, Status: 1447, Hazard: 0, Weather: 0, Cleric: 0, Screen: 0, Pass: 0, Debuff: 117, Tailwind: 0",None
WEEPINBELL,D-,All-Rounder,"Sweet Scent: 12614 (33.5%), Razor Leaf: 11792 (31.3%), Acid: 6509 (17.3%), Gastro Acid: 6330 (16.8%), Knock Off: 465 (1.2%)",3745,8124,0.46,3325,0.87,5.24,3.0,1829,1324,1768,530,5.75,9603,"Magikarp: 159, Pikachu: 111, Geodude: 103","Golbat: 180, Gyarados: 151, Staraptor: 151",0,"Damage: 3263, Status: 0, Hazard: 0, Weather: 0, Cleric: 0, Screen: 0, Pass: 0, Debuff: 63, Tailwind: 0",None
WEEZING,C-,Disrupter,"Sludge: 33922 (25.0%), Double Hit: 30004 (22.1%), Smoke Screen: 20495 (15.1%), Assurance: 17838 (13.2%), Sludge Bomb: 9956 (7.3%), Explosion: 5642 (4.2%), Smog: 5008 (3.7%), Haze: 3040 (2.2%), Flamethrower: 2261 (1.7%), Selfdestruct: 1849 (1.4%), Thunder: 1784 (1.3%), Tackle: 1766 (1.3%), Thunderbolt: 1166 (0.9%), Toxic: 727 (0.5%), Struggle: 2 (0.0%)",27397,25391,1.08,6033,1.32,5.17,2.62,6386,8503,17253,10472,9.97,35233,"Pikachu: 505, Seaking: 499, Golbat: 498","Kadabra: 489, Gyarados: 462, Mr Mime: 433",14,"Damage: 5943, Status: 3005, Hazard: 0, Weather: 0, Cleric: 0, Screen: 0, Pass: 0, Debuff: 0, Tailwind: 0",None
WHISCASH,S,Weather,"Water Pulse: 8745 (25.8%), Earth Power: 6332 (18.7%), Aqua Tail: 6216 (18.3%), Magnitude: 5606 (16.5%), Zen Headbutt: 4131 (12.2%), Sandstorm: 2857 (8.4%)",12207,3321,3.68,2507,4.43,4.22,2.21,1707,1900,1176,1899,2.81,9173,"Magnemite: 253, Clefairy: 248, Magikarp: 238","Gyarados: 136, Roserade: 116, Roselia: 54",0,"Damage: 1871, Status: 143, Hazard: 0, Weather: 1616, Cleric: 0, Screen: 0, Pass: 0, Debuff: 6, Tailwind: 0",None
WHISMUR,F-,All-Rounder,"Screech: 3442 (32.7%), Rest: 3061 (29.1%), Roar: 2353 (22.4%), Sleep Talk: 1599 (15.2%), Struggle: 64 (0.6%)",9,2753,0.0,3,0.0,5.62,2.83,8,737,529,0,-1.81,2787,"Whismur: 3, Aipom: 2, Blissey: 2","Staraptor: 45, Clefairy: 43, Pikachu: 41",0,"Damage: 2, Status: 0, Hazard: 0, Weather: 0, Cleric: 0, Screen: 0, Pass: 0, Debuff: 1, Tailwind: 0",None
WIGGLYTUFF,D,Defender,"Defense Curl: 29468 (24.5%), Disable: 25295 (21.0%), Sing: 20870 (17.4%), Pound: 19761 (16.4%), Double Slap: 11822 (9.8%), Hyper Voice: 6157 (5.1%), Reflect: 2645 (2.2%), Light Screen: 2033 (1.7%), Shadow Ball: 1892 (1.6%), Struggle: 228 (0.2%)",6215,9834,0.63,3816,1.02,10.93,4.44,2179,19442,3950,166,-10.73,12716,"Magikarp: 207, Zubat: 168, Pikachu: 154","Staraptor: 191, Gyarados: 183, Golbat: 172",0,"Damage: 3386, Status: 1614, Hazard: 0, Weather: 0, Cleric: 0, Screen: 330, Pass: 0, Debuff: 27, Tailwind: 0",None
WINGULL,E+,All-Rounder,"Pursuit: 20745 (23.4%), Agility: 16264 (18.3%), Quick Attack: 13947 (15.7%), Aerial Ace: 11130 (12.5%), Roost: 9247 (10.4%), Wing Attack: 7668 (8.6%), Water Pulse: 7230 (8.1%), Supersonic: 2564 (2.9%), Struggle: 19 (0.0%)",4413,21109,0.21,12512,0.8,4.66,2.46,3679,1929,3863,1134,6.06,22978,"Magikarp: 467, Gastly: 161, Pichu: 149","Golbat: 391, Pikachu: 356, Magnemite: 353",11,"Damage: 12420, Status: 1088, Hazard: 0, Weather: 0, Cleric: 0, Screen: 0, Pass: 0, Debuff: 0, Tailwind: 0",None
WOBBUFFET,C,Defender,"Counter: 11999 (43.2%), Mirror Coat: 11953 (43.0%), Safeguard: 3034 (10.9%), Encore: 651 (2.3%), Struggle: 130 (0.5%), Destiny Bond: 13 (0.0%)",2105,2207,0.95,1041,1.43,10.61,5.86,6,212,1213,0,3.47,3095,"Sneasel: 58, Magnemite: 43, Geodude: 39","Gyarados: 41, Golbat: 37, Heracross: 34",1,"Damage: 1041, Status: 0, Hazard: 0, Weather: 0, Cleric: 0, Screen: 0, Pass: 0, Debuff: 0, Tailwind: 0",None
WOOPER,F+,All-Rounder,"Mud Shot: 8565 (22.1%), Water Gun: 7742 (20.0%), Slam: 7556 (19.5%), Mud Bomb: 5208 (13.5%), Tail Whip: 4235 (10.9%), Amnesia: 3543 (9.2%), Mud Sport: 1810 (4.7%), Struggle: 40 (0.1%)",2438,8277,0.29,1482,0.47,5.4,2.82,1510,4564,2743,7729,-0.66,9195,"Magikarp: 235, Magnemite: 197, Geodude: 149","Staraptor: 138, Gyarados: 120, Golbat: 119",0,"Damage: 1482, Status: 0, Hazard: 0, Weather: 0, Cleric: 0, Screen: 0, Pass: 0, Debuff: 90, Tailwind: 0",None
WORMADAM,E,Attacker,"Protect: 10854 (29.2%), Bug Bite: 9246 (24.9%), Hidden Power: 8555 (23.0%), Confusion: 8526 (22.9%)",3838,6236,0.62,341,0.67,12.1,7.37,1486,899,1500,691,5.42,3318,"Pikachu: 87, Magikarp: 81, Magnemite: 79","Golbat: 221, Gyarados: 162, Staraptor: 160",4,"Damage: 341, Status: 128, Hazard: 0, Weather: 0, Cleric: 0, Screen: 0, Pass: 0, Debuff: 0, Tailwind: 0",None
WURMPLE,F+,All-Rounder,"Tackle: 11111 (41.0%), String Shot: 10337 (38.2%), Poison Sting: 5647 (20.8%)",406,9310,0.04,3847,0.46,3.91,2.22,919,1866,1502,1512,1.8,9713,"Magikarp: 112, Pichu: 32, Delibird: 15","Golbat: 204, Geodude: 155, Clefairy: 138",0,"Damage: 3786, Status: 832, Hazard: 0, Weather: 0, Cleric: 0, Screen: 0, Pass: 0, Debuff: 174, Tailwind: 0",None
XATU,B-,Defender,"Me First: 30570 (17.3%), Ominous Wind: 29496 (16.7%), Future Sight: 28928 (16.3%), Wish: 26705 (15.1%), Fly: 17823 (10.1%), Psychic: 13145 (7.4%), Tailwind: 10370 (5.9%), Confuse Ray: 6176 (3.5%), Guard Swap: 4274 (2.4%), Power Swap: 4068 (2.3%), Psycho Shift: 2382 (1.3%), Night Shade: 1151 (0.7%), U Turn: 996 (0.6%), Aerial Ace: 396 (0.2%), Struggle: 333 (0.2%), Shadow Ball: 164 (0.1%), Quick Attack: 79 (0.0%)",19071,20210,0.94,16899,1.78,6.64,3.14,4024,2899,13364,4040,7.55,31207,"Magikarp: 472, Zubat: 399, Machop: 385","Gyarados: 523, Staraptor: 364, Magnemite: 359",2,"Damage: 15727, Status: 3494, Hazard: 0, Weather: 0, Cleric: 729, Screen: 0, Pass: 0, Debuff: 74, Tailwind: 213",None
YANMA,E-,All-Rounder,"Detect: 4920 (24.8%), Pursuit: 4798 (24.2%), Uproar: 3279 (16.5%), Quick Attack: 1998 (10.1%), Sonic Boom: 1828 (9.2%), Double Team: 1820 (9.2%), Supersonic: 1168 (5.9%), Struggle: 2 (0.0%)",1613,3496,0.46,615,0.64,5.9,1.97,555,1096,1612,0,5.0,4379,"Zubat: 51, Clefairy: 41, Croagunk: 36","Golbat: 129, Gyarados: 86, Magnemite: 72",3,"Damage: 606, Status: 42, Hazard: 0, Weather: 0, Cleric: 0, Screen: 0, Pass: 0, Debuff: 0, Tailwind: 0",None
YANMEGA,S,All-Rounder,"Air Slash: 8367 (29.3%), Double Team: 4942 (17.3%), Bug Buzz: 4571 (16.0%), Pursuit: 2468 (8.6%), U Turn: 2390 (8.4%), Slash: 2039 (7.1%), Ancient Power: 1482 (5.2%), Uproar: 1248 (4.4%), Supersonic: 450 (1.6%), Screech: 367 (1.3%), Detect: 220 (0.8%)",10648,2758,3.86,2651,4.82,3.92,1.12,1497,1135,2737,1134,9.91,9121,"Golbat: 201, Machoke: 197, Gyarados: 177","Staraptor: 181, Gyarados: 90, Rapidash: 82",2,"Damage: 2621, Status: 69, Hazard: 0, Weather: 0, Cleric: 0, Screen: 0, Pass: 0, Debuff: 59, Tailwind: 0",None
ZANGOOSE,A,All-Rounder,"Close Combat: 4861 (32.0%), Detect: 3805 (25.1%), X Scissor: 3464 (22.8%), False Swipe: 3049 (20.1%)",4686,2387,1.96,1681,2.67,4.13,1.44,684,262,382,0,5.17,4569,"Magnemite: 135, Clefairy: 116, Pikachu: 103","Gyarados: 81, Golbat: 69, Staraptor: 69",0,"Damage: 1681, Status: 0, Hazard: 0, Weather: 0, Cleric: 0, Screen: 0, Pass: 0, Debuff: 0, Tailwind: 0",None
ZIGZAGOON,E,Support,"Iron Tail: 6190 (31.2%), Secret Power: 5838 (29.5%), Belly Drum: 4060 (20.5%), Rest: 2598 (13.1%), Flail: 1053 (5.3%), Return: 82 (0.4%)",2776,5505,0.5,1160,0.71,4.01,2.25,700,2007,1024,952,-1.41,6643,"Magikarp: 161, Zubat: 105, Clefairy: 74","Gyarados: 96, Golbat: 93, Staraptor: 92",0,"Damage: 1008, Status: 0, Hazard: 0, Weather: 0, Cleric: 0, Screen: 0, Pass: 0, Debuff: 155, Tailwind: 0",None
ZUBAT,E-,Disrupter,"Leech Life: 75604 (19.2%), Bite: 74676 (19.0%), Supersonic: 68326 (17.4%), Wing Attack: 59204 (15.0%), Astonish: 57726 (14.7%), Confuse Ray: 22017 (5.6%), Air Cutter: 20354 (5.2%), Mean Look: 7844 (2.0%), Poison Fang: 3702 (0.9%), Toxic: 2085 (0.5%), Giga Drain: 1635 (0.4%), Struggle: 372 (0.1%)",29973,96364,0.31,31521,0.64,5.42,2.59,18406,42505,19808,35311,-1.01,97435,"Magikarp: 1466, Machop: 793, Zubat: 773","Magnemite: 1758, Gyarados: 1644, Staraptor: 1632",32,"Damage: 29347, Status: 17449, Hazard: 0, Weather: 0, Cleric: 0, Screen: 0, Pass: 0, Debuff: 0, Tailwind: 0",None
