Species,Tier,Role,Global_Move_Usage,Total_KOs,Total_Deaths,Global_KDR,Total_Assists,KDA,Global_Average_Lifespan_Turns,Average_Hits_Taken,Critical_Hits,Missed_Attacks,Dodged_Attacks,Secondary_Effect_Procs,Luck_Score,Games_Seen,Most_KOs_Against,Killed_Most_By,Switch_In_Casualties,Assist_Breakdown,Mimic_Move_Usage
ABOMASNOW,S+,Weather,"Blizzard: 1581 (48.8%), Wood Hammer: 790 (24.4%), Ice Shard: 492 (15.2%), Earthquake: 374 (11.6%)",2507,211,11.88,597,14.71,2.67,0.83,196,36,81,0,7.26,1337,"Koffing: 68, Rattata: 54, Magikarp: 54","Magmar: 19, Machamp: 9, Gengar: 9",0,"Damage: 236, Status: 0, Hazard: 0, Weather: 564, Cleric: 0, Screen: 0, Pass: 0",None
ABRA,F-,Disrupter,"Flash: 8748 (65.1%), Teleport: 4602 (34.3%), Struggle: 80 (0.6%)",4,2802,0.0,158,0.06,10.42,2.68,7,301,6028,0,29.47,1693,"Abra: 2, Meowth: 1, Gastly: 1","Koffing: 50, Magmar: 42, Raticate: 41",3,"Damage: 37, Status: 127, Hazard: 0, Weather: 0, Cleric: 0, Screen: 0, Pass: 0",None
ABSOL,S-,All-Rounder,"Night Slash: 2597 (53.5%), Psycho Cut: 1089 (22.4%), Quick Attack: 613 (12.6%), Slash: 423 (8.7%), Detect: 78 (1.6%), Perish Song: 54 (1.1%)",2432,626,3.88,428,4.57,3.44,1.35,1039,95,169,0,22.16,1630,"Koffing: 60, Rattata: 55, Magikarp: 54","Graveler: 32, Magneton: 23, Gyarados: 18",0,"Damage: 428, Status: 0, Hazard: 0, Weather: 0, Cleric: 0, Screen: 0, Pass: 0",None
AERODACTYL,S-,All-Rounder,"Rock Slide: 439 (42.0%), Thunder Fang: 241 (23.0%), Earthquake: 137 (13.1%), Crunch: 119 (11.4%), Aerial Ace: 79 (7.6%), Roar: 31 (3.0%)",497,131,3.79,112,4.65,4.44,1.5,56,74,36,86,1.65,361,"Seaking: 24, Gyarados: 22, Golbat: 19","Gengar: 9, Gyarados: 9, Crobat: 6",1,"Damage: 112, Status: 3, Hazard: 0, Weather: 0, Cleric: 0, Screen: 0, Pass: 0",None
AIPOM,E,All-Rounder,"Double Hit: 3935 (27.0%), Swift: 3178 (21.8%), Nasty Plot: 1978 (13.6%), Agility: 1820 (12.5%), Fling: 1625 (11.1%), Screech: 1071 (7.3%), Fury Swipes: 951 (6.5%), Struggle: 19 (0.1%)",1366,2531,0.54,572,0.77,5.76,2.79,538,990,609,0,1.03,3036,"Rattata: 86, Zubat: 78, Bellsprout: 54","Koffing: 54, Butterfree: 49, Raticate: 46",0,"Damage: 572, Status: 0, Hazard: 0, Weather: 0, Cleric: 0, Screen: 0, Pass: 0",None
ALAKAZAM,S-,Attacker / Support,"Psychic: 9041 (49.7%), Focus Blast: 2735 (15.0%), Reflect: 2044 (11.2%), Calm Mind: 1741 (9.6%), Energy Ball: 1173 (6.4%), Disable: 449 (2.5%), Recover: 447 (2.5%), Gravity: 423 (2.3%), Charge Beam: 116 (0.6%), Skill Swap: 24 (0.1%), Struggle: 5 (0.0%)",8758,2116,4.14,927,4.58,3.72,1.22,768,1087,473,384,0.81,6369,"Koffing: 297, Weezing: 183, Magnemite: 182","Sneasel: 90, Gyarados: 74, Flareon: 58",1,"Damage: 776, Status: 107, Hazard: 0, Weather: 0, Cleric: 0, Screen: 141, Pass: 0",None
ALTARIA,D-,All-Rounder,"Double Team: 52 (49.5%), Dragon Breath: 35 (33.3%), Perish Song: 12 (11.4%), Hyper Beam: 6 (5.7%)",8,26,0.31,15,0.88,4.85,1.48,1,4,32,7,20.8,33,"Tauros: 2, Gyarados: 1, Granbull: 1","Dragonite: 3, Gyarados: 3, Walrein: 3",0,"Damage: 15, Status: 3, Hazard: 0, Weather: 0, Cleric: 0, Screen: 0, Pass: 0",None
AMBIPOM,C-,All-Rounder,"Double Hit: 14842 (53.9%), Nasty Plot: 11427 (41.5%), Last Resort: 672 (2.4%), Fling: 543 (2.0%), Struggle: 63 (0.2%)",3021,3722,0.81,1975,1.34,6.33,3.28,745,2054,1065,0,-0.85,4926,"Magikarp: 159, Rattata: 147, Voltorb: 104","Koffing: 80, Gyarados: 69, Qwilfish: 66",0,"Damage: 1975, Status: 0, Hazard: 0, Weather: 0, Cleric: 0, Screen: 0, Pass: 0",None
AMPHAROS,A,Attacker,"Signal Beam: 4516 (29.8%), Discharge: 3733 (24.7%), Thunder Wave: 2662 (17.6%), Thunder: 2103 (13.9%), Charge: 1248 (8.2%), Cotton Spore: 332 (2.2%), Thunder Punch: 300 (2.0%), Power Gem: 250 (1.7%)",4869,1760,2.77,297,2.94,5.0,2.07,609,1168,580,731,0.01,4301,"Seaking: 253, Qwilfish: 112, Golbat: 104","Quagsire: 102, Golem: 82, Graveler: 75",2,"Damage: 269, Status: 145, Hazard: 0, Weather: 0, Cleric: 0, Screen: 0, Pass: 0",None
ARBOK,B,Defender,"Crunch: 20531 (32.2%), Mud Bomb: 10923 (17.2%), Glare: 6915 (10.9%), Stockpile: 6097 (9.6%), Screech: 5594 (8.8%), Acid: 2919 (4.6%), Spit Up: 2475 (3.9%), Gastro Acid: 2463 (3.9%), Gunk Shot: 2161 (3.4%), Swallow: 1860 (2.9%), Poison Jab: 716 (1.1%), Poison Sting: 578 (0.9%), Wrap: 431 (0.7%), Struggle: 22 (0.0%)",10046,6950,1.45,3722,1.98,6.73,3.44,2192,6685,3586,5419,-1.39,11043,"Magikarp: 326, Rattata: 276, Koffing: 204","Graveler: 219, Seaking: 150, Golbat: 147",0,"Damage: 3543, Status: 1228, Hazard: 0, Weather: 0, Cleric: 0, Screen: 0, Pass: 0",None
ARCANINE,S-,All-Rounder,"Extreme Speed: 7003 (35.4%), Fire Fang: 4884 (24.7%), Flare Blitz: 3230 (16.3%), Thunder Fang: 1952 (9.9%), Crunch: 970 (4.9%), Overheat: 793 (4.0%), Flamethrower: 643 (3.3%), Reversal: 113 (0.6%), Roar: 90 (0.5%), Dragon Pulse: 84 (0.4%), Odor Sleuth: 5 (0.0%)",7837,1940,4.04,1313,4.72,4.33,1.79,1143,839,630,1156,4.43,5316,"Magnemite: 191, Rattata: 172, Koffing: 163","Graveler: 91, Gyarados: 56, Feraligatr: 50",1,"Damage: 1313, Status: 203, Hazard: 0, Weather: 0, Cleric: 0, Screen: 0, Pass: 0",None
ARIADOS,C-,All-Rounder,"Agility: 9264 (20.1%), Poison Jab: 6766 (14.7%), Fury Swipes: 6560 (14.2%), Sucker Punch: 6375 (13.8%), Psychic: 5234 (11.4%), Spider Web: 4945 (10.7%), Pin Missile: 4736 (10.3%), Giga Drain: 888 (1.9%), Bounce: 385 (0.8%), Night Shade: 315 (0.7%), Scary Face: 274 (0.6%), Swagger: 239 (0.5%), Toxic: 48 (0.1%), Baton Pass: 46 (0.1%), Struggle: 13 (0.0%)",7496,7440,1.01,1965,1.27,5.64,3.08,2389,3283,2174,1508,2.65,10675,"Rattata: 210, Zubat: 209, Magikarp: 165","Magmar: 176, Golbat: 173, Seaking: 162",11,"Damage: 1930, Status: 339, Hazard: 0, Weather: 0, Cleric: 0, Screen: 0, Pass: 1",None
AZUMARILL,B+,Attacker,"Double Edge: 9875 (22.8%), Aqua Tail: 6728 (15.5%), Rollout: 4216 (9.7%), Aqua Ring: 3937 (9.1%), Rain Dance: 3849 (8.9%), Waterfall: 3468 (8.0%), Bubble Beam: 2739 (6.3%), Dig: 2457 (5.7%), Water Pulse: 2276 (5.3%), Defense Curl: 1667 (3.8%), Hydro Pump: 831 (1.9%), Aqua Jet: 638 (1.5%), Superpower: 393 (0.9%), Attract: 246 (0.6%)",11409,5191,2.2,836,2.36,5.37,3.08,1867,2323,2812,965,5.14,10151,"Rattata: 303, Magnemite: 230, Butterfree: 228","Graveler: 118, Seaking: 97, Magneton: 97",0,"Damage: 836, Status: 27, Hazard: 0, Weather: 0, Cleric: 0, Screen: 0, Pass: 0",None
BAYLEEF,B,Support,"Synthesis: 4007 (26.3%), Razor Leaf: 3698 (24.3%), Reflect: 3161 (20.8%), Magical Leaf: 2255 (14.8%), Poison Powder: 2111 (13.9%), Struggle: 1 (0.0%)",1814,1343,1.35,841,1.98,8.29,4.92,561,923,816,0,2.83,2458,"Seaking: 90, Magnemite: 65, Graveler: 63","Magmar: 46, Golbat: 31, Weezing: 30",0,"Damage: 648, Status: 465, Hazard: 0, Weather: 0, Cleric: 0, Screen: 105, Pass: 0",None
BEEDRILL,D-,All-Rounder,"Poison Jab: 15025 (22.4%), Assurance: 14689 (21.9%), Endeavor: 14632 (21.8%), Agility: 12810 (19.1%), Fury Attack: 6037 (9.0%), Bug Bite: 1495 (2.2%), Pin Missile: 933 (1.4%), Focus Energy: 807 (1.2%), Twineedle: 492 (0.7%), Struggle: 79 (0.1%)",7930,12236,0.65,4123,0.99,5.56,2.9,2962,2599,2809,2769,4.52,15630,"Rattata: 301, Magikarp: 282, Butterfree: 228","Koffing: 286, Magmar: 250, Seaking: 241",18,"Damage: 4123, Status: 940, Hazard: 0, Weather: 0, Cleric: 0, Screen: 0, Pass: 0",None
BELLOSSOM,C-,Disrupter,"Magical Leaf: 9551 (24.5%), Sweet Scent: 8997 (23.0%), Stun Spore: 6343 (16.3%), Mega Drain: 5587 (14.3%), Sunny Day: 4989 (12.8%), Solar Beam: 1202 (3.1%), Acid: 1127 (2.9%), Giga Drain: 924 (2.4%), Synthesis: 190 (0.5%), Attract: 99 (0.3%), Struggle: 24 (0.1%)",4555,4217,1.08,1364,1.4,7.51,3.63,1168,1794,1521,75,2.17,6571,"Rattata: 135, Seaking: 131, Magikarp: 120","Golbat: 127, Magmar: 116, Gyarados: 78",7,"Damage: 1142, Status: 823, Hazard: 0, Weather: 7, Cleric: 0, Screen: 0, Pass: 0",None
BELLSPROUT,F,Defender,"Vine Whip: 44714 (79.3%), Growth: 6323 (11.2%), Razor Leaf: 2731 (4.8%), Gastro Acid: 1331 (2.4%), Sweet Scent: 671 (1.2%), Struggle: 580 (1.0%), Knock Off: 69 (0.1%)",6061,18235,0.33,1395,0.41,6.59,4.18,2976,1523,3258,0,7.89,11778,"Magikarp: 434, Geodude: 229, Rattata: 214","Koffing: 382, Zubat: 334, Seaking: 314",2,"Damage: 1395, Status: 0, Hazard: 0, Weather: 0, Cleric: 0, Screen: 0, Pass: 0",None
BIBAREL,A,All-Rounder,"Surf: 391 (43.8%), Double Team: 203 (22.8%), Charge Beam: 161 (18.0%), Ice Beam: 134 (15.0%), Struggle: 3 (0.3%)",251,98,2.56,37,2.94,6.47,2.09,39,43,299,89,24.54,192,"Magmar: 11, Golem: 10, Arcanine: 8","Magneton: 6, Gengar: 6, Charizard: 5",1,"Damage: 37, Status: 0, Hazard: 0, Weather: 0, Cleric: 0, Screen: 0, Pass: 0",None
BIDOOF,F-,Attacker,"Super Fang: 1289 (29.2%), Take Down: 1229 (27.8%), Superpower: 1209 (27.4%), Amnesia: 687 (15.5%), Struggle: 6 (0.1%)",197,1320,0.15,16,0.16,4.21,2.43,207,546,215,0,-2.68,1394,"Magikarp: 32, Rattata: 25, Pikachu: 11","Koffing: 29, Gyarados: 18, Rattata: 18",0,"Damage: 16, Status: 0, Hazard: 0, Weather: 0, Cleric: 0, Screen: 0, Pass: 0",None
BLASTOISE,A+,Attacker,"Surf: 1895 (42.0%), Aqua Tail: 945 (20.9%), Rain Dance: 630 (14.0%), Bite: 527 (11.7%), Focus Blast: 261 (5.8%), Blizzard: 172 (3.8%), Flash Cannon: 47 (1.0%), Hydro Cannon: 38 (0.8%)",1749,461,3.79,73,3.95,5.2,2.15,221,324,156,113,1.26,1225,"Graveler: 44, Magmar: 44, Magnemite: 35","Quagsire: 17, Vileplume: 16, Starmie: 14",0,"Damage: 73, Status: 0, Hazard: 0, Weather: 0, Cleric: 0, Screen: 0, Pass: 0",None
BRELOOM,C,All-Rounder,"Substitute: 168 (32.1%), Stone Edge: 166 (31.7%), Focus Punch: 145 (27.7%), Drain Punch: 38 (7.3%), Struggle: 7 (1.3%)",153,116,1.32,28,1.56,4.64,1.19,30,78,25,0,-4.19,181,"Gyarados: 11, Graveler: 7, Electrode: 6","Crobat: 15, Gengar: 8, Starmie: 8",0,"Damage: 28, Status: 0, Hazard: 0, Weather: 0, Cleric: 0, Screen: 0, Pass: 0",None
BRONZONG,S,Attacker / Support,"Psychic: 3286 (42.5%), Payback: 1474 (19.0%), Gravity: 1159 (15.0%), Reflect: 1152 (14.9%), Hypnosis: 281 (3.6%), Dream Eater: 240 (3.1%), Gyro Ball: 140 (1.8%), Struggle: 7 (0.1%)",2530,331,7.64,260,8.43,6.34,3.73,325,234,197,140,3.62,1480,"Koffing: 81, Magikarp: 58, Rattata: 54","Magneton: 11, Feraligatr: 10, Gyarados: 9",0,"Damage: 244, Status: 16, Hazard: 0, Weather: 0, Cleric: 0, Screen: 28, Pass: 0",None
BRONZOR,E+,Defender,"Safeguard: 14275 (30.1%), Iron Defense: 7399 (15.6%), Faint Attack: 7019 (14.8%), Future Sight: 6929 (14.6%), Skill Swap: 6075 (12.8%), Gyro Ball: 5542 (11.7%), Struggle: 228 (0.5%)",285,3305,0.09,2601,0.87,14.67,9.04,742,357,1850,0,4.53,3638,"Magikarp: 50, Gastly: 28, Pidgey: 13","Butterfree: 62, Rattata: 61, Magmar: 61",0,"Damage: 2600, Status: 13, Hazard: 0, Weather: 0, Cleric: 0, Screen: 0, Pass: 0",None
BUDEW,D,Attacker / Disrupter,"Nature Power: 1923 (28.9%), Stun Spore: 1906 (28.7%), Sludge Bomb: 1766 (26.6%), Giga Drain: 1052 (15.8%)",1103,1144,0.96,74,1.03,4.92,2.3,286,678,240,371,-2.08,1569,"Magikarp: 54, Bellsprout: 34, Geodude: 27","Rattata: 28, Koffing: 26, Magmar: 21",0,"Damage: 68, Status: 52, Hazard: 0, Weather: 0, Cleric: 0, Screen: 0, Pass: 0",None
BUIZEL,E,Attacker,"Aqua Jet: 2931 (53.5%), Swift: 1991 (36.4%), Agility: 440 (8.0%), Whirlpool: 115 (2.1%)",860,1160,0.74,35,0.77,4.1,2.06,294,135,218,0,6.62,1455,"Magikarp: 54, Rattata: 41, Geodude: 39","Koffing: 33, Butterfree: 23, Seaking: 22",0,"Damage: 35, Status: 0, Hazard: 0, Weather: 0, Cleric: 0, Screen: 0, Pass: 0",None
BULBASAUR,D-,All-Rounder,"Razor Leaf: 4948 (16.6%), Double Edge: 3920 (13.1%), Leech Seed: 3002 (10.0%), Growl: 2949 (9.9%), Take Down: 2592 (8.7%), Vine Whip: 2366 (7.9%), Tackle: 2336 (7.8%), Seed Bomb: 2235 (7.5%), Sludge Bomb: 1646 (5.5%), Worry Seed: 1169 (3.9%), Synthesis: 1156 (3.9%), Sleep Powder: 801 (2.7%), Toxic: 511 (1.7%), Poison Powder: 243 (0.8%), Struggle: 4 (0.0%)",3792,7882,0.48,3464,0.92,5.61,3.19,1387,2462,1689,309,1.89,7488,"Magikarp: 188, Rattata: 111, Goldeen: 99","Sneasel: 219, Magmar: 163, Golbat: 153",5,"Damage: 3237, Status: 1611, Hazard: 0, Weather: 0, Cleric: 0, Screen: 0, Pass: 0",None
BURMY,E,All-Rounder,"Protect: 2249 (29.8%), Bug Bite: 1820 (24.1%), Hidden Power: 1766 (23.4%), Tackle: 1713 (22.7%)",168,1513,0.11,1011,0.78,6.07,2.66,329,316,336,0,4.43,1640,"Magikarp: 56, Caterpie: 10, Rattata: 7","Rattata: 30, Koffing: 26, Gyarados: 25",0,"Damage: 1011, Status: 0, Hazard: 0, Weather: 0, Cleric: 0, Screen: 0, Pass: 0",None
BUTTERFREE,D,All-Rounder,"Bug Buzz: 31360 (29.5%), Tailwind: 18796 (17.7%), Safeguard: 16584 (15.6%), Silver Wind: 9562 (9.0%), Captivate: 8018 (7.6%), Gust: 4804 (4.5%), Bug Bite: 4701 (4.4%), Supersonic: 2910 (2.7%), Stun Spore: 2340 (2.2%), Whirlwind: 2326 (2.2%), Psybeam: 2021 (1.9%), Confusion: 1406 (1.3%), Sleep Powder: 1290 (1.2%), Struggle: 27 (0.0%)",15985,19637,0.81,4399,1.04,6.02,3.01,3232,2161,4027,3220,4.73,22643,"Rattata: 515, Magikarp: 404, Goldeen: 352","Seaking: 526, Graveler: 477, Magmar: 440",26,"Damage: 4311, Status: 728, Hazard: 0, Weather: 0, Cleric: 0, Screen: 0, Pass: 0",None
CAMERUPT,B-,All-Rounder,"Rock Slide: 395 (18.5%), Amnesia: 367 (17.2%), Lava Plume: 352 (16.5%), Earth Power: 330 (15.4%), Earthquake: 324 (15.2%), Solar Beam: 240 (11.2%), Sunny Day: 71 (3.3%), Eruption: 58 (2.7%)",813,552,1.47,172,1.78,3.47,1.5,78,117,96,145,2.8,1106,"Magmar: 36, Graveler: 30, Quagsire: 27","Golem: 27, Poliwrath: 24, Graveler: 22",3,"Damage: 172, Status: 33, Hazard: 0, Weather: 0, Cleric: 0, Screen: 0, Pass: 0",None
CARNIVINE,C-,All-Rounder,"Giga Drain: 1652 (40.7%), Wring Out: 1389 (34.2%), Ingrain: 597 (14.7%), Attract: 417 (10.3%), Struggle: 1 (0.0%)",611,582,1.05,137,1.29,6.2,2.72,183,186,140,0,3.27,911,"Koffing: 35, Seaking: 20, Zubat: 20","Golbat: 35, Magmar: 21, Flareon: 14",0,"Damage: 137, Status: 0, Hazard: 0, Weather: 0, Cleric: 0, Screen: 0, Pass: 0",None
CATERPIE,F-,Defender,"Tackle: 14958 (55.8%), String Shot: 11797 (44.0%), Struggle: 36 (0.1%)",373,7948,0.05,315,0.09,7.9,4.58,868,2190,1399,0,0.27,4083,"Magikarp: 166, Ledyba: 20, Caterpie: 16","Rattata: 174, Koffing: 149, Gyarados: 115",2,"Damage: 315, Status: 0, Hazard: 0, Weather: 0, Cleric: 0, Screen: 0, Pass: 0",None
CHARIZARD,S-,All-Rounder,"Air Slash: 797 (40.9%), Flamethrower: 405 (20.8%), Flare Blitz: 267 (13.7%), Fire Fang: 145 (7.4%), Shadow Claw: 140 (7.2%), Dragon Claw: 127 (6.5%), Dragon Pulse: 59 (3.0%), Hyper Beam: 8 (0.4%), Blast Burn: 3 (0.2%)",988,298,3.32,246,4.14,4.55,1.46,135,108,73,138,4.51,683,"Magneton: 61, Gengar: 35, Machoke: 28","Gyarados: 17, Machamp: 17, Gengar: 16",0,"Damage: 246, Status: 24, Hazard: 0, Weather: 0, Cleric: 0, Screen: 0, Pass: 0",None
CHARMANDER,D,All-Rounder,"Fire Fang: 3857 (37.0%), Smoke Screen: 1649 (15.8%), Dragon Rage: 1399 (13.4%), Scary Face: 1341 (12.9%), Flamethrower: 769 (7.4%), Slash: 709 (6.8%), Fire Spin: 700 (6.7%), Struggle: 5 (0.0%)",1640,2268,0.72,990,1.16,4.71,2.03,387,853,1189,562,6.3,2972,"Butterfree: 82, Bellsprout: 57, Magnemite: 54","Seaking: 59, Graveler: 44, Koffing: 43",0,"Damage: 990, Status: 118, Hazard: 0, Weather: 0, Cleric: 0, Screen: 0, Pass: 0",None
CHARMELEON,C-,All-Rounder,"Ember: 6613 (24.2%), Smoke Screen: 4898 (17.9%), Fire Fang: 4089 (14.9%), Dragon Rage: 3278 (12.0%), Scary Face: 2668 (9.7%), Growl: 2668 (9.7%), Flamethrower: 1839 (6.7%), Slash: 1215 (4.4%), Aerial Ace: 106 (0.4%), Struggle: 7 (0.0%)",3985,3995,1.0,1288,1.32,5.59,2.35,888,1353,4032,1085,11.22,6193,"Magnemite: 136, Butterfree: 115, Rattata: 105","Seaking: 108, Graveler: 96, Quagsire: 84",0,"Damage: 1288, Status: 330, Hazard: 0, Weather: 0, Cleric: 0, Screen: 0, Pass: 0",None
CHATOT,C-,All-Rounder,"Uproar: 4254 (52.7%), Feather Dance: 1470 (18.2%), Mimic: 1422 (17.6%), Roost: 863 (10.7%), Struggle: 69 (0.9%)",1266,1197,1.06,352,1.35,6.08,3.04,277,163,506,8,7.25,1640,"Magikarp: 54, Rattata: 44, Koffing: 35","Seaking: 29, Graveler: 28, Magmar: 23",0,"Damage: 350, Status: 6, Hazard: 1, Weather: 0, Cleric: 0, Screen: 1, Pass: 0","Agility: 45 (5.9%), Curse: 43 (5.7%), Sucker Punch: 38 (5.0%), Defense Curl: 32 (4.2%), Charge: 31 (4.1%), Meditate: 24 (3.2%), Disable: 19 (2.5%), Quick Attack: 18 (2.4%), Minimize: 17 (2.2%), Slash: 16 (2.1%), Screech: 16 (2.1%), Rest: 15 (2.0%), Leer: 14 (1.8%), Follow Me: 13 (1.7%), Tail Whip: 12 (1.6%), Rollout: 11 (1.4%), Scary Face: 11 (1.4%), Take Down: 10 (1.3%), Mean Look: 10 (1.3%), Tackle: 10 (1.3%), Nasty Plot: 10 (1.3%), Double Team: 10 (1.3%), Safeguard: 9 (1.2%), Amnesia: 9 (1.2%), Captivate: 9 (1.2%), Mega Drain: 9 (1.2%), Sweet Scent: 8 (1.1%), Lock On: 8 (1.1%), Aqua Ring: 8 (1.1%), Assurance: 8 (1.1%), Light Screen: 8 (1.1%), Toxic Spikes: 7 (0.9%), Iron Defense: 7 (0.9%), Yawn: 7 (0.9%), Flail: 7 (0.9%), Double Slap: 7 (0.9%), Confusion: 6 (0.8%), Focus Energy: 6 (0.8%), Wish: 6 (0.8%), Faint Attack: 6 (0.8%), Sludge: 6 (0.8%), Spite: 6 (0.8%), Protect: 6 (0.8%), Counter: 6 (0.8%), Hyper Fang: 5 (0.7%), Mud Sport: 5 (0.7%), Fly: 5 (0.7%), Rock Polish: 5 (0.7%), Stun Spore: 5 (0.7%), Double Edge: 5 (0.7%), Rain Dance: 5 (0.7%), Bubble: 5 (0.7%), Splash: 5 (0.7%), Extrasensory: 4 (0.5%), Bite: 4 (0.5%), Reflect: 4 (0.5%), Air Cutter: 4 (0.5%), Karate Chop: 4 (0.5%), Swift: 4 (0.5%), Poison Jab: 4 (0.5%), Bounce: 4 (0.5%), Pound: 4 (0.5%), Crunch: 3 (0.4%), Wake Up Slap: 3 (0.4%), Tailwind: 3 (0.4%), Sludge Bomb: 3 (0.4%), Growth: 3 (0.4%), Dragon Breath: 3 (0.4%), Harden: 3 (0.4%), Growl: 3 (0.4%), Spark: 3 (0.4%), Worry Seed: 3 (0.4%), Stockpile: 3 (0.4%), Ember: 2 (0.3%), Swords Dance: 2 (0.3%), Mirror Move: 2 (0.3%), Aromatherapy: 2 (0.3%), Rage: 2 (0.3%), Bug Bite: 2 (0.3%), Body Slam: 2 (0.3%), Whirlwind: 2 (0.3%), Spider Web: 2 (0.3%), Supersonic: 2 (0.3%), Gust: 2 (0.3%), Super Fang: 2 (0.3%), Psychic: 2 (0.3%), Signal Beam: 2 (0.3%), Guillotine: 2 (0.3%), Sing: 2 (0.3%), Night Slash: 2 (0.3%), Air Slash: 2 (0.3%), Future Sight: 1 (0.1%), Horn Attack: 1 (0.1%), Smoke Screen: 1 (0.1%), Iron Tail: 1 (0.1%), Water Gun: 1 (0.1%), Vine Whip: 1 (0.1%), Psybeam: 1 (0.1%), Fury Swipes: 1 (0.1%), Aqua Tail: 1 (0.1%), Endeavor: 1 (0.1%), Teeter Dance: 1 (0.1%), Bug Buzz: 1 (0.1%), Aerial Ace: 1 (0.1%), Poison Powder: 1 (0.1%), Leech Life: 1 (0.1%), U Turn: 1 (0.1%), Rock Slide: 1 (0.1%), Aqua Jet: 1 (0.1%), Confuse Ray: 1 (0.1%), Bind: 1 (0.1%), Zen Headbutt: 1 (0.1%), Acid: 1 (0.1%), Headbutt: 1 (0.1%), Flatter: 1 (0.1%), Horn Drill: 1 (0.1%)"
CHERRIM,B-,All-Rounder,"Petal Dance: 2579 (45.1%), Take Down: 1383 (24.2%), Sunny Day: 911 (15.9%), Worry Seed: 851 (14.9%)",1160,1049,1.11,778,1.85,5.01,2.52,205,364,253,0,1.57,1588,"Magikarp: 55, Rattata: 44, Onix: 36","Golbat: 40, Koffing: 32, Magmar: 29",4,"Damage: 775, Status: 0, Hazard: 0, Weather: 7, Cleric: 0, Screen: 0, Pass: 0",None
CHERUBI,F,Attacker,"Solar Beam: 2196 (44.1%), Take Down: 1227 (24.6%), Lucky Chant: 811 (16.3%), Worry Seed: 747 (15.0%)",493,1265,0.39,18,0.4,4.4,2.62,106,317,235,0,0.46,1450,"Magikarp: 54, Geodude: 23, Horsea: 20","Koffing: 27, Rattata: 26, Zubat: 21",0,"Damage: 18, Status: 0, Hazard: 0, Weather: 0, Cleric: 0, Screen: 0, Pass: 0",None
CHIKORITA,F-,Defender,"Tackle: 10306 (55.6%), Growl: 8203 (44.3%), Struggle: 28 (0.2%)",399,2585,0.15,62,0.18,8.32,5.23,579,1334,899,0,0.74,2724,"Magikarp: 108, Bellsprout: 35, Caterpie: 22","Rattata: 62, Koffing: 52, Geodude: 36",0,"Damage: 62, Status: 0, Hazard: 0, Weather: 0, Cleric: 0, Screen: 0, Pass: 0",None
CHINCHOU,C,Attacker,"Discharge: 996 (36.9%), Bubble Beam: 683 (25.3%), Aqua Ring: 596 (22.1%), Signal Beam: 427 (15.8%)",771,579,1.33,44,1.41,4.3,1.89,119,103,139,211,4.48,957,"Magnemite: 31, Graveler: 29, Seaking: 28","Quagsire: 18, Magmar: 15, Dugtrio: 15",1,"Damage: 44, Status: 10, Hazard: 0, Weather: 0, Cleric: 0, Screen: 0, Pass: 0",None
CHINGLING,C-,All-Rounder,"Confusion: 3391 (68.2%), Uproar: 893 (17.9%), Astonish: 497 (10.0%), Last Resort: 194 (3.9%)",902,1266,0.71,717,1.28,4.12,2.35,285,146,245,409,7.58,1579,"Magikarp: 54, Koffing: 42, Rattata: 29","Seaking: 36, Butterfree: 25, Raticate: 23",0,"Damage: 717, Status: 90, Hazard: 0, Weather: 0, Cleric: 0, Screen: 0, Pass: 0",None
CLAMPERL,E-,All-Rounder,"Water Gun: 2014 (26.0%), Whirlpool: 1996 (25.7%), Clamp: 1916 (24.7%), Iron Defense: 1823 (23.5%), Struggle: 6 (0.1%)",626,1179,0.53,143,0.65,6.45,4.17,289,1268,372,0,-7.47,1463,"Magikarp: 52, Rattata: 39, Zubat: 22","Koffing: 29, Butterfree: 23, Graveler: 21",0,"Damage: 143, Status: 0, Hazard: 0, Weather: 0, Cleric: 0, Screen: 0, Pass: 0",None
CLEFABLE,D+,Defender,"Metronome: 10101 (16.5%), Wake Up Slap: 8649 (14.1%), Growl: 8156 (13.3%), Double Slap: 7767 (12.7%), Sing: 7207 (11.8%), Gravity: 5089 (8.3%), Encore: 4533 (7.4%), Moonlight: 3943 (6.4%), Blizzard: 2609 (4.3%), Thunder: 2300 (3.8%), Struggle: 671 (1.1%), Fire Blast: 108 (0.2%), Calm Mind: 80 (0.1%)",4717,4649,1.01,847,1.2,10.91,4.91,1545,5952,1708,340,-4.31,6481,"Rattata: 173, Magikarp: 156, Bellsprout: 111","Koffing: 86, Seaking: 73, Gyarados: 73",0,"Damage: 824, Status: 170, Hazard: 10, Weather: 18, Cleric: 0, Screen: 4, Pass: 2",None
CLEFAIRY,E-,Defender,"Double Slap: 9671 (15.8%), Sing: 8760 (14.3%), Metronome: 7353 (12.0%), Minimize: 6902 (11.3%), Meteor Mash: 5901 (9.7%), Gravity: 5069 (8.3%), Light Screen: 4499 (7.4%), Encore: 3887 (6.4%), Moonlight: 3587 (5.9%), Wake Up Slap: 3438 (5.6%), Mimic: 1363 (2.2%), Struggle: 633 (1.0%)",2175,5949,0.37,1237,0.57,10.74,4.33,1377,6954,7358,1376,2.6,6848,"Magikarp: 195, Rattata: 107, Pidgey: 60","Koffing: 124, Seaking: 102, Gyarados: 82",0,"Damage: 1182, Status: 168, Hazard: 22, Weather: 20, Cleric: 0, Screen: 25, Pass: 3","Tackle: 82 (5.7%), Double Team: 41 (2.9%), Agility: 41 (2.9%), Curse: 40 (2.8%), Defense Curl: 37 (2.6%), Splash: 31 (2.2%), Rock Polish: 29 (2.0%), Harden: 28 (1.9%), Mud Bomb: 26 (1.8%), Sucker Punch: 25 (1.7%), Confusion: 25 (1.7%), Quick Attack: 23 (1.6%), Scary Face: 21 (1.5%), Growl: 20 (1.4%), Wish: 20 (1.4%), String Shot: 20 (1.4%), Lock On: 19 (1.3%), Tail Whip: 18 (1.3%), Water Pulse: 18 (1.3%), Rollout: 17 (1.2%), Flail: 16 (1.1%), Disable: 16 (1.1%), Rapid Spin: 15 (1.0%), Charge: 15 (1.0%), Protect: 15 (1.0%), Leer: 14 (1.0%), Fury Swipes: 14 (1.0%), Skill Swap: 14 (1.0%), Bubble: 13 (0.9%), Bite: 13 (0.9%), Zen Headbutt: 13 (0.9%), Crush Claw: 12 (0.8%), Sand Attack: 12 (0.8%), Water Gun: 12 (0.8%), Wing Attack: 12 (0.8%), Aqua Ring: 11 (0.8%), Growth: 11 (0.8%), Charm: 11 (0.8%), Smog: 11 (0.8%), Smoke Screen: 11 (0.8%), Sing: 11 (0.8%), Safeguard: 11 (0.8%), Ice Shard: 10 (0.7%), Mean Look: 10 (0.7%), Me First: 10 (0.7%), Recover: 9 (0.6%), Slash: 9 (0.6%), Scratch: 9 (0.6%), Future Sight: 9 (0.6%), Yawn: 9 (0.6%), Swift: 9 (0.6%), Thunderbolt: 9 (0.6%), Stockpile: 9 (0.6%), Uproar: 9 (0.6%), Screech: 8 (0.6%), Fury Attack: 8 (0.6%), Nasty Plot: 8 (0.6%), Gust: 8 (0.6%), Sweet Scent: 8 (0.6%), Aurora Beam: 8 (0.6%), Aerial Ace: 8 (0.6%), Follow Me: 7 (0.5%), Minimize: 7 (0.5%), Assurance: 7 (0.5%), Peck: 7 (0.5%), Thunder Wave: 7 (0.5%), Bubble Beam: 7 (0.5%), Supersonic: 7 (0.5%), Horn Attack: 7 (0.5%), Iron Defense: 7 (0.5%), Faint Attack: 7 (0.5%), Horn Drill: 7 (0.5%), Rest: 6 (0.4%), Gravity: 6 (0.4%), Worry Seed: 6 (0.4%), Sludge: 6 (0.4%), Acid: 6 (0.4%), Stun Spore: 6 (0.4%), Take Down: 6 (0.4%), Mud Shot: 6 (0.4%), Pursuit: 6 (0.4%), Spite: 5 (0.3%), Counter: 5 (0.3%), Gastro Acid: 5 (0.3%), Meditate: 5 (0.3%), Dragon Rage: 5 (0.3%), Spark: 5 (0.3%), Synthesis: 5 (0.3%), Twister: 5 (0.3%), Vice Grip: 5 (0.3%), Thunder Shock: 5 (0.3%), Slam: 5 (0.3%), Swords Dance: 5 (0.3%), Teeter Dance: 5 (0.3%), Charge Beam: 5 (0.3%), Roost: 5 (0.3%), Hypnosis: 5 (0.3%), Leech Life: 4 (0.3%), Dig: 4 (0.3%), Barrier: 4 (0.3%), Feather Dance: 4 (0.3%), Sheer Cold: 4 (0.3%), Air Slash: 4 (0.3%), Mud Sport: 4 (0.3%), Endure: 4 (0.3%), Razor Leaf: 4 (0.3%), Psychic: 4 (0.3%), Amnesia: 4 (0.3%), Camouflage: 4 (0.3%), Crunch: 4 (0.3%), Fake Tears: 4 (0.3%), Bug Bite: 4 (0.3%), Magnitude: 4 (0.3%), Sonic Boom: 4 (0.3%), Light Screen: 3 (0.2%), Air Cutter: 3 (0.2%), Focus Energy: 3 (0.2%), Tailwind: 3 (0.2%), Withdraw: 3 (0.2%), Poison Jab: 3 (0.2%), Sunny Day: 3 (0.2%), Toxic Spikes: 3 (0.2%), Spikes: 3 (0.2%), Fire Spin: 3 (0.2%), Headbutt: 3 (0.2%), Petal Dance: 3 (0.2%), Mind Reader: 3 (0.2%), Acid Armor: 3 (0.2%), Dragon Dance: 3 (0.2%), Hyper Fang: 3 (0.2%), Pound: 3 (0.2%), Thrash: 3 (0.2%), Double Hit: 2 (0.1%), Captivate: 2 (0.1%), Mirror Move: 2 (0.1%), Wake Up Slap: 2 (0.1%), Magnet Bomb: 2 (0.1%), Reflect: 2 (0.1%), Lucky Chant: 2 (0.1%), Body Slam: 2 (0.1%), Rock Tomb: 2 (0.1%), Double Edge: 2 (0.1%), Sweet Kiss: 2 (0.1%), Fly: 2 (0.1%), Dragon Rush: 2 (0.1%), Wring Out: 2 (0.1%), Payback: 2 (0.1%), Silver Wind: 2 (0.1%), Aqua Tail: 2 (0.1%), Poison Fang: 2 (0.1%), Steel Wing: 2 (0.1%), Fire Fang: 2 (0.1%), Pay Day: 1 (0.1%), Flatter: 1 (0.1%), Egg Bomb: 1 (0.1%), Confuse Ray: 1 (0.1%), Aromatherapy: 1 (0.1%), Iron Tail: 1 (0.1%), Present: 1 (0.1%), Signal Beam: 1 (0.1%), Flash: 1 (0.1%), Super Fang: 1 (0.1%), Acupressure: 1 (0.1%), Seismic Toss: 1 (0.1%), Rain Dance: 1 (0.1%), Vine Whip: 1 (0.1%), Night Slash: 1 (0.1%), Glare: 1 (0.1%), Stone Edge: 1 (0.1%), Poison Sting: 1 (0.1%), Discharge: 1 (0.1%), Spider Web: 1 (0.1%), Ancient Power: 1 (0.1%), Whirlwind: 1 (0.1%), Waterfall: 1 (0.1%), Belly Drum: 1 (0.1%), Sludge Bomb: 1 (0.1%), Feint: 1 (0.1%), Endeavor: 1 (0.1%), Ember: 1 (0.1%), Muddy Water: 1 (0.1%), Guillotine: 1 (0.1%), Thunder: 1 (0.1%), Psybeam: 1 (0.1%)"
CLOYSTER,C+,Hazards,"Aurora Beam: 15902 (34.7%), Protect: 8907 (19.5%), Spike Cannon: 6490 (14.2%), Spikes: 3892 (8.5%), Supersonic: 3683 (8.0%), Ice Shard: 2308 (5.0%), Water Pulse: 2090 (4.6%), Attract: 957 (2.1%), Toxic Spikes: 806 (1.8%), Withdraw: 731 (1.6%), Struggle: 16 (0.0%)",8568,6142,1.39,2308,1.77,5.71,2.73,2451,2413,1566,1213,3.31,10094,"Koffing: 244, Rattata: 204, Zubat: 189","Qwilfish: 145, Magnemite: 139, Magmar: 138",0,"Damage: 1834, Status: 469, Hazard: 644, Weather: 0, Cleric: 0, Screen: 0, Pass: 0",None
CORSOLA,E+,Attacker,"Bubble: 11174 (31.3%), Harden: 6662 (18.6%), Recover: 5241 (14.7%), Bubble Beam: 3286 (9.2%), Ancient Power: 3276 (9.2%), Rock Blast: 2889 (8.1%), Lucky Chant: 1756 (4.9%), Refresh: 1212 (3.4%), Aqua Ring: 220 (0.6%), Struggle: 23 (0.1%)",3158,4008,0.79,154,0.83,13.36,9.53,1286,2360,1759,1367,1.58,3016,"Rattata: 114, Magikarp: 112, Magnemite: 69","Seaking: 111, Quagsire: 101, Magnemite: 91",0,"Damage: 154, Status: 0, Hazard: 0, Weather: 0, Cleric: 0, Screen: 0, Pass: 0",None
CROAGUNK,D+,Disrupter,"Poison Jab: 1957 (28.4%), Sludge Bomb: 1861 (27.0%), Nasty Plot: 1738 (25.2%), Flatter: 1332 (19.3%)",1166,1119,1.04,214,1.23,4.98,2.26,215,177,278,719,4.17,1642,"Magikarp: 54, Bellsprout: 43, Seaking: 41","Koffing: 27, Graveler: 27, Golbat: 22",0,"Damage: 208, Status: 194, Hazard: 0, Weather: 0, Cleric: 0, Screen: 0, Pass: 0",None
CROBAT,S-,All-Rounder,"Wing Attack: 5651 (21.7%), Air Cutter: 4996 (19.1%), Confuse Ray: 3323 (12.7%), Poison Fang: 2022 (7.7%), Cross Poison: 1354 (5.2%), Bite: 1312 (5.0%), Heat Wave: 1310 (5.0%), Fly: 1243 (4.8%), Screech: 1165 (4.5%), Mean Look: 991 (3.8%), Supersonic: 919 (3.5%), U Turn: 853 (3.3%), Toxic: 504 (1.9%), Double Team: 385 (1.5%), Quick Attack: 73 (0.3%)",6003,2124,2.83,2652,4.07,5.61,2.04,1441,1677,1682,820,5.19,5950,"Butterfree: 167, Rattata: 104, Magikarp: 99","Alakazam: 93, Magneton: 70, Gyarados: 68",0,"Damage: 2400, Status: 1231, Hazard: 0, Weather: 0, Cleric: 0, Screen: 0, Pass: 0",None
CROCONAW,D+,All-Rounder,"Scary Face: 5757 (54.4%), Bite: 2362 (22.3%), Water Gun: 1774 (16.8%), Ice Fang: 587 (5.5%), Rage: 100 (0.9%)",1528,1586,0.96,454,1.25,6.08,2.97,290,961,452,556,-2.04,2332,"Graveler: 95, Geodude: 45, Voltorb: 42","Magnemite: 52, Seaking: 44, Seadra: 37",0,"Damage: 454, Status: 7, Hazard: 0, Weather: 0, Cleric: 0, Screen: 0, Pass: 0",None
CUBONE,E,Attacker,"Thrash: 1878 (21.9%), Headbutt: 1745 (20.4%), Bone Club: 1182 (13.8%), Rage: 941 (11.0%), False Swipe: 899 (10.5%), Focus Energy: 779 (9.1%), Bonemerang: 633 (7.4%), Leer: 511 (6.0%)",1257,1995,0.63,164,0.71,5.24,2.68,719,528,413,437,6.45,2572,"Magnemite: 64, Zubat: 52, Beedrill: 43","Koffing: 45, Seaking: 44, Butterfree: 42",0,"Damage: 164, Status: 0, Hazard: 0, Weather: 0, Cleric: 0, Screen: 0, Pass: 0",None
CYNDAQUIL,F-,Attacker,"Tackle: 5546 (36.0%), Leer: 5273 (34.2%), Smoke Screen: 4579 (29.7%), Struggle: 16 (0.1%)",377,2625,0.14,51,0.16,6.51,2.73,280,982,3574,0,15.13,2752,"Magikarp: 102, Caterpie: 19, Bellsprout: 16","Rattata: 59, Koffing: 53, Sneasel: 36",0,"Damage: 51, Status: 0, Hazard: 0, Weather: 0, Cleric: 0, Screen: 0, Pass: 0",None
DELCATTY,E+,Passer,"Assist: 84 (38.9%), Calm Mind: 75 (34.7%), Fake Out: 49 (22.7%), Baton Pass: 8 (3.7%)",15,60,0.25,36,0.85,5.64,2.08,8,14,17,46,5.71,72,"Alakazam: 4, Dragonite: 1, Relicanth: 1","Alakazam: 8, Gengar: 7, Espeon: 5",0,"Damage: 18, Status: 1, Hazard: 0, Weather: 0, Cleric: 0, Screen: 0, Pass: 18",None
DELIBIRD,F+,Attacker,"Present: 7254 (66.3%), Aerial Ace: 1910 (17.4%), Avalanche: 1577 (14.4%), Struggle: 207 (1.9%)",1089,2543,0.43,56,0.45,4.36,2.47,582,1549,518,0,-3.92,2935,"Magikarp: 63, Rattata: 42, Zubat: 37","Koffing: 54, Rattata: 42, Magnemite: 42",0,"Damage: 56, Status: 0, Hazard: 0, Weather: 0, Cleric: 0, Screen: 0, Pass: 0",None
DEWGONG,B,Attacker,"Ice Shard: 13158 (19.6%), Dive: 12456 (18.6%), Rest: 9161 (13.7%), Aurora Beam: 6689 (10.0%), Take Down: 4715 (7.0%), Sheer Cold: 3484 (5.2%), Brine: 3274 (4.9%), Ice Beam: 3224 (4.8%), Aqua Ring: 3014 (4.5%), Aqua Tail: 2809 (4.2%), Encore: 2397 (3.6%), Safeguard: 1349 (2.0%), Sleep Talk: 1109 (1.7%), Struggle: 168 (0.3%)",9690,5465,1.77,1312,2.01,9.42,5.43,2323,5271,7992,675,6.68,9726,"Rattata: 261, Butterfree: 237, Zubat: 184","Qwilfish: 113, Magnemite: 111, Seaking: 106",0,"Damage: 1312, Status: 30, Hazard: 0, Weather: 0, Cleric: 0, Screen: 0, Pass: 0",None
DIGLETT,F+,All-Rounder,"Sand Attack: 6429 (23.6%), Growl: 5158 (18.9%), Scratch: 4390 (16.1%), Astonish: 3645 (13.4%), Magnitude: 3216 (11.8%), Sucker Punch: 2881 (10.6%), Dig: 833 (3.1%), Earth Power: 470 (1.7%), Mud Slap: 200 (0.7%), Struggle: 30 (0.1%)",1577,6933,0.23,1495,0.44,5.98,1.98,771,1100,4846,1143,14.07,6165,"Magikarp: 153, Magnemite: 85, Voltorb: 80","Koffing: 157, Rattata: 153, Seaking: 109",10,"Damage: 1495, Status: 0, Hazard: 0, Weather: 0, Cleric: 0, Screen: 0, Pass: 0",None
DITTO,F-,All-Rounder,"Transform: 4787 (99.9%), Struggle: 4 (0.1%)",0,957,0.0,205,0.21,1.77,0.56,0,0,292,0,5.74,5709,None,"Magmar: 93, Butterfree: 89, Golbat: 87",0,"Damage: 194, Status: 59, Hazard: 0, Weather: 0, Cleric: 0, Screen: 0, Pass: 0",None
DODRIO,D-,Attacker,"Tri Attack: 3868 (26.6%), Uproar: 3608 (24.8%), Acupressure: 3567 (24.5%), Pursuit: 1959 (13.5%), Agility: 1531 (10.5%)",2317,2688,0.86,239,0.95,6.56,3.42,489,283,1241,0,9.17,2768,"Magnemite: 62, Koffing: 62, Rattata: 59","Magnemite: 86, Seaking: 72, Graveler: 68",0,"Damage: 239, Status: 0, Hazard: 0, Weather: 0, Cleric: 0, Screen: 0, Pass: 0",None
DODUO,F+,Defender,"Double Hit: 5237 (14.9%), Uproar: 5163 (14.7%), Acupressure: 5084 (14.5%), Quick Attack: 4256 (12.1%), Fury Attack: 3516 (10.0%), Growl: 3512 (10.0%), Rage: 3499 (10.0%), Agility: 2516 (7.2%), Pursuit: 2312 (6.6%)",3072,8675,0.35,1734,0.55,8.7,4.76,1639,1697,2664,0,6.9,4801,"Magikarp: 165, Rattata: 113, Pidgey: 79","Seaking: 180, Koffing: 172, Magnemite: 169",3,"Damage: 1734, Status: 0, Hazard: 0, Weather: 0, Cleric: 0, Screen: 0, Pass: 0",None
DRAGONAIR,A,All-Rounder,"Aqua Tail: 6014 (23.5%), Slam: 4652 (18.2%), Thunder: 3084 (12.1%), Iron Tail: 1972 (7.7%), Dragon Rush: 1871 (7.3%), Agility: 1574 (6.2%), Surf: 1329 (5.2%), Thunder Wave: 1175 (4.6%), Dragon Rage: 1132 (4.4%), Dragon Pulse: 980 (3.8%), Thunderbolt: 904 (3.5%), Flamethrower: 541 (2.1%), Fire Blast: 341 (1.3%)",7165,2934,2.44,1197,2.85,4.76,2.23,1081,4200,1074,508,-7.64,6462,"Magnemite: 161, Magikarp: 160, Seaking: 142","Gyarados: 79, Golbat: 67, Weezing: 63",0,"Damage: 1017, Status: 431, Hazard: 0, Weather: 0, Cleric: 0, Screen: 0, Pass: 0",None
DRAGONITE,S-,Attacker,"Fly: 6844 (61.7%), Thunder: 2165 (19.5%), Dragon Rush: 461 (4.2%), Twister: 355 (3.2%), Draco Meteor: 220 (2.0%), Safeguard: 179 (1.6%), Outrage: 173 (1.6%), Dragon Breath: 133 (1.2%), Protect: 119 (1.1%), Hyper Beam: 117 (1.1%), Fire Punch: 105 (0.9%), Fire Blast: 81 (0.7%), Thunder Wave: 75 (0.7%), Blizzard: 60 (0.5%), Struggle: 7 (0.1%)",3630,641,5.66,242,6.04,5.96,1.69,385,1242,2923,43,14.73,2120,"Koffing: 82, Seaking: 78, Magikarp: 59","Lapras: 30, Graveler: 23, Gengar: 22",3,"Damage: 239, Status: 21, Hazard: 0, Weather: 0, Cleric: 0, Screen: 0, Pass: 0",None
DRAPION,A-,Disrupter,"Crunch: 277 (53.8%), Swords Dance: 102 (19.8%), Cross Poison: 80 (15.5%), Confuse Ray: 56 (10.9%)",196,85,2.31,27,2.62,4.93,1.72,23,25,20,34,4.84,149,"Alakazam: 20, Haunter: 14, Xatu: 14","Magneton: 9, Gengar: 6, Typhlosion: 5",0,"Damage: 22, Status: 15, Hazard: 0, Weather: 0, Cleric: 0, Screen: 0, Pass: 0",None
DRATINI,D+,All-Rounder,"Dragon Rush: 8858 (39.5%), Headbutt: 2794 (12.5%), Agility: 2596 (11.6%), Twister: 2123 (9.5%), Aqua Tail: 2068 (9.2%), Thunderbolt: 1892 (8.4%), Thunder Wave: 984 (4.4%), Slam: 899 (4.0%), Surf: 214 (1.0%)",4634,4896,0.95,1213,1.19,4.75,2.95,1074,3102,977,1706,-4.45,4766,"Magikarp: 166, Rattata: 125, Zubat: 104","Graveler: 129, Koffing: 105, Seaking: 98",1,"Damage: 1211, Status: 15, Hazard: 0, Weather: 0, Cleric: 0, Screen: 0, Pass: 0",None
DRIFBLIM,S,All-Rounder,"Shadow Ball: 2643 (44.7%), Thunderbolt: 2196 (37.2%), Substitute: 748 (12.7%), Destiny Bond: 324 (5.5%)",2245,316,7.1,360,8.24,4.89,1.16,321,106,194,394,6.77,1378,"Koffing: 56, Magikarp: 56, Rattata: 52","Sneasel: 23, Golem: 15, Electrode: 11",0,"Damage: 360, Status: 15, Hazard: 0, Weather: 0, Cleric: 0, Screen: 0, Pass: 0",None
DROWZEE,D+,Defender,"Hypnosis: 11165 (27.8%), Confusion: 8844 (22.1%), Disable: 7926 (19.8%), Dream Eater: 6431 (16.0%), Headbutt: 5721 (14.3%), Struggle: 5 (0.0%)",4211,4856,0.87,1548,1.19,7.19,2.86,1240,7189,1279,2116,-11.24,6426,"Magikarp: 213, Koffing: 126, Rattata: 118","Zubat: 84, Seaking: 83, Raticate: 82",0,"Damage: 1500, Status: 813, Hazard: 0, Weather: 0, Cleric: 0, Screen: 0, Pass: 0",None
DUGTRIO,C-,All-Rounder,"Slash: 7056 (19.2%), Sucker Punch: 5495 (14.9%), Earth Power: 4796 (13.0%), Dig: 3654 (9.9%), Sand Attack: 3585 (9.7%), Mud Bomb: 3374 (9.2%), Growl: 2431 (6.6%), Magnitude: 1625 (4.4%), Sand Tomb: 1601 (4.3%), Earthquake: 1272 (3.5%), Night Slash: 618 (1.7%), Fissure: 580 (1.6%), Astonish: 515 (1.4%), Mud Slap: 208 (0.6%), Struggle: 14 (0.0%)",7737,7083,1.09,1869,1.36,4.14,1.57,1961,2325,5977,1128,13.14,11624,"Magnemite: 240, Voltorb: 156, Rattata: 154","Seaking: 189, Gyarados: 144, Graveler: 140",11,"Damage: 1869, Status: 0, Hazard: 0, Weather: 0, Cleric: 0, Screen: 0, Pass: 0",None
DUNSPARCE,E+,Attacker / Disrupter,"Defense Curl: 13142 (42.8%), Rollout: 12150 (39.5%), Glare: 2738 (8.9%), Yawn: 2693 (8.8%), Struggle: 6 (0.0%)",2192,2902,0.76,106,0.79,17.95,10.03,614,2703,1199,0,-2.79,1693,"Magikarp: 59, Rattata: 54, Magnemite: 50","Magnemite: 63, Quagsire: 56, Koffing: 53",0,"Damage: 56, Status: 95, Hazard: 0, Weather: 0, Cleric: 0, Screen: 0, Pass: 0",None
DUSKNOIR,A-,Defender,"Payback: 593 (57.5%), Will O Wisp: 168 (16.3%), Pain Split: 160 (15.5%), Substitute: 111 (10.8%)",177,120,1.48,135,2.6,6.69,2.65,23,99,61,0,-1.37,242,"Starmie: 10, Jynx: 8, Venomoth: 8","Magneton: 13, Espeon: 5, Gengar: 5",0,"Damage: 108, Status: 73, Hazard: 0, Weather: 0, Cleric: 0, Screen: 0, Pass: 0",None
EEVEE,C+,All-Rounder,"Quick Attack: 4586 (61.6%), Sand Attack: 1620 (21.8%), Growl: 1025 (13.8%), Helping Hand: 209 (2.8%)",598,953,0.63,949,1.62,6.26,2.58,267,193,1167,0,14.42,1421,"Magikarp: 54, Rattata: 35, Zubat: 20","Quagsire: 28, Koffing: 25, Sneasel: 20",0,"Damage: 949, Status: 0, Hazard: 0, Weather: 0, Cleric: 0, Screen: 0, Pass: 0",None
EKANS,E,Defender,"Bite: 6846 (28.5%), Acid: 3334 (13.9%), Leer: 3110 (13.0%), Screech: 3107 (12.9%), Wrap: 3044 (12.7%), Poison Sting: 2920 (12.2%), Glare: 1637 (6.8%)",1852,4782,0.39,1667,0.74,6.75,3.54,920,2304,1037,2540,-1.68,4523,"Magikarp: 97, Rattata: 79, Bellsprout: 61","Koffing: 111, Sneasel: 72, Gyarados: 72",0,"Damage: 1631, Status: 632, Hazard: 0, Weather: 0, Cleric: 0, Screen: 0, Pass: 0",None
ELECTABUZZ,A+,All-Rounder,"Discharge: 4829 (21.1%), Light Screen: 4697 (20.5%), Thunder Punch: 3992 (17.5%), Thunderbolt: 3955 (17.3%), Shock Wave: 2197 (9.6%), Swift: 1285 (5.6%), Quick Attack: 1026 (4.5%), Thunder Wave: 445 (1.9%), Screech: 329 (1.4%), Low Kick: 103 (0.5%)",7553,2576,2.93,1834,3.64,4.1,1.66,1105,1439,935,1417,2.56,6673,"Koffing: 235, Seaking: 200, Rattata: 179","Graveler: 148, Quagsire: 142, Magmar: 68",1,"Damage: 1659, Status: 686, Hazard: 0, Weather: 0, Cleric: 0, Screen: 117, Pass: 0",None
ELECTIVIRE,S-,All-Rounder,"Cross Chop: 262 (31.2%), Earthquake: 231 (27.5%), Ice Punch: 179 (21.3%), Thunderbolt: 167 (19.9%)",402,105,3.83,68,4.48,4.48,1.38,56,83,26,19,0.03,281,"Quagsire: 20, Magneton: 15, Dragonite: 14","Gengar: 10, Quagsire: 9, Typhlosion: 5",0,"Damage: 68, Status: 5, Hazard: 0, Weather: 0, Cleric: 0, Screen: 0, Pass: 0",None
ELECTRIKE,E-,All-Rounder,"Thunder Fang: 796 (33.7%), Shock Wave: 788 (33.4%), Roar: 491 (20.8%), Thunder Wave: 284 (12.0%)",304,756,0.4,156,0.61,4.43,1.68,86,81,108,121,5.07,922,"Rattata: 17, Butterfree: 11, Seaking: 11","Magmar: 33, Raticate: 19, Quagsire: 18",0,"Damage: 138, Status: 61, Hazard: 0, Weather: 0, Cleric: 0, Screen: 0, Pass: 0",None
ELECTRODE,C,All-Rounder,"Swift: 9677 (17.0%), Thunder: 8442 (14.8%), Charge Beam: 8226 (14.5%), Rollout: 5341 (9.4%), Screech: 4623 (8.1%), Shock Wave: 4207 (7.4%), Double Team: 3573 (6.3%), Light Screen: 2626 (4.6%), Magnet Rise: 2365 (4.2%), Rain Dance: 1970 (3.5%), Mirror Coat: 1593 (2.8%), Charge: 1409 (2.5%), Explosion: 1081 (1.9%), Thunder Wave: 612 (1.1%), Selfdestruct: 580 (1.0%), Sonic Boom: 308 (0.5%), Thunderbolt: 242 (0.4%)",11237,8677,1.3,2061,1.53,6.11,2.94,1993,4970,4171,4974,2.04,10589,"Seaking: 274, Koffing: 257, Rattata: 246","Graveler: 256, Quagsire: 244, Magmar: 178",29,"Damage: 1983, Status: 299, Hazard: 0, Weather: 0, Cleric: 0, Screen: 18, Pass: 0",None
EMPOLEON,S-,Attacker,"Hydro Pump: 321 (47.6%), Blizzard: 166 (24.6%), Aqua Jet: 95 (14.1%), Roar: 92 (13.6%)",351,92,3.82,27,4.11,5.33,2.22,20,95,20,0,-7.93,227,"Magmar: 25, Magneton: 17, Sandslash: 15","Magneton: 16, Gengar: 6, Machamp: 6",0,"Damage: 27, Status: 0, Hazard: 0, Weather: 0, Cleric: 0, Screen: 0, Pass: 0",None
ESPEON,S,Attacker,"Psychic: 6842 (45.6%), Psybeam: 3478 (23.2%), Swift: 1516 (10.1%), Shadow Ball: 895 (6.0%), Calm Mind: 734 (4.9%), Confusion: 696 (4.6%), Quick Attack: 660 (4.4%), Skill Swap: 144 (1.0%), Psych Up: 20 (0.1%), Last Resort: 11 (0.1%), Baton Pass: 2 (0.0%)",8365,1064,7.86,257,8.1,3.58,1.14,872,157,356,456,6.8,4615,"Koffing: 217, Magikarp: 173, Rattata: 156","Sneasel: 68, Gyarados: 47, Magmar: 34",0,"Damage: 249, Status: 77, Hazard: 0, Weather: 0, Cleric: 0, Screen: 0, Pass: 1",None
EXEGGCUTE,D+,Disrupter,"Psychic: 5616 (38.3%), Hypnosis: 2782 (19.0%), Confusion: 2026 (13.8%), Dream Eater: 1516 (10.3%), Sleep Powder: 887 (6.1%), Stun Spore: 642 (4.4%), Leech Seed: 461 (3.1%), Solar Beam: 252 (1.7%), Barrage: 247 (1.7%), Skill Swap: 144 (1.0%), Grass Knot: 42 (0.3%), Poison Powder: 35 (0.2%)",3159,3403,0.93,856,1.18,6.0,2.96,578,1960,688,430,-4.62,3316,"Seaking: 80, Koffing: 67, Magnemite: 63","Sneasel: 156, Magmar: 153, Butterfree: 114",11,"Damage: 727, Status: 623, Hazard: 0, Weather: 0, Cleric: 0, Screen: 0, Pass: 0",None
EXEGGUTOR,A+,Attacker,"Egg Bomb: 4795 (18.8%), Psychic: 4492 (17.6%), Giga Drain: 3453 (13.6%), Hypnosis: 3255 (12.8%), Leaf Storm: 2744 (10.8%), Light Screen: 1704 (6.7%), Wood Hammer: 1676 (6.6%), Confusion: 1132 (4.4%), Stomp: 1121 (4.4%), Trick Room: 832 (3.3%), Reflect: 117 (0.5%), Explosion: 70 (0.3%), Dream Eater: 69 (0.3%)",9239,2680,3.45,610,3.67,4.73,2.13,1082,3378,984,171,-4.98,6826,"Seaking: 233, Koffing: 221, Rattata: 214","Butterfree: 102, Magmar: 101, Golbat: 78",1,"Damage: 592, Status: 120, Hazard: 0, Weather: 0, Cleric: 0, Screen: 7, Pass: 0",None
FARFETCHD,D,Attacker,"Night Slash: 12587 (25.2%), Air Slash: 11053 (22.2%), Agility: 8503 (17.1%), Swords Dance: 6981 (14.0%), Feint: 5798 (11.6%), False Swipe: 3026 (6.1%), Air Cutter: 1904 (3.8%)",8681,9442,0.92,995,1.02,5.92,3.38,2937,1196,2196,2053,7.54,9616,"Magikarp: 330, Rattata: 304, Butterfree: 206","Magnemite: 219, Graveler: 215, Seaking: 203",0,"Damage: 995, Status: 0, Hazard: 0, Weather: 0, Cleric: 0, Screen: 0, Pass: 0",None
FEAROW,D+,Defender,"Assurance: 23720 (24.8%), Mirror Move: 20080 (21.0%), Agility: 19587 (20.5%), Aerial Ace: 13535 (14.2%), Roost: 9154 (9.6%), Drill Peck: 4748 (5.0%), Pursuit: 2042 (2.1%), Leer: 1354 (1.4%), Fury Attack: 1313 (1.4%), Struggle: 50 (0.1%)",12640,12909,0.98,3441,1.25,6.63,3.57,3389,1647,4019,623,5.77,16977,"Rattata: 472, Magikarp: 334, Zubat: 314","Koffing: 308, Magnemite: 301, Seaking: 286",0,"Damage: 3428, Status: 114, Hazard: 0, Weather: 0, Cleric: 0, Screen: 0, Pass: 0",None
FERALIGATR,S-,All-Rounder,"Aqua Tail: 2658 (28.4%), Crunch: 2123 (22.7%), Slash: 1391 (14.8%), Ice Fang: 1211 (12.9%), Waterfall: 1125 (12.0%), Thrash: 599 (6.4%), Water Gun: 265 (2.8%)",4206,851,4.94,637,5.69,4.61,1.86,648,571,356,492,4.64,2691,"Magnemite: 137, Magmar: 129, Graveler: 89","Magneton: 47, Gengar: 31, Starmie: 27",0,"Damage: 637, Status: 9, Hazard: 0, Weather: 0, Cleric: 0, Screen: 0, Pass: 0",None
FLAAFFY,C,Disrupter,"Charge: 7794 (19.9%), Discharge: 6804 (17.3%), Tackle: 4514 (11.5%), Thunder Wave: 4433 (11.3%), Signal Beam: 4247 (10.8%), Thunder Shock: 3555 (9.1%), Double Team: 1632 (4.2%), Cotton Spore: 1419 (3.6%), Light Screen: 1366 (3.5%), Shock Wave: 1210 (3.1%), Charge Beam: 1161 (3.0%), Growl: 1086 (2.8%), Struggle: 2 (0.0%)",6000,4596,1.31,1149,1.56,6.93,3.25,1292,1610,2389,2217,5.01,7150,"Magikarp: 171, Rattata: 162, Koffing: 153","Graveler: 116, Quagsire: 102, Seaking: 93",2,"Damage: 936, Status: 851, Hazard: 0, Weather: 0, Cleric: 0, Screen: 0, Pass: 0",None
FLAREON,A-,Attacker,"Quick Attack: 6921 (25.6%), Fire Blast: 4848 (17.9%), Bite: 4006 (14.8%), Fire Spin: 2777 (10.3%), Ember: 2710 (10.0%), Fire Fang: 1747 (6.5%), Sand Attack: 1586 (5.9%), Will O Wisp: 1325 (4.9%), Overheat: 532 (2.0%), Last Resort: 413 (1.5%), Helping Hand: 133 (0.5%), Attract: 36 (0.1%)",8393,3688,2.28,1133,2.58,4.57,1.95,1323,2898,1849,1309,1.05,7790,"Magnemite: 268, Butterfree: 249, Koffing: 229","Quagsire: 101, Gyarados: 96, Graveler: 95",3,"Damage: 1106, Status: 331, Hazard: 0, Weather: 0, Cleric: 0, Screen: 0, Pass: 0",None
FLOATZEL,B-,All-Rounder,"Waterfall: 117 (65.4%), Ice Fang: 57 (31.8%), Agility: 4 (2.2%), Baton Pass: 1 (0.6%)",48,38,1.26,24,1.89,5.0,1.45,7,11,8,27,4.92,56,"Gengar: 5, Machamp: 4, Dragonite: 3","Rhyperior: 3, Gengar: 3, Crobat: 2",0,"Damage: 24, Status: 2, Hazard: 0, Weather: 0, Cleric: 0, Screen: 0, Pass: 0",None
FORRETRESS,C-,Hazards,"Swift: 703 (49.7%), Protect: 446 (31.5%), Toxic Spikes: 231 (16.3%), Explosion: 34 (2.4%)",125,193,0.65,127,1.31,7.79,3.59,50,2,70,0,7.95,268,"Magnemite: 16, Magneton: 5, Alakazam: 5","Alakazam: 17, Magneton: 14, Magmar: 11",0,"Damage: 79, Status: 0, Hazard: 53, Weather: 0, Cleric: 0, Screen: 0, Pass: 0",None
FROSLASS,C+,All-Rounder,"Blizzard: 132 (48.5%), Ice Shard: 89 (32.7%), Confuse Ray: 38 (14.0%), Attract: 13 (4.8%)",74,68,1.09,44,1.74,4.32,1.41,11,4,28,0,11.67,98,"Salamence: 7, Alakazam: 6, Dragonite: 5","Gengar: 15, Charizard: 8, Feraligatr: 4",0,"Damage: 39, Status: 21, Hazard: 0, Weather: 0, Cleric: 0, Screen: 0, Pass: 0",None
FURRET,C-,Passer,"Slam: 6747 (23.5%), Follow Me: 5037 (17.5%), Double Team: 4868 (16.9%), Rest: 4493 (15.6%), Sucker Punch: 4181 (14.6%), Amnesia: 2422 (8.4%), Baton Pass: 954 (3.3%), Struggle: 27 (0.1%)",2057,3220,0.64,2411,1.39,8.79,4.23,470,1862,4369,0,8.99,4826,"Rattata: 137, Magikarp: 76, Pikachu: 69","Koffing: 68, Magmar: 64, Seaking: 58",0,"Damage: 1047, Status: 0, Hazard: 0, Weather: 0, Cleric: 0, Screen: 0, Pass: 1364",None
GALLADE,A,All-Rounder,"Stone Edge: 128 (39.4%), Close Combat: 71 (21.8%), Psycho Cut: 64 (19.7%), Night Slash: 62 (19.1%)",186,76,2.45,31,2.86,3.87,1.57,29,24,8,0,3.9,145,"Magmar: 14, Sneasel: 8, Flareon: 8","Gengar: 7, Dragonite: 4, Crobat: 4",0,"Damage: 31, Status: 0, Hazard: 0, Weather: 0, Cleric: 0, Screen: 0, Pass: 0",None
GARCHOMP,S+,Attacker,"Outrage: 207 (54.5%), Earthquake: 130 (34.2%), Swords Dance: 32 (8.4%), Roar: 11 (2.9%)",258,26,9.92,15,10.5,4.8,1.67,22,10,13,0,6.36,126,"Graveler: 10, Magneton: 8, Magmar: 7","Walrein: 4, Gyarados: 2, Dewgong: 2",0,"Damage: 15, Status: 0, Hazard: 0, Weather: 0, Cleric: 0, Screen: 0, Pass: 0",None
GARDEVOIR,A-,Attacker,"Focus Blast: 163 (37.7%), Psychic: 151 (35.0%), Calm Mind: 77 (17.8%), Charge Beam: 41 (9.5%)",201,78,2.58,18,2.81,4.47,1.77,13,63,21,32,-6.51,160,"Magnemite: 8, Feraligatr: 7, Lickilicky: 6","Gengar: 9, Sneasel: 5, Haunter: 5",0,"Damage: 18, Status: 0, Hazard: 0, Weather: 0, Cleric: 0, Screen: 0, Pass: 0",None
GASTLY,F+,Disrupter,"Spite: 16490 (29.0%), Mean Look: 13063 (23.0%), Curse: 11236 (19.8%), Night Shade: 5925 (10.4%), Lick: 5311 (9.3%), Confuse Ray: 4852 (8.5%), Struggle: 1 (0.0%)",2409,17081,0.14,5288,0.45,4.93,2.02,297,1204,2042,1267,1.92,14169,"Magikarp: 225, Koffing: 109, Gastly: 99","Graveler: 360, Seaking: 343, Magmar: 341",1,"Damage: 3482, Status: 3356, Hazard: 0, Weather: 0, Cleric: 0, Screen: 0, Pass: 0",None
GENGAR,A,All-Rounder,"Shadow Ball: 5106 (40.7%), Hypnosis: 1493 (11.9%), Sludge Bomb: 1406 (11.2%), Mean Look: 934 (7.4%), Confuse Ray: 863 (6.9%), Sucker Punch: 779 (6.2%), Focus Blast: 707 (5.6%), Dark Pulse: 340 (2.7%), Spite: 207 (1.6%), Thunderbolt: 175 (1.4%), Lick: 131 (1.0%), Destiny Bond: 129 (1.0%), Struggle: 96 (0.8%), Curse: 94 (0.7%), Substitute: 86 (0.7%)",3854,1489,2.59,737,3.08,5.67,1.51,482,1089,326,719,-1.93,3087,"Starmie: 110, Magmar: 77, Graveler: 75","Alakazam: 108, Gengar: 51, Gyarados: 47",1,"Damage: 662, Status: 362, Hazard: 0, Weather: 0, Cleric: 0, Screen: 0, Pass: 0",None
GEODUDE,F+,Defender,"Defense Curl: 27859 (31.2%), Rock Polish: 18217 (20.4%), Rock Throw: 15071 (16.9%), Mud Sport: 9389 (10.5%), Tackle: 7715 (8.6%), Magnitude: 6237 (7.0%), Selfdestruct: 3163 (3.5%), Rollout: 1522 (1.7%), Rock Blast: 131 (0.1%), Struggle: 96 (0.1%)",8982,19660,0.46,1959,0.56,7.58,4.81,1830,4209,4563,0,2.32,14004,"Rattata: 407, Magikarp: 365, Pidgey: 259","Butterfree: 345, Gyarados: 307, Seaking: 300",28,"Damage: 1959, Status: 0, Hazard: 0, Weather: 0, Cleric: 0, Screen: 0, Pass: 0",None
GIRAFARIG,A+,Attacker,"Psybeam: 5303 (35.0%), Psychic: 3753 (24.8%), Stomp: 2122 (14.0%), Calm Mind: 1098 (7.2%), Skill Swap: 786 (5.2%), Shadow Ball: 646 (4.3%), Agility: 465 (3.1%), Crunch: 331 (2.2%), Double Hit: 319 (2.1%), Assurance: 299 (2.0%), Baton Pass: 38 (0.3%)",6077,1927,3.15,454,3.39,4.0,1.64,782,346,464,444,5.39,4714,"Koffing: 186, Rattata: 134, Seaking: 131","Sneasel: 94, Butterfree: 75, Magmar: 71",0,"Damage: 397, Status: 47, Hazard: 0, Weather: 0, Cleric: 0, Screen: 0, Pass: 57",None
GLALIE,B-,All-Rounder,"Blizzard: 152 (61.5%), Payback: 61 (24.7%), Torment: 27 (10.9%), Attract: 7 (2.8%)",87,64,1.36,34,1.89,4.33,1.83,16,6,14,0,9.2,101,"Crobat: 8, Alakazam: 6, Gengar: 6","Gyarados: 6, Gengar: 5, Machamp: 4",0,"Damage: 34, Status: 0, Hazard: 0, Weather: 0, Cleric: 0, Screen: 0, Pass: 0",None
GLOOM,C,Disrupter,"Mega Drain: 45398 (44.1%), Stun Spore: 14061 (13.7%), Lucky Chant: 12213 (11.9%), Sleep Powder: 11887 (11.5%), Sweet Scent: 5582 (5.4%), Absorb: 4834 (4.7%), Sludge Bomb: 2826 (2.7%), Poison Powder: 2337 (2.3%), Drain Punch: 1592 (1.5%), Toxic: 766 (0.7%), Acid: 759 (0.7%), Natural Gift: 553 (0.5%), Struggle: 197 (0.2%)",10167,8838,1.15,3812,1.58,9.67,4.32,3279,10085,3928,532,-2.7,12500,"Magikarp: 350, Seaking: 349, Rattata: 322","Magmar: 232, Golbat: 225, Gyarados: 168",7,"Damage: 3494, Status: 2815, Hazard: 0, Weather: 0, Cleric: 0, Screen: 0, Pass: 0",None
GOLBAT,B+,Disrupter,"Air Cutter: 25504 (27.4%), Bite: 14196 (15.3%), Poison Fang: 12428 (13.4%), Confuse Ray: 11771 (12.7%), Wing Attack: 10764 (11.6%), Mean Look: 6482 (7.0%), Astonish: 5604 (6.0%), Air Slash: 3543 (3.8%), Supersonic: 2058 (2.2%), Haze: 520 (0.6%), Leech Life: 124 (0.1%), Struggle: 2 (0.0%)",18625,10686,1.74,6675,2.37,5.76,2.45,5861,4502,3351,7962,4.93,20049,"Butterfree: 439, Rattata: 421, Koffing: 400","Graveler: 420, Magnemite: 281, Seaking: 248",0,"Damage: 6250, Status: 3732, Hazard: 0, Weather: 0, Cleric: 0, Screen: 0, Pass: 0",None
GOLDEEN,E+,Defender,"Water Pulse: 17887 (21.1%), Flail: 16904 (20.0%), Horn Attack: 13570 (16.0%), Fury Attack: 8844 (10.5%), Supersonic: 8702 (10.3%), Peck: 6027 (7.1%), Aqua Ring: 5775 (6.8%), Waterfall: 3121 (3.7%), Tail Whip: 2758 (3.3%), Water Sport: 984 (1.2%), Struggle: 22 (0.0%)",8252,17927,0.46,6325,0.81,6.99,3.96,4505,7738,3881,3175,0.62,14994,"Magikarp: 428, Rattata: 275, Zubat: 214","Magnemite: 352, Butterfree: 352, Koffing: 351",2,"Damage: 6230, Status: 1998, Hazard: 0, Weather: 0, Cleric: 0, Screen: 0, Pass: 0",None
GOLDUCK,B+,All-Rounder,"Water Pulse: 16762 (23.1%), Zen Headbutt: 13878 (19.1%), Screech: 9001 (12.4%), Confusion: 7322 (10.1%), Disable: 5677 (7.8%), Amnesia: 5114 (7.1%), Fury Swipes: 3554 (4.9%), Psychic: 3491 (4.8%), Blizzard: 3078 (4.2%), Psych Up: 2283 (3.1%), Hydro Pump: 1777 (2.5%), Aqua Jet: 540 (0.7%), Struggle: 2 (0.0%)",15257,7880,1.94,4448,2.5,5.68,2.98,3014,7675,3128,4416,-2.07,15578,"Koffing: 500, Magikarp: 378, Rattata: 374","Seaking: 213, Magnemite: 162, Gyarados: 156",0,"Damage: 4448, Status: 745, Hazard: 0, Weather: 0, Cleric: 0, Screen: 0, Pass: 0",None
GOLEM,C-,Attacker,"Roar: 4719 (17.3%), Rollout: 3355 (12.3%), Earthquake: 3261 (12.0%), Rock Slide: 3064 (11.2%), Explosion: 3012 (11.0%), Sandstorm: 2679 (9.8%), Double Edge: 2363 (8.7%), Rock Blast: 1401 (5.1%), Selfdestruct: 1254 (4.6%), Magnitude: 882 (3.2%), Stone Edge: 706 (2.6%), Rock Polish: 374 (1.4%), Rock Throw: 191 (0.7%), Struggle: 13 (0.0%)",10740,8291,1.3,824,1.39,3.37,1.57,1169,1727,1270,303,2.47,12628,"Magmar: 251, Koffing: 197, Magnemite: 194","Golduck: 157, Seaking: 137, Quagsire: 115",11,"Damage: 671, Status: 0, Hazard: 0, Weather: 390, Cleric: 0, Screen: 0, Pass: 0",None
GRANBULL,C,Attacker,"Take Down: 5639 (28.5%), Rage: 5410 (27.3%), Roar: 3433 (17.3%), Headbutt: 3293 (16.6%), Payback: 2018 (10.2%)",4483,2942,1.52,135,1.57,5.25,2.86,880,1308,921,537,2.23,4798,"Magikarp: 139, Rattata: 133, Voltorb: 110","Graveler: 58, Magnemite: 48, Seaking: 46",0,"Damage: 135, Status: 0, Hazard: 0, Weather: 0, Cleric: 0, Screen: 0, Pass: 0",None
GRAVELER,D,Attacker,"Rollout: 10460 (25.5%), Selfdestruct: 7239 (17.6%), Explosion: 6871 (16.7%), Earthquake: 6827 (16.6%), Rock Blast: 3662 (8.9%), Magnitude: 2922 (7.1%), Rock Slide: 1306 (3.2%), Defense Curl: 741 (1.8%), Double Edge: 538 (1.3%), Rock Throw: 484 (1.2%)",23439,23731,0.99,2177,1.08,2.67,1.37,2561,3044,2157,94,3.86,24957,"Koffing: 540, Magmar: 536, Butterfree: 477","Golduck: 345, Quagsire: 330, Victreebel: 302",74,"Damage: 2177, Status: 0, Hazard: 0, Weather: 0, Cleric: 0, Screen: 0, Pass: 0",None
GRIMER,E+,Defender,"Sludge: 15674 (18.1%), Minimize: 13280 (15.3%), Disable: 13235 (15.3%), Mud Slap: 11293 (13.0%), Harden: 8781 (10.1%), Mud Bomb: 8125 (9.4%), Pound: 7119 (8.2%), Sludge Bomb: 2486 (2.9%), Gunk Shot: 2369 (2.7%), Acid Armor: 1901 (2.2%), Poison Gas: 1333 (1.5%), Screech: 1100 (1.3%), Struggle: 69 (0.1%)",5432,11266,0.48,3811,0.82,9.21,4.04,2545,8899,27843,15808,18.78,11562,"Magikarp: 235, Rattata: 175, Magnemite: 158","Graveler: 264, Seaking: 252, Koffing: 241",14,"Damage: 3810, Status: 1628, Hazard: 0, Weather: 0, Cleric: 0, Screen: 0, Pass: 0",None
GROWLITHE,D,All-Rounder,"Ember: 19922 (30.9%), Leer: 13149 (20.4%), Flamethrower: 8200 (12.7%), Take Down: 3785 (5.9%), Crunch: 3389 (5.3%), Agility: 3199 (5.0%), Odor Sleuth: 2934 (4.5%), Roar: 2039 (3.2%), Bite: 1897 (2.9%), Flame Wheel: 1811 (2.8%), Heat Wave: 1687 (2.6%), Fire Fang: 1317 (2.0%), Helping Hand: 630 (1.0%), Reversal: 542 (0.8%)",10284,12462,0.83,2549,1.03,5.59,3.21,2459,2612,3368,3224,4.81,13853,"Magikarp: 424, Rattata: 346, Koffing: 301","Graveler: 309, Seaking: 234, Gyarados: 226",0,"Damage: 2549, Status: 662, Hazard: 0, Weather: 0, Cleric: 0, Screen: 0, Pass: 0",None
GRUMPIG,A-,All-Rounder,"Psychic: 234 (44.3%), Power Gem: 127 (24.1%), Confuse Ray: 99 (18.8%), Signal Beam: 68 (12.9%)",184,103,1.79,75,2.51,5.11,1.8,21,39,19,11,-0.29,167,"Exeggcute: 16, Magmar: 10, Gengar: 9","Gengar: 6, Sneasel: 6, Golbat: 6",0,"Damage: 66, Status: 39, Hazard: 0, Weather: 0, Cleric: 0, Screen: 0, Pass: 0",None
GULPIN,D+,All-Rounder,"Sludge Bomb: 8250 (50.3%), Stockpile: 3561 (21.7%), Gastro Acid: 1867 (11.4%), Spit Up: 1470 (9.0%), Swallow: 1187 (7.2%), Struggle: 81 (0.5%)",1720,2339,0.74,1214,1.25,6.48,4.07,522,621,689,1776,3.13,3088,"Magikarp: 110, Rattata: 68, Voltorb: 50","Graveler: 53, Seaking: 49, Koffing: 48",0,"Damage: 1214, Status: 447, Hazard: 0, Weather: 0, Cleric: 0, Screen: 0, Pass: 0",None
GYARADOS,A+,All-Rounder,"Thrash: 13171 (16.8%), Ice Fang: 8774 (11.2%), Bite: 8054 (10.3%), Leer: 6942 (8.9%), Waterfall: 6301 (8.0%), Aqua Tail: 5057 (6.5%), Dragon Dance: 4909 (6.3%), Rain Dance: 4794 (6.1%), Twister: 4366 (5.6%), Dragon Pulse: 3574 (4.6%), Hyper Beam: 3113 (4.0%), Dragon Rage: 2867 (3.7%), Hydro Pump: 2223 (2.8%), Surf: 2158 (2.8%), Earthquake: 1441 (1.8%), Thunder Wave: 511 (0.7%), Flail: 97 (0.1%), Struggle: 10 (0.0%)",22428,7876,2.85,3171,3.25,5.96,3.09,3377,3433,3217,3203,3.9,15887,"Rattata: 525, Magikarp: 521, Koffing: 513","Magneton: 272, Magnemite: 231, Graveler: 219",0,"Damage: 3006, Status: 276, Hazard: 0, Weather: 0, Cleric: 0, Screen: 0, Pass: 0",None
HARIYAMA,B-,All-Rounder,"Payback: 211 (49.5%), Bulk Up: 104 (24.4%), Bullet Punch: 101 (23.7%), Low Kick: 10 (2.3%)",142,87,1.63,24,1.91,5.04,2.36,17,9,19,0,6.07,138,"Alakazam: 15, Starmie: 13, Gengar: 9","Alakazam: 10, Crobat: 6, Starmie: 5",0,"Damage: 24, Status: 0, Hazard: 0, Weather: 0, Cleric: 0, Screen: 0, Pass: 0",None
HAUNTER,D,Disrupter,"Sucker Punch: 19524 (29.2%), Night Shade: 14077 (21.1%), Confuse Ray: 9451 (14.1%), Shadow Punch: 7318 (10.9%), Mean Look: 5127 (7.7%), Curse: 3964 (5.9%), Hypnosis: 2306 (3.5%), Shadow Ball: 1788 (2.7%), Lick: 1371 (2.1%), Dream Eater: 1195 (1.8%), Struggle: 461 (0.7%), Nightmare: 257 (0.4%)",7806,9975,0.78,2578,1.04,6.29,2.12,1078,2154,2044,460,1.39,12406,"Koffing: 341, Magikarp: 268, Bellsprout: 189","Seaking: 199, Sneasel: 194, Magmar: 192",4,"Damage: 1665, Status: 1787, Hazard: 0, Weather: 0, Cleric: 0, Screen: 0, Pass: 0",None
HERACROSS,B-,Attacker,"Stone Edge: 127 (40.2%), Close Combat: 104 (32.9%), Megahorn: 50 (15.8%), Counter: 35 (11.1%)",178,106,1.68,20,1.87,3.8,1.4,23,39,14,0,-0.61,165,"Magneton: 15, Magmar: 10, Magcargo: 9","Crobat: 14, Charizard: 9, Typhlosion: 8",0,"Damage: 20, Status: 0, Hazard: 0, Weather: 0, Cleric: 0, Screen: 0, Pass: 0",None
HITMONCHAN,A-,Attacker,"Ice Punch: 2979 (23.6%), Fire Punch: 2892 (23.0%), Thunder Punch: 2750 (21.8%), Mach Punch: 1996 (15.8%), Vacuum Wave: 1175 (9.3%), Double Team: 287 (2.3%), Bullet Punch: 184 (1.5%), Swagger: 121 (1.0%), Close Combat: 95 (0.8%), Focus Punch: 59 (0.5%), Substitute: 40 (0.3%), Drain Punch: 22 (0.2%)",4206,1726,2.44,338,2.63,4.51,2.08,662,341,665,505,7.54,3571,"Seaking: 92, Zubat: 83, Butterfree: 80","Alakazam: 54, Quagsire: 42, Graveler: 39",0,"Damage: 316, Status: 107, Hazard: 0, Weather: 0, Cleric: 0, Screen: 0, Pass: 0",None
HITMONLEE,D+,All-Rounder,"Meditate: 5084 (18.2%), Mind Reader: 4108 (14.7%), Focus Energy: 3782 (13.5%), Endure: 3343 (12.0%), Hi Jump Kick: 2780 (10.0%), Feint: 2142 (7.7%), Blaze Kick: 1753 (6.3%), Jump Kick: 1014 (3.6%), Double Kick: 984 (3.5%), Foresight: 778 (2.8%), Close Combat: 708 (2.5%), Brick Break: 508 (1.8%), Mega Kick: 412 (1.5%), Swagger: 263 (0.9%), Bulk Up: 127 (0.5%), Fake Out: 121 (0.4%), Reversal: 30 (0.1%)",4936,4923,1.0,1253,1.26,4.94,2.5,1799,778,1173,166,7.54,7150,"Magikarp: 111, Rattata: 108, Magnemite: 101","Seaking: 102, Alakazam: 98, Gyarados: 77",1,"Damage: 1208, Status: 122, Hazard: 0, Weather: 0, Cleric: 0, Screen: 0, Pass: 0",None
HITMONTOP,S-,Defender,"Dig: 5117 (34.0%), Counter: 3948 (26.2%), Quick Attack: 3271 (21.7%), Close Combat: 1454 (9.7%), Earthquake: 1026 (6.8%), Triple Kick: 225 (1.5%)",3749,871,4.3,827,5.25,6.64,2.71,461,356,2577,0,15.22,2705,"Magikarp: 111, Rattata: 102, Seaking: 85","Alakazam: 37, Koffing: 32, Golbat: 24",0,"Damage: 827, Status: 0, Hazard: 0, Weather: 0, Cleric: 0, Screen: 0, Pass: 0",None
HONCHKROW,B+,Disrupter,"Dark Pulse: 514 (31.7%), Night Slash: 271 (16.7%), Drill Peck: 252 (15.5%), Thunder Wave: 168 (10.4%), Nasty Plot: 146 (9.0%), Swagger: 88 (5.4%), Shadow Ball: 87 (5.4%), Sucker Punch: 69 (4.3%), Whirlwind: 28 (1.7%)",681,353,1.93,166,2.4,3.86,1.38,109,46,63,41,7.4,685,"Starmie: 26, Seadra: 24, Alakazam: 24","Magneton: 25, Starmie: 16, Gyarados: 13",0,"Damage: 132, Status: 103, Hazard: 0, Weather: 0, Cleric: 0, Screen: 0, Pass: 0",None
HOOTHOOT,F+,All-Rounder,"Tackle: 4159 (17.4%), Peck: 3570 (14.9%), Take Down: 3240 (13.5%), Confusion: 3141 (13.1%), Hypnosis: 3060 (12.8%), Uproar: 1654 (6.9%), Air Slash: 1482 (6.2%), Zen Headbutt: 1358 (5.7%), Growl: 1171 (4.9%), Reflect: 1009 (4.2%), Foresight: 97 (0.4%)",1832,5054,0.36,818,0.52,5.58,2.48,1023,2420,934,788,-1.94,5721,"Magikarp: 108, Bellsprout: 87, Zubat: 71","Koffing: 91, Magnemite: 86, Rattata: 83",0,"Damage: 792, Status: 170, Hazard: 0, Weather: 0, Cleric: 0, Screen: 71, Pass: 0",None
HOPPIP,F,Disrupter,"Bullet Seed: 9679 (21.0%), Splash: 9182 (19.9%), Tail Whip: 7887 (17.1%), Bounce: 3684 (8.0%), Stun Spore: 3422 (7.4%), Synthesis: 2451 (5.3%), Leech Seed: 2332 (5.1%), Sleep Powder: 1905 (4.1%), Mega Drain: 1656 (3.6%), Tackle: 1617 (3.5%), Giga Drain: 802 (1.7%), U Turn: 742 (1.6%), Poison Powder: 737 (1.6%), Struggle: 69 (0.1%)",1489,10110,0.15,2720,0.42,10.14,4.51,1962,2891,3556,0,5.28,6342,"Magikarp: 110, Bellsprout: 43, Onix: 37","Golbat: 249, Seaking: 203, Koffing: 173",13,"Damage: 2461, Status: 2152, Hazard: 0, Weather: 0, Cleric: 0, Screen: 0, Pass: 0",None
HORSEA,D-,All-Rounder,"Twister: 5058 (13.8%), Leer: 5049 (13.8%), Smoke Screen: 5022 (13.7%), Brine: 4100 (11.2%), Agility: 3684 (10.1%), Water Pulse: 3511 (9.6%), Bubble Beam: 3066 (8.4%), Hydro Pump: 2972 (8.1%), Focus Energy: 2471 (6.7%), Bubble: 1721 (4.7%), Struggle: 1 (0.0%)",5343,8253,0.65,2123,0.9,5.44,2.86,1847,1673,4845,849,12.16,7916,"Magikarp: 283, Geodude: 177, Rattata: 170","Koffing: 179, Seaking: 166, Gyarados: 143",3,"Damage: 2123, Status: 169, Hazard: 0, Weather: 0, Cleric: 0, Screen: 0, Pass: 0",None
HOUNDOOM,A+,All-Rounder,"Fire Fang: 986 (24.4%), Faint Attack: 735 (18.2%), Bite: 668 (16.5%), Flamethrower: 570 (14.1%), Dark Pulse: 565 (14.0%), Nasty Plot: 207 (5.1%), Crunch: 123 (3.0%), Smog: 70 (1.7%), Sucker Punch: 47 (1.2%), Sludge Bomb: 42 (1.0%), Shadow Ball: 34 (0.8%)",1771,598,2.96,302,3.47,4.23,1.36,230,149,173,331,6.49,1397,"Magneton: 56, Magmar: 55, Seaking: 50","Quagsire: 25, Gyarados: 20, Gengar: 18",2,"Damage: 302, Status: 43, Hazard: 0, Weather: 0, Cleric: 0, Screen: 0, Pass: 0",None
HOUNDOUR,B+,All-Rounder,"Fire Fang: 2441 (48.7%), Faint Attack: 1262 (25.2%), Bite: 1237 (24.7%), Roar: 76 (1.5%)",1329,947,1.4,802,2.25,4.01,1.93,299,224,226,608,6.12,1469,"Magikarp: 54, Rattata: 41, Magnemite: 34","Graveler: 31, Koffing: 31, Seaking: 31",0,"Damage: 802, Status: 79, Hazard: 0, Weather: 0, Cleric: 0, Screen: 0, Pass: 0",None
HYPNO,B,Disrupter,"Psybeam: 10063 (29.5%), Psychic: 6176 (18.1%), Swagger: 5459 (16.0%), Nasty Plot: 3387 (9.9%), Psych Up: 3027 (8.9%), Skill Swap: 2414 (7.1%), Meditate: 1547 (4.5%), Hypnosis: 1472 (4.3%), Poison Gas: 613 (1.8%)",6464,3928,1.65,2014,2.16,6.13,2.74,974,2011,1334,906,0.81,6965,"Koffing: 181, Zubat: 158, Magikarp: 137","Seaking: 129, Butterfree: 99, Graveler: 98",0,"Damage: 1451, Status: 1562, Hazard: 0, Weather: 0, Cleric: 0, Screen: 0, Pass: 0",None
ILLUMISE,C,Disrupter,"Bug Buzz: 2096 (40.2%), Zen Headbutt: 1977 (37.9%), Flatter: 1004 (19.2%), Helping Hand: 139 (2.7%), Struggle: 1 (0.0%)",1145,835,1.37,194,1.6,5.18,2.06,207,331,199,407,1.57,1435,"Magnemite: 41, Seaking: 37, Seadra: 24","Graveler: 24, Golbat: 22, Magmar: 19",0,"Damage: 170, Status: 124, Hazard: 0, Weather: 0, Cleric: 0, Screen: 0, Pass: 0",None
IVYSAUR,C,All-Rounder,"Double Edge: 4659 (16.5%), Razor Leaf: 3749 (13.3%), Take Down: 3443 (12.2%), Sludge Bomb: 3344 (11.8%), Solar Beam: 3164 (11.2%), Sweet Scent: 2354 (8.3%), Petal Dance: 1716 (6.1%), Sleep Powder: 1618 (5.7%), Growth: 1186 (4.2%), Synthesis: 1134 (4.0%), Leech Seed: 650 (2.3%), Worry Seed: 616 (2.2%), Toxic: 265 (0.9%), Poison Powder: 215 (0.8%), Giga Drain: 121 (0.4%)",5580,5405,1.03,2410,1.48,5.34,2.65,1283,1651,1235,550,2.95,7350,"Rattata: 151, Seaking: 131, Zubat: 118","Magmar: 181, Golbat: 133, Gyarados: 132",1,"Damage: 2264, Status: 845, Hazard: 0, Weather: 0, Cleric: 0, Screen: 0, Pass: 0",None
JIGGLYPUFF,F-,Attacker,"Pound: 6982 (29.5%), Defense Curl: 5814 (24.5%), Disable: 4705 (19.8%), Sing: 3920 (16.5%), Body Slam: 1423 (6.0%), Mimic: 533 (2.2%), Wake Up Slap: 261 (1.1%), Gyro Ball: 67 (0.3%), Struggle: 1 (0.0%)",1029,4843,0.21,130,0.24,11.06,4.8,484,3348,914,291,-7.93,2654,"Magikarp: 52, Rattata: 40, Zubat: 33","Seaking: 76, Magmar: 75, Gyarados: 75",0,"Damage: 101, Status: 72, Hazard: 0, Weather: 0, Cleric: 0, Screen: 0, Pass: 0","Agility: 24 (10.9%), Disable: 15 (6.8%), Defense Curl: 13 (5.9%), Curse: 13 (5.9%), Spite: 12 (5.4%), Double Team: 10 (4.5%), Lock On: 7 (3.2%), Mean Look: 7 (3.2%), Roost: 6 (2.7%), Scary Face: 6 (2.7%), Take Down: 5 (2.3%), Recover: 5 (2.3%), Sheer Cold: 5 (2.3%), Horn Drill: 5 (2.3%), Harden: 4 (1.8%), Rock Throw: 4 (1.8%), Smoke Screen: 3 (1.4%), Rock Polish: 3 (1.4%), Tailwind: 3 (1.4%), Skill Swap: 3 (1.4%), Glare: 3 (1.4%), Confuse Ray: 2 (0.9%), Light Screen: 2 (0.9%), Sweet Scent: 2 (0.9%), Sleep Powder: 2 (0.9%), Faint Attack: 2 (0.9%), Yawn: 2 (0.9%), Super Fang: 2 (0.9%), Slash: 2 (0.9%), Safeguard: 2 (0.9%), Feint: 2 (0.9%), Captivate: 2 (0.9%), Aqua Ring: 2 (0.9%), Protect: 2 (0.9%), Flail: 2 (0.9%), Minimize: 2 (0.9%), Charge: 2 (0.9%), Egg Bomb: 2 (0.9%), Supersonic: 2 (0.9%), Amnesia: 1 (0.5%), Headbutt: 1 (0.5%), Thunder: 1 (0.5%), Whirlwind: 1 (0.5%), Spark: 1 (0.5%), Swords Dance: 1 (0.5%), Perish Song: 1 (0.5%), Seismic Toss: 1 (0.5%), Feather Dance: 1 (0.5%), Wing Attack: 1 (0.5%), Swift: 1 (0.5%), Screech: 1 (0.5%), Quick Attack: 1 (0.5%), Rest: 1 (0.5%), Magnitude: 1 (0.5%), Double Slap: 1 (0.5%), Acid Armor: 1 (0.5%), Twister: 1 (0.5%), Assurance: 1 (0.5%), Growl: 1 (0.5%), Stun Spore: 1 (0.5%), Signal Beam: 1 (0.5%), Hypnosis: 1 (0.5%), Tackle: 1 (0.5%), Magnet Rise: 1 (0.5%), Thrash: 1 (0.5%), Detect: 1 (0.5%), Karate Chop: 1 (0.5%), Water Gun: 1 (0.5%)"
JOLTEON,A+,All-Rounder,"Thunderbolt: 7103 (25.9%), Quick Attack: 4335 (15.8%), Double Team: 3690 (13.5%), Pin Missile: 2922 (10.7%), Shock Wave: 2374 (8.7%), Sand Attack: 1675 (6.1%), Last Resort: 1643 (6.0%), Thunder Shock: 1620 (5.9%), Thunder Wave: 1420 (5.2%), Double Kick: 348 (1.3%), Helping Hand: 267 (1.0%), Struggle: 13 (0.0%)",6856,2292,2.99,1237,3.53,5.84,1.99,1446,1242,4518,400,14.87,5243,"Koffing: 189, Seaking: 173, Magikarp: 163","Quagsire: 78, Graveler: 74, Sandslash: 57",2,"Damage: 1232, Status: 48, Hazard: 0, Weather: 0, Cleric: 0, Screen: 0, Pass: 0",None
JUMPLUFF,B-,Defender,"U Turn: 4673 (26.6%), Giga Drain: 3602 (20.5%), Sunny Day: 1995 (11.4%), Bounce: 1869 (10.7%), Sleep Powder: 1711 (9.8%), Leech Seed: 1218 (6.9%), Mega Drain: 875 (5.0%), Cotton Spore: 755 (4.3%), Worry Seed: 607 (3.5%), Memento: 239 (1.4%)",2070,2199,0.94,2181,1.93,6.66,2.03,613,1102,1443,0,5.02,4295,"Graveler: 72, Magikarp: 57, Quagsire: 53","Magmar: 89, Golbat: 60, Flareon: 58",4,"Damage: 2076, Status: 873, Hazard: 0, Weather: 9, Cleric: 0, Screen: 0, Pass: 0",None
JYNX,D+,All-Rounder,"Wake Up Slap: 3501 (21.8%), Fake Tears: 2832 (17.6%), Ice Punch: 2734 (17.0%), Body Slam: 2240 (14.0%), Avalanche: 1577 (9.8%), Mean Look: 1112 (6.9%), Psychic: 905 (5.6%), Blizzard: 501 (3.1%), Lovely Kiss: 432 (2.7%), Dream Eater: 104 (0.6%), Focus Blast: 46 (0.3%), Double Slap: 39 (0.2%), Perish Song: 32 (0.2%)",2357,2776,0.85,1062,1.23,5.07,2.42,731,667,636,835,4.41,3737,"Magikarp: 110, Rattata: 55, Pidgey: 53","Koffing: 51, Magmar: 49, Gyarados: 47",1,"Damage: 1055, Status: 303, Hazard: 0, Weather: 0, Cleric: 0, Screen: 0, Pass: 0",None
KABUTOPS,C+,All-Rounder,"Aqua Jet: 1480 (22.5%), Endure: 1268 (19.3%), Rock Slide: 1230 (18.7%), Slash: 1176 (17.9%), Mega Drain: 1120 (17.0%), Giga Drain: 298 (4.5%)",1619,1078,1.5,225,1.71,4.96,2.28,348,292,297,203,5.22,1888,"Seaking: 90, Seadra: 43, Quagsire: 42","Alakazam: 32, Starmie: 30, Vileplume: 27",0,"Damage: 225, Status: 0, Hazard: 0, Weather: 0, Cleric: 0, Screen: 0, Pass: 0",None
KADABRA,B,All-Rounder,"Psychic: 9445 (32.9%), Confusion: 4731 (16.5%), Psybeam: 3117 (10.9%), Role Play: 2226 (7.8%), Disable: 1837 (6.4%), Reflect: 1797 (6.3%), Psycho Cut: 1651 (5.7%), Kinesis: 1076 (3.7%), Charge Beam: 832 (2.9%), Skill Swap: 779 (2.7%), Recover: 575 (2.0%), Future Sight: 552 (1.9%), Headbutt: 54 (0.2%), Teleport: 43 (0.1%)",10542,5967,1.77,1816,2.07,3.41,1.29,1203,1159,2062,1201,6.87,10635,"Koffing: 381, Rattata: 261, Magikarp: 251","Magmar: 189, Butterfree: 170, Seaking: 168",6,"Damage: 1662, Status: 164, Hazard: 0, Weather: 0, Cleric: 0, Screen: 161, Pass: 0",None
KAKUNA,F-,All-Rounder,"Harden: 8644 (64.7%), Poison Sting: 2817 (21.1%), Bug Bite: 922 (6.9%), String Shot: 857 (6.4%), Struggle: 130 (1.0%)",136,4365,0.03,528,0.15,4.84,2.77,201,186,863,763,6.18,4577,"Magnemite: 6, Marill: 6, Rattata: 6","Magmar: 104, Seaking: 102, Golbat: 96",0,"Damage: 528, Status: 237, Hazard: 0, Weather: 0, Cleric: 0, Screen: 0, Pass: 0",None
KANGASKHAN,A-,Attacker,"Bite: 2335 (22.9%), Dizzy Punch: 2312 (22.7%), Mega Punch: 2297 (22.5%), Rage: 2265 (22.2%), Outrage: 798 (7.8%), Leer: 111 (1.1%), Sucker Punch: 85 (0.8%)",2498,988,2.53,211,2.74,5.85,2.9,570,594,353,824,3.02,2004,"Seaking: 58, Magikarp: 56, Koffing: 52","Golbat: 28, Graveler: 24, Gyarados: 19",0,"Damage: 211, Status: 38, Hazard: 0, Weather: 0, Cleric: 0, Screen: 0, Pass: 0",None
KINGDRA,A+,All-Rounder,"Hydro Pump: 874 (46.5%), Dragon Pulse: 310 (16.5%), Ice Beam: 197 (10.5%), Smoke Screen: 196 (10.4%), Yawn: 134 (7.1%), Dragon Breath: 102 (5.4%), Hyper Beam: 67 (3.6%), Struggle: 1 (0.1%)",624,204,3.06,118,3.64,5.78,2.07,69,254,156,34,-1.22,469,"Gengar: 22, Weezing: 20, Magmar: 18","Gengar: 15, Dragonite: 10, Gyarados: 9",0,"Damage: 105, Status: 35, Hazard: 0, Weather: 0, Cleric: 0, Screen: 0, Pass: 0",None
KINGLER,C+,Attacker,"Protect: 4778 (27.1%), Guillotine: 3794 (21.5%), Stomp: 3547 (20.1%), Metal Claw: 2294 (13.0%), Brine: 1085 (6.2%), X Scissor: 588 (3.3%), Crabhammer: 556 (3.2%), Bubble Beam: 548 (3.1%), Slam: 452 (2.6%)",3986,2674,1.49,504,1.68,4.96,2.1,555,3140,688,219,-10.45,4575,"Magmar: 129, Koffing: 127, Zubat: 80","Magneton: 68, Alakazam: 64, Electabuzz: 64",0,"Damage: 504, Status: 0, Hazard: 0, Weather: 0, Cleric: 0, Screen: 0, Pass: 0",None
KOFFING,E,All-Rounder,"Sludge: 23485 (16.3%), Smog: 23254 (16.1%), Smoke Screen: 21760 (15.1%), Assurance: 21175 (14.7%), Tackle: 18291 (12.7%), Gyro Ball: 12661 (8.8%), Selfdestruct: 9256 (6.4%), Explosion: 5784 (4.0%), Poison Gas: 3559 (2.5%), Sludge Bomb: 3098 (2.1%), Haze: 2055 (1.4%), Struggle: 9 (0.0%)",21704,40999,0.53,8046,0.73,6.01,3.42,6451,13958,19887,11938,7.53,30463,"Rattata: 681, Magikarp: 671, Koffing: 557","Koffing: 557, Graveler: 540, Gyarados: 513",109,"Damage: 8032, Status: 3422, Hazard: 0, Weather: 0, Cleric: 0, Screen: 0, Pass: 0",None
KRABBY,F+,All-Rounder,"Bubble Beam: 5703 (24.6%), Harden: 5565 (24.0%), Mud Shot: 3075 (13.3%), Vice Grip: 2942 (12.7%), Leer: 2749 (11.9%), Metal Claw: 1902 (8.2%), Protect: 421 (1.8%), Slam: 298 (1.3%), Guillotine: 263 (1.1%), Brine: 257 (1.1%)",2051,5407,0.38,432,0.46,6.0,3.67,775,1225,1176,3116,2.88,4873,"Magikarp: 114, Rattata: 88, Geodude: 58","Koffing: 123, Magnemite: 96, Graveler: 95",2,"Damage: 432, Status: 0, Hazard: 0, Weather: 0, Cleric: 0, Screen: 0, Pass: 0",None
LANTURN,A+,All-Rounder,"Discharge: 3401 (26.1%), Signal Beam: 3084 (23.7%), Bubble Beam: 3001 (23.0%), Confuse Ray: 1497 (11.5%), Hydro Pump: 952 (7.3%), Aqua Ring: 779 (6.0%), Thunderbolt: 135 (1.0%), Surf: 88 (0.7%), Thunder Wave: 86 (0.7%)",3697,1326,2.79,797,3.39,5.3,2.42,651,732,491,936,3.31,3125,"Magnemite: 94, Koffing: 82, Seaking: 76","Vileplume: 40, Gloom: 37, Quagsire: 33",2,"Damage: 751, Status: 441, Hazard: 0, Weather: 0, Cleric: 0, Screen: 0, Pass: 0",None
LAPRAS,B+,All-Rounder,"Ice Beam: 3046 (31.5%), Brine: 2346 (24.2%), Perish Song: 963 (9.9%), Hydro Pump: 813 (8.4%), Rain Dance: 692 (7.1%), Safeguard: 579 (6.0%), Blizzard: 450 (4.6%), Body Slam: 280 (2.9%), Sing: 192 (2.0%), Water Pulse: 130 (1.3%), Psychic: 129 (1.3%), Surf: 59 (0.6%)",3044,1382,2.2,429,2.51,4.93,2.38,374,612,436,253,2.08,2890,"Koffing: 72, Magnemite: 61, Golbat: 60","Magneton: 34, Electabuzz: 27, Poliwrath: 20",0,"Damage: 428, Status: 53, Hazard: 0, Weather: 0, Cleric: 0, Screen: 0, Pass: 0",None
LEDIAN,D,Defender,"Agility: 3687 (37.8%), Mach Punch: 3270 (33.5%), Silver Wind: 2725 (27.9%), Baton Pass: 65 (0.7%), Struggle: 3 (0.0%)",552,1416,0.39,1090,1.16,6.58,3.64,338,264,377,287,4.73,1679,"Magikarp: 53, Rattata: 24, Bellsprout: 16","Koffing: 28, Graveler: 28, Raticate: 27",0,"Damage: 998, Status: 0, Hazard: 0, Weather: 0, Cleric: 0, Screen: 0, Pass: 92",None
LEDYBA,F,Disrupter,"Tackle: 8751 (55.5%), Supersonic: 4559 (28.9%), Comet Punch: 2453 (15.5%), Struggle: 18 (0.1%)",194,4073,0.05,958,0.28,4.8,2.63,818,3171,763,0,-9.61,4300,"Magikarp: 53, Bellsprout: 19, Caterpie: 12","Rattata: 94, Graveler: 79, Koffing: 76",0,"Damage: 883, Status: 639, Hazard: 0, Weather: 0, Cleric: 0, Screen: 0, Pass: 0",None
LICKILICKY,A+,All-Rounder,"Wring Out: 709 (35.0%), Ice Beam: 460 (22.7%), Thunderbolt: 452 (22.3%), Earthquake: 219 (10.8%), Flamethrower: 188 (9.3%)",853,270,3.16,138,3.67,4.54,2.21,128,78,98,50,7.46,673,"Sneasel: 47, Starmie: 42, Gyarados: 36","Alakazam: 23, Gengar: 12, Machamp: 9",0,"Damage: 138, Status: 10, Hazard: 0, Weather: 0, Cleric: 0, Screen: 0, Pass: 0",None
LICKITUNG,E-,Defender,"Supersonic: 5060 (27.9%), Cut: 4647 (25.7%), Lick: 3200 (17.7%), Me First: 2721 (15.0%), Disable: 1400 (7.7%), Rollout: 728 (4.0%), Slam: 347 (1.9%), Struggle: 1 (0.0%)",960,2366,0.41,402,0.58,7.93,4.09,471,3518,775,839,-12.11,2884,"Magikarp: 53, Zubat: 36, Rattata: 35","Seaking: 54, Gyarados: 53, Magnemite: 50",0,"Damage: 400, Status: 217, Hazard: 0, Weather: 0, Cleric: 0, Screen: 0, Pass: 0",None
LINOONE,A+,Attacker,"Dig: 4006 (45.3%), Slash: 3259 (36.9%), Surf: 853 (9.6%), Belly Drum: 725 (8.2%)",2643,756,3.5,34,3.54,5.42,1.94,547,106,1892,0,21.73,1767,"Koffing: 67, Rattata: 63, Butterfree: 61","Weezing: 18, Quagsire: 18, Seaking: 15",0,"Damage: 34, Status: 0, Hazard: 0, Weather: 0, Cleric: 0, Screen: 0, Pass: 0",None
LOTAD,F,All-Rounder,"Mega Drain: 1125 (36.2%), Zen Headbutt: 896 (28.8%), Bubble Beam: 793 (25.5%), Rain Dance: 295 (9.5%), Struggle: 1 (0.0%)",393,1241,0.32,142,0.43,3.2,2.28,170,186,192,211,5.48,1435,"Magikarp: 48, Geodude: 28, Quagsire: 25","Graveler: 33, Rattata: 28, Butterfree: 25",0,"Damage: 142, Status: 0, Hazard: 0, Weather: 0, Cleric: 0, Screen: 0, Pass: 0",None
LUCARIO,C-,All-Rounder,"Iron Tail: 154 (47.2%), Counter: 86 (26.4%), Close Combat: 45 (13.8%), Extreme Speed: 37 (11.3%), Struggle: 4 (1.2%)",88,77,1.14,18,1.38,5.23,2.08,10,73,22,17,-11.55,102,"Gengar: 9, Koffing: 6, Crobat: 4","Toxicroak: 6, Alakazam: 6, Dragonite: 4",0,"Damage: 18, Status: 0, Hazard: 0, Weather: 0, Cleric: 0, Screen: 0, Pass: 0",None
LUVDISC,E+,Disrupter,"Water Pulse: 12275 (48.3%), Sweet Kiss: 6139 (24.2%), Aqua Ring: 3545 (14.0%), Attract: 2298 (9.0%), Captivate: 1047 (4.1%), Struggle: 105 (0.4%)",1712,2821,0.61,604,0.82,14.9,6.37,772,2207,685,1983,-2.72,1615,"Magikarp: 53, Rattata: 50, Koffing: 47","Seaking: 85, Azumarill: 56, Gloom: 52",0,"Damage: 573, Status: 587, Hazard: 0, Weather: 0, Cleric: 0, Screen: 0, Pass: 0",None
MACHAMP,C+,Attacker,"Scary Face: 9719 (44.9%), Wake Up Slap: 3097 (14.3%), Cross Chop: 2487 (11.5%), Submission: 2075 (9.6%), Dynamic Punch: 1518 (7.0%), Revenge: 802 (3.7%), Vital Throw: 757 (3.5%), Stone Edge: 637 (2.9%), Rock Slide: 219 (1.0%), Bullet Punch: 121 (0.6%), Fling: 61 (0.3%), Thunder Punch: 57 (0.3%), Earthquake: 51 (0.2%), Attract: 23 (0.1%), Foresight: 5 (0.0%)",5161,3220,1.6,523,1.77,4.98,2.7,804,1173,448,536,0.37,5880,"Rattata: 127, Seaking: 108, Onix: 89","Alakazam: 99, Graveler: 78, Seaking: 64",1,"Damage: 523, Status: 105, Hazard: 0, Weather: 0, Cleric: 0, Screen: 0, Pass: 0",None
MACHOKE,D+,Attacker,"Vital Throw: 5543 (16.9%), Submission: 4788 (14.6%), Revenge: 4317 (13.2%), Seismic Toss: 3784 (11.5%), Wake Up Slap: 3398 (10.4%), Leer: 2989 (9.1%), Cross Chop: 2294 (7.0%), Foresight: 2123 (6.5%), Scary Face: 1893 (5.8%), Karate Chop: 901 (2.7%), Rock Slide: 460 (1.4%), Focus Energy: 279 (0.9%)",8581,7771,1.1,1027,1.24,4.38,2.59,1501,709,673,68,4.38,11443,"Rattata: 217, Seaking: 199, Magikarp: 171","Graveler: 197, Golbat: 174, Seaking: 165",2,"Damage: 1027, Status: 0, Hazard: 0, Weather: 0, Cleric: 0, Screen: 0, Pass: 0",None
MACHOP,E,All-Rounder,"Karate Chop: 6083 (15.7%), Leer: 5764 (14.8%), Foresight: 4899 (12.6%), Vital Throw: 4603 (11.8%), Focus Energy: 3827 (9.9%), Revenge: 3649 (9.4%), Seismic Toss: 3542 (9.1%), Submission: 2620 (6.7%), Wake Up Slap: 2518 (6.5%), Cross Chop: 972 (2.5%), Low Kick: 371 (1.0%)",6856,12134,0.57,2267,0.75,5.44,3.25,2505,394,861,0,7.48,10882,"Magikarp: 315, Rattata: 241, Geodude: 171","Koffing: 300, Golbat: 227, Butterfree: 218",0,"Damage: 2267, Status: 0, Hazard: 0, Weather: 0, Cleric: 0, Screen: 0, Pass: 0",None
MAGBY,C-,Disrupter,"Fire Spin: 2037 (28.3%), Faint Attack: 2015 (28.0%), Smoke Screen: 1840 (25.5%), Confuse Ray: 1312 (18.2%), Struggle: 2 (0.0%)",379,1231,0.31,1239,1.31,5.64,2.25,198,734,987,0,5.5,1479,"Magikarp: 41, Rattata: 18, Bellsprout: 18","Koffing: 31, Seaking: 23, Graveler: 23",0,"Damage: 1075, Status: 872, Hazard: 0, Weather: 0, Cleric: 0, Screen: 0, Pass: 0",None
MAGCARGO,B+,Disrupter,"Rock Slide: 6466 (29.5%), Overheat: 4093 (18.7%), Recover: 2829 (12.9%), Yawn: 2384 (10.9%), Lava Plume: 1728 (7.9%), Amnesia: 1485 (6.8%), Ancient Power: 1338 (6.1%), Sunny Day: 806 (3.7%), Smog: 344 (1.6%), Curse: 161 (0.7%), Stone Edge: 129 (0.6%), Body Slam: 72 (0.3%), Struggle: 51 (0.2%), Gyro Ball: 10 (0.0%)",5128,2529,2.03,809,2.35,5.52,3.01,837,1826,946,1626,-0.42,5232,"Koffing: 161, Magikarp: 145, Magnemite: 115","Seaking: 80, Quagsire: 73, Golduck: 68",3,"Damage: 768, Status: 449, Hazard: 0, Weather: 2, Cleric: 0, Screen: 0, Pass: 0",None
MAGIKARP,F-,Defender,"Splash: 71110 (55.5%), Tackle: 56358 (44.0%), Struggle: 372 (0.3%), Flail: 336 (0.3%)",337,37301,0.01,1635,0.05,14.58,8.59,3141,4516,6271,0,3.64,10363,"Magikarp: 144, Caterpie: 37, Pichu: 27","Rattata: 761, Koffing: 671, Gyarados: 521",3,"Damage: 1635, Status: 0, Hazard: 0, Weather: 0, Cleric: 0, Screen: 0, Pass: 0",None
MAGMAR,B,Disrupter,"Fire Punch: 15499 (15.3%), Confuse Ray: 15180 (15.0%), Faint Attack: 14434 (14.2%), Flamethrower: 10972 (10.8%), Fire Spin: 10952 (10.8%), Lava Plume: 9041 (8.9%), Smoke Screen: 8457 (8.3%), Ember: 4517 (4.5%), Leer: 4333 (4.3%), Smog: 3030 (3.0%), Sunny Day: 1735 (1.7%), Overheat: 1470 (1.5%), Protect: 1240 (1.2%), Thunder Punch: 465 (0.5%), Struggle: 7 (0.0%)",20836,13737,1.52,6858,2.02,5.39,2.45,4012,6381,8604,4136,5.71,20948,"Magnemite: 628, Rattata: 485, Koffing: 482","Graveler: 536, Seaking: 384, Quagsire: 377",6,"Damage: 6064, Status: 5139, Hazard: 0, Weather: 3, Cleric: 0, Screen: 0, Pass: 0",None
MAGMORTAR,A-,All-Rounder,"Flamethrower: 947 (27.4%), Fire Blast: 864 (25.0%), Lava Plume: 787 (22.7%), Sunny Day: 649 (18.7%), Thunderbolt: 156 (4.5%), Confuse Ray: 55 (1.6%), Low Kick: 3 (0.1%), Struggle: 1 (0.0%)",1254,570,2.2,322,2.76,4.44,1.76,157,174,280,211,7.2,1170,"Seaking: 27, Weezing: 26, Golbat: 26","Graveler: 26, Quagsire: 19, Seadra: 18",0,"Damage: 304, Status: 156, Hazard: 0, Weather: 1, Cleric: 0, Screen: 0, Pass: 0",None
MAGNEMITE,D-,Disrupter,"Lock On: 22349 (17.3%), Sonic Boom: 18347 (14.2%), Thunder Shock: 17368 (13.4%), Spark: 14572 (11.2%), Thunder Wave: 12503 (9.7%), Supersonic: 11429 (8.8%), Magnet Bomb: 10484 (8.1%), Tackle: 6971 (5.4%), Discharge: 5061 (3.9%), Thunderbolt: 4086 (3.2%), Metal Sound: 2803 (2.2%), Screech: 2676 (2.1%), Shock Wave: 852 (0.7%), Struggle: 30 (0.0%)",16463,20845,0.79,3558,0.96,8.5,4.46,3530,11383,5831,5107,-1.49,18035,"Magikarp: 493, Zubat: 451, Koffing: 388","Magmar: 628, Seaking: 518, Quagsire: 479",35,"Damage: 2969, Status: 2215, Hazard: 0, Weather: 0, Cleric: 0, Screen: 0, Pass: 0",None
MAGNETON,B+,All-Rounder,"Magnet Bomb: 8771 (20.2%), Lock On: 6803 (15.6%), Screech: 6156 (14.1%), Discharge: 4853 (11.2%), Mirror Shot: 3800 (8.7%), Thunder Wave: 2947 (6.8%), Thunderbolt: 2640 (6.1%), Spark: 2613 (6.0%), Gyro Ball: 2218 (5.1%), Supersonic: 1989 (4.6%), Double Team: 450 (1.0%), Shock Wave: 264 (0.6%), Struggle: 7 (0.0%)",9721,4888,1.99,1830,2.36,5.92,2.72,1429,2923,3505,1557,4.35,9606,"Seaking: 407, Magikarp: 393, Gyarados: 272","Quagsire: 164, Graveler: 153, Magmar: 138",18,"Damage: 1635, Status: 845, Hazard: 0, Weather: 0, Cleric: 0, Screen: 0, Pass: 0",None
MAGNEZONE,A,Attacker,"Zap Cannon: 622 (32.2%), Mirror Shot: 243 (12.6%), Lock On: 236 (12.2%), Mirror Coat: 231 (12.0%), Thunderbolt: 221 (11.4%), Double Team: 156 (8.1%), Metal Sound: 124 (6.4%), Magnet Rise: 94 (4.9%), Struggle: 4 (0.2%)",593,212,2.8,47,3.02,5.79,2.63,56,357,224,76,-3.59,517,"Graveler: 27, Onix: 23, Gengar: 18","Gengar: 11, Machamp: 11, Quagsire: 9",2,"Damage: 47, Status: 19, Hazard: 0, Weather: 0, Cleric: 0, Screen: 0, Pass: 0",None
MAKUHITA,D-,All-Rounder,"Endure: 1385 (31.5%), Close Combat: 1047 (23.8%), Wake Up Slap: 1013 (23.0%), Seismic Toss: 957 (21.7%)",709,1412,0.5,653,0.96,3.54,2.07,106,106,256,0,5.5,1675,"Magikarp: 58, Rattata: 33, Geodude: 20","Koffing: 42, Butterfree: 28, Beedrill: 27",0,"Damage: 653, Status: 0, Hazard: 0, Weather: 0, Cleric: 0, Screen: 0, Pass: 0",None
MAMOSWINE,B+,Attacker,"Earthquake: 98 (36.7%), Stone Edge: 76 (28.5%), Double Team: 54 (20.2%), Avalanche: 39 (14.6%)",126,58,2.17,17,2.47,3.97,1.14,11,28,66,0,14.71,111,"Sneasel: 9, Magneton: 7, Machamp: 5","Gyarados: 6, Lapras: 5, Feraligatr: 5",0,"Damage: 17, Status: 0, Hazard: 0, Weather: 0, Cleric: 0, Screen: 0, Pass: 0",None
MANECTRIC,A,All-Rounder,"Overheat: 416 (48.0%), Discharge: 254 (29.3%), Thunder Wave: 129 (14.9%), Natural Gift: 67 (7.7%)",301,142,2.12,135,3.07,4.25,1.39,41,68,18,42,-1.15,294,"Sandslash: 13, Magnemite: 13, Steelix: 11","Quagsire: 15, Meganium: 6, Alakazam: 6",0,"Damage: 118, Status: 73, Hazard: 0, Weather: 0, Cleric: 0, Screen: 0, Pass: 0",None
MANKEY,E,All-Rounder,"Screech: 6643 (27.6%), Seismic Toss: 4848 (20.2%), Karate Chop: 3758 (15.6%), Focus Energy: 1630 (6.8%), Leer: 1572 (6.5%), Scratch: 1566 (6.5%), Low Kick: 1546 (6.4%), Assurance: 1254 (5.2%), Fury Swipes: 1214 (5.1%)",3365,6421,0.52,1359,0.74,4.69,2.55,1263,1902,1099,0,1.83,6306,"Magikarp: 215, Rattata: 124, Koffing: 79","Koffing: 132, Butterfree: 105, Seaking: 102",0,"Damage: 1359, Status: 0, Hazard: 0, Weather: 0, Cleric: 0, Screen: 0, Pass: 0",None
MANTINE,C,Disrupter,"Wing Attack: 859 (29.2%), Psybeam: 829 (28.2%), Water Pulse: 764 (26.0%), Confuse Ray: 491 (16.7%)",574,463,1.24,160,1.59,5.33,2.24,152,64,117,162,6.58,797,"Gloom: 18, Quagsire: 15, Magmar: 15","Magneton: 17, Graveler: 15, Magnemite: 13",1,"Damage: 142, Status: 104, Hazard: 0, Weather: 0, Cleric: 0, Screen: 0, Pass: 0",None
MAREEP,D-,Disrupter,"Thunder Shock: 9126 (27.4%), Tackle: 4669 (14.0%), Discharge: 4612 (13.8%), Cotton Spore: 4378 (13.1%), Charge: 4143 (12.4%), Growl: 3250 (9.8%), Thunder Wave: 2035 (6.1%), Signal Beam: 1094 (3.3%), Struggle: 3 (0.0%)",4872,6961,0.7,1875,0.97,4.69,2.47,1095,2095,1411,1485,1.39,9063,"Magikarp: 270, Rattata: 167, Zubat: 147","Seaking: 162, Graveler: 143, Koffing: 132",0,"Damage: 1427, Status: 1336, Hazard: 0, Weather: 0, Cleric: 0, Screen: 0, Pass: 0",None
MARILL,E-,All-Rounder,"Rollout: 14059 (21.6%), Double Edge: 11316 (17.4%), Aqua Tail: 8296 (12.8%), Bubble Beam: 6505 (10.0%), Water Gun: 6169 (9.5%), Aqua Ring: 5131 (7.9%), Rain Dance: 4389 (6.8%), Tail Whip: 4027 (6.2%), Defense Curl: 3944 (6.1%), Hydro Pump: 1046 (1.6%), Struggle: 103 (0.2%)",5666,13422,0.42,3318,0.67,6.42,3.81,2671,4746,4158,537,3.01,13414,"Magikarp: 228, Rattata: 213, Geodude: 175","Koffing: 263, Magnemite: 233, Graveler: 227",4,"Damage: 3318, Status: 0, Hazard: 0, Weather: 0, Cleric: 0, Screen: 0, Pass: 0",None
MAROWAK,D-,Attacker,"Leer: 9407 (40.8%), Rage: 3535 (15.3%), Double Edge: 2519 (10.9%), Focus Energy: 2508 (10.9%), Thrash: 2111 (9.1%), Bonemerang: 1598 (6.9%), False Swipe: 1134 (4.9%), Bone Rush: 188 (0.8%), Endeavor: 78 (0.3%), Fling: 3 (0.0%)",3164,3559,0.89,165,0.94,7.7,4.64,1309,1484,1129,0,3.94,3658,"Zubat: 89, Rattata: 83, Butterfree: 77","Graveler: 71, Butterfree: 70, Magmar: 65",0,"Damage: 165, Status: 0, Hazard: 0, Weather: 0, Cleric: 0, Screen: 0, Pass: 0",None
MEDICHAM,S,Attacker,"Psycho Cut: 2244 (49.5%), Hi Jump Kick: 1131 (25.0%), Thunder Punch: 997 (22.0%), Attract: 158 (3.5%)",2432,298,8.16,234,8.95,3.83,1.43,373,202,125,44,6.16,1352,"Koffing: 60, Magikarp: 58, Rattata: 53","Crobat: 11, Graveler: 11, Gengar: 10",0,"Damage: 234, Status: 8, Hazard: 0, Weather: 0, Cleric: 0, Screen: 0, Pass: 0",None
MEDITITE,F+,All-Rounder,"Power Trick: 619 (37.8%), Force Palm: 379 (23.2%), Hi Jump Kick: 378 (23.1%), Psych Up: 260 (15.9%)",202,704,0.29,113,0.45,3.74,1.73,62,50,122,91,7.73,824,"Koffing: 10, Zubat: 9, Gloom: 9","Golbat: 27, Ariados: 19, Alakazam: 18",0,"Damage: 113, Status: 23, Hazard: 0, Weather: 0, Cleric: 0, Screen: 0, Pass: 0",None
MEGANIUM,S-,All-Rounder,"Petal Dance: 6447 (60.8%), Body Slam: 1740 (16.4%), Light Screen: 1234 (11.6%), Synthesis: 600 (5.7%), Reflect: 407 (3.8%), Poison Powder: 167 (1.6%)",3650,872,4.19,760,5.06,5.6,2.65,437,396,447,330,4.41,2795,"Seaking: 129, Magnemite: 93, Graveler: 86","Crobat: 30, Golbat: 29, Magmar: 25",0,"Damage: 713, Status: 105, Hazard: 0, Weather: 0, Cleric: 0, Screen: 67, Pass: 0",None
MEOWTH,F,Attacker,"Bite: 4705 (17.4%), Growl: 4448 (16.5%), Pay Day: 3973 (14.7%), Slash: 3849 (14.3%), Taunt: 2582 (9.6%), Faint Attack: 2555 (9.5%), Scratch: 2525 (9.4%), Fury Swipes: 1975 (7.3%), Fake Out: 381 (1.4%)",2949,7189,0.41,200,0.44,6.47,4.01,1579,1028,1141,1492,5.88,4443,"Magikarp: 161, Rattata: 147, Zubat: 85","Koffing: 153, Seaking: 125, Gyarados: 114",0,"Damage: 200, Status: 0, Hazard: 0, Weather: 0, Cleric: 0, Screen: 0, Pass: 0",None
METAGROSS,S,Attacker,"Meteor Mash: 2993 (64.5%), Bullet Punch: 890 (19.2%), Gravity: 707 (15.2%), Explosion: 49 (1.1%)",2229,248,8.99,254,10.01,4.41,1.92,212,330,78,515,-1.16,1355,"Magikarp: 57, Rattata: 48, Sneasel: 38","Magneton: 16, Magmar: 15, Typhlosion: 14",0,"Damage: 254, Status: 0, Hazard: 0, Weather: 0, Cleric: 0, Screen: 0, Pass: 0",None
METAPOD,F-,Defender,"Harden: 22021 (61.4%), Bug Bite: 4903 (13.7%), String Shot: 4496 (12.5%), Tackle: 3744 (10.4%), Struggle: 683 (1.9%)",417,7718,0.05,1236,0.21,12.04,6.39,572,819,1966,0,4.55,4237,"Magikarp: 85, Hoppip: 15, Caterpie: 14","Seaking: 142, Magmar: 127, Rattata: 125",0,"Damage: 1236, Status: 0, Hazard: 0, Weather: 0, Cleric: 0, Screen: 0, Pass: 0",None
MILOTIC,A+,Defender,"Hydro Pump: 218 (43.1%), Ice Beam: 122 (24.1%), Sleep Talk: 101 (20.0%), Rest: 58 (11.5%), Struggle: 7 (1.4%)",111,43,2.58,29,3.26,8.94,3.88,25,60,16,9,-3.74,84,"Magneton: 6, Alakazam: 6, Umbreon: 5","Arcanine: 3, Vileplume: 3, Lapras: 3",0,"Damage: 29, Status: 2, Hazard: 0, Weather: 0, Cleric: 0, Screen: 0, Pass: 0",None
MILTANK,S-,Attacker,"Stomp: 6850 (67.4%), Rollout: 1180 (11.6%), Attract: 1001 (9.9%), Body Slam: 471 (4.6%), Milk Drink: 395 (3.9%), Sleep Talk: 146 (1.4%), Rest: 104 (1.0%), Struggle: 9 (0.1%)",2206,590,3.74,141,3.98,7.9,2.82,518,434,391,105,4.53,1571,"Seaking: 64, Magnemite: 60, Magmar: 50","Alakazam: 28, Graveler: 20, Weezing: 15",0,"Damage: 141, Status: 25, Hazard: 0, Weather: 0, Cleric: 0, Screen: 0, Pass: 0",None
MINUN,B,All-Rounder,"Thunder: 1537 (41.7%), Charge: 736 (19.9%), Fake Tears: 730 (19.8%), Swift: 687 (18.6%)",1023,646,1.58,245,1.96,3.37,1.69,109,490,169,0,-5.49,1411,"Seaking: 29, Gastly: 25, Magikarp: 25","Graveler: 33, Magmar: 21, Quagsire: 21",0,"Damage: 245, Status: 0, Hazard: 0, Weather: 0, Cleric: 0, Screen: 0, Pass: 0",None
MISMAGIUS,F,All-Rounder,"Astonish: 84 (38.5%), Perish Song: 56 (25.7%), Mean Look: 50 (22.9%), Confuse Ray: 28 (12.8%)",9,82,0.11,26,0.43,4.13,1.93,3,5,6,27,4.33,86,"Venomoth: 2, Gengar: 2, Exeggcute: 1","Gallade: 3, Charizard: 3, Gyarados: 3",0,"Damage: 21, Status: 10, Hazard: 0, Weather: 0, Cleric: 0, Screen: 0, Pass: 0",None
MR MIME,A-,Support,"Psychic: 18164 (33.0%), Double Slap: 6755 (12.3%), Psybeam: 4607 (8.4%), Substitute: 4579 (8.3%), Meditate: 4117 (7.5%), Light Screen: 4045 (7.4%), Double Team: 3756 (6.8%), Reflect: 3167 (5.8%), Encore: 2779 (5.1%), Mimic: 1393 (2.5%), Trick Room: 631 (1.1%), Baton Pass: 531 (1.0%), Thunder: 179 (0.3%), Skill Swap: 137 (0.2%), Struggle: 59 (0.1%), Recycle: 32 (0.1%), Trick: 31 (0.1%)",11328,5669,2.0,3358,2.59,6.35,2.15,1726,2122,3827,1213,5.96,11040,"Koffing: 331, Magikarp: 307, Rattata: 270","Magmar: 149, Graveler: 147, Sneasel: 145",2,"Damage: 2400, Status: 62, Hazard: 0, Weather: 0, Cleric: 0, Screen: 437, Pass: 699","Tackle: 143 (8.1%), Splash: 74 (4.2%), Quick Attack: 49 (2.8%), Safeguard: 35 (2.0%), Confusion: 31 (1.8%), String Shot: 31 (1.8%), Curse: 29 (1.6%), Protect: 28 (1.6%), Sucker Punch: 28 (1.6%), Defense Curl: 28 (1.6%), Double Team: 28 (1.6%), Aqua Ring: 27 (1.5%), Minimize: 25 (1.4%), Harden: 25 (1.4%), Rest: 25 (1.4%), Disable: 22 (1.2%), Water Gun: 21 (1.2%), Future Sight: 21 (1.2%), Psych Up: 21 (1.2%), Zen Headbutt: 20 (1.1%), Bubble Beam: 19 (1.1%), Water Pulse: 18 (1.0%), Scratch: 18 (1.0%), Ice Shard: 18 (1.0%), Psychic: 17 (1.0%), Growth: 17 (1.0%), Charge: 17 (1.0%), Fury Attack: 16 (0.9%), Vine Whip: 15 (0.8%), Flail: 15 (0.8%), Waterfall: 15 (0.8%), Slash: 15 (0.8%), Lock On: 15 (0.8%), Iron Defense: 15 (0.8%), Thunder Shock: 14 (0.8%), Camouflage: 14 (0.8%), Bubble: 12 (0.7%), Bullet Seed: 12 (0.7%), Uproar: 12 (0.7%), Focus Energy: 11 (0.6%), Agility: 11 (0.6%), Poison Sting: 11 (0.6%), Amnesia: 11 (0.6%), Faint Attack: 11 (0.6%), Present: 10 (0.6%), Swift: 10 (0.6%), Scary Face: 10 (0.6%), Mud Bomb: 10 (0.6%), Recover: 10 (0.6%), Growl: 10 (0.6%), Dig: 10 (0.6%), Thunder: 10 (0.6%), Constrict: 10 (0.6%), Skill Swap: 10 (0.6%), Hypnosis: 9 (0.5%), Sand Attack: 9 (0.5%), Rapid Spin: 9 (0.5%), Mud Shot: 9 (0.5%), Wake Up Slap: 8 (0.5%), Assurance: 8 (0.5%), Lucky Chant: 8 (0.5%), Endure: 8 (0.5%), Sludge Bomb: 8 (0.5%), Ember: 8 (0.5%), Air Slash: 8 (0.5%), Rage: 8 (0.5%), Aqua Tail: 8 (0.5%), Horn Attack: 8 (0.5%), Sweet Scent: 8 (0.5%), Leer: 8 (0.5%), Counter: 8 (0.5%), Sing: 8 (0.5%), Light Screen: 7 (0.4%), Supersonic: 7 (0.4%), Sludge: 7 (0.4%), Metal Claw: 7 (0.4%), Bite: 7 (0.4%), Psycho Cut: 7 (0.4%), Stun Spore: 7 (0.4%), Whirlpool: 7 (0.4%), Spite: 7 (0.4%), Rock Polish: 7 (0.4%), Charge Beam: 7 (0.4%), Dragon Rage: 7 (0.4%), Gyro Ball: 6 (0.3%), Psybeam: 6 (0.3%), Mud Sport: 6 (0.3%), Flash: 6 (0.3%), Rollout: 6 (0.3%), Fury Swipes: 6 (0.3%), Twister: 6 (0.3%), Feather Dance: 6 (0.3%), Comet Punch: 6 (0.3%), Charm: 6 (0.3%), Bind: 6 (0.3%), Astonish: 6 (0.3%), Slam: 6 (0.3%), Smog: 5 (0.3%), Take Down: 5 (0.3%), Sand Tomb: 5 (0.3%), Gastro Acid: 5 (0.3%), Withdraw: 5 (0.3%), Mean Look: 5 (0.3%), Night Slash: 5 (0.3%), Razor Leaf: 5 (0.3%), Seismic Toss: 5 (0.3%), Belly Drum: 5 (0.3%), Tail Whip: 5 (0.3%), Mega Drain: 5 (0.3%), Double Edge: 5 (0.3%), Icicle Spear: 5 (0.3%), Cotton Spore: 5 (0.3%), Smoke Screen: 5 (0.3%), Pound: 5 (0.3%), Aerial Ace: 5 (0.3%), Follow Me: 5 (0.3%), Mach Punch: 5 (0.3%), Double Hit: 5 (0.3%), Peck: 5 (0.3%), Sleep Talk: 5 (0.3%), Me First: 5 (0.3%), Wish: 5 (0.3%), Dark Pulse: 5 (0.3%), Reflect: 4 (0.2%), Poison Jab: 4 (0.2%), Air Cutter: 4 (0.2%), Tailwind: 4 (0.2%), Karate Chop: 4 (0.2%), Giga Drain: 4 (0.2%), Iron Tail: 4 (0.2%), Signal Beam: 4 (0.2%), Gust: 4 (0.2%), Teeter Dance: 4 (0.2%), Mirror Move: 4 (0.2%), Revenge: 4 (0.2%), Rock Throw: 4 (0.2%), Aurora Beam: 3 (0.2%), Stockpile: 3 (0.2%), Nasty Plot: 3 (0.2%), Rock Tomb: 3 (0.2%), Cross Chop: 3 (0.2%), Screech: 3 (0.2%), Leech Life: 3 (0.2%), Crush Claw: 3 (0.2%), Earthquake: 3 (0.2%), Strength: 3 (0.2%), Swagger: 3 (0.2%), Clamp: 3 (0.2%), Lick: 2 (0.1%), Petal Dance: 2 (0.1%), Seed Bomb: 2 (0.1%), Role Play: 2 (0.1%), Gunk Shot: 2 (0.1%), Vice Grip: 2 (0.1%), Secret Power: 2 (0.1%), Rain Dance: 2 (0.1%), Confuse Ray: 2 (0.1%), Foresight: 2 (0.1%), Spark: 2 (0.1%), Acid: 2 (0.1%), Magnet Bomb: 2 (0.1%), Thunder Wave: 2 (0.1%), Silver Wind: 2 (0.1%), Earth Power: 2 (0.1%), Extrasensory: 2 (0.1%), Magnitude: 2 (0.1%), Ice Beam: 2 (0.1%), Thrash: 2 (0.1%), Body Slam: 2 (0.1%), Rock Slide: 2 (0.1%), Discharge: 1 (0.1%), Gravity: 1 (0.1%), Fury Cutter: 1 (0.1%), Flame Wheel: 1 (0.1%), Feint: 1 (0.1%), Cut: 1 (0.1%), Brave Bird: 1 (0.1%), Hyper Fang: 1 (0.1%), Calm Mind: 1 (0.1%), Super Fang: 1 (0.1%), Wring Out: 1 (0.1%), Mind Reader: 1 (0.1%), Hi Jump Kick: 1 (0.1%), Hydro Pump: 1 (0.1%), Drain Punch: 1 (0.1%), Worry Seed: 1 (0.1%), Sonic Boom: 1 (0.1%), Spider Web: 1 (0.1%), Magnet Rise: 1 (0.1%), Odor Sleuth: 1 (0.1%), Double Kick: 1 (0.1%), Swords Dance: 1 (0.1%), Ice Fang: 1 (0.1%), Sunny Day: 1 (0.1%), Night Shade: 1 (0.1%), Hyper Beam: 1 (0.1%), Shadow Punch: 1 (0.1%), Sandstorm: 1 (0.1%), Pursuit: 1 (0.1%), Bug Bite: 1 (0.1%), Pin Missile: 1 (0.1%), Barrier: 1 (0.1%), Poison Fang: 1 (0.1%), Substitute: 1 (0.1%), Ominous Wind: 1 (0.1%), Leaf Storm: 1 (0.1%)"
MUK,B,Disrupter,"Sludge: 11474 (23.9%), Mud Bomb: 9657 (20.1%), Minimize: 7958 (16.6%), Disable: 6605 (13.8%), Sludge Bomb: 5525 (11.5%), Screech: 2402 (5.0%), Acid Armor: 1774 (3.7%), Fling: 1040 (2.2%), Gunk Shot: 793 (1.7%), Toxic: 425 (0.9%), Swagger: 291 (0.6%), Struggle: 23 (0.0%)",5815,3912,1.49,1836,1.96,8.43,3.65,1517,5803,14428,5699,16.32,7253,"Magnemite: 141, Rattata: 126, Butterfree: 121","Graveler: 133, Seaking: 95, Quagsire: 92",0,"Damage: 1736, Status: 1033, Hazard: 0, Weather: 0, Cleric: 0, Screen: 0, Pass: 0",None
MURKROW,B,All-Rounder,"Wing Attack: 1242 (36.0%), Night Shade: 1070 (31.0%), Pursuit: 619 (17.9%), Pluck: 318 (9.2%), Faint Attack: 102 (3.0%), Astonish: 53 (1.5%), Whirlwind: 24 (0.7%), Sucker Punch: 23 (0.7%)",1393,804,1.73,353,2.17,3.68,1.29,258,92,154,0,8.87,1471,"Magnemite: 45, Magmar: 41, Exeggcute: 39","Magneton: 47, Electrode: 27, Weezing: 26",0,"Damage: 353, Status: 0, Hazard: 0, Weather: 0, Cleric: 0, Screen: 0, Pass: 0",None
NATU,D,All-Rounder,"Me First: 3221 (47.4%), Night Shade: 1761 (25.9%), Leer: 976 (14.4%), Confuse Ray: 836 (12.3%)",740,1455,0.51,818,1.07,4.83,2.16,88,198,273,104,2.45,1727,"Magikarp: 53, Koffing: 28, Onix: 21","Butterfree: 50, Rattata: 34, Raticate: 30",0,"Damage: 665, Status: 378, Hazard: 0, Weather: 0, Cleric: 0, Screen: 0, Pass: 0",None
NIDOKING,B+,All-Rounder,"Double Kick: 7946 (16.3%), Poison Sting: 7868 (16.2%), Thrash: 7784 (16.0%), Focus Energy: 5629 (11.6%), Earth Power: 5478 (11.3%), Peck: 5424 (11.2%), Shadow Claw: 4118 (8.5%), Poison Jab: 1627 (3.3%), Focus Blast: 1477 (3.0%), Megahorn: 1129 (2.3%), Fury Attack: 124 (0.3%)",11806,6171,1.91,2781,2.36,5.29,2.81,7776,2364,2028,2547,14.64,11151,"Magikarp: 323, Rattata: 306, Butterfree: 269","Seaking: 161, Koffing: 157, Graveler: 152",2,"Damage: 2756, Status: 864, Hazard: 0, Weather: 0, Cleric: 0, Screen: 0, Pass: 0",None
NIDOQUEEN,C+,All-Rounder,"Tail Whip: 5737 (19.1%), Body Slam: 5644 (18.8%), Double Kick: 4893 (16.3%), Earth Power: 4289 (14.3%), Poison Sting: 3463 (11.5%), Superpower: 2481 (8.2%), Poison Jab: 2325 (7.7%), Scratch: 641 (2.1%), Crunch: 368 (1.2%), Poison Fang: 110 (0.4%), Roar: 108 (0.4%), Captivate: 31 (0.1%)",5538,4290,1.29,1621,1.67,5.68,3.01,1672,1676,1273,2866,4.04,7058,"Magnemite: 149, Seaking: 102, Rattata: 101","Gyarados: 113, Graveler: 100, Seaking: 99",1,"Damage: 1608, Status: 591, Hazard: 0, Weather: 0, Cleric: 0, Screen: 0, Pass: 0",None
NIDORAN F,F-,Attacker,"Scratch: 2854 (34.3%), Tail Whip: 2842 (34.2%), Growl: 2623 (31.5%), Struggle: 1 (0.0%)",203,1291,0.16,22,0.17,7.33,4.39,171,383,340,0,1.48,1364,"Magikarp: 54, Bellsprout: 13, Caterpie: 10","Rattata: 32, Koffing: 29, Graveler: 18",0,"Damage: 22, Status: 0, Hazard: 0, Weather: 0, Cleric: 0, Screen: 0, Pass: 0",None
NIDORAN M,F+,Attacker,"Peck: 2287 (44.1%), Leer: 1155 (22.3%), Focus Energy: 881 (17.0%), Double Kick: 868 (16.7%)",559,1248,0.45,24,0.47,4.52,2.65,656,179,241,0,13.22,1447,"Magikarp: 54, Rattata: 32, Bellsprout: 30","Koffing: 32, Graveler: 23, Seaking: 18",0,"Damage: 24, Status: 0, Hazard: 0, Weather: 0, Cleric: 0, Screen: 0, Pass: 0",None
NIDORINA,D-,Disrupter,"Bite: 17206 (34.3%), Tail Whip: 12240 (24.4%), Poison Sting: 4813 (9.6%), Flatter: 4327 (8.6%), Fury Swipes: 3938 (7.9%), Toxic Spikes: 3651 (7.3%), Double Kick: 2042 (4.1%), Scratch: 964 (1.9%), Helping Hand: 921 (1.8%)",3390,8053,0.42,4650,1.0,6.43,3.41,2076,2738,2073,5592,2.84,9980,"Magikarp: 171, Rattata: 112, Gastly: 81","Koffing: 187, Seaking: 169, Gyarados: 137",2,"Damage: 3960, Status: 2610, Hazard: 581, Weather: 0, Cleric: 0, Screen: 0, Pass: 0",None
NIDORINO,E+,All-Rounder,"Horn Attack: 4061 (23.1%), Poison Sting: 3357 (19.1%), Fury Attack: 2356 (13.4%), Double Kick: 2318 (13.2%), Flatter: 1405 (8.0%), Peck: 1260 (7.2%), Focus Energy: 1230 (7.0%), Toxic Spikes: 681 (3.9%), Poison Jab: 527 (3.0%), Helping Hand: 369 (2.1%)",2470,4266,0.58,1180,0.86,4.8,2.42,1746,1120,796,944,7.65,5727,"Skiploom: 52, Rattata: 51, Seaking: 50","Seaking: 106, Graveler: 97, Magmar: 80",1,"Damage: 997, Status: 644, Hazard: 44, Weather: 0, Cleric: 0, Screen: 0, Pass: 0",None
NINCADA,D,All-Rounder,"Dig: 2520 (32.3%), Metal Claw: 2050 (26.3%), Leech Life: 1949 (25.0%), Mud Slap: 1279 (16.4%), Struggle: 1 (0.0%)",554,1357,0.41,903,1.07,6.19,2.74,396,170,1847,1343,21.59,1595,"Magikarp: 54, Rattata: 32, Magnemite: 27","Butterfree: 34, Golbat: 31, Koffing: 31",0,"Damage: 903, Status: 0, Hazard: 0, Weather: 0, Cleric: 0, Screen: 0, Pass: 0",None
NINETALES,A-,Disrupter,"Quick Attack: 6362 (37.5%), Flamethrower: 2832 (16.7%), Will O Wisp: 2402 (14.2%), Nasty Plot: 1613 (9.5%), Overheat: 1516 (8.9%), Fire Blast: 794 (4.7%), Confuse Ray: 779 (4.6%), Roar: 649 (3.8%)",3770,1693,2.23,545,2.55,5.93,2.59,635,1408,522,148,-1.33,3410,"Magnemite: 113, Koffing: 89, Bellsprout: 77","Graveler: 55, Quagsire: 53, Seaking: 44",0,"Damage: 463, Status: 484, Hazard: 0, Weather: 0, Cleric: 0, Screen: 0, Pass: 0",None
NOCTOWL,B+,Attacker,"Air Slash: 16006 (24.3%), Zen Headbutt: 8854 (13.4%), Extrasensory: 7559 (11.5%), Take Down: 7370 (11.2%), Confusion: 7328 (11.1%), Reflect: 5444 (8.3%), Hypnosis: 3591 (5.5%), Uproar: 3233 (4.9%), Peck: 3219 (4.9%), Dream Eater: 1659 (2.5%), Roost: 1159 (1.8%), Shadow Ball: 178 (0.3%), Psycho Shift: 166 (0.3%), Feather Dance: 68 (0.1%)",13493,6427,2.1,1081,2.27,6.62,3.38,3074,5459,2532,5185,0.27,12024,"Koffing: 362, Rattata: 286, Magikarp: 282","Graveler: 236, Magnemite: 185, Seaking: 177",2,"Damage: 1080, Status: 123, Hazard: 0, Weather: 0, Cleric: 0, Screen: 0, Pass: 0",None
NUMEL,D+,Attacker,"Magnitude: 1610 (30.2%), Earth Power: 1490 (28.0%), Amnesia: 1156 (21.7%), Overheat: 1073 (20.1%)",1315,1131,1.16,16,1.18,4.12,2.4,230,324,266,65,2.83,1613,"Magikarp: 53, Koffing: 44, Rattata: 41","Fearow: 21, Seaking: 21, Gyarados: 20",0,"Damage: 16, Status: 0, Hazard: 0, Weather: 0, Cleric: 0, Screen: 0, Pass: 0",None
OCTILLERY,C,All-Rounder,"Octazooka: 3000 (25.9%), Wring Out: 2852 (24.6%), Bullet Seed: 2396 (20.7%), Signal Beam: 2005 (17.3%), Aurora Beam: 685 (5.9%), Focus Energy: 642 (5.5%)",2947,2298,1.28,436,1.47,4.99,2.62,1143,809,818,843,9.46,3637,"Koffing: 97, Goldeen: 62, Seaking: 61","Seaking: 69, Weezing: 47, Victreebel: 42",0,"Damage: 436, Status: 32, Hazard: 0, Weather: 0, Cleric: 0, Screen: 0, Pass: 0",None
ODDISH,D,All-Rounder,"Mega Drain: 10923 (27.1%), Acid: 7172 (17.8%), Absorb: 4811 (11.9%), Petal Dance: 4787 (11.9%), Stun Spore: 4075 (10.1%), Sweet Scent: 3623 (9.0%), Poison Powder: 2350 (5.8%), Sleep Powder: 1562 (3.9%), Moonlight: 717 (1.8%), Giga Drain: 245 (0.6%), Struggle: 40 (0.1%), Natural Gift: 25 (0.1%)",5090,6702,0.76,2116,1.08,6.17,3.29,1644,3260,1991,558,0.88,8886,"Magikarp: 218, Rattata: 158, Geodude: 147","Graveler: 141, Koffing: 137, Magmar: 131",0,"Damage: 1965, Status: 1158, Hazard: 0, Weather: 0, Cleric: 0, Screen: 0, Pass: 0",None
OMASTAR,C,All-Rounder,"Brine: 382 (36.0%), Ancient Power: 353 (33.3%), Protect: 272 (25.6%), Sandstorm: 42 (4.0%), Spike Cannon: 12 (1.1%)",318,243,1.31,60,1.56,4.65,1.91,48,37,58,35,6.25,392,"Gyarados: 15, Crobat: 9, Skiploom: 9","Alakazam: 21, Gengar: 13, Starmie: 12",0,"Damage: 58, Status: 0, Hazard: 0, Weather: 7, Cleric: 0, Screen: 0, Pass: 0",None
ONIX,E+,Weather,"Rock Polish: 25407 (21.3%), Curse: 19816 (16.6%), Slam: 10953 (9.2%), Sandstorm: 10481 (8.8%), Screech: 10327 (8.6%), Rock Tomb: 9556 (8.0%), Dragon Breath: 6927 (5.8%), Rage: 5516 (4.6%), Harden: 5469 (4.6%), Rock Throw: 4844 (4.1%), Iron Tail: 4584 (3.8%), Bind: 3160 (2.6%), Rock Slide: 869 (0.7%), Double Edge: 608 (0.5%), Sand Tomb: 576 (0.5%), Earthquake: 288 (0.2%), Struggle: 41 (0.0%), Stealth Rock: 37 (0.0%)",6588,14831,0.44,6310,0.87,8.63,4.96,2230,12662,5253,8205,-4.14,15945,"Magikarp: 408, Rattata: 342, Pikachu: 227","Seaking: 269, Butterfree: 260, Gyarados: 245",15,"Damage: 5094, Status: 351, Hazard: 30, Weather: 3567, Cleric: 0, Screen: 0, Pass: 0",None
PACHIRISU,E-,All-Rounder,"Discharge: 103 (40.1%), Super Fang: 69 (26.8%), Sweet Kiss: 52 (20.2%), Quick Attack: 33 (12.8%)",20,68,0.29,22,0.62,5.21,1.97,6,29,13,18,-6.15,77,"Gengar: 3, Crobat: 2, Kingdra: 2","Quagsire: 9, Machamp: 5, Gengar: 4",0,"Damage: 21, Status: 9, Hazard: 0, Weather: 0, Cleric: 0, Screen: 0, Pass: 0",None
PARAS,E,All-Rounder,"Slash: 7363 (23.5%), Scratch: 7151 (22.9%), Giga Drain: 4589 (14.7%), Growth: 3644 (11.6%), Leech Life: 2875 (9.2%), Stun Spore: 2016 (6.4%), Spore: 1325 (4.2%), Poison Powder: 1264 (4.0%), Attract: 872 (2.8%), Aromatherapy: 184 (0.6%), Struggle: 4 (0.0%)",3276,6136,0.53,1511,0.78,6.45,3.23,1745,1799,1468,0,4.32,6204,"Magikarp: 184, Rattata: 126, Bellsprout: 101","Koffing: 145, Butterfree: 133, Graveler: 120",0,"Damage: 1437, Status: 792, Hazard: 0, Weather: 0, Cleric: 0, Screen: 0, Pass: 0",None
PARASECT,B-,All-Rounder,"Slash: 19788 (39.9%), Growth: 10644 (21.5%), Giga Drain: 8061 (16.3%), Spore: 6592 (13.3%), X Scissor: 2106 (4.2%), Swords Dance: 1623 (3.3%), Attract: 434 (0.9%), Leech Life: 322 (0.6%), Struggle: 3 (0.0%)",9186,6534,1.41,2496,1.79,6.11,2.79,2961,1460,1980,0,6.75,10447,"Seaking: 272, Rattata: 239, Magikarp: 239","Golbat: 249, Magmar: 197, Graveler: 186",4,"Damage: 2253, Status: 1252, Hazard: 0, Weather: 0, Cleric: 0, Screen: 0, Pass: 0",None
PELIPPER,B,All-Rounder,"Surf: 300 (54.5%), Ice Beam: 144 (26.2%), Tailwind: 84 (15.3%), Hidden Power: 22 (4.0%)",205,129,1.59,60,2.05,3.81,1.54,14,11,31,7,5.99,225,"Graveler: 17, Golem: 13, Onix: 13","Magneton: 12, Electabuzz: 9, Starmie: 7",0,"Damage: 60, Status: 1, Hazard: 0, Weather: 0, Cleric: 0, Screen: 0, Pass: 0",None
PERSIAN,C,Attacker,"Power Gem: 2415 (26.2%), Faint Attack: 2300 (25.0%), Taunt: 2269 (24.7%), Slash: 2218 (24.1%)",1572,1052,1.49,68,1.56,6.54,4.11,558,108,340,0,8.28,1611,"Magikarp: 54, Rattata: 50, Zubat: 46","Koffing: 32, Seaking: 25, Graveler: 23",0,"Damage: 68, Status: 0, Hazard: 0, Weather: 0, Cleric: 0, Screen: 0, Pass: 0",None
PHANPY,F+,All-Rounder,"Endure: 6786 (36.4%), Charm: 4931 (26.5%), Slam: 3128 (16.8%), Double Edge: 2309 (12.4%), Last Resort: 1472 (7.9%), Struggle: 3 (0.0%)",1175,3632,0.32,516,0.47,5.01,3.33,321,1238,935,0,0.09,4432,"Magikarp: 90, Rattata: 58, Zubat: 42","Butterfree: 73, Graveler: 72, Koffing: 65",0,"Damage: 516, Status: 0, Hazard: 0, Weather: 0, Cleric: 0, Screen: 0, Pass: 0",None
PICHU,F+,Disrupter,"Tail Whip: 4730 (37.8%), Sweet Kiss: 2829 (22.6%), Charm: 1803 (14.4%), Thunder Wave: 1638 (13.1%), Nasty Plot: 1503 (12.0%), Struggle: 13 (0.1%)",1,3342,0.0,1870,0.56,4.36,1.68,0,1010,401,0,-4.71,3418,Hoppip: 1,"Koffing: 88, Rattata: 67, Goldeen: 53",0,"Damage: 7, Status: 1868, Hazard: 0, Weather: 0, Cleric: 0, Screen: 0, Pass: 0",None
PIDGEOT,B-,Defender,"Wing Attack: 24339 (43.4%), Roost: 7469 (13.3%), Feather Dance: 5709 (10.2%), Agility: 5215 (9.3%), Mirror Move: 4151 (7.4%), Tailwind: 2245 (4.0%), Sand Attack: 1853 (3.3%), Quick Attack: 1336 (2.4%), Steel Wing: 1280 (2.3%), Twister: 1157 (2.1%), Whirlwind: 336 (0.6%), Return: 329 (0.6%), Air Slash: 298 (0.5%), Double Team: 243 (0.4%), Swagger: 88 (0.2%), Struggle: 8 (0.0%)",7580,4971,1.52,1795,1.89,8.8,4.58,1794,1427,7268,322,12.04,7405,"Butterfree: 189, Rattata: 169, Skiploom: 156","Magnemite: 158, Graveler: 138, Magneton: 108",3,"Damage: 1786, Status: 46, Hazard: 0, Weather: 0, Cleric: 0, Screen: 0, Pass: 0",None
PIDGEOTTO,E+,All-Rounder,"Twister: 7171 (17.3%), Feather Dance: 6126 (14.7%), Gust: 5363 (12.9%), Wing Attack: 5116 (12.3%), Agility: 4533 (10.9%), Tackle: 4520 (10.9%), Quick Attack: 3919 (9.4%), Roost: 1837 (4.4%), Sand Attack: 1489 (3.6%), Whirlwind: 1468 (3.5%), Struggle: 12 (0.0%)",4260,7132,0.6,1413,0.8,6.1,3.05,1534,807,4274,0,10.91,9108,"Rattata: 165, Butterfree: 142, Zubat: 124","Magnemite: 152, Koffing: 137, Seaking: 132",0,"Damage: 1413, Status: 0, Hazard: 0, Weather: 0, Cleric: 0, Screen: 0, Pass: 0",None
PIDGEY,F,Defender,"Tackle: 32439 (43.1%), Sand Attack: 22305 (29.6%), Gust: 10050 (13.4%), Quick Attack: 8850 (11.8%), Whirlwind: 1520 (2.0%), Struggle: 87 (0.1%)",3912,16659,0.23,3127,0.42,8.22,3.76,2940,2688,19311,0,20.69,10667,"Magikarp: 380, Rattata: 145, Bellsprout: 138","Koffing: 317, Butterfree: 297, Raticate: 280",6,"Damage: 3127, Status: 0, Hazard: 0, Weather: 0, Cleric: 0, Screen: 0, Pass: 0",None
PIKACHU,E+,All-Rounder,"Double Team: 17052 (21.5%), Thunderbolt: 10766 (13.6%), Feint: 10290 (13.0%), Quick Attack: 7515 (9.5%), Slam: 6272 (7.9%), Discharge: 6188 (7.8%), Thunder Shock: 4981 (6.3%), Tail Whip: 3719 (4.7%), Light Screen: 3378 (4.3%), Agility: 3307 (4.2%), Growl: 1997 (2.5%), Thunder Wave: 1764 (2.2%), Volt Tackle: 1166 (1.5%), Iron Tail: 888 (1.1%), Struggle: 5 (0.0%)",10074,17066,0.59,3644,0.8,5.68,2.23,2670,3959,13796,2419,13.48,16159,"Magikarp: 492, Zubat: 268, Koffing: 240","Seaking: 325, Quagsire: 310, Magmar: 301",8,"Damage: 3125, Status: 1739, Hazard: 0, Weather: 0, Cleric: 0, Screen: 129, Pass: 0",None
PILOSWINE,A+,All-Rounder,"Mud Bomb: 1061 (38.0%), Blizzard: 824 (29.5%), Ice Fang: 525 (18.8%), Hail: 375 (13.4%), Struggle: 6 (0.2%)",948,297,3.19,189,3.83,5.31,2.24,117,347,372,196,3.9,768,"Magnemite: 49, Pikachu: 22, Seaking: 21","Seaking: 23, Magmar: 10, Arcanine: 10",0,"Damage: 169, Status: 7, Hazard: 0, Weather: 106, Cleric: 0, Screen: 0, Pass: 0",None
PINSIR,B+,Attacker,"Thrash: 1616 (35.0%), X Scissor: 1088 (23.6%), Swords Dance: 905 (19.6%), Vital Throw: 767 (16.6%), Earthquake: 104 (2.3%), Guillotine: 91 (2.0%), Rock Tomb: 41 (0.9%)",1880,801,2.35,54,2.41,4.38,1.93,210,139,213,24,5.89,1642,"Seaking: 64, Magnemite: 46, Butterfree: 36","Golbat: 28, Magmar: 25, Crobat: 20",0,"Damage: 54, Status: 0, Hazard: 0, Weather: 0, Cleric: 0, Screen: 0, Pass: 0",None
PLUSLE,A-,All-Rounder,"Thunder: 2445 (51.1%), Swift: 988 (20.6%), Charge: 837 (17.5%), Copycat: 517 (10.8%)",1511,767,1.97,419,2.52,3.29,1.58,220,771,209,21,-6.81,1644,"Koffing: 44, Seaking: 38, Magikarp: 33","Graveler: 33, Raticate: 29, Magmar: 18",0,"Damage: 419, Status: 6, Hazard: 0, Weather: 0, Cleric: 0, Screen: 0, Pass: 0",None
POLITOED,D,All-Rounder,"Body Slam: 1957 (31.2%), Whirlpool: 1924 (30.7%), Perish Song: 1256 (20.0%), Rain Dance: 1137 (18.1%)",409,1358,0.3,1081,1.1,4.42,2.55,197,607,299,455,-2.12,1623,"Rattata: 23, Geodude: 14, Onix: 13","Graveler: 21, Sneasel: 16, Koffing: 13",0,"Damage: 1081, Status: 274, Hazard: 0, Weather: 0, Cleric: 0, Screen: 0, Pass: 0",None
POLIWAG,F,Defender,"Bubble: 10717 (39.2%), Hypnosis: 6743 (24.7%), Water Gun: 2918 (10.7%), Double Slap: 2743 (10.0%), Water Sport: 2668 (9.8%), Rain Dance: 1374 (5.0%), Struggle: 184 (0.7%)",841,4000,0.21,487,0.33,9.83,3.66,968,3710,977,956,-6.33,2946,"Magikarp: 108, Geodude: 57, Onix: 41","Rattata: 95, Koffing: 93, Raticate: 63",6,"Damage: 478, Status: 238, Hazard: 0, Weather: 0, Cleric: 0, Screen: 0, Pass: 0",None
POLIWHIRL,D,All-Rounder,"Bubble Beam: 16371 (18.5%), Water Gun: 12750 (14.4%), Double Slap: 12374 (14.0%), Body Slam: 11588 (13.1%), Hypnosis: 8211 (9.3%), Mud Shot: 8009 (9.1%), Rain Dance: 7594 (8.6%), Belly Drum: 4067 (4.6%), Wake Up Slap: 3829 (4.3%), Bubble: 3459 (3.9%), Struggle: 128 (0.1%)",10778,14021,0.77,3850,1.04,6.13,2.76,3832,7312,3433,10248,-0.09,17155,"Magikarp: 339, Rattata: 312, Koffing: 292","Butterfree: 295, Golbat: 260, Seaking: 256",2,"Damage: 3838, Status: 685, Hazard: 0, Weather: 0, Cleric: 0, Screen: 0, Pass: 0",None
POLIWRATH,B,Attacker,"Hypnosis: 10276 (24.7%), Submission: 5834 (14.0%), Dynamic Punch: 4256 (10.2%), Bubble Beam: 3922 (9.4%), Hydro Pump: 3487 (8.4%), Double Slap: 3223 (7.7%), Mud Shot: 3105 (7.5%), Surf: 2030 (4.9%), Strength: 1208 (2.9%), Ice Punch: 1164 (2.8%), Body Slam: 891 (2.1%), Focus Punch: 814 (2.0%), Wake Up Slap: 681 (1.6%), Belly Drum: 230 (0.6%), Waterfall: 227 (0.5%), Double Team: 189 (0.5%), Substitute: 113 (0.3%), Struggle: 25 (0.1%)",7860,4031,1.95,934,2.18,6.71,2.55,1521,9581,1501,4157,-15.07,7850,"Koffing: 270, Magmar: 185, Graveler: 183","Alakazam: 109, Golbat: 106, Starmie: 77",3,"Damage: 902, Status: 390, Hazard: 0, Weather: 0, Cleric: 0, Screen: 0, Pass: 0",None
PONYTA,D+,All-Rounder,"Tail Whip: 1913 (25.3%), Flame Wheel: 1899 (25.1%), Tackle: 1886 (24.9%), Ember: 1871 (24.7%)",1101,1253,0.88,470,1.25,5.38,2.68,348,405,287,171,3.17,1653,"Butterfree: 56, Magikarp: 53, Rattata: 47","Graveler: 24, Quagsire: 23, Poliwhirl: 22",0,"Damage: 470, Status: 67, Hazard: 0, Weather: 0, Cleric: 0, Screen: 0, Pass: 0",None
PORYGON,C+,Attacker,"Charge Beam: 5202 (27.2%), Conversion 2: 4994 (26.1%), Recover: 3062 (16.0%), Signal Beam: 1767 (9.2%), Ice Beam: 1739 (9.1%), Solar Beam: 1299 (6.8%), Conversion: 1063 (5.6%), Struggle: 17 (0.1%)",3169,2005,1.58,69,1.61,6.9,4.39,508,852,887,3248,2.65,3256,"Rattata: 124, Magikarp: 119, Koffing: 92","Seaking: 42, Koffing: 39, Raticate: 39",0,"Damage: 69, Status: 11, Hazard: 0, Weather: 0, Cleric: 0, Screen: 0, Pass: 0",None
PORYGON2,S,All-Rounder,"Tri Attack: 2169 (49.6%), Protect: 990 (22.6%), Trick Room: 617 (14.1%), Charge Beam: 597 (13.7%)",1627,286,5.69,365,6.97,3.39,1.32,148,89,129,366,4.19,1448,"Koffing: 68, Seaking: 44, Magikarp: 39","Alakazam: 10, Poliwrath: 10, Seaking: 9",0,"Damage: 365, Status: 0, Hazard: 0, Weather: 0, Cleric: 0, Screen: 0, Pass: 0",None
PRIMEAPE,B-,Disrupter,"Swagger: 6620 (16.2%), Assurance: 6290 (15.4%), Screech: 5473 (13.4%), Rage: 5440 (13.3%), Double Team: 3290 (8.0%), Cross Chop: 3042 (7.4%), Thrash: 2859 (7.0%), Rock Slide: 2579 (6.3%), Seismic Toss: 1989 (4.9%), Focus Punch: 1400 (3.4%), Leer: 928 (2.3%), Karate Chop: 781 (1.9%), Payback: 133 (0.3%), Thunder Punch: 92 (0.2%), Close Combat: 42 (0.1%)",7717,6095,1.27,3954,1.91,5.15,2.17,1481,3379,3533,397,3.63,9712,"Magikarp: 218, Rattata: 186, Butterfree: 143","Graveler: 166, Golbat: 123, Koffing: 122",2,"Damage: 3471, Status: 2277, Hazard: 0, Weather: 0, Cleric: 0, Screen: 0, Pass: 0",None
PSYDUCK,E-,All-Rounder,"Confusion: 6055 (16.6%), Water Gun: 5753 (15.8%), Disable: 5472 (15.0%), Screech: 4176 (11.5%), Zen Headbutt: 3883 (10.7%), Fury Swipes: 2774 (7.6%), Scratch: 2655 (7.3%), Water Pulse: 2328 (6.4%), Tail Whip: 1574 (4.3%), Psych Up: 879 (2.4%), Amnesia: 875 (2.4%)",3871,8448,0.46,1393,0.62,4.79,2.46,1511,3924,1752,1321,-1.68,10387,"Koffing: 188, Magikarp: 167, Geodude: 130","Butterfree: 168, Seaking: 167, Gyarados: 127",0,"Damage: 1393, Status: 202, Hazard: 0, Weather: 0, Cleric: 0, Screen: 0, Pass: 0",None
QUAGSIRE,C+,Attacker / Disrupter,"Yawn: 26496 (23.7%), Amnesia: 24362 (21.8%), Earthquake: 16406 (14.7%), Rain Dance: 15113 (13.5%), Surf: 9699 (8.7%), Muddy Water: 8709 (7.8%), Protect: 6739 (6.0%), Slam: 2069 (1.9%), Mud Bomb: 1381 (1.2%), Water Pulse: 414 (0.4%), Water Gun: 194 (0.2%), Struggle: 115 (0.1%)",17430,11643,1.5,1938,1.66,6.53,4.14,2764,5042,5462,2624,2.72,16487,"Quagsire: 1020, Magnemite: 479, Magikarp: 416","Quagsire: 1020, Seaking: 237, Gyarados: 234",4,"Damage: 1176, Status: 1283, Hazard: 0, Weather: 0, Cleric: 0, Screen: 0, Pass: 0",None
QUILAVA,D-,All-Rounder,"Smoke Screen: 5109 (42.9%), Leer: 3155 (26.5%), Ember: 1263 (10.6%), Flame Wheel: 1143 (9.6%), Quick Attack: 1041 (8.8%), Swift: 186 (1.6%)",1530,1878,0.81,384,1.02,6.23,2.36,202,385,2951,78,18.72,2617,"Magnemite: 123, Skiploom: 45, Bellsprout: 43","Graveler: 70, Seaking: 39, Sneasel: 34",1,"Damage: 384, Status: 24, Hazard: 0, Weather: 0, Cleric: 0, Screen: 0, Pass: 0",None
QWILFISH,C+,All-Rounder,"Rollout: 15749 (20.4%), Brine: 9612 (12.5%), Revenge: 9596 (12.4%), Water Gun: 6823 (8.8%), Pin Missile: 6662 (8.6%), Take Down: 4926 (6.4%), Stockpile: 4896 (6.3%), Aqua Tail: 4486 (5.8%), Minimize: 3852 (5.0%), Poison Jab: 2268 (2.9%), Harden: 2005 (2.6%), Spit Up: 1904 (2.5%), Destiny Bond: 1694 (2.2%), Poison Sting: 1235 (1.6%), Toxic Spikes: 1021 (1.3%), Surf: 462 (0.6%), Struggle: 7 (0.0%)",15241,11798,1.29,4208,1.65,5.54,2.86,4061,6009,8447,705,7.54,17349,"Rattata: 390, Magikarp: 334, Koffing: 329","Magnemite: 254, Graveler: 248, Quagsire: 222",2,"Damage: 4124, Status: 1353, Hazard: 57, Weather: 0, Cleric: 0, Screen: 0, Pass: 0",None
RAICHU,A,All-Rounder,"Quick Attack: 7956 (26.3%), Thunderbolt: 6263 (20.7%), Shock Wave: 4110 (13.6%), Tail Whip: 3655 (12.1%), Double Team: 3439 (11.4%), Thunder Shock: 2747 (9.1%), Thunder Wave: 1657 (5.5%), Grass Knot: 372 (1.2%), Struggle: 5 (0.0%)",7005,2743,2.55,1127,2.96,6.04,2.25,1247,843,3715,454,12.1,5848,"Koffing: 193, Magikarp: 177, Rattata: 176","Quagsire: 92, Graveler: 78, Magmar: 52",0,"Damage: 1019, Status: 528, Hazard: 0, Weather: 0, Cleric: 0, Screen: 0, Pass: 0",None
RAMPARDOS,B+,Attacker,"Stone Edge: 285 (60.9%), Earthquake: 107 (22.9%), Avalanche: 49 (10.5%), Rock Polish: 27 (5.8%)",288,135,2.13,31,2.36,3.39,1.46,36,60,25,0,0.2,270,"Koffing: 24, Victreebel: 14, Weezing: 12","Alakazam: 13, Gyarados: 11, Starmie: 9",1,"Damage: 31, Status: 0, Hazard: 0, Weather: 0, Cleric: 0, Screen: 0, Pass: 0",None
RAPIDASH,B+,All-Rounder,"Fire Blast: 8559 (17.8%), Bounce: 7816 (16.2%), Stomp: 7658 (15.9%), Agility: 5300 (11.0%), Fury Attack: 5113 (10.6%), Flare Blitz: 3122 (6.5%), Take Down: 2930 (6.1%), Flame Wheel: 2463 (5.1%), Will O Wisp: 1813 (3.8%), Ember: 1579 (3.3%), Fire Spin: 1279 (2.7%), Overheat: 251 (0.5%), Quick Attack: 160 (0.3%), Megahorn: 91 (0.2%), Struggle: 1 (0.0%)",11954,6186,1.93,3534,2.5,5.17,2.11,2439,4597,4735,569,4.88,11282,"Butterfree: 299, Zubat: 283, Magmar: 265","Graveler: 191, Seaking: 174, Gyarados: 134",5,"Damage: 3442, Status: 904, Hazard: 0, Weather: 0, Cleric: 0, Screen: 0, Pass: 0",None
RATICATE,D+,All-Rounder,"Hyper Fang: 17860 (20.8%), Crunch: 13585 (15.8%), Scary Face: 10994 (12.8%), Sucker Punch: 9619 (11.2%), Super Fang: 7552 (8.8%), Assurance: 5511 (6.4%), Quick Attack: 5114 (6.0%), Double Edge: 3811 (4.4%), Bite: 3447 (4.0%), Pursuit: 3444 (4.0%), Endeavor: 2478 (2.9%), Substitute: 1531 (1.8%), Focus Energy: 782 (0.9%), Struggle: 3 (0.0%)",14521,13736,1.06,2886,1.27,5.46,2.6,4055,5810,3682,3803,2.23,18268,"Rattata: 461, Magikarp: 456, Zubat: 311","Seaking: 277, Koffing: 274, Gyarados: 234",1,"Damage: 2886, Status: 0, Hazard: 0, Weather: 0, Cleric: 0, Screen: 0, Pass: 0",None
RATTATA,F,All-Rounder,"Quick Attack: 29155 (27.7%), Tail Whip: 16557 (15.8%), Hyper Fang: 12304 (11.7%), Pursuit: 10408 (9.9%), Tackle: 9660 (9.2%), Bite: 8692 (8.3%), Focus Energy: 7092 (6.7%), Sucker Punch: 6291 (6.0%), Crunch: 3351 (3.2%), Assurance: 1558 (1.5%), Struggle: 2 (0.0%)",10745,32480,0.33,2770,0.42,4.96,2.58,6773,4348,5358,3465,7.04,25765,"Magikarp: 761, Rattata: 465, Zubat: 361","Koffing: 681, Seaking: 543, Gyarados: 525",0,"Damage: 2770, Status: 0, Hazard: 0, Weather: 0, Cleric: 0, Screen: 0, Pass: 0",None
RELICANTH,A,All-Rounder,"Head Smash: 388 (43.3%), Aqua Tail: 259 (28.9%), Earthquake: 140 (15.6%), Rest: 105 (11.7%), Struggle: 5 (0.6%)",318,131,2.43,84,3.07,5.26,2.44,45,154,54,0,-5.78,286,"Gyarados: 16, Starmie: 13, Haunter: 10","Alakazam: 13, Gengar: 10, Venusaur: 9",0,"Damage: 84, Status: 0, Hazard: 0, Weather: 0, Cleric: 0, Screen: 0, Pass: 0",None
REMORAID,E+,All-Rounder,"Bubble Beam: 3019 (14.4%), Bullet Seed: 2882 (13.8%), Aurora Beam: 2866 (13.7%), Psybeam: 2819 (13.5%), Water Pulse: 2513 (12.0%), Signal Beam: 2386 (11.4%), Lock On: 2295 (11.0%), Ice Beam: 1181 (5.6%), Focus Energy: 944 (4.5%)",3385,7219,0.47,2299,0.79,3.96,2.16,1623,677,1054,1254,8.97,7195,"Magikarp: 164, Rattata: 115, Koffing: 103","Seaking: 150, Magnemite: 128, Butterfree: 120",3,"Damage: 2299, Status: 273, Hazard: 0, Weather: 0, Cleric: 0, Screen: 0, Pass: 0",None
RHYDON,B,Attacker,"Horn Drill: 4225 (31.1%), Take Down: 2376 (17.5%), Scary Face: 1835 (13.5%), Hammer Arm: 1661 (12.2%), Rock Slide: 1109 (8.2%), Rock Blast: 952 (7.0%), Avalanche: 828 (6.1%), Stone Edge: 316 (2.3%), Earthquake: 161 (1.2%), Megahorn: 64 (0.5%), Thunder Fang: 33 (0.2%), Struggle: 6 (0.0%)",4621,2308,2.0,137,2.06,4.13,2.17,442,4171,694,133,-21.23,4675,"Magmar: 119, Koffing: 111, Magikarp: 102","Seaking: 63, Magneton: 58, Poliwhirl: 51",2,"Damage: 137, Status: 0, Hazard: 0, Weather: 0, Cleric: 0, Screen: 0, Pass: 0",None
RHYHORN,D+,Attacker,"Scary Face: 8170 (37.7%), Horn Drill: 3941 (18.2%), Rock Blast: 2342 (10.8%), Stomp: 1677 (7.7%), Fury Attack: 1556 (7.2%), Stone Edge: 1531 (7.1%), Take Down: 1412 (6.5%), Earthquake: 933 (4.3%), Sandstorm: 90 (0.4%), Struggle: 10 (0.0%)",3989,3610,1.1,506,1.25,5.17,3.05,900,5401,1089,0,-15.0,5139,"Magikarp: 172, Rattata: 135, Pikachu: 102","Butterfree: 78, Seaking: 65, Quagsire: 65",0,"Damage: 447, Status: 0, Hazard: 0, Weather: 60, Cleric: 0, Screen: 0, Pass: 0",None
RHYPERIOR,S,Attacker,"Stone Edge: 290 (49.4%), Earthquake: 165 (28.1%), Megahorn: 89 (15.2%), Thunder Fang: 43 (7.3%)",374,63,5.94,30,6.41,3.73,1.53,39,101,32,2,-4.81,262,"Magnemite: 21, Magmar: 17, Rapidash: 14","Starmie: 5, Gengar: 4, Kingdra: 4",1,"Damage: 30, Status: 0, Hazard: 0, Weather: 0, Cleric: 0, Screen: 0, Pass: 0",None
ROSELIA,C,Attacker / Disrupter,"Petal Dance: 2971 (75.8%), Ingrain: 423 (10.8%), Toxic: 272 (6.9%), Synthesis: 255 (6.5%)",1250,866,1.44,86,1.54,4.71,2.24,184,144,189,0,5.57,1424,"Graveler: 43, Koffing: 39, Goldeen: 34","Seaking: 26, Golbat: 24, Magmar: 22",1,"Damage: 78, Status: 60, Hazard: 0, Weather: 0, Cleric: 0, Screen: 0, Pass: 0",None
ROSERADE,A-,Attacker,"Sludge Bomb: 193 (37.8%), Weather Ball: 124 (24.3%), Stun Spore: 99 (19.4%), Energy Ball: 94 (18.4%)",226,90,2.51,28,2.82,3.92,1.24,23,35,13,32,-0.59,212,"Butterfree: 20, Bellsprout: 15, Koffing: 11","Crobat: 11, Rapidash: 7, Alakazam: 6",0,"Damage: 22, Status: 14, Hazard: 0, Weather: 0, Cleric: 0, Screen: 0, Pass: 0",None
SABLEYE,C+,All-Rounder,"Ice Punch: 308 (38.9%), Brick Break: 225 (28.4%), Fake Out: 158 (19.9%), Sucker Punch: 101 (12.8%)",143,171,0.84,132,1.61,5.32,2.34,43,55,43,161,5.15,247,"Golem: 6, Nidoqueen: 6, Dragonair: 4","Golem: 8, Rhydon: 8, Typhlosion: 6",0,"Damage: 132, Status: 10, Hazard: 0, Weather: 0, Cleric: 0, Screen: 0, Pass: 0",None
SALAMENCE,S+,Attacker,"Dragon Claw: 2158 (50.2%), Flamethrower: 1172 (27.3%), Shadow Claw: 884 (20.6%), Rest: 82 (1.9%)",2482,154,16.12,287,17.98,3.56,1.1,293,62,106,50,7.96,1334,"Koffing: 64, Magikarp: 57, Rattata: 53","Graveler: 15, Feraligatr: 9, Gyarados: 7",0,"Damage: 287, Status: 30, Hazard: 0, Weather: 0, Cleric: 0, Screen: 0, Pass: 0",None
SANDSHREW,E,Defender,"Rapid Spin: 9286 (30.6%), Sand Attack: 6171 (20.3%), Defense Curl: 5476 (18.0%), Swift: 3924 (12.9%), Poison Sting: 3327 (11.0%), Scratch: 2148 (7.1%), Struggle: 11 (0.0%)",960,4000,0.24,1750,0.68,8.43,3.62,1135,1344,7328,827,18.85,4460,"Magikarp: 107, Rattata: 52, Pikachu: 42","Koffing: 84, Butterfree: 72, Gyarados: 66",1,"Damage: 1750, Status: 345, Hazard: 0, Weather: 0, Cleric: 0, Screen: 0, Pass: 0",None
SANDSLASH,C+,All-Rounder,"Slash: 20700 (27.4%), Fury Cutter: 12313 (16.3%), Sand Tomb: 10837 (14.3%), Crush Claw: 8983 (11.9%), Gyro Ball: 7422 (9.8%), Swift: 5452 (7.2%), Rollout: 4427 (5.9%), Fury Swipes: 1833 (2.4%), Sandstorm: 1331 (1.8%), Sand Attack: 1285 (1.7%), Rapid Spin: 798 (1.1%), Poison Sting: 262 (0.3%), Struggle: 3 (0.0%)",10076,11333,0.89,8315,1.62,5.82,3.2,5369,7482,5420,3127,4.04,16145,"Magikarp: 425, Rattata: 347, Magnemite: 277","Graveler: 312, Seaking: 282, Gyarados: 235",4,"Damage: 8176, Status: 7, Hazard: 0, Weather: 638, Cleric: 0, Screen: 0, Pass: 0",None
SCIZOR,S+,Attacker,"Bullet Punch: 2241 (47.6%), X Scissor: 1509 (32.0%), Swords Dance: 939 (19.9%), Superpower: 21 (0.4%)",2677,233,11.49,123,12.02,3.92,1.38,221,101,134,0,5.24,1370,"Magikarp: 58, Rattata: 54, Koffing: 53","Magmar: 19, Magneton: 15, Arcanine: 12",0,"Damage: 123, Status: 0, Hazard: 0, Weather: 0, Cleric: 0, Screen: 0, Pass: 0",None
SCYTHER,A,Attacker,"Quick Attack: 2743 (37.3%), U Turn: 1724 (23.5%), Leer: 1667 (22.7%), Focus Energy: 1215 (16.5%)",1906,727,2.62,259,2.98,8.47,2.6,637,215,267,0,9.05,1610,"Rattata: 56, Seaking: 54, Butterfree: 42","Golbat: 31, Graveler: 26, Koffing: 21",0,"Damage: 259, Status: 0, Hazard: 0, Weather: 0, Cleric: 0, Screen: 0, Pass: 0",None
SEADRA,C+,All-Rounder,"Twister: 14598 (23.2%), Brine: 11380 (18.1%), Agility: 10920 (17.4%), Bubble Beam: 7610 (12.1%), Hydro Pump: 4938 (7.9%), Waterfall: 4651 (7.4%), Water Pulse: 3311 (5.3%), Surf: 2015 (3.2%), Focus Energy: 1619 (2.6%), Smoke Screen: 1113 (1.8%), Leer: 664 (1.1%), Struggle: 1 (0.0%)",14423,9376,1.54,2012,1.75,4.98,2.37,3441,2319,2978,1692,6.33,15556,"Koffing: 417, Rattata: 383, Magikarp: 286","Seaking: 227, Butterfree: 198, Weezing: 183",13,"Damage: 2011, Status: 190, Hazard: 0, Weather: 0, Cleric: 0, Screen: 0, Pass: 0",None
SEAKING,C,Defender,"Fury Attack: 29179 (20.9%), Waterfall: 28464 (20.4%), Flail: 26193 (18.8%), Aqua Ring: 16205 (11.6%), Water Pulse: 15218 (10.9%), Horn Attack: 4712 (3.4%), Horn Drill: 4553 (3.3%), Supersonic: 4375 (3.1%), Poison Jab: 4343 (3.1%), Rain Dance: 1656 (1.2%), Megahorn: 1643 (1.2%), Agility: 1607 (1.2%), Peck: 1138 (0.8%), Struggle: 49 (0.0%)",23993,19804,1.21,4290,1.43,7.07,4.16,8576,13658,6205,6299,0.76,24008,"Rattata: 543, Butterfree: 526, Magnemite: 518","Magneton: 407, Seaking: 388, Magnemite: 377",5,"Damage: 4274, Status: 756, Hazard: 0, Weather: 0, Cleric: 0, Screen: 0, Pass: 0",None
SEEDOT,F-,All-Rounder,"Nature Power: 1535 (58.1%), Sunny Day: 707 (26.7%), Synthesis: 394 (14.9%), Explosion: 7 (0.3%)",142,1221,0.12,151,0.24,3.27,2.44,98,48,204,0,8.92,1347,"Rattata: 14, Bellsprout: 9, Caterpie: 6","Golbat: 35, Graveler: 34, Magmar: 24",0,"Damage: 151, Status: 0, Hazard: 0, Weather: 1, Cleric: 0, Screen: 0, Pass: 0",None
SEEL,D-,Defender,"Ice Shard: 16186 (24.9%), Rest: 12169 (18.7%), Icy Wind: 8756 (13.4%), Encore: 6011 (9.2%), Snore: 3912 (6.0%), Aqua Ring: 3450 (5.3%), Aqua Jet: 3266 (5.0%), Take Down: 3098 (4.8%), Aurora Beam: 3042 (4.7%), Brine: 2889 (4.4%), Hail: 2056 (3.2%), Struggle: 281 (0.4%)",3655,7869,0.46,3313,0.89,11.8,6.7,2247,3157,3483,6988,3.75,8446,"Magikarp: 204, Rattata: 117, Zubat: 105","Koffing: 183, Seaking: 147, Magnemite: 138",3,"Damage: 3032, Status: 0, Hazard: 0, Weather: 978, Cleric: 0, Screen: 0, Pass: 0",None
SENTRET,F-,Defender,"Follow Me: 4727 (16.7%), Quick Attack: 4649 (16.5%), Sucker Punch: 4337 (15.4%), Slam: 3437 (12.2%), Rest: 3352 (11.9%), Defense Curl: 3255 (11.5%), Fury Swipes: 1937 (6.9%), Scratch: 1443 (5.1%), Foresight: 1014 (3.6%), Helping Hand: 59 (0.2%), Struggle: 17 (0.1%)",1424,9492,0.15,633,0.22,14.14,7.81,861,1371,1595,0,3.64,3115,"Magikarp: 108, Rattata: 78, Pidgey: 44","Koffing: 244, Rattata: 179, Seaking: 137",2,"Damage: 633, Status: 0, Hazard: 0, Weather: 0, Cleric: 0, Screen: 0, Pass: 0",None
SEVIPER,C+,Disrupter,"Night Slash: 2703 (33.3%), Poison Fang: 2630 (32.4%), Swagger: 1803 (22.2%), Haze: 980 (12.1%)",1361,1040,1.31,396,1.69,5.59,2.7,509,329,272,549,5.11,1676,"Magikarp: 53, Voltorb: 44, Rattata: 41","Koffing: 25, Seadra: 22, Graveler: 21",0,"Damage: 382, Status: 364, Hazard: 0, Weather: 0, Cleric: 0, Screen: 0, Pass: 0",None
SHEDINJA,D,Disrupter,"Shadow Sneak: 72 (29.5%), X Scissor: 71 (29.1%), Swagger: 69 (28.3%), Toxic: 32 (13.1%)",44,91,0.48,57,1.11,2.93,0.52,11,27,5,0,-4.42,148,"Gengar: 5, Starmie: 4, Quagsire: 3","Gengar: 11, Crobat: 8, Charizard: 7",3,"Damage: 33, Status: 41, Hazard: 0, Weather: 0, Cleric: 0, Screen: 0, Pass: 0",None
SHELLDER,E+,Defender,"Icicle Spear: 11284 (16.0%), Protect: 8147 (11.5%), Leer: 7688 (10.9%), Supersonic: 7550 (10.7%), Ice Shard: 7028 (9.9%), Aurora Beam: 5762 (8.1%), Clamp: 5343 (7.6%), Withdraw: 4940 (7.0%), Whirlpool: 4120 (5.8%), Tackle: 3472 (4.9%), Iron Defense: 3430 (4.9%), Brine: 1919 (2.7%), Struggle: 20 (0.0%)",4170,11915,0.35,5247,0.79,7.16,3.7,3831,7943,3129,454,-1.36,12572,"Magikarp: 344, Rattata: 237, Zubat: 150","Koffing: 302, Butterfree: 228, Seaking: 191",6,"Damage: 5018, Status: 1320, Hazard: 0, Weather: 0, Cleric: 0, Screen: 0, Pass: 0",None
SHIFTRY,A+,All-Rounder,"Leaf Storm: 2727 (51.2%), Sucker Punch: 1193 (22.4%), Sunny Day: 1110 (20.8%), Explosion: 300 (5.6%)",1791,652,2.75,337,3.26,4.61,1.87,212,374,199,0,0.67,1353,"Magikarp: 54, Rattata: 52, Seaking: 40","Golbat: 19, Magmar: 17, Butterfree: 15",0,"Damage: 335, Status: 0, Hazard: 0, Weather: 4, Cleric: 0, Screen: 0, Pass: 0",None
SHINX,E,Attacker,"Crunch: 1589 (30.2%), Scary Face: 1418 (27.0%), Discharge: 1164 (22.2%), Thunder Fang: 1084 (20.6%)",833,1188,0.7,29,0.73,4.2,2.28,234,322,206,638,2.06,1500,"Magikarp: 54, Rattata: 35, Voltorb: 26","Koffing: 29, Quagsire: 20, Magmar: 18",0,"Damage: 29, Status: 4, Hazard: 0, Weather: 0, Cleric: 0, Screen: 0, Pass: 0",None
SHROOMISH,D,Attacker / Disrupter,"Seed Bomb: 3012 (29.5%), Growth: 2908 (28.5%), Giga Drain: 2883 (28.2%), Spore: 1411 (13.8%), Struggle: 6 (0.1%)",1097,1102,1.0,52,1.04,7.72,3.67,345,252,335,0,4.05,1542,"Magikarp: 54, Rattata: 41, Seaking: 38","Koffing: 24, Zubat: 23, Qwilfish: 22",0,"Damage: 50, Status: 35, Hazard: 0, Weather: 0, Cleric: 0, Screen: 0, Pass: 0",None
SKARMORY,A-,Defender,"Air Slash: 6248 (25.1%), Steel Wing: 6131 (24.6%), Slash: 6065 (24.3%), Night Slash: 4918 (19.7%), Metal Sound: 1350 (5.4%), Spikes: 214 (0.9%)",5103,2300,2.22,1241,2.76,6.79,3.73,2003,1538,1152,1759,5.99,4479,"Rattata: 117, Magikarp: 115, Koffing: 111","Magneton: 106, Magnemite: 83, Magmar: 78",1,"Damage: 1147, Status: 0, Hazard: 111, Weather: 0, Cleric: 0, Screen: 0, Pass: 0",None
SKIPLOOM,E,Disrupter,"Bullet Seed: 23374 (32.3%), Mega Drain: 10409 (14.4%), U Turn: 7287 (10.1%), Sleep Powder: 5871 (8.1%), Leech Seed: 5396 (7.5%), Stun Spore: 4976 (6.9%), Cotton Spore: 3770 (5.2%), Giga Drain: 3266 (4.5%), Worry Seed: 2176 (3.0%), Tackle: 1779 (2.5%), Tail Whip: 1704 (2.4%), Sunny Day: 1641 (2.3%), Poison Powder: 618 (0.9%), Struggle: 27 (0.0%)",4474,12880,0.35,5590,0.78,9.14,4.15,5105,5589,2866,0,3.17,10026,"Magikarp: 244, Geodude: 154, Rattata: 143","Golbat: 368, Magmar: 291, Graveler: 236",9,"Damage: 5283, Status: 3933, Hazard: 0, Weather: 9, Cleric: 0, Screen: 0, Pass: 0",None
SKORUPI,E+,Hazards,"Bug Bite: 2171 (29.9%), Crunch: 2159 (29.7%), Poison Fang: 1998 (27.5%), Toxic Spikes: 941 (12.9%)",706,1174,0.6,216,0.79,5.63,3.38,354,208,329,900,6.64,1526,"Magikarp: 45, Rattata: 33, Bellsprout: 30","Koffing: 31, Seaking: 23, Golbat: 21",0,"Damage: 215, Status: 108, Hazard: 64, Weather: 0, Cleric: 0, Screen: 0, Pass: 0",None
SKUNTANK,S-,Defender,"Dig: 6313 (72.6%), Sucker Punch: 1409 (16.2%), Toxic: 719 (8.3%), Explosion: 256 (2.9%)",1706,477,3.58,590,4.81,7.6,2.13,223,274,2751,0,23.58,1366,"Magikarp: 52, Magnemite: 50, Seaking: 43","Graveler: 16, Quagsire: 14, Golem: 11",0,"Damage: 519, Status: 261, Hazard: 0, Weather: 0, Cleric: 0, Screen: 0, Pass: 0",None
SLAKOTH,E-,Attacker,"Counter: 3966 (49.2%), Amnesia: 1805 (22.4%), Flail: 1792 (22.3%), Covet: 490 (6.1%)",813,1244,0.65,22,0.67,6.44,3.67,126,157,390,0,4.25,1546,"Magikarp: 54, Rattata: 38, Zubat: 27","Koffing: 36, Seaking: 21, Golbat: 20",0,"Damage: 22, Status: 0, Hazard: 0, Weather: 0, Cleric: 0, Screen: 0, Pass: 0",None
SLOWBRO,C+,Attacker,"Growl: 7054 (28.7%), Psychic: 4197 (17.1%), Disable: 3513 (14.3%), Yawn: 2172 (8.8%), Slack Off: 2057 (8.4%), Confusion: 1842 (7.5%), Water Gun: 1792 (7.3%), Skill Swap: 829 (3.4%), Curse: 584 (2.4%), Water Pulse: 257 (1.0%), Amnesia: 137 (0.6%), Body Slam: 97 (0.4%), Struggle: 73 (0.3%)",2820,1822,1.55,105,1.61,9.78,5.64,464,1773,1018,362,-1.15,3070,"Seaking: 61, Rattata: 60, Magikarp: 55","Sneasel: 38, Graveler: 38, Butterfree: 29",0,"Damage: 98, Status: 37, Hazard: 0, Weather: 0, Cleric: 0, Screen: 0, Pass: 0",None
SLOWKING,A,Attacker,"Water Pulse: 3433 (19.1%), Zen Headbutt: 2475 (13.8%), Nasty Plot: 2096 (11.7%), Psychic: 1719 (9.6%), Swagger: 1614 (9.0%), Surf: 1582 (8.8%), Headbutt: 1328 (7.4%), Confusion: 1296 (7.2%), Disable: 937 (5.2%), Trick Room: 745 (4.1%), Flamethrower: 731 (4.1%), Struggle: 2 (0.0%)",5268,1942,2.71,547,2.99,5.17,2.9,720,1098,813,1110,2.43,4339,"Magikarp: 119, Koffing: 109, Rattata: 109","Graveler: 65, Quagsire: 41, Starmie: 39",0,"Damage: 530, Status: 256, Hazard: 0, Weather: 0, Cleric: 0, Screen: 0, Pass: 0",None
SLOWPOKE,E-,Defender,"Growl: 19511 (25.4%), Water Gun: 13577 (17.7%), Yawn: 11216 (14.6%), Tackle: 11107 (14.5%), Curse: 8949 (11.7%), Psychic: 3788 (4.9%), Disable: 2016 (2.6%), Amnesia: 1870 (2.4%), Strength: 1867 (2.4%), Headbutt: 1667 (2.2%), Skill Swap: 793 (1.0%), Confusion: 376 (0.5%), Struggle: 17 (0.0%)",4964,8567,0.58,749,0.67,10.98,6.05,1760,3787,3016,589,1.29,7702,"Magikarp: 270, Rattata: 187, Onix: 135","Graveler: 158, Butterfree: 154, Koffing: 145",0,"Damage: 739, Status: 62, Hazard: 0, Weather: 0, Cleric: 0, Screen: 0, Pass: 0",None
SLUGMA,F+,Defender,"Harden: 1066 (32.9%), Amnesia: 791 (24.4%), Recover: 722 (22.3%), Ancient Power: 619 (19.1%), Struggle: 43 (1.3%)",159,593,0.27,105,0.45,7.54,3.66,31,3,319,52,9.53,679,"Bellsprout: 23, Skiploom: 19, Cloyster: 11","Sneasel: 21, Victreebel: 19, Seaking: 18",0,"Damage: 105, Status: 0, Hazard: 0, Weather: 0, Cleric: 0, Screen: 0, Pass: 0",None
SNEASEL,S-,All-Rounder,"Faint Attack: 29785 (65.1%), Shadow Claw: 5716 (12.5%), Quick Attack: 5150 (11.3%), Icy Wind: 3025 (6.6%), Metal Claw: 1471 (3.2%), Fury Swipes: 596 (1.3%)",15386,5436,2.83,6632,4.05,4.13,1.74,3072,764,1656,1798,8.38,13157,"Rattata: 467, Zubat: 336, Koffing: 305","Graveler: 289, Magneton: 204, Magmar: 134",4,"Damage: 6632, Status: 0, Hazard: 0, Weather: 0, Cleric: 0, Screen: 0, Pass: 0",None
SNORLAX,A,Defender,"Crunch: 245 (51.1%), Blizzard: 116 (24.2%), Shadow Ball: 62 (12.9%), Giga Impact: 56 (11.7%)",138,63,2.19,40,2.83,7.47,3.55,19,67,24,41,-4.06,117,"Alakazam: 16, Gengar: 8, Ampharos: 7","Dragonite: 6, Machamp: 5, Miltank: 4",0,"Damage: 40, Status: 0, Hazard: 0, Weather: 0, Cleric: 0, Screen: 0, Pass: 0",None
SNUBBULL,F+,All-Rounder,"Bite: 7935 (26.0%), Lick: 7055 (23.1%), Tail Whip: 4493 (14.7%), Charm: 3872 (12.7%), Scary Face: 2593 (8.5%), Rage: 1772 (5.8%), Headbutt: 1746 (5.7%), Roar: 1096 (3.6%), Struggle: 1 (0.0%)",2343,5039,0.46,436,0.55,6.18,3.32,1042,1424,1316,4144,3.15,5918,"Magikarp: 215, Rattata: 138, Bellsprout: 73","Koffing: 109, Seaking: 79, Gyarados: 74",0,"Damage: 436, Status: 108, Hazard: 0, Weather: 0, Cleric: 0, Screen: 0, Pass: 0",None
SPEAROW,F,All-Rounder,"Leer: 6804 (26.0%), Peck: 5591 (21.3%), Growl: 4926 (18.8%), Fury Attack: 2650 (10.1%), Aerial Ace: 1530 (5.8%), Pursuit: 1525 (5.8%), Drill Peck: 957 (3.7%), Assurance: 930 (3.6%), Agility: 900 (3.4%), Roost: 377 (1.4%)",2406,8148,0.3,1030,0.42,5.64,2.58,935,950,3251,0,10.99,6947,"Magikarp: 108, Bellsprout: 104, Gastly: 70","Koffing: 168, Magnemite: 144, Seaking: 137",6,"Damage: 1030, Status: 0, Hazard: 0, Weather: 0, Cleric: 0, Screen: 0, Pass: 0",None
SPINARAK,F-,Disrupter,"Poison Sting: 4112 (48.8%), Constrict: 1730 (20.5%), String Shot: 1298 (15.4%), Scary Face: 1287 (15.3%), Struggle: 1 (0.0%)",190,2650,0.07,360,0.21,3.97,2.6,337,436,406,1326,4.21,2806,"Magikarp: 45, Bellsprout: 23, Caterpie: 14","Golbat: 68, Graveler: 61, Rattata: 56",0,"Damage: 360, Status: 252, Hazard: 0, Weather: 0, Cleric: 0, Screen: 0, Pass: 0",None
SPINDA,C,Disrupter,"Teeter Dance: 13936 (43.9%), Dizzy Punch: 6168 (19.4%), Sucker Punch: 5927 (18.7%), Psych Up: 1753 (5.5%), Trick Room: 1432 (4.5%), Flail: 1395 (4.4%), Fake Out: 1103 (3.5%), Struggle: 38 (0.1%)",2290,3756,0.61,3319,1.49,7.16,2.91,731,687,1133,1886,3.49,5068,"Magikarp: 126, Rattata: 68, Goldeen: 61","Koffing: 111, Seaking: 85, Seadra: 69",1,"Damage: 2727, Status: 2523, Hazard: 0, Weather: 0, Cleric: 0, Screen: 0, Pass: 0",None
SPIRITOMB,C-,Disrupter,"Curse: 170 (30.6%), Sucker Punch: 145 (26.1%), Pain Split: 122 (22.0%), Confuse Ray: 118 (21.3%)",37,104,0.36,96,1.28,5.11,1.73,0,7,35,0,4.75,179,"Gyarados: 3, Flareon: 3, Gengar: 3","Dragonair: 4, Magnezone: 3, Dragonite: 3",0,"Damage: 41, Status: 71, Hazard: 0, Weather: 0, Cleric: 0, Screen: 0, Pass: 0",None
SPOINK,F,Attacker,"Zen Headbutt: 2406 (28.7%), Payback: 2405 (28.7%), Rest: 2352 (28.1%), Snore: 1190 (14.2%), Struggle: 25 (0.3%)",423,1269,0.33,46,0.37,8.39,5.12,311,557,511,376,3.17,1426,"Magikarp: 54, Gastly: 20, Koffing: 15","Koffing: 30, Rattata: 27, Raticate: 21",0,"Damage: 46, Status: 0, Hazard: 0, Weather: 0, Cleric: 0, Screen: 0, Pass: 0",None
SQUIRTLE,E-,All-Rounder,"Curse: 2540 (30.5%), Bite: 1091 (13.1%), Skull Bash: 1044 (12.5%), Aqua Tail: 1040 (12.5%), Iron Defense: 955 (11.5%), Withdraw: 627 (7.5%), Rain Dance: 622 (7.5%), Water Gun: 394 (4.7%), Struggle: 6 (0.1%)",1002,1830,0.55,234,0.68,5.46,3.03,203,283,751,200,7.39,2357,"Growlithe: 42, Magmar: 36, Sandslash: 25","Seaking: 46, Gyarados: 41, Golbat: 39",0,"Damage: 234, Status: 0, Hazard: 0, Weather: 0, Cleric: 0, Screen: 0, Pass: 0",None
STANTLER,B+,All-Rounder,"Me First: 4692 (53.6%), Zen Headbutt: 3227 (36.9%), Trick Room: 776 (8.9%), Return: 59 (0.7%)",1583,1007,1.57,731,2.3,6.12,2.96,334,602,299,508,0.16,1570,"Koffing: 61, Magikarp: 54, Rattata: 48","Gyarados: 21, Mr Mime: 20, Magmar: 20",0,"Damage: 731, Status: 11, Hazard: 0, Weather: 0, Cleric: 0, Screen: 0, Pass: 0",None
STARAPTOR,S,All-Rounder,"Brave Bird: 2253 (68.5%), Close Combat: 754 (22.9%), U Turn: 220 (6.7%), Attract: 61 (1.9%)",2328,301,7.73,319,8.79,2.76,0.6,204,14,49,0,7.16,1364,"Koffing: 57, Magikarp: 54, Magnemite: 50","Magneton: 13, Electrode: 13, Electabuzz: 11",0,"Damage: 319, Status: 0, Hazard: 0, Weather: 0, Cleric: 0, Screen: 0, Pass: 0",None
STARLY,E-,Attacker,"Brave Bird: 997 (25.7%), Aerial Ace: 972 (25.0%), Take Down: 971 (25.0%), Agility: 942 (24.3%)",763,1283,0.59,34,0.62,3.12,1.62,145,154,192,0,4.49,1523,"Magikarp: 58, Bellsprout: 46, Rattata: 38","Koffing: 27, Graveler: 22, Rattata: 21",0,"Damage: 34, Status: 0, Hazard: 0, Weather: 0, Cleric: 0, Screen: 0, Pass: 0",None
STARMIE,A,Attacker,"Swift: 11709 (27.9%), Water Gun: 5201 (12.4%), Surf: 3678 (8.8%), Ice Beam: 3456 (8.2%), Thunderbolt: 3447 (8.2%), Recover: 3069 (7.3%), Rapid Spin: 3064 (7.3%), Confuse Ray: 2308 (5.5%), Psychic: 2210 (5.3%), Blizzard: 1415 (3.4%), Water Pulse: 979 (2.3%), Brine: 479 (1.1%), Thunder: 476 (1.1%), Minimize: 265 (0.6%), Cosmic Power: 171 (0.4%), Struggle: 9 (0.0%)",12209,4433,2.75,1468,3.09,5.44,2.36,2171,1215,1583,478,5.74,9342,"Koffing: 309, Magnemite: 233, Rattata: 207","Electrode: 111, Gengar: 110, Sneasel: 108",2,"Damage: 1381, Status: 600, Hazard: 0, Weather: 0, Cleric: 0, Screen: 0, Pass: 0",None
STARYU,E,All-Rounder,"Camouflage: 11950 (28.2%), Rapid Spin: 8292 (19.6%), Water Gun: 8281 (19.6%), Swift: 5144 (12.1%), Recover: 4877 (11.5%), Minimize: 1934 (4.6%), Bubble Beam: 1799 (4.2%), Gyro Ball: 47 (0.1%), Struggle: 29 (0.1%)",3308,7685,0.43,2577,0.77,5.75,2.96,1426,817,3795,108,9.57,9127,"Magikarp: 221, Geodude: 137, Rattata: 110","Seaking: 151, Koffing: 137, Quagsire: 126",5,"Damage: 2577, Status: 0, Hazard: 0, Weather: 0, Cleric: 0, Screen: 0, Pass: 0",None
STEELIX,B-,Defender,"Rock Polish: 11020 (26.0%), Curse: 10539 (24.8%), Iron Tail: 7819 (18.4%), Dragon Breath: 3640 (8.6%), Stone Edge: 2845 (6.7%), Crunch: 2802 (6.6%), Double Edge: 2732 (6.4%), Sandstorm: 361 (0.9%), Rock Throw: 320 (0.8%), Screech: 254 (0.6%), Roar: 71 (0.2%), Stealth Rock: 29 (0.1%), Struggle: 8 (0.0%)",5389,3476,1.55,1040,1.85,8.21,5.0,1123,3921,1954,1917,-2.02,6295,"Rattata: 138, Magnemite: 119, Magikarp: 114","Magmar: 107, Quagsire: 85, Seaking: 81",1,"Damage: 997, Status: 89, Hazard: 27, Weather: 57, Cleric: 0, Screen: 0, Pass: 0",None
SUDOWOODO,A-,All-Rounder,"Rock Slide: 6066 (24.1%), Rock Tomb: 4985 (19.8%), Double Edge: 3855 (15.3%), Slam: 2583 (10.3%), Hammer Arm: 2405 (9.6%), Stone Edge: 1405 (5.6%), Wood Hammer: 1372 (5.5%), Sucker Punch: 1370 (5.5%), Faint Attack: 774 (3.1%), Earthquake: 307 (1.2%), Struggle: 3 (0.0%)",9090,3969,2.29,1699,2.72,4.24,2.45,1383,3547,1113,3217,-3.86,7570,"Magikarp: 260, Rattata: 248, Koffing: 187","Seaking: 87, Golduck: 82, Graveler: 69",0,"Damage: 1699, Status: 0, Hazard: 0, Weather: 0, Cleric: 0, Screen: 0, Pass: 0",None
SUNFLORA,C,All-Rounder,"Petal Dance: 5867 (37.2%), Leaf Storm: 3016 (19.1%), Sunny Day: 2031 (12.9%), Solar Beam: 1960 (12.4%), Razor Leaf: 1290 (8.2%), Mega Drain: 816 (5.2%), Ingrain: 392 (2.5%), Worry Seed: 392 (2.5%)",5605,4273,1.31,840,1.51,3.9,2.11,834,799,964,0,5.97,7244,"Seaking: 194, Magnemite: 179, Quagsire: 134","Magmar: 150, Golbat: 146, Graveler: 102",12,"Damage: 840, Status: 0, Hazard: 0, Weather: 3, Cleric: 0, Screen: 0, Pass: 0",None
SUNKERN,E-,All-Rounder,"Razor Leaf: 1580 (36.4%), Giga Drain: 948 (21.9%), Sunny Day: 909 (21.0%), Synthesis: 900 (20.8%)",372,1427,0.26,440,0.57,3.83,2.27,217,180,229,0,5.83,1562,"Magikarp: 54, Geodude: 34, Horsea: 19","Koffing: 33, Zubat: 32, Graveler: 25",0,"Damage: 439, Status: 0, Hazard: 0, Weather: 5, Cleric: 0, Screen: 0, Pass: 0",None
SWALOT,B-,Disrupter,"Sludge Bomb: 575 (34.3%), Pain Split: 401 (23.9%), Amnesia: 359 (21.4%), Yawn: 320 (19.1%), Struggle: 23 (1.4%)",130,116,1.12,96,1.95,10.98,4.5,30,56,154,114,7.38,211,"Ivysaur: 7, Crobat: 6, Tangela: 5","Gengar: 6, Alakazam: 5, Crobat: 5",0,"Damage: 78, Status: 70, Hazard: 0, Weather: 0, Cleric: 0, Screen: 0, Pass: 0",None
SWELLOW,B,Attacker,"Facade: 256 (57.3%), Double Team: 113 (25.3%), Protect: 66 (14.8%), Endeavor: 12 (2.7%)",196,98,2.0,10,2.1,4.12,0.9,15,7,55,0,12.55,168,"Electrode: 25, Electabuzz: 10, Quagsire: 9","Electabuzz: 7, Electrode: 6, Magneton: 6",0,"Damage: 10, Status: 0, Hazard: 0, Weather: 0, Cleric: 0, Screen: 0, Pass: 0",None
SWINUB,F,Attacker,"Endure: 3566 (31.1%), Icy Wind: 3286 (28.6%), Mud Bomb: 2366 (20.6%), Mud Slap: 2255 (19.6%), Struggle: 5 (0.0%)",846,2553,0.33,57,0.35,7.99,3.87,458,850,2240,5086,13.52,1506,"Magikarp: 54, Rattata: 41, Pidgey: 31","Rattata: 54, Koffing: 49, Butterfree: 40",0,"Damage: 57, Status: 0, Hazard: 0, Weather: 0, Cleric: 0, Screen: 0, Pass: 0",None
TAILLOW,D-,All-Rounder,"Wing Attack: 1625 (26.5%), Aerial Ace: 1547 (25.2%), Double Team: 1520 (24.8%), Endeavor: 1445 (23.5%)",757,1387,0.55,488,0.9,4.32,1.81,195,54,1111,0,17.27,1646,"Magikarp: 56, Gastly: 29, Bellsprout: 29","Seaking: 31, Koffing: 30, Gyarados: 26",0,"Damage: 488, Status: 0, Hazard: 0, Weather: 0, Cleric: 0, Screen: 0, Pass: 0",None
TANGELA,B-,Defender,"Ancient Power: 4914 (14.5%), Growth: 4707 (13.9%), Absorb: 4616 (13.6%), Vine Whip: 3699 (10.9%), Bind: 3581 (10.6%), Sleep Powder: 2737 (8.1%), Stun Spore: 2672 (7.9%), Slam: 2410 (7.1%), Mega Drain: 1921 (5.7%), Giga Drain: 896 (2.6%), Poison Powder: 876 (2.6%), Wring Out: 517 (1.5%), Ingrain: 133 (0.4%), Natural Gift: 112 (0.3%), Knock Off: 83 (0.2%), Struggle: 5 (0.0%)",5158,3684,1.4,1727,1.87,6.75,3.41,1274,3851,1250,475,-3.79,5880,"Magikarp: 178, Seaking: 157, Rattata: 147","Golbat: 113, Magmar: 106, Koffing: 69",0,"Damage: 1670, Status: 699, Hazard: 0, Weather: 0, Cleric: 0, Screen: 0, Pass: 0",None
TANGROWTH,A-,All-Rounder,"Ancient Power: 1321 (20.5%), Stun Spore: 1146 (17.8%), Mega Drain: 1061 (16.5%), Power Whip: 913 (14.2%), Wring Out: 624 (9.7%), Slam: 525 (8.2%), Rock Slide: 253 (3.9%), Earthquake: 250 (3.9%), Knock Off: 154 (2.4%), Swords Dance: 145 (2.3%), Tickle: 36 (0.6%), Struggle: 2 (0.0%)",1988,923,2.15,373,2.56,4.76,2.22,295,772,273,151,-2.9,1989,"Seaking: 69, Koffing: 50, Quagsire: 44","Golbat: 34, Starmie: 28, Crobat: 28",1,"Damage: 346, Status: 131, Hazard: 0, Weather: 0, Cleric: 0, Screen: 0, Pass: 0",None
TAUROS,A,Attacker,"Take Down: 2543 (39.6%), Zen Headbutt: 1779 (27.7%), Payback: 424 (6.6%), Thunder: 424 (6.6%), Fire Blast: 354 (5.5%), Pursuit: 294 (4.6%), Rest: 292 (4.5%), Surf: 270 (4.2%), Scary Face: 48 (0.7%)",2378,906,2.62,200,2.85,4.64,1.81,341,855,300,224,-3.03,2118,"Magmar: 54, Magnemite: 50, Koffing: 48","Alakazam: 32, Electrode: 22, Ampharos: 21",0,"Damage: 200, Status: 8, Hazard: 0, Weather: 0, Cleric: 0, Screen: 0, Pass: 0",None
TEDDIURSA,E+,Defender,"Slash: 16813 (27.4%), Rest: 10785 (17.6%), Charm: 9957 (16.2%), Faint Attack: 6145 (10.0%), Snore: 5907 (9.6%), Sweet Scent: 4258 (6.9%), Fury Swipes: 3972 (6.5%), Fake Tears: 2813 (4.6%), Lick: 669 (1.1%), Struggle: 18 (0.0%)",6868,11801,0.58,2839,0.82,6.58,4.03,3104,2491,3452,198,6.29,13618,"Magikarp: 359, Rattata: 259, Bellsprout: 209","Koffing: 253, Graveler: 230, Butterfree: 219",0,"Damage: 2839, Status: 5, Hazard: 0, Weather: 0, Cleric: 0, Screen: 0, Pass: 0",None
TENTACOOL,E-,Hazards,"Constrict: 10322 (29.4%), Acid: 10152 (28.9%), Bubble Beam: 4537 (12.9%), Supersonic: 3731 (10.6%), Toxic Spikes: 3533 (10.0%), Water Pulse: 741 (2.1%), Poison Jab: 734 (2.1%), Screech: 716 (2.0%), Barrier: 695 (2.0%)",2349,9132,0.26,2904,0.58,8.42,4.71,1592,2647,1683,2470,1.69,5837,"Magikarp: 85, Koffing: 64, Butterfree: 63","Seaking: 215, Magnemite: 177, Quagsire: 161",12,"Damage: 2552, Status: 784, Hazard: 736, Weather: 0, Cleric: 0, Screen: 0, Pass: 0",None
TENTACRUEL,B-,All-Rounder,"Poison Jab: 12559 (22.9%), Screech: 9947 (18.1%), Water Pulse: 9080 (16.6%), Barrier: 7259 (13.2%), Hydro Pump: 4074 (7.4%), Wring Out: 3434 (6.3%), Wrap: 2258 (4.1%), Acid: 1937 (3.5%), Constrict: 1917 (3.5%), Bubble Beam: 1831 (3.3%), Toxic Spikes: 531 (1.0%)",10146,6295,1.61,2094,1.94,6.35,3.54,2218,3868,2178,3881,0.9,10862,"Koffing: 253, Butterfree: 244, Seaking: 228","Graveler: 157, Quagsire: 157, Gyarados: 141",13,"Damage: 2094, Status: 818, Hazard: 18, Weather: 0, Cleric: 0, Screen: 0, Pass: 0",None
TORKOAL,A+,Attacker / Disrupter,"Body Slam: 5325 (33.1%), Iron Tail: 3138 (19.5%), Overheat: 2908 (18.1%), Iron Defense: 1939 (12.1%), Yawn: 1650 (10.3%), Sunny Day: 1102 (6.9%), Struggle: 7 (0.0%)",3939,1277,3.08,382,3.38,6.56,3.97,665,1244,663,1595,0.59,2958,"Magikarp: 109, Rattata: 103, Koffing: 93","Graveler: 42, Seadra: 27, Quagsire: 26",0,"Damage: 283, Status: 276, Hazard: 0, Weather: 1, Cleric: 0, Screen: 0, Pass: 0",None
TOTODILE,F,Attacker,"Scratch: 6649 (50.0%), Leer: 6631 (49.9%), Struggle: 7 (0.1%)",739,2527,0.29,45,0.31,5.82,3.39,417,524,629,0,3.75,2802,"Magikarp: 108, Rattata: 44, Caterpie: 40","Koffing: 57, Rattata: 44, Butterfree: 41",0,"Damage: 45, Status: 0, Hazard: 0, Weather: 0, Cleric: 0, Screen: 0, Pass: 0",None
TOXICROAK,A+,All-Rounder,"Cross Chop: 1037 (49.1%), Poison Jab: 357 (16.9%), Gunk Shot: 274 (13.0%), Swagger: 166 (7.9%), Attract: 112 (5.3%), Substitute: 94 (4.5%), X Scissor: 68 (3.2%), Struggle: 4 (0.2%)",854,315,2.71,163,3.23,3.92,1.47,129,344,77,73,-6.6,758,"Graveler: 39, Onix: 33, Geodude: 32","Alakazam: 19, Golbat: 13, Graveler: 13",5,"Damage: 136, Status: 63, Hazard: 0, Weather: 0, Cleric: 0, Screen: 0, Pass: 0",None
TYPHLOSION,S,All-Rounder,"Flamethrower: 4309 (58.2%), Will O Wisp: 876 (11.8%), Swift: 809 (10.9%), Rollout: 719 (9.7%), Lava Plume: 428 (5.8%), Flame Wheel: 153 (2.1%), Quick Attack: 108 (1.5%)",3288,594,5.54,656,6.64,4.44,1.73,387,476,240,266,2.02,2057,"Magnemite: 133, Magneton: 84, Koffing: 74","Gengar: 41, Starmie: 25, Feraligatr: 25",1,"Damage: 593, Status: 358, Hazard: 0, Weather: 0, Cleric: 0, Screen: 0, Pass: 0",None
TYRANITAR,S,Weather,"Rock Slide: 291 (60.9%), Earthquake: 104 (21.8%), Fire Fang: 81 (16.9%), Low Kick: 2 (0.4%)",238,45,5.29,107,7.67,5.01,2.06,24,53,26,41,-0.77,159,"Butterfree: 24, Noctowl: 10, Gyarados: 10","Meganium: 3, Gyarados: 3, Feraligatr: 3",0,"Damage: 48, Status: 3, Hazard: 0, Weather: 103, Cleric: 0, Screen: 0, Pass: 0",None
UMBREON,S,Disrupter,"Faint Attack: 5569 (23.7%), Dark Pulse: 4624 (19.7%), Double Team: 4209 (17.9%), Confuse Ray: 3850 (16.4%), Payback: 1822 (7.7%), Last Resort: 1808 (7.7%), Shadow Ball: 1410 (6.0%), Curse: 177 (0.8%), Sucker Punch: 27 (0.1%), Struggle: 20 (0.1%)",4549,790,5.76,796,6.77,8.72,3.03,866,421,4114,794,16.56,3052,"Magikarp: 119, Koffing: 98, Rattata: 98","Machamp: 21, Machoke: 21, Gyarados: 19",0,"Damage: 699, Status: 600, Hazard: 0, Weather: 0, Cleric: 0, Screen: 0, Pass: 0",None
URSARING,B-,Defender,"Rest: 3856 (24.4%), Scary Face: 3561 (22.6%), Thrash: 3370 (21.4%), Slash: 2136 (13.5%), Sweet Scent: 2052 (13.0%), Snore: 800 (5.1%)",2840,1934,1.47,605,1.78,8.01,4.54,460,853,909,0,3.09,3080,"Rattata: 92, Bellsprout: 61, Seaking: 60","Graveler: 48, Koffing: 41, Qwilfish: 34",0,"Damage: 605, Status: 0, Hazard: 0, Weather: 0, Cleric: 0, Screen: 0, Pass: 0",None
VAPOREON,S-,Attacker,"Surf: 4327 (28.6%), Aurora Beam: 3028 (20.0%), Quick Attack: 2545 (16.8%), Water Gun: 2471 (16.3%), Bite: 1235 (8.2%), Sand Attack: 953 (6.3%), Last Resort: 427 (2.8%), Helping Hand: 155 (1.0%)",5203,1374,3.79,337,4.03,5.29,2.28,811,453,1481,497,11.04,3705,"Koffing: 122, Magmar: 120, Magnemite: 112","Quagsire: 55, Seaking: 51, Magneton: 49",1,"Damage: 337, Status: 0, Hazard: 0, Weather: 0, Cleric: 0, Screen: 0, Pass: 0",None
VENOMOTH,C+,All-Rounder,"Leech Life: 3176 (15.6%), Confusion: 3137 (15.4%), Psychic: 2909 (14.2%), Supersonic: 2343 (11.5%), Disable: 2141 (10.5%), Signal Beam: 1572 (7.7%), Gust: 1528 (7.5%), Poison Fang: 1298 (6.4%), Double Team: 1017 (5.0%), Bug Buzz: 446 (2.2%), Silver Wind: 297 (1.5%), Sludge Bomb: 226 (1.1%), Sleep Powder: 191 (0.9%), Toxic: 82 (0.4%), Baton Pass: 51 (0.2%), Struggle: 5 (0.0%)",3824,2532,1.51,673,1.78,6.04,2.67,862,2106,1496,912,1.41,4355,"Koffing: 142, Zubat: 82, Gastly: 82","Alakazam: 74, Seaking: 51, Magmar: 48",5,"Damage: 581, Status: 329, Hazard: 0, Weather: 0, Cleric: 0, Screen: 0, Pass: 50",None
VENONAT,E,Disrupter,"Confusion: 8094 (26.7%), Leech Life: 4382 (14.5%), Supersonic: 4342 (14.3%), Signal Beam: 3795 (12.5%), Psybeam: 3707 (12.2%), Poison Powder: 2587 (8.5%), Foresight: 1335 (4.4%), Sleep Powder: 1040 (3.4%), Stun Spore: 1032 (3.4%)",2351,4767,0.49,1131,0.73,7.51,3.89,1151,2313,1174,1312,0.06,4680,"Magikarp: 129, Bellsprout: 81, Koffing: 81","Graveler: 98, Butterfree: 98, Seaking: 88",1,"Damage: 1101, Status: 1072, Hazard: 0, Weather: 0, Cleric: 0, Screen: 0, Pass: 0",None
VENUSAUR,B-,All-Rounder,"Petal Dance: 2405 (28.2%), Double Edge: 1635 (19.2%), Solar Beam: 1508 (17.7%), Sludge Bomb: 856 (10.0%), Worry Seed: 481 (5.6%), Leech Seed: 465 (5.5%), Synthesis: 425 (5.0%), Sleep Powder: 397 (4.7%), Toxic: 168 (2.0%), Giga Drain: 164 (1.9%), Frenzy Plant: 13 (0.2%), Struggle: 3 (0.0%)",2220,1423,1.56,384,1.83,5.1,2.5,331,451,396,142,3.12,2551,"Zubat: 51, Butterfree: 51, Seaking: 41","Magmar: 99, Golbat: 62, Alakazam: 48",0,"Damage: 354, Status: 172, Hazard: 0, Weather: 0, Cleric: 0, Screen: 0, Pass: 0",None
VESPIQUEN,F+,All-Rounder,"Attack Order: 149 (42.6%), Protect: 98 (28.0%), Defend Order: 65 (18.6%), Confuse Ray: 38 (10.9%)",22,78,0.28,17,0.5,6.04,2.76,18,19,10,0,2.5,92,"Seaking: 2, Kingdra: 2, Dragonair: 2","Gengar: 10, Typhlosion: 8, Charizard: 7",0,"Damage: 12, Status: 9, Hazard: 0, Weather: 0, Cleric: 0, Screen: 0, Pass: 0",None
VICTREEBEL,A,All-Rounder,"Razor Leaf: 11804 (26.2%), Acid: 5919 (13.2%), Sludge Bomb: 4358 (9.7%), Leaf Storm: 4056 (9.0%), Leaf Blade: 3938 (8.8%), Giga Drain: 2425 (5.4%), Toxic: 2034 (4.5%), Sweet Scent: 1857 (4.1%), Sleep Powder: 1827 (4.1%), Vine Whip: 1658 (3.7%), Protect: 1611 (3.6%), Grass Knot: 1555 (3.5%), Sunny Day: 805 (1.8%), Wrap: 628 (1.4%), Synthesis: 397 (0.9%), Struggle: 88 (0.2%), Natural Gift: 11 (0.0%)",12497,6035,2.07,4878,2.88,4.56,2.3,3018,2933,1742,1162,4.01,12139,"Magikarp: 342, Rattata: 316, Graveler: 302","Magmar: 254, Golbat: 219, Koffing: 141",3,"Damage: 4557, Status: 1318, Hazard: 0, Weather: 5, Cleric: 0, Screen: 0, Pass: 0",None
VILEPLUME,B+,Disrupter,"Mega Drain: 16168 (29.8%), Stun Spore: 10135 (18.7%), Aromatherapy: 5286 (9.7%), Petal Dance: 5011 (9.2%), Giga Drain: 4041 (7.5%), Drain Punch: 3655 (6.7%), Poison Powder: 3191 (5.9%), Attract: 1595 (2.9%), Sludge Bomb: 1193 (2.2%), Solar Beam: 1173 (2.2%), Acid: 910 (1.7%), Sleep Powder: 500 (0.9%), Sunny Day: 496 (0.9%), Sweet Scent: 340 (0.6%), Moonlight: 256 (0.5%), Toxic: 207 (0.4%), Struggle: 64 (0.1%)",8620,5123,1.68,3746,2.41,6.73,3.26,1913,5316,2257,244,-2.05,10046,"Seaking: 314, Magikarp: 229, Magnemite: 221","Magmar: 150, Golbat: 139, Kadabra: 104",0,"Damage: 3269, Status: 2348, Hazard: 0, Weather: 3, Cleric: 1, Screen: 0, Pass: 0",None
VOLBEAT,D+,Attacker,"Protect: 2158 (34.8%), Zen Headbutt: 1963 (31.7%), Bug Buzz: 1946 (31.4%), Helping Hand: 135 (2.2%)",1022,888,1.15,95,1.26,5.89,2.17,200,308,158,386,0.97,1405,"Butterfree: 30, Koffing: 28, Gastly: 26","Graveler: 25, Magmar: 24, Seaking: 23",0,"Damage: 95, Status: 0, Hazard: 0, Weather: 0, Cleric: 0, Screen: 0, Pass: 0",None
VOLTORB,F+,Defender,"Charge: 19494 (20.8%), Rollout: 15786 (16.8%), Tackle: 10706 (11.4%), Swift: 8663 (9.2%), Sonic Boom: 7975 (8.5%), Charge Beam: 7339 (7.8%), Spark: 5837 (6.2%), Selfdestruct: 4159 (4.4%), Screech: 3921 (4.2%), Light Screen: 3721 (4.0%), Magnet Rise: 3697 (3.9%), Gyro Ball: 1702 (1.8%), Shock Wave: 635 (0.7%), Struggle: 299 (0.3%)",7846,22674,0.35,3204,0.49,8.55,4.72,3202,6450,3501,5859,0.28,12423,"Magikarp: 270, Zubat: 232, Rattata: 212","Seaking: 381, Quagsire: 357, Koffing: 312",37,"Damage: 3130, Status: 815, Hazard: 0, Weather: 0, Cleric: 0, Screen: 67, Pass: 0",None
VULPIX,F+,All-Rounder,"Tail Whip: 4536 (23.1%), Ember: 2493 (12.7%), Roar: 2473 (12.6%), Quick Attack: 2383 (12.1%), Grudge: 1910 (9.7%), Extrasensory: 1454 (7.4%), Fire Blast: 1447 (7.4%), Will O Wisp: 1121 (5.7%), Payback: 1090 (5.6%), Fire Spin: 497 (2.5%), Captivate: 207 (1.1%), Struggle: 13 (0.1%)",1361,5072,0.27,885,0.44,4.66,2.26,483,1078,893,391,1.45,5881,"Magikarp: 87, Gastly: 55, Butterfree: 51","Graveler: 112, Seaking: 98, Gyarados: 94",7,"Damage: 868, Status: 219, Hazard: 0, Weather: 0, Cleric: 0, Screen: 0, Pass: 0",None
WALREIN,A-,Disrupter,"Blizzard: 101 (40.4%), Body Slam: 77 (30.8%), Swagger: 54 (21.6%), Hail: 18 (7.2%)",62,37,1.68,31,2.51,6.62,2.66,9,13,10,21,2.88,56,"Dragonite: 6, Garchomp: 4, Lapras: 3","Hitmonchan: 3, Arcanine: 3, Dragonite: 3",0,"Damage: 26, Status: 20, Hazard: 0, Weather: 5, Cleric: 0, Screen: 0, Pass: 0",None
WARTORTLE,D,Defender,"Bite: 7523 (33.3%), Water Gun: 6214 (27.5%), Protect: 3918 (17.3%), Rapid Spin: 1857 (8.2%), Tail Whip: 1541 (6.8%), Hydro Pump: 800 (3.5%), Swagger: 468 (2.1%), Ice Beam: 276 (1.2%)",3238,3587,0.9,588,1.07,6.99,3.46,966,1066,995,1812,3.95,4254,"Koffing: 81, Graveler: 74, Magmar: 64","Seaking: 95, Gyarados: 82, Magnemite: 63",0,"Damage: 569, Status: 74, Hazard: 0, Weather: 0, Cleric: 0, Screen: 0, Pass: 0",None
WEAVILE,S,Attacker,"Ice Punch: 1733 (38.3%), Night Slash: 1525 (33.7%), Ice Shard: 1252 (27.7%), Low Kick: 14 (0.3%)",2394,264,9.07,312,10.25,3.69,1.1,338,91,109,125,7.99,1339,"Magikarp: 57, Rattata: 53, Magnemite: 50","Graveler: 16, Arcanine: 12, Gyarados: 11",1,"Damage: 312, Status: 9, Hazard: 0, Weather: 0, Cleric: 0, Screen: 0, Pass: 0",None
WEEDLE,F,All-Rounder,"Poison Sting: 8587 (49.0%), String Shot: 7076 (40.3%), Bug Bite: 1873 (10.7%), Struggle: 3 (0.0%)",274,5549,0.05,1592,0.34,4.29,2.22,599,926,776,2467,2.99,5766,"Magikarp: 60, Abra: 13, Metapod: 12","Rattata: 133, Koffing: 106, Raticate: 78",0,"Damage: 1592, Status: 688, Hazard: 0, Weather: 0, Cleric: 0, Screen: 0, Pass: 0",None
WEEPINBELL,D-,All-Rounder,"Sweet Scent: 6288 (33.2%), Razor Leaf: 6065 (32.0%), Acid: 3196 (16.9%), Gastro Acid: 3065 (16.2%), Knock Off: 327 (1.7%)",1888,3788,0.5,1674,0.94,5.49,3.2,909,671,896,256,5.7,4518,"Magikarp: 111, Bellsprout: 65, Rattata: 64","Koffing: 94, Golbat: 74, Magmar: 70",0,"Damage: 1674, Status: 0, Hazard: 0, Weather: 0, Cleric: 0, Screen: 0, Pass: 0",None
WEEZING,C-,All-Rounder,"Sludge: 17259 (25.3%), Double Hit: 15262 (22.3%), Smoke Screen: 10387 (15.2%), Assurance: 8877 (13.0%), Sludge Bomb: 4934 (7.2%), Smog: 2732 (4.0%), Explosion: 2689 (3.9%), Haze: 1688 (2.5%), Flamethrower: 1109 (1.6%), Thunder: 952 (1.4%), Selfdestruct: 920 (1.3%), Tackle: 702 (1.0%), Thunderbolt: 519 (0.8%), Toxic: 294 (0.4%), Struggle: 2 (0.0%)",13445,11909,1.13,2900,1.37,5.46,2.81,3172,4677,8752,5424,9.51,16621,"Seaking: 340, Zubat: 251, Rattata: 249","Graveler: 249, Kadabra: 188, Alakazam: 183",9,"Damage: 2859, Status: 1383, Hazard: 0, Weather: 0, Cleric: 0, Screen: 0, Pass: 0",None
WHISMUR,F-,All-Rounder,"Screech: 1801 (33.2%), Rest: 1541 (28.4%), Roar: 1202 (22.2%), Sleep Talk: 863 (15.9%), Struggle: 14 (0.3%)",9,1321,0.01,0,0.01,6.05,3.27,1,343,218,0,-2.2,1331,"Magikarp: 5, Whismur: 4","Koffing: 29, Rattata: 28, Graveler: 20",0,"Damage: 0, Status: 0, Hazard: 0, Weather: 0, Cleric: 0, Screen: 0, Pass: 0",None
WIGGLYTUFF,E,Disrupter,"Defense Curl: 15136 (27.4%), Disable: 13072 (23.7%), Sing: 10606 (19.2%), Pound: 10303 (18.7%), Double Slap: 5998 (10.9%), Struggle: 120 (0.2%)",1461,3958,0.37,1352,0.71,13.76,5.13,871,9863,1740,0,-12.73,4605,"Magikarp: 88, Rattata: 80, Pidgey: 46","Koffing: 75, Butterfree: 63, Gyarados: 63",0,"Damage: 1261, Status: 829, Hazard: 0, Weather: 0, Cleric: 0, Screen: 0, Pass: 0",None
WINGULL,E-,All-Rounder,"Aerial Ace: 2316 (31.4%), Pursuit: 2294 (31.1%), Agility: 1667 (22.6%), Roost: 1106 (15.0%)",302,1471,0.21,654,0.65,5.46,3.03,278,12,320,0,7.61,1572,"Magikarp: 54, Gastly: 18, Staryu: 14","Koffing: 38, Rattata: 35, Raticate: 24",1,"Damage: 654, Status: 0, Hazard: 0, Weather: 0, Cleric: 0, Screen: 0, Pass: 0",None
WOBBUFFET,D-,All-Rounder,"Mirror Coat: 153 (48.0%), Counter: 148 (46.4%), Destiny Bond: 16 (5.0%), Encore: 2 (0.6%)",39,56,0.7,12,0.91,6.5,3.36,0,2,22,0,5.87,80,"Hypno: 3, Rhydon: 2, Mr Mime: 2","Gengar: 4, Dragonite: 4, Houndoom: 4",0,"Damage: 12, Status: 0, Hazard: 0, Weather: 0, Cleric: 0, Screen: 0, Pass: 0",None
WOOPER,F,Attacker,"Water Gun: 3763 (29.7%), Mud Shot: 3147 (24.8%), Tail Whip: 2053 (16.2%), Slam: 1624 (12.8%), Mud Bomb: 1267 (10.0%), Mud Sport: 821 (6.5%), Struggle: 3 (0.0%)",821,2546,0.32,36,0.34,5.76,2.9,521,1391,833,2656,-0.42,2844,"Magikarp: 108, Magnemite: 61, Onix: 47","Koffing: 58, Rattata: 52, Graveler: 50",0,"Damage: 36, Status: 0, Hazard: 0, Weather: 0, Cleric: 0, Screen: 0, Pass: 0",None
XATU,B,Defender,"Me First: 14776 (23.8%), Wish: 12971 (20.9%), Future Sight: 8806 (14.2%), Fly: 8720 (14.1%), Tailwind: 4988 (8.0%), Psychic: 3477 (5.6%), Confuse Ray: 3191 (5.1%), Ominous Wind: 2653 (4.3%), Psycho Shift: 1138 (1.8%), Night Shade: 555 (0.9%), U Turn: 406 (0.7%), Aerial Ace: 175 (0.3%), Struggle: 70 (0.1%), Shadow Ball: 60 (0.1%), Quick Attack: 22 (0.0%)",5525,5707,0.97,5886,2.0,7.88,3.56,1076,1260,5585,758,7.99,9126,"Magikarp: 219, Rattata: 156, Koffing: 146","Seaking: 114, Sneasel: 112, Gyarados: 110",1,"Damage: 5342, Status: 1640, Hazard: 0, Weather: 0, Cleric: 349, Screen: 0, Pass: 0",None
YANMA,E,All-Rounder,"Pursuit: 2232 (37.1%), Uproar: 1623 (27.0%), Detect: 1577 (26.2%), Supersonic: 582 (9.7%)",568,979,0.58,94,0.68,6.09,2.04,238,358,189,0,1.11,1254,"Koffing: 22, Zubat: 19, Haunter: 16","Magmar: 23, Seaking: 23, Golbat: 22",0,"Damage: 91, Status: 25, Hazard: 0, Weather: 0, Cleric: 0, Screen: 0, Pass: 0",None
YANMEGA,B,All-Rounder,"Pursuit: 1073 (21.4%), Slash: 961 (19.2%), Ancient Power: 714 (14.3%), Air Slash: 709 (14.2%), Uproar: 597 (11.9%), U Turn: 237 (4.7%), Supersonic: 231 (4.6%), Bug Buzz: 186 (3.7%), Screech: 164 (3.3%), Detect: 131 (2.6%)",1336,809,1.65,444,2.2,4.83,1.77,334,297,200,153,4.56,1545,"Butterfree: 67, Koffing: 43, Golbat: 36","Starmie: 25, Crobat: 22, Flareon: 21",0,"Damage: 439, Status: 41, Hazard: 0, Weather: 0, Cleric: 0, Screen: 0, Pass: 0",None
ZIGZAGOON,E+,All-Rounder,"Secret Power: 3283 (31.0%), Iron Tail: 3222 (30.4%), Belly Drum: 2057 (19.4%), Rest: 1402 (13.2%), Flail: 581 (5.5%), Return: 37 (0.3%)",1530,2621,0.58,595,0.81,4.38,2.39,382,1026,549,521,-0.81,3204,"Magikarp: 108, Rattata: 54, Zubat: 49","Koffing: 54, Rattata: 54, Seaking: 46",0,"Damage: 595, Status: 0, Hazard: 0, Weather: 0, Cleric: 0, Screen: 0, Pass: 0",None
ZUBAT,E-,Disrupter,"Supersonic: 22612 (22.4%), Leech Life: 20476 (20.3%), Bite: 18232 (18.1%), Wing Attack: 16185 (16.1%), Astonish: 15877 (15.7%), Confuse Ray: 4609 (4.6%), Air Cutter: 2708 (2.7%), Struggle: 110 (0.1%)",8101,23228,0.35,7492,0.67,5.68,2.57,4423,12741,6184,8965,-1.83,24822,"Bellsprout: 334, Butterfree: 295, Magikarp: 294","Koffing: 470, Magnemite: 451, Seaking: 425",3,"Damage: 6886, Status: 4734, Hazard: 0, Weather: 0, Cleric: 0, Screen: 0, Pass: 0",None
