Species,Tier,Role,Global_Move_Usage,Total_KOs,Total_Deaths,Global_KDR,Total_Assists,KDA,Global_Average_Lifespan_Turns,Average_Hits_Taken,Critical_Hits,Missed_Attacks,Dodged_Attacks,Secondary_Effect_Procs,Luck_Score,Games_Seen,Most_KOs_Against,Killed_Most_By,Switch_In_Casualties,Assist_Breakdown,Mimic_Move_Usage
ABRA,F-,Disrupter,"Flash: 4886 (61.3%), Teleport: 2979 (37.4%), Struggle: 100 (1.3%)",15,2123,0.01,75,0.04,10.28,2.66,5,190,3530,0,29.1,1177,"Caterpie: 6, Bellsprout: 2, Magikarp: 2","Koffing: 37, Seaking: 36, Qwilfish: 35",1,"Damage: 24, Status: 53, Hazard: 0, Weather: 0, Cleric: 0, Screen: 0, Pass: 0",None
ABSOL,S,All-Rounder,"Night Slash: 1320 (43.4%), Quick Attack: 975 (32.0%), Psycho Cut: 536 (17.6%), Slash: 213 (7.0%)",2020,241,8.38,175,9.11,2.85,0.76,647,23,67,0,22.21,1149,"Magikarp: 58, Seaking: 39, Koffing: 38","Graveler: 16, Rapidash: 11, Arcanine: 10",0,"Damage: 175, Status: 0, Hazard: 0, Weather: 0, Cleric: 0, Screen: 0, Pass: 0",None
AIPOM,D,All-Rounder,"Double Hit: 2624 (30.0%), Nasty Plot: 1598 (18.2%), Swift: 1288 (14.7%), Fling: 1275 (14.6%), Agility: 1248 (14.2%), Screech: 427 (4.9%), Fury Swipes: 287 (3.3%), Struggle: 12 (0.1%)",1205,1647,0.73,364,0.95,4.94,2.25,340,465,309,0,2.03,2148,"Magikarp: 57, Voltorb: 47, Goldeen: 32","Seaking: 51, Butterfree: 40, Magmar: 35",0,"Damage: 364, Status: 0, Hazard: 0, Weather: 0, Cleric: 0, Screen: 0, Pass: 0",None
ALAKAZAM,S,Attacker / Support,"Psychic: 2516 (44.6%), Calm Mind: 1238 (21.9%), Reflect: 845 (15.0%), Focus Blast: 586 (10.4%), Recover: 280 (5.0%), Energy Ball: 142 (2.5%), Charge Beam: 38 (0.7%)",2394,484,4.95,141,5.24,3.35,1.27,220,232,186,86,2.97,2039,"Seaking: 70, Quagsire: 55, Koffing: 46","Seaking: 29, Arcanine: 22, Azumarill: 13",0,"Damage: 101, Status: 17, Hazard: 0, Weather: 0, Cleric: 0, Screen: 30, Pass: 0",None
AMBIPOM,A+,All-Rounder,"Double Hit: 10540 (61.0%), Nasty Plot: 6214 (36.0%), Last Resort: 257 (1.5%), Fling: 236 (1.4%), Struggle: 36 (0.2%)",4244,1795,2.36,1024,2.93,5.11,2.31,537,1170,476,0,-0.88,3742,"Magikarp: 171, Voltorb: 105, Pikachu: 95","Graveler: 59, Seaking: 45, Magmar: 40",0,"Damage: 1024, Status: 0, Hazard: 0, Weather: 0, Cleric: 0, Screen: 0, Pass: 0",None
AMPHAROS,A+,Attacker,"Signal Beam: 2914 (32.8%), Discharge: 2490 (28.0%), Thunder Wave: 1439 (16.2%), Charge: 776 (8.7%), Thunder: 597 (6.7%), Cotton Spore: 321 (3.6%), Thunder Punch: 242 (2.7%), Power Gem: 109 (1.2%)",2802,1049,2.67,193,2.86,4.8,1.95,361,423,375,539,3.47,2626,"Seaking: 128, Qwilfish: 61, Quagsire: 59","Quagsire: 68, Golem: 46, Seaking: 29",0,"Damage: 160, Status: 99, Hazard: 0, Weather: 0, Cleric: 0, Screen: 0, Pass: 0",None
ARBOK,A+,Defender,"Mud Bomb: 7323 (29.1%), Crunch: 4246 (16.8%), Stockpile: 4094 (16.2%), Screech: 2084 (8.3%), Gastro Acid: 1613 (6.4%), Spit Up: 1499 (5.9%), Gunk Shot: 1421 (5.6%), Glare: 1216 (4.8%), Swallow: 1187 (4.7%), Poison Jab: 516 (2.0%), Struggle: 1 (0.0%)",5564,2434,2.29,1452,2.88,5.99,2.98,785,2429,1453,1741,-0.77,4918,"Magikarp: 172, Magnemite: 127, Voltorb: 117","Quagsire: 92, Graveler: 76, Seaking: 64",0,"Damage: 1385, Status: 304, Hazard: 0, Weather: 0, Cleric: 0, Screen: 0, Pass: 0",None
ARCANINE,S+,Attacker,"Extreme Speed: 5579 (47.2%), Fire Fang: 2674 (22.6%), Thunder Fang: 1164 (9.8%), Flare Blitz: 1118 (9.5%), Overheat: 552 (4.7%), Crunch: 395 (3.3%), Flamethrower: 297 (2.5%), Reversal: 32 (0.3%), Roar: 13 (0.1%), Odor Sleuth: 1 (0.0%)",6730,619,10.87,560,11.78,3.45,1.07,677,318,266,511,5.17,3764,"Magikarp: 173, Koffing: 136, Seaking: 131","Golem: 41, Graveler: 39, Quagsire: 28",0,"Damage: 560, Status: 94, Hazard: 0, Weather: 0, Cleric: 0, Screen: 0, Pass: 0",None
ARIADOS,C,All-Rounder,"Agility: 5942 (24.4%), Sucker Punch: 4156 (17.1%), Fury Swipes: 3968 (16.3%), Psychic: 2906 (11.9%), Pin Missile: 2867 (11.8%), Spider Web: 2585 (10.6%), Poison Jab: 1942 (8.0%), Struggle: 7 (0.0%)",4663,3711,1.26,822,1.48,5.23,2.71,1313,1421,928,419,3.22,5917,"Voltorb: 128, Magikarp: 122, Bellsprout: 100","Magmar: 121, Seaking: 94, Graveler: 88",3,"Damage: 822, Status: 63, Hazard: 0, Weather: 0, Cleric: 0, Screen: 0, Pass: 0",None
AZUMARILL,S-,Attacker,"Double Edge: 6092 (22.2%), Aqua Tail: 3961 (14.5%), Rollout: 2810 (10.3%), Aqua Ring: 2667 (9.7%), Rain Dance: 2368 (8.6%), Bubble Beam: 2057 (7.5%), Waterfall: 1855 (6.8%), Dig: 1714 (6.3%), Water Pulse: 1409 (5.1%), Defense Curl: 1143 (4.2%), Aqua Jet: 818 (3.0%), Hydro Pump: 243 (0.9%), Superpower: 174 (0.6%), Attract: 87 (0.3%)",9377,2530,3.71,457,3.89,4.77,2.52,1119,1137,1646,519,5.67,6986,"Butterfree: 219, Magmar: 210, Magikarp: 208","Weezing: 61, Quagsire: 56, Victreebel: 55",0,"Damage: 457, Status: 25, Hazard: 0, Weather: 0, Cleric: 0, Screen: 0, Pass: 0",None
BEEDRILL,C+,All-Rounder,"Assurance: 11169 (23.4%), Endeavor: 11038 (23.2%), Poison Jab: 10921 (22.9%), Agility: 9786 (20.5%), Fury Attack: 2260 (4.7%), Bug Bite: 984 (2.1%), Focus Energy: 569 (1.2%), Pin Missile: 475 (1.0%), Twineedle: 419 (0.9%), Struggle: 36 (0.1%)",9051,7721,1.17,2519,1.5,5.21,2.58,1951,966,1776,1551,5.6,11741,"Magikarp: 317, Voltorb: 240, Butterfree: 199","Graveler: 238, Magmar: 215, Seaking: 209",9,"Damage: 2519, Status: 561, Hazard: 0, Weather: 0, Cleric: 0, Screen: 0, Pass: 0",None
BELLOSSOM,D+,Disrupter,"Magical Leaf: 6277 (30.7%), Sweet Scent: 4876 (23.9%), Stun Spore: 3722 (18.2%), Sunny Day: 2573 (12.6%), Mega Drain: 2264 (11.1%), Acid: 691 (3.4%), Struggle: 16 (0.1%)",2643,2813,0.94,707,1.19,6.12,2.88,548,1042,729,54,1.09,4187,"Magikarp: 113, Geodude: 77, Onix: 71","Magmar: 86, Seaking: 59, Fearow: 53",2,"Damage: 566, Status: 465, Hazard: 0, Weather: 4, Cleric: 0, Screen: 0, Pass: 0",None
BELLSPROUT,F,All-Rounder,"Vine Whip: 18247 (69.8%), Growth: 3162 (12.1%), Razor Leaf: 2247 (8.6%), Gastro Acid: 1236 (4.7%), Sweet Scent: 753 (2.9%), Struggle: 444 (1.7%), Knock Off: 71 (0.3%)",1541,16154,0.1,588,0.13,4.9,2.63,1337,828,1563,0,7.47,9134,"Magikarp: 199, Bellsprout: 136, Geodude: 121","Magmar: 285, Seaking: 276, Goldeen: 245",1,"Damage: 588, Status: 0, Hazard: 0, Weather: 0, Cleric: 0, Screen: 0, Pass: 0",None
BIDOOF,D-,Attacker,"Take Down: 1478 (29.9%), Super Fang: 1399 (28.3%), Superpower: 1338 (27.1%), Amnesia: 725 (14.7%), Struggle: 5 (0.1%)",830,918,0.9,30,0.94,4.83,2.83,217,522,193,0,-2.18,1227,"Magikarp: 54, Geodude: 31, Bellsprout: 28","Graveler: 20, Seaking: 20, Koffing: 17",0,"Damage: 30, Status: 0, Hazard: 0, Weather: 0, Cleric: 0, Screen: 0, Pass: 0",None
BLASTOISE,A,Attacker,"Surf: 1347 (46.4%), Aqua Tail: 708 (24.4%), Rain Dance: 515 (17.8%), Bite: 330 (11.4%)",1008,380,2.65,19,2.7,4.82,2.04,126,107,92,75,3.97,850,"Magmar: 34, Butterfree: 31, Onix: 30","Quagsire: 13, Weezing: 12, Butterfree: 12",0,"Damage: 19, Status: 0, Hazard: 0, Weather: 0, Cleric: 0, Screen: 0, Pass: 0",None
BRONZOR,C-,Defender,"Safeguard: 9120 (28.6%), Iron Defense: 5063 (15.9%), Faint Attack: 4852 (15.2%), Future Sight: 4530 (14.2%), Gyro Ball: 4325 (13.6%), Skill Swap: 3866 (12.1%), Struggle: 110 (0.3%)",782,2022,0.39,2025,1.39,12.94,8.21,551,197,1030,0,4.21,2758,"Magikarp: 56, Bellsprout: 31, Geodude: 25","Magmar: 59, Butterfree: 54, Seaking: 48",0,"Damage: 2024, Status: 6, Hazard: 0, Weather: 0, Cleric: 0, Screen: 0, Pass: 0",None
BUDEW,B+,Attacker / Disrupter,"Nature Power: 1601 (30.9%), Sludge Bomb: 1401 (27.1%), Stun Spore: 1339 (25.9%), Giga Drain: 838 (16.2%)",1417,736,1.93,73,2.02,4.54,1.98,244,424,152,232,-0.39,1301,"Magikarp: 60, Goldeen: 41, Geodude: 32","Seaking: 25, Quagsire: 20, Magmar: 20",0,"Damage: 69, Status: 51, Hazard: 0, Weather: 0, Cleric: 0, Screen: 0, Pass: 0",None
BUIZEL,C+,Attacker,"Aqua Jet: 2156 (56.4%), Swift: 1274 (33.3%), Agility: 309 (8.1%), Whirlpool: 84 (2.2%)",1064,740,1.44,39,1.49,3.53,1.57,209,54,130,0,7.21,1173,"Magikarp: 56, Geodude: 32, Bellsprout: 28","Seaking: 26, Graveler: 18, Butterfree: 17",0,"Damage: 39, Status: 0, Hazard: 0, Weather: 0, Cleric: 0, Screen: 0, Pass: 0",None
BULBASAUR,D-,All-Rounder,"Razor Leaf: 3007 (16.9%), Double Edge: 2746 (15.4%), Take Down: 1768 (9.9%), Leech Seed: 1695 (9.5%), Seed Bomb: 1460 (8.2%), Growl: 1411 (7.9%), Sludge Bomb: 1265 (7.1%), Vine Whip: 988 (5.6%), Tackle: 986 (5.5%), Worry Seed: 826 (4.6%), Synthesis: 677 (3.8%), Toxic: 451 (2.5%), Sleep Powder: 359 (2.0%), Poison Powder: 149 (0.8%), Struggle: 6 (0.0%)",3332,5639,0.59,1960,0.94,4.5,2.27,886,1184,995,176,3.62,5843,"Magikarp: 205, Geodude: 100, Bellsprout: 94","Seaking: 160, Butterfree: 129, Magmar: 117",4,"Damage: 1796, Status: 866, Hazard: 0, Weather: 0, Cleric: 0, Screen: 0, Pass: 0",None
BURMY,C-,All-Rounder,"Protect: 1656 (27.7%), Bug Bite: 1500 (25.1%), Tackle: 1437 (24.1%), Hidden Power: 1372 (23.0%), Struggle: 7 (0.1%)",604,979,0.62,711,1.34,5.74,2.54,264,160,210,0,5.08,1301,"Magikarp: 54, Geodude: 27, Bellsprout: 18","Graveler: 26, Butterfree: 26, Magmar: 24",0,"Damage: 711, Status: 0, Hazard: 0, Weather: 0, Cleric: 0, Screen: 0, Pass: 0",None
BUTTERFREE,C-,All-Rounder,"Bug Buzz: 23543 (31.5%), Tailwind: 13420 (18.0%), Safeguard: 12114 (16.2%), Silver Wind: 6442 (8.6%), Captivate: 5197 (7.0%), Bug Bite: 3203 (4.3%), Gust: 3062 (4.1%), Supersonic: 1928 (2.6%), Stun Spore: 1594 (2.1%), Whirlwind: 1438 (1.9%), Psybeam: 1200 (1.6%), Confusion: 913 (1.2%), Sleep Powder: 652 (0.9%), Struggle: 11 (0.0%)",14849,12515,1.19,2627,1.4,5.64,2.73,2264,1023,2599,1975,4.96,16288,"Magikarp: 423, Magnemite: 339, Onix: 293","Magmar: 408, Graveler: 362, Seaking: 351",21,"Damage: 2559, Status: 409, Hazard: 0, Weather: 0, Cleric: 0, Screen: 0, Pass: 0",None
CAMERUPT,C+,All-Rounder,"Rock Slide: 268 (28.1%), Amnesia: 247 (25.9%), Lava Plume: 228 (23.9%), Earth Power: 210 (22.0%)",317,233,1.36,55,1.6,3.5,1.64,38,67,52,77,1.49,492,"Magmar: 18, Graveler: 16, Rapidash: 15","Golduck: 17, Quagsire: 14, Seaking: 14",3,"Damage: 55, Status: 11, Hazard: 0, Weather: 0, Cleric: 0, Screen: 0, Pass: 0",None
CARNIVINE,D+,All-Rounder,"Giga Drain: 753 (40.0%), Wring Out: 621 (33.0%), Ingrain: 311 (16.5%), Attract: 195 (10.4%), Struggle: 4 (0.2%)",281,336,0.84,120,1.19,5.38,2.34,80,35,69,0,5.84,510,"Seaking: 13, Gyarados: 13, Quagsire: 11","Magmar: 19, Weezing: 14, Noctowl: 13",0,"Damage: 120, Status: 0, Hazard: 0, Weather: 0, Cleric: 0, Screen: 0, Pass: 0",None
CATERPIE,F-,All-Rounder,"Tackle: 5218 (54.6%), String Shot: 4334 (45.3%), Struggle: 13 (0.1%)",147,6586,0.02,127,0.04,5.31,2.53,304,787,597,0,1.12,3339,"Bellsprout: 40, Caterpie: 29, Magikarp: 13","Seaking: 108, Magmar: 107, Goldeen: 100",0,"Damage: 127, Status: 0, Hazard: 0, Weather: 0, Cleric: 0, Screen: 0, Pass: 0",None
CHARMANDER,D,All-Rounder,"Dragon Rage: 1477 (32.2%), Fire Fang: 823 (18.0%), Scary Face: 641 (14.0%), Smoke Screen: 556 (12.1%), Slash: 386 (8.4%), Flamethrower: 353 (7.7%), Fire Spin: 348 (7.6%)",1156,1538,0.75,353,0.98,3.3,1.43,113,271,396,86,4.65,2050,"Magikarp: 55, Bellsprout: 43, Magnemite: 32","Seaking: 46, Graveler: 39, Golduck: 36",1,"Damage: 353, Status: 20, Hazard: 0, Weather: 0, Cleric: 0, Screen: 0, Pass: 0",None
CHARMELEON,D,All-Rounder,"Fire Fang: 2383 (17.7%), Ember: 2352 (17.5%), Smoke Screen: 2140 (15.9%), Scary Face: 1886 (14.0%), Dragon Rage: 1833 (13.6%), Flamethrower: 1028 (7.6%), Growl: 997 (7.4%), Slash: 765 (5.7%), Aerial Ace: 74 (0.5%), Struggle: 4 (0.0%)",2752,3086,0.89,622,1.09,3.98,1.62,449,478,1460,539,9.69,4682,"Magikarp: 101, Bellsprout: 78, Magnemite: 67","Seaking: 110, Butterfree: 67, Golduck: 65",0,"Damage: 622, Status: 118, Hazard: 0, Weather: 0, Cleric: 0, Screen: 0, Pass: 0",None
CHATOT,B+,All-Rounder,"Uproar: 3186 (60.5%), Mimic: 918 (17.4%), Feather Dance: 815 (15.5%), Roost: 337 (6.4%), Struggle: 14 (0.3%)",1419,780,1.82,261,2.15,4.72,2.29,177,39,264,10,7.33,1337,"Magikarp: 59, Koffing: 42, Geodude: 34","Graveler: 33, Butterfree: 21, Magmar: 20",0,"Damage: 258, Status: 7, Hazard: 0, Weather: 0, Cleric: 0, Screen: 0, Pass: 0","Agility: 31 (7.0%), Sucker Punch: 17 (3.8%), Charge: 17 (3.8%), Curse: 16 (3.6%), Safeguard: 14 (3.2%), Rock Polish: 11 (2.5%), Air Slash: 10 (2.3%), Wish: 10 (2.3%), Wake Up Slap: 10 (2.3%), Dive: 9 (2.0%), Double Slap: 8 (1.8%), Slash: 8 (1.8%), Yawn: 8 (1.8%), Amnesia: 8 (1.8%), Thrash: 8 (1.8%), Swift: 7 (1.6%), Scary Face: 7 (1.6%), Aqua Ring: 7 (1.6%), Take Down: 7 (1.6%), Reflect: 7 (1.6%), Captivate: 6 (1.4%), Rest: 6 (1.4%), Confuse Ray: 6 (1.4%), Spite: 6 (1.4%), Growth: 6 (1.4%), Dizzy Punch: 6 (1.4%), Lucky Chant: 6 (1.4%), Nasty Plot: 5 (1.1%), Rain Dance: 5 (1.1%), Gust: 5 (1.1%), Meditate: 5 (1.1%), Body Slam: 5 (1.1%), Future Sight: 5 (1.1%), Disable: 5 (1.1%), Spark: 5 (1.1%), Double Edge: 5 (1.1%), Iron Defense: 5 (1.1%), Double Team: 5 (1.1%), Lock On: 4 (0.9%), Present: 4 (0.9%), Toxic Spikes: 4 (0.9%), Worry Seed: 4 (0.9%), Feint: 4 (0.9%), Bounce: 4 (0.9%), Rollout: 4 (0.9%), Counter: 4 (0.9%), Silver Wind: 4 (0.9%), Stockpile: 3 (0.7%), Swords Dance: 3 (0.7%), Protect: 3 (0.7%), Assurance: 3 (0.7%), Mach Punch: 2 (0.5%), Focus Energy: 2 (0.5%), Petal Dance: 2 (0.5%), Gravity: 2 (0.5%), Harden: 2 (0.5%), Teeter Dance: 2 (0.5%), Charge Beam: 2 (0.5%), Aqua Tail: 2 (0.5%), Supersonic: 2 (0.5%), Tri Attack: 2 (0.5%), Sand Attack: 2 (0.5%), Defense Curl: 2 (0.5%), Screech: 2 (0.5%), Substitute: 2 (0.5%), Barrier: 2 (0.5%), Stun Spore: 2 (0.5%), Aromatherapy: 2 (0.5%), Zen Headbutt: 2 (0.5%), Sonic Boom: 2 (0.5%), Transform: 2 (0.5%), Ancient Power: 2 (0.5%), Sludge Bomb: 1 (0.2%), Dragon Rush: 1 (0.2%), Wring Out: 1 (0.2%), Me First: 1 (0.2%), Smoke Screen: 1 (0.2%), Swagger: 1 (0.2%), Rage: 1 (0.2%), Confusion: 1 (0.2%), Psybeam: 1 (0.2%), Charm: 1 (0.2%), Slam: 1 (0.2%), Egg Bomb: 1 (0.2%), Mind Reader: 1 (0.2%), Water Pulse: 1 (0.2%), Acid: 1 (0.2%), Tackle: 1 (0.2%), Endeavor: 1 (0.2%), Acupressure: 1 (0.2%), Wing Attack: 1 (0.2%), Ingrain: 1 (0.2%), Glare: 1 (0.2%), Hyper Fang: 1 (0.2%), Leer: 1 (0.2%), Gastro Acid: 1 (0.2%), Belly Drum: 1 (0.2%), Submission: 1 (0.2%), Vital Throw: 1 (0.2%), Bind: 1 (0.2%), Mean Look: 1 (0.2%), Fire Spin: 1 (0.2%), Sludge: 1 (0.2%), Acid Armor: 1 (0.2%), Magical Leaf: 1 (0.2%), Light Screen: 1 (0.2%), Twister: 1 (0.2%), Aqua Jet: 1 (0.2%)"
CHERRIM,A+,All-Rounder,"Petal Dance: 1787 (43.8%), Take Down: 1018 (25.0%), Sunny Day: 665 (16.3%), Worry Seed: 610 (15.0%)",1280,570,2.25,442,3.02,4.38,2.0,156,202,124,0,1.86,1196,"Magikarp: 57, Graveler: 31, Geodude: 30","Magmar: 20, Fearow: 16, Rapidash: 15",3,"Damage: 441, Status: 0, Hazard: 0, Weather: 6, Cleric: 0, Screen: 0, Pass: 0",None
CHERUBI,D+,Attacker,"Solar Beam: 2271 (45.6%), Take Down: 1234 (24.8%), Worry Seed: 765 (15.4%), Lucky Chant: 707 (14.2%)",949,840,1.13,15,1.15,4.92,2.81,125,311,189,0,0.06,1209,"Magikarp: 59, Geodude: 38, Goldeen: 34","Seaking: 24, Graveler: 21, Magmar: 18",0,"Damage: 15, Status: 0, Hazard: 0, Weather: 0, Cleric: 0, Screen: 0, Pass: 0",None
CHIKORITA,F-,Attacker,"Tackle: 1496 (54.5%), Growl: 1234 (45.0%), Struggle: 13 (0.5%)",66,1087,0.06,2,0.06,3.57,1.81,82,198,130,0,0.49,1108,"Bellsprout: 38, Caterpie: 8, Voltorb: 3","Koffing: 20, Seaking: 18, Onix: 17",0,"Damage: 2, Status: 0, Hazard: 0, Weather: 0, Cleric: 0, Screen: 0, Pass: 0",None
CHINCHOU,C-,Attacker,"Discharge: 598 (35.3%), Bubble Beam: 392 (23.2%), Aqua Ring: 390 (23.0%), Signal Beam: 312 (18.4%)",485,372,1.3,30,1.38,4.01,1.71,72,40,60,138,4.98,645,"Seadra: 22, Seaking: 22, Graveler: 20","Quagsire: 21, Seaking: 13, Sunflora: 12",0,"Damage: 30, Status: 7, Hazard: 0, Weather: 0, Cleric: 0, Screen: 0, Pass: 0",None
CHINGLING,B-,All-Rounder,"Confusion: 2366 (63.0%), Uproar: 783 (20.9%), Astonish: 429 (11.4%), Last Resort: 175 (4.7%)",1018,890,1.14,471,1.67,3.78,1.9,214,41,155,263,8.15,1279,"Magikarp: 56, Geodude: 32, Bellsprout: 30","Seaking: 28, Graveler: 25, Fearow: 24",0,"Damage: 471, Status: 49, Hazard: 0, Weather: 0, Cleric: 0, Screen: 0, Pass: 0",None
CLAMPERL,C+,Defender,"Water Gun: 1795 (26.3%), Whirlpool: 1727 (25.3%), Clamp: 1718 (25.2%), Iron Defense: 1571 (23.0%), Struggle: 6 (0.1%)",989,743,1.33,132,1.51,6.78,4.22,226,982,356,0,-5.58,1190,"Magikarp: 53, Geodude: 30, Bellsprout: 28","Seaking: 26, Butterfree: 17, Seadra: 16",0,"Damage: 132, Status: 0, Hazard: 0, Weather: 0, Cleric: 0, Screen: 0, Pass: 0",None
CLEFABLE,C+,Attacker,"Wake Up Slap: 5842 (17.9%), Metronome: 4906 (15.0%), Sing: 4125 (12.6%), Growl: 3479 (10.7%), Gravity: 3384 (10.4%), Double Slap: 3127 (9.6%), Moonlight: 2487 (7.6%), Encore: 1803 (5.5%), Blizzard: 1777 (5.4%), Thunder: 1462 (4.5%), Struggle: 254 (0.8%)",4163,2987,1.39,317,1.5,8.0,3.23,872,2975,825,160,-3.82,4799,"Magikarp: 151, Bellsprout: 88, Voltorb: 87","Seaking: 58, Graveler: 51, Quagsire: 50",0,"Damage: 309, Status: 81, Hazard: 1, Weather: 10, Cleric: 0, Screen: 1, Pass: 0",None
CLEFAIRY,D-,Attacker / Support,"Sing: 4882 (15.3%), Meteor Mash: 4737 (14.9%), Minimize: 3771 (11.8%), Double Slap: 3763 (11.8%), Gravity: 3266 (10.3%), Light Screen: 2455 (7.7%), Moonlight: 2341 (7.4%), Metronome: 2231 (7.0%), Wake Up Slap: 2135 (6.7%), Encore: 1969 (6.2%), Struggle: 294 (0.9%)",2478,3102,0.8,153,0.85,8.83,3.61,638,3447,3907,949,3.13,4204,"Magikarp: 151, Bellsprout: 100, Pidgey: 71","Seaking: 74, Graveler: 58, Quagsire: 54",0,"Damage: 135, Status: 36, Hazard: 0, Weather: 0, Cleric: 0, Screen: 21, Pass: 0",None
CLOYSTER,B-,Hazards,"Aurora Beam: 9946 (33.1%), Protect: 6242 (20.8%), Spike Cannon: 4523 (15.0%), Spikes: 2600 (8.6%), Supersonic: 2328 (7.7%), Water Pulse: 1453 (4.8%), Ice Shard: 1297 (4.3%), Attract: 694 (2.3%), Withdraw: 504 (1.7%), Toxic Spikes: 472 (1.6%), Struggle: 7 (0.0%)",6717,4425,1.52,1032,1.75,5.07,2.21,1603,1285,1011,756,4.33,7538,"Magikarp: 159, Seaking: 140, Butterfree: 122","Butterfree: 143, Seaking: 104, Magmar: 99",0,"Damage: 788, Status: 240, Hazard: 285, Weather: 0, Cleric: 0, Screen: 0, Pass: 0",None
CORSOLA,E+,Attacker,"Bubble: 5014 (25.0%), Harden: 3341 (16.7%), Ancient Power: 2599 (13.0%), Bubble Beam: 2522 (12.6%), Recover: 2236 (11.2%), Rock Blast: 2179 (10.9%), Lucky Chant: 1382 (6.9%), Refresh: 498 (2.5%), Aqua Ring: 234 (1.2%), Struggle: 13 (0.1%)",2288,3505,0.65,95,0.68,9.7,6.57,751,1428,1021,828,1.62,2413,"Magikarp: 112, Bellsprout: 58, Geodude: 53","Seaking: 115, Quagsire: 96, Graveler: 79",0,"Damage: 95, Status: 0, Hazard: 0, Weather: 0, Cleric: 0, Screen: 0, Pass: 0",None
CROAGUNK,A,Disrupter,"Sludge Bomb: 1491 (27.4%), Poison Jab: 1449 (26.6%), Nasty Plot: 1363 (25.0%), Flatter: 1147 (21.0%)",1454,660,2.2,167,2.46,4.76,2.0,154,63,178,425,4.95,1314,"Magikarp: 58, Seaking: 43, Butterfree: 36","Graveler: 24, Magmar: 16, Farfetchd: 14",0,"Damage: 157, Status: 150, Hazard: 0, Weather: 0, Cleric: 0, Screen: 0, Pass: 0",None
CROBAT,B+,Disrupter,"Air Cutter: 1330 (34.7%), Poison Fang: 1181 (30.8%), Confuse Ray: 747 (19.5%), Mean Look: 578 (15.1%)",708,413,1.71,185,2.16,5.88,2.53,232,105,114,266,6.41,847,"Butterfree: 32, Seaking: 20, Skiploom: 19","Graveler: 12, Golem: 11, Magmar: 11",0,"Damage: 160, Status: 161, Hazard: 0, Weather: 0, Cleric: 0, Screen: 0, Pass: 0",None
CUBONE,F+,All-Rounder,"Thrash: 1142 (24.3%), Headbutt: 701 (14.9%), Rage: 586 (12.5%), False Swipe: 561 (11.9%), Bone Club: 552 (11.7%), Bonemerang: 443 (9.4%), Leer: 385 (8.2%), Focus Energy: 331 (7.0%)",481,1746,0.28,70,0.32,4.32,1.97,358,286,227,194,5.88,2002,"Magnemite: 26, Pikachu: 24, Growlithe: 19","Seaking: 42, Graveler: 34, Magmar: 31",0,"Damage: 70, Status: 0, Hazard: 0, Weather: 0, Cleric: 0, Screen: 0, Pass: 0",None
CYNDAQUIL,F-,Attacker,"Tackle: 906 (35.0%), Leer: 889 (34.3%), Smoke Screen: 791 (30.6%), Struggle: 3 (0.1%)",59,1090,0.05,2,0.06,3.39,1.34,43,147,613,0,15.9,1108,"Magikarp: 14, Bellsprout: 14, Caterpie: 8","Koffing: 18, Seaking: 18, Growlithe: 16",0,"Damage: 2, Status: 0, Hazard: 0, Weather: 0, Cleric: 0, Screen: 0, Pass: 0",None
DELIBIRD,D-,Attacker,"Present: 9426 (75.5%), Aerial Ace: 1385 (11.1%), Avalanche: 1173 (9.4%), Struggle: 499 (4.0%)",1583,1795,0.88,52,0.91,5.74,3.36,651,1653,443,0,-4.32,2397,"Magikarp: 105, Bellsprout: 58, Pidgey: 43","Seaking: 40, Graveler: 39, Magmar: 30",0,"Damage: 52, Status: 0, Hazard: 0, Weather: 0, Cleric: 0, Screen: 0, Pass: 0",None
DEWGONG,B+,Attacker,"Dive: 7569 (22.5%), Ice Shard: 5716 (17.0%), Rest: 4311 (12.8%), Take Down: 2962 (8.8%), Aurora Beam: 2472 (7.4%), Brine: 2379 (7.1%), Ice Beam: 1812 (5.4%), Aqua Ring: 1559 (4.6%), Aqua Tail: 1481 (4.4%), Sheer Cold: 1438 (4.3%), Encore: 1074 (3.2%), Safeguard: 773 (2.3%), Struggle: 66 (0.2%)",6415,3211,2.0,466,2.14,7.38,3.84,1087,1930,4320,254,9.16,6135,"Magikarp: 174, Butterfree: 133, Magnemite: 132","Seaking: 77, Qwilfish: 68, Graveler: 64",0,"Damage: 466, Status: 8, Hazard: 0, Weather: 0, Cleric: 0, Screen: 0, Pass: 0",None
DIGLETT,F+,All-Rounder,"Sand Attack: 4316 (24.7%), Growl: 2813 (16.1%), Scratch: 2466 (14.1%), Astonish: 2244 (12.9%), Sucker Punch: 2169 (12.4%), Magnitude: 2098 (12.0%), Dig: 681 (3.9%), Earth Power: 473 (2.7%), Mud Slap: 145 (0.8%), Struggle: 39 (0.2%)",1141,5270,0.22,550,0.32,5.52,1.76,461,1098,3244,712,12.65,4652,"Magikarp: 149, Bellsprout: 75, Geodude: 58","Seaking: 90, Koffing: 85, Sandslash: 76",5,"Damage: 550, Status: 0, Hazard: 0, Weather: 0, Cleric: 0, Screen: 0, Pass: 0",None
DITTO,F-,All-Rounder,"Transform: 2864 (99.8%), Struggle: 5 (0.2%)",1,816,0.0,104,0.13,1.7,0.54,0,0,172,0,5.66,3657,Persian: 1,"Butterfree: 91, Magmar: 68, Seaking: 58",0,"Damage: 95, Status: 25, Hazard: 0, Weather: 0, Cleric: 0, Screen: 0, Pass: 0",None
DODRIO,E+,Defender,"Tri Attack: 2467 (26.1%), Uproar: 2372 (25.1%), Acupressure: 2358 (25.0%), Pursuit: 1283 (13.6%), Agility: 968 (10.2%)",1428,2073,0.69,153,0.76,6.42,3.31,376,77,752,0,10.3,1926,"Butterfree: 47, Pikachu: 41, Fearow: 39","Seaking: 63, Seadra: 59, Graveler: 52",0,"Damage: 153, Status: 0, Hazard: 0, Weather: 0, Cleric: 0, Screen: 0, Pass: 0",None
DODUO,E,Defender,"Acupressure: 3607 (16.9%), Double Hit: 3538 (16.5%), Uproar: 3425 (16.0%), Quick Attack: 2488 (11.6%), Agility: 1757 (8.2%), Rage: 1701 (8.0%), Fury Attack: 1683 (7.9%), Growl: 1669 (7.8%), Pursuit: 1515 (7.1%)",2320,6505,0.36,1087,0.52,7.36,3.66,919,860,1475,0,6.71,3754,"Magikarp: 165, Bellsprout: 88, Pidgey: 67","Seaking: 157, Butterfree: 140, Fearow: 121",8,"Damage: 1087, Status: 0, Hazard: 0, Weather: 0, Cleric: 0, Screen: 0, Pass: 0",None
DRAGONAIR,A,Attacker,"Dragon Rage: 4422 (35.4%), Aqua Tail: 2228 (17.9%), Thunder: 1790 (14.3%), Slam: 1280 (10.3%), Agility: 1144 (9.2%), Surf: 834 (6.7%), Iron Tail: 783 (6.3%)",4333,1699,2.55,110,2.62,4.17,1.91,367,1300,427,66,-4.05,3481,"Magikarp: 119, Graveler: 94, Magnemite: 82","Butterfree: 44, Seaking: 39, Quagsire: 36",0,"Damage: 110, Status: 0, Hazard: 0, Weather: 0, Cleric: 0, Screen: 0, Pass: 0",None
DRATINI,D+,All-Rounder,"Dragon Rush: 5543 (37.4%), Agility: 2008 (13.6%), Headbutt: 1598 (10.8%), Aqua Tail: 1587 (10.7%), Twister: 1332 (9.0%), Thunderbolt: 1144 (7.7%), Slam: 866 (5.8%), Thunder Wave: 595 (4.0%), Surf: 133 (0.9%)",3788,3796,1.0,817,1.21,4.1,2.33,663,1907,594,965,-4.14,3833,"Magikarp: 169, Voltorb: 100, Geodude: 95","Butterfree: 108, Seaking: 102, Seadra: 97",1,"Damage: 816, Status: 10, Hazard: 0, Weather: 0, Cleric: 0, Screen: 0, Pass: 0",None
DROWZEE,D,Disrupter,"Hypnosis: 3766 (34.0%), Dream Eater: 3660 (33.1%), Disable: 1873 (16.9%), Confusion: 1747 (15.8%), Struggle: 20 (0.2%)",1496,1923,0.78,353,0.96,5.24,1.86,324,2130,312,89,-13.23,2521,"Magikarp: 109, Bellsprout: 58, Geodude: 54","Seaking: 51, Magmar: 40, Butterfree: 40",0,"Damage: 332, Status: 256, Hazard: 0, Weather: 0, Cleric: 0, Screen: 0, Pass: 0",None
DUGTRIO,C,All-Rounder,"Slash: 4603 (20.4%), Earth Power: 3421 (15.2%), Sucker Punch: 3022 (13.4%), Mud Bomb: 2411 (10.7%), Dig: 2272 (10.1%), Sand Attack: 1719 (7.6%), Sand Tomb: 1154 (5.1%), Growl: 1108 (4.9%), Magnitude: 915 (4.1%), Earthquake: 823 (3.7%), Night Slash: 384 (1.7%), Fissure: 300 (1.3%), Astonish: 219 (1.0%), Mud Slap: 165 (0.7%), Struggle: 8 (0.0%)",5747,4800,1.2,1097,1.43,3.63,1.28,1206,1163,3421,728,13.28,8376,"Magnemite: 156, Magmar: 129, Voltorb: 111","Seaking: 150, Quagsire: 121, Golduck: 117",2,"Damage: 1097, Status: 0, Hazard: 0, Weather: 0, Cleric: 0, Screen: 0, Pass: 0",None
DUNSPARCE,F+,Attacker / Disrupter,"Defense Curl: 7007 (43.9%), Rollout: 6002 (37.6%), Glare: 1520 (9.5%), Yawn: 1404 (8.8%), Struggle: 13 (0.1%)",840,2795,0.3,35,0.31,14.26,7.09,307,1359,594,0,-2.77,1228,"Magikarp: 56, Geodude: 32, Bellsprout: 30","Seaking: 67, Fearow: 52, Butterfree: 51",0,"Damage: 23, Status: 33, Hazard: 0, Weather: 0, Cleric: 0, Screen: 0, Pass: 0",None
EEVEE,D+,All-Rounder,"Quick Attack: 3175 (62.0%), Sand Attack: 1054 (20.6%), Growl: 713 (13.9%), Helping Hand: 178 (3.5%)",563,925,0.61,518,1.17,5.24,1.88,183,100,709,0,13.59,1248,"Magikarp: 55, Bellsprout: 28, Geodude: 23","Seaking: 22, Koffing: 20, Farfetchd: 19",0,"Damage: 518, Status: 0, Hazard: 0, Weather: 0, Cleric: 0, Screen: 0, Pass: 0",None
ELECTABUZZ,A,All-Rounder,"Light Screen: 4174 (25.1%), Discharge: 3322 (20.0%), Thunder Punch: 3016 (18.1%), Thunderbolt: 2503 (15.0%), Shock Wave: 1444 (8.7%), Swift: 735 (4.4%), Thunder Wave: 594 (3.6%), Quick Attack: 486 (2.9%), Screech: 294 (1.8%), Low Kick: 60 (0.4%), Struggle: 19 (0.1%)",5147,2412,2.13,1021,2.56,3.82,1.57,672,888,651,825,2.6,5251,"Seaking: 160, Magikarp: 131, Koffing: 126","Graveler: 119, Quagsire: 89, Seaking: 69",1,"Damage: 928, Status: 399, Hazard: 0, Weather: 0, Cleric: 0, Screen: 54, Pass: 0",None
ELECTRIKE,E-,All-Rounder,"Thunder Fang: 423 (37.1%), Shock Wave: 372 (32.7%), Roar: 184 (16.2%), Thunder Wave: 160 (14.0%)",149,454,0.33,68,0.48,3.91,1.61,34,55,42,71,3.1,542,"Magmar: 11, Pidgey: 10, Butterfree: 6","Magmar: 21, Quagsire: 19, Graveler: 16",0,"Damage: 61, Status: 23, Hazard: 0, Weather: 0, Cleric: 0, Screen: 0, Pass: 0",None
ELECTRODE,B-,All-Rounder,"Swift: 6710 (19.4%), Thunder: 5731 (16.5%), Charge Beam: 4555 (13.1%), Rollout: 3332 (9.6%), Screech: 3148 (9.1%), Shock Wave: 2043 (5.9%), Magnet Rise: 1599 (4.6%), Light Screen: 1290 (3.7%), Mirror Coat: 1203 (3.5%), Rain Dance: 1149 (3.3%), Double Team: 1059 (3.1%), Charge: 901 (2.6%), Explosion: 790 (2.3%), Sonic Boom: 574 (1.7%), Thunder Wave: 304 (0.9%), Selfdestruct: 273 (0.8%), Struggle: 1 (0.0%)",8203,5701,1.44,1193,1.65,5.1,2.46,1295,2980,1679,2725,-0.05,7675,"Seaking: 211, Butterfree: 200, Magikarp: 181","Quagsire: 192, Graveler: 187, Magmar: 136",21,"Damage: 1157, Status: 154, Hazard: 0, Weather: 0, Cleric: 0, Screen: 15, Pass: 0",None
ESPEON,S,Attacker,"Psychic: 2911 (36.0%), Psybeam: 2656 (32.9%), Swift: 1375 (17.0%), Quick Attack: 649 (8.0%), Confusion: 456 (5.6%), Psych Up: 27 (0.3%), Last Resort: 4 (0.0%)",4204,819,5.13,97,5.25,3.34,1.13,455,64,166,289,6.51,2603,"Magikarp: 116, Koffing: 90, Pikachu: 88","Butterfree: 38, Seaking: 31, Quagsire: 24",0,"Damage: 97, Status: 49, Hazard: 0, Weather: 0, Cleric: 0, Screen: 0, Pass: 0",None
EXEGGCUTE,D+,Disrupter,"Psychic: 4235 (39.1%), Hypnosis: 1820 (16.8%), Confusion: 1735 (16.0%), Dream Eater: 1134 (10.5%), Stun Spore: 569 (5.3%), Sleep Powder: 544 (5.0%), Leech Seed: 307 (2.8%), Solar Beam: 281 (2.6%), Barrage: 122 (1.1%), Skill Swap: 57 (0.5%), Grass Knot: 22 (0.2%), Poison Powder: 9 (0.1%)",2503,2813,0.89,634,1.12,5.13,2.4,426,1231,443,365,-3.05,2945,"Seaking: 60, Magikarp: 58, Magnemite: 43","Magmar: 115, Butterfree: 111, Seaking: 89",22,"Damage: 569, Status: 462, Hazard: 0, Weather: 0, Cleric: 0, Screen: 0, Pass: 0",None
EXEGGUTOR,A+,Attacker,"Egg Bomb: 3071 (27.0%), Giga Drain: 2393 (21.1%), Hypnosis: 1813 (16.0%), Light Screen: 1175 (10.3%), Wood Hammer: 1040 (9.2%), Confusion: 717 (6.3%), Stomp: 669 (5.9%), Psychic: 390 (3.4%), Dream Eater: 92 (0.8%)",3658,1229,2.98,87,3.05,5.03,2.24,474,1637,402,53,-6.48,2886,"Seaking: 112, Quagsire: 75, Magikarp: 62","Butterfree: 71, Magmar: 61, Flareon: 34",1,"Damage: 87, Status: 16, Hazard: 0, Weather: 0, Cleric: 0, Screen: 0, Pass: 0",None
FARFETCHD,B-,Attacker,"Night Slash: 9106 (25.4%), Air Slash: 8062 (22.5%), Agility: 6502 (18.2%), Swords Dance: 5188 (14.5%), Feint: 3728 (10.4%), False Swipe: 1842 (5.1%), Air Cutter: 1378 (3.8%)",9271,5593,1.66,640,1.77,5.15,2.69,1980,660,1210,1177,6.78,7691,"Magikarp: 348, Bellsprout: 191, Butterfree: 179","Graveler: 208, Seaking: 154, Magmar: 122",0,"Damage: 640, Status: 0, Hazard: 0, Weather: 0, Cleric: 0, Screen: 0, Pass: 0",None
FEAROW,C,All-Rounder,"Assurance: 15232 (25.3%), Mirror Move: 13021 (21.6%), Agility: 12835 (21.3%), Aerial Ace: 8564 (14.2%), Roost: 5336 (8.8%), Drill Peck: 2851 (4.7%), Pursuit: 1362 (2.3%), Leer: 552 (0.9%), Fury Attack: 535 (0.9%), Struggle: 10 (0.0%)",10276,8561,1.2,2106,1.45,5.77,2.98,2169,811,2347,369,5.93,12190,"Magikarp: 347, Butterfree: 242, Voltorb: 209","Seaking: 242, Graveler: 240, Seadra: 206",0,"Damage: 2100, Status: 69, Hazard: 0, Weather: 0, Cleric: 0, Screen: 0, Pass: 0",None
FLAAFFY,C,Disrupter,"Charge: 6063 (22.7%), Discharge: 4983 (18.7%), Signal Beam: 3217 (12.1%), Thunder Wave: 2983 (11.2%), Tackle: 2114 (7.9%), Thunder Shock: 1754 (6.6%), Cotton Spore: 1659 (6.2%), Light Screen: 1060 (4.0%), Double Team: 980 (3.7%), Charge Beam: 650 (2.4%), Shock Wave: 643 (2.4%), Growl: 542 (2.0%), Struggle: 20 (0.1%)",4476,3519,1.27,575,1.44,5.98,2.71,788,1090,1408,1401,4.12,5484,"Magikarp: 171, Koffing: 91, Bellsprout: 90","Graveler: 105, Quagsire: 97, Magmar: 75",3,"Damage: 438, Status: 411, Hazard: 0, Weather: 0, Cleric: 0, Screen: 0, Pass: 0",None
FLAREON,B+,All-Rounder,"Quick Attack: 5463 (27.1%), Fire Blast: 3469 (17.2%), Bite: 3139 (15.6%), Ember: 2338 (11.6%), Fire Spin: 1894 (9.4%), Sand Attack: 1454 (7.2%), Fire Fang: 1247 (6.2%), Will O Wisp: 723 (3.6%), Last Resort: 175 (0.9%), Overheat: 145 (0.7%), Helping Hand: 70 (0.3%), Attract: 7 (0.0%)",6403,3417,1.87,793,2.11,4.18,1.7,989,1735,1509,960,3.4,6623,"Butterfree: 221, Magmar: 169, Magnemite: 142","Seaking: 99, Quagsire: 98, Golduck: 76",4,"Damage: 779, Status: 215, Hazard: 0, Weather: 0, Cleric: 0, Screen: 0, Pass: 0",None
FURRET,B-,Passer,"Slam: 5268 (25.4%), Double Team: 3976 (19.2%), Follow Me: 3190 (15.4%), Sucker Punch: 2898 (14.0%), Rest: 2873 (13.9%), Amnesia: 1894 (9.1%), Baton Pass: 601 (2.9%), Struggle: 13 (0.1%)",2291,2149,1.07,1513,1.77,8.05,3.59,341,1427,3207,0,8.87,3644,"Magikarp: 111, Goldeen: 60, Magnemite: 58","Seaking: 61, Graveler: 49, Seadra: 46",0,"Damage: 650, Status: 0, Hazard: 0, Weather: 0, Cleric: 0, Screen: 0, Pass: 863",None
GASTLY,F,Defender,"Spite: 4481 (34.4%), Night Shade: 3546 (27.2%), Mean Look: 2974 (22.8%), Curse: 1809 (13.9%), Confuse Ray: 209 (1.6%), Struggle: 1 (0.0%)",693,6676,0.1,670,0.2,7.82,3.55,0,293,648,0,2.6,2507,"Magikarp: 92, Bellsprout: 49, Geodude: 37","Graveler: 167, Seaking: 150, Magmar: 128",0,"Damage: 636, Status: 51, Hazard: 0, Weather: 0, Cleric: 0, Screen: 0, Pass: 0",None
GEODUDE,F+,Defender,"Defense Curl: 12884 (27.2%), Rock Polish: 9860 (20.8%), Rock Throw: 7743 (16.3%), Mud Sport: 5283 (11.2%), Magnitude: 4426 (9.3%), Tackle: 3709 (7.8%), Selfdestruct: 2241 (4.7%), Rollout: 1064 (2.2%), Rock Blast: 95 (0.2%), Struggle: 71 (0.1%)",4056,16878,0.24,1576,0.33,5.83,3.14,1008,2439,2616,0,2.37,10803,"Magikarp: 369, Pidgey: 171, Bellsprout: 167","Seaking: 270, Quagsire: 247, Butterfree: 236",30,"Damage: 1576, Status: 0, Hazard: 0, Weather: 0, Cleric: 0, Screen: 0, Pass: 0",None
GIRAFARIG,C-,All-Rounder,"Psybeam: 3408 (50.6%), Stomp: 1025 (15.2%), Psychic: 610 (9.1%), Skill Swap: 449 (6.7%), Agility: 428 (6.4%), Assurance: 299 (4.4%), Double Hit: 259 (3.8%), Crunch: 252 (3.7%), Baton Pass: 1 (0.0%)",1991,1550,1.28,173,1.4,3.68,1.53,348,121,250,290,6.85,2478,"Magikarp: 60, Seaking: 51, Koffing: 50","Seaking: 55, Butterfree: 53, Magmar: 48",0,"Damage: 173, Status: 29, Hazard: 0, Weather: 0, Cleric: 0, Screen: 0, Pass: 0",None
GLOOM,B+,Disrupter,"Mega Drain: 16857 (44.2%), Lucky Chant: 6433 (16.9%), Stun Spore: 5374 (14.1%), Sleep Powder: 4142 (10.9%), Sludge Bomb: 1904 (5.0%), Drain Punch: 1291 (3.4%), Sweet Scent: 1100 (2.9%), Toxic: 699 (1.8%), Natural Gift: 311 (0.8%), Struggle: 47 (0.1%)",5461,3769,1.45,1958,1.97,7.11,3.14,1204,3112,1160,237,-1.95,6274,"Magikarp: 285, Geodude: 158, Goldeen: 149","Magmar: 107, Butterfree: 85, Seaking: 85",0,"Damage: 1758, Status: 1411, Hazard: 0, Weather: 0, Cleric: 0, Screen: 0, Pass: 0",None
GOLBAT,A-,All-Rounder,"Air Cutter: 5115 (31.5%), Poison Fang: 4830 (29.7%), Mean Look: 2791 (17.2%), Air Slash: 1713 (10.5%), Confuse Ray: 1510 (9.3%), Haze: 289 (1.8%)",3741,2084,1.8,1022,2.29,5.23,2.28,971,562,551,1192,5.39,4024,"Skiploom: 99, Butterfree: 98, Seaking: 87","Graveler: 66, Golem: 57, Seaking: 52",0,"Damage: 990, Status: 586, Hazard: 0, Weather: 0, Cleric: 0, Screen: 0, Pass: 0",None
GOLDEEN,E+,All-Rounder,"Water Pulse: 10435 (21.8%), Flail: 10143 (21.2%), Horn Attack: 7156 (15.0%), Fury Attack: 5862 (12.3%), Supersonic: 4047 (8.5%), Aqua Ring: 3873 (8.1%), Peck: 2566 (5.4%), Waterfall: 2179 (4.6%), Tail Whip: 1141 (2.4%), Water Sport: 418 (0.9%), Struggle: 10 (0.0%)",6001,13142,0.46,3048,0.69,5.58,2.85,2685,3681,2318,1850,2.65,11477,"Magikarp: 405, Bellsprout: 245, Geodude: 222","Graveler: 294, Butterfree: 283, Seaking: 261",0,"Damage: 3018, Status: 823, Hazard: 0, Weather: 0, Cleric: 0, Screen: 0, Pass: 0",None
GOLDUCK,S-,All-Rounder,"Water Pulse: 10470 (22.5%), Zen Headbutt: 9336 (20.1%), Screech: 6356 (13.7%), Confusion: 5665 (12.2%), Disable: 3675 (7.9%), Amnesia: 3529 (7.6%), Fury Swipes: 2465 (5.3%), Blizzard: 1784 (3.8%), Psych Up: 1322 (2.8%), Hydro Pump: 981 (2.1%), Psychic: 672 (1.4%), Aqua Jet: 281 (0.6%), Struggle: 2 (0.0%)",12528,4276,2.93,2280,3.46,5.08,2.48,1966,4674,1698,2368,-2.16,10964,"Magikarp: 340, Koffing: 303, Graveler: 294","Seaking: 131, Quagsire: 111, Butterfree: 92",0,"Damage: 2280, Status: 413, Hazard: 0, Weather: 0, Cleric: 0, Screen: 0, Pass: 0",None
GOLEM,C-,Attacker / Weather,"Roar: 4111 (22.9%), Rollout: 2420 (13.5%), Explosion: 2052 (11.4%), Sandstorm: 1970 (11.0%), Double Edge: 1748 (9.7%), Rock Slide: 1344 (7.5%), Selfdestruct: 1086 (6.0%), Earthquake: 1030 (5.7%), Rock Blast: 1023 (5.7%), Magnitude: 650 (3.6%), Stone Edge: 332 (1.8%), Rock Throw: 185 (1.0%)",6878,5579,1.23,290,1.28,3.4,1.52,713,1005,757,110,2.51,8258,"Butterfree: 202, Magmar: 172, Seaking: 161","Quagsire: 111, Golduck: 107, Seaking: 99",3,"Damage: 267, Status: 0, Hazard: 0, Weather: 77, Cleric: 0, Screen: 0, Pass: 0",None
GRANBULL,A+,Attacker,"Take Down: 3869 (28.1%), Rage: 3769 (27.4%), Headbutt: 2418 (17.6%), Roar: 2314 (16.8%), Payback: 1375 (10.0%)",4678,1642,2.85,117,2.92,4.65,2.31,649,739,540,300,3.01,3648,"Magikarp: 118, Butterfree: 112, Pikachu: 95","Seadra: 42, Golem: 40, Magmar: 37",0,"Damage: 117, Status: 0, Hazard: 0, Weather: 0, Cleric: 0, Screen: 0, Pass: 0",None
GRAVELER,D,All-Rounder,"Rollout: 7427 (26.1%), Selfdestruct: 5667 (20.0%), Explosion: 5340 (18.8%), Earthquake: 4196 (14.8%), Rock Blast: 2670 (9.4%), Magnitude: 2317 (8.2%), Double Edge: 397 (1.4%), Rock Throw: 388 (1.4%)",15998,18080,0.88,1830,0.99,2.54,1.21,1786,1803,1314,0,4.36,18432,"Magnemite: 391, Magmar: 372, Butterfree: 362","Quagsire: 330, Golduck: 298, Seaking: 291",46,"Damage: 1830, Status: 0, Hazard: 0, Weather: 0, Cleric: 0, Screen: 0, Pass: 0",None
GRIMER,E+,Defender,"Pound: 2321 (18.5%), Harden: 1927 (15.3%), Sludge Bomb: 1916 (15.3%), Gunk Shot: 1719 (13.7%), Mud Slap: 1635 (13.0%), Acid Armor: 1496 (11.9%), Screech: 944 (7.5%), Poison Gas: 595 (4.7%), Struggle: 2 (0.0%)",1567,2801,0.56,520,0.75,6.51,3.67,391,1322,1598,1933,4.91,2450,"Magikarp: 95, Bellsprout: 58, Geodude: 38","Graveler: 61, Koffing: 49, Seaking: 48",0,"Damage: 519, Status: 263, Hazard: 0, Weather: 0, Cleric: 0, Screen: 0, Pass: 0",None
GROWLITHE,D,All-Rounder,"Ember: 8842 (22.9%), Leer: 7365 (19.1%), Flamethrower: 5778 (15.0%), Take Down: 3005 (7.8%), Crunch: 2478 (6.4%), Agility: 2331 (6.0%), Odor Sleuth: 1652 (4.3%), Roar: 1403 (3.6%), Bite: 1323 (3.4%), Flame Wheel: 1310 (3.4%), Heat Wave: 1172 (3.0%), Fire Fang: 1101 (2.9%), Helping Hand: 501 (1.3%), Reversal: 342 (0.9%)",8007,9714,0.82,1370,0.97,4.53,2.37,1444,1341,1933,1686,4.95,10942,"Magikarp: 430, Bellsprout: 243, Geodude: 211","Seaking: 243, Graveler: 236, Quagsire: 184",0,"Damage: 1370, Status: 296, Hazard: 0, Weather: 0, Cleric: 0, Screen: 0, Pass: 0",None
GULPIN,B+,All-Rounder,"Sludge Bomb: 6415 (52.3%), Stockpile: 2544 (20.7%), Gastro Acid: 1591 (13.0%), Spit Up: 970 (7.9%), Swallow: 698 (5.7%), Struggle: 44 (0.4%)",2425,1494,1.62,803,2.16,5.68,3.34,432,203,480,1162,5.45,2566,"Magikarp: 114, Goldeen: 52, Geodude: 51","Graveler: 70, Seaking: 43, Quagsire: 36",0,"Damage: 803, Status: 321, Hazard: 0, Weather: 0, Cleric: 0, Screen: 0, Pass: 0",None
GYARADOS,C+,Defender,"Thrash: 7568 (19.8%), Ice Fang: 4467 (11.7%), Leer: 4040 (10.6%), Rain Dance: 3710 (9.7%), Aqua Tail: 3668 (9.6%), Bite: 3024 (7.9%), Twister: 2809 (7.4%), Dragon Dance: 2520 (6.6%), Hyper Beam: 2468 (6.5%), Hydro Pump: 1571 (4.1%), Dragon Rage: 1345 (3.5%), Surf: 1022 (2.7%), Struggle: 4 (0.0%)",8733,6138,1.42,921,1.57,5.95,3.29,1514,1647,1591,1282,3.76,8133,"Magikarp: 335, Bellsprout: 179, Geodude: 172","Seaking: 171, Graveler: 166, Electrode: 101",2,"Damage: 921, Status: 15, Hazard: 0, Weather: 0, Cleric: 0, Screen: 0, Pass: 0",None
HAUNTER,E+,Disrupter,"Sucker Punch: 13470 (33.8%), Night Shade: 8513 (21.4%), Confuse Ray: 5829 (14.6%), Shadow Punch: 5180 (13.0%), Mean Look: 2783 (7.0%), Curse: 1987 (5.0%), Lick: 1182 (3.0%), Struggle: 462 (1.2%), Hypnosis: 401 (1.0%)",3555,7081,0.5,1198,0.67,5.88,1.88,650,856,1431,329,2.99,7936,"Magikarp: 259, Bellsprout: 147, Koffing: 124","Graveler: 172, Seaking: 162, Magmar: 146",1,"Damage: 755, Status: 884, Hazard: 0, Weather: 0, Cleric: 0, Screen: 0, Pass: 0",None
HITMONCHAN,C,Attacker,"Ice Punch: 1694 (25.6%), Fire Punch: 1619 (24.5%), Thunder Punch: 1451 (22.0%), Mach Punch: 1029 (15.6%), Vacuum Wave: 814 (12.3%)",1897,1368,1.39,123,1.48,3.95,1.88,412,108,269,305,8.35,2179,"Butterfree: 70, Magikarp: 58, Goldeen: 47","Seaking: 41, Seadra: 39, Graveler: 33",0,"Damage: 123, Status: 34, Hazard: 0, Weather: 0, Cleric: 0, Screen: 0, Pass: 0",None
HITMONLEE,D+,All-Rounder,"Mind Reader: 3229 (16.9%), Meditate: 3197 (16.7%), Focus Energy: 2761 (14.4%), Endure: 2539 (13.3%), Hi Jump Kick: 1945 (10.2%), Feint: 1617 (8.5%), Blaze Kick: 693 (3.6%), Double Kick: 667 (3.5%), Foresight: 648 (3.4%), Jump Kick: 636 (3.3%), Brick Break: 502 (2.6%), Close Combat: 345 (1.8%), Mega Kick: 343 (1.8%)",3225,3455,0.93,647,1.12,4.92,2.48,1292,389,720,28,8.17,4940,"Magikarp: 122, Butterfree: 95, Skiploom: 72","Seaking: 93, Seadra: 79, Quagsire: 68",3,"Damage: 647, Status: 18, Hazard: 0, Weather: 0, Cleric: 0, Screen: 0, Pass: 0",None
HOOTHOOT,E,All-Rounder,"Confusion: 2037 (15.4%), Take Down: 1983 (15.0%), Peck: 1937 (14.6%), Tackle: 1663 (12.5%), Hypnosis: 1435 (10.8%), Uproar: 974 (7.3%), Air Slash: 893 (6.7%), Zen Headbutt: 867 (6.5%), Growl: 729 (5.5%), Reflect: 603 (4.5%), Foresight: 143 (1.1%)",1659,3847,0.43,284,0.51,4.32,1.69,651,1211,566,467,0.15,4551,"Magikarp: 149, Bellsprout: 103, Pidgey: 62","Seaking: 81, Graveler: 75, Pikachu: 65",0,"Damage: 274, Status: 46, Hazard: 0, Weather: 0, Cleric: 0, Screen: 18, Pass: 0",None
HOPPIP,E-,Disrupter,"Bullet Seed: 5231 (21.7%), Splash: 3941 (16.3%), Tail Whip: 3414 (14.1%), Bounce: 2787 (11.5%), Stun Spore: 2055 (8.5%), Leech Seed: 1338 (5.5%), Sleep Powder: 1149 (4.8%), Mega Drain: 1019 (4.2%), Tackle: 948 (3.9%), Synthesis: 752 (3.1%), Giga Drain: 530 (2.2%), U Turn: 503 (2.1%), Poison Powder: 468 (1.9%), Struggle: 13 (0.1%)",1483,7246,0.2,1415,0.4,7.71,3.2,1069,1718,2064,0,5.4,4723,"Magikarp: 130, Bellsprout: 70, Geodude: 56","Seaking: 244, Noctowl: 138, Magmar: 127",6,"Damage: 1287, Status: 1102, Hazard: 0, Weather: 0, Cleric: 0, Screen: 0, Pass: 0",None
HORSEA,D,All-Rounder,"Twister: 3972 (15.8%), Smoke Screen: 3186 (12.6%), Leer: 3127 (12.4%), Agility: 2903 (11.5%), Brine: 2735 (10.9%), Water Pulse: 2669 (10.6%), Hydro Pump: 1914 (7.6%), Focus Energy: 1846 (7.3%), Bubble Beam: 1796 (7.1%), Bubble: 1048 (4.2%)",5070,6037,0.84,1310,1.06,4.86,2.41,1327,792,3145,451,12.91,6295,"Magikarp: 276, Geodude: 163, Bellsprout: 144","Seaking: 152, Butterfree: 150, Farfetchd: 103",2,"Damage: 1310, Status: 98, Hazard: 0, Weather: 0, Cleric: 0, Screen: 0, Pass: 0",None
HYPNO,S-,Disrupter,"Psybeam: 6624 (29.3%), Psychic: 4201 (18.6%), Swagger: 3592 (15.9%), Nasty Plot: 2361 (10.4%), Psych Up: 2283 (10.1%), Skill Swap: 1299 (5.7%), Meditate: 1059 (4.7%), Hypnosis: 796 (3.5%), Poison Gas: 420 (1.9%), Struggle: 1 (0.0%)",5550,1827,3.04,1024,3.6,5.83,2.39,680,1083,664,498,1.13,4596,"Magikarp: 122, Magnemite: 111, Koffing: 97","Butterfree: 68, Seaking: 58, Graveler: 46",0,"Damage: 721, Status: 810, Hazard: 0, Weather: 0, Cleric: 0, Screen: 0, Pass: 0",None
ILLUMISE,C,Disrupter,"Zen Headbutt: 1234 (40.0%), Bug Buzz: 1169 (37.9%), Flatter: 583 (18.9%), Helping Hand: 100 (3.2%)",673,564,1.19,124,1.41,4.89,1.95,125,170,97,242,1.75,930,"Butterfree: 22, Seaking: 19, Onix: 19","Magmar: 20, Graveler: 19, Rapidash: 16",0,"Damage: 117, Status: 85, Hazard: 0, Weather: 0, Cleric: 0, Screen: 0, Pass: 0",None
IVYSAUR,C,All-Rounder,"Double Edge: 3363 (18.1%), Razor Leaf: 2551 (13.8%), Solar Beam: 2351 (12.7%), Sludge Bomb: 2300 (12.4%), Take Down: 1592 (8.6%), Sweet Scent: 1417 (7.6%), Petal Dance: 1405 (7.6%), Sleep Powder: 778 (4.2%), Growth: 698 (3.8%), Synthesis: 657 (3.5%), Worry Seed: 512 (2.8%), Leech Seed: 475 (2.6%), Poison Powder: 186 (1.0%), Toxic: 185 (1.0%), Giga Drain: 64 (0.3%)",4384,3949,1.11,1419,1.47,4.57,2.15,862,766,748,272,4.33,5770,"Magikarp: 122, Seaking: 105, Voltorb: 90","Magmar: 125, Rapidash: 87, Butterfree: 80",5,"Damage: 1327, Status: 572, Hazard: 0, Weather: 0, Cleric: 0, Screen: 0, Pass: 0",None
JIGGLYPUFF,F,Defender,"Pound: 3293 (28.3%), Defense Curl: 2735 (23.5%), Disable: 2370 (20.4%), Sing: 1931 (16.6%), Body Slam: 816 (7.0%), Mimic: 338 (2.9%), Wake Up Slap: 130 (1.1%), Gyro Ball: 21 (0.2%)",636,3640,0.17,57,0.19,8.32,3.53,192,1727,518,140,-8.52,1935,"Magikarp: 52, Bellsprout: 25, Butterfree: 23","Seaking: 67, Butterfree: 57, Magmar: 56",0,"Damage: 42, Status: 29, Hazard: 0, Weather: 0, Cleric: 0, Screen: 0, Pass: 0","Take Down: 14 (13.3%), Scary Face: 10 (9.5%), Spite: 6 (5.7%), Rest: 6 (5.7%), Harden: 6 (5.7%), Agility: 5 (4.8%), Aqua Ring: 5 (4.8%), Curse: 5 (4.8%), Lock On: 3 (2.9%), Barrier: 2 (1.9%), Fly: 2 (1.9%), Mean Look: 2 (1.9%), Confuse Ray: 2 (1.9%), Zen Headbutt: 2 (1.9%), Skill Swap: 2 (1.9%), Double Edge: 2 (1.9%), Iron Defense: 2 (1.9%), Captivate: 2 (1.9%), Amnesia: 2 (1.9%), Safeguard: 2 (1.9%), Slash: 2 (1.9%), Dragon Rush: 1 (1.0%), Ancient Power: 1 (1.0%), Hypnosis: 1 (1.0%), Psybeam: 1 (1.0%), Seismic Toss: 1 (1.0%), Tri Attack: 1 (1.0%), Worry Seed: 1 (1.0%), Quick Attack: 1 (1.0%), Waterfall: 1 (1.0%), Flatter: 1 (1.0%), Spider Web: 1 (1.0%), Thunder Wave: 1 (1.0%), Smoke Screen: 1 (1.0%), Feint: 1 (1.0%), Meditate: 1 (1.0%), Tailwind: 1 (1.0%), Headbutt: 1 (1.0%), Skull Bash: 1 (1.0%), Avalanche: 1 (1.0%), Light Screen: 1 (1.0%), Sand Attack: 1 (1.0%)"
JOLTEON,S-,All-Rounder,"Thunderbolt: 5138 (24.2%), Quick Attack: 3735 (17.6%), Double Team: 2879 (13.6%), Pin Missile: 2024 (9.5%), Thunder Wave: 1588 (7.5%), Shock Wave: 1571 (7.4%), Thunder Shock: 1389 (6.5%), Sand Attack: 1316 (6.2%), Last Resort: 1141 (5.4%), Double Kick: 211 (1.0%), Helping Hand: 175 (0.8%), Struggle: 47 (0.2%)",5603,2063,2.72,836,3.12,5.26,1.68,994,1023,3876,271,15.29,4549,"Magikarp: 173, Koffing: 137, Seaking: 130","Graveler: 76, Sandslash: 62, Quagsire: 60",1,"Damage: 833, Status: 38, Hazard: 0, Weather: 0, Cleric: 0, Screen: 0, Pass: 0",None
JUMPLUFF,B-,All-Rounder,"U Turn: 1412 (24.2%), Giga Drain: 1038 (17.8%), Bounce: 807 (13.8%), Sleep Powder: 776 (13.3%), Sunny Day: 518 (8.9%), Mega Drain: 435 (7.4%), Cotton Spore: 385 (6.6%), Worry Seed: 226 (3.9%), Leech Seed: 185 (3.2%), Memento: 64 (1.1%)",771,794,0.97,541,1.65,5.75,1.85,188,442,536,0,4.42,1488,"Seaking: 39, Quagsire: 24, Sunflora: 23","Magmar: 41, Rapidash: 27, Butterfree: 21",4,"Damage: 512, Status: 177, Hazard: 0, Weather: 1, Cleric: 0, Screen: 0, Pass: 0",None
JYNX,C,All-Rounder,"Wake Up Slap: 2627 (26.2%), Fake Tears: 2091 (20.8%), Body Slam: 1718 (17.1%), Ice Punch: 1511 (15.1%), Avalanche: 1280 (12.8%), Mean Look: 799 (8.0%), Struggle: 9 (0.1%)",1825,1693,1.08,612,1.44,4.75,2.38,447,268,371,453,5.11,2431,"Magikarp: 110, Pidgey: 59, Geodude: 57","Seaking: 50, Graveler: 47, Magmar: 37",1,"Damage: 612, Status: 128, Hazard: 0, Weather: 0, Cleric: 0, Screen: 0, Pass: 0",None
KABUTOPS,D+,All-Rounder,"Endure: 728 (26.4%), Aqua Jet: 708 (25.7%), Mega Drain: 659 (23.9%), Slash: 659 (23.9%)",500,506,0.99,61,1.11,4.87,2.56,172,37,115,0,8.71,783,"Sandslash: 17, Seaking: 16, Butterfree: 15","Quagsire: 14, Azumarill: 14, Electrode: 13",0,"Damage: 61, Status: 0, Hazard: 0, Weather: 0, Cleric: 0, Screen: 0, Pass: 0",None
KADABRA,A-,All-Rounder,"Psychic: 7503 (42.0%), Confusion: 2132 (11.9%), Role Play: 1740 (9.7%), Psycho Cut: 1243 (7.0%), Reflect: 1014 (5.7%), Disable: 852 (4.8%), Psybeam: 801 (4.5%), Kinesis: 592 (3.3%), Charge Beam: 479 (2.7%), Future Sight: 445 (2.5%), Skill Swap: 439 (2.5%), Recover: 387 (2.2%), Headbutt: 205 (1.1%), Teleport: 27 (0.2%)",7084,3655,1.94,1074,2.23,3.08,1.09,803,506,1247,665,8.02,7297,"Magikarp: 239, Koffing: 162, Voltorb: 151","Seaking: 138, Butterfree: 131, Magmar: 99",6,"Damage: 1011, Status: 63, Hazard: 0, Weather: 0, Cleric: 0, Screen: 54, Pass: 0",None
KAKUNA,F-,All-Rounder,"Harden: 4112 (75.7%), Bug Bite: 463 (8.5%), String Shot: 410 (7.5%), Poison Sting: 407 (7.5%), Struggle: 43 (0.8%)",45,2655,0.02,65,0.04,4.04,1.98,65,42,376,109,6.79,2744,"Hoppip: 11, Skiploom: 4, Vulpix: 3","Magmar: 73, Seaking: 64, Qwilfish: 45",0,"Damage: 65, Status: 30, Hazard: 0, Weather: 0, Cleric: 0, Screen: 0, Pass: 0",None
KANGASKHAN,C-,Attacker,"Bite: 1192 (25.4%), Rage: 1181 (25.2%), Dizzy Punch: 1180 (25.2%), Mega Punch: 1137 (24.2%)",975,821,1.19,64,1.27,4.54,2.28,279,257,156,441,3.57,1209,"Magikarp: 56, Voltorb: 33, Bellsprout: 30","Seaking: 23, Graveler: 20, Butterfree: 18",0,"Damage: 64, Status: 16, Hazard: 0, Weather: 0, Cleric: 0, Screen: 0, Pass: 0",None
KINGLER,B-,All-Rounder,"Protect: 3788 (29.9%), Stomp: 3635 (28.7%), Metal Claw: 1806 (14.3%), Guillotine: 1286 (10.2%), Bubble Beam: 766 (6.1%), Brine: 585 (4.6%), X Scissor: 362 (2.9%), Slam: 240 (1.9%), Crabhammer: 182 (1.4%)",2909,1960,1.48,505,1.74,4.78,1.94,466,1050,490,245,-0.51,3420,"Magmar: 72, Magikarp: 60, Graveler: 53","Magmar: 58, Noctowl: 44, Weezing: 43",0,"Damage: 505, Status: 0, Hazard: 0, Weather: 0, Cleric: 0, Screen: 0, Pass: 0",None
KOFFING,E,All-Rounder,"Gyro Ball: 9601 (18.9%), Sludge: 7741 (15.3%), Smog: 6752 (13.3%), Assurance: 5872 (11.6%), Explosion: 4593 (9.1%), Smoke Screen: 4126 (8.1%), Tackle: 4082 (8.0%), Selfdestruct: 3567 (7.0%), Sludge Bomb: 2332 (4.6%), Haze: 1433 (2.8%), Poison Gas: 638 (1.3%), Struggle: 1 (0.0%)",10156,21423,0.47,2737,0.6,4.96,2.79,2488,3422,4941,3805,7.29,13617,"Magikarp: 400, Goldeen: 217, Koffing: 216","Golduck: 303, Magmar: 283, Graveler: 278",33,"Damage: 2735, Status: 1027, Hazard: 0, Weather: 0, Cleric: 0, Screen: 0, Pass: 0",None
KRABBY,F+,All-Rounder,"Bubble Beam: 3048 (24.4%), Harden: 2873 (23.0%), Mud Shot: 1671 (13.4%), Vice Grip: 1630 (13.1%), Leer: 1440 (11.6%), Metal Claw: 1138 (9.1%), Protect: 287 (2.3%), Slam: 214 (1.7%), Brine: 143 (1.1%), Guillotine: 23 (0.2%)",1275,4104,0.31,141,0.35,4.85,2.63,414,486,669,1698,4.67,3649,"Magikarp: 109, Bellsprout: 56, Geodude: 55","Seaking: 80, Graveler: 77, Sandslash: 73",1,"Damage: 141, Status: 0, Hazard: 0, Weather: 0, Cleric: 0, Screen: 0, Pass: 0",None
LANTURN,S,All-Rounder,"Signal Beam: 2050 (27.4%), Discharge: 1915 (25.6%), Bubble Beam: 1875 (25.1%), Confuse Ray: 1042 (13.9%), Aqua Ring: 310 (4.1%), Hydro Pump: 279 (3.7%)",2614,585,4.47,444,5.23,4.67,1.91,377,242,264,469,5.03,1917,"Seaking: 64, Magikarp: 58, Qwilfish: 52","Golduck: 21, Vileplume: 20, Quagsire: 19",0,"Damage: 415, Status: 242, Hazard: 0, Weather: 0, Cleric: 0, Screen: 0, Pass: 0",None
LAPRAS,A-,All-Rounder,"Ice Beam: 1301 (33.1%), Brine: 1104 (28.1%), Perish Song: 574 (14.6%), Rain Dance: 392 (10.0%), Hydro Pump: 346 (8.8%), Safeguard: 214 (5.4%)",1150,583,1.97,204,2.32,4.66,2.32,158,122,207,56,5.59,1216,"Seaking: 44, Qwilfish: 30, Starmie: 24","Starmie: 13, Poliwrath: 13, Ampharos: 11",0,"Damage: 204, Status: 7, Hazard: 0, Weather: 0, Cleric: 0, Screen: 0, Pass: 0",None
LEDIAN,B-,Defender,"Agility: 3028 (39.3%), Mach Punch: 2576 (33.4%), Silver Wind: 2069 (26.8%), Baton Pass: 33 (0.4%), Struggle: 1 (0.0%)",852,880,0.97,621,1.67,6.72,3.37,280,148,249,215,4.98,1306,"Magikarp: 57, Bellsprout: 24, Geodude: 24","Graveler: 26, Seaking: 25, Rapidash: 23",0,"Damage: 586, Status: 0, Hazard: 0, Weather: 0, Cleric: 0, Screen: 0, Pass: 35",None
LEDYBA,F,All-Rounder,"Tackle: 3394 (52.1%), Supersonic: 1855 (28.5%), Comet Punch: 1261 (19.4%), Struggle: 1 (0.0%)",178,3223,0.06,354,0.17,3.13,1.49,371,1362,351,0,-9.33,3407,"Bellsprout: 44, Caterpie: 16, Geodude: 12","Graveler: 66, Magmar: 59, Seaking: 51",0,"Damage: 333, Status: 202, Hazard: 0, Weather: 0, Cleric: 0, Screen: 0, Pass: 0",None
LICKILICKY,S+,Attacker,"Wring Out: 97 (29.4%), Earthquake: 84 (25.5%), Ice Beam: 79 (23.9%), Thunderbolt: 70 (21.2%)",206,13,15.85,15,17.0,2.91,0.97,22,5,18,3,10.34,159,"Quagsire: 9, Starmie: 9, Golduck: 8","Alakazam: 3, Nidoqueen: 2, Victreebel: 2",0,"Damage: 15, Status: 1, Hazard: 0, Weather: 0, Cleric: 0, Screen: 0, Pass: 0",None
LICKITUNG,F+,All-Rounder,"Supersonic: 2067 (27.9%), Cut: 1793 (24.2%), Lick: 1425 (19.3%), Me First: 1086 (14.7%), Disable: 625 (8.4%), Rollout: 271 (3.7%), Slam: 130 (1.8%), Struggle: 5 (0.1%)",332,1663,0.2,196,0.32,5.32,2.54,207,1374,318,368,-11.17,1893,"Magikarp: 61, Bellsprout: 23, Pidgey: 20","Quagsire: 41, Seaking: 33, Noctowl: 28",0,"Damage: 196, Status: 96, Hazard: 0, Weather: 0, Cleric: 0, Screen: 0, Pass: 0",None
LINOONE,S,Attacker,"Dig: 3145 (51.5%), Slash: 2102 (34.4%), Surf: 511 (8.4%), Belly Drum: 346 (5.7%)",2248,428,5.25,19,5.3,4.78,1.43,369,23,1400,0,23.27,1359,"Magikarp: 58, Seaking: 54, Butterfree: 48","Quagsire: 16, Seadra: 13, Weezing: 12",0,"Damage: 19, Status: 0, Hazard: 0, Weather: 0, Cleric: 0, Screen: 0, Pass: 0",None
LOTAD,C-,All-Rounder,"Mega Drain: 943 (36.0%), Zen Headbutt: 739 (28.2%), Bubble Beam: 697 (26.6%), Rain Dance: 242 (9.2%)",782,766,1.02,164,1.23,3.01,2.04,148,102,120,132,6.14,1196,"Magikarp: 39, Magnemite: 25, Goldeen: 24","Graveler: 28, Seaking: 18, Butterfree: 17",0,"Damage: 164, Status: 0, Hazard: 0, Weather: 0, Cleric: 0, Screen: 0, Pass: 0",None
LUVDISC,D,Disrupter,"Water Pulse: 8716 (47.4%), Sweet Kiss: 4481 (24.4%), Aqua Ring: 2700 (14.7%), Attract: 1617 (8.8%), Captivate: 827 (4.5%), Struggle: 60 (0.3%)",1613,2132,0.76,415,0.95,12.56,5.47,477,1395,470,1324,-2.28,1369,"Magikarp: 58, Magnemite: 50, Onix: 37","Seaking: 58, Beedrill: 44, Noctowl: 44",0,"Damage: 374, Status: 397, Hazard: 0, Weather: 0, Cleric: 0, Screen: 0, Pass: 0",None
MACHAMP,A,Attacker,"Scary Face: 7467 (50.4%), Wake Up Slap: 2230 (15.1%), Submission: 1676 (11.3%), Cross Chop: 1646 (11.1%), Dynamic Punch: 717 (4.8%), Revenge: 559 (3.8%), Vital Throw: 518 (3.5%)",3892,1705,2.28,228,2.42,5.02,2.62,498,698,243,106,0.29,3848,"Magnemite: 104, Seaking: 94, Goldeen: 80","Seadra: 36, Golduck: 36, Azumarill: 35",0,"Damage: 228, Status: 21, Hazard: 0, Weather: 0, Cleric: 0, Screen: 0, Pass: 0",None
MACHOKE,D,All-Rounder,"Vital Throw: 3807 (18.1%), Submission: 3341 (15.9%), Revenge: 2947 (14.0%), Seismic Toss: 2410 (11.5%), Wake Up Slap: 2251 (10.7%), Cross Chop: 1486 (7.1%), Foresight: 1415 (6.7%), Leer: 1353 (6.5%), Scary Face: 997 (4.8%), Karate Chop: 526 (2.5%), Focus Energy: 252 (1.2%), Rock Slide: 191 (0.9%)",5717,5988,0.95,628,1.06,3.9,2.16,967,364,391,39,4.65,8611,"Magikarp: 177, Seaking: 128, Voltorb: 122","Seaking: 170, Graveler: 151, Butterfree: 145",4,"Damage: 628, Status: 0, Hazard: 0, Weather: 0, Cleric: 0, Screen: 0, Pass: 0",None
MACHOP,E+,All-Rounder,"Karate Chop: 3141 (14.0%), Vital Throw: 3107 (13.8%), Foresight: 2790 (12.4%), Leer: 2693 (12.0%), Revenge: 2348 (10.5%), Seismic Toss: 1970 (8.8%), Focus Energy: 1953 (8.7%), Submission: 1821 (8.1%), Wake Up Slap: 1785 (7.9%), Cross Chop: 651 (2.9%), Low Kick: 194 (0.9%), Struggle: 3 (0.0%)",4955,9183,0.54,1086,0.66,4.51,2.49,1389,283,444,0,6.77,8337,"Magikarp: 332, Bellsprout: 180, Geodude: 155","Seaking: 210, Butterfree: 205, Graveler: 181",0,"Damage: 1086, Status: 0, Hazard: 0, Weather: 0, Cleric: 0, Screen: 0, Pass: 0",None
MAGBY,C-,Disrupter,"Faint Attack: 1339 (30.0%), Fire Spin: 1233 (27.6%), Smoke Screen: 1121 (25.1%), Confuse Ray: 766 (17.2%), Struggle: 3 (0.1%)",446,892,0.5,713,1.3,4.55,1.79,131,420,567,0,5.53,1163,"Magikarp: 44, Bellsprout: 25, Geodude: 17","Seaking: 25, Graveler: 21, Golduck: 21",0,"Damage: 590, Status: 464, Hazard: 0, Weather: 0, Cleric: 0, Screen: 0, Pass: 0",None
MAGCARGO,S-,Attacker,"Rock Slide: 3583 (31.6%), Yawn: 1911 (16.8%), Recover: 1486 (13.1%), Overheat: 1233 (10.9%), Lava Plume: 1158 (10.2%), Amnesia: 975 (8.6%), Ancient Power: 912 (8.0%), Body Slam: 85 (0.7%), Struggle: 8 (0.1%)",3136,1002,3.13,234,3.36,5.27,2.72,402,653,457,829,1.9,2781,"Magmar: 86, Skiploom: 81, Magikarp: 77","Seaking: 51, Quagsire: 50, Golduck: 36",0,"Damage: 234, Status: 125, Hazard: 0, Weather: 0, Cleric: 0, Screen: 0, Pass: 0",None
MAGIKARP,F-,Defender,"Splash: 38766 (52.9%), Tackle: 33595 (45.8%), Flail: 843 (1.2%), Struggle: 86 (0.1%)",1304,30049,0.04,558,0.06,11.56,6.78,2038,2877,4127,0,4.25,8609,"Bellsprout: 187, Magikarp: 154, Caterpie: 79","Seaking: 522, Sandslash: 450, Pikachu: 445",2,"Damage: 558, Status: 0, Hazard: 0, Weather: 0, Cleric: 0, Screen: 0, Pass: 0",None
MAGMAR,B,Disrupter,"Fire Punch: 10871 (17.3%), Confuse Ray: 10578 (16.8%), Faint Attack: 8988 (14.3%), Flamethrower: 7598 (12.1%), Fire Spin: 7107 (11.3%), Lava Plume: 6232 (9.9%), Smoke Screen: 4031 (6.4%), Ember: 1672 (2.7%), Leer: 1633 (2.6%), Protect: 1384 (2.2%), Sunny Day: 1191 (1.9%), Smog: 918 (1.5%), Overheat: 642 (1.0%), Struggle: 1 (0.0%)",14986,10638,1.41,3933,1.78,4.64,1.98,2485,3238,4365,2235,5.38,15778,"Magikarp: 441, Butterfree: 408, Magnemite: 369","Graveler: 372, Seaking: 331, Quagsire: 326",1,"Damage: 3365, Status: 2917, Hazard: 0, Weather: 7, Cleric: 0, Screen: 0, Pass: 0",None
MAGMORTAR,S,Attacker,"Fire Blast: 711 (27.6%), Lava Plume: 666 (25.9%), Flamethrower: 653 (25.3%), Sunny Day: 546 (21.2%)",1251,141,8.87,79,9.43,4.51,1.46,105,118,118,104,4.65,771,"Seaking: 47, Graveler: 29, Magmar: 27","Rapidash: 16, Flareon: 14, Golem: 7",0,"Damage: 77, Status: 35, Hazard: 0, Weather: 1, Cleric: 0, Screen: 0, Pass: 0",None
MAGNEMITE,E,Defender,"Lock On: 14547 (24.5%), Sonic Boom: 7811 (13.2%), Magnet Bomb: 6868 (11.6%), Spark: 6396 (10.8%), Thunder Shock: 5428 (9.1%), Thunder Wave: 5038 (8.5%), Discharge: 3560 (6.0%), Tackle: 2729 (4.6%), Supersonic: 2725 (4.6%), Screech: 2149 (3.6%), Metal Sound: 1710 (2.9%), Shock Wave: 415 (0.7%), Struggle: 9 (0.0%)",6850,14326,0.48,1031,0.55,7.88,4.07,1461,3160,2690,2349,1.61,9411,"Magikarp: 335, Goldeen: 154, Bellsprout: 153","Graveler: 391, Seaking: 389, Magmar: 369",32,"Damage: 964, Status: 384, Hazard: 0, Weather: 0, Cleric: 0, Screen: 0, Pass: 0",None
MAGNETON,A-,Defender,"Lock On: 5464 (22.2%), Screech: 5313 (21.6%), Magnet Bomb: 5102 (20.8%), Thunderbolt: 1991 (8.1%), Discharge: 1708 (7.0%), Mirror Shot: 1622 (6.6%), Gyro Ball: 1423 (5.8%), Thunder Wave: 858 (3.5%), Supersonic: 619 (2.5%), Spark: 464 (1.9%)",5123,2478,2.07,631,2.32,6.14,2.98,715,1353,1734,503,4.14,4944,"Magikarp: 170, Butterfree: 134, Seaking: 122","Magmar: 107, Quagsire: 96, Seaking: 80",1,"Damage: 589, Status: 217, Hazard: 0, Weather: 0, Cleric: 0, Screen: 0, Pass: 0",None
MAKUHITA,C,All-Rounder,"Endure: 1138 (31.4%), Close Combat: 845 (23.3%), Wake Up Slap: 829 (22.9%), Seismic Toss: 812 (22.4%)",998,925,1.08,351,1.46,3.4,1.93,106,63,173,0,5.69,1331,"Magikarp: 55, Bellsprout: 30, Geodude: 27","Fearow: 26, Seadra: 24, Seaking: 24",0,"Damage: 351, Status: 0, Hazard: 0, Weather: 0, Cleric: 0, Screen: 0, Pass: 0",None
MANKEY,E,All-Rounder,"Screech: 3986 (29.8%), Seismic Toss: 2413 (18.1%), Karate Chop: 2330 (17.4%), Focus Energy: 824 (6.2%), Assurance: 805 (6.0%), Low Kick: 770 (5.8%), Scratch: 753 (5.6%), Fury Swipes: 753 (5.6%), Leer: 726 (5.4%)",1896,4908,0.39,616,0.51,3.9,1.97,671,1071,606,0,1.48,4731,"Magikarp: 177, Bellsprout: 108, Geodude: 81","Seaking: 99, Graveler: 89, Butterfree: 84",0,"Damage: 616, Status: 0, Hazard: 0, Weather: 0, Cleric: 0, Screen: 0, Pass: 0",None
MANTINE,C+,Disrupter,"Wing Attack: 508 (31.0%), Psybeam: 507 (31.0%), Water Pulse: 368 (22.5%), Confuse Ray: 255 (15.6%)",325,272,1.19,94,1.54,5.1,2.11,77,45,76,90,6.48,479,"Quagsire: 16, Magmar: 11, Butterfree: 11","Seaking: 12, Golduck: 11, Graveler: 10",2,"Damage: 81, Status: 55, Hazard: 0, Weather: 0, Cleric: 0, Screen: 0, Pass: 0",None
MAREEP,E+,Disrupter,"Thunder Shock: 4548 (24.2%), Cotton Spore: 2956 (15.7%), Discharge: 2762 (14.7%), Charge: 2665 (14.2%), Tackle: 2373 (12.6%), Growl: 1437 (7.6%), Thunder Wave: 1208 (6.4%), Signal Beam: 839 (4.5%)",3275,5638,0.58,951,0.75,3.66,1.75,634,1093,800,713,1.72,7093,"Magikarp: 281, Bellsprout: 126, Goldeen: 96","Seaking: 134, Graveler: 121, Magmar: 113",0,"Damage: 702, Status: 740, Hazard: 0, Weather: 0, Cleric: 0, Screen: 0, Pass: 0",None
MARILL,E+,All-Rounder,"Double Edge: 6796 (19.5%), Rollout: 6494 (18.6%), Aqua Tail: 5171 (14.8%), Aqua Ring: 3192 (9.2%), Water Gun: 3051 (8.8%), Bubble Beam: 3032 (8.7%), Rain Dance: 2684 (7.7%), Tail Whip: 2188 (6.3%), Defense Curl: 1591 (4.6%), Hydro Pump: 595 (1.7%), Struggle: 45 (0.1%)",4580,9510,0.48,1497,0.64,4.91,2.66,1378,2174,2104,226,3.5,10118,"Magikarp: 230, Geodude: 172, Bellsprout: 129","Seaking: 221, Graveler: 215, Butterfree: 169",2,"Damage: 1497, Status: 0, Hazard: 0, Weather: 0, Cleric: 0, Screen: 0, Pass: 0",None
MAROWAK,E+,Attacker,"Leer: 5624 (40.8%), Rage: 2189 (15.9%), Focus Energy: 1625 (11.8%), Thrash: 1620 (11.7%), Double Edge: 986 (7.1%), Bonemerang: 896 (6.5%), False Swipe: 760 (5.5%), Bone Rush: 51 (0.4%), Endeavor: 43 (0.3%), Struggle: 4 (0.0%)",1804,2640,0.68,94,0.72,7.07,3.98,759,759,565,0,3.93,2487,"Butterfree: 72, Magikarp: 56, Pidgey: 55","Seaking: 59, Butterfree: 50, Golduck: 48",0,"Damage: 94, Status: 0, Hazard: 0, Weather: 0, Cleric: 0, Screen: 0, Pass: 0",None
MEDITITE,E-,All-Rounder,"Power Trick: 460 (36.7%), Force Palm: 290 (23.1%), Hi Jump Kick: 287 (22.9%), Psych Up: 217 (17.3%)",160,495,0.32,71,0.47,3.84,1.79,42,38,71,75,6.43,582,"Machamp: 6, Bulbasaur: 6, Golduck: 6","Magmar: 14, Qwilfish: 14, Beedrill: 14",0,"Damage: 71, Status: 23, Hazard: 0, Weather: 0, Cleric: 0, Screen: 0, Pass: 0",None
MEOWTH,E-,Attacker,"Growl: 2375 (16.0%), Bite: 2334 (15.7%), Pay Day: 2248 (15.1%), Slash: 2123 (14.3%), Taunt: 1616 (10.9%), Faint Attack: 1560 (10.5%), Scratch: 1181 (7.9%), Fury Swipes: 1107 (7.5%), Fake Out: 303 (2.0%), Struggle: 12 (0.1%)",2070,5389,0.38,156,0.41,5.06,2.89,842,492,644,805,6.39,3530,"Magikarp: 179, Bellsprout: 86, Geodude: 73","Seaking: 123, Butterfree: 102, Graveler: 97",0,"Damage: 156, Status: 0, Hazard: 0, Weather: 0, Cleric: 0, Screen: 0, Pass: 0",None
METAPOD,F,Defender,"Harden: 34194 (85.9%), Bug Bite: 2306 (5.8%), String Shot: 2076 (5.2%), Struggle: 1235 (3.1%)",568,5010,0.11,390,0.19,20.11,12.2,195,278,1866,0,4.28,2375,"Magikarp: 103, Bellsprout: 34, Geodude: 28","Magmar: 92, Seaking: 92, Qwilfish: 86",1,"Damage: 390, Status: 0, Hazard: 0, Weather: 0, Cleric: 0, Screen: 0, Pass: 0",None
MINUN,B+,All-Rounder,"Thunder: 1127 (41.7%), Swift: 542 (20.1%), Charge: 519 (19.2%), Fake Tears: 512 (19.0%)",796,470,1.69,162,2.04,3.1,1.42,93,335,103,0,-4.96,1132,"Magikarp: 27, Koffing: 24, Seaking: 20","Graveler: 22, Golem: 16, Magmar: 15",0,"Damage: 162, Status: 0, Hazard: 0, Weather: 0, Cleric: 0, Screen: 0, Pass: 0",None
MR MIME,A+,Support,"Psychic: 13191 (33.9%), Double Slap: 4564 (11.7%), Substitute: 3499 (9.0%), Double Team: 3221 (8.3%), Psybeam: 3028 (7.8%), Meditate: 2952 (7.6%), Light Screen: 2750 (7.1%), Reflect: 2029 (5.2%), Encore: 1997 (5.1%), Mimic: 754 (1.9%), Baton Pass: 505 (1.3%), Trick Room: 280 (0.7%), Struggle: 56 (0.1%), Skill Swap: 38 (0.1%), Recycle: 16 (0.0%), Trick: 2 (0.0%)",9111,3957,2.3,2505,2.94,5.48,1.73,1173,1268,2729,726,6.36,8604,"Magikarp: 285, Koffing: 223, Bellsprout: 191","Seaking: 126, Magmar: 102, Quagsire: 85",0,"Damage: 1537, Status: 36, Hazard: 0, Weather: 0, Cleric: 0, Screen: 312, Pass: 785","Tackle: 102 (10.0%), Splash: 52 (5.1%), Defense Curl: 44 (4.3%), Harden: 29 (2.9%), Water Gun: 28 (2.8%), Poison Sting: 28 (2.8%), Sucker Punch: 25 (2.5%), Mud Sport: 24 (2.4%), Ice Shard: 24 (2.4%), Tailwind: 20 (2.0%), Flash: 20 (2.0%), Safeguard: 20 (2.0%), String Shot: 19 (1.9%), Rollout: 19 (1.9%), Camouflage: 18 (1.8%), Tail Whip: 16 (1.6%), Double Team: 15 (1.5%), Quick Attack: 15 (1.5%), Disable: 14 (1.4%), Curse: 14 (1.4%), Leer: 14 (1.4%), Charge Beam: 14 (1.4%), Growth: 12 (1.2%), Vine Whip: 12 (1.2%), Agility: 12 (1.2%), Sand Attack: 11 (1.1%), Charge: 11 (1.1%), Amnesia: 10 (1.0%), Recover: 10 (1.0%), Bubble Beam: 10 (1.0%), Thunder Shock: 10 (1.0%), Scratch: 9 (0.9%), Present: 9 (0.9%), Gust: 9 (0.9%), Karate Chop: 9 (0.9%), Icicle Spear: 9 (0.9%), Rapid Spin: 9 (0.9%), Bug Bite: 9 (0.9%), Endure: 8 (0.8%), Acid: 8 (0.8%), Ember: 8 (0.8%), Rock Polish: 7 (0.7%), Slam: 7 (0.7%), Growl: 7 (0.7%), Bubble: 7 (0.7%), Yawn: 7 (0.7%), Mud Bomb: 6 (0.6%), Peck: 6 (0.6%), Confusion: 6 (0.6%), Constrict: 6 (0.6%), Protect: 6 (0.6%), Sweet Kiss: 6 (0.6%), Bug Buzz: 5 (0.5%), Smog: 5 (0.5%), Rest: 5 (0.5%), Screech: 5 (0.5%), Bind: 5 (0.5%), Supersonic: 5 (0.5%), Iron Defense: 5 (0.5%), Absorb: 5 (0.5%), Odor Sleuth: 5 (0.5%), Cut: 5 (0.5%), Counter: 5 (0.5%), Stun Spore: 4 (0.4%), Rock Throw: 4 (0.4%), Faint Attack: 4 (0.4%), Double Kick: 4 (0.4%), Focus Energy: 4 (0.4%), Stockpile: 4 (0.4%), Sing: 4 (0.4%), Sonic Boom: 4 (0.4%), Psybeam: 3 (0.3%), Scary Face: 3 (0.3%), Rage: 3 (0.3%), Flail: 3 (0.3%), Feint: 3 (0.3%), Water Pulse: 3 (0.3%), Twister: 3 (0.3%), Vital Throw: 3 (0.3%), Seismic Toss: 3 (0.3%), Aqua Ring: 3 (0.3%), Charm: 3 (0.3%), Cotton Spore: 3 (0.3%), Pound: 3 (0.3%), Whirlpool: 3 (0.3%), Sweet Scent: 3 (0.3%), Metal Claw: 3 (0.3%), Fury Swipes: 3 (0.3%), Astonish: 2 (0.2%), Roost: 2 (0.2%), Reflect: 2 (0.2%), Aurora Beam: 2 (0.2%), Superpower: 2 (0.2%), Double Edge: 2 (0.2%), Razor Leaf: 2 (0.2%), Hidden Power: 2 (0.2%), Bite: 2 (0.2%), Spit Up: 2 (0.2%), Gyro Ball: 2 (0.2%), Gastro Acid: 2 (0.2%), Hypnosis: 2 (0.2%), Swift: 2 (0.2%), Light Screen: 1 (0.1%), Sunny Day: 1 (0.1%), Sleep Powder: 1 (0.1%), Fury Attack: 1 (0.1%), Wake Up Slap: 1 (0.1%), Take Down: 1 (0.1%), Rock Tomb: 1 (0.1%), Horn Attack: 1 (0.1%), Feather Dance: 1 (0.1%), Mach Punch: 1 (0.1%), Mud Shot: 1 (0.1%), Aqua Jet: 1 (0.1%), Comet Punch: 1 (0.1%), Thunder: 1 (0.1%), Pay Day: 1 (0.1%), Mean Look: 1 (0.1%), Magnitude: 1 (0.1%), Leech Life: 1 (0.1%), Lock On: 1 (0.1%)"
MUK,B,Defender,"Sludge Bomb: 3322 (46.1%), Acid Armor: 1211 (16.8%), Mud Bomb: 1135 (15.7%), Screech: 869 (12.1%), Fling: 672 (9.3%)",1274,857,1.49,283,1.82,6.36,3.62,290,439,448,1024,3.48,1605,"Butterfree: 34, Seaking: 31, Sandslash: 30","Quagsire: 36, Graveler: 31, Azumarill: 25",0,"Damage: 283, Status: 165, Hazard: 0, Weather: 0, Cleric: 0, Screen: 0, Pass: 0",None
NATU,D,All-Rounder,"Me First: 2041 (46.9%), Night Shade: 1207 (27.7%), Leer: 559 (12.8%), Confuse Ray: 549 (12.6%)",611,979,0.62,373,1.01,4.4,1.84,51,151,201,40,2.11,1248,"Magikarp: 54, Bellsprout: 28, Geodude: 24","Seaking: 21, Butterfree: 19, Sandslash: 16",0,"Damage: 315, Status: 186, Hazard: 0, Weather: 0, Cleric: 0, Screen: 0, Pass: 0",None
NIDOKING,A-,All-Rounder,"Thrash: 4619 (20.0%), Poison Sting: 3952 (17.1%), Double Kick: 3407 (14.7%), Earth Power: 3282 (14.2%), Focus Energy: 2644 (11.4%), Peck: 2402 (10.4%), Poison Jab: 1180 (5.1%), Focus Blast: 1110 (4.8%), Megahorn: 532 (2.3%)",7291,3565,2.05,979,2.32,4.18,1.93,3076,1055,754,1254,11.77,6828,"Magikarp: 276, Bellsprout: 145, Butterfree: 142","Seaking: 85, Quagsire: 77, Graveler: 77",0,"Damage: 977, Status: 330, Hazard: 0, Weather: 0, Cleric: 0, Screen: 0, Pass: 0",None
NIDOQUEEN,B,All-Rounder,"Body Slam: 3216 (20.8%), Double Kick: 2965 (19.2%), Tail Whip: 2887 (18.7%), Earth Power: 1779 (11.5%), Poison Sting: 1762 (11.4%), Poison Jab: 1518 (9.8%), Superpower: 1012 (6.6%), Scratch: 257 (1.7%), Poison Fang: 27 (0.2%), Captivate: 3 (0.0%)",3768,2297,1.64,728,1.96,4.87,2.36,944,356,529,1451,7.05,4232,"Magnemite: 78, Butterfree: 73, Magmar: 72","Quagsire: 64, Seaking: 63, Golduck: 46",3,"Damage: 720, Status: 288, Hazard: 0, Weather: 0, Cleric: 0, Screen: 0, Pass: 0",None
NIDORAN F,F-,Attacker,"Scratch: 1211 (35.4%), Tail Whip: 1108 (32.4%), Growl: 1099 (32.2%)",112,1075,0.1,5,0.11,4.16,2.07,64,159,194,0,2.74,1115,"Bellsprout: 26, Magikarp: 19, Caterpie: 12","Koffing: 21, Seaking: 18, Growlithe: 16",0,"Damage: 5, Status: 0, Hazard: 0, Weather: 0, Cleric: 0, Screen: 0, Pass: 0",None
NIDORAN M,F,Attacker,"Peck: 918 (39.4%), Leer: 566 (24.3%), Double Kick: 482 (20.7%), Focus Energy: 361 (15.5%)",234,1054,0.22,4,0.23,3.05,1.56,301,111,112,0,12.38,1144,"Bellsprout: 35, Magikarp: 29, Geodude: 18","Seaking: 18, Pikachu: 18, Koffing: 18",0,"Damage: 4, Status: 0, Hazard: 0, Weather: 0, Cleric: 0, Screen: 0, Pass: 0",None
NIDORINA,D-,All-Rounder,"Bite: 11365 (38.1%), Tail Whip: 5915 (19.8%), Flatter: 2985 (10.0%), Poison Sting: 2628 (8.8%), Toxic Spikes: 2458 (8.2%), Fury Swipes: 2312 (7.7%), Double Kick: 955 (3.2%), Helping Hand: 794 (2.7%), Scratch: 420 (1.4%), Struggle: 4 (0.0%)",2951,6053,0.49,2595,0.92,5.14,2.61,1201,1332,1064,3461,3.22,7687,"Magikarp: 191, Bellsprout: 89, Voltorb: 77","Seaking: 170, Quagsire: 137, Seadra: 111",1,"Damage: 2132, Status: 1461, Hazard: 470, Weather: 0, Cleric: 0, Screen: 0, Pass: 0",None
NIDORINO,E,All-Rounder,"Horn Attack: 2326 (24.1%), Poison Sting: 1751 (18.1%), Fury Attack: 1366 (14.1%), Double Kick: 1045 (10.8%), Flatter: 924 (9.6%), Focus Energy: 568 (5.9%), Peck: 480 (5.0%), Toxic Spikes: 455 (4.7%), Poison Jab: 435 (4.5%), Helping Hand: 320 (3.3%)",1196,3450,0.35,682,0.54,4.08,1.91,829,435,491,538,8.76,4207,"Skiploom: 56, Magnemite: 33, Growlithe: 29","Seaking: 94, Magmar: 71, Quagsire: 64",2,"Damage: 558, Status: 355, Hazard: 34, Weather: 0, Cleric: 0, Screen: 0, Pass: 0",None
NINCADA,B,All-Rounder,"Dig: 1789 (32.2%), Metal Claw: 1418 (25.6%), Leech Life: 1410 (25.4%), Mud Slap: 932 (16.8%)",907,807,1.12,662,1.94,5.33,2.19,285,93,1153,887,20.11,1249,"Magikarp: 54, Geodude: 30, Voltorb: 27","Butterfree: 32, Seaking: 24, Golduck: 23",0,"Damage: 662, Status: 0, Hazard: 0, Weather: 0, Cleric: 0, Screen: 0, Pass: 0",None
NINETALES,A,Disrupter,"Quick Attack: 3938 (34.6%), Flamethrower: 1976 (17.4%), Will O Wisp: 1665 (14.6%), Nasty Plot: 1373 (12.1%), Overheat: 1097 (9.6%), Confuse Ray: 655 (5.8%), Fire Blast: 378 (3.3%), Roar: 290 (2.6%)",2835,1317,2.15,356,2.42,5.19,2.21,421,761,291,129,-0.33,2673,"Butterfree: 91, Magmar: 61, Voltorb: 59","Graveler: 52, Seaking: 51, Quagsire: 36",1,"Damage: 307, Status: 299, Hazard: 0, Weather: 0, Cleric: 0, Screen: 0, Pass: 0",None
NOCTOWL,A+,Attacker,"Air Slash: 10029 (26.1%), Zen Headbutt: 5358 (13.9%), Take Down: 4805 (12.5%), Extrasensory: 4540 (11.8%), Confusion: 4082 (10.6%), Reflect: 3169 (8.2%), Hypnosis: 2342 (6.1%), Peck: 1498 (3.9%), Uproar: 1438 (3.7%), Dream Eater: 892 (2.3%), Roost: 245 (0.6%), Psycho Shift: 56 (0.1%)",10609,3809,2.79,579,2.94,5.44,2.54,1779,3128,1276,2652,-0.22,8475,"Magikarp: 292, Butterfree: 217, Magnemite: 205","Graveler: 128, Seaking: 102, Magmar: 92",1,"Damage: 579, Status: 65, Hazard: 0, Weather: 0, Cleric: 0, Screen: 0, Pass: 0",None
NUMEL,S-,Attacker,"Magnitude: 1577 (31.3%), Earth Power: 1374 (27.2%), Overheat: 1046 (20.7%), Amnesia: 1045 (20.7%), Struggle: 4 (0.1%)",1937,575,3.37,19,3.4,4.28,2.2,187,222,158,52,2.45,1343,"Magikarp: 58, Butterfree: 46, Magmar: 44","Seaking: 23, Quagsire: 17, Golduck: 15",0,"Damage: 19, Status: 0, Hazard: 0, Weather: 0, Cleric: 0, Screen: 0, Pass: 0",None
OCTILLERY,C,All-Rounder,"Octazooka: 1981 (25.4%), Wring Out: 1974 (25.3%), Bullet Seed: 1652 (21.2%), Signal Beam: 1265 (16.2%), Focus Energy: 473 (6.1%), Aurora Beam: 445 (5.7%)",2098,1609,1.3,255,1.46,4.75,2.49,798,432,517,540,10.52,2562,"Seaking: 54, Quagsire: 46, Seadra: 44","Butterfree: 52, Seaking: 42, Weezing: 34",0,"Damage: 255, Status: 17, Hazard: 0, Weather: 0, Cleric: 0, Screen: 0, Pass: 0",None
ODDISH,D-,Disrupter,"Mega Drain: 3159 (19.4%), Petal Dance: 3058 (18.8%), Acid: 2895 (17.8%), Absorb: 2133 (13.1%), Sweet Scent: 1727 (10.6%), Stun Spore: 1580 (9.7%), Poison Powder: 815 (5.0%), Moonlight: 337 (2.1%), Giga Drain: 327 (2.0%), Sleep Powder: 226 (1.4%), Natural Gift: 10 (0.1%), Struggle: 8 (0.0%)",2904,4519,0.64,641,0.78,4.12,2.17,655,1138,794,231,1.84,5794,"Magikarp: 224, Bellsprout: 113, Geodude: 106","Magmar: 91, Seaking: 87, Growlithe: 82",0,"Damage: 580, Status: 376, Hazard: 0, Weather: 0, Cleric: 0, Screen: 0, Pass: 0",None
ONIX,E+,Weather,"Rock Polish: 20393 (25.4%), Curse: 16005 (19.9%), Slam: 7215 (9.0%), Sandstorm: 7047 (8.8%), Rock Tomb: 6227 (7.8%), Screech: 5091 (6.3%), Dragon Breath: 4536 (5.7%), Rage: 3210 (4.0%), Iron Tail: 3091 (3.9%), Rock Throw: 2488 (3.1%), Harden: 2417 (3.0%), Bind: 1640 (2.0%), Double Edge: 438 (0.5%), Sand Tomb: 405 (0.5%), Struggle: 33 (0.0%)",5181,11406,0.45,3693,0.78,7.8,4.2,1424,7422,3380,4878,-3.13,12141,"Magikarp: 437, Bellsprout: 198, Pikachu: 173","Butterfree: 293, Seaking: 246, Quagsire: 212",3,"Damage: 3077, Status: 229, Hazard: 0, Weather: 2011, Cleric: 0, Screen: 0, Pass: 0",None
PARAS,D-,All-Rounder,"Slash: 5124 (27.6%), Giga Drain: 3154 (17.0%), Scratch: 3041 (16.4%), Growth: 2793 (15.1%), Leech Life: 1238 (6.7%), Spore: 930 (5.0%), Stun Spore: 835 (4.5%), Attract: 679 (3.7%), Poison Powder: 656 (3.5%), Aromatherapy: 107 (0.6%)",2882,4506,0.64,884,0.84,5.07,2.43,1060,742,813,0,5.84,4849,"Magikarp: 182, Bellsprout: 86, Voltorb: 70","Butterfree: 107, Graveler: 104, Magmar: 98",1,"Damage: 833, Status: 426, Hazard: 0, Weather: 0, Cleric: 0, Screen: 0, Pass: 0",None
PARASECT,A-,All-Rounder,"Slash: 13982 (40.4%), Growth: 7934 (22.9%), Giga Drain: 5254 (15.2%), Spore: 4552 (13.2%), Swords Dance: 1185 (3.4%), X Scissor: 1091 (3.2%), Leech Life: 344 (1.0%), Attract: 246 (0.7%), Struggle: 1 (0.0%)",7808,4130,1.89,1535,2.26,5.74,2.47,2121,599,1178,0,7.55,7638,"Magikarp: 232, Seaking: 210, Voltorb: 156","Butterfree: 155, Magmar: 155, Graveler: 118",1,"Damage: 1378, Status: 769, Hazard: 0, Weather: 0, Cleric: 0, Screen: 0, Pass: 0",None
PERSIAN,A-,Attacker,"Taunt: 1454 (25.7%), Power Gem: 1430 (25.2%), Faint Attack: 1402 (24.7%), Slash: 1381 (24.4%)",1444,650,2.22,49,2.3,5.16,3.02,346,36,174,0,8.29,1240,"Magikarp: 58, Pikachu: 40, Goldeen: 35","Graveler: 23, Seaking: 22, Butterfree: 18",0,"Damage: 49, Status: 0, Hazard: 0, Weather: 0, Cleric: 0, Screen: 0, Pass: 0",None
PHANPY,D-,All-Rounder,"Endure: 5078 (36.0%), Charm: 3926 (27.8%), Slam: 2169 (15.4%), Double Edge: 1973 (14.0%), Last Resort: 975 (6.9%)",1712,2368,0.72,381,0.88,4.59,2.74,241,744,552,0,0.33,3607,"Magikarp: 80, Magnemite: 64, Bellsprout: 45","Seaking: 71, Butterfree: 63, Graveler: 56",0,"Damage: 381, Status: 0, Hazard: 0, Weather: 0, Cleric: 0, Screen: 0, Pass: 0",None
PICHU,E-,Disrupter,"Tail Whip: 3607 (39.6%), Sweet Kiss: 2173 (23.9%), Charm: 1187 (13.0%), Thunder Wave: 1108 (12.2%), Nasty Plot: 1011 (11.1%), Struggle: 12 (0.1%)",6,2498,0.0,1067,0.43,4.47,1.68,2,884,309,0,-6.09,2590,"Hoppip: 4, Magikarp: 1, Voltorb: 1","Koffing: 52, Fearow: 45, Seaking: 41",1,"Damage: 4, Status: 1066, Hazard: 0, Weather: 0, Cleric: 0, Screen: 0, Pass: 0",None
PIDGEOT,A-,Defender,"Wing Attack: 14707 (43.0%), Roost: 4607 (13.5%), Feather Dance: 3830 (11.2%), Agility: 3344 (9.8%), Mirror Move: 2595 (7.6%), Tailwind: 1406 (4.1%), Sand Attack: 1090 (3.2%), Quick Attack: 871 (2.5%), Steel Wing: 832 (2.4%), Twister: 654 (1.9%), Whirlwind: 158 (0.5%), Return: 85 (0.2%), Struggle: 6 (0.0%)",5981,3006,1.99,946,2.3,7.41,3.72,1102,612,3670,151,10.97,5420,"Butterfree: 160, Magikarp: 138, Seaking: 132","Graveler: 82, Magmar: 66, Electrode: 64",0,"Damage: 945, Status: 11, Hazard: 0, Weather: 0, Cleric: 0, Screen: 0, Pass: 0",None
PIDGEOTTO,E,All-Rounder,"Twister: 3980 (21.1%), Wing Attack: 3693 (19.6%), Feather Dance: 3603 (19.1%), Agility: 2957 (15.7%), Quick Attack: 1850 (9.8%), Gust: 832 (4.4%), Tackle: 708 (3.8%), Whirlwind: 659 (3.5%), Sand Attack: 587 (3.1%)",1918,4620,0.42,875,0.6,4.86,2.27,686,223,1636,0,10.24,5570,"Magikarp: 81, Butterfree: 61, Bellsprout: 40","Seaking: 114, Graveler: 103, Magmar: 91",2,"Damage: 875, Status: 0, Hazard: 0, Weather: 0, Cleric: 0, Screen: 0, Pass: 0",None
PIDGEY,F,Defender,"Tackle: 12488 (39.7%), Sand Attack: 8432 (26.8%), Quick Attack: 4869 (15.5%), Gust: 4745 (15.1%), Whirlwind: 839 (2.7%), Struggle: 61 (0.2%)",1325,12580,0.11,978,0.18,6.08,2.55,1294,994,7913,0,20.87,7102,"Magikarp: 178, Bellsprout: 117, Caterpie: 66","Seaking: 229, Magmar: 206, Koffing: 200",2,"Damage: 978, Status: 0, Hazard: 0, Weather: 0, Cleric: 0, Screen: 0, Pass: 0",None
PIKACHU,E+,All-Rounder,"Double Team: 11805 (21.7%), Feint: 7135 (13.1%), Thunderbolt: 6568 (12.1%), Quick Attack: 5656 (10.4%), Discharge: 4818 (8.9%), Slam: 4201 (7.7%), Light Screen: 3511 (6.5%), Thunder Shock: 2971 (5.5%), Tail Whip: 2415 (4.4%), Agility: 2275 (4.2%), Thunder Wave: 1723 (3.2%), Growl: 1277 (2.3%), Struggle: 42 (0.1%)",7046,12541,0.56,1905,0.71,5.64,2.16,1726,2243,9499,1365,14.11,11458,"Magikarp: 445, Bellsprout: 193, Goldeen: 165","Seaking: 362, Butterfree: 282, Magmar: 262",3,"Damage: 1550, Status: 1006, Hazard: 0, Weather: 0, Cleric: 0, Screen: 91, Pass: 0",None
PINSIR,B,Attacker,"Thrash: 967 (37.2%), X Scissor: 592 (22.8%), Swords Dance: 547 (21.0%), Vital Throw: 494 (19.0%)",1006,531,1.89,25,1.94,4.14,1.86,104,19,98,0,6.78,994,"Butterfree: 40, Seaking: 33, Magnemite: 33","Magmar: 21, Butterfree: 17, Graveler: 15",0,"Damage: 25, Status: 0, Hazard: 0, Weather: 0, Cleric: 0, Screen: 0, Pass: 0",None
PLUSLE,A+,All-Rounder,"Thunder: 1849 (52.5%), Swift: 721 (20.5%), Charge: 559 (15.9%), Copycat: 394 (11.2%)",1290,564,2.29,315,2.85,2.93,1.36,166,572,121,17,-7.82,1343,"Koffing: 37, Magikarp: 31, Voltorb: 29","Graveler: 30, Quagsire: 15, Koffing: 14",0,"Damage: 312, Status: 4, Hazard: 0, Weather: 0, Cleric: 0, Screen: 2, Pass: 0",None
POLITOED,B-,All-Rounder,"Whirlpool: 1416 (30.9%), Body Slam: 1406 (30.7%), Perish Song: 931 (20.3%), Rain Dance: 823 (18.0%)",743,834,0.89,644,1.66,4.13,2.2,143,443,173,246,-2.91,1224,"Magikarp: 27, Bellsprout: 24, Geodude: 19","Electabuzz: 11, Vileplume: 9, Graveler: 9",0,"Damage: 644, Status: 152, Hazard: 0, Weather: 0, Cleric: 0, Screen: 0, Pass: 0",None
POLIWAG,F,Defender,"Bubble: 3764 (29.2%), Hypnosis: 3167 (24.6%), Water Gun: 1909 (14.8%), Double Slap: 1766 (13.7%), Water Sport: 1149 (8.9%), Rain Dance: 913 (7.1%), Struggle: 230 (1.8%)",502,3192,0.16,220,0.23,7.06,2.33,427,1893,443,329,-7.78,2297,"Magikarp: 59, Geodude: 50, Bellsprout: 35","Koffing: 53, Seaking: 53, Sandslash: 48",1,"Damage: 216, Status: 120, Hazard: 0, Weather: 0, Cleric: 0, Screen: 0, Pass: 0",None
POLIWHIRL,D,All-Rounder,"Bubble Beam: 10213 (19.8%), Body Slam: 7194 (13.9%), Water Gun: 6773 (13.1%), Double Slap: 6125 (11.9%), Mud Shot: 5442 (10.5%), Hypnosis: 4281 (8.3%), Rain Dance: 4228 (8.2%), Belly Drum: 2791 (5.4%), Wake Up Slap: 2670 (5.2%), Bubble: 1739 (3.4%), Struggle: 135 (0.3%)",8005,9920,0.81,1946,1.0,5.08,2.12,2317,3663,1922,6484,1.21,12596,"Magikarp: 347, Geodude: 196, Bellsprout: 175","Butterfree: 244, Seaking: 222, Quagsire: 157",6,"Damage: 1945, Status: 309, Hazard: 0, Weather: 0, Cleric: 0, Screen: 0, Pass: 0",None
POLIWRATH,A+,Attacker,"Hypnosis: 6404 (27.2%), Submission: 3604 (15.3%), Dynamic Punch: 2561 (10.9%), Bubble Beam: 2506 (10.6%), Hydro Pump: 2304 (9.8%), Mud Shot: 2010 (8.5%), Double Slap: 1981 (8.4%), Surf: 681 (2.9%), Strength: 590 (2.5%), Ice Punch: 581 (2.5%), Wake Up Slap: 264 (1.1%), Belly Drum: 83 (0.4%), Struggle: 6 (0.0%)",5106,2025,2.52,414,2.73,6.24,2.12,856,5623,678,1985,-16.89,4655,"Magmar: 119, Seaking: 117, Koffing: 115","Victreebel: 48, Sunflora: 48, Weezing: 47",1,"Damage: 395, Status: 167, Hazard: 0, Weather: 0, Cleric: 0, Screen: 0, Pass: 0",None
PONYTA,E,All-Rounder,"Tackle: 918 (25.7%), Ember: 897 (25.1%), Flame Wheel: 882 (24.7%), Tail Whip: 876 (24.5%)",424,992,0.43,118,0.55,3.97,1.89,145,167,142,75,3.3,1173,"Magikarp: 49, Bellsprout: 28, Pidgey: 19","Graveler: 19, Seaking: 18, Sandslash: 18",0,"Damage: 118, Status: 20, Hazard: 0, Weather: 0, Cleric: 0, Screen: 0, Pass: 0",None
PORYGON,B+,Attacker,"Conversion 2: 3513 (26.5%), Charge Beam: 3454 (26.1%), Recover: 1722 (13.0%), Signal Beam: 1301 (9.8%), Ice Beam: 1258 (9.5%), Solar Beam: 997 (7.5%), Conversion: 961 (7.3%), Struggle: 34 (0.3%)",2912,1343,2.17,49,2.2,5.96,3.52,374,528,499,2136,2.47,2563,"Magikarp: 114, Koffing: 70, Goldeen: 60","Seaking: 37, Butterfree: 35, Magmar: 28",0,"Damage: 49, Status: 7, Hazard: 0, Weather: 0, Cleric: 0, Screen: 0, Pass: 0",None
PORYGON2,S+,All-Rounder,"Tri Attack: 1367 (57.3%), Charge Beam: 507 (21.3%), Protect: 310 (13.0%), Trick Room: 200 (8.4%)",1367,71,19.25,173,21.69,2.38,0.72,100,69,52,307,3.48,1139,"Seaking: 46, Qwilfish: 31, Koffing: 25","Noctowl: 6, Sunflora: 5, Venusaur: 5",0,"Damage: 173, Status: 0, Hazard: 0, Weather: 0, Cleric: 0, Screen: 0, Pass: 0",None
PRIMEAPE,B,Disrupter,"Swagger: 4597 (21.1%), Assurance: 4272 (19.6%), Rage: 3891 (17.9%), Screech: 3152 (14.5%), Cross Chop: 2259 (10.4%), Thrash: 1827 (8.4%), Seismic Toss: 1412 (6.5%), Karate Chop: 350 (1.6%)",4772,3988,1.2,2342,1.78,4.36,1.82,863,1695,649,0,-0.82,6315,"Magikarp: 166, Magnemite: 107, Seaking: 106","Graveler: 147, Seaking: 119, Seadra: 87",0,"Damage: 2017, Status: 1371, Hazard: 0, Weather: 0, Cleric: 0, Screen: 0, Pass: 0",None
PSYDUCK,E,All-Rounder,"Confusion: 3587 (15.6%), Screech: 3431 (14.9%), Zen Headbutt: 3072 (13.4%), Disable: 2930 (12.8%), Water Gun: 2773 (12.1%), Fury Swipes: 1937 (8.4%), Water Pulse: 1807 (7.9%), Scratch: 1271 (5.5%), Tail Whip: 878 (3.8%), Amnesia: 722 (3.1%), Psych Up: 560 (2.4%)",3200,6319,0.51,593,0.6,4.1,1.96,956,2229,1114,891,-0.54,8081,"Magikarp: 177, Geodude: 129, Bellsprout: 97","Seaking: 145, Butterfree: 140, Quagsire: 113",5,"Damage: 593, Status: 97, Hazard: 0, Weather: 0, Cleric: 0, Screen: 0, Pass: 0",None
QUAGSIRE,A,Disrupter,"Yawn: 19999 (25.1%), Amnesia: 18183 (22.9%), Earthquake: 11376 (14.3%), Rain Dance: 11008 (13.8%), Surf: 6648 (8.4%), Muddy Water: 5659 (7.1%), Protect: 3854 (4.8%), Slam: 1468 (1.8%), Mud Bomb: 984 (1.2%), Struggle: 189 (0.2%), Water Gun: 188 (0.2%)",14940,6681,2.24,1278,2.43,5.98,3.76,1815,2723,3210,1306,2.86,12469,"Quagsire: 684, Magikarp: 401, Graveler: 330","Quagsire: 684, Butterfree: 196, Seaking: 186",4,"Damage: 759, Status: 862, Hazard: 0, Weather: 0, Cleric: 0, Screen: 0, Pass: 0",None
QWILFISH,C+,All-Rounder,"Rollout: 8116 (17.9%), Brine: 6200 (13.6%), Revenge: 6003 (13.2%), Pin Missile: 4271 (9.4%), Water Gun: 3624 (8.0%), Stockpile: 3089 (6.8%), Take Down: 3018 (6.6%), Aqua Tail: 2904 (6.4%), Minimize: 2109 (4.6%), Poison Jab: 1362 (3.0%), Destiny Bond: 1096 (2.4%), Spit Up: 1022 (2.2%), Harden: 1006 (2.2%), Poison Sting: 802 (1.8%), Toxic Spikes: 561 (1.2%), Surf: 270 (0.6%), Struggle: 5 (0.0%)",10579,8255,1.28,2369,1.57,4.81,2.36,2451,2898,4232,386,7.63,12145,"Magikarp: 339, Magnemite: 206, Voltorb: 187","Quagsire: 203, Graveler: 200, Seaking: 179",3,"Damage: 2329, Status: 738, Hazard: 26, Weather: 0, Cleric: 0, Screen: 0, Pass: 0",None
RAICHU,D,Attacker,"Quick Attack: 2267 (32.3%), Tail Whip: 1876 (26.7%), Thunderbolt: 1459 (20.8%), Thunder Shock: 1415 (20.2%)",1504,1462,1.03,109,1.1,4.21,1.9,324,216,263,177,5.37,2135,"Magikarp: 58, Pidgey: 39, Voltorb: 34","Quagsire: 35, Graveler: 29, Seaking: 29",0,"Damage: 109, Status: 5, Hazard: 0, Weather: 0, Cleric: 0, Screen: 0, Pass: 0",None
RAPIDASH,S-,All-Rounder,"Stomp: 5757 (18.2%), Bounce: 5375 (17.0%), Fire Blast: 5317 (16.8%), Agility: 3378 (10.7%), Fury Attack: 3154 (10.0%), Take Down: 1935 (6.1%), Flame Wheel: 1841 (5.8%), Flare Blitz: 1341 (4.2%), Ember: 1268 (4.0%), Will O Wisp: 1136 (3.6%), Fire Spin: 1108 (3.5%)",9694,3679,2.63,1917,3.16,4.61,1.77,1568,2696,2983,288,5.38,8110,"Butterfree: 272, Magmar: 251, Magikarp: 233","Graveler: 149, Seaking: 109, Quagsire: 99",4,"Damage: 1864, Status: 506, Hazard: 0, Weather: 0, Cleric: 0, Screen: 0, Pass: 0",None
RATICATE,C,All-Rounder,"Super Fang: 5305 (17.2%), Hyper Fang: 4243 (13.8%), Quick Attack: 4013 (13.0%), Crunch: 3730 (12.1%), Assurance: 3697 (12.0%), Scary Face: 2849 (9.2%), Double Edge: 2515 (8.2%), Endeavor: 2062 (6.7%), Substitute: 1264 (4.1%), Bite: 449 (1.5%), Pursuit: 404 (1.3%), Focus Energy: 273 (0.9%), Struggle: 10 (0.0%)",6644,5219,1.27,864,1.44,4.72,2.03,1461,1701,1156,765,2.85,8005,"Magikarp: 237, Pikachu: 144, Voltorb: 140","Graveler: 130, Seaking: 122, Seadra: 103",1,"Damage: 864, Status: 0, Hazard: 0, Weather: 0, Cleric: 0, Screen: 0, Pass: 0",None
RATTATA,F-,All-Rounder,"Quick Attack: 3534 (42.5%), Tail Whip: 2298 (27.6%), Tackle: 2186 (26.3%), Focus Energy: 305 (3.7%)",245,4387,0.06,246,0.11,2.94,1.22,395,353,457,0,5.68,4495,"Caterpie: 53, Bellsprout: 31, Magikarp: 20","Koffing: 77, Geodude: 74, Seaking: 72",0,"Damage: 246, Status: 0, Hazard: 0, Weather: 0, Cleric: 0, Screen: 0, Pass: 0",None
REMORAID,D-,All-Rounder,"Bullet Seed: 2174 (16.0%), Water Pulse: 1913 (14.1%), Signal Beam: 1835 (13.5%), Bubble Beam: 1737 (12.8%), Psybeam: 1582 (11.6%), Aurora Beam: 1546 (11.4%), Lock On: 1216 (8.9%), Ice Beam: 905 (6.7%), Focus Energy: 701 (5.2%)",3133,5149,0.61,1197,0.84,3.57,1.77,1152,397,629,740,9.56,5565,"Magikarp: 170, Geodude: 101, Bellsprout: 90","Seaking: 138, Butterfree: 108, Graveler: 93",2,"Damage: 1197, Status: 157, Hazard: 0, Weather: 0, Cleric: 0, Screen: 0, Pass: 0",None
RHYDON,A+,Attacker,"Take Down: 2411 (27.1%), Horn Drill: 1651 (18.6%), Scary Face: 1488 (16.7%), Hammer Arm: 1181 (13.3%), Rock Blast: 1043 (11.7%), Avalanche: 614 (6.9%), Rock Slide: 504 (5.7%)",3692,1338,2.76,75,2.82,3.72,1.77,345,1944,376,40,-13.26,3299,"Magnemite: 97, Magikarp: 95, Butterfree: 78","Seadra: 49, Seaking: 48, Azumarill: 47",0,"Damage: 75, Status: 0, Hazard: 0, Weather: 0, Cleric: 0, Screen: 0, Pass: 0",None
RHYHORN,B,All-Rounder,"Scary Face: 6620 (41.2%), Take Down: 2051 (12.8%), Rock Blast: 1982 (12.3%), Horn Drill: 1772 (11.0%), Fury Attack: 1108 (6.9%), Stomp: 1077 (6.7%), Stone Edge: 961 (6.0%), Earthquake: 504 (3.1%)",3648,2224,1.64,378,1.81,5.04,2.73,618,3199,687,0,-11.3,3742,"Magikarp: 166, Voltorb: 87, Bellsprout: 85","Butterfree: 69, Seaking: 58, Quagsire: 45",0,"Damage: 378, Status: 0, Hazard: 0, Weather: 0, Cleric: 0, Screen: 0, Pass: 0",None
ROSELIA,B-,Attacker / Disrupter,"Petal Dance: 1884 (79.3%), Ingrain: 245 (10.3%), Toxic: 140 (5.9%), Synthesis: 107 (4.5%)",867,529,1.64,65,1.76,4.24,1.9,113,64,97,0,5.9,952,"Seaking: 36, Quagsire: 30, Seadra: 24","Magmar: 20, Rapidash: 16, Flareon: 14",0,"Damage: 63, Status: 38, Hazard: 0, Weather: 0, Cleric: 0, Screen: 0, Pass: 0",None
SANDSHREW,E-,All-Rounder,"Rapid Spin: 3037 (23.2%), Sand Attack: 2854 (21.8%), Swift: 2167 (16.5%), Defense Curl: 2101 (16.0%), Poison Sting: 1976 (15.1%), Scratch: 956 (7.3%), Struggle: 3 (0.0%)",580,3124,0.19,642,0.39,5.36,2.09,470,677,2708,512,15.83,3447,"Magikarp: 123, Bellsprout: 53, Pidgey: 26","Seaking: 52, Koffing: 51, Butterfree: 48",0,"Damage: 642, Status: 221, Hazard: 0, Weather: 0, Cleric: 0, Screen: 0, Pass: 0",None
SANDSLASH,B+,All-Rounder,"Slash: 13996 (28.6%), Fury Cutter: 8577 (17.5%), Sand Tomb: 7365 (15.1%), Crush Claw: 5802 (11.9%), Gyro Ball: 5010 (10.2%), Rollout: 2584 (5.3%), Swift: 2439 (5.0%), Fury Swipes: 1191 (2.4%), Sandstorm: 931 (1.9%), Sand Attack: 605 (1.2%), Rapid Spin: 285 (0.6%), Poison Sting: 105 (0.2%), Struggle: 1 (0.0%)",10004,7341,1.36,5362,2.09,4.85,2.48,3499,4254,2763,1826,3.82,12507,"Magikarp: 450, Magnemite: 259, Voltorb: 235","Seaking: 211, Graveler: 210, Golduck: 183",2,"Damage: 5260, Status: 3, Hazard: 0, Weather: 390, Cleric: 0, Screen: 0, Pass: 0",None
SEADRA,B,All-Rounder,"Twister: 9615 (22.7%), Brine: 7776 (18.4%), Agility: 7652 (18.1%), Bubble Beam: 5115 (12.1%), Hydro Pump: 3407 (8.1%), Waterfall: 3126 (7.4%), Water Pulse: 1872 (4.4%), Surf: 1354 (3.2%), Focus Energy: 1014 (2.4%), Smoke Screen: 881 (2.1%), Leer: 462 (1.1%)",11476,6633,1.73,1312,1.93,4.48,2.09,2215,1205,1876,1025,6.6,11668,"Magikarp: 306, Pikachu: 238, Magnemite: 232","Butterfree: 227, Seaking: 187, Quagsire: 162",4,"Damage: 1310, Status: 112, Hazard: 0, Weather: 0, Cleric: 0, Screen: 0, Pass: 0",None
SEAKING,B-,Defender,"Fury Attack: 18423 (21.1%), Waterfall: 18095 (20.7%), Flail: 16712 (19.1%), Aqua Ring: 10887 (12.5%), Water Pulse: 9466 (10.8%), Poison Jab: 2751 (3.1%), Supersonic: 2684 (3.1%), Horn Drill: 2508 (2.9%), Horn Attack: 2289 (2.6%), Rain Dance: 1182 (1.4%), Megahorn: 1039 (1.2%), Agility: 798 (0.9%), Peck: 512 (0.6%), Struggle: 27 (0.0%)",19252,12823,1.5,2571,1.7,5.91,3.3,5344,7139,3628,3491,1.97,17896,"Magikarp: 522, Magnemite: 389, Pikachu: 362","Quagsire: 297, Seaking: 289, Graveler: 273",4,"Damage: 2564, Status: 429, Hazard: 0, Weather: 0, Cleric: 0, Screen: 0, Pass: 0",None
SEEDOT,E,All-Rounder,"Nature Power: 1213 (55.5%), Sunny Day: 633 (29.0%), Synthesis: 331 (15.1%), Explosion: 9 (0.4%)",280,756,0.37,179,0.61,3.24,2.05,75,14,116,0,7.69,1054,"Magikarp: 17, Voltorb: 13, Goldeen: 10","Graveler: 27, Butterfree: 23, Magmar: 21",0,"Damage: 179, Status: 0, Hazard: 0, Weather: 2, Cleric: 0, Screen: 0, Pass: 0",None
SEEL,E+,Defender,"Ice Shard: 8277 (28.9%), Rest: 5078 (17.7%), Encore: 3179 (11.1%), Icy Wind: 2568 (9.0%), Aqua Jet: 2103 (7.3%), Aqua Ring: 1884 (6.6%), Take Down: 1838 (6.4%), Aurora Beam: 1826 (6.4%), Brine: 1794 (6.3%), Struggle: 105 (0.4%)",2502,5185,0.48,1066,0.69,8.65,4.45,1003,1115,1479,2085,4.58,5357,"Magikarp: 165, Bellsprout: 89, Geodude: 88","Seaking: 125, Butterfree: 95, Graveler: 92",3,"Damage: 1066, Status: 0, Hazard: 0, Weather: 0, Cleric: 0, Screen: 0, Pass: 0",None
SENTRET,F,Defender,"Follow Me: 3230 (18.7%), Sucker Punch: 2861 (16.6%), Quick Attack: 2775 (16.1%), Slam: 2242 (13.0%), Rest: 2153 (12.5%), Defense Curl: 1685 (9.8%), Fury Swipes: 1049 (6.1%), Scratch: 691 (4.0%), Foresight: 547 (3.2%), Helping Hand: 16 (0.1%), Struggle: 6 (0.0%)",1059,6791,0.16,352,0.21,11.47,6.09,541,841,1021,0,3.95,2361,"Magikarp: 109, Bellsprout: 56, Pidgey: 39","Seaking: 135, Magmar: 118, Butterfree: 118",0,"Damage: 352, Status: 0, Hazard: 0, Weather: 0, Cleric: 0, Screen: 0, Pass: 0",None
SEVIPER,S-,Disrupter,"Night Slash: 1925 (34.1%), Poison Fang: 1845 (32.7%), Swagger: 1295 (22.9%), Haze: 578 (10.2%)",1640,582,2.82,225,3.2,4.73,1.94,342,164,149,313,5.67,1322,"Magikarp: 58, Goldeen: 44, Pikachu: 38","Graveler: 23, Seadra: 19, Rapidash: 17",0,"Damage: 210, Status: 201, Hazard: 0, Weather: 0, Cleric: 0, Screen: 0, Pass: 0",None
SHELLDER,D-,Defender,"Icicle Spear: 6220 (14.2%), Leer: 5005 (11.4%), Ice Shard: 4900 (11.2%), Protect: 4828 (11.0%), Aurora Beam: 4217 (9.6%), Supersonic: 3914 (8.9%), Clamp: 3545 (8.1%), Whirlpool: 3010 (6.9%), Iron Defense: 2632 (6.0%), Withdraw: 2448 (5.6%), Tackle: 1725 (3.9%), Brine: 1391 (3.2%), Struggle: 18 (0.0%)",4292,8668,0.5,2762,0.81,5.87,2.86,2165,4436,1798,301,-1.04,9719,"Magikarp: 356, Bellsprout: 198, Geodude: 193","Butterfree: 175, Seaking: 174, Koffing: 154",5,"Damage: 2677, Status: 583, Hazard: 0, Weather: 0, Cleric: 0, Screen: 0, Pass: 0",None
SHINX,B,Attacker,"Crunch: 1332 (29.6%), Scary Face: 1218 (27.0%), Discharge: 1024 (22.7%), Thunder Fang: 932 (20.7%)",1367,745,1.83,33,1.88,4.0,1.91,178,261,138,406,1.14,1300,"Magikarp: 56, Goldeen: 35, Magnemite: 31","Graveler: 23, Seadra: 23, Quagsire: 19",0,"Damage: 33, Status: 2, Hazard: 0, Weather: 0, Cleric: 0, Screen: 0, Pass: 0",None
SHROOMISH,A,Attacker / Disrupter,"Giga Drain: 2155 (28.9%), Seed Bomb: 2093 (28.0%), Growth: 2047 (27.4%), Spore: 1172 (15.7%)",1485,637,2.33,34,2.38,6.73,2.88,266,132,203,0,4.39,1271,"Magikarp: 58, Seaking: 45, Magnemite: 39","Magmar: 21, Butterfree: 20, Rapidash: 14",0,"Damage: 34, Status: 25, Hazard: 0, Weather: 0, Cleric: 0, Screen: 0, Pass: 0",None
SKARMORY,S,All-Rounder,"Air Slash: 3416 (25.9%), Slash: 3266 (24.7%), Steel Wing: 3249 (24.6%), Night Slash: 2589 (19.6%), Metal Sound: 683 (5.2%)",4496,950,4.73,545,5.31,5.01,2.34,1045,706,482,863,5.96,3047,"Seaking: 118, Magikarp: 116, Butterfree: 81","Magmar: 44, Electrode: 31, Rapidash: 30",0,"Damage: 545, Status: 0, Hazard: 0, Weather: 0, Cleric: 0, Screen: 0, Pass: 0",None
SKIPLOOM,D-,Disrupter,"Bullet Seed: 12386 (29.5%), Mega Drain: 6376 (15.2%), U Turn: 4754 (11.3%), Leech Seed: 3427 (8.2%), Sleep Powder: 3152 (7.5%), Cotton Spore: 2706 (6.4%), Stun Spore: 2649 (6.3%), Giga Drain: 2159 (5.1%), Worry Seed: 1519 (3.6%), Sunny Day: 1203 (2.9%), Tackle: 695 (1.7%), Tail Whip: 683 (1.6%), Poison Powder: 281 (0.7%), Struggle: 6 (0.0%)",4309,8896,0.48,3317,0.86,7.26,3.27,2808,3047,1551,0,3.01,7645,"Magikarp: 253, Bellsprout: 130, Geodude: 126","Seaking: 285, Magmar: 214, Butterfree: 180",11,"Damage: 3117, Status: 2217, Hazard: 0, Weather: 8, Cleric: 0, Screen: 0, Pass: 0",None
SKORUPI,B+,Hazards,"Crunch: 1620 (29.1%), Bug Bite: 1610 (28.9%), Poison Fang: 1573 (28.2%), Toxic Spikes: 769 (13.8%)",1300,717,1.81,126,1.99,5.07,2.8,288,100,183,539,6.09,1260,"Magikarp: 56, Pikachu: 31, Bellsprout: 30","Graveler: 26, Butterfree: 21, Magmar: 20",0,"Damage: 125, Status: 51, Hazard: 37, Weather: 0, Cleric: 0, Screen: 0, Pass: 0",None
SLAKOTH,C,Attacker,"Counter: 3335 (45.0%), Amnesia: 1460 (19.7%), Flail: 1419 (19.1%), Covet: 1205 (16.2%)",1149,804,1.43,17,1.45,6.96,3.65,133,121,305,0,4.1,1264,"Magikarp: 57, Bellsprout: 29, Geodude: 28","Graveler: 23, Butterfree: 16, Seaking: 16",0,"Damage: 17, Status: 0, Hazard: 0, Weather: 0, Cleric: 0, Screen: 0, Pass: 0",None
SLOWBRO,C-,Attacker,"Growl: 3833 (30.8%), Psychic: 2211 (17.8%), Disable: 2056 (16.5%), Yawn: 1135 (9.1%), Slack Off: 1019 (8.2%), Confusion: 895 (7.2%), Water Gun: 876 (7.0%), Skill Swap: 377 (3.0%), Struggle: 25 (0.2%)",1600,1220,1.31,46,1.35,7.71,4.38,255,954,577,159,-0.92,1989,"Magikarp: 56, Skiploom: 49, Voltorb: 39","Butterfree: 23, Seaking: 23, Graveler: 22",0,"Damage: 43, Status: 18, Hazard: 0, Weather: 0, Cleric: 0, Screen: 0, Pass: 0",None
SLOWKING,S-,Attacker,"Water Pulse: 2596 (20.4%), Zen Headbutt: 1822 (14.3%), Nasty Plot: 1638 (12.9%), Swagger: 1233 (9.7%), Psychic: 1192 (9.4%), Surf: 1082 (8.5%), Confusion: 816 (6.4%), Headbutt: 798 (6.3%), Flamethrower: 650 (5.1%), Disable: 570 (4.5%), Trick Room: 309 (2.4%)",4426,1398,3.17,364,3.43,4.65,2.44,478,652,454,679,1.93,3408,"Magikarp: 116, Pikachu: 91, Seaking: 81","Seaking: 43, Butterfree: 37, Seadra: 31",1,"Damage: 342, Status: 171, Hazard: 0, Weather: 0, Cleric: 0, Screen: 0, Pass: 0",None
SLOWPOKE,E-,Defender,"Growl: 8180 (22.4%), Water Gun: 6120 (16.8%), Curse: 4689 (12.9%), Tackle: 4675 (12.8%), Yawn: 4437 (12.2%), Psychic: 2819 (7.7%), Amnesia: 1541 (4.2%), Disable: 1531 (4.2%), Strength: 1109 (3.0%), Skill Swap: 590 (1.6%), Headbutt: 555 (1.5%), Confusion: 207 (0.6%), Struggle: 4 (0.0%)",2975,6732,0.44,423,0.5,7.46,3.88,825,1958,1513,287,1.08,5873,"Magikarp: 280, Bellsprout: 164, Geodude: 118","Seaking: 135, Sandslash: 117, Graveler: 114",0,"Damage: 418, Status: 25, Hazard: 0, Weather: 0, Cleric: 0, Screen: 0, Pass: 0",None
SLUGMA,F+,All-Rounder,"Harden: 485 (31.2%), Amnesia: 380 (24.4%), Recover: 341 (21.9%), Ancient Power: 339 (21.8%), Struggle: 10 (0.6%)",94,594,0.16,67,0.27,4.7,2.42,17,3,148,35,9.64,648,"Butterfree: 10, Skiploom: 7, Hoppip: 6","Seaking: 28, Seadra: 18, Golduck: 17",0,"Damage: 67, Status: 0, Hazard: 0, Weather: 0, Cleric: 0, Screen: 0, Pass: 0",None
SNUBBULL,E-,All-Rounder,"Bite: 4240 (24.7%), Lick: 4063 (23.6%), Tail Whip: 2292 (13.3%), Charm: 2140 (12.4%), Scary Face: 1376 (8.0%), Headbutt: 1194 (6.9%), Rage: 1179 (6.9%), Roar: 698 (4.1%), Struggle: 11 (0.1%)",1800,3929,0.46,172,0.5,4.64,2.28,632,795,755,2207,3.38,4669,"Magikarp: 251, Bellsprout: 112, Geodude: 84","Seaking: 75, Koffing: 63, Butterfree: 61",0,"Damage: 172, Status: 57, Hazard: 0, Weather: 0, Cleric: 0, Screen: 0, Pass: 0",None
SPEAROW,F,All-Rounder,"Leer: 3093 (24.8%), Peck: 2492 (19.9%), Growl: 2034 (16.3%), Fury Attack: 1390 (11.1%), Aerial Ace: 894 (7.2%), Pursuit: 830 (6.6%), Drill Peck: 554 (4.4%), Assurance: 532 (4.3%), Agility: 461 (3.7%), Roost: 216 (1.7%)",1046,6709,0.16,345,0.21,4.63,1.9,496,380,1649,0,12.48,5311,"Bellsprout: 120, Magikarp: 83, Pidgey: 33","Seaking: 135, Butterfree: 114, Magmar: 111",7,"Damage: 345, Status: 0, Hazard: 0, Weather: 0, Cleric: 0, Screen: 0, Pass: 0",None
SPINARAK,F,Disrupter,"Poison Sting: 1734 (46.3%), Constrict: 877 (23.4%), Scary Face: 575 (15.4%), String Shot: 557 (14.9%), Struggle: 2 (0.1%)",133,2143,0.06,197,0.15,2.8,1.58,155,203,255,548,5.31,2260,"Bellsprout: 31, Rattata: 14, Caterpie: 14","Graveler: 52, Butterfree: 41, Seaking: 39",0,"Damage: 197, Status: 123, Hazard: 0, Weather: 0, Cleric: 0, Screen: 0, Pass: 0",None
SPINDA,A,Disrupter,"Teeter Dance: 11646 (46.9%), Dizzy Punch: 4573 (18.4%), Sucker Punch: 4543 (18.3%), Psych Up: 1224 (4.9%), Fake Out: 1033 (4.2%), Flail: 1005 (4.0%), Trick Room: 780 (3.1%), Struggle: 46 (0.2%)",3184,2238,1.42,2223,2.42,6.93,2.56,543,341,703,1270,3.53,3983,"Magikarp: 131, Geodude: 79, Bellsprout: 74","Graveler: 85, Butterfree: 67, Seadra: 55",0,"Damage: 1774, Status: 1728, Hazard: 0, Weather: 0, Cleric: 0, Screen: 0, Pass: 0",None
SPOINK,D+,Attacker,"Zen Headbutt: 1975 (29.2%), Rest: 1939 (28.7%), Payback: 1895 (28.0%), Snore: 928 (13.7%), Struggle: 24 (0.4%)",881,829,1.06,42,1.11,7.81,4.65,246,351,292,240,2.65,1186,"Magikarp: 56, Magnemite: 33, Pidgey: 32","Seaking: 25, Sandslash: 18, Butterfree: 17",0,"Damage: 42, Status: 0, Hazard: 0, Weather: 0, Cleric: 0, Screen: 0, Pass: 0",None
SQUIRTLE,F+,All-Rounder,"Curse: 1080 (27.6%), Skull Bash: 564 (14.4%), Aqua Tail: 556 (14.2%), Iron Defense: 511 (13.1%), Bite: 382 (9.8%), Withdraw: 369 (9.4%), Rain Dance: 341 (8.7%), Water Gun: 110 (2.8%)",361,1431,0.25,108,0.33,4.34,2.27,90,117,350,68,7.36,1631,"Magmar: 18, Growlithe: 17, Beedrill: 15","Seaking: 41, Butterfree: 33, Seadra: 33",1,"Damage: 108, Status: 0, Hazard: 0, Weather: 0, Cleric: 0, Screen: 0, Pass: 0",None
STANTLER,S,All-Rounder,"Zen Headbutt: 2711 (54.0%), Me First: 1994 (39.7%), Trick Room: 265 (5.3%), Return: 49 (1.0%)",1954,335,5.83,226,6.51,4.55,1.6,220,379,161,200,-0.15,1191,"Magikarp: 58, Seaking: 46, Koffing: 44","Seaking: 15, Noctowl: 9, Quagsire: 9",0,"Damage: 226, Status: 8, Hazard: 0, Weather: 0, Cleric: 0, Screen: 0, Pass: 0",None
STARLY,B,Attacker,"Take Down: 911 (26.2%), Brave Bird: 905 (26.1%), Aerial Ace: 833 (24.0%), Agility: 825 (23.7%)",1337,756,1.77,32,1.81,3.16,1.35,177,145,99,0,3.67,1260,"Magikarp: 59, Butterfree: 33, Bellsprout: 32","Graveler: 27, Seaking: 19, Seadra: 17",0,"Damage: 32, Status: 0, Hazard: 0, Weather: 0, Cleric: 0, Screen: 0, Pass: 0",None
STARMIE,B,All-Rounder,"Swift: 6633 (32.2%), Water Gun: 2353 (11.4%), Thunderbolt: 1812 (8.8%), Recover: 1755 (8.5%), Ice Beam: 1677 (8.1%), Surf: 1571 (7.6%), Rapid Spin: 1303 (6.3%), Confuse Ray: 1240 (6.0%), Blizzard: 746 (3.6%), Psychic: 429 (2.1%), Water Pulse: 389 (1.9%), Thunder: 301 (1.5%), Brine: 289 (1.4%), Minimize: 64 (0.3%), Cosmic Power: 39 (0.2%), Struggle: 3 (0.0%)",5372,3361,1.6,841,1.85,4.76,2.08,1049,490,829,238,6.54,5496,"Magikarp: 118, Graveler: 117, Koffing: 96","Seaking: 98, Butterfree: 87, Quagsire: 76",9,"Damage: 780, Status: 436, Hazard: 0, Weather: 0, Cleric: 0, Screen: 0, Pass: 0",None
STARYU,E,All-Rounder,"Camouflage: 6887 (27.4%), Rapid Spin: 5002 (19.9%), Water Gun: 4798 (19.1%), Swift: 3095 (12.3%), Recover: 2377 (9.5%), Minimize: 1608 (6.4%), Bubble Beam: 1330 (5.3%), Gyro Ball: 25 (0.1%), Struggle: 20 (0.1%)",2564,5905,0.43,935,0.59,4.75,2.16,840,450,2662,93,11.03,7143,"Magikarp: 216, Geodude: 115, Bellsprout: 112","Seaking: 129, Quagsire: 110, Seadra: 94",2,"Damage: 935, Status: 0, Hazard: 0, Weather: 0, Cleric: 0, Screen: 0, Pass: 0",None
STEELIX,A,Defender,"Rock Polish: 8156 (30.9%), Curse: 7728 (29.3%), Iron Tail: 3697 (14.0%), Dragon Breath: 2250 (8.5%), Crunch: 1622 (6.2%), Stone Edge: 1475 (5.6%), Double Edge: 1435 (5.4%)",4299,1773,2.42,386,2.64,7.69,4.49,621,1503,1155,883,0.88,4044,"Magikarp: 121, Seaking: 100, Magnemite: 77","Magmar: 61, Quagsire: 53, Golduck: 53",1,"Damage: 386, Status: 51, Hazard: 0, Weather: 0, Cleric: 0, Screen: 0, Pass: 0",None
SUDOWOODO,S-,All-Rounder,"Rock Slide: 4179 (24.5%), Rock Tomb: 3171 (18.6%), Slam: 2657 (15.6%), Double Edge: 2468 (14.5%), Hammer Arm: 1650 (9.7%), Wood Hammer: 838 (4.9%), Stone Edge: 778 (4.6%), Sucker Punch: 655 (3.8%), Faint Attack: 513 (3.0%), Earthquake: 128 (0.8%)",8201,2138,3.84,907,4.26,3.64,1.93,935,2357,673,1791,-4.28,5767,"Magikarp: 273, Butterfree: 179, Magnemite: 159","Seaking: 63, Golduck: 60, Seadra: 56",0,"Damage: 907, Status: 0, Hazard: 0, Weather: 0, Cleric: 0, Screen: 0, Pass: 0",None
SUNFLORA,B+,All-Rounder,"Petal Dance: 2943 (35.4%), Leaf Storm: 1445 (17.4%), Solar Beam: 1037 (12.5%), Sunny Day: 928 (11.2%), Razor Leaf: 926 (11.1%), Mega Drain: 615 (7.4%), Ingrain: 233 (2.8%), Worry Seed: 191 (2.3%)",3564,2033,1.75,537,2.02,3.45,1.73,487,361,441,0,6.47,4144,"Seaking: 137, Quagsire: 126, Onix: 81","Magmar: 102, Rapidash: 50, Tentacruel: 50",3,"Damage: 532, Status: 0, Hazard: 0, Weather: 8, Cleric: 0, Screen: 0, Pass: 0",None
SUNKERN,D+,All-Rounder,"Razor Leaf: 1442 (42.4%), Giga Drain: 811 (23.8%), Sunny Day: 602 (17.7%), Synthesis: 540 (15.9%), Struggle: 6 (0.2%)",841,871,0.97,158,1.15,3.68,2.26,208,106,173,0,7.69,1207,"Magikarp: 55, Geodude: 36, Bellsprout: 28","Seaking: 22, Magmar: 17, Butterfree: 16",0,"Damage: 158, Status: 0, Hazard: 0, Weather: 2, Cleric: 0, Screen: 0, Pass: 0",None
SWINUB,E-,Attacker,"Endure: 2312 (31.3%), Icy Wind: 2093 (28.4%), Mud Bomb: 1472 (20.0%), Mud Slap: 1467 (19.9%), Struggle: 32 (0.4%)",778,1874,0.42,42,0.44,6.71,3.1,276,544,1179,3076,10.58,1202,"Magikarp: 54, Pidgey: 33, Geodude: 31","Seaking: 42, Magmar: 37, Sandslash: 36",0,"Damage: 42, Status: 0, Hazard: 0, Weather: 0, Cleric: 0, Screen: 0, Pass: 0",None
TAILLOW,C+,All-Rounder,"Wing Attack: 1332 (26.6%), Aerial Ace: 1283 (25.6%), Double Team: 1232 (24.6%), Endeavor: 1168 (23.3%)",1058,914,1.16,309,1.5,4.34,1.72,155,19,739,0,15.21,1334,"Magikarp: 57, Bellsprout: 30, Geodude: 25","Seaking: 27, Graveler: 20, Butterfree: 19",0,"Damage: 309, Status: 0, Hazard: 0, Weather: 0, Cleric: 0, Screen: 0, Pass: 0",None
TANGELA,B-,All-Rounder,"Ancient Power: 2999 (16.2%), Growth: 2377 (12.9%), Vine Whip: 2306 (12.5%), Bind: 2187 (11.8%), Absorb: 1941 (10.5%), Slam: 1707 (9.2%), Stun Spore: 1586 (8.6%), Mega Drain: 1329 (7.2%), Sleep Powder: 1162 (6.3%), Poison Powder: 438 (2.4%), Giga Drain: 314 (1.7%), Ingrain: 78 (0.4%), Natural Gift: 60 (0.3%), Knock Off: 12 (0.1%)",3280,2451,1.34,807,1.67,5.54,2.63,719,2090,741,288,-3.31,3948,"Magikarp: 165, Bellsprout: 85, Geodude: 84","Magmar: 61, Graveler: 50, Seaking: 48",1,"Damage: 780, Status: 288, Hazard: 0, Weather: 0, Cleric: 0, Screen: 0, Pass: 0",None
TANGROWTH,A,All-Rounder,"Ancient Power: 1523 (32.4%), Mega Drain: 1261 (26.8%), Stun Spore: 1054 (22.4%), Wring Out: 341 (7.3%), Power Whip: 238 (5.1%), Slam: 226 (4.8%), Knock Off: 34 (0.7%), Tickle: 21 (0.4%)",1225,558,2.2,250,2.64,5.38,2.59,202,426,236,169,0.65,1188,"Seaking: 90, Poliwhirl: 45, Quagsire: 41","Magmar: 19, Weezing: 16, Golduck: 16",0,"Damage: 231, Status: 125, Hazard: 0, Weather: 0, Cleric: 0, Screen: 0, Pass: 0",None
TAUROS,C+,All-Rounder,"Zen Headbutt: 1371 (37.5%), Take Down: 892 (24.4%), Payback: 490 (13.4%), Rest: 342 (9.4%), Pursuit: 187 (5.1%), Thunder: 123 (3.4%), Fire Blast: 105 (2.9%), Surf: 104 (2.8%), Scary Face: 38 (1.0%), Struggle: 1 (0.0%)",1105,753,1.47,132,1.64,4.46,2.05,154,383,216,197,-0.05,1367,"Seaking: 30, Beedrill: 28, Quagsire: 24","Rapidash: 23, Seadra: 22, Butterfree: 22",0,"Damage: 132, Status: 3, Hazard: 0, Weather: 0, Cleric: 0, Screen: 0, Pass: 0",None
TEDDIURSA,D+,Defender,"Slash: 12642 (29.8%), Rest: 8392 (19.8%), Charm: 8147 (19.2%), Snore: 4099 (9.7%), Faint Attack: 3229 (7.6%), Sweet Scent: 2397 (5.7%), Fury Swipes: 1888 (4.5%), Fake Tears: 1381 (3.3%), Lick: 206 (0.5%), Struggle: 1 (0.0%)",7508,7877,0.95,1732,1.17,5.9,3.46,2050,1096,2142,52,6.94,10383,"Magikarp: 381, Geodude: 210, Bellsprout: 193","Graveler: 223, Butterfree: 208, Seaking: 193",0,"Damage: 1732, Status: 0, Hazard: 0, Weather: 0, Cleric: 0, Screen: 0, Pass: 0",None
TENTACOOL,F+,Defender,"Constrict: 4894 (28.6%), Acid: 4642 (27.2%), Bubble Beam: 2074 (12.1%), Toxic Spikes: 1761 (10.3%), Supersonic: 1721 (10.1%), Barrier: 510 (3.0%), Water Pulse: 504 (2.9%), Poison Jab: 496 (2.9%), Screech: 488 (2.9%)",1329,7293,0.18,1055,0.33,6.79,3.52,699,1072,947,1251,3.46,4248,"Magikarp: 94, Pidgey: 57, Bellsprout: 54","Seaking: 154, Quagsire: 139, Magmar: 120",7,"Damage: 953, Status: 314, Hazard: 235, Weather: 0, Cleric: 0, Screen: 0, Pass: 0",None
TENTACRUEL,A-,All-Rounder,"Poison Jab: 7421 (24.5%), Screech: 5569 (18.4%), Water Pulse: 5466 (18.0%), Barrier: 4495 (14.8%), Hydro Pump: 1934 (6.4%), Wring Out: 1661 (5.5%), Wrap: 1454 (4.8%), Bubble Beam: 695 (2.3%), Constrict: 693 (2.3%), Acid: 676 (2.2%), Toxic Spikes: 254 (0.8%)",7159,3467,2.06,988,2.35,5.45,2.86,1174,1720,1082,1998,1.68,7050,"Butterfree: 181, Seaking: 156, Magmar: 155","Quagsire: 116, Graveler: 92, Seaking: 86",6,"Damage: 988, Status: 418, Hazard: 3, Weather: 0, Cleric: 0, Screen: 0, Pass: 0",None
TORKOAL,S,Attacker,"Body Slam: 2384 (34.7%), Iron Tail: 2281 (33.2%), Iron Defense: 1631 (23.8%), Overheat: 568 (8.3%)",2168,428,5.07,25,5.12,5.94,3.88,264,689,282,688,-1.9,1343,"Magikarp: 58, Magnemite: 45, Butterfree: 44","Seadra: 23, Quagsire: 12, Tentacruel: 12",0,"Damage: 25, Status: 6, Hazard: 0, Weather: 0, Cleric: 0, Screen: 0, Pass: 0",None
TOTODILE,F-,Attacker,"Leer: 1017 (50.2%), Scratch: 1003 (49.5%), Struggle: 6 (0.3%)",62,1085,0.06,1,0.06,2.88,1.38,61,72,112,0,4.72,1111,"Caterpie: 15, Rattata: 6, Hoppip: 4","Koffing: 19, Onix: 18, Seaking: 17",0,"Damage: 1, Status: 0, Hazard: 0, Weather: 0, Cleric: 0, Screen: 0, Pass: 0",None
UMBREON,S,Attacker / Disrupter,"Dark Pulse: 3220 (49.5%), Confuse Ray: 1322 (20.3%), Shadow Ball: 1005 (15.4%), Last Resort: 962 (14.8%)",2003,397,5.05,139,5.4,5.57,2.05,277,106,162,505,5.0,1284,"Magikarp: 58, Koffing: 51, Seaking: 37","Tentacruel: 12, Golduck: 12, Quagsire: 12",0,"Damage: 130, Status: 108, Hazard: 0, Weather: 0, Cleric: 0, Screen: 0, Pass: 0",None
URSARING,S-,Attacker,"Rest: 2579 (23.9%), Scary Face: 2467 (22.8%), Thrash: 2357 (21.8%), Slash: 1512 (14.0%), Sweet Scent: 1398 (12.9%), Snore: 485 (4.5%)",2941,821,3.58,187,3.81,7.3,3.94,306,421,455,0,3.02,2222,"Seaking: 70, Magikarp: 59, Butterfree: 52","Graveler: 29, Butterfree: 19, Sudowoodo: 18",0,"Damage: 187, Status: 0, Hazard: 0, Weather: 0, Cleric: 0, Screen: 0, Pass: 0",None
VAPOREON,A-,Attacker,"Surf: 3015 (27.5%), Quick Attack: 2218 (20.2%), Water Gun: 2097 (19.1%), Aurora Beam: 1872 (17.1%), Sand Attack: 793 (7.2%), Bite: 585 (5.3%), Last Resort: 334 (3.0%), Helping Hand: 53 (0.5%)",3393,1604,2.12,272,2.28,4.64,1.96,623,208,1204,272,13.35,3220,"Magmar: 89, Butterfree: 84, Graveler: 81","Seaking: 54, Quagsire: 49, Golduck: 37",1,"Damage: 272, Status: 0, Hazard: 0, Weather: 0, Cleric: 0, Screen: 0, Pass: 0",None
VENOMOTH,A,Attacker / Disrupter,"Leech Life: 2425 (21.3%), Confusion: 2356 (20.7%), Disable: 1787 (15.7%), Supersonic: 1638 (14.4%), Signal Beam: 825 (7.3%), Gust: 798 (7.0%), Psychic: 789 (6.9%), Poison Fang: 753 (6.6%)",2526,1001,2.52,202,2.73,6.13,2.81,464,1222,418,369,-2.84,2158,"Magikarp: 61, Butterfree: 58, Voltorb: 54","Seaking: 35, Magmar: 35, Graveler: 23",0,"Damage: 202, Status: 146, Hazard: 0, Weather: 0, Cleric: 0, Screen: 0, Pass: 0",None
VENONAT,D-,Disrupter,"Signal Beam: 2498 (24.2%), Psybeam: 2479 (24.1%), Confusion: 1684 (16.3%), Supersonic: 898 (8.7%), Sleep Powder: 750 (7.3%), Stun Spore: 739 (7.2%), Foresight: 673 (6.5%), Poison Powder: 586 (5.7%)",1437,1783,0.81,258,0.95,5.17,2.18,382,432,344,530,2.92,2415,"Magikarp: 105, Bellsprout: 60, Geodude: 46","Graveler: 48, Seaking: 46, Butterfree: 38",0,"Damage: 243, Status: 240, Hazard: 0, Weather: 0, Cleric: 0, Screen: 0, Pass: 0",None
VENUSAUR,A-,All-Rounder,"Petal Dance: 1910 (31.2%), Solar Beam: 1209 (19.8%), Double Edge: 1147 (18.7%), Sludge Bomb: 380 (6.2%), Leech Seed: 376 (6.1%), Worry Seed: 358 (5.9%), Synthesis: 315 (5.1%), Sleep Powder: 308 (5.0%), Toxic: 110 (1.8%), Struggle: 5 (0.1%)",1726,872,1.98,241,2.26,4.93,2.35,235,248,229,62,3.43,1837,"Butterfree: 48, Seaking: 43, Electrode: 37","Magmar: 53, Butterfree: 44, Noctowl: 31",0,"Damage: 227, Status: 119, Hazard: 0, Weather: 0, Cleric: 0, Screen: 0, Pass: 0",None
VICTREEBEL,S-,All-Rounder,"Razor Leaf: 8648 (30.8%), Acid: 4066 (14.5%), Sludge Bomb: 2848 (10.2%), Leaf Blade: 2663 (9.5%), Giga Drain: 1883 (6.7%), Leaf Storm: 1593 (5.7%), Toxic: 1370 (4.9%), Sweet Scent: 1229 (4.4%), Sleep Powder: 1142 (4.1%), Vine Whip: 1066 (3.8%), Protect: 1014 (3.6%), Wrap: 532 (1.9%)",10385,3744,2.77,2838,3.53,3.73,1.57,2130,1340,746,648,5.33,8933,"Magikarp: 352, Seaking: 242, Graveler: 225","Magmar: 152, Rapidash: 120, Butterfree: 93",0,"Damage: 2644, Status: 881, Hazard: 0, Weather: 0, Cleric: 0, Screen: 0, Pass: 0",None
VILEPLUME,A+,Disrupter,"Mega Drain: 9170 (29.9%), Stun Spore: 5899 (19.2%), Petal Dance: 3197 (10.4%), Aromatherapy: 3170 (10.3%), Giga Drain: 2588 (8.4%), Drain Punch: 2188 (7.1%), Poison Powder: 1832 (6.0%), Attract: 961 (3.1%), Solar Beam: 644 (2.1%), Sludge Bomb: 580 (1.9%), Sunny Day: 231 (0.8%), Toxic: 128 (0.4%), Moonlight: 108 (0.4%), Struggle: 20 (0.1%)",6531,2815,2.32,2101,3.07,5.47,2.54,1087,2598,1078,94,-1.39,6807,"Magikarp: 224, Seaking: 208, Magnemite: 151","Magmar: 109, Rapidash: 85, Butterfree: 63",0,"Damage: 1741, Status: 1307, Hazard: 0, Weather: 1, Cleric: 5, Screen: 0, Pass: 0",None
VOLBEAT,D+,Attacker,"Protect: 1225 (35.0%), Zen Headbutt: 1112 (31.8%), Bug Buzz: 1054 (30.1%), Helping Hand: 106 (3.0%)",629,554,1.14,52,1.23,5.4,1.92,116,141,102,219,2.59,870,"Butterfree: 20, Gastly: 18, Seadra: 18","Butterfree: 24, Magmar: 15, Seaking: 14",0,"Damage: 52, Status: 0, Hazard: 0, Weather: 0, Cleric: 0, Screen: 0, Pass: 0",None
VOLTORB,E-,Defender,"Rollout: 8769 (18.1%), Charge: 6382 (13.2%), Swift: 6123 (12.7%), Charge Beam: 5004 (10.3%), Sonic Boom: 3762 (7.8%), Tackle: 3454 (7.1%), Spark: 2949 (6.1%), Selfdestruct: 2929 (6.1%), Magnet Rise: 2681 (5.5%), Light Screen: 2434 (5.0%), Screech: 2355 (4.9%), Gyro Ball: 1075 (2.2%), Shock Wave: 344 (0.7%), Struggle: 140 (0.3%)",6062,17730,0.34,1985,0.45,6.14,3.16,1799,3001,1928,3693,1.38,9942,"Magikarp: 293, Bellsprout: 156, Magnemite: 130","Seaking: 356, Quagsire: 324, Magmar: 306",21,"Damage: 1944, Status: 485, Hazard: 0, Weather: 0, Cleric: 0, Screen: 33, Pass: 0",None
VULPIX,E-,All-Rounder,"Tail Whip: 2659 (23.7%), Quick Attack: 1637 (14.6%), Roar: 1584 (14.1%), Ember: 1225 (10.9%), Grudge: 1026 (9.1%), Extrasensory: 763 (6.8%), Will O Wisp: 682 (6.1%), Fire Blast: 672 (6.0%), Payback: 525 (4.7%), Fire Spin: 307 (2.7%), Captivate: 107 (1.0%), Struggle: 54 (0.5%)",914,3209,0.28,459,0.43,4.16,1.75,324,564,387,194,1.36,3793,"Bellsprout: 64, Magmar: 44, Haunter: 41","Quagsire: 64, Qwilfish: 58, Seaking: 56",3,"Damage: 456, Status: 116, Hazard: 0, Weather: 0, Cleric: 0, Screen: 0, Pass: 0",None
WARTORTLE,F+,All-Rounder,"Bite: 3329 (29.9%), Water Gun: 2990 (26.9%), Protect: 2763 (24.8%), Rapid Spin: 766 (6.9%), Tail Whip: 636 (5.7%), Hydro Pump: 314 (2.8%), Swagger: 207 (1.9%), Ice Beam: 114 (1.0%)",1010,3416,0.3,301,0.38,5.57,2.52,466,300,522,847,5.97,3137,"Magnemite: 31, Graveler: 27, Seaking: 27","Seaking: 103, Butterfree: 63, Gyarados: 60",1,"Damage: 295, Status: 43, Hazard: 0, Weather: 0, Cleric: 0, Screen: 0, Pass: 0",None
WEEDLE,F+,All-Rounder,"Poison Sting: 4455 (45.6%), String Shot: 3926 (40.2%), Bug Bite: 1377 (14.1%), Struggle: 6 (0.1%)",426,4426,0.1,849,0.29,3.57,1.66,343,486,542,1145,3.39,4685,"Magikarp: 56, Bellsprout: 45, Caterpie: 22","Goldeen: 74, Magmar: 74, Seaking: 72",0,"Damage: 849, Status: 336, Hazard: 0, Weather: 0, Cleric: 0, Screen: 0, Pass: 0",None
WEEPINBELL,C-,All-Rounder,"Sweet Scent: 4969 (34.8%), Razor Leaf: 4283 (30.0%), Gastro Acid: 2487 (17.4%), Acid: 2400 (16.8%), Knock Off: 140 (1.0%), Struggle: 3 (0.0%)",2199,2594,0.85,1004,1.23,5.27,2.79,646,373,631,177,6.16,3505,"Magikarp: 113, Bellsprout: 65, Voltorb: 51","Magmar: 60, Farfetchd: 58, Butterfree: 57",2,"Damage: 1004, Status: 0, Hazard: 0, Weather: 0, Cleric: 0, Screen: 0, Pass: 0",None
WEEZING,C+,All-Rounder,"Double Hit: 8991 (35.4%), Sludge: 6745 (26.5%), Sludge Bomb: 1938 (7.6%), Explosion: 1853 (7.3%), Smoke Screen: 1751 (6.9%), Assurance: 1555 (6.1%), Haze: 909 (3.6%), Flamethrower: 864 (3.4%), Selfdestruct: 555 (2.2%), Thunder: 250 (1.0%)",7340,5372,1.37,1121,1.58,4.41,2.17,1314,1298,1946,1582,7.1,7788,"Seaking: 190, Magikarp: 150, Butterfree: 149","Golduck: 98, Quagsire: 95, Graveler: 78",9,"Damage: 1121, Status: 413, Hazard: 0, Weather: 0, Cleric: 0, Screen: 0, Pass: 0",None
WHISMUR,F-,Attacker,"Screech: 4879 (35.5%), Roar: 3326 (24.2%), Rest: 3050 (22.2%), Sleep Talk: 2392 (17.4%), Struggle: 78 (0.6%)",66,1066,0.06,0,0.06,16.78,10.23,5,1187,613,0,-3.97,1122,"Magikarp: 24, Geodude: 8, Bellsprout: 5","Seaking: 23, Magmar: 19, Graveler: 19",0,"Damage: 0, Status: 0, Hazard: 0, Weather: 0, Cleric: 0, Screen: 0, Pass: 0",None
WIGGLYTUFF,E,Disrupter,"Defense Curl: 8693 (27.6%), Disable: 7630 (24.2%), Sing: 6163 (19.6%), Double Slap: 4766 (15.1%), Pound: 4183 (13.3%), Struggle: 58 (0.2%)",988,3043,0.32,754,0.57,10.51,3.96,457,5857,942,0,-13.74,3540,"Magikarp: 126, Bellsprout: 59, Pidgey: 43","Seaking: 57, Butterfree: 55, Graveler: 49",0,"Damage: 681, Status: 518, Hazard: 0, Weather: 0, Cleric: 0, Screen: 0, Pass: 0",None
WINGULL,C-,All-Rounder,"Aerial Ace: 1979 (31.6%), Pursuit: 1902 (30.4%), Agility: 1502 (24.0%), Roost: 882 (14.1%)",865,924,0.94,415,1.39,5.53,2.98,244,15,259,0,7.48,1279,"Magikarp: 56, Bellsprout: 35, Geodude: 24","Seaking: 25, Butterfree: 24, Victreebel: 18",0,"Damage: 415, Status: 0, Hazard: 0, Weather: 0, Cleric: 0, Screen: 0, Pass: 0",None
WOOPER,F+,Attacker,"Water Gun: 2583 (29.8%), Mud Shot: 2007 (23.2%), Tail Whip: 1390 (16.0%), Slam: 1215 (14.0%), Mud Bomb: 837 (9.7%), Mud Sport: 606 (7.0%), Struggle: 29 (0.3%)",685,2004,0.34,20,0.35,4.94,1.85,336,1236,520,1675,-3.88,2285,"Magikarp: 77, Geodude: 40, Bellsprout: 38","Seaking: 36, Koffing: 35, Sandslash: 32",0,"Damage: 20, Status: 0, Hazard: 0, Weather: 0, Cleric: 0, Screen: 0, Pass: 0",None
XATU,A-,Defender,"Wish: 10724 (24.3%), Me First: 10288 (23.3%), Future Sight: 6772 (15.3%), Fly: 6254 (14.2%), Tailwind: 4155 (9.4%), Confuse Ray: 2251 (5.1%), Ominous Wind: 1980 (4.5%), Psycho Shift: 758 (1.7%), Psychic: 550 (1.2%), Night Shade: 365 (0.8%), Struggle: 52 (0.1%)",3740,3454,1.08,4447,2.37,7.96,3.6,600,679,3843,426,7.78,6287,"Magikarp: 201, Bellsprout: 109, Koffing: 89","Seaking: 110, Magmar: 82, Seadra: 78",0,"Damage: 4072, Status: 1160, Hazard: 0, Weather: 0, Cleric: 249, Screen: 0, Pass: 0",None
YANMA,E-,All-Rounder,"Pursuit: 1324 (36.9%), Detect: 996 (27.7%), Uproar: 921 (25.6%), Supersonic: 350 (9.7%)",254,752,0.34,50,0.4,5.33,1.72,133,185,112,0,1.62,890,"Gloom: 11, Machoke: 9, Qwilfish: 8","Seaking: 22, Magmar: 19, Butterfree: 18",0,"Damage: 46, Status: 14, Hazard: 0, Weather: 0, Cleric: 0, Screen: 0, Pass: 0",None
YANMEGA,B,All-Rounder,"Pursuit: 954 (29.5%), Ancient Power: 611 (18.9%), Uproar: 561 (17.3%), Slash: 461 (14.3%), Air Slash: 262 (8.1%), Supersonic: 210 (6.5%), U Turn: 113 (3.5%), Screech: 63 (1.9%)",749,520,1.44,259,1.94,4.7,1.73,224,168,106,68,4.5,968,"Butterfree: 43, Skiploom: 35, Farfetchd: 25","Parasect: 20, Magmar: 18, Flareon: 17",0,"Damage: 257, Status: 38, Hazard: 0, Weather: 0, Cleric: 0, Screen: 0, Pass: 0",None
ZIGZAGOON,C+,All-Rounder,"Iron Tail: 2805 (33.9%), Secret Power: 2627 (31.7%), Belly Drum: 1496 (18.1%), Rest: 970 (11.7%), Flail: 323 (3.9%), Return: 58 (0.7%)",2070,1670,1.24,408,1.48,4.07,2.03,327,774,331,362,-1.37,2548,"Magikarp: 110, Geodude: 59, Bellsprout: 58","Graveler: 47, Seaking: 40, Butterfree: 34",0,"Damage: 408, Status: 0, Hazard: 0, Weather: 0, Cleric: 0, Screen: 0, Pass: 0",None
ZUBAT,F,Disrupter,"Leech Life: 2330 (32.8%), Supersonic: 1979 (27.8%), Astonish: 1237 (17.4%), Wing Attack: 1187 (16.7%), Bite: 375 (5.3%), Struggle: 4 (0.1%)",389,3040,0.13,251,0.21,4.31,1.59,336,1127,959,428,2.24,3265,"Bellsprout: 32, Magikarp: 22, Gastly: 20","Seaking: 53, Butterfree: 47, Koffing: 47",1,"Damage: 234, Status: 150, Hazard: 0, Weather: 0, Cleric: 0, Screen: 0, Pass: 0",None
