Species,Tier,Role,Global_Move_Usage,Total_KOs,Total_Deaths,Global_KDR,Total_Assists,KDA,Global_Average_Lifespan_Turns,Average_Hits_Taken,Critical_Hits,Missed_Attacks,Dodged_Attacks,Secondary_Effect_Procs,Luck_Score,Games_Seen,Most_KOs_Against,Killed_Most_By,Switch_In_Casualties,Assist_Breakdown,Mimic_Move_Usage
ABOMASNOW,S+,Weather,"Ice Shard: 1441 (46.5%), Blizzard: 863 (27.8%), Wood Hammer: 490 (15.8%), Earthquake: 305 (9.8%)",2733,112,24.4,365,27.66,2.44,0.33,200,14,28,0,6.84,1331,"Koffing: 74, Magikarp: 58, Rattata: 54","Gengar: 9, Arcanine: 6, Scizor: 6",0,"Damage: 149, Status: 0, Hazard: 0, Weather: 355, Cleric: 0, Screen: 0, Pass: 0",None
ABRA,F-,Disrupter,"Flash: 5859 (61.6%), Teleport: 3566 (37.5%), Struggle: 88 (0.9%)",18,2656,0.01,98,0.04,9.67,2.66,3,227,4533,0,30.68,1465,"Caterpie: 7, Bellsprout: 3, Magikarp: 2","Koffing: 68, Sandslash: 37, Rattata: 37",2,"Damage: 26, Status: 75, Hazard: 0, Weather: 0, Cleric: 0, Screen: 0, Pass: 0",None
ABSOL,S-,Attacker,"Night Slash: 1658 (43.0%), Quick Attack: 1178 (30.5%), Psycho Cut: 651 (16.9%), Slash: 307 (8.0%), Detect: 35 (0.9%), Perish Song: 27 (0.7%)",2430,392,6.2,239,6.81,2.97,0.87,746,39,81,0,20.02,1444,"Koffing: 70, Magikarp: 58, Rattata: 54","Arcanine: 12, Graveler: 12, Skarmory: 11",0,"Damage: 239, Status: 0, Hazard: 0, Weather: 0, Cleric: 0, Screen: 0, Pass: 0",None
AERODACTYL,A-,All-Rounder,"Rock Slide: 248 (45.6%), Thunder Fang: 86 (15.8%), Crunch: 74 (13.6%), Aerial Ace: 73 (13.4%), Earthquake: 47 (8.6%), Roar: 16 (2.9%)",243,139,1.75,77,2.3,3.82,1.38,26,44,18,41,-1.64,232,"Seaking: 16, Alakazam: 12, Golbat: 11","Alakazam: 7, Dragonite: 6, Machamp: 6",1,"Damage: 77, Status: 2, Hazard: 0, Weather: 0, Cleric: 0, Screen: 0, Pass: 0",None
AIPOM,D-,All-Rounder,"Double Hit: 2941 (30.0%), Nasty Plot: 1790 (18.3%), Swift: 1546 (15.8%), Fling: 1361 (13.9%), Agility: 1247 (12.7%), Screech: 510 (5.2%), Fury Swipes: 405 (4.1%), Struggle: 4 (0.0%)",1476,1972,0.75,392,0.95,4.68,2.21,369,574,405,0,1.96,2586,"Zubat: 63, Rattata: 60, Magikarp: 57","Seaking: 41, Butterfree: 38, Sneasel: 36",0,"Damage: 392, Status: 0, Hazard: 0, Weather: 0, Cleric: 0, Screen: 0, Pass: 0",None
ALAKAZAM,S-,Attacker / Support,"Psychic: 6521 (47.3%), Focus Blast: 2219 (16.1%), Reflect: 1563 (11.3%), Calm Mind: 1453 (10.5%), Energy Ball: 1164 (8.4%), Recover: 343 (2.5%), Disable: 318 (2.3%), Gravity: 131 (1.0%), Charge Beam: 56 (0.4%), Skill Swap: 15 (0.1%)",7264,1441,5.04,467,5.37,3.42,1.04,520,913,323,211,-0.5,5153,"Koffing: 186, Golbat: 140, Weezing: 130","Sneasel: 58, Gyarados: 53, Gengar: 40",3,"Damage: 359, Status: 61, Hazard: 0, Weather: 0, Cleric: 0, Screen: 93, Pass: 0",None
ALTARIA,D+,All-Rounder,"Double Team: 18 (48.6%), Dragon Breath: 13 (35.1%), Perish Song: 5 (13.5%), Hyper Beam: 1 (2.7%)",3,9,0.33,8,1.22,5.27,2.18,1,0,10,1,19.15,11,"Dragonite: 2, Blastoise: 1","Gyarados: 2, Milotic: 1, Snorlax: 1",0,"Damage: 8, Status: 0, Hazard: 0, Weather: 0, Cleric: 0, Screen: 0, Pass: 0",None
AMBIPOM,A,All-Rounder,"Double Hit: 12013 (61.1%), Nasty Plot: 7120 (36.2%), Last Resort: 263 (1.3%), Fling: 243 (1.2%), Struggle: 24 (0.1%)",4988,2264,2.2,1156,2.71,4.87,2.24,651,1410,525,0,-1.16,4508,"Magikarp: 171, Rattata: 162, Koffing: 140","Graveler: 61, Gyarados: 50, Seaking: 47",0,"Damage: 1156, Status: 0, Hazard: 0, Weather: 0, Cleric: 0, Screen: 0, Pass: 0",None
AMPHAROS,B+,Attacker,"Signal Beam: 3324 (31.9%), Discharge: 2668 (25.6%), Thunder Wave: 1730 (16.6%), Charge: 989 (9.5%), Thunder: 954 (9.2%), Cotton Spore: 305 (2.9%), Thunder Punch: 269 (2.6%), Power Gem: 178 (1.7%)",3097,1495,2.07,199,2.2,4.78,1.97,419,624,436,576,1.85,3163,"Seaking: 152, Quagsire: 68, Qwilfish: 63","Quagsire: 92, Golem: 56, Graveler: 36",0,"Damage: 172, Status: 100, Hazard: 0, Weather: 0, Cleric: 0, Screen: 0, Pass: 0",None
ARBOK,B,Defender,"Crunch: 15559 (32.1%), Mud Bomb: 8319 (17.2%), Glare: 5388 (11.1%), Stockpile: 4977 (10.3%), Screech: 4226 (8.7%), Acid: 1951 (4.0%), Gastro Acid: 1875 (3.9%), Spit Up: 1798 (3.7%), Gunk Shot: 1671 (3.4%), Swallow: 1365 (2.8%), Poison Jab: 581 (1.2%), Poison Sting: 427 (0.9%), Wrap: 364 (0.8%), Struggle: 4 (0.0%)",9912,6092,1.63,2911,2.1,5.45,2.63,1651,4793,2283,3712,-1.62,10426,"Magikarp: 341, Rattata: 301, Koffing: 253","Graveler: 183, Quagsire: 139, Seaking: 131",0,"Damage: 2760, Status: 1208, Hazard: 0, Weather: 0, Cleric: 0, Screen: 0, Pass: 0",None
ARCANINE,S,Attacker,"Extreme Speed: 6822 (45.3%), Fire Fang: 3203 (21.3%), Flare Blitz: 1702 (11.3%), Thunder Fang: 1388 (9.2%), Overheat: 701 (4.7%), Crunch: 618 (4.1%), Flamethrower: 436 (2.9%), Reversal: 71 (0.5%), Dragon Pulse: 57 (0.4%), Roar: 40 (0.3%), Odor Sleuth: 11 (0.1%)",8333,1117,7.46,744,8.13,3.53,1.17,902,486,320,680,5.01,4816,"Koffing: 230, Magnemite: 182, Magikarp: 173","Golem: 37, Feraligatr: 35, Graveler: 33",1,"Damage: 744, Status: 118, Hazard: 0, Weather: 0, Cleric: 0, Screen: 0, Pass: 0",None
ARIADOS,C+,All-Rounder,"Agility: 7009 (20.7%), Poison Jab: 5153 (15.2%), Sucker Punch: 4782 (14.1%), Fury Swipes: 4722 (13.9%), Spider Web: 3663 (10.8%), Psychic: 3447 (10.2%), Pin Missile: 3417 (10.1%), Giga Drain: 808 (2.4%), Bounce: 308 (0.9%), Night Shade: 182 (0.5%), Scary Face: 169 (0.5%), Swagger: 159 (0.5%), Baton Pass: 43 (0.1%), Toxic: 38 (0.1%), Struggle: 9 (0.0%)",7575,5371,1.41,1360,1.66,4.96,2.52,1705,2177,1420,861,2.62,8878,"Koffing: 192, Magikarp: 179, Rattata: 169","Magmar: 145, Seaking: 114, Rapidash: 105",6,"Damage: 1338, Status: 226, Hazard: 0, Weather: 0, Cleric: 0, Screen: 0, Pass: 3",None
AZUMARILL,A+,Attacker,"Double Edge: 6957 (22.0%), Aqua Tail: 4417 (14.0%), Rollout: 3345 (10.6%), Aqua Ring: 3045 (9.6%), Rain Dance: 2673 (8.4%), Bubble Beam: 2352 (7.4%), Waterfall: 2202 (7.0%), Dig: 1886 (6.0%), Water Pulse: 1779 (5.6%), Defense Curl: 1350 (4.3%), Aqua Jet: 994 (3.1%), Hydro Pump: 331 (1.0%), Superpower: 182 (0.6%), Attract: 125 (0.4%)",10902,3399,3.21,488,3.35,4.68,2.46,1259,1460,1942,596,5.19,8328,"Magnemite: 263, Koffing: 230, Butterfree: 223","Weezing: 89, Magneton: 69, Seaking: 63",0,"Damage: 488, Status: 15, Hazard: 0, Weather: 0, Cleric: 0, Screen: 0, Pass: 0",None
BAYLEEF,E,Disrupter / Support,"Synthesis: 1985 (23.2%), Reflect: 1980 (23.1%), Razor Leaf: 1596 (18.6%), Magical Leaf: 1564 (18.3%), Poison Powder: 1431 (16.7%), Struggle: 4 (0.0%)",843,2024,0.42,522,0.67,5.43,2.9,248,611,512,0,1.64,2554,"Magikarp: 66, Geodude: 43, Rattata: 37","Seaking: 47, Graveler: 41, Magmar: 39",4,"Damage: 370, Status: 293, Hazard: 0, Weather: 0, Cleric: 0, Screen: 53, Pass: 0",None
BEEDRILL,C-,All-Rounder,"Assurance: 13148 (23.6%), Poison Jab: 12960 (23.2%), Endeavor: 12680 (22.7%), Agility: 11565 (20.7%), Fury Attack: 2542 (4.6%), Bug Bite: 1123 (2.0%), Focus Energy: 638 (1.1%), Pin Missile: 577 (1.0%), Twineedle: 482 (0.9%), Struggle: 53 (0.1%)",10668,9311,1.15,2769,1.44,5.13,2.53,2272,1633,2168,1764,4.79,14018,"Magikarp: 309, Rattata: 308, Voltorb: 284","Graveler: 241, Magmar: 226, Seaking: 225",24,"Damage: 2769, Status: 581, Hazard: 0, Weather: 0, Cleric: 0, Screen: 0, Pass: 0",None
BELLOSSOM,D,Disrupter,"Magical Leaf: 7324 (29.3%), Sweet Scent: 5633 (22.5%), Stun Spore: 4374 (17.5%), Sunny Day: 3178 (12.7%), Mega Drain: 2526 (10.1%), Acid: 812 (3.2%), Solar Beam: 607 (2.4%), Giga Drain: 411 (1.6%), Synthesis: 89 (0.4%), Attract: 46 (0.2%), Struggle: 12 (0.0%)",3367,3803,0.89,914,1.13,5.86,2.77,709,1273,923,76,1.41,5524,"Magikarp: 113, Rattata: 94, Magnemite: 89","Magmar: 100, Golbat: 100, Gyarados: 64",0,"Damage: 747, Status: 549, Hazard: 0, Weather: 10, Cleric: 0, Screen: 0, Pass: 0",None
BELLSPROUT,F-,All-Rounder,"Vine Whip: 20041 (69.5%), Growth: 3356 (11.6%), Razor Leaf: 2542 (8.8%), Gastro Acid: 1454 (5.0%), Sweet Scent: 832 (2.9%), Struggle: 486 (1.7%), Knock Off: 112 (0.4%)",1841,19377,0.1,623,0.13,4.66,2.58,1502,1174,1859,0,7.13,10956,"Magikarp: 180, Rattata: 160, Bellsprout: 156","Koffing: 365, Rattata: 291, Gyarados: 281",50,"Damage: 623, Status: 0, Hazard: 0, Weather: 0, Cleric: 0, Screen: 0, Pass: 0",None
BIBAREL,B+,Defender,"Surf: 252 (44.3%), Double Team: 135 (23.7%), Ice Beam: 96 (16.9%), Charge Beam: 86 (15.1%)",166,93,1.78,41,2.23,5.44,1.81,32,20,205,57,28.15,159,"Magmar: 11, Gengar: 7, Flareon: 6","Dragonite: 6, Machamp: 6, Alakazam: 5",0,"Damage: 41, Status: 0, Hazard: 0, Weather: 0, Cleric: 0, Screen: 0, Pass: 0",None
BIDOOF,E+,Attacker,"Take Down: 1701 (29.7%), Super Fang: 1669 (29.2%), Superpower: 1480 (25.9%), Amnesia: 864 (15.1%), Struggle: 4 (0.1%)",949,1092,0.87,36,0.9,4.74,2.7,224,677,237,0,-3.63,1474,"Magikarp: 54, Rattata: 48, Bellsprout: 32","Koffing: 28, Seaking: 23, Graveler: 22",0,"Damage: 36, Status: 0, Hazard: 0, Weather: 0, Cleric: 0, Screen: 0, Pass: 0",None
BLASTOISE,B+,Attacker,"Surf: 1545 (47.8%), Aqua Tail: 764 (23.6%), Rain Dance: 558 (17.3%), Bite: 317 (9.8%), Focus Blast: 25 (0.8%), Blizzard: 14 (0.4%), Hydro Cannon: 6 (0.2%), Flash Cannon: 2 (0.1%)",1093,511,2.14,24,2.19,4.81,2.09,166,181,103,62,2.68,983,"Koffing: 43, Pikachu: 40, Graveler: 34","Quagsire: 18, Seaking: 15, Weezing: 14",0,"Damage: 24, Status: 0, Hazard: 0, Weather: 0, Cleric: 0, Screen: 0, Pass: 0",None
BRELOOM,D,All-Rounder,"Substitute: 103 (31.0%), Focus Punch: 101 (30.4%), Stone Edge: 78 (23.5%), Drain Punch: 31 (9.3%), Struggle: 19 (5.7%)",79,78,1.01,10,1.14,4.77,1.19,13,64,23,0,-7.89,109,"Onix: 5, Kabutops: 4, Raichu: 4","Crobat: 11, Alakazam: 9, Gengar: 4",0,"Damage: 10, Status: 0, Hazard: 0, Weather: 0, Cleric: 0, Screen: 0, Pass: 0",None
BRONZONG,S,Attacker,"Psychic: 2441 (46.8%), Payback: 1233 (23.7%), Gravity: 555 (10.6%), Reflect: 475 (9.1%), Hypnosis: 213 (4.1%), Dream Eater: 172 (3.3%), Gyro Ball: 124 (2.4%)",2744,204,13.45,144,14.16,4.2,1.84,266,137,96,36,3.93,1441,"Koffing: 81, Magikarp: 58, Rattata: 54","Magneton: 10, Sneasel: 8, Gengar: 8",0,"Damage: 133, Status: 25, Hazard: 0, Weather: 0, Cleric: 0, Screen: 14, Pass: 0",None
BRONZOR,C-,Defender,"Safeguard: 10813 (28.1%), Iron Defense: 6449 (16.8%), Faint Attack: 5740 (14.9%), Future Sight: 5679 (14.8%), Gyro Ball: 5181 (13.5%), Skill Swap: 4454 (11.6%), Struggle: 160 (0.4%)",980,2494,0.39,2484,1.39,12.86,8.13,670,278,1403,0,4.5,3359,"Magikarp: 56, Rattata: 52, Zubat: 35","Magmar: 56, Seaking: 50, Graveler: 49",0,"Damage: 2484, Status: 4, Hazard: 0, Weather: 0, Cleric: 0, Screen: 0, Pass: 0",None
BUDEW,B-,Attacker / Disrupter,"Nature Power: 1835 (31.0%), Sludge Bomb: 1650 (27.9%), Stun Spore: 1517 (25.7%), Giga Drain: 910 (15.4%)",1677,874,1.92,78,2.01,4.43,1.9,278,464,160,283,-0.22,1546,"Magikarp: 56, Rattata: 55, Koffing: 54","Seaking: 21, Magmar: 20, Graveler: 18",0,"Damage: 75, Status: 51, Hazard: 0, Weather: 0, Cleric: 0, Screen: 0, Pass: 0",None
BUIZEL,C,Attacker,"Aqua Jet: 2640 (57.9%), Swift: 1532 (33.6%), Agility: 300 (6.6%), Whirlpool: 84 (1.8%)",1316,898,1.47,48,1.52,3.48,1.55,244,68,144,0,6.81,1429,"Magikarp: 56, Rattata: 54, Zubat: 43","Graveler: 23, Seaking: 22, Koffing: 19",0,"Damage: 48, Status: 0, Hazard: 0, Weather: 0, Cleric: 0, Screen: 0, Pass: 0",None
BULBASAUR,D,All-Rounder,"Razor Leaf: 3138 (16.4%), Double Edge: 3056 (16.0%), Leech Seed: 1930 (10.1%), Take Down: 1903 (10.0%), Seed Bomb: 1693 (8.9%), Sludge Bomb: 1413 (7.4%), Growl: 1370 (7.2%), Worry Seed: 990 (5.2%), Vine Whip: 894 (4.7%), Tackle: 828 (4.3%), Synthesis: 781 (4.1%), Toxic: 511 (2.7%), Sleep Powder: 438 (2.3%), Poison Powder: 137 (0.7%), Struggle: 8 (0.0%)",3838,5147,0.75,2101,1.15,4.02,2.0,899,1530,957,201,1.65,6926,"Magikarp: 215, Rattata: 175, Zubat: 114","Seaking: 115, Magmar: 108, Butterfree: 104",11,"Damage: 1856, Status: 967, Hazard: 0, Weather: 0, Cleric: 0, Screen: 0, Pass: 0",None
BURMY,D+,Defender,"Protect: 1958 (28.7%), Bug Bite: 1701 (24.9%), Tackle: 1597 (23.4%), Hidden Power: 1562 (22.9%), Struggle: 3 (0.0%)",705,1138,0.62,769,1.3,5.69,2.43,261,195,212,0,3.95,1523,"Magikarp: 54, Rattata: 47, Geodude: 27","Butterfree: 34, Graveler: 28, Seaking: 26",0,"Damage: 769, Status: 0, Hazard: 0, Weather: 0, Cleric: 0, Screen: 0, Pass: 0",None
BUTTERFREE,D+,Defender,"Bug Buzz: 26055 (31.3%), Tailwind: 14936 (17.9%), Safeguard: 13605 (16.3%), Silver Wind: 7087 (8.5%), Captivate: 5946 (7.1%), Gust: 3573 (4.3%), Bug Bite: 3507 (4.2%), Supersonic: 2133 (2.6%), Stun Spore: 1794 (2.2%), Whirlwind: 1682 (2.0%), Psybeam: 1280 (1.5%), Confusion: 932 (1.1%), Sleep Powder: 690 (0.8%), Struggle: 19 (0.0%)",16628,15081,1.1,2825,1.29,5.45,2.65,2568,1377,2747,2198,4.62,19145,"Magnemite: 458, Magikarp: 423, Rattata: 420","Magmar: 409, Seaking: 395, Graveler: 360",31,"Damage: 2751, Status: 439, Hazard: 0, Weather: 0, Cleric: 0, Screen: 0, Pass: 0",None
CAMERUPT,C,All-Rounder,"Rock Slide: 298 (20.3%), Amnesia: 290 (19.8%), Earth Power: 256 (17.5%), Lava Plume: 253 (17.3%), Earthquake: 168 (11.5%), Solar Beam: 105 (7.2%), Eruption: 50 (3.4%), Sunny Day: 46 (3.1%)",549,420,1.31,106,1.56,3.36,1.48,74,93,89,107,4.85,803,"Magmar: 28, Rapidash: 17, Graveler: 17","Golem: 16, Starmie: 16, Gyarados: 16",1,"Damage: 106, Status: 16, Hazard: 0, Weather: 0, Cleric: 0, Screen: 0, Pass: 0",None
CARNIVINE,D-,All-Rounder,"Giga Drain: 885 (41.3%), Wring Out: 731 (34.1%), Ingrain: 323 (15.1%), Attract: 206 (9.6%)",340,430,0.79,103,1.03,5.01,2.16,88,64,64,0,3.98,642,"Seaking: 17, Qwilfish: 15, Koffing: 12","Magmar: 20, Golbat: 19, Seaking: 12",0,"Damage: 103, Status: 0, Hazard: 0, Weather: 0, Cleric: 0, Screen: 0, Pass: 0",None
CATERPIE,F-,All-Rounder,"Tackle: 6127 (54.0%), String Shot: 5195 (45.8%), Struggle: 17 (0.1%)",201,7974,0.03,142,0.04,5.17,2.56,350,1102,819,0,0.55,4050,"Bellsprout: 42, Caterpie: 40, Magikarp: 21","Rattata: 186, Koffing: 150, Magmar: 110",8,"Damage: 142, Status: 0, Hazard: 0, Weather: 0, Cleric: 0, Screen: 0, Pass: 0",None
CHARIZARD,A,All-Rounder,"Air Slash: 357 (44.2%), Flamethrower: 119 (14.7%), Fire Fang: 116 (14.4%), Shadow Claw: 94 (11.6%), Dragon Claw: 67 (8.3%), Flare Blitz: 39 (4.8%), Dragon Pulse: 11 (1.4%), Hyper Beam: 5 (0.6%)",366,158,2.32,116,3.05,4.4,1.42,37,53,41,63,2.26,298,"Victreebel: 16, Magneton: 15, Machamp: 14","Gengar: 12, Magneton: 9, Machamp: 8",0,"Damage: 116, Status: 6, Hazard: 0, Weather: 0, Cleric: 0, Screen: 0, Pass: 0",None
CHARMANDER,D-,All-Rounder,"Dragon Rage: 1756 (31.6%), Fire Fang: 1013 (18.3%), Smoke Screen: 713 (12.8%), Scary Face: 713 (12.8%), Slash: 477 (8.6%), Flamethrower: 451 (8.1%), Fire Spin: 426 (7.7%)",1447,1912,0.76,420,0.98,3.28,1.43,159,375,521,131,5.36,2534,"Koffing: 57, Magikarp: 55, Rattata: 46","Seaking: 45, Graveler: 43, Butterfree: 36",1,"Damage: 420, Status: 46, Hazard: 0, Weather: 0, Cleric: 0, Screen: 0, Pass: 0",None
CHARMELEON,D-,All-Rounder,"Ember: 2809 (18.0%), Fire Fang: 2743 (17.5%), Smoke Screen: 2527 (16.2%), Dragon Rage: 2192 (14.0%), Scary Face: 2185 (14.0%), Flamethrower: 1220 (7.8%), Growl: 1093 (7.0%), Slash: 799 (5.1%), Aerial Ace: 76 (0.5%), Struggle: 2 (0.0%)",3184,3852,0.83,695,1.01,3.92,1.6,518,808,1729,546,7.97,5666,"Magnemite: 110, Magikarp: 99, Rattata: 97","Seaking: 95, Graveler: 87, Golduck: 84",1,"Damage: 695, Status: 126, Hazard: 0, Weather: 0, Cleric: 0, Screen: 0, Pass: 0",None
CHATOT,B+,All-Rounder,"Uproar: 3512 (59.4%), Mimic: 961 (16.3%), Feather Dance: 960 (16.2%), Roost: 460 (7.8%), Struggle: 14 (0.2%), Growth: 3 (0.1%)",1662,867,1.92,224,2.18,4.69,2.26,223,64,277,5,7.04,1531,"Koffing: 82, Magikarp: 56, Rattata: 55","Graveler: 30, Seaking: 20, Sneasel: 17",0,"Damage: 219, Status: 6, Hazard: 0, Weather: 0, Cleric: 0, Screen: 0, Pass: 0","Curse: 46 (9.9%), Agility: 23 (4.9%), Amnesia: 16 (3.4%), Charge: 15 (3.2%), Wish: 15 (3.2%), Spark: 13 (2.8%), Double Team: 13 (2.8%), Sucker Punch: 12 (2.6%), Protect: 11 (2.4%), Rollout: 10 (2.1%), Slash: 9 (1.9%), Aqua Ring: 9 (1.9%), Disable: 9 (1.9%), Take Down: 8 (1.7%), Zen Headbutt: 8 (1.7%), Confuse Ray: 8 (1.7%), Safeguard: 8 (1.7%), Spite: 7 (1.5%), Wake Up Slap: 7 (1.5%), Air Cutter: 7 (1.5%), Mean Look: 7 (1.5%), Screech: 7 (1.5%), Reflect: 6 (1.3%), Lock On: 6 (1.3%), Dive: 6 (1.3%), Aerial Ace: 6 (1.3%), Silver Wind: 5 (1.1%), Follow Me: 5 (1.1%), Me First: 5 (1.1%), Meditate: 5 (1.1%), Double Slap: 5 (1.1%), Assurance: 5 (1.1%), Lucky Chant: 5 (1.1%), Yawn: 5 (1.1%), Wing Attack: 5 (1.1%), Defense Curl: 5 (1.1%), Fly: 5 (1.1%), Tackle: 4 (0.9%), Iron Defense: 4 (0.9%), Light Screen: 4 (0.9%), Bubble Beam: 4 (0.9%), Double Edge: 4 (0.9%), Rock Polish: 4 (0.9%), Gastro Acid: 4 (0.9%), Dragon Rush: 4 (0.9%), Dragon Breath: 4 (0.9%), Scary Face: 4 (0.9%), Sludge: 3 (0.6%), Stun Spore: 3 (0.6%), Swift: 3 (0.6%), Confusion: 3 (0.6%), Tri Attack: 3 (0.6%), Nasty Plot: 3 (0.6%), Cotton Spore: 3 (0.6%), Rest: 2 (0.4%), Poison Jab: 2 (0.4%), Bite: 2 (0.4%), False Swipe: 2 (0.4%), Psychic: 2 (0.4%), Stockpile: 2 (0.4%), Psybeam: 2 (0.4%), Acid: 2 (0.4%), Water Pulse: 2 (0.4%), Thrash: 2 (0.4%), Poison Fang: 2 (0.4%), Fire Punch: 2 (0.4%), Teeter Dance: 2 (0.4%), Growth: 2 (0.4%), Captivate: 2 (0.4%), Sweet Scent: 2 (0.4%), Super Fang: 2 (0.4%), Mega Drain: 1 (0.2%), Endeavor: 1 (0.2%), Leaf Blade: 1 (0.2%), Flail: 1 (0.2%), Substitute: 1 (0.2%), Ice Punch: 1 (0.2%), Leech Life: 1 (0.2%), Revenge: 1 (0.2%), Tailwind: 1 (0.2%), Charm: 1 (0.2%), Sunny Day: 1 (0.2%), Faint Attack: 1 (0.2%), Flamethrower: 1 (0.2%), Vine Whip: 1 (0.2%), Twister: 1 (0.2%), Feint: 1 (0.2%), Superpower: 1 (0.2%), Sing: 1 (0.2%), Dragon Rage: 1 (0.2%), Acupressure: 1 (0.2%), Swords Dance: 1 (0.2%), Crunch: 1 (0.2%), Present: 1 (0.2%), Flatter: 1 (0.2%)"
CHERRIM,A,All-Rounder,"Petal Dance: 2212 (45.4%), Take Down: 1167 (23.9%), Sunny Day: 762 (15.6%), Worry Seed: 736 (15.1%)",1487,750,1.98,528,2.69,4.33,2.01,164,267,172,0,1.37,1465,"Magikarp: 57, Rattata: 53, Zubat: 38","Golbat: 32, Magmar: 22, Sneasel: 18",0,"Damage: 526, Status: 0, Hazard: 0, Weather: 3, Cleric: 0, Screen: 0, Pass: 0",None
CHERUBI,D,Attacker,"Solar Beam: 2743 (46.4%), Take Down: 1446 (24.5%), Worry Seed: 865 (14.6%), Lucky Chant: 858 (14.5%)",1161,1056,1.1,30,1.13,4.77,2.71,159,365,229,0,0.37,1496,"Magikarp: 56, Rattata: 46, Pidgey: 45","Koffing: 26, Graveler: 25, Seaking: 25",0,"Damage: 30, Status: 0, Hazard: 0, Weather: 0, Cleric: 0, Screen: 0, Pass: 0",None
CHIKORITA,F-,Attacker,"Tackle: 3121 (52.6%), Growl: 2789 (47.0%), Struggle: 23 (0.4%)",119,2634,0.05,5,0.05,3.3,1.74,190,485,313,0,0.29,2673,"Bellsprout: 47, Caterpie: 16, Magikarp: 9","Koffing: 58, Rattata: 57, Sneasel: 36",0,"Damage: 5, Status: 0, Hazard: 0, Weather: 0, Cleric: 0, Screen: 0, Pass: 0",None
CHINCHOU,D,Attacker,"Discharge: 572 (32.4%), Bubble Beam: 533 (30.2%), Aqua Ring: 389 (22.0%), Signal Beam: 273 (15.4%)",490,460,1.07,34,1.14,3.96,1.67,74,69,87,140,4.67,714,"Koffing: 25, Graveler: 22, Seadra: 21","Quagsire: 17, Golduck: 13, Alakazam: 12",1,"Damage: 34, Status: 7, Hazard: 0, Weather: 0, Cleric: 0, Screen: 0, Pass: 0",None
CHINGLING,C+,All-Rounder,"Confusion: 2612 (63.4%), Uproar: 872 (21.2%), Astonish: 448 (10.9%), Last Resort: 188 (4.6%)",1223,1040,1.18,522,1.68,3.52,1.76,251,72,160,323,8.89,1523,"Magikarp: 56, Rattata: 53, Koffing: 47","Seaking: 34, Butterfree: 26, Golduck: 26",0,"Damage: 522, Status: 74, Hazard: 0, Weather: 0, Cleric: 0, Screen: 0, Pass: 0",None
CLAMPERL,C,Defender,"Whirlpool: 1975 (25.7%), Water Gun: 1970 (25.6%), Clamp: 1901 (24.7%), Iron Defense: 1841 (23.9%), Struggle: 5 (0.1%)",1217,895,1.36,140,1.52,6.36,3.95,255,1090,392,0,-5.48,1453,"Magikarp: 52, Rattata: 52, Koffing: 38","Seaking: 26, Butterfree: 23, Graveler: 16",0,"Damage: 140, Status: 0, Hazard: 0, Weather: 0, Cleric: 0, Screen: 0, Pass: 0",None
CLEFABLE,C-,Attacker,"Wake Up Slap: 6534 (16.7%), Metronome: 5835 (14.9%), Sing: 4908 (12.5%), Growl: 4587 (11.7%), Gravity: 3992 (10.2%), Double Slap: 3824 (9.8%), Moonlight: 2906 (7.4%), Encore: 2196 (5.6%), Blizzard: 2091 (5.3%), Thunder: 1838 (4.7%), Struggle: 337 (0.9%), Fire Blast: 62 (0.2%), Calm Mind: 60 (0.2%)",4973,3793,1.31,390,1.41,7.89,3.22,985,3953,964,187,-5.0,5870,"Rattata: 157, Magikarp: 157, Koffing: 126","Graveler: 64, Gyarados: 60, Koffing: 58",0,"Damage: 382, Status: 83, Hazard: 1, Weather: 3, Cleric: 0, Screen: 0, Pass: 0",None
CLEFAIRY,E+,Defender,"Double Slap: 6134 (15.1%), Sing: 5615 (13.8%), Meteor Mash: 4850 (11.9%), Metronome: 4850 (11.9%), Minimize: 4193 (10.3%), Gravity: 3646 (9.0%), Wake Up Slap: 2754 (6.8%), Light Screen: 2744 (6.7%), Encore: 2451 (6.0%), Moonlight: 2324 (5.7%), Mimic: 774 (1.9%), Struggle: 366 (0.9%)",3292,5007,0.66,572,0.77,7.68,3.19,944,4532,4729,1088,2.51,6470,"Magikarp: 183, Rattata: 163, Bellsprout: 126","Seaking: 89, Gyarados: 85, Koffing: 85",4,"Damage: 542, Status: 101, Hazard: 6, Weather: 12, Cleric: 0, Screen: 26, Pass: 0","Tackle: 78 (9.8%), Splash: 33 (4.2%), Curse: 27 (3.4%), Sucker Punch: 22 (2.8%), Rock Polish: 20 (2.5%), Water Gun: 20 (2.5%), Defense Curl: 20 (2.5%), Bite: 18 (2.3%), Quick Attack: 17 (2.1%), Rest: 15 (1.9%), Harden: 15 (1.9%), Minimize: 14 (1.8%), Rapid Spin: 13 (1.6%), Leer: 13 (1.6%), Disable: 13 (1.6%), Ember: 11 (1.4%), Gust: 11 (1.4%), Double Team: 10 (1.3%), Confusion: 10 (1.3%), Supersonic: 10 (1.3%), Sand Attack: 10 (1.3%), Icy Wind: 10 (1.3%), Wing Attack: 10 (1.3%), Scratch: 10 (1.3%), Camouflage: 10 (1.3%), String Shot: 9 (1.1%), Growl: 9 (1.1%), Growth: 9 (1.1%), Agility: 8 (1.0%), Spark: 8 (1.0%), Mud Slap: 8 (1.0%), Tail Whip: 8 (1.0%), Screech: 8 (1.0%), Pound: 8 (1.0%), Confuse Ray: 8 (1.0%), Ice Shard: 8 (1.0%), Hyper Fang: 8 (1.0%), Fury Attack: 7 (0.9%), Bubble: 7 (0.9%), Smoke Screen: 7 (0.9%), Peck: 7 (0.9%), Spite: 7 (0.9%), Aqua Ring: 7 (0.9%), Thunder Shock: 7 (0.9%), Scary Face: 6 (0.8%), Rollout: 6 (0.8%), Horn Attack: 6 (0.8%), Pursuit: 6 (0.8%), Smog: 6 (0.8%), Follow Me: 6 (0.8%), Assurance: 6 (0.8%), Headbutt: 6 (0.8%), Sonic Boom: 5 (0.6%), Thunder Wave: 5 (0.6%), Mean Look: 5 (0.6%), Meditate: 5 (0.6%), Take Down: 5 (0.6%), Acid: 5 (0.6%), Mud Sport: 5 (0.6%), Sludge: 5 (0.6%), Water Pulse: 4 (0.5%), Payback: 4 (0.5%), Protect: 4 (0.5%), Tailwind: 4 (0.5%), Focus Energy: 4 (0.5%), Pay Day: 4 (0.5%), Magnitude: 3 (0.4%), Sleep Powder: 3 (0.4%), Light Screen: 3 (0.4%), Sweet Scent: 3 (0.4%), Metal Sound: 3 (0.4%), Fury Swipes: 3 (0.4%), Vice Grip: 3 (0.4%), Present: 3 (0.4%), Bug Bite: 3 (0.4%), Safeguard: 3 (0.4%), Rain Dance: 3 (0.4%), Rage: 3 (0.4%), Bind: 3 (0.4%), Lock On: 2 (0.3%), Dragon Rage: 2 (0.3%), Vine Whip: 2 (0.3%), Wake Up Slap: 2 (0.3%), Zen Headbutt: 2 (0.3%), Glare: 2 (0.3%), Flail: 2 (0.3%), Mud Shot: 2 (0.3%), Bubble Beam: 2 (0.3%), Aurora Beam: 2 (0.3%), Amnesia: 2 (0.3%), Iron Defense: 2 (0.3%), Hydro Pump: 2 (0.3%), Toxic Spikes: 2 (0.3%), Spider Web: 1 (0.1%), Stun Spore: 1 (0.1%), Sandstorm: 1 (0.1%), Mega Drain: 1 (0.1%), Yawn: 1 (0.1%), Leech Life: 1 (0.1%), Aqua Tail: 1 (0.1%), Dragon Dance: 1 (0.1%), Worry Seed: 1 (0.1%), Magnet Rise: 1 (0.1%), Wrap: 1 (0.1%), Mind Reader: 1 (0.1%), Absorb: 1 (0.1%), Me First: 1 (0.1%), Double Edge: 1 (0.1%), Reflect: 1 (0.1%), Aromatherapy: 1 (0.1%), Faint Attack: 1 (0.1%), Uproar: 1 (0.1%), Thrash: 1 (0.1%), Hypnosis: 1 (0.1%), Endure: 1 (0.1%), Substitute: 1 (0.1%), Gastro Acid: 1 (0.1%), Sweet Kiss: 1 (0.1%), Twister: 1 (0.1%)"
CLOYSTER,C+,Hazards,"Aurora Beam: 11391 (33.2%), Protect: 7176 (20.9%), Spike Cannon: 5017 (14.6%), Spikes: 3064 (8.9%), Supersonic: 2648 (7.7%), Ice Shard: 1597 (4.7%), Water Pulse: 1594 (4.6%), Attract: 810 (2.4%), Toxic Spikes: 558 (1.6%), Withdraw: 467 (1.4%), Struggle: 9 (0.0%)",7671,5401,1.42,1260,1.65,4.97,2.14,1793,1652,1196,795,3.68,8941,"Koffing: 230, Magnemite: 155, Zubat: 154","Butterfree: 132, Magmar: 109, Magneton: 99",4,"Damage: 922, Status: 305, Hazard: 386, Weather: 0, Cleric: 0, Screen: 0, Pass: 0",None
CORSOLA,E,Attacker,"Bubble: 5614 (25.7%), Harden: 3665 (16.8%), Ancient Power: 2762 (12.6%), Bubble Beam: 2758 (12.6%), Recover: 2525 (11.5%), Rock Blast: 2322 (10.6%), Lucky Chant: 1506 (6.9%), Refresh: 482 (2.2%), Aqua Ring: 232 (1.1%), Struggle: 14 (0.1%)",2587,4097,0.63,74,0.65,9.21,6.29,867,1547,1116,882,1.82,2838,"Magikarp: 110, Rattata: 108, Zubat: 66","Seaking: 88, Quagsire: 82, Gloom: 80",12,"Damage: 74, Status: 0, Hazard: 0, Weather: 0, Cleric: 0, Screen: 0, Pass: 0",None
CROAGUNK,A-,Disrupter,"Poison Jab: 1868 (27.7%), Sludge Bomb: 1830 (27.1%), Nasty Plot: 1649 (24.4%), Flatter: 1398 (20.7%)",1830,827,2.21,196,2.45,4.79,2.01,212,121,213,521,4.46,1619,"Magikarp: 57, Rattata: 55, Seaking: 52","Graveler: 29, Golbat: 22, Magnemite: 18",0,"Damage: 183, Status: 169, Hazard: 0, Weather: 0, Cleric: 0, Screen: 0, Pass: 0",None
CROBAT,S-,All-Rounder,"Wing Attack: 4359 (24.3%), Air Cutter: 3233 (18.0%), Confuse Ray: 2053 (11.5%), Poison Fang: 1324 (7.4%), Cross Poison: 1062 (5.9%), Heat Wave: 968 (5.4%), U Turn: 815 (4.5%), Bite: 804 (4.5%), Mean Look: 698 (3.9%), Fly: 691 (3.9%), Screech: 677 (3.8%), Supersonic: 562 (3.1%), Double Team: 313 (1.7%), Toxic: 287 (1.6%), Quick Attack: 83 (0.5%)",5760,1553,3.71,1560,4.71,4.57,1.58,1029,966,946,497,5.35,4950,"Butterfree: 120, Koffing: 116, Magnemite: 94","Alakazam: 66, Magneton: 46, Gyarados: 45",1,"Damage: 1410, Status: 735, Hazard: 0, Weather: 0, Cleric: 0, Screen: 0, Pass: 0",None
CROCONAW,E-,All-Rounder,"Scary Face: 3336 (55.7%), Bite: 1169 (19.5%), Water Gun: 1031 (17.2%), Ice Fang: 403 (6.7%), Rage: 54 (0.9%)",723,2052,0.35,237,0.47,4.15,1.87,163,581,289,277,-2.54,2453,"Geodude: 56, Magikarp: 36, Gastly: 32","Graveler: 52, Koffing: 46, Seaking: 43",4,"Damage: 237, Status: 3, Hazard: 0, Weather: 0, Cleric: 0, Screen: 0, Pass: 0",None
CUBONE,F+,All-Rounder,"Thrash: 1548 (25.7%), Headbutt: 875 (14.5%), False Swipe: 824 (13.7%), Rage: 765 (12.7%), Bone Club: 668 (11.1%), Bonemerang: 503 (8.4%), Focus Energy: 422 (7.0%), Leer: 411 (6.8%)",657,2131,0.31,82,0.35,4.5,2.05,411,485,309,227,3.39,2433,"Zubat: 54, Magnemite: 27, Growlithe: 26","Seaking: 42, Gyarados: 40, Graveler: 38",2,"Damage: 82, Status: 0, Hazard: 0, Weather: 0, Cleric: 0, Screen: 0, Pass: 0",None
CYNDAQUIL,F-,Attacker,"Tackle: 2005 (35.1%), Leer: 1902 (33.3%), Smoke Screen: 1797 (31.4%), Struggle: 11 (0.2%)",131,2635,0.05,3,0.05,3.15,1.34,106,303,1406,0,16.98,2695,"Bellsprout: 30, Caterpie: 22, Magikarp: 15","Rattata: 59, Koffing: 57, Seaking: 36",0,"Damage: 3, Status: 0, Hazard: 0, Weather: 0, Cleric: 0, Screen: 0, Pass: 0",None
DELCATTY,F+,All-Rounder,"Assist: 79 (38.9%), Calm Mind: 62 (30.5%), Fake Out: 60 (29.6%), Baton Pass: 2 (1.0%)",15,66,0.23,11,0.39,5.19,1.92,7,4,15,53,7.66,72,"Drapion: 2, Crobat: 2, Raichu: 1","Alakazam: 8, Gengar: 7, Gyarados: 3",0,"Damage: 10, Status: 0, Hazard: 0, Weather: 0, Cleric: 0, Screen: 0, Pass: 1",None
DELIBIRD,E+,Attacker,"Present: 10945 (75.8%), Aerial Ace: 1574 (10.9%), Avalanche: 1383 (9.6%), Struggle: 545 (3.8%)",1913,2166,0.88,73,0.92,5.59,3.33,740,1984,591,0,-4.34,2888,"Magikarp: 105, Rattata: 101, Zubat: 77","Graveler: 46, Seaking: 36, Gyarados: 34",0,"Damage: 73, Status: 0, Hazard: 0, Weather: 0, Cleric: 0, Screen: 0, Pass: 0",None
DEWGONG,B-,Attacker,"Dive: 9217 (21.0%), Ice Shard: 7347 (16.8%), Rest: 5452 (12.4%), Aurora Beam: 4723 (10.8%), Take Down: 3434 (7.8%), Brine: 2728 (6.2%), Ice Beam: 2169 (4.9%), Aqua Tail: 1940 (4.4%), Aqua Ring: 1768 (4.0%), Sheer Cold: 1717 (3.9%), Encore: 1202 (2.7%), Sleep Talk: 1172 (2.7%), Safeguard: 922 (2.1%), Struggle: 59 (0.1%)",8345,4600,1.81,748,1.98,7.16,3.75,1450,2780,5440,446,8.28,8373,"Koffing: 221, Rattata: 185, Magnemite: 182","Seaking: 87, Magneton: 84, Graveler: 76",1,"Damage: 748, Status: 9, Hazard: 0, Weather: 0, Cleric: 0, Screen: 0, Pass: 0",None
DIGLETT,F,All-Rounder,"Sand Attack: 4786 (24.7%), Growl: 3055 (15.7%), Scratch: 2605 (13.4%), Sucker Punch: 2587 (13.3%), Astonish: 2564 (13.2%), Magnitude: 2346 (12.1%), Dig: 764 (3.9%), Earth Power: 482 (2.5%), Mud Slap: 167 (0.9%), Struggle: 48 (0.2%)",1353,6328,0.21,650,0.32,5.17,1.73,562,1046,3680,807,13.82,5573,"Magikarp: 161, Rattata: 92, Bellsprout: 75","Koffing: 141, Gyarados: 99, Sneasel: 90",20,"Damage: 650, Status: 0, Hazard: 0, Weather: 0, Cleric: 0, Screen: 0, Pass: 0",None
DITTO,F-,All-Rounder,"Transform: 3306 (99.8%), Struggle: 5 (0.2%)",0,1313,0.0,137,0.1,1.71,0.58,1,0,193,0,5.54,4577,None,"Butterfree: 84, Magmar: 68, Sneasel: 64",5,"Damage: 125, Status: 42, Hazard: 4, Weather: 0, Cleric: 0, Screen: 0, Pass: 0",None
DODRIO,E,Defender,"Acupressure: 2639 (25.3%), Tri Attack: 2622 (25.1%), Uproar: 2578 (24.7%), Pursuit: 1468 (14.1%), Agility: 1128 (10.8%)",1517,2488,0.61,168,0.68,6.11,3.2,385,126,863,0,9.93,2253,"Magnemite: 49, Butterfree: 48, Onix: 39","Seaking: 75, Graveler: 65, Sneasel: 61",3,"Damage: 168, Status: 0, Hazard: 0, Weather: 0, Cleric: 0, Screen: 0, Pass: 0",None
DODUO,E-,Defender,"Double Hit: 4029 (16.9%), Acupressure: 4008 (16.8%), Uproar: 3888 (16.3%), Quick Attack: 2746 (11.5%), Agility: 2008 (8.4%), Growl: 1841 (7.7%), Rage: 1828 (7.7%), Fury Attack: 1783 (7.5%), Pursuit: 1705 (7.2%)",2768,7687,0.36,1131,0.51,6.93,3.57,1043,1049,1718,0,6.7,4451,"Magikarp: 163, Rattata: 146, Zubat: 91","Seaking: 162, Koffing: 136, Graveler: 133",15,"Damage: 1131, Status: 0, Hazard: 0, Weather: 0, Cleric: 0, Screen: 0, Pass: 0",None
DRAGONAIR,A,All-Rounder,"Dragon Rage: 4751 (26.2%), Aqua Tail: 2590 (14.3%), Thunder: 1945 (10.7%), Slam: 1752 (9.6%), Agility: 1280 (7.0%), Dragon Rush: 1062 (5.8%), Iron Tail: 940 (5.2%), Surf: 911 (5.0%), Dragon Pulse: 826 (4.5%), Thunder Wave: 678 (3.7%), Thunderbolt: 668 (3.7%), Flamethrower: 504 (2.8%), Fire Blast: 250 (1.4%)",6523,2677,2.44,681,2.69,3.76,1.61,614,2179,605,189,-5.16,5998,"Koffing: 194, Magikarp: 147, Rattata: 143","Sneasel: 65, Gyarados: 58, Golduck: 54",4,"Damage: 566, Status: 276, Hazard: 0, Weather: 0, Cleric: 0, Screen: 0, Pass: 0",None
DRAGONITE,S-,Attacker,"Fly: 6360 (65.7%), Thunder: 1539 (15.9%), Dragon Rush: 416 (4.3%), Twister: 319 (3.3%), Outrage: 204 (2.1%), Safeguard: 144 (1.5%), Hyper Beam: 133 (1.4%), Draco Meteor: 128 (1.3%), Dragon Breath: 117 (1.2%), Thunder Wave: 105 (1.1%), Blizzard: 60 (0.6%), Fire Blast: 60 (0.6%), Fire Punch: 55 (0.6%), Protect: 34 (0.4%), Struggle: 3 (0.0%)",3268,626,5.22,141,5.45,5.87,1.7,295,905,2706,45,16.94,1879,"Seaking: 74, Koffing: 65, Magikarp: 58","Starmie: 21, Alakazam: 18, Dragonite: 17",4,"Damage: 136, Status: 18, Hazard: 0, Weather: 0, Cleric: 0, Screen: 0, Pass: 0",None
DRAPION,A,All-Rounder,"Crunch: 184 (49.3%), Cross Poison: 78 (20.9%), Swords Dance: 75 (20.1%), Confuse Ray: 36 (9.7%)",146,63,2.32,24,2.7,5.17,1.69,17,11,24,20,8.06,113,"Gengar: 14, Xatu: 9, Alakazam: 9","Magneton: 5, Gengar: 4, Rapidash: 4",0,"Damage: 24, Status: 12, Hazard: 0, Weather: 0, Cleric: 0, Screen: 0, Pass: 0",None
DRATINI,D+,All-Rounder,"Dragon Rush: 5838 (35.7%), Agility: 2098 (12.8%), Aqua Tail: 1828 (11.2%), Headbutt: 1809 (11.1%), Twister: 1551 (9.5%), Thunderbolt: 1391 (8.5%), Slam: 1008 (6.2%), Thunder Wave: 722 (4.4%), Surf: 118 (0.7%)",4454,4433,1.0,842,1.19,3.91,2.22,763,2097,654,1008,-4.09,4509,"Magikarp: 172, Rattata: 161, Koffing: 130","Graveler: 107, Butterfree: 105, Seaking: 104",9,"Damage: 842, Status: 6, Hazard: 0, Weather: 0, Cleric: 0, Screen: 0, Pass: 0",None
DRIFBLIM,S,Attacker,"Shadow Ball: 2242 (48.2%), Thunderbolt: 1788 (38.4%), Substitute: 440 (9.5%), Destiny Bond: 185 (4.0%)",2561,188,13.62,206,14.72,3.73,0.67,232,39,105,231,6.32,1364,"Koffing: 74, Magikarp: 58, Rattata: 54","Sneasel: 10, Magcargo: 8, Drapion: 6",0,"Damage: 206, Status: 4, Hazard: 0, Weather: 0, Cleric: 0, Screen: 0, Pass: 0",None
DROWZEE,E,Disrupter,"Hypnosis: 6196 (27.9%), Confusion: 4785 (21.5%), Disable: 4482 (20.2%), Dream Eater: 4002 (18.0%), Headbutt: 2725 (12.3%), Struggle: 16 (0.1%)",2690,4710,0.57,744,0.73,4.78,1.87,680,4145,720,961,-12.05,5794,"Magikarp: 213, Rattata: 130, Bellsprout: 112","Koffing: 85, Seaking: 80, Graveler: 79",0,"Damage: 723, Status: 446, Hazard: 0, Weather: 0, Cleric: 0, Screen: 0, Pass: 0",None
DUGTRIO,D+,All-Rounder,"Slash: 5506 (20.7%), Earth Power: 3860 (14.5%), Sucker Punch: 3675 (13.8%), Dig: 2887 (10.8%), Mud Bomb: 2776 (10.4%), Sand Attack: 2247 (8.4%), Sand Tomb: 1263 (4.7%), Growl: 1231 (4.6%), Magnitude: 997 (3.7%), Earthquake: 973 (3.6%), Night Slash: 472 (1.8%), Fissure: 387 (1.5%), Astonish: 216 (0.8%), Mud Slap: 160 (0.6%), Struggle: 13 (0.0%)",6603,5934,1.11,1188,1.31,3.64,1.28,1398,1616,4250,818,13.05,10030,"Magnemite: 208, Koffing: 147, Magmar: 146","Seaking: 145, Golduck: 122, Quagsire: 115",13,"Damage: 1188, Status: 0, Hazard: 0, Weather: 0, Cleric: 0, Screen: 0, Pass: 0",None
DUNSPARCE,F,Attacker / Disrupter,"Defense Curl: 7806 (44.3%), Rollout: 6498 (36.9%), Glare: 1680 (9.5%), Yawn: 1636 (9.3%), Struggle: 10 (0.1%)",980,3340,0.29,47,0.31,13.53,6.75,340,1619,711,0,-3.1,1458,"Magikarp: 56, Rattata: 53, Gastly: 31","Seaking: 67, Gyarados: 60, Koffing: 59",6,"Damage: 25, Status: 44, Hazard: 0, Weather: 0, Cleric: 0, Screen: 0, Pass: 0",None
DUSKNOIR,B,All-Rounder,"Payback: 338 (65.3%), Will O Wisp: 84 (16.2%), Substitute: 49 (9.5%), Pain Split: 47 (9.1%)",102,87,1.17,86,2.16,5.16,2.18,21,38,25,0,1.47,171,"Beedrill: 7, Venomoth: 6, Gengar: 6","Crobat: 8, Alakazam: 4, Rapidash: 4",0,"Damage: 73, Status: 37, Hazard: 0, Weather: 0, Cleric: 0, Screen: 0, Pass: 0",None
EEVEE,D,All-Rounder,"Quick Attack: 3493 (62.2%), Sand Attack: 1209 (21.5%), Growl: 749 (13.3%), Helping Hand: 168 (3.0%)",647,1088,0.59,542,1.09,5.23,1.78,186,134,877,0,14.3,1471,"Magikarp: 55, Rattata: 46, Bellsprout: 28","Seaking: 25, Koffing: 22, Butterfree: 22",0,"Damage: 542, Status: 0, Hazard: 0, Weather: 0, Cleric: 0, Screen: 0, Pass: 0",None
EKANS,F+,All-Rounder,"Bite: 4085 (29.1%), Acid: 2045 (14.6%), Screech: 1898 (13.5%), Leer: 1701 (12.1%), Wrap: 1642 (11.7%), Poison Sting: 1632 (11.6%), Glare: 1020 (7.3%), Struggle: 3 (0.0%)",1155,4722,0.24,758,0.41,5.11,2.32,546,1430,649,1536,-1.24,4191,"Magikarp: 108, Rattata: 66, Bellsprout: 58","Gyarados: 92, Koffing: 89, Seaking: 81",6,"Damage: 741, Status: 318, Hazard: 0, Weather: 0, Cleric: 0, Screen: 0, Pass: 0",None
ELECTABUZZ,A-,All-Rounder,"Light Screen: 4717 (24.0%), Discharge: 3849 (19.6%), Thunder Punch: 3536 (18.0%), Thunderbolt: 2706 (13.8%), Shock Wave: 1966 (10.0%), Swift: 884 (4.5%), Quick Attack: 876 (4.5%), Thunder Wave: 665 (3.4%), Screech: 365 (1.9%), Low Kick: 95 (0.5%), Struggle: 16 (0.1%)",6179,3170,1.95,1234,2.34,3.77,1.57,854,1149,841,918,2.55,6483,"Koffing: 226, Seaking: 144, Rattata: 132","Graveler: 111, Quagsire: 107, Magmar: 66",1,"Damage: 1117, Status: 473, Hazard: 0, Weather: 0, Cleric: 0, Screen: 58, Pass: 0",None
ELECTIVIRE,A+,All-Rounder,"Cross Chop: 141 (28.4%), Earthquake: 137 (27.6%), Thunderbolt: 130 (26.2%), Ice Punch: 89 (17.9%)",226,77,2.94,46,3.53,4.79,1.61,39,49,15,15,1.5,165,"Dragonite: 11, Quagsire: 10, Magneton: 9","Gengar: 12, Typhlosion: 5, Meganium: 4",0,"Damage: 46, Status: 3, Hazard: 0, Weather: 0, Cleric: 0, Screen: 0, Pass: 0",None
ELECTRIKE,F+,All-Rounder,"Thunder Fang: 493 (35.1%), Shock Wave: 488 (34.8%), Roar: 229 (16.3%), Thunder Wave: 194 (13.8%)",194,578,0.34,69,0.46,3.82,1.51,51,60,75,69,4.9,704,"Flareon: 8, Haunter: 7, Magnemite: 6","Magmar: 21, Quagsire: 18, Graveler: 17",1,"Damage: 55, Status: 33, Hazard: 0, Weather: 0, Cleric: 0, Screen: 0, Pass: 0",None
ELECTRODE,C,All-Rounder,"Swift: 7513 (17.5%), Thunder: 6485 (15.1%), Charge Beam: 5756 (13.4%), Rollout: 4025 (9.4%), Screech: 3511 (8.2%), Shock Wave: 2979 (6.9%), Double Team: 2661 (6.2%), Light Screen: 2021 (4.7%), Magnet Rise: 1858 (4.3%), Rain Dance: 1372 (3.2%), Mirror Coat: 1127 (2.6%), Charge: 1094 (2.5%), Explosion: 943 (2.2%), Sonic Boom: 579 (1.3%), Thunder Wave: 471 (1.1%), Selfdestruct: 397 (0.9%), Thunderbolt: 136 (0.3%), Struggle: 2 (0.0%)",9779,7587,1.29,1493,1.49,5.2,2.44,1529,3602,2972,3452,1.92,9567,"Koffing: 259, Magnemite: 242, Seaking: 224","Graveler: 219, Quagsire: 213, Magmar: 140",43,"Damage: 1411, Status: 222, Hazard: 0, Weather: 0, Cleric: 0, Screen: 33, Pass: 0",None
EMPOLEON,A,Attacker,"Hydro Pump: 224 (45.6%), Blizzard: 106 (21.6%), Aqua Jet: 85 (17.3%), Roar: 76 (15.5%)",208,82,2.54,20,2.78,5.6,2.07,23,75,23,0,-5.64,159,"Magmar: 17, Arcanine: 9, Magneton: 9","Magmortar: 5, Machamp: 5, Magneton: 4",1,"Damage: 20, Status: 0, Hazard: 0, Weather: 0, Cleric: 0, Screen: 0, Pass: 0",None
ESPEON,S-,Attacker,"Psychic: 5430 (44.0%), Psybeam: 2591 (21.0%), Swift: 1527 (12.4%), Shadow Ball: 1082 (8.8%), Quick Attack: 706 (5.7%), Confusion: 554 (4.5%), Calm Mind: 356 (2.9%), Psych Up: 48 (0.4%), Skill Swap: 48 (0.4%), Last Resort: 3 (0.0%), Baton Pass: 1 (0.0%)",7567,1179,6.42,162,6.56,3.02,0.91,751,117,224,337,6.65,4457,"Koffing: 222, Magikarp: 174, Rattata: 162","Sneasel: 58, Quagsire: 32, Butterfree: 28",0,"Damage: 156, Status: 40, Hazard: 0, Weather: 0, Cleric: 0, Screen: 0, Pass: 4",None
EXEGGCUTE,D,Disrupter,"Psychic: 4831 (38.7%), Hypnosis: 2033 (16.3%), Confusion: 1934 (15.5%), Dream Eater: 1189 (9.5%), Stun Spore: 667 (5.3%), Sleep Powder: 662 (5.3%), Leech Seed: 420 (3.4%), Solar Beam: 282 (2.3%), Barrage: 206 (1.6%), Skill Swap: 168 (1.3%), Grass Knot: 80 (0.6%), Poison Powder: 24 (0.2%)",2893,3249,0.89,639,1.09,4.97,2.28,510,1492,548,369,-3.45,3573,"Koffing: 71, Seaking: 66, Magnemite: 61","Magmar: 123, Butterfree: 109, Sneasel: 102",26,"Damage: 561, Status: 500, Hazard: 0, Weather: 0, Cleric: 0, Screen: 0, Pass: 0",None
EXEGGUTOR,S-,Attacker,"Psychic: 4778 (22.8%), Egg Bomb: 3716 (17.8%), Giga Drain: 2882 (13.8%), Hypnosis: 2795 (13.4%), Leaf Storm: 2157 (10.3%), Light Screen: 1417 (6.8%), Wood Hammer: 1171 (5.6%), Confusion: 717 (3.4%), Stomp: 698 (3.3%), Trick Room: 309 (1.5%), Reflect: 135 (0.6%), Dream Eater: 126 (0.6%), Explosion: 14 (0.1%), Struggle: 2 (0.0%)",9661,1932,5.0,310,5.16,4.11,1.48,920,2592,546,89,-5.32,6278,"Koffing: 236, Seaking: 212, Magnemite: 188","Magmar: 74, Butterfree: 70, Golbat: 51",3,"Damage: 300, Status: 72, Hazard: 0, Weather: 0, Cleric: 0, Screen: 9, Pass: 0",None
FARFETCHD,C,Attacker,"Night Slash: 10348 (25.6%), Air Slash: 8938 (22.1%), Agility: 7283 (18.0%), Swords Dance: 5820 (14.4%), Feint: 4295 (10.6%), False Swipe: 2261 (5.6%), Air Cutter: 1519 (3.8%)",10691,6883,1.55,641,1.65,5.02,2.66,2330,866,1534,1242,6.99,9086,"Magikarp: 347, Rattata: 328, Koffing: 287","Graveler: 227, Seaking: 151, Gyarados: 142",3,"Damage: 641, Status: 0, Hazard: 0, Weather: 0, Cleric: 0, Screen: 0, Pass: 0",None
FEAROW,C-,Defender,"Assurance: 16904 (25.2%), Mirror Move: 14431 (21.5%), Agility: 14417 (21.5%), Aerial Ace: 9672 (14.4%), Roost: 5952 (8.9%), Drill Peck: 3149 (4.7%), Pursuit: 1409 (2.1%), Fury Attack: 646 (1.0%), Leer: 626 (0.9%), Struggle: 6 (0.0%)",11701,10395,1.13,2293,1.35,5.5,2.86,2429,969,2621,517,5.93,14483,"Magikarp: 356, Rattata: 338, Zubat: 267","Graveler: 285, Seaking: 256, Magnemite: 194",3,"Damage: 2282, Status: 88, Hazard: 0, Weather: 0, Cleric: 0, Screen: 0, Pass: 0",None
FERALIGATR,S-,All-Rounder,"Aqua Tail: 1610 (20.7%), Crunch: 1572 (20.2%), Slash: 1368 (17.6%), Ice Fang: 1104 (14.2%), Waterfall: 957 (12.3%), Thrash: 816 (10.5%), Water Gun: 352 (4.5%)",4094,981,4.17,534,4.72,3.8,1.38,486,395,236,343,4.25,2794,"Magmar: 106, Magnemite: 100, Koffing: 84","Magneton: 43, Meganium: 24, Electrode: 21",2,"Damage: 534, Status: 6, Hazard: 0, Weather: 0, Cleric: 0, Screen: 0, Pass: 0",None
FLAAFFY,C-,Disrupter,"Charge: 6622 (22.2%), Discharge: 5708 (19.2%), Signal Beam: 3467 (11.6%), Thunder Wave: 3411 (11.5%), Tackle: 2472 (8.3%), Thunder Shock: 2013 (6.8%), Cotton Spore: 1680 (5.6%), Light Screen: 1160 (3.9%), Double Team: 1128 (3.8%), Charge Beam: 721 (2.4%), Shock Wave: 703 (2.4%), Growl: 670 (2.3%), Struggle: 22 (0.1%)",5141,4248,1.21,616,1.36,5.79,2.64,874,1231,1614,1474,4.0,6463,"Magikarp: 175, Rattata: 149, Zubat: 132","Graveler: 105, Quagsire: 93, Sneasel: 86",1,"Damage: 487, Status: 434, Hazard: 0, Weather: 0, Cleric: 0, Screen: 0, Pass: 0",None
FLAREON,B-,All-Rounder,"Quick Attack: 5934 (25.9%), Fire Blast: 4132 (18.0%), Bite: 3396 (14.8%), Ember: 2645 (11.5%), Fire Spin: 2136 (9.3%), Sand Attack: 1675 (7.3%), Fire Fang: 1417 (6.2%), Will O Wisp: 929 (4.1%), Overheat: 301 (1.3%), Last Resort: 228 (1.0%), Helping Hand: 109 (0.5%), Attract: 29 (0.1%)",7384,4476,1.65,911,1.85,4.05,1.67,1138,2108,1684,1055,2.83,8002,"Butterfree: 235, Magnemite: 232, Koffing: 197","Graveler: 109, Seaking: 105, Golduck: 104",6,"Damage: 894, Status: 261, Hazard: 0, Weather: 0, Cleric: 0, Screen: 0, Pass: 0",None
FLOATZEL,C-,Defender,"Waterfall: 60 (69.0%), Ice Fang: 24 (27.6%), Agility: 2 (2.3%), Baton Pass: 1 (1.1%)",19,27,0.7,17,1.33,5.82,1.52,8,3,3,12,8.44,33,"Jynx: 2, Bellossom: 2, Walrein: 1","Tangrowth: 3, Garchomp: 2, Slowbro: 2",1,"Damage: 17, Status: 1, Hazard: 0, Weather: 0, Cleric: 0, Screen: 0, Pass: 0",None
FORRETRESS,D+,Hazards,"Swift: 974 (50.2%), Protect: 587 (30.3%), Toxic Spikes: 321 (16.5%), Explosion: 58 (3.0%)",152,280,0.54,219,1.32,7.66,3.83,58,9,94,0,7.03,358,"Magnemite: 23, Gyarados: 6, Umbreon: 5","Rapidash: 11, Alakazam: 11, Seaking: 9",0,"Damage: 134, Status: 0, Hazard: 93, Weather: 0, Cleric: 0, Screen: 0, Pass: 0",None
FROSLASS,D+,All-Rounder,"Blizzard: 104 (55.0%), Ice Shard: 45 (23.8%), Confuse Ray: 27 (14.3%), Attract: 13 (6.9%)",42,54,0.78,27,1.28,4.35,1.22,7,11,27,0,10.65,68,"Dragonite: 6, Gengar: 4, Alakazam: 3","Gengar: 11, Scizor: 5, Charizard: 3",1,"Damage: 25, Status: 11, Hazard: 0, Weather: 0, Cleric: 0, Screen: 0, Pass: 0",None
FURRET,C+,Passer,"Slam: 5590 (24.6%), Double Team: 4393 (19.3%), Follow Me: 3567 (15.7%), Sucker Punch: 3283 (14.4%), Rest: 3158 (13.9%), Amnesia: 2053 (9.0%), Baton Pass: 680 (3.0%), Struggle: 10 (0.0%)",2614,2488,1.05,1562,1.68,7.64,3.4,341,1592,3668,0,9.15,4233,"Magikarp: 114, Rattata: 107, Zubat: 68","Sneasel: 56, Graveler: 52, Seaking: 48",1,"Damage: 637, Status: 0, Hazard: 0, Weather: 0, Cleric: 0, Screen: 0, Pass: 925",None
GALLADE,C,All-Rounder,"Stone Edge: 65 (37.8%), Close Combat: 53 (30.8%), Night Slash: 29 (16.9%), Psycho Cut: 25 (14.5%)",86,67,1.28,23,1.63,3.95,1.71,15,14,11,0,6.56,86,"Alakazam: 6, Dragonite: 5, Typhlosion: 5","Dragonite: 8, Charizard: 7, Gengar: 4",0,"Damage: 23, Status: 0, Hazard: 0, Weather: 0, Cleric: 0, Screen: 0, Pass: 0",None
GARCHOMP,S,Attacker,"Outrage: 82 (63.6%), Earthquake: 34 (26.4%), Swords Dance: 8 (6.2%), Roar: 5 (3.9%)",90,8,11.25,6,12.0,5.31,1.59,4,3,8,0,6.57,39,"Charizard: 4, Onix: 3, Machamp: 3","Milotic: 1, Gyarados: 1, Blastoise: 1",0,"Damage: 6, Status: 0, Hazard: 0, Weather: 0, Cleric: 0, Screen: 0, Pass: 0",None
GARDEVOIR,A,All-Rounder,"Psychic: 132 (47.0%), Focus Blast: 78 (27.8%), Charge Beam: 38 (13.5%), Calm Mind: 33 (11.7%)",139,51,2.73,18,3.08,5.02,1.94,8,50,16,21,-9.39,93,"Gengar: 16, Magneton: 7, Gyarados: 5","Crobat: 9, Feraligatr: 3, Gengar: 3",0,"Damage: 18, Status: 0, Hazard: 0, Weather: 0, Cleric: 0, Screen: 0, Pass: 0",None
GASTLY,F,Disrupter,"Spite: 11900 (27.9%), Mean Look: 9525 (22.3%), Curse: 8583 (20.1%), Lick: 4463 (10.5%), Night Shade: 4133 (9.7%), Confuse Ray: 4088 (9.6%)",1654,17600,0.09,3864,0.31,4.47,1.73,249,1110,1811,1004,2.14,13688,"Magikarp: 204, Bellsprout: 148, Caterpie: 86","Graveler: 319, Koffing: 319, Gyarados: 285",62,"Damage: 2465, Status: 2564, Hazard: 0, Weather: 0, Cleric: 0, Screen: 0, Pass: 0",None
GENGAR,C-,All-Rounder,"Shadow Ball: 3321 (38.8%), Hypnosis: 1078 (12.6%), Mean Look: 855 (10.0%), Sucker Punch: 788 (9.2%), Sludge Bomb: 702 (8.2%), Focus Blast: 501 (5.8%), Confuse Ray: 481 (5.6%), Spite: 192 (2.2%), Dark Pulse: 168 (2.0%), Thunderbolt: 114 (1.3%), Destiny Bond: 110 (1.3%), Lick: 86 (1.0%), Curse: 67 (0.8%), Substitute: 52 (0.6%), Struggle: 51 (0.6%)",2067,1796,1.15,508,1.43,5.12,1.64,314,788,203,500,-3.03,2534,"Gengar: 54, Starmie: 50, Alakazam: 40","Alakazam: 76, Gengar: 54, Crobat: 48",4,"Damage: 465, Status: 207, Hazard: 0, Weather: 0, Cleric: 0, Screen: 0, Pass: 0",None
GEODUDE,F+,Defender,"Defense Curl: 14671 (27.6%), Rock Polish: 11132 (20.9%), Rock Throw: 8657 (16.3%), Mud Sport: 5855 (11.0%), Magnitude: 4953 (9.3%), Tackle: 3712 (7.0%), Selfdestruct: 2607 (4.9%), Rollout: 1470 (2.8%), Rock Blast: 116 (0.2%), Struggle: 49 (0.1%)",4984,20291,0.25,1806,0.33,5.59,3.11,1093,2798,2914,0,2.15,13064,"Magikarp: 363, Rattata: 315, Pidgey: 193","Koffing: 302, Gyarados: 289, Sneasel: 286",87,"Damage: 1806, Status: 0, Hazard: 0, Weather: 0, Cleric: 0, Screen: 0, Pass: 0",None
GIRAFARIG,A-,Attacker,"Psybeam: 3909 (34.5%), Psychic: 2731 (24.1%), Stomp: 1237 (10.9%), Shadow Ball: 918 (8.1%), Calm Mind: 668 (5.9%), Agility: 482 (4.3%), Skill Swap: 471 (4.2%), Assurance: 322 (2.8%), Double Hit: 314 (2.8%), Crunch: 257 (2.3%), Baton Pass: 26 (0.2%)",4867,2114,2.3,364,2.47,3.4,1.29,555,167,325,390,6.23,4372,"Koffing: 152, Magikarp: 117, Rattata: 116","Sneasel: 81, Butterfree: 64, Seaking: 62",2,"Damage: 306, Status: 49, Hazard: 0, Weather: 0, Cleric: 0, Screen: 0, Pass: 58",None
GLALIE,D-,All-Rounder,"Blizzard: 82 (69.5%), Torment: 15 (12.7%), Payback: 14 (11.9%), Attract: 7 (5.9%)",28,55,0.51,27,1.0,3.88,1.62,4,4,3,0,2.48,69,"Crobat: 4, Feraligatr: 3, Pelipper: 2","Scizor: 6, Gengar: 5, Gyarados: 3",0,"Damage: 27, Status: 0, Hazard: 0, Weather: 0, Cleric: 0, Screen: 0, Pass: 0",None
GLOOM,D,Disrupter,"Mega Drain: 30438 (44.9%), Stun Spore: 8818 (13.0%), Sleep Powder: 7849 (11.6%), Lucky Chant: 7751 (11.4%), Sweet Scent: 3534 (5.2%), Absorb: 2285 (3.4%), Sludge Bomb: 2276 (3.4%), Poison Powder: 1426 (2.1%), Drain Punch: 1286 (1.9%), Acid: 958 (1.4%), Toxic: 721 (1.1%), Natural Gift: 369 (0.5%), Struggle: 73 (0.1%)",8427,9341,0.9,2528,1.17,6.83,3.01,2267,6553,2363,384,-2.74,12227,"Magikarp: 357, Rattata: 300, Goldeen: 226","Magmar: 218, Seaking: 192, Graveler: 176",2,"Damage: 2283, Status: 1764, Hazard: 0, Weather: 0, Cleric: 0, Screen: 0, Pass: 0",None
GOLBAT,C+,All-Rounder,"Air Cutter: 19956 (30.9%), Bite: 9535 (14.8%), Confuse Ray: 8592 (13.3%), Poison Fang: 8112 (12.6%), Wing Attack: 6951 (10.8%), Mean Look: 4589 (7.1%), Astonish: 3408 (5.3%), Air Slash: 2059 (3.2%), Supersonic: 1019 (1.6%), Haze: 305 (0.5%), Leech Life: 103 (0.2%)",13871,10922,1.27,5121,1.74,4.74,1.98,4184,2831,2251,4941,5.55,17808,"Magikarp: 396, Rattata: 376, Koffing: 347","Graveler: 322, Seaking: 236, Gyarados: 210",2,"Damage: 4738, Status: 2803, Hazard: 0, Weather: 0, Cleric: 0, Screen: 0, Pass: 0",None
GOLDEEN,E,All-Rounder,"Water Pulse: 11691 (21.8%), Flail: 11300 (21.1%), Horn Attack: 8058 (15.0%), Fury Attack: 6442 (12.0%), Supersonic: 4663 (8.7%), Aqua Ring: 4352 (8.1%), Peck: 3032 (5.7%), Waterfall: 2451 (4.6%), Tail Whip: 1149 (2.1%), Water Sport: 456 (0.9%), Struggle: 12 (0.0%)",7078,15697,0.45,3435,0.67,5.32,2.8,2980,4445,2420,2073,1.76,13617,"Magikarp: 407, Rattata: 361, Zubat: 249","Graveler: 309, Koffing: 295, Butterfree: 283",16,"Damage: 3399, Status: 985, Hazard: 0, Weather: 0, Cleric: 0, Screen: 0, Pass: 0",None
GOLDUCK,A+,All-Rounder,"Water Pulse: 13748 (24.2%), Zen Headbutt: 10275 (18.1%), Screech: 6982 (12.3%), Confusion: 6446 (11.4%), Disable: 4440 (7.8%), Amnesia: 3952 (7.0%), Fury Swipes: 2868 (5.1%), Psychic: 2775 (4.9%), Blizzard: 2079 (3.7%), Psych Up: 1536 (2.7%), Hydro Pump: 1298 (2.3%), Aqua Jet: 387 (0.7%)",16929,5636,3.0,2778,3.5,4.75,2.24,2414,5552,2135,2915,-1.59,14405,"Koffing: 626, Magikarp: 412, Rattata: 372","Seaking: 142, Quagsire: 124, Gyarados: 101",1,"Damage: 2778, Status: 533, Hazard: 0, Weather: 0, Cleric: 0, Screen: 0, Pass: 0",None
GOLEM,C,Attacker,"Roar: 4498 (18.6%), Rock Slide: 3206 (13.3%), Rollout: 3029 (12.5%), Earthquake: 2659 (11.0%), Explosion: 2404 (9.9%), Sandstorm: 2323 (9.6%), Double Edge: 1918 (7.9%), Rock Blast: 1261 (5.2%), Selfdestruct: 1245 (5.2%), Magnitude: 836 (3.5%), Stone Edge: 442 (1.8%), Rock Throw: 205 (0.8%), Rock Polish: 136 (0.6%)",10496,7159,1.47,469,1.53,3.28,1.42,1044,1537,939,141,1.73,11316,"Magnemite: 267, Butterfree: 241, Koffing: 241","Golduck: 142, Quagsire: 119, Seaking: 101",14,"Damage: 399, Status: 0, Hazard: 0, Weather: 158, Cleric: 0, Screen: 0, Pass: 0",None
GRANBULL,A,Attacker,"Take Down: 4371 (27.7%), Rage: 4285 (27.2%), Roar: 2726 (17.3%), Headbutt: 2660 (16.9%), Payback: 1722 (10.9%)",5353,2046,2.62,145,2.69,4.52,2.27,729,943,619,322,2.31,4354,"Magnemite: 126, Koffing: 123, Butterfree: 123","Seadra: 46, Graveler: 44, Golem: 37",0,"Damage: 145, Status: 0, Hazard: 0, Weather: 0, Cleric: 0, Screen: 0, Pass: 0",None
GRAVELER,D-,All-Rounder,"Rollout: 9639 (26.8%), Selfdestruct: 6330 (17.6%), Explosion: 6060 (16.9%), Earthquake: 5878 (16.4%), Rock Blast: 3241 (9.0%), Magnitude: 2518 (7.0%), Rock Slide: 1145 (3.2%), Rock Throw: 411 (1.1%), Double Edge: 398 (1.1%), Defense Curl: 304 (0.8%)",20759,21917,0.95,2135,1.04,2.56,1.2,2186,2584,1621,69,3.28,23231,"Koffing: 518, Magnemite: 459, Zubat: 380","Golduck: 369, Quagsire: 327, Seaking: 268",139,"Damage: 2135, Status: 0, Hazard: 0, Weather: 0, Cleric: 0, Screen: 0, Pass: 0",None
GRIMER,E-,Defender,"Sludge: 8659 (18.5%), Minimize: 7211 (15.4%), Disable: 7190 (15.4%), Mud Bomb: 4802 (10.3%), Mud Slap: 4558 (9.8%), Harden: 3980 (8.5%), Pound: 2639 (5.7%), Sludge Bomb: 2066 (4.4%), Gunk Shot: 2054 (4.4%), Acid Armor: 1754 (3.8%), Screech: 1044 (2.2%), Poison Gas: 738 (1.6%), Struggle: 12 (0.0%)",3839,11053,0.35,1682,0.5,6.09,2.59,1301,5159,11878,7142,13.7,10585,"Magikarp: 252, Rattata: 160, Bellsprout: 116","Graveler: 219, Gyarados: 209, Seaking: 200",15,"Damage: 1679, Status: 773, Hazard: 0, Weather: 0, Cleric: 0, Screen: 0, Pass: 0",None
GROWLITHE,D-,All-Rounder,"Ember: 9884 (23.1%), Leer: 8051 (18.8%), Flamethrower: 6452 (15.1%), Take Down: 3430 (8.0%), Crunch: 2994 (7.0%), Agility: 2652 (6.2%), Odor Sleuth: 1719 (4.0%), Heat Wave: 1450 (3.4%), Flame Wheel: 1376 (3.2%), Bite: 1329 (3.1%), Roar: 1320 (3.1%), Fire Fang: 1290 (3.0%), Helping Hand: 432 (1.0%), Reversal: 405 (0.9%)",9528,11648,0.82,1510,0.95,4.31,2.26,1712,1749,2231,1896,4.98,13024,"Magikarp: 428, Rattata: 353, Koffing: 323","Graveler: 261, Seaking: 247, Koffing: 208",3,"Damage: 1510, Status: 344, Hazard: 0, Weather: 0, Cleric: 0, Screen: 0, Pass: 0",None
GRUMPIG,B-,All-Rounder,"Psychic: 98 (45.0%), Power Gem: 58 (26.6%), Confuse Ray: 36 (16.5%), Signal Beam: 26 (11.9%)",85,60,1.42,27,1.87,4.22,1.67,7,18,3,5,-3.57,87,"Sneasel: 8, Gengar: 6, Arcanine: 3","Gengar: 9, Gyarados: 5, Crobat: 4",0,"Damage: 26, Status: 11, Hazard: 0, Weather: 0, Cleric: 0, Screen: 0, Pass: 0",None
GULPIN,B,Defender,"Sludge Bomb: 7461 (51.2%), Stockpile: 3093 (21.2%), Gastro Acid: 1845 (12.7%), Spit Up: 1173 (8.0%), Swallow: 965 (6.6%), Struggle: 47 (0.3%)",2832,1794,1.58,849,2.05,5.74,3.38,467,457,582,1320,3.92,3049,"Magikarp: 114, Rattata: 106, Koffing: 78","Graveler: 58, Quagsire: 41, Seaking: 41",0,"Damage: 849, Status: 335, Hazard: 0, Weather: 0, Cleric: 0, Screen: 0, Pass: 0",None
GYARADOS,A-,All-Rounder,"Thrash: 8516 (14.4%), Ice Fang: 7412 (12.5%), Bite: 4975 (8.4%), Waterfall: 4907 (8.3%), Leer: 4517 (7.6%), Aqua Tail: 4260 (7.2%), Rain Dance: 4168 (7.0%), Dragon Rage: 3676 (6.2%), Twister: 3505 (5.9%), Dragon Dance: 3394 (5.7%), Hyper Beam: 2742 (4.6%), Dragon Pulse: 2638 (4.5%), Hydro Pump: 1794 (3.0%), Surf: 1285 (2.2%), Earthquake: 1162 (2.0%), Thunder Wave: 130 (0.2%), Flail: 71 (0.1%), Struggle: 2 (0.0%), Return: 1 (0.0%)",19510,8317,2.35,2066,2.59,4.94,2.44,2523,2220,2133,2070,4.03,14891,"Magikarp: 539, Koffing: 519, Rattata: 517","Magneton: 205, Graveler: 198, Magnemite: 153",10,"Damage: 2012, Status: 95, Hazard: 0, Weather: 0, Cleric: 0, Screen: 0, Pass: 0",None
HARIYAMA,B,All-Rounder,"Payback: 130 (62.2%), Bulk Up: 45 (21.5%), Bullet Punch: 31 (14.8%), Low Kick: 3 (1.4%)",67,39,1.72,14,2.08,5.35,2.28,8,16,8,0,0.0,65,"Gengar: 12, Alakazam: 6, Starmie: 5","Espeon: 6, Gengar: 3, Charizard: 2",0,"Damage: 14, Status: 0, Hazard: 0, Weather: 0, Cleric: 0, Screen: 0, Pass: 0",None
HAUNTER,E,Disrupter,"Sucker Punch: 15688 (28.1%), Night Shade: 10687 (19.2%), Confuse Ray: 7696 (13.8%), Shadow Punch: 6315 (11.3%), Mean Look: 4256 (7.6%), Curse: 3545 (6.4%), Shadow Ball: 2149 (3.9%), Hypnosis: 2131 (3.8%), Lick: 1304 (2.3%), Dream Eater: 1280 (2.3%), Struggle: 501 (0.9%), Nightmare: 201 (0.4%)",5663,12123,0.47,2186,0.65,5.39,1.69,914,1914,1917,549,1.54,13284,"Koffing: 269, Magikarp: 267, Zubat: 183","Seaking: 281, Magmar: 255, Gyarados: 215",16,"Damage: 1481, Status: 1460, Hazard: 0, Weather: 0, Cleric: 0, Screen: 0, Pass: 0",None
HERACROSS,C+,All-Rounder,"Stone Edge: 60 (30.0%), Megahorn: 58 (29.0%), Close Combat: 57 (28.5%), Counter: 25 (12.5%)",106,72,1.47,14,1.67,4.01,1.56,12,25,9,0,-1.91,96,"Magcargo: 6, Feraligatr: 5, Dewgong: 5","Crobat: 10, Typhlosion: 6, Aerodactyl: 5",0,"Damage: 14, Status: 0, Hazard: 0, Weather: 0, Cleric: 0, Screen: 0, Pass: 0",None
HITMONCHAN,C,Attacker,"Ice Punch: 2203 (24.2%), Fire Punch: 2004 (22.0%), Thunder Punch: 1917 (21.1%), Mach Punch: 1403 (15.4%), Vacuum Wave: 966 (10.6%), Double Team: 184 (2.0%), Bullet Punch: 139 (1.5%), Swagger: 101 (1.1%), Focus Punch: 68 (0.7%), Close Combat: 66 (0.7%), Substitute: 28 (0.3%), Drain Punch: 24 (0.3%)",2731,1937,1.41,234,1.53,3.94,1.77,537,190,449,369,8.23,3122,"Butterfree: 114, Zubat: 77, Magnemite: 72","Graveler: 48, Seaking: 46, Alakazam: 42",0,"Damage: 217, Status: 53, Hazard: 0, Weather: 0, Cleric: 0, Screen: 0, Pass: 0",None
HITMONLEE,D,All-Rounder,"Mind Reader: 3652 (16.0%), Meditate: 3451 (15.1%), Focus Energy: 3145 (13.8%), Endure: 2991 (13.1%), Hi Jump Kick: 2421 (10.6%), Feint: 1884 (8.2%), Blaze Kick: 1360 (6.0%), Foresight: 754 (3.3%), Jump Kick: 747 (3.3%), Double Kick: 729 (3.2%), Close Combat: 539 (2.4%), Brick Break: 465 (2.0%), Mega Kick: 394 (1.7%), Swagger: 165 (0.7%), Fake Out: 70 (0.3%), Bulk Up: 61 (0.3%), Reversal: 21 (0.1%)",4285,4466,0.96,796,1.14,4.62,2.28,1440,582,939,113,7.57,6447,"Rattata: 138, Magikarp: 111, Magnemite: 84","Seaking: 107, Graveler: 82, Alakazam: 82",3,"Damage: 773, Status: 72, Hazard: 0, Weather: 0, Cleric: 0, Screen: 0, Pass: 0",None
HITMONTOP,S-,All-Rounder,"Quick Attack: 4156 (37.7%), Dig: 3319 (30.1%), Counter: 2053 (18.6%), Close Combat: 776 (7.0%), Earthquake: 561 (5.1%), Triple Kick: 161 (1.5%)",4314,610,7.07,536,7.95,4.69,1.48,409,129,1505,0,14.24,2685,"Magikarp: 115, Rattata: 106, Koffing: 101","Crobat: 25, Alakazam: 24, Haunter: 23",0,"Damage: 536, Status: 0, Hazard: 0, Weather: 0, Cleric: 0, Screen: 0, Pass: 0",None
HONCHKROW,B-,Disrupter,"Dark Pulse: 419 (32.4%), Night Slash: 201 (15.5%), Drill Peck: 194 (15.0%), Thunder Wave: 130 (10.0%), Nasty Plot: 121 (9.3%), Swagger: 79 (6.1%), Shadow Ball: 70 (5.4%), Sucker Punch: 51 (3.9%), Whirlwind: 30 (2.3%)",484,306,1.58,96,1.9,3.98,1.39,92,42,50,33,6.97,544,"Alakazam: 25, Magikarp: 21, Golbat: 17","Starmie: 19, Magneton: 14, Alakazam: 14",0,"Damage: 75, Status: 62, Hazard: 0, Weather: 0, Cleric: 0, Screen: 0, Pass: 0",None
HOOTHOOT,E-,All-Rounder,"Confusion: 2254 (15.2%), Take Down: 2158 (14.6%), Peck: 2116 (14.3%), Tackle: 1825 (12.3%), Hypnosis: 1625 (11.0%), Uproar: 1067 (7.2%), Air Slash: 1040 (7.0%), Zen Headbutt: 1011 (6.8%), Growl: 828 (5.6%), Reflect: 698 (4.7%), Foresight: 199 (1.3%)",1926,4601,0.42,331,0.49,4.13,1.65,669,1464,622,515,-1.11,5424,"Magikarp: 141, Rattata: 105, Bellsprout: 102","Koffing: 93, Seaking: 80, Gyarados: 79",4,"Damage: 315, Status: 45, Hazard: 0, Weather: 0, Cleric: 0, Screen: 25, Pass: 0",None
HOPPIP,F+,Disrupter,"Bullet Seed: 4704 (19.1%), Splash: 3990 (16.2%), Tail Whip: 3597 (14.6%), Bounce: 3050 (12.4%), Stun Spore: 2081 (8.5%), Leech Seed: 1360 (5.5%), Mega Drain: 1128 (4.6%), Sleep Powder: 1117 (4.5%), Tackle: 1089 (4.4%), Synthesis: 855 (3.5%), Giga Drain: 607 (2.5%), U Turn: 503 (2.0%), Poison Powder: 501 (2.0%), Struggle: 15 (0.1%)",1565,6828,0.23,1503,0.45,6.76,2.79,1044,1779,2290,0,5.78,5517,"Magikarp: 118, Rattata: 82, Bellsprout: 70","Koffing: 127, Magmar: 122, Seaking: 119",6,"Damage: 1321, Status: 1130, Hazard: 0, Weather: 0, Cleric: 0, Screen: 0, Pass: 0",None
HORSEA,D,All-Rounder,"Twister: 4604 (16.0%), Smoke Screen: 3473 (12.0%), Leer: 3463 (12.0%), Agility: 3319 (11.5%), Water Pulse: 3283 (11.4%), Brine: 3212 (11.1%), Hydro Pump: 2110 (7.3%), Focus Energy: 2071 (7.2%), Bubble Beam: 2011 (7.0%), Bubble: 1279 (4.4%)",6154,7134,0.86,1351,1.05,4.73,2.29,1583,1058,3473,535,12.35,7475,"Magikarp: 278, Rattata: 258, Koffing: 193","Seaking: 155, Butterfree: 141, Golduck: 130",1,"Damage: 1351, Status: 94, Hazard: 0, Weather: 0, Cleric: 0, Screen: 0, Pass: 0",None
HOUNDOOM,B,All-Rounder,"Fire Fang: 1001 (30.6%), Bite: 569 (17.4%), Faint Attack: 521 (15.9%), Flamethrower: 422 (12.9%), Dark Pulse: 389 (11.9%), Nasty Plot: 171 (5.2%), Crunch: 90 (2.8%), Smog: 50 (1.5%), Shadow Ball: 21 (0.6%), Sucker Punch: 18 (0.6%), Sludge Bomb: 18 (0.6%)",1230,687,1.79,213,2.1,4.0,1.46,157,158,151,300,4.64,1277,"Magmar: 45, Magneton: 32, Sneasel: 31","Gyarados: 24, Gengar: 20, Poliwrath: 19",3,"Damage: 213, Status: 32, Hazard: 0, Weather: 0, Cleric: 0, Screen: 0, Pass: 0",None
HOUNDOUR,B+,All-Rounder,"Fire Fang: 1845 (47.2%), Faint Attack: 1028 (26.3%), Bite: 993 (25.4%), Roar: 40 (1.0%)",1415,889,1.59,601,2.27,3.24,1.44,215,134,118,374,4.3,1471,"Magikarp: 55, Rattata: 53, Zubat: 42","Graveler: 38, Seaking: 29, Seadra: 25",0,"Damage: 601, Status: 49, Hazard: 0, Weather: 0, Cleric: 0, Screen: 0, Pass: 0",None
HYPNO,A+,Disrupter,"Psybeam: 7234 (27.7%), Psychic: 5005 (19.2%), Swagger: 4262 (16.3%), Nasty Plot: 2810 (10.8%), Psych Up: 2574 (9.8%), Skill Swap: 1549 (5.9%), Meditate: 1254 (4.8%), Hypnosis: 954 (3.7%), Poison Gas: 491 (1.9%)",6453,2440,2.64,1154,3.12,5.72,2.31,730,1304,894,540,1.18,5573,"Koffing: 169, Magnemite: 135, Magikarp: 121","Sneasel: 86, Seaking: 67, Gyarados: 57",1,"Damage: 710, Status: 977, Hazard: 0, Weather: 0, Cleric: 0, Screen: 0, Pass: 0",None
ILLUMISE,D+,Disrupter,"Bug Buzz: 1272 (39.0%), Zen Headbutt: 1259 (38.6%), Flatter: 631 (19.3%), Helping Hand: 101 (3.1%)",728,656,1.11,104,1.27,4.71,1.86,152,211,145,268,3.35,1052,"Magnemite: 29, Gastly: 21, Butterfree: 15","Magmar: 20, Seadra: 16, Weezing: 15",0,"Damage: 93, Status: 69, Hazard: 0, Weather: 0, Cleric: 0, Screen: 0, Pass: 0",None
IVYSAUR,C,All-Rounder,"Double Edge: 4187 (18.6%), Solar Beam: 2971 (13.2%), Razor Leaf: 2821 (12.5%), Sludge Bomb: 2735 (12.1%), Take Down: 2070 (9.2%), Sweet Scent: 1760 (7.8%), Petal Dance: 1416 (6.3%), Growth: 1015 (4.5%), Sleep Powder: 930 (4.1%), Synthesis: 905 (4.0%), Worry Seed: 739 (3.3%), Leech Seed: 469 (2.1%), Poison Powder: 210 (0.9%), Toxic: 203 (0.9%), Giga Drain: 83 (0.4%), Struggle: 5 (0.0%)",5437,4583,1.19,1727,1.56,4.45,2.05,1039,1092,840,375,3.5,7242,"Koffing: 135, Rattata: 132, Zubat: 121","Magmar: 144, Graveler: 107, Sneasel: 91",3,"Damage: 1586, Status: 662, Hazard: 0, Weather: 0, Cleric: 0, Screen: 0, Pass: 0",None
JIGGLYPUFF,F,Defender,"Pound: 3763 (28.3%), Defense Curl: 3270 (24.6%), Disable: 2723 (20.5%), Sing: 2205 (16.6%), Body Slam: 786 (5.9%), Mimic: 356 (2.7%), Wake Up Slap: 165 (1.2%), Gyro Ball: 41 (0.3%), Struggle: 2 (0.0%)",712,4386,0.16,78,0.18,8.13,3.55,270,1990,634,147,-7.86,2258,"Magikarp: 55, Zubat: 33, Bellsprout: 28","Koffing: 72, Gyarados: 71, Seaking: 69",14,"Damage: 52, Status: 37, Hazard: 0, Weather: 0, Cleric: 0, Screen: 0, Pass: 0","Spite: 12 (11.3%), Protect: 7 (6.6%), Psych Up: 5 (4.7%), Mud Shot: 5 (4.7%), Scary Face: 5 (4.7%), Light Screen: 4 (3.8%), Mean Look: 4 (3.8%), Charge: 4 (3.8%), Tailwind: 3 (2.8%), Supersonic: 3 (2.8%), Screech: 3 (2.8%), Thunder Wave: 3 (2.8%), Confuse Ray: 2 (1.9%), Double Team: 2 (1.9%), Ancient Power: 2 (1.9%), Hydro Pump: 2 (1.9%), Aqua Ring: 2 (1.9%), Take Down: 2 (1.9%), Gastro Acid: 2 (1.9%), Amnesia: 2 (1.9%), Yawn: 2 (1.9%), Hypnosis: 2 (1.9%), Dive: 2 (1.9%), Dragon Breath: 2 (1.9%), Growth: 2 (1.9%), Water Pulse: 2 (1.9%), Lick: 1 (0.9%), Disable: 1 (0.9%), Thunder: 1 (0.9%), Horn Attack: 1 (0.9%), Aqua Jet: 1 (0.9%), Substitute: 1 (0.9%), Poison Fang: 1 (0.9%), Smoke Screen: 1 (0.9%), Lock On: 1 (0.9%), Acid Armor: 1 (0.9%), Skill Swap: 1 (0.9%), Sleep Powder: 1 (0.9%), Seismic Toss: 1 (0.9%), Sucker Punch: 1 (0.9%), Thrash: 1 (0.9%), Curse: 1 (0.9%), Worry Seed: 1 (0.9%), Headbutt: 1 (0.9%), Flatter: 1 (0.9%), Quick Attack: 1 (0.9%)"
JOLTEON,A,All-Rounder,"Thunderbolt: 6027 (25.6%), Quick Attack: 4007 (17.0%), Double Team: 3114 (13.2%), Pin Missile: 2228 (9.5%), Shock Wave: 1824 (7.7%), Thunder Wave: 1662 (7.1%), Thunder Shock: 1544 (6.6%), Sand Attack: 1384 (5.9%), Last Resort: 1265 (5.4%), Double Kick: 260 (1.1%), Helping Hand: 184 (0.8%), Struggle: 52 (0.2%)",6588,2573,2.56,913,2.92,4.94,1.58,1118,956,3919,310,14.81,5437,"Koffing: 207, Magikarp: 170, Rattata: 165","Graveler: 87, Quagsire: 71, Magmar: 65",4,"Damage: 907, Status: 43, Hazard: 0, Weather: 0, Cleric: 0, Screen: 0, Pass: 0",None
JUMPLUFF,A-,All-Rounder,"U Turn: 3143 (27.3%), Giga Drain: 2596 (22.5%), Sunny Day: 1274 (11.0%), Sleep Powder: 1153 (10.0%), Bounce: 1112 (9.6%), Leech Seed: 810 (7.0%), Mega Drain: 553 (4.8%), Cotton Spore: 451 (3.9%), Worry Seed: 318 (2.8%), Memento: 122 (1.1%)",2027,1388,1.46,1459,2.51,5.02,1.49,425,720,867,0,4.61,3523,"Quagsire: 57, Graveler: 56, Seaking: 44","Magmar: 65, Golbat: 31, Rapidash: 31",4,"Damage: 1347, Status: 600, Hazard: 0, Weather: 6, Cleric: 0, Screen: 0, Pass: 0",None
JYNX,C,All-Rounder,"Wake Up Slap: 2800 (21.3%), Fake Tears: 2542 (19.4%), Ice Punch: 2095 (16.0%), Body Slam: 1883 (14.3%), Avalanche: 1409 (10.7%), Mean Look: 978 (7.4%), Psychic: 707 (5.4%), Lovely Kiss: 321 (2.4%), Blizzard: 283 (2.2%), Dream Eater: 47 (0.4%), Double Slap: 18 (0.1%), Struggle: 16 (0.1%), Focus Blast: 15 (0.1%), Perish Song: 15 (0.1%)",2768,2391,1.16,835,1.51,4.36,2.08,523,476,490,585,4.04,3607,"Rattata: 123, Magikarp: 111, Zubat: 74","Graveler: 55, Magmar: 49, Gyarados: 44",1,"Damage: 822, Status: 225, Hazard: 0, Weather: 0, Cleric: 0, Screen: 0, Pass: 0",None
KABUTOPS,D+,All-Rounder,"Aqua Jet: 1003 (24.4%), Endure: 870 (21.1%), Slash: 811 (19.7%), Mega Drain: 757 (18.4%), Rock Slide: 506 (12.3%), Giga Drain: 172 (4.2%)",944,832,1.13,141,1.3,4.55,2.19,265,132,142,66,6.07,1314,"Seaking: 43, Quagsire: 40, Seadra: 32","Magneton: 23, Starmie: 20, Alakazam: 19",0,"Damage: 141, Status: 0, Hazard: 0, Weather: 0, Cleric: 0, Screen: 0, Pass: 0",None
KADABRA,B-,All-Rounder,"Psychic: 8300 (37.5%), Confusion: 2648 (12.0%), Psybeam: 2022 (9.1%), Role Play: 1942 (8.8%), Reflect: 1575 (7.1%), Disable: 1406 (6.4%), Psycho Cut: 1406 (6.4%), Kinesis: 685 (3.1%), Charge Beam: 509 (2.3%), Future Sight: 449 (2.0%), Skill Swap: 434 (2.0%), Recover: 430 (1.9%), Headbutt: 268 (1.2%), Teleport: 40 (0.2%)",8901,5247,1.7,1277,1.94,3.03,1.09,993,798,1554,771,7.36,9719,"Koffing: 349, Magikarp: 239, Rattata: 224","Seaking: 161, Butterfree: 139, Magmar: 123",10,"Damage: 1142, Status: 109, Hazard: 0, Weather: 0, Cleric: 0, Screen: 124, Pass: 0",None
KAKUNA,F-,All-Rounder,"Harden: 4166 (61.0%), Poison Sting: 1659 (24.3%), Bug Bite: 475 (7.0%), String Shot: 459 (6.7%), Struggle: 74 (1.1%)",54,4217,0.01,212,0.06,3.58,1.74,119,112,521,464,7.35,4364,"Skiploom: 7, Hoppip: 4, Spearow: 3","Magmar: 96, Seaking: 88, Sneasel: 69",6,"Damage: 212, Status: 101, Hazard: 0, Weather: 0, Cleric: 0, Screen: 0, Pass: 0",None
KANGASKHAN,C-,All-Rounder,"Dizzy Punch: 1393 (22.6%), Bite: 1378 (22.4%), Mega Punch: 1323 (21.5%), Rage: 1309 (21.2%), Outrage: 616 (10.0%), Leer: 77 (1.2%), Sucker Punch: 66 (1.1%)",1421,1194,1.19,190,1.35,4.28,2.09,376,348,254,516,4.64,1813,"Magikarp: 56, Rattata: 55, Zubat: 40","Seaking: 30, Gyarados: 27, Quagsire: 22",0,"Damage: 190, Status: 30, Hazard: 0, Weather: 0, Cleric: 0, Screen: 0, Pass: 0",None
KINGDRA,B+,All-Rounder,"Hydro Pump: 577 (41.9%), Dragon Pulse: 336 (24.4%), Smoke Screen: 182 (13.2%), Ice Beam: 103 (7.5%), Yawn: 99 (7.2%), Hyper Beam: 41 (3.0%), Dragon Breath: 40 (2.9%)",406,216,1.88,85,2.27,5.17,1.9,49,163,159,10,2.67,411,"Koffing: 15, Rhydon: 13, Golem: 13","Alakazam: 9, Starmie: 8, Gengar: 8",0,"Damage: 73, Status: 22, Hazard: 0, Weather: 0, Cleric: 0, Screen: 0, Pass: 0",None
KINGLER,C-,All-Rounder,"Protect: 4628 (31.4%), Stomp: 4133 (28.1%), Metal Claw: 1959 (13.3%), Guillotine: 1524 (10.3%), Bubble Beam: 868 (5.9%), Brine: 706 (4.8%), X Scissor: 410 (2.8%), Crabhammer: 272 (1.8%), Slam: 233 (1.6%)",3297,2704,1.22,543,1.42,4.58,1.85,494,1240,580,231,-1.14,4300,"Magmar: 76, Koffing: 75, Seaking: 65","Magneton: 66, Weezing: 62, Magmar: 60",1,"Damage: 543, Status: 0, Hazard: 0, Weather: 0, Cleric: 0, Screen: 0, Pass: 0",None
KOFFING,E-,All-Rounder,"Sludge: 18700 (19.8%), Smoke Screen: 14226 (15.0%), Assurance: 13070 (13.8%), Smog: 11985 (12.7%), Gyro Ball: 10657 (11.3%), Tackle: 8293 (8.8%), Selfdestruct: 6805 (7.2%), Explosion: 5147 (5.4%), Sludge Bomb: 2495 (2.6%), Poison Gas: 1646 (1.7%), Haze: 1612 (1.7%)",16872,40168,0.42,4979,0.54,4.72,2.49,4299,7248,12414,7394,8.8,28750,"Rattata: 648, Magikarp: 643, Koffing: 456","Golduck: 626, Gyarados: 519, Graveler: 518",274,"Damage: 4976, Status: 1901, Hazard: 0, Weather: 0, Cleric: 0, Screen: 0, Pass: 0",None
KRABBY,F+,All-Rounder,"Bubble Beam: 3638 (24.2%), Harden: 3505 (23.3%), Mud Shot: 2034 (13.5%), Vice Grip: 1858 (12.4%), Leer: 1700 (11.3%), Metal Claw: 1473 (9.8%), Protect: 359 (2.4%), Slam: 242 (1.6%), Brine: 173 (1.2%), Guillotine: 31 (0.2%)",1559,5083,0.31,193,0.34,4.75,2.64,512,650,765,2068,4.08,4524,"Magikarp: 109, Rattata: 87, Geodude: 65","Koffing: 103, Seaking: 87, Gyarados: 80",5,"Damage: 193, Status: 0, Hazard: 0, Weather: 0, Cleric: 0, Screen: 0, Pass: 0",None
LANTURN,A+,All-Rounder,"Discharge: 2225 (25.5%), Signal Beam: 2220 (25.5%), Bubble Beam: 2110 (24.2%), Confuse Ray: 1182 (13.6%), Hydro Pump: 473 (5.4%), Aqua Ring: 406 (4.7%), Thunderbolt: 42 (0.5%), Thunder Wave: 32 (0.4%), Surf: 29 (0.3%)",3064,899,3.41,467,3.93,4.53,1.89,408,349,229,514,3.02,2393,"Koffing: 81, Magnemite: 73, Magikarp: 58","Vileplume: 29, Alakazam: 26, Victreebel: 24",0,"Damage: 439, Status: 262, Hazard: 0, Weather: 0, Cleric: 0, Screen: 0, Pass: 0",None
LAPRAS,B-,All-Rounder,"Ice Beam: 1869 (33.6%), Brine: 1341 (24.1%), Perish Song: 676 (12.1%), Rain Dance: 505 (9.1%), Hydro Pump: 362 (6.5%), Safeguard: 249 (4.5%), Sing: 145 (2.6%), Body Slam: 144 (2.6%), Blizzard: 142 (2.6%), Water Pulse: 87 (1.6%), Surf: 23 (0.4%), Psychic: 21 (0.4%)",1661,961,1.73,272,2.01,4.66,2.22,212,300,245,135,2.7,1799,"Seaking: 51, Quagsire: 37, Butterfree: 34","Magneton: 27, Poliwrath: 19, Starmie: 17",1,"Damage: 272, Status: 32, Hazard: 0, Weather: 0, Cleric: 0, Screen: 0, Pass: 0",None
LEDIAN,C,Defender,"Agility: 3319 (38.8%), Mach Punch: 2873 (33.6%), Silver Wind: 2337 (27.3%), Baton Pass: 32 (0.4%)",998,1021,0.98,682,1.65,6.37,3.19,319,196,288,216,4.55,1504,"Magikarp: 55, Rattata: 51, Bellsprout: 34","Graveler: 27, Seaking: 26, Rapidash: 20",0,"Damage: 628, Status: 0, Hazard: 0, Weather: 0, Cleric: 0, Screen: 0, Pass: 54",None
LEDYBA,F-,Disrupter,"Tackle: 4025 (52.3%), Supersonic: 2170 (28.2%), Comet Punch: 1496 (19.5%)",228,3886,0.06,421,0.17,3.03,1.47,415,1596,413,0,-9.48,4115,"Bellsprout: 56, Rattata: 26, Caterpie: 18","Koffing: 84, Graveler: 76, Golbat: 70",1,"Damage: 389, Status: 252, Hazard: 0, Weather: 0, Cleric: 0, Screen: 0, Pass: 0",None
LICKILICKY,A,All-Rounder,"Wring Out: 401 (33.8%), Thunderbolt: 265 (22.3%), Ice Beam: 259 (21.8%), Earthquake: 137 (11.5%), Flamethrower: 126 (10.6%)",497,218,2.28,95,2.72,4.04,1.86,79,33,63,31,9.28,460,"Sneasel: 28, Golbat: 22, Kadabra: 22","Alakazam: 23, Toxicroak: 9, Feraligatr: 8",0,"Damage: 95, Status: 6, Hazard: 0, Weather: 0, Cleric: 0, Screen: 0, Pass: 0",None
LICKITUNG,F,All-Rounder,"Supersonic: 2356 (27.9%), Cut: 1826 (21.6%), Lick: 1478 (17.5%), Me First: 1434 (17.0%), Disable: 800 (9.5%), Rollout: 354 (4.2%), Slam: 184 (2.2%), Struggle: 7 (0.1%)",392,2064,0.19,206,0.29,5.02,2.46,203,1725,407,390,-12.46,2346,"Magikarp: 36, Rattata: 26, Zubat: 25","Gyarados: 40, Sneasel: 39, Seaking: 38",0,"Damage: 206, Status: 96, Hazard: 0, Weather: 0, Cleric: 0, Screen: 0, Pass: 0",None
LINOONE,S-,Attacker,"Dig: 3453 (51.7%), Slash: 2221 (33.2%), Surf: 598 (8.9%), Belly Drum: 411 (6.1%)",2516,535,4.7,26,4.75,4.49,1.37,409,68,1476,0,22.27,1597,"Koffing: 76, Magnemite: 60, Magikarp: 58","Quagsire: 19, Weezing: 12, Sneasel: 12",0,"Damage: 26, Status: 0, Hazard: 0, Weather: 0, Cleric: 0, Screen: 0, Pass: 0",None
LOTAD,D+,All-Rounder,"Mega Drain: 986 (33.1%), Zen Headbutt: 905 (30.4%), Bubble Beam: 802 (26.9%), Rain Dance: 287 (9.6%)",977,931,1.05,163,1.22,2.86,1.94,141,110,169,153,6.59,1440,"Rattata: 41, Magikarp: 41, Zubat: 32","Graveler: 30, Golbat: 28, Butterfree: 20",0,"Damage: 163, Status: 0, Hazard: 0, Weather: 0, Cleric: 0, Screen: 0, Pass: 0",None
LUCARIO,B-,All-Rounder,"Iron Tail: 92 (57.5%), Counter: 32 (20.0%), Extreme Speed: 23 (14.4%), Close Combat: 13 (8.1%)",54,35,1.54,12,1.89,5.25,1.83,11,22,8,8,-3.63,48,"Dragonite: 6, Swalot: 4, Toxicroak: 4","Dragonite: 5, Toxicroak: 4, Charizard: 2",1,"Damage: 12, Status: 0, Hazard: 0, Weather: 0, Cleric: 0, Screen: 0, Pass: 0",None
LUVDISC,E+,Disrupter,"Water Pulse: 9225 (46.9%), Sweet Kiss: 4815 (24.5%), Aqua Ring: 2861 (14.5%), Attract: 1817 (9.2%), Captivate: 887 (4.5%), Struggle: 64 (0.3%)",1792,2427,0.74,432,0.92,12.18,5.41,547,1503,525,1436,-1.78,1561,"Magikarp: 58, Koffing: 53, Rattata: 52","Seaking: 77, Poliwhirl: 55, Gloom: 54",6,"Damage: 387, Status: 412, Hazard: 0, Weather: 0, Cleric: 0, Screen: 0, Pass: 0",None
MACHAMP,B+,Attacker,"Scary Face: 8623 (47.6%), Wake Up Slap: 2574 (14.2%), Cross Chop: 2116 (11.7%), Submission: 1796 (9.9%), Dynamic Punch: 1057 (5.8%), Revenge: 685 (3.8%), Vital Throw: 590 (3.3%), Stone Edge: 372 (2.1%), Rock Slide: 125 (0.7%), Bullet Punch: 89 (0.5%), Thunder Punch: 28 (0.2%), Earthquake: 26 (0.1%), Fling: 15 (0.1%), Attract: 2 (0.0%)",4892,2365,2.07,319,2.2,4.85,2.46,671,851,330,248,0.84,4996,"Magnemite: 135, Seaking: 114, Rattata: 110","Alakazam: 99, Golbat: 41, Graveler: 39",1,"Damage: 319, Status: 48, Hazard: 0, Weather: 0, Cleric: 0, Screen: 0, Pass: 0",None
MACHOKE,D-,All-Rounder,"Vital Throw: 4149 (17.7%), Submission: 3566 (15.2%), Revenge: 3307 (14.1%), Seismic Toss: 2824 (12.0%), Wake Up Slap: 2436 (10.4%), Leer: 1642 (7.0%), Foresight: 1632 (6.9%), Cross Chop: 1589 (6.8%), Scary Face: 1176 (5.0%), Karate Chop: 643 (2.7%), Rock Slide: 265 (1.1%), Focus Energy: 260 (1.1%)",6460,7314,0.88,675,0.98,3.8,2.1,1055,422,451,47,4.53,10218,"Rattata: 184, Magikarp: 177, Magnemite: 168","Graveler: 172, Seaking: 155, Golduck: 145",6,"Damage: 675, Status: 0, Hazard: 0, Weather: 0, Cleric: 0, Screen: 0, Pass: 0",None
MACHOP,E,All-Rounder,"Karate Chop: 3586 (13.9%), Vital Throw: 3374 (13.1%), Foresight: 3308 (12.8%), Leer: 3047 (11.8%), Revenge: 2731 (10.6%), Seismic Toss: 2351 (9.1%), Focus Energy: 2281 (8.9%), Submission: 2131 (8.3%), Wake Up Slap: 1962 (7.6%), Cross Chop: 812 (3.2%), Low Kick: 169 (0.7%), Struggle: 6 (0.0%)",5713,11133,0.51,1217,0.62,4.47,2.47,1610,302,595,0,7.22,10017,"Magikarp: 330, Rattata: 264, Bellsprout: 184","Koffing: 209, Seaking: 207, Graveler: 202",23,"Damage: 1217, Status: 0, Hazard: 0, Weather: 0, Cleric: 0, Screen: 0, Pass: 0",None
MAGBY,D+,Disrupter,"Fire Spin: 1500 (28.8%), Faint Attack: 1475 (28.3%), Smoke Screen: 1290 (24.8%), Confuse Ray: 935 (18.0%), Struggle: 3 (0.1%)",502,1111,0.45,865,1.23,4.39,1.72,152,543,700,0,5.23,1427,"Magikarp: 38, Rattata: 27, Bellsprout: 27","Sneasel: 29, Seaking: 27, Koffing: 26",0,"Damage: 698, Status: 613, Hazard: 0, Weather: 0, Cleric: 0, Screen: 0, Pass: 0",None
MAGCARGO,A+,Attacker,"Rock Slide: 5354 (31.2%), Overheat: 3158 (18.4%), Yawn: 2122 (12.4%), Recover: 1754 (10.2%), Lava Plume: 1500 (8.7%), Amnesia: 1184 (6.9%), Ancient Power: 1131 (6.6%), Sunny Day: 351 (2.0%), Smog: 323 (1.9%), Curse: 104 (0.6%), Body Slam: 91 (0.5%), Stone Edge: 88 (0.5%), Struggle: 11 (0.1%), Gyro Ball: 7 (0.0%)",6128,1674,3.66,442,3.92,4.62,2.3,670,1334,630,1058,0.04,4784,"Koffing: 197, Magikarp: 136, Magnemite: 134","Quagsire: 65, Golduck: 61, Alakazam: 57",0,"Damage: 417, Status: 218, Hazard: 0, Weather: 2, Cleric: 0, Screen: 0, Pass: 0",None
MAGIKARP,F-,Defender,"Splash: 45168 (53.4%), Tackle: 38271 (45.3%), Flail: 1005 (1.2%), Struggle: 96 (0.1%)",1572,36078,0.04,665,0.06,11.14,6.66,2312,3448,4962,0,4.27,10380,"Magikarp: 175, Bellsprout: 166, Rattata: 152","Koffing: 643, Gyarados: 539, Seaking: 518",205,"Damage: 665, Status: 0, Hazard: 0, Weather: 0, Cleric: 0, Screen: 0, Pass: 0",None
MAGMAR,C+,Disrupter,"Fire Punch: 12712 (17.5%), Confuse Ray: 12158 (16.7%), Faint Attack: 9856 (13.5%), Flamethrower: 9059 (12.4%), Fire Spin: 7928 (10.9%), Lava Plume: 7422 (10.2%), Smoke Screen: 4566 (6.3%), Leer: 1864 (2.6%), Ember: 1850 (2.5%), Protect: 1557 (2.1%), Sunny Day: 1423 (2.0%), Overheat: 1099 (1.5%), Smog: 1050 (1.4%), Thunder Punch: 239 (0.3%), Struggle: 9 (0.0%)",18238,13318,1.37,4369,1.7,4.5,1.94,2913,4077,4874,2640,4.83,19189,"Magnemite: 548, Koffing: 486, Magikarp: 438","Graveler: 377, Quagsire: 334, Seaking: 333",1,"Damage: 3723, Status: 3273, Hazard: 0, Weather: 7, Cleric: 0, Screen: 0, Pass: 0",None
MAGMORTAR,S-,Attacker,"Flamethrower: 1011 (29.4%), Fire Blast: 827 (24.1%), Lava Plume: 777 (22.6%), Sunny Day: 663 (19.3%), Thunderbolt: 100 (2.9%), Confuse Ray: 54 (1.6%), Low Kick: 1 (0.0%)",1652,331,4.99,160,5.47,4.59,1.51,148,168,144,106,3.19,1058,"Seaking: 54, Koffing: 33, Golbat: 33","Rapidash: 16, Flareon: 15, Golem: 13",0,"Damage: 145, Status: 87, Hazard: 0, Weather: 0, Cleric: 0, Screen: 0, Pass: 0",None
MAGNEMITE,E,Disrupter,"Lock On: 16582 (18.8%), Sonic Boom: 14065 (16.0%), Thunder Wave: 9988 (11.3%), Spark: 9006 (10.2%), Magnet Bomb: 7737 (8.8%), Supersonic: 7728 (8.8%), Thunder Shock: 7549 (8.6%), Discharge: 4090 (4.6%), Thunderbolt: 3355 (3.8%), Tackle: 3126 (3.5%), Screech: 2441 (2.8%), Metal Sound: 1871 (2.1%), Shock Wave: 520 (0.6%), Struggle: 15 (0.0%)",11990,22661,0.53,2803,0.65,6.43,3.15,2038,7134,3974,3142,-1.26,18216,"Magikarp: 453, Rattata: 371, Zubat: 351","Seaking: 563, Magmar: 548, Graveler: 459",102,"Damage: 2328, Status: 1870, Hazard: 0, Weather: 0, Cleric: 0, Screen: 0, Pass: 0",None
MAGNETON,B,Defender,"Magnet Bomb: 6935 (19.3%), Lock On: 6149 (17.1%), Screech: 6085 (16.9%), Discharge: 3421 (9.5%), Mirror Shot: 2552 (7.1%), Spark: 2519 (7.0%), Thunder Wave: 2294 (6.4%), Thunderbolt: 2234 (6.2%), Supersonic: 1689 (4.7%), Gyro Ball: 1646 (4.6%), Double Team: 337 (0.9%), Shock Wave: 163 (0.5%)",8188,4597,1.78,1315,2.07,5.48,2.57,1145,2263,2410,1216,3.41,8614,"Seaking: 319, Gyarados: 205, Magikarp: 194","Graveler: 125, Magmar: 123, Quagsire: 122",8,"Damage: 1167, Status: 672, Hazard: 0, Weather: 0, Cleric: 0, Screen: 0, Pass: 0",None
MAGNEZONE,B,Attacker,"Zap Cannon: 376 (31.1%), Thunderbolt: 152 (12.6%), Lock On: 142 (11.7%), Mirror Coat: 138 (11.4%), Mirror Shot: 127 (10.5%), Double Team: 115 (9.5%), Magnet Rise: 78 (6.5%), Metal Sound: 73 (6.0%), Struggle: 8 (0.7%)",333,167,1.99,24,2.14,5.58,2.38,24,183,162,44,-0.01,350,"Gengar: 19, Crobat: 18, Golem: 14","Alakazam: 13, Gengar: 10, Quagsire: 8",0,"Damage: 24, Status: 13, Hazard: 0, Weather: 0, Cleric: 0, Screen: 0, Pass: 0",None
MAKUHITA,C-,All-Rounder,"Endure: 1174 (30.0%), Seismic Toss: 955 (24.4%), Wake Up Slap: 892 (22.8%), Close Combat: 890 (22.8%)",1126,1063,1.06,417,1.45,3.23,1.82,108,74,190,0,5.46,1548,"Magikarp: 55, Rattata: 45, Goldeen: 33","Seaking: 29, Seadra: 27, Golduck: 26",0,"Damage: 417, Status: 0, Hazard: 0, Weather: 0, Cleric: 0, Screen: 0, Pass: 0",None
MAMOSWINE,A,All-Rounder,"Earthquake: 83 (40.3%), Stone Edge: 54 (26.2%), Double Team: 46 (22.3%), Avalanche: 23 (11.2%)",97,40,2.42,18,2.88,4.47,1.32,12,19,36,0,11.98,72,"Magneton: 4, Venomoth: 4, Hitmonlee: 3","Kingdra: 3, Heracross: 3, Lapras: 2",0,"Damage: 18, Status: 0, Hazard: 0, Weather: 0, Cleric: 0, Screen: 0, Pass: 0",None
MANECTRIC,B+,All-Rounder,"Overheat: 226 (55.7%), Discharge: 92 (22.7%), Thunder Wave: 61 (15.0%), Natural Gift: 27 (6.7%)",125,96,1.3,85,2.19,3.68,1.25,24,34,12,11,-1.91,165,"Steelix: 8, Victreebel: 7, Magneton: 7","Quagsire: 11, Gengar: 9, Poliwrath: 5",0,"Damage: 77, Status: 46, Hazard: 0, Weather: 0, Cleric: 0, Screen: 0, Pass: 0",None
MANKEY,E-,All-Rounder,"Screech: 4769 (30.2%), Seismic Toss: 3000 (19.0%), Karate Chop: 2754 (17.4%), Focus Energy: 969 (6.1%), Assurance: 910 (5.8%), Fury Swipes: 907 (5.7%), Scratch: 865 (5.5%), Leer: 841 (5.3%), Low Kick: 790 (5.0%)",2308,5956,0.39,738,0.51,3.88,1.96,814,1325,768,0,1.55,5737,"Magikarp: 176, Rattata: 151, Bellsprout: 119","Koffing: 119, Gyarados: 101, Seaking: 100",0,"Damage: 738, Status: 0, Hazard: 0, Weather: 0, Cleric: 0, Screen: 0, Pass: 0",None
MANTINE,D,Disrupter,"Wing Attack: 558 (30.5%), Psybeam: 526 (28.8%), Water Pulse: 458 (25.0%), Confuse Ray: 287 (15.7%)",343,373,0.92,77,1.13,4.86,2.03,98,31,65,90,6.21,577,"Machoke: 14, Quagsire: 13, Magmar: 11","Golem: 11, Seaking: 9, Vileplume: 8",0,"Damage: 63, Status: 47, Hazard: 0, Weather: 0, Cleric: 0, Screen: 0, Pass: 0",None
MAREEP,E,Disrupter,"Thunder Shock: 5092 (24.6%), Discharge: 3199 (15.5%), Cotton Spore: 3116 (15.1%), Charge: 2835 (13.7%), Tackle: 2533 (12.3%), Growl: 1568 (7.6%), Thunder Wave: 1388 (6.7%), Signal Beam: 925 (4.5%), Struggle: 6 (0.0%)",3942,6767,0.58,1038,0.74,3.44,1.68,686,1290,930,765,1.56,8509,"Magikarp: 277, Rattata: 181, Zubat: 149","Graveler: 159, Seaking: 136, Koffing: 116",0,"Damage: 751, Status: 787, Hazard: 0, Weather: 0, Cleric: 0, Screen: 0, Pass: 0",None
MARILL,E,All-Rounder,"Double Edge: 7851 (19.9%), Rollout: 7179 (18.2%), Aqua Tail: 5962 (15.1%), Aqua Ring: 3662 (9.3%), Bubble Beam: 3547 (9.0%), Water Gun: 3276 (8.3%), Rain Dance: 3154 (8.0%), Tail Whip: 2335 (5.9%), Defense Curl: 1780 (4.5%), Hydro Pump: 716 (1.8%), Struggle: 37 (0.1%)",5484,11550,0.47,1740,0.63,4.7,2.6,1506,2623,2273,258,2.73,12151,"Magikarp: 232, Rattata: 203, Gastly: 171","Seaking: 230, Graveler: 216, Koffing: 210",12,"Damage: 1740, Status: 0, Hazard: 0, Weather: 0, Cleric: 0, Screen: 0, Pass: 0",None
MAROWAK,E,Attacker,"Leer: 6509 (41.4%), Rage: 2403 (15.3%), Focus Energy: 1885 (12.0%), Thrash: 1696 (10.8%), Double Edge: 1213 (7.7%), Bonemerang: 1011 (6.4%), False Swipe: 879 (5.6%), Bone Rush: 81 (0.5%), Endeavor: 33 (0.2%), Struggle: 3 (0.0%)",2049,3335,0.61,106,0.65,6.72,3.89,846,1096,679,0,2.62,3065,"Rattata: 62, Butterfree: 57, Magikarp: 55","Seaking: 61, Gyarados: 58, Butterfree: 56",0,"Damage: 106, Status: 0, Hazard: 0, Weather: 0, Cleric: 0, Screen: 0, Pass: 0",None
MEDICHAM,S,Attacker,"Psycho Cut: 1898 (50.3%), Hi Jump Kick: 947 (25.1%), Thunder Punch: 787 (20.9%), Attract: 141 (3.7%)",2659,169,15.73,131,16.51,3.05,0.73,325,138,65,20,6.43,1336,"Koffing: 74, Magikarp: 58, Rattata: 54","Gengar: 9, Crobat: 7, Exeggutor: 6",0,"Damage: 131, Status: 7, Hazard: 0, Weather: 0, Cleric: 0, Screen: 0, Pass: 0",None
MEDITITE,F+,All-Rounder,"Power Trick: 538 (40.6%), Hi Jump Kick: 310 (23.4%), Force Palm: 284 (21.4%), Psych Up: 194 (14.6%)",196,602,0.33,69,0.44,3.59,1.69,31,31,71,55,4.94,718,"Gloom: 8, Electrode: 7, Zubat: 7","Golbat: 20, Haunter: 16, Qwilfish: 16",0,"Damage: 69, Status: 5, Hazard: 0, Weather: 0, Cleric: 0, Screen: 0, Pass: 0",None
MEGANIUM,S-,Support,"Petal Dance: 5468 (64.0%), Body Slam: 1324 (15.5%), Reflect: 559 (6.5%), Light Screen: 559 (6.5%), Synthesis: 450 (5.3%), Poison Powder: 182 (2.1%)",3891,948,4.1,565,4.7,4.37,1.76,409,238,327,135,5.66,2854,"Seaking: 131, Quagsire: 89, Koffing: 86","Golbat: 41, Arcanine: 27, Alakazam: 22",2,"Damage: 523, Status: 96, Hazard: 0, Weather: 0, Cleric: 0, Screen: 57, Pass: 0",None
MEOWTH,F+,Attacker,"Bite: 2920 (16.8%), Growl: 2757 (15.8%), Pay Day: 2676 (15.4%), Slash: 2379 (13.7%), Faint Attack: 1800 (10.3%), Taunt: 1706 (9.8%), Scratch: 1491 (8.6%), Fury Swipes: 1269 (7.3%), Fake Out: 377 (2.2%), Struggle: 20 (0.1%)",2439,6351,0.38,161,0.41,5.02,2.83,962,619,723,990,5.8,4204,"Magikarp: 202, Rattata: 112, Bellsprout: 86","Seaking: 117, Sneasel: 107, Gyarados: 105",10,"Damage: 161, Status: 0, Hazard: 0, Weather: 0, Cleric: 0, Screen: 0, Pass: 0",None
METAGROSS,S,Attacker,"Meteor Mash: 1771 (45.7%), Bullet Punch: 1689 (43.6%), Gravity: 400 (10.3%), Explosion: 16 (0.4%)",2493,149,16.73,148,17.72,3.46,1.02,205,210,51,302,0.96,1344,"Koffing: 57, Magikarp: 57, Rattata: 54","Magmar: 9, Feraligatr: 8, Typhlosion: 8",0,"Damage: 148, Status: 0, Hazard: 0, Weather: 0, Cleric: 0, Screen: 0, Pass: 0",None
METAPOD,F,Defender,"Harden: 42251 (83.0%), Bug Bite: 2497 (4.9%), String Shot: 2341 (4.6%), Tackle: 2181 (4.3%), Struggle: 1638 (3.2%)",862,7240,0.12,611,0.2,15.3,9.35,388,495,2621,0,4.7,4099,"Magikarp: 135, Rattata: 76, Geodude: 39","Magmar: 123, Seaking: 114, Gyarados: 110",12,"Damage: 611, Status: 0, Hazard: 0, Weather: 0, Cleric: 0, Screen: 0, Pass: 0",None
MILOTIC,A-,Defender,"Sleep Talk: 107 (34.4%), Hydro Pump: 90 (28.9%), Ice Beam: 69 (22.2%), Rest: 42 (13.5%), Struggle: 3 (1.0%)",56,28,2.0,18,2.64,11.05,5.05,8,29,23,3,-0.39,40,"Gengar: 4, Lickilicky: 3, Tangrowth: 3","Venusaur: 2, Victreebel: 2, Tyranitar: 2",0,"Damage: 18, Status: 1, Hazard: 0, Weather: 0, Cleric: 0, Screen: 0, Pass: 0",None
MILTANK,E+,Attacker,"Stomp: 4566 (63.9%), Rollout: 701 (9.8%), Attract: 662 (9.3%), Milk Drink: 632 (8.8%), Body Slam: 399 (5.6%), Sleep Talk: 115 (1.6%), Rest: 66 (0.9%), Struggle: 10 (0.1%)",871,1048,0.83,69,0.9,7.01,2.66,340,292,268,82,4.16,1402,"Rattata: 33, Zubat: 24, Goldeen: 21","Seaking: 23, Graveler: 19, Butterfree: 18",0,"Damage: 69, Status: 6, Hazard: 0, Weather: 0, Cleric: 0, Screen: 0, Pass: 0",None
MINUN,B-,All-Rounder,"Thunder: 1223 (40.8%), Swift: 611 (20.4%), Charge: 584 (19.5%), Fake Tears: 581 (19.4%)",847,573,1.48,173,1.78,3.04,1.43,104,388,114,0,-5.46,1304,"Koffing: 28, Magikarp: 26, Magnemite: 24","Graveler: 29, Quagsire: 17, Golem: 17",0,"Damage: 173, Status: 0, Hazard: 0, Weather: 0, Cleric: 0, Screen: 0, Pass: 0",None
MISMAGIUS,F,All-Rounder,"Perish Song: 40 (31.5%), Astonish: 37 (29.1%), Mean Look: 34 (26.8%), Confuse Ray: 16 (12.6%)",1,64,0.02,20,0.33,3.84,1.7,5,0,7,11,9.1,70,Gengar: 1,"Crobat: 4, Rapidash: 4, Gyarados: 3",0,"Damage: 17, Status: 9, Hazard: 0, Weather: 0, Cleric: 0, Screen: 0, Pass: 0",None
MR MIME,A-,Support / Passer,"Psychic: 15263 (35.3%), Double Slap: 4973 (11.5%), Substitute: 4072 (9.4%), Double Team: 3705 (8.6%), Light Screen: 3052 (7.1%), Psybeam: 2963 (6.8%), Meditate: 2842 (6.6%), Reflect: 2289 (5.3%), Encore: 2099 (4.9%), Mimic: 871 (2.0%), Baton Pass: 558 (1.3%), Trick Room: 329 (0.8%), Skill Swap: 105 (0.2%), Thunder: 73 (0.2%), Struggle: 47 (0.1%), Recycle: 18 (0.0%), Trick: 6 (0.0%)",10640,5023,2.12,2697,2.66,5.16,1.67,1410,1510,3227,722,6.67,10370,"Koffing: 339, Magikarp: 312, Rattata: 289","Sneasel: 148, Seaking: 114, Gyarados: 109",1,"Damage: 1571, Status: 42, Hazard: 0, Weather: 0, Cleric: 0, Screen: 349, Pass: 888","Tackle: 116 (10.9%), Defense Curl: 52 (4.9%), Splash: 52 (4.9%), Quick Attack: 47 (4.4%), Harden: 35 (3.3%), Curse: 35 (3.3%), Double Team: 34 (3.2%), Rest: 30 (2.8%), Disable: 29 (2.7%), Water Gun: 23 (2.2%), Amnesia: 20 (1.9%), Tailwind: 20 (1.9%), Poison Sting: 18 (1.7%), Vine Whip: 17 (1.6%), Confusion: 16 (1.5%), Rapid Spin: 14 (1.3%), Thunder Shock: 14 (1.3%), Sand Attack: 14 (1.3%), Sucker Punch: 13 (1.2%), Gust: 13 (1.2%), Protect: 12 (1.1%), Astonish: 12 (1.1%), Safeguard: 12 (1.1%), Mud Bomb: 11 (1.0%), Ember: 11 (1.0%), Agility: 10 (0.9%), Tail Whip: 10 (0.9%), Hypnosis: 10 (0.9%), Leer: 10 (0.9%), Aqua Ring: 9 (0.8%), Sing: 9 (0.8%), Karate Chop: 9 (0.8%), Charge: 9 (0.8%), Growth: 8 (0.8%), String Shot: 8 (0.8%), Endure: 8 (0.8%), Rock Polish: 7 (0.7%), Scratch: 7 (0.7%), Bite: 7 (0.7%), Bug Buzz: 7 (0.7%), Ice Shard: 7 (0.7%), Acid: 7 (0.7%), Uproar: 6 (0.6%), Peck: 6 (0.6%), Mean Look: 6 (0.6%), Constrict: 6 (0.6%), Leech Life: 6 (0.6%), Rollout: 6 (0.6%), Yawn: 6 (0.6%), Bubble Beam: 6 (0.6%), Present: 6 (0.6%), Double Kick: 5 (0.5%), Conversion 2: 5 (0.5%), Icicle Spear: 5 (0.5%), Flash: 5 (0.5%), Bullet Seed: 5 (0.5%), Low Kick: 5 (0.5%), Night Shade: 5 (0.5%), Camouflage: 5 (0.5%), Recover: 5 (0.5%), Super Fang: 5 (0.5%), Mud Sport: 5 (0.5%), Swift: 4 (0.4%), Screech: 4 (0.4%), Metal Claw: 4 (0.4%), Charm: 4 (0.4%), Bubble: 4 (0.4%), Take Down: 4 (0.4%), Lock On: 4 (0.4%), Minimize: 4 (0.4%), Faint Attack: 4 (0.4%), Reflect: 3 (0.3%), Focus Energy: 3 (0.3%), Spite: 3 (0.3%), Flail: 3 (0.3%), Bind: 3 (0.3%), Zen Headbutt: 3 (0.3%), Feather Dance: 3 (0.3%), Magnitude: 3 (0.3%), Stun Spore: 3 (0.3%), Supersonic: 3 (0.3%), Horn Attack: 3 (0.3%), Absorb: 3 (0.3%), Cut: 3 (0.3%), Rock Throw: 3 (0.3%), Stockpile: 3 (0.3%), Pursuit: 3 (0.3%), Night Slash: 3 (0.3%), Synthesis: 3 (0.3%), Leaf Storm: 3 (0.3%), Psychic: 2 (0.2%), Aurora Beam: 2 (0.2%), Scary Face: 2 (0.2%), Smog: 2 (0.2%), Water Pulse: 2 (0.2%), Vice Grip: 2 (0.2%), Pound: 2 (0.2%), Headbutt: 2 (0.2%), Slam: 2 (0.2%), Payback: 2 (0.2%), Seismic Toss: 1 (0.1%), Sludge: 1 (0.1%), Rage: 1 (0.1%), Focus Blast: 1 (0.1%), Growl: 1 (0.1%), Slash: 1 (0.1%), Rain Dance: 1 (0.1%), Bug Bite: 1 (0.1%), Assurance: 1 (0.1%), Future Sight: 1 (0.1%), Belly Drum: 1 (0.1%), Razor Leaf: 1 (0.1%), Mega Drain: 1 (0.1%), Smoke Screen: 1 (0.1%), Double Edge: 1 (0.1%), Aerial Ace: 1 (0.1%), Metal Sound: 1 (0.1%), Sandstorm: 1 (0.1%), Rock Tomb: 1 (0.1%), Light Screen: 1 (0.1%), Sleep Powder: 1 (0.1%), Fake Tears: 1 (0.1%), Sonic Boom: 1 (0.1%), Icy Wind: 1 (0.1%), Wing Attack: 1 (0.1%), Sweet Scent: 1 (0.1%), Sunny Day: 1 (0.1%), Earth Power: 1 (0.1%), Fury Swipes: 1 (0.1%), Confuse Ray: 1 (0.1%), Thunderbolt: 1 (0.1%), Crunch: 1 (0.1%)"
MUK,D-,Defender,"Sludge: 6783 (22.7%), Mud Bomb: 5828 (19.5%), Minimize: 5040 (16.9%), Disable: 3997 (13.4%), Sludge Bomb: 3506 (11.8%), Screech: 1557 (5.2%), Acid Armor: 1384 (4.6%), Fling: 723 (2.4%), Gunk Shot: 594 (2.0%), Swagger: 214 (0.7%), Toxic: 188 (0.6%), Struggle: 12 (0.0%)",3303,4270,0.77,989,1.01,6.53,2.73,946,3237,7094,3511,13.07,6278,"Magnemite: 113, Magikarp: 96, Zubat: 77","Graveler: 102, Seaking: 100, Quagsire: 85",7,"Damage: 924, Status: 537, Hazard: 0, Weather: 0, Cleric: 0, Screen: 0, Pass: 0",None
MURKROW,D-,All-Rounder,"Wing Attack: 1542 (38.1%), Night Shade: 1328 (32.8%), Pursuit: 741 (18.3%), Pluck: 264 (6.5%), Faint Attack: 65 (1.6%), Astonish: 55 (1.4%), Whirlwind: 30 (0.7%), Sucker Punch: 25 (0.6%)",1073,1539,0.7,368,0.94,3.6,1.31,301,79,181,4,9.52,2009,"Butterfree: 40, Parasect: 31, Gloom: 30","Rapidash: 35, Magmar: 33, Magneton: 32",3,"Damage: 368, Status: 0, Hazard: 0, Weather: 0, Cleric: 0, Screen: 0, Pass: 0",None
NATU,D-,All-Rounder,"Me First: 2586 (50.2%), Night Shade: 1369 (26.6%), Leer: 643 (12.5%), Confuse Ray: 553 (10.7%)",698,1202,0.58,462,0.97,4.33,1.77,54,181,234,56,1.98,1510,"Magikarp: 54, Rattata: 42, Zubat: 30","Raticate: 27, Gyarados: 25, Koffing: 24",0,"Damage: 385, Status: 218, Hazard: 0, Weather: 0, Cleric: 0, Screen: 0, Pass: 0",None
NIDOKING,A-,All-Rounder,"Thrash: 5402 (16.6%), Double Kick: 5033 (15.4%), Poison Sting: 4817 (14.8%), Earth Power: 3876 (11.9%), Focus Energy: 3752 (11.5%), Shadow Claw: 3246 (10.0%), Peck: 2752 (8.4%), Poison Jab: 1477 (4.5%), Focus Blast: 1324 (4.1%), Megahorn: 761 (2.3%), Fury Attack: 151 (0.5%)",10548,5150,2.05,1631,2.36,4.14,1.93,4574,1614,1134,1484,12.09,9767,"Magikarp: 336, Rattata: 305, Koffing: 257","Seaking: 113, Gyarados: 113, Graveler: 102",0,"Damage: 1616, Status: 489, Hazard: 0, Weather: 0, Cleric: 0, Screen: 0, Pass: 0",None
NIDOQUEEN,C+,All-Rounder,"Body Slam: 3922 (19.8%), Double Kick: 3452 (17.4%), Tail Whip: 3152 (15.9%), Earth Power: 2970 (15.0%), Poison Sting: 2222 (11.2%), Poison Jab: 1823 (9.2%), Superpower: 1447 (7.3%), Scratch: 328 (1.7%), Crunch: 299 (1.5%), Roar: 88 (0.4%), Poison Fang: 69 (0.3%), Captivate: 39 (0.2%)",4879,3374,1.45,979,1.74,4.77,2.29,1174,730,769,1892,6.03,5752,"Magnemite: 110, Seaking: 87, Magmar: 83","Gyarados: 84, Seaking: 76, Alakazam: 71",2,"Damage: 966, Status: 339, Hazard: 0, Weather: 0, Cleric: 0, Screen: 0, Pass: 0",None
NIDORAN F,F-,Attacker,"Scratch: 1223 (34.4%), Tail Whip: 1189 (33.4%), Growl: 1142 (32.1%), Struggle: 1 (0.0%)",133,1288,0.1,4,0.11,3.75,2.02,72,246,181,0,0.19,1340,"Bellsprout: 26, Caterpie: 23, Magikarp: 17","Koffing: 32, Rattata: 20, Sneasel: 18",0,"Damage: 4, Status: 0, Hazard: 0, Weather: 0, Cleric: 0, Screen: 0, Pass: 0",None
NIDORAN M,F,Attacker,"Peck: 907 (37.3%), Leer: 612 (25.2%), Double Kick: 511 (21.0%), Focus Energy: 403 (16.6%)",227,1251,0.18,1,0.18,2.88,1.47,307,131,162,0,13.03,1345,"Bellsprout: 36, Rattata: 26, Magikarp: 19","Koffing: 30, Gyarados: 18, Seaking: 18",0,"Damage: 1, Status: 0, Hazard: 0, Weather: 0, Cleric: 0, Screen: 0, Pass: 0",None
NIDORINA,E+,All-Rounder,"Bite: 12879 (37.7%), Tail Whip: 6913 (20.2%), Flatter: 3412 (10.0%), Poison Sting: 3089 (9.0%), Toxic Spikes: 2940 (8.6%), Fury Swipes: 2594 (7.6%), Double Kick: 1120 (3.3%), Helping Hand: 732 (2.1%), Scratch: 494 (1.4%)",3482,7162,0.49,2881,0.89,5.06,2.52,1386,1800,1385,3852,2.9,9056,"Magikarp: 191, Rattata: 160, Bellsprout: 100","Seaking: 184, Quagsire: 125, Golduck: 124",0,"Damage: 2349, Status: 1568, Hazard: 509, Weather: 0, Cleric: 0, Screen: 0, Pass: 0",None
NIDORINO,E-,All-Rounder,"Horn Attack: 2632 (24.2%), Poison Sting: 1961 (18.0%), Fury Attack: 1506 (13.8%), Double Kick: 1194 (11.0%), Flatter: 1000 (9.2%), Focus Energy: 672 (6.2%), Toxic Spikes: 582 (5.3%), Peck: 507 (4.7%), Poison Jab: 493 (4.5%), Helping Hand: 338 (3.1%), Struggle: 3 (0.0%)",1307,4122,0.32,732,0.49,3.99,1.88,899,652,587,633,7.51,4973,"Magnemite: 46, Voltorb: 33, Zubat: 25","Seaking: 88, Golduck: 74, Magmar: 73",2,"Damage: 594, Status: 406, Hazard: 47, Weather: 0, Cleric: 0, Screen: 0, Pass: 0",None
NINCADA,B-,All-Rounder,"Dig: 1960 (31.8%), Leech Life: 1594 (25.9%), Metal Claw: 1562 (25.4%), Mud Slap: 1038 (16.9%)",1063,932,1.14,706,1.9,5.13,2.15,307,120,1287,989,19.82,1459,"Magikarp: 55, Rattata: 53, Zubat: 35","Seaking: 35, Golbat: 28, Butterfree: 25",0,"Damage: 706, Status: 0, Hazard: 0, Weather: 0, Cleric: 0, Screen: 0, Pass: 0",None
NINETALES,B+,Disrupter,"Quick Attack: 4419 (34.6%), Flamethrower: 2103 (16.5%), Will O Wisp: 1951 (15.3%), Nasty Plot: 1480 (11.6%), Overheat: 1291 (10.1%), Confuse Ray: 647 (5.1%), Fire Blast: 585 (4.6%), Roar: 306 (2.4%)",3379,1697,1.99,391,2.22,4.9,2.08,488,944,405,135,-0.33,3241,"Magnemite: 94, Butterfree: 88, Koffing: 80","Graveler: 46, Quagsire: 44, Golduck: 38",3,"Damage: 323, Status: 322, Hazard: 0, Weather: 0, Cleric: 0, Screen: 0, Pass: 0",None
NOCTOWL,A,Attacker,"Air Slash: 11569 (25.7%), Zen Headbutt: 6206 (13.8%), Take Down: 5410 (12.0%), Extrasensory: 5221 (11.6%), Confusion: 4693 (10.4%), Reflect: 3776 (8.4%), Hypnosis: 2754 (6.1%), Peck: 1823 (4.1%), Uproar: 1718 (3.8%), Dream Eater: 1072 (2.4%), Roost: 498 (1.1%), Psycho Shift: 112 (0.2%), Shadow Ball: 97 (0.2%), Feather Dance: 36 (0.1%)",12429,4908,2.53,688,2.67,5.31,2.49,2139,3659,1501,3062,-0.09,10333,"Koffing: 392, Magikarp: 289, Magnemite: 283","Graveler: 166, Sneasel: 110, Seaking: 104",0,"Damage: 686, Status: 60, Hazard: 0, Weather: 0, Cleric: 0, Screen: 0, Pass: 0",None
NUMEL,A+,Attacker,"Magnitude: 1485 (27.8%), Earth Power: 1442 (27.0%), Overheat: 1260 (23.6%), Amnesia: 1147 (21.5%), Struggle: 1 (0.0%)",2202,704,3.13,30,3.17,3.93,2.04,230,244,164,69,2.94,1576,"Koffing: 67, Magikarp: 59, Rattata: 54","Graveler: 19, Quagsire: 19, Golduck: 19",0,"Damage: 30, Status: 0, Hazard: 0, Weather: 0, Cleric: 0, Screen: 0, Pass: 0",None
OCTILLERY,D+,All-Rounder,"Wring Out: 2225 (26.0%), Octazooka: 2134 (24.9%), Bullet Seed: 1765 (20.6%), Signal Beam: 1444 (16.8%), Aurora Beam: 513 (6.0%), Focus Energy: 490 (5.7%)",2193,1993,1.1,321,1.26,4.64,2.38,873,509,573,636,10.46,2966,"Magnemite: 71, Koffing: 65, Seaking: 55","Seaking: 48, Butterfree: 46, Weezing: 44",0,"Damage: 321, Status: 21, Hazard: 0, Weather: 0, Cleric: 0, Screen: 0, Pass: 0",None
ODDISH,E,Disrupter,"Mega Drain: 6354 (28.1%), Petal Dance: 3621 (16.0%), Acid: 3376 (14.9%), Stun Spore: 2374 (10.5%), Absorb: 2134 (9.4%), Sweet Scent: 1871 (8.3%), Poison Powder: 1196 (5.3%), Sleep Powder: 909 (4.0%), Giga Drain: 388 (1.7%), Moonlight: 384 (1.7%), Struggle: 20 (0.1%), Natural Gift: 12 (0.1%)",3625,6532,0.55,1048,0.72,4.18,2.08,915,1889,1114,270,0.61,8123,"Magikarp: 224, Rattata: 143, Bellsprout: 114","Koffing: 127, Seaking: 119, Magmar: 117",4,"Damage: 958, Status: 607, Hazard: 0, Weather: 0, Cleric: 0, Screen: 0, Pass: 0",None
OMASTAR,D+,All-Rounder,"Brine: 213 (37.0%), Protect: 160 (27.8%), Ancient Power: 153 (26.6%), Sandstorm: 32 (5.6%), Spike Cannon: 18 (3.1%)",159,151,1.05,24,1.21,4.5,1.78,15,19,24,13,3.08,226,"Gyarados: 7, Golem: 6, Nidoking: 5","Alakazam: 10, Starmie: 9, Meganium: 8",0,"Damage: 21, Status: 0, Hazard: 0, Weather: 5, Cleric: 0, Screen: 0, Pass: 0",None
ONIX,E+,Weather,"Rock Polish: 23049 (25.5%), Curse: 18121 (20.0%), Sandstorm: 8087 (8.9%), Slam: 7826 (8.6%), Rock Tomb: 6902 (7.6%), Screech: 5751 (6.4%), Dragon Breath: 5003 (5.5%), Iron Tail: 3591 (4.0%), Rage: 3400 (3.8%), Harden: 2705 (3.0%), Rock Throw: 2595 (2.9%), Bind: 1605 (1.8%), Double Edge: 551 (0.6%), Rock Slide: 534 (0.6%), Sand Tomb: 478 (0.5%), Earthquake: 249 (0.3%), Stealth Rock: 41 (0.0%), Struggle: 39 (0.0%)",6486,13890,0.47,4281,0.78,7.3,4.05,1524,8519,3805,5330,-3.37,14836,"Magikarp: 431, Rattata: 333, Zubat: 215","Butterfree: 264, Seaking: 252, Golduck: 232",23,"Damage: 3480, Status: 250, Hazard: 21, Weather: 2391, Cleric: 0, Screen: 0, Pass: 0",None
PACHIRISU,E+,All-Rounder,"Discharge: 108 (47.4%), Super Fang: 63 (27.6%), Sweet Kiss: 41 (18.0%), Quick Attack: 16 (7.0%)",25,52,0.48,14,0.75,5.32,2.02,13,23,8,22,-2.33,62,"Alakazam: 2, Typhlosion: 2, Poliwrath: 2","Gengar: 5, Alakazam: 3, Primeape: 3",0,"Damage: 13, Status: 9, Hazard: 0, Weather: 0, Cleric: 0, Screen: 0, Pass: 0",None
PARAS,E+,All-Rounder,"Slash: 5827 (27.2%), Giga Drain: 3548 (16.6%), Scratch: 3522 (16.4%), Growth: 3125 (14.6%), Leech Life: 1466 (6.8%), Spore: 1159 (5.4%), Stun Spore: 1087 (5.1%), Attract: 817 (3.8%), Poison Powder: 742 (3.5%), Aromatherapy: 131 (0.6%), Struggle: 3 (0.0%)",3418,5406,0.63,1014,0.82,4.95,2.35,1162,975,908,0,4.9,5779,"Magikarp: 184, Rattata: 140, Bellsprout: 95","Koffing: 113, Graveler: 113, Butterfree: 111",2,"Damage: 944, Status: 495, Hazard: 0, Weather: 0, Cleric: 0, Screen: 0, Pass: 0",None
PARASECT,B,Defender,"Slash: 15822 (40.0%), Growth: 9262 (23.4%), Giga Drain: 5778 (14.6%), Spore: 5326 (13.4%), X Scissor: 1388 (3.5%), Swords Dance: 1342 (3.4%), Leech Life: 377 (1.0%), Attract: 304 (0.8%), Struggle: 1 (0.0%)",8907,5230,1.7,1733,2.03,5.54,2.36,2317,780,1473,0,7.33,9174,"Magikarp: 233, Rattata: 217, Seaking: 211","Golbat: 190, Magmar: 167, Butterfree: 155",4,"Damage: 1548, Status: 837, Hazard: 0, Weather: 0, Cleric: 0, Screen: 0, Pass: 0",None
PELIPPER,A-,All-Rounder,"Surf: 172 (45.6%), Ice Beam: 123 (32.6%), Tailwind: 55 (14.6%), Hidden Power: 27 (7.2%)",191,86,2.22,31,2.58,3.24,1.3,23,3,19,8,10.91,182,"Golem: 12, Sandslash: 12, Geodude: 11","Magneton: 10, Lickilicky: 4, Typhlosion: 3",0,"Damage: 31, Status: 1, Hazard: 0, Weather: 0, Cleric: 0, Screen: 0, Pass: 0",None
PERSIAN,B+,Attacker,"Taunt: 1651 (25.3%), Faint Attack: 1626 (25.0%), Power Gem: 1624 (24.9%), Slash: 1612 (24.8%)",1707,786,2.17,47,2.23,4.97,2.87,438,44,201,0,8.86,1492,"Magikarp: 56, Rattata: 54, Zubat: 42","Graveler: 25, Seaking: 22, Seadra: 22",0,"Damage: 47, Status: 0, Hazard: 0, Weather: 0, Cleric: 0, Screen: 0, Pass: 0",None
PHANPY,E+,All-Rounder,"Endure: 5674 (36.8%), Charm: 4376 (28.4%), Double Edge: 2224 (14.4%), Slam: 2220 (14.4%), Last Resort: 923 (6.0%), Struggle: 2 (0.0%)",1938,2759,0.7,340,0.83,4.34,2.64,300,833,593,0,0.37,4212,"Rattata: 93, Magikarp: 82, Koffing: 53","Butterfree: 69, Seaking: 68, Graveler: 52",0,"Damage: 340, Status: 0, Hazard: 0, Weather: 0, Cleric: 0, Screen: 0, Pass: 0",None
PICHU,F+,Disrupter,"Tail Whip: 4067 (39.3%), Sweet Kiss: 2539 (24.5%), Charm: 1371 (13.2%), Thunder Wave: 1203 (11.6%), Nasty Plot: 1166 (11.3%), Struggle: 13 (0.1%)",5,2973,0.0,1254,0.42,4.33,1.63,0,1032,373,0,-6.14,3080,"Hoppip: 3, Voltorb: 1, Magikarp: 1","Koffing: 61, Rattata: 46, Shellder: 44",0,"Damage: 5, Status: 1253, Hazard: 0, Weather: 0, Cleric: 0, Screen: 0, Pass: 0",None
PIDGEOT,B,Defender,"Wing Attack: 16087 (41.5%), Roost: 5222 (13.5%), Feather Dance: 4413 (11.4%), Agility: 3716 (9.6%), Mirror Move: 3054 (7.9%), Tailwind: 1633 (4.2%), Sand Attack: 1264 (3.3%), Quick Attack: 957 (2.5%), Steel Wing: 786 (2.0%), Twister: 766 (2.0%), Return: 215 (0.6%), Whirlwind: 201 (0.5%), Air Slash: 166 (0.4%), Double Team: 149 (0.4%), Swagger: 76 (0.2%), Struggle: 18 (0.0%)",6729,3878,1.74,1080,2.01,7.17,3.61,1252,904,4195,225,10.6,6477,"Butterfree: 144, Rattata: 139, Magikarp: 137","Graveler: 96, Magneton: 83, Sneasel: 70",1,"Damage: 1071, Status: 33, Hazard: 0, Weather: 0, Cleric: 0, Screen: 0, Pass: 0",None
PIDGEOTTO,E-,All-Rounder,"Twister: 4437 (17.9%), Wing Attack: 4024 (16.2%), Feather Dance: 4001 (16.2%), Agility: 3233 (13.1%), Gust: 3011 (12.2%), Quick Attack: 2163 (8.7%), Tackle: 1857 (7.5%), Whirlwind: 773 (3.1%), Sand Attack: 689 (2.8%), Roost: 579 (2.3%)",2499,6752,0.37,1010,0.52,4.69,2.19,941,417,2400,0,10.76,7957,"Magikarp: 124, Rattata: 76, Bellsprout: 65","Graveler: 136, Seaking: 133, Magnemite: 116",1,"Damage: 1010, Status: 0, Hazard: 0, Weather: 0, Cleric: 0, Screen: 0, Pass: 0",None
PIDGEY,F-,All-Rounder,"Tackle: 15123 (40.2%), Sand Attack: 10853 (28.9%), Quick Attack: 5404 (14.4%), Gust: 5335 (14.2%), Whirlwind: 847 (2.3%), Struggle: 39 (0.1%)",1634,16307,0.1,1230,0.18,5.42,2.36,1448,1400,9598,0,20.44,9789,"Magikarp: 180, Rattata: 163, Bellsprout: 116","Koffing: 340, Gyarados: 257, Seaking: 254",45,"Damage: 1230, Status: 0, Hazard: 0, Weather: 0, Cleric: 0, Screen: 0, Pass: 0",None
PIKACHU,E+,All-Rounder,"Double Team: 13212 (20.4%), Quick Attack: 8259 (12.8%), Feint: 8040 (12.4%), Thunderbolt: 7990 (12.3%), Discharge: 5732 (8.9%), Slam: 4678 (7.2%), Light Screen: 3836 (5.9%), Thunder Shock: 3433 (5.3%), Agility: 2625 (4.1%), Tail Whip: 2543 (3.9%), Thunder Wave: 2057 (3.2%), Growl: 1384 (2.1%), Iron Tail: 487 (0.8%), Volt Tackle: 370 (0.6%), Struggle: 51 (0.1%)",11429,14702,0.78,2125,0.92,5.19,1.94,2138,2663,10700,1569,13.52,14897,"Magikarp: 501, Rattata: 389, Koffing: 319","Seaking: 324, Sneasel: 297, Quagsire: 269",37,"Damage: 1707, Status: 1107, Hazard: 0, Weather: 0, Cleric: 0, Screen: 94, Pass: 0",None
PILOSWINE,C+,All-Rounder,"Mud Bomb: 1090 (39.1%), Blizzard: 876 (31.4%), Hail: 422 (15.1%), Ice Fang: 398 (14.3%)",762,570,1.34,201,1.69,4.67,2.04,128,367,426,229,6.18,942,"Magnemite: 38, Pikachu: 23, Victreebel: 18","Seaking: 23, Magmar: 19, Golduck: 17",2,"Damage: 189, Status: 3, Hazard: 0, Weather: 105, Cleric: 0, Screen: 0, Pass: 0",None
PINSIR,C+,Attacker,"Thrash: 1077 (34.6%), X Scissor: 760 (24.4%), Swords Dance: 649 (20.9%), Vital Throw: 512 (16.5%), Earthquake: 46 (1.5%), Rock Tomb: 45 (1.4%), Guillotine: 22 (0.7%)",1197,730,1.64,44,1.7,4.1,1.83,155,78,136,17,6.56,1257,"Butterfree: 33, Seaking: 31, Pikachu: 30","Golbat: 23, Magmar: 19, Crobat: 19",0,"Damage: 44, Status: 0, Hazard: 0, Weather: 0, Cleric: 0, Screen: 0, Pass: 0",None
PLUSLE,A,All-Rounder,"Thunder: 2097 (52.5%), Swift: 848 (21.2%), Charge: 632 (15.8%), Copycat: 414 (10.4%)",1542,637,2.42,296,2.89,2.89,1.31,160,641,153,19,-7.78,1548,"Koffing: 52, Rattata: 45, Magnemite: 34","Graveler: 36, Quagsire: 18, Sneasel: 14",0,"Damage: 293, Status: 5, Hazard: 0, Weather: 0, Cleric: 0, Screen: 0, Pass: 0",None
POLITOED,C,All-Rounder,"Whirlpool: 1667 (31.4%), Body Slam: 1618 (30.5%), Perish Song: 1093 (20.6%), Rain Dance: 931 (17.5%)",890,1027,0.87,720,1.57,4.08,2.17,153,560,193,315,-3.43,1451,"Magikarp: 33, Rattata: 31, Koffing: 28","Victreebel: 10, Magneton: 10, Exeggutor: 10",0,"Damage: 720, Status: 178, Hazard: 0, Weather: 0, Cleric: 0, Screen: 0, Pass: 0",None
POLIWAG,F,Defender,"Bubble: 4480 (31.0%), Hypnosis: 3453 (23.9%), Water Gun: 2121 (14.7%), Double Slap: 1887 (13.0%), Water Sport: 1304 (9.0%), Rain Dance: 996 (6.9%), Struggle: 227 (1.6%)",559,3854,0.15,271,0.22,6.54,2.34,493,2136,563,409,-7.18,2771,"Magikarp: 71, Rattata: 50, Geodude: 47","Koffing: 80, Gyarados: 57, Sneasel: 54",2,"Damage: 268, Status: 146, Hazard: 0, Weather: 0, Cleric: 0, Screen: 0, Pass: 0",None
POLIWHIRL,D-,All-Rounder,"Bubble Beam: 11858 (20.1%), Body Slam: 7986 (13.5%), Water Gun: 7646 (13.0%), Double Slap: 7043 (11.9%), Mud Shot: 6034 (10.2%), Hypnosis: 5192 (8.8%), Rain Dance: 4826 (8.2%), Belly Drum: 3231 (5.5%), Wake Up Slap: 3028 (5.1%), Bubble: 1983 (3.4%), Struggle: 188 (0.3%)",9458,12071,0.78,2186,0.96,4.95,2.07,2483,4483,2321,7064,0.58,15079,"Magikarp: 343, Rattata: 304, Koffing: 280","Butterfree: 241, Seaking: 232, Koffing: 199",14,"Damage: 2181, Status: 335, Hazard: 0, Weather: 0, Cleric: 0, Screen: 0, Pass: 0",None
POLIWRATH,B,Attacker,"Hypnosis: 8297 (26.3%), Submission: 4205 (13.3%), Dynamic Punch: 3003 (9.5%), Bubble Beam: 2981 (9.4%), Hydro Pump: 2625 (8.3%), Double Slap: 2273 (7.2%), Mud Shot: 2170 (6.9%), Surf: 1742 (5.5%), Body Slam: 968 (3.1%), Focus Punch: 931 (2.9%), Ice Punch: 727 (2.3%), Strength: 697 (2.2%), Wake Up Slap: 431 (1.4%), Waterfall: 174 (0.6%), Double Team: 139 (0.4%), Belly Drum: 126 (0.4%), Substitute: 97 (0.3%), Struggle: 3 (0.0%)",6822,3413,2.0,543,2.16,6.02,2.23,1127,7225,1105,2483,-15.32,6792,"Koffing: 204, Magnemite: 170, Seaking: 159","Alakazam: 91, Vileplume: 79, Golduck: 61",4,"Damage: 526, Status: 244, Hazard: 0, Weather: 0, Cleric: 0, Screen: 0, Pass: 0",None
PONYTA,E-,All-Rounder,"Tail Whip: 1033 (25.8%), Ember: 1020 (25.5%), Flame Wheel: 985 (24.6%), Tackle: 965 (24.1%)",509,1186,0.43,148,0.55,3.79,1.81,174,221,143,85,2.41,1397,"Magikarp: 51, Rattata: 31, Bellsprout: 28","Koffing: 26, Gyarados: 20, Graveler: 19",0,"Damage: 148, Status: 31, Hazard: 0, Weather: 0, Cleric: 0, Screen: 0, Pass: 0",None
PORYGON,B,Attacker,"Conversion 2: 4178 (27.1%), Charge Beam: 4124 (26.8%), Recover: 1822 (11.8%), Signal Beam: 1513 (9.8%), Ice Beam: 1503 (9.8%), Solar Beam: 1148 (7.5%), Conversion: 1085 (7.0%), Struggle: 27 (0.2%)",3499,1666,2.1,72,2.14,5.76,3.31,413,668,616,2541,2.22,3115,"Koffing: 130, Magikarp: 114, Rattata: 106","Seaking: 35, Sneasel: 30, Magmar: 28",0,"Damage: 72, Status: 13, Hazard: 0, Weather: 0, Cleric: 0, Screen: 0, Pass: 0",None
PORYGON2,S,Attacker,"Tri Attack: 1650 (54.8%), Charge Beam: 575 (19.1%), Protect: 520 (17.3%), Trick Room: 265 (8.8%)",1600,167,9.58,158,10.53,2.5,0.82,146,80,87,350,5.1,1373,"Koffing: 46, Seaking: 40, Rattata: 33","Seaking: 10, Magmortar: 7, Crobat: 6",0,"Damage: 158, Status: 0, Hazard: 0, Weather: 0, Cleric: 0, Screen: 0, Pass: 0",None
PRIMEAPE,C+,All-Rounder,"Swagger: 5524 (17.0%), Assurance: 4707 (14.5%), Rage: 4325 (13.3%), Screech: 3734 (11.5%), Double Team: 3278 (10.1%), Cross Chop: 2463 (7.6%), Thrash: 2070 (6.4%), Rock Slide: 2064 (6.4%), Seismic Toss: 1585 (4.9%), Focus Punch: 1230 (3.8%), Leer: 911 (2.8%), Karate Chop: 423 (1.3%), Payback: 98 (0.3%), Thunder Punch: 52 (0.2%), Close Combat: 13 (0.0%)",6971,5768,1.21,2953,1.72,4.49,1.84,1147,2578,3078,340,4.66,9168,"Magikarp: 218, Rattata: 208, Zubat: 155","Graveler: 186, Seaking: 127, Golduck: 111",8,"Damage: 2537, Status: 1591, Hazard: 0, Weather: 0, Cleric: 0, Screen: 0, Pass: 0",None
PSYDUCK,E,All-Rounder,"Confusion: 4025 (15.5%), Screech: 3825 (14.7%), Zen Headbutt: 3538 (13.6%), Disable: 3413 (13.1%), Water Gun: 3107 (11.9%), Fury Swipes: 2261 (8.7%), Water Pulse: 2064 (7.9%), Scratch: 1512 (5.8%), Tail Whip: 953 (3.7%), Amnesia: 754 (2.9%), Psych Up: 564 (2.2%)",3825,7641,0.5,731,0.6,3.93,1.89,1112,2864,1251,947,-1.85,9718,"Koffing: 170, Magikarp: 162, Rattata: 154","Seaking: 157, Butterfree: 125, Gyarados: 123",11,"Damage: 731, Status: 117, Hazard: 0, Weather: 0, Cleric: 0, Screen: 0, Pass: 0",None
QUAGSIRE,B,Attacker / Disrupter,"Yawn: 23840 (25.1%), Amnesia: 21796 (22.9%), Earthquake: 13741 (14.4%), Rain Dance: 13293 (14.0%), Surf: 7561 (8.0%), Muddy Water: 6605 (6.9%), Protect: 4483 (4.7%), Slam: 1940 (2.0%), Mud Bomb: 1108 (1.2%), Water Pulse: 272 (0.3%), Struggle: 233 (0.2%), Water Gun: 228 (0.2%)",17357,8895,1.95,1525,2.12,5.97,3.68,2163,3518,3996,1631,2.75,15275,"Quagsire: 775, Magnemite: 420, Magikarp: 403","Quagsire: 775, Butterfree: 198, Seaking: 185",3,"Damage: 875, Status: 1045, Hazard: 0, Weather: 0, Cleric: 0, Screen: 0, Pass: 0",None
QUILAVA,E-,All-Rounder,"Smoke Screen: 3402 (42.4%), Leer: 1494 (18.6%), Flame Wheel: 1166 (14.5%), Quick Attack: 878 (11.0%), Ember: 784 (9.8%), Swift: 290 (3.6%), Struggle: 1 (0.0%)",852,2525,0.34,358,0.48,4.43,1.61,189,308,1978,59,18.66,2994,"Magnemite: 74, Geodude: 28, Bellsprout: 27","Seaking: 76, Graveler: 56, Magmar: 48",2,"Damage: 358, Status: 27, Hazard: 0, Weather: 0, Cleric: 0, Screen: 0, Pass: 0",None
QWILFISH,C-,All-Rounder,"Rollout: 9065 (17.4%), Brine: 7189 (13.8%), Revenge: 6868 (13.2%), Pin Missile: 4900 (9.4%), Water Gun: 4231 (8.1%), Take Down: 3499 (6.7%), Stockpile: 3493 (6.7%), Aqua Tail: 3443 (6.6%), Minimize: 2314 (4.4%), Poison Jab: 1651 (3.2%), Destiny Bond: 1375 (2.6%), Spit Up: 1157 (2.2%), Harden: 1033 (2.0%), Poison Sting: 946 (1.8%), Toxic Spikes: 649 (1.2%), Surf: 368 (0.7%), Struggle: 3 (0.0%)",12157,10359,1.17,2697,1.43,4.66,2.28,2834,3766,4742,446,6.69,14750,"Magikarp: 357, Rattata: 309, Koffing: 300","Graveler: 220, Quagsire: 215, Seaking: 199",2,"Damage: 2640, Status: 782, Hazard: 34, Weather: 0, Cleric: 0, Screen: 0, Pass: 0",None
RAICHU,A+,All-Rounder,"Quick Attack: 6930 (34.9%), Thunderbolt: 3680 (18.5%), Shock Wave: 2390 (12.0%), Tail Whip: 2212 (11.1%), Double Team: 2038 (10.3%), Thunder Shock: 1644 (8.3%), Thunder Wave: 833 (4.2%), Grass Knot: 142 (0.7%)",6519,2258,2.89,676,3.19,4.53,1.54,909,460,2072,249,11.52,5231,"Koffing: 175, Magikarp: 174, Rattata: 150","Quagsire: 69, Graveler: 69, Golem: 37",0,"Damage: 615, Status: 256, Hazard: 0, Weather: 0, Cleric: 0, Screen: 0, Pass: 0",None
RAMPARDOS,B+,Attacker,"Stone Edge: 160 (66.1%), Earthquake: 48 (19.8%), Avalanche: 18 (7.4%), Rock Polish: 16 (6.6%)",150,74,2.03,10,2.16,3.67,1.5,26,36,17,0,2.7,129,"Gengar: 10, Weezing: 8, Alakazam: 7","Alakazam: 8, Meganium: 5, Gyarados: 4",1,"Damage: 10, Status: 0, Hazard: 0, Weather: 0, Cleric: 0, Screen: 0, Pass: 0",None
RAPIDASH,A,All-Rounder,"Bounce: 6951 (18.3%), Stomp: 6389 (16.8%), Fire Blast: 6318 (16.6%), Agility: 4047 (10.7%), Fury Attack: 3672 (9.7%), Take Down: 2149 (5.7%), Flame Wheel: 2026 (5.3%), Flare Blitz: 2001 (5.3%), Ember: 1546 (4.1%), Fire Spin: 1330 (3.5%), Will O Wisp: 1253 (3.3%), Overheat: 144 (0.4%), Quick Attack: 91 (0.2%), Megahorn: 71 (0.2%)",11748,4823,2.44,2169,2.89,4.62,1.75,1877,3435,3859,360,5.54,9939,"Koffing: 308, Butterfree: 305, Magnemite: 268","Graveler: 151, Seaking: 142, Quagsire: 117",3,"Damage: 2109, Status: 561, Hazard: 0, Weather: 0, Cleric: 0, Screen: 0, Pass: 0",None
RATICATE,D-,All-Rounder,"Hyper Fang: 11836 (19.7%), Crunch: 9073 (15.1%), Scary Face: 7948 (13.2%), Super Fang: 6095 (10.2%), Sucker Punch: 6037 (10.1%), Quick Attack: 4656 (7.8%), Assurance: 4177 (7.0%), Double Edge: 2861 (4.8%), Endeavor: 2192 (3.7%), Bite: 1622 (2.7%), Pursuit: 1599 (2.7%), Substitute: 1536 (2.6%), Focus Energy: 361 (0.6%), Struggle: 50 (0.1%)",11535,12644,0.91,1635,1.04,4.48,1.97,2740,3949,2402,2228,2.03,16404,"Magikarp: 453, Rattata: 389, Zubat: 311","Seaking: 254, Graveler: 252, Gyarados: 216",2,"Damage: 1635, Status: 0, Hazard: 0, Weather: 0, Cleric: 0, Screen: 0, Pass: 0",None
RATTATA,F-,All-Rounder,"Quick Attack: 13296 (22.7%), Tail Whip: 7783 (13.3%), Hyper Fang: 7200 (12.3%), Tackle: 7084 (12.1%), Pursuit: 6298 (10.7%), Bite: 4923 (8.4%), Sucker Punch: 4821 (8.2%), Focus Energy: 3669 (6.3%), Crunch: 2449 (4.2%), Assurance: 1167 (2.0%), Struggle: 8 (0.0%)",4430,32081,0.14,962,0.17,3.75,1.79,3728,2694,3368,2019,7.11,23780,"Magikarp: 335, Bellsprout: 291, Rattata: 287","Koffing: 580, Seaking: 522, Gyarados: 517",96,"Damage: 962, Status: 0, Hazard: 0, Weather: 0, Cleric: 0, Screen: 0, Pass: 0",None
RELICANTH,A,All-Rounder,"Head Smash: 184 (46.1%), Aqua Tail: 140 (35.1%), Rest: 39 (9.8%), Earthquake: 36 (9.0%)",184,81,2.27,37,2.73,3.72,1.64,16,55,19,0,-4.78,177,"Quagsire: 8, Alakazam: 6, Weezing: 6","Alakazam: 11, Gengar: 7, Magmortar: 4",0,"Damage: 37, Status: 0, Hazard: 0, Weather: 0, Cleric: 0, Screen: 0, Pass: 0",None
REMORAID,E+,All-Rounder,"Bullet Seed: 2431 (15.6%), Water Pulse: 2279 (14.6%), Signal Beam: 2066 (13.2%), Bubble Beam: 1960 (12.5%), Psybeam: 1843 (11.8%), Aurora Beam: 1831 (11.7%), Lock On: 1393 (8.9%), Ice Beam: 1055 (6.8%), Focus Energy: 771 (4.9%)",3724,6112,0.61,1329,0.83,3.47,1.75,1267,479,747,834,9.11,6609,"Magikarp: 166, Rattata: 163, Koffing: 123","Seaking: 135, Butterfree: 109, Gyarados: 104",3,"Damage: 1329, Status: 167, Hazard: 0, Weather: 0, Cleric: 0, Screen: 0, Pass: 0",None
RHYDON,A-,Attacker,"Take Down: 2708 (26.1%), Horn Drill: 1948 (18.7%), Scary Face: 1747 (16.8%), Hammer Arm: 1265 (12.2%), Rock Blast: 1082 (10.4%), Avalanche: 742 (7.1%), Rock Slide: 555 (5.3%), Stone Edge: 180 (1.7%), Earthquake: 90 (0.9%), Megahorn: 44 (0.4%), Thunder Fang: 29 (0.3%)",4340,1770,2.45,86,2.5,3.71,1.8,443,2244,458,52,-12.38,4000,"Koffing: 107, Magnemite: 100, Magikarp: 99","Seadra: 48, Seaking: 43, Golduck: 43",0,"Damage: 86, Status: 1, Hazard: 0, Weather: 0, Cleric: 0, Screen: 0, Pass: 0",None
RHYHORN,C+,All-Rounder,"Scary Face: 7583 (40.8%), Take Down: 2368 (12.7%), Rock Blast: 2225 (12.0%), Horn Drill: 2130 (11.5%), Fury Attack: 1254 (6.7%), Stomp: 1197 (6.4%), Stone Edge: 1135 (6.1%), Earthquake: 639 (3.4%), Sandstorm: 64 (0.3%), Struggle: 4 (0.0%)",4458,2880,1.55,468,1.71,4.73,2.58,747,3788,762,0,-11.77,4723,"Magikarp: 170, Rattata: 168, Koffing: 132","Quagsire: 62, Butterfree: 59, Golduck: 56",0,"Damage: 427, Status: 0, Hazard: 0, Weather: 48, Cleric: 0, Screen: 0, Pass: 0",None
RHYPERIOR,S-,Attacker,"Stone Edge: 87 (54.4%), Earthquake: 42 (26.2%), Megahorn: 23 (14.4%), Thunder Fang: 8 (5.0%)",111,18,6.17,5,6.44,4.12,1.58,11,28,10,0,-4.35,67,"Dragonite: 5, Magneton: 5, Rapidash: 5","Quagsire: 3, Blastoise: 2, Garchomp: 2",0,"Damage: 5, Status: 0, Hazard: 0, Weather: 0, Cleric: 0, Screen: 0, Pass: 0",None
ROSELIA,C,Attacker / Disrupter,"Petal Dance: 1966 (76.6%), Ingrain: 260 (10.1%), Toxic: 185 (7.2%), Synthesis: 157 (6.1%)",904,639,1.41,57,1.5,4.21,1.88,93,91,101,0,3.86,1073,"Graveler: 37, Pikachu: 28, Quagsire: 27","Magmar: 23, Sneasel: 16, Rapidash: 14",0,"Damage: 55, Status: 44, Hazard: 0, Weather: 0, Cleric: 0, Screen: 0, Pass: 0",None
ROSERADE,A-,All-Rounder,"Sludge Bomb: 131 (38.5%), Energy Ball: 92 (27.1%), Weather Ball: 71 (20.9%), Stun Spore: 46 (13.5%)",153,72,2.12,25,2.47,3.68,1.12,19,29,7,35,2.02,152,"Butterfree: 11, Ariados: 11, Yanmega: 8","Crobat: 7, Rapidash: 6, Gengar: 5",0,"Damage: 23, Status: 13, Hazard: 0, Weather: 0, Cleric: 0, Screen: 0, Pass: 0",None
SABLEYE,D+,All-Rounder,"Ice Punch: 136 (37.2%), Fake Out: 101 (27.6%), Brick Break: 79 (21.6%), Sucker Punch: 50 (13.7%)",63,108,0.58,75,1.28,4.83,2.03,24,7,23,96,9.54,139,"Golbat: 4, Nidoqueen: 3, Sudowoodo: 3","Crobat: 12, Rhydon: 5, Rapidash: 5",1,"Damage: 75, Status: 2, Hazard: 0, Weather: 0, Cleric: 0, Screen: 0, Pass: 0",None
SALAMENCE,S+,Attacker,"Dragon Claw: 1318 (39.4%), Shadow Claw: 1145 (34.2%), Flamethrower: 865 (25.9%), Rest: 18 (0.5%)",2958,24,123.25,72,126.25,2.61,0.24,237,10,21,8,7.42,1322,"Koffing: 74, Magikarp: 58, Rattata: 54","Dragonite: 4, Lapras: 3, Froslass: 2",0,"Damage: 72, Status: 6, Hazard: 0, Weather: 0, Cleric: 0, Screen: 0, Pass: 0",None
SANDSHREW,F+,All-Rounder,"Rapid Spin: 3505 (22.7%), Sand Attack: 3353 (21.7%), Swift: 2601 (16.8%), Defense Curl: 2444 (15.8%), Poison Sting: 2440 (15.8%), Scratch: 1124 (7.3%), Struggle: 5 (0.0%)",694,3771,0.18,773,0.39,5.31,2.1,583,768,3263,592,16.29,4143,"Magikarp: 120, Rattata: 63, Bellsprout: 49","Koffing: 79, Gyarados: 59, Sneasel: 54",3,"Damage: 773, Status: 235, Hazard: 0, Weather: 0, Cleric: 0, Screen: 0, Pass: 0",None
SANDSLASH,B-,All-Rounder,"Slash: 16024 (28.4%), Fury Cutter: 10161 (18.0%), Sand Tomb: 8257 (14.6%), Crush Claw: 6585 (11.7%), Gyro Ball: 5924 (10.5%), Rollout: 3032 (5.4%), Swift: 2819 (5.0%), Fury Swipes: 1263 (2.2%), Sandstorm: 1109 (2.0%), Sand Attack: 681 (1.2%), Rapid Spin: 381 (0.7%), Poison Sting: 151 (0.3%), Struggle: 8 (0.0%)",11767,8875,1.33,5878,1.99,4.77,2.41,4027,5425,3289,2026,3.16,14835,"Magikarp: 442, Rattata: 439, Koffing: 307","Graveler: 233, Seaking: 224, Golduck: 204",7,"Damage: 5766, Status: 4, Hazard: 0, Weather: 443, Cleric: 0, Screen: 0, Pass: 0",None
SCIZOR,S,Attacker,"Bullet Punch: 2512 (67.3%), X Scissor: 810 (21.7%), Swords Dance: 392 (10.5%), Superpower: 19 (0.5%)",2806,116,24.19,57,24.68,3.02,0.62,187,26,78,0,6.27,1340,"Koffing: 72, Magikarp: 58, Rattata: 54","Arcanine: 11, Magmar: 8, Typhlosion: 8",0,"Damage: 57, Status: 0, Hazard: 0, Weather: 0, Cleric: 0, Screen: 0, Pass: 0",None
SCYTHER,E+,Defender,"Quick Attack: 1531 (34.3%), Leer: 1123 (25.2%), U Turn: 950 (21.3%), Focus Energy: 859 (19.2%)",724,1063,0.68,139,0.81,5.69,1.89,365,116,176,0,9.16,1414,"Rattata: 43, Pidgey: 32, Gastly: 32","Koffing: 23, Seaking: 21, Gyarados: 20",2,"Damage: 139, Status: 0, Hazard: 0, Weather: 0, Cleric: 0, Screen: 0, Pass: 0",None
SEADRA,B-,All-Rounder,"Twister: 10569 (22.7%), Brine: 8470 (18.2%), Agility: 8347 (18.0%), Bubble Beam: 5561 (12.0%), Hydro Pump: 3761 (8.1%), Waterfall: 3300 (7.1%), Water Pulse: 2272 (4.9%), Surf: 1555 (3.3%), Focus Energy: 1153 (2.5%), Smoke Screen: 950 (2.0%), Leer: 533 (1.1%)",13006,8084,1.61,1402,1.78,4.27,1.98,2453,1411,2051,1049,6.31,13711,"Koffing: 405, Magnemite: 318, Magikarp: 296","Butterfree: 214, Seaking: 190, Weezing: 174",15,"Damage: 1402, Status: 111, Hazard: 0, Weather: 0, Cleric: 0, Screen: 0, Pass: 0",None
SEAKING,C,Defender,"Waterfall: 21453 (21.2%), Fury Attack: 20993 (20.7%), Flail: 18875 (18.7%), Aqua Ring: 12869 (12.7%), Water Pulse: 10774 (10.6%), Poison Jab: 3275 (3.2%), Supersonic: 3182 (3.1%), Horn Drill: 2871 (2.8%), Horn Attack: 2501 (2.5%), Rain Dance: 1400 (1.4%), Megahorn: 1247 (1.2%), Agility: 1086 (1.1%), Peck: 611 (0.6%), Struggle: 61 (0.1%)",22487,16211,1.39,2848,1.56,5.81,3.23,6079,8561,4142,4005,1.57,21464,"Magnemite: 563, Rattata: 522, Magikarp: 518","Magneton: 319, Quagsire: 314, Graveler: 303",27,"Damage: 2835, Status: 493, Hazard: 0, Weather: 0, Cleric: 0, Screen: 0, Pass: 0",None
SEEDOT,E,All-Rounder,"Nature Power: 1380 (55.0%), Sunny Day: 738 (29.4%), Synthesis: 391 (15.6%), Explosion: 2 (0.1%)",305,926,0.33,236,0.58,3.07,2.07,82,18,152,0,8.11,1268,"Koffing: 17, Magikarp: 16, Rattata: 15","Graveler: 31, Golbat: 30, Magmar: 23",0,"Damage: 236, Status: 0, Hazard: 0, Weather: 1, Cleric: 0, Screen: 0, Pass: 0",None
SEEL,E+,Defender,"Ice Shard: 10093 (24.0%), Rest: 7538 (18.0%), Icy Wind: 6239 (14.9%), Encore: 3785 (9.0%), Aqua Jet: 2351 (5.6%), Aqua Ring: 2234 (5.3%), Snore: 2158 (5.1%), Aurora Beam: 2157 (5.1%), Take Down: 2044 (4.9%), Brine: 1844 (4.4%), Hail: 1400 (3.3%), Struggle: 151 (0.4%)",3758,7340,0.51,2207,0.81,8.2,4.44,1476,1853,2062,4730,3.85,7963,"Magikarp: 221, Rattata: 179, Zubat: 139","Seaking: 142, Koffing: 135, Gyarados: 123",14,"Damage: 1991, Status: 0, Hazard: 0, Weather: 727, Cleric: 0, Screen: 0, Pass: 0",None
SENTRET,F,Defender,"Follow Me: 3547 (18.5%), Sucker Punch: 3208 (16.8%), Quick Attack: 3005 (15.7%), Slam: 2531 (13.2%), Rest: 2450 (12.8%), Defense Curl: 1893 (9.9%), Fury Swipes: 1148 (6.0%), Scratch: 743 (3.9%), Foresight: 582 (3.0%), Struggle: 16 (0.1%), Helping Hand: 11 (0.1%)",1213,8134,0.15,400,0.2,10.82,5.81,603,921,1156,0,4.13,2835,"Magikarp: 116, Rattata: 76, Bellsprout: 56","Seaking: 137, Gyarados: 134, Koffing: 131",40,"Damage: 400, Status: 0, Hazard: 0, Weather: 0, Cleric: 0, Screen: 0, Pass: 0",None
SEVIPER,A+,Disrupter,"Night Slash: 2264 (34.2%), Poison Fang: 2079 (31.4%), Swagger: 1528 (23.1%), Haze: 740 (11.2%)",1885,677,2.78,269,3.18,4.78,1.92,383,264,195,340,4.48,1538,"Magikarp: 58, Rattata: 54, Zubat: 46","Graveler: 25, Quagsire: 17, Qwilfish: 16",0,"Damage: 258, Status: 231, Hazard: 0, Weather: 0, Cleric: 0, Screen: 0, Pass: 0",None
SHEDINJA,C+,Disrupter,"Shadow Sneak: 115 (36.6%), X Scissor: 113 (36.0%), Swagger: 61 (19.4%), Toxic: 25 (8.0%)",51,55,0.93,42,1.69,3.96,0.4,15,53,6,0,-10.0,116,"Spinarak: 4, Alakazam: 4, Mareep: 3","Crobat: 7, Typhlosion: 5, Rapidash: 3",0,"Damage: 27, Status: 29, Hazard: 0, Weather: 0, Cleric: 0, Screen: 0, Pass: 0",None
SHELLDER,E+,Defender,"Icicle Spear: 7022 (14.3%), Ice Shard: 5526 (11.2%), Leer: 5444 (11.1%), Protect: 5259 (10.7%), Aurora Beam: 4704 (9.6%), Supersonic: 4544 (9.2%), Clamp: 3947 (8.0%), Whirlpool: 3365 (6.8%), Withdraw: 2851 (5.8%), Iron Defense: 2796 (5.7%), Tackle: 2040 (4.2%), Brine: 1617 (3.3%), Struggle: 17 (0.0%)",5111,10368,0.49,3048,0.79,5.59,2.72,2470,5096,2049,333,-1.12,11592,"Magikarp: 354, Rattata: 297, Bellsprout: 195","Koffing: 221, Graveler: 205, Seaking: 184",12,"Damage: 2956, Status: 655, Hazard: 0, Weather: 0, Cleric: 0, Screen: 0, Pass: 0",None
SHIFTRY,S-,Attacker,"Leaf Storm: 2883 (64.1%), Sucker Punch: 721 (16.0%), Sunny Day: 716 (15.9%), Explosion: 176 (3.9%)",2287,361,6.34,187,6.85,3.75,1.13,162,326,125,0,-0.84,1342,"Koffing: 70, Magikarp: 58, Rattata: 54","Magmar: 12, Arcanine: 7, Magcargo: 6",0,"Damage: 186, Status: 0, Hazard: 0, Weather: 1, Cleric: 0, Screen: 0, Pass: 0",None
SHINX,B-,Attacker,"Crunch: 1449 (28.8%), Scary Face: 1421 (28.2%), Thunder Fang: 1084 (21.5%), Discharge: 1080 (21.5%)",1599,878,1.82,18,1.84,3.84,1.84,205,315,179,433,1.67,1514,"Magikarp: 57, Rattata: 54, Zubat: 48","Graveler: 25, Seadra: 23, Seaking: 22",0,"Damage: 18, Status: 2, Hazard: 0, Weather: 0, Cleric: 0, Screen: 0, Pass: 0",None
SHROOMISH,B+,Attacker / Disrupter,"Seed Bomb: 2519 (29.0%), Giga Drain: 2412 (27.7%), Growth: 2409 (27.7%), Spore: 1360 (15.6%)",1703,794,2.14,42,2.2,6.63,2.84,303,178,232,0,4.0,1512,"Magikarp: 60, Rattata: 55, Zubat: 40","Golbat: 28, Magmar: 23, Butterfree: 19",0,"Damage: 41, Status: 25, Hazard: 0, Weather: 0, Cleric: 0, Screen: 0, Pass: 0",None
SKARMORY,A+,All-Rounder,"Air Slash: 3978 (25.3%), Steel Wing: 3878 (24.7%), Slash: 3764 (24.0%), Night Slash: 3220 (20.5%), Metal Sound: 721 (4.6%), Spikes: 144 (0.9%)",5312,1353,3.93,664,4.42,5.01,2.38,1298,881,559,1055,6.16,3767,"Koffing: 139, Magikarp: 117, Rattata: 109","Magneton: 86, Magmar: 55, Rapidash: 37",2,"Damage: 603, Status: 0, Hazard: 69, Weather: 0, Cleric: 0, Screen: 0, Pass: 0",None
SKIPLOOM,D-,Disrupter,"Bullet Seed: 12165 (27.3%), Mega Drain: 7097 (15.9%), U Turn: 5441 (12.2%), Leech Seed: 3561 (8.0%), Sleep Powder: 3221 (7.2%), Cotton Spore: 3145 (7.1%), Stun Spore: 2760 (6.2%), Giga Drain: 2082 (4.7%), Worry Seed: 1812 (4.1%), Sunny Day: 1265 (2.8%), Tail Whip: 852 (1.9%), Tackle: 841 (1.9%), Poison Powder: 334 (0.7%), Struggle: 3 (0.0%)",4700,8184,0.57,3548,1.01,6.47,2.85,2876,3530,1693,0,2.25,9164,"Magikarp: 257, Rattata: 206, Geodude: 145","Magmar: 189, Seaking: 176, Graveler: 161",12,"Damage: 3175, Status: 2379, Hazard: 0, Weather: 6, Cleric: 0, Screen: 0, Pass: 0",None
SKORUPI,B,Hazards,"Bug Bite: 1877 (30.0%), Crunch: 1770 (28.3%), Poison Fang: 1731 (27.7%), Toxic Spikes: 872 (14.0%)",1509,821,1.84,155,2.03,4.85,2.61,324,132,239,579,6.23,1486,"Magikarp: 57, Rattata: 54, Zubat: 45","Graveler: 27, Magmar: 21, Golbat: 20",0,"Damage: 155, Status: 53, Hazard: 51, Weather: 0, Cleric: 0, Screen: 0, Pass: 0",None
SKUNTANK,S,Defender,"Dig: 5148 (76.1%), Sucker Punch: 977 (14.4%), Toxic: 481 (7.1%), Explosion: 156 (2.3%)",2216,248,8.94,228,9.85,5.79,1.02,183,157,2058,0,23.63,1341,"Koffing: 66, Magikarp: 57, Rattata: 49","Quagsire: 9, Golem: 8, Feraligatr: 4",0,"Damage: 192, Status: 96, Hazard: 0, Weather: 0, Cleric: 0, Screen: 0, Pass: 0",None
SLAKOTH,C-,Attacker,"Counter: 3834 (44.0%), Amnesia: 1839 (21.1%), Flail: 1649 (18.9%), Covet: 1394 (16.0%)",1393,1002,1.39,19,1.41,6.64,3.58,167,164,325,0,3.63,1574,"Magikarp: 56, Rattata: 53, Zubat: 33","Graveler: 28, Butterfree: 18, Seaking: 18",0,"Damage: 19, Status: 0, Hazard: 0, Weather: 0, Cleric: 0, Screen: 0, Pass: 0",None
SLOWBRO,D,Attacker,"Growl: 4124 (25.9%), Psychic: 2879 (18.1%), Disable: 2306 (14.5%), Yawn: 1601 (10.0%), Slack Off: 1510 (9.5%), Confusion: 990 (6.2%), Water Gun: 965 (6.1%), Skill Swap: 654 (4.1%), Curse: 520 (3.3%), Water Pulse: 177 (1.1%), Amnesia: 120 (0.8%), Body Slam: 59 (0.4%), Struggle: 30 (0.2%)",1987,1747,1.14,69,1.18,7.62,4.24,326,1093,745,214,-0.14,2663,"Magikarp: 54, Voltorb: 45, Magmar: 45","Sneasel: 41, Butterfree: 28, Seaking: 27",0,"Damage: 65, Status: 22, Hazard: 0, Weather: 0, Cleric: 0, Screen: 0, Pass: 0",None
SLOWKING,A+,Attacker,"Water Pulse: 2921 (19.6%), Zen Headbutt: 2023 (13.6%), Nasty Plot: 1909 (12.8%), Psychic: 1477 (9.9%), Swagger: 1453 (9.7%), Surf: 1335 (8.9%), Headbutt: 930 (6.2%), Confusion: 900 (6.0%), Flamethrower: 863 (5.8%), Disable: 671 (4.5%), Trick Room: 439 (2.9%)",5216,1832,2.85,488,3.11,4.5,2.31,567,787,572,769,2.17,4143,"Koffing: 123, Magikarp: 118, Magnemite: 113","Graveler: 44, Sneasel: 41, Butterfree: 40",1,"Damage: 461, Status: 205, Hazard: 0, Weather: 0, Cleric: 0, Screen: 0, Pass: 0",None
SLOWPOKE,E-,Defender,"Growl: 9051 (22.7%), Water Gun: 6805 (17.0%), Curse: 5206 (13.0%), Tackle: 4933 (12.4%), Yawn: 4752 (11.9%), Psychic: 3057 (7.7%), Amnesia: 1821 (4.6%), Disable: 1684 (4.2%), Strength: 1143 (2.9%), Headbutt: 692 (1.7%), Skill Swap: 589 (1.5%), Confusion: 171 (0.4%), Struggle: 9 (0.0%)",3440,8116,0.42,472,0.48,6.9,3.69,940,2066,1703,297,1.41,7035,"Magikarp: 273, Rattata: 177, Bellsprout: 152","Koffing: 155, Seaking: 132, Sneasel: 126",1,"Damage: 467, Status: 29, Hazard: 0, Weather: 0, Cleric: 0, Screen: 0, Pass: 0",None
SLUGMA,F,All-Rounder,"Harden: 757 (33.1%), Amnesia: 570 (25.0%), Recover: 492 (21.5%), Ancient Power: 434 (19.0%), Struggle: 31 (1.4%)",102,754,0.14,77,0.24,5.23,2.58,32,8,221,40,9.7,812,"Gloom: 13, Skiploom: 9, Butterfree: 6","Seaking: 31, Golduck: 24, Sneasel: 22",2,"Damage: 77, Status: 0, Hazard: 0, Weather: 0, Cleric: 0, Screen: 0, Pass: 0",None
SNEASEL,A+,All-Rounder,"Faint Attack: 21418 (55.7%), Quick Attack: 6769 (17.6%), Shadow Claw: 5501 (14.3%), Icy Wind: 2533 (6.6%), Metal Claw: 1716 (4.5%), Fury Swipes: 495 (1.3%)",18088,4973,3.64,4981,4.64,3.31,1.14,2746,535,1063,1486,8.29,13799,"Magikarp: 495, Rattata: 486, Koffing: 482","Graveler: 167, Magneton: 138, Magmar: 137",7,"Damage: 4981, Status: 0, Hazard: 0, Weather: 0, Cleric: 0, Screen: 0, Pass: 0",None
SNORLAX,S+,Defender,"Crunch: 27 (45.0%), Blizzard: 25 (41.7%), Shadow Ball: 7 (11.7%), Giga Impact: 1 (1.7%)",22,0,22.0,5,27.0,6.31,2.31,2,17,3,0,-22.86,13,"Gastly: 4, Gengar: 3, Shedinja: 1",None,0,"Damage: 5, Status: 0, Hazard: 0, Weather: 0, Cleric: 0, Screen: 0, Pass: 0",None
SNUBBULL,E-,Attacker,"Bite: 4552 (23.9%), Lick: 4463 (23.4%), Tail Whip: 2704 (14.2%), Charm: 2449 (12.8%), Scary Face: 1608 (8.4%), Rage: 1262 (6.6%), Headbutt: 1246 (6.5%), Roar: 781 (4.1%), Struggle: 10 (0.1%)",2142,4721,0.45,186,0.49,4.4,2.22,691,998,900,2301,2.93,5606,"Magikarp: 252, Rattata: 139, Bellsprout: 112","Koffing: 105, Seaking: 74, Gyarados: 73",0,"Damage: 186, Status: 53, Hazard: 0, Weather: 0, Cleric: 0, Screen: 0, Pass: 0",None
SPEAROW,F,All-Rounder,"Leer: 3499 (25.3%), Peck: 2682 (19.4%), Growl: 2392 (17.3%), Fury Attack: 1584 (11.5%), Aerial Ace: 940 (6.8%), Pursuit: 843 (6.1%), Drill Peck: 607 (4.4%), Assurance: 556 (4.0%), Agility: 525 (3.8%), Roost: 203 (1.5%)",1223,8112,0.15,387,0.2,4.39,1.83,564,440,1949,0,13.14,6395,"Bellsprout: 123, Magikarp: 78, Rattata: 63","Koffing: 158, Seaking: 131, Sneasel: 127",35,"Damage: 387, Status: 0, Hazard: 0, Weather: 0, Cleric: 0, Screen: 0, Pass: 0",None
SPINARAK,F-,Disrupter,"Poison Sting: 1993 (45.5%), Constrict: 1027 (23.5%), Scary Face: 697 (15.9%), String Shot: 659 (15.0%), Struggle: 3 (0.1%)",143,2588,0.06,237,0.15,2.71,1.59,168,248,294,639,4.83,2719,"Bellsprout: 28, Rattata: 15, Ledyba: 11","Graveler: 57, Koffing: 57, Golbat: 55",0,"Damage: 237, Status: 138, Hazard: 0, Weather: 0, Cleric: 0, Screen: 0, Pass: 0",None
SPINDA,A-,Disrupter,"Teeter Dance: 12795 (47.5%), Dizzy Punch: 4831 (18.0%), Sucker Punch: 4762 (17.7%), Psych Up: 1261 (4.7%), Fake Out: 1223 (4.5%), Flail: 1079 (4.0%), Trick Room: 921 (3.4%), Struggle: 41 (0.2%)",3582,2591,1.38,2398,2.31,6.54,2.46,583,535,798,1342,3.0,4615,"Rattata: 138, Magikarp: 134, Koffing: 95","Graveler: 73, Seadra: 59, Seaking: 54",1,"Damage: 1792, Status: 1914, Hazard: 0, Weather: 0, Cleric: 0, Screen: 0, Pass: 0",None
SPIRITOMB,B-,Disrupter,"Pain Split: 101 (27.1%), Sucker Punch: 96 (25.7%), Confuse Ray: 95 (25.5%), Curse: 81 (21.7%)",30,54,0.56,72,1.89,5.39,1.54,4,1,14,0,4.39,112,"Gengar: 4, Arcanine: 3, Mareep: 2","Arcanine: 5, Rapidash: 3, Jynx: 3",1,"Damage: 20, Status: 68, Hazard: 0, Weather: 0, Cleric: 0, Screen: 0, Pass: 0",None
SPOINK,D,Attacker,"Payback: 2227 (29.3%), Rest: 2203 (29.0%), Zen Headbutt: 2195 (28.9%), Snore: 963 (12.7%), Struggle: 18 (0.2%)",1050,997,1.05,53,1.11,7.36,4.21,278,439,357,277,2.74,1438,"Magikarp: 56, Zubat: 47, Rattata: 44","Seaking: 24, Koffing: 23, Magmar: 22",0,"Damage: 53, Status: 0, Hazard: 0, Weather: 0, Cleric: 0, Screen: 0, Pass: 0",None
SQUIRTLE,F+,All-Rounder,"Curse: 1330 (28.2%), Skull Bash: 649 (13.8%), Aqua Tail: 630 (13.4%), Iron Defense: 599 (12.7%), Bite: 467 (9.9%), Withdraw: 425 (9.0%), Rain Dance: 412 (8.7%), Water Gun: 199 (4.2%)",458,1755,0.26,143,0.34,4.25,2.24,112,135,470,119,9.09,2030,"Growlithe: 20, Magmar: 16, Raticate: 15","Seaking: 43, Butterfree: 37, Seadra: 32",1,"Damage: 143, Status: 0, Hazard: 0, Weather: 0, Cleric: 0, Screen: 0, Pass: 0",None
STANTLER,S-,All-Rounder,"Zen Headbutt: 3127 (55.4%), Me First: 2107 (37.3%), Trick Room: 325 (5.8%), Return: 85 (1.5%)",2249,443,5.08,303,5.76,4.36,1.62,260,400,158,267,0.14,1403,"Koffing: 72, Magikarp: 58, Rattata: 54","Gyarados: 13, Alakazam: 12, Seaking: 12",0,"Damage: 303, Status: 5, Hazard: 0, Weather: 0, Cleric: 0, Screen: 0, Pass: 0",None
STARAPTOR,S,Attacker,"Brave Bird: 1774 (63.0%), Close Combat: 749 (26.6%), U Turn: 259 (9.2%), Attract: 32 (1.1%)",2345,157,14.94,180,16.08,2.33,0.36,186,5,40,0,7.74,1326,"Koffing: 74, Magnemite: 52, Rattata: 51","Magneton: 7, Starmie: 7, Golem: 5",0,"Damage: 180, Status: 0, Hazard: 0, Weather: 0, Cleric: 0, Screen: 0, Pass: 0",None
STARLY,B-,Attacker,"Aerial Ace: 1094 (26.5%), Brave Bird: 1035 (25.1%), Take Down: 1002 (24.3%), Agility: 990 (24.0%)",1620,912,1.78,43,1.82,3.15,1.31,171,158,122,0,3.18,1516,"Rattata: 63, Magikarp: 59, Zubat: 43","Graveler: 26, Seaking: 22, Seadra: 17",0,"Damage: 43, Status: 0, Hazard: 0, Weather: 0, Cleric: 0, Screen: 0, Pass: 0",None
STARMIE,B+,All-Rounder,"Swift: 7550 (26.5%), Surf: 3023 (10.6%), Ice Beam: 2938 (10.3%), Water Gun: 2785 (9.8%), Thunderbolt: 2763 (9.7%), Recover: 2062 (7.2%), Confuse Ray: 1615 (5.7%), Psychic: 1573 (5.5%), Rapid Spin: 1518 (5.3%), Blizzard: 892 (3.1%), Water Pulse: 660 (2.3%), Thunder: 425 (1.5%), Brine: 412 (1.4%), Minimize: 165 (0.6%), Cosmic Power: 111 (0.4%)",9509,4648,2.05,1105,2.28,4.4,1.75,1436,728,1105,349,6.17,8265,"Koffing: 236, Rattata: 187, Magikarp: 176","Sneasel: 115, Butterfree: 101, Seaking: 88",9,"Damage: 1044, Status: 511, Hazard: 0, Weather: 0, Cleric: 0, Screen: 0, Pass: 0",None
STARYU,E,All-Rounder,"Camouflage: 7703 (27.5%), Water Gun: 5565 (19.9%), Rapid Spin: 5482 (19.6%), Swift: 3447 (12.3%), Recover: 2684 (9.6%), Minimize: 1679 (6.0%), Bubble Beam: 1353 (4.8%), Gyro Ball: 24 (0.1%), Struggle: 24 (0.1%)",2941,7051,0.42,1064,0.57,4.53,2.11,972,577,2790,80,10.35,8447,"Magikarp: 218, Rattata: 155, Geodude: 113","Seaking: 123, Koffing: 120, Gyarados: 115",11,"Damage: 1064, Status: 0, Hazard: 0, Weather: 0, Cleric: 0, Screen: 0, Pass: 0",None
STEELIX,B+,Defender,"Rock Polish: 9580 (27.7%), Curse: 9109 (26.4%), Iron Tail: 6192 (17.9%), Dragon Breath: 2774 (8.0%), Stone Edge: 1972 (5.7%), Crunch: 1862 (5.4%), Double Edge: 1811 (5.2%), Sandstorm: 411 (1.2%), Rock Throw: 334 (1.0%), Screech: 313 (0.9%), Roar: 122 (0.4%), Stealth Rock: 46 (0.1%), Struggle: 4 (0.0%)",5649,2753,2.05,600,2.27,7.53,4.28,869,2915,1506,1333,-1.33,5603,"Koffing: 121, Magikarp: 118, Magnemite: 111","Magmar: 89, Quagsire: 85, Golduck: 81",4,"Damage: 556, Status: 67, Hazard: 38, Weather: 54, Cleric: 0, Screen: 0, Pass: 0",None
SUDOWOODO,A+,Attacker,"Rock Slide: 4642 (23.9%), Rock Tomb: 3698 (19.1%), Slam: 2841 (14.6%), Double Edge: 2828 (14.6%), Hammer Arm: 1888 (9.7%), Stone Edge: 995 (5.1%), Wood Hammer: 988 (5.1%), Sucker Punch: 741 (3.8%), Faint Attack: 573 (3.0%), Earthquake: 208 (1.1%)",9592,2693,3.56,973,3.92,3.54,1.86,962,2749,685,2008,-5.58,6818,"Magikarp: 270, Koffing: 229, Rattata: 228","Golduck: 78, Seaking: 57, Seadra: 50",0,"Damage: 973, Status: 0, Hazard: 0, Weather: 0, Cleric: 0, Screen: 0, Pass: 0",None
SUNFLORA,C+,All-Rounder,"Petal Dance: 3672 (36.1%), Leaf Storm: 1818 (17.9%), Solar Beam: 1326 (13.1%), Sunny Day: 1124 (11.1%), Razor Leaf: 926 (9.1%), Mega Drain: 754 (7.4%), Ingrain: 325 (3.2%), Worry Seed: 214 (2.1%)",4205,2819,1.49,575,1.7,3.54,1.81,524,460,474,0,5.06,5074,"Gastly: 143, Seaking: 140, Quagsire: 133","Magmar: 119, Golbat: 84, Arcanine: 56",6,"Damage: 575, Status: 0, Hazard: 0, Weather: 3, Cleric: 0, Screen: 0, Pass: 0",None
SUNKERN,D-,All-Rounder,"Razor Leaf: 1621 (41.6%), Giga Drain: 892 (22.9%), Sunny Day: 755 (19.4%), Synthesis: 621 (16.0%), Struggle: 3 (0.1%)",883,1067,0.83,203,1.02,3.6,2.26,209,147,168,0,5.67,1432,"Magikarp: 54, Rattata: 44, Geodude: 32","Koffing: 25, Seaking: 20, Butterfree: 19",0,"Damage: 202, Status: 0, Hazard: 0, Weather: 3, Cleric: 0, Screen: 0, Pass: 0",None
SWALOT,C+,Disrupter,"Sludge Bomb: 342 (30.5%), Amnesia: 268 (23.9%), Pain Split: 266 (23.8%), Yawn: 217 (19.4%), Struggle: 27 (2.4%)",71,68,1.04,45,1.71,13.83,5.75,17,45,80,71,4.92,112,"Crobat: 8, Gengar: 5, Machamp: 4","Xatu: 5, Dragonite: 4, Lucario: 4",0,"Damage: 29, Status: 40, Hazard: 0, Weather: 0, Cleric: 0, Screen: 0, Pass: 0",None
SWELLOW,B+,Attacker,"Facade: 164 (68.3%), Double Team: 47 (19.6%), Protect: 25 (10.4%), Endeavor: 4 (1.7%)",132,66,2.0,11,2.17,3.26,0.71,12,2,9,0,7.63,112,"Electrode: 10, Voltorb: 9, Ampharos: 7","Gengar: 7, Magneton: 5, Electrode: 4",0,"Damage: 11, Status: 0, Hazard: 0, Weather: 0, Cleric: 0, Screen: 0, Pass: 0",None
SWINUB,F+,Attacker,"Endure: 2569 (32.2%), Icy Wind: 2269 (28.4%), Mud Bomb: 1593 (19.9%), Mud Slap: 1531 (19.2%), Struggle: 26 (0.3%)",900,2214,0.41,53,0.43,6.2,3.02,302,617,1209,3206,9.69,1420,"Magikarp: 54, Zubat: 47, Rattata: 47","Koffing: 49, Graveler: 38, Seaking: 38",3,"Damage: 53, Status: 0, Hazard: 0, Weather: 0, Cleric: 0, Screen: 0, Pass: 0",None
TAILLOW,C,All-Rounder,"Wing Attack: 1481 (26.0%), Aerial Ace: 1469 (25.8%), Double Team: 1405 (24.7%), Endeavor: 1343 (23.6%)",1252,1029,1.22,312,1.52,4.26,1.72,178,34,892,0,15.72,1525,"Magikarp: 56, Rattata: 52, Zubat: 32","Graveler: 28, Seaking: 24, Magnemite: 22",1,"Damage: 312, Status: 0, Hazard: 0, Weather: 0, Cleric: 0, Screen: 0, Pass: 0",None
TANGELA,C+,All-Rounder,"Ancient Power: 3872 (17.4%), Growth: 2711 (12.2%), Vine Whip: 2627 (11.8%), Bind: 2372 (10.7%), Absorb: 2278 (10.3%), Stun Spore: 1926 (8.7%), Slam: 1854 (8.4%), Mega Drain: 1456 (6.6%), Sleep Powder: 1436 (6.5%), Giga Drain: 733 (3.3%), Poison Powder: 476 (2.1%), Wring Out: 234 (1.1%), Ingrain: 118 (0.5%), Natural Gift: 53 (0.2%), Knock Off: 52 (0.2%)",4595,3277,1.4,1022,1.71,4.97,2.36,898,2582,861,342,-3.72,5395,"Magikarp: 208, Rattata: 179, Zubat: 106","Magmar: 75, Golbat: 72, Sneasel: 57",1,"Damage: 987, Status: 340, Hazard: 0, Weather: 0, Cleric: 0, Screen: 0, Pass: 0",None
TANGROWTH,B,All-Rounder,"Ancient Power: 1523 (27.0%), Mega Drain: 1155 (20.4%), Stun Spore: 1085 (19.2%), Power Whip: 593 (10.5%), Wring Out: 476 (8.4%), Slam: 324 (5.7%), Rock Slide: 163 (2.9%), Earthquake: 134 (2.4%), Knock Off: 96 (1.7%), Swords Dance: 62 (1.1%), Tickle: 39 (0.7%)",1629,892,1.83,262,2.12,4.88,2.31,241,632,259,138,-2.54,1704,"Seaking: 80, Quagsire: 37, Poliwhirl: 35","Weezing: 23, Crobat: 19, Golbat: 18",0,"Damage: 245, Status: 121, Hazard: 0, Weather: 0, Cleric: 0, Screen: 0, Pass: 0",None
TAUROS,D+,All-Rounder,"Zen Headbutt: 1608 (36.4%), Take Down: 1202 (27.2%), Payback: 497 (11.2%), Rest: 380 (8.6%), Pursuit: 251 (5.7%), Fire Blast: 158 (3.6%), Thunder: 147 (3.3%), Surf: 122 (2.8%), Scary Face: 57 (1.3%)",1265,1085,1.17,163,1.32,4.4,2.03,220,499,216,220,-1.34,1724,"Seaking: 39, Magmar: 30, Golbat: 24","Alakazam: 31, Weezing: 22, Exeggutor: 21",1,"Damage: 163, Status: 3, Hazard: 0, Weather: 0, Cleric: 0, Screen: 0, Pass: 0",None
TEDDIURSA,D,Defender,"Slash: 14198 (29.8%), Rest: 9640 (20.3%), Charm: 9120 (19.2%), Snore: 4699 (9.9%), Faint Attack: 3629 (7.6%), Sweet Scent: 2542 (5.3%), Fury Swipes: 2054 (4.3%), Fake Tears: 1458 (3.1%), Lick: 240 (0.5%), Struggle: 10 (0.0%)",8761,9200,0.95,1847,1.15,5.74,3.3,2382,1688,2324,75,6.06,12197,"Magikarp: 371, Rattata: 344, Zubat: 242","Graveler: 217, Butterfree: 207, Seaking: 204",4,"Damage: 1847, Status: 3, Hazard: 0, Weather: 0, Cleric: 0, Screen: 0, Pass: 0",None
TENTACOOL,F,Defender,"Acid: 5235 (27.5%), Constrict: 5186 (27.2%), Bubble Beam: 2453 (12.9%), Toxic Spikes: 2057 (10.8%), Supersonic: 1869 (9.8%), Poison Jab: 582 (3.1%), Screech: 571 (3.0%), Barrier: 563 (3.0%), Water Pulse: 547 (2.9%)",1496,8767,0.17,1216,0.31,6.53,3.44,825,1374,1054,1298,2.35,5075,"Magikarp: 93, Rattata: 77, Pidgey: 63","Seaking: 162, Gyarados: 153, Koffing: 151",31,"Damage: 1098, Status: 366, Hazard: 255, Weather: 0, Cleric: 0, Screen: 0, Pass: 0",None
TENTACRUEL,B,Defender,"Poison Jab: 8788 (24.0%), Water Pulse: 6589 (18.0%), Screech: 6562 (17.9%), Barrier: 5384 (14.7%), Hydro Pump: 2592 (7.1%), Wring Out: 2155 (5.9%), Wrap: 1759 (4.8%), Constrict: 835 (2.3%), Bubble Beam: 816 (2.2%), Acid: 815 (2.2%), Toxic Spikes: 285 (0.8%)",8481,4729,1.79,1213,2.05,5.46,2.82,1386,2374,1233,2389,0.63,8655,"Koffing: 260, Magmar: 192, Seaking: 187","Quagsire: 113, Graveler: 100, Magneton: 93",15,"Damage: 1213, Status: 512, Hazard: 5, Weather: 0, Cleric: 0, Screen: 0, Pass: 0",None
TORKOAL,S-,Attacker / Disrupter,"Body Slam: 4415 (34.6%), Iron Tail: 2673 (21.0%), Overheat: 2478 (19.4%), Iron Defense: 1929 (15.1%), Yawn: 712 (5.6%), Sunny Day: 536 (4.2%)",4948,764,6.48,186,6.72,5.09,3.0,507,1115,455,920,-1.09,2918,"Koffing: 139, Magikarp: 117, Rattata: 108","Golem: 19, Feraligatr: 19, Alakazam: 18",0,"Damage: 136, Status: 133, Hazard: 0, Weather: 1, Cleric: 0, Screen: 0, Pass: 0",None
TOTODILE,F-,Attacker,"Leer: 2348 (51.0%), Scratch: 2240 (48.7%), Struggle: 12 (0.3%)",126,2611,0.05,4,0.05,2.77,1.37,132,215,322,0,4.86,2666,"Caterpie: 20, Magikarp: 14, Rattata: 11","Koffing: 58, Rattata: 51, Gyarados: 36",0,"Damage: 4, Status: 0, Hazard: 0, Weather: 0, Cleric: 0, Screen: 0, Pass: 0",None
TOXICROAK,A+,All-Rounder,"Cross Chop: 687 (51.5%), Poison Jab: 256 (19.2%), Gunk Shot: 141 (10.6%), Swagger: 72 (5.4%), Attract: 68 (5.1%), Substitute: 66 (4.9%), X Scissor: 39 (2.9%), Struggle: 5 (0.4%)",623,188,3.31,106,3.88,3.56,1.18,92,244,32,45,-8.65,517,"Rattata: 23, Graveler: 21, Onix: 20","Crobat: 13, Golem: 12, Bronzong: 10",0,"Damage: 89, Status: 48, Hazard: 0, Weather: 0, Cleric: 0, Screen: 0, Pass: 0",None
TYPHLOSION,S,All-Rounder,"Flamethrower: 2863 (49.3%), Swift: 998 (17.2%), Rollout: 881 (15.2%), Lava Plume: 421 (7.2%), Will O Wisp: 377 (6.5%), Quick Attack: 136 (2.3%), Flame Wheel: 134 (2.3%)",3479,461,7.55,374,8.36,3.58,1.05,325,275,132,175,3.02,2003,"Magnemite: 87, Koffing: 80, Magneton: 68","Feraligatr: 22, Starmie: 21, Gyarados: 17",1,"Damage: 345, Status: 190, Hazard: 0, Weather: 0, Cleric: 0, Screen: 0, Pass: 0",None
TYRANITAR,S,Weather,"Rock Slide: 100 (62.5%), Earthquake: 43 (26.9%), Fire Fang: 16 (10.0%), Low Kick: 1 (0.6%)",106,12,8.83,31,11.42,4.35,1.42,10,15,10,7,2.12,60,"Charizard: 6, Noctowl: 6, Dragonite: 5","Blastoise: 2, Garchomp: 2, Machamp: 1",0,"Damage: 12, Status: 1, Hazard: 0, Weather: 29, Cleric: 0, Screen: 0, Pass: 0",None
UMBREON,S-,Disrupter,"Faint Attack: 4069 (23.5%), Dark Pulse: 3931 (22.7%), Double Team: 2727 (15.8%), Confuse Ray: 2580 (14.9%), Payback: 1495 (8.6%), Shadow Ball: 1176 (6.8%), Last Resort: 1141 (6.6%), Curse: 150 (0.9%), Sucker Punch: 13 (0.1%), Struggle: 5 (0.0%)",4321,784,5.51,613,6.29,6.72,2.28,696,231,2444,626,14.85,2935,"Magikarp: 116, Koffing: 112, Rattata: 108","Machamp: 24, Butterfree: 20, Poliwrath: 18",0,"Damage: 528, Status: 433, Hazard: 0, Weather: 0, Cleric: 0, Screen: 0, Pass: 0",None
URSARING,A+,Attacker,"Rest: 3135 (24.4%), Scary Face: 2834 (22.1%), Thrash: 2748 (21.4%), Slash: 1798 (14.0%), Sweet Scent: 1736 (13.5%), Snore: 590 (4.6%)",3379,1030,3.28,208,3.48,7.49,4.06,390,579,591,0,2.99,2590,"Magnemite: 77, Seaking: 69, Butterfree: 68","Graveler: 28, Golem: 26, Weezing: 22",0,"Damage: 208, Status: 0, Hazard: 0, Weather: 0, Cleric: 0, Screen: 0, Pass: 0",None
VAPOREON,B-,Attacker,"Surf: 3566 (28.5%), Quick Attack: 2510 (20.0%), Water Gun: 2296 (18.3%), Aurora Beam: 2155 (17.2%), Sand Attack: 918 (7.3%), Bite: 720 (5.8%), Last Resort: 287 (2.3%), Helping Hand: 68 (0.5%)",3898,2104,1.85,313,2.0,4.51,1.94,713,301,1241,309,11.9,3870,"Koffing: 106, Magnemite: 98, Butterfree: 84","Seaking: 59, Quagsire: 55, Golduck: 51",4,"Damage: 313, Status: 0, Hazard: 0, Weather: 0, Cleric: 0, Screen: 0, Pass: 0",None
VENOMOTH,A-,Defender,"Leech Life: 2757 (17.4%), Confusion: 2754 (17.4%), Supersonic: 2147 (13.5%), Disable: 2030 (12.8%), Psychic: 1936 (12.2%), Signal Beam: 1091 (6.9%), Gust: 985 (6.2%), Poison Fang: 820 (5.2%), Double Team: 460 (2.9%), Bug Buzz: 294 (1.9%), Silver Wind: 199 (1.3%), Sleep Powder: 138 (0.9%), Sludge Bomb: 132 (0.8%), Toxic: 83 (0.5%), Baton Pass: 22 (0.1%), Struggle: 2 (0.0%)",3955,1724,2.29,440,2.55,5.51,2.35,640,1796,765,513,-2.34,3591,"Koffing: 140, Golbat: 72, Weezing: 69","Alakazam: 61, Magmar: 44, Seaking: 42",4,"Damage: 397, Status: 224, Hazard: 0, Weather: 0, Cleric: 0, Screen: 0, Pass: 14",None
VENONAT,E,Disrupter,"Confusion: 4309 (23.4%), Signal Beam: 2802 (15.2%), Psybeam: 2730 (14.9%), Supersonic: 2306 (12.5%), Leech Life: 2170 (11.8%), Poison Powder: 1503 (8.2%), Stun Spore: 913 (5.0%), Sleep Powder: 851 (4.6%), Foresight: 794 (4.3%)",2194,4474,0.49,580,0.62,5.39,2.54,763,1211,700,780,1.47,4343,"Magikarp: 159, Rattata: 102, Bellsprout: 89","Seaking: 85, Koffing: 83, Magmar: 81",0,"Damage: 563, Status: 546, Hazard: 0, Weather: 0, Cleric: 0, Screen: 0, Pass: 0",None
VENUSAUR,B+,All-Rounder,"Petal Dance: 2743 (31.7%), Solar Beam: 1793 (20.8%), Double Edge: 1468 (17.0%), Worry Seed: 601 (7.0%), Synthesis: 538 (6.2%), Sludge Bomb: 533 (6.2%), Leech Seed: 425 (4.9%), Sleep Powder: 355 (4.1%), Toxic: 152 (1.8%), Giga Drain: 28 (0.3%), Frenzy Plant: 3 (0.0%), Struggle: 1 (0.0%)",2452,1263,1.94,335,2.21,5.07,2.41,337,371,320,83,3.09,2572,"Magnemite: 63, Koffing: 60, Seaking: 58","Magmar: 50, Butterfree: 39, Golbat: 33",1,"Damage: 318, Status: 150, Hazard: 0, Weather: 0, Cleric: 0, Screen: 0, Pass: 0",None
VESPIQUEN,E-,Defender,"Attack Order: 101 (38.3%), Protect: 82 (31.1%), Defend Order: 42 (15.9%), Confuse Ray: 39 (14.8%)",14,58,0.24,13,0.47,6.74,2.89,15,12,12,0,5.43,62,"Golduck: 2, Milotic: 1, Victreebel: 1","Typhlosion: 6, Crobat: 5, Rapidash: 4",0,"Damage: 13, Status: 4, Hazard: 0, Weather: 0, Cleric: 0, Screen: 0, Pass: 0",None
VICTREEBEL,A+,All-Rounder,"Razor Leaf: 10014 (27.9%), Acid: 4924 (13.7%), Sludge Bomb: 3415 (9.5%), Leaf Blade: 3308 (9.2%), Leaf Storm: 3202 (8.9%), Giga Drain: 2038 (5.7%), Toxic: 1651 (4.6%), Sweet Scent: 1393 (3.9%), Sleep Powder: 1310 (3.7%), Vine Whip: 1237 (3.4%), Protect: 1234 (3.4%), Grass Knot: 897 (2.5%), Wrap: 629 (1.8%), Sunny Day: 419 (1.2%), Synthesis: 161 (0.4%), Struggle: 36 (0.1%), Natural Gift: 4 (0.0%)",13011,5138,2.53,3527,3.22,3.79,1.67,2493,2085,1040,758,3.97,11552,"Magikarp: 346, Koffing: 331, Rattata: 325","Magmar: 184, Golbat: 155, Butterfree: 137",1,"Damage: 3226, Status: 1045, Hazard: 0, Weather: 2, Cleric: 0, Screen: 0, Pass: 0",None
VILEPLUME,A-,Disrupter,"Mega Drain: 12603 (30.7%), Stun Spore: 7294 (17.7%), Petal Dance: 4108 (10.0%), Aromatherapy: 3906 (9.5%), Giga Drain: 3050 (7.4%), Drain Punch: 2595 (6.3%), Poison Powder: 2006 (4.9%), Acid: 1123 (2.7%), Attract: 1091 (2.7%), Solar Beam: 900 (2.2%), Sludge Bomb: 728 (1.8%), Sleep Powder: 522 (1.3%), Sweet Scent: 479 (1.2%), Sunny Day: 348 (0.8%), Toxic: 171 (0.4%), Moonlight: 151 (0.4%), Struggle: 21 (0.1%)",8604,4418,1.95,2634,2.54,5.45,2.51,1524,3655,1528,207,-1.42,9426,"Seaking: 281, Magnemite: 231, Magikarp: 228","Magmar: 141, Golbat: 102, Rapidash: 98",2,"Damage: 2179, Status: 1605, Hazard: 0, Weather: 2, Cleric: 6, Screen: 0, Pass: 0",None
VOLBEAT,D,Attacker,"Protect: 1319 (35.3%), Bug Buzz: 1203 (32.2%), Zen Headbutt: 1123 (30.0%), Helping Hand: 95 (2.5%)",646,660,0.98,59,1.07,5.32,2.0,136,179,146,194,2.05,977,"Gastly: 24, Seaking: 21, Seadra: 20","Magmar: 19, Rapidash: 18, Flareon: 16",1,"Damage: 59, Status: 0, Hazard: 0, Weather: 0, Cleric: 0, Screen: 0, Pass: 0",None
VOLTORB,F+,Defender,"Rollout: 9572 (17.7%), Charge: 7237 (13.3%), Swift: 6860 (12.7%), Charge Beam: 5726 (10.6%), Sonic Boom: 4210 (7.8%), Tackle: 3798 (7.0%), Spark: 3408 (6.3%), Selfdestruct: 3236 (6.0%), Magnet Rise: 3079 (5.7%), Light Screen: 2763 (5.1%), Screech: 2620 (4.8%), Gyro Ball: 1219 (2.2%), Shock Wave: 372 (0.7%), Struggle: 116 (0.2%)",7172,21037,0.34,2174,0.44,6.01,3.09,1917,3850,2104,4168,0.28,11810,"Magikarp: 294, Rattata: 269, Zubat: 225","Seaking: 350, Sneasel: 320, Quagsire: 315",86,"Damage: 2119, Status: 517, Hazard: 0, Weather: 0, Cleric: 0, Screen: 55, Pass: 0",None
VULPIX,F+,All-Rounder,"Tail Whip: 2687 (22.8%), Quick Attack: 1804 (15.3%), Roar: 1514 (12.8%), Ember: 1217 (10.3%), Grudge: 1125 (9.5%), Extrasensory: 860 (7.3%), Fire Blast: 787 (6.7%), Will O Wisp: 763 (6.5%), Payback: 581 (4.9%), Fire Spin: 297 (2.5%), Captivate: 128 (1.1%), Struggle: 33 (0.3%)",1084,3930,0.28,445,0.39,3.8,1.71,294,678,567,192,1.52,4594,"Bellsprout: 72, Haunter: 64, Gastly: 48","Sneasel: 70, Seaking: 66, Koffing: 64",4,"Damage: 442, Status: 110, Hazard: 0, Weather: 0, Cleric: 0, Screen: 0, Pass: 0",None
WALREIN,C-,Disrupter,"Blizzard: 66 (43.4%), Swagger: 43 (28.3%), Body Slam: 34 (22.4%), Hail: 9 (5.9%)",34,38,0.89,22,1.47,5.31,1.98,3,10,4,10,-1.09,48,"Quagsire: 2, Gengar: 2, Rhydon: 2","Magneton: 3, Gyarados: 2, Arcanine: 2",0,"Damage: 15, Status: 16, Hazard: 0, Weather: 4, Cleric: 0, Screen: 0, Pass: 0",None
WARTORTLE,F+,All-Rounder,"Bite: 3781 (28.3%), Water Gun: 3519 (26.3%), Protect: 3283 (24.6%), Rapid Spin: 1026 (7.7%), Tail Whip: 797 (6.0%), Hydro Pump: 472 (3.5%), Swagger: 316 (2.4%), Ice Beam: 166 (1.2%)",1274,4183,0.3,349,0.39,5.43,2.45,516,588,614,985,4.2,3855,"Magnemite: 44, Zubat: 38, Rattata: 35","Seaking: 93, Gyarados: 89, Golduck: 69",10,"Damage: 338, Status: 44, Hazard: 0, Weather: 0, Cleric: 0, Screen: 0, Pass: 0",None
WEAVILE,S+,Attacker,"Ice Shard: 1992 (55.9%), Night Slash: 828 (23.2%), Ice Punch: 734 (20.6%), Low Kick: 10 (0.3%)",2788,106,26.3,120,27.43,2.82,0.43,266,31,36,34,7.4,1334,"Koffing: 72, Magikarp: 58, Rattata: 54","Arcanine: 10, Magneton: 6, Machamp: 5",0,"Damage: 120, Status: 3, Hazard: 0, Weather: 0, Cleric: 0, Screen: 0, Pass: 0",None
WEEDLE,F,All-Rounder,"Poison Sting: 5148 (46.3%), String Shot: 4443 (40.0%), Bug Bite: 1519 (13.7%), Struggle: 5 (0.0%)",492,5309,0.09,984,0.28,3.44,1.62,407,724,615,1366,2.56,5616,"Bellsprout: 63, Magikarp: 61, Rattata: 49","Koffing: 104, Pikachu: 82, Seaking: 78",3,"Damage: 984, Status: 374, Hazard: 0, Weather: 0, Cleric: 0, Screen: 0, Pass: 0",None
WEEPINBELL,D,All-Rounder,"Sweet Scent: 5609 (34.9%), Razor Leaf: 4751 (29.6%), Gastro Acid: 2837 (17.6%), Acid: 2598 (16.2%), Knock Off: 274 (1.7%), Struggle: 7 (0.0%)",2480,3047,0.81,1104,1.18,5.07,2.75,727,553,766,172,5.6,4116,"Magikarp: 115, Rattata: 106, Zubat: 65","Magmar: 65, Graveler: 64, Golbat: 58",0,"Damage: 1104, Status: 0, Hazard: 0, Weather: 0, Cleric: 0, Screen: 0, Pass: 0",None
WEEZING,D+,All-Rounder,"Sludge: 13733 (28.3%), Double Hit: 11202 (23.1%), Smoke Screen: 6898 (14.2%), Assurance: 5414 (11.2%), Sludge Bomb: 3242 (6.7%), Explosion: 2320 (4.8%), Smog: 1373 (2.8%), Haze: 1074 (2.2%), Flamethrower: 1015 (2.1%), Selfdestruct: 670 (1.4%), Tackle: 580 (1.2%), Thunder: 413 (0.9%), Thunderbolt: 347 (0.7%), Toxic: 210 (0.4%), Struggle: 2 (0.0%)",11085,10622,1.04,2245,1.25,4.61,2.21,2315,2880,5269,3685,8.73,14583,"Seaking: 253, Magikarp: 243, Koffing: 214","Golduck: 172, Graveler: 172, Magmar: 157",44,"Damage: 2210, Status: 957, Hazard: 0, Weather: 0, Cleric: 0, Screen: 0, Pass: 0",None
WHISMUR,F-,Attacker,"Screech: 5281 (35.1%), Roar: 3634 (24.2%), Rest: 3388 (22.5%), Sleep Talk: 2655 (17.7%), Struggle: 68 (0.5%)",58,1285,0.05,0,0.05,15.47,9.77,6,1332,783,0,-3.43,1345,"Magikarp: 28, Geodude: 8, Caterpie: 5","Rattata: 25, Koffing: 25, Graveler: 21",0,"Damage: 0, Status: 0, Hazard: 0, Weather: 0, Cleric: 0, Screen: 0, Pass: 0",None
WIGGLYTUFF,E-,Disrupter,"Defense Curl: 10263 (28.3%), Disable: 8686 (24.0%), Sing: 7019 (19.4%), Double Slap: 5389 (14.9%), Pound: 4829 (13.3%), Struggle: 76 (0.2%)",1234,3644,0.34,833,0.57,10.16,3.89,518,6934,1126,0,-14.15,4239,"Magikarp: 126, Rattata: 94, Bellsprout: 58","Seaking: 64, Koffing: 60, Gyarados: 58",0,"Damage: 733, Status: 522, Hazard: 0, Weather: 0, Cleric: 0, Screen: 0, Pass: 0",None
WINGULL,C-,All-Rounder,"Aerial Ace: 2207 (30.8%), Pursuit: 2147 (30.0%), Agility: 1731 (24.2%), Roost: 1081 (15.1%)",1054,1079,0.98,457,1.4,5.34,2.87,259,27,271,0,6.76,1511,"Magikarp: 56, Rattata: 53, Zubat: 35","Seaking: 25, Magnemite: 22, Koffing: 22",0,"Damage: 457, Status: 0, Hazard: 0, Weather: 0, Cleric: 0, Screen: 0, Pass: 0",None
WOBBUFFET,E+,Attacker,"Counter: 92 (51.4%), Mirror Coat: 76 (42.5%), Destiny Bond: 7 (3.9%), Encore: 4 (2.2%)",35,46,0.76,2,0.8,6.82,3.46,0,0,20,0,10.05,56,"Gengar: 3, Dragonite: 3, Meganium: 2","Dragonite: 3, Charizard: 3, Crobat: 2",0,"Damage: 2, Status: 0, Hazard: 0, Weather: 0, Cleric: 0, Screen: 0, Pass: 0",None
WOOPER,F,Attacker,"Water Gun: 2728 (29.8%), Mud Shot: 2040 (22.3%), Tail Whip: 1470 (16.1%), Slam: 1291 (14.1%), Mud Bomb: 966 (10.6%), Mud Sport: 638 (7.0%), Struggle: 23 (0.3%)",759,2422,0.31,16,0.32,4.52,1.83,367,1201,584,1701,-2.4,2738,"Magikarp: 75, Rattata: 52, Geodude: 40","Koffing: 53, Graveler: 37, Sneasel: 36",0,"Damage: 16, Status: 0, Hazard: 0, Weather: 0, Cleric: 0, Screen: 0, Pass: 0",None
XATU,A-,Defender,"Me First: 11914 (22.3%), Wish: 11848 (22.2%), Future Sight: 7760 (14.5%), Fly: 7192 (13.5%), Tailwind: 4704 (8.8%), Psychic: 3058 (5.7%), Confuse Ray: 2684 (5.0%), Ominous Wind: 2307 (4.3%), Psycho Shift: 908 (1.7%), Night Shade: 432 (0.8%), U Turn: 427 (0.8%), Aerial Ace: 126 (0.2%), Struggle: 54 (0.1%), Shadow Ball: 41 (0.1%), Quick Attack: 6 (0.0%)",6471,4687,1.38,5620,2.58,6.93,3.06,881,932,4614,670,7.91,8931,"Magikarp: 239, Koffing: 205, Rattata: 190","Sneasel: 130, Seaking: 107, Graveler: 101",2,"Damage: 5133, Status: 1503, Hazard: 0, Weather: 0, Cleric: 279, Screen: 0, Pass: 0",None
YANMA,E-,Defender,"Pursuit: 1700 (37.2%), Detect: 1231 (26.9%), Uproar: 1198 (26.2%), Supersonic: 439 (9.6%)",337,925,0.36,89,0.46,5.48,1.8,185,270,132,0,1.0,1100,"Zubat: 20, Koffing: 15, Gloom: 14","Magmar: 20, Seaking: 20, Golbat: 19",0,"Damage: 87, Status: 23, Hazard: 0, Weather: 0, Cleric: 0, Screen: 0, Pass: 0",None
YANMEGA,C,All-Rounder,"Pursuit: 1110 (26.0%), Ancient Power: 709 (16.6%), Uproar: 674 (15.8%), Slash: 660 (15.5%), Air Slash: 447 (10.5%), Supersonic: 247 (5.8%), U Turn: 161 (3.8%), Screech: 112 (2.6%), Bug Buzz: 77 (1.8%), Detect: 65 (1.5%)",947,838,1.13,354,1.55,4.66,1.72,274,236,144,120,4.07,1350,"Butterfree: 45, Koffing: 32, Farfetchd: 25","Sneasel: 27, Crobat: 21, Gyarados: 19",0,"Damage: 353, Status: 37, Hazard: 0, Weather: 0, Cleric: 0, Screen: 0, Pass: 0",None
ZIGZAGOON,C-,All-Rounder,"Iron Tail: 3052 (33.4%), Secret Power: 2871 (31.4%), Belly Drum: 1724 (18.9%), Rest: 1048 (11.5%), Flail: 398 (4.4%), Return: 46 (0.5%)",2440,1940,1.26,422,1.48,3.84,1.85,339,908,369,377,-1.87,3001,"Magikarp: 113, Rattata: 110, Zubat: 72","Graveler: 47, Butterfree: 41, Seaking: 40",0,"Damage: 422, Status: 0, Hazard: 0, Weather: 0, Cleric: 0, Screen: 0, Pass: 0",None
ZUBAT,F,Disrupter,"Supersonic: 12026 (21.8%), Bite: 10663 (19.3%), Wing Attack: 10564 (19.1%), Leech Life: 9834 (17.8%), Astonish: 7673 (13.9%), Confuse Ray: 2887 (5.2%), Air Cutter: 1616 (2.9%), Struggle: 27 (0.0%)",4456,23947,0.19,3150,0.32,4.03,1.66,2446,7319,3996,4533,-1.38,24129,"Magikarp: 280, Bellsprout: 234, Gastly: 218","Seaking: 426, Koffing: 410, Gyarados: 395",32,"Damage: 2860, Status: 1969, Hazard: 0, Weather: 0, Cleric: 0, Screen: 0, Pass: 0",None
