Unique_Identifier,Trainer_Key,Species,Move_Preference,KOs,Deaths,KDR,Total_Assists,KDA,AI_Switching_Frequency,Average_Lifespan_Turns,Average_Hits_Taken,Critical_Hits,Missed_Attacks,Dodged_Attacks,Secondary_Effect_Procs,Luck_Score,Games_Seen,Most_KOs_Against,Killed_Most_By,Sweep_Count,Lead_Win_Rate,Switch_In_Casualties,Assist_Breakdown,Mimic_Move_Usage
ace_trainer_f_carol_0237_Dugtrio,ace_trainer_f_carol_0237,DUGTRIO,None,0,0,0.0,0,0.0,0,0.0,0.0,0,0,4,0,100.0,2,None,None,0,,0,"Damage: 0, Status: 0, Hazard: 0, Weather: 0, Cleric: 0, Screen: 0, Pass: 0",None
ace_trainer_f_carol_0237_Electrode,ace_trainer_f_carol_0237,ELECTRODE,"Thunder: 2389 (63.4%), Swift: 800 (21.2%), Rain Dance: 495 (13.1%), Selfdestruct: 87 (2.3%)",1629,336,4.85,305,5.76,114,3.72,1.27,189,557,103,0,-6.84,1133,"Magikarp: 57, Seaking: 42, Koffing: 37","Graveler: 24, Quagsire: 23, Seaking: 11",253,87.29,0,"Damage: 292, Status: 65, Hazard: 0, Weather: 0, Cleric: 0, Screen: 0, Pass: 0",None
ace_trainer_f_carol_0237_Ninetales,ace_trainer_f_carol_0237,NINETALES,"Fire Blast: 395 (58.7%), Nasty Plot: 149 (22.1%), Confuse Ray: 89 (13.2%), Will O Wisp: 40 (5.9%)",246,91,2.7,53,3.29,6,4.33,1.53,30,68,27,7,-1.69,242,"Magmar: 17, Sunflora: 15, Ivysaur: 10","Rapidash: 11, Quagsire: 8, Starmie: 6",29,,1,"Damage: 28, Status: 40, Hazard: 0, Weather: 0, Cleric: 0, Screen: 0, Pass: 0",None
ace_trainer_f_carol_0237_Quagsire,ace_trainer_f_carol_0237,QUAGSIRE,None,0,0,0.0,0,0.0,0,0.0,0.0,0,0,0,0,0.0,1,None,None,0,,0,"Damage: 0, Status: 0, Hazard: 0, Weather: 0, Cleric: 0, Screen: 0, Pass: 0",None
ace_trainer_f_carol_0237_Starmie,ace_trainer_f_carol_0237,STARMIE,"Brine: 312 (39.0%), Psychic: 300 (37.5%), Thunder: 169 (21.1%), Recover: 20 (2.5%)",466,80,5.83,37,6.29,15,3.37,0.88,36,54,29,9,0.9,367,"Graveler: 30, Quagsire: 28, Golem: 17","Starmie: 6, Quagsire: 6, Golduck: 6",58,83.33,0,"Damage: 37, Status: 0, Hazard: 0, Weather: 0, Cleric: 0, Screen: 0, Pass: 0",None
ace_trainer_f_cybil_0408_Bellossom,ace_trainer_f_cybil_0408,BELLOSSOM,"Magical Leaf: 1983 (53.5%), Stun Spore: 792 (21.4%), Acid: 762 (20.5%), Mega Drain: 172 (4.6%)",539,659,0.82,18,0.85,0,5.7,2.4,171,233,166,61,2.56,890,"Graveler: 31, Seaking: 28, Geodude: 22","Magmar: 22, Seaking: 17, Golem: 15",71,43.75,1,"Damage: 15, Status: 9, Hazard: 0, Weather: 0, Cleric: 0, Screen: 0, Pass: 0",None
ace_trainer_f_cybil_0408_Dugtrio,ace_trainer_f_cybil_0408,DUGTRIO,None,0,0,0.0,0,0.0,0,0.0,0.0,0,0,3,0,100.0,2,None,None,0,,0,"Damage: 0, Status: 0, Hazard: 0, Weather: 0, Cleric: 0, Screen: 0, Pass: 0",None
ace_trainer_f_cybil_0408_Mareep,ace_trainer_f_cybil_0408,MAREEP,"Discharge: 1267 (35.4%), Cotton Spore: 1104 (30.9%), Charge: 812 (22.7%), Tackle: 394 (11.0%)",806,867,0.93,227,1.19,18,3.76,1.82,78,272,177,173,-0.19,1198,"Magikarp: 56, Goldeen: 30, Bellsprout: 28","Seaking: 32, Graveler: 24, Quagsire: 17",112,42.65,0,"Damage: 181, Status: 130, Hazard: 0, Weather: 0, Cleric: 0, Screen: 0, Pass: 0",None
ace_trainer_f_cybil_0408_Quagsire,ace_trainer_f_cybil_0408,QUAGSIRE,None,0,0,0.0,0,0.0,0,0.0,0.0,0,0,0,0,0.0,2,None,None,0,,0,"Damage: 0, Status: 0, Hazard: 0, Weather: 0, Cleric: 0, Screen: 0, Pass: 0",None
ace_trainer_f_emma_0363_Poliwhirl,ace_trainer_f_emma_0363,POLIWHIRL,"Body Slam: 1841 (42.2%), Bubble Beam: 1636 (37.5%), Rain Dance: 755 (17.3%), Double Slap: 130 (3.0%), Struggle: 1 (0.0%)",1011,784,1.29,19,1.31,0,4.27,1.89,216,58,149,490,6.13,1190,"Magikarp: 60, Geodude: 36, Graveler: 29","Seaking: 21, Teddiursa: 14, Fearow: 14",142,49.92,0,"Damage: 19, Status: 0, Hazard: 0, Weather: 0, Cleric: 0, Screen: 0, Pass: 0",None
ace_trainer_f_fran_0119_Seadra,ace_trainer_f_fran_0119,SEADRA,"Bubble Beam: 2211 (48.3%), Brine: 1505 (32.8%), Twister: 516 (11.3%), Agility: 350 (7.6%)",1790,570,3.14,24,3.18,0,3.8,1.72,253,44,124,156,7.07,1291,"Magikarp: 58, Graveler: 47, Goldeen: 45","Seaking: 25, Azumarill: 14, Quagsire: 13",244,75.76,0,"Damage: 24, Status: 0, Hazard: 0, Weather: 0, Cleric: 0, Screen: 0, Pass: 0",None
ace_trainer_f_gwen_0206_Dugtrio,ace_trainer_f_gwen_0206,DUGTRIO,None,0,0,0.0,0,0.0,0,0.0,0.0,0,0,2,0,100.0,2,None,None,0,,0,"Damage: 0, Status: 0, Hazard: 0, Weather: 0, Cleric: 0, Screen: 0, Pass: 0",None
ace_trainer_f_gwen_0206_Eevee,ace_trainer_f_gwen_0206,EEVEE,"Quick Attack: 3054 (60.5%), Sand Attack: 1117 (22.1%), Growl: 709 (14.1%), Helping Hand: 164 (3.3%)",550,963,0.57,502,1.09,167,5.62,1.82,159,67,795,0,15.19,1278,"Magikarp: 54, Bellsprout: 29, Geodude: 24","Seadra: 24, Farfetchd: 21, Seaking: 21",72,37.01,2,"Damage: 502, Status: 0, Hazard: 0, Weather: 0, Cleric: 0, Screen: 0, Pass: 0",None
ace_trainer_f_gwen_0206_Flareon,ace_trainer_f_gwen_0206,FLAREON,"Ember: 1204 (42.2%), Quick Attack: 1020 (35.8%), Sand Attack: 547 (19.2%), Helping Hand: 79 (2.8%)",252,815,0.31,234,0.6,21,5.04,1.76,128,51,578,98,18.89,931,"Gastly: 14, Growlithe: 12, Magmar: 11","Seadra: 28, Butterfree: 22, Seaking: 21",19,28.85,1,"Damage: 234, Status: 43, Hazard: 0, Weather: 0, Cleric: 0, Screen: 0, Pass: 0",None
ace_trainer_f_gwen_0206_Jolteon,ace_trainer_f_gwen_0206,JOLTEON,"Thunder Shock: 1387 (51.5%), Quick Attack: 698 (25.9%), Sand Attack: 573 (21.3%), Helping Hand: 37 (1.4%)",269,757,0.36,124,0.52,17,4.8,1.52,132,139,562,125,17.29,888,"Fearow: 13, Gyarados: 11, Poliwhirl: 10","Seadra: 29, Butterfree: 25, Seaking: 23",22,,5,"Damage: 124, Status: 18, Hazard: 0, Weather: 0, Cleric: 0, Screen: 0, Pass: 0",None
ace_trainer_f_gwen_0206_Quagsire,ace_trainer_f_gwen_0206,QUAGSIRE,None,0,0,0.0,0,0.0,0,0.0,0.0,0,0,0,0,0.0,8,None,None,0,,0,"Damage: 0, Status: 0, Hazard: 0, Weather: 0, Cleric: 0, Screen: 0, Pass: 0",None
ace_trainer_f_gwen_0206_Vaporeon,ace_trainer_f_gwen_0206,VAPOREON,"Water Gun: 1906 (52.6%), Quick Attack: 1004 (27.7%), Sand Attack: 634 (17.5%), Helping Hand: 81 (2.2%)",308,750,0.41,133,0.59,4,6.12,2.1,186,81,882,0,21.9,909,"Onix: 17, Graveler: 15, Rhyhorn: 11","Seaking: 25, Seadra: 23, Quagsire: 17",28,,0,"Damage: 133, Status: 0, Hazard: 0, Weather: 0, Cleric: 0, Screen: 0, Pass: 0",None
ace_trainer_f_irene_0120_Dugtrio,ace_trainer_f_irene_0120,DUGTRIO,None,0,0,0.0,0,0.0,0,0.0,0.0,0,0,2,0,100.0,2,None,None,0,,0,"Damage: 0, Status: 0, Hazard: 0, Weather: 0, Cleric: 0, Screen: 0, Pass: 0",None
ace_trainer_f_irene_0120_Goldeen,ace_trainer_f_irene_0120,GOLDEEN,"Horn Attack: 1263 (36.4%), Water Pulse: 1120 (32.2%), Supersonic: 754 (21.7%), Flail: 337 (9.7%)",605,939,0.64,291,0.95,0,3.79,1.86,148,408,130,152,-3.72,1203,"Magikarp: 55, Geodude: 32, Bellsprout: 28","Graveler: 25, Seaking: 19, Pikachu: 19",89,33.83,0,"Damage: 282, Status: 161, Hazard: 0, Weather: 0, Cleric: 0, Screen: 0, Pass: 0",None
ace_trainer_f_irene_0120_Quagsire,ace_trainer_f_irene_0120,QUAGSIRE,None,0,0,0.0,0,0.0,0,0.0,0.0,0,0,0,0,0.0,4,None,None,0,,0,"Damage: 0, Status: 0, Hazard: 0, Weather: 0, Cleric: 0, Screen: 0, Pass: 0",None
ace_trainer_f_irene_0120_Seaking,ace_trainer_f_irene_0120,SEAKING,"Horn Attack: 973 (40.6%), Water Pulse: 713 (29.8%), Supersonic: 501 (20.9%), Flail: 209 (8.7%)",381,783,0.49,51,0.55,0,4.22,1.89,103,256,105,85,-2.57,960,"Graveler: 22, Magnemite: 11, Marill: 10","Seaking: 22, Quagsire: 15, Butterfree: 15",44,28.0,0,"Damage: 47, Status: 30, Hazard: 0, Weather: 0, Cleric: 0, Screen: 0, Pass: 0",None
ace_trainer_f_jamie_0113_Flaaffy,ace_trainer_f_jamie_0113,FLAAFFY,"Discharge: 798 (39.0%), Charge: 585 (28.6%), Thunder Wave: 340 (16.6%), Cotton Spore: 322 (15.7%)",394,575,0.69,43,0.76,0,3.99,1.75,56,92,113,121,3.63,809,"Seadra: 23, Poliwhirl: 18, Seaking: 16","Quagsire: 19, Graveler: 18, Seaking: 14",43,42.59,1,"Damage: 29, Status: 19, Hazard: 0, Weather: 0, Cleric: 0, Screen: 0, Pass: 0",None
ace_trainer_f_jamie_0113_Quagsire,ace_trainer_f_jamie_0113,QUAGSIRE,None,0,0,0.0,0,0.0,0,0.0,0.0,0,0,0,0,0.0,4,None,None,0,,0,"Damage: 0, Status: 0, Hazard: 0, Weather: 0, Cleric: 0, Screen: 0, Pass: 0",None
ace_trainer_f_jamie_0113_Rapidash,ace_trainer_f_jamie_0113,RAPIDASH,"Stomp: 3401 (59.8%), Will O Wisp: 1185 (20.8%), Fire Spin: 721 (12.7%), Agility: 380 (6.7%)",1187,764,1.55,594,2.33,32,4.85,2.33,203,538,163,0,-2.94,1298,"Magikarp: 57, Bellsprout: 33, Magmar: 30","Graveler: 33, Seaking: 25, Poliwhirl: 22",171,66.72,0,"Damage: 540, Status: 410, Hazard: 0, Weather: 0, Cleric: 0, Screen: 0, Pass: 0",None
ace_trainer_f_jamie_0458_Ampharos,ace_trainer_f_jamie_0458,AMPHAROS,"Discharge: 502 (37.5%), Charge: 329 (24.6%), Signal Beam: 313 (23.4%), Thunder Punch: 194 (14.5%)",582,245,2.38,28,2.49,0,3.64,1.63,64,28,62,90,7.99,586,"Seaking: 30, Seadra: 23, Qwilfish: 16","Quagsire: 17, Graveler: 12, Golem: 12",83,72.0,0,"Damage: 26, Status: 9, Hazard: 0, Weather: 0, Cleric: 0, Screen: 0, Pass: 0",None
ace_trainer_f_jamie_0458_Dugtrio,ace_trainer_f_jamie_0458,DUGTRIO,None,0,0,0.0,0,0.0,0,0.0,0.0,0,0,4,0,100.0,2,None,None,0,,0,"Damage: 0, Status: 0, Hazard: 0, Weather: 0, Cleric: 0, Screen: 0, Pass: 0",None
ace_trainer_f_jamie_0458_Flaaffy,ace_trainer_f_jamie_0458,FLAAFFY,"Thunder Wave: 2 (40.0%), Discharge: 2 (40.0%), Charge: 1 (20.0%)",0,2,0.0,0,0.0,0,4.0,0.0,0,0,0,0,0.0,2,None,None,0,,0,"Damage: 0, Status: 0, Hazard: 0, Weather: 0, Cleric: 0, Screen: 0, Pass: 0",None
ace_trainer_f_jamie_0458_Quagsire,ace_trainer_f_jamie_0458,QUAGSIRE,None,0,0,0.0,0,0.0,0,0.0,0.0,0,0,0,0,0.0,4,None,None,0,,0,"Damage: 0, Status: 0, Hazard: 0, Weather: 0, Cleric: 0, Screen: 0, Pass: 0",None
ace_trainer_f_jamie_0458_Rapidash,ace_trainer_f_jamie_0458,RAPIDASH,"Flame Wheel: 1673 (44.9%), Stomp: 1296 (34.8%), Ember: 651 (17.5%), Fire Spin: 106 (2.8%), Agility: 2 (0.1%)",1519,537,2.83,439,3.65,20,3.48,1.45,210,62,86,33,6.12,1186,"Magikarp: 57, Butterfree: 38, Voltorb: 34","Graveler: 32, Seadra: 20, Seaking: 20",234,74.87,0,"Damage: 439, Status: 18, Hazard: 0, Weather: 0, Cleric: 0, Screen: 0, Pass: 0",None
ace_trainer_f_jamie_0459_Ampharos,ace_trainer_f_jamie_0459,AMPHAROS,"Discharge: 476 (36.8%), Signal Beam: 328 (25.3%), Charge: 285 (22.0%), Thunder Wave: 206 (15.9%)",442,183,2.42,40,2.63,0,4.16,1.73,48,35,53,69,4.93,450,"Seaking: 27, Tentacruel: 15, Qwilfish: 14","Golem: 14, Quagsire: 13, Dugtrio: 8",51,78.0,0,"Damage: 33, Status: 20, Hazard: 0, Weather: 0, Cleric: 0, Screen: 0, Pass: 0",None
ace_trainer_f_jamie_0459_Dugtrio,ace_trainer_f_jamie_0459,DUGTRIO,None,0,0,0.0,0,0.0,0,0.0,0.0,0,0,4,0,100.0,2,None,None,0,,0,"Damage: 0, Status: 0, Hazard: 0, Weather: 0, Cleric: 0, Screen: 0, Pass: 0",None
ace_trainer_f_jamie_0459_Flaaffy,ace_trainer_f_jamie_0459,FLAAFFY,None,0,2,0.0,0,0.0,0,2.0,0.0,0,0,0,0,0.0,2,None,None,0,,0,"Damage: 0, Status: 0, Hazard: 0, Weather: 0, Cleric: 0, Screen: 0, Pass: 0",None
ace_trainer_f_jamie_0459_Quagsire,ace_trainer_f_jamie_0459,QUAGSIRE,None,0,0,0.0,0,0.0,0,0.0,0.0,0,0,0,0,0.0,2,None,None,0,,0,"Damage: 0, Status: 0, Hazard: 0, Weather: 0, Cleric: 0, Screen: 0, Pass: 0",None
ace_trainer_f_jamie_0459_Rapidash,ace_trainer_f_jamie_0459,RAPIDASH,"Fire Blast: 2279 (58.8%), Stomp: 1119 (28.9%), Ember: 326 (8.4%), Fire Spin: 147 (3.8%), Agility: 2 (0.1%)",1832,406,4.51,330,5.33,22,3.53,1.33,201,464,94,97,-4.12,1191,"Magikarp: 58, Koffing: 44, Onix: 43","Graveler: 25, Seaking: 20, Quagsire: 16",288,84.97,0,"Damage: 330, Status: 40, Hazard: 0, Weather: 0, Cleric: 0, Screen: 0, Pass: 0",None
ace_trainer_f_jamie_0609_Ampharos,ace_trainer_f_jamie_0609,AMPHAROS,"Thunder: 278 (38.4%), Signal Beam: 238 (32.9%), Power Gem: 123 (17.0%), Charge: 84 (11.6%), Thunder Wave: 1 (0.1%)",393,50,7.86,17,8.2,0,3.26,0.97,28,102,34,11,-4.99,327,"Quagsire: 23, Qwilfish: 15, Seaking: 14","Quagsire: 12, Nidoqueen: 8, Golem: 5",49,93.22,0,"Damage: 15, Status: 5, Hazard: 0, Weather: 0, Cleric: 0, Screen: 0, Pass: 0",None
ace_trainer_f_jamie_0609_Flaaffy,ace_trainer_f_jamie_0609,FLAAFFY,None,0,2,0.0,0,0.0,0,2.0,0.0,0,0,0,0,0.0,2,None,None,0,,0,"Damage: 0, Status: 0, Hazard: 0, Weather: 0, Cleric: 0, Screen: 0, Pass: 0",None
ace_trainer_f_jamie_0609_Quagsire,ace_trainer_f_jamie_0609,QUAGSIRE,None,0,0,0.0,0,0.0,0,0.0,0.0,0,0,0,0,0.0,1,None,None,0,,0,"Damage: 0, Status: 0, Hazard: 0, Weather: 0, Cleric: 0, Screen: 0, Pass: 0",None
ace_trainer_f_jamie_0609_Rapidash,ace_trainer_f_jamie_0609,RAPIDASH,"Bounce: 3150 (62.6%), Flare Blitz: 1377 (27.4%), Ember: 332 (6.6%), Fire Spin: 145 (2.9%), Stomp: 22 (0.4%), Agility: 2 (0.0%), Fire Blast: 1 (0.0%)",1943,256,7.59,256,8.59,21,4.57,0.96,151,294,1378,58,19.29,1142,"Magikarp: 58, Koffing: 42, Butterfree: 38","Quagsire: 20, Golem: 11, Azumarill: 11",318,92.91,0,"Damage: 256, Status: 35, Hazard: 0, Weather: 0, Cleric: 0, Screen: 0, Pass: 0",None
ace_trainer_f_jenn_0417_Dugtrio,ace_trainer_f_jenn_0417,DUGTRIO,None,0,0,0.0,0,0.0,0,0.0,0.0,0,0,1,0,100.0,1,None,None,0,,0,"Damage: 0, Status: 0, Hazard: 0, Weather: 0, Cleric: 0, Screen: 0, Pass: 0",None
ace_trainer_f_jenn_0417_Quagsire,ace_trainer_f_jenn_0417,QUAGSIRE,None,0,0,0.0,0,0.0,0,0.0,0.0,0,0,0,0,0.0,3,None,None,0,,0,"Damage: 0, Status: 0, Hazard: 0, Weather: 0, Cleric: 0, Screen: 0, Pass: 0",None
ace_trainer_f_jenn_0417_Starmie,ace_trainer_f_jenn_0417,STARMIE,"Water Gun: 1361 (45.5%), Swift: 1283 (42.9%), Recover: 257 (8.6%), Rapid Spin: 87 (2.9%)",406,778,0.52,40,0.57,0,4.74,2.34,148,24,140,0,8.44,946,"Magnemite: 27, Graveler: 21, Goldeen: 19","Seaking: 25, Butterfree: 19, Seadra: 17",51,29.17,0,"Damage: 40, Status: 0, Hazard: 0, Weather: 0, Cleric: 0, Screen: 0, Pass: 0",None
ace_trainer_f_jenn_0417_Staryu,ace_trainer_f_jenn_0417,STARYU,"Swift: 1695 (51.9%), Camouflage: 1263 (38.7%), Recover: 202 (6.2%), Rapid Spin: 107 (3.3%)",560,906,0.62,220,0.86,26,3.56,1.74,105,6,142,0,7.07,1164,"Magikarp: 54, Bellsprout: 28, Geodude: 24","Graveler: 23, Seaking: 20, Butterfree: 18",79,30.07,0,"Damage: 220, Status: 0, Hazard: 0, Weather: 0, Cleric: 0, Screen: 0, Pass: 0",None
ace_trainer_f_joyce_0036_Blastoise,ace_trainer_f_joyce_0036,BLASTOISE,"Surf: 1365 (49.1%), Aqua Tail: 605 (21.8%), Rain Dance: 485 (17.5%), Bite: 323 (11.6%)",973,369,2.64,26,2.71,0,4.89,2.13,136,102,103,59,4.79,822,"Magmar: 33, Graveler: 31, Pikachu: 30","Quagsire: 15, Seaking: 15, Butterfree: 13",140,58.0,0,"Damage: 26, Status: 0, Hazard: 0, Weather: 0, Cleric: 0, Screen: 0, Pass: 0",None
ace_trainer_f_joyce_0036_Dugtrio,ace_trainer_f_joyce_0036,DUGTRIO,None,0,0,0.0,0,0.0,0,0.0,0.0,0,0,2,0,100.0,2,None,None,0,,0,"Damage: 0, Status: 0, Hazard: 0, Weather: 0, Cleric: 0, Screen: 0, Pass: 0",None
ace_trainer_f_joyce_0036_Pikachu,ace_trainer_f_joyce_0036,PIKACHU,"Thunderbolt: 1773 (36.5%), Double Team: 1575 (32.4%), Quick Attack: 1063 (21.9%), Thunder Wave: 452 (9.3%), Struggle: 1 (0.0%)",1062,774,1.37,451,1.95,16,4.33,1.31,137,85,938,89,16.81,1242,"Magikarp: 56, Goldeen: 28, Bellsprout: 28","Sandslash: 26, Seaking: 24, Butterfree: 17",154,52.17,0,"Damage: 355, Status: 295, Hazard: 0, Weather: 0, Cleric: 0, Screen: 0, Pass: 0",None
ace_trainer_f_joyce_0036_Quagsire,ace_trainer_f_joyce_0036,QUAGSIRE,None,0,0,0.0,0,0.0,0,0.0,0.0,0,0,0,0,0.0,4,None,None,0,,0,"Damage: 0, Status: 0, Hazard: 0, Weather: 0, Cleric: 0, Screen: 0, Pass: 0",None
ace_trainer_f_kate_0118_Cloyster,ace_trainer_f_kate_0118,CLOYSTER,"Aurora Beam: 1601 (39.6%), Protect: 1116 (27.6%), Spikes: 808 (20.0%), Supersonic: 509 (12.6%), Struggle: 5 (0.1%)",481,737,0.65,29,0.69,0,5.69,2.33,85,268,111,100,-1.91,989,"Fearow: 27, Graveler: 16, Goldeen: 15","Butterfree: 22, Seaking: 18, Qwilfish: 15",58,39.58,0,"Damage: 20, Status: 18, Hazard: 5, Weather: 0, Cleric: 0, Screen: 0, Pass: 0",None
ace_trainer_f_kate_0118_Dugtrio,ace_trainer_f_kate_0118,DUGTRIO,None,0,0,0.0,0,0.0,0,0.0,0.0,0,0,2,0,100.0,2,None,None,0,,0,"Damage: 0, Status: 0, Hazard: 0, Weather: 0, Cleric: 0, Screen: 0, Pass: 0",None
ace_trainer_f_kate_0118_Quagsire,ace_trainer_f_kate_0118,QUAGSIRE,None,0,0,0.0,0,0.0,0,0.0,0.0,0,0,0,0,0.0,4,None,None,0,,0,"Damage: 0, Status: 0, Hazard: 0, Weather: 0, Cleric: 0, Screen: 0, Pass: 0",None
ace_trainer_f_kate_0118_Shellder,ace_trainer_f_kate_0118,SHELLDER,"Clamp: 2316 (42.1%), Protect: 1675 (30.5%), Leer: 996 (18.1%), Icicle Spear: 508 (9.2%), Struggle: 1 (0.0%)",513,967,0.53,313,0.85,5,5.53,2.51,174,657,206,0,-4.86,1195,"Magikarp: 51, Bellsprout: 28, Geodude: 27","Graveler: 29, Butterfree: 23, Farfetchd: 20",65,33.81,0,"Damage: 313, Status: 0, Hazard: 0, Weather: 0, Cleric: 0, Screen: 0, Pass: 0",None
ace_trainer_f_kelly_0121_Dugtrio,ace_trainer_f_kelly_0121,DUGTRIO,None,0,0,0.0,0,0.0,0,0.0,0.0,0,0,3,0,100.0,2,None,None,0,,0,"Damage: 0, Status: 0, Hazard: 0, Weather: 0, Cleric: 0, Screen: 0, Pass: 0",None
ace_trainer_f_kelly_0121_Marill,ace_trainer_f_kelly_0121,MARILL,"Bubble Beam: 1533 (38.4%), Double Edge: 1303 (32.6%), Aqua Ring: 815 (20.4%), Rollout: 345 (8.6%)",642,881,0.73,216,0.97,2,4.45,2.48,171,172,205,129,5.23,1157,"Magikarp: 54, Geodude: 32, Bellsprout: 28","Graveler: 25, Seaking: 20, Koffing: 16",90,34.66,0,"Damage: 216, Status: 0, Hazard: 0, Weather: 0, Cleric: 0, Screen: 0, Pass: 0",None
ace_trainer_f_kelly_0121_Quagsire,ace_trainer_f_kelly_0121,QUAGSIRE,None,0,0,0.0,0,0.0,0,0.0,0.0,0,0,0,0,0.0,4,None,None,0,,0,"Damage: 0, Status: 0, Hazard: 0, Weather: 0, Cleric: 0, Screen: 0, Pass: 0",None
ace_trainer_f_kelly_0121_Wartortle,ace_trainer_f_kelly_0121,WARTORTLE,"Protect: 1667 (36.7%), Bite: 1538 (33.8%), Water Gun: 1294 (28.5%), Rapid Spin: 47 (1.0%)",295,1566,0.19,32,0.21,0,7.4,3.67,149,61,157,365,4.26,901,"Magnemite: 18, Graveler: 10, Voltorb: 7","Seaking: 42, Butterfree: 29, Quagsire: 28",28,25.0,8,"Damage: 32, Status: 0, Hazard: 0, Weather: 0, Cleric: 0, Screen: 0, Pass: 0",None
ace_trainer_f_lois_0116_Dugtrio,ace_trainer_f_lois_0116,DUGTRIO,None,0,0,0.0,0,0.0,0,0.0,0.0,0,0,2,0,100.0,2,None,None,0,,0,"Damage: 0, Status: 0, Hazard: 0, Weather: 0, Cleric: 0, Screen: 0, Pass: 0",None
ace_trainer_f_lois_0116_Mareep,ace_trainer_f_lois_0116,MAREEP,"Thunder Shock: 1846 (36.2%), Charge: 1762 (34.5%), Thunder Wave: 840 (16.5%), Cotton Spore: 657 (12.9%)",568,1042,0.55,469,1.0,24,4.68,2.07,84,201,160,103,0.66,1296,"Magikarp: 54, Bellsprout: 28, Shellder: 22","Seaking: 24, Koffing: 24, Butterfree: 22",74,30.02,0,"Damage: 284, Status: 456, Hazard: 0, Weather: 0, Cleric: 0, Screen: 0, Pass: 0",None
ace_trainer_f_lois_0116_Ninetales,ace_trainer_f_lois_0116,NINETALES,"Flamethrower: 1826 (48.4%), Nasty Plot: 1133 (30.0%), Confuse Ray: 532 (14.1%), Quick Attack: 282 (7.5%)",905,694,1.3,68,1.4,0,4.94,1.66,131,50,101,111,4.85,1079,"Butterfree: 38, Magnemite: 37, Geodude: 29","Graveler: 24, Seaking: 23, Quagsire: 19",123,37.04,0,"Damage: 59, Status: 52, Hazard: 0, Weather: 0, Cleric: 0, Screen: 0, Pass: 0",None
ace_trainer_f_lois_0116_Quagsire,ace_trainer_f_lois_0116,QUAGSIRE,None,0,0,0.0,0,0.0,0,0.0,0.0,0,0,0,0,0.0,4,None,None,0,,0,"Damage: 0, Status: 0, Hazard: 0, Weather: 0, Cleric: 0, Screen: 0, Pass: 0",None
ace_trainer_f_lola_0117_Dragonair,ace_trainer_f_lola_0117,DRAGONAIR,"Dragon Rage: 1319 (48.2%), Aqua Tail: 639 (23.4%), Agility: 504 (18.4%), Slam: 273 (10.0%)",705,539,1.31,41,1.38,4,4.41,1.94,45,178,96,0,-1.31,875,"Butterfree: 22, Seaking: 19, Quagsire: 17","Fearow: 16, Seadra: 13, Weezing: 12",91,55.56,0,"Damage: 41, Status: 0, Hazard: 0, Weather: 0, Cleric: 0, Screen: 0, Pass: 0",None
ace_trainer_f_lola_0117_Dratini,ace_trainer_f_lola_0117,DRATINI,"Dragon Rush: 2374 (56.3%), Aqua Tail: 744 (17.6%), Agility: 737 (17.5%), Slam: 364 (8.6%)",1167,836,1.4,388,1.86,13,3.69,1.64,175,842,143,199,-12.41,1297,"Magikarp: 56, Geodude: 35, Bellsprout: 30","Butterfree: 25, Seaking: 22, Graveler: 22",178,56.05,1,"Damage: 388, Status: 0, Hazard: 0, Weather: 0, Cleric: 0, Screen: 0, Pass: 0",None
ace_trainer_f_lola_0117_Dugtrio,ace_trainer_f_lola_0117,DUGTRIO,None,0,0,0.0,0,0.0,0,0.0,0.0,0,0,3,0,100.0,2,None,None,0,,0,"Damage: 0, Status: 0, Hazard: 0, Weather: 0, Cleric: 0, Screen: 0, Pass: 0",None
ace_trainer_f_lola_0117_Quagsire,ace_trainer_f_lola_0117,QUAGSIRE,None,0,0,0.0,0,0.0,0,0.0,0.0,0,0,0,0,0.0,3,None,None,0,,0,"Damage: 0, Status: 0, Hazard: 0, Weather: 0, Cleric: 0, Screen: 0, Pass: 0",None
ace_trainer_f_megan_0115_Bulbasaur,ace_trainer_f_megan_0115,BULBASAUR,"Take Down: 1672 (43.0%), Razor Leaf: 1280 (32.9%), Leech Seed: 476 (12.3%), Growl: 457 (11.8%)",839,915,0.92,589,1.56,8,3.92,2.19,227,409,159,0,-0.57,1282,"Magikarp: 55, Bellsprout: 35, Geodude: 32","Butterfree: 28, Magmar: 27, Seaking: 26",119,47.11,0,"Damage: 522, Status: 254, Hazard: 0, Weather: 0, Cleric: 0, Screen: 0, Pass: 0",None
ace_trainer_f_megan_0115_Dugtrio,ace_trainer_f_megan_0115,DUGTRIO,None,0,0,0.0,0,0.0,0,0.0,0.0,0,0,4,0,100.0,2,None,None,0,,0,"Damage: 0, Status: 0, Hazard: 0, Weather: 0, Cleric: 0, Screen: 0, Pass: 0",None
ace_trainer_f_megan_0115_Ivysaur,ace_trainer_f_megan_0115,IVYSAUR,"Petal Dance: 1384 (76.1%), Leech Seed: 181 (10.0%), Poison Powder: 178 (9.8%), Giga Drain: 75 (4.1%)",469,587,0.8,312,1.33,0,3.9,1.94,87,97,96,0,4.49,869,"Seaking: 21, Quagsire: 18, Graveler: 18","Magmar: 27, Rapidash: 20, Butterfree: 17",59,50.88,0,"Damage: 263, Status: 132, Hazard: 0, Weather: 0, Cleric: 0, Screen: 0, Pass: 0",None
ace_trainer_f_megan_0115_Venusaur,ace_trainer_f_megan_0115,VENUSAUR,"Double Edge: 804 (40.9%), Petal Dance: 603 (30.7%), Sleep Powder: 364 (18.5%), Leech Seed: 196 (10.0%)",475,454,1.05,118,1.31,0,4.4,1.74,90,145,75,0,0.98,727,"Butterfree: 18, Beedrill: 15, Magmar: 14","Magmar: 24, Butterfree: 23, Rapidash: 18",60,,0,"Damage: 113, Status: 60, Hazard: 0, Weather: 0, Cleric: 0, Screen: 0, Pass: 0",None
ace_trainer_f_piper_0501_Dugtrio,ace_trainer_f_piper_0501,DUGTRIO,None,0,0,0.0,0,0.0,0,0.0,0.0,0,0,2,0,100.0,2,None,None,0,,0,"Damage: 0, Status: 0, Hazard: 0, Weather: 0, Cleric: 0, Screen: 0, Pass: 0",None
ace_trainer_f_piper_0501_Horsea,ace_trainer_f_piper_0501,HORSEA,"Brine: 2085 (37.9%), Smoke Screen: 1335 (24.3%), Leer: 1244 (22.6%), Twister: 831 (15.1%)",1128,1543,0.73,284,0.92,7,6.09,2.69,176,103,1052,0,17.18,1253,"Magikarp: 56, Graveler: 44, Geodude: 34","Butterfree: 52, Seaking: 39, Golduck: 34",161,42.3,0,"Damage: 284, Status: 0, Hazard: 0, Weather: 0, Cleric: 0, Screen: 0, Pass: 0",None
ace_trainer_f_piper_0501_Quagsire,ace_trainer_f_piper_0501,QUAGSIRE,None,0,0,0.0,0,0.0,0,0.0,0.0,0,0,0,0,0.0,4,None,None,0,,0,"Damage: 0, Status: 0, Hazard: 0, Weather: 0, Cleric: 0, Screen: 0, Pass: 0",None
ace_trainer_f_piper_0501_Seadra,ace_trainer_f_piper_0501,SEADRA,"Waterfall: 1652 (57.8%), Leer: 479 (16.8%), Twister: 377 (13.2%), Agility: 349 (12.2%)",633,588,1.08,85,1.22,0,4.67,1.75,120,38,294,213,11.74,860,"Butterfree: 28, Seaking: 24, Beedrill: 19","Butterfree: 24, Weezing: 17, Seadra: 16",77,,2,"Damage: 85, Status: 0, Hazard: 0, Weather: 0, Cleric: 0, Screen: 0, Pass: 0",None
ace_trainer_f_quinn_0362_Dugtrio,ace_trainer_f_quinn_0362,DUGTRIO,None,0,0,0.0,0,0.0,0,0.0,0.0,0,0,1,0,100.0,1,None,None,0,,0,"Damage: 0, Status: 0, Hazard: 0, Weather: 0, Cleric: 0, Screen: 0, Pass: 0",None
ace_trainer_f_quinn_0362_Ivysaur,ace_trainer_f_quinn_0362,IVYSAUR,"Sludge Bomb: 1635 (47.4%), Double Edge: 1003 (29.1%), Solar Beam: 623 (18.1%), Synthesis: 189 (5.5%)",1826,387,4.72,247,5.36,16,3.31,1.46,166,64,98,197,6.22,1187,"Magikarp: 57, Voltorb: 44, Seaking: 37","Magmar: 24, Rapidash: 18, Graveler: 14",277,85.59,0,"Damage: 247, Status: 59, Hazard: 0, Weather: 0, Cleric: 0, Screen: 0, Pass: 0",None
ace_trainer_f_quinn_0362_Starmie,ace_trainer_f_quinn_0362,STARMIE,"Blizzard: 565 (41.2%), Thunderbolt: 334 (24.3%), Water Pulse: 276 (20.1%), Confuse Ray: 198 (14.4%)",520,113,4.6,58,5.12,0,4.18,1.2,71,187,40,32,-5.18,443,"Magmar: 29, Rapidash: 16, Seaking: 15","Ampharos: 10, Alakazam: 7, Weezing: 6",72,81.48,0,"Damage: 48, Status: 32, Hazard: 0, Weather: 0, Cleric: 0, Screen: 0, Pass: 0",None
ace_trainer_f_reena_0114_Dugtrio,ace_trainer_f_reena_0114,DUGTRIO,None,0,0,0.0,0,0.0,0,0.0,0.0,0,0,4,0,100.0,2,None,None,0,,0,"Damage: 0, Status: 0, Hazard: 0, Weather: 0, Cleric: 0, Screen: 0, Pass: 0",None
ace_trainer_f_reena_0114_Growlithe,ace_trainer_f_reena_0114,GROWLITHE,"Flamethrower: 1694 (54.1%), Take Down: 810 (25.9%), Fire Fang: 476 (15.2%), Reversal: 152 (4.9%)",1376,717,1.92,361,2.42,1,3.07,1.49,207,172,112,102,4.14,1245,"Magikarp: 55, Koffing: 43, Goldeen: 41","Seaking: 31, Graveler: 29, Quagsire: 25",206,68.59,0,"Damage: 361, Status: 42, Hazard: 0, Weather: 0, Cleric: 0, Screen: 0, Pass: 0",None
ace_trainer_f_reena_0114_Nidorina,ace_trainer_f_reena_0114,NIDORINA,"Bite: 1188 (85.4%), Helping Hand: 100 (7.2%), Poison Sting: 85 (6.1%), Fury Swipes: 18 (1.3%)",113,547,0.21,104,0.4,1,4.02,2.14,63,27,79,328,6.95,632,"Butterfree: 7, Marill: 7, Pikachu: 6","Seaking: 29, Quagsire: 23, Noctowl: 15",7,56.14,0,"Damage: 101, Status: 43, Hazard: 0, Weather: 0, Cleric: 0, Screen: 0, Pass: 0",None
ace_trainer_f_reena_0114_Quagsire,ace_trainer_f_reena_0114,QUAGSIRE,None,0,0,0.0,0,0.0,0,0.0,0.0,0,0,0,0,0.0,5,None,None,0,,0,"Damage: 0, Status: 0, Hazard: 0, Weather: 0, Cleric: 0, Screen: 0, Pass: 0",None
ace_trainer_f_reena_0114_Staryu,ace_trainer_f_reena_0114,STARYU,"Minimize: 691 (33.9%), Camouflage: 488 (24.0%), Swift: 481 (23.6%), Bubble Beam: 376 (18.5%)",302,515,0.59,47,0.68,0,4.51,1.55,49,17,717,17,27.18,690,"Graveler: 20, Magmar: 14, Seaking: 13","Quagsire: 22, Seaking: 18, Qwilfish: 17",29,,2,"Damage: 47, Status: 0, Hazard: 0, Weather: 0, Cleric: 0, Screen: 0, Pass: 0",None
ace_trainer_f_reena_0444_Dugtrio,ace_trainer_f_reena_0444,DUGTRIO,None,0,0,0.0,0,0.0,0,0.0,0.0,0,0,3,0,100.0,2,None,None,0,,0,"Damage: 0, Status: 0, Hazard: 0, Weather: 0, Cleric: 0, Screen: 0, Pass: 0",None
ace_trainer_f_reena_0444_Growlithe,ace_trainer_f_reena_0444,GROWLITHE,"Flamethrower: 1394 (45.5%), Take Down: 893 (29.1%), Fire Fang: 630 (20.5%), Reversal: 149 (4.9%)",1375,700,1.96,423,2.57,7,3.02,1.41,180,191,129,107,3.58,1240,"Magikarp: 56, Butterfree: 34, Koffing: 33","Graveler: 33, Seaking: 28, Quagsire: 25",204,69.35,0,"Damage: 423, Status: 44, Hazard: 0, Weather: 0, Cleric: 0, Screen: 0, Pass: 0",None
ace_trainer_f_reena_0444_Nidorina,ace_trainer_f_reena_0444,NIDORINA,"Bite: 987 (69.1%), Toxic Spikes: 317 (22.2%), Helping Hand: 81 (5.7%), Fury Swipes: 42 (2.9%), Poison Sting: 1 (0.1%)",176,463,0.38,152,0.71,0,4.21,2.32,79,35,80,252,8.88,599,"Seaking: 9, Butterfree: 7, Beedrill: 6","Seaking: 23, Golduck: 19, Quagsire: 17",10,51.85,0,"Damage: 116, Status: 56, Hazard: 36, Weather: 0, Cleric: 0, Screen: 0, Pass: 0",None
ace_trainer_f_reena_0444_Quagsire,ace_trainer_f_reena_0444,QUAGSIRE,None,0,0,0.0,0,0.0,0,0.0,0.0,0,0,0,0,0.0,3,None,None,0,,0,"Damage: 0, Status: 0, Hazard: 0, Weather: 0, Cleric: 0, Screen: 0, Pass: 0",None
ace_trainer_f_reena_0444_Staryu,ace_trainer_f_reena_0444,STARYU,"Minimize: 702 (34.5%), Bubble Beam: 662 (32.6%), Swift: 658 (32.4%), Gyro Ball: 10 (0.5%)",386,413,0.93,80,1.13,9,4.73,1.47,75,13,737,42,28.92,642,"Graveler: 25, Seadra: 19, Magmar: 16","Machoke: 17, Quagsire: 14, Electrode: 13",51,,3,"Damage: 80, Status: 0, Hazard: 0, Weather: 0, Cleric: 0, Screen: 0, Pass: 0",None
ace_trainer_f_reena_0445_Arcanine,ace_trainer_f_reena_0445,ARCANINE,"Extreme Speed: 2252 (64.1%), Fire Fang: 1241 (35.3%), Roar: 17 (0.5%), Odor Sleuth: 4 (0.1%)",1941,181,10.72,269,12.21,49,3.4,1.11,202,91,58,146,4.45,1115,"Magikarp: 58, Seaking: 38, Voltorb: 37","Graveler: 18, Seaking: 10, Quagsire: 8",319,95.59,0,"Damage: 269, Status: 32, Hazard: 0, Weather: 0, Cleric: 0, Screen: 0, Pass: 0",None
ace_trainer_f_reena_0445_Dugtrio,ace_trainer_f_reena_0445,DUGTRIO,None,0,0,0.0,0,0.0,0,0.0,0.0,0,0,2,0,100.0,2,None,None,0,,0,"Damage: 0, Status: 0, Hazard: 0, Weather: 0, Cleric: 0, Screen: 0, Pass: 0",None
ace_trainer_f_reena_0445_Growlithe,ace_trainer_f_reena_0445,GROWLITHE,"Flamethrower: 3 (75.0%), Take Down: 1 (25.0%)",0,4,0.0,0,0.0,0,2.0,0.0,0,0,0,0,0.0,4,None,None,0,100.0,0,"Damage: 0, Status: 0, Hazard: 0, Weather: 0, Cleric: 0, Screen: 0, Pass: 0",None
ace_trainer_f_reena_0445_Nidoqueen,ace_trainer_f_reena_0445,NIDOQUEEN,"Earth Power: 353 (69.6%), Body Slam: 106 (20.9%), Double Kick: 29 (5.7%), Poison Sting: 19 (3.7%)",247,80,3.09,74,4.01,0,3.09,1.09,29,4,23,44,9.92,263,"Quagsire: 15, Golem: 12, Graveler: 11","Alakazam: 6, Golem: 5, Golduck: 4",28,80.0,2,"Damage: 71, Status: 22, Hazard: 0, Weather: 0, Cleric: 0, Screen: 0, Pass: 0",None
ace_trainer_f_reena_0445_Nidorina,ace_trainer_f_reena_0445,NIDORINA,"Bite: 2 (50.0%), Toxic Spikes: 2 (50.0%)",0,4,0.0,0,0.0,0,3.0,0.0,0,0,0,0,0.0,4,None,None,0,,0,"Damage: 0, Status: 0, Hazard: 0, Weather: 0, Cleric: 0, Screen: 0, Pass: 0",None
ace_trainer_f_reena_0445_Starmie,ace_trainer_f_reena_0445,STARMIE,"Swift: 275 (79.7%), Confuse Ray: 43 (12.5%), Recover: 21 (6.1%), Rapid Spin: 6 (1.7%)",76,45,1.69,10,1.91,4,5.03,1.96,18,0,22,0,10.9,95,"Starmie: 6, Weezing: 6, Golduck: 5","Alakazam: 4, Starmie: 3, Nidoking: 3",6,,0,"Damage: 9, Status: 4, Hazard: 0, Weather: 0, Cleric: 0, Screen: 0, Pass: 0",None
ace_trainer_f_reena_0445_Staryu,ace_trainer_f_reena_0445,STARYU,"Minimize: 2 (33.3%), Camouflage: 2 (33.3%), Bubble Beam: 2 (33.3%)",0,4,0.0,0,0.0,0,3.5,0.0,0,0,0,0,0.0,4,None,None,0,,0,"Damage: 0, Status: 0, Hazard: 0, Weather: 0, Cleric: 0, Screen: 0, Pass: 0",None
ace_trainer_f_reena_0607_Arcanine,ace_trainer_f_reena_0607,ARCANINE,"Extreme Speed: 1547 (55.5%), Flare Blitz: 1122 (40.2%), Crunch: 120 (4.3%)",2028,114,17.79,178,19.35,46,2.66,0.56,168,14,39,60,6.65,1096,"Magikarp: 57, Seaking: 44, Koffing: 44","Graveler: 10, Azumarill: 7, Golem: 6",328,98.17,0,"Damage: 178, Status: 21, Hazard: 0, Weather: 0, Cleric: 0, Screen: 0, Pass: 0",None
ace_trainer_f_reena_0607_Dugtrio,ace_trainer_f_reena_0607,DUGTRIO,None,0,0,0.0,0,0.0,0,0.0,0.0,0,0,2,0,100.0,2,None,None,0,,0,"Damage: 0, Status: 0, Hazard: 0, Weather: 0, Cleric: 0, Screen: 0, Pass: 0",None
ace_trainer_f_reena_0607_Growlithe,ace_trainer_f_reena_0607,GROWLITHE,"Flamethrower: 2 (50.0%), Take Down: 2 (50.0%)",0,4,0.0,0,0.0,0,2.0,0.0,0,1,0,0,-25.0,4,None,None,0,100.0,0,"Damage: 0, Status: 0, Hazard: 0, Weather: 0, Cleric: 0, Screen: 0, Pass: 0",None
ace_trainer_f_reena_0607_Nidoqueen,ace_trainer_f_reena_0607,NIDOQUEEN,"Earth Power: 140 (59.6%), Body Slam: 44 (18.7%), Poison Fang: 42 (17.9%), Captivate: 9 (3.8%)",145,21,6.9,23,8.0,1,2.72,0.79,12,4,7,11,5.54,130,"Quagsire: 9, Golduck: 7, Azumarill: 6","Quagsire: 3, Hypno: 2, Alakazam: 2",17,89.58,0,"Damage: 23, Status: 6, Hazard: 0, Weather: 0, Cleric: 0, Screen: 0, Pass: 0",None
ace_trainer_f_reena_0607_Nidorina,ace_trainer_f_reena_0607,NIDORINA,None,0,4,0.0,0,0.0,0,2.0,0.0,0,0,0,0,0.0,4,None,None,0,,0,"Damage: 0, Status: 0, Hazard: 0, Weather: 0, Cleric: 0, Screen: 0, Pass: 0",None
ace_trainer_f_reena_0607_Starmie,ace_trainer_f_reena_0607,STARMIE,"Surf: 113 (35.9%), Psychic: 97 (30.8%), Cosmic Power: 46 (14.6%), Minimize: 40 (12.7%), Swift: 13 (4.1%), Recover: 4 (1.3%), Confuse Ray: 2 (0.6%)",139,5,27.8,1,28.0,4,4.09,0.69,17,23,47,1,11.16,103,"Machoke: 8, Poliwrath: 8, Golem: 8","Hypno: 1, Nidoqueen: 1, Ampharos: 1",16,,0,"Damage: 1, Status: 0, Hazard: 0, Weather: 0, Cleric: 0, Screen: 0, Pass: 0",None
ace_trainer_f_reena_0607_Staryu,ace_trainer_f_reena_0607,STARYU,"Bubble Beam: 2 (66.7%), Minimize: 1 (33.3%)",0,4,0.0,0,0.0,0,2.75,0.0,1,0,0,0,33.33,4,None,None,0,,0,"Damage: 0, Status: 0, Hazard: 0, Weather: 0, Cleric: 0, Screen: 0, Pass: 0",None
ace_trainer_f_salma_0678_Dugtrio,ace_trainer_f_salma_0678,DUGTRIO,None,0,0,0.0,0,0.0,0,0.0,0.0,0,0,4,0,100.0,2,None,None,0,,0,"Damage: 0, Status: 0, Hazard: 0, Weather: 0, Cleric: 0, Screen: 0, Pass: 0",None
ace_trainer_f_salma_0678_Lickilicky,ace_trainer_f_salma_0678,LICKILICKY,"Wring Out: 99 (29.7%), Thunderbolt: 83 (24.9%), Ice Beam: 76 (22.8%), Earthquake: 75 (22.5%)",186,19,9.79,26,11.16,0,2.97,1.11,22,11,13,2,6.91,156,"Electabuzz: 7, Starmie: 7, Ampharos: 6","Ampharos: 5, Nidoqueen: 3, Starmie: 2",23,98.0,0,"Damage: 26, Status: 2, Hazard: 0, Weather: 0, Cleric: 0, Screen: 0, Pass: 0",None
ace_trainer_f_salma_0678_Slowking,ace_trainer_f_salma_0678,SLOWKING,"Psychic: 1202 (37.8%), Surf: 1056 (33.2%), Flamethrower: 615 (19.4%), Trick Room: 304 (9.6%)",2152,105,20.5,102,21.47,2,3.09,1.41,185,56,103,17,6.59,1109,"Magikarp: 58, Seaking: 45, Koffing: 42","Ampharos: 9, Electabuzz: 6, Sunflora: 5",351,97.57,0,"Damage: 102, Status: 2, Hazard: 0, Weather: 0, Cleric: 0, Screen: 0, Pass: 0",None
ace_trainer_m_allen_0407_Charmeleon,ace_trainer_m_allen_0407,CHARMELEON,"Fire Fang: 1925 (39.3%), Ember: 1229 (25.1%), Smoke Screen: 1046 (21.3%), Scary Face: 701 (14.3%), Struggle: 2 (0.0%)",850,811,1.05,304,1.42,141,5.11,1.79,162,209,695,337,11.46,1215,"Geodude: 30, Magikarp: 30, Bellsprout: 30","Graveler: 28, Seaking: 25, Golduck: 17",109,54.07,0,"Damage: 304, Status: 81, Hazard: 0, Weather: 0, Cleric: 0, Screen: 0, Pass: 0",None
ace_trainer_m_allen_0407_Dugtrio,ace_trainer_m_allen_0407,DUGTRIO,None,0,0,0.0,0,0.0,0,0.0,0.0,0,0,2,0,100.0,2,None,None,0,,0,"Damage: 0, Status: 0, Hazard: 0, Weather: 0, Cleric: 0, Screen: 0, Pass: 0",None
ace_trainer_m_allen_0407_Magnemite,ace_trainer_m_allen_0407,MAGNEMITE,"Spark: 2036 (47.6%), Supersonic: 886 (20.7%), Thunder Wave: 746 (17.5%), Metal Sound: 605 (14.2%), Struggle: 2 (0.0%)",373,712,0.52,97,0.66,2,6.18,2.2,102,556,453,475,0.36,917,"Goldeen: 24, Magikarp: 22, Shellder: 15","Seaking: 27, Graveler: 19, Magmar: 19",40,33.93,6,"Damage: 61, Status: 85, Hazard: 0, Weather: 0, Cleric: 0, Screen: 0, Pass: 0",None
ace_trainer_m_allen_0407_Quagsire,ace_trainer_m_allen_0407,QUAGSIRE,None,0,0,0.0,0,0.0,0,0.0,0.0,0,0,2,0,100.0,4,None,None,0,,0,"Damage: 0, Status: 0, Hazard: 0, Weather: 0, Cleric: 0, Screen: 0, Pass: 0",None
ace_trainer_m_alton_0109_Charmeleon,ace_trainer_m_alton_0109,CHARMELEON,"Dragon Rage: 856 (47.1%), Scary Face: 536 (29.5%), Smoke Screen: 270 (14.9%), Ember: 155 (8.5%)",377,751,0.5,72,0.6,0,3.62,1.52,8,79,168,6,4.95,912,"Magnemite: 22, Koffing: 17, Paras: 11","Seaking: 27, Golduck: 17, Butterfree: 16",46,28.0,1,"Damage: 72, Status: 2, Hazard: 0, Weather: 0, Cleric: 0, Screen: 0, Pass: 0",None
ace_trainer_m_alton_0109_Dugtrio,ace_trainer_m_alton_0109,DUGTRIO,None,0,0,0.0,0,0.0,0,0.0,0.0,0,0,4,0,100.0,2,None,None,0,,0,"Damage: 0, Status: 0, Hazard: 0, Weather: 0, Cleric: 0, Screen: 0, Pass: 0",None
ace_trainer_m_alton_0109_Ivysaur,ace_trainer_m_alton_0109,IVYSAUR,"Razor Leaf: 1783 (35.8%), Take Down: 1695 (34.0%), Sleep Powder: 807 (16.2%), Sweet Scent: 699 (14.0%), Struggle: 3 (0.1%)",768,924,0.83,373,1.23,30,4.99,1.96,278,422,170,0,0.5,1243,"Magikarp: 54, Geodude: 30, Bellsprout: 27","Seaking: 25, Graveler: 25, Koffing: 21",104,40.87,0,"Damage: 362, Status: 178, Hazard: 0, Weather: 0, Cleric: 0, Screen: 0, Pass: 0",None
ace_trainer_m_alton_0109_Quagsire,ace_trainer_m_alton_0109,QUAGSIRE,None,0,0,0.0,0,0.0,0,0.0,0.0,0,0,1,0,100.0,2,None,None,0,,0,"Damage: 0, Status: 0, Hazard: 0, Weather: 0, Cleric: 0, Screen: 0, Pass: 0",None
ace_trainer_m_alton_0109_Wartortle,ace_trainer_m_alton_0109,WARTORTLE,"Protect: 948 (37.1%), Water Gun: 819 (32.1%), Bite: 760 (29.8%), Rapid Spin: 26 (1.0%)",175,787,0.22,135,0.39,3,4.75,1.94,94,19,127,214,7.9,875,"Growlithe: 8, Graveler: 7, Haunter: 6","Seaking: 27, Seadra: 19, Beedrill: 16",13,,2,"Damage: 135, Status: 0, Hazard: 0, Weather: 0, Cleric: 0, Screen: 0, Pass: 0",None
ace_trainer_m_arabella_0676_Bronzor,ace_trainer_m_arabella_0676,BRONZOR,None,0,0,0.0,0,0.0,0,0.0,0.0,0,0,0,0,0.0,2,None,None,0,,0,"Damage: 0, Status: 0, Hazard: 0, Weather: 0, Cleric: 0, Screen: 0, Pass: 0",None
ace_trainer_m_arabella_0676_Dugtrio,ace_trainer_m_arabella_0676,DUGTRIO,None,0,0,0.0,0,0.0,0,0.0,0.0,0,0,1,0,100.0,1,None,None,0,,0,"Damage: 0, Status: 0, Hazard: 0, Weather: 0, Cleric: 0, Screen: 0, Pass: 0",None
ace_trainer_m_arabella_0676_Quagsire,ace_trainer_m_arabella_0676,QUAGSIRE,None,0,0,0.0,0,0.0,0,0.0,0.0,0,0,0,0,0.0,1,None,None,0,,0,"Damage: 0, Status: 0, Hazard: 0, Weather: 0, Cleric: 0, Screen: 0, Pass: 0",None
ace_trainer_m_arabella_0676_Stantler,ace_trainer_m_arabella_0676,STANTLER,"Zen Headbutt: 2720 (56.1%), Me First: 1808 (37.3%), Trick Room: 259 (5.3%), Return: 64 (1.3%)",1899,335,5.67,266,6.46,1,4.46,1.63,219,336,120,200,-0.3,1166,"Magikarp: 58, Seaking: 45, Koffing: 44","Sunflora: 10, Hypno: 10, Seaking: 8",303,90.48,0,"Damage: 266, Status: 6, Hazard: 0, Weather: 0, Cleric: 0, Screen: 0, Pass: 0",None
ace_trainer_m_arabella_0676_Tauros,ace_trainer_m_arabella_0676,TAUROS,"Take Down: 592 (66.3%), Thunder: 109 (12.2%), Fire Blast: 102 (11.4%), Surf: 90 (10.1%)",490,93,5.27,20,5.48,0,3.4,1.06,71,122,31,2,-2.16,385,"Magmar: 18, Quagsire: 16, Seaking: 14","Ampharos: 6, Golem: 6, Golduck: 4",77,90.0,0,"Damage: 20, Status: 1, Hazard: 0, Weather: 0, Cleric: 0, Screen: 0, Pass: 0",None
ace_trainer_m_arabella_0676_Xatu,ace_trainer_m_arabella_0676,XATU,None,0,0,0.0,0,0.0,0,0.0,0.0,0,0,0,0,0.0,6,None,None,0,,0,"Damage: 0, Status: 0, Hazard: 0, Weather: 0, Cleric: 0, Screen: 0, Pass: 0",None
ace_trainer_m_blake_0103_Dugtrio,ace_trainer_m_blake_0103,DUGTRIO,None,0,0,0.0,0,0.0,0,0.0,0.0,0,0,2,0,100.0,2,None,None,0,,0,"Damage: 0, Status: 0, Hazard: 0, Weather: 0, Cleric: 0, Screen: 0, Pass: 0",None
ace_trainer_m_blake_0103_Exeggcute,ace_trainer_m_blake_0103,EXEGGCUTE,"Confusion: 523 (47.6%), Solar Beam: 265 (24.1%), Sleep Powder: 193 (17.6%), Leech Seed: 118 (10.7%)",135,366,0.37,95,0.63,1,4.29,1.74,35,76,53,44,1.21,468,"Quagsire: 13, Machoke: 9, Seaking: 8","Quagsire: 15, Butterfree: 10, Parasect: 10",12,,3,"Damage: 85, Status: 62, Hazard: 0, Weather: 0, Cleric: 0, Screen: 0, Pass: 0",None
ace_trainer_m_blake_0103_Magneton,ace_trainer_m_blake_0103,MAGNETON,"Thunderbolt: 2102 (50.3%), Magnet Bomb: 844 (20.2%), Supersonic: 652 (15.6%), Screech: 584 (14.0%)",1659,534,3.11,268,3.61,42,4.01,1.73,166,443,144,92,-2.83,1259,"Magikarp: 58, Koffing: 46, Butterfree: 37","Magmar: 35, Quagsire: 25, Graveler: 17",250,79.51,1,"Damage: 239, Status: 120, Hazard: 0, Weather: 0, Cleric: 0, Screen: 0, Pass: 0",None
ace_trainer_m_blake_0103_Quagsire,ace_trainer_m_blake_0103,QUAGSIRE,"Earthquake: 642 (40.9%), Yawn: 437 (27.9%), Slam: 295 (18.8%), Water Gun: 194 (12.4%)",357,342,1.04,67,1.24,3,4.74,1.85,66,117,71,0,1.22,535,"Magmar: 30, Sandslash: 13, Electrode: 13","Sunflora: 12, Quagsire: 12, Parasect: 11",43,49.09,0,"Damage: 56, Status: 34, Hazard: 0, Weather: 0, Cleric: 0, Screen: 0, Pass: 0",None
ace_trainer_m_bonita_0677_Dugtrio,ace_trainer_m_bonita_0677,DUGTRIO,None,0,0,0.0,0,0.0,0,0.0,0.0,0,0,2,0,100.0,2,None,None,0,,0,"Damage: 0, Status: 0, Hazard: 0, Weather: 0, Cleric: 0, Screen: 0, Pass: 0",None
ace_trainer_m_bonita_0677_Spinda,ace_trainer_m_bonita_0677,SPINDA,"Teeter Dance: 6838 (71.9%), Fake Out: 1050 (11.0%), Flail: 867 (9.1%), Trick Room: 740 (7.8%), Struggle: 19 (0.2%)",690,517,1.33,949,3.17,307,8.76,3.21,110,163,211,683,1.62,1194,"Bellsprout: 17, Geodude: 16, Magikarp: 14","Seadra: 17, Graveler: 15, Electrode: 11",79,72.19,0,"Damage: 617, Status: 881, Hazard: 0, Weather: 0, Cleric: 0, Screen: 0, Pass: 0",None
ace_trainer_m_bonita_0677_Sudowoodo,ace_trainer_m_bonita_0677,SUDOWOODO,"Wood Hammer: 779 (39.6%), Stone Edge: 777 (39.5%), Hammer Arm: 273 (13.9%), Earthquake: 136 (6.9%)",1378,159,8.67,27,8.84,0,3.56,1.45,126,210,73,0,-0.54,857,"Magikarp: 44, Seaking: 35, Magmar: 34","Sunflora: 11, Steelix: 9, Machamp: 7",220,90.74,1,"Damage: 27, Status: 0, Hazard: 0, Weather: 0, Cleric: 0, Screen: 0, Pass: 0",None
ace_trainer_m_brian_0104_Mareep,ace_trainer_m_brian_0104,MAREEP,"Discharge: 1385 (40.7%), Cotton Spore: 1015 (29.8%), Signal Beam: 903 (26.5%), Tackle: 100 (2.9%)",1231,723,1.7,23,1.73,0,3.37,1.65,142,227,139,235,1.9,1220,"Magikarp: 56, Geodude: 34, Goldeen: 31","Graveler: 26, Seaking: 20, Quagsire: 17",164,60.0,0,"Damage: 23, Status: 9, Hazard: 0, Weather: 0, Cleric: 0, Screen: 0, Pass: 0",None
ace_trainer_m_cody_0112_Dugtrio,ace_trainer_m_cody_0112,DUGTRIO,None,0,0,0.0,0,0.0,0,0.0,0.0,0,0,2,0,100.0,2,None,None,0,,0,"Damage: 0, Status: 0, Hazard: 0, Weather: 0, Cleric: 0, Screen: 0, Pass: 0",None
ace_trainer_m_cody_0112_Horsea,ace_trainer_m_cody_0112,HORSEA,"Hydro Pump: 1961 (59.8%), Brine: 469 (14.3%), Agility: 445 (13.6%), Twister: 406 (12.4%)",1283,750,1.71,286,2.09,8,3.07,1.39,120,395,113,0,-4.77,1244,"Magikarp: 56, Graveler: 43, Koffing: 40","Seaking: 30, Butterfree: 21, Golduck: 16",182,59.49,0,"Damage: 286, Status: 0, Hazard: 0, Weather: 0, Cleric: 0, Screen: 0, Pass: 0",None
ace_trainer_m_cody_0112_Quagsire,ace_trainer_m_cody_0112,QUAGSIRE,None,0,0,0.0,0,0.0,0,0.0,0.0,0,0,0,0,0.0,2,None,None,0,,0,"Damage: 0, Status: 0, Hazard: 0, Weather: 0, Cleric: 0, Screen: 0, Pass: 0",None
ace_trainer_m_cody_0112_Seadra,ace_trainer_m_cody_0112,SEADRA,"Bubble Beam: 946 (41.7%), Brine: 769 (33.9%), Agility: 287 (12.6%), Twister: 267 (11.8%)",508,507,1.0,37,1.07,1,4.23,2.04,118,36,83,93,7.42,782,"Seaking: 17, Farfetchd: 14, Pikachu: 14","Butterfree: 22, Seaking: 16, Quagsire: 15",60,53.45,0,"Damage: 37, Status: 0, Hazard: 0, Weather: 0, Cleric: 0, Screen: 0, Pass: 0",None
ace_trainer_m_french_0545_Absol,ace_trainer_m_french_0545,ABSOL,"Night Slash: 1379 (44.7%), Quick Attack: 970 (31.5%), Psycho Cut: 520 (16.9%), Slash: 213 (6.9%)",2038,238,8.56,167,9.26,2,2.88,0.79,641,17,72,0,22.07,1152,"Magikarp: 58, Seaking: 52, Koffing: 41","Graveler: 16, Seaking: 9, Arcanine: 8",328,92.53,0,"Damage: 167, Status: 0, Hazard: 0, Weather: 0, Cleric: 0, Screen: 0, Pass: 0",None
ace_trainer_m_french_0545_Alakazam,ace_trainer_m_french_0545,ALAKAZAM,"Psychic: 241 (41.5%), Focus Blast: 155 (26.7%), Energy Ball: 142 (24.4%), Charge Beam: 43 (7.4%)",355,69,5.14,12,5.32,0,2.9,0.64,33,52,22,39,-0.07,291,"Quagsire: 18, Seaking: 14, Graveler: 12","Arcanine: 8, Seaking: 7, Nidoking: 4",45,94.23,0,"Damage: 12, Status: 0, Hazard: 0, Weather: 0, Cleric: 0, Screen: 0, Pass: 0",None
ace_trainer_m_gaven_0102_Dugtrio,ace_trainer_m_gaven_0102,DUGTRIO,None,0,0,0.0,0,0.0,0,0.0,0.0,0,0,4,0,100.0,2,None,None,0,,0,"Damage: 0, Status: 0, Hazard: 0, Weather: 0, Cleric: 0, Screen: 0, Pass: 0",None
ace_trainer_m_gaven_0102_Flareon,ace_trainer_m_gaven_0102,FLAREON,"Bite: 757 (40.4%), Ember: 436 (23.2%), Sand Attack: 406 (21.6%), Quick Attack: 277 (14.8%)",389,450,0.86,97,1.08,3,4.61,1.78,81,36,227,226,12.8,662,"Butterfree: 28, Magmar: 20, Parasect: 16","Tentacruel: 20, Beedrill: 17, Golduck: 14",49,,0,"Damage: 97, Status: 10, Hazard: 0, Weather: 0, Cleric: 0, Screen: 0, Pass: 0",None
ace_trainer_m_gaven_0102_Kingler,ace_trainer_m_gaven_0102,KINGLER,"Stomp: 952 (44.0%), Protect: 760 (35.2%), Bubble Beam: 413 (19.1%), Guillotine: 37 (1.7%)",316,506,0.62,180,0.98,15,4.66,1.86,89,45,89,23,5.7,697,"Beedrill: 15, Koffing: 14, Farfetchd: 11","Weezing: 16, Noctowl: 14, Tentacruel: 13",34,51.67,0,"Damage: 180, Status: 0, Hazard: 0, Weather: 0, Cleric: 0, Screen: 0, Pass: 0",None
ace_trainer_m_gaven_0102_Quagsire,ace_trainer_m_gaven_0102,QUAGSIRE,None,0,0,0.0,0,0.0,0,0.0,0.0,0,0,0,0,0.0,3,None,None,0,,0,"Damage: 0, Status: 0, Hazard: 0, Weather: 0, Cleric: 0, Screen: 0, Pass: 0",None
ace_trainer_m_gaven_0102_Victreebel,ace_trainer_m_gaven_0102,VICTREEBEL,"Razor Leaf: 2051 (53.6%), Acid: 1197 (31.3%), Toxic: 416 (10.9%), Wrap: 160 (4.2%)",1188,737,1.61,595,2.42,31,3.82,1.9,330,236,147,85,6.07,1254,"Magikarp: 57, Geodude: 36, Voltorb: 30","Butterfree: 27, Koffing: 22, Magmar: 20",179,64.59,0,"Damage: 544, Status: 212, Hazard: 0, Weather: 0, Cleric: 0, Screen: 0, Pass: 0",None
ace_trainer_m_gaven_0456_Dugtrio,ace_trainer_m_gaven_0456,DUGTRIO,None,0,0,0.0,0,0.0,0,0.0,0.0,0,0,4,0,100.0,2,None,None,0,,0,"Damage: 0, Status: 0, Hazard: 0, Weather: 0, Cleric: 0, Screen: 0, Pass: 0",None
ace_trainer_m_gaven_0456_Flareon,ace_trainer_m_gaven_0456,FLAREON,"Fire Blast: 830 (52.2%), Sand Attack: 272 (17.1%), Bite: 249 (15.7%), Quick Attack: 237 (14.9%), Ember: 2 (0.1%)",587,370,1.59,70,1.78,3,3.92,1.47,69,159,160,85,3.78,675,"Butterfree: 33, Beedrill: 21, Magmar: 20","Golduck: 11, Weezing: 11, Tentacruel: 11",86,,5,"Damage: 70, Status: 10, Hazard: 0, Weather: 0, Cleric: 0, Screen: 0, Pass: 0",None
ace_trainer_m_gaven_0456_Kingler,ace_trainer_m_gaven_0456,KINGLER,"Stomp: 654 (42.3%), Protect: 563 (36.4%), Bubble Beam: 302 (19.5%), Guillotine: 27 (1.7%)",251,361,0.7,101,0.98,8,4.47,1.78,63,38,103,19,7.76,524,"Graveler: 11, Sandslash: 10, Rapidash: 8","Magmar: 19, Noctowl: 13, Seaking: 10",26,56.14,0,"Damage: 101, Status: 0, Hazard: 0, Weather: 0, Cleric: 0, Screen: 0, Pass: 0",None
ace_trainer_m_gaven_0456_Victreebel,ace_trainer_m_gaven_0456,VICTREEBEL,"Razor Leaf: 2125 (55.4%), Acid: 1138 (29.7%), Toxic: 406 (10.6%), Wrap: 165 (4.3%)",1249,697,1.79,597,2.65,33,3.73,1.87,330,261,145,77,5.36,1255,"Magikarp: 57, Voltorb: 32, Geodude: 32","Magmar: 25, Beedrill: 16, Butterfree: 15",184,66.22,0,"Damage: 548, Status: 211, Hazard: 0, Weather: 0, Cleric: 0, Screen: 0, Pass: 0",None
ace_trainer_m_gaven_0457_Dugtrio,ace_trainer_m_gaven_0457,DUGTRIO,None,0,0,0.0,0,0.0,0,0.0,0.0,0,0,4,0,100.0,2,None,None,0,,0,"Damage: 0, Status: 0, Hazard: 0, Weather: 0, Cleric: 0, Screen: 0, Pass: 0",None
ace_trainer_m_gaven_0457_Flareon,ace_trainer_m_gaven_0457,FLAREON,"Fire Blast: 656 (61.0%), Quick Attack: 247 (23.0%), Sand Attack: 158 (14.7%), Fire Spin: 12 (1.1%), Ember: 3 (0.3%)",440,217,2.03,38,2.2,2,3.86,1.33,54,136,101,16,0.89,463,"Butterfree: 36, Beedrill: 21, Magmar: 18","Ampharos: 9, Seaking: 9, Noctowl: 6",65,,1,"Damage: 38, Status: 2, Hazard: 0, Weather: 0, Cleric: 0, Screen: 0, Pass: 0",None
ace_trainer_m_gaven_0457_Kingler,ace_trainer_m_gaven_0457,KINGLER,"Brine: 383 (31.4%), Protect: 367 (30.1%), X Scissor: 235 (19.3%), Stomp: 230 (18.9%), Bubble Beam: 3 (0.2%)",318,249,1.28,89,1.63,14,4.31,1.66,52,26,40,0,5.25,441,"Magmar: 13, Koffing: 12, Graveler: 11","Weezing: 14, Magmar: 12, Noctowl: 10",37,85.42,1,"Damage: 89, Status: 0, Hazard: 0, Weather: 0, Cleric: 0, Screen: 0, Pass: 0",None
ace_trainer_m_gaven_0457_Victreebel,ace_trainer_m_gaven_0457,VICTREEBEL,"Razor Leaf: 2018 (53.1%), Acid: 1220 (32.1%), Toxic: 375 (9.9%), Wrap: 185 (4.9%)",1434,540,2.66,525,3.63,46,3.74,1.82,318,237,115,86,5.21,1191,"Magikarp: 58, Seaking: 35, Graveler: 33","Magmar: 23, Rapidash: 21, Noctowl: 13",216,74.9,0,"Damage: 478, Status: 168, Hazard: 0, Weather: 0, Cleric: 0, Screen: 0, Pass: 0",None
ace_trainer_m_gaven_0604_Dugtrio,ace_trainer_m_gaven_0604,DUGTRIO,None,0,0,0.0,0,0.0,0,0.0,0.0,0,0,9,0,100.0,6,None,None,0,,0,"Damage: 0, Status: 0, Hazard: 0, Weather: 0, Cleric: 0, Screen: 0, Pass: 0",None
ace_trainer_m_gaven_0604_Flareon,ace_trainer_m_gaven_0604,FLAREON,"Overheat: 164 (42.8%), Quick Attack: 144 (37.6%), Will O Wisp: 61 (15.9%), Attract: 8 (2.1%), Fire Blast: 4 (1.0%), Ember: 1 (0.3%), Sand Attack: 1 (0.3%)",165,60,2.75,34,3.32,7,3.49,1.3,18,47,6,0,-5.91,180,"Butterfree: 18, Vileplume: 9, Beedrill: 9","Starmie: 5, Lanturn: 4, Ampharos: 4",20,,0,"Damage: 25, Status: 25, Hazard: 0, Weather: 0, Cleric: 0, Screen: 0, Pass: 0",None
ace_trainer_m_gaven_0604_Kingler,ace_trainer_m_gaven_0604,KINGLER,"Crabhammer: 178 (40.7%), X Scissor: 106 (24.3%), Protect: 87 (19.9%), Brine: 65 (14.9%), Stomp: 1 (0.2%)",184,71,2.59,27,2.97,9,3.28,1.14,32,39,18,0,2.42,198,"Magmar: 19, Rapidash: 10, Arcanine: 8","Ampharos: 8, Tentacruel: 7, Electabuzz: 6",19,79.25,0,"Damage: 27, Status: 0, Hazard: 0, Weather: 0, Cleric: 0, Screen: 0, Pass: 0",None
ace_trainer_m_gaven_0604_Victreebel,ace_trainer_m_gaven_0604,VICTREEBEL,"Leaf Blade: 1677 (54.8%), Acid: 637 (20.8%), Leaf Storm: 536 (17.5%), Toxic: 210 (6.9%)",1972,185,10.66,216,11.83,55,3.02,0.95,273,120,54,24,6.53,1125,"Magikarp: 58, Seaking: 48, Graveler: 46","Rapidash: 11, Magmar: 10, Hypno: 9",312,92.98,1,"Damage: 187, Status: 85, Hazard: 0, Weather: 0, Cleric: 0, Screen: 0, Pass: 0",None
ace_trainer_m_jake_0028_Dugtrio,ace_trainer_m_jake_0028,DUGTRIO,None,0,0,0.0,0,0.0,0,0.0,0.0,0,0,3,0,100.0,2,None,None,0,,0,"Damage: 0, Status: 0, Hazard: 0, Weather: 0, Cleric: 0, Screen: 0, Pass: 0",None
ace_trainer_m_jake_0028_Golduck,ace_trainer_m_jake_0028,GOLDUCK,"Psychic: 749 (48.9%), Water Pulse: 503 (32.9%), Screech: 236 (15.4%), Fury Swipes: 43 (2.8%)",490,311,1.58,110,1.93,9,4.03,1.63,73,62,98,105,6.78,575,"Magmar: 22, Koffing: 22, Weezing: 17","Seaking: 12, Sunflora: 11, Vileplume: 10",70,67.31,0,"Damage: 110, Status: 18, Hazard: 0, Weather: 0, Cleric: 0, Screen: 0, Pass: 0",None
ace_trainer_m_jake_0028_Parasect,ace_trainer_m_jake_0028,PARASECT,"Slash: 2783 (55.6%), Swords Dance: 1235 (24.7%), Spore: 648 (13.0%), Leech Life: 335 (6.7%)",1305,651,2.0,305,2.47,24,5.05,1.99,344,104,195,0,8.37,1213,"Magikarp: 56, Voltorb: 33, Bellsprout: 30","Graveler: 22, Butterfree: 21, Magmar: 19",200,64.55,0,"Damage: 287, Status: 130, Hazard: 0, Weather: 0, Cleric: 0, Screen: 0, Pass: 0",None
ace_trainer_m_jake_0028_Quagsire,ace_trainer_m_jake_0028,QUAGSIRE,None,0,0,0.0,0,0.0,0,0.0,0.0,0,0,0,0,0.0,1,None,None,0,,0,"Damage: 0, Status: 0, Hazard: 0, Weather: 0, Cleric: 0, Screen: 0, Pass: 0",None
ace_trainer_m_jake_0028_Vaporeon,ace_trainer_m_jake_0028,VAPOREON,"Surf: 822 (59.7%), Sand Attack: 290 (21.1%), Bite: 133 (9.7%), Quick Attack: 131 (9.5%)",356,312,1.14,80,1.4,10,4.44,1.84,55,35,183,32,13.03,523,"Butterfree: 18, Magmar: 16, Fearow: 16","Seaking: 13, Noctowl: 13, Butterfree: 13",44,,0,"Damage: 80, Status: 0, Hazard: 0, Weather: 0, Cleric: 0, Screen: 0, Pass: 0",None
ace_trainer_m_kevin_0361_Charmeleon,ace_trainer_m_kevin_0361,CHARMELEON,"Flamethrower: 577 (59.7%), Slash: 248 (25.7%), Scary Face: 87 (9.0%), Aerial Ace: 54 (5.6%)",345,212,1.63,129,2.24,1,3.58,1.44,63,22,35,37,8.05,398,"Seadra: 14, Victreebel: 14, Poliwhirl: 12","Seaking: 19, Golduck: 15, Quagsire: 15",48,67.27,0,"Damage: 129, Status: 18, Hazard: 0, Weather: 0, Cleric: 0, Screen: 0, Pass: 0",None
ace_trainer_m_kevin_0361_Dugtrio,ace_trainer_m_kevin_0361,DUGTRIO,None,0,0,0.0,0,0.0,0,0.0,0.0,0,0,3,0,100.0,2,None,None,0,,0,"Damage: 0, Status: 0, Hazard: 0, Weather: 0, Cleric: 0, Screen: 0, Pass: 0",None
ace_trainer_m_kevin_0361_Quagsire,ace_trainer_m_kevin_0361,QUAGSIRE,None,0,0,0.0,0,0.0,0,0.0,0.0,0,0,0,0,0.0,1,None,None,0,,0,"Damage: 0, Status: 0, Hazard: 0, Weather: 0, Cleric: 0, Screen: 0, Pass: 0",None
ace_trainer_m_kevin_0361_Rhyhorn,ace_trainer_m_kevin_0361,RHYHORN,"Take Down: 1163 (41.5%), Stone Edge: 938 (33.5%), Earthquake: 515 (18.4%), Horn Drill: 188 (6.7%)",1764,406,4.34,127,4.66,6,2.84,1.49,186,483,118,0,-6.13,1181,"Magikarp: 57, Magnemite: 36, Voltorb: 36","Seaking: 21, Quagsire: 20, Golduck: 16",277,83.74,0,"Damage: 127, Status: 0, Hazard: 0, Weather: 0, Cleric: 0, Screen: 0, Pass: 0",None
ace_trainer_m_kevin_0361_Wartortle,ace_trainer_m_kevin_0361,WARTORTLE,"Hydro Pump: 328 (37.5%), Swagger: 213 (24.3%), Bite: 211 (24.1%), Ice Beam: 123 (14.1%)",210,143,1.47,46,1.79,0,4.68,1.86,31,112,45,40,-4.62,288,"Quagsire: 16, Seaking: 11, Golduck: 8","Seaking: 13, Starmie: 12, Quagsire: 9",19,,0,"Damage: 37, Status: 36, Hazard: 0, Weather: 0, Cleric: 0, Screen: 0, Pass: 0",None
ace_trainer_m_kobe_0500_Dragonair,ace_trainer_m_kobe_0500,DRAGONAIR,"Thunder: 1719 (39.6%), Dragon Rage: 991 (22.8%), Iron Tail: 843 (19.4%), Surf: 791 (18.2%)",1807,563,3.21,37,3.28,0,3.81,1.79,152,726,165,80,-9.25,1307,"Magikarp: 59, Graveler: 42, Seaking: 37","Quagsire: 14, Beedrill: 14, Butterfree: 14",269,77.51,0,"Damage: 37, Status: 0, Hazard: 0, Weather: 0, Cleric: 0, Screen: 0, Pass: 0",None
ace_trainer_m_mike_0111_Dragonair,ace_trainer_m_mike_0111,DRAGONAIR,"Dragon Rage: 2070 (38.8%), Aqua Tail: 1577 (29.6%), Slam: 1019 (19.1%), Agility: 665 (12.5%)",1700,602,2.82,46,2.9,0,4.41,2.06,137,508,153,0,-3.98,1291,"Magikarp: 59, Koffing: 39, Voltorb: 38","Butterfree: 22, Quagsire: 16, Fearow: 15",242,76.3,0,"Damage: 46, Status: 0, Hazard: 0, Weather: 0, Cleric: 0, Screen: 0, Pass: 0",None
ace_trainer_m_nick_0205_Bulbasaur,ace_trainer_m_nick_0205,BULBASAUR,"Razor Leaf: 1616 (70.1%), Sleep Powder: 335 (14.5%), Leech Seed: 233 (10.1%), Poison Powder: 121 (5.2%)",198,754,0.26,108,0.41,0,4.61,1.8,198,230,213,0,7.19,863,"Goldeen: 16, Graveler: 12, Poliwhirl: 12","Seaking: 24, Magmar: 20, Butterfree: 18",22,,3,"Damage: 99, Status: 82, Hazard: 0, Weather: 0, Cleric: 0, Screen: 0, Pass: 0",None
ace_trainer_m_nick_0205_Charmander,ace_trainer_m_nick_0205,CHARMANDER,"Dragon Rage: 1475 (47.8%), Scary Face: 614 (19.9%), Smoke Screen: 578 (18.7%), Fire Fang: 418 (13.5%)",823,866,0.95,188,1.17,40,3.25,1.36,19,137,327,24,6.11,1213,"Magikarp: 55, Bellsprout: 30, Koffing: 25","Graveler: 28, Seaking: 24, Quagsire: 19",114,43.69,1,"Damage: 188, Status: 10, Hazard: 0, Weather: 0, Cleric: 0, Screen: 0, Pass: 0",None
ace_trainer_m_nick_0205_Dugtrio,ace_trainer_m_nick_0205,DUGTRIO,None,0,0,0.0,0,0.0,0,0.0,0.0,0,0,2,0,100.0,2,None,None,0,,0,"Damage: 0, Status: 0, Hazard: 0, Weather: 0, Cleric: 0, Screen: 0, Pass: 0",None
ace_trainer_m_nick_0205_Quagsire,ace_trainer_m_nick_0205,QUAGSIRE,None,0,0,0.0,0,0.0,0,0.0,0.0,0,0,0,0,0.0,3,None,None,0,,0,"Damage: 0, Status: 0, Hazard: 0, Weather: 0, Cleric: 0, Screen: 0, Pass: 0",None
ace_trainer_m_nick_0205_Squirtle,ace_trainer_m_nick_0205,SQUIRTLE,"Curse: 1131 (56.4%), Bite: 403 (20.1%), Withdraw: 359 (17.9%), Water Gun: 111 (5.5%)",117,784,0.15,41,0.2,1,4.33,2.03,34,18,230,85,10.85,852,"Sentret: 7, Clefairy: 4, Furret: 4","Seaking: 23, Butterfree: 20, Fearow: 18",4,31.48,0,"Damage: 41, Status: 0, Hazard: 0, Weather: 0, Cleric: 0, Screen: 0, Pass: 0",None
ace_trainer_m_paulo_0110_Dratini,ace_trainer_m_paulo_0110,DRATINI,"Dragon Rush: 3275 (55.9%), Agility: 1210 (20.7%), Aqua Tail: 889 (15.2%), Slam: 485 (8.3%)",1448,1468,0.99,370,1.24,20,5.29,2.57,199,1101,263,324,-10.4,1314,"Magikarp: 57, Voltorb: 42, Geodude: 32","Butterfree: 48, Seaking: 41, Seadra: 41",211,53.88,5,"Damage: 370, Status: 0, Hazard: 0, Weather: 0, Cleric: 0, Screen: 0, Pass: 0",None
ace_trainer_m_paulo_0110_Dugtrio,ace_trainer_m_paulo_0110,DUGTRIO,None,0,0,0.0,0,0.0,0,0.0,0.0,0,0,4,0,100.0,2,None,None,0,,0,"Damage: 0, Status: 0, Hazard: 0, Weather: 0, Cleric: 0, Screen: 0, Pass: 0",None
ace_trainer_m_paulo_0110_Quagsire,ace_trainer_m_paulo_0110,QUAGSIRE,None,0,0,0.0,0,0.0,0,0.0,0.0,0,0,0,0,0.0,2,None,None,0,,0,"Damage: 0, Status: 0, Hazard: 0, Weather: 0, Cleric: 0, Screen: 0, Pass: 0",None
ace_trainer_m_paulo_0110_Seadra,ace_trainer_m_paulo_0110,SEADRA,"Brine: 831 (39.2%), Bubble Beam: 755 (35.6%), Agility: 343 (16.2%), Twister: 193 (9.1%)",589,502,1.17,77,1.33,7,3.96,1.79,121,36,65,65,6.92,792,"Magmar: 21, Sandslash: 19, Koffing: 18","Butterfree: 17, Seadra: 17, Electrode: 13",81,54.17,0,"Damage: 77, Status: 0, Hazard: 0, Weather: 0, Cleric: 0, Screen: 0, Pass: 0",None
ace_trainer_m_ryan_0108_Dugtrio,ace_trainer_m_ryan_0108,DUGTRIO,None,0,0,0.0,0,0.0,0,0.0,0.0,0,0,2,0,100.0,2,None,None,0,,0,"Damage: 0, Status: 0, Hazard: 0, Weather: 0, Cleric: 0, Screen: 0, Pass: 0",None
ace_trainer_m_ryan_0108_Electabuzz,ace_trainer_m_ryan_0108,ELECTABUZZ,"Thunder Punch: 1278 (48.5%), Light Screen: 647 (24.6%), Swift: 406 (15.4%), Screech: 304 (11.5%)",472,668,0.71,27,0.75,0,4.52,1.95,99,68,265,80,9.97,884,"Seaking: 27, Fearow: 18, Butterfree: 13","Seadra: 19, Graveler: 17, Seaking: 16",53,40.0,0,"Damage: 26, Status: 4, Hazard: 0, Weather: 0, Cleric: 0, Screen: 7, Pass: 0",None
ace_trainer_m_ryan_0108_Pidgeot,ace_trainer_m_ryan_0108,PIDGEOT,"Wing Attack: 2343 (52.1%), Sand Attack: 1123 (25.0%), Quick Attack: 863 (19.2%), Whirlwind: 166 (3.7%)",912,861,1.06,349,1.46,3,4.33,1.82,221,30,670,0,16.67,1234,"Magikarp: 56, Bellsprout: 30, Sentret: 26","Seaking: 31, Graveler: 25, Fearow: 18",134,52.67,0,"Damage: 349, Status: 0, Hazard: 0, Weather: 0, Cleric: 0, Screen: 0, Pass: 0",None
ace_trainer_m_ryan_0108_Quagsire,ace_trainer_m_ryan_0108,QUAGSIRE,None,0,0,0.0,0,0.0,0,0.0,0.0,0,0,1,0,100.0,4,None,None,0,,0,"Damage: 0, Status: 0, Hazard: 0, Weather: 0, Cleric: 0, Screen: 0, Pass: 0",None
ace_trainer_m_shaye_0236_Dugtrio,ace_trainer_m_shaye_0236,DUGTRIO,None,0,0,0.0,0,0.0,0,0.0,0.0,0,0,5,0,100.0,4,None,None,0,,0,"Damage: 0, Status: 0, Hazard: 0, Weather: 0, Cleric: 0, Screen: 0, Pass: 0",None
ace_trainer_m_shaye_0236_Jolteon,ace_trainer_m_shaye_0236,JOLTEON,"Thunderbolt: 2023 (52.5%), Quick Attack: 918 (23.8%), Sand Attack: 705 (18.3%), Double Kick: 209 (5.4%)",1861,272,6.84,248,7.75,30,3.58,0.97,205,52,326,70,11.2,1145,"Magikarp: 58, Seaking: 46, Koffing: 44","Graveler: 17, Sandslash: 14, Sunflora: 11",292,88.47,0,"Damage: 248, Status: 15, Hazard: 0, Weather: 0, Cleric: 0, Screen: 0, Pass: 0",None
ace_trainer_m_shaye_0236_Tangela,ace_trainer_m_shaye_0236,TANGELA,"Giga Drain: 349 (42.9%), Ancient Power: 214 (26.3%), Stun Spore: 164 (20.2%), Ingrain: 86 (10.6%)",268,129,2.08,47,2.44,0,4.13,1.55,34,71,82,22,5.24,284,"Quagsire: 29, Graveler: 22, Sandslash: 19","Golbat: 10, Lanturn: 9, Victreebel: 9",34,63.64,0,"Damage: 42, Status: 28, Hazard: 0, Weather: 0, Cleric: 0, Screen: 0, Pass: 0",None
ace_trainer_m_shaye_0236_Tauros,ace_trainer_m_shaye_0236,TAUROS,"Take Down: 267 (51.7%), Zen Headbutt: 178 (34.5%), Payback: 39 (7.6%), Scary Face: 32 (6.2%)",196,101,1.94,36,2.3,2,3.64,1.15,21,60,38,19,-0.36,213,"Sunflora: 12, Victreebel: 9, Golbat: 8","Nidoking: 7, Starmie: 6, Rapidash: 6",25,,0,"Damage: 36, Status: 0, Hazard: 0, Weather: 0, Cleric: 0, Screen: 0, Pass: 0",None
beauty_callie_0674_Bronzor,beauty_callie_0674,BRONZOR,"Safeguard: 5 (23.8%), Future Sight: 5 (23.8%), Gyro Ball: 5 (23.8%), Iron Defense: 5 (23.8%), Struggle: 1 (4.8%)",0,0,0.0,0,0.0,0,21.0,9.0,0,0,0,0,0.0,1,None,None,0,,0,"Damage: 0, Status: 0, Hazard: 0, Weather: 0, Cleric: 0, Screen: 0, Pass: 0",None
beauty_callie_0674_Clefable,beauty_callie_0674,CLEFABLE,"Growl: 2199 (31.5%), Metronome: 1921 (27.6%), Double Slap: 1782 (25.6%), Encore: 1037 (14.9%), Struggle: 33 (0.5%)",338,1038,0.33,161,0.48,0,7.25,3.36,161,614,318,74,-1.78,1165,"Magikarp: 36, Bellsprout: 28, Geodude: 15","Seaking: 18, Geodude: 17, Koffing: 17",44,22.92,0,"Damage: 158, Status: 21, Hazard: 0, Weather: 2, Cleric: 0, Screen: 0, Pass: 0",None
beauty_callie_0674_Clefairy,beauty_callie_0674,CLEFAIRY,"Double Slap: 5 (22.7%), Sing: 5 (22.7%), Encore: 5 (22.7%), Minimize: 5 (22.7%), Struggle: 2 (9.1%)",0,0,0.0,0,0.0,0,29.0,0.0,0,3,6,0,10.71,1,None,None,0,,0,"Damage: 0, Status: 0, Hazard: 0, Weather: 0, Cleric: 0, Screen: 0, Pass: 0",None
beauty_callie_0674_Dugtrio,beauty_callie_0674,DUGTRIO,None,0,0,0.0,0,0.0,0,0.0,0.0,0,0,2,0,100.0,2,None,None,0,,0,"Damage: 0, Status: 0, Hazard: 0, Weather: 0, Cleric: 0, Screen: 0, Pass: 0",None
beauty_callie_0674_Marill,beauty_callie_0674,MARILL,"Rollout: 5 (38.5%), Tail Whip: 4 (30.8%), Defense Curl: 2 (15.4%), Water Gun: 2 (15.4%)",0,1,0.0,0,0.0,0,13.0,6.0,0,1,2,0,6.67,1,None,None,0,,0,"Damage: 0, Status: 0, Hazard: 0, Weather: 0, Cleric: 0, Screen: 0, Pass: 0",None
beauty_callie_0674_Pikachu,beauty_callie_0674,PIKACHU,None,0,0,0.0,0,0.0,0,0.0,0.0,0,0,0,0,0.0,1,None,None,0,,0,"Damage: 0, Status: 0, Hazard: 0, Weather: 0, Cleric: 0, Screen: 0, Pass: 0",None
beauty_callie_0674_Quagsire,beauty_callie_0674,QUAGSIRE,None,0,0,0.0,0,0.0,0,0.0,0.0,0,0,0,0,0.0,4,None,None,0,,0,"Damage: 0, Status: 0, Hazard: 0, Weather: 0, Cleric: 0, Screen: 0, Pass: 0",None
beauty_callie_0674_Shroomish,beauty_callie_0674,SHROOMISH,"Growth: 4 (50.0%), Seed Bomb: 2 (25.0%), Spore: 1 (12.5%), Giga Drain: 1 (12.5%)",0,1,0.0,0,0.0,0,9.0,3.0,0,0,0,0,0.0,1,None,None,0,,0,"Damage: 0, Status: 0, Hazard: 0, Weather: 0, Cleric: 0, Screen: 0, Pass: 0",None
beauty_callie_0674_Wigglytuff,beauty_callie_0674,WIGGLYTUFF,"Pound: 1690 (32.3%), Defense Curl: 1390 (26.6%), Disable: 1210 (23.2%), Sing: 936 (17.9%)",158,962,0.16,24,0.19,0,7.12,2.72,104,778,196,0,-8.82,1055,"Magikarp: 17, Doduo: 8, Geodude: 7","Seaking: 20, Sandslash: 16, Graveler: 15",18,14.58,0,"Damage: 18, Status: 13, Hazard: 0, Weather: 0, Cleric: 0, Screen: 0, Pass: 0",None
beauty_callie_0674_Wooper,beauty_callie_0674,WOOPER,"Mud Bomb: 3 (60.0%), Mud Shot: 1 (20.0%), Slam: 1 (20.0%)",1,0,1.0,0,1.0,0,5.0,2.0,0,1,2,1,10.0,1,Wooper: 1,None,0,,0,"Damage: 0, Status: 0, Hazard: 0, Weather: 0, Cleric: 0, Screen: 0, Pass: 0",None
beauty_caroline_0210_Dugtrio,beauty_caroline_0210,DUGTRIO,None,0,0,0.0,0,0.0,0,0.0,0.0,0,0,2,0,100.0,2,None,None,0,,0,"Damage: 0, Status: 0, Hazard: 0, Weather: 0, Cleric: 0, Screen: 0, Pass: 0",None
beauty_caroline_0210_Marill,beauty_caroline_0210,MARILL,"Double Edge: 2438 (33.6%), Aqua Tail: 2433 (33.6%), Rain Dance: 1211 (16.7%), Aqua Ring: 1147 (15.8%), Struggle: 20 (0.3%)",1003,1536,0.65,343,0.88,0,8.21,4.62,247,411,322,0,2.09,1202,"Magikarp: 57, Geodude: 30, Goldeen: 28","Seaking: 44, Butterfree: 37, Beedrill: 35",138,40.85,3,"Damage: 343, Status: 0, Hazard: 0, Weather: 0, Cleric: 0, Screen: 0, Pass: 0",None
beauty_caroline_0210_Quagsire,beauty_caroline_0210,QUAGSIRE,None,0,0,0.0,0,0.0,0,0.0,0.0,0,0,0,0,0.0,4,None,None,0,,0,"Damage: 0, Status: 0, Hazard: 0, Weather: 0, Cleric: 0, Screen: 0, Pass: 0",None
beauty_caroline_0210_Seel,beauty_caroline_0210,SEEL,"Aqua Jet: 757 (29.1%), Take Down: 642 (24.7%), Aurora Beam: 613 (23.6%), Brine: 590 (22.7%)",452,668,0.68,145,0.89,0,4.68,2.42,147,130,120,58,5.28,854,"Butterfree: 28, Graveler: 15, Magnemite: 13","Seaking: 18, Butterfree: 17, Seadra: 17",58,47.92,0,"Damage: 145, Status: 0, Hazard: 0, Weather: 0, Cleric: 0, Screen: 0, Pass: 0",None
beauty_cassie_0209_Butterfree,beauty_cassie_0209,BUTTERFREE,"Bug Buzz: 1325 (36.0%), Captivate: 814 (22.1%), Tailwind: 775 (21.1%), Safeguard: 759 (20.6%), Struggle: 8 (0.2%)",472,574,0.82,44,0.9,4,5.87,2.56,94,18,129,76,5.22,817,"Butterfree: 17, Bellsprout: 16, Victreebel: 13","Magmar: 18, Rapidash: 17, Flareon: 14",58,69.23,0,"Damage: 44, Status: 0, Hazard: 0, Weather: 0, Cleric: 0, Screen: 0, Pass: 0",None
beauty_cassie_0209_Dugtrio,beauty_cassie_0209,DUGTRIO,None,0,0,0.0,0,0.0,0,0.0,0.0,0,0,3,0,100.0,2,None,None,0,,0,"Damage: 0, Status: 0, Hazard: 0, Weather: 0, Cleric: 0, Screen: 0, Pass: 0",None
beauty_cassie_0209_Quagsire,beauty_cassie_0209,QUAGSIRE,None,0,0,0.0,0,0.0,0,0.0,0.0,0,0,0,0,0.0,1,None,None,0,,0,"Damage: 0, Status: 0, Hazard: 0, Weather: 0, Cleric: 0, Screen: 0, Pass: 0",None
beauty_cassie_0209_Vileplume,beauty_cassie_0209,VILEPLUME,"Mega Drain: 3509 (43.0%), Aromatherapy: 2616 (32.1%), Stun Spore: 1134 (13.9%), Poison Powder: 895 (11.0%)",1054,713,1.48,443,2.1,89,7.78,3.91,232,668,307,0,-1.52,1251,"Magikarp: 56, Geodude: 35, Goldeen: 30","Graveler: 17, Rapidash: 16, Magmar: 15",157,62.83,0,"Damage: 357, Status: 374, Hazard: 0, Weather: 0, Cleric: 2, Screen: 0, Pass: 0",None
beauty_charlotte_0723_Bellossom,beauty_charlotte_0723,BELLOSSOM,"Mega Drain: 2137 (35.2%), Sweet Scent: 2042 (33.6%), Stun Spore: 943 (15.5%), Sunny Day: 935 (15.4%), Struggle: 14 (0.2%)",504,971,0.52,15,0.53,0,6.2,3.05,141,239,288,0,2.99,1159,"Magikarp: 54, Geodude: 30, Bellsprout: 28","Graveler: 20, Seaking: 20, Sandslash: 18",61,26.83,0,"Damage: 13, Status: 10, Hazard: 0, Weather: 0, Cleric: 0, Screen: 0, Pass: 0",None
beauty_julia_0346_Carnivine,beauty_julia_0346,CARNIVINE,"Giga Drain: 781 (37.6%), Wring Out: 677 (32.6%), Ingrain: 367 (17.7%), Attract: 245 (11.8%), Struggle: 7 (0.3%)",325,341,0.95,112,1.28,0,5.54,2.34,94,40,64,0,5.51,536,"Quagsire: 11, Azumarill: 11, Seaking: 11","Magmar: 18, Weezing: 17, Seaking: 14",39,75.44,0,"Damage: 112, Status: 0, Hazard: 0, Weather: 0, Cleric: 0, Screen: 0, Pass: 0",None
beauty_julia_0346_Paras,beauty_julia_0346,PARAS,"Giga Drain: 2198 (36.5%), Slash: 2120 (35.2%), Spore: 1018 (16.9%), Attract: 694 (11.5%)",1317,702,1.88,457,2.53,3,5.54,1.9,395,104,138,0,6.96,1266,"Magikarp: 58, Voltorb: 37, Seaking: 30","Butterfree: 29, Koffing: 23, Graveler: 23",197,65.56,0,"Damage: 427, Status: 268, Hazard: 0, Weather: 0, Cleric: 0, Screen: 0, Pass: 0",None
beauty_julia_0346_Parasect,beauty_julia_0346,PARASECT,"X Scissor: 993 (38.0%), Giga Drain: 958 (36.6%), Spore: 417 (15.9%), Attract: 248 (9.5%)",556,349,1.59,105,1.89,1,5.83,1.83,116,49,74,0,5.24,640,"Butterfree: 29, Seaking: 17, Beedrill: 15","Magmar: 23, Weezing: 13, Butterfree: 13",77,,0,"Damage: 96, Status: 55, Hazard: 0, Weather: 0, Cleric: 0, Screen: 0, Pass: 0",None
beauty_kassandra_0675_Clefable,beauty_kassandra_0675,CLEFABLE,"Growl: 1251 (28.8%), Double Slap: 1192 (27.4%), Metronome: 1176 (27.1%), Encore: 713 (16.4%), Struggle: 12 (0.3%)",143,955,0.15,41,0.19,0,6.25,2.49,106,304,173,39,-0.49,1039,"Voltorb: 10, Pidgey: 9, Growlithe: 9","Seaking: 18, Butterfree: 17, Sandslash: 16",16,20.37,0,"Damage: 40, Status: 6, Hazard: 1, Weather: 0, Cleric: 0, Screen: 0, Pass: 0",None
beauty_kassandra_0675_Diglett,beauty_kassandra_0675,DIGLETT,"Dig: 4 (44.4%), Sand Attack: 2 (22.2%), Earth Power: 2 (22.2%), Sucker Punch: 1 (11.1%)",1,1,1.0,0,1.0,0,10.0,2.0,0,1,2,0,8.18,1,Diglett: 1,None,0,,0,"Damage: 0, Status: 0, Hazard: 0, Weather: 0, Cleric: 0, Screen: 0, Pass: 0",None
beauty_kassandra_0675_Dugtrio,beauty_kassandra_0675,DUGTRIO,None,0,0,0.0,0,0.0,0,0.0,0.0,0,0,1,0,100.0,1,None,None,0,,0,"Damage: 0, Status: 0, Hazard: 0, Weather: 0, Cleric: 0, Screen: 0, Pass: 0",None
beauty_kassandra_0675_Horsea,beauty_kassandra_0675,HORSEA,"Smoke Screen: 4 (36.4%), Bubble Beam: 3 (27.3%), Leer: 3 (27.3%), Focus Energy: 1 (9.1%)",1,0,1.0,0,1.0,0,11.0,2.0,0,0,3,1,27.14,1,Horsea: 1,None,0,,0,"Damage: 0, Status: 0, Hazard: 0, Weather: 0, Cleric: 0, Screen: 0, Pass: 0",None
beauty_kassandra_0675_Krabby,beauty_kassandra_0675,KRABBY,None,0,0,0.0,0,0.0,0,0.0,0.0,0,0,0,0,0.0,1,None,None,0,,0,"Damage: 0, Status: 0, Hazard: 0, Weather: 0, Cleric: 0, Screen: 0, Pass: 0",None
beauty_kassandra_0675_Marill,beauty_kassandra_0675,MARILL,None,0,0,0.0,0,0.0,0,0.0,0.0,0,0,0,0,0.0,1,None,None,0,,0,"Damage: 0, Status: 0, Hazard: 0, Weather: 0, Cleric: 0, Screen: 0, Pass: 0",None
beauty_kassandra_0675_Metapod,beauty_kassandra_0675,METAPOD,"Harden: 5 (62.5%), Struggle: 3 (37.5%)",0,0,0.0,0,0.0,0,8.0,0.0,1,0,0,0,12.5,1,None,None,0,,0,"Damage: 0, Status: 0, Hazard: 0, Weather: 0, Cleric: 0, Screen: 0, Pass: 0",None
beauty_kassandra_0675_Oddish,beauty_kassandra_0675,ODDISH,None,0,0,0.0,0,0.0,0,0.0,0.0,0,0,0,0,0.0,1,None,None,0,,0,"Damage: 0, Status: 0, Hazard: 0, Weather: 0, Cleric: 0, Screen: 0, Pass: 0",None
beauty_kassandra_0675_Quagsire,beauty_kassandra_0675,QUAGSIRE,None,0,0,0.0,0,0.0,0,0.0,0.0,0,0,0,0,0.0,4,None,None,0,,0,"Damage: 0, Status: 0, Hazard: 0, Weather: 0, Cleric: 0, Screen: 0, Pass: 0",None
beauty_kassandra_0675_Tentacruel,beauty_kassandra_0675,TENTACRUEL,"Screech: 2 (40.0%), Barrier: 2 (40.0%), Poison Jab: 1 (20.0%)",0,1,0.0,0,0.0,0,6.0,2.0,0,0,1,0,11.67,1,None,None,0,,0,"Damage: 0, Status: 0, Hazard: 0, Weather: 0, Cleric: 0, Screen: 0, Pass: 0",None
beauty_kassandra_0675_Whismur,beauty_kassandra_0675,WHISMUR,None,0,0,0.0,0,0.0,0,0.0,0.0,0,0,0,0,0.0,1,None,None,0,,0,"Damage: 0, Status: 0, Hazard: 0, Weather: 0, Cleric: 0, Screen: 0, Pass: 0",None
beauty_kassandra_0675_Wigglytuff,beauty_kassandra_0675,WIGGLYTUFF,"Pound: 2256 (33.0%), Defense Curl: 1760 (25.7%), Disable: 1527 (22.3%), Sing: 1303 (19.0%)",322,1022,0.32,148,0.46,0,7.34,2.81,119,1155,253,0,-11.03,1150,"Magikarp: 54, Bellsprout: 28, Pidgey: 23","Seaking: 18, Poliwhirl: 17, Growlithe: 16",45,18.26,0,"Damage: 129, Status: 94, Hazard: 0, Weather: 0, Cleric: 0, Screen: 0, Pass: 0",None
beauty_kimberly_0534_Corsola,beauty_kimberly_0534,CORSOLA,"Bubble: 4747 (45.8%), Harden: 3090 (29.8%), Recover: 2045 (19.7%), Refresh: 473 (4.6%), Struggle: 11 (0.1%)",472,954,0.49,30,0.53,0,10.51,6.27,257,404,500,364,3.11,1138,"Magikarp: 57, Bellsprout: 28, Geodude: 23","Koffing: 18, Graveler: 17, Seaking: 17",63,28.3,0,"Damage: 30, Status: 0, Hazard: 0, Weather: 0, Cleric: 0, Screen: 0, Pass: 0",None
beauty_samantha_0070_Dugtrio,beauty_samantha_0070,DUGTRIO,None,0,0,0.0,0,0.0,0,0.0,0.0,0,0,1,0,100.0,1,None,None,0,,0,"Damage: 0, Status: 0, Hazard: 0, Weather: 0, Cleric: 0, Screen: 0, Pass: 0",None
beauty_samantha_0070_Meowth,beauty_samantha_0070,MEOWTH,"Bite: 1204 (25.6%), Scratch: 1158 (24.6%), Growl: 1128 (24.0%), Pay Day: 717 (15.2%), Slash: 495 (10.5%)",462,1941,0.24,38,0.26,0,5.33,2.94,231,135,244,324,7.44,1128,"Magikarp: 54, Bellsprout: 28, Pidgey: 18","Seaking: 36, Butterfree: 32, Sandslash: 31",61,16.61,0,"Damage: 38, Status: 0, Hazard: 0, Weather: 0, Cleric: 0, Screen: 0, Pass: 0",None
beauty_samantha_0070_Quagsire,beauty_samantha_0070,QUAGSIRE,None,0,0,0.0,0,0.0,0,0.0,0.0,0,0,0,0,0.0,4,None,None,0,,0,"Damage: 0, Status: 0, Hazard: 0, Weather: 0, Cleric: 0, Screen: 0, Pass: 0",None
beauty_valerie_0398_Hoppip,beauty_valerie_0398,HOPPIP,"Mega Drain: 1044 (29.3%), Tail Whip: 1011 (28.4%), Tackle: 982 (27.6%), Poison Powder: 526 (14.8%)",269,1021,0.26,239,0.5,1,4.18,2.28,126,324,185,0,-0.35,1152,"Magikarp: 46, Bellsprout: 30, Geodude: 23","Shellder: 19, Koffing: 18, Seaking: 18",32,20.83,0,"Damage: 215, Status: 151, Hazard: 0, Weather: 0, Cleric: 0, Screen: 0, Pass: 0",None
beauty_valerie_0398_Quagsire,beauty_valerie_0398,QUAGSIRE,None,0,0,0.0,0,0.0,0,0.0,0.0,0,0,0,0,0.0,4,None,None,0,,0,"Damage: 0, Status: 0, Hazard: 0, Weather: 0, Cleric: 0, Screen: 0, Pass: 0",None
beauty_valerie_0398_Skiploom,beauty_valerie_0398,SKIPLOOM,"Mega Drain: 814 (31.0%), Tackle: 753 (28.7%), Tail Whip: 668 (25.5%), Stun Spore: 389 (14.8%)",151,948,0.16,36,0.2,0,4.34,1.89,85,204,148,0,1.05,1036,"Voltorb: 10, Marill: 8, Diglett: 4","Magmar: 23, Seaking: 20, Growlithe: 19",17,16.67,0,"Damage: 34, Status: 10, Hazard: 0, Weather: 0, Cleric: 0, Screen: 0, Pass: 0",None
beauty_victoria_0005_Dugtrio,beauty_victoria_0005,DUGTRIO,None,0,0,0.0,0,0.0,0,0.0,0.0,0,0,2,0,100.0,2,None,None,0,,0,"Damage: 0, Status: 0, Hazard: 0, Weather: 0, Cleric: 0, Screen: 0, Pass: 0",None
beauty_victoria_0005_Quagsire,beauty_victoria_0005,QUAGSIRE,None,0,0,0.0,0,0.0,0,0.0,0.0,0,0,0,0,0.0,4,None,None,0,,0,"Damage: 0, Status: 0, Hazard: 0, Weather: 0, Cleric: 0, Screen: 0, Pass: 0",None
beauty_victoria_0005_Sentret,beauty_victoria_0005,SENTRET,"Quick Attack: 2818 (42.2%), Defense Curl: 1613 (24.2%), Fury Swipes: 1047 (15.7%), Scratch: 659 (9.9%), Foresight: 510 (7.6%), Helping Hand: 25 (0.4%)",345,3118,0.11,29,0.12,0,7.6,4.49,323,205,381,0,7.08,1127,"Magikarp: 54, Bellsprout: 28, Voltorb: 19","Onix: 58, Seaking: 54, Growlithe: 52",42,7.23,16,"Damage: 29, Status: 0, Hazard: 0, Weather: 0, Cleric: 0, Screen: 0, Pass: 0",None
biker_aiden_0574_Tentacruel,biker_aiden_0574,TENTACRUEL,"Water Pulse: 2308 (26.7%), Screech: 2270 (26.2%), Poison Jab: 2205 (25.5%), Barrier: 1877 (21.7%)",1971,509,3.87,171,4.21,0,6.88,3.89,242,433,287,649,1.71,1370,"Magikarp: 58, Koffing: 45, Magnemite: 43","Quagsire: 18, Graveler: 17, Azumarill: 13",283,82.63,0,"Damage: 171, Status: 130, Hazard: 0, Weather: 0, Cleric: 0, Screen: 0, Pass: 0",None
biker_aiden_0631_Dugtrio,biker_aiden_0631,DUGTRIO,None,0,0,0.0,0,0.0,0,0.0,0.0,0,0,2,0,100.0,2,None,None,0,,0,"Damage: 0, Status: 0, Hazard: 0, Weather: 0, Cleric: 0, Screen: 0, Pass: 0",None
biker_aiden_0631_Hypno,biker_aiden_0631,HYPNO,"Psychic: 1659 (32.8%), Psybeam: 1655 (32.7%), Swagger: 1128 (22.3%), Psych Up: 615 (12.2%)",1829,314,5.82,399,7.1,27,4.62,1.69,195,190,139,146,2.92,1201,"Magikarp: 58, Koffing: 51, Graveler: 34","Seaking: 12, Butterfree: 12, Starmie: 10",290,89.82,0,"Damage: 335, Status: 281, Hazard: 0, Weather: 0, Cleric: 0, Screen: 0, Pass: 0",None
biker_aiden_0631_Quagsire,biker_aiden_0631,QUAGSIRE,None,0,0,0.0,0,0.0,0,0.0,0.0,0,0,0,0,0.0,1,None,None,0,,0,"Damage: 0, Status: 0, Hazard: 0, Weather: 0, Cleric: 0, Screen: 0, Pass: 0",None
biker_aiden_0631_Tentacruel,biker_aiden_0631,TENTACRUEL,"Screech: 330 (26.1%), Hydro Pump: 324 (25.7%), Water Pulse: 307 (24.3%), Poison Jab: 301 (23.8%), Barrier: 1 (0.1%)",371,156,2.38,46,2.67,0,4.48,1.92,51,135,52,76,-3.29,390,"Butterfree: 23, Magmar: 13, Quagsire: 11","Starmie: 7, Ampharos: 6, Qwilfish: 5",48,78.57,1,"Damage: 46, Status: 18, Hazard: 0, Weather: 0, Cleric: 0, Screen: 0, Pass: 0",None
biker_aiden_0632_Hypno,biker_aiden_0632,HYPNO,"Psychic: 2334 (33.3%), Nasty Plot: 2039 (29.1%), Swagger: 1489 (21.3%), Psych Up: 1133 (16.2%), Psybeam: 4 (0.1%)",1795,350,5.13,384,6.23,14,6.13,2.49,148,204,209,46,2.1,1222,"Magikarp: 57, Seaking: 39, Koffing: 33","Seaking: 15, Butterfree: 13, Graveler: 11",291,87.95,0,"Damage: 170, Status: 333, Hazard: 0, Weather: 0, Cleric: 0, Screen: 0, Pass: 0",None
biker_aiden_0632_Quagsire,biker_aiden_0632,QUAGSIRE,None,0,0,0.0,0,0.0,0,0.0,0.0,0,0,0,0,0.0,3,None,None,0,,0,"Damage: 0, Status: 0, Hazard: 0, Weather: 0, Cleric: 0, Screen: 0, Pass: 0",None
biker_aiden_0632_Tentacruel,biker_aiden_0632,TENTACRUEL,"Wring Out: 401 (27.3%), Poison Jab: 370 (25.2%), Screech: 357 (24.3%), Hydro Pump: 331 (22.6%), Water Pulse: 8 (0.5%)",417,157,2.66,50,2.97,0,4.66,2.09,57,141,64,49,-1.42,421,"Butterfree: 17, Magmar: 15, Seaking: 11","Seaking: 10, Arcanine: 8, Quagsire: 6",45,88.0,0,"Damage: 50, Status: 13, Hazard: 0, Weather: 0, Cleric: 0, Screen: 0, Pass: 0",None
biker_aiden_0633_Dugtrio,biker_aiden_0633,DUGTRIO,None,0,0,0.0,0,0.0,0,0.0,0.0,0,0,1,0,100.0,1,None,None,0,,0,"Damage: 0, Status: 0, Hazard: 0, Weather: 0, Cleric: 0, Screen: 0, Pass: 0",None
biker_aiden_0633_Hypno,biker_aiden_0633,HYPNO,"Psychic: 265 (35.3%), Nasty Plot: 238 (31.7%), Swagger: 166 (22.1%), Psych Up: 74 (9.9%), Psybeam: 7 (0.9%)",169,74,2.28,74,3.28,2,4.65,1.85,14,22,44,10,4.8,214,"Quagsire: 10, Victreebel: 10, Nidoqueen: 9","Golem: 6, Starmie: 4, Yanmega: 4",18,96.3,0,"Damage: 32, Status: 64, Hazard: 0, Weather: 0, Cleric: 0, Screen: 0, Pass: 0",None
biker_aiden_0633_Tentacruel,biker_aiden_0633,TENTACRUEL,"Poison Jab: 1351 (25.3%), Wring Out: 1344 (25.2%), Hydro Pump: 1328 (24.9%), Screech: 1300 (24.4%), Water Pulse: 7 (0.1%), Barrier: 2 (0.0%)",2147,324,6.63,204,7.26,33,4.66,2.26,222,513,145,138,-2.78,1151,"Magikarp: 58, Seaking: 47, Voltorb: 38","Golem: 25, Graveler: 22, Sudowoodo: 16",353,91.88,0,"Damage: 204, Status: 46, Hazard: 0, Weather: 0, Cleric: 0, Screen: 0, Pass: 0",None
biker_charles_0312_Charmeleon,biker_charles_0312,CHARMELEON,"Flamethrower: 493 (26.1%), Fire Fang: 475 (25.2%), Slash: 460 (24.4%), Scary Face: 459 (24.3%)",446,436,1.02,92,1.23,0,3.19,1.28,128,124,83,87,4.61,969,"Magnemite: 30, Butterfree: 20, Bellsprout: 14","Quagsire: 15, Graveler: 15, Seaking: 14",56,57.41,0,"Damage: 92, Status: 21, Hazard: 0, Weather: 0, Cleric: 0, Screen: 0, Pass: 0",None
biker_charles_0312_Dugtrio,biker_charles_0312,DUGTRIO,None,0,0,0.0,0,0.0,0,0.0,0.0,0,0,2,0,100.0,2,None,None,0,,0,"Damage: 0, Status: 0, Hazard: 0, Weather: 0, Cleric: 0, Screen: 0, Pass: 0",None
biker_charles_0312_Koffing,biker_charles_0312,KOFFING,"Sludge: 883 (33.2%), Gyro Ball: 869 (32.7%), Explosion: 781 (29.4%), Haze: 126 (4.7%)",965,1176,0.82,362,1.13,11,2.5,1.44,150,27,104,150,7.62,1316,"Goldeen: 33, Seaking: 25, Geodude: 23","Noctowl: 15, Golduck: 14, Graveler: 13",119,64.97,0,"Damage: 362, Status: 61, Hazard: 0, Weather: 0, Cleric: 0, Screen: 0, Pass: 0",None
biker_charles_0312_Quagsire,biker_charles_0312,QUAGSIRE,None,0,0,0.0,0,0.0,0,0.0,0.0,0,0,0,0,0.0,4,None,None,0,,0,"Damage: 0, Status: 0, Hazard: 0, Weather: 0, Cleric: 0, Screen: 0, Pass: 0",None
biker_charles_0312_Weezing,biker_charles_0312,WEEZING,"Double Hit: 778 (36.5%), Sludge: 707 (33.1%), Explosion: 515 (24.1%), Haze: 133 (6.2%)",707,760,0.93,127,1.1,3,3.37,1.38,116,90,82,163,5.23,1058,"Magikarp: 31, Seaking: 26, Seadra: 21","Golduck: 14, Noctowl: 11, Quagsire: 11",79,,0,"Damage: 127, Status: 46, Hazard: 0, Weather: 0, Cleric: 0, Screen: 0, Pass: 0",None
biker_dale_0572_Gulpin,biker_dale_0572,GULPIN,"Sludge Bomb: 3883 (67.3%), Gastro Acid: 1540 (26.7%), Spit Up: 162 (2.8%), Swallow: 160 (2.8%), Struggle: 27 (0.5%)",1448,610,2.37,171,2.65,0,5.36,3.19,209,145,216,663,4.65,1253,"Magikarp: 56, Bellsprout: 30, Poliwhirl: 29","Graveler: 26, Quagsire: 19, Magmar: 18",207,74.7,0,"Damage: 171, Status: 139, Hazard: 0, Weather: 0, Cleric: 0, Screen: 0, Pass: 0",None
biker_dan_0575_Dugtrio,biker_dan_0575,DUGTRIO,None,0,0,0.0,0,0.0,0,0.0,0.0,0,0,2,0,100.0,2,None,None,0,,0,"Damage: 0, Status: 0, Hazard: 0, Weather: 0, Cleric: 0, Screen: 0, Pass: 0",None
biker_dan_0575_Gulpin,biker_dan_0575,GULPIN,"Stockpile: 2538 (39.9%), Sludge Bomb: 2389 (37.6%), Spit Up: 861 (13.5%), Swallow: 555 (8.7%), Struggle: 15 (0.2%)",887,885,1.0,647,1.73,37,5.96,3.51,151,102,266,463,4.6,1295,"Magikarp: 56, Pidgey: 24, Goldeen: 23","Seaking: 33, Seadra: 26, Beedrill: 26",129,54.05,0,"Damage: 647, Status: 209, Hazard: 0, Weather: 0, Cleric: 0, Screen: 0, Pass: 0",None
biker_dan_0575_Quagsire,biker_dan_0575,QUAGSIRE,None,0,0,0.0,0,0.0,0,0.0,0.0,0,0,0,0,0.0,4,None,None,0,,0,"Damage: 0, Status: 0, Hazard: 0, Weather: 0, Cleric: 0, Screen: 0, Pass: 0",None
biker_dan_0575_Weezing,biker_dan_0575,WEEZING,"Double Hit: 1601 (41.1%), Sludge: 1490 (38.3%), Selfdestruct: 571 (14.7%), Haze: 229 (5.9%)",902,1343,0.67,138,0.77,25,5.54,3.5,214,217,171,327,3.92,940,"Seaking: 31, Butterfree: 31, Beedrill: 28","Magmar: 24, Golem: 24, Seadra: 23",122,43.75,7,"Damage: 138, Status: 66, Hazard: 0, Weather: 0, Cleric: 0, Screen: 0, Pass: 0",None
biker_dwayne_0309_Koffing,biker_dwayne_0309,KOFFING,"Gyro Ball: 2446 (35.2%), Sludge: 2419 (34.9%), Explosion: 1718 (24.8%), Haze: 358 (5.2%)",1945,3391,0.57,194,0.63,52,6.4,4.37,367,73,332,563,8.89,1316,"Magikarp: 58, Koffing: 48, Butterfree: 43","Golduck: 54, Graveler: 50, Magmar: 49",289,60.0,22,"Damage: 194, Status: 126, Hazard: 0, Weather: 0, Cleric: 0, Screen: 0, Pass: 0",None
biker_dwayne_0309_Quagsire,biker_dwayne_0309,QUAGSIRE,None,0,0,0.0,0,0.0,0,0.0,0.0,0,0,0,0,0.0,4,None,None,0,,0,"Damage: 0, Status: 0, Hazard: 0, Weather: 0, Cleric: 0, Screen: 0, Pass: 0",None
biker_ernest_0579_Dugtrio,biker_ernest_0579,DUGTRIO,None,0,0,0.0,0,0.0,0,0.0,0.0,0,0,2,0,100.0,2,None,None,0,,0,"Damage: 0, Status: 0, Hazard: 0, Weather: 0, Cleric: 0, Screen: 0, Pass: 0",None
biker_ernest_0579_Marill,biker_ernest_0579,MARILL,"Aqua Tail: 629 (27.6%), Double Edge: 628 (27.6%), Hydro Pump: 583 (25.6%), Rain Dance: 439 (19.3%)",430,642,0.67,25,0.71,0,4.48,2.43,83,220,105,0,-1.34,852,"Haunter: 18, Graveler: 14, Growlithe: 13","Butterfree: 20, Seadra: 18, Noctowl: 15",47,54.0,0,"Damage: 25, Status: 0, Hazard: 0, Weather: 0, Cleric: 0, Screen: 0, Pass: 0",None
biker_ernest_0579_Quagsire,biker_ernest_0579,QUAGSIRE,None,0,0,0.0,0,0.0,0,0.0,0.0,0,0,0,0,0.0,2,None,None,0,,0,"Damage: 0, Status: 0, Hazard: 0, Weather: 0, Cleric: 0, Screen: 0, Pass: 0",None
biker_ernest_0579_Teddiursa,biker_ernest_0579,TEDDIURSA,"Slash: 2177 (31.1%), Rest: 2044 (29.2%), Charm: 1787 (25.6%), Snore: 982 (14.0%)",1172,778,1.51,243,1.82,49,7.72,4.57,281,135,337,0,6.59,1295,"Magikarp: 58, Pikachu: 29, Bellsprout: 29","Graveler: 27, Seadra: 25, Noctowl: 20",157,61.78,0,"Damage: 243, Status: 0, Hazard: 0, Weather: 0, Cleric: 0, Screen: 0, Pass: 0",None
biker_ernest_0634_Azumarill,biker_ernest_0634,AZUMARILL,"Aqua Tail: 1114 (34.0%), Double Edge: 1114 (34.0%), Rain Dance: 549 (16.8%), Aqua Ring: 496 (15.2%)",1123,400,2.81,41,2.91,2,4.9,2.61,121,179,143,0,2.49,932,"Gastly: 33, Seaking: 31, Magmar: 31","Graveler: 17, Sunflora: 14, Quagsire: 14",155,64.94,0,"Damage: 41, Status: 0, Hazard: 0, Weather: 0, Cleric: 0, Screen: 0, Pass: 0",None
biker_ernest_0634_Marill,biker_ernest_0634,MARILL,"Aqua Tail: 2 (33.3%), Rain Dance: 2 (33.3%), Hydro Pump: 1 (16.7%), Double Edge: 1 (16.7%)",0,2,0.0,0,0.0,0,5.0,0.0,0,1,0,0,-16.67,2,None,None,0,,0,"Damage: 0, Status: 0, Hazard: 0, Weather: 0, Cleric: 0, Screen: 0, Pass: 0",None
biker_ernest_0634_Quagsire,biker_ernest_0634,QUAGSIRE,None,0,0,0.0,0,0.0,0,0.0,0.0,0,0,0,0,0.0,6,None,None,0,,0,"Damage: 0, Status: 0, Hazard: 0, Weather: 0, Cleric: 0, Screen: 0, Pass: 0",None
biker_ernest_0634_Teddiursa,biker_ernest_0634,TEDDIURSA,"Rest: 2136 (30.5%), Slash: 2080 (29.7%), Charm: 1823 (26.1%), Snore: 953 (13.6%)",1112,840,1.32,409,1.81,62,7.68,4.67,296,215,338,0,5.72,1323,"Magikarp: 57, Pikachu: 30, Geodude: 30","Graveler: 26, Quagsire: 24, Seadra: 21",162,59.86,0,"Damage: 409, Status: 0, Hazard: 0, Weather: 0, Cleric: 0, Screen: 0, Pass: 0",None
biker_ernest_0635_Azumarill,biker_ernest_0635,AZUMARILL,"Double Edge: 1183 (33.9%), Aqua Tail: 1135 (32.5%), Rain Dance: 635 (18.2%), Aqua Ring: 541 (15.5%)",1124,371,3.03,25,3.1,1,5.4,2.99,116,161,147,0,2.8,901,"Butterfree: 38, Magmar: 32, Seaking: 31","Parasect: 11, Graveler: 10, Tentacruel: 10",153,74.19,0,"Damage: 25, Status: 0, Hazard: 0, Weather: 0, Cleric: 0, Screen: 0, Pass: 0",None
biker_ernest_0635_Dugtrio,biker_ernest_0635,DUGTRIO,None,0,0,0.0,0,0.0,0,0.0,0.0,0,0,4,0,100.0,4,None,None,0,,0,"Damage: 0, Status: 0, Hazard: 0, Weather: 0, Cleric: 0, Screen: 0, Pass: 0",None
biker_ernest_0635_Marill,biker_ernest_0635,MARILL,"Hydro Pump: 8 (44.4%), Aqua Tail: 6 (33.3%), Rain Dance: 2 (11.1%), Double Edge: 2 (11.1%)",0,2,0.0,0,0.0,0,11.0,0.0,1,2,0,0,-5.56,2,None,None,0,,0,"Damage: 0, Status: 0, Hazard: 0, Weather: 0, Cleric: 0, Screen: 0, Pass: 0",None
biker_ernest_0635_Teddiursa,biker_ernest_0635,TEDDIURSA,"Rest: 2163 (30.1%), Slash: 2153 (30.0%), Charm: 1855 (25.8%), Snore: 1016 (14.1%)",1147,833,1.38,417,1.88,45,7.68,4.7,307,151,347,0,6.68,1335,"Magikarp: 58, Bellsprout: 33, Geodude: 29","Graveler: 32, Butterfree: 30, Seaking: 21",172,59.1,0,"Damage: 417, Status: 0, Hazard: 0, Weather: 0, Cleric: 0, Screen: 0, Pass: 0",None
biker_ernest_0636_Azumarill,biker_ernest_0636,AZUMARILL,"Double Edge: 299 (29.8%), Aqua Tail: 269 (26.8%), Hydro Pump: 265 (26.4%), Rain Dance: 170 (16.9%), Aqua Ring: 2 (0.2%)",405,111,3.65,13,3.77,1,4.09,1.84,47,116,49,0,-1.9,365,"Magmar: 20, Gastly: 20, Haunter: 16","Nidoqueen: 5, Weezing: 5, Golem: 4",44,94.64,0,"Damage: 13, Status: 0, Hazard: 0, Weather: 0, Cleric: 0, Screen: 0, Pass: 0",None
biker_ernest_0636_Dugtrio,biker_ernest_0636,DUGTRIO,None,0,0,0.0,0,0.0,0,0.0,0.0,0,0,2,0,100.0,2,None,None,0,,0,"Damage: 0, Status: 0, Hazard: 0, Weather: 0, Cleric: 0, Screen: 0, Pass: 0",None
biker_ernest_0636_Marill,biker_ernest_0636,MARILL,"Double Edge: 6 (37.5%), Aqua Tail: 5 (31.2%), Hydro Pump: 3 (18.8%), Rain Dance: 2 (12.5%)",0,2,0.0,0,0.0,0,9.5,0.0,1,2,0,0,-6.25,2,None,None,0,,0,"Damage: 0, Status: 0, Hazard: 0, Weather: 0, Cleric: 0, Screen: 0, Pass: 0",None
biker_ernest_0636_Teddiursa,biker_ernest_0636,TEDDIURSA,"Rest: 10 (43.5%), Slash: 8 (34.8%), Charm: 5 (21.7%)",0,6,0.0,0,0.0,0,4.83,0.0,1,0,0,0,4.35,6,None,None,0,100.0,0,"Damage: 0, Status: 0, Hazard: 0, Weather: 0, Cleric: 0, Screen: 0, Pass: 0",None
biker_ernest_0636_Ursaring,biker_ernest_0636,URSARING,"Thrash: 2432 (44.1%), Rest: 1323 (24.0%), Scary Face: 1241 (22.5%), Snore: 518 (9.4%)",2012,245,8.21,136,8.77,68,6.22,3.21,159,304,233,0,1.53,1192,"Magikarp: 58, Seaking: 51, Voltorb: 36","Rhydon: 8, Golem: 8, Weezing: 7",331,94.27,0,"Damage: 136, Status: 0, Hazard: 0, Weather: 0, Cleric: 0, Screen: 0, Pass: 0",None
biker_glenn_0315_Dugtrio,biker_glenn_0315,DUGTRIO,None,0,0,0.0,0,0.0,0,0.0,0.0,0,0,2,0,100.0,2,None,None,0,,0,"Damage: 0, Status: 0, Hazard: 0, Weather: 0, Cleric: 0, Screen: 0, Pass: 0",None
biker_glenn_0315_Koffing,biker_glenn_0315,KOFFING,"Sludge: 857 (34.7%), Gyro Ball: 797 (32.3%), Explosion: 713 (28.9%), Haze: 102 (4.1%)",840,1082,0.78,385,1.13,11,2.51,1.31,143,35,108,159,7.96,1216,"Goldeen: 24, Magmar: 21, Magikarp: 21","Graveler: 17, Golduck: 17, Kadabra: 14",100,62.42,0,"Damage: 385, Status: 60, Hazard: 0, Weather: 0, Cleric: 0, Screen: 0, Pass: 0",None
biker_glenn_0315_Magmar,biker_glenn_0315,MAGMAR,"Flamethrower: 503 (28.1%), Lava Plume: 459 (25.7%), Fire Punch: 428 (24.0%), Confuse Ray: 397 (22.2%)",614,284,2.16,110,2.55,0,3.14,0.93,73,28,64,120,5.79,892,"Butterfree: 32, Magnemite: 28, Bellsprout: 19","Graveler: 17, Quagsire: 15, Golem: 11",86,73.68,0,"Damage: 95, Status: 83, Hazard: 0, Weather: 0, Cleric: 0, Screen: 0, Pass: 0",None
biker_glenn_0315_Quagsire,biker_glenn_0315,QUAGSIRE,None,0,0,0.0,0,0.0,0,0.0,0.0,0,0,0,0,0.0,3,None,None,0,,0,"Damage: 0, Status: 0, Hazard: 0, Weather: 0, Cleric: 0, Screen: 0, Pass: 0",None
biker_glenn_0315_Weezing,biker_glenn_0315,WEEZING,"Double Hit: 555 (34.5%), Sludge: 536 (33.4%), Explosion: 463 (28.8%), Haze: 53 (3.3%)",618,630,0.98,124,1.18,3,3.09,1.17,80,72,79,109,4.92,902,"Seaking: 27, Magikarp: 26, Seadra: 18","Golduck: 12, Quagsire: 8, Rapidash: 7",70,,1,"Damage: 124, Status: 35, Hazard: 0, Weather: 0, Cleric: 0, Screen: 0, Pass: 0",None
biker_harris_0310_Flareon,biker_harris_0310,FLAREON,"Quick Attack: 1287 (25.9%), Fire Fang: 1245 (25.0%), Bite: 1228 (24.7%), Fire Spin: 1214 (24.4%)",1813,550,3.3,110,3.5,0,4.27,2.0,275,476,130,259,-1.76,1309,"Magikarp: 56, Butterfree: 41, Pikachu: 39","Graveler: 31, Seadra: 19, Seaking: 17",262,80.21,0,"Damage: 110, Status: 16, Hazard: 0, Weather: 0, Cleric: 0, Screen: 0, Pass: 0",None
biker_jacob_0573_Dugtrio,biker_jacob_0573,DUGTRIO,None,0,0,0.0,0,0.0,0,0.0,0.0,0,0,2,0,100.0,2,None,None,0,,0,"Damage: 0, Status: 0, Hazard: 0, Weather: 0, Cleric: 0, Screen: 0, Pass: 0",None
biker_jacob_0573_Magmar,biker_jacob_0573,MAGMAR,"Fire Punch: 1134 (26.5%), Flamethrower: 1070 (25.0%), Lava Plume: 1048 (24.5%), Confuse Ray: 1034 (24.1%)",1724,465,3.71,471,4.72,39,3.83,1.37,208,57,98,237,5.67,1259,"Magikarp: 57, Butterfree: 39, Koffing: 37","Graveler: 27, Quagsire: 22, Seaking: 20",279,82.13,1,"Damage: 391, Status: 343, Hazard: 0, Weather: 0, Cleric: 0, Screen: 0, Pass: 0",None
biker_jacob_0573_Quagsire,biker_jacob_0573,QUAGSIRE,None,0,0,0.0,0,0.0,0,0.0,0.0,0,0,0,0,0.0,4,None,None,0,,0,"Damage: 0, Status: 0, Hazard: 0, Weather: 0, Cleric: 0, Screen: 0, Pass: 0",None
biker_jacob_0573_Tentacruel,biker_jacob_0573,TENTACRUEL,"Poison Jab: 605 (27.4%), Barrier: 566 (25.6%), Screech: 542 (24.5%), Water Pulse: 496 (22.5%)",383,257,1.49,80,1.8,1,5.51,2.9,71,110,104,176,3.06,539,"Seaking: 19, Magmar: 17, Rapidash: 15","Quagsire: 15, Golem: 11, Graveler: 10",54,61.02,0,"Damage: 80, Status: 31, Hazard: 0, Weather: 0, Cleric: 0, Screen: 0, Pass: 0",None
biker_joel_0314_Dugtrio,biker_joel_0314,DUGTRIO,None,0,0,0.0,0,0.0,0,0.0,0.0,0,0,3,0,100.0,2,None,None,0,,0,"Damage: 0, Status: 0, Hazard: 0, Weather: 0, Cleric: 0, Screen: 0, Pass: 0",None
biker_joel_0314_Magmar,biker_joel_0314,MAGMAR,"Confuse Ray: 1626 (26.2%), Fire Punch: 1574 (25.3%), Flamethrower: 1571 (25.3%), Lava Plume: 1446 (23.3%)",1951,797,2.45,279,2.8,0,4.87,2.27,261,98,169,375,4.81,1246,"Magikarp: 58, Koffing: 41, Butterfree: 36","Quagsire: 38, Graveler: 38, Azumarill: 31",310,76.31,0,"Damage: 240, Status: 249, Hazard: 0, Weather: 0, Cleric: 0, Screen: 0, Pass: 0",None
biker_joel_0314_Quagsire,biker_joel_0314,QUAGSIRE,None,0,0,0.0,0,0.0,0,0.0,0.0,0,0,0,0,0.0,4,None,None,0,,0,"Damage: 0, Status: 0, Hazard: 0, Weather: 0, Cleric: 0, Screen: 0, Pass: 0",None
biker_markey_0577_Skorupi,biker_markey_0577,SKORUPI,"Crunch: 1727 (30.3%), Bug Bite: 1638 (28.7%), Poison Fang: 1612 (28.3%), Toxic Spikes: 729 (12.8%)",1325,687,1.93,145,2.14,0,5.12,2.82,302,64,217,589,7.63,1260,"Magikarp: 55, Goldeen: 31, Bellsprout: 30","Graveler: 22, Seaking: 21, Magmar: 20",190,67.94,0,"Damage: 145, Status: 60, Hazard: 51, Weather: 0, Cleric: 0, Screen: 0, Pass: 0",None
biker_reese_0313_Weezing,biker_reese_0313,WEEZING,"Double Hit: 2874 (47.8%), Sludge: 2674 (44.5%), Haze: 451 (7.5%), Explosion: 8 (0.1%)",1648,529,3.12,173,3.44,0,5.52,3.09,330,339,230,438,3.68,1234,"Magikarp: 58, Pikachu: 41, Poliwhirl: 38","Butterfree: 15, Seadra: 13, Magmar: 13",243,79.9,0,"Damage: 173, Status: 95, Hazard: 0, Weather: 0, Cleric: 0, Screen: 0, Pass: 0",None
biker_reese_0628_Arbok,biker_reese_0628,ARBOK,"Crunch: 2121 (31.7%), Screech: 1841 (27.5%), Mud Bomb: 1537 (23.0%), Glare: 1187 (17.8%)",1440,699,2.06,475,2.74,25,5.9,2.7,189,963,276,454,-7.2,1274,"Magikarp: 58, Voltorb: 35, Onix: 33","Graveler: 27, Quagsire: 22, Seadra: 21",214,73.9,0,"Damage: 420, Status: 212, Hazard: 0, Weather: 0, Cleric: 0, Screen: 0, Pass: 0",None
biker_reese_0628_Dugtrio,biker_reese_0628,DUGTRIO,None,0,0,0.0,0,0.0,0,0.0,0.0,0,0,2,0,100.0,2,None,None,0,,0,"Damage: 0, Status: 0, Hazard: 0, Weather: 0, Cleric: 0, Screen: 0, Pass: 0",None
biker_reese_0628_Quagsire,biker_reese_0628,QUAGSIRE,None,0,0,0.0,0,0.0,0,0.0,0.0,0,0,0,0,0.0,9,None,None,0,,0,"Damage: 0, Status: 0, Hazard: 0, Weather: 0, Cleric: 0, Screen: 0, Pass: 0",None
biker_reese_0628_Weezing,biker_reese_0628,WEEZING,"Assurance: 820 (25.8%), Double Hit: 820 (25.8%), Smoke Screen: 778 (24.5%), Sludge Bomb: 748 (23.6%), Sludge: 5 (0.2%), Haze: 2 (0.1%)",705,366,1.93,69,2.11,0,5.79,2.55,130,160,444,105,11.44,763,"Magmar: 17, Seadra: 16, Butterfree: 15","Golem: 12, Noctowl: 10, Magmar: 9",96,77.05,6,"Damage: 69, Status: 24, Hazard: 0, Weather: 0, Cleric: 0, Screen: 0, Pass: 0",None
biker_reese_0629_Arbok,biker_reese_0629,ARBOK,"Stockpile: 4215 (43.8%), Mud Bomb: 2880 (29.9%), Spit Up: 1477 (15.4%), Swallow: 1044 (10.9%), Screech: 2 (0.0%), Glare: 1 (0.0%)",1536,657,2.34,420,2.98,23,8.3,4.56,243,486,617,468,3.71,1301,"Magikarp: 57, Voltorb: 38, Pikachu: 33","Quagsire: 25, Seaking: 22, Noctowl: 19",235,72.83,0,"Damage: 420, Status: 0, Hazard: 0, Weather: 0, Cleric: 0, Screen: 0, Pass: 0",None
biker_reese_0629_Dugtrio,biker_reese_0629,DUGTRIO,None,0,0,0.0,0,0.0,0,0.0,0.0,0,0,2,0,100.0,2,None,None,0,,0,"Damage: 0, Status: 0, Hazard: 0, Weather: 0, Cleric: 0, Screen: 0, Pass: 0",None
biker_reese_0629_Quagsire,biker_reese_0629,QUAGSIRE,None,0,0,0.0,0,0.0,0,0.0,0.0,0,0,0,0,0.0,3,None,None,0,,0,"Damage: 0, Status: 0, Hazard: 0, Weather: 0, Cleric: 0, Screen: 0, Pass: 0",None
biker_reese_0629_Weezing,biker_reese_0629,WEEZING,"Sludge Bomb: 768 (26.0%), Assurance: 750 (25.4%), Double Hit: 739 (25.0%), Smoke Screen: 687 (23.2%), Sludge: 9 (0.3%), Haze: 5 (0.2%)",690,335,2.06,74,2.28,0,5.8,2.6,121,142,509,107,14.29,723,"Butterfree: 26, Seaking: 25, Magmar: 21","Magmar: 11, Starmie: 9, Graveler: 8",91,74.0,4,"Damage: 74, Status: 32, Hazard: 0, Weather: 0, Cleric: 0, Screen: 0, Pass: 0",None
biker_reese_0630_Arbok,biker_reese_0630,ARBOK,"Gunk Shot: 1501 (29.7%), Crunch: 1434 (28.4%), Mud Bomb: 1214 (24.1%), Gastro Acid: 893 (17.7%), Stockpile: 2 (0.0%), Swallow: 1 (0.0%), Screech: 1 (0.0%)",1953,355,5.5,281,6.29,18,4.47,2.02,212,678,218,383,-4.55,1213,"Magikarp: 58, Seaking: 46, Voltorb: 41","Quagsire: 15, Graveler: 13, Weezing: 11",309,90.34,0,"Damage: 281, Status: 31, Hazard: 0, Weather: 0, Cleric: 0, Screen: 0, Pass: 0",None
biker_reese_0630_Dugtrio,biker_reese_0630,DUGTRIO,None,0,0,0.0,0,0.0,0,0.0,0.0,0,0,2,0,100.0,2,None,None,0,,0,"Damage: 0, Status: 0, Hazard: 0, Weather: 0, Cleric: 0, Screen: 0, Pass: 0",None
biker_reese_0630_Quagsire,biker_reese_0630,QUAGSIRE,None,0,0,0.0,0,0.0,0,0.0,0.0,0,0,0,0,0.0,3,None,None,0,,0,"Damage: 0, Status: 0, Hazard: 0, Weather: 0, Cleric: 0, Screen: 0, Pass: 0",None
biker_reese_0630_Weezing,biker_reese_0630,WEEZING,"Double Hit: 490 (29.8%), Smoke Screen: 423 (25.8%), Sludge Bomb: 386 (23.5%), Thunder: 331 (20.2%), Assurance: 7 (0.4%), Sludge: 3 (0.2%), Haze: 2 (0.1%)",375,167,2.25,44,2.51,0,5.51,2.44,60,168,284,53,8.82,417,"Seaking: 17, Butterfree: 13, Magmar: 11","Kadabra: 8, Alakazam: 7, Quagsire: 7",39,72.58,8,"Damage: 44, Status: 20, Hazard: 0, Weather: 0, Cleric: 0, Screen: 0, Pass: 0",None
biker_teddy_0578_Seviper,biker_teddy_0578,SEVIPER,"Night Slash: 1964 (35.1%), Poison Fang: 1799 (32.1%), Swagger: 1248 (22.3%), Haze: 592 (10.6%)",1636,540,3.03,236,3.47,0,4.8,2.03,364,166,150,300,6.02,1287,"Magikarp: 57, Butterfree: 46, Pikachu: 39","Graveler: 29, Seadra: 18, Seaking: 16",237,79.41,0,"Damage: 222, Status: 206, Hazard: 0, Weather: 0, Cleric: 0, Screen: 0, Pass: 0",None
biker_theron_0576_Croagunk,biker_theron_0576,CROAGUNK,"Poison Jab: 1577 (27.3%), Sludge Bomb: 1533 (26.5%), Nasty Plot: 1477 (25.5%), Flatter: 1200 (20.7%)",1486,688,2.16,177,2.42,0,4.92,2.08,174,99,162,469,4.37,1344,"Magikarp: 56, Seaking: 44, Pikachu: 37","Graveler: 27, Quagsire: 17, Rapidash: 16",204,67.11,0,"Damage: 169, Status: 161, Hazard: 0, Weather: 0, Cleric: 0, Screen: 0, Pass: 0",None
biker_zeke_0311_Koffing,biker_zeke_0311,KOFFING,"Sludge Bomb: 2290 (40.4%), Gyro Ball: 2170 (38.3%), Explosion: 839 (14.8%), Haze: 365 (6.4%)",1669,1722,0.97,150,1.06,9,4.42,3.15,327,68,235,366,7.88,1276,"Magikarp: 58, Koffing: 40, Voltorb: 35","Graveler: 26, Magmar: 25, Seadra: 23",232,70.23,2,"Damage: 150, Status: 81, Hazard: 0, Weather: 0, Cleric: 0, Screen: 0, Pass: 0",None
biker_zeke_0311_Quagsire,biker_zeke_0311,QUAGSIRE,None,0,0,0.0,0,0.0,0,0.0,0.0,0,0,0,0,0.0,5,None,None,0,,0,"Damage: 0, Status: 0, Hazard: 0, Weather: 0, Cleric: 0, Screen: 0, Pass: 0",None
bird_keeper_gs_abe_0050_Spearow,bird_keeper_gs_abe_0050,SPEAROW,"Fury Attack: 661 (26.6%), Peck: 626 (25.2%), Leer: 619 (24.9%), Growl: 582 (23.4%)",164,1063,0.15,8,0.16,0,3.28,1.57,109,130,121,0,3.83,1120,"Bellsprout: 26, Magikarp: 26, Pidgey: 17","Geodude: 19, Koffing: 19, Seaking: 18",20,11.07,0,"Damage: 8, Status: 0, Hazard: 0, Weather: 0, Cleric: 0, Screen: 0, Pass: 0",None
bird_keeper_gs_bert_0583_Fearow,bird_keeper_gs_bert_0583,FEAROW,"Assurance: 1694 (31.0%), Mirror Move: 1591 (29.1%), Agility: 1239 (22.7%), Roost: 945 (17.3%)",588,696,0.84,50,0.92,3,7.31,3.92,166,95,208,59,5.06,963,"Butterfree: 22, Pikachu: 17, Teddiursa: 17","Seadra: 24, Seaking: 23, Graveler: 15",74,46.43,0,"Damage: 49, Status: 8, Hazard: 0, Weather: 0, Cleric: 0, Screen: 0, Pass: 0",None
bird_keeper_gs_bert_0583_Quagsire,bird_keeper_gs_bert_0583,QUAGSIRE,None,0,0,0.0,0,0.0,0,0.0,0.0,0,0,0,0,0.0,7,None,None,0,,0,"Damage: 0, Status: 0, Hazard: 0, Weather: 0, Cleric: 0, Screen: 0, Pass: 0",None
bird_keeper_gs_bert_0583_Wingull,bird_keeper_gs_bert_0583,WINGULL,"Aerial Ace: 1979 (30.6%), Pursuit: 1938 (30.0%), Agility: 1587 (24.6%), Roost: 953 (14.8%)",853,924,0.92,446,1.41,13,5.62,3.02,261,18,236,0,7.16,1284,"Magikarp: 56, Bellsprout: 29, Goldeen: 24","Seaking: 27, Teddiursa: 20, Butterfree: 19",120,42.76,0,"Damage: 446, Status: 0, Hazard: 0, Weather: 0, Cleric: 0, Screen: 0, Pass: 0",None
bird_keeper_gs_bob_0302_Noctowl,bird_keeper_gs_bob_0302,NOCTOWL,"Air Slash: 1704 (34.4%), Extrasensory: 1612 (32.5%), Zen Headbutt: 1609 (32.5%), Psycho Shift: 32 (0.6%)",2071,352,5.88,45,6.01,0,4.32,1.8,263,267,112,497,2.22,1251,"Magikarp: 58, Koffing: 56, Butterfree: 45","Seaking: 14, Electrode: 12, Golduck: 12",313,86.25,0,"Damage: 45, Status: 0, Hazard: 0, Weather: 0, Cleric: 0, Screen: 0, Pass: 0",None
bird_keeper_gs_boris_0301_Dodrio,bird_keeper_gs_boris_0301,DODRIO,"Tri Attack: 1126 (28.1%), Uproar: 1011 (25.2%), Agility: 942 (23.5%), Acupressure: 933 (23.3%)",629,673,0.93,63,1.03,15,5.74,2.63,129,37,329,0,9.7,945,"Pikachu: 22, Poliwhirl: 19, Butterfree: 18","Seaking: 25, Graveler: 19, Rapidash: 14",76,,1,"Damage: 63, Status: 0, Hazard: 0, Weather: 0, Cleric: 0, Screen: 0, Pass: 0",None
bird_keeper_gs_boris_0301_Doduo,bird_keeper_gs_boris_0301,DODUO,"Double Hit: 2072 (26.5%), Uproar: 1971 (25.2%), Acupressure: 1964 (25.1%), Agility: 1821 (23.3%)",893,1744,0.51,423,0.75,41,7.46,3.52,228,230,641,0,7.55,1278,"Magikarp: 55, Bellsprout: 29, Pikachu: 26","Seaking: 53, Graveler: 45, Farfetchd: 40",124,36.24,2,"Damage: 423, Status: 0, Hazard: 0, Weather: 0, Cleric: 0, Screen: 0, Pass: 0",None
bird_keeper_gs_boris_0301_Quagsire,bird_keeper_gs_boris_0301,QUAGSIRE,None,0,0,0.0,0,0.0,0,0.0,0.0,0,0,0,0,0.0,5,None,None,0,,0,"Damage: 0, Status: 0, Hazard: 0, Weather: 0, Cleric: 0, Screen: 0, Pass: 0",None
bird_keeper_gs_bret_0421_Fearow,bird_keeper_gs_bret_0421,FEAROW,"Assurance: 1371 (30.6%), Mirror Move: 1359 (30.3%), Agility: 1061 (23.6%), Roost: 696 (15.5%)",485,685,0.71,53,0.79,1,6.3,3.29,144,64,185,39,5.66,919,"Pikachu: 23, Magnemite: 19, Fearow: 16","Seaking: 20, Graveler: 18, Rapidash: 16",61,40.35,0,"Damage: 51, Status: 8, Hazard: 0, Weather: 0, Cleric: 0, Screen: 0, Pass: 0",None
bird_keeper_gs_bret_0421_Quagsire,bird_keeper_gs_bret_0421,QUAGSIRE,None,0,0,0.0,0,0.0,0,0.0,0.0,0,0,0,0,0.0,7,None,None,0,,0,"Damage: 0, Status: 0, Hazard: 0, Weather: 0, Cleric: 0, Screen: 0, Pass: 0",None
bird_keeper_gs_bret_0421_Taillow,bird_keeper_gs_bret_0421,TAILLOW,"Wing Attack: 1331 (26.6%), Aerial Ace: 1312 (26.2%), Endeavor: 1218 (24.3%), Double Team: 1151 (23.0%)",1040,897,1.16,306,1.5,1,4.34,1.69,148,28,721,0,14.67,1308,"Magikarp: 55, Bellsprout: 30, Butterfree: 27","Seaking: 23, Pikachu: 20, Rapidash: 20",149,49.16,0,"Damage: 306, Status: 0, Hazard: 0, Weather: 0, Cleric: 0, Screen: 0, Pass: 0",None
bird_keeper_gs_bryan_0072_Pidgeotto,bird_keeper_gs_bryan_0072,PIDGEOTTO,"Quick Attack: 973 (29.8%), Gust: 843 (25.8%), Tackle: 764 (23.4%), Sand Attack: 684 (21.0%)",215,984,0.22,26,0.24,0,4.92,1.68,143,131,889,0,21.7,1089,"Magikarp: 28, Haunter: 9, Gastly: 8","Pikachu: 18, Seaking: 18, Growlithe: 17",25,10.42,0,"Damage: 26, Status: 0, Hazard: 0, Weather: 0, Cleric: 0, Screen: 0, Pass: 0",None
bird_keeper_gs_bryan_0072_Pidgey,bird_keeper_gs_bryan_0072,PIDGEY,"Gust: 1215 (36.2%), Tackle: 1147 (34.2%), Sand Attack: 993 (29.6%)",204,1082,0.19,158,0.33,1,4.04,1.55,155,106,636,0,17.16,1155,"Magikarp: 35, Bellsprout: 28, Caterpie: 12","Pikachu: 24, Geodude: 18, Marill: 18",30,13.68,0,"Damage: 158, Status: 0, Hazard: 0, Weather: 0, Cleric: 0, Screen: 0, Pass: 0",None
bird_keeper_gs_bryan_0072_Quagsire,bird_keeper_gs_bryan_0072,QUAGSIRE,None,0,0,0.0,0,0.0,0,0.0,0.0,0,0,0,0,0.0,4,None,None,0,,0,"Damage: 0, Status: 0, Hazard: 0, Weather: 0, Cleric: 0, Screen: 0, Pass: 0",None
bird_keeper_gs_denis_0217_Fearow,bird_keeper_gs_denis_0217,FEAROW,"Aerial Ace: 706 (27.5%), Fury Attack: 624 (24.3%), Leer: 624 (24.3%), Pursuit: 617 (24.0%)",349,892,0.39,77,0.48,3,4.14,1.78,180,107,128,0,7.45,1053,"Goldeen: 16, Mankey: 15, Shellder: 14","Seaking: 23, Graveler: 17, Qwilfish: 16",51,24.0,0,"Damage: 77, Status: 0, Hazard: 0, Weather: 0, Cleric: 0, Screen: 0, Pass: 0",None
bird_keeper_gs_denis_0217_Quagsire,bird_keeper_gs_denis_0217,QUAGSIRE,None,0,0,0.0,0,0.0,0,0.0,0.0,0,0,0,0,0.0,4,None,None,0,,0,"Damage: 0, Status: 0, Hazard: 0, Weather: 0, Cleric: 0, Screen: 0, Pass: 0",None
bird_keeper_gs_denis_0217_Spearow,bird_keeper_gs_denis_0217,SPEAROW,"Aerial Ace: 907 (25.4%), Pursuit: 906 (25.3%), Fury Attack: 885 (24.7%), Leer: 878 (24.6%)",409,1908,0.21,243,0.34,5,6.48,2.42,203,168,252,0,7.5,1184,"Magikarp: 50, Bellsprout: 28, Pidgey: 19","Seaking: 40, Koffing: 37, Qwilfish: 36",58,20.95,11,"Damage: 243, Status: 0, Hazard: 0, Weather: 0, Cleric: 0, Screen: 0, Pass: 0",None
bird_keeper_gs_easton_0597_Dodrio,bird_keeper_gs_easton_0597,DODRIO,"Acupressure: 1386 (26.2%), Tri Attack: 1352 (25.6%), Uproar: 1292 (24.4%), Pursuit: 1257 (23.8%)",788,1340,0.59,76,0.64,0,7.14,3.94,245,73,483,0,11.35,924,"Pikachu: 35, Butterfree: 31, Beedrill: 22","Seaking: 41, Seadra: 40, Graveler: 38",107,,4,"Damage: 76, Status: 0, Hazard: 0, Weather: 0, Cleric: 0, Screen: 0, Pass: 0",None
bird_keeper_gs_easton_0597_Doduo,bird_keeper_gs_easton_0597,DODUO,"Acupressure: 1608 (27.3%), Double Hit: 1445 (24.5%), Uproar: 1428 (24.2%), Pursuit: 1409 (23.9%)",882,1730,0.51,548,0.83,0,6.7,3.1,279,168,510,0,9.7,1253,"Magikarp: 56, Bellsprout: 30, Geodude: 24","Seaking: 50, Butterfree: 45, Beedrill: 43",125,34.64,1,"Damage: 548, Status: 0, Hazard: 0, Weather: 0, Cleric: 0, Screen: 0, Pass: 0",None
bird_keeper_gs_easton_0597_Quagsire,bird_keeper_gs_easton_0597,QUAGSIRE,None,0,0,0.0,0,0.0,0,0.0,0.0,0,0,0,0,0.0,4,None,None,0,,0,"Damage: 0, Status: 0, Hazard: 0, Weather: 0, Cleric: 0, Screen: 0, Pass: 0",None
bird_keeper_gs_ernie_0584_Starly,bird_keeper_gs_ernie_0584,STARLY,"Brave Bird: 948 (25.9%), Agility: 906 (24.8%), Take Down: 905 (24.8%), Aerial Ace: 896 (24.5%)",1353,770,1.76,30,1.8,0,3.23,1.39,164,165,120,0,3.15,1278,"Butterfree: 58, Magikarp: 56, Bellsprout: 32","Graveler: 23, Seaking: 21, Seadra: 16",185,65.1,0,"Damage: 30, Status: 0, Hazard: 0, Weather: 0, Cleric: 0, Screen: 0, Pass: 0",None
bird_keeper_gs_gail_0556_Fearow,bird_keeper_gs_gail_0556,FEAROW,"Mirror Move: 2922 (31.0%), Assurance: 2846 (30.2%), Agility: 2098 (22.3%), Roost: 1547 (16.4%), Struggle: 6 (0.1%)",1149,763,1.51,235,1.81,82,8.45,4.35,262,156,338,81,4.57,1266,"Magikarp: 58, Pikachu: 33, Goldeen: 33","Seaking: 26, Graveler: 19, Rapidash: 16",162,61.14,0,"Damage: 233, Status: 15, Hazard: 0, Weather: 0, Cleric: 0, Screen: 0, Pass: 0",None
bird_keeper_gs_gail_0556_Quagsire,bird_keeper_gs_gail_0556,QUAGSIRE,None,0,0,0.0,0,0.0,0,0.0,0.0,0,0,0,0,0.0,5,None,None,0,,0,"Damage: 0, Status: 0, Hazard: 0, Weather: 0, Cleric: 0, Screen: 0, Pass: 0",None
bird_keeper_gs_gail_0556_Spearow,bird_keeper_gs_gail_0556,SPEAROW,"Drill Peck: 528 (31.3%), Agility: 492 (29.2%), Assurance: 487 (28.9%), Roost: 178 (10.6%)",274,708,0.39,44,0.45,6,3.62,1.79,57,12,86,0,7.4,832,"Bellsprout: 17, Butterfree: 11, Skiploom: 10","Seaking: 25, Seadra: 19, Electabuzz: 17",23,34.43,1,"Damage: 44, Status: 0, Hazard: 0, Weather: 0, Cleric: 0, Screen: 0, Pass: 0",None
bird_keeper_gs_hank_0299_Pidgeot,bird_keeper_gs_hank_0299,PIDGEOT,"Wing Attack: 4160 (36.5%), Feather Dance: 2764 (24.3%), Agility: 2250 (19.8%), Roost: 2209 (19.4%)",1448,600,2.41,59,2.51,0,10.92,5.86,255,132,987,0,8.97,1242,"Butterfree: 50, Voltorb: 31, Seaking: 31","Graveler: 21, Seadra: 19, Electrode: 17",210,52.38,0,"Damage: 59, Status: 0, Hazard: 0, Weather: 0, Cleric: 0, Screen: 0, Pass: 0",None
bird_keeper_gs_hank_0299_Pidgey,bird_keeper_gs_hank_0299,PIDGEY,"Quick Attack: 1065 (33.0%), Gust: 741 (22.9%), Tackle: 728 (22.5%), Sand Attack: 695 (21.5%)",201,1215,0.17,594,0.65,8,3.32,1.39,128,68,442,0,13.67,1312,"Magikarp: 33, Bellsprout: 26, Pidgey: 12","Butterfree: 27, Seaking: 22, Teddiursa: 19",29,12.35,0,"Damage: 594, Status: 0, Hazard: 0, Weather: 0, Cleric: 0, Screen: 0, Pass: 0",None
bird_keeper_gs_hank_0299_Quagsire,bird_keeper_gs_hank_0299,QUAGSIRE,None,0,0,0.0,0,0.0,0,0.0,0.0,0,0,1,0,100.0,7,None,None,0,,0,"Damage: 0, Status: 0, Hazard: 0, Weather: 0, Cleric: 0, Screen: 0, Pass: 0",None
bird_keeper_gs_jose_0303_Farfetchd,bird_keeper_gs_jose_0303,FARFETCHD,"Night Slash: 1449 (26.8%), Feint: 1387 (25.6%), Air Slash: 1335 (24.7%), Agility: 1244 (23.0%)",1478,668,2.21,48,2.28,0,4.76,2.33,351,83,158,186,7.42,1261,"Magikarp: 56, Bellsprout: 32, Butterfree: 31","Graveler: 34, Seaking: 22, Seadra: 19",200,69.47,0,"Damage: 48, Status: 0, Hazard: 0, Weather: 0, Cleric: 0, Screen: 0, Pass: 0",None
bird_keeper_gs_jose_0414_Farfetchd,bird_keeper_gs_jose_0414,FARFETCHD,"Air Slash: 1400 (25.8%), Night Slash: 1387 (25.6%), Swords Dance: 1356 (25.0%), Agility: 1273 (23.5%), Feint: 3 (0.1%)",1236,763,1.62,39,1.67,0,4.87,2.41,279,96,166,168,5.66,1247,"Magikarp: 57, Voltorb: 34, Geodude: 31","Graveler: 32, Seaking: 18, Seadra: 15",177,60.87,0,"Damage: 39, Status: 0, Hazard: 0, Weather: 0, Cleric: 0, Screen: 0, Pass: 0",None
bird_keeper_gs_jose_0446_Farfetchd,bird_keeper_gs_jose_0446,FARFETCHD,"Air Slash: 2080 (26.7%), Night Slash: 1985 (25.5%), Swords Dance: 1188 (15.2%), Agility: 1172 (15.0%), Feint: 772 (9.9%), False Swipe: 597 (7.7%)",1826,1403,1.3,54,1.34,2,5.91,3.58,440,146,258,354,7.12,1294,"Magikarp: 58, Koffing: 41, Goldeen: 41","Graveler: 46, Seaking: 42, Seadra: 37",262,52.7,0,"Damage: 54, Status: 0, Hazard: 0, Weather: 0, Cleric: 0, Screen: 0, Pass: 0",None
bird_keeper_gs_jose_0446_Quagsire,bird_keeper_gs_jose_0446,QUAGSIRE,None,0,0,0.0,0,0.0,0,0.0,0.0,0,0,0,0,0.0,6,None,None,0,,0,"Damage: 0, Status: 0, Hazard: 0, Weather: 0, Cleric: 0, Screen: 0, Pass: 0",None
bird_keeper_gs_jose_0602_Farfetchd,bird_keeper_gs_jose_0602,FARFETCHD,"Feint: 1703 (27.0%), Air Slash: 1641 (26.0%), Night Slash: 1508 (23.9%), False Swipe: 1463 (23.2%), Agility: 2 (0.0%), Swords Dance: 2 (0.0%)",2181,1051,2.08,97,2.17,4,5.1,2.99,464,164,244,214,8.17,1189,"Magikarp: 58, Seaking: 45, Magnemite: 43","Graveler: 63, Golem: 37, Arcanine: 33",346,73.33,4,"Damage: 97, Status: 0, Hazard: 0, Weather: 0, Cleric: 0, Screen: 0, Pass: 0",None
bird_keeper_gs_josh_0565_Fearow,bird_keeper_gs_josh_0565,FEAROW,"Mirror Move: 1632 (26.1%), Aerial Ace: 1583 (25.3%), Assurance: 1582 (25.3%), Agility: 1464 (23.4%)",1175,788,1.49,41,1.54,0,5.51,2.64,264,68,230,56,6.72,1251,"Magikarp: 56, Bellsprout: 30, Geodude: 25","Graveler: 27, Seaking: 21, Seadra: 16",159,57.15,0,"Damage: 41, Status: 1, Hazard: 0, Weather: 0, Cleric: 0, Screen: 0, Pass: 0",None
bird_keeper_gs_josh_0646_Fearow,bird_keeper_gs_josh_0646,FEAROW,"Drill Peck: 1971 (30.8%), Assurance: 1874 (29.3%), Agility: 1563 (24.4%), Roost: 995 (15.5%), Mirror Move: 2 (0.0%), Aerial Ace: 1 (0.0%)",1579,526,3.0,359,3.68,19,5.77,2.98,222,28,200,0,5.96,1213,"Magikarp: 58, Pikachu: 35, Bellsprout: 30","Graveler: 23, Cloyster: 18, Azumarill: 16",237,75.19,0,"Damage: 359, Status: 0, Hazard: 0, Weather: 0, Cleric: 0, Screen: 0, Pass: 0",None
bird_keeper_gs_josh_0646_Quagsire,bird_keeper_gs_josh_0646,QUAGSIRE,None,0,0,0.0,0,0.0,0,0.0,0.0,0,0,0,0,0.0,1,None,None,0,,0,"Damage: 0, Status: 0, Hazard: 0, Weather: 0, Cleric: 0, Screen: 0, Pass: 0",None
bird_keeper_gs_josh_0646_Skarmory,bird_keeper_gs_josh_0646,SKARMORY,"Air Slash: 626 (25.8%), Steel Wing: 617 (25.4%), Metal Sound: 606 (24.9%), Slash: 580 (23.9%)",479,292,1.64,51,1.82,0,5.75,3.12,110,216,123,167,0.62,587,"Sandslash: 18, Onix: 14, Cloyster: 14","Magmar: 16, Electrode: 13, Rapidash: 10",57,71.15,0,"Damage: 51, Status: 0, Hazard: 0, Weather: 0, Cleric: 0, Screen: 0, Pass: 0",None
bird_keeper_gs_josh_0647_Fearow,bird_keeper_gs_josh_0647,FEAROW,"Drill Peck: 502 (33.6%), Assurance: 413 (27.6%), Agility: 367 (24.6%), Roost: 211 (14.1%), Aerial Ace: 1 (0.1%)",301,239,1.26,30,1.38,0,4.65,2.12,56,12,71,0,7.35,426,"Magmar: 20, Quagsire: 11, Rapidash: 10","Ampharos: 10, Tentacruel: 9, Lanturn: 8",40,79.31,0,"Damage: 30, Status: 0, Hazard: 0, Weather: 0, Cleric: 0, Screen: 0, Pass: 0",None
bird_keeper_gs_josh_0647_Skarmory,bird_keeper_gs_josh_0647,SKARMORY,"Night Slash: 1543 (26.3%), Steel Wing: 1485 (25.3%), Air Slash: 1447 (24.7%), Slash: 1384 (23.6%), Metal Sound: 3 (0.1%)",1990,375,5.31,277,6.05,6,5.19,2.51,497,282,194,369,6.5,1254,"Magikarp: 58, Seaking: 45, Magnemite: 41","Magmar: 17, Magneton: 14, Rapidash: 12",315,87.36,0,"Damage: 277, Status: 0, Hazard: 0, Weather: 0, Cleric: 0, Screen: 0, Pass: 0",None
bird_keeper_gs_josh_0648_Fearow,bird_keeper_gs_josh_0648,FEAROW,"Drill Peck: 306 (34.7%), Assurance: 233 (26.4%), Agility: 232 (26.3%), Roost: 109 (12.4%), Aerial Ace: 1 (0.1%)",219,151,1.45,24,1.61,0,4.08,1.81,32,14,48,0,7.1,295,"Magmar: 18, Electrode: 11, Quagsire: 11","Ampharos: 7, Arcanine: 7, Magneton: 6",29,84.48,0,"Damage: 24, Status: 0, Hazard: 0, Weather: 0, Cleric: 0, Screen: 0, Pass: 0",None
bird_keeper_gs_josh_0648_Skarmory,bird_keeper_gs_josh_0648,SKARMORY,"Slash: 1282 (25.4%), Air Slash: 1276 (25.3%), Steel Wing: 1257 (24.9%), Night Slash: 1232 (24.4%), Metal Sound: 3 (0.1%)",2096,244,8.59,201,9.41,5,4.64,2.0,469,225,165,300,7.68,1194,"Magikarp: 58, Seaking: 49, Butterfree: 38","Magmar: 17, Electrode: 12, Magneton: 10",329,92.02,0,"Damage: 201, Status: 0, Hazard: 0, Weather: 0, Cleric: 0, Screen: 0, Pass: 0",None
bird_keeper_gs_justin_0555_Abra,bird_keeper_gs_justin_0555,ABRA,None,0,0,0.0,0,0.0,0,0.0,0.0,0,0,0,0,0.0,2,None,None,0,,0,"Damage: 0, Status: 0, Hazard: 0, Weather: 0, Cleric: 0, Screen: 0, Pass: 0",None
bird_keeper_gs_justin_0555_Aipom,bird_keeper_gs_justin_0555,AIPOM,None,0,0,0.0,0,0.0,0,0.0,0.0,0,0,0,0,0.0,1,None,None,0,,0,"Damage: 0, Status: 0, Hazard: 0, Weather: 0, Cleric: 0, Screen: 0, Pass: 0",None
bird_keeper_gs_justin_0555_Ambipom,bird_keeper_gs_justin_0555,AMBIPOM,None,0,0,0.0,0,0.0,0,0.0,0.0,0,0,0,0,0.0,8,None,None,0,,0,"Damage: 0, Status: 0, Hazard: 0, Weather: 0, Cleric: 0, Screen: 0, Pass: 0",None
bird_keeper_gs_justin_0555_Arbok,bird_keeper_gs_justin_0555,ARBOK,None,0,0,0.0,0,0.0,0,0.0,0.0,0,0,0,0,0.0,6,None,None,0,,0,"Damage: 0, Status: 0, Hazard: 0, Weather: 0, Cleric: 0, Screen: 0, Pass: 0",None
bird_keeper_gs_justin_0555_Ariados,bird_keeper_gs_justin_0555,ARIADOS,None,0,0,0.0,0,0.0,0,0.0,0.0,0,0,0,0,0.0,7,None,None,0,,0,"Damage: 0, Status: 0, Hazard: 0, Weather: 0, Cleric: 0, Screen: 0, Pass: 0",None
bird_keeper_gs_justin_0555_Azumarill,bird_keeper_gs_justin_0555,AZUMARILL,None,0,0,0.0,0,0.0,0,0.0,0.0,0,0,0,0,0.0,5,None,None,0,,0,"Damage: 0, Status: 0, Hazard: 0, Weather: 0, Cleric: 0, Screen: 0, Pass: 0",None
bird_keeper_gs_justin_0555_Beedrill,bird_keeper_gs_justin_0555,BEEDRILL,None,0,0,0.0,0,0.0,0,0.0,0.0,0,0,0,0,0.0,15,None,None,0,,0,"Damage: 0, Status: 0, Hazard: 0, Weather: 0, Cleric: 0, Screen: 0, Pass: 0",None
bird_keeper_gs_justin_0555_Bellossom,bird_keeper_gs_justin_0555,BELLOSSOM,None,0,0,0.0,0,0.0,0,0.0,0.0,0,0,0,0,0.0,8,None,None,0,,0,"Damage: 0, Status: 0, Hazard: 0, Weather: 0, Cleric: 0, Screen: 0, Pass: 0",None
bird_keeper_gs_justin_0555_Bellsprout,bird_keeper_gs_justin_0555,BELLSPROUT,None,0,0,0.0,0,0.0,0,0.0,0.0,0,0,0,0,0.0,13,None,None,0,,0,"Damage: 0, Status: 0, Hazard: 0, Weather: 0, Cleric: 0, Screen: 0, Pass: 0",None
bird_keeper_gs_justin_0555_Bidoof,bird_keeper_gs_justin_0555,BIDOOF,None,0,0,0.0,0,0.0,0,0.0,0.0,0,0,0,0,0.0,2,None,None,0,,0,"Damage: 0, Status: 0, Hazard: 0, Weather: 0, Cleric: 0, Screen: 0, Pass: 0",None
bird_keeper_gs_justin_0555_Bronzor,bird_keeper_gs_justin_0555,BRONZOR,None,0,0,0.0,0,0.0,0,0.0,0.0,0,0,0,0,0.0,6,None,None,0,,0,"Damage: 0, Status: 0, Hazard: 0, Weather: 0, Cleric: 0, Screen: 0, Pass: 0",None
bird_keeper_gs_justin_0555_Budew,bird_keeper_gs_justin_0555,BUDEW,None,0,0,0.0,0,0.0,0,0.0,0.0,0,0,0,0,0.0,2,None,None,0,,0,"Damage: 0, Status: 0, Hazard: 0, Weather: 0, Cleric: 0, Screen: 0, Pass: 0",None
bird_keeper_gs_justin_0555_Bulbasaur,bird_keeper_gs_justin_0555,BULBASAUR,None,0,0,0.0,0,0.0,0,0.0,0.0,0,0,0,0,0.0,12,None,None,0,,0,"Damage: 0, Status: 0, Hazard: 0, Weather: 0, Cleric: 0, Screen: 0, Pass: 0",None
bird_keeper_gs_justin_0555_Burmy,bird_keeper_gs_justin_0555,BURMY,None,0,0,0.0,0,0.0,0,0.0,0.0,0,0,0,0,0.0,2,None,None,0,,0,"Damage: 0, Status: 0, Hazard: 0, Weather: 0, Cleric: 0, Screen: 0, Pass: 0",None
bird_keeper_gs_justin_0555_Butterfree,bird_keeper_gs_justin_0555,BUTTERFREE,None,0,0,0.0,0,0.0,0,0.0,0.0,0,0,0,0,0.0,8,None,None,0,,0,"Damage: 0, Status: 0, Hazard: 0, Weather: 0, Cleric: 0, Screen: 0, Pass: 0",None
bird_keeper_gs_justin_0555_Caterpie,bird_keeper_gs_justin_0555,CATERPIE,None,0,0,0.0,0,0.0,0,0.0,0.0,0,0,0,0,0.0,6,None,None,0,,0,"Damage: 0, Status: 0, Hazard: 0, Weather: 0, Cleric: 0, Screen: 0, Pass: 0",None
bird_keeper_gs_justin_0555_Charmander,bird_keeper_gs_justin_0555,CHARMANDER,None,0,0,0.0,0,0.0,0,0.0,0.0,0,0,0,0,0.0,2,None,None,0,,0,"Damage: 0, Status: 0, Hazard: 0, Weather: 0, Cleric: 0, Screen: 0, Pass: 0",None
bird_keeper_gs_justin_0555_Charmeleon,bird_keeper_gs_justin_0555,CHARMELEON,None,0,0,0.0,0,0.0,0,0.0,0.0,0,0,0,0,0.0,4,None,None,0,,0,"Damage: 0, Status: 0, Hazard: 0, Weather: 0, Cleric: 0, Screen: 0, Pass: 0",None
bird_keeper_gs_justin_0555_Chatot,bird_keeper_gs_justin_0555,CHATOT,None,0,0,0.0,0,0.0,0,0.0,0.0,0,0,0,0,0.0,4,None,None,0,,0,"Damage: 0, Status: 0, Hazard: 0, Weather: 0, Cleric: 0, Screen: 0, Pass: 0",None
bird_keeper_gs_justin_0555_Cherrim,bird_keeper_gs_justin_0555,CHERRIM,None,0,0,0.0,0,0.0,0,0.0,0.0,0,0,0,0,0.0,2,None,None,0,,0,"Damage: 0, Status: 0, Hazard: 0, Weather: 0, Cleric: 0, Screen: 0, Pass: 0",None
bird_keeper_gs_justin_0555_Cherubi,bird_keeper_gs_justin_0555,CHERUBI,None,0,0,0.0,0,0.0,0,0.0,0.0,0,0,0,0,0.0,2,None,None,0,,0,"Damage: 0, Status: 0, Hazard: 0, Weather: 0, Cleric: 0, Screen: 0, Pass: 0",None
bird_keeper_gs_justin_0555_Chikorita,bird_keeper_gs_justin_0555,CHIKORITA,None,0,0,0.0,0,0.0,0,0.0,0.0,0,0,0,0,0.0,2,None,None,0,,0,"Damage: 0, Status: 0, Hazard: 0, Weather: 0, Cleric: 0, Screen: 0, Pass: 0",None
bird_keeper_gs_justin_0555_Chingling,bird_keeper_gs_justin_0555,CHINGLING,None,0,0,0.0,0,0.0,0,0.0,0.0,0,0,0,0,0.0,2,None,None,0,,0,"Damage: 0, Status: 0, Hazard: 0, Weather: 0, Cleric: 0, Screen: 0, Pass: 0",None
bird_keeper_gs_justin_0555_Clamperl,bird_keeper_gs_justin_0555,CLAMPERL,None,0,0,0.0,0,0.0,0,0.0,0.0,0,0,0,0,0.0,2,None,None,0,,0,"Damage: 0, Status: 0, Hazard: 0, Weather: 0, Cleric: 0, Screen: 0, Pass: 0",None
bird_keeper_gs_justin_0555_Clefable,bird_keeper_gs_justin_0555,CLEFABLE,None,0,0,0.0,0,0.0,0,0.0,0.0,0,0,0,0,0.0,6,None,None,0,,0,"Damage: 0, Status: 0, Hazard: 0, Weather: 0, Cleric: 0, Screen: 0, Pass: 0",None
bird_keeper_gs_justin_0555_Clefairy,bird_keeper_gs_justin_0555,CLEFAIRY,None,0,0,0.0,0,0.0,0,0.0,0.0,0,0,0,0,0.0,10,None,None,0,,0,"Damage: 0, Status: 0, Hazard: 0, Weather: 0, Cleric: 0, Screen: 0, Pass: 0",None
bird_keeper_gs_justin_0555_Cloyster,bird_keeper_gs_justin_0555,CLOYSTER,None,0,0,0.0,0,0.0,0,0.0,0.0,0,0,0,0,0.0,7,None,None,0,,0,"Damage: 0, Status: 0, Hazard: 0, Weather: 0, Cleric: 0, Screen: 0, Pass: 0",None
bird_keeper_gs_justin_0555_Corsola,bird_keeper_gs_justin_0555,CORSOLA,None,0,0,0.0,0,0.0,0,0.0,0.0,0,0,0,0,0.0,4,None,None,0,,0,"Damage: 0, Status: 0, Hazard: 0, Weather: 0, Cleric: 0, Screen: 0, Pass: 0",None
bird_keeper_gs_justin_0555_Croagunk,bird_keeper_gs_justin_0555,CROAGUNK,None,0,0,0.0,0,0.0,0,0.0,0.0,0,0,0,0,0.0,1,None,None,0,,0,"Damage: 0, Status: 0, Hazard: 0, Weather: 0, Cleric: 0, Screen: 0, Pass: 0",None
bird_keeper_gs_justin_0555_Cubone,bird_keeper_gs_justin_0555,CUBONE,None,0,0,0.0,0,0.0,0,0.0,0.0,0,0,0,0,0.0,4,None,None,0,,0,"Damage: 0, Status: 0, Hazard: 0, Weather: 0, Cleric: 0, Screen: 0, Pass: 0",None
bird_keeper_gs_justin_0555_Cyndaquil,bird_keeper_gs_justin_0555,CYNDAQUIL,None,0,0,0.0,0,0.0,0,0.0,0.0,0,0,0,0,0.0,2,None,None,0,,0,"Damage: 0, Status: 0, Hazard: 0, Weather: 0, Cleric: 0, Screen: 0, Pass: 0",None
bird_keeper_gs_justin_0555_Delibird,bird_keeper_gs_justin_0555,DELIBIRD,None,0,0,0.0,0,0.0,0,0.0,0.0,0,0,0,0,0.0,3,None,None,0,,0,"Damage: 0, Status: 0, Hazard: 0, Weather: 0, Cleric: 0, Screen: 0, Pass: 0",None
bird_keeper_gs_justin_0555_Dewgong,bird_keeper_gs_justin_0555,DEWGONG,None,0,0,0.0,0,0.0,0,0.0,0.0,0,0,0,0,0.0,12,None,None,0,,0,"Damage: 0, Status: 0, Hazard: 0, Weather: 0, Cleric: 0, Screen: 0, Pass: 0",None
bird_keeper_gs_justin_0555_Diglett,bird_keeper_gs_justin_0555,DIGLETT,None,0,0,0.0,0,0.0,0,0.0,0.0,0,0,0,0,0.0,7,None,None,0,,0,"Damage: 0, Status: 0, Hazard: 0, Weather: 0, Cleric: 0, Screen: 0, Pass: 0",None
bird_keeper_gs_justin_0555_Dodrio,bird_keeper_gs_justin_0555,DODRIO,None,0,0,0.0,0,0.0,0,0.0,0.0,0,0,0,0,0.0,3,None,None,0,,0,"Damage: 0, Status: 0, Hazard: 0, Weather: 0, Cleric: 0, Screen: 0, Pass: 0",None
bird_keeper_gs_justin_0555_Doduo,bird_keeper_gs_justin_0555,DODUO,None,0,0,0.0,0,0.0,0,0.0,0.0,0,0,0,0,0.0,5,None,None,0,,0,"Damage: 0, Status: 0, Hazard: 0, Weather: 0, Cleric: 0, Screen: 0, Pass: 0",None
bird_keeper_gs_justin_0555_Dragonair,bird_keeper_gs_justin_0555,DRAGONAIR,None,0,0,0.0,0,0.0,0,0.0,0.0,0,0,0,0,0.0,5,None,None,0,,0,"Damage: 0, Status: 0, Hazard: 0, Weather: 0, Cleric: 0, Screen: 0, Pass: 0",None
bird_keeper_gs_justin_0555_Dratini,bird_keeper_gs_justin_0555,DRATINI,None,0,0,0.0,0,0.0,0,0.0,0.0,0,0,0,0,0.0,6,None,None,0,,0,"Damage: 0, Status: 0, Hazard: 0, Weather: 0, Cleric: 0, Screen: 0, Pass: 0",None
bird_keeper_gs_justin_0555_Drowzee,bird_keeper_gs_justin_0555,DROWZEE,None,0,0,0.0,0,0.0,0,0.0,0.0,0,0,0,0,0.0,4,None,None,0,,0,"Damage: 0, Status: 0, Hazard: 0, Weather: 0, Cleric: 0, Screen: 0, Pass: 0",None
bird_keeper_gs_justin_0555_Dugtrio,bird_keeper_gs_justin_0555,DUGTRIO,None,0,0,0.0,0,0.0,0,0.0,0.0,0,0,0,0,0.0,8,None,None,0,,0,"Damage: 0, Status: 0, Hazard: 0, Weather: 0, Cleric: 0, Screen: 0, Pass: 0",None
bird_keeper_gs_justin_0555_Dunsparce,bird_keeper_gs_justin_0555,DUNSPARCE,None,0,0,0.0,0,0.0,0,0.0,0.0,0,0,0,0,0.0,2,None,None,0,,0,"Damage: 0, Status: 0, Hazard: 0, Weather: 0, Cleric: 0, Screen: 0, Pass: 0",None
bird_keeper_gs_justin_0555_Eevee,bird_keeper_gs_justin_0555,EEVEE,None,0,0,0.0,0,0.0,0,0.0,0.0,0,0,0,0,0.0,2,None,None,0,,0,"Damage: 0, Status: 0, Hazard: 0, Weather: 0, Cleric: 0, Screen: 0, Pass: 0",None
bird_keeper_gs_justin_0555_Electabuzz,bird_keeper_gs_justin_0555,ELECTABUZZ,None,0,0,0.0,0,0.0,0,0.0,0.0,0,0,0,0,0.0,2,None,None,0,,0,"Damage: 0, Status: 0, Hazard: 0, Weather: 0, Cleric: 0, Screen: 0, Pass: 0",None
bird_keeper_gs_justin_0555_Electrode,bird_keeper_gs_justin_0555,ELECTRODE,None,0,0,0.0,0,0.0,0,0.0,0.0,0,0,0,0,0.0,3,None,None,0,,0,"Damage: 0, Status: 0, Hazard: 0, Weather: 0, Cleric: 0, Screen: 0, Pass: 0",None
bird_keeper_gs_justin_0555_Espeon,bird_keeper_gs_justin_0555,ESPEON,None,0,0,0.0,0,0.0,0,0.0,0.0,0,0,0,0,0.0,3,None,None,0,,0,"Damage: 0, Status: 0, Hazard: 0, Weather: 0, Cleric: 0, Screen: 0, Pass: 0",None
bird_keeper_gs_justin_0555_Exeggcute,bird_keeper_gs_justin_0555,EXEGGCUTE,None,0,0,0.0,0,0.0,0,0.0,0.0,0,0,0,0,0.0,2,None,None,0,,0,"Damage: 0, Status: 0, Hazard: 0, Weather: 0, Cleric: 0, Screen: 0, Pass: 0",None
bird_keeper_gs_justin_0555_Exeggutor,bird_keeper_gs_justin_0555,EXEGGUTOR,None,0,0,0.0,0,0.0,0,0.0,0.0,0,0,0,0,0.0,6,None,None,0,,0,"Damage: 0, Status: 0, Hazard: 0, Weather: 0, Cleric: 0, Screen: 0, Pass: 0",None
bird_keeper_gs_justin_0555_Farfetchd,bird_keeper_gs_justin_0555,FARFETCHD,None,0,0,0.0,0,0.0,0,0.0,0.0,0,0,0,0,0.0,13,None,None,0,,0,"Damage: 0, Status: 0, Hazard: 0, Weather: 0, Cleric: 0, Screen: 0, Pass: 0",None
bird_keeper_gs_justin_0555_Fearow,bird_keeper_gs_justin_0555,FEAROW,None,0,0,0.0,0,0.0,0,0.0,0.0,0,0,0,0,0.0,15,None,None,0,,0,"Damage: 0, Status: 0, Hazard: 0, Weather: 0, Cleric: 0, Screen: 0, Pass: 0",None
bird_keeper_gs_justin_0555_Flaaffy,bird_keeper_gs_justin_0555,FLAAFFY,None,0,0,0.0,0,0.0,0,0.0,0.0,0,0,0,0,0.0,5,None,None,0,,0,"Damage: 0, Status: 0, Hazard: 0, Weather: 0, Cleric: 0, Screen: 0, Pass: 0",None
bird_keeper_gs_justin_0555_Flareon,bird_keeper_gs_justin_0555,FLAREON,None,0,0,0.0,0,0.0,0,0.0,0.0,0,0,0,0,0.0,8,None,None,0,,0,"Damage: 0, Status: 0, Hazard: 0, Weather: 0, Cleric: 0, Screen: 0, Pass: 0",None
bird_keeper_gs_justin_0555_Furret,bird_keeper_gs_justin_0555,FURRET,None,0,0,0.0,0,0.0,0,0.0,0.0,0,0,0,0,0.0,5,None,None,0,,0,"Damage: 0, Status: 0, Hazard: 0, Weather: 0, Cleric: 0, Screen: 0, Pass: 0",None
bird_keeper_gs_justin_0555_Gastly,bird_keeper_gs_justin_0555,GASTLY,None,0,0,0.0,0,0.0,0,0.0,0.0,0,0,0,0,0.0,4,None,None,0,,0,"Damage: 0, Status: 0, Hazard: 0, Weather: 0, Cleric: 0, Screen: 0, Pass: 0",None
bird_keeper_gs_justin_0555_Geodude,bird_keeper_gs_justin_0555,GEODUDE,None,0,0,0.0,0,0.0,0,0.0,0.0,0,0,0,0,0.0,13,None,None,0,,0,"Damage: 0, Status: 0, Hazard: 0, Weather: 0, Cleric: 0, Screen: 0, Pass: 0",None
bird_keeper_gs_justin_0555_Girafarig,bird_keeper_gs_justin_0555,GIRAFARIG,None,0,0,0.0,0,0.0,0,0.0,0.0,0,0,0,0,0.0,2,None,None,0,,0,"Damage: 0, Status: 0, Hazard: 0, Weather: 0, Cleric: 0, Screen: 0, Pass: 0",None
bird_keeper_gs_justin_0555_Gloom,bird_keeper_gs_justin_0555,GLOOM,None,0,0,0.0,0,0.0,0,0.0,0.0,0,0,0,0,0.0,15,None,None,0,,0,"Damage: 0, Status: 0, Hazard: 0, Weather: 0, Cleric: 0, Screen: 0, Pass: 0",None
bird_keeper_gs_justin_0555_Golbat,bird_keeper_gs_justin_0555,GOLBAT,None,0,0,0.0,0,0.0,0,0.0,0.0,0,0,0,0,0.0,6,None,None,0,,0,"Damage: 0, Status: 0, Hazard: 0, Weather: 0, Cleric: 0, Screen: 0, Pass: 0",None
bird_keeper_gs_justin_0555_Goldeen,bird_keeper_gs_justin_0555,GOLDEEN,None,0,0,0.0,0,0.0,0,0.0,0.0,0,0,0,0,0.0,23,None,None,0,,0,"Damage: 0, Status: 0, Hazard: 0, Weather: 0, Cleric: 0, Screen: 0, Pass: 0",None
bird_keeper_gs_justin_0555_Golduck,bird_keeper_gs_justin_0555,GOLDUCK,None,0,0,0.0,0,0.0,0,0.0,0.0,0,0,0,0,0.0,16,None,None,0,,0,"Damage: 0, Status: 0, Hazard: 0, Weather: 0, Cleric: 0, Screen: 0, Pass: 0",None
bird_keeper_gs_justin_0555_Golem,bird_keeper_gs_justin_0555,GOLEM,None,0,0,0.0,0,0.0,0,0.0,0.0,0,0,0,0,0.0,3,None,None,0,,0,"Damage: 0, Status: 0, Hazard: 0, Weather: 0, Cleric: 0, Screen: 0, Pass: 0",None
bird_keeper_gs_justin_0555_Granbull,bird_keeper_gs_justin_0555,GRANBULL,None,0,0,0.0,0,0.0,0,0.0,0.0,0,0,0,0,0.0,7,None,None,0,,0,"Damage: 0, Status: 0, Hazard: 0, Weather: 0, Cleric: 0, Screen: 0, Pass: 0",None
bird_keeper_gs_justin_0555_Graveler,bird_keeper_gs_justin_0555,GRAVELER,None,0,0,0.0,0,0.0,0,0.0,0.0,0,0,0,0,0.0,6,None,None,0,,0,"Damage: 0, Status: 0, Hazard: 0, Weather: 0, Cleric: 0, Screen: 0, Pass: 0",None
bird_keeper_gs_justin_0555_Grimer,bird_keeper_gs_justin_0555,GRIMER,None,0,0,0.0,0,0.0,0,0.0,0.0,0,0,0,0,0.0,4,None,None,0,,0,"Damage: 0, Status: 0, Hazard: 0, Weather: 0, Cleric: 0, Screen: 0, Pass: 0",None
bird_keeper_gs_justin_0555_Growlithe,bird_keeper_gs_justin_0555,GROWLITHE,None,0,0,0.0,0,0.0,0,0.0,0.0,0,0,0,0,0.0,17,None,None,0,,0,"Damage: 0, Status: 0, Hazard: 0, Weather: 0, Cleric: 0, Screen: 0, Pass: 0",None
bird_keeper_gs_justin_0555_Gulpin,bird_keeper_gs_justin_0555,GULPIN,None,0,0,0.0,0,0.0,0,0.0,0.0,0,0,0,0,0.0,6,None,None,0,,0,"Damage: 0, Status: 0, Hazard: 0, Weather: 0, Cleric: 0, Screen: 0, Pass: 0",None
bird_keeper_gs_justin_0555_Gyarados,bird_keeper_gs_justin_0555,GYARADOS,None,0,0,0.0,0,0.0,0,0.0,0.0,0,0,0,0,0.0,13,None,None,0,,0,"Damage: 0, Status: 0, Hazard: 0, Weather: 0, Cleric: 0, Screen: 0, Pass: 0",None
bird_keeper_gs_justin_0555_Haunter,bird_keeper_gs_justin_0555,HAUNTER,None,0,0,0.0,0,0.0,0,0.0,0.0,0,0,0,0,0.0,5,None,None,0,,0,"Damage: 0, Status: 0, Hazard: 0, Weather: 0, Cleric: 0, Screen: 0, Pass: 0",None
bird_keeper_gs_justin_0555_Hitmonchan,bird_keeper_gs_justin_0555,HITMONCHAN,None,0,0,0.0,0,0.0,0,0.0,0.0,0,0,0,0,0.0,4,None,None,0,,0,"Damage: 0, Status: 0, Hazard: 0, Weather: 0, Cleric: 0, Screen: 0, Pass: 0",None
bird_keeper_gs_justin_0555_Hitmonlee,bird_keeper_gs_justin_0555,HITMONLEE,None,0,0,0.0,0,0.0,0,0.0,0.0,0,0,0,0,0.0,10,None,None,0,,0,"Damage: 0, Status: 0, Hazard: 0, Weather: 0, Cleric: 0, Screen: 0, Pass: 0",None
bird_keeper_gs_justin_0555_Hoothoot,bird_keeper_gs_justin_0555,HOOTHOOT,None,0,0,0.0,0,0.0,0,0.0,0.0,0,0,0,0,0.0,8,None,None,0,,0,"Damage: 0, Status: 0, Hazard: 0, Weather: 0, Cleric: 0, Screen: 0, Pass: 0",None
bird_keeper_gs_justin_0555_Hoppip,bird_keeper_gs_justin_0555,HOPPIP,None,0,0,0.0,0,0.0,0,0.0,0.0,0,0,0,0,0.0,8,None,None,0,,0,"Damage: 0, Status: 0, Hazard: 0, Weather: 0, Cleric: 0, Screen: 0, Pass: 0",None
bird_keeper_gs_justin_0555_Horsea,bird_keeper_gs_justin_0555,HORSEA,None,0,0,0.0,0,0.0,0,0.0,0.0,0,0,0,0,0.0,11,None,None,0,,0,"Damage: 0, Status: 0, Hazard: 0, Weather: 0, Cleric: 0, Screen: 0, Pass: 0",None
bird_keeper_gs_justin_0555_Hypno,bird_keeper_gs_justin_0555,HYPNO,None,0,0,0.0,0,0.0,0,0.0,0.0,0,0,0,0,0.0,8,None,None,0,,0,"Damage: 0, Status: 0, Hazard: 0, Weather: 0, Cleric: 0, Screen: 0, Pass: 0",None
bird_keeper_gs_justin_0555_Illumise,bird_keeper_gs_justin_0555,ILLUMISE,None,0,0,0.0,0,0.0,0,0.0,0.0,0,0,0,0,0.0,2,None,None,0,,0,"Damage: 0, Status: 0, Hazard: 0, Weather: 0, Cleric: 0, Screen: 0, Pass: 0",None
bird_keeper_gs_justin_0555_Ivysaur,bird_keeper_gs_justin_0555,IVYSAUR,None,0,0,0.0,0,0.0,0,0.0,0.0,0,0,0,0,0.0,7,None,None,0,,0,"Damage: 0, Status: 0, Hazard: 0, Weather: 0, Cleric: 0, Screen: 0, Pass: 0",None
bird_keeper_gs_justin_0555_Jigglypuff,bird_keeper_gs_justin_0555,JIGGLYPUFF,None,0,0,0.0,0,0.0,0,0.0,0.0,0,0,0,0,0.0,2,None,None,0,,0,"Damage: 0, Status: 0, Hazard: 0, Weather: 0, Cleric: 0, Screen: 0, Pass: 0",None
bird_keeper_gs_justin_0555_Jolteon,bird_keeper_gs_justin_0555,JOLTEON,None,0,0,0.0,0,0.0,0,0.0,0.0,0,0,0,0,0.0,2,None,None,0,,0,"Damage: 0, Status: 0, Hazard: 0, Weather: 0, Cleric: 0, Screen: 0, Pass: 0",None
bird_keeper_gs_justin_0555_Jumpluff,bird_keeper_gs_justin_0555,JUMPLUFF,None,0,0,0.0,0,0.0,0,0.0,0.0,0,0,0,0,0.0,2,None,None,0,,0,"Damage: 0, Status: 0, Hazard: 0, Weather: 0, Cleric: 0, Screen: 0, Pass: 0",None
bird_keeper_gs_justin_0555_Jynx,bird_keeper_gs_justin_0555,JYNX,None,0,0,0.0,0,0.0,0,0.0,0.0,0,0,0,0,0.0,4,None,None,0,,0,"Damage: 0, Status: 0, Hazard: 0, Weather: 0, Cleric: 0, Screen: 0, Pass: 0",None
bird_keeper_gs_justin_0555_Kadabra,bird_keeper_gs_justin_0555,KADABRA,None,0,0,0.0,0,0.0,0,0.0,0.0,0,0,0,0,0.0,5,None,None,0,,0,"Damage: 0, Status: 0, Hazard: 0, Weather: 0, Cleric: 0, Screen: 0, Pass: 0",None
bird_keeper_gs_justin_0555_Kakuna,bird_keeper_gs_justin_0555,KAKUNA,None,0,0,0.0,0,0.0,0,0.0,0.0,0,0,0,0,0.0,2,None,None,0,,0,"Damage: 0, Status: 0, Hazard: 0, Weather: 0, Cleric: 0, Screen: 0, Pass: 0",None
bird_keeper_gs_justin_0555_Kangaskhan,bird_keeper_gs_justin_0555,KANGASKHAN,None,0,0,0.0,0,0.0,0,0.0,0.0,0,0,0,0,0.0,2,None,None,0,,0,"Damage: 0, Status: 0, Hazard: 0, Weather: 0, Cleric: 0, Screen: 0, Pass: 0",None
bird_keeper_gs_justin_0555_Kingler,bird_keeper_gs_justin_0555,KINGLER,None,0,0,0.0,0,0.0,0,0.0,0.0,0,0,0,0,0.0,2,None,None,0,,0,"Damage: 0, Status: 0, Hazard: 0, Weather: 0, Cleric: 0, Screen: 0, Pass: 0",None
bird_keeper_gs_justin_0555_Koffing,bird_keeper_gs_justin_0555,KOFFING,None,0,0,0.0,0,0.0,0,0.0,0.0,0,0,0,0,0.0,10,None,None,0,,0,"Damage: 0, Status: 0, Hazard: 0, Weather: 0, Cleric: 0, Screen: 0, Pass: 0",None
bird_keeper_gs_justin_0555_Krabby,bird_keeper_gs_justin_0555,KRABBY,None,0,0,0.0,0,0.0,0,0.0,0.0,0,0,0,0,0.0,5,None,None,0,,0,"Damage: 0, Status: 0, Hazard: 0, Weather: 0, Cleric: 0, Screen: 0, Pass: 0",None
bird_keeper_gs_justin_0555_Lanturn,bird_keeper_gs_justin_0555,LANTURN,None,0,0,0.0,0,0.0,0,0.0,0.0,0,0,0,0,0.0,1,None,None,0,,0,"Damage: 0, Status: 0, Hazard: 0, Weather: 0, Cleric: 0, Screen: 0, Pass: 0",None
bird_keeper_gs_justin_0555_Lapras,bird_keeper_gs_justin_0555,LAPRAS,None,0,0,0.0,0,0.0,0,0.0,0.0,0,0,0,0,0.0,1,None,None,0,,0,"Damage: 0, Status: 0, Hazard: 0, Weather: 0, Cleric: 0, Screen: 0, Pass: 0",None
bird_keeper_gs_justin_0555_Ledyba,bird_keeper_gs_justin_0555,LEDYBA,None,0,0,0.0,0,0.0,0,0.0,0.0,0,0,0,0,0.0,2,None,None,0,,0,"Damage: 0, Status: 0, Hazard: 0, Weather: 0, Cleric: 0, Screen: 0, Pass: 0",None
bird_keeper_gs_justin_0555_Lickitung,bird_keeper_gs_justin_0555,LICKITUNG,None,0,0,0.0,0,0.0,0,0.0,0.0,0,0,0,0,0.0,2,None,None,0,,0,"Damage: 0, Status: 0, Hazard: 0, Weather: 0, Cleric: 0, Screen: 0, Pass: 0",None
bird_keeper_gs_justin_0555_Luvdisc,bird_keeper_gs_justin_0555,LUVDISC,None,0,0,0.0,0,0.0,0,0.0,0.0,0,0,0,0,0.0,2,None,None,0,,0,"Damage: 0, Status: 0, Hazard: 0, Weather: 0, Cleric: 0, Screen: 0, Pass: 0",None
bird_keeper_gs_justin_0555_Machoke,bird_keeper_gs_justin_0555,MACHOKE,None,0,0,0.0,0,0.0,0,0.0,0.0,0,0,0,0,0.0,10,None,None,0,,0,"Damage: 0, Status: 0, Hazard: 0, Weather: 0, Cleric: 0, Screen: 0, Pass: 0",None
bird_keeper_gs_justin_0555_Machop,bird_keeper_gs_justin_0555,MACHOP,None,0,0,0.0,0,0.0,0,0.0,0.0,0,0,0,0,0.0,14,None,None,0,,0,"Damage: 0, Status: 0, Hazard: 0, Weather: 0, Cleric: 0, Screen: 0, Pass: 0",None
bird_keeper_gs_justin_0555_Magby,bird_keeper_gs_justin_0555,MAGBY,None,0,0,0.0,0,0.0,0,0.0,0.0,0,0,0,0,0.0,1,None,None,0,,0,"Damage: 0, Status: 0, Hazard: 0, Weather: 0, Cleric: 0, Screen: 0, Pass: 0",None
bird_keeper_gs_justin_0555_Magcargo,bird_keeper_gs_justin_0555,MAGCARGO,None,0,0,0.0,0,0.0,0,0.0,0.0,0,0,0,0,0.0,1,None,None,0,,0,"Damage: 0, Status: 0, Hazard: 0, Weather: 0, Cleric: 0, Screen: 0, Pass: 0",None
bird_keeper_gs_justin_0555_Magikarp,bird_keeper_gs_justin_0555,MAGIKARP,None,0,0,0.0,0,0.0,0,0.0,0.0,0,0,0,0,0.0,15,None,None,0,,0,"Damage: 0, Status: 0, Hazard: 0, Weather: 0, Cleric: 0, Screen: 0, Pass: 0",None
bird_keeper_gs_justin_0555_Magmar,bird_keeper_gs_justin_0555,MAGMAR,None,0,0,0.0,0,0.0,0,0.0,0.0,0,0,0,0,0.0,22,None,None,0,,0,"Damage: 0, Status: 0, Hazard: 0, Weather: 0, Cleric: 0, Screen: 0, Pass: 0",None
bird_keeper_gs_justin_0555_Magnemite,bird_keeper_gs_justin_0555,MAGNEMITE,None,0,0,0.0,0,0.0,0,0.0,0.0,0,0,0,0,0.0,16,None,None,0,,0,"Damage: 0, Status: 0, Hazard: 0, Weather: 0, Cleric: 0, Screen: 0, Pass: 0",None
bird_keeper_gs_justin_0555_Magneton,bird_keeper_gs_justin_0555,MAGNETON,None,0,0,0.0,0,0.0,0,0.0,0.0,0,0,0,0,0.0,5,None,None,0,,0,"Damage: 0, Status: 0, Hazard: 0, Weather: 0, Cleric: 0, Screen: 0, Pass: 0",None
bird_keeper_gs_justin_0555_Makuhita,bird_keeper_gs_justin_0555,MAKUHITA,None,0,0,0.0,0,0.0,0,0.0,0.0,0,0,0,0,0.0,3,None,None,0,,0,"Damage: 0, Status: 0, Hazard: 0, Weather: 0, Cleric: 0, Screen: 0, Pass: 0",None
bird_keeper_gs_justin_0555_Mankey,bird_keeper_gs_justin_0555,MANKEY,None,0,0,0.0,0,0.0,0,0.0,0.0,0,0,0,0,0.0,8,None,None,0,,0,"Damage: 0, Status: 0, Hazard: 0, Weather: 0, Cleric: 0, Screen: 0, Pass: 0",None
bird_keeper_gs_justin_0555_Mareep,bird_keeper_gs_justin_0555,MAREEP,None,0,0,0.0,0,0.0,0,0.0,0.0,0,0,0,0,0.0,7,None,None,0,,0,"Damage: 0, Status: 0, Hazard: 0, Weather: 0, Cleric: 0, Screen: 0, Pass: 0",None
bird_keeper_gs_justin_0555_Marill,bird_keeper_gs_justin_0555,MARILL,None,0,0,0.0,0,0.0,0,0.0,0.0,0,0,0,0,0.0,12,None,None,0,,0,"Damage: 0, Status: 0, Hazard: 0, Weather: 0, Cleric: 0, Screen: 0, Pass: 0",None
bird_keeper_gs_justin_0555_Marowak,bird_keeper_gs_justin_0555,MAROWAK,None,0,0,0.0,0,0.0,0,0.0,0.0,0,0,0,0,0.0,3,None,None,0,,0,"Damage: 0, Status: 0, Hazard: 0, Weather: 0, Cleric: 0, Screen: 0, Pass: 0",None
bird_keeper_gs_justin_0555_Meditite,bird_keeper_gs_justin_0555,MEDITITE,None,0,0,0.0,0,0.0,0,0.0,0.0,0,0,0,0,0.0,2,None,None,0,,0,"Damage: 0, Status: 0, Hazard: 0, Weather: 0, Cleric: 0, Screen: 0, Pass: 0",None
bird_keeper_gs_justin_0555_Meowth,bird_keeper_gs_justin_0555,MEOWTH,None,0,0,0.0,0,0.0,0,0.0,0.0,0,0,0,0,0.0,6,None,None,0,,0,"Damage: 0, Status: 0, Hazard: 0, Weather: 0, Cleric: 0, Screen: 0, Pass: 0",None
bird_keeper_gs_justin_0555_Metapod,bird_keeper_gs_justin_0555,METAPOD,None,0,0,0.0,0,0.0,0,0.0,0.0,0,0,0,0,0.0,3,None,None,0,,0,"Damage: 0, Status: 0, Hazard: 0, Weather: 0, Cleric: 0, Screen: 0, Pass: 0",None
bird_keeper_gs_justin_0555_MrMime,bird_keeper_gs_justin_0555,MR MIME,None,0,0,0.0,0,0.0,0,0.0,0.0,0,0,0,0,0.0,8,None,None,0,,0,"Damage: 0, Status: 0, Hazard: 0, Weather: 0, Cleric: 0, Screen: 0, Pass: 0",None
bird_keeper_gs_justin_0555_Natu,bird_keeper_gs_justin_0555,NATU,None,0,0,0.0,0,0.0,0,0.0,0.0,0,0,0,0,0.0,2,None,None,0,,0,"Damage: 0, Status: 0, Hazard: 0, Weather: 0, Cleric: 0, Screen: 0, Pass: 0",None
bird_keeper_gs_justin_0555_Nidoking,bird_keeper_gs_justin_0555,NIDOKING,None,0,0,0.0,0,0.0,0,0.0,0.0,0,0,0,0,0.0,7,None,None,0,,0,"Damage: 0, Status: 0, Hazard: 0, Weather: 0, Cleric: 0, Screen: 0, Pass: 0",None
bird_keeper_gs_justin_0555_Nidoqueen,bird_keeper_gs_justin_0555,NIDOQUEEN,None,0,0,0.0,0,0.0,0,0.0,0.0,0,0,0,0,0.0,6,None,None,0,,0,"Damage: 0, Status: 0, Hazard: 0, Weather: 0, Cleric: 0, Screen: 0, Pass: 0",None
bird_keeper_gs_justin_0555_NidoranF,bird_keeper_gs_justin_0555,NIDORAN F,None,0,0,0.0,0,0.0,0,0.0,0.0,0,0,0,0,0.0,2,None,None,0,,0,"Damage: 0, Status: 0, Hazard: 0, Weather: 0, Cleric: 0, Screen: 0, Pass: 0",None
bird_keeper_gs_justin_0555_NidoranM,bird_keeper_gs_justin_0555,NIDORAN M,None,0,0,0.0,0,0.0,0,0.0,0.0,0,0,0,0,0.0,2,None,None,0,,0,"Damage: 0, Status: 0, Hazard: 0, Weather: 0, Cleric: 0, Screen: 0, Pass: 0",None
bird_keeper_gs_justin_0555_Nidorina,bird_keeper_gs_justin_0555,NIDORINA,None,0,0,0.0,0,0.0,0,0.0,0.0,0,0,0,0,0.0,9,None,None,0,,0,"Damage: 0, Status: 0, Hazard: 0, Weather: 0, Cleric: 0, Screen: 0, Pass: 0",None
bird_keeper_gs_justin_0555_Nidorino,bird_keeper_gs_justin_0555,NIDORINO,None,0,0,0.0,0,0.0,0,0.0,0.0,0,0,0,0,0.0,6,None,None,0,,0,"Damage: 0, Status: 0, Hazard: 0, Weather: 0, Cleric: 0, Screen: 0, Pass: 0",None
bird_keeper_gs_justin_0555_Nincada,bird_keeper_gs_justin_0555,NINCADA,None,0,0,0.0,0,0.0,0,0.0,0.0,0,0,0,0,0.0,2,None,None,0,,0,"Damage: 0, Status: 0, Hazard: 0, Weather: 0, Cleric: 0, Screen: 0, Pass: 0",None
bird_keeper_gs_justin_0555_Ninetales,bird_keeper_gs_justin_0555,NINETALES,None,0,0,0.0,0,0.0,0,0.0,0.0,0,0,0,0,0.0,1,None,None,0,,0,"Damage: 0, Status: 0, Hazard: 0, Weather: 0, Cleric: 0, Screen: 0, Pass: 0",None
bird_keeper_gs_justin_0555_Noctowl,bird_keeper_gs_justin_0555,NOCTOWL,"Air Slash: 774 (26.1%), Take Down: 742 (25.1%), Zen Headbutt: 741 (25.0%), Confusion: 705 (23.8%)",735,517,1.42,146,1.7,1,4.57,2.15,188,268,108,280,0.64,926,"Butterfree: 31, Koffing: 21, Parasect: 18","Seaking: 20, Graveler: 15, Magmar: 14",97,54.0,0,"Damage: 146, Status: 11, Hazard: 0, Weather: 0, Cleric: 0, Screen: 0, Pass: 0",None
bird_keeper_gs_justin_0555_Numel,bird_keeper_gs_justin_0555,NUMEL,None,0,0,0.0,0,0.0,0,0.0,0.0,0,0,0,0,0.0,2,None,None,0,,0,"Damage: 0, Status: 0, Hazard: 0, Weather: 0, Cleric: 0, Screen: 0, Pass: 0",None
bird_keeper_gs_justin_0555_Octillery,bird_keeper_gs_justin_0555,OCTILLERY,None,0,0,0.0,0,0.0,0,0.0,0.0,0,0,0,0,0.0,2,None,None,0,,0,"Damage: 0, Status: 0, Hazard: 0, Weather: 0, Cleric: 0, Screen: 0, Pass: 0",None
bird_keeper_gs_justin_0555_Oddish,bird_keeper_gs_justin_0555,ODDISH,None,0,0,0.0,0,0.0,0,0.0,0.0,0,0,0,0,0.0,10,None,None,0,,0,"Damage: 0, Status: 0, Hazard: 0, Weather: 0, Cleric: 0, Screen: 0, Pass: 0",None
bird_keeper_gs_justin_0555_Onix,bird_keeper_gs_justin_0555,ONIX,None,0,0,0.0,0,0.0,0,0.0,0.0,0,0,0,0,0.0,12,None,None,0,,0,"Damage: 0, Status: 0, Hazard: 0, Weather: 0, Cleric: 0, Screen: 0, Pass: 0",None
bird_keeper_gs_justin_0555_Paras,bird_keeper_gs_justin_0555,PARAS,None,0,0,0.0,0,0.0,0,0.0,0.0,0,0,0,0,0.0,7,None,None,0,,0,"Damage: 0, Status: 0, Hazard: 0, Weather: 0, Cleric: 0, Screen: 0, Pass: 0",None
bird_keeper_gs_justin_0555_Parasect,bird_keeper_gs_justin_0555,PARASECT,None,0,0,0.0,0,0.0,0,0.0,0.0,0,0,0,0,0.0,16,None,None,0,,0,"Damage: 0, Status: 0, Hazard: 0, Weather: 0, Cleric: 0, Screen: 0, Pass: 0",None
bird_keeper_gs_justin_0555_Persian,bird_keeper_gs_justin_0555,PERSIAN,None,0,0,0.0,0,0.0,0,0.0,0.0,0,0,0,0,0.0,2,None,None,0,,0,"Damage: 0, Status: 0, Hazard: 0, Weather: 0, Cleric: 0, Screen: 0, Pass: 0",None
bird_keeper_gs_justin_0555_Phanpy,bird_keeper_gs_justin_0555,PHANPY,None,0,0,0.0,0,0.0,0,0.0,0.0,0,0,0,0,0.0,3,None,None,0,,0,"Damage: 0, Status: 0, Hazard: 0, Weather: 0, Cleric: 0, Screen: 0, Pass: 0",None
bird_keeper_gs_justin_0555_Pichu,bird_keeper_gs_justin_0555,PICHU,None,0,0,0.0,0,0.0,0,0.0,0.0,0,0,0,0,0.0,3,None,None,0,,0,"Damage: 0, Status: 0, Hazard: 0, Weather: 0, Cleric: 0, Screen: 0, Pass: 0",None
bird_keeper_gs_justin_0555_Pidgeot,bird_keeper_gs_justin_0555,PIDGEOT,None,0,0,0.0,0,0.0,0,0.0,0.0,0,0,0,0,0.0,10,None,None,0,,0,"Damage: 0, Status: 0, Hazard: 0, Weather: 0, Cleric: 0, Screen: 0, Pass: 0",None
bird_keeper_gs_justin_0555_Pidgeotto,bird_keeper_gs_justin_0555,PIDGEOTTO,None,0,0,0.0,0,0.0,0,0.0,0.0,0,0,0,0,0.0,10,None,None,0,,0,"Damage: 0, Status: 0, Hazard: 0, Weather: 0, Cleric: 0, Screen: 0, Pass: 0",None
bird_keeper_gs_justin_0555_Pidgey,bird_keeper_gs_justin_0555,PIDGEY,None,0,0,0.0,0,0.0,0,0.0,0.0,0,0,0,0,0.0,11,None,None,0,,0,"Damage: 0, Status: 0, Hazard: 0, Weather: 0, Cleric: 0, Screen: 0, Pass: 0",None
bird_keeper_gs_justin_0555_Pikachu,bird_keeper_gs_justin_0555,PIKACHU,None,0,0,0.0,0,0.0,0,0.0,0.0,0,0,0,0,0.0,14,None,None,0,,0,"Damage: 0, Status: 0, Hazard: 0, Weather: 0, Cleric: 0, Screen: 0, Pass: 0",None
bird_keeper_gs_justin_0555_Pinsir,bird_keeper_gs_justin_0555,PINSIR,None,0,0,0.0,0,0.0,0,0.0,0.0,0,0,0,0,0.0,1,None,None,0,,0,"Damage: 0, Status: 0, Hazard: 0, Weather: 0, Cleric: 0, Screen: 0, Pass: 0",None
bird_keeper_gs_justin_0555_Politoed,bird_keeper_gs_justin_0555,POLITOED,None,0,0,0.0,0,0.0,0,0.0,0.0,0,0,0,0,0.0,2,None,None,0,,0,"Damage: 0, Status: 0, Hazard: 0, Weather: 0, Cleric: 0, Screen: 0, Pass: 0",None
bird_keeper_gs_justin_0555_Poliwag,bird_keeper_gs_justin_0555,POLIWAG,None,0,0,0.0,0,0.0,0,0.0,0.0,0,0,0,0,0.0,4,None,None,0,,0,"Damage: 0, Status: 0, Hazard: 0, Weather: 0, Cleric: 0, Screen: 0, Pass: 0",None
bird_keeper_gs_justin_0555_Poliwhirl,bird_keeper_gs_justin_0555,POLIWHIRL,None,0,0,0.0,0,0.0,0,0.0,0.0,0,0,0,0,0.0,17,None,None,0,,0,"Damage: 0, Status: 0, Hazard: 0, Weather: 0, Cleric: 0, Screen: 0, Pass: 0",None
bird_keeper_gs_justin_0555_Poliwrath,bird_keeper_gs_justin_0555,POLIWRATH,None,0,0,0.0,0,0.0,0,0.0,0.0,0,0,0,0,0.0,5,None,None,0,,0,"Damage: 0, Status: 0, Hazard: 0, Weather: 0, Cleric: 0, Screen: 0, Pass: 0",None
bird_keeper_gs_justin_0555_Ponyta,bird_keeper_gs_justin_0555,PONYTA,None,0,0,0.0,0,0.0,0,0.0,0.0,0,0,0,0,0.0,2,None,None,0,,0,"Damage: 0, Status: 0, Hazard: 0, Weather: 0, Cleric: 0, Screen: 0, Pass: 0",None
bird_keeper_gs_justin_0555_Porygon,bird_keeper_gs_justin_0555,PORYGON,None,0,0,0.0,0,0.0,0,0.0,0.0,0,0,0,0,0.0,2,None,None,0,,0,"Damage: 0, Status: 0, Hazard: 0, Weather: 0, Cleric: 0, Screen: 0, Pass: 0",None
bird_keeper_gs_justin_0555_Primeape,bird_keeper_gs_justin_0555,PRIMEAPE,None,0,0,0.0,0,0.0,0,0.0,0.0,0,0,0,0,0.0,5,None,None,0,,0,"Damage: 0, Status: 0, Hazard: 0, Weather: 0, Cleric: 0, Screen: 0, Pass: 0",None
bird_keeper_gs_justin_0555_Psyduck,bird_keeper_gs_justin_0555,PSYDUCK,None,0,0,0.0,0,0.0,0,0.0,0.0,0,0,0,0,0.0,17,None,None,0,,0,"Damage: 0, Status: 0, Hazard: 0, Weather: 0, Cleric: 0, Screen: 0, Pass: 0",None
bird_keeper_gs_justin_0555_Quagsire,bird_keeper_gs_justin_0555,QUAGSIRE,None,0,0,0.0,0,0.0,0,0.0,0.0,0,0,0,0,0.0,11,None,None,0,,0,"Damage: 0, Status: 0, Hazard: 0, Weather: 0, Cleric: 0, Screen: 0, Pass: 0",None
bird_keeper_gs_justin_0555_Qwilfish,bird_keeper_gs_justin_0555,QWILFISH,None,0,0,0.0,0,0.0,0,0.0,0.0,0,0,0,0,0.0,15,None,None,0,,0,"Damage: 0, Status: 0, Hazard: 0, Weather: 0, Cleric: 0, Screen: 0, Pass: 0",None
bird_keeper_gs_justin_0555_Raichu,bird_keeper_gs_justin_0555,RAICHU,None,0,0,0.0,0,0.0,0,0.0,0.0,0,0,0,0,0.0,2,None,None,0,,0,"Damage: 0, Status: 0, Hazard: 0, Weather: 0, Cleric: 0, Screen: 0, Pass: 0",None
bird_keeper_gs_justin_0555_Rapidash,bird_keeper_gs_justin_0555,RAPIDASH,None,0,0,0.0,0,0.0,0,0.0,0.0,0,0,0,0,0.0,4,None,None,0,,0,"Damage: 0, Status: 0, Hazard: 0, Weather: 0, Cleric: 0, Screen: 0, Pass: 0",None
bird_keeper_gs_justin_0555_Raticate,bird_keeper_gs_justin_0555,RATICATE,None,0,0,0.0,0,0.0,0,0.0,0.0,0,0,0,0,0.0,11,None,None,0,,0,"Damage: 0, Status: 0, Hazard: 0, Weather: 0, Cleric: 0, Screen: 0, Pass: 0",None
bird_keeper_gs_justin_0555_Rattata,bird_keeper_gs_justin_0555,RATTATA,None,0,0,0.0,0,0.0,0,0.0,0.0,0,0,0,0,0.0,3,None,None,0,,0,"Damage: 0, Status: 0, Hazard: 0, Weather: 0, Cleric: 0, Screen: 0, Pass: 0",None
bird_keeper_gs_justin_0555_Remoraid,bird_keeper_gs_justin_0555,REMORAID,None,0,0,0.0,0,0.0,0,0.0,0.0,0,0,0,0,0.0,6,None,None,0,,0,"Damage: 0, Status: 0, Hazard: 0, Weather: 0, Cleric: 0, Screen: 0, Pass: 0",None
bird_keeper_gs_justin_0555_Rhyhorn,bird_keeper_gs_justin_0555,RHYHORN,None,0,0,0.0,0,0.0,0,0.0,0.0,0,0,0,0,0.0,4,None,None,0,,0,"Damage: 0, Status: 0, Hazard: 0, Weather: 0, Cleric: 0, Screen: 0, Pass: 0",None
bird_keeper_gs_justin_0555_Roselia,bird_keeper_gs_justin_0555,ROSELIA,None,0,0,0.0,0,0.0,0,0.0,0.0,0,0,0,0,0.0,1,None,None,0,,0,"Damage: 0, Status: 0, Hazard: 0, Weather: 0, Cleric: 0, Screen: 0, Pass: 0",None
bird_keeper_gs_justin_0555_Sandshrew,bird_keeper_gs_justin_0555,SANDSHREW,None,0,0,0.0,0,0.0,0,0.0,0.0,0,0,0,0,0.0,6,None,None,0,,0,"Damage: 0, Status: 0, Hazard: 0, Weather: 0, Cleric: 0, Screen: 0, Pass: 0",None
bird_keeper_gs_justin_0555_Sandslash,bird_keeper_gs_justin_0555,SANDSLASH,None,0,0,0.0,0,0.0,0,0.0,0.0,0,0,0,0,0.0,18,None,None,0,,0,"Damage: 0, Status: 0, Hazard: 0, Weather: 0, Cleric: 0, Screen: 0, Pass: 0",None
bird_keeper_gs_justin_0555_Seadra,bird_keeper_gs_justin_0555,SEADRA,None,0,0,0.0,0,0.0,0,0.0,0.0,0,0,0,0,0.0,11,None,None,0,,0,"Damage: 0, Status: 0, Hazard: 0, Weather: 0, Cleric: 0, Screen: 0, Pass: 0",None
bird_keeper_gs_justin_0555_Seaking,bird_keeper_gs_justin_0555,SEAKING,None,0,0,0.0,0,0.0,0,0.0,0.0,0,0,0,0,0.0,30,None,None,0,,0,"Damage: 0, Status: 0, Hazard: 0, Weather: 0, Cleric: 0, Screen: 0, Pass: 0",None
bird_keeper_gs_justin_0555_Seel,bird_keeper_gs_justin_0555,SEEL,None,0,0,0.0,0,0.0,0,0.0,0.0,0,0,0,0,0.0,8,None,None,0,,0,"Damage: 0, Status: 0, Hazard: 0, Weather: 0, Cleric: 0, Screen: 0, Pass: 0",None
bird_keeper_gs_justin_0555_Sentret,bird_keeper_gs_justin_0555,SENTRET,None,0,0,0.0,0,0.0,0,0.0,0.0,0,0,0,0,0.0,4,None,None,0,,0,"Damage: 0, Status: 0, Hazard: 0, Weather: 0, Cleric: 0, Screen: 0, Pass: 0",None
bird_keeper_gs_justin_0555_Seviper,bird_keeper_gs_justin_0555,SEVIPER,None,0,0,0.0,0,0.0,0,0.0,0.0,0,0,0,0,0.0,2,None,None,0,,0,"Damage: 0, Status: 0, Hazard: 0, Weather: 0, Cleric: 0, Screen: 0, Pass: 0",None
bird_keeper_gs_justin_0555_Shellder,bird_keeper_gs_justin_0555,SHELLDER,None,0,0,0.0,0,0.0,0,0.0,0.0,0,0,0,0,0.0,14,None,None,0,,0,"Damage: 0, Status: 0, Hazard: 0, Weather: 0, Cleric: 0, Screen: 0, Pass: 0",None
bird_keeper_gs_justin_0555_Shinx,bird_keeper_gs_justin_0555,SHINX,None,0,0,0.0,0,0.0,0,0.0,0.0,0,0,0,0,0.0,1,None,None,0,,0,"Damage: 0, Status: 0, Hazard: 0, Weather: 0, Cleric: 0, Screen: 0, Pass: 0",None
bird_keeper_gs_justin_0555_Shroomish,bird_keeper_gs_justin_0555,SHROOMISH,None,0,0,0.0,0,0.0,0,0.0,0.0,0,0,0,0,0.0,2,None,None,0,,0,"Damage: 0, Status: 0, Hazard: 0, Weather: 0, Cleric: 0, Screen: 0, Pass: 0",None
bird_keeper_gs_justin_0555_Skarmory,bird_keeper_gs_justin_0555,SKARMORY,None,0,0,0.0,0,0.0,0,0.0,0.0,0,0,0,0,0.0,4,None,None,0,,0,"Damage: 0, Status: 0, Hazard: 0, Weather: 0, Cleric: 0, Screen: 0, Pass: 0",None
bird_keeper_gs_justin_0555_Skiploom,bird_keeper_gs_justin_0555,SKIPLOOM,None,0,0,0.0,0,0.0,0,0.0,0.0,0,0,0,0,0.0,8,None,None,0,,0,"Damage: 0, Status: 0, Hazard: 0, Weather: 0, Cleric: 0, Screen: 0, Pass: 0",None
bird_keeper_gs_justin_0555_Skorupi,bird_keeper_gs_justin_0555,SKORUPI,None,0,0,0.0,0,0.0,0,0.0,0.0,0,0,0,0,0.0,1,None,None,0,,0,"Damage: 0, Status: 0, Hazard: 0, Weather: 0, Cleric: 0, Screen: 0, Pass: 0",None
bird_keeper_gs_justin_0555_Slakoth,bird_keeper_gs_justin_0555,SLAKOTH,None,0,0,0.0,0,0.0,0,0.0,0.0,0,0,0,0,0.0,2,None,None,0,,0,"Damage: 0, Status: 0, Hazard: 0, Weather: 0, Cleric: 0, Screen: 0, Pass: 0",None
bird_keeper_gs_justin_0555_Slowbro,bird_keeper_gs_justin_0555,SLOWBRO,None,0,0,0.0,0,0.0,0,0.0,0.0,0,0,0,0,0.0,2,None,None,0,,0,"Damage: 0, Status: 0, Hazard: 0, Weather: 0, Cleric: 0, Screen: 0, Pass: 0",None
bird_keeper_gs_justin_0555_Slowking,bird_keeper_gs_justin_0555,SLOWKING,None,0,0,0.0,0,0.0,0,0.0,0.0,0,0,0,0,0.0,5,None,None,0,,0,"Damage: 0, Status: 0, Hazard: 0, Weather: 0, Cleric: 0, Screen: 0, Pass: 0",None
bird_keeper_gs_justin_0555_Slowpoke,bird_keeper_gs_justin_0555,SLOWPOKE,None,0,0,0.0,0,0.0,0,0.0,0.0,0,0,0,0,0.0,10,None,None,0,,0,"Damage: 0, Status: 0, Hazard: 0, Weather: 0, Cleric: 0, Screen: 0, Pass: 0",None
bird_keeper_gs_justin_0555_Snubbull,bird_keeper_gs_justin_0555,SNUBBULL,None,0,0,0.0,0,0.0,0,0.0,0.0,0,0,0,0,0.0,5,None,None,0,,0,"Damage: 0, Status: 0, Hazard: 0, Weather: 0, Cleric: 0, Screen: 0, Pass: 0",None
bird_keeper_gs_justin_0555_Spearow,bird_keeper_gs_justin_0555,SPEAROW,None,0,0,0.0,0,0.0,0,0.0,0.0,0,0,0,0,0.0,8,None,None,0,,0,"Damage: 0, Status: 0, Hazard: 0, Weather: 0, Cleric: 0, Screen: 0, Pass: 0",None
bird_keeper_gs_justin_0555_Spinda,bird_keeper_gs_justin_0555,SPINDA,None,0,0,0.0,0,0.0,0,0.0,0.0,0,0,0,0,0.0,8,None,None,0,,0,"Damage: 0, Status: 0, Hazard: 0, Weather: 0, Cleric: 0, Screen: 0, Pass: 0",None
bird_keeper_gs_justin_0555_Spoink,bird_keeper_gs_justin_0555,SPOINK,None,0,0,0.0,0,0.0,0,0.0,0.0,0,0,0,0,0.0,2,None,None,0,,0,"Damage: 0, Status: 0, Hazard: 0, Weather: 0, Cleric: 0, Screen: 0, Pass: 0",None
bird_keeper_gs_justin_0555_Squirtle,bird_keeper_gs_justin_0555,SQUIRTLE,None,0,0,0.0,0,0.0,0,0.0,0.0,0,0,0,0,0.0,1,None,None,0,,0,"Damage: 0, Status: 0, Hazard: 0, Weather: 0, Cleric: 0, Screen: 0, Pass: 0",None
bird_keeper_gs_justin_0555_Stantler,bird_keeper_gs_justin_0555,STANTLER,None,0,0,0.0,0,0.0,0,0.0,0.0,0,0,0,0,0.0,2,None,None,0,,0,"Damage: 0, Status: 0, Hazard: 0, Weather: 0, Cleric: 0, Screen: 0, Pass: 0",None
bird_keeper_gs_justin_0555_Starly,bird_keeper_gs_justin_0555,STARLY,None,0,0,0.0,0,0.0,0,0.0,0.0,0,0,0,0,0.0,3,None,None,0,,0,"Damage: 0, Status: 0, Hazard: 0, Weather: 0, Cleric: 0, Screen: 0, Pass: 0",None
bird_keeper_gs_justin_0555_Starmie,bird_keeper_gs_justin_0555,STARMIE,None,0,0,0.0,0,0.0,0,0.0,0.0,0,0,0,0,0.0,9,None,None,0,,0,"Damage: 0, Status: 0, Hazard: 0, Weather: 0, Cleric: 0, Screen: 0, Pass: 0",None
bird_keeper_gs_justin_0555_Staryu,bird_keeper_gs_justin_0555,STARYU,None,0,0,0.0,0,0.0,0,0.0,0.0,0,0,0,0,0.0,10,None,None,0,,0,"Damage: 0, Status: 0, Hazard: 0, Weather: 0, Cleric: 0, Screen: 0, Pass: 0",None
bird_keeper_gs_justin_0555_Steelix,bird_keeper_gs_justin_0555,STEELIX,None,0,0,0.0,0,0.0,0,0.0,0.0,0,0,0,0,0.0,4,None,None,0,,0,"Damage: 0, Status: 0, Hazard: 0, Weather: 0, Cleric: 0, Screen: 0, Pass: 0",None
bird_keeper_gs_justin_0555_Sudowoodo,bird_keeper_gs_justin_0555,SUDOWOODO,None,0,0,0.0,0,0.0,0,0.0,0.0,0,0,0,0,0.0,1,None,None,0,,0,"Damage: 0, Status: 0, Hazard: 0, Weather: 0, Cleric: 0, Screen: 0, Pass: 0",None
bird_keeper_gs_justin_0555_Sunkern,bird_keeper_gs_justin_0555,SUNKERN,None,0,0,0.0,0,0.0,0,0.0,0.0,0,0,0,0,0.0,2,None,None,0,,0,"Damage: 0, Status: 0, Hazard: 0, Weather: 0, Cleric: 0, Screen: 0, Pass: 0",None
bird_keeper_gs_justin_0555_Swinub,bird_keeper_gs_justin_0555,SWINUB,None,0,0,0.0,0,0.0,0,0.0,0.0,0,0,0,0,0.0,2,None,None,0,,0,"Damage: 0, Status: 0, Hazard: 0, Weather: 0, Cleric: 0, Screen: 0, Pass: 0",None
bird_keeper_gs_justin_0555_Taillow,bird_keeper_gs_justin_0555,TAILLOW,None,0,0,0.0,0,0.0,0,0.0,0.0,0,0,0,0,0.0,2,None,None,0,,0,"Damage: 0, Status: 0, Hazard: 0, Weather: 0, Cleric: 0, Screen: 0, Pass: 0",None
bird_keeper_gs_justin_0555_Tangela,bird_keeper_gs_justin_0555,TANGELA,None,0,0,0.0,0,0.0,0,0.0,0.0,0,0,0,0,0.0,4,None,None,0,,0,"Damage: 0, Status: 0, Hazard: 0, Weather: 0, Cleric: 0, Screen: 0, Pass: 0",None
bird_keeper_gs_justin_0555_Tangrowth,bird_keeper_gs_justin_0555,TANGROWTH,None,0,0,0.0,0,0.0,0,0.0,0.0,0,0,0,0,0.0,1,None,None,0,,0,"Damage: 0, Status: 0, Hazard: 0, Weather: 0, Cleric: 0, Screen: 0, Pass: 0",None
bird_keeper_gs_justin_0555_Tauros,bird_keeper_gs_justin_0555,TAUROS,None,0,0,0.0,0,0.0,0,0.0,0.0,0,0,0,0,0.0,2,None,None,0,,0,"Damage: 0, Status: 0, Hazard: 0, Weather: 0, Cleric: 0, Screen: 0, Pass: 0",None
bird_keeper_gs_justin_0555_Teddiursa,bird_keeper_gs_justin_0555,TEDDIURSA,None,0,0,0.0,0,0.0,0,0.0,0.0,0,0,0,0,0.0,19,None,None,0,,0,"Damage: 0, Status: 0, Hazard: 0, Weather: 0, Cleric: 0, Screen: 0, Pass: 0",None
bird_keeper_gs_justin_0555_Tentacool,bird_keeper_gs_justin_0555,TENTACOOL,None,0,0,0.0,0,0.0,0,0.0,0.0,0,0,0,0,0.0,7,None,None,0,,0,"Damage: 0, Status: 0, Hazard: 0, Weather: 0, Cleric: 0, Screen: 0, Pass: 0",None
bird_keeper_gs_justin_0555_Tentacruel,bird_keeper_gs_justin_0555,TENTACRUEL,None,0,0,0.0,0,0.0,0,0.0,0.0,0,0,0,0,0.0,6,None,None,0,,0,"Damage: 0, Status: 0, Hazard: 0, Weather: 0, Cleric: 0, Screen: 0, Pass: 0",None
bird_keeper_gs_justin_0555_Torkoal,bird_keeper_gs_justin_0555,TORKOAL,None,0,0,0.0,0,0.0,0,0.0,0.0,0,0,0,0,0.0,1,None,None,0,,0,"Damage: 0, Status: 0, Hazard: 0, Weather: 0, Cleric: 0, Screen: 0, Pass: 0",None
bird_keeper_gs_justin_0555_Totodile,bird_keeper_gs_justin_0555,TOTODILE,None,0,0,0.0,0,0.0,0,0.0,0.0,0,0,0,0,0.0,2,None,None,0,,0,"Damage: 0, Status: 0, Hazard: 0, Weather: 0, Cleric: 0, Screen: 0, Pass: 0",None
bird_keeper_gs_justin_0555_Vaporeon,bird_keeper_gs_justin_0555,VAPOREON,None,0,0,0.0,0,0.0,0,0.0,0.0,0,0,0,0,0.0,2,None,None,0,,0,"Damage: 0, Status: 0, Hazard: 0, Weather: 0, Cleric: 0, Screen: 0, Pass: 0",None
bird_keeper_gs_justin_0555_Venomoth,bird_keeper_gs_justin_0555,VENOMOTH,None,0,0,0.0,0,0.0,0,0.0,0.0,0,0,0,0,0.0,3,None,None,0,,0,"Damage: 0, Status: 0, Hazard: 0, Weather: 0, Cleric: 0, Screen: 0, Pass: 0",None
bird_keeper_gs_justin_0555_Venonat,bird_keeper_gs_justin_0555,VENONAT,None,0,0,0.0,0,0.0,0,0.0,0.0,0,0,0,0,0.0,4,None,None,0,,0,"Damage: 0, Status: 0, Hazard: 0, Weather: 0, Cleric: 0, Screen: 0, Pass: 0",None
bird_keeper_gs_justin_0555_Venusaur,bird_keeper_gs_justin_0555,VENUSAUR,None,0,0,0.0,0,0.0,0,0.0,0.0,0,0,0,0,0.0,1,None,None,0,,0,"Damage: 0, Status: 0, Hazard: 0, Weather: 0, Cleric: 0, Screen: 0, Pass: 0",None
bird_keeper_gs_justin_0555_Victreebel,bird_keeper_gs_justin_0555,VICTREEBEL,None,0,0,0.0,0,0.0,0,0.0,0.0,0,0,0,0,0.0,13,None,None,0,,0,"Damage: 0, Status: 0, Hazard: 0, Weather: 0, Cleric: 0, Screen: 0, Pass: 0",None
bird_keeper_gs_justin_0555_Vileplume,bird_keeper_gs_justin_0555,VILEPLUME,None,0,0,0.0,0,0.0,0,0.0,0.0,0,0,0,0,0.0,7,None,None,0,,0,"Damage: 0, Status: 0, Hazard: 0, Weather: 0, Cleric: 0, Screen: 0, Pass: 0",None
bird_keeper_gs_justin_0555_Volbeat,bird_keeper_gs_justin_0555,VOLBEAT,None,0,0,0.0,0,0.0,0,0.0,0.0,0,0,0,0,0.0,2,None,None,0,,0,"Damage: 0, Status: 0, Hazard: 0, Weather: 0, Cleric: 0, Screen: 0, Pass: 0",None
bird_keeper_gs_justin_0555_Voltorb,bird_keeper_gs_justin_0555,VOLTORB,None,0,0,0.0,0,0.0,0,0.0,0.0,0,0,0,0,0.0,16,None,None,0,,0,"Damage: 0, Status: 0, Hazard: 0, Weather: 0, Cleric: 0, Screen: 0, Pass: 0",None
bird_keeper_gs_justin_0555_Vulpix,bird_keeper_gs_justin_0555,VULPIX,None,0,0,0.0,0,0.0,0,0.0,0.0,0,0,0,0,0.0,1,None,None,0,,0,"Damage: 0, Status: 0, Hazard: 0, Weather: 0, Cleric: 0, Screen: 0, Pass: 0",None
bird_keeper_gs_justin_0555_Wartortle,bird_keeper_gs_justin_0555,WARTORTLE,None,0,0,0.0,0,0.0,0,0.0,0.0,0,0,0,0,0.0,6,None,None,0,,0,"Damage: 0, Status: 0, Hazard: 0, Weather: 0, Cleric: 0, Screen: 0, Pass: 0",None
bird_keeper_gs_justin_0555_Weedle,bird_keeper_gs_justin_0555,WEEDLE,None,0,0,0.0,0,0.0,0,0.0,0.0,0,0,0,0,0.0,8,None,None,0,,0,"Damage: 0, Status: 0, Hazard: 0, Weather: 0, Cleric: 0, Screen: 0, Pass: 0",None
bird_keeper_gs_justin_0555_Weepinbell,bird_keeper_gs_justin_0555,WEEPINBELL,None,0,0,0.0,0,0.0,0,0.0,0.0,0,0,0,0,0.0,5,None,None,0,,0,"Damage: 0, Status: 0, Hazard: 0, Weather: 0, Cleric: 0, Screen: 0, Pass: 0",None
bird_keeper_gs_justin_0555_Weezing,bird_keeper_gs_justin_0555,WEEZING,None,0,0,0.0,0,0.0,0,0.0,0.0,0,0,0,0,0.0,4,None,None,0,,0,"Damage: 0, Status: 0, Hazard: 0, Weather: 0, Cleric: 0, Screen: 0, Pass: 0",None
bird_keeper_gs_justin_0555_Whismur,bird_keeper_gs_justin_0555,WHISMUR,None,0,0,0.0,0,0.0,0,0.0,0.0,0,0,0,0,0.0,1,None,None,0,,0,"Damage: 0, Status: 0, Hazard: 0, Weather: 0, Cleric: 0, Screen: 0, Pass: 0",None
bird_keeper_gs_justin_0555_Wigglytuff,bird_keeper_gs_justin_0555,WIGGLYTUFF,None,0,0,0.0,0,0.0,0,0.0,0.0,0,0,0,0,0.0,8,None,None,0,,0,"Damage: 0, Status: 0, Hazard: 0, Weather: 0, Cleric: 0, Screen: 0, Pass: 0",None
bird_keeper_gs_justin_0555_Wingull,bird_keeper_gs_justin_0555,WINGULL,None,0,0,0.0,0,0.0,0,0.0,0.0,0,0,0,0,0.0,1,None,None,0,,0,"Damage: 0, Status: 0, Hazard: 0, Weather: 0, Cleric: 0, Screen: 0, Pass: 0",None
bird_keeper_gs_justin_0555_Wooper,bird_keeper_gs_justin_0555,WOOPER,None,0,0,0.0,0,0.0,0,0.0,0.0,0,0,0,0,0.0,4,None,None,0,,0,"Damage: 0, Status: 0, Hazard: 0, Weather: 0, Cleric: 0, Screen: 0, Pass: 0",None
bird_keeper_gs_justin_0555_Xatu,bird_keeper_gs_justin_0555,XATU,"Wish: 5993 (47.6%), Future Sight: 3232 (25.7%), Tailwind: 2924 (23.2%), Psycho Shift: 436 (3.5%), Struggle: 1 (0.0%)",1,834,0.0,1620,1.94,73,10.85,6.58,0,64,552,0,3.71,1298,Kadabra: 1,"Seaking: 28, Graveler: 24, Magmar: 23",0,58.17,1,"Damage: 1533, Status: 221, Hazard: 0, Weather: 0, Cleric: 104, Screen: 0, Pass: 0",None
bird_keeper_gs_justin_0555_Yanma,bird_keeper_gs_justin_0555,YANMA,None,0,0,0.0,0,0.0,0,0.0,0.0,0,0,0,0,0.0,2,None,None,0,,0,"Damage: 0, Status: 0, Hazard: 0, Weather: 0, Cleric: 0, Screen: 0, Pass: 0",None
bird_keeper_gs_justin_0555_Zigzagoon,bird_keeper_gs_justin_0555,ZIGZAGOON,None,0,0,0.0,0,0.0,0,0.0,0.0,0,0,0,0,0.0,3,None,None,0,,0,"Damage: 0, Status: 0, Hazard: 0, Weather: 0, Cleric: 0, Screen: 0, Pass: 0",None
bird_keeper_gs_justin_0555_Zubat,bird_keeper_gs_justin_0555,ZUBAT,None,0,0,0.0,0,0.0,0,0.0,0.0,0,0,0,0,0.0,5,None,None,0,,0,"Damage: 0, Status: 0, Hazard: 0, Weather: 0, Cleric: 0, Screen: 0, Pass: 0",None
bird_keeper_gs_kinsley_0596_Farfetchd,bird_keeper_gs_kinsley_0596,FARFETCHD,"Air Cutter: 1418 (27.2%), Night Slash: 1360 (26.1%), Agility: 1230 (23.6%), Swords Dance: 1200 (23.0%)",914,930,0.98,407,1.42,2,4.72,2.45,307,106,213,0,7.64,1294,"Magikarp: 56, Bellsprout: 30, Geodude: 25","Graveler: 42, Seaking: 24, Qwilfish: 20",128,45.98,0,"Damage: 407, Status: 0, Hazard: 0, Weather: 0, Cleric: 0, Screen: 0, Pass: 0",None
bird_keeper_gs_kinsley_0596_Fearow,bird_keeper_gs_kinsley_0596,FEAROW,"Aerial Ace: 812 (26.4%), Mirror Move: 769 (25.0%), Assurance: 750 (24.4%), Agility: 741 (24.1%)",442,747,0.59,171,0.82,9,4.7,2.2,111,44,153,31,7.01,942,"Goldeen: 18, Butterfree: 15, Voltorb: 14","Graveler: 26, Seaking: 22, Seadra: 20",57,44.0,0,"Damage: 171, Status: 8, Hazard: 0, Weather: 0, Cleric: 0, Screen: 0, Pass: 0",None
bird_keeper_gs_kinsley_0596_Pidgeotto,bird_keeper_gs_kinsley_0596,PIDGEOTTO,"Wing Attack: 584 (27.7%), Twister: 574 (27.2%), Feather Dance: 477 (22.6%), Agility: 472 (22.4%)",172,686,0.25,38,0.31,1,4.43,2.24,81,20,130,0,8.54,782,"Butterfree: 7, Beedrill: 6, Onix: 6","Graveler: 27, Seaking: 22, Seadra: 19",11,,1,"Damage: 38, Status: 0, Hazard: 0, Weather: 0, Cleric: 0, Screen: 0, Pass: 0",None
bird_keeper_gs_kinsley_0596_Quagsire,bird_keeper_gs_kinsley_0596,QUAGSIRE,None,0,0,0.0,0,0.0,0,0.0,0.0,0,0,0,0,0.0,4,None,None,0,,0,"Damage: 0, Status: 0, Hazard: 0, Weather: 0, Cleric: 0, Screen: 0, Pass: 0",None
bird_keeper_gs_perry_0420_Farfetchd,bird_keeper_gs_perry_0420,FARFETCHD,"Air Slash: 1555 (26.7%), Night Slash: 1536 (26.4%), Swords Dance: 1381 (23.7%), Agility: 1348 (23.2%)",1376,770,1.79,38,1.84,0,4.99,2.46,266,103,176,241,5.85,1308,"Magikarp: 56, Goldeen: 42, Bellsprout: 34","Graveler: 27, Seaking: 23, Seadra: 20",199,62.77,0,"Damage: 38, Status: 0, Hazard: 0, Weather: 0, Cleric: 0, Screen: 0, Pass: 0",None
bird_keeper_gs_peter_0383_Pidgey,bird_keeper_gs_peter_0383,PIDGEY,"Tackle: 3289 (63.7%), Sand Attack: 1865 (36.1%), Struggle: 11 (0.2%)",127,2157,0.06,77,0.09,21,7.12,2.52,173,242,1709,0,23.86,1129,"Magikarp: 22, Caterpie: 10, Rattata: 8","Graveler: 41, Seaking: 36, Magmar: 34",17,7.39,0,"Damage: 77, Status: 0, Hazard: 0, Weather: 0, Cleric: 0, Screen: 0, Pass: 0",None
bird_keeper_gs_peter_0383_Quagsire,bird_keeper_gs_peter_0383,QUAGSIRE,None,0,0,0.0,0,0.0,0,0.0,0.0,0,0,0,0,0.0,4,None,None,0,,0,"Damage: 0, Status: 0, Hazard: 0, Weather: 0, Cleric: 0, Screen: 0, Pass: 0",None
bird_keeper_gs_peter_0383_Spearow,bird_keeper_gs_peter_0383,SPEAROW,"Peck: 799 (36.8%), Leer: 719 (33.1%), Growl: 651 (30.0%)",85,1055,0.08,26,0.11,0,4.06,1.33,46,56,734,0,24.94,1095,"Bellsprout: 29, Magikarp: 8, Spinarak: 4","Seaking: 18, Onix: 18, Magmar: 17",11,,3,"Damage: 26, Status: 0, Hazard: 0, Weather: 0, Cleric: 0, Screen: 0, Pass: 0",None
bird_keeper_gs_rod_0029_Pidgey,bird_keeper_gs_rod_0029,PIDGEY,"Tackle: 3625 (62.3%), Sand Attack: 2177 (37.4%), Struggle: 16 (0.3%)",141,2154,0.07,8,0.07,0,7.1,2.69,193,233,2009,0,25.16,1120,"Bellsprout: 28, Magikarp: 16, Caterpie: 11","Goldeen: 36, Seaking: 36, Koffing: 33",19,5.65,0,"Damage: 8, Status: 0, Hazard: 0, Weather: 0, Cleric: 0, Screen: 0, Pass: 0",None
bird_keeper_gs_rod_0029_Quagsire,bird_keeper_gs_rod_0029,QUAGSIRE,None,0,0,0.0,0,0.0,0,0.0,0.0,0,0,0,0,0.0,4,None,None,0,,0,"Damage: 0, Status: 0, Hazard: 0, Weather: 0, Cleric: 0, Screen: 0, Pass: 0",None
bird_keeper_gs_roy_0300_Fearow,bird_keeper_gs_roy_0300,FEAROW,"Assurance: 3069 (27.2%), Mirror Move: 3026 (26.8%), Agility: 2562 (22.7%), Aerial Ace: 1721 (15.3%), Roost: 894 (7.9%)",1743,1474,1.18,79,1.24,18,7.64,5.16,434,148,401,83,5.91,1332,"Magikarp: 58, Seaking: 37, Voltorb: 33","Seaking: 53, Graveler: 47, Seadra: 40",248,55.52,1,"Damage: 79, Status: 7, Hazard: 0, Weather: 0, Cleric: 0, Screen: 0, Pass: 0",None
bird_keeper_gs_roy_0300_Quagsire,bird_keeper_gs_roy_0300,QUAGSIRE,None,0,0,0.0,0,0.0,0,0.0,0.0,0,0,0,0,0.0,8,None,None,0,,0,"Damage: 0, Status: 0, Hazard: 0, Weather: 0, Cleric: 0, Screen: 0, Pass: 0",None
bird_keeper_gs_theo_0073_Pidgey,bird_keeper_gs_theo_0073,PIDGEY,"Quick Attack: 3612 (36.0%), Gust: 2611 (26.0%), Sand Attack: 2036 (20.3%), Tackle: 1035 (10.3%), Whirlwind: 741 (7.4%)",553,4680,0.12,63,0.13,44,11.42,5.97,433,229,2246,0,19.95,1137,"Magikarp: 53, Bellsprout: 29, Geodude: 20","Seaking: 117, Butterfree: 112, Magmar: 98",77,23.93,40,"Damage: 63, Status: 0, Hazard: 0, Weather: 0, Cleric: 0, Screen: 0, Pass: 0",None
bird_keeper_gs_theo_0073_Quagsire,bird_keeper_gs_theo_0073,QUAGSIRE,None,0,0,0.0,0,0.0,0,0.0,0.0,0,0,0,0,0.0,4,None,None,0,,0,"Damage: 0, Status: 0, Hazard: 0, Weather: 0, Cleric: 0, Screen: 0, Pass: 0",None
bird_keeper_gs_toby_0082_Doduo,bird_keeper_gs_toby_0082,DODUO,"Quick Attack: 2530 (33.1%), Rage: 1719 (22.5%), Growl: 1703 (22.2%), Fury Attack: 1702 (22.2%)",590,2958,0.2,53,0.22,0,7.95,4.54,470,383,382,0,5.84,1175,"Magikarp: 54, Pidgey: 33, Bellsprout: 29","Seaking: 55, Magmar: 53, Goldeen: 52",74,17.99,14,"Damage: 53, Status: 0, Hazard: 0, Weather: 0, Cleric: 0, Screen: 0, Pass: 0",None
bird_keeper_gs_toby_0082_Quagsire,bird_keeper_gs_toby_0082,QUAGSIRE,None,0,0,0.0,0,0.0,0,0.0,0.0,0,0,0,0,0.0,4,None,None,0,,0,"Damage: 0, Status: 0, Hazard: 0, Weather: 0, Cleric: 0, Screen: 0, Pass: 0",None
bird_keeper_gs_vance_0137_Hoothoot,bird_keeper_gs_vance_0137,HOOTHOOT,"Confusion: 1102 (29.8%), Take Down: 1055 (28.5%), Uproar: 938 (25.4%), Reflect: 601 (16.3%)",603,888,0.68,148,0.85,10,4.09,2.08,154,236,153,93,2.04,1145,"Magikarp: 59, Bellsprout: 27, Geodude: 25","Seaking: 21, Graveler: 18, Gyarados: 17",83,33.62,0,"Damage: 142, Status: 22, Hazard: 0, Weather: 0, Cleric: 0, Screen: 23, Pass: 0",None
bird_keeper_gs_vance_0137_Pidgeotto,bird_keeper_gs_vance_0137,PIDGEOTTO,"Quick Attack: 912 (33.5%), Twister: 759 (27.9%), Feather Dance: 697 (25.6%), Whirlwind: 353 (13.0%)",137,812,0.17,26,0.2,0,4.69,2.37,97,18,117,0,6.91,904,"Dugtrio: 7, Machoke: 6, Magikarp: 6","Seaking: 25, Graveler: 16, Pikachu: 15",13,16.67,0,"Damage: 26, Status: 0, Hazard: 0, Weather: 0, Cleric: 0, Screen: 0, Pass: 0",None
bird_keeper_gs_vance_0137_Quagsire,bird_keeper_gs_vance_0137,QUAGSIRE,None,0,0,0.0,0,0.0,0,0.0,0.0,0,0,0,0,0.0,4,None,None,0,,0,"Damage: 0, Status: 0, Hazard: 0, Weather: 0, Cleric: 0, Screen: 0, Pass: 0",None
bird_keeper_gs_vance_0447_Hoothoot,bird_keeper_gs_vance_0447,HOOTHOOT,"Take Down: 905 (25.7%), Confusion: 897 (25.5%), Air Slash: 861 (24.5%), Zen Headbutt: 856 (24.3%), Uproar: 1 (0.0%), Reflect: 1 (0.0%)",772,825,0.94,109,1.07,1,3.78,1.83,194,268,132,386,2.36,1132,"Magikarp: 55, Bellsprout: 29, Geodude: 24","Graveler: 25, Seaking: 22, Beedrill: 18",109,42.31,0,"Damage: 109, Status: 13, Hazard: 0, Weather: 0, Cleric: 0, Screen: 0, Pass: 0",None
bird_keeper_gs_vance_0447_Pidgeotto,bird_keeper_gs_vance_0447,PIDGEOTTO,"Twister: 881 (33.2%), Agility: 724 (27.3%), Feather Dance: 700 (26.4%), Whirlwind: 342 (12.9%), Quick Attack: 3 (0.1%)",64,784,0.08,18,0.1,0,4.77,2.38,53,21,114,0,5.28,842,"Dugtrio: 5, Pikachu: 3, Onix: 3","Seaking: 22, Magmar: 15, Butterfree: 14",3,25.0,0,"Damage: 18, Status: 0, Hazard: 0, Weather: 0, Cleric: 0, Screen: 0, Pass: 0",None
bird_keeper_gs_vance_0447_Quagsire,bird_keeper_gs_vance_0447,QUAGSIRE,None,0,0,0.0,0,0.0,0,0.0,0.0,0,0,0,0,0.0,4,None,None,0,,0,"Damage: 0, Status: 0, Hazard: 0, Weather: 0, Cleric: 0, Screen: 0, Pass: 0",None
bird_keeper_gs_vance_0448_Hoothoot,bird_keeper_gs_vance_0448,HOOTHOOT,"Take Down: 5 (33.3%), Uproar: 3 (20.0%), Zen Headbutt: 3 (20.0%), Confusion: 2 (13.3%), Air Slash: 2 (13.3%)",0,4,0.0,0,0.0,0,4.75,0.0,0,1,0,0,-6.67,4,None,None,0,100.0,0,"Damage: 0, Status: 0, Hazard: 0, Weather: 0, Cleric: 0, Screen: 0, Pass: 0",None
bird_keeper_gs_vance_0448_Noctowl,bird_keeper_gs_vance_0448,NOCTOWL,"Extrasensory: 835 (25.7%), Zen Headbutt: 809 (24.9%), Air Slash: 803 (24.7%), Take Down: 801 (24.7%)",852,460,1.85,142,2.16,0,5.26,2.37,172,271,126,304,0.63,866,"Seaking: 37, Pikachu: 24, Magnemite: 24","Seaking: 17, Graveler: 16, Azumarill: 14",112,,0,"Damage: 142, Status: 0, Hazard: 0, Weather: 0, Cleric: 0, Screen: 0, Pass: 0",None
bird_keeper_gs_vance_0448_Pidgeot,bird_keeper_gs_vance_0448,PIDGEOT,"Wing Attack: 722 (29.7%), Twister: 617 (25.4%), Agility: 559 (23.0%), Feather Dance: 530 (21.8%)",325,509,0.64,175,0.98,3,5.05,2.66,90,21,127,0,7.67,681,"Butterfree: 19, Primeape: 11, Beedrill: 10","Seaking: 14, Graveler: 14, Magmar: 13",34,60.38,0,"Damage: 175, Status: 0, Hazard: 0, Weather: 0, Cleric: 0, Screen: 0, Pass: 0",None
bird_keeper_gs_vance_0448_Pidgeotto,bird_keeper_gs_vance_0448,PIDGEOTTO,"Wing Attack: 1756 (28.1%), Twister: 1643 (26.3%), Feather Dance: 1437 (23.0%), Agility: 1404 (22.5%), Whirlwind: 6 (0.1%), Quick Attack: 4 (0.1%)",832,907,0.92,634,1.62,7,5.74,2.96,200,50,273,0,6.48,1257,"Magikarp: 55, Bellsprout: 28, Geodude: 25","Seaking: 32, Graveler: 30, Pikachu: 19",121,44.37,0,"Damage: 634, Status: 0, Hazard: 0, Weather: 0, Cleric: 0, Screen: 0, Pass: 0",None
bird_keeper_gs_vance_0448_Quagsire,bird_keeper_gs_vance_0448,QUAGSIRE,None,0,0,0.0,0,0.0,0,0.0,0.0,0,0,0,0,0.0,4,None,None,0,,0,"Damage: 0, Status: 0, Hazard: 0, Weather: 0, Cleric: 0, Screen: 0, Pass: 0",None
bird_keeper_gs_vance_0612_Hoothoot,bird_keeper_gs_vance_0612,HOOTHOOT,"Take Down: 2 (33.3%), Reflect: 1 (16.7%), Uproar: 1 (16.7%), Confusion: 1 (16.7%), Zen Headbutt: 1 (16.7%)",0,4,0.0,0,0.0,0,2.5,0.0,0,1,0,0,-16.67,4,None,None,0,100.0,0,"Damage: 0, Status: 0, Hazard: 0, Weather: 0, Cleric: 0, Screen: 0, Pass: 0",None
bird_keeper_gs_vance_0612_Noctowl,bird_keeper_gs_vance_0612,NOCTOWL,"Zen Headbutt: 732 (39.4%), Extrasensory: 729 (39.2%), Roost: 363 (19.5%), Psycho Shift: 30 (1.6%), Take Down: 5 (0.3%), Air Slash: 1 (0.1%)",345,171,2.02,37,2.23,2,6.78,3.21,92,122,103,133,3.17,367,"Electrode: 22, Magnemite: 14, Graveler: 13","Seaking: 10, Electrode: 8, Ampharos: 8",46,,0,"Damage: 37, Status: 5, Hazard: 0, Weather: 0, Cleric: 0, Screen: 0, Pass: 0",None
bird_keeper_gs_vance_0612_Pidgeot,bird_keeper_gs_vance_0612,PIDGEOT,"Wing Attack: 3209 (33.5%), Mirror Move: 2632 (27.5%), Roost: 1613 (16.8%), Tailwind: 1373 (14.3%), Feather Dance: 393 (4.1%), Agility: 361 (3.8%), Twister: 7 (0.1%)",1902,635,3.0,273,3.43,27,8.72,4.77,265,160,385,85,4.86,1194,"Magikarp: 57, Seaking: 46, Voltorb: 40","Electrode: 25, Graveler: 23, Seaking: 19",314,80.02,0,"Damage: 273, Status: 12, Hazard: 0, Weather: 0, Cleric: 0, Screen: 0, Pass: 0",None
bird_keeper_gs_vance_0612_Pidgeotto,bird_keeper_gs_vance_0612,PIDGEOTTO,"Feather Dance: 5 (35.7%), Twister: 4 (28.6%), Agility: 3 (21.4%), Whirlwind: 1 (7.1%), Wing Attack: 1 (7.1%)",0,6,0.0,0,0.0,0,4.0,0.0,0,0,0,0,0.0,6,None,None,0,100.0,0,"Damage: 0, Status: 0, Hazard: 0, Weather: 0, Cleric: 0, Screen: 0, Pass: 0",None
bird_keeper_gs_vance_0612_Quagsire,bird_keeper_gs_vance_0612,QUAGSIRE,None,0,0,0.0,0,0.0,0,0.0,0.0,0,0,0,0,0.0,1,None,None,0,,0,"Damage: 0, Status: 0, Hazard: 0, Weather: 0, Cleric: 0, Screen: 0, Pass: 0",None
black_belt_ander_0550_Graveler,black_belt_ander_0550,GRAVELER,"Explosion: 443 (55.2%), Rollout: 177 (22.1%), Rock Blast: 100 (12.5%), Earthquake: 82 (10.2%)",548,639,0.86,29,0.9,0,2.42,0.94,62,51,35,0,5.5,699,"Primeape: 27, Magmar: 20, Sandslash: 15","Quagsire: 8, Victreebel: 8, Poliwrath: 7",63,62.5,7,"Damage: 29, Status: 0, Hazard: 0, Weather: 0, Cleric: 0, Screen: 0, Pass: 0",None
black_belt_ander_0550_Machoke,black_belt_ander_0550,MACHOKE,"Scary Face: 995 (62.7%), Wake Up Slap: 204 (12.9%), Submission: 195 (12.3%), Cross Chop: 192 (12.1%)",211,388,0.54,40,0.65,2,3.83,1.79,36,210,56,0,-7.19,665,"Graveler: 13, Magnemite: 9, Teddiursa: 7","Seaking: 14, Quagsire: 12, Tentacruel: 12",16,,0,"Damage: 40, Status: 0, Hazard: 0, Weather: 0, Cleric: 0, Screen: 0, Pass: 0",None
black_belt_ander_0550_Primeape,black_belt_ander_0550,PRIMEAPE,"Swagger: 2367 (39.9%), Cross Chop: 1203 (20.3%), Assurance: 1196 (20.2%), Rage: 1169 (19.7%)",1303,685,1.9,762,3.01,98,5.05,1.71,246,581,141,0,-3.19,1311,"Magikarp: 55, Voltorb: 34, Onix: 33","Graveler: 52, Weezing: 14, Pidgeot: 14",199,72.85,0,"Damage: 600, Status: 675, Hazard: 0, Weather: 0, Cleric: 0, Screen: 0, Pass: 0",None
black_belt_ander_0550_Quagsire,black_belt_ander_0550,QUAGSIRE,None,0,0,0.0,0,0.0,0,0.0,0.0,0,0,0,0,0.0,2,None,None,0,,0,"Damage: 0, Status: 0, Hazard: 0, Weather: 0, Cleric: 0, Screen: 0, Pass: 0",None
black_belt_kenji_0017_Machoke,black_belt_kenji_0017,MACHOKE,"Foresight: 1347 (35.1%), Seismic Toss: 839 (21.9%), Vital Throw: 830 (21.6%), Revenge: 819 (21.4%)",906,833,1.09,17,1.11,0,4.13,2.53,122,26,199,0,7.31,1185,"Magikarp: 54, Goldeen: 33, Magnemite: 33","Seaking: 30, Graveler: 24, Koffing: 18",117,49.37,0,"Damage: 17, Status: 0, Hazard: 0, Weather: 0, Cleric: 0, Screen: 0, Pass: 0",None
black_belt_kenji_0250_Dugtrio,black_belt_kenji_0250,DUGTRIO,None,0,0,0.0,0,0.0,0,0.0,0.0,0,0,1,0,100.0,1,None,None,0,,0,"Damage: 0, Status: 0, Hazard: 0, Weather: 0, Cleric: 0, Screen: 0, Pass: 0",None
black_belt_kenji_0250_Hitmonlee,black_belt_kenji_0250,HITMONLEE,"Focus Energy: 672 (31.7%), Feint: 513 (24.2%), Hi Jump Kick: 500 (23.6%), Brick Break: 438 (20.6%)",462,621,0.74,128,0.95,2,3.9,1.78,285,63,112,0,14.94,860,"Magnemite: 40, Butterfree: 17, Seadra: 13","Butterfree: 21, Qwilfish: 17, Golduck: 14",62,47.92,1,"Damage: 128, Status: 0, Hazard: 0, Weather: 0, Cleric: 0, Screen: 0, Pass: 0",None
black_belt_kenji_0250_Machoke,black_belt_kenji_0250,MACHOKE,"Submission: 460 (26.5%), Seismic Toss: 450 (25.9%), Revenge: 418 (24.1%), Vital Throw: 405 (23.3%), Foresight: 3 (0.2%)",510,663,0.77,165,1.02,1,3.72,1.87,73,114,105,0,3.48,913,"Goldeen: 19, Butterfree: 17, Poliwhirl: 14","Seadra: 24, Seaking: 24, Azumarill: 17",64,100.0,1,"Damage: 165, Status: 0, Hazard: 0, Weather: 0, Cleric: 0, Screen: 0, Pass: 0",None
black_belt_kenji_0250_Onix,black_belt_kenji_0250,ONIX,"Sandstorm: 1922 (26.5%), Rock Tomb: 1793 (24.7%), Slam: 1781 (24.5%), Rage: 1767 (24.3%)",561,1696,0.33,864,0.84,61,7.92,4.22,283,999,383,1089,-4.36,1275,"Magikarp: 48, Bellsprout: 29, Gastly: 19","Butterfree: 64, Qwilfish: 39, Golduck: 38",69,36.06,2,"Damage: 706, Status: 0, Hazard: 0, Weather: 711, Cleric: 0, Screen: 0, Pass: 0",None
black_belt_kenji_0250_Quagsire,black_belt_kenji_0250,QUAGSIRE,None,0,0,0.0,0,0.0,0,0.0,0.0,0,0,0,0,0.0,4,None,None,0,,0,"Damage: 0, Status: 0, Hazard: 0, Weather: 0, Cleric: 0, Screen: 0, Pass: 0",None
black_belt_kenji_0278_Dugtrio,black_belt_kenji_0278,DUGTRIO,None,0,0,0.0,0,0.0,0,0.0,0.0,0,0,4,0,100.0,2,None,None,0,,0,"Damage: 0, Status: 0, Hazard: 0, Weather: 0, Cleric: 0, Screen: 0, Pass: 0",None
black_belt_kenji_0278_Hitmonlee,black_belt_kenji_0278,HITMONLEE,"Mind Reader: 890 (40.3%), Foresight: 651 (29.5%), Hi Jump Kick: 334 (15.1%), Blaze Kick: 323 (14.6%), Feint: 5 (0.2%), Focus Energy: 2 (0.1%), Brick Break: 1 (0.0%)",315,511,0.62,67,0.75,2,4.77,2.38,54,23,96,13,5.46,672,"Butterfree: 30, Skiploom: 11, Bellossom: 9","Quagsire: 15, Rapidash: 14, Weezing: 13",36,,1,"Damage: 67, Status: 4, Hazard: 0, Weather: 0, Cleric: 0, Screen: 0, Pass: 0",None
black_belt_kenji_0278_Machamp,black_belt_kenji_0278,MACHAMP,"Submission: 589 (26.9%), Wake Up Slap: 550 (25.1%), Vital Throw: 526 (24.0%), Revenge: 523 (23.9%)",871,510,1.71,134,1.97,4,3.97,2.04,118,135,122,0,4.55,930,"Magnemite: 30, Marill: 24, Goldeen: 23","Quagsire: 18, Seadra: 16, Golduck: 13",121,50.0,0,"Damage: 134, Status: 0, Hazard: 0, Weather: 0, Cleric: 0, Screen: 0, Pass: 0",None
black_belt_kenji_0278_Machoke,black_belt_kenji_0278,MACHOKE,"Vital Throw: 3 (30.0%), Foresight: 3 (30.0%), Seismic Toss: 2 (20.0%), Revenge: 2 (20.0%)",0,4,0.0,0,0.0,0,3.5,0.0,0,0,0,0,0.0,4,None,None,0,100.0,0,"Damage: 0, Status: 0, Hazard: 0, Weather: 0, Cleric: 0, Screen: 0, Pass: 0",None
black_belt_kenji_0278_Onix,black_belt_kenji_0278,ONIX,"Rock Polish: 3621 (38.3%), Sandstorm: 2124 (22.5%), Slam: 1863 (19.7%), Rock Tomb: 1486 (15.7%), Dragon Breath: 342 (3.6%), Rage: 15 (0.2%), Struggle: 6 (0.1%)",568,1593,0.36,873,0.9,52,9.48,4.7,162,893,374,928,-3.63,1260,"Magikarp: 49, Bellsprout: 28, Pidgey: 20","Butterfree: 58, Quagsire: 44, Rapidash: 39",76,34.1,1,"Damage: 571, Status: 42, Hazard: 0, Weather: 761, Cleric: 0, Screen: 0, Pass: 0",None
black_belt_kenji_0278_Quagsire,black_belt_kenji_0278,QUAGSIRE,None,0,0,0.0,0,0.0,0,0.0,0.0,0,0,0,0,0.0,6,None,None,0,,0,"Damage: 0, Status: 0, Hazard: 0, Weather: 0, Cleric: 0, Screen: 0, Pass: 0",None
black_belt_kenji_0605_Dugtrio,black_belt_kenji_0605,DUGTRIO,None,0,0,0.0,0,0.0,0,0.0,0.0,0,0,1,0,100.0,1,None,None,0,,0,"Damage: 0, Status: 0, Hazard: 0, Weather: 0, Cleric: 0, Screen: 0, Pass: 0",None
black_belt_kenji_0605_Hitmonlee,black_belt_kenji_0605,HITMONLEE,"Endure: 2398 (70.5%), Close Combat: 335 (9.9%), Mega Kick: 332 (9.8%), Blaze Kick: 330 (9.7%), Brick Break: 1 (0.0%), Feint: 1 (0.0%), Focus Energy: 1 (0.0%), Mind Reader: 1 (0.0%), Foresight: 1 (0.0%)",547,486,1.13,109,1.35,9,6.0,3.13,55,146,132,15,1.21,725,"Butterfree: 36, Skiploom: 17, Seaking: 17","Seaking: 25, Quagsire: 17, Poliwrath: 17",70,,1,"Damage: 109, Status: 9, Hazard: 0, Weather: 0, Cleric: 0, Screen: 0, Pass: 0",None
black_belt_kenji_0605_Machamp,black_belt_kenji_0605,MACHAMP,"Scary Face: 1906 (60.5%), Dynamic Punch: 438 (13.9%), Cross Chop: 430 (13.7%), Wake Up Slap: 371 (11.8%), Submission: 3 (0.1%), Vital Throw: 2 (0.1%)",575,306,1.88,27,1.97,15,6.54,3.55,59,523,114,71,-10.72,636,"Seaking: 24, Cloyster: 14, Quagsire: 13","Parasect: 9, Seaking: 9, Victreebel: 8",75,54.0,0,"Damage: 27, Status: 15, Hazard: 0, Weather: 0, Cleric: 0, Screen: 0, Pass: 0",None
black_belt_kenji_0605_Machoke,black_belt_kenji_0605,MACHOKE,"Vital Throw: 15 (39.5%), Seismic Toss: 12 (31.6%), Foresight: 5 (13.2%), Revenge: 4 (10.5%), Submission: 2 (5.3%)",0,4,0.0,0,0.0,0,11.0,0.0,1,0,0,0,2.63,4,None,None,0,100.0,0,"Damage: 0, Status: 0, Hazard: 0, Weather: 0, Cleric: 0, Screen: 0, Pass: 0",None
black_belt_kenji_0605_Onix,black_belt_kenji_0605,ONIX,"Curse: 6068 (44.8%), Rock Polish: 4053 (29.9%), Iron Tail: 1499 (11.1%), Dragon Breath: 1107 (8.2%), Double Edge: 397 (2.9%), Sand Tomb: 346 (2.6%), Rock Tomb: 23 (0.2%), Slam: 19 (0.1%), Sandstorm: 17 (0.1%), Rage: 8 (0.1%)",1066,1563,0.68,339,0.9,57,11.78,7.15,168,676,562,346,0.19,1271,"Magikarp: 57, Pikachu: 29, Bellsprout: 27","Seaking: 56, Quagsire: 42, Victreebel: 35",143,38.38,0,"Damage: 339, Status: 40, Hazard: 0, Weather: 0, Cleric: 0, Screen: 0, Pass: 0",None
black_belt_kenji_0605_Quagsire,black_belt_kenji_0605,QUAGSIRE,None,0,0,0.0,0,0.0,0,0.0,0.0,0,0,0,0,0.0,4,None,None,0,,0,"Damage: 0, Status: 0, Hazard: 0, Weather: 0, Cleric: 0, Screen: 0, Pass: 0",None
black_belt_kiyo_0158_Dugtrio,black_belt_kiyo_0158,DUGTRIO,None,0,0,0.0,0,0.0,0,0.0,0.0,0,0,3,0,100.0,2,None,None,0,,0,"Damage: 0, Status: 0, Hazard: 0, Weather: 0, Cleric: 0, Screen: 0, Pass: 0",None
black_belt_kiyo_0158_Hitmonchan,black_belt_kiyo_0158,HITMONCHAN,"Vacuum Wave: 895 (29.5%), Ice Punch: 755 (24.9%), Fire Punch: 738 (24.3%), Thunder Punch: 644 (21.2%)",771,630,1.22,63,1.32,0,4.56,2.18,189,50,138,138,8.79,973,"Butterfree: 53, Beedrill: 26, Gastly: 23","Seaking: 21, Quagsire: 18, Seadra: 18",103,52.0,1,"Damage: 63, Status: 15, Hazard: 0, Weather: 0, Cleric: 0, Screen: 0, Pass: 0",None
black_belt_kiyo_0158_Hitmonlee,black_belt_kiyo_0158,HITMONLEE,"Mind Reader: 2430 (41.3%), Feint: 1192 (20.2%), Focus Energy: 1144 (19.4%), Hi Jump Kick: 1124 (19.1%)",1056,898,1.18,333,1.55,84,5.06,2.54,504,61,230,0,11.0,1353,"Magikarp: 56, Voltorb: 32, Bellsprout: 28","Seaking: 26, Graveler: 21, Beedrill: 21",152,53.58,0,"Damage: 333, Status: 0, Hazard: 0, Weather: 0, Cleric: 0, Screen: 0, Pass: 0",None
black_belt_kiyo_0158_Quagsire,black_belt_kiyo_0158,QUAGSIRE,None,0,0,0.0,0,0.0,0,0.0,0.0,0,0,0,0,0.0,6,None,None,0,,0,"Damage: 0, Status: 0, Hazard: 0, Weather: 0, Cleric: 0, Screen: 0, Pass: 0",None
black_belt_lao_0157_Hitmonchan,black_belt_lao_0157,HITMONCHAN,"Mach Punch: 1112 (29.5%), Fire Punch: 946 (25.1%), Ice Punch: 927 (24.6%), Thunder Punch: 783 (20.8%)",1130,775,1.46,65,1.54,0,3.57,1.76,225,31,116,166,7.79,1209,"Magikarp: 56, Geodude: 35, Voltorb: 33","Graveler: 34, Seaking: 24, Seadra: 16",162,56.99,0,"Damage: 65, Status: 14, Hazard: 0, Weather: 0, Cleric: 0, Screen: 0, Pass: 0",None
black_belt_lung_0159_Dugtrio,black_belt_lung_0159,DUGTRIO,None,0,0,0.0,0,0.0,0,0.0,0.0,0,0,2,0,100.0,2,None,None,0,,0,"Damage: 0, Status: 0, Hazard: 0, Weather: 0, Cleric: 0, Screen: 0, Pass: 0",None
black_belt_lung_0159_Mankey,black_belt_lung_0159,MANKEY,"Screech: 3114 (59.9%), Karate Chop: 698 (13.4%), Seismic Toss: 697 (13.4%), Fury Swipes: 689 (13.3%)",634,1893,0.33,209,0.45,19,6.0,3.17,183,781,211,0,-7.15,1205,"Magikarp: 54, Bellsprout: 28, Geodude: 21","Seaking: 45, Fearow: 41, Quagsire: 40",85,25.12,0,"Damage: 209, Status: 0, Hazard: 0, Weather: 0, Cleric: 0, Screen: 0, Pass: 0",None
black_belt_lung_0159_Primeape,black_belt_lung_0159,PRIMEAPE,"Screech: 1260 (56.0%), Seismic Toss: 361 (16.0%), Assurance: 316 (14.0%), Karate Chop: 314 (13.9%)",335,827,0.41,45,0.46,0,3.91,1.84,59,219,111,0,-2.07,968,"Goldeen: 17, Fearow: 10, Haunter: 8","Seaking: 28, Graveler: 19, Quagsire: 16",30,,3,"Damage: 45, Status: 0, Hazard: 0, Weather: 0, Cleric: 0, Screen: 0, Pass: 0",None
black_belt_lung_0159_Quagsire,black_belt_lung_0159,QUAGSIRE,None,0,0,0.0,0,0.0,0,0.0,0.0,0,0,0,0,0.0,8,None,None,0,,0,"Damage: 0, Status: 0, Hazard: 0, Weather: 0, Cleric: 0, Screen: 0, Pass: 0",None
black_belt_manford_0548_Poliwrath,black_belt_manford_0548,POLIWRATH,"Hypnosis: 4808 (41.4%), Hydro Pump: 2401 (20.7%), Dynamic Punch: 2376 (20.4%), Mud Shot: 2038 (17.5%), Struggle: 4 (0.0%)",2258,435,5.19,71,5.35,0,8.8,2.36,321,3817,237,1795,-27.47,1398,"Magikarp: 58, Pikachu: 57, Seaking: 51","Noctowl: 13, Hypno: 12, Quagsire: 11",330,88.7,0,"Damage: 69, Status: 66, Hazard: 0, Weather: 0, Cleric: 0, Screen: 0, Pass: 0",None
black_belt_nob_0251_Dugtrio,black_belt_nob_0251,DUGTRIO,None,0,0,0.0,0,0.0,0,0.0,0.0,0,0,2,0,100.0,2,None,None,0,,0,"Damage: 0, Status: 0, Hazard: 0, Weather: 0, Cleric: 0, Screen: 0, Pass: 0",None
black_belt_nob_0251_Machoke,black_belt_nob_0251,MACHOKE,"Leer: 1207 (67.5%), Seismic Toss: 222 (12.4%), Rock Slide: 183 (10.2%), Karate Chop: 176 (9.8%)",135,843,0.16,12,0.17,0,3.91,2.22,35,0,0,39,2.04,917,"Fearow: 7, Skiploom: 5, Gyarados: 5","Graveler: 22, Seaking: 20, Butterfree: 18",6,22.92,0,"Damage: 12, Status: 0, Hazard: 0, Weather: 0, Cleric: 0, Screen: 0, Pass: 0",None
black_belt_nob_0251_Machop,black_belt_nob_0251,MACHOP,"Focus Energy: 801 (30.0%), Karate Chop: 650 (24.3%), Seismic Toss: 611 (22.9%), Vital Throw: 608 (22.8%)",659,905,0.73,104,0.84,15,3.27,1.97,310,0,0,0,11.61,1172,"Magikarp: 54, Geodude: 28, Bellsprout: 28","Graveler: 26, Koffing: 22, Seaking: 20",95,36.01,0,"Damage: 104, Status: 0, Hazard: 0, Weather: 0, Cleric: 0, Screen: 0, Pass: 0",None
black_belt_nob_0251_Quagsire,black_belt_nob_0251,QUAGSIRE,None,0,0,0.0,0,0.0,0,0.0,0.0,0,0,0,0,0.0,4,None,None,0,,0,"Damage: 0, Status: 0, Hazard: 0, Weather: 0, Cleric: 0, Screen: 0, Pass: 0",None
black_belt_wai_0339_Dugtrio,black_belt_wai_0339,DUGTRIO,None,0,0,0.0,0,0.0,0,0.0,0.0,0,0,1,0,100.0,1,None,None,0,,0,"Damage: 0, Status: 0, Hazard: 0, Weather: 0, Cleric: 0, Screen: 0, Pass: 0",None
black_belt_wai_0339_Machoke,black_belt_wai_0339,MACHOKE,"Wake Up Slap: 1207 (25.9%), Submission: 1168 (25.0%), Vital Throw: 1137 (24.4%), Revenge: 781 (16.7%), Cross Chop: 374 (8.0%)",1756,1170,1.5,157,1.64,7,4.94,3.23,313,8,1,0,6.56,1228,"Magikarp: 58, Voltorb: 47, Magnemite: 45","Electrode: 28, Butterfree: 27, Seadra: 26",263,64.38,0,"Damage: 157, Status: 0, Hazard: 0, Weather: 0, Cleric: 0, Screen: 0, Pass: 0",None
black_belt_wai_0339_Meditite,black_belt_wai_0339,MEDITITE,"Power Trick: 424 (36.7%), Hi Jump Kick: 269 (23.3%), Force Palm: 255 (22.1%), Psych Up: 206 (17.9%)",135,472,0.29,63,0.42,0,3.75,1.8,34,37,70,52,5.24,554,"Qwilfish: 7, Koffing: 7, Onix: 6","Qwilfish: 14, Parasect: 12, Beedrill: 11",10,,1,"Damage: 63, Status: 13, Hazard: 0, Weather: 0, Cleric: 0, Screen: 0, Pass: 0",None
black_belt_wai_0339_Quagsire,black_belt_wai_0339,QUAGSIRE,None,0,0,0.0,0,0.0,0,0.0,0.0,0,0,0,0,0.0,2,None,None,0,,0,"Damage: 0, Status: 0, Hazard: 0, Weather: 0, Cleric: 0, Screen: 0, Pass: 0",None
black_belt_yoshi_0156_Hitmonlee,black_belt_yoshi_0156,HITMONLEE,"Meditate: 3242 (58.5%), Focus Energy: 952 (17.2%), Jump Kick: 681 (12.3%), Double Kick: 663 (12.0%)",848,922,0.92,9,0.93,0,5.03,2.78,311,133,248,0,7.36,1262,"Magikarp: 57, Pidgey: 33, Geodude: 30","Seaking: 20, Graveler: 17, Koffing: 16",115,38.35,0,"Damage: 9, Status: 0, Hazard: 0, Weather: 0, Cleric: 0, Screen: 0, Pass: 0",None
boarder_bryce_0681_Dewgong,boarder_bryce_0681,DEWGONG,"Dive: 2304 (40.6%), Ice Beam: 1394 (24.5%), Aqua Tail: 1226 (21.6%), Safeguard: 756 (13.3%)",1919,216,8.88,236,9.98,96,5.32,1.85,197,141,1042,55,16.27,1156,"Magikarp: 57, Voltorb: 37, Magnemite: 36","Starmie: 13, Tentacruel: 9, Sunflora: 9",307,94.29,2,"Damage: 236, Status: 4, Hazard: 0, Weather: 0, Cleric: 0, Screen: 0, Pass: 0",None
boarder_bryce_0681_Dugtrio,boarder_bryce_0681,DUGTRIO,None,0,0,0.0,0,0.0,0,0.0,0.0,0,0,3,0,100.0,2,None,None,0,,0,"Damage: 0, Status: 0, Hazard: 0, Weather: 0, Cleric: 0, Screen: 0, Pass: 0",None
boarder_bryce_0681_Lapras,boarder_bryce_0681,LAPRAS,"Ice Beam: 352 (30.9%), Brine: 301 (26.4%), Hydro Pump: 296 (25.9%), Safeguard: 192 (16.8%)",394,97,4.06,14,4.21,0,4.58,2.05,58,74,57,21,3.79,352,"Seaking: 27, Quagsire: 20, Qwilfish: 14","Starmie: 10, Seaking: 7, Vileplume: 6",51,94.0,0,"Damage: 14, Status: 2, Hazard: 0, Weather: 0, Cleric: 0, Screen: 0, Pass: 0",None
boarder_deandre_0482_Dewgong,boarder_deandre_0482,DEWGONG,"Ice Shard: 2668 (44.7%), Rest: 1784 (29.9%), Encore: 888 (14.9%), Aqua Ring: 622 (10.4%), Struggle: 6 (0.1%)",271,852,0.32,96,0.43,20,10.34,6.13,134,127,338,0,5.47,996,"Haunter: 19, Shellder: 10, Skiploom: 10","Seaking: 23, Graveler: 17, Butterfree: 16",40,33.96,1,"Damage: 96, Status: 0, Hazard: 0, Weather: 0, Cleric: 0, Screen: 0, Pass: 0",None
boarder_deandre_0482_Dugtrio,boarder_deandre_0482,DUGTRIO,None,0,0,0.0,0,0.0,0,0.0,0.0,0,0,1,0,100.0,1,None,None,0,,0,"Damage: 0, Status: 0, Hazard: 0, Weather: 0, Cleric: 0, Screen: 0, Pass: 0",None
boarder_deandre_0482_Quagsire,boarder_deandre_0482,QUAGSIRE,None,0,0,0.0,0,0.0,0,0.0,0.0,0,0,0,0,0.0,4,None,None,0,,0,"Damage: 0, Status: 0, Hazard: 0, Weather: 0, Cleric: 0, Screen: 0, Pass: 0",None
boarder_deandre_0482_Seel,boarder_deandre_0482,SEEL,"Ice Shard: 5209 (43.7%), Rest: 3369 (28.2%), Encore: 1700 (14.3%), Aqua Ring: 1576 (13.2%), Struggle: 74 (0.6%)",478,1805,0.26,258,0.41,116,19.08,9.12,278,290,678,0,5.28,1166,"Magikarp: 54, Bellsprout: 28, Geodude: 22","Seaking: 43, Fearow: 33, Sandslash: 32",69,24.96,10,"Damage: 258, Status: 0, Hazard: 0, Weather: 0, Cleric: 0, Screen: 0, Pass: 0",None
boarder_gerardo_0484_Cloyster,boarder_gerardo_0484,CLOYSTER,"Ice Shard: 1511 (37.7%), Aurora Beam: 1264 (31.5%), Supersonic: 757 (18.9%), Toxic Spikes: 477 (11.9%), Struggle: 4 (0.1%)",494,834,0.59,202,0.83,2,5.29,2.4,143,387,141,100,-2.33,1083,"Goldeen: 17, Skiploom: 16, Machop: 14","Seaking: 24, Butterfree: 19, Graveler: 18",61,40.35,0,"Damage: 167, Status: 93, Hazard: 60, Weather: 0, Cleric: 0, Screen: 0, Pass: 0",None
boarder_gerardo_0484_Dugtrio,boarder_gerardo_0484,DUGTRIO,None,0,0,0.0,0,0.0,0,0.0,0.0,0,0,2,0,100.0,2,None,None,0,,0,"Damage: 0, Status: 0, Hazard: 0, Weather: 0, Cleric: 0, Screen: 0, Pass: 0",None
boarder_gerardo_0484_Quagsire,boarder_gerardo_0484,QUAGSIRE,None,0,0,0.0,0,0.0,0,0.0,0.0,0,0,0,0,0.0,4,None,None,0,,0,"Damage: 0, Status: 0, Hazard: 0, Weather: 0, Cleric: 0, Screen: 0, Pass: 0",None
boarder_gerardo_0484_Seel,boarder_gerardo_0484,SEEL,"Ice Shard: 1116 (40.0%), Icy Wind: 871 (31.2%), Encore: 437 (15.7%), Aqua Ring: 366 (13.1%)",88,795,0.11,55,0.18,0,4.98,2.33,105,102,110,748,3.9,863,"Growlithe: 9, Remoraid: 3, Magmar: 3","Seaking: 23, Butterfree: 22, Teddiursa: 15",4,,6,"Damage: 55, Status: 0, Hazard: 0, Weather: 0, Cleric: 0, Screen: 0, Pass: 0",None
boarder_gerardo_0484_Shellder,boarder_gerardo_0484,SHELLDER,"Ice Shard: 1728 (31.2%), Icicle Spear: 1426 (25.8%), Leer: 1398 (25.2%), Supersonic: 985 (17.8%)",429,1061,0.4,505,0.88,11,5.27,2.55,337,568,185,0,-0.8,1262,"Magikarp: 50, Bellsprout: 27, Geodude: 19","Teddiursa: 24, Graveler: 24, Koffing: 21",53,27.58,0,"Damage: 489, Status: 212, Hazard: 0, Weather: 0, Cleric: 0, Screen: 0, Pass: 0",None
boarder_patton_0483_Quagsire,boarder_patton_0483,QUAGSIRE,None,0,0,0.0,0,0.0,0,0.0,0.0,0,0,1,0,100.0,4,None,None,0,,0,"Damage: 0, Status: 0, Hazard: 0, Weather: 0, Cleric: 0, Screen: 0, Pass: 0",None
boarder_patton_0483_Swinub,boarder_patton_0483,SWINUB,"Endure: 2230 (31.6%), Icy Wind: 1955 (27.7%), Mud Slap: 1428 (20.2%), Mud Bomb: 1415 (20.1%), Struggle: 25 (0.4%)",712,1840,0.39,38,0.41,0,6.67,3.05,259,501,1162,2957,11.21,1170,"Magikarp: 57, Gastly: 28, Bellsprout: 28","Magmar: 39, Seaking: 38, Butterfree: 33",91,27.75,1,"Damage: 38, Status: 0, Hazard: 0, Weather: 0, Cleric: 0, Screen: 0, Pass: 0",None
boarder_shaun_0682_Cloyster,boarder_shaun_0682,CLOYSTER,"Protect: 1982 (31.1%), Aurora Beam: 1816 (28.5%), Spike Cannon: 1723 (27.0%), Spikes: 851 (13.4%)",1796,385,4.66,353,5.58,1,5.71,2.3,365,54,156,70,7.16,1196,"Magikarp: 58, Seaking: 42, Voltorb: 39","Electrode: 13, Electabuzz: 10, Butterfree: 9",280,84.2,0,"Damage: 258, Status: 0, Hazard: 143, Weather: 0, Cleric: 0, Screen: 0, Pass: 0",None
boarder_shaun_0682_Dewgong,boarder_shaun_0682,DEWGONG,"Dive: 534 (34.1%), Ice Beam: 373 (23.8%), Take Down: 362 (23.1%), Aqua Tail: 299 (19.1%)",478,172,2.78,23,2.91,0,5.01,1.89,72,109,285,27,13.89,433,"Electrode: 17, Magmar: 16, Quagsire: 15","Nidoqueen: 6, Quagsire: 6, Machamp: 6",66,83.33,0,"Damage: 23, Status: 4, Hazard: 0, Weather: 0, Cleric: 0, Screen: 0, Pass: 0",None
boarder_shaun_0682_Dugtrio,boarder_shaun_0682,DUGTRIO,None,0,0,0.0,0,0.0,0,0.0,0.0,0,0,3,0,100.0,2,None,None,0,,0,"Damage: 0, Status: 0, Hazard: 0, Weather: 0, Cleric: 0, Screen: 0, Pass: 0",None
boarder_shaun_0682_Quagsire,boarder_shaun_0682,QUAGSIRE,None,0,0,0.0,0,0.0,0,0.0,0.0,0,0,0,0,0.0,1,None,None,0,,0,"Damage: 0, Status: 0, Hazard: 0, Weather: 0, Cleric: 0, Screen: 0, Pass: 0",None
bug_catcher_abner_0694_Beedrill,bug_catcher_abner_0694,BEEDRILL,"Poison Jab: 651 (26.7%), Endeavor: 618 (25.3%), Assurance: 585 (24.0%), Agility: 584 (24.0%)",397,513,0.77,96,0.96,48,4.77,2.42,79,25,111,100,6.12,751,"Voltorb: 15, Seaking: 12, Koffing: 10","Magmar: 16, Azumarill: 16, Rapidash: 15",48,62.96,4,"Damage: 96, Status: 20, Hazard: 0, Weather: 0, Cleric: 0, Screen: 0, Pass: 0",None
bug_catcher_abner_0694_Butterfree,bug_catcher_abner_0694,BUTTERFREE,"Bug Buzz: 2903 (47.5%), Safeguard: 1334 (21.8%), Tailwind: 1333 (21.8%), Captivate: 541 (8.9%)",1294,734,1.76,366,2.26,142,5.47,2.57,170,33,183,140,4.89,1303,"Magikarp: 57, Geodude: 30, Goldeen: 28","Magmar: 22, Seaking: 21, Golduck: 20",187,67.38,4,"Damage: 366, Status: 0, Hazard: 0, Weather: 0, Cleric: 0, Screen: 0, Pass: 0",None
bug_catcher_abner_0694_Dugtrio,bug_catcher_abner_0694,DUGTRIO,None,0,0,0.0,0,0.0,0,0.0,0.0,0,0,3,0,100.0,2,None,None,0,,0,"Damage: 0, Status: 0, Hazard: 0, Weather: 0, Cleric: 0, Screen: 0, Pass: 0",None
bug_catcher_abner_0694_Pikachu,bug_catcher_abner_0694,PIKACHU,"Feint: 536 (29.5%), Agility: 483 (26.6%), Discharge: 470 (25.9%), Light Screen: 328 (18.1%)",250,583,0.43,168,0.72,12,3.73,1.64,58,18,88,86,6.93,726,"Butterfree: 12, Fearow: 12, Magnemite: 12","Seaking: 20, Magmar: 19, Azumarill: 16",19,,3,"Damage: 145, Status: 75, Hazard: 0, Weather: 0, Cleric: 0, Screen: 23, Pass: 0",None
bug_catcher_abner_0694_Quagsire,bug_catcher_abner_0694,QUAGSIRE,None,0,0,0.0,0,0.0,0,0.0,0.0,0,0,0,0,0.0,6,None,None,0,,0,"Damage: 0, Status: 0, Hazard: 0, Weather: 0, Cleric: 0, Screen: 0, Pass: 0",None
bug_catcher_al_0068_Caterpie,bug_catcher_al_0068,CATERPIE,"Tackle: 1626 (54.6%), String Shot: 1351 (45.4%)",105,1100,0.1,74,0.16,5,3.75,1.8,87,266,138,0,-1.32,1137,"Bellsprout: 26, Magikarp: 11, Caterpie: 10","Geodude: 22, Graveler: 20, Koffing: 19",12,9.94,0,"Damage: 74, Status: 0, Hazard: 0, Weather: 0, Cleric: 0, Screen: 0, Pass: 0",None
bug_catcher_al_0068_Dugtrio,bug_catcher_al_0068,DUGTRIO,None,0,0,0.0,0,0.0,0,0.0,0.0,0,0,2,0,100.0,2,None,None,0,,0,"Damage: 0, Status: 0, Hazard: 0, Weather: 0, Cleric: 0, Screen: 0, Pass: 0",None
bug_catcher_al_0068_Quagsire,bug_catcher_al_0068,QUAGSIRE,None,0,0,0.0,0,0.0,0,0.0,0.0,0,0,0,0,0.0,4,None,None,0,,0,"Damage: 0, Status: 0, Hazard: 0, Weather: 0, Cleric: 0, Screen: 0, Pass: 0",None
bug_catcher_al_0068_Weedle,bug_catcher_al_0068,WEEDLE,"Poison Sting: 1207 (57.0%), String Shot: 911 (43.0%)",34,1071,0.03,57,0.08,0,3.88,1.65,74,94,129,345,5.36,1111,"Magikarp: 8, Geodude: 3, Ledyba: 3","Magmar: 19, Onix: 18, Seaking: 18",1,8.33,0,"Damage: 57, Status: 46, Hazard: 0, Weather: 0, Cleric: 0, Screen: 0, Pass: 0",None
bug_catcher_arnie_0078_Venonat,bug_catcher_arnie_0078,VENONAT,"Confusion: 1551 (42.9%), Supersonic: 838 (23.2%), Foresight: 647 (17.9%), Poison Powder: 578 (16.0%)",255,987,0.26,162,0.42,0,4.28,2.07,99,340,141,126,-2.66,1143,"Magikarp: 46, Bellsprout: 34, Geodude: 12","Graveler: 19, Koffing: 18, Seaking: 18",36,22.83,0,"Damage: 155, Status: 158, Hazard: 0, Weather: 0, Cleric: 0, Screen: 0, Pass: 0",None
bug_catcher_arnie_0360_Venonat,bug_catcher_arnie_0360,VENONAT,"Psybeam: 2276 (38.1%), Signal Beam: 2246 (37.6%), Sleep Powder: 752 (12.6%), Stun Spore: 701 (11.7%), Confusion: 2 (0.0%), Foresight: 1 (0.0%)",1096,766,1.43,65,1.52,0,5.66,2.21,262,84,133,334,5.04,1202,"Magikarp: 56, Geodude: 30, Bellsprout: 30","Seaking: 27, Graveler: 26, Seadra: 21",152,58.82,0,"Damage: 58, Status: 49, Hazard: 0, Weather: 0, Cleric: 0, Screen: 0, Pass: 0",None
bug_catcher_arnie_0449_Venomoth,bug_catcher_arnie_0449,VENOMOTH,"Confusion: 2519 (29.8%), Leech Life: 2504 (29.7%), Disable: 1785 (21.2%), Supersonic: 1631 (19.3%)",1228,744,1.65,159,1.86,0,7.32,3.64,289,1203,250,155,-7.61,1273,"Magikarp: 57, Bellsprout: 32, Goldeen: 30","Seaking: 29, Graveler: 27, Butterfree: 21",177,64.85,0,"Damage: 155, Status: 118, Hazard: 0, Weather: 0, Cleric: 0, Screen: 0, Pass: 0",None
bug_catcher_arnie_0449_Venonat,bug_catcher_arnie_0449,VENONAT,"Signal Beam: 3 (37.5%), Psybeam: 3 (37.5%), Sleep Powder: 2 (25.0%)",0,4,0.0,0,0.0,0,3.25,0.0,0,0,0,0,0.0,4,None,None,0,100.0,0,"Damage: 0, Status: 0, Hazard: 0, Weather: 0, Cleric: 0, Screen: 0, Pass: 0",None
bug_catcher_arnie_0513_Dugtrio,bug_catcher_arnie_0513,DUGTRIO,None,0,0,0.0,0,0.0,0,0.0,0.0,0,0,3,0,100.0,2,None,None,0,,0,"Damage: 0, Status: 0, Hazard: 0, Weather: 0, Cleric: 0, Screen: 0, Pass: 0",None
bug_catcher_arnie_0513_Nincada,bug_catcher_arnie_0513,NINCADA,"Dig: 1773 (32.0%), Metal Claw: 1453 (26.2%), Leech Life: 1370 (24.7%), Mud Slap: 950 (17.1%)",907,800,1.13,671,1.97,45,5.33,2.19,285,61,1202,909,21.09,1244,"Magikarp: 55, Bellsprout: 27, Pikachu: 26","Seaking: 30, Butterfree: 28, Magmar: 23",123,56.7,0,"Damage: 671, Status: 0, Hazard: 0, Weather: 0, Cleric: 0, Screen: 0, Pass: 0",None
bug_catcher_arnie_0513_Quagsire,bug_catcher_arnie_0513,QUAGSIRE,None,0,0,0.0,0,0.0,0,0.0,0.0,0,0,0,0,0.0,1,None,None,0,,0,"Damage: 0, Status: 0, Hazard: 0, Weather: 0, Cleric: 0, Screen: 0, Pass: 0",None
bug_catcher_arnie_0513_Venomoth,bug_catcher_arnie_0513,VENOMOTH,"Psychic: 824 (25.8%), Signal Beam: 823 (25.8%), Gust: 813 (25.5%), Poison Fang: 709 (22.2%), Confusion: 6 (0.2%), Supersonic: 6 (0.2%), Leech Life: 4 (0.1%), Disable: 3 (0.1%)",1266,250,5.06,61,5.31,0,4.7,1.73,169,56,165,230,8.35,893,"Seaking: 45, Butterfree: 42, Sandslash: 26","Magmar: 13, Rapidash: 12, Flareon: 10",205,75.0,0,"Damage: 61, Status: 28, Hazard: 0, Weather: 0, Cleric: 0, Screen: 0, Pass: 0",None
bug_catcher_arnie_0513_Venonat,bug_catcher_arnie_0513,VENONAT,"Poison Powder: 2 (25.0%), Psybeam: 2 (25.0%), Signal Beam: 2 (25.0%), Supersonic: 1 (12.5%), Stun Spore: 1 (12.5%)",0,4,0.0,0,0.0,0,3.0,0.0,1,3,0,0,-25.0,4,None,None,0,100.0,0,"Damage: 0, Status: 0, Hazard: 0, Weather: 0, Cleric: 0, Screen: 0, Pass: 0",None
bug_catcher_benny_0067_Beedrill,bug_catcher_benny_0067,BEEDRILL,"Fury Attack: 2257 (98.4%), Struggle: 36 (1.6%)",177,1038,0.17,49,0.22,0,4.07,1.79,295,410,130,0,0.62,1127,"Magikarp: 39, Bellsprout: 9, Pidgey: 9","Seaking: 18, Magmar: 17, Graveler: 17",21,,4,"Damage: 49, Status: 0, Hazard: 0, Weather: 0, Cleric: 0, Screen: 0, Pass: 0",None
bug_catcher_benny_0067_Dugtrio,bug_catcher_benny_0067,DUGTRIO,None,0,0,0.0,0,0.0,0,0.0,0.0,0,0,2,0,100.0,2,None,None,0,,0,"Damage: 0, Status: 0, Hazard: 0, Weather: 0, Cleric: 0, Screen: 0, Pass: 0",None
bug_catcher_benny_0067_Kakuna,bug_catcher_benny_0067,KAKUNA,"Harden: 1742 (98.4%), Struggle: 28 (1.6%)",2,1029,0.0,0,0.0,0,3.78,1.64,2,0,112,0,6.06,1046,"Bellsprout: 1, Jigglypuff: 1","Magmar: 21, Seaking: 18, Pikachu: 17",0,6.25,0,"Damage: 0, Status: 0, Hazard: 0, Weather: 0, Cleric: 0, Screen: 0, Pass: 0",None
bug_catcher_benny_0067_Quagsire,bug_catcher_benny_0067,QUAGSIRE,None,0,0,0.0,0,0.0,0,0.0,0.0,0,0,0,0,0.0,4,None,None,0,,0,"Damage: 0, Status: 0, Hazard: 0, Weather: 0, Cleric: 0, Screen: 0, Pass: 0",None
bug_catcher_benny_0067_Weedle,bug_catcher_benny_0067,WEEDLE,"Poison Sting: 1236 (51.2%), String Shot: 1177 (48.8%)",41,1124,0.04,183,0.2,0,3.24,1.65,79,155,126,313,1.48,1139,"Bellsprout: 21, Caterpie: 9, Pidgey: 3","Graveler: 21, Koffing: 20, Geodude: 18",6,7.29,0,"Damage: 183, Status: 114, Hazard: 0, Weather: 0, Cleric: 0, Screen: 0, Pass: 0",None
bug_catcher_dane_0690_Beedrill,bug_catcher_dane_0690,BEEDRILL,"Assurance: 1668 (27.0%), Endeavor: 1570 (25.4%), Poison Jab: 1489 (24.1%), Agility: 1460 (23.6%)",1165,807,1.44,465,2.02,68,5.56,2.85,173,69,194,207,4.65,1303,"Magikarp: 56, Voltorb: 31, Butterfree: 26","Beedrill: 26, Graveler: 26, Seaking: 24",183,61.09,0,"Damage: 465, Status: 99, Hazard: 0, Weather: 0, Cleric: 0, Screen: 0, Pass: 0",None
bug_catcher_dane_0690_Butterfree,bug_catcher_dane_0690,BUTTERFREE,"Bug Buzz: 1565 (50.7%), Tailwind: 672 (21.8%), Safeguard: 670 (21.7%), Captivate: 180 (5.8%)",706,493,1.43,55,1.54,28,5.02,2.34,95,18,117,84,6.12,872,"Magnemite: 26, Butterfree: 22, Seaking: 21","Magmar: 23, Butterfree: 16, Rapidash: 16",90,62.26,1,"Damage: 55, Status: 0, Hazard: 0, Weather: 0, Cleric: 0, Screen: 0, Pass: 0",None
bug_catcher_dane_0690_Dugtrio,bug_catcher_dane_0690,DUGTRIO,None,0,0,0.0,0,0.0,0,0.0,0.0,0,0,2,0,100.0,2,None,None,0,,0,"Damage: 0, Status: 0, Hazard: 0, Weather: 0, Cleric: 0, Screen: 0, Pass: 0",None
bug_catcher_dane_0690_Quagsire,bug_catcher_dane_0690,QUAGSIRE,None,0,0,0.0,0,0.0,0,0.0,0.0,0,0,0,0,0.0,2,None,None,0,,0,"Damage: 0, Status: 0, Hazard: 0, Weather: 0, Cleric: 0, Screen: 0, Pass: 0",None
bug_catcher_dion_0691_Ariados,bug_catcher_dion_0691,ARIADOS,"Psychic: 1563 (26.1%), Pin Missile: 1551 (25.9%), Poison Jab: 1477 (24.7%), Agility: 1393 (23.3%)",1924,513,3.75,70,3.89,0,4.97,2.6,371,335,188,255,3.36,1318,"Magikarp: 58, Seaking: 46, Voltorb: 42","Magmar: 20, Graveler: 17, Quagsire: 16",270,81.71,0,"Damage: 70, Status: 36, Hazard: 0, Weather: 0, Cleric: 0, Screen: 0, Pass: 0",None
bug_catcher_don_0249_Caterpie,bug_catcher_don_0249,CATERPIE,"Tackle: 1725 (54.2%), String Shot: 1459 (45.8%)",37,2207,0.02,12,0.02,0,4.81,2.5,102,306,227,0,0.67,1107,"Caterpie: 14, Bellsprout: 6, Rattata: 3","Magmar: 38, Seaking: 36, Koffing: 33",2,2.16,2,"Damage: 12, Status: 0, Hazard: 0, Weather: 0, Cleric: 0, Screen: 0, Pass: 0",None
bug_catcher_don_0249_Dugtrio,bug_catcher_don_0249,DUGTRIO,None,0,0,0.0,0,0.0,0,0.0,0.0,0,0,2,0,100.0,2,None,None,0,,0,"Damage: 0, Status: 0, Hazard: 0, Weather: 0, Cleric: 0, Screen: 0, Pass: 0",None
bug_catcher_don_0249_Quagsire,bug_catcher_don_0249,QUAGSIRE,None,0,0,0.0,0,0.0,0,0.0,0.0,0,0,0,0,0.0,4,None,None,0,,0,"Damage: 0, Status: 0, Hazard: 0, Weather: 0, Cleric: 0, Screen: 0, Pass: 0",None
bug_catcher_doug_0140_Ariados,bug_catcher_doug_0140,ARIADOS,"Sucker Punch: 938 (30.6%), Fury Swipes: 860 (28.0%), Agility: 789 (25.7%), Spider Web: 483 (15.7%)",349,702,0.5,51,0.57,30,5.17,2.7,150,201,123,0,2.25,896,"Tentacool: 15, Magnemite: 11, Poliwhirl: 10","Magmar: 25, Seaking: 23, Butterfree: 17",46,42.86,1,"Damage: 51, Status: 0, Hazard: 0, Weather: 0, Cleric: 0, Screen: 0, Pass: 0",None
bug_catcher_doug_0140_Butterfree,bug_catcher_doug_0140,BUTTERFREE,"Silver Wind: 2854 (42.8%), Safeguard: 1749 (26.2%), Tailwind: 1491 (22.4%), Captivate: 559 (8.4%), Struggle: 10 (0.2%)",1082,830,1.3,271,1.63,93,6.14,3.07,163,20,191,304,5.19,1272,"Magikarp: 55, Goldeen: 38, Bellsprout: 30","Magmar: 25, Seaking: 24, Graveler: 24",156,58.96,2,"Damage: 271, Status: 0, Hazard: 0, Weather: 0, Cleric: 0, Screen: 0, Pass: 0",None
bug_catcher_doug_0140_Dugtrio,bug_catcher_doug_0140,DUGTRIO,None,0,0,0.0,0,0.0,0,0.0,0.0,0,0,2,0,100.0,2,None,None,0,,0,"Damage: 0, Status: 0, Hazard: 0, Weather: 0, Cleric: 0, Screen: 0, Pass: 0",None
bug_catcher_doug_0140_Quagsire,bug_catcher_doug_0140,QUAGSIRE,None,0,0,0.0,0,0.0,0,0.0,0.0,0,0,0,0,0.0,4,None,None,0,,0,"Damage: 0, Status: 0, Hazard: 0, Weather: 0, Cleric: 0, Screen: 0, Pass: 0",None
bug_catcher_doug_0622_Ariados,bug_catcher_doug_0622,ARIADOS,"Sucker Punch: 913 (31.3%), Fury Swipes: 844 (29.0%), Agility: 699 (24.0%), Spider Web: 458 (15.7%)",366,632,0.58,53,0.66,37,5.22,2.69,130,172,117,0,2.47,833,"Beedrill: 13, Voltorb: 11, Machoke: 10","Magmar: 19, Graveler: 15, Rapidash: 15",41,58.33,1,"Damage: 53, Status: 0, Hazard: 0, Weather: 0, Cleric: 0, Screen: 0, Pass: 0",None
bug_catcher_doug_0622_Butterfree,bug_catcher_doug_0622,BUTTERFREE,"Bug Buzz: 2590 (47.2%), Safeguard: 1229 (22.4%), Tailwind: 1203 (21.9%), Captivate: 458 (8.3%), Silver Wind: 8 (0.1%), Struggle: 1 (0.0%)",1288,756,1.7,244,2.03,104,5.01,2.34,141,23,169,120,5.04,1294,"Magikarp: 56, Pikachu: 36, Goldeen: 32","Graveler: 24, Magmar: 23, Rapidash: 20",187,64.76,3,"Damage: 244, Status: 0, Hazard: 0, Weather: 0, Cleric: 0, Screen: 0, Pass: 0",None
bug_catcher_doug_0622_Dugtrio,bug_catcher_doug_0622,DUGTRIO,None,0,0,0.0,0,0.0,0,0.0,0.0,0,0,2,0,100.0,2,None,None,0,,0,"Damage: 0, Status: 0, Hazard: 0, Weather: 0, Cleric: 0, Screen: 0, Pass: 0",None
bug_catcher_doug_0622_Quagsire,bug_catcher_doug_0622,QUAGSIRE,None,0,0,0.0,0,0.0,0,0.0,0.0,0,0,0,0,0.0,6,None,None,0,,0,"Damage: 0, Status: 0, Hazard: 0, Weather: 0, Cleric: 0, Screen: 0, Pass: 0",None
bug_catcher_doug_0623_Ariados,bug_catcher_doug_0623,ARIADOS,"Psychic: 875 (29.1%), Pin Missile: 854 (28.4%), Agility: 754 (25.0%), Spider Web: 518 (17.2%), Fury Swipes: 7 (0.2%), Sucker Punch: 3 (0.1%)",514,527,0.98,47,1.06,1,5.26,2.9,150,158,121,56,3.67,795,"Voltorb: 25, Seaking: 18, Koffing: 18","Magmar: 24, Seaking: 16, Weezing: 13",59,57.69,2,"Damage: 47, Status: 0, Hazard: 0, Weather: 0, Cleric: 0, Screen: 0, Pass: 0",None
bug_catcher_doug_0623_Butterfree,bug_catcher_doug_0623,BUTTERFREE,"Bug Buzz: 2896 (48.1%), Tailwind: 1338 (22.2%), Safeguard: 1304 (21.7%), Captivate: 471 (7.8%), Silver Wind: 6 (0.1%)",1388,680,2.04,296,2.48,116,5.42,2.43,173,27,171,136,5.05,1283,"Magikarp: 58, Magnemite: 35, Goldeen: 32","Seaking: 26, Magmar: 22, Graveler: 20",200,71.16,1,"Damage: 296, Status: 0, Hazard: 0, Weather: 0, Cleric: 0, Screen: 0, Pass: 0",None
bug_catcher_doug_0623_Dugtrio,bug_catcher_doug_0623,DUGTRIO,None,0,0,0.0,0,0.0,0,0.0,0.0,0,0,2,0,100.0,2,None,None,0,,0,"Damage: 0, Status: 0, Hazard: 0, Weather: 0, Cleric: 0, Screen: 0, Pass: 0",None
bug_catcher_doug_0623_Quagsire,bug_catcher_doug_0623,QUAGSIRE,None,0,0,0.0,0,0.0,0,0.0,0.0,0,0,0,0,0.0,6,None,None,0,,0,"Damage: 0, Status: 0, Hazard: 0, Weather: 0, Cleric: 0, Screen: 0, Pass: 0",None
bug_catcher_doug_0624_Ariados,bug_catcher_doug_0624,ARIADOS,"Psychic: 599 (26.1%), Pin Missile: 573 (25.0%), Agility: 555 (24.2%), Poison Jab: 555 (24.2%), Spider Web: 4 (0.2%), Sucker Punch: 4 (0.2%), Fury Swipes: 2 (0.1%)",645,350,1.84,60,2.01,6,4.57,2.37,144,133,105,118,5.06,717,"Voltorb: 23, Magnemite: 22, Beedrill: 20","Magmar: 18, Graveler: 12, Flareon: 10",90,65.45,0,"Damage: 60, Status: 20, Hazard: 0, Weather: 0, Cleric: 0, Screen: 0, Pass: 0",None
bug_catcher_doug_0624_Butterfree,bug_catcher_doug_0624,BUTTERFREE,"Bug Buzz: 2841 (48.5%), Safeguard: 1294 (22.1%), Tailwind: 1270 (21.7%), Captivate: 451 (7.7%), Silver Wind: 3 (0.1%)",1524,566,2.69,298,3.22,123,5.11,2.34,184,21,171,128,5.65,1271,"Magikarp: 57, Magnemite: 39, Seaking: 32","Graveler: 25, Magmar: 23, Beedrill: 16",221,77.5,0,"Damage: 298, Status: 0, Hazard: 0, Weather: 0, Cleric: 0, Screen: 0, Pass: 0",None
bug_catcher_doug_0624_Dugtrio,bug_catcher_doug_0624,DUGTRIO,None,0,0,0.0,0,0.0,0,0.0,0.0,0,0,1,0,100.0,1,None,None,0,,0,"Damage: 0, Status: 0, Hazard: 0, Weather: 0, Cleric: 0, Screen: 0, Pass: 0",None
bug_catcher_doug_0624_Quagsire,bug_catcher_doug_0624,QUAGSIRE,None,0,0,0.0,0,0.0,0,0.0,0.0,0,0,0,0,0.0,3,None,None,0,,0,"Damage: 0, Status: 0, Hazard: 0, Weather: 0, Cleric: 0, Screen: 0, Pass: 0",None
bug_catcher_ed_0248_Beedrill,bug_catcher_ed_0248,BEEDRILL,"Endeavor: 696 (25.4%), Poison Jab: 694 (25.3%), Assurance: 682 (24.9%), Agility: 669 (24.4%)",400,630,0.63,142,0.86,58,4.91,2.51,88,41,116,121,5.86,863,"Haunter: 16, Butterfree: 16, Machoke: 14","Rapidash: 20, Magmar: 17, Seaking: 16",52,,4,"Damage: 142, Status: 37, Hazard: 0, Weather: 0, Cleric: 0, Screen: 0, Pass: 0",None
bug_catcher_ed_0248_Burmy,bug_catcher_ed_0248,BURMY,"Protect: 1771 (28.3%), Bug Bite: 1528 (24.4%), Tackle: 1518 (24.3%), Hidden Power: 1431 (22.9%), Struggle: 7 (0.1%)",635,990,0.64,698,1.35,98,6.02,2.55,283,231,238,0,4.47,1320,"Magikarp: 55, Geodude: 27, Bellsprout: 23","Graveler: 31, Seaking: 26, Magmar: 23",90,42.12,0,"Damage: 698, Status: 0, Hazard: 0, Weather: 0, Cleric: 0, Screen: 0, Pass: 0",None
bug_catcher_ed_0248_Butterfree,bug_catcher_ed_0248,BUTTERFREE,"Bug Buzz: 1741 (48.8%), Safeguard: 783 (21.9%), Tailwind: 771 (21.6%), Captivate: 276 (7.7%)",730,671,1.09,173,1.35,76,5.41,2.49,96,19,130,90,5.42,992,"Magnemite: 26, Butterfree: 21, Machop: 20","Magmar: 21, Butterfree: 20, Seaking: 19",102,65.38,2,"Damage: 173, Status: 0, Hazard: 0, Weather: 0, Cleric: 0, Screen: 0, Pass: 0",None
bug_catcher_ed_0248_Dugtrio,bug_catcher_ed_0248,DUGTRIO,None,0,0,0.0,0,0.0,0,0.0,0.0,0,0,2,0,100.0,2,None,None,0,,0,"Damage: 0, Status: 0, Hazard: 0, Weather: 0, Cleric: 0, Screen: 0, Pass: 0",None
bug_catcher_ed_0248_Quagsire,bug_catcher_ed_0248,QUAGSIRE,None,0,0,0.0,0,0.0,0,0.0,0.0,0,0,0,0,0.0,3,None,None,0,,0,"Damage: 0, Status: 0, Hazard: 0, Weather: 0, Cleric: 0, Screen: 0, Pass: 0",None
bug_catcher_ellis_0693_Beedrill,bug_catcher_ellis_0693,BEEDRILL,"Poison Jab: 1462 (25.9%), Endeavor: 1443 (25.5%), Assurance: 1437 (25.4%), Agility: 1311 (23.2%)",979,800,1.22,113,1.36,0,6.21,3.09,163,83,228,204,4.92,1223,"Butterfree: 36, Goldeen: 28, Doduo: 22","Graveler: 30, Seaking: 24, Seadra: 22",135,,2,"Damage: 113, Status: 61, Hazard: 0, Weather: 0, Cleric: 0, Screen: 0, Pass: 0",None
bug_catcher_ellis_0693_Dugtrio,bug_catcher_ellis_0693,DUGTRIO,None,0,0,0.0,0,0.0,0,0.0,0.0,0,0,2,0,100.0,2,None,None,0,,0,"Damage: 0, Status: 0, Hazard: 0, Weather: 0, Cleric: 0, Screen: 0, Pass: 0",None
bug_catcher_ellis_0693_Kakuna,bug_catcher_ellis_0693,KAKUNA,"Harden: 2268 (99.8%), Struggle: 5 (0.2%)",0,788,0.0,0,0.0,0,4.68,2.71,1,0,132,0,5.53,833,None,"Magmar: 27, Seaking: 26, Graveler: 23",0,37.29,0,"Damage: 0, Status: 0, Hazard: 0, Weather: 0, Cleric: 0, Screen: 0, Pass: 0",None
bug_catcher_ellis_0693_Quagsire,bug_catcher_ellis_0693,QUAGSIRE,None,0,0,0.0,0,0.0,0,0.0,0.0,0,0,0,0,0.0,4,None,None,0,,0,"Damage: 0, Status: 0, Hazard: 0, Weather: 0, Cleric: 0, Screen: 0, Pass: 0",None
bug_catcher_ellis_0693_Weedle,bug_catcher_ellis_0693,WEEDLE,"Poison Sting: 1346 (33.9%), Bug Bite: 1327 (33.5%), String Shot: 1292 (32.6%)",335,1189,0.28,569,0.76,43,3.84,1.96,160,169,188,353,4.17,1362,"Magikarp: 46, Bellsprout: 19, Geodude: 18","Teddiursa: 26, Graveler: 24, Seadra: 24",45,23.27,0,"Damage: 569, Status: 159, Hazard: 0, Weather: 0, Cleric: 0, Screen: 0, Pass: 0",None
bug_catcher_josh_0069_Paras,bug_catcher_josh_0069,PARAS,"Leech Life: 1440 (39.6%), Scratch: 1358 (37.3%), Stun Spore: 498 (13.7%), Poison Powder: 340 (9.4%)",266,1033,0.26,71,0.33,0,4.29,2.13,161,352,190,0,-0.03,1164,"Magikarp: 39, Bellsprout: 26, Voltorb: 23","Seaking: 18, Koffing: 18, Growlithe: 16",37,19.07,0,"Damage: 70, Status: 67, Hazard: 0, Weather: 0, Cleric: 0, Screen: 0, Pass: 0",None
bug_catcher_ken_0079_Ariados,bug_catcher_ken_0079,ARIADOS,"Fury Swipes: 2316 (31.1%), Sucker Punch: 2180 (29.2%), Agility: 1866 (25.0%), Spider Web: 1086 (14.6%), Struggle: 6 (0.1%)",916,968,0.95,555,1.52,13,6.28,3.21,320,576,272,0,0.21,1337,"Magikarp: 55, Voltorb: 32, Bellsprout: 30","Seadra: 30, Seaking: 29, Butterfree: 28",132,48.47,0,"Damage: 555, Status: 0, Hazard: 0, Weather: 0, Cleric: 0, Screen: 0, Pass: 0",None
bug_catcher_ken_0079_Dugtrio,bug_catcher_ken_0079,DUGTRIO,None,0,0,0.0,0,0.0,0,0.0,0.0,0,0,1,0,100.0,1,None,None,0,,0,"Damage: 0, Status: 0, Hazard: 0, Weather: 0, Cleric: 0, Screen: 0, Pass: 0",None
bug_catcher_ken_0079_Pinsir,bug_catcher_ken_0079,PINSIR,"Thrash: 1019 (38.3%), X Scissor: 632 (23.7%), Swords Dance: 534 (20.0%), Vital Throw: 479 (18.0%)",1039,534,1.95,35,2.01,0,4.15,1.84,136,34,116,0,7.84,1019,"Seaking: 39, Fearow: 26, Butterfree: 25","Magmar: 22, Seadra: 19, Golem: 17",149,70.0,0,"Damage: 35, Status: 0, Hazard: 0, Weather: 0, Cleric: 0, Screen: 0, Pass: 0",None
bug_catcher_ken_0079_Quagsire,bug_catcher_ken_0079,QUAGSIRE,None,0,0,0.0,0,0.0,0,0.0,0.0,0,0,0,0,0.0,5,None,None,0,,0,"Damage: 0, Status: 0, Hazard: 0, Weather: 0, Cleric: 0, Screen: 0, Pass: 0",None
bug_catcher_rob_0048_Beedrill,bug_catcher_rob_0048,BEEDRILL,"Assurance: 1587 (26.6%), Poison Jab: 1535 (25.7%), Endeavor: 1449 (24.3%), Agility: 1393 (23.4%)",1089,829,1.31,355,1.74,58,5.46,2.83,187,73,197,216,4.87,1300,"Magikarp: 56, Goldeen: 29, Bellsprout: 28","Seaking: 28, Graveler: 25, Ariados: 21",164,56.77,1,"Damage: 355, Status: 86, Hazard: 0, Weather: 0, Cleric: 0, Screen: 0, Pass: 0",None
bug_catcher_rob_0048_Butterfree,bug_catcher_rob_0048,BUTTERFREE,"Silver Wind: 1346 (43.5%), Safeguard: 816 (26.3%), Tailwind: 707 (22.8%), Captivate: 227 (7.3%), Struggle: 1 (0.0%)",393,678,0.58,54,0.66,29,5.13,2.46,65,16,107,145,5.28,891,"Magnemite: 23, Seadra: 15, Ariados: 13","Magmar: 24, Seaking: 23, Graveler: 17",50,62.12,0,"Damage: 54, Status: 0, Hazard: 0, Weather: 0, Cleric: 0, Screen: 0, Pass: 0",None
bug_catcher_rob_0048_Dugtrio,bug_catcher_rob_0048,DUGTRIO,None,0,0,0.0,0,0.0,0,0.0,0.0,0,0,2,0,100.0,2,None,None,0,,0,"Damage: 0, Status: 0, Hazard: 0, Weather: 0, Cleric: 0, Screen: 0, Pass: 0",None
bug_catcher_rob_0048_Quagsire,bug_catcher_rob_0048,QUAGSIRE,None,0,0,0.0,0,0.0,0,0.0,0.0,0,0,0,0,0.0,4,None,None,0,,0,"Damage: 0, Status: 0, Hazard: 0, Weather: 0, Cleric: 0, Screen: 0, Pass: 0",None
bug_catcher_rob_0625_Beedrill,bug_catcher_rob_0625,BEEDRILL,"Poison Jab: 1689 (26.0%), Assurance: 1667 (25.6%), Endeavor: 1645 (25.3%), Agility: 1501 (23.1%)",1291,806,1.6,396,2.09,60,5.58,2.8,209,74,226,236,5.38,1332,"Magikarp: 56, Goldeen: 34, Butterfree: 33","Seaking: 34, Graveler: 27, Magmar: 19",188,63.96,1,"Damage: 396, Status: 85, Hazard: 0, Weather: 0, Cleric: 0, Screen: 0, Pass: 0",None
bug_catcher_rob_0625_Butterfree,bug_catcher_rob_0625,BUTTERFREE,"Bug Buzz: 1182 (48.1%), Tailwind: 565 (23.0%), Safeguard: 546 (22.2%), Captivate: 155 (6.3%), Silver Wind: 8 (0.3%)",549,572,0.96,35,1.02,18,4.27,2.01,71,14,106,64,6.52,866,"Seaking: 25, Magnemite: 20, Quagsire: 14","Magmar: 21, Seaking: 16, Rapidash: 16",72,62.5,1,"Damage: 35, Status: 0, Hazard: 0, Weather: 0, Cleric: 0, Screen: 0, Pass: 0",None
bug_catcher_rob_0625_Dugtrio,bug_catcher_rob_0625,DUGTRIO,None,0,0,0.0,0,0.0,0,0.0,0.0,0,0,2,0,100.0,2,None,None,0,,0,"Damage: 0, Status: 0, Hazard: 0, Weather: 0, Cleric: 0, Screen: 0, Pass: 0",None
bug_catcher_rob_0625_Quagsire,bug_catcher_rob_0625,QUAGSIRE,None,0,0,0.0,0,0.0,0,0.0,0.0,0,0,0,0,0.0,2,None,None,0,,0,"Damage: 0, Status: 0, Hazard: 0, Weather: 0, Cleric: 0, Screen: 0, Pass: 0",None
bug_catcher_rob_0626_Beedrill,bug_catcher_rob_0626,BEEDRILL,"Assurance: 1633 (26.2%), Endeavor: 1564 (25.1%), Poison Jab: 1562 (25.1%), Agility: 1475 (23.7%)",1442,668,2.16,364,2.7,60,5.44,2.7,192,73,202,200,5.26,1293,"Magikarp: 57, Butterfree: 37, Voltorb: 30","Graveler: 29, Seaking: 21, Magmar: 19",225,70.07,1,"Damage: 364, Status: 82, Hazard: 0, Weather: 0, Cleric: 0, Screen: 0, Pass: 0",None
bug_catcher_rob_0626_Butterfree,bug_catcher_rob_0626,BUTTERFREE,"Bug Buzz: 1083 (47.5%), Tailwind: 516 (22.7%), Safeguard: 498 (21.9%), Captivate: 178 (7.8%), Silver Wind: 3 (0.1%)",502,424,1.18,34,1.26,27,4.54,2.15,65,10,100,65,6.91,734,"Magnemite: 25, Seaking: 17, Quagsire: 15","Magmar: 17, Seaking: 14, Flareon: 14",59,71.15,0,"Damage: 34, Status: 0, Hazard: 0, Weather: 0, Cleric: 0, Screen: 0, Pass: 0",None
bug_catcher_rob_0626_Dugtrio,bug_catcher_rob_0626,DUGTRIO,None,0,0,0.0,0,0.0,0,0.0,0.0,0,0,2,0,100.0,2,None,None,0,,0,"Damage: 0, Status: 0, Hazard: 0, Weather: 0, Cleric: 0, Screen: 0, Pass: 0",None
bug_catcher_rob_0626_Quagsire,bug_catcher_rob_0626,QUAGSIRE,None,0,0,0.0,0,0.0,0,0.0,0.0,0,0,0,0,0.0,3,None,None,0,,0,"Damage: 0, Status: 0, Hazard: 0, Weather: 0, Cleric: 0, Screen: 0, Pass: 0",None
bug_catcher_rob_0627_Beedrill,bug_catcher_rob_0627,BEEDRILL,"Assurance: 1658 (26.5%), Poison Jab: 1566 (25.0%), Endeavor: 1540 (24.6%), Agility: 1498 (23.9%)",1512,580,2.61,400,3.3,68,5.64,2.76,208,75,209,183,5.48,1263,"Magikarp: 58, Pikachu: 30, Voltorb: 29","Magmar: 21, Graveler: 20, Magnemite: 17",228,75.38,0,"Damage: 400, Status: 83, Hazard: 0, Weather: 0, Cleric: 0, Screen: 0, Pass: 0",None
bug_catcher_rob_0627_Butterfree,bug_catcher_rob_0627,BUTTERFREE,"Bug Buzz: 1139 (50.8%), Tailwind: 504 (22.5%), Safeguard: 471 (21.0%), Captivate: 125 (5.6%), Silver Wind: 3 (0.1%)",601,312,1.93,32,2.03,29,4.69,2.06,75,12,102,53,7.2,667,"Magnemite: 34, Butterfree: 22, Quagsire: 20","Magmar: 18, Flareon: 13, Golem: 11",76,88.46,0,"Damage: 32, Status: 0, Hazard: 0, Weather: 0, Cleric: 0, Screen: 0, Pass: 0",None
bug_catcher_rob_0627_Dugtrio,bug_catcher_rob_0627,DUGTRIO,None,0,0,0.0,0,0.0,0,0.0,0.0,0,0,2,0,100.0,2,None,None,0,,0,"Damage: 0, Status: 0, Hazard: 0, Weather: 0, Cleric: 0, Screen: 0, Pass: 0",None
bug_catcher_rob_0627_Quagsire,bug_catcher_rob_0627,QUAGSIRE,None,0,0,0.0,0,0.0,0,0.0,0.0,0,0,0,0,0.0,2,None,None,0,,0,"Damage: 0, Status: 0, Hazard: 0, Weather: 0, Cleric: 0, Screen: 0, Pass: 0",None
bug_catcher_stacey_0692_Dugtrio,bug_catcher_stacey_0692,DUGTRIO,None,0,0,0.0,0,0.0,0,0.0,0.0,0,0,2,0,100.0,2,None,None,0,,0,"Damage: 0, Status: 0, Hazard: 0, Weather: 0, Cleric: 0, Screen: 0, Pass: 0",None
bug_catcher_stacey_0692_Metapod,bug_catcher_stacey_0692,METAPOD,"Harden: 34976 (96.6%), Struggle: 1244 (3.4%)",371,3052,0.12,60,0.14,0,33.25,23.08,73,1,1653,0,4.55,1133,"Magikarp: 62, Bellsprout: 18, Spearow: 18","Magmar: 59, Seaking: 54, Butterfree: 45",45,13.55,6,"Damage: 60, Status: 0, Hazard: 0, Weather: 0, Cleric: 0, Screen: 0, Pass: 0",None
bug_catcher_stacey_0692_Quagsire,bug_catcher_stacey_0692,QUAGSIRE,None,0,0,0.0,0,0.0,0,0.0,0.0,0,0,0,0,0.0,4,None,None,0,,0,"Damage: 0, Status: 0, Hazard: 0, Weather: 0, Cleric: 0, Screen: 0, Pass: 0",None
bug_catcher_wade_0004_Caterpie,bug_catcher_wade_0004,CATERPIE,"Tackle: 2339 (55.6%), String Shot: 1866 (44.4%), Struggle: 1 (0.0%)",34,3320,0.01,43,0.02,0,7.95,3.48,128,341,289,0,1.69,1115,"Caterpie: 9, Magikarp: 6, Bellsprout: 6","Magmar: 56, Seaking: 54, Onix: 53",2,2.32,11,"Damage: 43, Status: 0, Hazard: 0, Weather: 0, Cleric: 0, Screen: 0, Pass: 0",None
bug_catcher_wade_0004_Dugtrio,bug_catcher_wade_0004,DUGTRIO,None,0,0,0.0,0,0.0,0,0.0,0.0,0,0,2,0,100.0,2,None,None,0,,0,"Damage: 0, Status: 0, Hazard: 0, Weather: 0, Cleric: 0, Screen: 0, Pass: 0",None
bug_catcher_wade_0004_Quagsire,bug_catcher_wade_0004,QUAGSIRE,None,0,0,0.0,0,0.0,0,0.0,0.0,0,0,0,0,0.0,4,None,None,0,,0,"Damage: 0, Status: 0, Hazard: 0, Weather: 0, Cleric: 0, Screen: 0, Pass: 0",None
bug_catcher_wade_0004_Weedle,bug_catcher_wade_0004,WEEDLE,"Poison Sting: 663 (58.5%), String Shot: 471 (41.5%)",15,1098,0.01,25,0.04,0,3.09,1.21,40,47,105,169,6.92,1112,"Bellsprout: 4, Rattata: 4, Cyndaquil: 2","Magmar: 23, Onix: 20, Seaking: 18",1,,4,"Damage: 25, Status: 24, Hazard: 0, Weather: 0, Cleric: 0, Screen: 0, Pass: 0",None
bug_catcher_wade_0460_Beedrill,bug_catcher_wade_0460,BEEDRILL,"Bug Bite: 475 (29.5%), Twineedle: 450 (28.0%), Poison Jab: 413 (25.7%), Focus Energy: 270 (16.8%)",280,513,0.55,46,0.64,0,3.93,1.86,216,20,64,79,14.91,669,"Voltorb: 12, Beedrill: 11, Magnemite: 10","Magmar: 22, Rapidash: 18, Seaking: 17",26,,2,"Damage: 46, Status: 15, Hazard: 0, Weather: 0, Cleric: 0, Screen: 0, Pass: 0",None
bug_catcher_wade_0460_Butterfree,bug_catcher_wade_0460,BUTTERFREE,"Bug Bite: 1639 (19.1%), Gust: 1587 (18.5%), Bug Buzz: 1567 (18.3%), Confusion: 872 (10.2%), Silver Wind: 844 (9.9%), Tailwind: 682 (8.0%), Safeguard: 669 (7.8%), Sleep Powder: 248 (2.9%), Captivate: 229 (2.7%), Stun Spore: 222 (2.6%)",1502,2278,0.66,305,0.79,39,7.45,4.33,397,47,347,247,7.8,1263,"Magikarp: 57, Onix: 44, Koffing: 34","Seaking: 74, Magmar: 65, Graveler: 60",228,40.18,4,"Damage: 300, Status: 90, Hazard: 0, Weather: 0, Cleric: 0, Screen: 0, Pass: 0",None
bug_catcher_wade_0460_Caterpie,bug_catcher_wade_0460,CATERPIE,None,0,6,0.0,0,0.0,0,4.0,0.0,0,0,0,0,0.0,2,None,None,0,100.0,0,"Damage: 0, Status: 0, Hazard: 0, Weather: 0, Cleric: 0, Screen: 0, Pass: 0",None
bug_catcher_wade_0460_Dugtrio,bug_catcher_wade_0460,DUGTRIO,None,0,0,0.0,0,0.0,0,0.0,0.0,0,0,2,0,100.0,2,None,None,0,,0,"Damage: 0, Status: 0, Hazard: 0, Weather: 0, Cleric: 0, Screen: 0, Pass: 0",None
bug_catcher_wade_0460_Quagsire,bug_catcher_wade_0460,QUAGSIRE,None,0,0,0.0,0,0.0,0,0.0,0.0,0,0,0,0,0.0,2,None,None,0,,0,"Damage: 0, Status: 0, Hazard: 0, Weather: 0, Cleric: 0, Screen: 0, Pass: 0",None
bug_catcher_wade_0460_Weedle,bug_catcher_wade_0460,WEEDLE,None,0,2,0.0,0,0.0,0,2.0,0.0,0,0,0,0,0.0,2,None,None,0,,0,"Damage: 0, Status: 0, Hazard: 0, Weather: 0, Cleric: 0, Screen: 0, Pass: 0",None
bug_catcher_wade_0461_Butterfree,bug_catcher_wade_0461,BUTTERFREE,"Silver Wind: 1131 (32.1%), Psybeam: 1082 (30.7%), Supersonic: 768 (21.8%), Whirlwind: 532 (15.1%), Bug Bite: 4 (0.1%), Confusion: 4 (0.1%), Gust: 4 (0.1%), Tailwind: 1 (0.0%), Bug Buzz: 1 (0.0%)",612,827,0.74,106,0.87,2,4.85,1.94,142,238,125,183,0.78,1130,"Pidgey: 23, Magikarp: 20, Shellder: 19","Graveler: 26, Seaking: 25, Magmar: 21",91,36.54,0,"Damage: 94, Status: 67, Hazard: 0, Weather: 0, Cleric: 0, Screen: 0, Pass: 0",None
bug_catcher_wade_0461_Caterpie,bug_catcher_wade_0461,CATERPIE,"Tackle: 3 (60.0%), String Shot: 2 (40.0%)",0,6,0.0,0,0.0,0,6.5,0.0,0,0,0,0,0.0,2,None,None,0,100.0,0,"Damage: 0, Status: 0, Hazard: 0, Weather: 0, Cleric: 0, Screen: 0, Pass: 0",None
bug_catcher_wade_0461_Dugtrio,bug_catcher_wade_0461,DUGTRIO,None,0,0,0.0,0,0.0,0,0.0,0.0,0,0,2,0,100.0,2,None,None,0,,0,"Damage: 0, Status: 0, Hazard: 0, Weather: 0, Cleric: 0, Screen: 0, Pass: 0",None
bug_catcher_wade_0461_Kakuna,bug_catcher_wade_0461,KAKUNA,"Bug Bite: 402 (38.1%), String Shot: 337 (31.9%), Poison Sting: 316 (30.0%)",32,839,0.04,58,0.11,1,3.26,1.5,34,57,107,81,6.69,869,"Voltorb: 5, Magnemite: 3, Skiploom: 2","Seaking: 26, Magmar: 23, Butterfree: 18",2,,2,"Damage: 58, Status: 28, Hazard: 0, Weather: 0, Cleric: 0, Screen: 0, Pass: 0",None
bug_catcher_wade_0461_Metapod,bug_catcher_wade_0461,METAPOD,"Bug Bite: 2196 (52.3%), String Shot: 2001 (47.7%)",208,1955,0.11,335,0.28,20,8.55,3.02,133,257,277,0,3.42,1215,"Magikarp: 44, Bellsprout: 15, Caterpie: 12","Seaking: 44, Magmar: 42, Qwilfish: 33",27,15.61,4,"Damage: 335, Status: 0, Hazard: 0, Weather: 0, Cleric: 0, Screen: 0, Pass: 0",None
bug_catcher_wade_0461_Quagsire,bug_catcher_wade_0461,QUAGSIRE,None,0,0,0.0,0,0.0,0,0.0,0.0,0,0,0,0,0.0,4,None,None,0,,0,"Damage: 0, Status: 0, Hazard: 0, Weather: 0, Cleric: 0, Screen: 0, Pass: 0",None
bug_catcher_wade_0461_Weedle,bug_catcher_wade_0461,WEEDLE,Poison Sting: 1 (100.0%),0,2,0.0,0,0.0,0,2.0,0.0,0,0,0,0,0.0,2,None,None,0,,0,"Damage: 0, Status: 0, Hazard: 0, Weather: 0, Cleric: 0, Screen: 0, Pass: 0",None
bug_catcher_wade_0512_Beedrill,bug_catcher_wade_0512,BEEDRILL,"Bug Bite: 484 (29.1%), Endeavor: 452 (27.2%), Pin Missile: 447 (26.9%), Focus Energy: 276 (16.6%), Twineedle: 3 (0.2%), Poison Jab: 2 (0.1%)",203,390,0.52,19,0.57,4,4.83,2.11,211,70,71,0,12.22,511,"Beedrill: 10, Quagsire: 8, Tentacruel: 7","Magmar: 23, Rapidash: 15, Seaking: 13",20,,1,"Damage: 19, Status: 0, Hazard: 0, Weather: 0, Cleric: 0, Screen: 0, Pass: 0",None
bug_catcher_wade_0512_Butterfree,bug_catcher_wade_0512,BUTTERFREE,"Bug Buzz: 2106 (19.1%), Tailwind: 1648 (14.9%), Gust: 1484 (13.5%), Bug Bite: 1471 (13.3%), Stun Spore: 1321 (12.0%), Supersonic: 1044 (9.5%), Whirlwind: 806 (7.3%), Captivate: 718 (6.5%), Sleep Powder: 421 (3.8%), Psybeam: 7 (0.1%), Silver Wind: 5 (0.0%), Safeguard: 2 (0.0%)",1815,1864,0.97,295,1.13,88,8.55,4.63,323,423,399,93,2.51,1306,"Magikarp: 58, Seaking: 38, Quagsire: 35","Magmar: 66, Seaking: 64, Graveler: 54",279,57.84,5,"Damage: 259, Status: 233, Hazard: 0, Weather: 0, Cleric: 0, Screen: 0, Pass: 0",None
bug_catcher_wade_0512_Caterpie,bug_catcher_wade_0512,CATERPIE,String Shot: 1 (100.0%),0,6,0.0,0,0.0,0,4.0,0.0,0,0,0,0,0.0,2,None,None,0,100.0,0,"Damage: 0, Status: 0, Hazard: 0, Weather: 0, Cleric: 0, Screen: 0, Pass: 0",None
bug_catcher_wade_0512_Dugtrio,bug_catcher_wade_0512,DUGTRIO,None,0,0,0.0,0,0.0,0,0.0,0.0,0,0,2,0,100.0,2,None,None,0,,0,"Damage: 0, Status: 0, Hazard: 0, Weather: 0, Cleric: 0, Screen: 0, Pass: 0",None
bug_catcher_wade_0512_Kakuna,bug_catcher_wade_0512,KAKUNA,"Poison Sting: 2 (40.0%), Bug Bite: 2 (40.0%), String Shot: 1 (20.0%)",0,2,0.0,0,0.0,0,4.0,0.0,0,0,0,0,0.0,2,None,None,0,,0,"Damage: 0, Status: 0, Hazard: 0, Weather: 0, Cleric: 0, Screen: 0, Pass: 0",None
bug_catcher_wade_0512_Metapod,bug_catcher_wade_0512,METAPOD,"Bug Bite: 7 (63.6%), String Shot: 4 (36.4%)",0,4,0.0,0,0.0,0,25.5,0.0,0,0,0,0,0.0,2,None,None,0,100.0,0,"Damage: 0, Status: 0, Hazard: 0, Weather: 0, Cleric: 0, Screen: 0, Pass: 0",None
bug_catcher_wade_0512_Quagsire,bug_catcher_wade_0512,QUAGSIRE,None,0,0,0.0,0,0.0,0,0.0,0.0,0,0,0,0,0.0,2,None,None,0,,0,"Damage: 0, Status: 0, Hazard: 0, Weather: 0, Cleric: 0, Screen: 0, Pass: 0",None
bug_catcher_wade_0512_Weedle,bug_catcher_wade_0512,WEEDLE,Poison Sting: 1 (100.0%),0,2,0.0,0,0.0,0,3.0,0.0,0,0,0,0,0.0,2,None,None,0,,0,"Damage: 0, Status: 0, Hazard: 0, Weather: 0, Cleric: 0, Screen: 0, Pass: 0",None
bug_catcher_wayne_0533_Dugtrio,bug_catcher_wayne_0533,DUGTRIO,None,0,0,0.0,0,0.0,0,0.0,0.0,0,0,2,0,100.0,2,None,None,0,,0,"Damage: 0, Status: 0, Hazard: 0, Weather: 0, Cleric: 0, Screen: 0, Pass: 0",None
bug_catcher_wayne_0533_Ledyba,bug_catcher_wayne_0533,LEDYBA,"Tackle: 1871 (66.9%), Supersonic: 924 (33.1%)",49,1101,0.04,141,0.17,13,3.78,1.55,122,567,140,0,-10.39,1139,"Bellsprout: 17, Caterpie: 7, Weedle: 4","Pikachu: 21, Koffing: 18, Seaking: 18",5,8.69,0,"Damage: 138, Status: 102, Hazard: 0, Weather: 0, Cleric: 0, Screen: 0, Pass: 0",None
bug_catcher_wayne_0533_Paras,bug_catcher_wayne_0533,PARAS,"Scratch: 1709 (70.6%), Stun Spore: 402 (16.6%), Poison Powder: 308 (12.7%)",104,1049,0.1,46,0.14,0,4.23,1.69,104,238,171,0,1.43,1113,"Magikarp: 27, Rattata: 5, Spearow: 4","Magmar: 18, Seaking: 18, Onix: 16",15,0.0,0,"Damage: 45, Status: 41, Hazard: 0, Weather: 0, Cleric: 0, Screen: 0, Pass: 0",None
bug_catcher_wayne_0533_Quagsire,bug_catcher_wayne_0533,QUAGSIRE,None,0,0,0.0,0,0.0,0,0.0,0.0,0,0,0,0,0.0,4,None,None,0,,0,"Damage: 0, Status: 0, Hazard: 0, Weather: 0, Cleric: 0, Screen: 0, Pass: 0",None
burglar_corey_0284_Dugtrio,burglar_corey_0284,DUGTRIO,None,0,0,0.0,0,0.0,0,0.0,0.0,0,0,2,0,100.0,2,None,None,0,,0,"Damage: 0, Status: 0, Hazard: 0, Weather: 0, Cleric: 0, Screen: 0, Pass: 0",None
burglar_corey_0284_Koffing,burglar_corey_0284,KOFFING,"Sludge: 1657 (32.7%), Gyro Ball: 1655 (32.6%), Selfdestruct: 1044 (20.6%), Explosion: 425 (8.4%), Haze: 291 (5.7%)",1441,2839,0.51,376,0.64,16,5.29,3.15,275,69,270,362,8.95,1332,"Magikarp: 51, Pikachu: 33, Voltorb: 30","Golduck: 60, Quagsire: 45, Graveler: 41",219,47.97,20,"Damage: 376, Status: 108, Hazard: 0, Weather: 0, Cleric: 0, Screen: 0, Pass: 0",None
burglar_corey_0284_Magmar,burglar_corey_0284,MAGMAR,"Fire Punch: 626 (27.7%), Fire Spin: 565 (25.0%), Lava Plume: 549 (24.3%), Confuse Ray: 522 (23.1%)",499,500,1.0,211,1.42,0,3.79,1.46,81,204,76,137,-1.51,932,"Magnemite: 33, Butterfree: 25, Pikachu: 19","Quagsire: 22, Golduck: 15, Magmar: 14",70,56.9,0,"Damage: 177, Status: 147, Hazard: 0, Weather: 0, Cleric: 0, Screen: 0, Pass: 0",None
burglar_corey_0284_Quagsire,burglar_corey_0284,QUAGSIRE,None,0,0,0.0,0,0.0,0,0.0,0.0,0,0,0,0,0.0,7,None,None,0,,0,"Damage: 0, Status: 0, Hazard: 0, Weather: 0, Cleric: 0, Screen: 0, Pass: 0",None
burglar_duncan_0014_Dugtrio,burglar_duncan_0014,DUGTRIO,None,0,0,0.0,0,0.0,0,0.0,0.0,0,0,1,0,100.0,1,None,None,0,,0,"Damage: 0, Status: 0, Hazard: 0, Weather: 0, Cleric: 0, Screen: 0, Pass: 0",None
burglar_duncan_0014_Koffing,burglar_duncan_0014,KOFFING,"Assurance: 1223 (27.9%), Smoke Screen: 1141 (26.0%), Smog: 1098 (25.0%), Selfdestruct: 927 (21.1%)",665,2232,0.3,311,0.44,7,5.39,2.56,171,374,806,296,11.97,1268,"Magikarp: 35, Bellsprout: 21, Geodude: 20","Butterfree: 34, Seaking: 31, Graveler: 30",95,30.21,20,"Damage: 311, Status: 98, Hazard: 0, Weather: 0, Cleric: 0, Screen: 0, Pass: 0",None
burglar_duncan_0014_Magmar,burglar_duncan_0014,MAGMAR,"Faint Attack: 1152 (29.4%), Fire Spin: 1099 (28.1%), Smoke Screen: 971 (24.8%), Confuse Ray: 690 (17.6%), Struggle: 1 (0.0%)",265,834,0.32,235,0.6,1,5.13,1.68,98,341,711,0,10.12,1130,"Magikarp: 16, Tentacool: 9, Haunter: 9","Seaking: 27, Graveler: 24, Butterfree: 19",27,24.07,0,"Damage: 192, Status: 182, Hazard: 0, Weather: 0, Cleric: 0, Screen: 0, Pass: 0",None
burglar_duncan_0014_Quagsire,burglar_duncan_0014,QUAGSIRE,None,0,0,0.0,0,0.0,0,0.0,0.0,0,0,0,0,0.0,4,None,None,0,,0,"Damage: 0, Status: 0, Hazard: 0, Weather: 0, Cleric: 0, Screen: 0, Pass: 0",None
burglar_orson_0283_Dugtrio,burglar_orson_0283,DUGTRIO,None,0,0,0.0,0,0.0,0,0.0,0.0,0,0,1,0,100.0,1,None,None,0,,0,"Damage: 0, Status: 0, Hazard: 0, Weather: 0, Cleric: 0, Screen: 0, Pass: 0",None
burglar_orson_0283_Growlithe,burglar_orson_0283,GROWLITHE,"Bite: 1189 (28.7%), Flame Wheel: 1189 (28.7%), Leer: 1143 (27.5%), Roar: 629 (15.2%)",582,947,0.61,204,0.83,1,4.31,2.26,138,106,166,257,4.46,1200,"Magikarp: 54, Bellsprout: 29, Haunter: 20","Seaking: 23, Graveler: 21, Fearow: 16",72,46.75,0,"Damage: 204, Status: 0, Hazard: 0, Weather: 0, Cleric: 0, Screen: 0, Pass: 0",None
burglar_orson_0283_Koffing,burglar_orson_0283,KOFFING,"Tackle: 716 (28.8%), Smog: 627 (25.2%), Sludge: 595 (23.9%), Smoke Screen: 547 (22.0%)",186,857,0.22,76,0.31,0,4.56,2.11,127,224,422,305,10.93,970,"Shellder: 11, Machop: 9, Tentacool: 9","Seaking: 22, Graveler: 19, Butterfree: 14",22,25.45,10,"Damage: 76, Status: 58, Hazard: 0, Weather: 0, Cleric: 0, Screen: 0, Pass: 0",None
burglar_orson_0283_Quagsire,burglar_orson_0283,QUAGSIRE,None,0,0,0.0,0,0.0,0,0.0,0.0,0,0,0,0,0.0,4,None,None,0,,0,"Damage: 0, Status: 0, Hazard: 0, Weather: 0, Cleric: 0, Screen: 0, Pass: 0",None
camper_barry_0084_Nidoking,camper_barry_0084,NIDOKING,"Earth Power: 1256 (32.5%), Poison Jab: 1189 (30.7%), Focus Blast: 1083 (28.0%), Focus Energy: 339 (8.8%)",2229,235,9.49,45,9.68,0,3.37,1.14,353,370,95,170,2.27,1226,"Magikarp: 58, Seaking: 48, Butterfree: 39","Weezing: 12, Quagsire: 12, Azumarill: 10",346,92.5,0,"Damage: 45, Status: 22, Hazard: 0, Weather: 0, Cleric: 0, Screen: 0, Pass: 0",None
camper_bertrand_0536_Dugtrio,camper_bertrand_0536,DUGTRIO,None,0,0,0.0,0,0.0,0,0.0,0.0,0,0,3,0,100.0,2,None,None,0,,0,"Damage: 0, Status: 0, Hazard: 0, Weather: 0, Cleric: 0, Screen: 0, Pass: 0",None
camper_bertrand_0536_Fearow,camper_bertrand_0536,FEAROW,"Aerial Ace: 2506 (60.0%), Pursuit: 729 (17.4%), Agility: 491 (11.8%), Mirror Move: 452 (10.8%)",1021,840,1.22,526,1.84,11,3.79,1.66,216,41,148,10,7.46,1259,"Magikarp: 56, Bellsprout: 30, Butterfree: 29","Fearow: 30, Seaking: 22, Graveler: 21",145,51.31,0,"Damage: 526, Status: 10, Hazard: 0, Weather: 0, Cleric: 0, Screen: 0, Pass: 0",None
camper_bertrand_0536_Primeape,camper_bertrand_0536,PRIMEAPE,"Seismic Toss: 1059 (62.7%), Assurance: 320 (19.0%), Screech: 280 (16.6%), Rage: 29 (1.7%)",363,664,0.55,208,0.86,0,3.66,1.7,24,64,99,0,3.3,821,"Magnemite: 23, Pikachu: 18, Onix: 17","Fearow: 25, Seadra: 21, Seaking: 19",33,46.3,1,"Damage: 208, Status: 0, Hazard: 0, Weather: 0, Cleric: 0, Screen: 0, Pass: 0",None
camper_bertrand_0536_Quagsire,camper_bertrand_0536,QUAGSIRE,None,0,0,0.0,0,0.0,0,0.0,0.0,0,0,0,0,0.0,2,None,None,0,,0,"Damage: 0, Status: 0, Hazard: 0, Weather: 0, Cleric: 0, Screen: 0, Pass: 0",None
camper_bertrand_0536_Tauros,camper_bertrand_0536,TAUROS,"Zen Headbutt: 1173 (55.5%), Payback: 385 (18.2%), Rest: 330 (15.6%), Pursuit: 225 (10.6%)",434,535,0.81,75,0.95,1,5.14,2.81,103,147,120,170,3.77,755,"Pikachu: 21, Fearow: 18, Seaking: 15","Butterfree: 19, Seadra: 18, Weezing: 13",42,,1,"Damage: 75, Status: 0, Hazard: 0, Weather: 0, Cleric: 0, Screen: 0, Pass: 0",None
camper_clark_0560_Buizel,camper_clark_0560,BUIZEL,"Aqua Jet: 2238 (56.6%), Swift: 1334 (33.7%), Agility: 306 (7.7%), Whirlpool: 75 (1.9%)",1110,751,1.48,37,1.53,0,3.57,1.62,231,49,136,0,7.78,1197,"Magikarp: 56, Magnemite: 37, Geodude: 32","Seaking: 27, Graveler: 20, Butterfree: 18",155,54.55,0,"Damage: 37, Status: 0, Hazard: 0, Weather: 0, Cleric: 0, Screen: 0, Pass: 0",None
camper_dean_0149_Dugtrio,camper_dean_0149,DUGTRIO,None,0,0,0.0,0,0.0,0,0.0,0.0,0,0,2,0,100.0,2,None,None,0,,0,"Damage: 0, Status: 0, Hazard: 0, Weather: 0, Cleric: 0, Screen: 0, Pass: 0",None
camper_dean_0149_Golduck,camper_dean_0149,GOLDUCK,"Zen Headbutt: 4212 (74.4%), Screech: 966 (17.1%), Fury Swipes: 331 (5.8%), Psych Up: 151 (2.7%)",1793,503,3.56,288,4.14,42,5.12,2.34,233,712,204,422,-4.65,1263,"Magikarp: 58, Koffing: 41, Seaking: 39","Quagsire: 16, Graveler: 15, Electrode: 15",279,83.29,0,"Damage: 288, Status: 0, Hazard: 0, Weather: 0, Cleric: 0, Screen: 0, Pass: 0",None
camper_dean_0149_Quagsire,camper_dean_0149,QUAGSIRE,None,0,0,0.0,0,0.0,0,0.0,0.0,0,0,0,0,0.0,8,None,None,0,,0,"Damage: 0, Status: 0, Hazard: 0, Weather: 0, Cleric: 0, Screen: 0, Pass: 0",None
camper_dean_0149_Sandslash,camper_dean_0149,SANDSLASH,"Crush Claw: 760 (54.4%), Slash: 302 (21.6%), Sand Tomb: 283 (20.3%), Fury Cutter: 51 (3.7%)",412,323,1.28,61,1.46,0,3.87,1.89,96,179,73,263,-1.09,579,"Quagsire: 23, Electrode: 19, Magnemite: 17","Graveler: 12, Quagsire: 11, Golduck: 10",45,62.3,1,"Damage: 61, Status: 0, Hazard: 0, Weather: 0, Cleric: 0, Screen: 0, Pass: 0",None
camper_elliot_0075_Dugtrio,camper_elliot_0075,DUGTRIO,None,0,0,0.0,0,0.0,0,0.0,0.0,0,0,2,0,100.0,2,None,None,0,,0,"Damage: 0, Status: 0, Hazard: 0, Weather: 0, Cleric: 0, Screen: 0, Pass: 0",None
camper_elliot_0075_Marill,camper_elliot_0075,MARILL,"Water Gun: 1151 (34.7%), Defense Curl: 961 (29.0%), Rollout: 758 (22.9%), Tail Whip: 446 (13.4%)",211,986,0.21,10,0.22,0,5.26,2.33,92,181,545,0,11.81,1078,"Growlithe: 21, Magikarp: 14, Jigglypuff: 13","Seaking: 18, Butterfree: 17, Sandslash: 16",18,10.42,1,"Damage: 10, Status: 0, Hazard: 0, Weather: 0, Cleric: 0, Screen: 0, Pass: 0",None
camper_elliot_0075_Quagsire,camper_elliot_0075,QUAGSIRE,None,0,0,0.0,0,0.0,0,0.0,0.0,0,0,0,0,0.0,4,None,None,0,,0,"Damage: 0, Status: 0, Hazard: 0, Weather: 0, Cleric: 0, Screen: 0, Pass: 0",None
camper_elliot_0075_Sandshrew,camper_elliot_0075,SANDSHREW,"Rapid Spin: 2097 (41.1%), Defense Curl: 1370 (26.8%), Sand Attack: 921 (18.0%), Poison Sting: 718 (14.1%)",168,1068,0.16,219,0.36,1,5.8,2.32,147,407,1017,190,12.5,1156,"Magikarp: 32, Bellsprout: 28, Caterpie: 12","Growlithe: 26, Seaking: 18, Koffing: 18",26,13.84,0,"Damage: 219, Status: 83, Hazard: 0, Weather: 0, Cleric: 0, Screen: 0, Pass: 0",None
camper_grant_0727_Marill,camper_grant_0727,MARILL,"Rollout: 951 (43.2%), Bubble Beam: 768 (34.9%), Tail Whip: 406 (18.5%), Water Gun: 74 (3.4%)",246,865,0.28,34,0.32,0,3.97,1.73,95,142,97,71,2.29,988,"Growlithe: 15, Doduo: 13, Haunter: 9","Seaking: 24, Butterfree: 18, Sandslash: 18",30,25.0,2,"Damage: 34, Status: 0, Hazard: 0, Weather: 0, Cleric: 0, Screen: 0, Pass: 0",None
camper_grant_0727_Quagsire,camper_grant_0727,QUAGSIRE,None,0,0,0.0,0,0.0,0,0.0,0.0,0,0,0,0,0.0,2,None,None,0,,0,"Damage: 0, Status: 0, Hazard: 0, Weather: 0, Cleric: 0, Screen: 0, Pass: 0",None
camper_grant_0727_Skiploom,camper_grant_0727,SKIPLOOM,"Bullet Seed: 4034 (68.7%), Stun Spore: 982 (16.7%), Sleep Powder: 544 (9.3%), Poison Powder: 312 (5.3%), Struggle: 2 (0.0%)",457,954,0.48,255,0.75,20,5.8,2.42,650,568,187,0,4.44,1165,"Magikarp: 59, Bellsprout: 28, Geodude: 24","Seaking: 20, Magmar: 17, Koffing: 17",57,29.27,0,"Damage: 234, Status: 224, Hazard: 0, Weather: 0, Cleric: 0, Screen: 0, Pass: 0",None
camper_ivan_0074_Diglett,camper_ivan_0074,DIGLETT,"Scratch: 1471 (25.9%), Astonish: 1415 (24.9%), Sand Attack: 1289 (22.7%), Magnitude: 824 (14.5%), Growl: 673 (11.9%)",305,2117,0.14,110,0.2,20,8.54,2.59,205,457,1155,359,13.26,1158,"Magikarp: 45, Geodude: 18, Voltorb: 13","Seaking: 36, Growlithe: 34, Graveler: 34",36,10.36,18,"Damage: 110, Status: 0, Hazard: 0, Weather: 0, Cleric: 0, Screen: 0, Pass: 0",None
camper_ivan_0074_Dugtrio,camper_ivan_0074,DUGTRIO,None,0,0,0.0,0,0.0,0,0.0,0.0,0,0,2,0,100.0,2,None,None,0,,0,"Damage: 0, Status: 0, Hazard: 0, Weather: 0, Cleric: 0, Screen: 0, Pass: 0",None
camper_ivan_0074_Quagsire,camper_ivan_0074,QUAGSIRE,None,0,0,0.0,0,0.0,0,0.0,0.0,0,0,0,0,0.0,4,None,None,0,,0,"Damage: 0, Status: 0, Hazard: 0, Weather: 0, Cleric: 0, Screen: 0, Pass: 0",None
camper_ivan_0074_Zubat,camper_ivan_0074,ZUBAT,"Astonish: 1066 (41.3%), Leech Life: 863 (33.4%), Supersonic: 651 (25.2%), Struggle: 1 (0.0%)",88,1035,0.09,98,0.18,0,4.55,1.66,113,354,434,294,6.65,1093,"Magikarp: 17, Bellsprout: 13, Pidgey: 5","Seaking: 18, Butterfree: 16, Sandslash: 16",9,10.0,1,"Damage: 96, Status: 62, Hazard: 0, Weather: 0, Cleric: 0, Screen: 0, Pass: 0",None
camper_jerry_0308_Rhydon,camper_jerry_0308,RHYDON,"Take Down: 1393 (43.2%), Hammer Arm: 690 (21.4%), Avalanche: 626 (19.4%), Rock Slide: 516 (16.0%)",2143,313,6.85,14,6.89,0,3.01,1.56,188,366,120,54,-1.51,1251,"Magikarp: 58, Magmar: 44, Butterfree: 42","Seadra: 21, Golduck: 16, Seaking: 14",324,90.49,0,"Damage: 14, Status: 0, Hazard: 0, Weather: 0, Cleric: 0, Screen: 0, Pass: 0",None
camper_lloyd_0148_Nidoking,camper_lloyd_0148,NIDOKING,"Thrash: 1834 (45.6%), Earth Power: 1773 (44.1%), Poison Sting: 272 (6.8%), Double Kick: 144 (3.6%)",2109,363,5.81,67,5.99,0,3.69,1.46,245,37,82,106,6.63,1262,"Magikarp: 58, Graveler: 45, Voltorb: 40","Weezing: 14, Azumarill: 11, Golduck: 11",317,90.97,0,"Damage: 67, Status: 37, Hazard: 0, Weather: 0, Cleric: 0, Screen: 0, Pass: 0",None
camper_pedro_0580_Linoone,camper_pedro_0580,LINOONE,"Dig: 2991 (52.9%), Slash: 1813 (32.0%), Surf: 481 (8.5%), Belly Drum: 374 (6.6%)",2105,402,5.24,27,5.3,0,4.73,1.36,325,27,1333,0,23.33,1291,"Magikarp: 58, Seaking: 43, Voltorb: 42","Quagsire: 16, Machoke: 12, Golduck: 12",310,85.05,0,"Damage: 27, Status: 0, Hazard: 0, Weather: 0, Cleric: 0, Screen: 0, Pass: 0",None
camper_roland_0026_NidoranM,camper_roland_0026,NIDORAN M,"Peck: 832 (38.1%), Leer: 559 (25.6%), Double Kick: 446 (20.4%), Focus Energy: 348 (15.9%)",187,1044,0.18,4,0.18,0,2.96,1.51,247,87,118,0,12.07,1120,"Bellsprout: 26, Geodude: 18, Magikarp: 17","Koffing: 18, Seaking: 18, Pikachu: 16",28,10.71,0,"Damage: 4, Status: 0, Hazard: 0, Weather: 0, Cleric: 0, Screen: 0, Pass: 0",None
camper_sid_0150_Dugtrio,camper_sid_0150,DUGTRIO,"Slash: 1783 (51.5%), Earth Power: 1252 (36.1%), Mud Bomb: 331 (9.6%), Sand Tomb: 98 (2.8%)",1444,599,2.41,500,3.25,20,3.14,1.29,296,93,83,85,7.98,1204,"Magikarp: 58, Voltorb: 37, Magnemite: 33","Seaking: 22, Golduck: 19, Quagsire: 19",212,69.93,0,"Damage: 500, Status: 0, Hazard: 0, Weather: 0, Cleric: 0, Screen: 0, Pass: 0",None
camper_sid_0150_Poliwrath,camper_sid_0150,POLIWRATH,"Submission: 801 (47.7%), Bubble Beam: 470 (28.0%), Hypnosis: 365 (21.7%), Double Slap: 45 (2.7%)",467,270,1.73,72,2.0,0,4.7,1.8,70,320,49,30,-11.29,537,"Magmar: 17, Weezing: 15, Haunter: 15","Vileplume: 11, Victreebel: 10, Quagsire: 9",51,,0,"Damage: 70, Status: 31, Hazard: 0, Weather: 0, Cleric: 0, Screen: 0, Pass: 0",None
camper_sid_0150_Primeape,camper_sid_0150,PRIMEAPE,"Assurance: 700 (60.7%), Swagger: 308 (26.7%), Rage: 79 (6.9%), Screech: 66 (5.7%)",242,278,0.87,153,1.42,4,3.87,1.37,35,45,50,0,3.33,454,"Butterfree: 15, Seaking: 14, Fearow: 9","Golduck: 11, Azumarill: 11, Quagsire: 11",18,63.16,0,"Damage: 126, Status: 98, Hazard: 0, Weather: 0, Cleric: 0, Screen: 0, Pass: 0",None
camper_sid_0150_Quagsire,camper_sid_0150,QUAGSIRE,None,0,0,0.0,0,0.0,0,0.0,0.0,0,0,0,0,0.0,6,None,None,0,,0,"Damage: 0, Status: 0, Hazard: 0, Weather: 0, Cleric: 0, Screen: 0, Pass: 0",None
camper_spencer_0403_Dugtrio,camper_spencer_0403,DUGTRIO,None,0,0,0.0,0,0.0,0,0.0,0.0,0,0,1,0,100.0,1,None,None,0,,0,"Damage: 0, Status: 0, Hazard: 0, Weather: 0, Cleric: 0, Screen: 0, Pass: 0",None
camper_spencer_0403_Quagsire,camper_spencer_0403,QUAGSIRE,None,0,0,0.0,0,0.0,0,0.0,0.0,0,0,3,0,100.0,4,None,None,0,,0,"Damage: 0, Status: 0, Hazard: 0, Weather: 0, Cleric: 0, Screen: 0, Pass: 0",None
camper_spencer_0403_Sandshrew,camper_spencer_0403,SANDSHREW,"Swift: 2183 (44.8%), Sand Attack: 1258 (25.8%), Rapid Spin: 1054 (21.6%), Poison Sting: 376 (7.7%)",311,1013,0.31,286,0.59,30,5.49,2.06,187,132,1126,91,19.72,1165,"Magikarp: 51, Bellsprout: 21, Geodude: 17","Growlithe: 18, Teddiursa: 18, Seaking: 18",38,20.94,0,"Damage: 286, Status: 34, Hazard: 0, Weather: 0, Cleric: 0, Screen: 0, Pass: 0",None
camper_spencer_0403_Sandslash,camper_spencer_0403,SANDSLASH,"Swift: 1561 (58.5%), Sand Attack: 628 (23.5%), Rapid Spin: 355 (13.3%), Poison Sting: 123 (4.6%)",141,873,0.16,69,0.24,9,4.73,1.9,98,25,732,32,23.8,961,"Shellder: 7, Pidgey: 6, Growlithe: 6","Seaking: 20, Butterfree: 19, Magmar: 16",12,16.67,2,"Damage: 69, Status: 4, Hazard: 0, Weather: 0, Cleric: 0, Screen: 0, Pass: 0",None
camper_spencer_0403_Zubat,camper_spencer_0403,ZUBAT,"Wing Attack: 1080 (55.8%), Supersonic: 471 (24.3%), Bite: 344 (17.8%), Astonish: 41 (2.1%)",230,882,0.26,74,0.34,0,3.98,1.44,82,242,336,89,7.9,1004,"Gastly: 12, Staryu: 9, Slowpoke: 9","Seaking: 19, Butterfree: 19, Goldeen: 17",23,,0,"Damage: 69, Status: 40, Hazard: 0, Weather: 0, Cleric: 0, Screen: 0, Pass: 0",None
camper_tanner_0561_Sudowoodo,camper_tanner_0561,SUDOWOODO,"Rock Tomb: 1613 (38.7%), Rock Slide: 1387 (33.3%), Slam: 704 (16.9%), Faint Attack: 467 (11.2%)",1603,571,2.81,26,2.85,0,4.01,2.34,195,695,148,893,-8.19,1244,"Magikarp: 60, Butterfree: 39, Goldeen: 32","Seaking: 20, Seadra: 16, Quagsire: 15",228,76.45,0,"Damage: 26, Status: 0, Hazard: 0, Weather: 0, Cleric: 0, Screen: 0, Pass: 0",None
camper_tanner_0658_Chinchou,camper_tanner_0658,CHINCHOU,"Discharge: 550 (35.6%), Bubble Beam: 380 (24.6%), Aqua Ring: 363 (23.5%), Signal Beam: 253 (16.4%)",445,370,1.2,39,1.31,0,4.04,1.74,82,16,66,136,8.21,608,"Seadra: 23, Graveler: 17, Gyarados: 16","Quagsire: 22, Seaking: 12, Vileplume: 10",51,58.49,0,"Damage: 39, Status: 6, Hazard: 0, Weather: 0, Cleric: 0, Screen: 0, Pass: 0",None
camper_tanner_0658_Dugtrio,camper_tanner_0658,DUGTRIO,None,0,0,0.0,0,0.0,0,0.0,0.0,0,0,2,0,100.0,2,None,None,0,,0,"Damage: 0, Status: 0, Hazard: 0, Weather: 0, Cleric: 0, Screen: 0, Pass: 0",None
camper_tanner_0658_Quagsire,camper_tanner_0658,QUAGSIRE,None,0,0,0.0,0,0.0,0,0.0,0.0,0,0,0,0,0.0,7,None,None,0,,0,"Damage: 0, Status: 0, Hazard: 0, Weather: 0, Cleric: 0, Screen: 0, Pass: 0",None
camper_tanner_0658_Sudowoodo,camper_tanner_0658,SUDOWOODO,"Rock Slide: 1590 (39.0%), Rock Tomb: 1463 (35.9%), Slam: 798 (19.6%), Sucker Punch: 229 (5.6%)",1574,571,2.76,287,3.26,15,3.97,2.21,192,705,183,811,-8.15,1238,"Magikarp: 58, Butterfree: 38, Pikachu: 31","Golduck: 23, Quagsire: 22, Seadra: 18",243,78.19,0,"Damage: 287, Status: 0, Hazard: 0, Weather: 0, Cleric: 0, Screen: 0, Pass: 0",None
camper_tanner_0659_Chinchou,camper_tanner_0659,CHINCHOU,"Aqua Ring: 2 (66.7%), Signal Beam: 1 (33.3%)",0,2,0.0,0,0.0,0,3.5,0.0,0,0,0,0,0.0,2,None,None,0,,0,"Damage: 0, Status: 0, Hazard: 0, Weather: 0, Cleric: 0, Screen: 0, Pass: 0",None
camper_tanner_0659_Dugtrio,camper_tanner_0659,DUGTRIO,None,0,0,0.0,0,0.0,0,0.0,0.0,0,0,2,0,100.0,2,None,None,0,,0,"Damage: 0, Status: 0, Hazard: 0, Weather: 0, Cleric: 0, Screen: 0, Pass: 0",None
camper_tanner_0659_Lanturn,camper_tanner_0659,LANTURN,"Discharge: 310 (30.4%), Bubble Beam: 286 (28.0%), Signal Beam: 230 (22.5%), Aqua Ring: 195 (19.1%)",399,105,3.8,35,4.13,8,3.79,1.66,48,25,51,66,6.41,369,"Seaking: 14, Qwilfish: 11, Tentacruel: 10","Nidoking: 9, Parasect: 7, Nidoqueen: 5",58,86.54,0,"Damage: 35, Status: 2, Hazard: 0, Weather: 0, Cleric: 0, Screen: 0, Pass: 0",None
camper_tanner_0659_Quagsire,camper_tanner_0659,QUAGSIRE,None,0,0,0.0,0,0.0,0,0.0,0.0,0,0,0,0,0.0,2,None,None,0,,0,"Damage: 0, Status: 0, Hazard: 0, Weather: 0, Cleric: 0, Screen: 0, Pass: 0",None
camper_tanner_0659_Skiploom,camper_tanner_0659,SKIPLOOM,"Giga Drain: 337 (39.5%), Worry Seed: 233 (27.3%), U Turn: 174 (20.4%), Cotton Spore: 110 (12.9%)",187,164,1.14,88,1.68,9,4.31,1.68,33,33,40,0,4.47,340,"Quagsire: 17, Seadra: 15, Graveler: 9","Nidoking: 10, Seaking: 9, Golduck: 8",13,,4,"Damage: 88, Status: 0, Hazard: 0, Weather: 0, Cleric: 0, Screen: 0, Pass: 0",None
camper_tanner_0659_Sudowoodo,camper_tanner_0659,SUDOWOODO,"Double Edge: 1470 (46.7%), Rock Slide: 1032 (32.8%), Slam: 448 (14.2%), Sucker Punch: 196 (6.2%), Rock Tomb: 3 (0.1%)",1683,394,4.27,302,5.04,40,3.22,1.68,189,267,112,42,0.79,1144,"Magikarp: 56, Butterfree: 38, Koffing: 33","Golduck: 12, Seadra: 10, Nidoking: 10",257,87.85,0,"Damage: 302, Status: 0, Hazard: 0, Weather: 0, Cleric: 0, Screen: 0, Pass: 0",None
camper_tanner_0660_Chinchou,camper_tanner_0660,CHINCHOU,"Discharge: 3 (50.0%), Aqua Ring: 2 (33.3%), Bubble Beam: 1 (16.7%)",0,2,0.0,0,0.0,0,4.5,0.0,1,1,0,0,0.0,2,None,None,0,,0,"Damage: 0, Status: 0, Hazard: 0, Weather: 0, Cleric: 0, Screen: 0, Pass: 0",None
camper_tanner_0660_Dugtrio,camper_tanner_0660,DUGTRIO,None,0,0,0.0,0,0.0,0,0.0,0.0,0,0,12,0,100.0,5,None,None,0,,0,"Damage: 0, Status: 0, Hazard: 0, Weather: 0, Cleric: 0, Screen: 0, Pass: 0",None
camper_tanner_0660_Jumpluff,camper_tanner_0660,JUMPLUFF,"Bounce: 816 (62.6%), Worry Seed: 220 (16.9%), Giga Drain: 195 (15.0%), Memento: 72 (5.5%)",278,145,1.92,72,2.41,25,5.04,1.37,19,72,388,0,19.81,341,"Seadra: 15, Quagsire: 14, Victreebel: 14","Golduck: 6, Ampharos: 4, Porygon2: 4",21,80.0,0,"Damage: 72, Status: 0, Hazard: 0, Weather: 0, Cleric: 0, Screen: 0, Pass: 0",None
camper_tanner_0660_Lanturn,camper_tanner_0660,LANTURN,"Hydro Pump: 343 (45.3%), Discharge: 212 (28.0%), Aqua Ring: 110 (14.5%), Signal Beam: 92 (12.2%)",324,64,5.06,11,5.23,1,4.03,1.65,29,77,26,21,-3.14,275,"Tentacruel: 18, Magmar: 11, Flareon: 11","Nidoqueen: 7, Alakazam: 6, Vileplume: 5",47,,0,"Damage: 11, Status: 0, Hazard: 0, Weather: 0, Cleric: 0, Screen: 0, Pass: 0",None
camper_tanner_0660_Skiploom,camper_tanner_0660,SKIPLOOM,"Cotton Spore: 1 (50.0%), Worry Seed: 1 (50.0%)",0,2,0.0,0,0.0,1,5.0,0.0,0,0,0,0,0.0,2,None,None,0,,0,"Damage: 0, Status: 0, Hazard: 0, Weather: 0, Cleric: 0, Screen: 0, Pass: 0",None
camper_tanner_0660_Sudowoodo,camper_tanner_0660,SUDOWOODO,"Hammer Arm: 1355 (45.5%), Double Edge: 1020 (34.3%), Slam: 415 (13.9%), Sucker Punch: 177 (5.9%), Rock Slide: 7 (0.2%), Rock Tomb: 1 (0.0%)",1782,366,4.87,261,5.58,41,3.02,1.61,146,248,88,0,-0.46,1151,"Magikarp: 57, Magnemite: 36, Seaking: 35","Golduck: 15, Seadra: 13, Victreebel: 13",290,88.36,0,"Damage: 261, Status: 0, Hazard: 0, Weather: 0, Cleric: 0, Screen: 0, Pass: 0",None
camper_ted_0147_Mankey,camper_ted_0147,MANKEY,"Seismic Toss: 1138 (46.7%), Karate Chop: 734 (30.1%), Focus Energy: 491 (20.1%), Fury Swipes: 74 (3.0%)",526,950,0.55,8,0.56,0,2.92,1.52,178,77,115,0,8.46,1158,"Magikarp: 61, Bellsprout: 28, Geodude: 20","Growlithe: 19, Seaking: 18, Butterfree: 18",66,27.72,0,"Damage: 8, Status: 0, Hazard: 0, Weather: 0, Cleric: 0, Screen: 0, Pass: 0",None
camper_todd_0066_Psyduck,camper_todd_0066,PSYDUCK,"Water Gun: 1195 (40.9%), Disable: 637 (21.8%), Tail Whip: 607 (20.8%), Scratch: 482 (16.5%)",305,1013,0.3,1,0.3,0,3.63,1.9,105,256,155,0,0.13,1122,"Magikarp: 42, Bellsprout: 32, Geodude: 24","Seaking: 18, Koffing: 16, Pikachu: 16",41,16.93,0,"Damage: 1, Status: 0, Hazard: 0, Weather: 0, Cleric: 0, Screen: 0, Pass: 0",None
camper_todd_0274_Dugtrio,camper_todd_0274,DUGTRIO,None,0,0,0.0,0,0.0,0,0.0,0.0,0,0,1,0,100.0,1,None,None,0,,0,"Damage: 0, Status: 0, Hazard: 0, Weather: 0, Cleric: 0, Screen: 0, Pass: 0",None
camper_todd_0274_Geodude,camper_todd_0274,GEODUDE,"Rock Polish: 2132 (44.4%), Rock Throw: 1604 (33.4%), Magnitude: 961 (20.0%), Mud Sport: 108 (2.2%)",499,1891,0.26,191,0.36,2,5.99,3.2,130,292,273,0,2.19,1162,"Magikarp: 54, Bellsprout: 28, Pidgey: 22","Goldeen: 38, Seaking: 35, Quagsire: 32",66,21.44,7,"Damage: 191, Status: 0, Hazard: 0, Weather: 0, Cleric: 0, Screen: 0, Pass: 0",None
camper_todd_0274_Psyduck,camper_todd_0274,PSYDUCK,"Confusion: 852 (36.3%), Water Pulse: 814 (34.7%), Screech: 561 (23.9%), Fury Swipes: 112 (4.8%), Water Gun: 4 (0.2%), Scratch: 1 (0.0%), Disable: 1 (0.0%)",413,783,0.53,40,0.58,1,4.22,1.93,118,150,132,200,4.82,971,"Goldeen: 19, Koffing: 16, Shellder: 14","Seaking: 22, Butterfree: 21, Quagsire: 16",61,100.0,3,"Damage: 40, Status: 25, Hazard: 0, Weather: 0, Cleric: 0, Screen: 0, Pass: 0",None
camper_todd_0274_Quagsire,camper_todd_0274,QUAGSIRE,None,0,0,0.0,0,0.0,0,0.0,0.0,0,0,0,0,0.0,4,None,None,0,,0,"Damage: 0, Status: 0, Hazard: 0, Weather: 0, Cleric: 0, Screen: 0, Pass: 0",None
camper_todd_0275_Dugtrio,camper_todd_0275,DUGTRIO,None,0,0,0.0,0,0.0,0,0.0,0.0,0,0,3,0,100.0,2,None,None,0,,0,"Damage: 0, Status: 0, Hazard: 0, Weather: 0, Cleric: 0, Screen: 0, Pass: 0",None
camper_todd_0275_Geodude,camper_todd_0275,GEODUDE,"Rock Throw: 1520 (53.0%), Magnitude: 865 (30.2%), Rollout: 411 (14.3%), Selfdestruct: 69 (2.4%), Rock Polish: 3 (0.1%)",663,1018,0.65,521,1.16,1,3.18,1.81,164,309,135,0,-0.33,1262,"Magikarp: 50, Pikachu: 27, Bellsprout: 25","Seaking: 35, Golduck: 22, Graveler: 22",92,34.13,0,"Damage: 521, Status: 0, Hazard: 0, Weather: 0, Cleric: 0, Screen: 0, Pass: 0",None
camper_todd_0275_Golduck,camper_todd_0275,GOLDUCK,"Confusion: 1052 (46.9%), Water Pulse: 680 (30.3%), Screech: 417 (18.6%), Fury Swipes: 92 (4.1%)",487,474,1.03,100,1.24,3,4.76,2.56,111,120,86,162,3.19,722,"Koffing: 20, Seadra: 16, Machop: 16","Seaking: 27, Vileplume: 19, Quagsire: 15",66,,0,"Damage: 100, Status: 40, Hazard: 0, Weather: 0, Cleric: 0, Screen: 0, Pass: 0",None
camper_todd_0275_Graveler,camper_todd_0275,GRAVELER,"Earthquake: 927 (55.2%), Rollout: 597 (35.6%), Rock Blast: 129 (7.7%), Selfdestruct: 26 (1.5%)",694,625,1.11,165,1.37,0,3.49,1.69,95,141,102,0,3.14,935,"Seaking: 26, Butterfree: 23, Magmar: 20","Seaking: 28, Quagsire: 23, Seadra: 18",93,40.35,21,"Damage: 165, Status: 0, Hazard: 0, Weather: 0, Cleric: 0, Screen: 0, Pass: 0",None
camper_todd_0275_Psyduck,camper_todd_0275,PSYDUCK,"Water Pulse: 6 (42.9%), Confusion: 3 (21.4%), Water Gun: 3 (21.4%), Screech: 2 (14.3%)",0,4,0.0,0,0.0,0,5.0,0.0,0,0,0,0,0.0,4,None,None,0,100.0,0,"Damage: 0, Status: 0, Hazard: 0, Weather: 0, Cleric: 0, Screen: 0, Pass: 0",None
camper_todd_0275_Quagsire,camper_todd_0275,QUAGSIRE,None,0,0,0.0,0,0.0,0,0.0,0.0,0,0,0,0,0.0,6,None,None,0,,0,"Damage: 0, Status: 0, Hazard: 0, Weather: 0, Cleric: 0, Screen: 0, Pass: 0",None
camper_todd_0275_Slugma,camper_todd_0275,SLUGMA,"Harden: 539 (32.8%), Amnesia: 413 (25.2%), Recover: 346 (21.1%), Ancient Power: 333 (20.3%), Struggle: 10 (0.6%)",83,592,0.14,69,0.26,0,4.9,2.55,20,2,136,35,8.8,638,"Cloyster: 6, Skiploom: 6, Shellder: 4","Seaking: 34, Victreebel: 18, Seadra: 18",6,,0,"Damage: 69, Status: 0, Hazard: 0, Weather: 0, Cleric: 0, Screen: 0, Pass: 0",None
camper_todd_0525_Dugtrio,camper_todd_0525,DUGTRIO,None,0,0,0.0,0,0.0,0,0.0,0.0,0,0,2,0,100.0,2,None,None,0,,0,"Damage: 0, Status: 0, Hazard: 0, Weather: 0, Cleric: 0, Screen: 0, Pass: 0",None
camper_todd_0525_Geodude,camper_todd_0525,GEODUDE,None,0,6,0.0,0,0.0,0,1.5,0.0,0,0,0,0,0.0,4,None,None,0,100.0,0,"Damage: 0, Status: 0, Hazard: 0, Weather: 0, Cleric: 0, Screen: 0, Pass: 0",None
camper_todd_0525_Golduck,camper_todd_0525,GOLDUCK,"Hydro Pump: 486 (46.6%), Zen Headbutt: 287 (27.5%), Amnesia: 166 (15.9%), Psych Up: 88 (8.4%), Water Pulse: 6 (0.6%), Screech: 4 (0.4%), Confusion: 3 (0.3%), Fury Swipes: 2 (0.2%)",355,62,5.73,10,5.89,3,5.21,2.12,30,145,53,17,-6.19,268,"Seaking: 22, Quagsire: 21, Poliwrath: 13","Starmie: 7, Ampharos: 7, Alakazam: 5",50,,0,"Damage: 10, Status: 0, Hazard: 0, Weather: 0, Cleric: 0, Screen: 0, Pass: 0",None
camper_todd_0525_Graveler,camper_todd_0525,GRAVELER,"Earthquake: 1695 (53.0%), Rollout: 923 (28.8%), Double Edge: 328 (10.2%), Rock Blast: 216 (6.7%), Selfdestruct: 30 (0.9%), Explosion: 9 (0.3%)",1604,819,1.96,264,2.28,16,3.44,1.98,181,220,143,0,3.11,1149,"Magikarp: 57, Seaking: 37, Magnemite: 36","Seaking: 47, Quagsire: 37, Golduck: 29",250,68.25,4,"Damage: 264, Status: 0, Hazard: 0, Weather: 0, Cleric: 0, Screen: 0, Pass: 0",None
camper_todd_0525_Magcargo,camper_todd_0525,MAGCARGO,"Rock Slide: 325 (35.5%), Lava Plume: 323 (35.3%), Amnesia: 173 (18.9%), Body Slam: 94 (10.3%)",385,202,1.91,96,2.38,2,3.96,2.17,35,46,64,100,6.1,408,"Butterfree: 21, Koffing: 13, Victreebel: 11","Seaking: 16, Quagsire: 13, Azumarill: 13",53,,1,"Damage: 96, Status: 25, Hazard: 0, Weather: 0, Cleric: 0, Screen: 0, Pass: 0",None
camper_todd_0525_Psyduck,camper_todd_0525,PSYDUCK,Water Pulse: 6 (100.0%),0,4,0.0,0,0.0,0,2.5,0.0,0,0,0,0,0.0,4,None,None,0,100.0,0,"Damage: 0, Status: 0, Hazard: 0, Weather: 0, Cleric: 0, Screen: 0, Pass: 0",None
camper_todd_0525_Quagsire,camper_todd_0525,QUAGSIRE,None,0,0,0.0,0,0.0,0,0.0,0.0,0,0,0,0,0.0,4,None,None,0,,0,"Damage: 0, Status: 0, Hazard: 0, Weather: 0, Cleric: 0, Screen: 0, Pass: 0",None
camper_todd_0525_Slugma,camper_todd_0525,SLUGMA,Harden: 1 (100.0%),0,2,0.0,0,0.0,0,2.5,0.0,0,0,0,0,0.0,2,None,None,0,,0,"Damage: 0, Status: 0, Hazard: 0, Weather: 0, Cleric: 0, Screen: 0, Pass: 0",None
camper_virgil_0599_Slakoth,camper_virgil_0599,SLAKOTH,"Counter: 3368 (44.6%), Amnesia: 1612 (21.3%), Flail: 1423 (18.8%), Covet: 1153 (15.3%)",1177,813,1.45,20,1.47,0,7.05,3.73,138,108,306,0,4.27,1279,"Magikarp: 56, Geodude: 31, Bellsprout: 29","Graveler: 23, Butterfree: 22, Seaking: 16",148,59.03,0,"Damage: 20, Status: 0, Hazard: 0, Weather: 0, Cleric: 0, Screen: 0, Pass: 0",None
double_team_elan_ida_0679_Azumarill,double_team_elan_ida_0679,AZUMARILL,"Aqua Jet: 802 (47.4%), Waterfall: 645 (38.1%), Superpower: 156 (9.2%), Attract: 90 (5.3%)",976,89,10.97,237,13.63,0,2.35,0.7,105,16,31,75,6.93,824,"Butterfree: 34, Graveler: 33, Magikarp: 32","Sunflora: 9, Starmie: 7, Seaking: 6",150,96.9,0,"Damage: 237, Status: 0, Hazard: 0, Weather: 0, Cleric: 0, Screen: 0, Pass: 0",None
double_team_elan_ida_0679_Dugtrio,double_team_elan_ida_0679,DUGTRIO,None,0,0,0.0,0,0.0,0,0.0,0.0,0,0,2,0,100.0,1,None,None,0,,0,"Damage: 0, Status: 0, Hazard: 0, Weather: 0, Cleric: 0, Screen: 0, Pass: 0",None
double_team_elan_ida_0679_Porygon2,double_team_elan_ida_0679,PORYGON2,"Tri Attack: 1357 (57.5%), Charge Beam: 480 (20.4%), Protect: 341 (14.5%), Trick Room: 180 (7.6%)",1362,58,23.48,142,25.93,8,2.35,0.68,100,70,49,278,3.02,1122,"Seaking: 39, Koffing: 30, Magikarp: 26","Azumarill: 4, Seaking: 4, Rapidash: 4",170,98.31,0,"Damage: 142, Status: 0, Hazard: 0, Weather: 0, Cleric: 0, Screen: 0, Pass: 0",None
double_team_elan_ida_0679_Starmie,double_team_elan_ida_0679,STARMIE,None,0,0,0.0,0,0.0,0,0.0,0.0,0,0,0,0,0.0,1,None,None,0,,0,"Damage: 0, Status: 0, Hazard: 0, Weather: 0, Cleric: 0, Screen: 0, Pass: 0",None
double_team_thom_kae_0725_Dugtrio,double_team_thom_kae_0725,DUGTRIO,None,0,0,0.0,0,0.0,0,0.0,0.0,0,0,2,0,100.0,2,None,None,0,,0,"Damage: 0, Status: 0, Hazard: 0, Weather: 0, Cleric: 0, Screen: 0, Pass: 0",None
double_team_thom_kae_0725_Electabuzz,double_team_thom_kae_0725,ELECTABUZZ,"Thunderbolt: 1512 (51.9%), Thunder Wave: 567 (19.5%), Light Screen: 497 (17.1%), Swift: 335 (11.5%)",860,702,1.23,296,1.65,7,2.7,1.18,132,21,87,73,6.55,1231,"Goldeen: 32, Magikarp: 30, Poliwhirl: 21","Graveler: 41, Seaking: 22, Quagsire: 20",115,56.95,0,"Damage: 237, Status: 165, Hazard: 0, Weather: 0, Cleric: 0, Screen: 26, Pass: 0",None
double_team_thom_kae_0725_Electrode,double_team_thom_kae_0725,ELECTRODE,None,0,0,0.0,0,0.0,0,0.0,0.0,0,0,0,0,0.0,1,None,None,0,,0,"Damage: 0, Status: 0, Hazard: 0, Weather: 0, Cleric: 0, Screen: 0, Pass: 0",None
double_team_thom_kae_0725_Exeggcute,double_team_thom_kae_0725,EXEGGCUTE,None,0,0,0.0,0,0.0,0,0.0,0.0,0,0,0,0,0.0,1,None,None,0,,0,"Damage: 0, Status: 0, Hazard: 0, Weather: 0, Cleric: 0, Screen: 0, Pass: 0",None
double_team_thom_kae_0725_Flareon,double_team_thom_kae_0725,FLAREON,None,0,0,0.0,0,0.0,0,0.0,0.0,0,0,0,0,0.0,1,None,None,0,,0,"Damage: 0, Status: 0, Hazard: 0, Weather: 0, Cleric: 0, Screen: 0, Pass: 0",None
double_team_thom_kae_0725_Geodude,double_team_thom_kae_0725,GEODUDE,None,0,0,0.0,0,0.0,0,0.0,0.0,0,0,0,0,0.0,7,None,None,0,,0,"Damage: 0, Status: 0, Hazard: 0, Weather: 0, Cleric: 0, Screen: 0, Pass: 0",None
double_team_thom_kae_0725_Graveler,double_team_thom_kae_0725,GRAVELER,None,0,0,0.0,0,0.0,0,0.0,0.0,0,0,0,0,0.0,11,None,None,0,,0,"Damage: 0, Status: 0, Hazard: 0, Weather: 0, Cleric: 0, Screen: 0, Pass: 0",None
double_team_thom_kae_0725_Gulpin,double_team_thom_kae_0725,GULPIN,None,0,0,0.0,0,0.0,0,0.0,0.0,0,0,0,0,0.0,1,None,None,0,,0,"Damage: 0, Status: 0, Hazard: 0, Weather: 0, Cleric: 0, Screen: 0, Pass: 0",None
double_team_thom_kae_0725_Koffing,double_team_thom_kae_0725,KOFFING,None,0,0,0.0,0,0.0,0,0.0,0.0,0,0,0,0,0.0,1,None,None,0,,0,"Damage: 0, Status: 0, Hazard: 0, Weather: 0, Cleric: 0, Screen: 0, Pass: 0",None
double_team_thom_kae_0725_Machoke,double_team_thom_kae_0725,MACHOKE,None,0,0,0.0,0,0.0,0,0.0,0.0,0,0,0,0,0.0,1,None,None,0,,0,"Damage: 0, Status: 0, Hazard: 0, Weather: 0, Cleric: 0, Screen: 0, Pass: 0",None
double_team_thom_kae_0725_Magmar,double_team_thom_kae_0725,MAGMAR,"Protect: 1292 (44.1%), Flamethrower: 1237 (42.2%), Faint Attack: 229 (7.8%), Confuse Ray: 174 (5.9%)",593,648,0.92,180,1.19,0,3.37,1.16,87,11,84,66,5.18,1056,"Magnemite: 36, Magikarp: 26, Voltorb: 23","Graveler: 21, Seaking: 18, Beedrill: 17",68,62.7,0,"Damage: 144, Status: 72, Hazard: 0, Weather: 0, Cleric: 0, Screen: 0, Pass: 0",None
double_team_thom_kae_0725_Onix,double_team_thom_kae_0725,ONIX,None,0,0,0.0,0,0.0,0,0.0,0.0,0,0,0,0,0.0,7,None,None,0,,0,"Damage: 0, Status: 0, Hazard: 0, Weather: 0, Cleric: 0, Screen: 0, Pass: 0",None
double_team_thom_kae_0725_Primeape,double_team_thom_kae_0725,PRIMEAPE,None,0,0,0.0,0,0.0,0,0.0,0.0,0,0,0,0,0.0,2,None,None,0,,0,"Damage: 0, Status: 0, Hazard: 0, Weather: 0, Cleric: 0, Screen: 0, Pass: 0",None
double_team_thom_kae_0725_Quagsire,double_team_thom_kae_0725,QUAGSIRE,None,0,0,0.0,0,0.0,0,0.0,0.0,0,0,0,0,0.0,4,None,None,0,,0,"Damage: 0, Status: 0, Hazard: 0, Weather: 0, Cleric: 0, Screen: 0, Pass: 0",None
double_team_thom_kae_0725_Rapidash,double_team_thom_kae_0725,RAPIDASH,None,0,0,0.0,0,0.0,0,0.0,0.0,0,0,0,0,0.0,4,None,None,0,,0,"Damage: 0, Status: 0, Hazard: 0, Weather: 0, Cleric: 0, Screen: 0, Pass: 0",None
double_team_thom_kae_0725_Rhydon,double_team_thom_kae_0725,RHYDON,None,0,0,0.0,0,0.0,0,0.0,0.0,0,0,0,0,0.0,2,None,None,0,,0,"Damage: 0, Status: 0, Hazard: 0, Weather: 0, Cleric: 0, Screen: 0, Pass: 0",None
double_team_thom_kae_0725_Sandslash,double_team_thom_kae_0725,SANDSLASH,None,0,0,0.0,0,0.0,0,0.0,0.0,0,0,0,0,0.0,5,None,None,0,,0,"Damage: 0, Status: 0, Hazard: 0, Weather: 0, Cleric: 0, Screen: 0, Pass: 0",None
double_team_thom_kae_0725_Steelix,double_team_thom_kae_0725,STEELIX,None,0,0,0.0,0,0.0,0,0.0,0.0,0,0,0,0,0.0,3,None,None,0,,0,"Damage: 0, Status: 0, Hazard: 0, Weather: 0, Cleric: 0, Screen: 0, Pass: 0",None
double_team_thom_kae_0725_Voltorb,double_team_thom_kae_0725,VOLTORB,None,0,0,0.0,0,0.0,0,0.0,0.0,0,0,0,0,0.0,3,None,None,0,,0,"Damage: 0, Status: 0, Hazard: 0, Weather: 0, Cleric: 0, Screen: 0, Pass: 0",None
double_team_zac_jen_0549_Dugtrio,double_team_zac_jen_0549,DUGTRIO,"Dig: 1857 (78.8%), Night Slash: 354 (15.0%), Mud Bomb: 106 (4.5%), Growl: 39 (1.7%)",769,169,4.55,272,6.16,0,2.82,0.55,103,29,589,12,22.53,891,"Magmar: 28, Electrode: 26, Magnemite: 22","Golduck: 14, Quagsire: 11, Golem: 10",106,91.45,0,"Damage: 272, Status: 0, Hazard: 0, Weather: 0, Cleric: 0, Screen: 0, Pass: 0",None
double_team_zac_jen_0549_Electabuzz,double_team_zac_jen_0549,ELECTABUZZ,"Discharge: 1546 (60.9%), Quick Attack: 534 (21.0%), Thunderbolt: 406 (16.0%), Low Kick: 51 (2.0%)",1480,197,7.51,545,10.28,11,2.47,0.74,210,754,63,342,-18.38,1175,"Magikarp: 43, Koffing: 34, Butterfree: 34","Graveler: 12, Quagsire: 12, Sandslash: 10",223,92.17,0,"Damage: 541, Status: 179, Hazard: 0, Weather: 0, Cleric: 0, Screen: 0, Pass: 0",None
double_team_zac_jen_0549_Electrode,double_team_zac_jen_0549,ELECTRODE,None,0,0,0.0,0,0.0,0,0.0,0.0,0,0,0,0,0.0,1,None,None,0,,0,"Damage: 0, Status: 0, Hazard: 0, Weather: 0, Cleric: 0, Screen: 0, Pass: 0",None
double_team_zac_jen_0549_Geodude,double_team_zac_jen_0549,GEODUDE,None,0,0,0.0,0,0.0,0,0.0,0.0,0,0,0,0,0.0,1,None,None,0,,0,"Damage: 0, Status: 0, Hazard: 0, Weather: 0, Cleric: 0, Screen: 0, Pass: 0",None
double_team_zac_jen_0549_Graveler,double_team_zac_jen_0549,GRAVELER,None,0,0,0.0,0,0.0,0,0.0,0.0,0,0,0,0,0.0,9,None,None,0,,0,"Damage: 0, Status: 0, Hazard: 0, Weather: 0, Cleric: 0, Screen: 0, Pass: 0",None
double_team_zac_jen_0549_Lickilicky,double_team_zac_jen_0549,LICKILICKY,None,0,0,0.0,0,0.0,0,0.0,0.0,0,0,0,0,0.0,1,None,None,0,,0,"Damage: 0, Status: 0, Hazard: 0, Weather: 0, Cleric: 0, Screen: 0, Pass: 0",None
double_team_zac_jen_0549_Machoke,double_team_zac_jen_0549,MACHOKE,None,0,0,0.0,0,0.0,0,0.0,0.0,0,0,0,0,0.0,2,None,None,0,,0,"Damage: 0, Status: 0, Hazard: 0, Weather: 0, Cleric: 0, Screen: 0, Pass: 0",None
double_team_zac_jen_0549_Magmar,double_team_zac_jen_0549,MAGMAR,None,0,0,0.0,0,0.0,0,0.0,0.0,0,0,0,0,0.0,2,None,None,0,,0,"Damage: 0, Status: 0, Hazard: 0, Weather: 0, Cleric: 0, Screen: 0, Pass: 0",None
double_team_zac_jen_0549_Onix,double_team_zac_jen_0549,ONIX,None,0,0,0.0,0,0.0,0,0.0,0.0,0,0,0,0,0.0,3,None,None,0,,0,"Damage: 0, Status: 0, Hazard: 0, Weather: 0, Cleric: 0, Screen: 0, Pass: 0",None
double_team_zac_jen_0549_Pikachu,double_team_zac_jen_0549,PIKACHU,None,0,0,0.0,0,0.0,0,0.0,0.0,0,0,0,0,0.0,1,None,None,0,,0,"Damage: 0, Status: 0, Hazard: 0, Weather: 0, Cleric: 0, Screen: 0, Pass: 0",None
double_team_zac_jen_0549_Primeape,double_team_zac_jen_0549,PRIMEAPE,None,0,0,0.0,0,0.0,0,0.0,0.0,0,0,0,0,0.0,2,None,None,0,,0,"Damage: 0, Status: 0, Hazard: 0, Weather: 0, Cleric: 0, Screen: 0, Pass: 0",None
double_team_zac_jen_0549_Quagsire,double_team_zac_jen_0549,QUAGSIRE,None,0,0,0.0,0,0.0,0,0.0,0.0,0,0,0,0,0.0,6,None,None,0,,0,"Damage: 0, Status: 0, Hazard: 0, Weather: 0, Cleric: 0, Screen: 0, Pass: 0",None
double_team_zac_jen_0549_Rhydon,double_team_zac_jen_0549,RHYDON,None,0,0,0.0,0,0.0,0,0.0,0.0,0,0,0,0,0.0,1,None,None,0,,0,"Damage: 0, Status: 0, Hazard: 0, Weather: 0, Cleric: 0, Screen: 0, Pass: 0",None
double_team_zac_jen_0549_Sandslash,double_team_zac_jen_0549,SANDSLASH,None,0,0,0.0,0,0.0,0,0.0,0.0,0,0,0,0,0.0,7,None,None,0,,0,"Damage: 0, Status: 0, Hazard: 0, Weather: 0, Cleric: 0, Screen: 0, Pass: 0",None
double_team_zac_jen_0549_Spinda,double_team_zac_jen_0549,SPINDA,None,0,0,0.0,0,0.0,0,0.0,0.0,0,0,0,0,0.0,2,None,None,0,,0,"Damage: 0, Status: 0, Hazard: 0, Weather: 0, Cleric: 0, Screen: 0, Pass: 0",None
double_team_zac_jen_0549_Steelix,double_team_zac_jen_0549,STEELIX,None,0,0,0.0,0,0.0,0,0.0,0.0,0,0,0,0,0.0,2,None,None,0,,0,"Damage: 0, Status: 0, Hazard: 0, Weather: 0, Cleric: 0, Screen: 0, Pass: 0",None
double_team_zac_jen_0549_Voltorb,double_team_zac_jen_0549,VOLTORB,None,0,0,0.0,0,0.0,0,0.0,0.0,0,0,0,0,0.0,2,None,None,0,,0,"Damage: 0, Status: 0, Hazard: 0, Weather: 0, Cleric: 0, Screen: 0, Pass: 0",None
double_team_zac_jen_0549_Wartortle,double_team_zac_jen_0549,WARTORTLE,None,0,0,0.0,0,0.0,0,0.0,0.0,0,0,0,0,0.0,2,None,None,0,,0,"Damage: 0, Status: 0, Hazard: 0, Weather: 0, Cleric: 0, Screen: 0, Pass: 0",None
elder_li_0290_Bellsprout,elder_li_0290,BELLSPROUT,"Growth: 1975 (53.1%), Vine Whip: 1724 (46.3%), Struggle: 23 (0.6%)",105,2139,0.05,92,0.09,21,6.53,2.85,108,84,215,0,6.07,1124,"Magikarp: 27, Geodude: 16, Caterpie: 10","Magmar: 38, Seaking: 36, Butterfree: 34",13,7.76,0,"Damage: 92, Status: 0, Hazard: 0, Weather: 0, Cleric: 0, Screen: 0, Pass: 0",None
elder_li_0290_Dugtrio,elder_li_0290,DUGTRIO,None,0,0,0.0,0,0.0,0,0.0,0.0,0,0,2,0,100.0,2,None,None,0,,0,"Damage: 0, Status: 0, Hazard: 0, Weather: 0, Cleric: 0, Screen: 0, Pass: 0",None
elder_li_0290_Hoothoot,elder_li_0290,HOOTHOOT,"Peck: 1787 (61.4%), Hypnosis: 722 (24.8%), Growl: 360 (12.4%), Foresight: 40 (1.4%)",145,1034,0.14,19,0.16,0,4.72,1.47,123,343,139,0,-2.66,1101,"Bellsprout: 24, Magikarp: 16, Pidgey: 12","Seaking: 18, Butterfree: 16, Growlithe: 16",20,,5,"Damage: 18, Status: 10, Hazard: 0, Weather: 0, Cleric: 0, Screen: 0, Pass: 0",None
elder_li_0290_Quagsire,elder_li_0290,QUAGSIRE,None,0,0,0.0,0,0.0,0,0.0,0.0,0,0,0,0,0.0,4,None,None,0,,0,"Damage: 0, Status: 0, Hazard: 0, Weather: 0, Cleric: 0, Screen: 0, Pass: 0",None
firebreather_bill_0319_Koffing,firebreather_bill_0319,KOFFING,"Tackle: 1805 (44.4%), Smog: 1659 (40.9%), Poison Gas: 597 (14.7%)",118,2148,0.05,125,0.11,1,5.53,2.95,162,968,257,417,-12.65,1136,"Bellsprout: 30, Magikarp: 13, Caterpie: 11","Koffing: 38, Seaking: 36, Magmar: 32",16,9.54,7,"Damage: 125, Status: 122, Hazard: 0, Weather: 0, Cleric: 0, Screen: 0, Pass: 0",None
firebreather_bill_0319_Quagsire,firebreather_bill_0319,QUAGSIRE,None,0,0,0.0,0,0.0,0,0.0,0.0,0,0,0,0,0.0,4,None,None,0,,0,"Damage: 0, Status: 0, Hazard: 0, Weather: 0, Cleric: 0, Screen: 0, Pass: 0",None
firebreather_burt_0318_Dugtrio,firebreather_burt_0318,DUGTRIO,None,0,0,0.0,0,0.0,0,0.0,0.0,0,0,2,0,100.0,2,None,None,0,,0,"Damage: 0, Status: 0, Hazard: 0, Weather: 0, Cleric: 0, Screen: 0, Pass: 0",None
firebreather_burt_0318_Magcargo,firebreather_burt_0318,MAGCARGO,"Ancient Power: 871 (31.3%), Lava Plume: 787 (28.3%), Amnesia: 732 (26.3%), Recover: 393 (14.1%)",663,384,1.73,70,1.91,0,4.25,2.28,83,45,132,202,5.46,1039,"Magmar: 27, Magikarp: 19, Magnemite: 18","Seaking: 17, Seadra: 16, Golduck: 15",80,57.41,0,"Damage: 70, Status: 41, Hazard: 0, Weather: 0, Cleric: 0, Screen: 0, Pass: 0",None
firebreather_burt_0318_Quagsire,firebreather_burt_0318,QUAGSIRE,None,0,0,0.0,0,0.0,0,0.0,0.0,0,0,0,0,0.0,4,None,None,0,,0,"Damage: 0, Status: 0, Hazard: 0, Weather: 0, Cleric: 0, Screen: 0, Pass: 0",None
firebreather_burt_0318_Weezing,firebreather_burt_0318,WEEZING,"Double Hit: 888 (26.8%), Sludge: 859 (25.9%), Flamethrower: 834 (25.2%), Explosion: 730 (22.0%)",1413,975,1.45,264,1.72,31,2.94,1.45,198,94,114,197,6.04,1296,"Magikarp: 39, Goldeen: 30, Voltorb: 27","Golduck: 14, Quagsire: 12, Kadabra: 10",203,82.25,0,"Damage: 264, Status: 64, Hazard: 0, Weather: 0, Cleric: 0, Screen: 0, Pass: 0",None
firebreather_lyle_0399_Dugtrio,firebreather_lyle_0399,DUGTRIO,None,0,0,0.0,0,0.0,0,0.0,0.0,0,0,2,0,100.0,2,None,None,0,,0,"Damage: 0, Status: 0, Hazard: 0, Weather: 0, Cleric: 0, Screen: 0, Pass: 0",None
firebreather_lyle_0399_Flareon,firebreather_lyle_0399,FLAREON,"Quick Attack: 784 (27.5%), Bite: 765 (26.9%), Ember: 656 (23.0%), Fire Spin: 642 (22.6%)",655,570,1.15,125,1.37,0,4.02,1.76,147,246,122,199,1.05,1102,"Butterfree: 31, Magnemite: 27, Pikachu: 19","Graveler: 21, Seadra: 17, Golem: 16",87,60.0,0,"Damage: 125, Status: 12, Hazard: 0, Weather: 0, Cleric: 0, Screen: 0, Pass: 0",None
firebreather_lyle_0399_Koffing,firebreather_lyle_0399,KOFFING,"Gyro Ball: 1425 (33.7%), Sludge: 1343 (31.8%), Selfdestruct: 1226 (29.0%), Haze: 229 (5.4%)",1171,2125,0.55,421,0.75,12,4.41,2.35,235,52,208,279,8.42,1333,"Magikarp: 42, Goldeen: 31, Voltorb: 25","Seadra: 37, Golduck: 30, Graveler: 28",169,54.84,7,"Damage: 421, Status: 101, Hazard: 0, Weather: 0, Cleric: 0, Screen: 0, Pass: 0",None
firebreather_lyle_0399_Quagsire,firebreather_lyle_0399,QUAGSIRE,None,0,0,0.0,0,0.0,0,0.0,0.0,0,0,0,0,0.0,4,None,None,0,,0,"Damage: 0, Status: 0, Hazard: 0, Weather: 0, Cleric: 0, Screen: 0, Pass: 0",None
firebreather_ned_0282_Dugtrio,firebreather_ned_0282,DUGTRIO,None,0,0,0.0,0,0.0,0,0.0,0.0,0,0,1,0,100.0,1,None,None,0,,0,"Damage: 0, Status: 0, Hazard: 0, Weather: 0, Cleric: 0, Screen: 0, Pass: 0",None
firebreather_ned_0282_Growlithe,firebreather_ned_0282,GROWLITHE,"Ember: 849 (40.3%), Leer: 785 (37.3%), Odor Sleuth: 384 (18.2%), Helping Hand: 87 (4.1%)",104,948,0.11,60,0.17,0,3.97,1.7,53,56,432,56,16.32,1028,"Bellsprout: 8, Gastly: 8, Growlithe: 6","Seaking: 21, Golduck: 17, Koffing: 17",8,13.46,0,"Damage: 60, Status: 14, Hazard: 0, Weather: 0, Cleric: 0, Screen: 0, Pass: 0",None
firebreather_ned_0282_Koffing,firebreather_ned_0282,KOFFING,"Assurance: 1717 (26.4%), Smog: 1673 (25.7%), Tackle: 1621 (24.9%), Smoke Screen: 1495 (23.0%)",389,2045,0.19,240,0.31,7,7.95,3.74,281,750,1311,403,10.6,1191,"Magikarp: 47, Bellsprout: 20, Gastly: 18","Magmar: 42, Seaking: 37, Graveler: 35",50,19.98,16,"Damage: 240, Status: 143, Hazard: 0, Weather: 0, Cleric: 0, Screen: 0, Pass: 0",None
firebreather_ned_0282_Quagsire,firebreather_ned_0282,QUAGSIRE,None,0,0,0.0,0,0.0,0,0.0,0.0,0,0,0,0,0.0,4,None,None,0,,0,"Damage: 0, Status: 0, Hazard: 0, Weather: 0, Cleric: 0, Screen: 0, Pass: 0",None
firebreather_otis_0015_Camerupt,firebreather_otis_0015,CAMERUPT,"Rock Slide: 215 (26.1%), Earth Power: 212 (25.7%), Amnesia: 206 (25.0%), Lava Plume: 191 (23.2%)",317,219,1.45,42,1.64,0,3.21,1.55,35,32,40,62,4.18,483,"Magmar: 24, Graveler: 15, Qwilfish: 15","Golduck: 16, Seaking: 15, Starmie: 10",36,,0,"Damage: 42, Status: 5, Hazard: 0, Weather: 0, Cleric: 0, Screen: 0, Pass: 0",None
firebreather_otis_0015_Dugtrio,firebreather_otis_0015,DUGTRIO,None,0,0,0.0,0,0.0,0,0.0,0.0,0,0,4,0,100.0,4,None,None,0,,0,"Damage: 0, Status: 0, Hazard: 0, Weather: 0, Cleric: 0, Screen: 0, Pass: 0",None
firebreather_otis_0015_Magmar,firebreather_otis_0015,MAGMAR,"Fire Punch: 1108 (27.5%), Flamethrower: 1029 (25.6%), Lava Plume: 981 (24.4%), Confuse Ray: 909 (22.6%)",1644,459,3.58,488,4.64,38,3.72,1.38,202,51,91,235,6.14,1212,"Magikarp: 57, Koffing: 40, Geodude: 37","Graveler: 30, Seaking: 20, Quagsire: 20",271,82.34,0,"Damage: 407, Status: 334, Hazard: 0, Weather: 0, Cleric: 0, Screen: 0, Pass: 0",None
firebreather_otis_0015_Quagsire,firebreather_otis_0015,QUAGSIRE,None,0,0,0.0,0,0.0,0,0.0,0.0,0,0,0,0,0.0,2,None,None,0,,0,"Damage: 0, Status: 0, Hazard: 0, Weather: 0, Cleric: 0, Screen: 0, Pass: 0",None
firebreather_otis_0015_Weezing,firebreather_otis_0015,WEEZING,"Double Hit: 322 (41.0%), Sludge: 306 (39.0%), Explosion: 109 (13.9%), Haze: 48 (6.1%)",201,291,0.69,76,0.95,1,3.8,1.77,34,40,45,76,5.33,367,"Seaking: 13, Magmar: 12, Quagsire: 10","Seaking: 15, Starmie: 10, Golduck: 10",21,73.21,2,"Damage: 76, Status: 17, Hazard: 0, Weather: 0, Cleric: 0, Screen: 0, Pass: 0",None
firebreather_ray_0390_Vulpix,firebreather_ray_0390,VULPIX,"Tail Whip: 1157 (37.9%), Ember: 1149 (37.7%), Roar: 710 (23.3%), Struggle: 35 (1.1%)",131,1078,0.12,14,0.13,0,3.72,1.6,78,80,125,94,3.79,1131,"Bellsprout: 27, Caterpie: 23, Weedle: 11","Seaking: 19, Sandslash: 17, Graveler: 17",14,22.55,0,"Damage: 14, Status: 11, Hazard: 0, Weather: 0, Cleric: 0, Screen: 0, Pass: 0",None
firebreather_richard_0281_Charmeleon,firebreather_richard_0281,CHARMELEON,"Ember: 994 (25.6%), Dragon Rage: 978 (25.2%), Growl: 974 (25.1%), Smoke Screen: 939 (24.2%)",618,941,0.66,30,0.69,0,4.08,1.88,53,110,516,87,10.62,1187,"Magikarp: 54, Bellsprout: 29, Geodude: 22","Graveler: 22, Seaking: 20, Butterfree: 17",80,33.87,0,"Damage: 30, Status: 14, Hazard: 0, Weather: 0, Cleric: 0, Screen: 0, Pass: 0",None
firebreather_walt_0388_Dugtrio,firebreather_walt_0388,DUGTRIO,None,0,0,0.0,0,0.0,0,0.0,0.0,0,0,2,0,100.0,2,None,None,0,,0,"Damage: 0, Status: 0, Hazard: 0, Weather: 0, Cleric: 0, Screen: 0, Pass: 0",None
firebreather_walt_0388_Magmar,firebreather_walt_0388,MAGMAR,"Ember: 1757 (26.9%), Leer: 1591 (24.4%), Smoke Screen: 1497 (22.9%), Smog: 952 (14.6%), Faint Attack: 726 (11.1%)",440,1991,0.22,193,0.32,6,6.76,3.51,189,490,1278,365,12.3,1168,"Magikarp: 32, Pidgey: 27, Bellsprout: 26","Koffing: 37, Seaking: 37, Poliwhirl: 36",54,16.86,0,"Damage: 191, Status: 180, Hazard: 0, Weather: 0, Cleric: 0, Screen: 0, Pass: 0",None
firebreather_walt_0388_Quagsire,firebreather_walt_0388,QUAGSIRE,None,0,0,0.0,0,0.0,0,0.0,0.0,0,0,0,0,0.0,4,None,None,0,,0,"Damage: 0, Status: 0, Hazard: 0, Weather: 0, Cleric: 0, Screen: 0, Pass: 0",None
firebreather_walt_0619_Dugtrio,firebreather_walt_0619,DUGTRIO,None,0,0,0.0,0,0.0,0,0.0,0.0,0,0,2,0,100.0,2,None,None,0,,0,"Damage: 0, Status: 0, Hazard: 0, Weather: 0, Cleric: 0, Screen: 0, Pass: 0",None
firebreather_walt_0619_Magmar,firebreather_walt_0619,MAGMAR,"Faint Attack: 2677 (28.7%), Fire Spin: 2583 (27.7%), Confuse Ray: 1611 (17.3%), Smoke Screen: 1544 (16.6%), Fire Punch: 906 (9.7%), Leer: 2 (0.0%), Struggle: 2 (0.0%), Ember: 1 (0.0%)",1097,1683,0.65,433,0.91,9,7.56,3.66,339,892,1120,47,5.31,1289,"Magikarp: 49, Bellsprout: 34, Butterfree: 32","Seaking: 50, Graveler: 47, Quagsire: 40",161,36.6,0,"Damage: 421, Status: 377, Hazard: 0, Weather: 0, Cleric: 0, Screen: 0, Pass: 0",None
firebreather_walt_0619_Quagsire,firebreather_walt_0619,QUAGSIRE,None,0,0,0.0,0,0.0,0,0.0,0.0,0,0,0,0,0.0,3,None,None,0,,0,"Damage: 0, Status: 0, Hazard: 0, Weather: 0, Cleric: 0, Screen: 0, Pass: 0",None
firebreather_walt_0620_Dugtrio,firebreather_walt_0620,DUGTRIO,None,0,0,0.0,0,0.0,0,0.0,0.0,0,0,2,0,100.0,2,None,None,0,,0,"Damage: 0, Status: 0, Hazard: 0, Weather: 0, Cleric: 0, Screen: 0, Pass: 0",None
firebreather_walt_0620_Magmar,firebreather_walt_0620,MAGMAR,"Fire Punch: 2148 (27.4%), Fire Spin: 2099 (26.8%), Confuse Ray: 1489 (19.0%), Faint Attack: 1471 (18.8%), Lava Plume: 619 (7.9%), Smoke Screen: 2 (0.0%), Ember: 1 (0.0%)",1591,1369,1.16,404,1.46,0,5.94,3.22,325,687,242,247,-1.37,1310,"Magikarp: 55, Butterfree: 52, Pikachu: 46","Graveler: 61, Seaking: 43, Quagsire: 41",234,58.15,0,"Damage: 391, Status: 335, Hazard: 0, Weather: 0, Cleric: 0, Screen: 0, Pass: 0",None
firebreather_walt_0620_Quagsire,firebreather_walt_0620,QUAGSIRE,None,0,0,0.0,0,0.0,0,0.0,0.0,0,0,0,0,0.0,4,None,None,0,,0,"Damage: 0, Status: 0, Hazard: 0, Weather: 0, Cleric: 0, Screen: 0, Pass: 0",None
firebreather_walt_0621_Dugtrio,firebreather_walt_0621,DUGTRIO,None,0,0,0.0,0,0.0,0,0.0,0.0,0,0,4,0,100.0,4,None,None,0,,0,"Damage: 0, Status: 0, Hazard: 0, Weather: 0, Cleric: 0, Screen: 0, Pass: 0",None
firebreather_walt_0621_Magby,firebreather_walt_0621,MAGBY,"Faint Attack: 1307 (27.8%), Fire Spin: 1304 (27.7%), Smoke Screen: 1270 (27.0%), Confuse Ray: 823 (17.5%)",441,909,0.49,761,1.32,10,4.78,1.81,122,447,699,0,6.92,1167,"Magikarp: 46, Bellsprout: 28, Pidgey: 15","Seaking: 27, Graveler: 20, Quagsire: 20",54,33.33,0,"Damage: 620, Status: 508, Hazard: 0, Weather: 0, Cleric: 0, Screen: 0, Pass: 0",None
firebreather_walt_0621_Magmar,firebreather_walt_0621,MAGMAR,"Flamethrower: 352 (27.6%), Fire Punch: 330 (25.9%), Sunny Day: 312 (24.5%), Lava Plume: 253 (19.8%), Faint Attack: 8 (0.6%), Fire Spin: 6 (0.5%), Confuse Ray: 4 (0.3%), Smoke Screen: 3 (0.2%), Ember: 3 (0.2%), Smog: 2 (0.2%), Leer: 2 (0.2%)",470,167,2.81,79,3.29,0,4.44,1.75,43,21,53,39,5.28,406,"Butterfree: 31, Magnemite: 20, Beedrill: 18","Rapidash: 16, Flareon: 13, Quagsire: 8",82,84.48,0,"Damage: 76, Status: 28, Hazard: 0, Weather: 0, Cleric: 0, Screen: 0, Pass: 0",None
firebreather_walt_0621_Magmortar,firebreather_walt_0621,MAGMORTAR,"Lava Plume: 688 (26.6%), Fire Blast: 682 (26.4%), Flamethrower: 636 (24.6%), Sunny Day: 578 (22.4%)",1219,156,7.81,106,8.49,0,4.57,1.51,96,116,118,91,3.77,769,"Seaking: 57, Graveler: 35, Magmar: 28","Rapidash: 16, Flareon: 14, Quagsire: 10",188,,0,"Damage: 104, Status: 52, Hazard: 0, Weather: 0, Cleric: 0, Screen: 0, Pass: 0",None
firebreather_walt_0621_Quagsire,firebreather_walt_0621,QUAGSIRE,None,0,0,0.0,0,0.0,0,0.0,0.0,0,0,1,0,100.0,3,None,None,0,,0,"Damage: 0, Status: 0, Hazard: 0, Weather: 0, Cleric: 0, Screen: 0, Pass: 0",None
fisherman_andre_0126_Gyarados,fisherman_andre_0126,GYARADOS,"Thrash: 1902 (39.8%), Leer: 989 (20.7%), Bite: 954 (20.0%), Dragon Rage: 936 (19.6%)",1167,782,1.49,42,1.55,0,4.85,2.53,158,60,176,222,5.91,1245,"Magikarp: 56, Bellsprout: 30, Koffing: 29","Graveler: 26, Seaking: 21, Seadra: 19",155,59.92,0,"Damage: 42, Status: 0, Hazard: 0, Weather: 0, Cleric: 0, Screen: 0, Pass: 0",None
fisherman_arnold_0058_Shellder,fisherman_arnold_0058,SHELLDER,"Aurora Beam: 1639 (27.5%), Brine: 1573 (26.4%), Whirlpool: 1505 (25.3%), Iron Defense: 1229 (20.6%), Struggle: 7 (0.1%)",1077,778,1.38,73,1.48,0,5.69,3.34,261,539,273,113,-0.16,1227,"Magikarp: 56, Geodude: 32, Goldeen: 29","Seaking: 27, Butterfree: 21, Quagsire: 14",145,55.91,0,"Damage: 73, Status: 0, Hazard: 0, Weather: 0, Cleric: 0, Screen: 0, Pass: 0",None
fisherman_barney_0322_Gyarados,fisherman_barney_0322,GYARADOS,"Ice Fang: 2477 (28.0%), Twister: 2444 (27.7%), Aqua Tail: 2273 (25.7%), Rain Dance: 885 (10.0%), Leer: 753 (8.5%)",2236,1164,1.92,47,1.96,4,7.13,4.59,384,453,347,297,2.94,1241,"Magikarp: 58, Seaking: 40, Voltorb: 40","Azumarill: 42, Tentacruel: 40, Magneton: 35",347,74.35,2,"Damage: 47, Status: 1, Hazard: 0, Weather: 0, Cleric: 0, Screen: 0, Pass: 0",None
fisherman_edgar_0125_Dugtrio,fisherman_edgar_0125,DUGTRIO,None,0,0,0.0,0,0.0,0,0.0,0.0,0,0,2,0,100.0,2,None,None,0,,0,"Damage: 0, Status: 0, Hazard: 0, Weather: 0, Cleric: 0, Screen: 0, Pass: 0",None
fisherman_edgar_0125_Quagsire,fisherman_edgar_0125,QUAGSIRE,None,0,0,0.0,0,0.0,0,0.0,0.0,0,0,0,0,0.0,4,None,None,0,,0,"Damage: 0, Status: 0, Hazard: 0, Weather: 0, Cleric: 0, Screen: 0, Pass: 0",None
fisherman_edgar_0125_Remoraid,fisherman_edgar_0125,REMORAID,"Aurora Beam: 1158 (27.8%), Bubble Beam: 1093 (26.2%), Psybeam: 1057 (25.4%), Lock On: 861 (20.7%)",831,1704,0.49,34,0.51,0,4.71,2.71,194,46,210,224,7.84,1156,"Magikarp: 60, Geodude: 40, Bellsprout: 30","Seaking: 41, Graveler: 36, Butterfree: 34",115,33.8,1,"Damage: 34, Status: 10, Hazard: 0, Weather: 0, Cleric: 0, Screen: 0, Pass: 0",None
fisherman_gideon_0591_Dugtrio,fisherman_gideon_0591,DUGTRIO,None,0,0,0.0,0,0.0,0,0.0,0.0,0,0,2,0,100.0,2,None,None,0,,0,"Damage: 0, Status: 0, Hazard: 0, Weather: 0, Cleric: 0, Screen: 0, Pass: 0",None
fisherman_gideon_0591_Lanturn,fisherman_gideon_0591,LANTURN,"Signal Beam: 1585 (29.2%), Bubble Beam: 1534 (28.3%), Discharge: 1280 (23.6%), Confuse Ray: 1031 (19.0%)",1836,401,4.58,373,5.51,26,4.92,2.04,266,70,127,347,5.7,1244,"Magikarp: 58, Seaking: 41, Koffing: 35","Parasect: 15, Quagsire: 14, Graveler: 13",289,86.17,0,"Damage: 349, Status: 234, Hazard: 0, Weather: 0, Cleric: 0, Screen: 0, Pass: 0",None
fisherman_gideon_0591_Mantine,fisherman_gideon_0591,MANTINE,"Psybeam: 456 (28.8%), Water Pulse: 441 (27.9%), Wing Attack: 435 (27.5%), Confuse Ray: 249 (15.7%)",315,254,1.24,84,1.57,0,5.07,2.11,69,20,93,105,9.12,458,"Butterfree: 18, Quagsire: 11, Beedrill: 11","Tentacruel: 12, Golem: 9, Arcanine: 8",39,61.11,1,"Damage: 77, Status: 47, Hazard: 0, Weather: 0, Cleric: 0, Screen: 0, Pass: 0",None
fisherman_gideon_0591_Quagsire,fisherman_gideon_0591,QUAGSIRE,None,0,0,0.0,0,0.0,0,0.0,0.0,0,0,0,0,0.0,2,None,None,0,,0,"Damage: 0, Status: 0, Hazard: 0, Weather: 0, Cleric: 0, Screen: 0, Pass: 0",None
fisherman_henry_0060_Dugtrio,fisherman_henry_0060,DUGTRIO,None,0,0,0.0,0,0.0,0,0.0,0.0,0,0,2,0,100.0,2,None,None,0,,0,"Damage: 0, Status: 0, Hazard: 0, Weather: 0, Cleric: 0, Screen: 0, Pass: 0",None
fisherman_henry_0060_Poliwag,fisherman_henry_0060,POLIWAG,"Bubble: 3893 (55.0%), Hypnosis: 1909 (26.9%), Water Sport: 1145 (16.2%), Struggle: 137 (1.9%)",145,2158,0.07,7,0.07,0,8.05,2.82,237,1026,249,344,-7.46,1114,"Geodude: 21, Magikarp: 16, Rattata: 14","Koffing: 39, Seaking: 36, Growlithe: 32",14,6.63,1,"Damage: 6, Status: 5, Hazard: 0, Weather: 0, Cleric: 0, Screen: 0, Pass: 0",None
fisherman_henry_0060_Quagsire,fisherman_henry_0060,QUAGSIRE,None,0,0,0.0,0,0.0,0,0.0,0.0,0,0,0,0,0.0,8,None,None,0,,0,"Damage: 0, Status: 0, Hazard: 0, Weather: 0, Cleric: 0, Screen: 0, Pass: 0",None
fisherman_jonah_0128_Cloyster,fisherman_jonah_0128,CLOYSTER,"Protect: 1272 (37.4%), Aurora Beam: 1012 (29.8%), Supersonic: 692 (20.4%), Spikes: 421 (12.4%)",336,626,0.54,238,0.92,12,5.91,2.32,62,318,113,51,-4.48,821,"Fearow: 13, Graveler: 11, Parasect: 11","Butterfree: 27, Qwilfish: 17, Magmar: 16",35,,1,"Damage: 116, Status: 108, Hazard: 86, Weather: 0, Cleric: 0, Screen: 0, Pass: 0",None
fisherman_jonah_0128_Dugtrio,fisherman_jonah_0128,DUGTRIO,None,0,0,0.0,0,0.0,0,0.0,0.0,0,0,1,0,100.0,1,None,None,0,,0,"Damage: 0, Status: 0, Hazard: 0, Weather: 0, Cleric: 0, Screen: 0, Pass: 0",None
fisherman_jonah_0128_Octillery,fisherman_jonah_0128,OCTILLERY,"Bullet Seed: 782 (29.0%), Wring Out: 755 (28.0%), Octazooka: 708 (26.2%), Focus Energy: 454 (16.8%)",631,659,0.96,227,1.3,4,4.59,2.48,362,130,203,162,14.92,946,"Goldeen: 31, Koffing: 29, Poliwhirl: 21","Seaking: 20, Butterfree: 20, Quagsire: 16",84,46.3,0,"Damage: 227, Status: 0, Hazard: 0, Weather: 0, Cleric: 0, Screen: 0, Pass: 0",None
fisherman_jonah_0128_Quagsire,fisherman_jonah_0128,QUAGSIRE,None,0,0,0.0,0,0.0,0,0.0,0.0,0,0,0,0,0.0,4,None,None,0,,0,"Damage: 0, Status: 0, Hazard: 0, Weather: 0, Cleric: 0, Screen: 0, Pass: 0",None
fisherman_jonah_0128_Remoraid,fisherman_jonah_0128,REMORAID,"Bullet Seed: 237 (29.5%), Bubble Beam: 207 (25.7%), Water Pulse: 198 (24.6%), Focus Energy: 162 (20.1%)",149,601,0.25,78,0.38,0,2.9,1.31,109,7,67,41,19.14,686,"Shellder: 7, Quagsire: 7, Magnemite: 6","Seaking: 23, Butterfree: 19, Magmar: 17",11,,6,"Damage: 78, Status: 10, Hazard: 0, Weather: 0, Cleric: 0, Screen: 0, Pass: 0",None
fisherman_jonah_0128_Shellder,fisherman_jonah_0128,SHELLDER,"Ice Shard: 1320 (29.5%), Aurora Beam: 1103 (24.7%), Leer: 1056 (23.6%), Clamp: 990 (22.2%)",628,983,0.64,648,1.3,67,4.27,2.26,203,337,202,76,1.33,1302,"Magikarp: 50, Geodude: 32, Bellsprout: 28","Koffing: 31, Graveler: 23, Butterfree: 21",89,37.02,0,"Damage: 648, Status: 0, Hazard: 0, Weather: 0, Cleric: 0, Screen: 0, Pass: 0",None
fisherman_justin_0018_Dugtrio,fisherman_justin_0018,DUGTRIO,None,0,0,0.0,0,0.0,0,0.0,0.0,0,0,2,0,100.0,2,None,None,0,,0,"Damage: 0, Status: 0, Hazard: 0, Weather: 0, Cleric: 0, Screen: 0, Pass: 0",None
fisherman_justin_0018_Magikarp,fisherman_justin_0018,MAGIKARP,"Splash: 5901 (79.0%), Tackle: 1529 (20.5%), Struggle: 35 (0.5%)",84,4353,0.02,15,0.02,0,10.33,5.95,101,126,525,0,6.26,1106,"Caterpie: 16, Bellsprout: 14, Poliwag: 10","Seaking: 72, Bellsprout: 69, Onix: 65",8,0.52,27,"Damage: 15, Status: 0, Hazard: 0, Weather: 0, Cleric: 0, Screen: 0, Pass: 0",None
fisherman_justin_0018_Quagsire,fisherman_justin_0018,QUAGSIRE,None,0,0,0.0,0,0.0,0,0.0,0.0,0,0,0,0,0.0,4,None,None,0,,0,"Damage: 0, Status: 0, Hazard: 0, Weather: 0, Cleric: 0, Screen: 0, Pass: 0",None
fisherman_kyle_0059_Dugtrio,fisherman_kyle_0059,DUGTRIO,None,0,0,0.0,0,0.0,0,0.0,0.0,0,0,2,0,100.0,2,None,None,0,,0,"Damage: 0, Status: 0, Hazard: 0, Weather: 0, Cleric: 0, Screen: 0, Pass: 0",None
fisherman_kyle_0059_Goldeen,fisherman_kyle_0059,GOLDEEN,"Fury Attack: 2128 (29.1%), Waterfall: 2090 (28.6%), Flail: 2023 (27.7%), Aqua Ring: 1071 (14.6%)",1178,1531,0.77,436,1.05,15,7.65,3.96,545,405,342,277,6.51,1291,"Magikarp: 58, Geodude: 31, Bellsprout: 28","Butterfree: 48, Fearow: 38, Seadra: 36",168,49.96,9,"Damage: 436, Status: 0, Hazard: 0, Weather: 0, Cleric: 0, Screen: 0, Pass: 0",None
fisherman_kyle_0059_Quagsire,fisherman_kyle_0059,QUAGSIRE,None,0,0,0.0,0,0.0,0,0.0,0.0,0,0,0,0,0.0,6,None,None,0,,0,"Damage: 0, Status: 0, Hazard: 0, Weather: 0, Cleric: 0, Screen: 0, Pass: 0",None
fisherman_kyle_0059_Qwilfish,fisherman_kyle_0059,QWILFISH,"Stockpile: 858 (32.8%), Brine: 791 (30.2%), Revenge: 709 (27.1%), Spit Up: 260 (9.9%)",485,661,0.73,159,0.97,0,4.7,2.58,108,39,121,0,6.94,894,"Magnemite: 19, Seaking: 15, Fearow: 12","Seadra: 21, Quagsire: 17, Seaking: 16",64,48.15,1,"Damage: 149, Status: 65, Hazard: 0, Weather: 0, Cleric: 0, Screen: 0, Pass: 0",None
fisherman_kyle_0661_Dugtrio,fisherman_kyle_0661,DUGTRIO,None,0,0,0.0,0,0.0,0,0.0,0.0,0,0,3,0,100.0,2,None,None,0,,0,"Damage: 0, Status: 0, Hazard: 0, Weather: 0, Cleric: 0, Screen: 0, Pass: 0",None
fisherman_kyle_0661_Goldeen,fisherman_kyle_0661,GOLDEEN,"Fury Attack: 5 (33.3%), Waterfall: 4 (26.7%), Aqua Ring: 3 (20.0%), Flail: 3 (20.0%)",0,4,0.0,0,0.0,0,14.0,0.0,2,0,0,0,13.33,2,None,None,0,100.0,0,"Damage: 0, Status: 0, Hazard: 0, Weather: 0, Cleric: 0, Screen: 0, Pass: 0",None
fisherman_kyle_0661_Quagsire,fisherman_kyle_0661,QUAGSIRE,None,0,0,0.0,0,0.0,0,0.0,0.0,0,0,0,0,0.0,2,None,None,0,,0,"Damage: 0, Status: 0, Hazard: 0, Weather: 0, Cleric: 0, Screen: 0, Pass: 0",None
fisherman_kyle_0661_Qwilfish,fisherman_kyle_0661,QWILFISH,"Pin Missile: 617 (35.0%), Brine: 598 (33.9%), Revenge: 548 (31.0%), Stockpile: 1 (0.1%), Spit Up: 1 (0.1%)",368,507,0.73,212,1.14,0,4.12,2.08,168,120,78,0,6.84,714,"Pikachu: 11, Graveler: 10, Seadra: 10","Quagsire: 17, Electrode: 15, Tentacruel: 14",40,52.08,1,"Damage: 209, Status: 51, Hazard: 0, Weather: 0, Cleric: 0, Screen: 0, Pass: 0",None
fisherman_kyle_0661_Seaking,fisherman_kyle_0661,SEAKING,"Flail: 2201 (29.2%), Waterfall: 2179 (28.9%), Fury Attack: 2153 (28.6%), Aqua Ring: 999 (13.3%)",1689,1070,1.58,359,1.91,13,7.17,4.1,544,459,320,230,5.23,1266,"Magikarp: 58, Butterfree: 39, Voltorb: 37","Quagsire: 30, Electrode: 28, Graveler: 27",251,67.09,3,"Damage: 359, Status: 0, Hazard: 0, Weather: 0, Cleric: 0, Screen: 0, Pass: 0",None
fisherman_kyle_0662_Dugtrio,fisherman_kyle_0662,DUGTRIO,None,0,0,0.0,0,0.0,0,0.0,0.0,0,0,2,0,100.0,2,None,None,0,,0,"Damage: 0, Status: 0, Hazard: 0, Weather: 0, Cleric: 0, Screen: 0, Pass: 0",None
fisherman_kyle_0662_Goldeen,fisherman_kyle_0662,GOLDEEN,"Flail: 6 (66.7%), Fury Attack: 2 (22.2%), Aqua Ring: 1 (11.1%)",0,4,0.0,0,0.0,0,11.5,0.0,0,0,0,0,0.0,2,None,None,0,100.0,0,"Damage: 0, Status: 0, Hazard: 0, Weather: 0, Cleric: 0, Screen: 0, Pass: 0",None
fisherman_kyle_0662_Krabby,fisherman_kyle_0662,KRABBY,"Protect: 316 (45.0%), Slam: 194 (27.6%), Brine: 170 (24.2%), Guillotine: 22 (3.1%)",67,330,0.2,66,0.4,1,3.5,1.38,21,59,28,0,-1.37,388,"Magneton: 4, Golduck: 3, Vileplume: 3","Vileplume: 13, Tentacruel: 13, Quagsire: 12",1,,1,"Damage: 66, Status: 0, Hazard: 0, Weather: 0, Cleric: 0, Screen: 0, Pass: 0",None
fisherman_kyle_0662_Quagsire,fisherman_kyle_0662,QUAGSIRE,None,0,0,0.0,0,0.0,0,0.0,0.0,0,0,0,0,0.0,5,None,None,0,,0,"Damage: 0, Status: 0, Hazard: 0, Weather: 0, Cleric: 0, Screen: 0, Pass: 0",None
fisherman_kyle_0662_Qwilfish,fisherman_kyle_0662,QWILFISH,"Take Down: 401 (27.2%), Pin Missile: 391 (26.6%), Brine: 351 (23.8%), Revenge: 324 (22.0%), Stockpile: 4 (0.3%), Spit Up: 1 (0.1%)",329,434,0.76,225,1.28,0,3.91,1.98,113,136,74,0,3.3,610,"Teddiursa: 10, Seaking: 9, Qwilfish: 9","Quagsire: 20, Vileplume: 14, Parasect: 13",31,46.03,1,"Damage: 221, Status: 47, Hazard: 0, Weather: 0, Cleric: 0, Screen: 0, Pass: 0",None
fisherman_kyle_0662_Seaking,fisherman_kyle_0662,SEAKING,"Fury Attack: 2281 (31.0%), Waterfall: 2103 (28.6%), Flail: 1706 (23.2%), Aqua Ring: 979 (13.3%), Horn Drill: 281 (3.8%)",1764,915,1.93,369,2.33,20,6.85,3.92,499,681,244,206,0.82,1240,"Magikarp: 57, Butterfree: 38, Voltorb: 38","Quagsire: 29, Graveler: 28, Vileplume: 24",270,70.76,2,"Damage: 369, Status: 0, Hazard: 0, Weather: 0, Cleric: 0, Screen: 0, Pass: 0",None
fisherman_kyle_0663_Dugtrio,fisherman_kyle_0663,DUGTRIO,None,0,0,0.0,0,0.0,0,0.0,0.0,0,0,3,0,100.0,2,None,None,0,,0,"Damage: 0, Status: 0, Hazard: 0, Weather: 0, Cleric: 0, Screen: 0, Pass: 0",None
fisherman_kyle_0663_Goldeen,fisherman_kyle_0663,GOLDEEN,"Flail: 5 (38.5%), Waterfall: 4 (30.8%), Fury Attack: 3 (23.1%), Aqua Ring: 1 (7.7%)",0,4,0.0,0,0.0,0,12.0,0.0,2,1,0,0,7.69,2,None,None,0,100.0,0,"Damage: 0, Status: 0, Hazard: 0, Weather: 0, Cleric: 0, Screen: 0, Pass: 0",None
fisherman_kyle_0663_Kingler,fisherman_kyle_0663,KINGLER,"Protect: 226 (31.8%), Slam: 210 (29.5%), Brine: 176 (24.8%), Guillotine: 99 (13.9%)",137,126,1.09,37,1.38,1,4.51,1.82,17,129,33,0,-10.62,226,"Arbok: 7, Seaking: 6, Azumarill: 6","Weezing: 9, Starmie: 8, Vileplume: 6",13,,0,"Damage: 37, Status: 0, Hazard: 0, Weather: 0, Cleric: 0, Screen: 0, Pass: 0",None
fisherman_kyle_0663_Krabby,fisherman_kyle_0663,KRABBY,"Protect: 6 (66.7%), Slam: 3 (33.3%)",0,2,0.0,0,0.0,0,6.5,0.0,0,0,0,0,0.0,2,None,None,0,,0,"Damage: 0, Status: 0, Hazard: 0, Weather: 0, Cleric: 0, Screen: 0, Pass: 0",None
fisherman_kyle_0663_Qwilfish,fisherman_kyle_0663,QWILFISH,"Aqua Tail: 293 (27.2%), Pin Missile: 269 (25.0%), Take Down: 261 (24.3%), Poison Jab: 242 (22.5%), Brine: 6 (0.6%), Revenge: 4 (0.4%), Stockpile: 1 (0.1%)",332,223,1.49,153,2.17,0,3.89,1.59,81,124,48,39,0.36,410,"Seaking: 14, Quagsire: 12, Tentacruel: 8","Seaking: 11, Electrode: 10, Tentacruel: 8",39,67.86,0,"Damage: 152, Status: 36, Hazard: 0, Weather: 0, Cleric: 0, Screen: 0, Pass: 0",None
fisherman_kyle_0663_Seaking,fisherman_kyle_0663,SEAKING,"Fury Attack: 1852 (32.2%), Waterfall: 1757 (30.5%), Horn Drill: 1337 (23.2%), Aqua Ring: 806 (14.0%), Flail: 8 (0.1%)",1872,539,3.47,316,4.06,3,5.64,2.94,325,1070,229,159,-8.52,1177,"Magikarp: 57, Voltorb: 43, Seaking: 41","Seaking: 18, Graveler: 17, Victreebel: 16",302,83.57,2,"Damage: 316, Status: 0, Hazard: 0, Weather: 0, Cleric: 0, Screen: 0, Pass: 0",None
fisherman_kyler_0558_Dugtrio,fisherman_kyler_0558,DUGTRIO,None,0,0,0.0,0,0.0,0,0.0,0.0,0,0,2,0,100.0,2,None,None,0,,0,"Damage: 0, Status: 0, Hazard: 0, Weather: 0, Cleric: 0, Screen: 0, Pass: 0",None
fisherman_kyler_0558_Magikarp,fisherman_kyler_0558,MAGIKARP,"Splash: 4101 (50.8%), Tackle: 3968 (49.2%)",160,3130,0.05,29,0.06,0,9.64,5.82,235,384,435,0,3.36,1094,"Bellsprout: 27, Pidgey: 14, Magikarp: 13","Seaking: 51, Koffing: 49, Sandslash: 48",27,6.04,17,"Damage: 29, Status: 0, Hazard: 0, Weather: 0, Cleric: 0, Screen: 0, Pass: 0",None
fisherman_kyler_0558_Quagsire,fisherman_kyler_0558,QUAGSIRE,None,0,0,0.0,0,0.0,0,0.0,0.0,0,0,0,0,0.0,4,None,None,0,,0,"Damage: 0, Status: 0, Hazard: 0, Weather: 0, Cleric: 0, Screen: 0, Pass: 0",None
fisherman_kyler_0664_Dugtrio,fisherman_kyler_0664,DUGTRIO,None,0,0,0.0,0,0.0,0,0.0,0.0,0,0,2,0,100.0,2,None,None,0,,0,"Damage: 0, Status: 0, Hazard: 0, Weather: 0, Cleric: 0, Screen: 0, Pass: 0",None
fisherman_kyler_0664_Magikarp,fisherman_kyler_0664,MAGIKARP,"Tackle: 5908 (50.2%), Splash: 5856 (49.8%), Struggle: 4 (0.0%)",198,4210,0.05,39,0.06,0,13.24,8.16,294,523,580,0,2.84,1110,"Bellsprout: 27, Magikarp: 24, Pidgey: 14","Seaking: 68, Magmar: 64, Pikachu: 63",32,5.87,20,"Damage: 39, Status: 0, Hazard: 0, Weather: 0, Cleric: 0, Screen: 0, Pass: 0",None
fisherman_kyler_0664_Quagsire,fisherman_kyler_0664,QUAGSIRE,None,0,0,0.0,0,0.0,0,0.0,0.0,0,0,0,0,0.0,4,None,None,0,,0,"Damage: 0, Status: 0, Hazard: 0, Weather: 0, Cleric: 0, Screen: 0, Pass: 0",None
fisherman_kyler_0665_Dugtrio,fisherman_kyler_0665,DUGTRIO,None,0,0,0.0,0,0.0,0,0.0,0.0,0,0,3,0,100.0,2,None,None,0,,0,"Damage: 0, Status: 0, Hazard: 0, Weather: 0, Cleric: 0, Screen: 0, Pass: 0",None
fisherman_kyler_0665_Magikarp,fisherman_kyler_0665,MAGIKARP,"Splash: 6517 (50.6%), Tackle: 6371 (49.4%)",220,5191,0.04,50,0.05,0,14.96,9.2,342,556,736,0,3.83,1102,"Magikarp: 29, Bellsprout: 28, Pidgey: 18","Seaking: 90, Sandslash: 79, Magmar: 78",33,5.48,39,"Damage: 50, Status: 0, Hazard: 0, Weather: 0, Cleric: 0, Screen: 0, Pass: 0",None
fisherman_kyler_0665_Quagsire,fisherman_kyler_0665,QUAGSIRE,None,0,0,0.0,0,0.0,0,0.0,0.0,0,0,0,0,0.0,4,None,None,0,,0,"Damage: 0, Status: 0, Hazard: 0, Weather: 0, Cleric: 0, Screen: 0, Pass: 0",None
fisherman_kyler_0666_Dugtrio,fisherman_kyler_0666,DUGTRIO,None,0,0,0.0,0,0.0,0,0.0,0.0,0,0,4,0,100.0,2,None,None,0,,0,"Damage: 0, Status: 0, Hazard: 0, Weather: 0, Cleric: 0, Screen: 0, Pass: 0",None
fisherman_kyler_0666_Magikarp,fisherman_kyler_0666,MAGIKARP,"Tackle: 7993 (50.3%), Splash: 7911 (49.7%)",273,6326,0.04,61,0.05,0,17.65,10.61,431,643,837,0,3.73,1119,"Magikarp: 48, Bellsprout: 27, Pidgey: 16","Onix: 109, Seaking: 102, Pikachu: 96",34,6.0,42,"Damage: 61, Status: 0, Hazard: 0, Weather: 0, Cleric: 0, Screen: 0, Pass: 0",None
fisherman_kyler_0666_Quagsire,fisherman_kyler_0666,QUAGSIRE,None,0,0,0.0,0,0.0,0,0.0,0.0,0,0,0,0,0.0,4,None,None,0,,0,"Damage: 0, Status: 0, Hazard: 0, Weather: 0, Cleric: 0, Screen: 0, Pass: 0",None
fisherman_liam_0590_Seadra,fisherman_liam_0590,SEADRA,"Twister: 1362 (26.0%), Hydro Pump: 1346 (25.7%), Agility: 1271 (24.2%), Brine: 1266 (24.1%)",1630,602,2.71,62,2.81,0,4.37,2.14,227,343,157,0,0.76,1285,"Magikarp: 58, Magnemite: 35, Voltorb: 34","Butterfree: 18, Quagsire: 17, Seaking: 14",235,74.01,0,"Damage: 62, Status: 35, Hazard: 0, Weather: 0, Cleric: 0, Screen: 0, Pass: 0",None
fisherman_martin_0320_Dugtrio,fisherman_martin_0320,DUGTRIO,None,0,0,0.0,0,0.0,0,0.0,0.0,0,0,2,0,100.0,2,None,None,0,,0,"Damage: 0, Status: 0, Hazard: 0, Weather: 0, Cleric: 0, Screen: 0, Pass: 0",None
fisherman_martin_0320_Octillery,fisherman_martin_0320,OCTILLERY,"Bullet Seed: 868 (27.2%), Signal Beam: 792 (24.8%), Octazooka: 769 (24.1%), Wring Out: 766 (24.0%)",895,591,1.51,40,1.58,0,4.95,2.58,263,147,184,246,9.35,978,"Pikachu: 28, Magnemite: 24, Seaking: 23","Butterfree: 19, Seaking: 16, Weezing: 13",123,58.33,0,"Damage: 40, Status: 8, Hazard: 0, Weather: 0, Cleric: 0, Screen: 0, Pass: 0",None
fisherman_martin_0320_Quagsire,fisherman_martin_0320,QUAGSIRE,None,0,0,0.0,0,0.0,0,0.0,0.0,0,0,0,0,0.0,2,None,None,0,,0,"Damage: 0, Status: 0, Hazard: 0, Weather: 0, Cleric: 0, Screen: 0, Pass: 0",None
fisherman_martin_0320_Remoraid,fisherman_martin_0320,REMORAID,"Bullet Seed: 969 (29.2%), Signal Beam: 920 (27.7%), Water Pulse: 875 (26.4%), Focus Energy: 556 (16.7%)",808,949,0.85,457,1.33,2,3.24,1.64,507,241,120,149,10.82,1286,"Magikarp: 55, Geodude: 36, Bellsprout: 28","Graveler: 28, Seaking: 27, Koffing: 20",115,41.68,0,"Damage: 457, Status: 62, Hazard: 0, Weather: 0, Cleric: 0, Screen: 0, Pass: 0",None
fisherman_marvin_0122_Dugtrio,fisherman_marvin_0122,DUGTRIO,None,0,0,0.0,0,0.0,0,0.0,0.0,0,0,2,0,100.0,2,None,None,0,,0,"Damage: 0, Status: 0, Hazard: 0, Weather: 0, Cleric: 0, Screen: 0, Pass: 0",None
fisherman_marvin_0122_Gyarados,fisherman_marvin_0122,GYARADOS,"Thrash: 2165 (66.6%), Surf: 1086 (33.4%)",821,838,0.98,43,1.03,0,4.86,2.16,201,59,149,0,8.56,1179,"Magikarp: 50, Geodude: 43, Tentacool: 30","Seaking: 19, Graveler: 15, Butterfree: 14",104,20.0,0,"Damage: 43, Status: 0, Hazard: 0, Weather: 0, Cleric: 0, Screen: 0, Pass: 0",None
fisherman_marvin_0122_Magikarp,fisherman_marvin_0122,MAGIKARP,"Splash: 1938 (52.2%), Tackle: 1764 (47.5%), Struggle: 8 (0.2%)",36,2006,0.02,311,0.17,1,7.4,2.49,86,196,211,0,2.58,1183,"Caterpie: 8, Hoppip: 4, Voltorb: 4","Seaking: 38, Butterfree: 34, Sandslash: 30",4,3.97,7,"Damage: 311, Status: 0, Hazard: 0, Weather: 0, Cleric: 0, Screen: 0, Pass: 0",None
fisherman_marvin_0122_Quagsire,fisherman_marvin_0122,QUAGSIRE,None,0,0,0.0,0,0.0,0,0.0,0.0,0,0,0,0,0.0,4,None,None,0,,0,"Damage: 0, Status: 0, Hazard: 0, Weather: 0, Cleric: 0, Screen: 0, Pass: 0",None
fisherman_murphy_0589_Corsola,fisherman_murphy_0589,CORSOLA,"Ancient Power: 2526 (28.6%), Bubble Beam: 2509 (28.4%), Rock Blast: 2123 (24.1%), Lucky Chant: 1433 (16.2%), Aqua Ring: 230 (2.6%)",1753,2545,0.69,47,0.71,3,8.39,6.43,494,897,503,437,1.29,1239,"Magikarp: 58, Butterfree: 41, Magmar: 36","Seaking: 80, Quagsire: 67, Electrode: 63",264,50.74,10,"Damage: 47, Status: 0, Hazard: 0, Weather: 0, Cleric: 0, Screen: 0, Pass: 0",None
fisherman_murphy_0589_Dugtrio,fisherman_murphy_0589,DUGTRIO,None,0,0,0.0,0,0.0,0,0.0,0.0,0,0,2,0,100.0,2,None,None,0,,0,"Damage: 0, Status: 0, Hazard: 0, Weather: 0, Cleric: 0, Screen: 0, Pass: 0",None
fisherman_murphy_0589_Quagsire,fisherman_murphy_0589,QUAGSIRE,None,0,0,0.0,0,0.0,0,0.0,0.0,0,0,0,0,0.0,2,None,None,0,,0,"Damage: 0, Status: 0, Hazard: 0, Weather: 0, Cleric: 0, Screen: 0, Pass: 0",None
fisherman_ralph_0057_Goldeen,fisherman_ralph_0057,GOLDEEN,"Peck: 1167 (33.6%), Tail Whip: 1162 (33.4%), Supersonic: 714 (20.5%), Water Sport: 432 (12.4%)",128,1071,0.12,41,0.16,0,4.12,1.91,60,432,142,0,-6.36,1126,"Bellsprout: 31, Magikarp: 18, Caterpie: 11","Onix: 18, Koffing: 18, Geodude: 17",19,10.83,0,"Damage: 37, Status: 40, Hazard: 0, Weather: 0, Cleric: 0, Screen: 0, Pass: 0",None
fisherman_ralph_0462_Goldeen,fisherman_ralph_0462,GOLDEEN,None,0,2,0.0,0,0.0,0,1.0,0.0,0,0,0,0,0.0,2,None,None,0,100.0,0,"Damage: 0, Status: 0, Hazard: 0, Weather: 0, Cleric: 0, Screen: 0, Pass: 0",None
fisherman_ralph_0462_Seaking,fisherman_ralph_0462,SEAKING,"Flail: 1874 (29.4%), Fury Attack: 1849 (29.0%), Waterfall: 1838 (28.8%), Aqua Ring: 821 (12.9%)",1515,674,2.25,55,2.33,0,5.61,3.24,495,360,226,188,5.52,1300,"Magikarp: 59, Pikachu: 35, Magnemite: 34","Graveler: 27, Seaking: 18, Seadra: 18",213,67.8,0,"Damage: 55, Status: 0, Hazard: 0, Weather: 0, Cleric: 0, Screen: 0, Pass: 0",None
fisherman_ralph_0463_Dugtrio,fisherman_ralph_0463,DUGTRIO,None,0,0,0.0,0,0.0,0,0.0,0.0,0,0,2,0,100.0,2,None,None,0,,0,"Damage: 0, Status: 0, Hazard: 0, Weather: 0, Cleric: 0, Screen: 0, Pass: 0",None
fisherman_ralph_0463_Goldeen,fisherman_ralph_0463,GOLDEEN,None,0,2,0.0,0,0.0,0,1.0,0.0,0,0,0,0,0.0,2,None,None,0,100.0,0,"Damage: 0, Status: 0, Hazard: 0, Weather: 0, Cleric: 0, Screen: 0, Pass: 0",None
fisherman_ralph_0463_Quagsire,fisherman_ralph_0463,QUAGSIRE,None,0,0,0.0,0,0.0,0,0.0,0.0,0,0,0,0,0.0,2,None,None,0,,0,"Damage: 0, Status: 0, Hazard: 0, Weather: 0, Cleric: 0, Screen: 0, Pass: 0",None
fisherman_ralph_0463_Qwilfish,fisherman_ralph_0463,QWILFISH,"Pin Missile: 1241 (26.9%), Aqua Tail: 1184 (25.7%), Take Down: 1117 (24.2%), Brine: 1073 (23.3%)",1618,586,2.76,358,3.37,1,4.01,1.87,312,519,129,0,-1.64,1242,"Magikarp: 57, Voltorb: 38, Magnemite: 36","Graveler: 20, Quagsire: 18, Azumarill: 16",249,76.74,0,"Damage: 357, Status: 84, Hazard: 0, Weather: 0, Cleric: 0, Screen: 0, Pass: 0",None
fisherman_ralph_0463_Seaking,fisherman_ralph_0463,SEAKING,"Waterfall: 559 (28.9%), Fury Attack: 542 (28.1%), Flail: 512 (26.5%), Aqua Ring: 318 (16.5%)",349,381,0.92,40,1.02,0,4.58,2.41,153,111,88,69,6.7,624,"Butterfree: 12, Pidgey: 10, Weezing: 9","Quagsire: 15, Weezing: 11, Vileplume: 11",30,67.31,1,"Damage: 40, Status: 0, Hazard: 0, Weather: 0, Cleric: 0, Screen: 0, Pass: 0",None
fisherman_ralph_0515_Dugtrio,fisherman_ralph_0515,DUGTRIO,None,0,0,0.0,0,0.0,0,0.0,0.0,0,0,2,0,100.0,2,None,None,0,,0,"Damage: 0, Status: 0, Hazard: 0, Weather: 0, Cleric: 0, Screen: 0, Pass: 0",None
fisherman_ralph_0515_Goldeen,fisherman_ralph_0515,GOLDEEN,None,0,2,0.0,0,0.0,0,1.0,0.0,0,0,0,0,0.0,2,None,None,0,100.0,0,"Damage: 0, Status: 0, Hazard: 0, Weather: 0, Cleric: 0, Screen: 0, Pass: 0",None
fisherman_ralph_0515_Quagsire,fisherman_ralph_0515,QUAGSIRE,None,0,0,0.0,0,0.0,0,0.0,0.0,0,0,0,0,0.0,2,None,None,0,,0,"Damage: 0, Status: 0, Hazard: 0, Weather: 0, Cleric: 0, Screen: 0, Pass: 0",None
fisherman_ralph_0515_Qwilfish,fisherman_ralph_0515,QWILFISH,"Take Down: 1160 (26.0%), Poison Jab: 1106 (24.8%), Destiny Bond: 1100 (24.7%), Aqua Tail: 1088 (24.4%), Pin Missile: 2 (0.0%)",1850,401,4.61,298,5.36,11,3.96,1.7,171,308,116,122,-0.42,1215,"Magikarp: 58, Voltorb: 44, Seaking: 37","Graveler: 27, Quagsire: 19, Electrode: 13",298,85.47,1,"Damage: 290, Status: 101, Hazard: 0, Weather: 0, Cleric: 0, Screen: 0, Pass: 0",None
fisherman_ralph_0515_Seaking,fisherman_ralph_0515,SEAKING,"Fury Attack: 353 (26.5%), Waterfall: 341 (25.6%), Agility: 321 (24.1%), Horn Drill: 313 (23.5%), Flail: 2 (0.2%), Aqua Ring: 1 (0.1%)",349,171,2.04,24,2.18,1,4.2,1.85,70,252,54,32,-8.97,453,"Quagsire: 15, Electrode: 12, Kadabra: 12","Quagsire: 11, Golem: 10, Golduck: 8",45,84.48,1,"Damage: 24, Status: 0, Hazard: 0, Weather: 0, Cleric: 0, Screen: 0, Pass: 0",None
fisherman_raymond_0127_Dugtrio,fisherman_raymond_0127,DUGTRIO,None,0,0,0.0,0,0.0,0,0.0,0.0,0,0,2,0,100.0,2,None,None,0,,0,"Damage: 0, Status: 0, Hazard: 0, Weather: 0, Cleric: 0, Screen: 0, Pass: 0",None
fisherman_raymond_0127_Magikarp,fisherman_raymond_0127,MAGIKARP,"Splash: 6162 (50.9%), Tackle: 5949 (49.1%)",256,4136,0.06,52,0.07,0,13.33,8.44,343,511,631,0,3.63,1112,"Magikarp: 46, Bellsprout: 28, Pidgey: 14","Seaking: 68, Growlithe: 68, Onix: 63",31,7.76,24,"Damage: 52, Status: 0, Hazard: 0, Weather: 0, Cleric: 0, Screen: 0, Pass: 0",None
fisherman_raymond_0127_Quagsire,fisherman_raymond_0127,QUAGSIRE,None,0,0,0.0,0,0.0,0,0.0,0.0,0,0,0,0,0.0,4,None,None,0,,0,"Damage: 0, Status: 0, Hazard: 0, Weather: 0, Cleric: 0, Screen: 0, Pass: 0",None
fisherman_scott_0413_Dugtrio,fisherman_scott_0413,DUGTRIO,None,0,0,0.0,0,0.0,0,0.0,0.0,0,0,2,0,100.0,2,None,None,0,,0,"Damage: 0, Status: 0, Hazard: 0, Weather: 0, Cleric: 0, Screen: 0, Pass: 0",None
fisherman_scott_0413_Quagsire,fisherman_scott_0413,QUAGSIRE,None,0,0,0.0,0,0.0,0,0.0,0.0,0,0,0,0,0.0,4,None,None,0,,0,"Damage: 0, Status: 0, Hazard: 0, Weather: 0, Cleric: 0, Screen: 0, Pass: 0",None
fisherman_scott_0413_Qwilfish,fisherman_scott_0413,QWILFISH,"Rollout: 2092 (31.2%), Water Gun: 1542 (23.0%), Revenge: 1421 (21.2%), Poison Sting: 821 (12.2%), Stockpile: 639 (9.5%), Spit Up: 196 (2.9%)",1202,1647,0.73,330,0.93,0,6.8,4.01,355,325,295,238,4.86,1284,"Magikarp: 58, Onix: 33, Bellsprout: 29","Seaking: 49, Graveler: 39, Seadra: 38",175,46.55,0,"Damage: 330, Status: 77, Hazard: 0, Weather: 0, Cleric: 0, Screen: 0, Pass: 0",None
fisherman_scott_0413_Seaking,fisherman_scott_0413,SEAKING,"Fury Attack: 707 (29.0%), Flail: 697 (28.6%), Water Pulse: 659 (27.0%), Aqua Ring: 375 (15.4%)",280,664,0.42,86,0.55,0,4.83,2.68,161,196,112,105,3.45,823,"Magnemite: 11, Seadra: 11, Beedrill: 8","Seaking: 18, Butterfree: 16, Seadra: 16",30,,1,"Damage: 86, Status: 18, Hazard: 0, Weather: 0, Cleric: 0, Screen: 0, Pass: 0",None
fisherman_stephen_0321_Dugtrio,fisherman_stephen_0321,DUGTRIO,None,0,0,0.0,0,0.0,0,0.0,0.0,0,0,2,0,100.0,2,None,None,0,,0,"Damage: 0, Status: 0, Hazard: 0, Weather: 0, Cleric: 0, Screen: 0, Pass: 0",None
fisherman_stephen_0321_Quagsire,fisherman_stephen_0321,QUAGSIRE,"Amnesia: 3458 (31.3%), Yawn: 2803 (25.3%), Earthquake: 2781 (25.1%), Rain Dance: 1940 (17.5%), Struggle: 77 (0.7%)",1306,645,2.02,428,2.69,45,10.08,4.41,125,104,350,0,3.25,1239,"Magikarp: 56, Voltorb: 42, Seaking: 36","Butterfree: 32, Farfetchd: 17, Fearow: 14",193,66.91,0,"Damage: 172, Status: 355, Hazard: 0, Weather: 0, Cleric: 0, Screen: 0, Pass: 0",None
fisherman_stephen_0321_Qwilfish,fisherman_stephen_0321,QWILFISH,"Pin Missile: 649 (37.0%), Brine: 558 (31.8%), Revenge: 547 (31.2%)",333,435,0.77,199,1.22,6,4.65,2.03,155,122,62,0,5.23,605,"Butterfree: 13, Doduo: 13, Fearow: 11","Butterfree: 19, Noctowl: 17, Quagsire: 14",37,44.0,0,"Damage: 196, Status: 62, Hazard: 0, Weather: 0, Cleric: 0, Screen: 0, Pass: 0",None
fisherman_stephen_0321_Tentacruel,fisherman_stephen_0321,TENTACRUEL,"Water Pulse: 585 (25.6%), Poison Jab: 575 (25.1%), Wrap: 574 (25.1%), Barrier: 555 (24.2%)",369,336,1.1,146,1.53,9,5.69,2.93,98,113,87,185,2.55,573,"Koffing: 29, Butterfree: 24, Haunter: 14","Quagsire: 13, Weezing: 11, Golbat: 10",50,,3,"Damage: 146, Status: 47, Hazard: 0, Weather: 0, Cleric: 0, Screen: 0, Pass: 0",None
fisherman_tully_0123_Qwilfish,fisherman_tully_0123,QWILFISH,"Rollout: 2467 (46.9%), Water Gun: 999 (19.0%), Harden: 958 (18.2%), Minimize: 840 (16.0%)",724,904,0.8,63,0.87,0,5.24,2.13,187,381,1320,0,17.1,1221,"Magikarp: 54, Bellsprout: 28, Geodude: 25","Graveler: 22, Seaking: 22, Beedrill: 17",99,36.53,0,"Damage: 63, Status: 42, Hazard: 0, Weather: 0, Cleric: 0, Screen: 0, Pass: 0",None
fisherman_tully_0323_Qwilfish,fisherman_tully_0323,QWILFISH,"Brine: 1499 (31.0%), Stockpile: 1398 (28.9%), Revenge: 1398 (28.9%), Spit Up: 532 (11.0%), Rollout: 3 (0.1%), Harden: 1 (0.0%), Water Gun: 1 (0.0%), Minimize: 1 (0.0%)",1115,737,1.51,70,1.61,0,4.7,2.68,196,78,187,0,6.08,1204,"Magikarp: 56, Geodude: 32, Magnemite: 31","Seaking: 21, Graveler: 19, Seadra: 18",161,58.55,0,"Damage: 70, Status: 46, Hazard: 0, Weather: 0, Cleric: 0, Screen: 0, Pass: 0",None
fisherman_tully_0324_Dugtrio,fisherman_tully_0324,DUGTRIO,None,0,0,0.0,0,0.0,0,0.0,0.0,0,0,2,0,100.0,2,None,None,0,,0,"Damage: 0, Status: 0, Hazard: 0, Weather: 0, Cleric: 0, Screen: 0, Pass: 0",None
fisherman_tully_0324_Goldeen,fisherman_tully_0324,GOLDEEN,"Water Pulse: 1732 (28.7%), Horn Attack: 1732 (28.7%), Flail: 1634 (27.1%), Aqua Ring: 919 (15.2%), Struggle: 11 (0.2%)",803,1646,0.49,537,0.81,14,7.13,3.45,306,136,331,245,7.52,1269,"Magikarp: 56, Bellsprout: 28, Geodude: 26","Butterfree: 40, Seadra: 37, Graveler: 32",121,35.59,0,"Damage: 537, Status: 104, Hazard: 0, Weather: 0, Cleric: 0, Screen: 0, Pass: 0",None
fisherman_tully_0324_Quagsire,fisherman_tully_0324,QUAGSIRE,None,0,0,0.0,0,0.0,0,0.0,0.0,0,0,0,0,0.0,4,None,None,0,,0,"Damage: 0, Status: 0, Hazard: 0, Weather: 0, Cleric: 0, Screen: 0, Pass: 0",None
fisherman_tully_0324_Qwilfish,fisherman_tully_0324,QWILFISH,"Pin Missile: 1073 (33.9%), Brine: 1069 (33.8%), Revenge: 972 (30.7%), Rollout: 20 (0.6%), Stockpile: 10 (0.3%), Spit Up: 7 (0.2%), Water Gun: 6 (0.2%), Minimize: 4 (0.1%), Harden: 4 (0.1%)",660,679,0.97,136,1.17,0,4.97,2.62,257,213,119,0,4.96,965,"Magnemite: 23, Seaking: 18, Fearow: 17","Seadra: 22, Seaking: 15, Butterfree: 14",84,100.0,0,"Damage: 135, Status: 54, Hazard: 0, Weather: 0, Cleric: 0, Screen: 0, Pass: 0",None
fisherman_tully_0517_Dugtrio,fisherman_tully_0517,DUGTRIO,None,0,0,0.0,0,0.0,0,0.0,0.0,0,0,4,0,100.0,2,None,None,0,,0,"Damage: 0, Status: 0, Hazard: 0, Weather: 0, Cleric: 0, Screen: 0, Pass: 0",None
fisherman_tully_0517_Goldeen,fisherman_tully_0517,GOLDEEN,"Horn Attack: 4 (50.0%), Flail: 3 (37.5%), Aqua Ring: 1 (12.5%)",0,4,0.0,0,0.0,0,12.0,0.0,0,1,0,0,-12.5,2,None,None,0,100.0,0,"Damage: 0, Status: 0, Hazard: 0, Weather: 0, Cleric: 0, Screen: 0, Pass: 0",None
fisherman_tully_0517_Quagsire,fisherman_tully_0517,QUAGSIRE,None,0,0,0.0,0,0.0,0,0.0,0.0,0,0,0,0,0.0,6,None,None,0,,0,"Damage: 0, Status: 0, Hazard: 0, Weather: 0, Cleric: 0, Screen: 0, Pass: 0",None
fisherman_tully_0517_Qwilfish,fisherman_tully_0517,QWILFISH,"Rollout: 685 (45.6%), Minimize: 275 (18.3%), Surf: 267 (17.8%), Aqua Tail: 260 (17.3%), Pin Missile: 5 (0.3%), Brine: 5 (0.3%), Revenge: 4 (0.3%), Stockpile: 2 (0.1%)",449,166,2.7,63,3.08,0,4.98,1.73,71,92,302,0,15.57,421,"Butterfree: 19, Qwilfish: 14, Tentacruel: 13","Electrode: 9, Ampharos: 8, Quagsire: 7",65,100.0,0,"Damage: 61, Status: 23, Hazard: 0, Weather: 0, Cleric: 0, Screen: 0, Pass: 0",None
fisherman_tully_0517_Seaking,fisherman_tully_0517,SEAKING,"Water Pulse: 2234 (31.2%), Waterfall: 2144 (29.9%), Rain Dance: 1150 (16.1%), Aqua Ring: 1085 (15.1%), Megahorn: 518 (7.2%), Struggle: 32 (0.4%)",1838,682,2.7,284,3.11,23,6.37,3.6,245,188,292,388,4.3,1178,"Magikarp: 57, Seaking: 36, Quagsire: 36","Quagsire: 29, Seaking: 27, Victreebel: 22",303,70.28,0,"Damage: 284, Status: 42, Hazard: 0, Weather: 0, Cleric: 0, Screen: 0, Pass: 0",None
fisherman_wilton_0124_Dugtrio,fisherman_wilton_0124,DUGTRIO,None,0,0,0.0,0,0.0,0,0.0,0.0,0,0,2,0,100.0,2,None,None,0,,0,"Damage: 0, Status: 0, Hazard: 0, Weather: 0, Cleric: 0, Screen: 0, Pass: 0",None
fisherman_wilton_0124_Goldeen,fisherman_wilton_0124,GOLDEEN,"Horn Attack: 1782 (27.9%), Water Pulse: 1736 (27.1%), Flail: 1688 (26.4%), Supersonic: 1190 (18.6%)",768,1816,0.42,348,0.61,3,6.45,3.43,314,658,279,251,-1.38,1204,"Magikarp: 54, Geodude: 29, Onix: 26","Graveler: 52, Magnemite: 39, Butterfree: 35",116,32.54,2,"Damage: 342, Status: 188, Hazard: 0, Weather: 0, Cleric: 0, Screen: 0, Pass: 0",None
fisherman_wilton_0124_Quagsire,fisherman_wilton_0124,QUAGSIRE,None,0,0,0.0,0,0.0,0,0.0,0.0,0,0,0,0,0.0,6,None,None,0,,0,"Damage: 0, Status: 0, Hazard: 0, Weather: 0, Cleric: 0, Screen: 0, Pass: 0",None
fisherman_wilton_0124_Seaking,fisherman_wilton_0124,SEAKING,"Flail: 743 (29.3%), Horn Attack: 726 (28.6%), Water Pulse: 711 (28.0%), Aqua Ring: 360 (14.2%)",260,764,0.34,35,0.39,0,4.74,2.38,115,45,138,107,7.58,878,"Magnemite: 17, Pikachu: 10, Magmar: 7","Butterfree: 21, Graveler: 19, Quagsire: 16",27,,0,"Damage: 35, Status: 11, Hazard: 0, Weather: 0, Cleric: 0, Screen: 0, Pass: 0",None
fisherman_wilton_0325_Dugtrio,fisherman_wilton_0325,DUGTRIO,None,0,0,0.0,0,0.0,0,0.0,0.0,0,0,2,0,100.0,2,None,None,0,,0,"Damage: 0, Status: 0, Hazard: 0, Weather: 0, Cleric: 0, Screen: 0, Pass: 0",None
fisherman_wilton_0325_Goldeen,fisherman_wilton_0325,GOLDEEN,"Fury Attack: 2159 (28.7%), Water Pulse: 2153 (28.6%), Flail: 2111 (28.0%), Aqua Ring: 1094 (14.5%), Horn Attack: 6 (0.1%), Struggle: 4 (0.1%), Supersonic: 4 (0.1%)",889,1893,0.47,462,0.71,5,7.05,4.19,498,467,320,346,4.73,1280,"Magikarp: 56, Geodude: 31, Bellsprout: 29","Seadra: 44, Graveler: 43, Butterfree: 39",131,34.03,0,"Damage: 462, Status: 112, Hazard: 0, Weather: 0, Cleric: 0, Screen: 0, Pass: 0",None
fisherman_wilton_0325_Quagsire,fisherman_wilton_0325,QUAGSIRE,None,0,0,0.0,0,0.0,0,0.0,0.0,0,0,0,0,0.0,4,None,None,0,,0,"Damage: 0, Status: 0, Hazard: 0, Weather: 0, Cleric: 0, Screen: 0, Pass: 0",None
fisherman_wilton_0325_Seaking,fisherman_wilton_0325,SEAKING,"Flail: 1031 (29.0%), Fury Attack: 1022 (28.7%), Water Pulse: 1018 (28.6%), Aqua Ring: 486 (13.7%), Horn Attack: 2 (0.1%)",458,700,0.65,53,0.73,0,5.69,3.06,257,221,159,170,5.58,928,"Voltorb: 16, Magnemite: 15, Horsea: 13","Seadra: 21, Butterfree: 19, Seaking: 17",58,,0,"Damage: 53, Status: 26, Hazard: 0, Weather: 0, Cleric: 0, Screen: 0, Pass: 0",None
fisherman_wilton_0450_Dugtrio,fisherman_wilton_0450,DUGTRIO,None,0,0,0.0,0,0.0,0,0.0,0.0,0,0,3,0,100.0,2,None,None,0,,0,"Damage: 0, Status: 0, Hazard: 0, Weather: 0, Cleric: 0, Screen: 0, Pass: 0",None
fisherman_wilton_0450_Goldeen,fisherman_wilton_0450,GOLDEEN,"Water Pulse: 1484 (29.0%), Flail: 1482 (29.0%), Fury Attack: 1442 (28.2%), Aqua Ring: 693 (13.6%), Supersonic: 4 (0.1%), Struggle: 3 (0.1%), Horn Attack: 3 (0.1%)",678,981,0.69,614,1.32,0,4.99,2.59,326,308,240,226,5.14,1280,"Magikarp: 55, Geodude: 32, Bellsprout: 28","Butterfree: 25, Graveler: 24, Koffing: 22",96,35.31,0,"Damage: 614, Status: 102, Hazard: 0, Weather: 0, Cleric: 0, Screen: 0, Pass: 0",None
fisherman_wilton_0450_Quagsire,fisherman_wilton_0450,QUAGSIRE,None,0,0,0.0,0,0.0,0,0.0,0.0,0,0,0,0,0.0,6,None,None,0,,0,"Damage: 0, Status: 0, Hazard: 0, Weather: 0, Cleric: 0, Screen: 0, Pass: 0",None
fisherman_wilton_0450_Seaking,fisherman_wilton_0450,SEAKING,"Fury Attack: 1822 (29.4%), Flail: 1737 (28.1%), Waterfall: 1032 (16.7%), Aqua Ring: 902 (14.6%), Water Pulse: 697 (11.3%), Horn Attack: 2 (0.0%)",989,1283,0.77,84,0.84,1,7.85,5.03,440,348,304,229,6.11,998,"Butterfree: 39, Fearow: 27, Beedrill: 25","Quagsire: 34, Butterfree: 31, Seadra: 28",124,46.43,3,"Damage: 84, Status: 19, Hazard: 0, Weather: 0, Cleric: 0, Screen: 0, Pass: 0",None
fisherman_wilton_0608_Dugtrio,fisherman_wilton_0608,DUGTRIO,None,0,0,0.0,0,0.0,0,0.0,0.0,0,0,3,0,100.0,2,None,None,0,,0,"Damage: 0, Status: 0, Hazard: 0, Weather: 0, Cleric: 0, Screen: 0, Pass: 0",None
fisherman_wilton_0608_Goldeen,fisherman_wilton_0608,GOLDEEN,"Water Pulse: 8 (28.6%), Fury Attack: 8 (28.6%), Flail: 7 (25.0%), Aqua Ring: 3 (10.7%), Supersonic: 2 (7.1%)",0,10,0.0,0,0.0,0,6.5,0.0,2,1,0,0,3.57,6,None,None,0,100.0,0,"Damage: 0, Status: 0, Hazard: 0, Weather: 0, Cleric: 0, Screen: 0, Pass: 0",None
fisherman_wilton_0608_Quagsire,fisherman_wilton_0608,QUAGSIRE,None,0,0,0.0,0,0.0,0,0.0,0.0,0,0,0,0,0.0,4,None,None,0,,0,"Damage: 0, Status: 0, Hazard: 0, Weather: 0, Cleric: 0, Screen: 0, Pass: 0",None
fisherman_wilton_0608_Seaking,fisherman_wilton_0608,SEAKING,"Waterfall: 2462 (27.2%), Flail: 2132 (23.6%), Fury Attack: 2112 (23.4%), Aqua Ring: 939 (10.4%), Megahorn: 507 (5.6%), Horn Drill: 447 (4.9%), Agility: 439 (4.9%), Horn Attack: 3 (0.0%), Water Pulse: 3 (0.0%)",2340,1004,2.33,71,2.4,13,6.93,4.78,555,734,329,245,1.63,1192,"Magikarp: 58, Seaking: 46, Butterfree: 40","Vileplume: 30, Quagsire: 28, Graveler: 27",373,65.94,8,"Damage: 71, Status: 0, Hazard: 0, Weather: 0, Cleric: 0, Screen: 0, Pass: 0",None
gentleman_alfred_0401_Noctowl,gentleman_alfred_0401,NOCTOWL,"Peck: 1303 (29.4%), Confusion: 1286 (29.0%), Uproar: 1160 (26.1%), Reflect: 688 (15.5%)",655,854,0.77,50,0.83,0,4.73,2.48,207,69,184,98,6.97,1126,"Magikarp: 54, Bellsprout: 29, Gastly: 25","Graveler: 21, Seaking: 21, Butterfree: 15",85,35.61,0,"Damage: 50, Status: 15, Hazard: 0, Weather: 0, Cleric: 0, Screen: 0, Pass: 0",None
gentleman_alfred_0667_Noctowl,gentleman_alfred_0667,NOCTOWL,"Take Down: 1522 (29.5%), Confusion: 1423 (27.6%), Air Slash: 1403 (27.2%), Reflect: 807 (15.7%), Peck: 1 (0.0%)",1300,706,1.84,66,1.93,0,4.78,2.41,224,338,175,310,1.07,1216,"Magikarp: 56, Sentret: 31, Koffing: 31","Graveler: 24, Seaking: 21, Seadra: 19",183,66.2,0,"Damage: 66, Status: 18, Hazard: 0, Weather: 0, Cleric: 0, Screen: 0, Pass: 0",None
gentleman_alfred_0668_Noctowl,gentleman_alfred_0668,NOCTOWL,"Take Down: 1368 (25.4%), Air Slash: 1345 (25.0%), Extrasensory: 1340 (24.9%), Zen Headbutt: 1327 (24.7%), Confusion: 3 (0.1%)",1737,618,2.81,55,2.9,0,4.58,2.14,279,445,169,469,0.34,1304,"Magikarp: 60, Koffing: 42, Butterfree: 35","Graveler: 24, Seaking: 18, Seadra: 15",247,76.69,0,"Damage: 55, Status: 0, Hazard: 0, Weather: 0, Cleric: 0, Screen: 0, Pass: 0",None
gentleman_alfred_0669_Noctowl,gentleman_alfred_0669,NOCTOWL,"Air Slash: 3272 (42.1%), Hypnosis: 2338 (30.1%), Reflect: 1313 (16.9%), Dream Eater: 839 (10.8%), Take Down: 3 (0.0%), Zen Headbutt: 2 (0.0%), Uproar: 1 (0.0%)",2362,245,9.64,34,9.78,0,6.33,1.95,247,1130,166,367,-9.03,1278,"Magikarp: 58, Koffing: 51, Magmar: 46","Graveler: 10, Magneton: 7, Weezing: 7",357,93.58,0,"Damage: 34, Status: 7, Hazard: 0, Weather: 0, Cleric: 0, Screen: 0, Pass: 0",None
gentleman_edward_0231_Persian,gentleman_edward_0231,PERSIAN,"Power Gem: 1330 (25.9%), Faint Attack: 1291 (25.2%), Taunt: 1280 (25.0%), Slash: 1229 (24.0%)",1319,691,1.91,30,1.95,0,4.44,2.46,296,33,168,0,8.14,1224,"Magikarp: 56, Goldeen: 37, Bellsprout: 30","Seaking: 22, Graveler: 21, Seadra: 16",185,63.89,0,"Damage: 30, Status: 0, Hazard: 0, Weather: 0, Cleric: 0, Screen: 0, Pass: 0",None
gentleman_gregory_0337_Dugtrio,gentleman_gregory_0337,DUGTRIO,None,0,0,0.0,0,0.0,0,0.0,0.0,0,0,6,0,100.0,2,None,None,0,,0,"Damage: 0, Status: 0, Hazard: 0, Weather: 0, Cleric: 0, Screen: 0, Pass: 0",None
gentleman_gregory_0337_Electrike,gentleman_gregory_0337,ELECTRIKE,"Shock Wave: 448 (36.8%), Thunder Fang: 441 (36.2%), Roar: 167 (13.7%), Thunder Wave: 162 (13.3%)",175,463,0.38,63,0.51,10,3.74,1.47,52,39,57,61,5.49,580,"Magmar: 10, Beedrill: 7, Golduck: 6","Magmar: 23, Quagsire: 18, Weezing: 12",14,,1,"Damage: 57, Status: 19, Hazard: 0, Weather: 0, Cleric: 0, Screen: 0, Pass: 0",None
gentleman_gregory_0337_Flaaffy,gentleman_gregory_0337,FLAAFFY,"Signal Beam: 1155 (33.8%), Double Team: 997 (29.2%), Shock Wave: 685 (20.1%), Charge Beam: 578 (16.9%)",748,493,1.52,125,1.77,0,5.52,2.01,163,109,572,429,15.81,853,"Seaking: 29, Onix: 21, Geodude: 20","Quagsire: 23, Magmar: 18, Seaking: 15",101,60.0,1,"Damage: 122, Status: 41, Hazard: 0, Weather: 0, Cleric: 0, Screen: 0, Pass: 0",None
gentleman_gregory_0337_Pikachu,gentleman_gregory_0337,PIKACHU,"Double Team: 2838 (31.4%), Discharge: 2507 (27.7%), Light Screen: 2481 (27.4%), Thunder Wave: 1200 (13.3%), Struggle: 21 (0.2%)",1044,863,1.21,548,1.84,5,7.44,2.2,152,160,2160,320,19.01,1302,"Magikarp: 56, Goldeen: 28, Bellsprout: 28","Seaking: 26, Quagsire: 23, Magmar: 22",154,49.54,0,"Damage: 322, Status: 454, Hazard: 0, Weather: 0, Cleric: 0, Screen: 65, Pass: 0",None
gentleman_gregory_0337_Quagsire,gentleman_gregory_0337,QUAGSIRE,None,0,0,0.0,0,0.0,0,0.0,0.0,0,0,0,0,0.0,4,None,None,0,,0,"Damage: 0, Status: 0, Hazard: 0, Weather: 0, Cleric: 0, Screen: 0, Pass: 0",None
gentleman_milton_0554_Growlithe,gentleman_milton_0554,GROWLITHE,"Agility: 1186 (25.4%), Flamethrower: 1173 (25.1%), Crunch: 1157 (24.8%), Heat Wave: 1154 (24.7%)",1697,631,2.69,51,2.77,0,3.93,1.85,214,159,136,212,3.57,1308,"Magikarp: 57, Koffing: 45, Butterfree: 41","Graveler: 30, Seaking: 25, Seadra: 21",239,75.38,0,"Damage: 51, Status: 22, Hazard: 0, Weather: 0, Cleric: 0, Screen: 0, Pass: 0",None
gentleman_preston_0037_Dugtrio,gentleman_preston_0037,DUGTRIO,None,0,0,0.0,0,0.0,0,0.0,0.0,0,0,1,0,100.0,1,None,None,0,,0,"Damage: 0, Status: 0, Hazard: 0, Weather: 0, Cleric: 0, Screen: 0, Pass: 0",None
gentleman_preston_0037_Growlithe,gentleman_preston_0037,GROWLITHE,"Ember: 2442 (40.1%), Leer: 2408 (39.5%), Odor Sleuth: 1002 (16.5%), Helping Hand: 237 (3.9%)",403,1988,0.2,75,0.24,3,6.84,4.04,145,136,269,198,4.4,1150,"Magikarp: 52, Bellsprout: 28, Pidgey: 18","Graveler: 39, Marill: 39, Seaking: 36",53,20.03,0,"Damage: 75, Status: 61, Hazard: 0, Weather: 0, Cleric: 0, Screen: 0, Pass: 0",None
gentleman_preston_0037_Quagsire,gentleman_preston_0037,QUAGSIRE,None,0,0,0.0,0,0.0,0,0.0,0.0,0,0,0,0,0.0,4,None,None,0,,0,"Damage: 0, Status: 0, Hazard: 0, Weather: 0, Cleric: 0, Screen: 0, Pass: 0",None
guitarist_clyde_0041_Electabuzz,guitarist_clyde_0041,ELECTABUZZ,"Light Screen: 2278 (35.3%), Discharge: 1419 (22.0%), Shock Wave: 1388 (21.5%), Thunder Punch: 1345 (20.9%), Struggle: 15 (0.2%)",1720,546,3.15,22,3.19,0,5.46,2.38,213,27,168,244,5.56,1265,"Butterfree: 61, Koffing: 57, Magikarp: 56","Quagsire: 21, Sandslash: 18, Graveler: 17",240,76.05,0,"Damage: 21, Status: 5, Hazard: 0, Weather: 0, Cleric: 0, Screen: 0, Pass: 0",None
guitarist_vincent_0232_Dugtrio,guitarist_vincent_0232,DUGTRIO,None,0,0,0.0,0,0.0,0,0.0,0.0,0,0,3,0,100.0,2,None,None,0,,0,"Damage: 0, Status: 0, Hazard: 0, Weather: 0, Cleric: 0, Screen: 0, Pass: 0",None
guitarist_vincent_0232_Jolteon,guitarist_vincent_0232,JOLTEON,"Pin Missile: 2057 (35.3%), Quick Attack: 2019 (34.6%), Shock Wave: 1581 (27.1%), Helping Hand: 178 (3.1%)",1518,642,2.36,477,3.11,41,5.12,2.35,456,350,176,0,4.69,1281,"Magikarp: 56, Voltorb: 35, Magnemite: 34","Graveler: 31, Quagsire: 21, Victreebel: 19",229,73.07,0,"Damage: 477, Status: 0, Hazard: 0, Weather: 0, Cleric: 0, Screen: 0, Pass: 0",None
guitarist_vincent_0232_Magnemite,guitarist_vincent_0232,MAGNEMITE,"Magnet Bomb: 706 (38.8%), Shock Wave: 486 (26.7%), Supersonic: 433 (23.8%), Thunder Wave: 196 (10.8%)",300,424,0.71,90,0.92,1,4.66,1.98,74,218,77,0,-3.53,608,"Butterfree: 12, Onix: 10, Sandslash: 8","Quagsire: 24, Magmar: 21, Graveler: 20",32,,7,"Damage: 69, Status: 59, Hazard: 0, Weather: 0, Cleric: 0, Screen: 0, Pass: 0",None
guitarist_vincent_0232_Quagsire,guitarist_vincent_0232,QUAGSIRE,None,0,0,0.0,0,0.0,0,0.0,0.0,0,0,0,0,0.0,8,None,None,0,,0,"Damage: 0, Status: 0, Hazard: 0, Weather: 0, Cleric: 0, Screen: 0, Pass: 0",None
guitarist_vincent_0232_Voltorb,guitarist_vincent_0232,VOLTORB,"Swift: 525 (28.9%), Gyro Ball: 492 (27.1%), Screech: 428 (23.6%), Shock Wave: 370 (20.4%)",200,570,0.35,276,0.84,7,4.04,1.97,100,61,63,0,5.43,669,"Magmar: 9, Seaking: 9, Seadra: 8","Quagsire: 23, Magmar: 20, Butterfree: 15",15,40.98,5,"Damage: 266, Status: 82, Hazard: 0, Weather: 0, Cleric: 0, Screen: 0, Pass: 0",None
hiker_anthony_0061_Dugtrio,hiker_anthony_0061,DUGTRIO,None,0,0,0.0,0,0.0,0,0.0,0.0,0,0,2,0,100.0,2,None,None,0,,0,"Damage: 0, Status: 0, Hazard: 0, Weather: 0, Cleric: 0, Screen: 0, Pass: 0",None
hiker_anthony_0061_Geodude,hiker_anthony_0061,GEODUDE,"Defense Curl: 2602 (40.9%), Rock Polish: 1542 (24.3%), Rock Throw: 1382 (21.7%), Mud Sport: 829 (13.0%)",207,1076,0.19,47,0.24,5,6.77,2.95,52,364,293,0,-0.29,1144,"Magikarp: 45, Voltorb: 17, Caterpie: 12","Bellsprout: 22, Onix: 19, Seaking: 18",26,13.29,0,"Damage: 47, Status: 0, Hazard: 0, Weather: 0, Cleric: 0, Screen: 0, Pass: 0",None
hiker_anthony_0061_Machop,hiker_anthony_0061,MACHOP,"Leer: 1054 (56.7%), Focus Energy: 386 (20.8%), Karate Chop: 217 (11.7%), Low Kick: 203 (10.9%)",75,1045,0.07,2,0.07,0,3.8,1.74,106,0,0,0,5.7,1080,"Bellsprout: 25, Geodude: 11, Magikarp: 8","Seaking: 18, Sandslash: 16, Butterfree: 16",5,4.0,1,"Damage: 2, Status: 0, Hazard: 0, Weather: 0, Cleric: 0, Screen: 0, Pass: 0",None
hiker_anthony_0061_Quagsire,hiker_anthony_0061,QUAGSIRE,None,0,0,0.0,0,0.0,0,0.0,0.0,0,0,0,0,0.0,4,None,None,0,,0,"Damage: 0, Status: 0, Hazard: 0, Weather: 0, Cleric: 0, Screen: 0, Pass: 0",None
hiker_anthony_0100_Dugtrio,hiker_anthony_0100,DUGTRIO,None,0,0,0.0,0,0.0,0,0.0,0.0,0,0,2,0,100.0,2,None,None,0,,0,"Damage: 0, Status: 0, Hazard: 0, Weather: 0, Cleric: 0, Screen: 0, Pass: 0",None
hiker_anthony_0100_Geodude,hiker_anthony_0100,GEODUDE,None,0,2,0.0,0,0.0,0,1.0,0.0,0,0,0,0,0.0,2,None,None,0,100.0,0,"Damage: 0, Status: 0, Hazard: 0, Weather: 0, Cleric: 0, Screen: 0, Pass: 0",None
hiker_anthony_0100_Graveler,hiker_anthony_0100,GRAVELER,"Selfdestruct: 919 (58.9%), Rollout: 361 (23.1%), Rock Blast: 170 (10.9%), Earthquake: 110 (7.1%)",1003,1170,0.86,149,0.98,1,1.53,0.81,92,87,60,0,4.01,1277,"Machoke: 28, Koffing: 24, Geodude: 23","Quagsire: 19, Victreebel: 13, Golduck: 12",102,66.43,0,"Damage: 149, Status: 0, Hazard: 0, Weather: 0, Cleric: 0, Screen: 0, Pass: 0",None
hiker_anthony_0100_Machoke,hiker_anthony_0100,MACHOKE,"Submission: 532 (26.5%), Seismic Toss: 516 (25.7%), Vital Throw: 513 (25.6%), Revenge: 446 (22.2%)",665,656,1.01,28,1.06,0,3.23,1.57,86,0,2,0,4.38,1191,"Magikarp: 34, Magnemite: 20, Voltorb: 18","Graveler: 43, Seadra: 19, Butterfree: 19",86,56.72,0,"Damage: 28, Status: 0, Hazard: 0, Weather: 0, Cleric: 0, Screen: 0, Pass: 0",None
hiker_anthony_0100_Machop,hiker_anthony_0100,MACHOP,Focus Energy: 2 (100.0%),0,2,0.0,0,0.0,0,2.0,0.0,0,0,0,0,0.0,2,None,None,0,,0,"Damage: 0, Status: 0, Hazard: 0, Weather: 0, Cleric: 0, Screen: 0, Pass: 0",None
hiker_anthony_0100_Quagsire,hiker_anthony_0100,QUAGSIRE,None,0,0,0.0,0,0.0,0,0.0,0.0,0,0,0,0,0.0,5,None,None,0,,0,"Damage: 0, Status: 0, Hazard: 0, Weather: 0, Cleric: 0, Screen: 0, Pass: 0",None
hiker_anthony_0155_Geodude,hiker_anthony_0155,GEODUDE,None,0,2,0.0,0,0.0,0,1.0,0.0,0,0,0,0,0.0,2,None,None,0,100.0,0,"Damage: 0, Status: 0, Hazard: 0, Weather: 0, Cleric: 0, Screen: 0, Pass: 0",None
hiker_anthony_0155_Graveler,hiker_anthony_0155,GRAVELER,"Selfdestruct: 886 (36.6%), Rollout: 578 (23.9%), Explosion: 514 (21.2%), Rock Blast: 261 (10.8%), Earthquake: 183 (7.6%)",1595,1864,0.86,114,0.92,2,2.47,1.4,167,126,112,0,6.04,1230,"Koffing: 43, Butterfree: 43, Magikarp: 35","Golduck: 32, Quagsire: 27, Seaking: 22",256,68.73,4,"Damage: 114, Status: 0, Hazard: 0, Weather: 0, Cleric: 0, Screen: 0, Pass: 0",None
hiker_anthony_0155_Machoke,hiker_anthony_0155,MACHOKE,"Submission: 360 (25.9%), Vital Throw: 356 (25.6%), Cross Chop: 345 (24.8%), Wake Up Slap: 330 (23.7%), Seismic Toss: 1 (0.1%)",503,358,1.41,27,1.48,1,2.96,1.29,108,12,2,0,7.03,921,"Graveler: 31, Magikarp: 23, Seaking: 17","Seaking: 12, Poliwrath: 10, Golduck: 10",57,,1,"Damage: 27, Status: 0, Hazard: 0, Weather: 0, Cleric: 0, Screen: 0, Pass: 0",None
hiker_anthony_0155_Machop,hiker_anthony_0155,MACHOP,None,0,2,0.0,0,0.0,0,2.0,0.0,0,0,0,0,0.0,2,None,None,0,,0,"Damage: 0, Status: 0, Hazard: 0, Weather: 0, Cleric: 0, Screen: 0, Pass: 0",None
hiker_anthony_0155_Quagsire,hiker_anthony_0155,QUAGSIRE,None,0,0,0.0,0,0.0,0,0.0,0.0,0,0,0,0,0.0,4,None,None,0,,0,"Damage: 0, Status: 0, Hazard: 0, Weather: 0, Cleric: 0, Screen: 0, Pass: 0",None
hiker_anthony_0523_Geodude,hiker_anthony_0523,GEODUDE,Mud Sport: 1 (100.0%),0,2,0.0,0,0.0,0,1.5,0.0,0,0,0,0,0.0,2,None,None,0,100.0,0,"Damage: 0, Status: 0, Hazard: 0, Weather: 0, Cleric: 0, Screen: 0, Pass: 0",None
hiker_anthony_0523_Golem,hiker_anthony_0523,GOLEM,"Explosion: 610 (65.2%), Double Edge: 132 (14.1%), Stone Edge: 108 (11.6%), Earthquake: 85 (9.1%)",748,697,1.07,43,1.13,0,2.07,0.53,73,37,30,0,6.84,957,"Seaking: 26, Magnemite: 20, Koffing: 16","Golduck: 11, Quagsire: 10, Victreebel: 8",78,67.86,4,"Damage: 43, Status: 0, Hazard: 0, Weather: 0, Cleric: 0, Screen: 0, Pass: 0",None
hiker_anthony_0523_Graveler,hiker_anthony_0523,GRAVELER,"Explosion: 900 (57.5%), Rollout: 395 (25.2%), Rock Blast: 160 (10.2%), Earthquake: 109 (7.0%), Selfdestruct: 1 (0.1%)",1058,1080,0.98,151,1.12,1,1.53,0.77,75,89,53,0,2.41,1221,"Koffing: 31, Sandslash: 25, Butterfree: 22","Quagsire: 16, Victreebel: 14, Golduck: 14",103,76.87,0,"Damage: 151, Status: 0, Hazard: 0, Weather: 0, Cleric: 0, Screen: 0, Pass: 0",None
hiker_anthony_0523_Machamp,hiker_anthony_0523,MACHAMP,"Scary Face: 1265 (60.2%), Cross Chop: 294 (14.0%), Wake Up Slap: 271 (12.9%), Dynamic Punch: 271 (12.9%)",597,178,3.35,31,3.53,3,3.67,1.55,69,8,2,47,3.0,874,"Graveler: 23, Magikarp: 21, Seaking: 21","Starmie: 9, Golem: 7, Graveler: 7",69,,0,"Damage: 31, Status: 13, Hazard: 0, Weather: 0, Cleric: 0, Screen: 0, Pass: 0",None
hiker_anthony_0523_Machoke,hiker_anthony_0523,MACHOKE,Revenge: 1 (100.0%),0,4,0.0,0,0.0,0,2.25,0.0,0,0,0,0,0.0,4,None,None,0,,0,"Damage: 0, Status: 0, Hazard: 0, Weather: 0, Cleric: 0, Screen: 0, Pass: 0",None
hiker_anthony_0523_Machop,hiker_anthony_0523,MACHOP,None,0,2,0.0,0,0.0,0,2.0,0.0,0,0,0,0,0.0,2,None,None,0,,0,"Damage: 0, Status: 0, Hazard: 0, Weather: 0, Cleric: 0, Screen: 0, Pass: 0",None
hiker_anthony_0523_Quagsire,hiker_anthony_0523,QUAGSIRE,None,0,0,0.0,0,0.0,0,0.0,0.0,0,0,0,0,0.0,7,None,None,0,,0,"Damage: 0, Status: 0, Hazard: 0, Weather: 0, Cleric: 0, Screen: 0, Pass: 0",None
hiker_bailey_0154_Geodude,hiker_bailey_0154,GEODUDE,"Defense Curl: 6186 (40.3%), Rock Polish: 4363 (28.4%), Rock Throw: 2416 (15.7%), Mud Sport: 2389 (15.6%)",323,5071,0.06,37,0.07,14,17.49,10.47,129,528,850,0,2.78,1122,"Magikarp: 60, Bellsprout: 25, Pidgey: 14","Seaking: 90, Teddiursa: 83, Magmar: 82",43,11.45,32,"Damage: 37, Status: 0, Hazard: 0, Weather: 0, Cleric: 0, Screen: 0, Pass: 0",None
hiker_bailey_0154_Quagsire,hiker_bailey_0154,QUAGSIRE,None,0,0,0.0,0,0.0,0,0.0,0.0,0,0,0,0,0.0,4,None,None,0,,0,"Damage: 0, Status: 0, Hazard: 0, Weather: 0, Cleric: 0, Screen: 0, Pass: 0",None
hiker_benjamin_0134_Diglett,hiker_benjamin_0134,DIGLETT,"Growl: 1330 (47.2%), Magnitude: 1175 (41.7%), Astonish: 187 (6.6%), Mud Slap: 125 (4.4%)",248,1040,0.24,190,0.42,88,3.44,1.38,92,142,176,163,4.12,1152,"Magikarp: 36, Bellsprout: 26, Geodude: 21","Koffing: 21, Seaking: 18, Poliwhirl: 16",30,21.61,0,"Damage: 190, Status: 0, Hazard: 0, Weather: 0, Cleric: 0, Screen: 0, Pass: 0",None
hiker_benjamin_0134_Dugtrio,hiker_benjamin_0134,DUGTRIO,"Growl: 1080 (46.5%), Magnitude: 917 (39.5%), Mud Slap: 166 (7.1%), Astonish: 160 (6.9%)",160,919,0.17,47,0.23,7,4.07,1.69,71,74,238,192,9.08,989,"Magnemite: 18, Mareep: 7, Mankey: 6","Seaking: 19, Sandslash: 17, Butterfree: 16",13,,3,"Damage: 47, Status: 0, Hazard: 0, Weather: 0, Cleric: 0, Screen: 0, Pass: 0",None
hiker_benjamin_0134_Geodude,hiker_benjamin_0134,GEODUDE,"Rock Polish: 773 (34.1%), Magnitude: 772 (34.1%), Mud Sport: 428 (18.9%), Rock Throw: 293 (12.9%), Struggle: 1 (0.0%)",202,935,0.22,45,0.26,0,4.17,1.8,59,87,168,0,5.75,1034,"Magikarp: 18, Pidgey: 14, Spearow: 9","Seaking: 19, Poliwhirl: 17, Butterfree: 16",27,8.33,21,"Damage: 45, Status: 0, Hazard: 0, Weather: 0, Cleric: 0, Screen: 0, Pass: 0",None
hiker_benjamin_0134_Quagsire,hiker_benjamin_0134,QUAGSIRE,None,0,0,0.0,0,0.0,0,0.0,0.0,0,0,0,0,0.0,4,None,None,0,,0,"Damage: 0, Status: 0, Hazard: 0, Weather: 0, Cleric: 0, Screen: 0, Pass: 0",None
hiker_bruce_0547_Clefairy,hiker_bruce_0547,CLEFAIRY,"Moonlight: 792 (28.7%), Light Screen: 674 (24.4%), Meteor Mash: 659 (23.8%), Gravity: 639 (23.1%)",137,455,0.3,54,0.42,2,6.76,4.07,26,32,62,123,1.94,602,"Bellsprout: 12, Butterfree: 8, Koffing: 7","Seadra: 14, Golduck: 14, Qwilfish: 14",11,,2,"Damage: 44, Status: 0, Hazard: 0, Weather: 0, Cleric: 0, Screen: 17, Pass: 0",None
hiker_bruce_0547_Dugtrio,hiker_bruce_0547,DUGTRIO,None,0,0,0.0,0,0.0,0,0.0,0.0,0,0,1,0,100.0,1,None,None,0,,0,"Damage: 0, Status: 0, Hazard: 0, Weather: 0, Cleric: 0, Screen: 0, Pass: 0",None
hiker_bruce_0547_Graveler,hiker_bruce_0547,GRAVELER,"Explosion: 943 (60.1%), Rollout: 370 (23.6%), Rock Blast: 161 (10.3%), Earthquake: 96 (6.1%)",1069,1177,0.91,139,1.03,6,1.51,0.77,114,87,73,0,6.09,1286,"Koffing: 24, Magmar: 23, Goldeen: 22","Quagsire: 16, Golduck: 13, Victreebel: 11",104,75.27,0,"Damage: 139, Status: 0, Hazard: 0, Weather: 0, Cleric: 0, Screen: 0, Pass: 0",None
hiker_bruce_0547_Quagsire,hiker_bruce_0547,QUAGSIRE,None,0,0,0.0,0,0.0,0,0.0,0.0,0,0,0,0,0.0,2,None,None,0,,0,"Damage: 0, Status: 0, Hazard: 0, Weather: 0, Cleric: 0, Screen: 0, Pass: 0",None
hiker_bruce_0547_Rhydon,hiker_bruce_0547,RHYDON,"Horn Drill: 1075 (47.3%), Hammer Arm: 412 (18.1%), Rock Blast: 396 (17.4%), Take Down: 390 (17.2%)",921,403,2.29,37,2.38,0,3.52,1.54,74,762,91,0,-25.25,1104,"Magikarp: 40, Magnemite: 25, Magmar: 24","Quagsire: 13, Tentacruel: 13, Seaking: 12",127,64.58,0,"Damage: 37, Status: 0, Hazard: 0, Weather: 0, Cleric: 0, Screen: 0, Pass: 0",None
hiker_clarke_0357_Dugtrio,hiker_clarke_0357,DUGTRIO,"Slash: 1258 (41.4%), Mud Bomb: 628 (20.7%), Earth Power: 606 (19.9%), Earthquake: 549 (18.1%)",1104,571,1.93,28,1.98,1,4.09,1.56,229,134,122,116,6.29,1053,"Magmar: 40, Butterfree: 32, Magnemite: 28","Seaking: 20, Seadra: 19, Butterfree: 18",147,50.0,0,"Damage: 28, Status: 0, Hazard: 0, Weather: 0, Cleric: 0, Screen: 0, Pass: 0",None
hiker_clarke_0357_Onix,hiker_clarke_0357,ONIX,"Rock Polish: 4541 (39.3%), Curse: 4372 (37.9%), Dragon Breath: 1336 (11.6%), Iron Tail: 1299 (11.2%), Struggle: 1 (0.0%)",760,989,0.77,250,1.02,24,9.25,5.24,138,589,451,399,0.15,1357,"Magikarp: 55, Pikachu: 30, Bellsprout: 27","Butterfree: 25, Magmar: 23, Mr Mime: 21",101,40.9,0,"Damage: 250, Status: 61, Hazard: 0, Weather: 0, Cleric: 0, Screen: 0, Pass: 0",None
hiker_clarke_0357_Quagsire,hiker_clarke_0357,QUAGSIRE,None,0,0,0.0,0,0.0,0,0.0,0.0,0,0,0,0,0.0,4,None,None,0,,0,"Damage: 0, Status: 0, Hazard: 0, Weather: 0, Cleric: 0, Screen: 0, Pass: 0",None
hiker_daniel_0384_Onix,hiker_daniel_0384,ONIX,"Screech: 2392 (36.9%), Harden: 2353 (36.3%), Bind: 877 (13.5%), Rock Throw: 858 (13.2%), Struggle: 1 (0.0%)",265,1035,0.26,38,0.29,0,6.99,3.38,67,1015,330,0,-9.07,1129,"Magikarp: 70, Caterpie: 19, Geodude: 16","Koffing: 18, Seaking: 18, Bellsprout: 16",27,15.94,0,"Damage: 38, Status: 0, Hazard: 0, Weather: 0, Cleric: 0, Screen: 0, Pass: 0",None
hiker_devin_0726_Dugtrio,hiker_devin_0726,DUGTRIO,None,0,0,0.0,0,0.0,0,0.0,0.0,0,0,2,0,100.0,2,None,None,0,,0,"Damage: 0, Status: 0, Hazard: 0, Weather: 0, Cleric: 0, Screen: 0, Pass: 0",None
hiker_devin_0726_Dunsparce,hiker_devin_0726,DUNSPARCE,"Defense Curl: 6753 (43.4%), Rollout: 5945 (38.2%), Glare: 1430 (9.2%), Yawn: 1414 (9.1%), Struggle: 3 (0.0%)",785,2800,0.28,57,0.3,0,14.26,7.13,282,1475,538,0,-4.07,1203,"Magikarp: 56, Bellsprout: 28, Geodude: 26","Seaking: 62, Sandslash: 51, Fearow: 50",105,24.22,7,"Damage: 36, Status: 55, Hazard: 0, Weather: 0, Cleric: 0, Screen: 0, Pass: 0",None
hiker_devin_0726_Quagsire,hiker_devin_0726,QUAGSIRE,None,0,0,0.0,0,0.0,0,0.0,0.0,0,0,0,0,0.0,4,None,None,0,,0,"Damage: 0, Status: 0, Hazard: 0, Weather: 0, Cleric: 0, Screen: 0, Pass: 0",None
hiker_dwight_0551_Dugtrio,hiker_dwight_0551,DUGTRIO,None,0,0,0.0,0,0.0,0,0.0,0.0,0,0,2,0,100.0,2,None,None,0,,0,"Damage: 0, Status: 0, Hazard: 0, Weather: 0, Cleric: 0, Screen: 0, Pass: 0",None
hiker_dwight_0551_Magneton,hiker_dwight_0551,MAGNETON,"Screech: 4476 (46.5%), Lock On: 3114 (32.4%), Magnet Bomb: 1061 (11.0%), Discharge: 973 (10.1%)",1313,745,1.76,114,1.92,64,8.79,4.72,108,532,293,89,-1.34,1281,"Magikarp: 57, Bellsprout: 32, Goldeen: 30","Magmar: 23, Butterfree: 22, Electrode: 20",187,70.02,0,"Damage: 114, Status: 14, Hazard: 0, Weather: 0, Cleric: 0, Screen: 0, Pass: 0",None
hiker_dwight_0551_Quagsire,hiker_dwight_0551,QUAGSIRE,None,0,0,0.0,0,0.0,0,0.0,0.0,0,0,0,0,0.0,4,None,None,0,,0,"Damage: 0, Status: 0, Hazard: 0, Weather: 0, Cleric: 0, Screen: 0, Pass: 0",None
hiker_dwight_0551_Steelix,hiker_dwight_0551,STEELIX,"Rock Polish: 2401 (41.8%), Curse: 2368 (41.2%), Iron Tail: 512 (8.9%), Dragon Breath: 463 (8.1%)",374,578,0.65,20,0.68,6,8.97,5.59,50,188,282,111,2.24,827,"Sandslash: 18, Magnemite: 12, Seaking: 11","Butterfree: 22, Magmar: 19, Quagsire: 19",48,56.25,0,"Damage: 20, Status: 5, Hazard: 0, Weather: 0, Cleric: 0, Screen: 0, Pass: 0",None
hiker_edwin_0680_Golem,hiker_edwin_0680,GOLEM,"Roar: 3900 (46.4%), Sandstorm: 1885 (22.4%), Rock Slide: 1369 (16.3%), Double Edge: 1243 (14.8%)",1567,568,2.76,108,2.95,0,7.06,4.05,135,320,309,120,1.57,1331,"Magikarp: 58, Magnemite: 46, Voltorb: 34","Seadra: 19, Golduck: 16, Seaking: 15",208,91.06,0,"Damage: 86, Status: 0, Hazard: 0, Weather: 95, Cleric: 0, Screen: 0, Pass: 0",None
hiker_eoin_0234_Graveler,hiker_eoin_0234,GRAVELER,"Explosion: 2078 (52.9%), Rollout: 1026 (26.1%), Rock Blast: 497 (12.6%), Earthquake: 329 (8.4%)",2670,2696,0.99,21,1.0,1,2.96,1.76,274,217,141,0,4.86,1425,"Magikarp: 94, Magnemite: 76, Voltorb: 67","Quagsire: 39, Kadabra: 32, Poliwhirl: 28",331,78.21,12,"Damage: 21, Status: 0, Hazard: 0, Weather: 0, Cleric: 0, Screen: 0, Pass: 0",None
hiker_eoin_0234_Quagsire,hiker_eoin_0234,QUAGSIRE,None,0,0,0.0,0,0.0,0,0.0,0.0,0,0,0,0,0.0,4,None,None,0,,0,"Damage: 0, Status: 0, Hazard: 0, Weather: 0, Cleric: 0, Screen: 0, Pass: 0",None
hiker_erik_0143_Dugtrio,hiker_erik_0143,DUGTRIO,None,0,0,0.0,0,0.0,0,0.0,0.0,0,0,2,0,100.0,2,None,None,0,,0,"Damage: 0, Status: 0, Hazard: 0, Weather: 0, Cleric: 0, Screen: 0, Pass: 0",None
hiker_erik_0143_Graveler,hiker_erik_0143,GRAVELER,"Selfdestruct: 504 (41.5%), Magnitude: 452 (37.2%), Rollout: 145 (11.9%), Rock Blast: 113 (9.3%)",505,930,0.54,58,0.61,0,2.66,1.2,76,48,55,0,6.54,992,"Machop: 21, Haunter: 19, Voltorb: 15","Victreebel: 14, Seaking: 13, Quagsire: 13",50,36.36,5,"Damage: 58, Status: 0, Hazard: 0, Weather: 0, Cleric: 0, Screen: 0, Pass: 0",None
hiker_erik_0143_Machop,hiker_erik_0143,MACHOP,"Foresight: 1363 (33.9%), Revenge: 902 (22.4%), Seismic Toss: 876 (21.8%), Karate Chop: 620 (15.4%), Vital Throw: 263 (6.5%)",731,1755,0.42,224,0.54,49,5.61,3.17,146,31,150,0,6.35,1222,"Magikarp: 58, Voltorb: 30, Bellsprout: 29","Graveler: 66, Seaking: 47, Butterfree: 44",96,34.94,10,"Damage: 224, Status: 0, Hazard: 0, Weather: 0, Cleric: 0, Screen: 0, Pass: 0",None
hiker_erik_0143_Quagsire,hiker_erik_0143,QUAGSIRE,None,0,0,0.0,0,0.0,0,0.0,0.0,0,0,0,0,0.0,4,None,None,0,,0,"Damage: 0, Status: 0, Hazard: 0, Weather: 0, Cleric: 0, Screen: 0, Pass: 0",None
hiker_jim_0359_Machamp,hiker_jim_0359,MACHAMP,"Scary Face: 4096 (59.9%), Cross Chop: 935 (13.7%), Wake Up Slap: 913 (13.4%), Submission: 889 (13.0%)",1644,602,2.73,21,2.77,0,5.92,3.21,214,17,2,0,2.91,1263,"Magikarp: 56, Voltorb: 45, Magnemite: 37","Seadra: 18, Graveler: 13, Butterfree: 12",238,78.46,0,"Damage: 21, Status: 0, Hazard: 0, Weather: 0, Cleric: 0, Screen: 0, Pass: 0",None
hiker_kenny_0358_Golem,hiker_kenny_0358,GOLEM,"Rollout: 548 (42.6%), Selfdestruct: 335 (26.0%), Rock Blast: 238 (18.5%), Earthquake: 166 (12.9%)",632,707,0.89,20,0.92,1,2.79,1.27,84,97,72,0,4.34,958,"Magnemite: 26, Magmar: 24, Sandslash: 23","Seaking: 21, Poliwhirl: 13, Vileplume: 12",86,,3,"Damage: 20, Status: 0, Hazard: 0, Weather: 0, Cleric: 0, Screen: 0, Pass: 0",None
hiker_kenny_0358_Graveler,hiker_kenny_0358,GRAVELER,"Selfdestruct: 535 (48.0%), Magnitude: 380 (34.1%), Rollout: 136 (12.2%), Rock Blast: 63 (5.7%)",520,949,0.55,195,0.75,1,2.51,1.15,79,41,80,0,9.88,1014,"Magnemite: 21, Butterfree: 16, Magmar: 16","Seaking: 26, Golduck: 14, Quagsire: 12",61,45.61,16,"Damage: 195, Status: 0, Hazard: 0, Weather: 0, Cleric: 0, Screen: 0, Pass: 0",None
hiker_kenny_0358_Quagsire,hiker_kenny_0358,QUAGSIRE,None,0,0,0.0,0,0.0,0,0.0,0.0,0,0,0,0,0.0,2,None,None,0,,0,"Damage: 0, Status: 0, Hazard: 0, Weather: 0, Cleric: 0, Screen: 0, Pass: 0",None
hiker_kenny_0358_Sandslash,hiker_kenny_0358,SANDSLASH,"Rollout: 1917 (41.6%), Crush Claw: 960 (20.9%), Swift: 871 (18.9%), Fury Swipes: 855 (18.6%)",857,955,0.9,651,1.58,49,4.35,2.26,287,511,223,348,0.18,1346,"Magikarp: 56, Bellsprout: 28, Sentret: 24","Seaking: 33, Koffing: 29, Graveler: 29",115,42.87,0,"Damage: 651, Status: 0, Hazard: 0, Weather: 0, Cleric: 0, Screen: 0, Pass: 0",None
hiker_kenny_0655_Golem,hiker_kenny_0655,GOLEM,"Selfdestruct: 633 (56.9%), Rollout: 262 (23.5%), Rock Blast: 124 (11.1%), Earthquake: 94 (8.4%)",688,827,0.83,41,0.88,1,2.24,0.7,62,53,52,0,5.24,1105,"Butterfree: 24, Magnemite: 18, Poliwhirl: 18","Quagsire: 12, Seadra: 11, Poliwrath: 10",78,,1,"Damage: 41, Status: 0, Hazard: 0, Weather: 0, Cleric: 0, Screen: 0, Pass: 0",None
hiker_kenny_0655_Graveler,hiker_kenny_0655,GRAVELER,"Selfdestruct: 799 (61.1%), Rollout: 271 (20.7%), Rock Blast: 137 (10.5%), Earthquake: 100 (7.7%)",885,1124,0.79,154,0.92,1,2.4,0.89,83,73,60,0,5.12,1187,"Onix: 28, Magmar: 23, Machop: 23","Quagsire: 14, Poliwhirl: 14, Victreebel: 12",105,44.44,24,"Damage: 154, Status: 0, Hazard: 0, Weather: 0, Cleric: 0, Screen: 0, Pass: 0",None
hiker_kenny_0655_Onix,hiker_kenny_0655,ONIX,"Screech: 2616 (55.6%), Bind: 718 (15.3%), Rock Throw: 698 (14.8%), Rage: 669 (14.2%)",286,1167,0.25,452,0.63,45,4.71,2.39,107,883,246,0,-10.71,1322,"Magikarp: 51, Bellsprout: 25, Pidgey: 14","Graveler: 44, Butterfree: 25, Koffing: 23",32,21.14,0,"Damage: 452, Status: 0, Hazard: 0, Weather: 0, Cleric: 0, Screen: 0, Pass: 0",None
hiker_kenny_0655_Quagsire,hiker_kenny_0655,QUAGSIRE,None,0,0,0.0,0,0.0,0,0.0,0.0,0,0,0,0,0.0,4,None,None,0,,0,"Damage: 0, Status: 0, Hazard: 0, Weather: 0, Cleric: 0, Screen: 0, Pass: 0",None
hiker_kenny_0655_Sandslash,hiker_kenny_0655,SANDSLASH,"Rollout: 586 (38.2%), Fury Swipes: 342 (22.3%), Crush Claw: 304 (19.8%), Fury Cutter: 298 (19.4%), Swift: 3 (0.2%)",211,523,0.4,83,0.56,1,3.24,1.48,119,173,105,121,3.08,896,"Slowpoke: 11, Onix: 10, Pikachu: 8","Graveler: 21, Seaking: 18, Golem: 17",20,100.0,0,"Damage: 83, Status: 0, Hazard: 0, Weather: 0, Cleric: 0, Screen: 0, Pass: 0",None
hiker_kenny_0656_Golem,hiker_kenny_0656,GOLEM,"Explosion: 480 (66.9%), Double Edge: 91 (12.7%), Rock Blast: 80 (11.2%), Earthquake: 64 (8.9%), Rollout: 1 (0.1%), Selfdestruct: 1 (0.1%)",502,595,0.84,23,0.88,0,2.18,0.75,53,18,34,0,9.19,756,"Butterfree: 16, Machoke: 15, Weezing: 14","Golduck: 15, Seadra: 13, Quagsire: 11",51,,0,"Damage: 23, Status: 0, Hazard: 0, Weather: 0, Cleric: 0, Screen: 0, Pass: 0",None
hiker_kenny_0656_Graveler,hiker_kenny_0656,GRAVELER,"Selfdestruct: 424 (62.8%), Rollout: 132 (19.6%), Rock Blast: 74 (11.0%), Earthquake: 45 (6.7%)",385,692,0.56,98,0.7,0,2.23,0.85,38,47,40,0,4.34,778,"Magmar: 17, Seaking: 14, Butterfree: 10","Quagsire: 16, Golduck: 14, Butterfree: 13",34,47.37,17,"Damage: 98, Status: 0, Hazard: 0, Weather: 0, Cleric: 0, Screen: 0, Pass: 0",None
hiker_kenny_0656_Onix,hiker_kenny_0656,ONIX,"Curse: 746 (62.5%), Dragon Breath: 180 (15.1%), Iron Tail: 173 (14.5%), Sand Tomb: 89 (7.5%), Screech: 4 (0.3%), Rage: 1 (0.1%)",79,308,0.26,19,0.32,0,3.61,1.78,21,73,68,82,2.28,557,"Haunter: 13, Gastly: 10, Fearow: 4","Seadra: 18, Golduck: 16, Quagsire: 12",5,100.0,1,"Damage: 19, Status: 4, Hazard: 0, Weather: 0, Cleric: 0, Screen: 0, Pass: 0",None
hiker_kenny_0656_Quagsire,hiker_kenny_0656,QUAGSIRE,None,0,0,0.0,0,0.0,0,0.0,0.0,0,0,0,0,0.0,7,None,None,0,,0,"Damage: 0, Status: 0, Hazard: 0, Weather: 0, Cleric: 0, Screen: 0, Pass: 0",None
hiker_kenny_0656_Sandslash,hiker_kenny_0656,SANDSLASH,"Fury Cutter: 1473 (27.9%), Crush Claw: 1370 (26.0%), Slash: 1280 (24.3%), Sand Tomb: 1141 (21.6%), Rollout: 5 (0.1%), Swift: 3 (0.1%), Fury Swipes: 1 (0.0%)",1203,748,1.61,667,2.5,36,4.79,2.53,351,574,183,366,-1.19,1273,"Magikarp: 54, Bellsprout: 34, Goldeen: 31","Graveler: 25, Golduck: 23, Seaking: 22",176,64.91,0,"Damage: 667, Status: 0, Hazard: 0, Weather: 0, Cleric: 0, Screen: 0, Pass: 0",None
hiker_kenny_0657_Golem,hiker_kenny_0657,GOLEM,"Explosion: 348 (62.5%), Double Edge: 77 (13.8%), Stone Edge: 67 (12.0%), Earthquake: 59 (10.6%), Selfdestruct: 2 (0.4%), Rock Blast: 2 (0.4%), Rollout: 2 (0.4%)",406,466,0.87,41,0.96,2,2.03,0.61,29,16,18,0,5.39,688,"Golduck: 11, Magmar: 10, Seaking: 10","Seadra: 13, Golduck: 9, Vileplume: 8",39,,1,"Damage: 41, Status: 0, Hazard: 0, Weather: 0, Cleric: 0, Screen: 0, Pass: 0",None
hiker_kenny_0657_Graveler,hiker_kenny_0657,GRAVELER,"Explosion: 462 (68.8%), Double Edge: 81 (12.1%), Rock Blast: 68 (10.1%), Earthquake: 51 (7.6%), Selfdestruct: 5 (0.7%), Magnitude: 3 (0.4%), Rollout: 2 (0.3%)",508,683,0.74,65,0.84,3,2.24,0.87,39,27,41,0,7.43,719,"Magmar: 21, Seaking: 19, Sandslash: 18","Golduck: 16, Seadra: 16, Quagsire: 11",39,60.0,0,"Damage: 65, Status: 0, Hazard: 0, Weather: 0, Cleric: 0, Screen: 0, Pass: 0",None
hiker_kenny_0657_Onix,hiker_kenny_0657,ONIX,"Curse: 11 (42.3%), Screech: 9 (34.6%), Rage: 3 (11.5%), Sand Tomb: 2 (7.7%), Iron Tail: 1 (3.8%)",0,4,0.0,0,0.0,0,8.0,0.0,0,6,0,0,-23.08,4,None,None,0,100.0,0,"Damage: 0, Status: 0, Hazard: 0, Weather: 0, Cleric: 0, Screen: 0, Pass: 0",None
hiker_kenny_0657_Quagsire,hiker_kenny_0657,QUAGSIRE,None,0,0,0.0,0,0.0,0,0.0,0.0,0,0,0,0,0.0,5,None,None,0,,0,"Damage: 0, Status: 0, Hazard: 0, Weather: 0, Cleric: 0, Screen: 0, Pass: 0",None
hiker_kenny_0657_Sandslash,hiker_kenny_0657,SANDSLASH,"Fury Cutter: 1557 (27.5%), Slash: 1516 (26.7%), Gyro Ball: 1382 (24.4%), Sand Tomb: 1206 (21.3%), Rollout: 6 (0.1%), Fury Swipes: 3 (0.1%), Crush Claw: 1 (0.0%), Swift: 1 (0.0%)",1003,727,1.38,790,2.47,78,5.33,3.01,403,525,232,0,1.86,1216,"Magikarp: 55, Bellsprout: 30, Geodude: 27","Graveler: 31, Seadra: 23, Seaking: 22",139,62.6,0,"Damage: 790, Status: 0, Hazard: 0, Weather: 0, Cleric: 0, Screen: 0, Pass: 0",None
hiker_kenny_0657_Steelix,hiker_kenny_0657,STEELIX,"Iron Tail: 359 (27.4%), Stone Edge: 321 (24.5%), Crunch: 320 (24.4%), Double Edge: 310 (23.7%)",420,147,2.86,45,3.16,1,3.69,1.85,86,204,65,78,-4.23,588,"Haunter: 16, Hypno: 13, Seadra: 12","Tentacruel: 8, Starmie: 8, Seadra: 8",54,,0,"Damage: 45, Status: 0, Hazard: 0, Weather: 0, Cleric: 0, Screen: 0, Pass: 0",None
hiker_leonard_0204_Dugtrio,hiker_leonard_0204,DUGTRIO,None,0,0,0.0,0,0.0,0,0.0,0.0,0,0,2,0,100.0,2,None,None,0,,0,"Damage: 0, Status: 0, Hazard: 0, Weather: 0, Cleric: 0, Screen: 0, Pass: 0",None
hiker_leonard_0204_Geodude,hiker_leonard_0204,GEODUDE,"Selfdestruct: 668 (43.9%), Magnitude: 549 (36.1%), Rollout: 202 (13.3%), Rock Throw: 103 (6.8%)",602,1119,0.54,111,0.64,1,1.75,1.0,84,59,77,0,6.38,1209,"Machop: 27, Bellsprout: 21, Magikarp: 20","Poliwhirl: 14, Quagsire: 14, Golduck: 14",68,41.36,0,"Damage: 111, Status: 0, Hazard: 0, Weather: 0, Cleric: 0, Screen: 0, Pass: 0",None
hiker_leonard_0204_Machop,hiker_leonard_0204,MACHOP,"Foresight: 696 (37.3%), Vital Throw: 406 (21.7%), Seismic Toss: 389 (20.8%), Revenge: 376 (20.1%)",368,840,0.44,13,0.45,0,3.5,1.71,47,0,0,0,2.52,1133,"Magikarp: 36, Koffing: 13, Magnemite: 12","Seaking: 24, Butterfree: 21, Fearow: 19",46,30.0,0,"Damage: 13, Status: 0, Hazard: 0, Weather: 0, Cleric: 0, Screen: 0, Pass: 0",None
hiker_leonard_0204_Quagsire,hiker_leonard_0204,QUAGSIRE,None,0,0,0.0,0,0.0,0,0.0,0.0,0,0,0,0,0.0,4,None,None,0,,0,"Damage: 0, Status: 0, Hazard: 0, Weather: 0, Cleric: 0, Screen: 0, Pass: 0",None
hiker_michael_0144_Geodude,hiker_michael_0144,GEODUDE,"Selfdestruct: 764 (45.7%), Magnitude: 570 (34.1%), Rollout: 232 (13.9%), Rock Blast: 107 (6.4%)",699,1213,0.58,341,0.86,1,1.71,0.98,105,73,95,0,7.18,1321,"Magikarp: 26, Bellsprout: 22, Pikachu: 21","Graveler: 19, Quagsire: 15, Goldeen: 13",93,45.57,0,"Damage: 341, Status: 0, Hazard: 0, Weather: 0, Cleric: 0, Screen: 0, Pass: 0",None
hiker_michael_0144_Golem,hiker_michael_0144,GOLEM,"Magnitude: 775 (50.7%), Rollout: 396 (25.9%), Rock Throw: 180 (11.8%), Selfdestruct: 178 (11.6%)",458,711,0.64,12,0.66,0,3.04,1.33,91,72,69,0,5.51,1040,"Magnemite: 17, Electrode: 17, Magikarp: 15","Quagsire: 20, Butterfree: 17, Seaking: 15",68,,3,"Damage: 12, Status: 0, Hazard: 0, Weather: 0, Cleric: 0, Screen: 0, Pass: 0",None
hiker_michael_0144_Graveler,hiker_michael_0144,GRAVELER,"Selfdestruct: 623 (50.4%), Magnitude: 407 (32.9%), Rollout: 134 (10.8%), Rock Throw: 73 (5.9%)",612,1041,0.59,169,0.75,1,2.4,0.86,52,40,63,0,5.77,1229,"Magikarp: 25, Butterfree: 19, Koffing: 17","Quagsire: 17, Golduck: 13, Victreebel: 12",64,33.93,12,"Damage: 169, Status: 0, Hazard: 0, Weather: 0, Cleric: 0, Screen: 0, Pass: 0",None
hiker_michael_0144_Quagsire,hiker_michael_0144,QUAGSIRE,None,0,0,0.0,0,0.0,0,0.0,0.0,0,0,0,0,0.0,4,None,None,0,,0,"Damage: 0, Status: 0, Hazard: 0, Weather: 0, Cleric: 0, Screen: 0, Pass: 0",None
hiker_noland_0235_Arbok,hiker_noland_0235,ARBOK,None,0,0,0.0,0,0.0,0,0.0,0.0,0,0,0,0,0.0,3,None,None,0,,0,"Damage: 0, Status: 0, Hazard: 0, Weather: 0, Cleric: 0, Screen: 0, Pass: 0",None
hiker_noland_0235_Ariados,hiker_noland_0235,ARIADOS,None,0,0,0.0,0,0.0,0,0.0,0.0,0,0,0,0,0.0,1,None,None,0,,0,"Damage: 0, Status: 0, Hazard: 0, Weather: 0, Cleric: 0, Screen: 0, Pass: 0",None
hiker_noland_0235_Azumarill,hiker_noland_0235,AZUMARILL,None,0,0,0.0,0,0.0,0,0.0,0.0,0,0,0,0,0.0,3,None,None,0,,0,"Damage: 0, Status: 0, Hazard: 0, Weather: 0, Cleric: 0, Screen: 0, Pass: 0",None
hiker_noland_0235_Beedrill,hiker_noland_0235,BEEDRILL,None,0,0,0.0,0,0.0,0,0.0,0.0,0,0,0,0,0.0,5,None,None,0,,0,"Damage: 0, Status: 0, Hazard: 0, Weather: 0, Cleric: 0, Screen: 0, Pass: 0",None
hiker_noland_0235_Bellossom,hiker_noland_0235,BELLOSSOM,None,0,0,0.0,0,0.0,0,0.0,0.0,0,0,0,0,0.0,2,None,None,0,,0,"Damage: 0, Status: 0, Hazard: 0, Weather: 0, Cleric: 0, Screen: 0, Pass: 0",None
hiker_noland_0235_Bellsprout,hiker_noland_0235,BELLSPROUT,None,0,0,0.0,0,0.0,0,0.0,0.0,0,0,0,0,0.0,15,None,None,0,,0,"Damage: 0, Status: 0, Hazard: 0, Weather: 0, Cleric: 0, Screen: 0, Pass: 0",None
hiker_noland_0235_Bronzor,hiker_noland_0235,BRONZOR,"Safeguard: 7092 (33.6%), Iron Defense: 5195 (24.6%), Future Sight: 4636 (21.9%), Gyro Ball: 4150 (19.6%), Struggle: 64 (0.3%)",20,1139,0.02,1441,1.28,38,15.96,10.32,240,173,775,0,3.84,1461,"Wigglytuff: 2, Onix: 2, Grimer: 2","Magmar: 41, Butterfree: 27, Seaking: 27",0,42.03,0,"Damage: 1441, Status: 0, Hazard: 0, Weather: 0, Cleric: 0, Screen: 0, Pass: 0",None
hiker_noland_0235_Budew,hiker_noland_0235,BUDEW,None,0,0,0.0,0,0.0,0,0.0,0.0,0,0,0,0,0.0,4,None,None,0,,0,"Damage: 0, Status: 0, Hazard: 0, Weather: 0, Cleric: 0, Screen: 0, Pass: 0",None
hiker_noland_0235_Bulbasaur,hiker_noland_0235,BULBASAUR,None,0,0,0.0,0,0.0,0,0.0,0.0,0,0,0,0,0.0,8,None,None,0,,0,"Damage: 0, Status: 0, Hazard: 0, Weather: 0, Cleric: 0, Screen: 0, Pass: 0",None
hiker_noland_0235_Butterfree,hiker_noland_0235,BUTTERFREE,None,0,0,0.0,0,0.0,0,0.0,0.0,0,0,0,0,0.0,7,None,None,0,,0,"Damage: 0, Status: 0, Hazard: 0, Weather: 0, Cleric: 0, Screen: 0, Pass: 0",None
hiker_noland_0235_Caterpie,hiker_noland_0235,CATERPIE,None,0,0,0.0,0,0.0,0,0.0,0.0,0,0,0,0,0.0,3,None,None,0,,0,"Damage: 0, Status: 0, Hazard: 0, Weather: 0, Cleric: 0, Screen: 0, Pass: 0",None
hiker_noland_0235_Charmander,hiker_noland_0235,CHARMANDER,None,0,0,0.0,0,0.0,0,0.0,0.0,0,0,0,0,0.0,1,None,None,0,,0,"Damage: 0, Status: 0, Hazard: 0, Weather: 0, Cleric: 0, Screen: 0, Pass: 0",None
hiker_noland_0235_Charmeleon,hiker_noland_0235,CHARMELEON,None,0,0,0.0,0,0.0,0,0.0,0.0,0,0,0,0,0.0,2,None,None,0,,0,"Damage: 0, Status: 0, Hazard: 0, Weather: 0, Cleric: 0, Screen: 0, Pass: 0",None
hiker_noland_0235_Chatot,hiker_noland_0235,CHATOT,None,0,0,0.0,0,0.0,0,0.0,0.0,0,0,0,0,0.0,1,None,None,0,,0,"Damage: 0, Status: 0, Hazard: 0, Weather: 0, Cleric: 0, Screen: 0, Pass: 0",None
hiker_noland_0235_Cherubi,hiker_noland_0235,CHERUBI,None,0,0,0.0,0,0.0,0,0.0,0.0,0,0,0,0,0.0,1,None,None,0,,0,"Damage: 0, Status: 0, Hazard: 0, Weather: 0, Cleric: 0, Screen: 0, Pass: 0",None
hiker_noland_0235_Chikorita,hiker_noland_0235,CHIKORITA,None,0,0,0.0,0,0.0,0,0.0,0.0,0,0,0,0,0.0,2,None,None,0,,0,"Damage: 0, Status: 0, Hazard: 0, Weather: 0, Cleric: 0, Screen: 0, Pass: 0",None
hiker_noland_0235_Chingling,hiker_noland_0235,CHINGLING,None,0,0,0.0,0,0.0,0,0.0,0.0,0,0,0,0,0.0,4,None,None,0,,0,"Damage: 0, Status: 0, Hazard: 0, Weather: 0, Cleric: 0, Screen: 0, Pass: 0",None
hiker_noland_0235_Clefable,hiker_noland_0235,CLEFABLE,None,0,0,0.0,0,0.0,0,0.0,0.0,0,0,0,0,0.0,2,None,None,0,,0,"Damage: 0, Status: 0, Hazard: 0, Weather: 0, Cleric: 0, Screen: 0, Pass: 0",None
hiker_noland_0235_Clefairy,hiker_noland_0235,CLEFAIRY,None,0,0,0.0,0,0.0,0,0.0,0.0,0,0,0,0,0.0,2,None,None,0,,0,"Damage: 0, Status: 0, Hazard: 0, Weather: 0, Cleric: 0, Screen: 0, Pass: 0",None
hiker_noland_0235_Cloyster,hiker_noland_0235,CLOYSTER,None,0,0,0.0,0,0.0,0,0.0,0.0,0,0,0,0,0.0,2,None,None,0,,0,"Damage: 0, Status: 0, Hazard: 0, Weather: 0, Cleric: 0, Screen: 0, Pass: 0",None
hiker_noland_0235_Corsola,hiker_noland_0235,CORSOLA,None,0,0,0.0,0,0.0,0,0.0,0.0,0,0,0,0,0.0,6,None,None,0,,0,"Damage: 0, Status: 0, Hazard: 0, Weather: 0, Cleric: 0, Screen: 0, Pass: 0",None
hiker_noland_0235_Cubone,hiker_noland_0235,CUBONE,None,0,0,0.0,0,0.0,0,0.0,0.0,0,0,0,0,0.0,2,None,None,0,,0,"Damage: 0, Status: 0, Hazard: 0, Weather: 0, Cleric: 0, Screen: 0, Pass: 0",None
hiker_noland_0235_Cyndaquil,hiker_noland_0235,CYNDAQUIL,None,0,0,0.0,0,0.0,0,0.0,0.0,0,0,0,0,0.0,2,None,None,0,,0,"Damage: 0, Status: 0, Hazard: 0, Weather: 0, Cleric: 0, Screen: 0, Pass: 0",None
hiker_noland_0235_Delibird,hiker_noland_0235,DELIBIRD,None,0,0,0.0,0,0.0,0,0.0,0.0,0,0,0,0,0.0,2,None,None,0,,0,"Damage: 0, Status: 0, Hazard: 0, Weather: 0, Cleric: 0, Screen: 0, Pass: 0",None
hiker_noland_0235_Dewgong,hiker_noland_0235,DEWGONG,None,0,0,0.0,0,0.0,0,0.0,0.0,0,0,0,0,0.0,3,None,None,0,,0,"Damage: 0, Status: 0, Hazard: 0, Weather: 0, Cleric: 0, Screen: 0, Pass: 0",None
hiker_noland_0235_Dodrio,hiker_noland_0235,DODRIO,None,0,0,0.0,0,0.0,0,0.0,0.0,0,0,0,0,0.0,2,None,None,0,,0,"Damage: 0, Status: 0, Hazard: 0, Weather: 0, Cleric: 0, Screen: 0, Pass: 0",None
hiker_noland_0235_Doduo,hiker_noland_0235,DODUO,None,0,0,0.0,0,0.0,0,0.0,0.0,0,0,0,0,0.0,1,None,None,0,,0,"Damage: 0, Status: 0, Hazard: 0, Weather: 0, Cleric: 0, Screen: 0, Pass: 0",None
hiker_noland_0235_Dratini,hiker_noland_0235,DRATINI,None,0,0,0.0,0,0.0,0,0.0,0.0,0,0,0,0,0.0,1,None,None,0,,0,"Damage: 0, Status: 0, Hazard: 0, Weather: 0, Cleric: 0, Screen: 0, Pass: 0",None
hiker_noland_0235_Drowzee,hiker_noland_0235,DROWZEE,None,0,0,0.0,0,0.0,0,0.0,0.0,0,0,0,0,0.0,3,None,None,0,,0,"Damage: 0, Status: 0, Hazard: 0, Weather: 0, Cleric: 0, Screen: 0, Pass: 0",None
hiker_noland_0235_Dugtrio,hiker_noland_0235,DUGTRIO,None,0,0,0.0,0,0.0,0,0.0,0.0,0,0,2,0,100.0,4,None,None,0,,0,"Damage: 0, Status: 0, Hazard: 0, Weather: 0, Cleric: 0, Screen: 0, Pass: 0",None
hiker_noland_0235_Dunsparce,hiker_noland_0235,DUNSPARCE,None,0,0,0.0,0,0.0,0,0.0,0.0,0,0,0,0,0.0,2,None,None,0,,0,"Damage: 0, Status: 0, Hazard: 0, Weather: 0, Cleric: 0, Screen: 0, Pass: 0",None
hiker_noland_0235_Espeon,hiker_noland_0235,ESPEON,None,0,0,0.0,0,0.0,0,0.0,0.0,0,0,0,0,0.0,1,None,None,0,,0,"Damage: 0, Status: 0, Hazard: 0, Weather: 0, Cleric: 0, Screen: 0, Pass: 0",None
hiker_noland_0235_Exeggcute,hiker_noland_0235,EXEGGCUTE,None,0,0,0.0,0,0.0,0,0.0,0.0,0,0,0,0,0.0,1,None,None,0,,0,"Damage: 0, Status: 0, Hazard: 0, Weather: 0, Cleric: 0, Screen: 0, Pass: 0",None
hiker_noland_0235_Exeggutor,hiker_noland_0235,EXEGGUTOR,None,0,0,0.0,0,0.0,0,0.0,0.0,0,0,0,0,0.0,1,None,None,0,,0,"Damage: 0, Status: 0, Hazard: 0, Weather: 0, Cleric: 0, Screen: 0, Pass: 0",None
hiker_noland_0235_Farfetchd,hiker_noland_0235,FARFETCHD,None,0,0,0.0,0,0.0,0,0.0,0.0,0,0,0,0,0.0,7,None,None,0,,0,"Damage: 0, Status: 0, Hazard: 0, Weather: 0, Cleric: 0, Screen: 0, Pass: 0",None
hiker_noland_0235_Fearow,hiker_noland_0235,FEAROW,None,0,0,0.0,0,0.0,0,0.0,0.0,0,0,0,0,0.0,6,None,None,0,,0,"Damage: 0, Status: 0, Hazard: 0, Weather: 0, Cleric: 0, Screen: 0, Pass: 0",None
hiker_noland_0235_Flaaffy,hiker_noland_0235,FLAAFFY,None,0,0,0.0,0,0.0,0,0.0,0.0,0,0,0,0,0.0,3,None,None,0,,0,"Damage: 0, Status: 0, Hazard: 0, Weather: 0, Cleric: 0, Screen: 0, Pass: 0",None
hiker_noland_0235_Flareon,hiker_noland_0235,FLAREON,None,0,0,0.0,0,0.0,0,0.0,0.0,0,0,0,0,0.0,1,None,None,0,,0,"Damage: 0, Status: 0, Hazard: 0, Weather: 0, Cleric: 0, Screen: 0, Pass: 0",None
hiker_noland_0235_Geodude,hiker_noland_0235,GEODUDE,None,0,0,0.0,0,0.0,0,0.0,0.0,0,0,0,0,0.0,8,None,None,0,,0,"Damage: 0, Status: 0, Hazard: 0, Weather: 0, Cleric: 0, Screen: 0, Pass: 0",None
hiker_noland_0235_Gloom,hiker_noland_0235,GLOOM,None,0,0,0.0,0,0.0,0,0.0,0.0,0,0,0,0,0.0,13,None,None,0,,0,"Damage: 0, Status: 0, Hazard: 0, Weather: 0, Cleric: 0, Screen: 0, Pass: 0",None
hiker_noland_0235_Goldeen,hiker_noland_0235,GOLDEEN,None,0,0,0.0,0,0.0,0,0.0,0.0,0,0,0,0,0.0,13,None,None,0,,0,"Damage: 0, Status: 0, Hazard: 0, Weather: 0, Cleric: 0, Screen: 0, Pass: 0",None
hiker_noland_0235_Golduck,hiker_noland_0235,GOLDUCK,None,0,0,0.0,0,0.0,0,0.0,0.0,0,0,0,0,0.0,6,None,None,0,,0,"Damage: 0, Status: 0, Hazard: 0, Weather: 0, Cleric: 0, Screen: 0, Pass: 0",None
hiker_noland_0235_Golem,hiker_noland_0235,GOLEM,"Rollout: 1393 (48.3%), Rock Blast: 553 (19.2%), Explosion: 472 (16.4%), Earthquake: 467 (16.2%)",1561,830,1.88,39,1.93,0,3.7,1.7,202,323,125,0,0.13,1216,"Magmar: 73, Butterfree: 45, Magnemite: 44","Golduck: 17, Seaking: 15, Seadra: 13",216,68.0,1,"Damage: 39, Status: 0, Hazard: 0, Weather: 0, Cleric: 0, Screen: 0, Pass: 0",None
hiker_noland_0235_Granbull,hiker_noland_0235,GRANBULL,None,0,0,0.0,0,0.0,0,0.0,0.0,0,0,0,0,0.0,2,None,None,0,,0,"Damage: 0, Status: 0, Hazard: 0, Weather: 0, Cleric: 0, Screen: 0, Pass: 0",None
hiker_noland_0235_Graveler,hiker_noland_0235,GRAVELER,None,0,0,0.0,0,0.0,0,0.0,0.0,0,0,0,0,0.0,5,None,None,0,,0,"Damage: 0, Status: 0, Hazard: 0, Weather: 0, Cleric: 0, Screen: 0, Pass: 0",None
hiker_noland_0235_Grimer,hiker_noland_0235,GRIMER,None,0,0,0.0,0,0.0,0,0.0,0.0,0,0,0,0,0.0,2,None,None,0,,0,"Damage: 0, Status: 0, Hazard: 0, Weather: 0, Cleric: 0, Screen: 0, Pass: 0",None
hiker_noland_0235_Growlithe,hiker_noland_0235,GROWLITHE,None,0,0,0.0,0,0.0,0,0.0,0.0,0,0,0,0,0.0,4,None,None,0,,0,"Damage: 0, Status: 0, Hazard: 0, Weather: 0, Cleric: 0, Screen: 0, Pass: 0",None
hiker_noland_0235_Gulpin,hiker_noland_0235,GULPIN,None,0,0,0.0,0,0.0,0,0.0,0.0,0,0,0,0,0.0,2,None,None,0,,0,"Damage: 0, Status: 0, Hazard: 0, Weather: 0, Cleric: 0, Screen: 0, Pass: 0",None
hiker_noland_0235_Gyarados,hiker_noland_0235,GYARADOS,None,0,0,0.0,0,0.0,0,0.0,0.0,0,0,0,0,0.0,2,None,None,0,,0,"Damage: 0, Status: 0, Hazard: 0, Weather: 0, Cleric: 0, Screen: 0, Pass: 0",None
hiker_noland_0235_Haunter,hiker_noland_0235,HAUNTER,None,0,0,0.0,0,0.0,0,0.0,0.0,0,0,0,0,0.0,5,None,None,0,,0,"Damage: 0, Status: 0, Hazard: 0, Weather: 0, Cleric: 0, Screen: 0, Pass: 0",None
hiker_noland_0235_Hitmonlee,hiker_noland_0235,HITMONLEE,None,0,0,0.0,0,0.0,0,0.0,0.0,0,0,0,0,0.0,3,None,None,0,,0,"Damage: 0, Status: 0, Hazard: 0, Weather: 0, Cleric: 0, Screen: 0, Pass: 0",None
hiker_noland_0235_Hoothoot,hiker_noland_0235,HOOTHOOT,None,0,0,0.0,0,0.0,0,0.0,0.0,0,0,0,0,0.0,5,None,None,0,,0,"Damage: 0, Status: 0, Hazard: 0, Weather: 0, Cleric: 0, Screen: 0, Pass: 0",None
hiker_noland_0235_Hoppip,hiker_noland_0235,HOPPIP,None,0,0,0.0,0,0.0,0,0.0,0.0,0,0,0,0,0.0,6,None,None,0,,0,"Damage: 0, Status: 0, Hazard: 0, Weather: 0, Cleric: 0, Screen: 0, Pass: 0",None
hiker_noland_0235_Horsea,hiker_noland_0235,HORSEA,None,0,0,0.0,0,0.0,0,0.0,0.0,0,0,0,0,0.0,3,None,None,0,,0,"Damage: 0, Status: 0, Hazard: 0, Weather: 0, Cleric: 0, Screen: 0, Pass: 0",None
hiker_noland_0235_Hypno,hiker_noland_0235,HYPNO,None,0,0,0.0,0,0.0,0,0.0,0.0,0,0,0,0,0.0,2,None,None,0,,0,"Damage: 0, Status: 0, Hazard: 0, Weather: 0, Cleric: 0, Screen: 0, Pass: 0",None
hiker_noland_0235_Jigglypuff,hiker_noland_0235,JIGGLYPUFF,None,0,0,0.0,0,0.0,0,0.0,0.0,0,0,0,0,0.0,2,None,None,0,,0,"Damage: 0, Status: 0, Hazard: 0, Weather: 0, Cleric: 0, Screen: 0, Pass: 0",None
hiker_noland_0235_Kadabra,hiker_noland_0235,KADABRA,None,0,0,0.0,0,0.0,0,0.0,0.0,0,0,0,0,0.0,1,None,None,0,,0,"Damage: 0, Status: 0, Hazard: 0, Weather: 0, Cleric: 0, Screen: 0, Pass: 0",None
hiker_noland_0235_Kangaskhan,hiker_noland_0235,KANGASKHAN,None,0,0,0.0,0,0.0,0,0.0,0.0,0,0,0,0,0.0,2,None,None,0,,0,"Damage: 0, Status: 0, Hazard: 0, Weather: 0, Cleric: 0, Screen: 0, Pass: 0",None
hiker_noland_0235_Kingler,hiker_noland_0235,KINGLER,None,0,0,0.0,0,0.0,0,0.0,0.0,0,0,0,0,0.0,1,None,None,0,,0,"Damage: 0, Status: 0, Hazard: 0, Weather: 0, Cleric: 0, Screen: 0, Pass: 0",None
hiker_noland_0235_Koffing,hiker_noland_0235,KOFFING,None,0,0,0.0,0,0.0,0,0.0,0.0,0,0,0,0,0.0,8,None,None,0,,0,"Damage: 0, Status: 0, Hazard: 0, Weather: 0, Cleric: 0, Screen: 0, Pass: 0",None
hiker_noland_0235_Lickitung,hiker_noland_0235,LICKITUNG,None,0,0,0.0,0,0.0,0,0.0,0.0,0,0,0,0,0.0,2,None,None,0,,0,"Damage: 0, Status: 0, Hazard: 0, Weather: 0, Cleric: 0, Screen: 0, Pass: 0",None
hiker_noland_0235_Luvdisc,hiker_noland_0235,LUVDISC,None,0,0,0.0,0,0.0,0,0.0,0.0,0,0,0,0,0.0,1,None,None,0,,0,"Damage: 0, Status: 0, Hazard: 0, Weather: 0, Cleric: 0, Screen: 0, Pass: 0",None
hiker_noland_0235_Machamp,hiker_noland_0235,MACHAMP,None,0,0,0.0,0,0.0,0,0.0,0.0,0,0,0,0,0.0,1,None,None,0,,0,"Damage: 0, Status: 0, Hazard: 0, Weather: 0, Cleric: 0, Screen: 0, Pass: 0",None
hiker_noland_0235_Machoke,hiker_noland_0235,MACHOKE,None,0,0,0.0,0,0.0,0,0.0,0.0,0,0,0,0,0.0,2,None,None,0,,0,"Damage: 0, Status: 0, Hazard: 0, Weather: 0, Cleric: 0, Screen: 0, Pass: 0",None
hiker_noland_0235_Machop,hiker_noland_0235,MACHOP,None,0,0,0.0,0,0.0,0,0.0,0.0,0,0,0,0,0.0,10,None,None,0,,0,"Damage: 0, Status: 0, Hazard: 0, Weather: 0, Cleric: 0, Screen: 0, Pass: 0",None
hiker_noland_0235_Magikarp,hiker_noland_0235,MAGIKARP,None,0,0,0.0,0,0.0,0,0.0,0.0,0,0,0,0,0.0,4,None,None,0,,0,"Damage: 0, Status: 0, Hazard: 0, Weather: 0, Cleric: 0, Screen: 0, Pass: 0",None
hiker_noland_0235_Magmar,hiker_noland_0235,MAGMAR,None,0,0,0.0,0,0.0,0,0.0,0.0,0,0,0,0,0.0,6,None,None,0,,0,"Damage: 0, Status: 0, Hazard: 0, Weather: 0, Cleric: 0, Screen: 0, Pass: 0",None
hiker_noland_0235_Magnemite,hiker_noland_0235,MAGNEMITE,None,0,0,0.0,0,0.0,0,0.0,0.0,0,0,0,0,0.0,6,None,None,0,,0,"Damage: 0, Status: 0, Hazard: 0, Weather: 0, Cleric: 0, Screen: 0, Pass: 0",None
hiker_noland_0235_Magneton,hiker_noland_0235,MAGNETON,None,0,0,0.0,0,0.0,0,0.0,0.0,0,0,0,0,0.0,3,None,None,0,,0,"Damage: 0, Status: 0, Hazard: 0, Weather: 0, Cleric: 0, Screen: 0, Pass: 0",None
hiker_noland_0235_Mankey,hiker_noland_0235,MANKEY,None,0,0,0.0,0,0.0,0,0.0,0.0,0,0,0,0,0.0,3,None,None,0,,0,"Damage: 0, Status: 0, Hazard: 0, Weather: 0, Cleric: 0, Screen: 0, Pass: 0",None
hiker_noland_0235_Mareep,hiker_noland_0235,MAREEP,None,0,0,0.0,0,0.0,0,0.0,0.0,0,0,0,0,0.0,1,None,None,0,,0,"Damage: 0, Status: 0, Hazard: 0, Weather: 0, Cleric: 0, Screen: 0, Pass: 0",None
hiker_noland_0235_Marill,hiker_noland_0235,MARILL,None,0,0,0.0,0,0.0,0,0.0,0.0,0,0,0,0,0.0,9,None,None,0,,0,"Damage: 0, Status: 0, Hazard: 0, Weather: 0, Cleric: 0, Screen: 0, Pass: 0",None
hiker_noland_0235_Meowth,hiker_noland_0235,MEOWTH,None,0,0,0.0,0,0.0,0,0.0,0.0,0,0,0,0,0.0,1,None,None,0,,0,"Damage: 0, Status: 0, Hazard: 0, Weather: 0, Cleric: 0, Screen: 0, Pass: 0",None
hiker_noland_0235_MrMime,hiker_noland_0235,MR MIME,None,0,0,0.0,0,0.0,0,0.0,0.0,0,0,0,0,0.0,1,None,None,0,,0,"Damage: 0, Status: 0, Hazard: 0, Weather: 0, Cleric: 0, Screen: 0, Pass: 0",None
hiker_noland_0235_Natu,hiker_noland_0235,NATU,None,0,0,0.0,0,0.0,0,0.0,0.0,0,0,0,0,0.0,1,None,None,0,,0,"Damage: 0, Status: 0, Hazard: 0, Weather: 0, Cleric: 0, Screen: 0, Pass: 0",None
hiker_noland_0235_Nidoking,hiker_noland_0235,NIDOKING,None,0,0,0.0,0,0.0,0,0.0,0.0,0,0,0,0,0.0,1,None,None,0,,0,"Damage: 0, Status: 0, Hazard: 0, Weather: 0, Cleric: 0, Screen: 0, Pass: 0",None
hiker_noland_0235_NidoranF,hiker_noland_0235,NIDORAN F,None,0,0,0.0,0,0.0,0,0.0,0.0,0,0,0,0,0.0,2,None,None,0,,0,"Damage: 0, Status: 0, Hazard: 0, Weather: 0, Cleric: 0, Screen: 0, Pass: 0",None
hiker_noland_0235_NidoranM,hiker_noland_0235,NIDORAN M,None,0,0,0.0,0,0.0,0,0.0,0.0,0,0,0,0,0.0,2,None,None,0,,0,"Damage: 0, Status: 0, Hazard: 0, Weather: 0, Cleric: 0, Screen: 0, Pass: 0",None
hiker_noland_0235_Nidorina,hiker_noland_0235,NIDORINA,None,0,0,0.0,0,0.0,0,0.0,0.0,0,0,0,0,0.0,8,None,None,0,,0,"Damage: 0, Status: 0, Hazard: 0, Weather: 0, Cleric: 0, Screen: 0, Pass: 0",None
hiker_noland_0235_Noctowl,hiker_noland_0235,NOCTOWL,None,0,0,0.0,0,0.0,0,0.0,0.0,0,0,0,0,0.0,3,None,None,0,,0,"Damage: 0, Status: 0, Hazard: 0, Weather: 0, Cleric: 0, Screen: 0, Pass: 0",None
hiker_noland_0235_Octillery,hiker_noland_0235,OCTILLERY,None,0,0,0.0,0,0.0,0,0.0,0.0,0,0,0,0,0.0,1,None,None,0,,0,"Damage: 0, Status: 0, Hazard: 0, Weather: 0, Cleric: 0, Screen: 0, Pass: 0",None
hiker_noland_0235_Oddish,hiker_noland_0235,ODDISH,None,0,0,0.0,0,0.0,0,0.0,0.0,0,0,0,0,0.0,7,None,None,0,,0,"Damage: 0, Status: 0, Hazard: 0, Weather: 0, Cleric: 0, Screen: 0, Pass: 0",None
hiker_noland_0235_Onix,hiker_noland_0235,ONIX,None,0,0,0.0,0,0.0,0,0.0,0.0,0,0,0,0,0.0,3,None,None,0,,0,"Damage: 0, Status: 0, Hazard: 0, Weather: 0, Cleric: 0, Screen: 0, Pass: 0",None
hiker_noland_0235_Paras,hiker_noland_0235,PARAS,None,0,0,0.0,0,0.0,0,0.0,0.0,0,0,0,0,0.0,4,None,None,0,,0,"Damage: 0, Status: 0, Hazard: 0, Weather: 0, Cleric: 0, Screen: 0, Pass: 0",None
hiker_noland_0235_Parasect,hiker_noland_0235,PARASECT,None,0,0,0.0,0,0.0,0,0.0,0.0,0,0,0,0,0.0,2,None,None,0,,0,"Damage: 0, Status: 0, Hazard: 0, Weather: 0, Cleric: 0, Screen: 0, Pass: 0",None
hiker_noland_0235_Persian,hiker_noland_0235,PERSIAN,None,0,0,0.0,0,0.0,0,0.0,0.0,0,0,0,0,0.0,1,None,None,0,,0,"Damage: 0, Status: 0, Hazard: 0, Weather: 0, Cleric: 0, Screen: 0, Pass: 0",None
hiker_noland_0235_Phanpy,hiker_noland_0235,PHANPY,None,0,0,0.0,0,0.0,0,0.0,0.0,0,0,0,0,0.0,1,None,None,0,,0,"Damage: 0, Status: 0, Hazard: 0, Weather: 0, Cleric: 0, Screen: 0, Pass: 0",None
hiker_noland_0235_Pichu,hiker_noland_0235,PICHU,None,0,0,0.0,0,0.0,0,0.0,0.0,0,0,0,0,0.0,3,None,None,0,,0,"Damage: 0, Status: 0, Hazard: 0, Weather: 0, Cleric: 0, Screen: 0, Pass: 0",None
hiker_noland_0235_Pidgeot,hiker_noland_0235,PIDGEOT,None,0,0,0.0,0,0.0,0,0.0,0.0,0,0,0,0,0.0,1,None,None,0,,0,"Damage: 0, Status: 0, Hazard: 0, Weather: 0, Cleric: 0, Screen: 0, Pass: 0",None
hiker_noland_0235_Pidgeotto,hiker_noland_0235,PIDGEOTTO,None,0,0,0.0,0,0.0,0,0.0,0.0,0,0,0,0,0.0,1,None,None,0,,0,"Damage: 0, Status: 0, Hazard: 0, Weather: 0, Cleric: 0, Screen: 0, Pass: 0",None
hiker_noland_0235_Pidgey,hiker_noland_0235,PIDGEY,None,0,0,0.0,0,0.0,0,0.0,0.0,0,0,0,0,0.0,7,None,None,0,,0,"Damage: 0, Status: 0, Hazard: 0, Weather: 0, Cleric: 0, Screen: 0, Pass: 0",None
hiker_noland_0235_Pikachu,hiker_noland_0235,PIKACHU,None,0,0,0.0,0,0.0,0,0.0,0.0,0,0,0,0,0.0,3,None,None,0,,0,"Damage: 0, Status: 0, Hazard: 0, Weather: 0, Cleric: 0, Screen: 0, Pass: 0",None
hiker_noland_0235_Pinsir,hiker_noland_0235,PINSIR,None,0,0,0.0,0,0.0,0,0.0,0.0,0,0,0,0,0.0,1,None,None,0,,0,"Damage: 0, Status: 0, Hazard: 0, Weather: 0, Cleric: 0, Screen: 0, Pass: 0",None
hiker_noland_0235_Poliwag,hiker_noland_0235,POLIWAG,None,0,0,0.0,0,0.0,0,0.0,0.0,0,0,0,0,0.0,2,None,None,0,,0,"Damage: 0, Status: 0, Hazard: 0, Weather: 0, Cleric: 0, Screen: 0, Pass: 0",None
hiker_noland_0235_Poliwhirl,hiker_noland_0235,POLIWHIRL,None,0,0,0.0,0,0.0,0,0.0,0.0,0,0,0,0,0.0,5,None,None,0,,0,"Damage: 0, Status: 0, Hazard: 0, Weather: 0, Cleric: 0, Screen: 0, Pass: 0",None
hiker_noland_0235_Porygon,hiker_noland_0235,PORYGON,None,0,0,0.0,0,0.0,0,0.0,0.0,0,0,0,0,0.0,1,None,None,0,,0,"Damage: 0, Status: 0, Hazard: 0, Weather: 0, Cleric: 0, Screen: 0, Pass: 0",None
hiker_noland_0235_Primeape,hiker_noland_0235,PRIMEAPE,None,0,0,0.0,0,0.0,0,0.0,0.0,0,0,0,0,0.0,1,None,None,0,,0,"Damage: 0, Status: 0, Hazard: 0, Weather: 0, Cleric: 0, Screen: 0, Pass: 0",None
hiker_noland_0235_Psyduck,hiker_noland_0235,PSYDUCK,None,0,0,0.0,0,0.0,0,0.0,0.0,0,0,0,0,0.0,5,None,None,0,,0,"Damage: 0, Status: 0, Hazard: 0, Weather: 0, Cleric: 0, Screen: 0, Pass: 0",None
hiker_noland_0235_Quagsire,hiker_noland_0235,QUAGSIRE,None,0,0,0.0,0,0.0,0,0.0,0.0,0,0,0,0,0.0,6,None,None,0,,0,"Damage: 0, Status: 0, Hazard: 0, Weather: 0, Cleric: 0, Screen: 0, Pass: 0",None
hiker_noland_0235_Qwilfish,hiker_noland_0235,QWILFISH,None,0,0,0.0,0,0.0,0,0.0,0.0,0,0,0,0,0.0,4,None,None,0,,0,"Damage: 0, Status: 0, Hazard: 0, Weather: 0, Cleric: 0, Screen: 0, Pass: 0",None
hiker_noland_0235_Raichu,hiker_noland_0235,RAICHU,None,0,0,0.0,0,0.0,0,0.0,0.0,0,0,0,0,0.0,1,None,None,0,,0,"Damage: 0, Status: 0, Hazard: 0, Weather: 0, Cleric: 0, Screen: 0, Pass: 0",None
hiker_noland_0235_Rapidash,hiker_noland_0235,RAPIDASH,None,0,0,0.0,0,0.0,0,0.0,0.0,0,0,0,0,0.0,5,None,None,0,,0,"Damage: 0, Status: 0, Hazard: 0, Weather: 0, Cleric: 0, Screen: 0, Pass: 0",None
hiker_noland_0235_Raticate,hiker_noland_0235,RATICATE,None,0,0,0.0,0,0.0,0,0.0,0.0,0,0,0,0,0.0,2,None,None,0,,0,"Damage: 0, Status: 0, Hazard: 0, Weather: 0, Cleric: 0, Screen: 0, Pass: 0",None
hiker_noland_0235_Rattata,hiker_noland_0235,RATTATA,None,0,0,0.0,0,0.0,0,0.0,0.0,0,0,0,0,0.0,5,None,None,0,,0,"Damage: 0, Status: 0, Hazard: 0, Weather: 0, Cleric: 0, Screen: 0, Pass: 0",None
hiker_noland_0235_Remoraid,hiker_noland_0235,REMORAID,None,0,0,0.0,0,0.0,0,0.0,0.0,0,0,0,0,0.0,1,None,None,0,,0,"Damage: 0, Status: 0, Hazard: 0, Weather: 0, Cleric: 0, Screen: 0, Pass: 0",None
hiker_noland_0235_Rhydon,hiker_noland_0235,RHYDON,None,0,0,0.0,0,0.0,0,0.0,0.0,0,0,0,0,0.0,1,None,None,0,,0,"Damage: 0, Status: 0, Hazard: 0, Weather: 0, Cleric: 0, Screen: 0, Pass: 0",None
hiker_noland_0235_Sandshrew,hiker_noland_0235,SANDSHREW,None,0,0,0.0,0,0.0,0,0.0,0.0,0,0,0,0,0.0,8,None,None,0,,0,"Damage: 0, Status: 0, Hazard: 0, Weather: 0, Cleric: 0, Screen: 0, Pass: 0",None
hiker_noland_0235_Sandslash,hiker_noland_0235,SANDSLASH,None,0,0,0.0,0,0.0,0,0.0,0.0,0,0,0,0,0.0,8,None,None,0,,0,"Damage: 0, Status: 0, Hazard: 0, Weather: 0, Cleric: 0, Screen: 0, Pass: 0",None
hiker_noland_0235_Seadra,hiker_noland_0235,SEADRA,None,0,0,0.0,0,0.0,0,0.0,0.0,0,0,0,0,0.0,4,None,None,0,,0,"Damage: 0, Status: 0, Hazard: 0, Weather: 0, Cleric: 0, Screen: 0, Pass: 0",None
hiker_noland_0235_Seaking,hiker_noland_0235,SEAKING,None,0,0,0.0,0,0.0,0,0.0,0.0,0,0,0,0,0.0,1,None,None,0,,0,"Damage: 0, Status: 0, Hazard: 0, Weather: 0, Cleric: 0, Screen: 0, Pass: 0",None
hiker_noland_0235_Seel,hiker_noland_0235,SEEL,None,0,0,0.0,0,0.0,0,0.0,0.0,0,0,0,0,0.0,2,None,None,0,,0,"Damage: 0, Status: 0, Hazard: 0, Weather: 0, Cleric: 0, Screen: 0, Pass: 0",None
hiker_noland_0235_Sentret,hiker_noland_0235,SENTRET,None,0,0,0.0,0,0.0,0,0.0,0.0,0,0,0,0,0.0,4,None,None,0,,0,"Damage: 0, Status: 0, Hazard: 0, Weather: 0, Cleric: 0, Screen: 0, Pass: 0",None
hiker_noland_0235_Shellder,hiker_noland_0235,SHELLDER,None,0,0,0.0,0,0.0,0,0.0,0.0,0,0,0,0,0.0,5,None,None,0,,0,"Damage: 0, Status: 0, Hazard: 0, Weather: 0, Cleric: 0, Screen: 0, Pass: 0",None
hiker_noland_0235_Skarmory,hiker_noland_0235,SKARMORY,None,0,0,0.0,0,0.0,0,0.0,0.0,0,0,0,0,0.0,1,None,None,0,,0,"Damage: 0, Status: 0, Hazard: 0, Weather: 0, Cleric: 0, Screen: 0, Pass: 0",None
hiker_noland_0235_Skiploom,hiker_noland_0235,SKIPLOOM,None,0,0,0.0,0,0.0,0,0.0,0.0,0,0,0,0,0.0,3,None,None,0,,0,"Damage: 0, Status: 0, Hazard: 0, Weather: 0, Cleric: 0, Screen: 0, Pass: 0",None
hiker_noland_0235_Slakoth,hiker_noland_0235,SLAKOTH,None,0,0,0.0,0,0.0,0,0.0,0.0,0,0,0,0,0.0,2,None,None,0,,0,"Damage: 0, Status: 0, Hazard: 0, Weather: 0, Cleric: 0, Screen: 0, Pass: 0",None
hiker_noland_0235_Slowbro,hiker_noland_0235,SLOWBRO,None,0,0,0.0,0,0.0,0,0.0,0.0,0,0,0,0,0.0,2,None,None,0,,0,"Damage: 0, Status: 0, Hazard: 0, Weather: 0, Cleric: 0, Screen: 0, Pass: 0",None
hiker_noland_0235_Slowking,hiker_noland_0235,SLOWKING,None,0,0,0.0,0,0.0,0,0.0,0.0,0,0,0,0,0.0,1,None,None,0,,0,"Damage: 0, Status: 0, Hazard: 0, Weather: 0, Cleric: 0, Screen: 0, Pass: 0",None
hiker_noland_0235_Slowpoke,hiker_noland_0235,SLOWPOKE,None,0,0,0.0,0,0.0,0,0.0,0.0,0,0,0,0,0.0,12,None,None,0,,0,"Damage: 0, Status: 0, Hazard: 0, Weather: 0, Cleric: 0, Screen: 0, Pass: 0",None
hiker_noland_0235_Snubbull,hiker_noland_0235,SNUBBULL,None,0,0,0.0,0,0.0,0,0.0,0.0,0,0,0,0,0.0,6,None,None,0,,0,"Damage: 0, Status: 0, Hazard: 0, Weather: 0, Cleric: 0, Screen: 0, Pass: 0",None
hiker_noland_0235_Spearow,hiker_noland_0235,SPEAROW,None,0,0,0.0,0,0.0,0,0.0,0.0,0,0,0,0,0.0,5,None,None,0,,0,"Damage: 0, Status: 0, Hazard: 0, Weather: 0, Cleric: 0, Screen: 0, Pass: 0",None
hiker_noland_0235_Spinda,hiker_noland_0235,SPINDA,None,0,0,0.0,0,0.0,0,0.0,0.0,0,0,0,0,0.0,5,None,None,0,,0,"Damage: 0, Status: 0, Hazard: 0, Weather: 0, Cleric: 0, Screen: 0, Pass: 0",None
hiker_noland_0235_Spoink,hiker_noland_0235,SPOINK,None,0,0,0.0,0,0.0,0,0.0,0.0,0,0,0,0,0.0,4,None,None,0,,0,"Damage: 0, Status: 0, Hazard: 0, Weather: 0, Cleric: 0, Screen: 0, Pass: 0",None
hiker_noland_0235_Stantler,hiker_noland_0235,STANTLER,None,0,0,0.0,0,0.0,0,0.0,0.0,0,0,0,0,0.0,1,None,None,0,,0,"Damage: 0, Status: 0, Hazard: 0, Weather: 0, Cleric: 0, Screen: 0, Pass: 0",None
hiker_noland_0235_Starly,hiker_noland_0235,STARLY,None,0,0,0.0,0,0.0,0,0.0,0.0,0,0,0,0,0.0,1,None,None,0,,0,"Damage: 0, Status: 0, Hazard: 0, Weather: 0, Cleric: 0, Screen: 0, Pass: 0",None
hiker_noland_0235_Starmie,hiker_noland_0235,STARMIE,None,0,0,0.0,0,0.0,0,0.0,0.0,0,0,0,0,0.0,1,None,None,0,,0,"Damage: 0, Status: 0, Hazard: 0, Weather: 0, Cleric: 0, Screen: 0, Pass: 0",None
hiker_noland_0235_Steelix,hiker_noland_0235,STEELIX,None,0,0,0.0,0,0.0,0,0.0,0.0,0,0,0,0,0.0,2,None,None,0,,0,"Damage: 0, Status: 0, Hazard: 0, Weather: 0, Cleric: 0, Screen: 0, Pass: 0",None
hiker_noland_0235_Sudowoodo,hiker_noland_0235,SUDOWOODO,None,0,0,0.0,0,0.0,0,0.0,0.0,0,0,0,0,0.0,2,None,None,0,,0,"Damage: 0, Status: 0, Hazard: 0, Weather: 0, Cleric: 0, Screen: 0, Pass: 0",None
hiker_noland_0235_Sunflora,hiker_noland_0235,SUNFLORA,None,0,0,0.0,0,0.0,0,0.0,0.0,0,0,0,0,0.0,1,None,None,0,,0,"Damage: 0, Status: 0, Hazard: 0, Weather: 0, Cleric: 0, Screen: 0, Pass: 0",None
hiker_noland_0235_Taillow,hiker_noland_0235,TAILLOW,None,0,0,0.0,0,0.0,0,0.0,0.0,0,0,0,0,0.0,1,None,None,0,,0,"Damage: 0, Status: 0, Hazard: 0, Weather: 0, Cleric: 0, Screen: 0, Pass: 0",None
hiker_noland_0235_Tangela,hiker_noland_0235,TANGELA,None,0,0,0.0,0,0.0,0,0.0,0.0,0,0,0,0,0.0,4,None,None,0,,0,"Damage: 0, Status: 0, Hazard: 0, Weather: 0, Cleric: 0, Screen: 0, Pass: 0",None
hiker_noland_0235_Teddiursa,hiker_noland_0235,TEDDIURSA,None,0,0,0.0,0,0.0,0,0.0,0.0,0,0,0,0,0.0,3,None,None,0,,0,"Damage: 0, Status: 0, Hazard: 0, Weather: 0, Cleric: 0, Screen: 0, Pass: 0",None
hiker_noland_0235_Totodile,hiker_noland_0235,TOTODILE,None,0,0,0.0,0,0.0,0,0.0,0.0,0,0,0,0,0.0,2,None,None,0,,0,"Damage: 0, Status: 0, Hazard: 0, Weather: 0, Cleric: 0, Screen: 0, Pass: 0",None
hiker_noland_0235_Venomoth,hiker_noland_0235,VENOMOTH,None,0,0,0.0,0,0.0,0,0.0,0.0,0,0,0,0,0.0,4,None,None,0,,0,"Damage: 0, Status: 0, Hazard: 0, Weather: 0, Cleric: 0, Screen: 0, Pass: 0",None
hiker_noland_0235_Venonat,hiker_noland_0235,VENONAT,None,0,0,0.0,0,0.0,0,0.0,0.0,0,0,0,0,0.0,4,None,None,0,,0,"Damage: 0, Status: 0, Hazard: 0, Weather: 0, Cleric: 0, Screen: 0, Pass: 0",None
hiker_noland_0235_Victreebel,hiker_noland_0235,VICTREEBEL,None,0,0,0.0,0,0.0,0,0.0,0.0,0,0,0,0,0.0,1,None,None,0,,0,"Damage: 0, Status: 0, Hazard: 0, Weather: 0, Cleric: 0, Screen: 0, Pass: 0",None
hiker_noland_0235_Vileplume,hiker_noland_0235,VILEPLUME,None,0,0,0.0,0,0.0,0,0.0,0.0,0,0,0,0,0.0,1,None,None,0,,0,"Damage: 0, Status: 0, Hazard: 0, Weather: 0, Cleric: 0, Screen: 0, Pass: 0",None
hiker_noland_0235_Volbeat,hiker_noland_0235,VOLBEAT,None,0,0,0.0,0,0.0,0,0.0,0.0,0,0,0,0,0.0,1,None,None,0,,0,"Damage: 0, Status: 0, Hazard: 0, Weather: 0, Cleric: 0, Screen: 0, Pass: 0",None
hiker_noland_0235_Voltorb,hiker_noland_0235,VOLTORB,None,0,0,0.0,0,0.0,0,0.0,0.0,0,0,0,0,0.0,7,None,None,0,,0,"Damage: 0, Status: 0, Hazard: 0, Weather: 0, Cleric: 0, Screen: 0, Pass: 0",None
hiker_noland_0235_Vulpix,hiker_noland_0235,VULPIX,None,0,0,0.0,0,0.0,0,0.0,0.0,0,0,0,0,0.0,1,None,None,0,,0,"Damage: 0, Status: 0, Hazard: 0, Weather: 0, Cleric: 0, Screen: 0, Pass: 0",None
hiker_noland_0235_Weepinbell,hiker_noland_0235,WEEPINBELL,None,0,0,0.0,0,0.0,0,0.0,0.0,0,0,0,0,0.0,1,None,None,0,,0,"Damage: 0, Status: 0, Hazard: 0, Weather: 0, Cleric: 0, Screen: 0, Pass: 0",None
hiker_noland_0235_Whismur,hiker_noland_0235,WHISMUR,None,0,0,0.0,0,0.0,0,0.0,0.0,0,0,0,0,0.0,1,None,None,0,,0,"Damage: 0, Status: 0, Hazard: 0, Weather: 0, Cleric: 0, Screen: 0, Pass: 0",None
hiker_noland_0235_Wigglytuff,hiker_noland_0235,WIGGLYTUFF,None,0,0,0.0,0,0.0,0,0.0,0.0,0,0,0,0,0.0,6,None,None,0,,0,"Damage: 0, Status: 0, Hazard: 0, Weather: 0, Cleric: 0, Screen: 0, Pass: 0",None
hiker_noland_0235_Wooper,hiker_noland_0235,WOOPER,None,0,0,0.0,0,0.0,0,0.0,0.0,0,0,0,0,0.0,4,None,None,0,,0,"Damage: 0, Status: 0, Hazard: 0, Weather: 0, Cleric: 0, Screen: 0, Pass: 0",None
hiker_noland_0235_Zigzagoon,hiker_noland_0235,ZIGZAGOON,None,0,0,0.0,0,0.0,0,0.0,0.0,0,0,0,0,0.0,1,None,None,0,,0,"Damage: 0, Status: 0, Hazard: 0, Weather: 0, Cleric: 0, Screen: 0, Pass: 0",None
hiker_noland_0235_Zubat,hiker_noland_0235,ZUBAT,None,0,0,0.0,0,0.0,0,0.0,0.0,0,0,0,0,0.0,6,None,None,0,,0,"Damage: 0, Status: 0, Hazard: 0, Weather: 0, Cleric: 0, Screen: 0, Pass: 0",None
hiker_parry_0145_Onix,hiker_parry_0145,ONIX,"Rock Polish: 2795 (35.1%), Slam: 1747 (21.9%), Sandstorm: 1714 (21.5%), Rock Tomb: 1695 (21.3%), Struggle: 8 (0.1%)",620,921,0.67,126,0.81,0,7.16,3.96,158,965,341,905,-5.61,1197,"Magikarp: 42, Pikachu: 32, Bellsprout: 28","Seaking: 19, Butterfree: 18, Sandslash: 17",83,35.76,0,"Damage: 118, Status: 0, Hazard: 0, Weather: 121, Cleric: 0, Screen: 0, Pass: 0",None
hiker_parry_0451_Graveler,hiker_parry_0451,GRAVELER,"Rollout: 968 (44.8%), Selfdestruct: 456 (21.1%), Rock Blast: 415 (19.2%), Earthquake: 320 (14.8%)",1057,965,1.1,15,1.11,0,3.31,1.51,140,214,122,0,2.1,1173,"Magnemite: 37, Goldeen: 30, Magmar: 27","Butterfree: 20, Quagsire: 18, Seaking: 18",141,50.88,8,"Damage: 15, Status: 0, Hazard: 0, Weather: 0, Cleric: 0, Screen: 0, Pass: 0",None
hiker_parry_0451_Onix,hiker_parry_0451,ONIX,"Rock Polish: 4876 (38.7%), Curse: 4646 (36.9%), Dragon Breath: 1542 (12.2%), Slam: 1509 (12.0%), Rock Tomb: 10 (0.1%), Sandstorm: 7 (0.1%)",717,1079,0.66,295,0.94,109,9.69,5.32,136,680,526,340,-0.09,1429,"Magikarp: 55, Bellsprout: 29, Pikachu: 27","Goldeen: 27, Butterfree: 24, Magnemite: 21",95,41.64,0,"Damage: 295, Status: 80, Hazard: 0, Weather: 0, Cleric: 0, Screen: 0, Pass: 0",None
hiker_parry_0451_Quagsire,hiker_parry_0451,QUAGSIRE,None,0,0,0.0,0,0.0,0,0.0,0.0,0,0,0,0,0.0,4,None,None,0,,0,"Damage: 0, Status: 0, Hazard: 0, Weather: 0, Cleric: 0, Screen: 0, Pass: 0",None
hiker_parry_0452_Graveler,hiker_parry_0452,GRAVELER,"Rollout: 586 (44.6%), Selfdestruct: 287 (21.8%), Rock Blast: 275 (20.9%), Earthquake: 166 (12.6%)",628,710,0.88,15,0.91,0,3.1,1.45,91,114,52,0,2.12,819,"Magmar: 34, Growlithe: 29, Magnemite: 24","Seaking: 21, Quagsire: 16, Golduck: 14",91,47.54,3,"Damage: 15, Status: 0, Hazard: 0, Weather: 0, Cleric: 0, Screen: 0, Pass: 0",None
hiker_parry_0452_Onix,hiker_parry_0452,ONIX,"Rock Polish: 18 (34.6%), Curse: 12 (23.1%), Rock Tomb: 8 (15.4%), Slam: 8 (15.4%), Sandstorm: 6 (11.5%)",0,4,0.0,0,0.0,0,13.0,0.0,2,3,0,0,-1.92,4,None,None,0,100.0,0,"Damage: 0, Status: 0, Hazard: 0, Weather: 0, Cleric: 0, Screen: 0, Pass: 0",None
hiker_parry_0452_Quagsire,hiker_parry_0452,QUAGSIRE,None,0,0,0.0,0,0.0,0,0.0,0.0,0,0,0,0,0.0,4,None,None,0,,0,"Damage: 0, Status: 0, Hazard: 0, Weather: 0, Cleric: 0, Screen: 0, Pass: 0",None
hiker_parry_0452_Steelix,hiker_parry_0452,STEELIX,"Rock Polish: 5848 (39.2%), Curse: 5475 (36.7%), Dragon Breath: 1799 (12.1%), Iron Tail: 1798 (12.0%), Struggle: 3 (0.0%)",1316,728,1.81,176,2.05,48,12.32,7.13,174,756,606,426,0.0,1345,"Magikarp: 58, Goldeen: 33, Bellsprout: 30","Magmar: 24, Seaking: 24, Golduck: 21",187,63.46,0,"Damage: 176, Status: 59, Hazard: 0, Weather: 0, Cleric: 0, Screen: 0, Pass: 0",None
hiker_parry_0606_Golem,hiker_parry_0606,GOLEM,"Explosion: 204 (38.4%), Stone Edge: 117 (22.0%), Earthquake: 113 (21.3%), Double Edge: 97 (18.3%)",356,289,1.23,18,1.29,0,2.63,1.06,38,41,34,0,5.49,355,"Seadra: 23, Magmar: 21, Tentacruel: 20","Quagsire: 9, Golduck: 9, Lanturn: 6",59,75.41,6,"Damage: 18, Status: 0, Hazard: 0, Weather: 0, Cleric: 0, Screen: 0, Pass: 0",None
hiker_parry_0606_Graveler,hiker_parry_0606,GRAVELER,"Rollout: 5 (45.5%), Earthquake: 3 (27.3%), Rock Blast: 2 (18.2%), Selfdestruct: 1 (9.1%)",0,4,0.0,0,0.0,0,4.0,0.0,2,0,0,0,18.18,4,None,None,0,,0,"Damage: 0, Status: 0, Hazard: 0, Weather: 0, Cleric: 0, Screen: 0, Pass: 0",None
hiker_parry_0606_Onix,hiker_parry_0606,ONIX,"Rock Polish: 6 (42.9%), Curse: 5 (35.7%), Sandstorm: 2 (14.3%), Dragon Breath: 1 (7.1%)",0,4,0.0,0,0.0,0,3.75,0.0,0,0,0,0,0.0,4,None,None,0,100.0,0,"Damage: 0, Status: 0, Hazard: 0, Weather: 0, Cleric: 0, Screen: 0, Pass: 0",None
hiker_parry_0606_Quagsire,hiker_parry_0606,QUAGSIRE,None,0,0,0.0,0,0.0,0,0.0,0.0,0,0,0,0,0.0,4,None,None,0,,0,"Damage: 0, Status: 0, Hazard: 0, Weather: 0, Cleric: 0, Screen: 0, Pass: 0",None
hiker_parry_0606_Steelix,hiker_parry_0606,STEELIX,"Crunch: 1213 (25.5%), Iron Tail: 1182 (24.8%), Stone Edge: 1182 (24.8%), Double Edge: 1147 (24.1%), Dragon Breath: 15 (0.3%), Rock Polish: 13 (0.3%), Curse: 12 (0.3%)",2123,297,7.15,196,7.81,15,4.41,2.52,295,607,186,226,-2.82,1253,"Magikarp: 58, Seaking: 43, Butterfree: 37","Seadra: 23, Tentacruel: 14, Seaking: 13",328,91.75,0,"Damage: 196, Status: 0, Hazard: 0, Weather: 0, Cleric: 0, Screen: 0, Pass: 0",None
hiker_phillip_0203_Geodude,hiker_phillip_0203,GEODUDE,"Selfdestruct: 756 (45.5%), Magnitude: 619 (37.3%), Rollout: 182 (11.0%), Rock Throw: 103 (6.2%)",696,1229,0.57,224,0.75,0,1.7,0.95,101,50,89,0,8.0,1329,"Bellsprout: 29, Magikarp: 27, Voltorb: 25","Graveler: 17, Quagsire: 15, Butterfree: 14",86,42.51,0,"Damage: 224, Status: 0, Hazard: 0, Weather: 0, Cleric: 0, Screen: 0, Pass: 0",None
hiker_phillip_0203_Graveler,hiker_phillip_0203,GRAVELER,"Magnitude: 965 (48.6%), Rollout: 539 (27.2%), Rock Throw: 269 (13.6%), Selfdestruct: 211 (10.6%)",708,914,0.77,26,0.8,0,3.18,1.35,98,111,96,0,3.99,1241,"Magikarp: 36, Magnemite: 26, Voltorb: 24","Butterfree: 27, Graveler: 22, Seaking: 20",89,30.19,10,"Damage: 26, Status: 0, Hazard: 0, Weather: 0, Cleric: 0, Screen: 0, Pass: 0",None
hiker_phillip_0203_Quagsire,hiker_phillip_0203,QUAGSIRE,None,0,0,0.0,0,0.0,0,0.0,0.0,0,0,0,0,0.0,4,None,None,0,,0,"Damage: 0, Status: 0, Hazard: 0, Weather: 0, Cleric: 0, Screen: 0, Pass: 0",None
hiker_russel_0025_Geodude,hiker_russel_0025,GEODUDE,"Defense Curl: 4474 (41.9%), Tackle: 3927 (36.7%), Mud Sport: 1497 (14.0%), Rock Polish: 773 (7.2%), Struggle: 18 (0.2%)",180,3272,0.06,20,0.06,6,11.94,6.42,216,615,611,0,1.88,1126,"Magikarp: 58, Caterpie: 17, Rattata: 13","Koffing: 54, Seaking: 54, Bellsprout: 48",21,4.16,24,"Damage: 20, Status: 0, Hazard: 0, Weather: 0, Cleric: 0, Screen: 0, Pass: 0",None
hiker_russel_0025_Quagsire,hiker_russel_0025,QUAGSIRE,None,0,0,0.0,0,0.0,0,0.0,0.0,0,0,0,0,0.0,4,None,None,0,,0,"Damage: 0, Status: 0, Hazard: 0, Weather: 0, Cleric: 0, Screen: 0, Pass: 0",None
hiker_timothy_0146_Diglett,hiker_timothy_0146,DIGLETT,"Sand Attack: 2295 (42.5%), Sucker Punch: 2076 (38.4%), Dig: 624 (11.5%), Earth Power: 386 (7.1%), Struggle: 24 (0.4%)",457,1015,0.45,222,0.67,0,5.05,1.55,109,185,1282,23,18.11,1192,"Magikarp: 54, Bellsprout: 28, Geodude: 22","Koffing: 20, Seaking: 19, Graveler: 17",57,26.68,0,"Damage: 222, Status: 0, Hazard: 0, Weather: 0, Cleric: 0, Screen: 0, Pass: 0",None
hiker_timothy_0146_Dugtrio,hiker_timothy_0146,DUGTRIO,"Sucker Punch: 1923 (42.7%), Sand Attack: 1750 (38.9%), Dig: 517 (11.5%), Earth Power: 306 (6.8%), Struggle: 7 (0.2%)",375,852,0.44,33,0.48,0,5.76,1.66,101,95,1356,24,23.29,1033,"Shellder: 14, Goldeen: 12, Tentacool: 10","Seaking: 22, Butterfree: 18, Sandslash: 17",50,16.67,0,"Damage: 33, Status: 0, Hazard: 0, Weather: 0, Cleric: 0, Screen: 0, Pass: 0",None
hiker_timothy_0146_Quagsire,hiker_timothy_0146,QUAGSIRE,None,0,0,0.0,0,0.0,0,0.0,0.0,0,0,0,0,0.0,4,None,None,0,,0,"Damage: 0, Status: 0, Hazard: 0, Weather: 0, Cleric: 0, Screen: 0, Pass: 0",None
juggler_fritz_0242_Dugtrio,juggler_fritz_0242,DUGTRIO,None,0,0,0.0,0,0.0,0,0.0,0.0,0,0,2,0,100.0,2,None,None,0,,0,"Damage: 0, Status: 0, Hazard: 0, Weather: 0, Cleric: 0, Screen: 0, Pass: 0",None
juggler_fritz_0242_Machoke,juggler_fritz_0242,MACHOKE,"Karate Chop: 362 (28.6%), Seismic Toss: 335 (26.5%), Revenge: 330 (26.1%), Focus Energy: 239 (18.9%)",340,480,0.71,102,0.92,0,3.65,2.26,103,0,0,0,8.14,668,"Corsola: 16, Poliwhirl: 11, Quagsire: 10","Seaking: 25, Rapidash: 16, Golduck: 15",38,,2,"Damage: 102, Status: 0, Hazard: 0, Weather: 0, Cleric: 0, Screen: 0, Pass: 0",None
juggler_fritz_0242_Magmar,juggler_fritz_0242,MAGMAR,"Faint Attack: 578 (28.4%), Fire Punch: 529 (26.0%), Lava Plume: 525 (25.8%), Confuse Ray: 406 (19.9%)",506,485,1.04,241,1.54,3,4.06,1.82,102,38,80,125,6.95,778,"Butterfree: 25, Magnemite: 20, Skiploom: 13","Seaking: 17, Quagsire: 16, Azumarill: 15",68,63.46,0,"Damage: 212, Status: 189, Hazard: 0, Weather: 0, Cleric: 0, Screen: 0, Pass: 0",None
juggler_fritz_0242_MrMime,juggler_fritz_0242,MR MIME,"Psychic: 2207 (32.4%), Double Slap: 2128 (31.2%), Encore: 1427 (21.0%), Substitute: 1047 (15.4%), Struggle: 1 (0.0%)",1223,797,1.53,520,2.19,96,5.96,1.8,206,424,235,95,0.22,1318,"Magikarp: 57, Goldeen: 33, Bellsprout: 30","Seaking: 28, Golduck: 24, Magmar: 20",192,61.99,0,"Damage: 520, Status: 0, Hazard: 0, Weather: 0, Cleric: 0, Screen: 0, Pass: 0",None
juggler_fritz_0242_Quagsire,juggler_fritz_0242,QUAGSIRE,None,0,0,0.0,0,0.0,0,0.0,0.0,0,0,0,0,0.0,2,None,None,0,,0,"Damage: 0, Status: 0, Hazard: 0, Weather: 0, Cleric: 0, Screen: 0, Pass: 0",None
juggler_horton_0396_Dugtrio,juggler_horton_0396,DUGTRIO,None,0,0,0.0,0,0.0,0,0.0,0.0,0,0,11,0,100.0,5,None,None,0,,0,"Damage: 0, Status: 0, Hazard: 0, Weather: 0, Cleric: 0, Screen: 0, Pass: 0",None
juggler_horton_0396_Electrode,juggler_horton_0396,ELECTRODE,"Swift: 2482 (27.9%), Shock Wave: 2000 (22.5%), Screech: 1170 (13.1%), Double Team: 1103 (12.4%), Explosion: 806 (9.1%), Rollout: 725 (8.1%), Light Screen: 616 (6.9%)",2207,1888,1.17,76,1.21,8,5.47,3.34,372,312,847,0,9.3,1277,"Magikarp: 58, Seaking: 45, Koffing: 43","Quagsire: 60, Graveler: 54, Magmar: 33",328,71.79,4,"Damage: 75, Status: 12, Hazard: 0, Weather: 0, Cleric: 0, Screen: 0, Pass: 0",None
juggler_horton_0396_Quagsire,juggler_horton_0396,QUAGSIRE,None,0,0,0.0,0,0.0,0,0.0,0.0,0,0,0,0,0.0,2,None,None,0,,0,"Damage: 0, Status: 0, Hazard: 0, Weather: 0, Cleric: 0, Screen: 0, Pass: 0",None
juggler_irwin_0007_Dugtrio,juggler_irwin_0007,DUGTRIO,None,0,0,0.0,0,0.0,0,0.0,0.0,0,0,2,0,100.0,2,None,None,0,,0,"Damage: 0, Status: 0, Hazard: 0, Weather: 0, Cleric: 0, Screen: 0, Pass: 0",None
juggler_irwin_0007_Quagsire,juggler_irwin_0007,QUAGSIRE,None,0,0,0.0,0,0.0,0,0.0,0.0,0,0,0,0,0.0,4,None,None,0,,0,"Damage: 0, Status: 0, Hazard: 0, Weather: 0, Cleric: 0, Screen: 0, Pass: 0",None
juggler_irwin_0007_Voltorb,juggler_irwin_0007,VOLTORB,"Charge: 4266 (48.7%), Tackle: 2328 (26.6%), Sonic Boom: 1405 (16.0%), Spark: 657 (7.5%), Struggle: 109 (1.2%)",462,4332,0.11,24,0.11,12,9.68,5.45,160,473,470,141,1.64,1176,"Magikarp: 54, Bellsprout: 28, Pidgey: 18","Seaking: 72, Graveler: 70, Growlithe: 64",59,0.49,26,"Damage: 23, Status: 7, Hazard: 0, Weather: 0, Cleric: 0, Screen: 0, Pass: 0",None
juggler_irwin_0454_Dugtrio,juggler_irwin_0454,DUGTRIO,None,0,0,0.0,0,0.0,0,0.0,0.0,0,0,2,0,100.0,2,None,None,0,,0,"Damage: 0, Status: 0, Hazard: 0, Weather: 0, Cleric: 0, Screen: 0, Pass: 0",None
juggler_irwin_0454_Quagsire,juggler_irwin_0454,QUAGSIRE,None,0,0,0.0,0,0.0,0,0.0,0.0,0,0,0,0,0.0,4,None,None,0,,0,"Damage: 0, Status: 0, Hazard: 0, Weather: 0, Cleric: 0, Screen: 0, Pass: 0",None
juggler_irwin_0454_Voltorb,juggler_irwin_0454,VOLTORB,"Rollout: 4293 (37.7%), Screech: 1917 (16.8%), Charge Beam: 1722 (15.1%), Light Screen: 1452 (12.8%), Swift: 916 (8.0%), Spark: 836 (7.3%), Selfdestruct: 225 (2.0%), Charge: 15 (0.1%), Tackle: 3 (0.0%), Sonic Boom: 2 (0.0%)",1220,3601,0.34,56,0.35,28,10.05,6.17,435,1159,415,1237,-2.67,1228,"Magikarp: 56, Goldeen: 31, Bellsprout: 30","Seaking: 98, Magmar: 79, Seadra: 78",163,24.06,27,"Damage: 56, Status: 8, Hazard: 0, Weather: 0, Cleric: 0, Screen: 0, Pass: 0",None
juggler_irwin_0455_Dugtrio,juggler_irwin_0455,DUGTRIO,None,0,0,0.0,0,0.0,0,0.0,0.0,0,0,8,0,100.0,4,None,None,0,,0,"Damage: 0, Status: 0, Hazard: 0, Weather: 0, Cleric: 0, Screen: 0, Pass: 0",None
juggler_irwin_0455_Electrode,juggler_irwin_0455,ELECTRODE,"Swift: 1246 (46.5%), Charge Beam: 884 (33.0%), Magnet Rise: 550 (20.5%)",562,423,1.33,29,1.4,0,4.52,1.86,127,128,81,546,3.4,827,"Seaking: 18, Weezing: 15, Butterfree: 15","Graveler: 17, Magmar: 15, Quagsire: 15",74,,2,"Damage: 29, Status: 1, Hazard: 0, Weather: 0, Cleric: 0, Screen: 0, Pass: 0",None
juggler_irwin_0455_Quagsire,juggler_irwin_0455,QUAGSIRE,None,0,0,0.0,0,0.0,0,0.0,0.0,0,0,0,0,0.0,6,None,None,0,,0,"Damage: 0, Status: 0, Hazard: 0, Weather: 0, Cleric: 0, Screen: 0, Pass: 0",None
juggler_irwin_0455_Voltorb,juggler_irwin_0455,VOLTORB,"Swift: 1864 (28.7%), Selfdestruct: 1743 (26.9%), Charge Beam: 1596 (24.6%), Magnet Rise: 741 (11.4%), Light Screen: 534 (8.2%), Rollout: 8 (0.1%), Screech: 2 (0.0%), Tackle: 1 (0.0%), Sonic Boom: 1 (0.0%), Spark: 1 (0.0%)",1406,2957,0.48,438,0.62,2,5.3,2.62,302,213,202,1012,4.55,1282,"Magikarp: 56, Koffing: 35, Bellsprout: 32","Quagsire: 59, Seaking: 35, Magmar: 34",218,36.1,15,"Damage: 433, Status: 94, Hazard: 0, Weather: 0, Cleric: 0, Screen: 1, Pass: 0",None
juggler_irwin_0527_Dugtrio,juggler_irwin_0527,DUGTRIO,None,0,0,0.0,0,0.0,0,0.0,0.0,0,0,4,0,100.0,2,None,None,0,,0,"Damage: 0, Status: 0, Hazard: 0, Weather: 0, Cleric: 0, Screen: 0, Pass: 0",None
juggler_irwin_0527_Electrode,juggler_irwin_0527,ELECTRODE,"Thunder: 1453 (25.8%), Mirror Coat: 1086 (19.3%), Screech: 957 (17.0%), Charge Beam: 730 (13.0%), Rain Dance: 630 (11.2%), Magnet Rise: 499 (8.9%), Thunder Wave: 265 (4.7%), Swift: 4 (0.1%), Struggle: 1 (0.0%)",935,812,1.15,47,1.21,118,8.07,4.41,112,547,220,433,-3.52,794,"Seaking: 49, Machoke: 25, Magmar: 24","Sandslash: 40, Quagsire: 37, Graveler: 33",130,,19,"Damage: 40, Status: 29, Hazard: 0, Weather: 0, Cleric: 0, Screen: 0, Pass: 0",None
juggler_irwin_0527_Quagsire,juggler_irwin_0527,QUAGSIRE,None,0,0,0.0,0,0.0,0,0.0,0.0,0,0,0,0,0.0,6,None,None,0,,0,"Damage: 0, Status: 0, Hazard: 0, Weather: 0, Cleric: 0, Screen: 0, Pass: 0",None
juggler_irwin_0527_Voltorb,juggler_irwin_0527,VOLTORB,"Rollout: 2603 (33.4%), Charge: 1695 (21.8%), Sonic Boom: 1088 (14.0%), Spark: 881 (11.3%), Swift: 650 (8.3%), Charge Beam: 466 (6.0%), Light Screen: 400 (5.1%), Selfdestruct: 3 (0.0%), Magnet Rise: 1 (0.0%)",1188,1460,0.81,614,1.23,15,7.21,3.7,284,518,319,466,1.25,1263,"Magikarp: 57, Bellsprout: 30, Goldeen: 26","Seaking: 57, Graveler: 44, Quagsire: 38",175,43.04,2,"Damage: 592, Status: 157, Hazard: 0, Weather: 0, Cleric: 0, Screen: 46, Pass: 0",None
kimono_girl_kuni_0163_Vaporeon,kimono_girl_kuni_0163,VAPOREON,"Surf: 2249 (49.9%), Aurora Beam: 985 (21.9%), Quick Attack: 984 (21.9%), Last Resort: 285 (6.3%)",2191,320,6.85,19,6.91,0,4.07,1.75,247,48,138,63,7.44,1247,"Magikarp: 58, Voltorb: 53, Koffing: 48","Tentacruel: 13, Quagsire: 13, Golduck: 13",325,90.78,0,"Damage: 19, Status: 0, Hazard: 0, Weather: 0, Cleric: 0, Screen: 0, Pass: 0",None
kimono_girl_miki_0164_Flareon,kimono_girl_miki_0164,FLAREON,"Fire Blast: 2009 (47.0%), Quick Attack: 1249 (29.2%), Will O Wisp: 798 (18.6%), Last Resort: 223 (5.2%)",1994,462,4.32,113,4.56,0,3.6,1.51,187,558,109,45,-6.22,1315,"Magikarp: 60, Koffing: 56, Butterfree: 46","Graveler: 24, Seaking: 20, Seadra: 20",289,83.12,0,"Damage: 101, Status: 99, Hazard: 0, Weather: 0, Cleric: 0, Screen: 0, Pass: 0",None
kimono_girl_naoko_0160_Espeon,kimono_girl_naoko_0160,ESPEON,"Psychic: 2845 (79.6%), Swift: 681 (19.1%), Psych Up: 47 (1.3%)",2167,259,8.37,20,8.44,0,3.1,0.91,205,14,74,112,7.17,1212,"Magikarp: 58, Graveler: 46, Koffing: 44","Butterfree: 10, Seaking: 10, Quagsire: 9",335,90.51,0,"Damage: 20, Status: 4, Hazard: 0, Weather: 0, Cleric: 0, Screen: 0, Pass: 0",None
kimono_girl_sayo_0161_Jolteon,kimono_girl_sayo_0161,JOLTEON,"Thunderbolt: 3200 (35.6%), Double Team: 2854 (31.8%), Thunder Wave: 1686 (18.8%), Last Resort: 1176 (13.1%), Struggle: 68 (0.8%)",1953,439,4.45,22,4.5,0,7.29,1.67,225,379,2594,63,20.93,1287,"Magikarp: 57, Koffing: 53, Seaking: 50","Quagsire: 24, Sandslash: 16, Graveler: 16",292,80.65,0,"Damage: 13, Status: 14, Hazard: 0, Weather: 0, Cleric: 0, Screen: 0, Pass: 0",None
kimono_girl_zuki_0162_Umbreon,kimono_girl_zuki_0162,UMBREON,"Dark Pulse: 3378 (50.5%), Confuse Ray: 1314 (19.6%), Last Resort: 1009 (15.1%), Shadow Ball: 988 (14.8%)",2063,388,5.32,132,5.66,0,5.64,2.14,350,91,156,524,6.11,1299,"Magikarp: 58, Koffing: 47, Magnemite: 45","Butterfree: 17, Magmar: 14, Quagsire: 13",310,88.91,0,"Damage: 121, Status: 113, Hazard: 0, Weather: 0, Cleric: 0, Screen: 0, Pass: 0",None
lass_alice_0183_Arbok,lass_alice_0183,ARBOK,"Crunch: 551 (35.5%), Poison Jab: 468 (30.2%), Mud Bomb: 379 (24.4%), Screech: 154 (9.9%)",398,296,1.34,152,1.86,0,4.18,1.88,87,92,114,257,7.97,534,"Beedrill: 17, Magmar: 16, Butterfree: 15","Quagsire: 24, Magmar: 11, Rapidash: 9",59,58.46,0,"Damage: 152, Status: 23, Hazard: 0, Weather: 0, Cleric: 0, Screen: 0, Pass: 0",None
lass_alice_0183_Dugtrio,lass_alice_0183,DUGTRIO,None,0,0,0.0,0,0.0,0,0.0,0.0,0,0,6,0,100.0,2,None,None,0,,0,"Damage: 0, Status: 0, Hazard: 0, Weather: 0, Cleric: 0, Screen: 0, Pass: 0",None
lass_alice_0183_Gloom,lass_alice_0183,GLOOM,"Sludge Bomb: 2007 (40.4%), Drain Punch: 1209 (24.4%), Sweet Scent: 1089 (21.9%), Toxic: 657 (13.2%)",1253,626,2.0,528,2.85,9,4.93,2.84,152,174,199,265,3.16,1201,"Magikarp: 57, Voltorb: 31, Bellsprout: 30","Graveler: 24, Quagsire: 22, Magmar: 19",191,68.53,0,"Damage: 462, Status: 263, Hazard: 0, Weather: 0, Cleric: 0, Screen: 0, Pass: 0",None
lass_alice_0183_Quagsire,lass_alice_0183,QUAGSIRE,None,0,0,0.0,0,0.0,0,0.0,0.0,0,0,0,0,0.0,8,None,None,0,,0,"Damage: 0, Status: 0, Hazard: 0, Weather: 0, Cleric: 0, Screen: 0, Pass: 0",None
lass_alice_0183_Vileplume,lass_alice_0183,VILEPLUME,"Sludge Bomb: 648 (43.9%), Drain Punch: 460 (31.2%), Attract: 248 (16.8%), Toxic: 119 (8.1%)",310,260,1.19,131,1.7,2,4.56,2.01,67,47,71,104,5.59,498,"Quagsire: 12, Weezing: 10, Seaking: 8","Magmar: 11, Golem: 11, Quagsire: 9",28,,0,"Damage: 125, Status: 48, Hazard: 0, Weather: 0, Cleric: 0, Screen: 0, Pass: 0",None
lass_carrie_0022_Snubbull,lass_carrie_0022,SNUBBULL,"Bite: 1710 (37.7%), Scary Face: 1412 (31.1%), Lick: 1259 (27.8%), Charm: 151 (3.3%), Struggle: 1 (0.0%)",411,993,0.41,14,0.43,0,4.81,2.21,190,266,177,712,1.71,1152,"Magikarp: 77, Bellsprout: 28, Pidgey: 22","Seaking: 18, Koffing: 16, Sandslash: 16",53,21.53,0,"Damage: 14, Status: 5, Hazard: 0, Weather: 0, Cleric: 0, Screen: 0, Pass: 0",None
lass_cathy_0071_Dugtrio,lass_cathy_0071,DUGTRIO,None,0,0,0.0,0,0.0,0,0.0,0.0,0,0,2,0,100.0,2,None,None,0,,0,"Damage: 0, Status: 0, Hazard: 0, Weather: 0, Cleric: 0, Screen: 0, Pass: 0",None
lass_cathy_0071_Jigglypuff,lass_cathy_0071,JIGGLYPUFF,"Pound: 3530 (31.6%), Defense Curl: 3055 (27.4%), Disable: 2526 (22.6%), Sing: 2047 (18.3%)",344,3092,0.11,37,0.12,0,12.41,4.93,192,1771,452,0,-9.71,1145,"Magikarp: 54, Bellsprout: 28, Pidgey: 17","Seaking: 54, Growlithe: 49, Sandslash: 48",44,10.96,17,"Damage: 19, Status: 28, Hazard: 0, Weather: 0, Cleric: 0, Screen: 0, Pass: 0",None
lass_cathy_0071_Quagsire,lass_cathy_0071,QUAGSIRE,None,0,0,0.0,0,0.0,0,0.0,0.0,0,0,0,0,0.0,4,None,None,0,,0,"Damage: 0, Status: 0, Hazard: 0, Weather: 0, Cleric: 0, Screen: 0, Pass: 0",None
lass_connie_0215_Marill,lass_connie_0215,MARILL,"Rollout: 2067 (49.5%), Water Gun: 852 (20.4%), Bubble Beam: 814 (19.5%), Tail Whip: 446 (10.7%)",506,971,0.52,6,0.53,0,4.56,2.57,233,376,190,51,0.8,1173,"Magikarp: 64, Bellsprout: 28, Geodude: 24","Pikachu: 19, Seaking: 18, Graveler: 17",66,26.94,0,"Damage: 6, Status: 0, Hazard: 0, Weather: 0, Cleric: 0, Screen: 0, Pass: 0",None
lass_dana_0400_Dugtrio,lass_dana_0400,DUGTRIO,None,0,0,0.0,0,0.0,0,0.0,0.0,0,0,2,0,100.0,2,None,None,0,,0,"Damage: 0, Status: 0, Hazard: 0, Weather: 0, Cleric: 0, Screen: 0, Pass: 0",None
lass_dana_0400_Flaaffy,lass_dana_0400,FLAAFFY,"Tackle: 1795 (38.2%), Thunder Shock: 1491 (31.7%), Thunder Wave: 902 (19.2%), Growl: 511 (10.9%)",484,949,0.51,156,0.67,11,4.92,2.19,195,277,184,101,2.0,1147,"Magikarp: 54, Bellsprout: 28, Pidgey: 23","Seaking: 20, Koffing: 20, Magmar: 18",60,27.03,0,"Damage: 144, Status: 128, Hazard: 0, Weather: 0, Cleric: 0, Screen: 0, Pass: 0",None
lass_dana_0400_Psyduck,lass_dana_0400,PSYDUCK,"Disable: 847 (30.9%), Water Gun: 812 (29.6%), Confusion: 792 (28.9%), Tail Whip: 289 (10.5%)",187,877,0.21,19,0.23,1,4.46,1.66,91,293,112,66,-3.08,975,"Geodude: 19, Haunter: 15, Onix: 11","Seaking: 22, Koffing: 17, Quagsire: 16",15,28.3,1,"Damage: 19, Status: 12, Hazard: 0, Weather: 0, Cleric: 0, Screen: 0, Pass: 0",None
lass_dana_0400_Quagsire,lass_dana_0400,QUAGSIRE,None,0,0,0.0,0,0.0,0,0.0,0.0,0,0,0,0,0.0,4,None,None,0,,0,"Damage: 0, Status: 0, Hazard: 0, Weather: 0, Cleric: 0, Screen: 0, Pass: 0",None
lass_dana_0464_Dugtrio,lass_dana_0464,DUGTRIO,None,0,0,0.0,0,0.0,0,0.0,0.0,0,0,2,0,100.0,2,None,None,0,,0,"Damage: 0, Status: 0, Hazard: 0, Weather: 0, Cleric: 0, Screen: 0, Pass: 0",None
lass_dana_0464_Flaaffy,lass_dana_0464,FLAAFFY,"Charge: 2969 (38.5%), Discharge: 2079 (27.0%), Thunder Wave: 1513 (19.6%), Cotton Spore: 1129 (14.6%), Struggle: 10 (0.1%), Tackle: 4 (0.1%), Thunder Shock: 4 (0.1%)",1011,863,1.17,233,1.44,12,6.76,3.01,98,403,215,262,-0.9,1267,"Magikarp: 56, Goldeen: 40, Bellsprout: 29","Seaking: 26, Sandslash: 22, Quagsire: 18",139,51.93,0,"Damage: 128, Status: 230, Hazard: 0, Weather: 0, Cleric: 0, Screen: 0, Pass: 0",None
lass_dana_0464_Psyduck,lass_dana_0464,PSYDUCK,"Disable: 920 (32.9%), Confusion: 794 (28.4%), Water Pulse: 782 (28.0%), Screech: 296 (10.6%), Tail Whip: 2 (0.1%), Water Gun: 1 (0.0%)",340,715,0.48,33,0.52,1,4.59,1.64,77,304,115,179,-3.42,891,"Geodude: 27, Onix: 14, Diglett: 13","Seaking: 25, Quagsire: 18, Graveler: 16",37,22.92,0,"Damage: 33, Status: 27, Hazard: 0, Weather: 0, Cleric: 0, Screen: 0, Pass: 0",None
lass_dana_0464_Quagsire,lass_dana_0464,QUAGSIRE,None,0,0,0.0,0,0.0,0,0.0,0.0,0,0,0,0,0.0,5,None,None,0,,0,"Damage: 0, Status: 0, Hazard: 0, Weather: 0, Cleric: 0, Screen: 0, Pass: 0",None
lass_dana_0465_Ampharos,lass_dana_0465,AMPHAROS,"Signal Beam: 1431 (39.3%), Discharge: 1086 (29.8%), Thunder Wave: 870 (23.9%), Cotton Spore: 253 (7.0%)",807,434,1.86,53,1.98,0,5.73,2.2,159,111,126,289,4.84,847,"Seaking: 25, Butterfree: 22, Exeggcute: 20","Quagsire: 23, Butterfree: 18, Magmar: 12",122,53.45,0,"Damage: 44, Status: 36, Hazard: 0, Weather: 0, Cleric: 0, Screen: 0, Pass: 0",None
lass_dana_0465_Dugtrio,lass_dana_0465,DUGTRIO,None,0,0,0.0,0,0.0,0,0.0,0.0,0,0,2,0,100.0,2,None,None,0,,0,"Damage: 0, Status: 0, Hazard: 0, Weather: 0, Cleric: 0, Screen: 0, Pass: 0",None
lass_dana_0465_Flaaffy,lass_dana_0465,FLAAFFY,"Thunder Wave: 5 (33.3%), Discharge: 4 (26.7%), Tackle: 3 (20.0%), Charge: 2 (13.3%), Growl: 1 (6.7%)",0,4,0.0,0,0.0,0,4.75,0.0,0,1,0,0,-6.67,4,None,None,0,100.0,0,"Damage: 0, Status: 0, Hazard: 0, Weather: 0, Cleric: 0, Screen: 0, Pass: 0",None
lass_dana_0465_Golduck,lass_dana_0465,GOLDUCK,"Confusion: 1870 (30.9%), Water Pulse: 1801 (29.8%), Disable: 1540 (25.5%), Screech: 839 (13.9%)",1209,797,1.52,524,2.17,22,5.26,2.65,227,520,205,339,-1.36,1304,"Magikarp: 56, Koffing: 43, Geodude: 34","Seaking: 23, Quagsire: 20, Butterfree: 20",184,63.08,0,"Damage: 524, Status: 136, Hazard: 0, Weather: 0, Cleric: 0, Screen: 0, Pass: 0",None
lass_dana_0465_Psyduck,lass_dana_0465,PSYDUCK,"Disable: 3 (42.9%), Confusion: 3 (42.9%), Screech: 1 (14.3%)",0,4,0.0,0,0.0,0,3.75,0.0,0,1,0,0,-14.29,4,None,None,0,,0,"Damage: 0, Status: 0, Hazard: 0, Weather: 0, Cleric: 0, Screen: 0, Pass: 0",None
lass_dana_0465_Quagsire,lass_dana_0465,QUAGSIRE,None,0,0,0.0,0,0.0,0,0.0,0.0,0,0,0,0,0.0,5,None,None,0,,0,"Damage: 0, Status: 0, Hazard: 0, Weather: 0, Cleric: 0, Screen: 0, Pass: 0",None
lass_dana_0528_Ampharos,lass_dana_0528,AMPHAROS,"Signal Beam: 556 (33.6%), Thunder Wave: 398 (24.1%), Thunder: 383 (23.2%), Discharge: 316 (19.1%)",536,124,4.32,64,4.84,1,5.11,1.95,55,169,50,67,-4.05,437,"Seaking: 28, Butterfree: 18, Qwilfish: 14","Quagsire: 12, Vileplume: 7, Seaking: 7",81,75.0,0,"Damage: 53, Status: 31, Hazard: 0, Weather: 0, Cleric: 0, Screen: 0, Pass: 0",None
lass_dana_0528_Dugtrio,lass_dana_0528,DUGTRIO,None,0,0,0.0,0,0.0,0,0.0,0.0,0,0,2,0,100.0,2,None,None,0,,0,"Damage: 0, Status: 0, Hazard: 0, Weather: 0, Cleric: 0, Screen: 0, Pass: 0",None
lass_dana_0528_Flaaffy,lass_dana_0528,FLAAFFY,"Thunder Wave: 4 (44.4%), Discharge: 2 (22.2%), Charge: 1 (11.1%), Tackle: 1 (11.1%), Thunder Shock: 1 (11.1%)",0,4,0.0,0,0.0,0,2.75,0.0,1,0,0,0,11.11,4,None,None,0,100.0,0,"Damage: 0, Status: 0, Hazard: 0, Weather: 0, Cleric: 0, Screen: 0, Pass: 0",None
lass_dana_0528_Golduck,lass_dana_0528,GOLDUCK,"Confusion: 2264 (33.1%), Water Pulse: 2101 (30.7%), Amnesia: 1623 (23.7%), Screech: 849 (12.4%)",1806,352,5.13,379,6.21,31,6.21,2.96,250,246,192,345,2.98,1195,"Magikarp: 57, Graveler: 52, Koffing: 43","Seaking: 14, Quagsire: 13, Vileplume: 10",293,87.57,0,"Damage: 379, Status: 110, Hazard: 0, Weather: 0, Cleric: 0, Screen: 0, Pass: 0",None
lass_dana_0528_Psyduck,lass_dana_0528,PSYDUCK,"Disable: 5 (38.5%), Screech: 3 (23.1%), Water Pulse: 2 (15.4%), Confusion: 2 (15.4%), Tail Whip: 1 (7.7%)",0,4,0.0,0,0.0,0,4.75,0.0,0,2,0,0,-15.38,4,None,None,0,,0,"Damage: 0, Status: 0, Hazard: 0, Weather: 0, Cleric: 0, Screen: 0, Pass: 0",None
lass_dana_0528_Quagsire,lass_dana_0528,QUAGSIRE,None,0,0,0.0,0,0.0,0,0.0,0.0,0,0,0,0,0.0,2,None,None,0,,0,"Damage: 0, Status: 0, Hazard: 0, Weather: 0, Cleric: 0, Screen: 0, Pass: 0",None
lass_ellen_0419_Dugtrio,lass_ellen_0419,DUGTRIO,None,0,0,0.0,0,0.0,0,0.0,0.0,0,0,1,0,100.0,1,None,None,0,,0,"Damage: 0, Status: 0, Hazard: 0, Weather: 0, Cleric: 0, Screen: 0, Pass: 0",None
lass_ellen_0419_Granbull,lass_ellen_0419,GRANBULL,"Take Down: 1071 (29.1%), Rage: 997 (27.1%), Headbutt: 964 (26.2%), Roar: 652 (17.7%)",1165,570,2.04,47,2.13,0,4.92,2.29,171,214,183,134,3.42,1116,"Butterfree: 38, Pikachu: 38, Seaking: 31","Seadra: 19, Golem: 16, Quagsire: 14",159,77.05,0,"Damage: 47, Status: 0, Hazard: 0, Weather: 0, Cleric: 0, Screen: 0, Pass: 0",None
lass_ellen_0419_Quagsire,lass_ellen_0419,QUAGSIRE,None,0,0,0.0,0,0.0,0,0.0,0.0,0,0,0,0,0.0,7,None,None,0,,0,"Damage: 0, Status: 0, Hazard: 0, Weather: 0, Cleric: 0, Screen: 0, Pass: 0",None
lass_ellen_0419_Wigglytuff,lass_ellen_0419,WIGGLYTUFF,"Defense Curl: 5752 (29.5%), Disable: 4989 (25.6%), Double Slap: 4820 (24.8%), Sing: 3856 (19.8%), Struggle: 54 (0.3%)",507,1062,0.48,554,1.0,0,16.38,6.38,229,3979,547,0,-16.0,1309,"Magikarp: 55, Bellsprout: 32, Pidgey: 16","Seaking: 23, Goldeen: 22, Butterfree: 19",68,33.46,0,"Damage: 508, Status: 354, Hazard: 0, Weather: 0, Cleric: 0, Screen: 0, Pass: 0",None
lass_krise_0184_Cubone,lass_krise_0184,CUBONE,"Headbutt: 720 (36.5%), Bone Club: 544 (27.6%), Focus Energy: 356 (18.0%), Leer: 353 (17.9%)",181,914,0.2,34,0.24,0,3.9,1.82,161,153,109,200,5.19,1013,"Growlithe: 14, Koffing: 9, Magnemite: 8","Koffing: 19, Seaking: 18, Magmar: 17",18,12.5,1,"Damage: 34, Status: 0, Hazard: 0, Weather: 0, Cleric: 0, Screen: 0, Pass: 0",None
lass_krise_0184_Dugtrio,lass_krise_0184,DUGTRIO,None,0,0,0.0,0,0.0,0,0.0,0.0,0,0,2,0,100.0,2,None,None,0,,0,"Damage: 0, Status: 0, Hazard: 0, Weather: 0, Cleric: 0, Screen: 0, Pass: 0",None
lass_krise_0184_Oddish,lass_krise_0184,ODDISH,"Acid: 1130 (40.6%), Absorb: 686 (24.6%), Sweet Scent: 613 (22.0%), Poison Powder: 357 (12.8%)",308,1000,0.31,191,0.5,2,3.52,1.95,104,195,145,86,1.83,1143,"Magikarp: 53, Bellsprout: 28, Geodude: 20","Koffing: 22, Growlithe: 22, Magmar: 19",40,21.35,0,"Damage: 179, Status: 92, Hazard: 0, Weather: 0, Cleric: 0, Screen: 0, Pass: 0",None
lass_krise_0184_Quagsire,lass_krise_0184,QUAGSIRE,None,0,0,0.0,0,0.0,0,0.0,0.0,0,0,0,0,0.0,4,None,None,0,,0,"Damage: 0, Status: 0, Hazard: 0, Weather: 0, Cleric: 0, Screen: 0, Pass: 0",None
lass_krise_0613_Cubone,lass_krise_0613,CUBONE,"Thrash: 1132 (40.5%), Rage: 616 (22.1%), False Swipe: 595 (21.3%), Bonemerang: 446 (16.0%), Bone Club: 3 (0.1%), Focus Energy: 1 (0.0%)",292,814,0.36,33,0.4,0,4.98,2.24,171,146,119,0,4.95,944,"Magnemite: 17, Magmar: 15, Pikachu: 15","Seaking: 25, Butterfree: 18, Graveler: 17",27,24.07,0,"Damage: 33, Status: 0, Hazard: 0, Weather: 0, Cleric: 0, Screen: 0, Pass: 0",None
lass_krise_0613_Dugtrio,lass_krise_0613,DUGTRIO,None,0,0,0.0,0,0.0,0,0.0,0.0,0,0,2,0,100.0,2,None,None,0,,0,"Damage: 0, Status: 0, Hazard: 0, Weather: 0, Cleric: 0, Screen: 0, Pass: 0",None
lass_krise_0613_Oddish,lass_krise_0613,ODDISH,"Mega Drain: 2926 (61.4%), Stun Spore: 1420 (29.8%), Sleep Powder: 265 (5.6%), Poison Powder: 146 (3.1%), Acid: 8 (0.2%), Sweet Scent: 2 (0.0%), Absorb: 1 (0.0%)",583,915,0.64,225,0.88,23,5.06,2.44,195,607,190,0,-4.48,1169,"Magikarp: 58, Geodude: 36, Bellsprout: 28","Graveler: 24, Seaking: 24, Magmar: 22",81,36.1,0,"Damage: 189, Status: 220, Hazard: 0, Weather: 0, Cleric: 0, Screen: 0, Pass: 0",None
lass_krise_0613_Quagsire,lass_krise_0613,QUAGSIRE,None,0,0,0.0,0,0.0,0,0.0,0.0,0,0,0,0,0.0,4,None,None,0,,0,"Damage: 0, Status: 0, Hazard: 0, Weather: 0, Cleric: 0, Screen: 0, Pass: 0",None
lass_krise_0614_Cubone,lass_krise_0614,CUBONE,"Thrash: 6 (60.0%), Bonemerang: 2 (20.0%), Rage: 1 (10.0%), False Swipe: 1 (10.0%)",0,4,0.0,0,0.0,0,5.0,0.0,1,1,0,0,0.0,4,None,None,0,,0,"Damage: 0, Status: 0, Hazard: 0, Weather: 0, Cleric: 0, Screen: 0, Pass: 0",None
lass_krise_0614_Dugtrio,lass_krise_0614,DUGTRIO,None,0,0,0.0,0,0.0,0,0.0,0.0,0,0,2,0,100.0,2,None,None,0,,0,"Damage: 0, Status: 0, Hazard: 0, Weather: 0, Cleric: 0, Screen: 0, Pass: 0",None
lass_krise_0614_Gloom,lass_krise_0614,GLOOM,"Mega Drain: 4446 (49.8%), Stun Spore: 2171 (24.3%), Lucky Chant: 1705 (19.1%), Sleep Powder: 596 (6.7%), Struggle: 10 (0.1%)",1082,827,1.31,372,1.76,0,8.05,3.69,248,820,265,0,-3.34,1277,"Magikarp: 57, Machop: 32, Onix: 32","Magmar: 22, Beedrill: 21, Farfetchd: 21",150,54.83,0,"Damage: 312, Status: 360, Hazard: 0, Weather: 0, Cleric: 0, Screen: 0, Pass: 0",None
lass_krise_0614_Marowak,lass_krise_0614,MAROWAK,"Thrash: 1557 (51.0%), False Swipe: 747 (24.5%), Rage: 746 (24.5%)",502,620,0.81,44,0.88,0,5.43,2.37,177,67,118,0,7.2,859,"Butterfree: 25, Beedrill: 18, Magmar: 16","Butterfree: 16, Magmar: 16, Quagsire: 15",59,43.86,0,"Damage: 44, Status: 0, Hazard: 0, Weather: 0, Cleric: 0, Screen: 0, Pass: 0",None
lass_krise_0614_Oddish,lass_krise_0614,ODDISH,"Mega Drain: 24 (70.6%), Acid: 5 (14.7%), Stun Spore: 2 (5.9%), Absorb: 2 (5.9%), Sweet Scent: 1 (2.9%)",0,4,0.0,0,0.0,0,13.25,0.0,0,0,0,0,0.0,4,None,None,0,100.0,0,"Damage: 0, Status: 0, Hazard: 0, Weather: 0, Cleric: 0, Screen: 0, Pass: 0",None
lass_krise_0614_Quagsire,lass_krise_0614,QUAGSIRE,None,0,0,0.0,0,0.0,0,0.0,0.0,0,0,0,0,0.0,4,None,None,0,,0,"Damage: 0, Status: 0, Hazard: 0, Weather: 0, Cleric: 0, Screen: 0, Pass: 0",None
lass_krise_0615_Cubone,lass_krise_0615,CUBONE,"False Swipe: 3 (33.3%), Bonemerang: 2 (22.2%), Thrash: 2 (22.2%), Rage: 2 (22.2%)",0,4,0.0,0,0.0,0,4.75,0.0,1,1,0,0,0.0,4,None,None,0,,0,"Damage: 0, Status: 0, Hazard: 0, Weather: 0, Cleric: 0, Screen: 0, Pass: 0",None
lass_krise_0615_Dugtrio,lass_krise_0615,DUGTRIO,None,0,0,0.0,0,0.0,0,0.0,0.0,0,0,2,0,100.0,2,None,None,0,,0,"Damage: 0, Status: 0, Hazard: 0, Weather: 0, Cleric: 0, Screen: 0, Pass: 0",None
lass_krise_0615_Gloom,lass_krise_0615,GLOOM,"Stun Spore: 5 (55.6%), Lucky Chant: 2 (22.2%), Mega Drain: 2 (22.2%)",0,2,0.0,0,0.0,0,6.0,0.0,0,2,0,0,-22.22,2,None,None,0,100.0,0,"Damage: 0, Status: 0, Hazard: 0, Weather: 0, Cleric: 0, Screen: 0, Pass: 0",None
lass_krise_0615_Marowak,lass_krise_0615,MAROWAK,"Double Edge: 961 (92.0%), Bone Rush: 60 (5.7%), Endeavor: 21 (2.0%), Thrash: 2 (0.2%), False Swipe: 1 (0.1%)",524,129,4.06,26,4.26,0,3.7,1.48,65,41,44,0,6.24,433,"Magmar: 33, Butterfree: 30, Parasect: 18","Golduck: 7, Skarmory: 6, Starmie: 5",74,83.33,0,"Damage: 26, Status: 0, Hazard: 0, Weather: 0, Cleric: 0, Screen: 0, Pass: 0",None
lass_krise_0615_Oddish,lass_krise_0615,ODDISH,"Stun Spore: 3 (75.0%), Mega Drain: 1 (25.0%)",0,4,0.0,0,0.0,0,2.0,0.0,1,1,0,0,0.0,4,None,None,0,100.0,0,"Damage: 0, Status: 0, Hazard: 0, Weather: 0, Cleric: 0, Screen: 0, Pass: 0",None
lass_krise_0615_Vileplume,lass_krise_0615,VILEPLUME,"Petal Dance: 3222 (66.5%), Stun Spore: 1260 (26.0%), Poison Powder: 282 (5.8%), Aromatherapy: 82 (1.7%)",1875,361,5.19,322,6.09,25,5.09,2.17,201,463,134,0,-2.57,1192,"Magikarp: 58, Seaking: 50, Graveler: 43","Magmar: 24, Parasect: 16, Rapidash: 15",299,89.38,0,"Damage: 275, Status: 199, Hazard: 0, Weather: 0, Cleric: 0, Screen: 0, Pass: 0",None
lass_laura_0354_Bellossom,lass_laura_0354,BELLOSSOM,"Magical Leaf: 1213 (55.8%), Stun Spore: 561 (25.8%), Sunny Day: 248 (11.4%), Sweet Scent: 152 (7.0%)",315,369,0.85,77,1.06,9,5.47,2.53,80,170,79,0,-0.49,561,"Magnemite: 18, Electrode: 14, Fearow: 10","Magmar: 22, Noctowl: 12, Fearow: 12",36,,1,"Damage: 70, Status: 62, Hazard: 0, Weather: 0, Cleric: 0, Screen: 0, Pass: 0",None
lass_laura_0354_Dugtrio,lass_laura_0354,DUGTRIO,None,0,0,0.0,0,0.0,0,0.0,0.0,0,0,3,0,100.0,2,None,None,0,,0,"Damage: 0, Status: 0, Hazard: 0, Weather: 0, Cleric: 0, Screen: 0, Pass: 0",None
lass_laura_0354_Gloom,lass_laura_0354,GLOOM,"Mega Drain: 4654 (53.8%), Sleep Powder: 2005 (23.2%), Lucky Chant: 1674 (19.3%), Natural Gift: 325 (3.8%)",1267,654,1.94,465,2.65,48,7.96,2.91,292,623,214,0,-1.32,1238,"Magikarp: 58, Graveler: 37, Voltorb: 33","Magmar: 24, Butterfree: 22, Fearow: 20",191,67.69,0,"Damage: 447, Status: 323, Hazard: 0, Weather: 0, Cleric: 0, Screen: 0, Pass: 0",None
lass_laura_0354_Pidgeotto,lass_laura_0354,PIDGEOTTO,"Wing Attack: 1280 (67.1%), Agility: 309 (16.2%), Feather Dance: 200 (10.5%), Twister: 120 (6.3%)",444,401,1.11,104,1.37,9,4.32,1.78,89,14,100,0,8.71,635,"Butterfree: 41, Beedrill: 20, Skiploom: 15","Magmar: 18, Rapidash: 15, Noctowl: 13",59,59.26,1,"Damage: 104, Status: 0, Hazard: 0, Weather: 0, Cleric: 0, Screen: 0, Pass: 0",None
lass_linda_0136_Bulbasaur,lass_linda_0136,BULBASAUR,"Double Edge: 1260 (36.1%), Sludge Bomb: 1169 (33.5%), Leech Seed: 588 (16.9%), Toxic: 471 (13.5%)",1008,768,1.31,650,2.16,30,3.59,1.9,162,190,111,155,2.01,1207,"Magikarp: 56, Bellsprout: 30, Voltorb: 28","Graveler: 27, Magmar: 24, Butterfree: 21",137,60.73,3,"Damage: 524, Status: 385, Hazard: 0, Weather: 0, Cleric: 0, Screen: 0, Pass: 0",None
lass_linda_0136_Dugtrio,lass_linda_0136,DUGTRIO,None,0,0,0.0,0,0.0,0,0.0,0.0,0,0,4,0,100.0,2,None,None,0,,0,"Damage: 0, Status: 0, Hazard: 0, Weather: 0, Cleric: 0, Screen: 0, Pass: 0",None
lass_linda_0136_Ivysaur,lass_linda_0136,IVYSAUR,"Double Edge: 753 (39.6%), Sludge Bomb: 708 (37.2%), Leech Seed: 263 (13.8%), Toxic: 177 (9.3%)",529,453,1.17,381,2.01,22,3.87,1.82,82,94,96,110,4.22,809,"Seaking: 19, Butterfree: 14, Fearow: 11","Magmar: 25, Graveler: 22, Flareon: 16",63,68.52,1,"Damage: 328, Status: 196, Hazard: 0, Weather: 0, Cleric: 0, Screen: 0, Pass: 0",None
lass_linda_0136_Quagsire,lass_linda_0136,QUAGSIRE,None,0,0,0.0,0,0.0,0,0.0,0.0,0,0,0,0,0.0,2,None,None,0,,0,"Damage: 0, Status: 0, Hazard: 0, Weather: 0, Cleric: 0, Screen: 0, Pass: 0",None
lass_linda_0136_Venusaur,lass_linda_0136,VENUSAUR,"Double Edge: 540 (43.6%), Sludge Bomb: 411 (33.2%), Leech Seed: 158 (12.8%), Toxic: 130 (10.5%)",353,210,1.68,94,2.13,5,3.87,1.65,58,61,61,67,4.33,488,"Butterfree: 21, Magmar: 12, Flareon: 9","Golem: 12, Magmar: 10, Graveler: 7",46,,0,"Damage: 87, Status: 62, Hazard: 0, Weather: 0, Cleric: 0, Screen: 0, Pass: 0",None
lass_michelle_0356_Hoppip,lass_michelle_0356,HOPPIP,"Bounce: 2666 (59.3%), Stun Spore: 866 (19.3%), Giga Drain: 536 (11.9%), U Turn: 430 (9.6%)",614,658,0.93,492,1.68,14,5.76,2.0,131,430,1176,0,15.46,1042,"Magikarp: 26, Butterfree: 23, Bellsprout: 16","Magmar: 25, Koffing: 18, Rapidash: 17",79,56.0,1,"Damage: 439, Status: 293, Hazard: 0, Weather: 0, Cleric: 0, Screen: 0, Pass: 0",None
lass_michelle_0356_Jumpluff,lass_michelle_0356,JUMPLUFF,"U Turn: 1150 (30.7%), Sleep Powder: 995 (26.6%), Giga Drain: 968 (25.9%), Sunny Day: 627 (16.8%)",438,330,1.33,166,1.83,17,7.48,2.07,117,280,71,0,-2.41,669,"Magnemite: 21, Electrode: 14, Quagsire: 12","Magmar: 21, Beedrill: 11, Rapidash: 10",53,,0,"Damage: 155, Status: 97, Hazard: 0, Weather: 1, Cleric: 0, Screen: 0, Pass: 0",None
lass_michelle_0356_Quagsire,lass_michelle_0356,QUAGSIRE,None,0,0,0.0,0,0.0,0,0.0,0.0,0,0,0,0,0.0,1,None,None,0,,0,"Damage: 0, Status: 0, Hazard: 0, Weather: 0, Cleric: 0, Screen: 0, Pass: 0",None
lass_michelle_0356_Skiploom,lass_michelle_0356,SKIPLOOM,"Giga Drain: 1604 (31.9%), U Turn: 1340 (26.6%), Sunny Day: 1128 (22.4%), Leech Seed: 959 (19.1%)",837,555,1.51,919,3.16,65,7.19,2.01,195,147,201,0,4.76,1275,"Magikarp: 32, Seaking: 27, Onix: 23","Magmar: 28, Beedrill: 16, Rapidash: 15",119,79.92,3,"Damage: 811, Status: 496, Hazard: 0, Weather: 4, Cleric: 0, Screen: 0, Pass: 0",None
lass_shannon_0355_Dugtrio,lass_shannon_0355,DUGTRIO,None,0,0,0.0,0,0.0,0,0.0,0.0,0,0,2,0,100.0,1,None,None,0,,0,"Damage: 0, Status: 0, Hazard: 0, Weather: 0, Cleric: 0, Screen: 0, Pass: 0",None
lass_shannon_0355_Paras,lass_shannon_0355,PARAS,"Slash: 3102 (43.7%), Growth: 2742 (38.6%), Giga Drain: 1135 (16.0%), Aromatherapy: 125 (1.8%)",1293,1753,0.74,363,0.94,10,6.53,3.98,427,104,346,0,8.98,1343,"Magikarp: 58, Onix: 31, Pikachu: 31","Butterfree: 55, Graveler: 53, Fearow: 36",192,46.81,1,"Damage: 354, Status: 88, Hazard: 0, Weather: 0, Cleric: 0, Screen: 0, Pass: 0",None
lass_shannon_0355_Parasect,lass_shannon_0355,PARASECT,"Slash: 1259 (42.2%), Growth: 935 (31.3%), Giga Drain: 399 (13.4%), Spore: 392 (13.1%)",512,567,0.9,17,0.93,1,5.45,2.37,181,34,103,0,8.1,842,"Magnemite: 23, Butterfree: 15, Corsola: 14","Butterfree: 22, Magmar: 21, Rapidash: 16",70,,0,"Damage: 17, Status: 5, Hazard: 0, Weather: 0, Cleric: 0, Screen: 0, Pass: 0",None
lass_shannon_0355_Quagsire,lass_shannon_0355,QUAGSIRE,None,0,0,0.0,0,0.0,0,0.0,0.0,0,0,0,0,0.0,2,None,None,0,,0,"Damage: 0, Status: 0, Hazard: 0, Weather: 0, Cleric: 0, Screen: 0, Pass: 0",None
medium_bethany_0175_Haunter,medium_bethany_0175,HAUNTER,"Sucker Punch: 3503 (41.5%), Shadow Punch: 1894 (22.5%), Night Shade: 1600 (19.0%), Confuse Ray: 1256 (14.9%), Struggle: 178 (2.1%)",764,887,0.86,44,0.91,0,7.71,1.93,142,133,308,0,3.63,1207,"Magikarp: 60, Bellsprout: 31, Geodude: 25","Seaking: 22, Magmar: 20, Graveler: 19",99,43.08,0,"Damage: 25, Status: 44, Hazard: 0, Weather: 0, Cleric: 0, Screen: 0, Pass: 0",None
medium_darcy_0369_Quagsire,medium_darcy_0369,QUAGSIRE,None,0,0,0.0,0,0.0,0,0.0,0.0,0,0,0,0,0.0,7,None,None,0,,0,"Damage: 0, Status: 0, Hazard: 0, Weather: 0, Cleric: 0, Screen: 0, Pass: 0",None
medium_darcy_0369_Slowbro,medium_darcy_0369,SLOWBRO,"Psychic: 2237 (46.4%), Yawn: 1148 (23.8%), Slack Off: 1029 (21.3%), Skill Swap: 379 (7.9%), Struggle: 31 (0.6%)",1045,259,4.03,23,4.12,0,7.6,3.63,116,103,165,105,3.52,812,"Butterfree: 35, Seaking: 28, Magnemite: 28","Golem: 10, Sunflora: 10, Ampharos: 10",154,66.67,0,"Damage: 19, Status: 9, Hazard: 0, Weather: 0, Cleric: 0, Screen: 0, Pass: 0",None
medium_darcy_0369_Slowpoke,medium_darcy_0369,SLOWPOKE,"Psychic: 2851 (44.4%), Amnesia: 1533 (23.9%), Disable: 1530 (23.8%), Skill Swap: 511 (8.0%), Struggle: 1 (0.0%)",1165,768,1.52,401,2.04,0,6.21,3.77,175,473,317,143,0.16,1244,"Magikarp: 57, Bellsprout: 30, Geodude: 28","Butterfree: 25, Graveler: 21, Magmar: 18",169,61.66,0,"Damage: 399, Status: 5, Hazard: 0, Weather: 0, Cleric: 0, Screen: 0, Pass: 0",None
medium_edith_0493_Haunter,medium_edith_0493,HAUNTER,"Sucker Punch: 3211 (62.1%), Night Shade: 983 (19.0%), Confuse Ray: 601 (11.6%), Curse: 378 (7.3%)",495,918,0.54,153,0.71,0,4.81,1.77,93,115,178,0,2.92,1186,"Magikarp: 44, Bellsprout: 28, Geodude: 21","Koffing: 19, Graveler: 19, Magmar: 18",67,39.29,0,"Damage: 101, Status: 101, Hazard: 0, Weather: 0, Cleric: 0, Screen: 0, Pass: 0",None
medium_ethel_0177_Haunter,medium_ethel_0177,HAUNTER,"Sucker Punch: 3424 (41.4%), Shadow Punch: 1894 (22.9%), Night Shade: 1594 (19.3%), Confuse Ray: 1179 (14.2%), Struggle: 184 (2.2%)",703,893,0.79,42,0.83,0,7.82,1.98,147,147,336,0,3.9,1185,"Magikarp: 54, Bellsprout: 28, Koffing: 26","Graveler: 22, Seaking: 20, Magmar: 19",91,40.25,0,"Damage: 32, Status: 40, Hazard: 0, Weather: 0, Cleric: 0, Screen: 0, Pass: 0",None
medium_georgina_0494_Gastly,medium_georgina_0494,GASTLY,"Spite: 3078 (37.2%), Night Shade: 2183 (26.4%), Mean Look: 1910 (23.1%), Curse: 1108 (13.4%)",381,4811,0.08,359,0.15,0,9.19,4.92,0,169,467,0,3.41,1269,"Magikarp: 45, Bellsprout: 27, Geodude: 14","Azumarill: 108, Seaking: 104, Graveler: 101",48,24.53,42,"Damage: 359, Status: 0, Hazard: 0, Weather: 0, Cleric: 0, Screen: 0, Pass: 0",None
medium_georgina_0494_Quagsire,medium_georgina_0494,QUAGSIRE,None,0,0,0.0,0,0.0,0,0.0,0.0,0,0,0,0,0.0,3,None,None,0,,0,"Damage: 0, Status: 0, Hazard: 0, Weather: 0, Cleric: 0, Screen: 0, Pass: 0",None
medium_grace_0089_Haunter,medium_grace_0089,HAUNTER,"Night Shade: 2310 (37.3%), Mean Look: 1541 (24.9%), Confuse Ray: 1356 (21.9%), Curse: 993 (16.0%)",583,1876,0.31,446,0.55,0,5.59,2.38,0,101,209,0,1.69,1249,"Magikarp: 51, Bellsprout: 26, Koffing: 23","Graveler: 45, Seaking: 38, Magmar: 38",75,37.18,4,"Damage: 253, Status: 319, Hazard: 0, Weather: 0, Cleric: 0, Screen: 0, Pass: 0",None
medium_grace_0089_Quagsire,medium_grace_0089,QUAGSIRE,None,0,0,0.0,0,0.0,0,0.0,0.0,0,0,0,0,0.0,3,None,None,0,,0,"Damage: 0, Status: 0, Hazard: 0, Weather: 0, Cleric: 0, Screen: 0, Pass: 0",None
medium_margaret_0176_Haunter,medium_margaret_0176,HAUNTER,"Sucker Punch: 3458 (42.8%), Shadow Punch: 1827 (22.6%), Night Shade: 1484 (18.4%), Confuse Ray: 1135 (14.1%), Struggle: 174 (2.2%)",702,896,0.78,43,0.83,0,7.41,1.99,160,137,282,0,3.65,1202,"Magikarp: 57, Koffing: 29, Bellsprout: 28","Seaking: 23, Graveler: 22, Butterfree: 16",94,40.1,0,"Damage: 25, Status: 41, Hazard: 0, Weather: 0, Cleric: 0, Screen: 0, Pass: 0",None
medium_martha_0046_Gastly,medium_martha_0046,GASTLY,"Spite: 1438 (31.1%), Night Shade: 1332 (28.8%), Mean Look: 1027 (22.2%), Curse: 636 (13.8%), Confuse Ray: 186 (4.0%)",301,1829,0.16,282,0.32,0,6.39,2.21,0,124,205,0,1.68,1196,"Magikarp: 48, Bellsprout: 19, Geodude: 17","Seaking: 42, Graveler: 42, Magmar: 37",36,27.01,13,"Damage: 256, Status: 38, Hazard: 0, Weather: 0, Cleric: 0, Screen: 0, Pass: 0",None
medium_martha_0046_Haunter,medium_martha_0046,HAUNTER,"Night Shade: 812 (36.8%), Mean Look: 612 (27.7%), Confuse Ray: 478 (21.7%), Curse: 304 (13.8%)",210,873,0.24,267,0.55,0,3.81,1.35,0,23,100,0,3.34,1058,"Koffing: 17, Voltorb: 10, Shellder: 10","Graveler: 25, Magmar: 21, Seaking: 20",25,26.92,4,"Damage: 148, Status: 173, Hazard: 0, Weather: 0, Cleric: 0, Screen: 0, Pass: 0",None
medium_martha_0046_Quagsire,medium_martha_0046,QUAGSIRE,None,0,0,0.0,0,0.0,0,0.0,0.0,0,0,0,0,0.0,1,None,None,0,,0,"Damage: 0, Status: 0, Hazard: 0, Weather: 0, Cleric: 0, Screen: 0, Pass: 0",None
medium_rebecca_0368_Bronzor,medium_rebecca_0368,BRONZOR,"Faint Attack: 5020 (44.9%), Skill Swap: 3966 (35.5%), Safeguard: 1949 (17.4%), Gyro Ball: 217 (1.9%), Struggle: 22 (0.2%)",780,947,0.82,644,1.5,24,9.74,6.2,327,20,459,0,6.58,1328,"Magikarp: 57, Bellsprout: 29, Pidgey: 23","Magmar: 30, Seaking: 28, Butterfree: 20",109,46.01,0,"Damage: 644, Status: 4, Hazard: 0, Weather: 0, Cleric: 0, Screen: 0, Pass: 0",None
medium_rebecca_0368_Dugtrio,medium_rebecca_0368,DUGTRIO,None,0,0,0.0,0,0.0,0,0.0,0.0,0,0,2,0,100.0,2,None,None,0,,0,"Damage: 0, Status: 0, Hazard: 0, Weather: 0, Cleric: 0, Screen: 0, Pass: 0",None
medium_rebecca_0368_Hypno,medium_rebecca_0368,HYPNO,"Psybeam: 2601 (48.3%), Skill Swap: 1290 (24.0%), Hypnosis: 806 (15.0%), Swagger: 686 (12.7%)",1079,506,2.13,83,2.3,0,6.81,2.39,156,461,152,149,-2.7,1022,"Seadra: 27, Seaking: 22, Magnemite: 22","Butterfree: 23, Seaking: 19, Magmar: 19",166,66.67,0,"Damage: 77, Status: 69, Hazard: 0, Weather: 0, Cleric: 0, Screen: 0, Pass: 0",None
medium_rebecca_0368_Quagsire,medium_rebecca_0368,QUAGSIRE,None,0,0,0.0,0,0.0,0,0.0,0.0,0,0,0,0,0.0,2,None,None,0,,0,"Damage: 0, Status: 0, Hazard: 0, Weather: 0, Cleric: 0, Screen: 0, Pass: 0",None
mystery_man_eusine_0498_Drowzee,mystery_man_eusine_0498,DROWZEE,"Confusion: 1750 (31.8%), Hypnosis: 1666 (30.3%), Dream Eater: 1421 (25.8%), Disable: 661 (12.0%)",923,952,0.97,338,1.32,8,5.04,1.85,181,859,152,112,-9.08,1303,"Magikarp: 55, Geodude: 35, Onix: 30","Seaking: 29, Graveler: 24, Butterfree: 21",133,46.35,0,"Damage: 322, Status: 246, Hazard: 0, Weather: 0, Cleric: 0, Screen: 0, Pass: 0",None
mystery_man_eusine_0498_Dugtrio,mystery_man_eusine_0498,DUGTRIO,None,0,0,0.0,0,0.0,0,0.0,0.0,0,0,1,0,100.0,1,None,None,0,,0,"Damage: 0, Status: 0, Hazard: 0, Weather: 0, Cleric: 0, Screen: 0, Pass: 0",None
mystery_man_eusine_0498_Electrode,mystery_man_eusine_0498,ELECTRODE,"Thunder: 1509 (54.4%), Sonic Boom: 555 (20.0%), Screech: 551 (19.9%), Rollout: 158 (5.7%)",510,685,0.74,125,0.93,4,4.4,1.94,69,663,105,0,-16.99,924,"Butterfree: 17, Seaking: 16, Fearow: 16","Seaking: 21, Graveler: 20, Magmar: 18",63,,2,"Damage: 117, Status: 34, Hazard: 0, Weather: 0, Cleric: 0, Screen: 0, Pass: 0",None
mystery_man_eusine_0498_Haunter,mystery_man_eusine_0498,HAUNTER,"Lick: 1219 (48.3%), Mean Look: 509 (20.2%), Hypnosis: 461 (18.3%), Curse: 336 (13.3%)",63,700,0.09,195,0.37,1,4.74,1.56,83,199,75,325,-2.18,800,"Hitmonlee: 5, Koffing: 3, Mankey: 3","Seaking: 21, Magmar: 17, Graveler: 17",4,26.79,1,"Damage: 169, Status: 148, Hazard: 0, Weather: 0, Cleric: 0, Screen: 0, Pass: 0",None
mystery_man_eusine_0498_Quagsire,mystery_man_eusine_0498,QUAGSIRE,None,0,0,0.0,0,0.0,0,0.0,0.0,0,0,0,0,0.0,5,None,None,0,,0,"Damage: 0, Status: 0, Hazard: 0, Weather: 0, Cleric: 0, Screen: 0, Pass: 0",None
passerby_boy_0495_Chikorita,passerby_boy_0495,CHIKORITA,"Tackle: 1457 (53.3%), Growl: 1267 (46.3%), Struggle: 10 (0.4%)",62,1093,0.06,1,0.06,0,3.6,1.87,74,180,149,0,1.49,1104,"Bellsprout: 29, Caterpie: 14, Magikarp: 5","Koffing: 20, Bellsprout: 19, Onix: 18",6,4.08,0,"Damage: 1, Status: 0, Hazard: 0, Weather: 0, Cleric: 0, Screen: 0, Pass: 0",None
passerby_boy_0496_Chikorita,passerby_boy_0496,CHIKORITA,"Growl: 19 (57.6%), Tackle: 14 (42.4%)",0,2,0.0,0,0.0,0,17.5,0.0,0,19,0,0,-57.58,2,None,None,0,100.0,0,"Damage: 0, Status: 0, Hazard: 0, Weather: 0, Cleric: 0, Screen: 0, Pass: 0",None
passerby_boy_0496_Cyndaquil,passerby_boy_0496,CYNDAQUIL,"Tackle: 986 (35.3%), Leer: 978 (35.0%), Smoke Screen: 814 (29.1%), Struggle: 15 (0.5%)",54,1084,0.05,3,0.05,0,3.6,1.32,49,141,626,0,15.62,1100,"Bellsprout: 14, Caterpie: 8, Whismur: 4","Koffing: 19, Seaking: 18, Onix: 18",6,4.74,0,"Damage: 3, Status: 0, Hazard: 0, Weather: 0, Cleric: 0, Screen: 0, Pass: 0",None
passerby_boy_0497_Chikorita,passerby_boy_0497,CHIKORITA,"Growl: 12 (54.5%), Tackle: 10 (45.5%)",0,2,0.0,0,0.0,0,11.0,0.0,2,3,0,0,-4.55,2,None,None,0,100.0,0,"Damage: 0, Status: 0, Hazard: 0, Weather: 0, Cleric: 0, Screen: 0, Pass: 0",None
passerby_boy_0497_Cyndaquil,passerby_boy_0497,CYNDAQUIL,"Tackle: 6 (66.7%), Leer: 3 (33.3%)",0,2,0.0,0,0.0,0,4.5,0.0,0,0,0,0,0.0,2,None,None,0,100.0,0,"Damage: 0, Status: 0, Hazard: 0, Weather: 0, Cleric: 0, Screen: 0, Pass: 0",None
passerby_boy_0497_Totodile,passerby_boy_0497,TOTODILE,"Scratch: 1110 (51.6%), Leer: 1026 (47.7%), Struggle: 14 (0.7%)",71,1093,0.06,4,0.07,0,2.98,1.39,59,81,111,0,3.94,1112,"Caterpie: 21, Weedle: 8, Pidgey: 7","Koffing: 20, Seaking: 18, Onix: 18",6,4.15,0,"Damage: 4, Status: 0, Hazard: 0, Weather: 0, Cleric: 0, Screen: 0, Pass: 0",None
picnicker_adrian_0581_Shroomish,picnicker_adrian_0581,SHROOMISH,"Seed Bomb: 2109 (29.1%), Giga Drain: 2033 (28.1%), Growth: 2009 (27.7%), Spore: 1089 (15.0%)",1465,635,2.31,43,2.37,0,6.62,2.86,254,130,201,0,4.37,1261,"Magikarp: 58, Quagsire: 39, Seaking: 36","Magmar: 25, Butterfree: 18, Rapidash: 14",210,70.66,0,"Damage: 42, Status: 29, Hazard: 0, Weather: 0, Cleric: 0, Screen: 0, Pass: 0",None
picnicker_brooke_0076_Pikachu,picnicker_brooke_0076,PIKACHU,"Quick Attack: 1679 (33.5%), Growl: 1179 (23.6%), Double Team: 1090 (21.8%), Thunder Shock: 1054 (21.1%), Struggle: 3 (0.1%)",307,1019,0.3,16,0.32,0,5.08,1.8,143,264,1141,81,16.79,1141,"Magikarp: 54, Bellsprout: 28, Pidgey: 17","Seaking: 19, Growlithe: 17, Quagsire: 17",42,16.39,0,"Damage: 15, Status: 7, Hazard: 0, Weather: 0, Cleric: 0, Screen: 0, Pass: 0",None
picnicker_cheyenne_0582_Shinx,picnicker_cheyenne_0582,SHINX,"Crunch: 1352 (30.2%), Scary Face: 1268 (28.3%), Thunder Fang: 945 (21.1%), Discharge: 916 (20.4%)",1328,736,1.8,21,1.83,0,4.09,1.92,203,282,160,387,1.6,1253,"Magikarp: 58, Koffing: 37, Fearow: 30","Graveler: 22, Seaking: 20, Magmar: 20",172,64.25,0,"Damage: 21, Status: 0, Hazard: 0, Weather: 0, Cleric: 0, Screen: 0, Pass: 0",None
picnicker_cindy_0083_Nidoqueen,picnicker_cindy_0083,NIDOQUEEN,"Body Slam: 1574 (28.8%), Double Kick: 1429 (26.1%), Poison Jab: 1419 (26.0%), Earth Power: 1043 (19.1%)",2021,370,5.46,118,5.78,0,4.67,2.22,401,89,133,576,7.67,1261,"Magikarp: 58, Butterfree: 51, Seaking: 37","Quagsire: 15, Seaking: 14, Weezing: 12",301,88.18,0,"Damage: 118, Status: 55, Hazard: 0, Weather: 0, Cleric: 0, Screen: 0, Pass: 0",None
picnicker_debra_0139_Seaking,picnicker_debra_0139,SEAKING,"Fury Attack: 2059 (30.2%), Flail: 2046 (30.0%), Waterfall: 1883 (27.6%), Aqua Ring: 835 (12.2%)",1608,647,2.49,49,2.56,0,5.9,3.31,510,428,253,164,4.45,1304,"Magikarp: 58, Butterfree: 47, Magnemite: 33","Graveler: 17, Seadra: 14, Butterfree: 13",222,71.7,0,"Damage: 49, Status: 0, Hazard: 0, Weather: 0, Cleric: 0, Screen: 0, Pass: 0",None
picnicker_edna_0333_Nidorina,picnicker_edna_0333,NIDORINA,"Bite: 4304 (57.3%), Flatter: 1711 (22.8%), Toxic Spikes: 1319 (17.6%), Helping Hand: 171 (2.3%)",861,888,0.97,925,2.01,15,6.43,2.76,272,140,254,979,4.79,1347,"Magikarp: 43, Bellsprout: 31, Geodude: 21","Seaking: 28, Graveler: 27, Butterfree: 21",118,51.22,0,"Damage: 668, Status: 560, Hazard: 358, Weather: 0, Cleric: 0, Screen: 0, Pass: 0",None
picnicker_edna_0333_Quagsire,picnicker_edna_0333,QUAGSIRE,None,0,0,0.0,0,0.0,0,0.0,0.0,0,0,0,0,0.0,4,None,None,0,,0,"Damage: 0, Status: 0, Hazard: 0, Weather: 0, Cleric: 0, Screen: 0, Pass: 0",None
picnicker_edna_0333_Raichu,picnicker_edna_0333,RAICHU,"Quick Attack: 1057 (33.5%), Tail Whip: 779 (24.7%), Thunder Shock: 676 (21.5%), Thunderbolt: 639 (20.3%)",819,496,1.65,118,1.89,0,4.56,1.89,121,53,102,47,4.77,940,"Butterfree: 39, Seaking: 34, Seadra: 26","Quagsire: 18, Weezing: 18, Sandslash: 16",115,52.63,0,"Damage: 117, Status: 7, Hazard: 0, Weather: 0, Cleric: 0, Screen: 0, Pass: 0",None
picnicker_erin_0151_Dugtrio,picnicker_erin_0151,DUGTRIO,None,0,0,0.0,0,0.0,0,0.0,0.0,0,0,2,0,100.0,2,None,None,0,,0,"Damage: 0, Status: 0, Hazard: 0, Weather: 0, Cleric: 0, Screen: 0, Pass: 0",None
picnicker_erin_0151_Oddish,picnicker_erin_0151,ODDISH,"Absorb: 423 (30.7%), Sweet Scent: 372 (27.0%), Acid: 366 (26.6%), Poison Powder: 216 (15.7%)",74,940,0.08,41,0.12,0,3.4,1.62,43,70,93,22,3.82,1005,"Marill: 5, Magikarp: 4, Slowpoke: 4","Seaking: 18, Magmar: 16, Butterfree: 16",6,16.67,0,"Damage: 37, Status: 32, Hazard: 0, Weather: 0, Cleric: 0, Screen: 0, Pass: 0",None
picnicker_erin_0151_Ponyta,picnicker_erin_0151,PONYTA,"Tail Whip: 889 (26.3%), Tackle: 869 (25.7%), Flame Wheel: 841 (24.9%), Ember: 776 (23.0%)",392,985,0.4,123,0.52,16,3.88,1.92,143,202,137,54,2.01,1147,"Magikarp: 49, Bellsprout: 28, Pidgey: 16","Marill: 18, Seaking: 18, Sandslash: 17",48,25.72,0,"Damage: 123, Status: 23, Hazard: 0, Weather: 0, Cleric: 0, Screen: 0, Pass: 0",None
picnicker_erin_0151_Quagsire,picnicker_erin_0151,QUAGSIRE,None,0,0,0.0,0,0.0,0,0.0,0.0,0,0,0,0,0.0,4,None,None,0,,0,"Damage: 0, Status: 0, Hazard: 0, Weather: 0, Cleric: 0, Screen: 0, Pass: 0",None
picnicker_erin_0335_Dugtrio,picnicker_erin_0335,DUGTRIO,None,0,0,0.0,0,0.0,0,0.0,0.0,0,0,4,0,100.0,2,None,None,0,,0,"Damage: 0, Status: 0, Hazard: 0, Weather: 0, Cleric: 0, Screen: 0, Pass: 0",None
picnicker_erin_0335_Gloom,picnicker_erin_0335,GLOOM,"Mega Drain: 4160 (51.9%), Lucky Chant: 1583 (19.8%), Stun Spore: 1172 (14.6%), Sleep Powder: 1090 (13.6%), Struggle: 4 (0.0%)",963,876,1.1,541,1.72,67,7.08,3.06,232,764,239,0,-3.55,1338,"Magikarp: 58, Goldeen: 32, Geodude: 30","Butterfree: 28, Fearow: 25, Magmar: 24",134,53.52,0,"Damage: 491, Status: 391, Hazard: 0, Weather: 0, Cleric: 0, Screen: 0, Pass: 0",None
picnicker_erin_0335_Oddish,picnicker_erin_0335,ODDISH,"Acid: 6 (66.7%), Sweet Scent: 3 (33.3%)",0,2,0.0,0,0.0,0,8.5,0.0,0,0,0,0,0.0,2,None,None,0,,0,"Damage: 0, Status: 0, Hazard: 0, Weather: 0, Cleric: 0, Screen: 0, Pass: 0",None
picnicker_erin_0335_Ponyta,picnicker_erin_0335,PONYTA,"Ember: 2 (33.3%), Tail Whip: 2 (33.3%), Tackle: 1 (16.7%), Flame Wheel: 1 (16.7%)",0,2,0.0,0,0.0,0,4.5,0.0,1,0,0,0,16.67,2,None,None,0,100.0,0,"Damage: 0, Status: 0, Hazard: 0, Weather: 0, Cleric: 0, Screen: 0, Pass: 0",None
picnicker_erin_0335_Quagsire,picnicker_erin_0335,QUAGSIRE,None,0,0,0.0,0,0.0,0,0.0,0.0,0,0,0,0,0.0,3,None,None,0,,0,"Damage: 0, Status: 0, Hazard: 0, Weather: 0, Cleric: 0, Screen: 0, Pass: 0",None
picnicker_erin_0335_Rapidash,picnicker_erin_0335,RAPIDASH,"Take Down: 1039 (26.8%), Fire Blast: 986 (25.4%), Fury Attack: 968 (24.9%), Agility: 889 (22.9%)",863,580,1.49,68,1.61,2,5.31,2.18,225,523,116,33,-4.62,966,"Butterfree: 54, Magmar: 36, Fearow: 31","Seaking: 16, Golem: 16, Quagsire: 15",117,64.29,0,"Damage: 68, Status: 12, Hazard: 0, Weather: 0, Cleric: 0, Screen: 0, Pass: 0",None
picnicker_erin_0453_Bellossom,picnicker_erin_0453,BELLOSSOM,"Magical Leaf: 2637 (34.2%), Sweet Scent: 2577 (33.4%), Stun Spore: 1265 (16.4%), Sunny Day: 1233 (16.0%)",1206,644,1.87,538,2.71,165,7.02,3.25,175,289,225,0,1.4,1275,"Magikarp: 57, Geodude: 28, Pikachu: 26","Magmar: 23, Parasect: 16, Electrode: 14",182,69.47,1,"Damage: 419, Status: 357, Hazard: 0, Weather: 8, Cleric: 0, Screen: 0, Pass: 0",None
picnicker_erin_0453_Dugtrio,picnicker_erin_0453,DUGTRIO,None,0,0,0.0,0,0.0,0,0.0,0.0,0,0,4,0,100.0,3,None,None,0,,0,"Damage: 0, Status: 0, Hazard: 0, Weather: 0, Cleric: 0, Screen: 0, Pass: 0",None
picnicker_erin_0453_Gloom,picnicker_erin_0453,GLOOM,"Mega Drain: 6 (46.2%), Stun Spore: 3 (23.1%), Lucky Chant: 3 (23.1%), Sleep Powder: 1 (7.7%)",0,2,0.0,0,0.0,1,12.5,0.0,0,2,0,0,-15.38,2,None,None,0,100.0,0,"Damage: 0, Status: 0, Hazard: 0, Weather: 0, Cleric: 0, Screen: 0, Pass: 0",None
picnicker_erin_0453_Oddish,picnicker_erin_0453,ODDISH,Absorb: 1 (100.0%),0,2,0.0,0,0.0,0,2.5,0.0,0,0,0,0,0.0,2,None,None,0,,0,"Damage: 0, Status: 0, Hazard: 0, Weather: 0, Cleric: 0, Screen: 0, Pass: 0",None
picnicker_erin_0453_Ponyta,picnicker_erin_0453,PONYTA,"Ember: 3 (37.5%), Tail Whip: 2 (25.0%), Tackle: 2 (25.0%), Flame Wheel: 1 (12.5%)",0,2,0.0,0,0.0,0,5.5,0.0,0,0,0,0,0.0,2,None,None,0,100.0,0,"Damage: 0, Status: 0, Hazard: 0, Weather: 0, Cleric: 0, Screen: 0, Pass: 0",None
picnicker_erin_0453_Rapidash,picnicker_erin_0453,RAPIDASH,"Bounce: 1305 (37.7%), Fury Attack: 750 (21.6%), Fire Blast: 744 (21.5%), Agility: 660 (19.0%), Take Down: 7 (0.2%)",820,318,2.58,84,2.84,26,6.2,2.06,197,234,569,31,13.34,727,"Butterfree: 39, Magmar: 35, Parasect: 25","Tentacruel: 13, Ampharos: 10, Weezing: 9",120,,0,"Damage: 84, Status: 10, Hazard: 0, Weather: 0, Cleric: 0, Screen: 0, Pass: 0",None
picnicker_erin_0453_Sunflora,picnicker_erin_0453,SUNFLORA,"Petal Dance: 419 (43.4%), Razor Leaf: 230 (23.8%), Worry Seed: 175 (18.1%), Sunny Day: 142 (14.7%)",235,333,0.71,79,0.94,45,3.76,1.84,58,36,38,0,5.98,516,"Golduck: 12, Quagsire: 11, Seaking: 11","Tentacruel: 13, Magmar: 11, Azumarill: 10",20,71.43,2,"Damage: 78, Status: 0, Hazard: 0, Weather: 1, Cleric: 0, Screen: 0, Pass: 0",None
picnicker_erin_0603_Bellossom,picnicker_erin_0603,BELLOSSOM,"Magical Leaf: 338 (36.4%), Sweet Scent: 286 (30.8%), Stun Spore: 158 (17.0%), Sunny Day: 146 (15.7%)",114,161,0.71,26,0.87,29,5.27,2.42,21,43,55,0,3.36,267,"Starmie: 7, Golduck: 6, Weezing: 5","Ampharos: 10, Arcanine: 8, Alakazam: 7",11,100.0,0,"Damage: 21, Status: 16, Hazard: 0, Weather: 1, Cleric: 0, Screen: 0, Pass: 0",None
picnicker_erin_0603_Cherrim,picnicker_erin_0603,CHERRIM,"Petal Dance: 1809 (44.7%), Take Down: 999 (24.7%), Sunny Day: 640 (15.8%), Worry Seed: 597 (14.8%)",1238,584,2.12,465,2.92,132,4.29,1.97,129,188,145,0,2.05,1207,"Magikarp: 58, Seaking: 34, Geodude: 28","Magmar: 20, Rapidash: 17, Noctowl: 15",181,69.86,2,"Damage: 463, Status: 0, Hazard: 0, Weather: 3, Cleric: 0, Screen: 0, Pass: 0",None
picnicker_erin_0603_Gloom,picnicker_erin_0603,GLOOM,"Mega Drain: 7 (63.6%), Stun Spore: 2 (18.2%), Lucky Chant: 1 (9.1%), Sleep Powder: 1 (9.1%)",0,2,0.0,0,0.0,0,6.0,0.0,0,1,0,0,-9.09,2,None,None,0,100.0,0,"Damage: 0, Status: 0, Hazard: 0, Weather: 0, Cleric: 0, Screen: 0, Pass: 0",None
picnicker_erin_0603_Oddish,picnicker_erin_0603,ODDISH,None,0,2,0.0,0,0.0,0,2.0,0.0,0,0,0,0,0.0,2,None,None,0,,0,"Damage: 0, Status: 0, Hazard: 0, Weather: 0, Cleric: 0, Screen: 0, Pass: 0",None
picnicker_erin_0603_Ponyta,picnicker_erin_0603,PONYTA,Flame Wheel: 1 (100.0%),0,2,0.0,0,0.0,0,1.5,0.0,0,0,0,0,0.0,2,None,None,0,100.0,0,"Damage: 0, Status: 0, Hazard: 0, Weather: 0, Cleric: 0, Screen: 0, Pass: 0",None
picnicker_erin_0603_Rapidash,picnicker_erin_0603,RAPIDASH,"Bounce: 998 (37.9%), Fury Attack: 550 (20.9%), Fire Blast: 544 (20.7%), Agility: 536 (20.4%), Take Down: 2 (0.1%)",628,235,2.67,108,3.13,28,6.12,2.04,115,229,473,10,11.44,557,"Butterfree: 34, Magmar: 25, Beedrill: 18","Ampharos: 13, Tentacruel: 8, Arcanine: 8",102,,0,"Damage: 108, Status: 4, Hazard: 0, Weather: 0, Cleric: 0, Screen: 0, Pass: 0",None
picnicker_erin_0603_Sunflora,picnicker_erin_0603,SUNFLORA,"Petal Dance: 328 (34.4%), Solar Beam: 282 (29.6%), Leaf Storm: 199 (20.9%), Sunny Day: 141 (14.8%), Razor Leaf: 2 (0.2%), Worry Seed: 1 (0.1%)",329,308,1.07,111,1.43,28,3.64,1.86,50,39,76,0,8.45,515,"Seaking: 14, Quagsire: 11, Gyarados: 9","Magmar: 16, Rapidash: 14, Arcanine: 10",29,78.0,1,"Damage: 111, Status: 0, Hazard: 0, Weather: 3, Cleric: 0, Screen: 0, Pass: 0",None
picnicker_gina_0065_Bulbasaur,picnicker_gina_0065,BULBASAUR,"Vine Whip: 823 (29.5%), Tackle: 797 (28.6%), Growl: 760 (27.3%), Leech Seed: 406 (14.6%)",196,1018,0.19,133,0.32,4,4.6,2.11,98,256,157,0,-0.03,1141,"Magikarp: 45, Bellsprout: 16, Caterpie: 11","Magmar: 20, Graveler: 19, Seaking: 18",28,,6,"Damage: 129, Status: 125, Hazard: 0, Weather: 0, Cleric: 0, Screen: 0, Pass: 0",None
picnicker_gina_0065_Dugtrio,picnicker_gina_0065,DUGTRIO,None,0,0,0.0,0,0.0,0,0.0,0.0,0,0,2,0,100.0,2,None,None,0,,0,"Damage: 0, Status: 0, Hazard: 0, Weather: 0, Cleric: 0, Screen: 0, Pass: 0",None
picnicker_gina_0065_Hoppip,picnicker_gina_0065,HOPPIP,"Splash: 3678 (54.0%), Tail Whip: 2387 (35.0%), Synthesis: 746 (11.0%), Struggle: 1 (0.0%)",1,2177,0.0,0,0.0,43,9.81,4.06,0,126,347,0,3.09,1143,Caterpie: 1,"Geodude: 47, Magmar: 37, Seaking: 36",0,3.27,2,"Damage: 0, Status: 0, Hazard: 0, Weather: 0, Cleric: 0, Screen: 0, Pass: 0",None
picnicker_gina_0065_Quagsire,picnicker_gina_0065,QUAGSIRE,None,0,0,0.0,0,0.0,0,0.0,0.0,0,0,0,0,0.0,4,None,None,0,,0,"Damage: 0, Status: 0, Hazard: 0, Weather: 0, Cleric: 0, Screen: 0, Pass: 0",None
picnicker_gina_0142_Bulbasaur,picnicker_gina_0142,BULBASAUR,"Growl: 6 (42.9%), Tackle: 5 (35.7%), Vine Whip: 3 (21.4%)",0,2,0.0,0,0.0,0,12.5,0.0,0,1,0,0,-7.14,2,None,None,0,,0,"Damage: 0, Status: 0, Hazard: 0, Weather: 0, Cleric: 0, Screen: 0, Pass: 0",None
picnicker_gina_0142_Dugtrio,picnicker_gina_0142,DUGTRIO,None,0,0,0.0,0,0.0,0,0.0,0.0,0,0,2,0,100.0,2,None,None,0,,0,"Damage: 0, Status: 0, Hazard: 0, Weather: 0, Cleric: 0, Screen: 0, Pass: 0",None
picnicker_gina_0142_Hoppip,picnicker_gina_0142,HOPPIP,"Bullet Seed: 4076 (55.5%), Leech Seed: 1224 (16.7%), Stun Spore: 1042 (14.2%), Sleep Powder: 886 (12.1%), Splash: 83 (1.1%), Tail Whip: 17 (0.2%), Synthesis: 11 (0.1%), Struggle: 5 (0.1%)",490,1817,0.27,615,0.61,3,8.82,3.36,677,718,267,0,2.97,1225,"Magikarp: 51, Bellsprout: 28, Geodude: 23","Graveler: 58, Seaking: 55, Magmar: 41",67,31.84,0,"Damage: 544, Status: 563, Hazard: 0, Weather: 0, Cleric: 0, Screen: 0, Pass: 0",None
picnicker_gina_0142_Ivysaur,picnicker_gina_0142,IVYSAUR,"Razor Leaf: 808 (26.3%), Sweet Scent: 780 (25.4%), Double Edge: 761 (24.7%), Growth: 726 (23.6%)",305,805,0.38,142,0.56,1,4.99,2.45,125,58,123,0,5.94,980,"Voltorb: 10, Seaking: 8, Pikachu: 8","Seaking: 21, Butterfree: 20, Magmar: 19",29,,1,"Damage: 142, Status: 0, Hazard: 0, Weather: 0, Cleric: 0, Screen: 0, Pass: 0",None
picnicker_gina_0142_Quagsire,picnicker_gina_0142,QUAGSIRE,None,0,0,0.0,0,0.0,0,0.0,0.0,0,0,0,0,0.0,4,None,None,0,,0,"Damage: 0, Status: 0, Hazard: 0, Weather: 0, Cleric: 0, Screen: 0, Pass: 0",None
picnicker_gina_0334_Bulbasaur,picnicker_gina_0334,BULBASAUR,"Vine Whip: 5 (41.7%), Growl: 4 (33.3%), Tackle: 3 (25.0%)",0,2,0.0,0,0.0,0,11.5,0.0,1,0,0,0,8.33,2,None,None,0,,0,"Damage: 0, Status: 0, Hazard: 0, Weather: 0, Cleric: 0, Screen: 0, Pass: 0",None
picnicker_gina_0334_Dugtrio,picnicker_gina_0334,DUGTRIO,None,0,0,0.0,0,0.0,0,0.0,0.0,0,0,2,0,100.0,2,None,None,0,,0,"Damage: 0, Status: 0, Hazard: 0, Weather: 0, Cleric: 0, Screen: 0, Pass: 0",None
picnicker_gina_0334_Hoppip,picnicker_gina_0334,HOPPIP,"Splash: 48 (38.7%), Bullet Seed: 40 (32.3%), Tail Whip: 16 (12.9%), Synthesis: 9 (7.3%), Sleep Powder: 8 (6.5%), Stun Spore: 3 (2.4%)",0,8,0.0,0,0.0,0,53.0,0.0,6,2,0,0,3.23,4,None,None,0,100.0,0,"Damage: 0, Status: 0, Hazard: 0, Weather: 0, Cleric: 0, Screen: 0, Pass: 0",None
picnicker_gina_0334_Ivysaur,picnicker_gina_0334,IVYSAUR,"Solar Beam: 1939 (46.3%), Double Edge: 1102 (26.3%), Worry Seed: 615 (14.7%), Synthesis: 527 (12.6%), Sweet Scent: 2 (0.0%), Growth: 2 (0.0%)",860,608,1.41,110,1.6,4,5.9,3.01,124,71,149,0,4.66,1011,"Voltorb: 29, Seaking: 28, Qwilfish: 24","Butterfree: 19, Magmar: 18, Rapidash: 17",107,,0,"Damage: 110, Status: 0, Hazard: 0, Weather: 0, Cleric: 0, Screen: 0, Pass: 0",None
picnicker_gina_0334_Quagsire,picnicker_gina_0334,QUAGSIRE,None,0,0,0.0,0,0.0,0,0.0,0.0,0,0,0,0,0.0,2,None,None,0,,0,"Damage: 0, Status: 0, Hazard: 0, Weather: 0, Cleric: 0, Screen: 0, Pass: 0",None
picnicker_gina_0334_Skiploom,picnicker_gina_0334,SKIPLOOM,"Bullet Seed: 4499 (56.9%), Leech Seed: 1258 (15.9%), Sleep Powder: 1079 (13.7%), Stun Spore: 1063 (13.5%), Struggle: 1 (0.0%)",573,1715,0.33,855,0.83,14,8.56,3.25,711,815,258,0,1.89,1305,"Magikarp: 54, Bellsprout: 28, Geodude: 24","Seaking: 57, Graveler: 46, Magmar: 46",79,35.14,3,"Damage: 741, Status: 734, Hazard: 0, Weather: 0, Cleric: 0, Screen: 0, Pass: 0",None
picnicker_gina_0520_Bulbasaur,picnicker_gina_0520,BULBASAUR,"Tackle: 5 (55.6%), Vine Whip: 3 (33.3%), Growl: 1 (11.1%)",0,2,0.0,0,0.0,0,8.0,0.0,2,0,0,0,22.22,2,None,None,0,,0,"Damage: 0, Status: 0, Hazard: 0, Weather: 0, Cleric: 0, Screen: 0, Pass: 0",None
picnicker_gina_0520_Dugtrio,picnicker_gina_0520,DUGTRIO,None,0,0,0.0,0,0.0,0,0.0,0.0,0,0,3,0,100.0,2,None,None,0,,0,"Damage: 0, Status: 0, Hazard: 0, Weather: 0, Cleric: 0, Screen: 0, Pass: 0",None
picnicker_gina_0520_Hoppip,picnicker_gina_0520,HOPPIP,"Bullet Seed: 31 (67.4%), Tail Whip: 4 (8.7%), Splash: 4 (8.7%), Sleep Powder: 3 (6.5%), Synthesis: 2 (4.3%), Stun Spore: 2 (4.3%)",0,8,0.0,0,0.0,0,30.0,0.0,8,1,0,0,15.22,4,None,None,0,100.0,0,"Damage: 0, Status: 0, Hazard: 0, Weather: 0, Cleric: 0, Screen: 0, Pass: 0",None
picnicker_gina_0520_Ivysaur,picnicker_gina_0520,IVYSAUR,"Double Edge: 19 (32.8%), Solar Beam: 14 (24.1%), Sweet Scent: 8 (13.8%), Synthesis: 7 (12.1%), Worry Seed: 4 (6.9%), Razor Leaf: 4 (6.9%), Growth: 2 (3.4%)",0,4,0.0,0,0.0,0,18.75,0.0,2,0,0,0,3.45,4,None,None,0,,0,"Damage: 0, Status: 0, Hazard: 0, Weather: 0, Cleric: 0, Screen: 0, Pass: 0",None
picnicker_gina_0520_Jumpluff,picnicker_gina_0520,JUMPLUFF,"Mega Drain: 469 (30.1%), U Turn: 464 (29.8%), Cotton Spore: 431 (27.7%), Leech Seed: 192 (12.3%)",114,313,0.36,358,1.51,1,5.12,1.69,57,110,78,0,1.53,596,"Seaking: 6, Graveler: 5, Cloyster: 5","Magmar: 19, Beedrill: 17, Golem: 12",4,66.07,0,"Damage: 333, Status: 103, Hazard: 0, Weather: 0, Cleric: 0, Screen: 0, Pass: 0",None
picnicker_gina_0520_Skiploom,picnicker_gina_0520,SKIPLOOM,"Mega Drain: 2123 (33.8%), Bullet Seed: 2100 (33.5%), Sleep Powder: 1183 (18.8%), Leech Seed: 869 (13.8%), Stun Spore: 3 (0.0%)",629,891,0.71,904,1.72,10,5.9,2.55,474,469,188,0,2.98,1249,"Magikarp: 54, Bellsprout: 28, Geodude: 27","Magmar: 28, Seaking: 26, Butterfree: 25",91,47.95,0,"Damage: 823, Status: 602, Hazard: 0, Weather: 0, Cleric: 0, Screen: 0, Pass: 0",None
picnicker_gina_0520_Venusaur,picnicker_gina_0520,VENUSAUR,"Petal Dance: 1562 (40.3%), Solar Beam: 1417 (36.6%), Worry Seed: 491 (12.7%), Synthesis: 406 (10.5%)",1200,263,4.56,79,4.86,15,6.14,3.31,129,60,153,0,5.51,882,"Seaking: 41, Koffing: 31, Qwilfish: 25","Magmar: 18, Butterfree: 15, Flareon: 11",189,,0,"Damage: 79, Status: 0, Hazard: 0, Weather: 0, Cleric: 0, Screen: 0, Pass: 0",None
picnicker_ginger_0563_Whismur,picnicker_ginger_0563,WHISMUR,"Screech: 4689 (34.8%), Roar: 3293 (24.4%), Rest: 3040 (22.5%), Sleep Talk: 2372 (17.6%), Struggle: 91 (0.7%)",71,1067,0.07,0,0.07,0,16.63,10.22,2,1171,574,0,-4.23,1114,"Magikarp: 24, Jigglypuff: 12, Geodude: 9","Seaking: 20, Poliwhirl: 19, Graveler: 19",13,36.62,0,"Damage: 0, Status: 0, Hazard: 0, Weather: 0, Cleric: 0, Screen: 0, Pass: 0",None
picnicker_heidi_0332_Skiploom,picnicker_heidi_0332,SKIPLOOM,"Mega Drain: 3237 (30.9%), U Turn: 3212 (30.7%), Cotton Spore: 2707 (25.9%), Worry Seed: 1309 (12.5%)",1313,1501,0.87,57,0.91,27,8.96,5.52,379,552,401,0,2.1,1242,"Magikarp: 58, Pikachu: 35, Goldeen: 30","Magmar: 43, Seaking: 38, Butterfree: 37",186,54.86,6,"Damage: 57, Status: 0, Hazard: 0, Weather: 0, Cleric: 0, Screen: 0, Pass: 0",None
picnicker_hope_0152_Flaaffy,picnicker_hope_0152,FLAAFFY,"Charge: 1923 (30.2%), Signal Beam: 1906 (29.9%), Discharge: 1546 (24.3%), Light Screen: 990 (15.6%)",1634,674,2.42,42,2.49,0,5.43,2.85,205,73,165,280,4.65,1332,"Magikarp: 60, Goldeen: 34, Seaking: 33","Graveler: 27, Quagsire: 21, Seaking: 14",225,72.15,0,"Damage: 41, Status: 21, Hazard: 0, Weather: 0, Cleric: 0, Screen: 0, Pass: 0",None
picnicker_kim_0077_Vulpix,picnicker_kim_0077,VULPIX,"Quick Attack: 1542 (35.7%), Tail Whip: 1295 (30.0%), Roar: 811 (18.8%), Will O Wisp: 667 (15.4%), Struggle: 3 (0.1%)",164,1034,0.16,103,0.26,0,4.55,2.05,83,238,175,0,0.45,1144,"Bellsprout: 28, Magikarp: 21, Caterpie: 15","Koffing: 19, Butterfree: 17, Seaking: 17",20,28.15,0,"Damage: 99, Status: 93, Hazard: 0, Weather: 0, Cleric: 0, Screen: 0, Pass: 0",None
picnicker_liz_0027_NidoranF,picnicker_liz_0027,NIDORAN F,"Scratch: 1142 (34.8%), Tail Whip: 1118 (34.1%), Growl: 1020 (31.1%)",96,1067,0.09,3,0.09,0,4.11,2.08,58,196,176,0,1.1,1094,"Bellsprout: 36, Magikarp: 15, Caterpie: 12","Koffing: 20, Seaking: 18, Onix: 17",8,5.85,0,"Damage: 3, Status: 0, Hazard: 0, Weather: 0, Cleric: 0, Screen: 0, Pass: 0",None
picnicker_liz_0276_Dugtrio,picnicker_liz_0276,DUGTRIO,None,0,0,0.0,0,0.0,0,0.0,0.0,0,0,3,0,100.0,2,None,None,0,,0,"Damage: 0, Status: 0, Hazard: 0, Weather: 0, Cleric: 0, Screen: 0, Pass: 0",None
picnicker_liz_0276_NidoranF,picnicker_liz_0276,NIDORAN F,"Growl: 2 (50.0%), Scratch: 1 (25.0%), Tail Whip: 1 (25.0%)",0,2,0.0,0,0.0,0,3.0,0.0,0,0,0,0,0.0,2,None,None,0,100.0,0,"Damage: 0, Status: 0, Hazard: 0, Weather: 0, Cleric: 0, Screen: 0, Pass: 0",None
picnicker_liz_0276_Nidorina,picnicker_liz_0276,NIDORINA,"Bite: 2368 (57.8%), Flatter: 905 (22.1%), Toxic Spikes: 713 (17.4%), Helping Hand: 111 (2.7%)",378,712,0.53,144,0.73,1,5.97,2.58,150,34,141,569,5.64,971,"Haunter: 13, Butterfree: 13, Voltorb: 13","Seaking: 26, Seadra: 19, Graveler: 17",43,38.6,1,"Damage: 126, Status: 120, Hazard: 31, Weather: 0, Cleric: 0, Screen: 0, Pass: 0",None
picnicker_liz_0276_Quagsire,picnicker_liz_0276,QUAGSIRE,None,0,0,0.0,0,0.0,0,0.0,0.0,0,0,0,0,0.0,4,None,None,0,,0,"Damage: 0, Status: 0, Hazard: 0, Weather: 0, Cleric: 0, Screen: 0, Pass: 0",None
picnicker_liz_0276_Weepinbell,picnicker_liz_0276,WEEPINBELL,"Acid: 2235 (41.6%), Sweet Scent: 2148 (39.9%), Gastro Acid: 948 (17.6%), Knock Off: 48 (0.9%)",727,944,0.77,297,1.08,1,5.21,2.93,136,96,251,148,5.1,1221,"Magikarp: 55, Bellsprout: 34, Goldeen: 25","Seaking: 27, Graveler: 26, Beedrill: 21",104,38.06,1,"Damage: 297, Status: 0, Hazard: 0, Weather: 0, Cleric: 0, Screen: 0, Pass: 0",None
picnicker_liz_0277_Dugtrio,picnicker_liz_0277,DUGTRIO,None,0,0,0.0,0,0.0,0,0.0,0.0,0,0,2,0,100.0,1,None,None,0,,0,"Damage: 0, Status: 0, Hazard: 0, Weather: 0, Cleric: 0, Screen: 0, Pass: 0",None
picnicker_liz_0277_Nidoqueen,picnicker_liz_0277,NIDOQUEEN,"Body Slam: 1096 (25.5%), Poison Sting: 1081 (25.2%), Double Kick: 1065 (24.8%), Tail Whip: 1052 (24.5%)",519,646,0.8,303,1.27,0,6.45,3.38,238,66,172,570,8.5,897,"Magnemite: 26, Butterfree: 18, Fearow: 16","Seadra: 22, Seaking: 19, Graveler: 17",78,,1,"Damage: 303, Status: 138, Hazard: 0, Weather: 0, Cleric: 0, Screen: 0, Pass: 0",None
picnicker_liz_0277_NidoranF,picnicker_liz_0277,NIDORAN F,Growl: 2 (100.0%),0,2,0.0,0,0.0,0,2.0,0.0,0,0,0,0,0.0,2,None,None,0,100.0,0,"Damage: 0, Status: 0, Hazard: 0, Weather: 0, Cleric: 0, Screen: 0, Pass: 0",None
picnicker_liz_0277_Nidorina,picnicker_liz_0277,NIDORINA,"Toxic Spikes: 4 (57.1%), Flatter: 2 (28.6%), Bite: 1 (14.3%)",0,2,0.0,0,0.0,0,6.0,0.0,0,0,0,0,0.0,2,None,None,0,,0,"Damage: 0, Status: 0, Hazard: 0, Weather: 0, Cleric: 0, Screen: 0, Pass: 0",None
picnicker_liz_0277_Nidorino,picnicker_liz_0277,NIDORINO,"Horn Attack: 999 (51.4%), Flatter: 557 (28.7%), Toxic Spikes: 275 (14.2%), Helping Hand: 111 (5.7%)",208,534,0.39,175,0.72,13,4.21,1.81,61,27,105,0,6.79,749,"Butterfree: 12, Seaking: 9, Skiploom: 8","Seadra: 19, Magmar: 16, Butterfree: 14",17,57.14,0,"Damage: 113, Status: 143, Hazard: 18, Weather: 0, Cleric: 0, Screen: 0, Pass: 0",None
picnicker_liz_0277_Weepinbell,picnicker_liz_0277,WEEPINBELL,"Razor Leaf: 2364 (42.0%), Sweet Scent: 2172 (38.6%), Gastro Acid: 1017 (18.1%), Knock Off: 62 (1.1%), Struggle: 7 (0.1%), Acid: 7 (0.1%)",955,885,1.08,430,1.56,44,5.35,2.95,287,154,212,0,5.91,1286,"Magikarp: 57, Bellsprout: 30, Geodude: 29","Seadra: 26, Koffing: 22, Graveler: 21",144,51.32,0,"Damage: 430, Status: 0, Hazard: 0, Weather: 0, Cleric: 0, Screen: 0, Pass: 0",None
picnicker_liz_0518_Dugtrio,picnicker_liz_0518,DUGTRIO,None,0,0,0.0,0,0.0,0,0.0,0.0,0,0,2,0,100.0,2,None,None,0,,0,"Damage: 0, Status: 0, Hazard: 0, Weather: 0, Cleric: 0, Screen: 0, Pass: 0",None
picnicker_liz_0518_Nidoking,picnicker_liz_0518,NIDOKING,"Thrash: 458 (38.8%), Megahorn: 257 (21.8%), Poison Sting: 255 (21.6%), Earth Power: 210 (17.8%)",528,118,4.47,107,5.38,2,4.07,1.43,61,44,37,68,4.3,424,"Butterfree: 27, Magmar: 23, Seaking: 17","Starmie: 8, Lanturn: 7, Alakazam: 7",79,93.75,0,"Damage: 104, Status: 25, Hazard: 0, Weather: 0, Cleric: 0, Screen: 0, Pass: 0",None
picnicker_liz_0518_Nidoqueen,picnicker_liz_0518,NIDOQUEEN,"Body Slam: 195 (32.5%), Superpower: 160 (26.7%), Poison Sting: 156 (26.0%), Earth Power: 87 (14.5%), Double Kick: 2 (0.3%)",174,80,2.17,35,2.61,1,4.39,1.95,40,8,30,88,10.43,192,"Starmie: 10, Noctowl: 9, Pidgeot: 8","Nidoqueen: 5, Alakazam: 5, Qwilfish: 4",22,,0,"Damage: 35, Status: 10, Hazard: 0, Weather: 0, Cleric: 0, Screen: 0, Pass: 0",None
picnicker_liz_0518_NidoranF,picnicker_liz_0518,NIDORAN F,"Tail Whip: 2 (50.0%), Growl: 2 (50.0%)",0,2,0.0,0,0.0,0,3.0,0.0,0,0,0,0,0.0,2,None,None,0,100.0,0,"Damage: 0, Status: 0, Hazard: 0, Weather: 0, Cleric: 0, Screen: 0, Pass: 0",None
picnicker_liz_0518_Nidorina,picnicker_liz_0518,NIDORINA,"Bite: 2 (40.0%), Toxic Spikes: 2 (40.0%), Flatter: 1 (20.0%)",0,2,0.0,0,0.0,0,4.5,0.0,0,0,0,0,0.0,2,None,None,0,,0,"Damage: 0, Status: 0, Hazard: 0, Weather: 0, Cleric: 0, Screen: 0, Pass: 0",None
picnicker_liz_0518_Nidorino,picnicker_liz_0518,NIDORINO,"Flatter: 1 (50.0%), Horn Attack: 1 (50.0%)",0,2,0.0,0,0.0,0,3.0,0.0,0,0,0,0,0.0,2,None,None,0,,0,"Damage: 0, Status: 0, Hazard: 0, Weather: 0, Cleric: 0, Screen: 0, Pass: 0",None
picnicker_liz_0518_Victreebel,picnicker_liz_0518,VICTREEBEL,"Razor Leaf: 1047 (25.6%), Leaf Storm: 1040 (25.4%), Leaf Blade: 1019 (24.9%), Sweet Scent: 982 (24.0%)",1629,388,4.2,326,5.04,31,4.05,1.85,312,156,129,0,6.76,1144,"Magikarp: 58, Seaking: 51, Voltorb: 32","Magmar: 22, Butterfree: 15, Parasect: 14",250,83.22,0,"Damage: 326, Status: 0, Hazard: 0, Weather: 0, Cleric: 0, Screen: 0, Pass: 0",None
picnicker_liz_0518_Weepinbell,picnicker_liz_0518,WEEPINBELL,"Sweet Scent: 9 (50.0%), Razor Leaf: 4 (22.2%), Gastro Acid: 3 (16.7%), Acid: 2 (11.1%)",0,4,0.0,0,0.0,0,5.5,0.0,1,0,0,0,5.56,4,None,None,0,100.0,0,"Damage: 0, Status: 0, Hazard: 0, Weather: 0, Cleric: 0, Screen: 0, Pass: 0",None
picnicker_piper_0562_Spoink,picnicker_piper_0562,SPOINK,"Zen Headbutt: 2127 (29.9%), Rest: 2015 (28.4%), Payback: 1944 (27.4%), Snore: 993 (14.0%), Struggle: 26 (0.4%)",920,826,1.11,48,1.17,0,8.18,4.86,248,365,303,263,2.44,1197,"Magikarp: 55, Bellsprout: 30, Gastly: 30","Seaking: 25, Magmar: 18, Sandslash: 17",124,45.95,0,"Damage: 48, Status: 0, Hazard: 0, Weather: 0, Cleric: 0, Screen: 0, Pass: 0",None
picnicker_selina_0600_Cherubi,picnicker_selina_0600,CHERUBI,"Solar Beam: 2257 (45.1%), Take Down: 1274 (25.5%), Worry Seed: 742 (14.8%), Lucky Chant: 729 (14.6%)",972,849,1.14,14,1.16,0,4.89,2.78,139,345,214,0,0.15,1225,"Magikarp: 59, Pidgey: 42, Geodude: 35","Seaking: 23, Graveler: 20, Butterfree: 17",124,50.37,0,"Damage: 14, Status: 0, Hazard: 0, Weather: 0, Cleric: 0, Screen: 0, Pass: 0",None
picnicker_sharon_0153_Dugtrio,picnicker_sharon_0153,DUGTRIO,None,0,0,0.0,0,0.0,0,0.0,0.0,0,0,2,0,100.0,2,None,None,0,,0,"Damage: 0, Status: 0, Hazard: 0, Weather: 0, Cleric: 0, Screen: 0, Pass: 0",None
picnicker_sharon_0153_Furret,picnicker_sharon_0153,FURRET,"Follow Me: 1999 (27.0%), Slam: 1830 (24.7%), Sucker Punch: 1788 (24.2%), Rest: 1780 (24.0%), Struggle: 6 (0.1%)",926,850,1.09,426,1.59,137,8.14,4.48,162,476,365,0,0.66,1306,"Magikarp: 58, Pikachu: 34, Goldeen: 30","Seaking: 28, Graveler: 23, Seadra: 19",135,55.59,0,"Damage: 426, Status: 0, Hazard: 0, Weather: 0, Cleric: 0, Screen: 0, Pass: 0",None
picnicker_sharon_0153_Quagsire,picnicker_sharon_0153,QUAGSIRE,None,0,0,0.0,0,0.0,0,0.0,0.0,0,0,0,0,0.0,3,None,None,0,,0,"Damage: 0, Status: 0, Hazard: 0, Weather: 0, Cleric: 0, Screen: 0, Pass: 0",None
picnicker_sharon_0153_Rapidash,picnicker_sharon_0153,RAPIDASH,"Take Down: 914 (25.6%), Agility: 906 (25.4%), Fire Blast: 905 (25.3%), Fury Attack: 847 (23.7%)",846,564,1.5,54,1.6,0,4.99,2.31,198,433,137,33,-2.67,974,"Butterfree: 27, Magmar: 25, Bellsprout: 19","Seaking: 20, Seadra: 17, Graveler: 17",122,65.45,2,"Damage: 54, Status: 7, Hazard: 0, Weather: 0, Cleric: 0, Screen: 0, Pass: 0",None
picnicker_tanya_0336_Exeggutor,picnicker_tanya_0336,EXEGGUTOR,"Egg Bomb: 2439 (31.3%), Giga Drain: 2426 (31.1%), Hypnosis: 1706 (21.9%), Light Screen: 1229 (15.8%)",2100,398,5.28,27,5.34,0,6.56,2.74,262,1420,184,0,-12.2,1310,"Magikarp: 58, Magnemite: 49, Seaking: 46","Magmar: 17, Butterfree: 17, Rapidash: 16",309,86.56,0,"Damage: 27, Status: 5, Hazard: 0, Weather: 0, Cleric: 0, Screen: 0, Pass: 0",None
picnicker_tiffany_0402_Clefairy,picnicker_tiffany_0402,CLEFAIRY,"Minimize: 3740 (28.5%), Double Slap: 3661 (27.9%), Sing: 3572 (27.2%), Encore: 1928 (14.7%), Struggle: 225 (1.7%)",265,1032,0.26,11,0.27,0,13.12,2.64,211,2371,3444,0,7.75,1119,"Bellsprout: 28, Magikarp: 24, Voltorb: 22","Seaking: 18, Pikachu: 17, Sandslash: 16",31,16.53,0,"Damage: 10, Status: 6, Hazard: 0, Weather: 0, Cleric: 0, Screen: 0, Pass: 0",None
picnicker_tiffany_0466_Clefairy,picnicker_tiffany_0466,CLEFAIRY,"Metronome: 2246 (33.5%), Wake Up Slap: 2100 (31.3%), Sing: 1263 (18.8%), Gravity: 1090 (16.2%), Struggle: 11 (0.2%), Double Slap: 1 (0.0%)",828,868,0.95,37,1.0,0,6.65,2.86,243,526,118,74,-2.41,1191,"Magikarp: 68, Geodude: 41, Bellsprout: 28","Seaking: 23, Graveler: 17, Koffing: 17",100,42.57,0,"Damage: 37, Status: 26, Hazard: 0, Weather: 0, Cleric: 0, Screen: 0, Pass: 0",None
picnicker_tiffany_0466_Hoppip,picnicker_tiffany_0466,HOPPIP,"U Turn: 3 (37.5%), Giga Drain: 3 (37.5%), Bounce: 2 (25.0%)",1,1,1.0,0,1.0,0,11.0,4.0,1,0,0,0,12.5,1,Hoppip: 1,None,0,,0,"Damage: 0, Status: 0, Hazard: 0, Weather: 0, Cleric: 0, Screen: 0, Pass: 0",None
picnicker_tiffany_0466_Onix,picnicker_tiffany_0466,ONIX,"Curse: 2 (50.0%), Dragon Breath: 1 (25.0%), Iron Tail: 1 (25.0%)",1,1,1.0,0,1.0,0,5.0,2.0,0,0,0,0,-7.5,1,Onix: 1,None,0,,0,"Damage: 0, Status: 0, Hazard: 0, Weather: 0, Cleric: 0, Screen: 0, Pass: 0",None
picnicker_tiffany_0466_Slowbro,picnicker_tiffany_0466,SLOWBRO,None,0,0,0.0,0,0.0,0,0.0,0.0,0,0,0,0,0.0,1,None,None,0,,0,"Damage: 0, Status: 0, Hazard: 0, Weather: 0, Cleric: 0, Screen: 0, Pass: 0",None
picnicker_tiffany_0467_Clefable,picnicker_tiffany_0467,CLEFABLE,"Wake Up Slap: 5552 (38.0%), Sing: 4053 (27.7%), Moonlight: 2424 (16.6%), Gravity: 2312 (15.8%), Struggle: 271 (1.9%)",1281,684,1.87,59,1.96,0,13.15,5.06,354,1251,164,0,-4.96,1211,"Magikarp: 56, Magnemite: 33, Geodude: 31","Graveler: 20, Seadra: 19, Magmar: 14",179,64.46,0,"Damage: 59, Status: 28, Hazard: 0, Weather: 0, Cleric: 0, Screen: 0, Pass: 0",None
picnicker_tiffany_0467_Clefairy,picnicker_tiffany_0467,CLEFAIRY,"Gravity: 2 (40.0%), Sing: 1 (20.0%), Wake Up Slap: 1 (20.0%), Metronome: 1 (20.0%)",0,4,0.0,0,0.0,0,3.25,0.0,0,1,0,0,-20.0,4,None,None,0,100.0,0,"Damage: 0, Status: 0, Hazard: 0, Weather: 0, Cleric: 0, Screen: 0, Pass: 0",None
picnicker_tiffany_0522_Absol,picnicker_tiffany_0522,ABSOL,Night Slash: 1 (100.0%),1,1,1.0,0,1.0,0,2.0,2.0,1,0,0,0,100.0,1,Absol: 1,None,0,,0,"Damage: 0, Status: 0, Hazard: 0, Weather: 0, Cleric: 0, Screen: 0, Pass: 0",None
picnicker_tiffany_0522_Clefable,picnicker_tiffany_0522,CLEFABLE,"Metronome: 1887 (30.1%), Blizzard: 1853 (29.6%), Thunder: 1503 (24.0%), Gravity: 1011 (16.1%), Wake Up Slap: 8 (0.1%), Sing: 2 (0.0%), Moonlight: 2 (0.0%)",2430,281,8.65,27,8.74,0,5.21,2.38,269,646,126,57,-3.93,1328,"Magikarp: 73, Seaking: 63, Koffing: 54","Quagsire: 12, Golem: 9, Arcanine: 7",362,92.9,0,"Damage: 27, Status: 7, Hazard: 0, Weather: 1, Cleric: 0, Screen: 0, Pass: 0",None
picnicker_tiffany_0522_Clefairy,picnicker_tiffany_0522,CLEFAIRY,"Double Slap: 2 (28.6%), Metronome: 1 (14.3%), Wake Up Slap: 1 (14.3%), Encore: 1 (14.3%), Sing: 1 (14.3%), Minimize: 1 (14.3%)",0,4,0.0,0,0.0,0,2.75,0.0,0,0,0,0,0.0,4,None,None,0,100.0,0,"Damage: 0, Status: 0, Hazard: 0, Weather: 0, Cleric: 0, Screen: 0, Pass: 0",None
picnicker_tiffany_0522_Ivysaur,picnicker_tiffany_0522,IVYSAUR,"Sweet Scent: 5 (25.0%), Sleep Powder: 5 (25.0%), Razor Leaf: 5 (25.0%), Take Down: 5 (25.0%)",3,0,3.0,0,3.0,0,20.0,3.0,0,3,0,0,-15.0,1,"Ivysaur: 1, Charmeleon: 1, Wartortle: 1",None,1,,0,"Damage: 0, Status: 0, Hazard: 0, Weather: 0, Cleric: 0, Screen: 0, Pass: 0",None
picnicker_tiffany_0522_Makuhita,picnicker_tiffany_0522,MAKUHITA,Wake Up Slap: 1 (100.0%),1,1,1.0,0,1.0,0,2.0,2.0,0,0,0,0,0.0,1,Makuhita: 1,None,0,,0,"Damage: 0, Status: 0, Hazard: 0, Weather: 0, Cleric: 0, Screen: 0, Pass: 0",None
poke_maniac_andrew_0201_Marowak,poke_maniac_andrew_0201,MAROWAK,"Leer: 5299 (58.6%), Focus Energy: 1562 (17.3%), Rage: 1339 (14.8%), Bonemerang: 843 (9.3%), Struggle: 3 (0.0%)",772,1822,0.42,16,0.43,2,8.91,5.65,491,568,414,0,3.56,1180,"Magikarp: 54, Bellsprout: 28, Geodude: 26","Seaking: 42, Graveler: 38, Koffing: 35",102,30.81,2,"Damage: 16, Status: 0, Hazard: 0, Weather: 0, Cleric: 0, Screen: 0, Pass: 0",None
poke_maniac_andrew_0201_Quagsire,poke_maniac_andrew_0201,QUAGSIRE,None,0,0,0.0,0,0.0,0,0.0,0.0,0,0,0,0,0.0,4,None,None,0,,0,"Damage: 0, Status: 0, Hazard: 0, Weather: 0, Cleric: 0, Screen: 0, Pass: 0",None
poke_maniac_beckett_0130_Slowbro,poke_maniac_beckett_0130,SLOWBRO,"Growl: 3856 (50.8%), Disable: 2012 (26.5%), Confusion: 868 (11.4%), Water Gun: 852 (11.2%), Struggle: 1 (0.0%)",538,971,0.55,12,0.57,0,7.73,4.67,80,862,359,53,-5.29,1175,"Magikarp: 54, Bellsprout: 25, Geodude: 25","Graveler: 20, Koffing: 19, Seaking: 18",68,31.4,0,"Damage: 12, Status: 6, Hazard: 0, Weather: 0, Cleric: 0, Screen: 0, Pass: 0",None
poke_maniac_brent_0131_Dugtrio,poke_maniac_brent_0131,DUGTRIO,None,0,0,0.0,0,0.0,0,0.0,0.0,0,0,2,0,100.0,2,None,None,0,,0,"Damage: 0, Status: 0, Hazard: 0, Weather: 0, Cleric: 0, Screen: 0, Pass: 0",None
poke_maniac_brent_0131_Nidorina,poke_maniac_brent_0131,NIDORINA,"Tail Whip: 3215 (66.1%), Fury Swipes: 566 (11.6%), Double Kick: 561 (11.5%), Poison Sting: 522 (10.7%)",352,995,0.35,258,0.61,0,5.21,2.91,143,452,208,127,-1.94,1162,"Magikarp: 47, Bellsprout: 28, Pidgey: 14","Koffing: 25, Seaking: 18, Sandslash: 16",40,23.84,0,"Damage: 226, Status: 153, Hazard: 0, Weather: 0, Cleric: 0, Screen: 0, Pass: 0",None
poke_maniac_brent_0131_Nidorino,poke_maniac_brent_0131,NIDORINO,"Double Kick: 563 (25.4%), Poison Sting: 559 (25.2%), Fury Attack: 551 (24.9%), Horn Attack: 544 (24.5%)",305,871,0.35,76,0.44,0,4.0,1.89,181,144,100,160,6.25,1010,"Tentacool: 15, Magnemite: 14, Growlithe: 13","Seaking: 22, Graveler: 21, Magmar: 16",32,21.15,1,"Damage: 76, Status: 26, Hazard: 0, Weather: 0, Cleric: 0, Screen: 0, Pass: 0",None
poke_maniac_brent_0131_Quagsire,poke_maniac_brent_0131,QUAGSIRE,None,0,0,0.0,0,0.0,0,0.0,0.0,0,0,0,0,0.0,4,None,None,0,,0,"Damage: 0, Status: 0, Hazard: 0, Weather: 0, Cleric: 0, Screen: 0, Pass: 0",None
poke_maniac_brent_0172_Dugtrio,poke_maniac_brent_0172,DUGTRIO,None,0,0,0.0,0,0.0,0,0.0,0.0,0,0,2,0,100.0,2,None,None,0,,0,"Damage: 0, Status: 0, Hazard: 0, Weather: 0, Cleric: 0, Screen: 0, Pass: 0",None
poke_maniac_brent_0172_Gyarados,poke_maniac_brent_0172,GYARADOS,"Leer: 2385 (66.5%), Ice Fang: 419 (11.7%), Twister: 398 (11.1%), Dragon Rage: 383 (10.7%)",285,712,0.4,118,0.57,0,5.8,3.2,43,75,162,57,3.74,883,"Fearow: 13, Dratini: 10, Seaking: 9","Graveler: 22, Seaking: 17, Seadra: 16",18,,2,"Damage: 118, Status: 1, Hazard: 0, Weather: 0, Cleric: 0, Screen: 0, Pass: 0",None
poke_maniac_brent_0172_Nidorina,poke_maniac_brent_0172,NIDORINA,"Bite: 1736 (32.9%), Fury Swipes: 1713 (32.5%), Poison Sting: 1607 (30.5%), Helping Hand: 206 (3.9%), Tail Whip: 7 (0.1%)",692,937,0.74,661,1.44,8,5.08,2.73,397,471,245,864,3.77,1254,"Magikarp: 52, Bellsprout: 30, Voltorb: 23","Graveler: 27, Seaking: 22, Fearow: 20",103,42.03,0,"Damage: 648, Status: 329, Hazard: 0, Weather: 0, Cleric: 0, Screen: 0, Pass: 0",None
poke_maniac_brent_0172_Nidorino,poke_maniac_brent_0172,NIDORINO,"Horn Attack: 766 (33.5%), Fury Attack: 693 (30.3%), Poison Sting: 655 (28.7%), Helping Hand: 172 (7.5%)",251,765,0.33,266,0.68,0,4.26,2.31,167,162,124,158,4.58,903,"Goldeen: 11, Magnemite: 10, Butterfree: 9","Seaking: 26, Seadra: 22, Graveler: 18",23,24.14,0,"Damage: 259, Status: 90, Hazard: 0, Weather: 0, Cleric: 0, Screen: 0, Pass: 0",None
poke_maniac_brent_0172_Quagsire,poke_maniac_brent_0172,QUAGSIRE,None,0,0,0.0,0,0.0,0,0.0,0.0,0,0,0,0,0.0,4,None,None,0,,0,"Damage: 0, Status: 0, Hazard: 0, Weather: 0, Cleric: 0, Screen: 0, Pass: 0",None
poke_maniac_brent_0173_Dugtrio,poke_maniac_brent_0173,DUGTRIO,None,0,0,0.0,0,0.0,0,0.0,0.0,0,0,1,0,100.0,1,None,None,0,,0,"Damage: 0, Status: 0, Hazard: 0, Weather: 0, Cleric: 0, Screen: 0, Pass: 0",None
poke_maniac_brent_0173_Gyarados,poke_maniac_brent_0173,GYARADOS,"Ice Fang: 1614 (27.5%), Rain Dance: 1556 (26.5%), Hydro Pump: 1346 (22.9%), Aqua Tail: 1343 (22.9%), Leer: 5 (0.1%), Dragon Rage: 1 (0.0%)",1875,498,3.77,245,4.26,4,5.2,2.59,203,536,221,199,-1.68,1275,"Magikarp: 58, Voltorb: 40, Butterfree: 34","Weezing: 17, Azumarill: 16, Seaking: 13",302,82.77,0,"Damage: 245, Status: 10, Hazard: 0, Weather: 0, Cleric: 0, Screen: 0, Pass: 0",None
poke_maniac_brent_0173_Lickitung,poke_maniac_brent_0173,LICKITUNG,"Me First: 727 (51.9%), Disable: 416 (29.7%), Rollout: 170 (12.1%), Slam: 89 (6.3%)",39,450,0.09,67,0.24,0,4.75,2.71,7,140,69,2,-4.28,504,"Marill: 4, Psyduck: 3, Kingler: 2","Golduck: 17, Azumarill: 16, Seadra: 14",0,50.75,0,"Damage: 67, Status: 1, Hazard: 0, Weather: 0, Cleric: 0, Screen: 0, Pass: 0",None
poke_maniac_brent_0173_Nidorina,poke_maniac_brent_0173,NIDORINA,"Bite: 410 (46.0%), Flatter: 257 (28.8%), Toxic Spikes: 144 (16.2%), Helping Hand: 77 (8.6%), Poison Sting: 2 (0.2%), Tail Whip: 1 (0.1%)",58,310,0.19,115,0.56,14,4.19,1.79,27,20,46,100,5.51,396,"Weezing: 4, Electrode: 3, Haunter: 3","Poliwrath: 12, Tentacruel: 11, Golduck: 10",2,100.0,0,"Damage: 54, Status: 77, Hazard: 34, Weather: 0, Cleric: 0, Screen: 0, Pass: 0",None
poke_maniac_brent_0173_Nidorino,poke_maniac_brent_0173,NIDORINO,"Poison Jab: 419 (39.7%), Flatter: 404 (38.3%), Toxic Spikes: 154 (14.6%), Helping Hand: 76 (7.2%), Poison Sting: 1 (0.1%), Horn Attack: 1 (0.1%)",145,313,0.46,133,0.89,0,4.02,1.69,29,24,65,76,6.02,460,"Seaking: 10, Parasect: 8, Azumarill: 8","Poliwrath: 15, Electrode: 11, Golduck: 11",9,,1,"Damage: 71, Status: 119, Hazard: 21, Weather: 0, Cleric: 0, Screen: 0, Pass: 0",None
poke_maniac_brent_0173_Quagsire,poke_maniac_brent_0173,QUAGSIRE,None,0,0,0.0,0,0.0,0,0.0,0.0,0,0,0,0,0.0,3,None,None,0,,0,"Damage: 0, Status: 0, Hazard: 0, Weather: 0, Cleric: 0, Screen: 0, Pass: 0",None
poke_maniac_brent_0530_Dugtrio,poke_maniac_brent_0530,DUGTRIO,None,0,0,0.0,0,0.0,0,0.0,0.0,0,0,2,0,100.0,2,None,None,0,,0,"Damage: 0, Status: 0, Hazard: 0, Weather: 0, Cleric: 0, Screen: 0, Pass: 0",None
poke_maniac_brent_0530_Gyarados,poke_maniac_brent_0530,GYARADOS,"Dragon Dance: 2376 (38.7%), Hyper Beam: 2302 (37.5%), Rain Dance: 1171 (19.1%), Hydro Pump: 278 (4.5%), Ice Fang: 10 (0.2%), Struggle: 3 (0.0%), Leer: 3 (0.0%), Aqua Tail: 2 (0.0%)",1309,492,2.66,340,3.35,76,7.42,4.03,144,323,251,0,1.13,1119,"Magikarp: 58, Koffing: 34, Bellsprout: 30","Seaking: 17, Graveler: 15, Sudowoodo: 10",193,79.28,0,"Damage: 340, Status: 0, Hazard: 0, Weather: 0, Cleric: 0, Screen: 0, Pass: 0",None
poke_maniac_brent_0530_Lickitung,poke_maniac_brent_0530,LICKITUNG,"Me First: 342 (53.6%), Disable: 173 (27.1%), Rollout: 95 (14.9%), Slam: 28 (4.4%)",41,147,0.28,32,0.5,2,5.0,2.64,2,44,28,0,-2.22,198,"Butterfree: 7, Beedrill: 4, Ledyba: 3","Starmie: 9, Quagsire: 8, Fearow: 8",2,54.17,0,"Damage: 32, Status: 0, Hazard: 0, Weather: 0, Cleric: 0, Screen: 0, Pass: 0",None
poke_maniac_brent_0530_Nidoking,poke_maniac_brent_0530,NIDOKING,"Thrash: 302 (35.6%), Poison Sting: 205 (24.2%), Megahorn: 204 (24.1%), Earth Power: 137 (16.2%)",354,86,4.12,64,4.86,1,4.16,1.53,47,70,33,49,0.67,304,"Butterfree: 13, Seaking: 11, Victreebel: 11","Starmie: 9, Quagsire: 6, Golduck: 6",42,,0,"Damage: 62, Status: 25, Hazard: 0, Weather: 0, Cleric: 0, Screen: 0, Pass: 0",None
poke_maniac_brent_0530_Nidoqueen,poke_maniac_brent_0530,NIDOQUEEN,"Superpower: 848 (65.5%), Poison Sting: 166 (12.8%), Body Slam: 156 (12.0%), Earth Power: 125 (9.7%)",529,125,4.23,101,5.04,2,4.31,1.67,91,32,38,69,6.5,433,"Magnemite: 20, Magmar: 18, Seaking: 17","Starmie: 11, Seaking: 7, Alakazam: 7",67,,0,"Damage: 100, Status: 31, Hazard: 0, Weather: 0, Cleric: 0, Screen: 0, Pass: 0",None
poke_maniac_brent_0530_Nidorina,poke_maniac_brent_0530,NIDORINA,"Toxic Spikes: 2 (25.0%), Bite: 2 (25.0%), Poison Sting: 2 (25.0%), Tail Whip: 1 (12.5%), Fury Swipes: 1 (12.5%)",0,6,0.0,0,0.0,0,2.67,0.0,1,0,0,0,12.5,6,None,None,0,100.0,0,"Damage: 0, Status: 0, Hazard: 0, Weather: 0, Cleric: 0, Screen: 0, Pass: 0",None
poke_maniac_brent_0530_Nidorino,poke_maniac_brent_0530,NIDORINO,"Poison Sting: 5 (26.3%), Horn Attack: 4 (21.1%), Flatter: 2 (10.5%), Poison Jab: 2 (10.5%), Toxic Spikes: 2 (10.5%), Double Kick: 2 (10.5%), Fury Attack: 2 (10.5%)",0,6,0.0,0,0.0,0,5.33,0.0,2,0,0,0,10.53,6,None,None,0,,0,"Damage: 0, Status: 0, Hazard: 0, Weather: 0, Cleric: 0, Screen: 0, Pass: 0",None
poke_maniac_brent_0530_Quagsire,poke_maniac_brent_0530,QUAGSIRE,None,0,0,0.0,0,0.0,0,0.0,0.0,0,0,0,0,0.0,3,None,None,0,,0,"Damage: 0, Status: 0, Hazard: 0, Weather: 0, Cleric: 0, Screen: 0, Pass: 0",None
poke_maniac_calvin_0202_Kangaskhan,poke_maniac_calvin_0202,KANGASKHAN,"Dizzy Punch: 1198 (25.6%), Mega Punch: 1168 (25.0%), Rage: 1166 (24.9%), Bite: 1145 (24.5%)",975,796,1.22,56,1.3,0,4.52,2.17,270,267,189,420,3.7,1202,"Magikarp: 56, Bellsprout: 30, Goldeen: 29","Seaking: 24, Graveler: 18, Teddiursa: 16",136,49.33,0,"Damage: 56, Status: 21, Hazard: 0, Weather: 0, Cleric: 0, Screen: 0, Pass: 0",None
poke_maniac_donald_0392_Dugtrio,poke_maniac_donald_0392,DUGTRIO,None,0,0,0.0,0,0.0,0,0.0,0.0,0,0,1,0,100.0,1,None,None,0,,0,"Damage: 0, Status: 0, Hazard: 0, Weather: 0, Cleric: 0, Screen: 0, Pass: 0",None
poke_maniac_donald_0392_Quagsire,poke_maniac_donald_0392,QUAGSIRE,None,0,0,0.0,0,0.0,0,0.0,0.0,0,0,0,0,0.0,4,None,None,0,,0,"Damage: 0, Status: 0, Hazard: 0, Weather: 0, Cleric: 0, Screen: 0, Pass: 0",None
poke_maniac_donald_0392_Slowpoke,poke_maniac_donald_0392,SLOWPOKE,"Growl: 4315 (37.6%), Yawn: 2775 (24.2%), Tackle: 2217 (19.3%), Water Gun: 2174 (18.9%)",336,2084,0.16,14,0.17,0,11.5,4.83,246,515,446,0,1.48,1131,"Magikarp: 65, Bellsprout: 28, Geodude: 19","Seaking: 36, Sandslash: 35, Koffing: 33",38,12.36,0,"Damage: 14, Status: 9, Hazard: 0, Weather: 0, Cleric: 0, Screen: 0, Pass: 0",None
poke_maniac_harrison_0537_Nidoking,poke_maniac_harrison_0537,NIDOKING,"Double Kick: 1087 (27.5%), Peck: 1070 (27.1%), Poison Sting: 976 (24.7%), Focus Energy: 815 (20.6%)",458,946,0.48,169,0.66,1,4.45,2.31,842,211,159,253,19.42,1156,"Magikarp: 52, Pidgey: 38, Bellsprout: 28","Koffing: 20, Seaking: 18, Sandslash: 16",61,27.51,0,"Damage: 169, Status: 83, Hazard: 0, Weather: 0, Cleric: 0, Screen: 0, Pass: 0",None
poke_maniac_harrison_0537_Nidoqueen,poke_maniac_harrison_0537,NIDOQUEEN,"Tail Whip: 1656 (68.3%), Scratch: 259 (10.7%), Poison Sting: 258 (10.6%), Double Kick: 250 (10.3%)",73,912,0.08,34,0.12,0,4.47,2.18,57,129,129,70,2.25,966,"Geodude: 5, Tentacool: 4, Growlithe: 4","Seaking: 18, Quagsire: 15, Beedrill: 15",8,18.0,0,"Damage: 34, Status: 7, Hazard: 0, Weather: 0, Cleric: 0, Screen: 0, Pass: 0",None
poke_maniac_harrison_0537_Quagsire,poke_maniac_harrison_0537,QUAGSIRE,None,0,0,0.0,0,0.0,0,0.0,0.0,0,0,0,0,0.0,4,None,None,0,,0,"Damage: 0, Status: 0, Hazard: 0, Weather: 0, Cleric: 0, Screen: 0, Pass: 0",None
poke_maniac_issac_0391_Lickitung,poke_maniac_issac_0391,LICKITUNG,"Supersonic: 2061 (39.4%), Cut: 1812 (34.6%), Lick: 1353 (25.9%), Struggle: 5 (0.1%)",253,1047,0.24,99,0.34,0,5.48,2.34,179,1159,173,363,-14.81,1170,"Magikarp: 41, Bellsprout: 29, Caterpie: 17","Seaking: 18, Koffing: 17, Growlithe: 16",33,17.86,0,"Damage: 98, Status: 96, Hazard: 0, Weather: 0, Cleric: 0, Screen: 0, Pass: 0",None
poke_maniac_larry_0023_Slowpoke,poke_maniac_larry_0023,SLOWPOKE,"Growl: 3000 (41.5%), Yawn: 1766 (24.4%), Tackle: 1305 (18.0%), Water Gun: 1161 (16.0%), Struggle: 2 (0.0%)",236,1055,0.22,8,0.23,0,7.63,2.87,122,372,240,0,-0.13,1134,"Magikarp: 55, Bellsprout: 42, Geodude: 18","Seaking: 18, Koffing: 17, Pikachu: 16",28,13.84,0,"Damage: 7, Status: 6, Hazard: 0, Weather: 0, Cleric: 0, Screen: 0, Pass: 0",None
poke_maniac_morgan_0133_Quagsire,poke_maniac_morgan_0133,QUAGSIRE,None,0,0,0.0,0,0.0,0,0.0,0.0,0,0,0,0,0.0,4,None,None,0,,0,"Damage: 0, Status: 0, Hazard: 0, Weather: 0, Cleric: 0, Screen: 0, Pass: 0",None
poke_maniac_morgan_0133_Rhydon,poke_maniac_morgan_0133,RHYDON,"Scary Face: 1424 (43.4%), Take Down: 661 (20.1%), Rock Blast: 602 (18.3%), Horn Drill: 596 (18.2%)",631,588,1.07,30,1.12,1,5.0,2.51,84,752,148,0,-15.16,924,"Magnemite: 34, Butterfree: 23, Sandslash: 18","Butterfree: 21, Seaking: 21, Azumarill: 16",86,41.82,0,"Damage: 30, Status: 0, Hazard: 0, Weather: 0, Cleric: 0, Screen: 0, Pass: 0",None
poke_maniac_morgan_0133_Rhyhorn,poke_maniac_morgan_0133,RHYHORN,"Scary Face: 3039 (48.1%), Horn Drill: 1507 (23.9%), Rock Blast: 891 (14.1%), Take Down: 881 (13.9%)",1082,881,1.23,212,1.47,7,5.66,3.04,149,1502,269,0,-16.46,1302,"Magikarp: 58, Pikachu: 31, Bellsprout: 29","Butterfree: 36, Seaking: 23, Graveler: 21",151,57.3,0,"Damage: 212, Status: 0, Hazard: 0, Weather: 0, Cleric: 0, Screen: 0, Pass: 0",None
poke_maniac_ron_0132_Nidoking,poke_maniac_ron_0132,NIDOKING,"Peck: 1156 (26.9%), Double Kick: 1142 (26.5%), Poison Sting: 1115 (25.9%), Focus Energy: 889 (20.7%)",543,915,0.59,78,0.68,0,4.55,2.45,818,179,188,290,18.64,1158,"Magikarp: 51, Bellsprout: 28, Geodude: 18","Seaking: 18, Graveler: 17, Koffing: 16",73,31.87,0,"Damage: 78, Status: 55, Hazard: 0, Weather: 0, Cleric: 0, Screen: 0, Pass: 0",None
poke_maniac_shane_0129_Dugtrio,poke_maniac_shane_0129,DUGTRIO,None,0,0,0.0,0,0.0,0,0.0,0.0,0,0,2,0,100.0,2,None,None,0,,0,"Damage: 0, Status: 0, Hazard: 0, Weather: 0, Cleric: 0, Screen: 0, Pass: 0",None
poke_maniac_shane_0129_Nidorina,poke_maniac_shane_0129,NIDORINA,"Tail Whip: 2790 (67.5%), Double Kick: 465 (11.2%), Scratch: 449 (10.9%), Poison Sting: 432 (10.4%)",232,1011,0.23,224,0.45,21,4.7,2.64,111,227,177,109,1.48,1147,"Magikarp: 41, Pidgey: 13, Caterpie: 12","Growlithe: 19, Koffing: 18, Seaking: 18",30,20.05,0,"Damage: 202, Status: 122, Hazard: 0, Weather: 0, Cleric: 0, Screen: 0, Pass: 0",None
poke_maniac_shane_0129_Nidorino,poke_maniac_shane_0129,NIDORINO,"Focus Energy: 553 (30.2%), Peck: 441 (24.1%), Poison Sting: 441 (24.1%), Double Kick: 397 (21.7%)",204,926,0.22,49,0.27,1,3.67,1.63,308,39,95,115,18.97,1041,"Bellsprout: 17, Growlithe: 12, Oddish: 9","Seaking: 19, Graveler: 17, Sandslash: 17",24,19.23,3,"Damage: 49, Status: 24, Hazard: 0, Weather: 0, Cleric: 0, Screen: 0, Pass: 0",None
poke_maniac_shane_0129_Quagsire,poke_maniac_shane_0129,QUAGSIRE,None,0,0,0.0,0,0.0,0,0.0,0.0,0,0,0,0,0.0,4,None,None,0,,0,"Damage: 0, Status: 0, Hazard: 0, Weather: 0, Cleric: 0, Screen: 0, Pass: 0",None
poke_maniac_zach_0406_Rhyhorn,poke_maniac_zach_0406,RHYHORN,"Scary Face: 3325 (52.5%), Fury Attack: 1031 (16.3%), Rock Blast: 1005 (15.9%), Stomp: 977 (15.4%)",749,897,0.84,17,0.85,0,6.21,3.31,306,1004,288,0,-6.19,1208,"Magikarp: 57, Bellsprout: 28, Pidgey: 24","Seaking: 18, Sandslash: 16, Quagsire: 16",95,41.89,0,"Damage: 17, Status: 0, Hazard: 0, Weather: 0, Cleric: 0, Screen: 0, Pass: 0",None
pokefan_beverly_0182_Snubbull,pokefan_beverly_0182,SNUBBULL,"Tail Whip: 1250 (28.0%), Bite: 1219 (27.3%), Charm: 1068 (23.9%), Lick: 924 (20.7%)",377,1000,0.38,11,0.39,0,5.01,2.52,134,203,192,489,2.55,1137,"Magikarp: 74, Bellsprout: 28, Geodude: 19","Seaking: 18, Koffing: 17, Poliwhirl: 16",39,20.49,0,"Damage: 11, Status: 7, Hazard: 0, Weather: 0, Cleric: 0, Screen: 0, Pass: 0",None
pokefan_beverly_0436_Snubbull,pokefan_beverly_0436,SNUBBULL,"Rage: 1149 (29.4%), Headbutt: 1106 (28.3%), Lick: 986 (25.3%), Roar: 662 (17.0%), Bite: 1 (0.0%)",707,861,0.82,20,0.84,0,4.2,2.33,182,102,152,399,4.74,1173,"Magikarp: 58, Bellsprout: 28, Pidgey: 23","Seaking: 25, Graveler: 20, Butterfree: 16",97,52.69,0,"Damage: 20, Status: 5, Hazard: 0, Weather: 0, Cleric: 0, Screen: 0, Pass: 0",None
pokefan_beverly_0437_Granbull,pokefan_beverly_0437,GRANBULL,"Take Down: 1564 (28.2%), Rage: 1517 (27.4%), Headbutt: 1509 (27.2%), Roar: 951 (17.2%)",1619,633,2.56,45,2.63,0,4.82,2.37,224,255,179,233,2.98,1318,"Magikarp: 58, Butterfree: 41, Magnemite: 34","Graveler: 19, Seadra: 15, Magmar: 13",229,85.92,0,"Damage: 45, Status: 0, Hazard: 0, Weather: 0, Cleric: 0, Screen: 0, Pass: 0",None
pokefan_beverly_0437_Snubbull,pokefan_beverly_0437,SNUBBULL,"Charm: 1 (50.0%), Headbutt: 1 (50.0%)",0,4,0.0,0,0.0,0,1.5,0.0,0,0,0,0,0.0,4,None,None,0,100.0,0,"Damage: 0, Status: 0, Hazard: 0, Weather: 0, Cleric: 0, Screen: 0, Pass: 0",None
pokefan_beverly_0611_Granbull,pokefan_beverly_0611,GRANBULL,"Payback: 1529 (28.8%), Rage: 1468 (27.6%), Take Down: 1467 (27.6%), Roar: 845 (15.9%), Headbutt: 4 (0.1%)",1945,479,4.06,62,4.19,0,4.59,2.42,273,323,185,0,2.46,1307,"Magikarp: 58, Pikachu: 47, Butterfree: 46","Golem: 16, Graveler: 11, Sunflora: 11",284,91.56,0,"Damage: 62, Status: 0, Hazard: 0, Weather: 0, Cleric: 0, Screen: 0, Pass: 0",None
pokefan_beverly_0611_Snubbull,pokefan_beverly_0611,SNUBBULL,"Headbutt: 2 (66.7%), Rage: 1 (33.3%)",0,4,0.0,0,0.0,0,1.75,0.0,0,0,0,0,0.0,4,None,None,0,100.0,0,"Damage: 0, Status: 0, Hazard: 0, Weather: 0, Cleric: 0, Screen: 0, Pass: 0",None
pokefan_eleanor_0571_Dugtrio,pokefan_eleanor_0571,DUGTRIO,None,0,0,0.0,0,0.0,0,0.0,0.0,0,0,3,0,100.0,2,None,None,0,,0,"Damage: 0, Status: 0, Hazard: 0, Weather: 0, Cleric: 0, Screen: 0, Pass: 0",None
pokefan_eleanor_0571_Illumise,pokefan_eleanor_0571,ILLUMISE,"Zen Headbutt: 1006 (40.0%), Bug Buzz: 939 (37.3%), Flatter: 484 (19.2%), Helping Hand: 88 (3.5%)",563,497,1.13,99,1.33,0,4.52,1.81,100,139,96,200,2.5,830,"Seaking: 16, Poliwhirl: 14, Parasect: 14","Magmar: 19, Rapidash: 15, Azumarill: 15",69,57.69,0,"Damage: 88, Status: 62, Hazard: 0, Weather: 0, Cleric: 0, Screen: 0, Pass: 0",None
pokefan_eleanor_0571_Quagsire,pokefan_eleanor_0571,QUAGSIRE,None,0,0,0.0,0,0.0,0,0.0,0.0,0,0,0,0,0.0,1,None,None,0,,0,"Damage: 0, Status: 0, Hazard: 0, Weather: 0, Cleric: 0, Screen: 0, Pass: 0",None
pokefan_eleanor_0571_Spinda,pokefan_eleanor_0571,SPINDA,"Dizzy Punch: 2178 (30.9%), Teeter Dance: 2162 (30.7%), Sucker Punch: 2088 (29.7%), Psych Up: 604 (8.6%), Struggle: 8 (0.1%)",1179,773,1.53,576,2.27,35,6.07,2.2,206,84,201,277,4.65,1281,"Magikarp: 56, Voltorb: 30, Geodude: 27","Graveler: 27, Seaking: 22, Koffing: 20",192,63.62,0,"Damage: 518, Status: 398, Hazard: 0, Weather: 0, Cleric: 0, Screen: 0, Pass: 0",None
pokefan_georgia_0352_Dugtrio,pokefan_georgia_0352,DUGTRIO,None,0,0,0.0,0,0.0,0,0.0,0.0,0,0,4,0,100.0,2,None,None,0,,0,"Damage: 0, Status: 0, Hazard: 0, Weather: 0, Cleric: 0, Screen: 0, Pass: 0",None
pokefan_georgia_0352_Furret,pokefan_georgia_0352,FURRET,"Follow Me: 1131 (26.4%), Slam: 1091 (25.4%), Rest: 1057 (24.6%), Sucker Punch: 1013 (23.6%)",386,788,0.49,77,0.59,1,7.46,4.23,77,303,252,0,0.57,963,"Magnemite: 23, Goldeen: 12, Pikachu: 10","Seaking: 21, Sandslash: 15, Quagsire: 14",41,,1,"Damage: 77, Status: 0, Hazard: 0, Weather: 0, Cleric: 0, Screen: 0, Pass: 0",None
pokefan_georgia_0352_Quagsire,pokefan_georgia_0352,QUAGSIRE,None,0,0,0.0,0,0.0,0,0.0,0.0,0,0,0,0,0.0,4,None,None,0,,0,"Damage: 0, Status: 0, Hazard: 0, Weather: 0, Cleric: 0, Screen: 0, Pass: 0",None
pokefan_georgia_0352_Sentret,pokefan_georgia_0352,SENTRET,"Follow Me: 3186 (30.7%), Sucker Punch: 2888 (27.8%), Slam: 2274 (21.9%), Rest: 2019 (19.4%), Struggle: 15 (0.1%)",740,3761,0.2,318,0.28,1,14.65,7.36,187,562,592,0,1.98,1239,"Magikarp: 55, Bellsprout: 30, Geodude: 24","Seaking: 85, Sandslash: 78, Magmar: 69",106,20.88,22,"Damage: 318, Status: 0, Hazard: 0, Weather: 0, Cleric: 0, Screen: 0, Pass: 0",None
pokefan_m_alex_0492_Dugtrio,pokefan_m_alex_0492,DUGTRIO,None,0,0,0.0,0,0.0,0,0.0,0.0,0,0,4,0,100.0,2,None,None,0,,0,"Damage: 0, Status: 0, Hazard: 0, Weather: 0, Cleric: 0, Screen: 0, Pass: 0",None
pokefan_m_alex_0492_Magikarp,pokefan_m_alex_0492,MAGIKARP,"Tackle: 888 (34.3%), Splash: 861 (33.2%), Flail: 841 (32.5%)",71,677,0.1,39,0.16,1,4.92,2.88,108,73,112,0,5.44,726,"Fearow: 4, Teddiursa: 4, Beedrill: 3","Seaking: 23, Seadra: 21, Butterfree: 18",1,,2,"Damage: 39, Status: 0, Hazard: 0, Weather: 0, Cleric: 0, Screen: 0, Pass: 0",None
pokefan_m_alex_0492_Nidoking,pokefan_m_alex_0492,NIDOKING,"Thrash: 1971 (43.8%), Poison Sting: 993 (22.0%), Double Kick: 959 (21.3%), Focus Energy: 581 (12.9%)",871,904,0.96,468,1.48,23,4.54,2.26,602,103,198,266,14.95,1265,"Magikarp: 56, Pikachu: 31, Bellsprout: 29","Graveler: 32, Seaking: 25, Fearow: 18",121,47.75,0,"Damage: 468, Status: 87, Hazard: 0, Weather: 0, Cleric: 0, Screen: 0, Pass: 0",None
pokefan_m_alex_0492_Quagsire,pokefan_m_alex_0492,QUAGSIRE,None,0,0,0.0,0,0.0,0,0.0,0.0,0,0,0,0,0.0,5,None,None,0,,0,"Damage: 0, Status: 0, Hazard: 0, Weather: 0, Cleric: 0, Screen: 0, Pass: 0",None
pokefan_m_alex_0492_Slowking,pokefan_m_alex_0492,SLOWKING,"Headbutt: 880 (28.7%), Confusion: 820 (26.7%), Water Pulse: 784 (25.5%), Disable: 587 (19.1%)",461,715,0.64,135,0.83,0,5.19,2.83,168,185,188,395,5.24,941,"Gastly: 19, Haunter: 15, Horsea: 12","Seaking: 25, Seadra: 21, Teddiursa: 17",52,50.79,4,"Damage: 135, Status: 37, Hazard: 0, Weather: 0, Cleric: 0, Screen: 0, Pass: 0",None
pokefan_m_andy_0541_Teddiursa,pokefan_m_andy_0541,TEDDIURSA,"Slash: 2323 (30.1%), Rest: 2272 (29.4%), Charm: 1970 (25.5%), Snore: 1157 (15.0%), Struggle: 2 (0.0%)",1206,772,1.56,34,1.61,0,8.6,5.05,308,208,338,0,5.43,1268,"Magikarp: 60, Fearow: 31, Bellsprout: 30","Butterfree: 26, Graveler: 22, Seaking: 19",161,58.91,0,"Damage: 34, Status: 0, Hazard: 0, Weather: 0, Cleric: 0, Screen: 0, Pass: 0",None
pokefan_m_boone_0570_Dugtrio,pokefan_m_boone_0570,DUGTRIO,None,0,0,0.0,0,0.0,0,0.0,0.0,0,0,2,0,100.0,2,None,None,0,,0,"Damage: 0, Status: 0, Hazard: 0, Weather: 0, Cleric: 0, Screen: 0, Pass: 0",None
pokefan_m_boone_0570_Quagsire,pokefan_m_boone_0570,QUAGSIRE,None,0,0,0.0,0,0.0,0,0.0,0.0,0,0,0,0,0.0,2,None,None,0,,0,"Damage: 0, Status: 0, Hazard: 0, Weather: 0, Cleric: 0, Screen: 0, Pass: 0",None
pokefan_m_boone_0570_Spinda,pokefan_m_boone_0570,SPINDA,"Dizzy Punch: 2286 (31.4%), Teeter Dance: 2253 (30.9%), Sucker Punch: 2151 (29.5%), Psych Up: 586 (8.0%), Struggle: 15 (0.2%)",1259,788,1.6,572,2.32,33,6.21,2.34,216,97,209,241,3.97,1322,"Magikarp: 57, Goldeen: 32, Pikachu: 28","Butterfree: 24, Graveler: 22, Seaking: 18",185,64.6,0,"Damage: 505, Status: 378, Hazard: 0, Weather: 0, Cleric: 0, Screen: 0, Pass: 0",None
pokefan_m_boone_0570_Volbeat,pokefan_m_boone_0570,VOLBEAT,"Protect: 1151 (34.3%), Zen Headbutt: 1074 (32.1%), Bug Buzz: 1039 (31.0%), Helping Hand: 87 (2.6%)",566,528,1.07,50,1.17,0,5.39,1.95,121,129,124,186,2.73,839,"Seadra: 16, Butterfree: 15, Teddiursa: 14","Magmar: 19, Butterfree: 17, Seaking: 15",66,60.42,0,"Damage: 50, Status: 0, Hazard: 0, Weather: 0, Cleric: 0, Screen: 0, Pass: 0",None
pokefan_m_brandon_0409_Dugtrio,pokefan_m_brandon_0409,DUGTRIO,None,0,0,0.0,0,0.0,0,0.0,0.0,0,0,2,0,100.0,2,None,None,0,,0,"Damage: 0, Status: 0, Hazard: 0, Weather: 0, Cleric: 0, Screen: 0, Pass: 0",None
pokefan_m_brandon_0409_Mareep,pokefan_m_brandon_0409,MAREEP,"Tackle: 834 (38.8%), Thunder Shock: 707 (32.9%), Growl: 608 (28.3%)",141,993,0.14,19,0.16,0,4.05,1.66,76,137,123,65,3.09,1060,"Magikarp: 15, Marill: 14, Shellder: 6","Seaking: 18, Magmar: 17, Growlithe: 17",14,24.53,0,"Damage: 19, Status: 7, Hazard: 0, Weather: 0, Cleric: 0, Screen: 0, Pass: 0",None
pokefan_m_brandon_0409_Quagsire,pokefan_m_brandon_0409,QUAGSIRE,None,0,0,0.0,0,0.0,0,0.0,0.0,0,0,0,0,0.0,4,None,None,0,,0,"Damage: 0, Status: 0, Hazard: 0, Weather: 0, Cleric: 0, Screen: 0, Pass: 0",None
pokefan_m_brandon_0409_Snubbull,pokefan_m_brandon_0409,SNUBBULL,"Bite: 1091 (28.2%), Tail Whip: 1084 (28.1%), Charm: 858 (22.2%), Lick: 829 (21.5%)",243,1047,0.23,112,0.34,1,4.49,2.18,110,181,149,440,1.13,1140,"Magikarp: 39, Bellsprout: 28, Geodude: 15","Seaking: 18, Shellder: 17, Koffing: 17",31,15.61,0,"Damage: 112, Status: 36, Hazard: 0, Weather: 0, Cleric: 0, Screen: 0, Pass: 0",None
pokefan_m_carter_0350_Bulbasaur,pokefan_m_carter_0350,BULBASAUR,"Seed Bomb: 1486 (34.0%), Double Edge: 1406 (32.2%), Worry Seed: 852 (19.5%), Synthesis: 618 (14.2%), Struggle: 4 (0.1%)",1028,890,1.16,409,1.61,74,4.28,2.31,192,69,195,0,6.97,1316,"Magikarp: 56, Goldeen: 33, Geodude: 28","Graveler: 29, Butterfree: 24, Magmar: 22",145,54.94,1,"Damage: 409, Status: 0, Hazard: 0, Weather: 0, Cleric: 0, Screen: 0, Pass: 0",None
pokefan_m_carter_0350_Charmander,pokefan_m_carter_0350,CHARMANDER,"Slash: 451 (27.0%), Flamethrower: 427 (25.5%), Fire Spin: 411 (24.6%), Fire Fang: 384 (23.0%)",366,706,0.52,174,0.76,0,3.46,1.6,114,180,72,87,1.09,877,"Butterfree: 24, Magnemite: 14, Gloom: 13","Butterfree: 22, Seaking: 21, Rapidash: 19",40,55.56,3,"Damage: 174, Status: 17, Hazard: 0, Weather: 0, Cleric: 0, Screen: 0, Pass: 0",None
pokefan_m_carter_0350_Dugtrio,pokefan_m_carter_0350,DUGTRIO,None,0,0,0.0,0,0.0,0,0.0,0.0,0,0,2,0,100.0,2,None,None,0,,0,"Damage: 0, Status: 0, Hazard: 0, Weather: 0, Cleric: 0, Screen: 0, Pass: 0",None
pokefan_m_carter_0350_Quagsire,pokefan_m_carter_0350,QUAGSIRE,None,0,0,0.0,0,0.0,0,0.0,0.0,0,0,0,0,0.0,1,None,None,0,,0,"Damage: 0, Status: 0, Hazard: 0, Weather: 0, Cleric: 0, Screen: 0, Pass: 0",None
pokefan_m_carter_0350_Squirtle,pokefan_m_carter_0350,SQUIRTLE,"Skull Bash: 629 (29.5%), Aqua Tail: 585 (27.4%), Iron Defense: 543 (25.4%), Rain Dance: 377 (17.7%)",280,661,0.42,80,0.54,0,4.43,2.46,79,92,130,0,5.17,832,"Magmar: 12, Flareon: 9, Beedrill: 9","Seaking: 21, Butterfree: 21, Golem: 21",23,,0,"Damage: 80, Status: 0, Hazard: 0, Weather: 0, Cleric: 0, Screen: 0, Pass: 0",None
pokefan_m_colin_0424_Delibird,pokefan_m_colin_0424,DELIBIRD,"Present: 1467 (35.4%), Aerial Ace: 1385 (33.4%), Avalanche: 1291 (31.2%)",1252,802,1.56,27,1.59,0,3.86,2.04,210,698,151,0,-7.85,1283,"Magikarp: 59, Butterfree: 44, Bellsprout: 30","Seaking: 25, Graveler: 23, Magmar: 19",173,58.85,0,"Damage: 27, Status: 0, Hazard: 0, Weather: 0, Cleric: 0, Screen: 0, Pass: 0",None
pokefan_m_derek_0044_Pikachu,pokefan_m_derek_0044,PIKACHU,"Quick Attack: 1440 (30.1%), Tail Whip: 1280 (26.7%), Double Team: 1087 (22.7%), Thunder Shock: 981 (20.5%)",376,1019,0.37,11,0.38,0,4.76,1.76,141,194,959,76,15.88,1173,"Magikarp: 54, Bellsprout: 28, Pidgey: 19","Seaking: 18, Sandslash: 17, Growlithe: 17",51,19.95,0,"Damage: 11, Status: 3, Hazard: 0, Weather: 0, Cleric: 0, Screen: 0, Pass: 0",None
pokefan_m_derek_0438_Dugtrio,pokefan_m_derek_0438,DUGTRIO,None,0,0,0.0,0,0.0,0,0.0,0.0,0,0,1,0,100.0,1,None,None,0,,0,"Damage: 0, Status: 0, Hazard: 0, Weather: 0, Cleric: 0, Screen: 0, Pass: 0",None
pokefan_m_derek_0438_Pikachu,pokefan_m_derek_0438,PIKACHU,"Feint: 790 (28.5%), Slam: 734 (26.5%), Double Team: 634 (22.9%), Thunderbolt: 605 (21.9%), Tail Whip: 3 (0.1%), Thunder Shock: 1 (0.0%), Quick Attack: 1 (0.0%)",437,843,0.52,34,0.56,0,4.02,1.42,121,175,402,30,10.95,1055,"Shellder: 21, Goldeen: 18, Marill: 15","Seaking: 25, Sandslash: 17, Graveler: 16",58,26.0,0,"Damage: 34, Status: 4, Hazard: 0, Weather: 0, Cleric: 0, Screen: 0, Pass: 0",None
pokefan_m_derek_0438_Quagsire,pokefan_m_derek_0438,QUAGSIRE,None,0,0,0.0,0,0.0,0,0.0,0.0,0,0,0,0,0.0,4,None,None,0,,0,"Damage: 0, Status: 0, Hazard: 0, Weather: 0, Cleric: 0, Screen: 0, Pass: 0",None
pokefan_m_derek_0438_Teddiursa,pokefan_m_derek_0438,TEDDIURSA,"Faint Attack: 951 (25.7%), Fury Swipes: 946 (25.6%), Sweet Scent: 928 (25.1%), Fake Tears: 875 (23.6%)",460,1029,0.45,244,0.68,2,4.03,2.22,162,178,163,0,3.81,1222,"Magikarp: 58, Bellsprout: 28, Geodude: 19","Shellder: 22, Koffing: 19, Sandslash: 19",58,25.0,0,"Damage: 244, Status: 0, Hazard: 0, Weather: 0, Cleric: 0, Screen: 0, Pass: 0",None
pokefan_m_derek_0439_Dugtrio,pokefan_m_derek_0439,DUGTRIO,None,0,0,0.0,0,0.0,0,0.0,0.0,0,0,2,0,100.0,2,None,None,0,,0,"Damage: 0, Status: 0, Hazard: 0, Weather: 0, Cleric: 0, Screen: 0, Pass: 0",None
pokefan_m_derek_0439_Pichu,pokefan_m_derek_0439,PICHU,"Tail Whip: 1887 (38.2%), Charm: 1237 (25.0%), Sweet Kiss: 1165 (23.6%), Thunder Wave: 646 (13.1%), Struggle: 9 (0.2%)",4,1234,0.0,474,0.39,7,4.93,1.77,1,502,151,0,-6.87,1260,"Hoppip: 2, Geodude: 1, Voltorb: 1","Goldeen: 24, Growlithe: 21, Shellder: 19",0,5.26,0,"Damage: 2, Status: 472, Hazard: 0, Weather: 0, Cleric: 0, Screen: 0, Pass: 0",None
pokefan_m_derek_0439_Pikachu,pokefan_m_derek_0439,PIKACHU,"Feint: 1031 (29.2%), Agility: 918 (26.0%), Thunderbolt: 787 (22.3%), Discharge: 775 (21.9%), Double Team: 7 (0.2%), Slam: 5 (0.1%), Tail Whip: 4 (0.1%), Thunder Shock: 4 (0.1%), Quick Attack: 2 (0.1%)",833,813,1.02,165,1.23,1,4.39,1.55,171,53,120,159,6.42,1147,"Magikarp: 55, Goldeen: 36, Pidgey: 23","Seaking: 22, Quagsire: 18, Graveler: 17",116,100.0,1,"Damage: 159, Status: 61, Hazard: 0, Weather: 0, Cleric: 0, Screen: 0, Pass: 0",None
pokefan_m_derek_0439_Quagsire,pokefan_m_derek_0439,QUAGSIRE,None,0,0,0.0,0,0.0,0,0.0,0.0,0,0,0,0,0.0,6,None,None,0,,0,"Damage: 0, Status: 0, Hazard: 0, Weather: 0, Cleric: 0, Screen: 0, Pass: 0",None
pokefan_m_derek_0439_Teddiursa,pokefan_m_derek_0439,TEDDIURSA,"Faint Attack: 790 (26.6%), Fury Swipes: 721 (24.2%), Slash: 520 (17.5%), Sweet Scent: 475 (16.0%), Lick: 249 (8.4%), Fake Tears: 220 (7.4%)",389,1558,0.25,72,0.3,1,5.68,2.67,205,160,199,66,7.56,957,"Geodude: 19, Pikachu: 13, Sentret: 12","Butterfree: 42, Quagsire: 39, Seaking: 39",42,20.69,5,"Damage: 72, Status: 5, Hazard: 0, Weather: 0, Cleric: 0, Screen: 0, Pass: 0",None
pokefan_m_derek_0610_Dugtrio,pokefan_m_derek_0610,DUGTRIO,None,0,0,0.0,0,0.0,0,0.0,0.0,0,0,3,0,100.0,2,None,None,0,,0,"Damage: 0, Status: 0, Hazard: 0, Weather: 0, Cleric: 0, Screen: 0, Pass: 0",None
pokefan_m_derek_0610_Pichu,pokefan_m_derek_0610,PICHU,"Tail Whip: 1717 (40.0%), Sweet Kiss: 1087 (25.3%), Nasty Plot: 1037 (24.2%), Thunder Wave: 444 (10.4%), Charm: 3 (0.1%)",0,1322,0.0,641,0.48,9,4.05,1.59,0,453,150,0,-6.83,1364,None,"Magmar: 27, Geodude: 24, Teddiursa: 23",0,7.57,0,"Damage: 0, Status: 641, Hazard: 0, Weather: 0, Cleric: 0, Screen: 0, Pass: 0",None
pokefan_m_derek_0610_Pikachu,pokefan_m_derek_0610,PIKACHU,"Feint: 1015 (28.6%), Agility: 861 (24.2%), Discharge: 827 (23.3%), Thunderbolt: 822 (23.1%), Double Team: 10 (0.3%), Quick Attack: 9 (0.3%), Thunder Shock: 3 (0.1%), Tail Whip: 3 (0.1%), Slam: 1 (0.0%)",798,852,0.94,417,1.43,2,4.3,1.49,162,54,119,210,6.6,1175,"Magikarp: 49, Goldeen: 31, Magnemite: 26","Butterfree: 29, Seaking: 27, Magmar: 25",115,100.0,2,"Damage: 407, Status: 121, Hazard: 0, Weather: 0, Cleric: 0, Screen: 0, Pass: 0",None
pokefan_m_derek_0610_Quagsire,pokefan_m_derek_0610,QUAGSIRE,None,0,0,0.0,0,0.0,0,0.0,0.0,0,0,0,0,0.0,4,None,None,0,,0,"Damage: 0, Status: 0, Hazard: 0, Weather: 0, Cleric: 0, Screen: 0, Pass: 0",None
pokefan_m_derek_0610_Teddiursa,pokefan_m_derek_0610,TEDDIURSA,"Faint Attack: 265 (28.0%), Fury Swipes: 250 (26.5%), Fake Tears: 220 (23.3%), Sweet Scent: 209 (22.1%), Slash: 1 (0.1%)",69,634,0.11,69,0.22,1,3.19,1.27,44,34,55,0,6.5,676,"Geodude: 14, Onix: 5, Spinarak: 4","Graveler: 19, Magmar: 18, Butterfree: 15",6,28.33,0,"Damage: 69, Status: 0, Hazard: 0, Weather: 0, Cleric: 0, Screen: 0, Pass: 0",None
pokefan_m_derek_0610_Ursaring,pokefan_m_derek_0610,URSARING,"Slash: 1590 (26.6%), Sweet Scent: 1496 (25.1%), Rest: 1487 (24.9%), Scary Face: 1397 (23.4%)",951,582,1.63,43,1.71,4,9.54,5.63,172,274,287,0,2.96,1025,"Butterfree: 33, Voltorb: 26, Seaking: 25","Seadra: 15, Graveler: 15, Butterfree: 15",135,,0,"Damage: 43, Status: 0, Hazard: 0, Weather: 0, Cleric: 0, Screen: 0, Pass: 0",None
pokefan_m_jeremy_0423_Dugtrio,pokefan_m_jeremy_0423,DUGTRIO,None,0,0,0.0,0,0.0,0,0.0,0.0,0,0,2,0,100.0,2,None,None,0,,0,"Damage: 0, Status: 0, Hazard: 0, Weather: 0, Cleric: 0, Screen: 0, Pass: 0",None
pokefan_m_jeremy_0423_Meowth,pokefan_m_jeremy_0423,MEOWTH,"Slash: 1645 (25.7%), Faint Attack: 1627 (25.4%), Taunt: 1574 (24.5%), Pay Day: 1566 (24.4%)",1198,2435,0.49,93,0.53,1,5.84,3.98,402,58,326,0,9.94,1216,"Magikarp: 56, Magnemite: 30, Bellsprout: 30","Seaking: 67, Graveler: 56, Butterfree: 53",168,35.75,8,"Damage: 93, Status: 0, Hazard: 0, Weather: 0, Cleric: 0, Screen: 0, Pass: 0",None
pokefan_m_jeremy_0423_Quagsire,pokefan_m_jeremy_0423,QUAGSIRE,None,0,0,0.0,0,0.0,0,0.0,0.0,0,0,0,0,0.0,4,None,None,0,,0,"Damage: 0, Status: 0, Hazard: 0, Weather: 0, Cleric: 0, Screen: 0, Pass: 0",None
pokefan_m_joshua_0349_Dugtrio,pokefan_m_joshua_0349,DUGTRIO,None,0,0,0.0,0,0.0,0,0.0,0.0,0,0,5,0,100.0,2,None,None,0,,0,"Damage: 0, Status: 0, Hazard: 0, Weather: 0, Cleric: 0, Screen: 0, Pass: 0",None
pokefan_m_joshua_0349_Pikachu,pokefan_m_joshua_0349,PIKACHU,"Feint: 3667 (28.5%), Slam: 3389 (26.3%), Double Team: 3178 (24.7%), Thunderbolt: 2649 (20.6%), Struggle: 2 (0.0%)",1506,4486,0.34,96,0.36,7,11.11,5.78,534,1004,1965,158,9.99,1235,"Magikarp: 60, Goldeen: 34, Fearow: 33","Seaking: 121, Magmar: 120, Butterfree: 109",205,35.12,36,"Damage: 96, Status: 19, Hazard: 0, Weather: 0, Cleric: 0, Screen: 0, Pass: 0",None
pokefan_m_joshua_0349_Quagsire,pokefan_m_joshua_0349,QUAGSIRE,None,0,0,0.0,0,0.0,0,0.0,0.0,0,0,0,0,0.0,4,None,None,0,,0,"Damage: 0, Status: 0, Hazard: 0, Weather: 0, Cleric: 0, Screen: 0, Pass: 0",None
pokefan_m_rex_0540_Phanpy,pokefan_m_rex_0540,PHANPY,"Endure: 2208 (34.0%), Double Edge: 1995 (30.7%), Charm: 1796 (27.7%), Last Resort: 492 (7.6%), Struggle: 4 (0.1%)",1163,788,1.48,30,1.51,0,5.91,3.1,164,204,255,0,3.19,1233,"Magikarp: 56, Voltorb: 35, Magnemite: 34","Graveler: 20, Seaking: 18, Butterfree: 18",153,58.48,0,"Damage: 30, Status: 0, Hazard: 0, Weather: 0, Cleric: 0, Screen: 0, Pass: 0",None
pokefan_m_robert_0348_Quagsire,pokefan_m_robert_0348,QUAGSIRE,"Amnesia: 3651 (30.2%), Earthquake: 3299 (27.3%), Yawn: 2999 (24.8%), Rain Dance: 2049 (16.9%), Struggle: 97 (0.8%)",1651,637,2.59,25,2.63,0,10.17,4.62,147,119,472,0,3.98,1317,"Magikarp: 57, Magmar: 43, Seaking: 42","Butterfree: 21, Graveler: 15, Gyarados: 14",224,71.68,0,"Damage: 7, Status: 18, Hazard: 0, Weather: 0, Cleric: 0, Screen: 0, Pass: 0",None
pokefan_m_trevor_0351_Psyduck,pokefan_m_trevor_0351,PSYDUCK,"Zen Headbutt: 1688 (31.2%), Fury Swipes: 1637 (30.3%), Screech: 1632 (30.2%), Psych Up: 448 (8.3%), Struggle: 5 (0.1%)",973,815,1.19,24,1.22,0,5.26,2.76,268,780,209,179,-5.3,1202,"Magikarp: 56, Pidgey: 32, Geodude: 29","Graveler: 24, Seaking: 23, Butterfree: 19",131,49.58,0,"Damage: 24, Status: 0, Hazard: 0, Weather: 0, Cleric: 0, Screen: 0, Pass: 0",None
pokefan_m_william_0181_Raichu,pokefan_m_william_0181,RAICHU,"Quick Attack: 1181 (32.3%), Tail Whip: 987 (27.0%), Thunderbolt: 747 (20.4%), Thunder Shock: 739 (20.2%)",599,945,0.63,16,0.65,0,3.75,1.77,155,155,148,86,3.66,1183,"Magikarp: 54, Voltorb: 30, Bellsprout: 28","Seaking: 18, Sandslash: 17, Quagsire: 17",73,28.91,0,"Damage: 16, Status: 2, Hazard: 0, Weather: 0, Cleric: 0, Screen: 0, Pass: 0",None
pokefan_marigold_0535_Meowth,pokefan_marigold_0535,MEOWTH,"Bite: 1097 (31.8%), Growl: 1064 (30.9%), Fury Swipes: 978 (28.4%), Fake Out: 298 (8.6%), Struggle: 10 (0.3%)",374,999,0.37,15,0.39,0,3.9,1.73,202,264,147,512,2.44,1142,"Magikarp: 52, Bellsprout: 28, Pidgey: 22","Seaking: 18, Koffing: 18, Sandslash: 16",50,19.79,0,"Damage: 15, Status: 0, Hazard: 0, Weather: 0, Cleric: 0, Screen: 0, Pass: 0",None
pokefan_ruth_0045_Pikachu,pokefan_ruth_0045,PIKACHU,"Quick Attack: 1388 (29.7%), Tail Whip: 1288 (27.5%), Double Team: 1109 (23.7%), Thunder Shock: 894 (19.1%)",319,1030,0.31,10,0.32,0,4.66,1.71,139,208,965,60,15.76,1163,"Magikarp: 54, Bellsprout: 28, Pidgey: 20","Seaking: 18, Onix: 16, Sandslash: 16",42,17.71,0,"Damage: 10, Status: 3, Hazard: 0, Weather: 0, Cleric: 0, Screen: 0, Pass: 0",None
policeman_dirk_0080_Dugtrio,policeman_dirk_0080,DUGTRIO,None,0,0,0.0,0,0.0,0,0.0,0.0,0,0,2,0,100.0,2,None,None,0,,0,"Damage: 0, Status: 0, Hazard: 0, Weather: 0, Cleric: 0, Screen: 0, Pass: 0",None
policeman_dirk_0080_Growlithe,policeman_dirk_0080,GROWLITHE,"Ember: 2917 (59.3%), Leer: 1394 (28.3%), Roar: 554 (11.3%), Odor Sleuth: 56 (1.1%)",364,2013,0.18,68,0.21,5,5.94,3.44,175,119,268,257,6.52,1157,"Magikarp: 47, Bellsprout: 28, Pidgey: 15","Graveler: 39, Butterfree: 38, Marill: 37",50,20.66,0,"Damage: 68, Status: 58, Hazard: 0, Weather: 0, Cleric: 0, Screen: 0, Pass: 0",None
policeman_dirk_0080_Quagsire,policeman_dirk_0080,QUAGSIRE,None,0,0,0.0,0,0.0,0,0.0,0.0,0,0,0,0,0.0,4,None,None,0,,0,"Damage: 0, Status: 0, Hazard: 0, Weather: 0, Cleric: 0, Screen: 0, Pass: 0",None
policeman_keith_0006_Growlithe,policeman_keith_0006,GROWLITHE,"Ember: 2246 (64.6%), Leer: 1066 (30.7%), Helping Hand: 100 (2.9%), Odor Sleuth: 64 (1.8%)",402,975,0.41,30,0.44,0,4.04,2.06,118,130,178,169,4.46,1124,"Magikarp: 56, Bellsprout: 28, Pidgey: 20","Growlithe: 19, Seaking: 18, Butterfree: 16",45,23.84,0,"Damage: 30, Status: 23, Hazard: 0, Weather: 0, Cleric: 0, Screen: 0, Pass: 0",None
psychic_m_eli_0412_Exeggcute,psychic_m_eli_0412,EXEGGCUTE,"Confusion: 1239 (65.5%), Stun Spore: 576 (30.4%), Sleep Powder: 55 (2.9%), Poison Powder: 23 (1.2%)",245,627,0.39,166,0.66,1,4.13,1.86,75,198,86,99,-1.75,752,"Gastly: 13, Haunter: 12, Graveler: 11","Butterfree: 24, Magmar: 24, Seaking: 21",18,34.43,9,"Damage: 143, Status: 162, Hazard: 0, Weather: 0, Cleric: 0, Screen: 0, Pass: 0",None
psychic_m_eli_0412_Girafarig,psychic_m_eli_0412,GIRAFARIG,"Psybeam: 1483 (79.3%), Assurance: 247 (13.2%), Double Hit: 139 (7.4%)",537,536,1.0,131,1.25,6,3.85,1.49,103,43,88,118,8.16,817,"Machoke: 15, Golduck: 13, Dratini: 12","Butterfree: 25, Magmar: 20, Seaking: 15",70,,2,"Damage: 131, Status: 26, Hazard: 0, Weather: 0, Cleric: 0, Screen: 0, Pass: 0",None
psychic_m_eli_0412_Quagsire,psychic_m_eli_0412,QUAGSIRE,None,0,0,0.0,0,0.0,0,0.0,0.0,0,0,0,0,0.0,4,None,None,0,,0,"Damage: 0, Status: 0, Hazard: 0, Weather: 0, Cleric: 0, Screen: 0, Pass: 0",None
psychic_m_eli_0412_Starmie,psychic_m_eli_0412,STARMIE,"Swift: 3768 (70.8%), Confuse Ray: 1021 (19.2%), Recover: 383 (7.2%), Rapid Spin: 153 (2.9%)",1025,765,1.34,645,2.18,150,5.04,1.97,253,26,164,0,7.12,1289,"Magikarp: 56, Geodude: 31, Bellsprout: 30","Graveler: 32, Butterfree: 23, Seaking: 17",151,59.74,0,"Damage: 578, Status: 416, Hazard: 0, Weather: 0, Cleric: 0, Screen: 0, Pass: 0",None
psychic_m_fidel_0317_Abra,psychic_m_fidel_0317,ABRA,None,0,0,0.0,0,0.0,0,0.0,0.0,0,0,0,0,0.0,2,None,None,0,,0,"Damage: 0, Status: 0, Hazard: 0, Weather: 0, Cleric: 0, Screen: 0, Pass: 0",None
psychic_m_fidel_0317_Ampharos,psychic_m_fidel_0317,AMPHAROS,None,0,0,0.0,0,0.0,0,0.0,0.0,0,0,0,0,0.0,1,None,None,0,,0,"Damage: 0, Status: 0, Hazard: 0, Weather: 0, Cleric: 0, Screen: 0, Pass: 0",None
psychic_m_fidel_0317_Arbok,psychic_m_fidel_0317,ARBOK,None,0,0,0.0,0,0.0,0,0.0,0.0,0,0,0,0,0.0,2,None,None,0,,0,"Damage: 0, Status: 0, Hazard: 0, Weather: 0, Cleric: 0, Screen: 0, Pass: 0",None
psychic_m_fidel_0317_Ariados,psychic_m_fidel_0317,ARIADOS,None,0,0,0.0,0,0.0,0,0.0,0.0,0,0,0,0,0.0,2,None,None,0,,0,"Damage: 0, Status: 0, Hazard: 0, Weather: 0, Cleric: 0, Screen: 0, Pass: 0",None
psychic_m_fidel_0317_Azumarill,psychic_m_fidel_0317,AZUMARILL,None,0,0,0.0,0,0.0,0,0.0,0.0,0,0,0,0,0.0,4,None,None,0,,0,"Damage: 0, Status: 0, Hazard: 0, Weather: 0, Cleric: 0, Screen: 0, Pass: 0",None
psychic_m_fidel_0317_Beedrill,psychic_m_fidel_0317,BEEDRILL,None,0,0,0.0,0,0.0,0,0.0,0.0,0,0,0,0,0.0,2,None,None,0,,0,"Damage: 0, Status: 0, Hazard: 0, Weather: 0, Cleric: 0, Screen: 0, Pass: 0",None
psychic_m_fidel_0317_Bellossom,psychic_m_fidel_0317,BELLOSSOM,None,0,0,0.0,0,0.0,0,0.0,0.0,0,0,0,0,0.0,4,None,None,0,,0,"Damage: 0, Status: 0, Hazard: 0, Weather: 0, Cleric: 0, Screen: 0, Pass: 0",None
psychic_m_fidel_0317_Bellsprout,psychic_m_fidel_0317,BELLSPROUT,None,0,0,0.0,0,0.0,0,0.0,0.0,0,0,0,0,0.0,3,None,None,0,,0,"Damage: 0, Status: 0, Hazard: 0, Weather: 0, Cleric: 0, Screen: 0, Pass: 0",None
psychic_m_fidel_0317_Bronzor,psychic_m_fidel_0317,BRONZOR,None,0,0,0.0,0,0.0,0,0.0,0.0,0,0,0,0,0.0,3,None,None,0,,0,"Damage: 0, Status: 0, Hazard: 0, Weather: 0, Cleric: 0, Screen: 0, Pass: 0",None
psychic_m_fidel_0317_Budew,psychic_m_fidel_0317,BUDEW,None,0,0,0.0,0,0.0,0,0.0,0.0,0,0,0,0,0.0,2,None,None,0,,0,"Damage: 0, Status: 0, Hazard: 0, Weather: 0, Cleric: 0, Screen: 0, Pass: 0",None
psychic_m_fidel_0317_Bulbasaur,psychic_m_fidel_0317,BULBASAUR,None,0,0,0.0,0,0.0,0,0.0,0.0,0,0,0,0,0.0,3,None,None,0,,0,"Damage: 0, Status: 0, Hazard: 0, Weather: 0, Cleric: 0, Screen: 0, Pass: 0",None
psychic_m_fidel_0317_Burmy,psychic_m_fidel_0317,BURMY,None,0,0,0.0,0,0.0,0,0.0,0.0,0,0,0,0,0.0,1,None,None,0,,0,"Damage: 0, Status: 0, Hazard: 0, Weather: 0, Cleric: 0, Screen: 0, Pass: 0",None
psychic_m_fidel_0317_Butterfree,psychic_m_fidel_0317,BUTTERFREE,None,0,0,0.0,0,0.0,0,0.0,0.0,0,0,0,0,0.0,7,None,None,0,,0,"Damage: 0, Status: 0, Hazard: 0, Weather: 0, Cleric: 0, Screen: 0, Pass: 0",None
psychic_m_fidel_0317_Caterpie,psychic_m_fidel_0317,CATERPIE,None,0,0,0.0,0,0.0,0,0.0,0.0,0,0,0,0,0.0,2,None,None,0,,0,"Damage: 0, Status: 0, Hazard: 0, Weather: 0, Cleric: 0, Screen: 0, Pass: 0",None
psychic_m_fidel_0317_Charmander,psychic_m_fidel_0317,CHARMANDER,None,0,0,0.0,0,0.0,0,0.0,0.0,0,0,0,0,0.0,2,None,None,0,,0,"Damage: 0, Status: 0, Hazard: 0, Weather: 0, Cleric: 0, Screen: 0, Pass: 0",None
psychic_m_fidel_0317_Charmeleon,psychic_m_fidel_0317,CHARMELEON,None,0,0,0.0,0,0.0,0,0.0,0.0,0,0,0,0,0.0,2,None,None,0,,0,"Damage: 0, Status: 0, Hazard: 0, Weather: 0, Cleric: 0, Screen: 0, Pass: 0",None
psychic_m_fidel_0317_Chatot,psychic_m_fidel_0317,CHATOT,None,0,0,0.0,0,0.0,0,0.0,0.0,0,0,0,0,0.0,3,None,None,0,,0,"Damage: 0, Status: 0, Hazard: 0, Weather: 0, Cleric: 0, Screen: 0, Pass: 0",None
psychic_m_fidel_0317_Cherrim,psychic_m_fidel_0317,CHERRIM,None,0,0,0.0,0,0.0,0,0.0,0.0,0,0,0,0,0.0,2,None,None,0,,0,"Damage: 0, Status: 0, Hazard: 0, Weather: 0, Cleric: 0, Screen: 0, Pass: 0",None
psychic_m_fidel_0317_Clamperl,psychic_m_fidel_0317,CLAMPERL,None,0,0,0.0,0,0.0,0,0.0,0.0,0,0,0,0,0.0,2,None,None,0,,0,"Damage: 0, Status: 0, Hazard: 0, Weather: 0, Cleric: 0, Screen: 0, Pass: 0",None
psychic_m_fidel_0317_Clefable,psychic_m_fidel_0317,CLEFABLE,None,0,0,0.0,0,0.0,0,0.0,0.0,0,0,0,0,0.0,6,None,None,0,,0,"Damage: 0, Status: 0, Hazard: 0, Weather: 0, Cleric: 0, Screen: 0, Pass: 0",None
psychic_m_fidel_0317_Clefairy,psychic_m_fidel_0317,CLEFAIRY,None,0,0,0.0,0,0.0,0,0.0,0.0,0,0,0,0,0.0,6,None,None,0,,0,"Damage: 0, Status: 0, Hazard: 0, Weather: 0, Cleric: 0, Screen: 0, Pass: 0",None
psychic_m_fidel_0317_Cloyster,psychic_m_fidel_0317,CLOYSTER,None,0,0,0.0,0,0.0,0,0.0,0.0,0,0,0,0,0.0,2,None,None,0,,0,"Damage: 0, Status: 0, Hazard: 0, Weather: 0, Cleric: 0, Screen: 0, Pass: 0",None
psychic_m_fidel_0317_Corsola,psychic_m_fidel_0317,CORSOLA,None,0,0,0.0,0,0.0,0,0.0,0.0,0,0,0,0,0.0,3,None,None,0,,0,"Damage: 0, Status: 0, Hazard: 0, Weather: 0, Cleric: 0, Screen: 0, Pass: 0",None
psychic_m_fidel_0317_Croagunk,psychic_m_fidel_0317,CROAGUNK,None,0,0,0.0,0,0.0,0,0.0,0.0,0,0,0,0,0.0,2,None,None,0,,0,"Damage: 0, Status: 0, Hazard: 0, Weather: 0, Cleric: 0, Screen: 0, Pass: 0",None
psychic_m_fidel_0317_Cubone,psychic_m_fidel_0317,CUBONE,None,0,0,0.0,0,0.0,0,0.0,0.0,0,0,0,0,0.0,1,None,None,0,,0,"Damage: 0, Status: 0, Hazard: 0, Weather: 0, Cleric: 0, Screen: 0, Pass: 0",None
psychic_m_fidel_0317_Cyndaquil,psychic_m_fidel_0317,CYNDAQUIL,None,0,0,0.0,0,0.0,0,0.0,0.0,0,0,0,0,0.0,1,None,None,0,,0,"Damage: 0, Status: 0, Hazard: 0, Weather: 0, Cleric: 0, Screen: 0, Pass: 0",None
psychic_m_fidel_0317_Dewgong,psychic_m_fidel_0317,DEWGONG,None,0,0,0.0,0,0.0,0,0.0,0.0,0,0,0,0,0.0,4,None,None,0,,0,"Damage: 0, Status: 0, Hazard: 0, Weather: 0, Cleric: 0, Screen: 0, Pass: 0",None
psychic_m_fidel_0317_Diglett,psychic_m_fidel_0317,DIGLETT,None,0,0,0.0,0,0.0,0,0.0,0.0,0,0,0,0,0.0,2,None,None,0,,0,"Damage: 0, Status: 0, Hazard: 0, Weather: 0, Cleric: 0, Screen: 0, Pass: 0",None
psychic_m_fidel_0317_Doduo,psychic_m_fidel_0317,DODUO,None,0,0,0.0,0,0.0,0,0.0,0.0,0,0,0,0,0.0,3,None,None,0,,0,"Damage: 0, Status: 0, Hazard: 0, Weather: 0, Cleric: 0, Screen: 0, Pass: 0",None
psychic_m_fidel_0317_Dratini,psychic_m_fidel_0317,DRATINI,None,0,0,0.0,0,0.0,0,0.0,0.0,0,0,0,0,0.0,1,None,None,0,,0,"Damage: 0, Status: 0, Hazard: 0, Weather: 0, Cleric: 0, Screen: 0, Pass: 0",None
psychic_m_fidel_0317_Drowzee,psychic_m_fidel_0317,DROWZEE,None,0,0,0.0,0,0.0,0,0.0,0.0,0,0,0,0,0.0,4,None,None,0,,0,"Damage: 0, Status: 0, Hazard: 0, Weather: 0, Cleric: 0, Screen: 0, Pass: 0",None
psychic_m_fidel_0317_Dunsparce,psychic_m_fidel_0317,DUNSPARCE,None,0,0,0.0,0,0.0,0,0.0,0.0,0,0,0,0,0.0,4,None,None,0,,0,"Damage: 0, Status: 0, Hazard: 0, Weather: 0, Cleric: 0, Screen: 0, Pass: 0",None
psychic_m_fidel_0317_Electabuzz,psychic_m_fidel_0317,ELECTABUZZ,None,0,0,0.0,0,0.0,0,0.0,0.0,0,0,0,0,0.0,1,None,None,0,,0,"Damage: 0, Status: 0, Hazard: 0, Weather: 0, Cleric: 0, Screen: 0, Pass: 0",None
psychic_m_fidel_0317_Exeggcute,psychic_m_fidel_0317,EXEGGCUTE,None,0,0,0.0,0,0.0,0,0.0,0.0,0,0,0,0,0.0,2,None,None,0,,0,"Damage: 0, Status: 0, Hazard: 0, Weather: 0, Cleric: 0, Screen: 0, Pass: 0",None
psychic_m_fidel_0317_Exeggutor,psychic_m_fidel_0317,EXEGGUTOR,None,0,0,0.0,0,0.0,0,0.0,0.0,0,0,0,0,0.0,2,None,None,0,,0,"Damage: 0, Status: 0, Hazard: 0, Weather: 0, Cleric: 0, Screen: 0, Pass: 0",None
psychic_m_fidel_0317_Farfetchd,psychic_m_fidel_0317,FARFETCHD,None,0,0,0.0,0,0.0,0,0.0,0.0,0,0,0,0,0.0,2,None,None,0,,0,"Damage: 0, Status: 0, Hazard: 0, Weather: 0, Cleric: 0, Screen: 0, Pass: 0",None
psychic_m_fidel_0317_Fearow,psychic_m_fidel_0317,FEAROW,None,0,0,0.0,0,0.0,0,0.0,0.0,0,0,0,0,0.0,4,None,None,0,,0,"Damage: 0, Status: 0, Hazard: 0, Weather: 0, Cleric: 0, Screen: 0, Pass: 0",None
psychic_m_fidel_0317_Flaaffy,psychic_m_fidel_0317,FLAAFFY,None,0,0,0.0,0,0.0,0,0.0,0.0,0,0,0,0,0.0,1,None,None,0,,0,"Damage: 0, Status: 0, Hazard: 0, Weather: 0, Cleric: 0, Screen: 0, Pass: 0",None
psychic_m_fidel_0317_Flareon,psychic_m_fidel_0317,FLAREON,None,0,0,0.0,0,0.0,0,0.0,0.0,0,0,0,0,0.0,2,None,None,0,,0,"Damage: 0, Status: 0, Hazard: 0, Weather: 0, Cleric: 0, Screen: 0, Pass: 0",None
psychic_m_fidel_0317_Furret,psychic_m_fidel_0317,FURRET,None,0,0,0.0,0,0.0,0,0.0,0.0,0,0,0,0,0.0,3,None,None,0,,0,"Damage: 0, Status: 0, Hazard: 0, Weather: 0, Cleric: 0, Screen: 0, Pass: 0",None
psychic_m_fidel_0317_Gastly,psychic_m_fidel_0317,GASTLY,None,0,0,0.0,0,0.0,0,0.0,0.0,0,0,0,0,0.0,4,None,None,0,,0,"Damage: 0, Status: 0, Hazard: 0, Weather: 0, Cleric: 0, Screen: 0, Pass: 0",None
psychic_m_fidel_0317_Geodude,psychic_m_fidel_0317,GEODUDE,None,0,0,0.0,0,0.0,0,0.0,0.0,0,0,0,0,0.0,9,None,None,0,,0,"Damage: 0, Status: 0, Hazard: 0, Weather: 0, Cleric: 0, Screen: 0, Pass: 0",None
psychic_m_fidel_0317_Girafarig,psychic_m_fidel_0317,GIRAFARIG,None,0,0,0.0,0,0.0,0,0.0,0.0,0,0,0,0,0.0,1,None,None,0,,0,"Damage: 0, Status: 0, Hazard: 0, Weather: 0, Cleric: 0, Screen: 0, Pass: 0",None
psychic_m_fidel_0317_Gloom,psychic_m_fidel_0317,GLOOM,None,0,0,0.0,0,0.0,0,0.0,0.0,0,0,0,0,0.0,9,None,None,0,,0,"Damage: 0, Status: 0, Hazard: 0, Weather: 0, Cleric: 0, Screen: 0, Pass: 0",None
psychic_m_fidel_0317_Golbat,psychic_m_fidel_0317,GOLBAT,None,0,0,0.0,0,0.0,0,0.0,0.0,0,0,0,0,0.0,1,None,None,0,,0,"Damage: 0, Status: 0, Hazard: 0, Weather: 0, Cleric: 0, Screen: 0, Pass: 0",None
psychic_m_fidel_0317_Goldeen,psychic_m_fidel_0317,GOLDEEN,None,0,0,0.0,0,0.0,0,0.0,0.0,0,0,0,0,0.0,5,None,None,0,,0,"Damage: 0, Status: 0, Hazard: 0, Weather: 0, Cleric: 0, Screen: 0, Pass: 0",None
psychic_m_fidel_0317_Graveler,psychic_m_fidel_0317,GRAVELER,None,0,0,0.0,0,0.0,0,0.0,0.0,0,0,0,0,0.0,3,None,None,0,,0,"Damage: 0, Status: 0, Hazard: 0, Weather: 0, Cleric: 0, Screen: 0, Pass: 0",None
psychic_m_fidel_0317_Grimer,psychic_m_fidel_0317,GRIMER,None,0,0,0.0,0,0.0,0,0.0,0.0,0,0,0,0,0.0,1,None,None,0,,0,"Damage: 0, Status: 0, Hazard: 0, Weather: 0, Cleric: 0, Screen: 0, Pass: 0",None
psychic_m_fidel_0317_Growlithe,psychic_m_fidel_0317,GROWLITHE,None,0,0,0.0,0,0.0,0,0.0,0.0,0,0,0,0,0.0,4,None,None,0,,0,"Damage: 0, Status: 0, Hazard: 0, Weather: 0, Cleric: 0, Screen: 0, Pass: 0",None
psychic_m_fidel_0317_Gulpin,psychic_m_fidel_0317,GULPIN,None,0,0,0.0,0,0.0,0,0.0,0.0,0,0,0,0,0.0,2,None,None,0,,0,"Damage: 0, Status: 0, Hazard: 0, Weather: 0, Cleric: 0, Screen: 0, Pass: 0",None
psychic_m_fidel_0317_Haunter,psychic_m_fidel_0317,HAUNTER,None,0,0,0.0,0,0.0,0,0.0,0.0,0,0,0,0,0.0,3,None,None,0,,0,"Damage: 0, Status: 0, Hazard: 0, Weather: 0, Cleric: 0, Screen: 0, Pass: 0",None
psychic_m_fidel_0317_Hitmonchan,psychic_m_fidel_0317,HITMONCHAN,None,0,0,0.0,0,0.0,0,0.0,0.0,0,0,0,0,0.0,1,None,None,0,,0,"Damage: 0, Status: 0, Hazard: 0, Weather: 0, Cleric: 0, Screen: 0, Pass: 0",None
psychic_m_fidel_0317_Hitmonlee,psychic_m_fidel_0317,HITMONLEE,None,0,0,0.0,0,0.0,0,0.0,0.0,0,0,0,0,0.0,6,None,None,0,,0,"Damage: 0, Status: 0, Hazard: 0, Weather: 0, Cleric: 0, Screen: 0, Pass: 0",None
psychic_m_fidel_0317_Hoothoot,psychic_m_fidel_0317,HOOTHOOT,None,0,0,0.0,0,0.0,0,0.0,0.0,0,0,0,0,0.0,2,None,None,0,,0,"Damage: 0, Status: 0, Hazard: 0, Weather: 0, Cleric: 0, Screen: 0, Pass: 0",None
psychic_m_fidel_0317_Hoppip,psychic_m_fidel_0317,HOPPIP,None,0,0,0.0,0,0.0,0,0.0,0.0,0,0,0,0,0.0,4,None,None,0,,0,"Damage: 0, Status: 0, Hazard: 0, Weather: 0, Cleric: 0, Screen: 0, Pass: 0",None
psychic_m_fidel_0317_Horsea,psychic_m_fidel_0317,HORSEA,None,0,0,0.0,0,0.0,0,0.0,0.0,0,0,0,0,0.0,6,None,None,0,,0,"Damage: 0, Status: 0, Hazard: 0, Weather: 0, Cleric: 0, Screen: 0, Pass: 0",None
psychic_m_fidel_0317_Hypno,psychic_m_fidel_0317,HYPNO,None,0,0,0.0,0,0.0,0,0.0,0.0,0,0,0,0,0.0,2,None,None,0,,0,"Damage: 0, Status: 0, Hazard: 0, Weather: 0, Cleric: 0, Screen: 0, Pass: 0",None
psychic_m_fidel_0317_Ivysaur,psychic_m_fidel_0317,IVYSAUR,None,0,0,0.0,0,0.0,0,0.0,0.0,0,0,0,0,0.0,2,None,None,0,,0,"Damage: 0, Status: 0, Hazard: 0, Weather: 0, Cleric: 0, Screen: 0, Pass: 0",None
psychic_m_fidel_0317_Jigglypuff,psychic_m_fidel_0317,JIGGLYPUFF,None,0,0,0.0,0,0.0,0,0.0,0.0,0,0,0,0,0.0,2,None,None,0,,0,"Damage: 0, Status: 0, Hazard: 0, Weather: 0, Cleric: 0, Screen: 0, Pass: 0",None
psychic_m_fidel_0317_Jumpluff,psychic_m_fidel_0317,JUMPLUFF,None,0,0,0.0,0,0.0,0,0.0,0.0,0,0,0,0,0.0,1,None,None,0,,0,"Damage: 0, Status: 0, Hazard: 0, Weather: 0, Cleric: 0, Screen: 0, Pass: 0",None
psychic_m_fidel_0317_Kakuna,psychic_m_fidel_0317,KAKUNA,None,0,0,0.0,0,0.0,0,0.0,0.0,0,0,0,0,0.0,3,None,None,0,,0,"Damage: 0, Status: 0, Hazard: 0, Weather: 0, Cleric: 0, Screen: 0, Pass: 0",None
psychic_m_fidel_0317_Kangaskhan,psychic_m_fidel_0317,KANGASKHAN,None,0,0,0.0,0,0.0,0,0.0,0.0,0,0,0,0,0.0,1,None,None,0,,0,"Damage: 0, Status: 0, Hazard: 0, Weather: 0, Cleric: 0, Screen: 0, Pass: 0",None
psychic_m_fidel_0317_Koffing,psychic_m_fidel_0317,KOFFING,None,0,0,0.0,0,0.0,0,0.0,0.0,0,0,0,0,0.0,6,None,None,0,,0,"Damage: 0, Status: 0, Hazard: 0, Weather: 0, Cleric: 0, Screen: 0, Pass: 0",None
psychic_m_fidel_0317_Krabby,psychic_m_fidel_0317,KRABBY,None,0,0,0.0,0,0.0,0,0.0,0.0,0,0,0,0,0.0,1,None,None,0,,0,"Damage: 0, Status: 0, Hazard: 0, Weather: 0, Cleric: 0, Screen: 0, Pass: 0",None
psychic_m_fidel_0317_Ledyba,psychic_m_fidel_0317,LEDYBA,None,0,0,0.0,0,0.0,0,0.0,0.0,0,0,0,0,0.0,2,None,None,0,,0,"Damage: 0, Status: 0, Hazard: 0, Weather: 0, Cleric: 0, Screen: 0, Pass: 0",None
psychic_m_fidel_0317_Lickitung,psychic_m_fidel_0317,LICKITUNG,None,0,0,0.0,0,0.0,0,0.0,0.0,0,0,0,0,0.0,1,None,None,0,,0,"Damage: 0, Status: 0, Hazard: 0, Weather: 0, Cleric: 0, Screen: 0, Pass: 0",None
psychic_m_fidel_0317_Lotad,psychic_m_fidel_0317,LOTAD,None,0,0,0.0,0,0.0,0,0.0,0.0,0,0,0,0,0.0,1,None,None,0,,0,"Damage: 0, Status: 0, Hazard: 0, Weather: 0, Cleric: 0, Screen: 0, Pass: 0",None
psychic_m_fidel_0317_Luvdisc,psychic_m_fidel_0317,LUVDISC,None,0,0,0.0,0,0.0,0,0.0,0.0,0,0,0,0,0.0,1,None,None,0,,0,"Damage: 0, Status: 0, Hazard: 0, Weather: 0, Cleric: 0, Screen: 0, Pass: 0",None
psychic_m_fidel_0317_Machamp,psychic_m_fidel_0317,MACHAMP,None,0,0,0.0,0,0.0,0,0.0,0.0,0,0,0,0,0.0,1,None,None,0,,0,"Damage: 0, Status: 0, Hazard: 0, Weather: 0, Cleric: 0, Screen: 0, Pass: 0",None
psychic_m_fidel_0317_Machoke,psychic_m_fidel_0317,MACHOKE,None,0,0,0.0,0,0.0,0,0.0,0.0,0,0,0,0,0.0,5,None,None,0,,0,"Damage: 0, Status: 0, Hazard: 0, Weather: 0, Cleric: 0, Screen: 0, Pass: 0",None
psychic_m_fidel_0317_Machop,psychic_m_fidel_0317,MACHOP,None,0,0,0.0,0,0.0,0,0.0,0.0,0,0,0,0,0.0,4,None,None,0,,0,"Damage: 0, Status: 0, Hazard: 0, Weather: 0, Cleric: 0, Screen: 0, Pass: 0",None
psychic_m_fidel_0317_Magby,psychic_m_fidel_0317,MAGBY,None,0,0,0.0,0,0.0,0,0.0,0.0,0,0,0,0,0.0,1,None,None,0,,0,"Damage: 0, Status: 0, Hazard: 0, Weather: 0, Cleric: 0, Screen: 0, Pass: 0",None
psychic_m_fidel_0317_Magikarp,psychic_m_fidel_0317,MAGIKARP,None,0,0,0.0,0,0.0,0,0.0,0.0,0,0,0,0,0.0,9,None,None,0,,0,"Damage: 0, Status: 0, Hazard: 0, Weather: 0, Cleric: 0, Screen: 0, Pass: 0",None
psychic_m_fidel_0317_Magmar,psychic_m_fidel_0317,MAGMAR,None,0,0,0.0,0,0.0,0,0.0,0.0,0,0,0,0,0.0,5,None,None,0,,0,"Damage: 0, Status: 0, Hazard: 0, Weather: 0, Cleric: 0, Screen: 0, Pass: 0",None
psychic_m_fidel_0317_Magnemite,psychic_m_fidel_0317,MAGNEMITE,None,0,0,0.0,0,0.0,0,0.0,0.0,0,0,0,0,0.0,4,None,None,0,,0,"Damage: 0, Status: 0, Hazard: 0, Weather: 0, Cleric: 0, Screen: 0, Pass: 0",None
psychic_m_fidel_0317_Magneton,psychic_m_fidel_0317,MAGNETON,None,0,0,0.0,0,0.0,0,0.0,0.0,0,0,0,0,0.0,1,None,None,0,,0,"Damage: 0, Status: 0, Hazard: 0, Weather: 0, Cleric: 0, Screen: 0, Pass: 0",None
psychic_m_fidel_0317_Mankey,psychic_m_fidel_0317,MANKEY,None,0,0,0.0,0,0.0,0,0.0,0.0,0,0,0,0,0.0,4,None,None,0,,0,"Damage: 0, Status: 0, Hazard: 0, Weather: 0, Cleric: 0, Screen: 0, Pass: 0",None
psychic_m_fidel_0317_Mareep,psychic_m_fidel_0317,MAREEP,None,0,0,0.0,0,0.0,0,0.0,0.0,0,0,0,0,0.0,6,None,None,0,,0,"Damage: 0, Status: 0, Hazard: 0, Weather: 0, Cleric: 0, Screen: 0, Pass: 0",None
psychic_m_fidel_0317_Marill,psychic_m_fidel_0317,MARILL,None,0,0,0.0,0,0.0,0,0.0,0.0,0,0,0,0,0.0,3,None,None,0,,0,"Damage: 0, Status: 0, Hazard: 0, Weather: 0, Cleric: 0, Screen: 0, Pass: 0",None
psychic_m_fidel_0317_Marowak,psychic_m_fidel_0317,MAROWAK,None,0,0,0.0,0,0.0,0,0.0,0.0,0,0,0,0,0.0,2,None,None,0,,0,"Damage: 0, Status: 0, Hazard: 0, Weather: 0, Cleric: 0, Screen: 0, Pass: 0",None
psychic_m_fidel_0317_Meowth,psychic_m_fidel_0317,MEOWTH,None,0,0,0.0,0,0.0,0,0.0,0.0,0,0,0,0,0.0,4,None,None,0,,0,"Damage: 0, Status: 0, Hazard: 0, Weather: 0, Cleric: 0, Screen: 0, Pass: 0",None
psychic_m_fidel_0317_Metapod,psychic_m_fidel_0317,METAPOD,None,0,0,0.0,0,0.0,0,0.0,0.0,0,0,0,0,0.0,2,None,None,0,,0,"Damage: 0, Status: 0, Hazard: 0, Weather: 0, Cleric: 0, Screen: 0, Pass: 0",None
psychic_m_fidel_0317_Natu,psychic_m_fidel_0317,NATU,None,0,0,0.0,0,0.0,0,0.0,0.0,0,0,0,0,0.0,2,None,None,0,,0,"Damage: 0, Status: 0, Hazard: 0, Weather: 0, Cleric: 0, Screen: 0, Pass: 0",None
psychic_m_fidel_0317_Nidoking,psychic_m_fidel_0317,NIDOKING,None,0,0,0.0,0,0.0,0,0.0,0.0,0,0,0,0,0.0,4,None,None,0,,0,"Damage: 0, Status: 0, Hazard: 0, Weather: 0, Cleric: 0, Screen: 0, Pass: 0",None
psychic_m_fidel_0317_Nidoqueen,psychic_m_fidel_0317,NIDOQUEEN,None,0,0,0.0,0,0.0,0,0.0,0.0,0,0,0,0,0.0,3,None,None,0,,0,"Damage: 0, Status: 0, Hazard: 0, Weather: 0, Cleric: 0, Screen: 0, Pass: 0",None
psychic_m_fidel_0317_NidoranF,psychic_m_fidel_0317,NIDORAN F,None,0,0,0.0,0,0.0,0,0.0,0.0,0,0,0,0,0.0,1,None,None,0,,0,"Damage: 0, Status: 0, Hazard: 0, Weather: 0, Cleric: 0, Screen: 0, Pass: 0",None
psychic_m_fidel_0317_Nidorina,psychic_m_fidel_0317,NIDORINA,None,0,0,0.0,0,0.0,0,0.0,0.0,0,0,0,0,0.0,4,None,None,0,,0,"Damage: 0, Status: 0, Hazard: 0, Weather: 0, Cleric: 0, Screen: 0, Pass: 0",None
psychic_m_fidel_0317_Nincada,psychic_m_fidel_0317,NINCADA,None,0,0,0.0,0,0.0,0,0.0,0.0,0,0,0,0,0.0,1,None,None,0,,0,"Damage: 0, Status: 0, Hazard: 0, Weather: 0, Cleric: 0, Screen: 0, Pass: 0",None
psychic_m_fidel_0317_Noctowl,psychic_m_fidel_0317,NOCTOWL,None,0,0,0.0,0,0.0,0,0.0,0.0,0,0,0,0,0.0,3,None,None,0,,0,"Damage: 0, Status: 0, Hazard: 0, Weather: 0, Cleric: 0, Screen: 0, Pass: 0",None
psychic_m_fidel_0317_Octillery,psychic_m_fidel_0317,OCTILLERY,None,0,0,0.0,0,0.0,0,0.0,0.0,0,0,0,0,0.0,2,None,None,0,,0,"Damage: 0, Status: 0, Hazard: 0, Weather: 0, Cleric: 0, Screen: 0, Pass: 0",None
psychic_m_fidel_0317_Oddish,psychic_m_fidel_0317,ODDISH,None,0,0,0.0,0,0.0,0,0.0,0.0,0,0,0,0,0.0,5,None,None,0,,0,"Damage: 0, Status: 0, Hazard: 0, Weather: 0, Cleric: 0, Screen: 0, Pass: 0",None
psychic_m_fidel_0317_Onix,psychic_m_fidel_0317,ONIX,None,0,0,0.0,0,0.0,0,0.0,0.0,0,0,0,0,0.0,9,None,None,0,,0,"Damage: 0, Status: 0, Hazard: 0, Weather: 0, Cleric: 0, Screen: 0, Pass: 0",None
psychic_m_fidel_0317_Paras,psychic_m_fidel_0317,PARAS,None,0,0,0.0,0,0.0,0,0.0,0.0,0,0,0,0,0.0,3,None,None,0,,0,"Damage: 0, Status: 0, Hazard: 0, Weather: 0, Cleric: 0, Screen: 0, Pass: 0",None
psychic_m_fidel_0317_Parasect,psychic_m_fidel_0317,PARASECT,None,0,0,0.0,0,0.0,0,0.0,0.0,0,0,0,0,0.0,4,None,None,0,,0,"Damage: 0, Status: 0, Hazard: 0, Weather: 0, Cleric: 0, Screen: 0, Pass: 0",None
psychic_m_fidel_0317_Phanpy,psychic_m_fidel_0317,PHANPY,None,0,0,0.0,0,0.0,0,0.0,0.0,0,0,0,0,0.0,2,None,None,0,,0,"Damage: 0, Status: 0, Hazard: 0, Weather: 0, Cleric: 0, Screen: 0, Pass: 0",None
psychic_m_fidel_0317_Pichu,psychic_m_fidel_0317,PICHU,None,0,0,0.0,0,0.0,0,0.0,0.0,0,0,0,0,0.0,4,None,None,0,,0,"Damage: 0, Status: 0, Hazard: 0, Weather: 0, Cleric: 0, Screen: 0, Pass: 0",None
psychic_m_fidel_0317_Pidgeot,psychic_m_fidel_0317,PIDGEOT,None,0,0,0.0,0,0.0,0,0.0,0.0,0,0,0,0,0.0,2,None,None,0,,0,"Damage: 0, Status: 0, Hazard: 0, Weather: 0, Cleric: 0, Screen: 0, Pass: 0",None
psychic_m_fidel_0317_Pidgeotto,psychic_m_fidel_0317,PIDGEOTTO,None,0,0,0.0,0,0.0,0,0.0,0.0,0,0,0,0,0.0,4,None,None,0,,0,"Damage: 0, Status: 0, Hazard: 0, Weather: 0, Cleric: 0, Screen: 0, Pass: 0",None
psychic_m_fidel_0317_Pidgey,psychic_m_fidel_0317,PIDGEY,None,0,0,0.0,0,0.0,0,0.0,0.0,0,0,0,0,0.0,5,None,None,0,,0,"Damage: 0, Status: 0, Hazard: 0, Weather: 0, Cleric: 0, Screen: 0, Pass: 0",None
psychic_m_fidel_0317_Pikachu,psychic_m_fidel_0317,PIKACHU,None,0,0,0.0,0,0.0,0,0.0,0.0,0,0,0,0,0.0,4,None,None,0,,0,"Damage: 0, Status: 0, Hazard: 0, Weather: 0, Cleric: 0, Screen: 0, Pass: 0",None
psychic_m_fidel_0317_Plusle,psychic_m_fidel_0317,PLUSLE,None,0,0,0.0,0,0.0,0,0.0,0.0,0,0,0,0,0.0,1,None,None,0,,0,"Damage: 0, Status: 0, Hazard: 0, Weather: 0, Cleric: 0, Screen: 0, Pass: 0",None
psychic_m_fidel_0317_Poliwag,psychic_m_fidel_0317,POLIWAG,None,0,0,0.0,0,0.0,0,0.0,0.0,0,0,0,0,0.0,4,None,None,0,,0,"Damage: 0, Status: 0, Hazard: 0, Weather: 0, Cleric: 0, Screen: 0, Pass: 0",None
psychic_m_fidel_0317_Poliwhirl,psychic_m_fidel_0317,POLIWHIRL,None,0,0,0.0,0,0.0,0,0.0,0.0,0,0,0,0,0.0,12,None,None,0,,0,"Damage: 0, Status: 0, Hazard: 0, Weather: 0, Cleric: 0, Screen: 0, Pass: 0",None
psychic_m_fidel_0317_Poliwrath,psychic_m_fidel_0317,POLIWRATH,None,0,0,0.0,0,0.0,0,0.0,0.0,0,0,0,0,0.0,4,None,None,0,,0,"Damage: 0, Status: 0, Hazard: 0, Weather: 0, Cleric: 0, Screen: 0, Pass: 0",None
psychic_m_fidel_0317_Ponyta,psychic_m_fidel_0317,PONYTA,None,0,0,0.0,0,0.0,0,0.0,0.0,0,0,0,0,0.0,1,None,None,0,,0,"Damage: 0, Status: 0, Hazard: 0, Weather: 0, Cleric: 0, Screen: 0, Pass: 0",None
psychic_m_fidel_0317_Porygon,psychic_m_fidel_0317,PORYGON,None,0,0,0.0,0,0.0,0,0.0,0.0,0,0,0,0,0.0,1,None,None,0,,0,"Damage: 0, Status: 0, Hazard: 0, Weather: 0, Cleric: 0, Screen: 0, Pass: 0",None
psychic_m_fidel_0317_Primeape,psychic_m_fidel_0317,PRIMEAPE,None,0,0,0.0,0,0.0,0,0.0,0.0,0,0,0,0,0.0,4,None,None,0,,0,"Damage: 0, Status: 0, Hazard: 0, Weather: 0, Cleric: 0, Screen: 0, Pass: 0",None
psychic_m_fidel_0317_Psyduck,psychic_m_fidel_0317,PSYDUCK,None,0,0,0.0,0,0.0,0,0.0,0.0,0,0,0,0,0.0,4,None,None,0,,0,"Damage: 0, Status: 0, Hazard: 0, Weather: 0, Cleric: 0, Screen: 0, Pass: 0",None
psychic_m_fidel_0317_Quagsire,psychic_m_fidel_0317,QUAGSIRE,None,0,0,0.0,0,0.0,0,0.0,0.0,0,0,0,0,0.0,7,None,None,0,,0,"Damage: 0, Status: 0, Hazard: 0, Weather: 0, Cleric: 0, Screen: 0, Pass: 0",None
psychic_m_fidel_0317_Qwilfish,psychic_m_fidel_0317,QWILFISH,None,0,0,0.0,0,0.0,0,0.0,0.0,0,0,0,0,0.0,12,None,None,0,,0,"Damage: 0, Status: 0, Hazard: 0, Weather: 0, Cleric: 0, Screen: 0, Pass: 0",None
psychic_m_fidel_0317_Raticate,psychic_m_fidel_0317,RATICATE,None,0,0,0.0,0,0.0,0,0.0,0.0,0,0,0,0,0.0,1,None,None,0,,0,"Damage: 0, Status: 0, Hazard: 0, Weather: 0, Cleric: 0, Screen: 0, Pass: 0",None
psychic_m_fidel_0317_Rattata,psychic_m_fidel_0317,RATTATA,None,0,0,0.0,0,0.0,0,0.0,0.0,0,0,0,0,0.0,1,None,None,0,,0,"Damage: 0, Status: 0, Hazard: 0, Weather: 0, Cleric: 0, Screen: 0, Pass: 0",None
psychic_m_fidel_0317_Rhyhorn,psychic_m_fidel_0317,RHYHORN,None,0,0,0.0,0,0.0,0,0.0,0.0,0,0,0,0,0.0,5,None,None,0,,0,"Damage: 0, Status: 0, Hazard: 0, Weather: 0, Cleric: 0, Screen: 0, Pass: 0",None
psychic_m_fidel_0317_Roselia,psychic_m_fidel_0317,ROSELIA,None,0,0,0.0,0,0.0,0,0.0,0.0,0,0,0,0,0.0,4,None,None,0,,0,"Damage: 0, Status: 0, Hazard: 0, Weather: 0, Cleric: 0, Screen: 0, Pass: 0",None
psychic_m_fidel_0317_Sandshrew,psychic_m_fidel_0317,SANDSHREW,None,0,0,0.0,0,0.0,0,0.0,0.0,0,0,0,0,0.0,2,None,None,0,,0,"Damage: 0, Status: 0, Hazard: 0, Weather: 0, Cleric: 0, Screen: 0, Pass: 0",None
psychic_m_fidel_0317_Sandslash,psychic_m_fidel_0317,SANDSLASH,None,0,0,0.0,0,0.0,0,0.0,0.0,0,0,0,0,0.0,5,None,None,0,,0,"Damage: 0, Status: 0, Hazard: 0, Weather: 0, Cleric: 0, Screen: 0, Pass: 0",None
psychic_m_fidel_0317_Seadra,psychic_m_fidel_0317,SEADRA,None,0,0,0.0,0,0.0,0,0.0,0.0,0,0,0,0,0.0,5,None,None,0,,0,"Damage: 0, Status: 0, Hazard: 0, Weather: 0, Cleric: 0, Screen: 0, Pass: 0",None
psychic_m_fidel_0317_Seaking,psychic_m_fidel_0317,SEAKING,None,0,0,0.0,0,0.0,0,0.0,0.0,0,0,0,0,0.0,12,None,None,0,,0,"Damage: 0, Status: 0, Hazard: 0, Weather: 0, Cleric: 0, Screen: 0, Pass: 0",None
psychic_m_fidel_0317_Seedot,psychic_m_fidel_0317,SEEDOT,None,0,0,0.0,0,0.0,0,0.0,0.0,0,0,0,0,0.0,2,None,None,0,,0,"Damage: 0, Status: 0, Hazard: 0, Weather: 0, Cleric: 0, Screen: 0, Pass: 0",None
psychic_m_fidel_0317_Seel,psychic_m_fidel_0317,SEEL,None,0,0,0.0,0,0.0,0,0.0,0.0,0,0,0,0,0.0,1,None,None,0,,0,"Damage: 0, Status: 0, Hazard: 0, Weather: 0, Cleric: 0, Screen: 0, Pass: 0",None
psychic_m_fidel_0317_Sentret,psychic_m_fidel_0317,SENTRET,None,0,0,0.0,0,0.0,0,0.0,0.0,0,0,0,0,0.0,3,None,None,0,,0,"Damage: 0, Status: 0, Hazard: 0, Weather: 0, Cleric: 0, Screen: 0, Pass: 0",None
psychic_m_fidel_0317_Shellder,psychic_m_fidel_0317,SHELLDER,None,0,0,0.0,0,0.0,0,0.0,0.0,0,0,0,0,0.0,12,None,None,0,,0,"Damage: 0, Status: 0, Hazard: 0, Weather: 0, Cleric: 0, Screen: 0, Pass: 0",None
psychic_m_fidel_0317_Skiploom,psychic_m_fidel_0317,SKIPLOOM,None,0,0,0.0,0,0.0,0,0.0,0.0,0,0,0,0,0.0,7,None,None,0,,0,"Damage: 0, Status: 0, Hazard: 0, Weather: 0, Cleric: 0, Screen: 0, Pass: 0",None
psychic_m_fidel_0317_Slakoth,psychic_m_fidel_0317,SLAKOTH,None,0,0,0.0,0,0.0,0,0.0,0.0,0,0,0,0,0.0,3,None,None,0,,0,"Damage: 0, Status: 0, Hazard: 0, Weather: 0, Cleric: 0, Screen: 0, Pass: 0",None
psychic_m_fidel_0317_Slowbro,psychic_m_fidel_0317,SLOWBRO,None,0,0,0.0,0,0.0,0,0.0,0.0,0,0,0,0,0.0,3,None,None,0,,0,"Damage: 0, Status: 0, Hazard: 0, Weather: 0, Cleric: 0, Screen: 0, Pass: 0",None
psychic_m_fidel_0317_Slowking,psychic_m_fidel_0317,SLOWKING,None,0,0,0.0,0,0.0,0,0.0,0.0,0,0,0,0,0.0,1,None,None,0,,0,"Damage: 0, Status: 0, Hazard: 0, Weather: 0, Cleric: 0, Screen: 0, Pass: 0",None
psychic_m_fidel_0317_Slowpoke,psychic_m_fidel_0317,SLOWPOKE,None,0,0,0.0,0,0.0,0,0.0,0.0,0,0,0,0,0.0,6,None,None,0,,0,"Damage: 0, Status: 0, Hazard: 0, Weather: 0, Cleric: 0, Screen: 0, Pass: 0",None
psychic_m_fidel_0317_Snubbull,psychic_m_fidel_0317,SNUBBULL,None,0,0,0.0,0,0.0,0,0.0,0.0,0,0,0,0,0.0,2,None,None,0,,0,"Damage: 0, Status: 0, Hazard: 0, Weather: 0, Cleric: 0, Screen: 0, Pass: 0",None
psychic_m_fidel_0317_Spearow,psychic_m_fidel_0317,SPEAROW,None,0,0,0.0,0,0.0,0,0.0,0.0,0,0,0,0,0.0,3,None,None,0,,0,"Damage: 0, Status: 0, Hazard: 0, Weather: 0, Cleric: 0, Screen: 0, Pass: 0",None
psychic_m_fidel_0317_Spinarak,psychic_m_fidel_0317,SPINARAK,None,0,0,0.0,0,0.0,0,0.0,0.0,0,0,0,0,0.0,1,None,None,0,,0,"Damage: 0, Status: 0, Hazard: 0, Weather: 0, Cleric: 0, Screen: 0, Pass: 0",None
psychic_m_fidel_0317_Spinda,psychic_m_fidel_0317,SPINDA,None,0,0,0.0,0,0.0,0,0.0,0.0,0,0,0,0,0.0,1,None,None,0,,0,"Damage: 0, Status: 0, Hazard: 0, Weather: 0, Cleric: 0, Screen: 0, Pass: 0",None
psychic_m_fidel_0317_Squirtle,psychic_m_fidel_0317,SQUIRTLE,None,0,0,0.0,0,0.0,0,0.0,0.0,0,0,0,0,0.0,2,None,None,0,,0,"Damage: 0, Status: 0, Hazard: 0, Weather: 0, Cleric: 0, Screen: 0, Pass: 0",None
psychic_m_fidel_0317_Starmie,psychic_m_fidel_0317,STARMIE,None,0,0,0.0,0,0.0,0,0.0,0.0,0,0,0,0,0.0,3,None,None,0,,0,"Damage: 0, Status: 0, Hazard: 0, Weather: 0, Cleric: 0, Screen: 0, Pass: 0",None
psychic_m_fidel_0317_Staryu,psychic_m_fidel_0317,STARYU,None,0,0,0.0,0,0.0,0,0.0,0.0,0,0,0,0,0.0,4,None,None,0,,0,"Damage: 0, Status: 0, Hazard: 0, Weather: 0, Cleric: 0, Screen: 0, Pass: 0",None
psychic_m_fidel_0317_Steelix,psychic_m_fidel_0317,STEELIX,None,0,0,0.0,0,0.0,0,0.0,0.0,0,0,0,0,0.0,2,None,None,0,,0,"Damage: 0, Status: 0, Hazard: 0, Weather: 0, Cleric: 0, Screen: 0, Pass: 0",None
psychic_m_fidel_0317_Sunkern,psychic_m_fidel_0317,SUNKERN,None,0,0,0.0,0,0.0,0,0.0,0.0,0,0,0,0,0.0,2,None,None,0,,0,"Damage: 0, Status: 0, Hazard: 0, Weather: 0, Cleric: 0, Screen: 0, Pass: 0",None
psychic_m_fidel_0317_Taillow,psychic_m_fidel_0317,TAILLOW,None,0,0,0.0,0,0.0,0,0.0,0.0,0,0,0,0,0.0,1,None,None,0,,0,"Damage: 0, Status: 0, Hazard: 0, Weather: 0, Cleric: 0, Screen: 0, Pass: 0",None
psychic_m_fidel_0317_Tangela,psychic_m_fidel_0317,TANGELA,None,0,0,0.0,0,0.0,0,0.0,0.0,0,0,0,0,0.0,3,None,None,0,,0,"Damage: 0, Status: 0, Hazard: 0, Weather: 0, Cleric: 0, Screen: 0, Pass: 0",None
psychic_m_fidel_0317_Teddiursa,psychic_m_fidel_0317,TEDDIURSA,None,0,0,0.0,0,0.0,0,0.0,0.0,0,0,0,0,0.0,9,None,None,0,,0,"Damage: 0, Status: 0, Hazard: 0, Weather: 0, Cleric: 0, Screen: 0, Pass: 0",None
psychic_m_fidel_0317_Tentacool,psychic_m_fidel_0317,TENTACOOL,None,0,0,0.0,0,0.0,0,0.0,0.0,0,0,0,0,0.0,2,None,None,0,,0,"Damage: 0, Status: 0, Hazard: 0, Weather: 0, Cleric: 0, Screen: 0, Pass: 0",None
psychic_m_fidel_0317_Tentacruel,psychic_m_fidel_0317,TENTACRUEL,None,0,0,0.0,0,0.0,0,0.0,0.0,0,0,0,0,0.0,1,None,None,0,,0,"Damage: 0, Status: 0, Hazard: 0, Weather: 0, Cleric: 0, Screen: 0, Pass: 0",None
psychic_m_fidel_0317_Totodile,psychic_m_fidel_0317,TOTODILE,None,0,0,0.0,0,0.0,0,0.0,0.0,0,0,0,0,0.0,1,None,None,0,,0,"Damage: 0, Status: 0, Hazard: 0, Weather: 0, Cleric: 0, Screen: 0, Pass: 0",None
psychic_m_fidel_0317_Venomoth,psychic_m_fidel_0317,VENOMOTH,None,0,0,0.0,0,0.0,0,0.0,0.0,0,0,0,0,0.0,1,None,None,0,,0,"Damage: 0, Status: 0, Hazard: 0, Weather: 0, Cleric: 0, Screen: 0, Pass: 0",None
psychic_m_fidel_0317_Venonat,psychic_m_fidel_0317,VENONAT,None,0,0,0.0,0,0.0,0,0.0,0.0,0,0,0,0,0.0,1,None,None,0,,0,"Damage: 0, Status: 0, Hazard: 0, Weather: 0, Cleric: 0, Screen: 0, Pass: 0",None
psychic_m_fidel_0317_Victreebel,psychic_m_fidel_0317,VICTREEBEL,None,0,0,0.0,0,0.0,0,0.0,0.0,0,0,0,0,0.0,6,None,None,0,,0,"Damage: 0, Status: 0, Hazard: 0, Weather: 0, Cleric: 0, Screen: 0, Pass: 0",None
psychic_m_fidel_0317_Vileplume,psychic_m_fidel_0317,VILEPLUME,None,0,0,0.0,0,0.0,0,0.0,0.0,0,0,0,0,0.0,8,None,None,0,,0,"Damage: 0, Status: 0, Hazard: 0, Weather: 0, Cleric: 0, Screen: 0, Pass: 0",None
psychic_m_fidel_0317_Voltorb,psychic_m_fidel_0317,VOLTORB,None,0,0,0.0,0,0.0,0,0.0,0.0,0,0,0,0,0.0,13,None,None,0,,0,"Damage: 0, Status: 0, Hazard: 0, Weather: 0, Cleric: 0, Screen: 0, Pass: 0",None
psychic_m_fidel_0317_Vulpix,psychic_m_fidel_0317,VULPIX,None,0,0,0.0,0,0.0,0,0.0,0.0,0,0,0,0,0.0,3,None,None,0,,0,"Damage: 0, Status: 0, Hazard: 0, Weather: 0, Cleric: 0, Screen: 0, Pass: 0",None
psychic_m_fidel_0317_Wartortle,psychic_m_fidel_0317,WARTORTLE,None,0,0,0.0,0,0.0,0,0.0,0.0,0,0,0,0,0.0,3,None,None,0,,0,"Damage: 0, Status: 0, Hazard: 0, Weather: 0, Cleric: 0, Screen: 0, Pass: 0",None
psychic_m_fidel_0317_Weedle,psychic_m_fidel_0317,WEEDLE,None,0,0,0.0,0,0.0,0,0.0,0.0,0,0,0,0,0.0,1,None,None,0,,0,"Damage: 0, Status: 0, Hazard: 0, Weather: 0, Cleric: 0, Screen: 0, Pass: 0",None
psychic_m_fidel_0317_Weepinbell,psychic_m_fidel_0317,WEEPINBELL,None,0,0,0.0,0,0.0,0,0.0,0.0,0,0,0,0,0.0,7,None,None,0,,0,"Damage: 0, Status: 0, Hazard: 0, Weather: 0, Cleric: 0, Screen: 0, Pass: 0",None
psychic_m_fidel_0317_Whismur,psychic_m_fidel_0317,WHISMUR,None,0,0,0.0,0,0.0,0,0.0,0.0,0,0,0,0,0.0,2,None,None,0,,0,"Damage: 0, Status: 0, Hazard: 0, Weather: 0, Cleric: 0, Screen: 0, Pass: 0",None
psychic_m_fidel_0317_Wigglytuff,psychic_m_fidel_0317,WIGGLYTUFF,None,0,0,0.0,0,0.0,0,0.0,0.0,0,0,0,0,0.0,6,None,None,0,,0,"Damage: 0, Status: 0, Hazard: 0, Weather: 0, Cleric: 0, Screen: 0, Pass: 0",None
psychic_m_fidel_0317_Wooper,psychic_m_fidel_0317,WOOPER,None,0,0,0.0,0,0.0,0,0.0,0.0,0,0,0,0,0.0,3,None,None,0,,0,"Damage: 0, Status: 0, Hazard: 0, Weather: 0, Cleric: 0, Screen: 0, Pass: 0",None
psychic_m_fidel_0317_Xatu,psychic_m_fidel_0317,XATU,"Me First: 4884 (61.8%), Future Sight: 1941 (24.6%), Confuse Ray: 914 (11.6%), Psycho Shift: 157 (2.0%), Struggle: 1 (0.0%)",742,748,0.99,748,1.99,0,6.58,2.76,135,217,258,106,2.05,1314,"Magikarp: 32, Koffing: 28, Bellsprout: 22","Butterfree: 18, Seadra: 18, Seaking: 16",103,67.73,0,"Damage: 742, Status: 395, Hazard: 0, Weather: 0, Cleric: 0, Screen: 0, Pass: 0",None
psychic_m_fidel_0317_Zigzagoon,psychic_m_fidel_0317,ZIGZAGOON,None,0,0,0.0,0,0.0,0,0.0,0.0,0,0,0,0,0.0,1,None,None,0,,0,"Damage: 0, Status: 0, Hazard: 0, Weather: 0, Cleric: 0, Screen: 0, Pass: 0",None
psychic_m_fidel_0317_Zubat,psychic_m_fidel_0317,ZUBAT,None,0,0,0.0,0,0.0,0,0.0,0.0,0,0,0,0,0.0,3,None,None,0,,0,"Damage: 0, Status: 0, Hazard: 0, Weather: 0, Cleric: 0, Screen: 0, Pass: 0",None
psychic_m_franklin_0230_Girafarig,psychic_m_franklin_0230,GIRAFARIG,"Psychic: 608 (43.7%), Skill Swap: 448 (32.2%), Crunch: 264 (19.0%), Double Hit: 70 (5.0%)",451,266,1.7,12,1.74,0,4.08,1.87,75,27,52,54,6.97,508,"Seaking: 27, Butterfree: 19, Magnemite: 17","Seaking: 21, Magmar: 15, Butterfree: 13",50,85.0,0,"Damage: 12, Status: 0, Hazard: 0, Weather: 0, Cleric: 0, Screen: 0, Pass: 0",None
psychic_m_franklin_0230_Kadabra,psychic_m_franklin_0230,KADABRA,"Psychic: 2191 (69.1%), Skill Swap: 409 (12.9%), Disable: 388 (12.2%), Headbutt: 183 (5.8%)",1812,458,3.96,160,4.31,16,2.76,0.82,158,89,59,59,4.05,1250,"Magikarp: 56, Koffing: 51, Graveler: 43","Seaking: 35, Butterfree: 27, Magmar: 23",281,79.2,0,"Damage: 159, Status: 1, Hazard: 0, Weather: 0, Cleric: 0, Screen: 0, Pass: 0",None
psychic_m_greg_0386_Drowzee,psychic_m_greg_0386,DROWZEE,"Hypnosis: 2294 (39.6%), Dream Eater: 2243 (38.7%), Disable: 1249 (21.5%), Struggle: 10 (0.2%)",624,961,0.65,6,0.66,0,5.64,1.93,130,1422,154,0,-19.13,1212,"Magikarp: 54, Pidgey: 29, Bellsprout: 28","Graveler: 20, Sandslash: 18, Seaking: 18",82,31.85,0,"Damage: 6, Status: 6, Hazard: 0, Weather: 0, Cleric: 0, Screen: 0, Pass: 0",None
psychic_m_herman_0316_Exeggcute,psychic_m_herman_0316,EXEGGCUTE,"Psychic: 2815 (47.8%), Hypnosis: 1701 (28.9%), Dream Eater: 1245 (21.1%), Barrage: 126 (2.1%)",1709,1010,1.69,250,1.94,14,5.45,2.54,274,786,198,128,-5.02,1230,"Magikarp: 57, Seaking: 34, Magnemite: 32","Butterfree: 63, Magmar: 39, Noctowl: 32",273,67.19,0,"Damage: 244, Status: 161, Hazard: 0, Weather: 0, Cleric: 0, Screen: 0, Pass: 0",None
psychic_m_herman_0316_Exeggutor,psychic_m_herman_0316,EXEGGUTOR,"Psychic: 424 (38.6%), Wood Hammer: 342 (31.1%), Hypnosis: 234 (21.3%), Dream Eater: 99 (9.0%)",533,256,2.08,15,2.14,0,3.55,1.37,39,124,53,14,-2.77,545,"Seaking: 26, Quagsire: 19, Golduck: 15","Butterfree: 30, Magmar: 12, Noctowl: 10",74,,0,"Damage: 15, Status: 4, Hazard: 0, Weather: 0, Cleric: 0, Screen: 0, Pass: 0",None
psychic_m_herman_0316_Quagsire,psychic_m_herman_0316,QUAGSIRE,None,0,0,0.0,0,0.0,0,0.0,0.0,0,0,0,0,0.0,2,None,None,0,,0,"Damage: 0, Status: 0, Hazard: 0, Weather: 0, Cleric: 0, Screen: 0, Pass: 0",None
psychic_m_jared_0415_Dugtrio,psychic_m_jared_0415,DUGTRIO,None,0,0,0.0,0,0.0,0,0.0,0.0,0,0,1,0,100.0,1,None,None,0,,0,"Damage: 0, Status: 0, Hazard: 0, Weather: 0, Cleric: 0, Screen: 0, Pass: 0",None
psychic_m_jared_0415_Exeggcute,psychic_m_jared_0415,EXEGGCUTE,"Psychic: 1342 (64.6%), Sleep Powder: 292 (14.1%), Leech Seed: 189 (9.1%), Hypnosis: 189 (9.1%), Skill Swap: 41 (2.0%), Grass Knot: 23 (1.1%)",440,548,0.8,93,0.97,22,5.72,2.99,83,248,94,86,-3.18,522,"Seaking: 18, Golduck: 15, Quagsire: 12","Magmar: 41, Butterfree: 26, Jolteon: 18",49,61.54,5,"Damage: 80, Status: 77, Hazard: 0, Weather: 0, Cleric: 0, Screen: 0, Pass: 0",None
psychic_m_jared_0415_MrMime,psychic_m_jared_0415,MR MIME,"Psychic: 3028 (70.4%), Reflect: 709 (16.5%), Light Screen: 526 (12.2%), Skill Swap: 40 (0.9%)",1819,419,4.34,305,5.07,93,4.07,1.59,189,51,116,109,5.64,1243,"Magikarp: 56, Koffing: 45, Voltorb: 38","Magmar: 19, Jolteon: 15, Butterfree: 14",285,82.7,0,"Damage: 236, Status: 0, Hazard: 0, Weather: 0, Cleric: 0, Screen: 139, Pass: 0",None
psychic_m_jared_0415_Quagsire,psychic_m_jared_0415,QUAGSIRE,None,0,0,0.0,0,0.0,0,0.0,0.0,0,0,0,0,0.0,2,None,None,0,,0,"Damage: 0, Status: 0, Hazard: 0, Weather: 0, Cleric: 0, Screen: 0, Pass: 0",None
psychic_m_mark_0395_Abra,psychic_m_mark_0395,ABRA,"Flash: 5085 (61.5%), Teleport: 3095 (37.4%), Struggle: 87 (1.1%)",14,2148,0.01,98,0.05,27,10.53,2.74,6,125,3836,0,30.71,1182,"Caterpie: 6, Poliwag: 2, Bellsprout: 2","Koffing: 42, Seaking: 38, Sandslash: 35",1,3.41,2,"Damage: 22, Status: 79, Hazard: 0, Weather: 0, Cleric: 0, Screen: 0, Pass: 0",None
psychic_m_mark_0395_Dugtrio,psychic_m_mark_0395,DUGTRIO,None,0,0,0.0,0,0.0,0,0.0,0.0,0,0,2,0,100.0,2,None,None,0,,0,"Damage: 0, Status: 0, Hazard: 0, Weather: 0, Cleric: 0, Screen: 0, Pass: 0",None
psychic_m_mark_0395_Kadabra,psychic_m_mark_0395,KADABRA,"Confusion: 2282 (77.3%), Kinesis: 635 (21.5%), Teleport: 37 (1.3%)",632,912,0.69,31,0.73,1,4.25,1.09,122,165,921,148,22.43,1182,"Magikarp: 52, Geodude: 26, Pidgey: 25","Magmar: 21, Seaking: 20, Sandslash: 19",79,,3,"Damage: 30, Status: 16, Hazard: 0, Weather: 0, Cleric: 0, Screen: 0, Pass: 0",None
psychic_m_mark_0395_Quagsire,psychic_m_mark_0395,QUAGSIRE,None,0,0,0.0,0,0.0,0,0.0,0.0,0,0,6,0,100.0,4,None,None,0,,0,"Damage: 0, Status: 0, Hazard: 0, Weather: 0, Cleric: 0, Screen: 0, Pass: 0",None
psychic_m_nathan_0042_Girafarig,psychic_m_nathan_0042,GIRAFARIG,"Psybeam: 1909 (56.7%), Stomp: 1032 (30.7%), Agility: 423 (12.6%)",1032,765,1.35,36,1.4,0,3.29,1.49,195,29,118,133,8.5,1172,"Magikarp: 56, Koffing: 36, Geodude: 34","Seaking: 24, Graveler: 21, Butterfree: 20",145,51.71,0,"Damage: 36, Status: 14, Hazard: 0, Weather: 0, Cleric: 0, Screen: 0, Pass: 0",None
psychic_m_nelson_0389_Quagsire,psychic_m_nelson_0389,QUAGSIRE,None,0,0,0.0,0,0.0,0,0.0,0.0,0,0,0,0,0.0,4,None,None,0,,0,"Damage: 0, Status: 0, Hazard: 0, Weather: 0, Cleric: 0, Screen: 0, Pass: 0",None
psychic_m_nelson_0389_Slowpoke,psychic_m_nelson_0389,SLOWPOKE,"Water Gun: 1952 (30.4%), Curse: 1622 (25.3%), Tackle: 1361 (21.2%), Growl: 672 (10.5%), Headbutt: 643 (10.0%), Confusion: 163 (2.5%)",685,1883,0.36,17,0.37,5,6.89,4.52,224,324,338,117,3.29,1155,"Magikarp: 54, Geodude: 28, Bellsprout: 28","Sandslash: 37, Koffing: 36, Seaking: 36",94,21.92,2,"Damage: 17, Status: 0, Hazard: 0, Weather: 0, Cleric: 0, Screen: 0, Pass: 0",None
psychic_m_phil_0405_Bronzor,psychic_m_phil_0405,BRONZOR,None,0,0,0.0,0,0.0,0,0.0,0.0,0,0,0,0,0.0,1,None,None,0,,0,"Damage: 0, Status: 0, Hazard: 0, Weather: 0, Cleric: 0, Screen: 0, Pass: 0",None
psychic_m_phil_0405_Kadabra,psychic_m_phil_0405,KADABRA,"Psybeam: 793 (35.3%), Reflect: 533 (23.7%), Disable: 493 (21.9%), Charge Beam: 429 (19.1%)",573,760,0.75,28,0.79,0,3.77,1.43,66,160,100,300,0.18,998,"Koffing: 23, Goldeen: 19, Qwilfish: 18","Seaking: 26, Graveler: 26, Magmar: 23",76,27.78,2,"Damage: 26, Status: 12, Hazard: 0, Weather: 0, Cleric: 0, Screen: 2, Pass: 0",None
psychic_m_phil_0405_Natu,psychic_m_phil_0405,NATU,"Me First: 1984 (47.2%), Night Shade: 1171 (27.8%), Leer: 580 (13.8%), Confuse Ray: 470 (11.2%)",564,966,0.58,373,0.97,22,4.42,1.85,57,119,187,51,3.03,1218,"Magikarp: 54, Bellsprout: 28, Voltorb: 17","Seaking: 22, Butterfree: 19, Gyarados: 17",78,35.8,0,"Damage: 316, Status: 190, Hazard: 0, Weather: 0, Cleric: 0, Screen: 0, Pass: 0",None
psychic_m_phil_0405_Quagsire,psychic_m_phil_0405,QUAGSIRE,None,0,0,0.0,0,0.0,0,0.0,0.0,0,0,0,0,0.0,4,None,None,0,,0,"Damage: 0, Status: 0, Hazard: 0, Weather: 0, Cleric: 0, Screen: 0, Pass: 0",None
psychic_m_rodney_0422_Chingling,psychic_m_rodney_0422,CHINGLING,"Confusion: 2347 (64.6%), Uproar: 719 (19.8%), Astonish: 423 (11.6%), Last Resort: 142 (3.9%)",992,878,1.13,475,1.67,2,3.69,1.86,232,58,171,271,9.22,1264,"Magikarp: 56, Koffing: 35, Bellsprout: 30","Seaking: 31, Graveler: 25, Butterfree: 22",143,50.95,0,"Damage: 475, Status: 73, Hazard: 0, Weather: 0, Cleric: 0, Screen: 0, Pass: 0",None
psychic_m_rodney_0422_Hypno,psychic_m_rodney_0422,HYPNO,"Psybeam: 2134 (57.5%), Meditate: 993 (26.8%), Poison Gas: 422 (11.4%), Psych Up: 163 (4.4%)",658,559,1.18,85,1.33,1,5.76,3.09,120,226,197,161,2.84,905,"Pikachu: 26, Seadra: 19, Seaking: 16","Butterfree: 25, Seaking: 19, Magmar: 15",88,48.0,0,"Damage: 80, Status: 68, Hazard: 0, Weather: 0, Cleric: 0, Screen: 0, Pass: 0",None
psychic_m_rodney_0422_Quagsire,psychic_m_rodney_0422,QUAGSIRE,None,0,0,0.0,0,0.0,0,0.0,0.0,0,0,0,0,0.0,3,None,None,0,,0,"Damage: 0, Status: 0, Hazard: 0, Weather: 0, Cleric: 0, Screen: 0, Pass: 0",None
psychic_m_vernon_0411_Espeon,psychic_m_vernon_0411,ESPEON,"Psybeam: 2340 (59.1%), Quick Attack: 615 (15.5%), Swift: 569 (14.4%), Confusion: 433 (10.9%)",1854,475,3.9,65,4.04,0,3.41,1.21,254,31,90,146,7.31,1259,"Magikarp: 58, Koffing: 49, Voltorb: 37","Butterfree: 23, Seaking: 17, Quagsire: 17",272,80.46,0,"Damage: 65, Status: 32, Hazard: 0, Weather: 0, Cleric: 0, Screen: 0, Pass: 0",None
sage_chow_0043_Bellsprout,sage_chow_0043,BELLSPROUT,"Vine Whip: 3583 (97.9%), Struggle: 77 (2.1%)",88,3241,0.03,15,0.03,0,6.33,3.61,188,114,236,0,7.96,1101,"Magikarp: 12, Geodude: 12, Caterpie: 10","Magmar: 59, Seaking: 54, Growlithe: 51",11,5.92,20,"Damage: 15, Status: 0, Hazard: 0, Weather: 0, Cleric: 0, Screen: 0, Pass: 0",None
sage_chow_0043_Dugtrio,sage_chow_0043,DUGTRIO,None,0,0,0.0,0,0.0,0,0.0,0.0,0,0,2,0,100.0,2,None,None,0,,0,"Damage: 0, Status: 0, Hazard: 0, Weather: 0, Cleric: 0, Screen: 0, Pass: 0",None
sage_chow_0043_Quagsire,sage_chow_0043,QUAGSIRE,None,0,0,0.0,0,0.0,0,0.0,0.0,0,0,0,0,0.0,4,None,None,0,,0,"Damage: 0, Status: 0, Hazard: 0, Weather: 0, Cleric: 0, Screen: 0, Pass: 0",None
sage_edmond_0052_Bellsprout,sage_edmond_0052,BELLSPROUT,"Vine Whip: 3843 (98.1%), Struggle: 73 (1.9%)",108,3264,0.03,11,0.04,0,6.54,3.7,227,136,282,0,8.89,1111,"Geodude: 18, Magikarp: 13, Bellsprout: 11","Magmar: 62, Seaking: 54, Butterfree: 51",13,5.78,18,"Damage: 11, Status: 0, Hazard: 0, Weather: 0, Cleric: 0, Screen: 0, Pass: 0",None
sage_edmond_0052_Dugtrio,sage_edmond_0052,DUGTRIO,None,0,0,0.0,0,0.0,0,0.0,0.0,0,0,2,0,100.0,2,None,None,0,,0,"Damage: 0, Status: 0, Hazard: 0, Weather: 0, Cleric: 0, Screen: 0, Pass: 0",None
sage_edmond_0052_Quagsire,sage_edmond_0052,QUAGSIRE,None,0,0,0.0,0,0.0,0,0.0,0.0,0,0,0,0,0.0,4,None,None,0,,0,"Damage: 0, Status: 0, Hazard: 0, Weather: 0, Cleric: 0, Screen: 0, Pass: 0",None
sage_jin_0053_Bellsprout,sage_jin_0053,BELLSPROUT,"Vine Whip: 1908 (97.0%), Struggle: 59 (3.0%)",104,1075,0.1,6,0.1,0,2.85,1.54,124,67,103,0,7.73,1110,"Bellsprout: 17, Magikarp: 17, Caterpie: 10","Magmar: 19, Seaking: 18, Growlithe: 17",13,10.36,0,"Damage: 6, Status: 0, Hazard: 0, Weather: 0, Cleric: 0, Screen: 0, Pass: 0",None
sage_neal_0055_Bellsprout,sage_neal_0055,BELLSPROUT,"Vine Whip: 1903 (96.4%), Struggle: 72 (3.6%)",107,1073,0.1,0,0.1,0,2.86,1.54,118,80,107,0,6.96,1100,"Bellsprout: 25, Magikarp: 18, Geodude: 12","Magmar: 20, Seaking: 18, Growlithe: 17",13,10.09,0,"Damage: 0, Status: 0, Hazard: 0, Weather: 0, Cleric: 0, Screen: 0, Pass: 0",None
sage_nico_0051_Bellsprout,sage_nico_0051,BELLSPROUT,"Vine Whip: 3645 (97.7%), Struggle: 85 (2.3%)",99,3280,0.03,16,0.04,1,6.31,3.63,206,115,289,0,9.46,1115,"Magikarp: 16, Geodude: 15, Caterpie: 10","Goldeen: 58, Magmar: 55, Seaking: 54",12,4.56,17,"Damage: 16, Status: 0, Hazard: 0, Weather: 0, Cleric: 0, Screen: 0, Pass: 0",None
sage_nico_0051_Dugtrio,sage_nico_0051,DUGTRIO,None,0,0,0.0,0,0.0,0,0.0,0.0,0,0,2,0,100.0,2,None,None,0,,0,"Damage: 0, Status: 0, Hazard: 0, Weather: 0, Cleric: 0, Screen: 0, Pass: 0",None
sage_nico_0051_Quagsire,sage_nico_0051,QUAGSIRE,None,0,0,0.0,0,0.0,0,0.0,0.0,0,0,0,0,0.0,4,None,None,0,,0,"Damage: 0, Status: 0, Hazard: 0, Weather: 0, Cleric: 0, Screen: 0, Pass: 0",None
sage_troy_0054_Bellsprout,sage_troy_0054,BELLSPROUT,"Growth: 1130 (50.7%), Vine Whip: 1090 (48.9%), Struggle: 7 (0.3%)",69,1083,0.06,69,0.13,8,3.3,1.56,63,58,141,0,6.17,1112,"Magikarp: 15, Geodude: 11, Caterpie: 10","Koffing: 23, Seaking: 18, Growlithe: 16",8,7.28,0,"Damage: 69, Status: 0, Hazard: 0, Weather: 0, Cleric: 0, Screen: 0, Pass: 0",None
sage_troy_0054_Dugtrio,sage_troy_0054,DUGTRIO,None,0,0,0.0,0,0.0,0,0.0,0.0,0,0,1,0,100.0,1,None,None,0,,0,"Damage: 0, Status: 0, Hazard: 0, Weather: 0, Cleric: 0, Screen: 0, Pass: 0",None
sage_troy_0054_Hoothoot,sage_troy_0054,HOOTHOOT,"Tackle: 1701 (60.6%), Hypnosis: 650 (23.2%), Growl: 358 (12.8%), Foresight: 97 (3.5%)",75,1060,0.07,11,0.08,0,4.69,1.38,70,324,114,0,-4.79,1091,"Bellsprout: 18, Pidgey: 8, Koffing: 8","Seaking: 18, Growlithe: 16, Magmar: 16",7,0.0,1,"Damage: 7, Status: 6, Hazard: 0, Weather: 0, Cleric: 0, Screen: 0, Pass: 0",None
sage_troy_0054_Quagsire,sage_troy_0054,QUAGSIRE,None,0,0,0.0,0,0.0,0,0.0,0.0,0,0,0,0,0.0,4,None,None,0,,0,"Damage: 0, Status: 0, Hazard: 0, Weather: 0, Cleric: 0, Screen: 0, Pass: 0",None
sailor_eddie_0672_Azumarill,sailor_eddie_0672,AZUMARILL,"Double Edge: 1609 (29.4%), Aqua Tail: 1568 (28.6%), Water Pulse: 1508 (27.5%), Aqua Ring: 794 (14.5%)",2197,409,5.37,54,5.5,0,4.63,2.52,284,262,202,182,3.92,1334,"Magikarp: 58, Voltorb: 45, Seaking: 43","Weezing: 16, Golduck: 10, Sunflora: 10",319,89.88,0,"Damage: 54, Status: 17, Hazard: 0, Weather: 0, Cleric: 0, Screen: 0, Pass: 0",None
sailor_eugene_0039_Dugtrio,sailor_eugene_0039,DUGTRIO,None,0,0,0.0,0,0.0,0,0.0,0.0,0,0,2,0,100.0,2,None,None,0,,0,"Damage: 0, Status: 0, Hazard: 0, Weather: 0, Cleric: 0, Screen: 0, Pass: 0",None
sailor_eugene_0039_Krabby,sailor_eugene_0039,KRABBY,"Bubble Beam: 471 (28.0%), Leer: 442 (26.3%), Harden: 406 (24.1%), Mud Shot: 364 (21.6%)",79,899,0.09,57,0.15,0,3.73,1.82,47,56,112,334,5.55,950,"Shellder: 7, Magnemite: 5, Wigglytuff: 5","Graveler: 20, Koffing: 19, Seaking: 19",7,,5,"Damage: 57, Status: 0, Hazard: 0, Weather: 0, Cleric: 0, Screen: 0, Pass: 0",None
sailor_eugene_0039_Poliwhirl,sailor_eugene_0039,POLIWHIRL,"Bubble: 1723 (28.2%), Water Gun: 1654 (27.1%), Double Slap: 1559 (25.5%), Hypnosis: 1146 (18.8%), Struggle: 25 (0.4%)",361,999,0.36,224,0.59,3,6.52,2.3,243,840,252,147,-5.45,1143,"Magikarp: 53, Geodude: 29, Bellsprout: 28","Koffing: 21, Graveler: 21, Seaking: 17",47,22.75,0,"Damage: 224, Status: 109, Hazard: 0, Weather: 0, Cleric: 0, Screen: 0, Pass: 0",None
sailor_eugene_0039_Quagsire,sailor_eugene_0039,QUAGSIRE,None,0,0,0.0,0,0.0,0,0.0,0.0,0,0,0,0,0.0,7,None,None,0,,0,"Damage: 0, Status: 0, Hazard: 0, Weather: 0, Cleric: 0, Screen: 0, Pass: 0",None
sailor_eugene_0039_Raticate,sailor_eugene_0039,RATICATE,"Hyper Fang: 457 (29.9%), Pursuit: 414 (27.1%), Bite: 403 (26.4%), Focus Energy: 253 (16.6%)",177,886,0.2,39,0.24,1,3.42,1.48,138,73,93,146,10.51,981,"Gastly: 9, Haunter: 7, Marill: 7","Seaking: 20, Sandslash: 17, Magmar: 17",23,23.08,0,"Damage: 39, Status: 0, Hazard: 0, Weather: 0, Cleric: 0, Screen: 0, Pass: 0",None
sailor_garrett_0240_Kingler,sailor_garrett_0240,KINGLER,"Protect: 1800 (28.5%), Metal Claw: 1769 (28.0%), Stomp: 1704 (27.0%), Guillotine: 1046 (16.6%)",1587,646,2.46,33,2.51,0,5.37,2.26,190,709,182,166,-5.17,1292,"Magikarp: 56, Goldeen: 39, Seaking: 39","Butterfree: 19, Seadra: 16, Graveler: 13",223,73.3,0,"Damage: 33, Status: 0, Hazard: 0, Weather: 0, Cleric: 0, Screen: 0, Pass: 0",None
sailor_harry_0410_Wooper,sailor_harry_0410,WOOPER,"Slam: 1208 (28.9%), Water Gun: 1190 (28.5%), Mud Shot: 907 (21.7%), Mud Bomb: 863 (20.7%), Struggle: 8 (0.2%)",509,949,0.54,19,0.56,0,4.82,2.01,213,647,275,848,-3.59,1150,"Magikarp: 54, Bellsprout: 28, Geodude: 22","Koffing: 18, Graveler: 18, Seaking: 18",64,28.78,0,"Damage: 19, Status: 0, Hazard: 0, Weather: 0, Cleric: 0, Screen: 0, Pass: 0",None
sailor_huey_0211_Dugtrio,sailor_huey_0211,DUGTRIO,None,0,0,0.0,0,0.0,0,0.0,0.0,0,0,2,0,100.0,2,None,None,0,,0,"Damage: 0, Status: 0, Hazard: 0, Weather: 0, Cleric: 0, Screen: 0, Pass: 0",None
sailor_huey_0211_Poliwag,sailor_huey_0211,POLIWAG,"Water Gun: 2003 (33.6%), Double Slap: 1672 (28.0%), Hypnosis: 1287 (21.6%), Rain Dance: 873 (14.6%), Struggle: 127 (2.1%)",362,1035,0.35,197,0.54,4,6.2,1.9,214,895,230,0,-7.28,1166,"Magikarp: 54, Geodude: 29, Bellsprout: 28","Graveler: 20, Koffing: 19, Machop: 18",51,21.96,0,"Damage: 194, Status: 92, Hazard: 0, Weather: 0, Cleric: 0, Screen: 0, Pass: 0",None
sailor_huey_0211_Poliwhirl,sailor_huey_0211,POLIWHIRL,"Water Gun: 1445 (33.4%), Double Slap: 1368 (31.6%), Hypnosis: 901 (20.8%), Rain Dance: 608 (14.1%), Struggle: 3 (0.1%)",249,922,0.27,25,0.3,1,6.1,2.09,139,617,194,0,-6.28,1049,"Machop: 15, Haunter: 13, Gastly: 13","Graveler: 21, Seaking: 19, Butterfree: 16",31,34.55,2,"Damage: 25, Status: 9, Hazard: 0, Weather: 0, Cleric: 0, Screen: 0, Pass: 0",None
sailor_huey_0211_Quagsire,sailor_huey_0211,QUAGSIRE,None,0,0,0.0,0,0.0,0,0.0,0.0,0,0,0,0,0.0,7,None,None,0,,0,"Damage: 0, Status: 0, Hazard: 0, Weather: 0, Cleric: 0, Screen: 0, Pass: 0",None
sailor_huey_0440_Dugtrio,sailor_huey_0440,DUGTRIO,None,0,0,0.0,0,0.0,0,0.0,0.0,0,0,2,0,100.0,2,None,None,0,,0,"Damage: 0, Status: 0, Hazard: 0, Weather: 0, Cleric: 0, Screen: 0, Pass: 0",None
sailor_huey_0440_Poliwag,sailor_huey_0440,POLIWAG,Double Slap: 2 (100.0%),0,2,0.0,0,0.0,0,2.0,0.0,1,1,0,0,0.0,2,None,None,0,100.0,0,"Damage: 0, Status: 0, Hazard: 0, Weather: 0, Cleric: 0, Screen: 0, Pass: 0",None
sailor_huey_0440_Poliwhirl,sailor_huey_0440,POLIWHIRL,"Body Slam: 2593 (31.5%), Bubble Beam: 2455 (29.8%), Mud Shot: 1950 (23.7%), Rain Dance: 1240 (15.0%), Double Slap: 4 (0.0%), Hypnosis: 1 (0.0%), Water Gun: 1 (0.0%)",1511,1497,1.01,39,1.04,1,6.68,3.73,422,195,313,2236,6.15,1246,"Magikarp: 59, Magnemite: 46, Koffing: 35","Seaking: 54, Butterfree: 47, Graveler: 31",208,50.62,0,"Damage: 39, Status: 6, Hazard: 0, Weather: 0, Cleric: 0, Screen: 0, Pass: 0",None
sailor_huey_0440_Quagsire,sailor_huey_0440,QUAGSIRE,None,0,0,0.0,0,0.0,0,0.0,0.0,0,0,0,0,0.0,7,None,None,0,,0,"Damage: 0, Status: 0, Hazard: 0, Weather: 0, Cleric: 0, Screen: 0, Pass: 0",None
sailor_huey_0441_Dugtrio,sailor_huey_0441,DUGTRIO,None,0,0,0.0,0,0.0,0,0.0,0.0,0,0,2,0,100.0,2,None,None,0,,0,"Damage: 0, Status: 0, Hazard: 0, Weather: 0, Cleric: 0, Screen: 0, Pass: 0",None
sailor_huey_0441_Poliwag,sailor_huey_0441,POLIWAG,"Water Gun: 1 (50.0%), Double Slap: 1 (50.0%)",0,2,0.0,0,0.0,0,2.0,0.0,0,0,0,0,0.0,2,None,None,0,100.0,0,"Damage: 0, Status: 0, Hazard: 0, Weather: 0, Cleric: 0, Screen: 0, Pass: 0",None
sailor_huey_0441_Poliwhirl,sailor_huey_0441,POLIWHIRL,"Body Slam: 1446 (30.3%), Bubble Beam: 1395 (29.2%), Mud Shot: 1190 (24.9%), Belly Drum: 734 (15.4%), Rain Dance: 5 (0.1%), Double Slap: 1 (0.0%)",1188,867,1.37,482,1.93,21,4.05,1.86,233,108,191,1218,6.62,1336,"Magikarp: 55, Geodude: 32, Voltorb: 30","Graveler: 23, Seaking: 22, Butterfree: 16",180,56.67,0,"Damage: 482, Status: 68, Hazard: 0, Weather: 0, Cleric: 0, Screen: 0, Pass: 0",None
sailor_huey_0441_Poliwrath,sailor_huey_0441,POLIWRATH,"Submission: 1227 (28.2%), Double Slap: 1192 (27.4%), Bubble Beam: 1146 (26.4%), Hypnosis: 781 (18.0%)",746,539,1.38,41,1.46,0,6.4,2.71,177,773,164,76,-9.57,905,"Seaking: 23, Gyarados: 17, Seadra: 17","Weezing: 12, Electrode: 11, Vileplume: 11",95,50.0,0,"Damage: 37, Status: 6, Hazard: 0, Weather: 0, Cleric: 0, Screen: 0, Pass: 0",None
sailor_huey_0441_Quagsire,sailor_huey_0441,QUAGSIRE,None,0,0,0.0,0,0.0,0,0.0,0.0,0,0,0,0,0.0,7,None,None,0,,0,"Damage: 0, Status: 0, Hazard: 0, Weather: 0, Cleric: 0, Screen: 0, Pass: 0",None
sailor_huey_0509_Dugtrio,sailor_huey_0509,DUGTRIO,None,0,0,0.0,0,0.0,0,0.0,0.0,0,0,2,0,100.0,2,None,None,0,,0,"Damage: 0, Status: 0, Hazard: 0, Weather: 0, Cleric: 0, Screen: 0, Pass: 0",None
sailor_huey_0509_Politoed,sailor_huey_0509,POLITOED,"Whirlpool: 1418 (30.9%), Body Slam: 1410 (30.7%), Perish Song: 951 (20.7%), Rain Dance: 812 (17.7%)",794,844,0.94,611,1.66,21,4.12,2.14,143,468,176,254,-3.06,1216,"Bellsprout: 32, Magikarp: 26, Pikachu: 25","Victreebel: 9, Espeon: 7, Graveler: 7",106,72.07,0,"Damage: 611, Status: 149, Hazard: 0, Weather: 0, Cleric: 0, Screen: 0, Pass: 0",None
sailor_huey_0509_Poliwag,sailor_huey_0509,POLIWAG,"Double Slap: 5 (62.5%), Hypnosis: 2 (25.0%), Rain Dance: 1 (12.5%)",0,2,0.0,0,0.0,0,5.0,0.0,0,3,0,0,-37.5,2,None,None,0,100.0,0,"Damage: 0, Status: 0, Hazard: 0, Weather: 0, Cleric: 0, Screen: 0, Pass: 0",None
sailor_huey_0509_Poliwhirl,sailor_huey_0509,POLIWHIRL,"Double Slap: 10 (26.3%), Rain Dance: 7 (18.4%), Mud Shot: 7 (18.4%), Hypnosis: 6 (15.8%), Body Slam: 3 (7.9%), Bubble Beam: 2 (5.3%), Belly Drum: 2 (5.3%), Water Gun: 1 (2.6%)",0,8,0.0,0,0.0,0,7.33,0.0,3,5,0,0,-5.26,6,None,None,0,100.0,0,"Damage: 0, Status: 0, Hazard: 0, Weather: 0, Cleric: 0, Screen: 0, Pass: 0",None
sailor_huey_0509_Poliwrath,sailor_huey_0509,POLIWRATH,"Surf: 675 (27.3%), Ice Punch: 630 (25.5%), Strength: 593 (24.0%), Submission: 566 (22.9%), Double Slap: 4 (0.2%), Hypnosis: 1 (0.0%)",997,186,5.36,81,5.8,0,3.89,1.47,157,168,87,33,2.74,909,"Magikarp: 29, Seaking: 25, Magmar: 22","Starmie: 9, Tentacruel: 8, Golem: 7",160,81.13,0,"Damage: 81, Status: 3, Hazard: 0, Weather: 0, Cleric: 0, Screen: 0, Pass: 0",None
sailor_huey_0509_Quagsire,sailor_huey_0509,QUAGSIRE,None,0,0,0.0,0,0.0,0,0.0,0.0,0,0,0,0,0.0,4,None,None,0,,0,"Damage: 0, Status: 0, Hazard: 0, Weather: 0, Cleric: 0, Screen: 0, Pass: 0",None
sailor_jeff_0239_Dugtrio,sailor_jeff_0239,DUGTRIO,None,0,0,0.0,0,0.0,0,0.0,0.0,0,0,2,0,100.0,2,None,None,0,,0,"Damage: 0, Status: 0, Hazard: 0, Weather: 0, Cleric: 0, Screen: 0, Pass: 0",None
sailor_jeff_0239_Makuhita,sailor_jeff_0239,MAKUHITA,"Endure: 1022 (30.2%), Wake Up Slap: 822 (24.3%), Seismic Toss: 778 (23.0%), Close Combat: 765 (22.6%)",944,900,1.05,368,1.46,14,3.35,1.92,83,59,158,0,5.13,1285,"Magikarp: 54, Geodude: 31, Bellsprout: 28","Seaking: 33, Seadra: 24, Graveler: 23",136,50.74,0,"Damage: 368, Status: 0, Hazard: 0, Weather: 0, Cleric: 0, Screen: 0, Pass: 0",None
sailor_jeff_0239_Quagsire,sailor_jeff_0239,QUAGSIRE,None,0,0,0.0,0,0.0,0,0.0,0.0,0,0,0,0,0.0,2,None,None,0,,0,"Damage: 0, Status: 0, Hazard: 0, Weather: 0, Cleric: 0, Screen: 0, Pass: 0",None
sailor_jeff_0239_Raticate,sailor_jeff_0239,RATICATE,"Double Edge: 718 (27.3%), Crunch: 655 (24.9%), Super Fang: 637 (24.2%), Assurance: 619 (23.5%)",673,641,1.05,43,1.12,0,4.1,1.82,154,110,93,75,4.53,942,"Butterfree: 24, Seaking: 22, Pikachu: 22","Butterfree: 18, Seadra: 17, Golem: 16",92,58.18,0,"Damage: 43, Status: 0, Hazard: 0, Weather: 0, Cleric: 0, Screen: 0, Pass: 0",None
sailor_kenneth_0241_Dugtrio,sailor_kenneth_0241,DUGTRIO,None,0,0,0.0,0,0.0,0,0.0,0.0,0,0,4,0,100.0,2,None,None,0,,0,"Damage: 0, Status: 0, Hazard: 0, Weather: 0, Cleric: 0, Screen: 0, Pass: 0",None
sailor_kenneth_0241_Machop,sailor_kenneth_0241,MACHOP,"Submission: 1271 (28.1%), Wake Up Slap: 1108 (24.5%), Vital Throw: 1086 (24.0%), Revenge: 1064 (23.5%)",1426,1935,0.74,272,0.88,19,6.04,3.44,262,177,133,0,4.68,1233,"Magikarp: 57, Magnemite: 41, Geodude: 30","Butterfree: 66, Seaking: 49, Quagsire: 46",212,52.92,7,"Damage: 272, Status: 0, Hazard: 0, Weather: 0, Cleric: 0, Screen: 0, Pass: 0",None
sailor_kenneth_0241_Poliwrath,sailor_kenneth_0241,POLIWRATH,"Double Slap: 881 (28.3%), Bubble Beam: 818 (26.3%), Submission: 817 (26.3%), Hypnosis: 592 (19.0%)",385,521,0.74,113,0.96,1,6.23,2.75,126,552,123,51,-9.58,691,"Seadra: 18, Koffing: 18, Graveler: 17","Vileplume: 12, Butterfree: 12, Beedrill: 12",47,,0,"Damage: 111, Status: 40, Hazard: 0, Weather: 0, Cleric: 0, Screen: 0, Pass: 0",None
sailor_kenneth_0241_Quagsire,sailor_kenneth_0241,QUAGSIRE,None,0,0,0.0,0,0.0,0,0.0,0.0,0,0,0,0,0.0,5,None,None,0,,0,"Damage: 0, Status: 0, Hazard: 0, Weather: 0, Cleric: 0, Screen: 0, Pass: 0",None
sailor_kent_0213_Dugtrio,sailor_kent_0213,DUGTRIO,None,0,0,0.0,0,0.0,0,0.0,0.0,0,0,2,0,100.0,2,None,None,0,,0,"Damage: 0, Status: 0, Hazard: 0, Weather: 0, Cleric: 0, Screen: 0, Pass: 0",None
sailor_kent_0213_Krabby,sailor_kent_0213,KRABBY,"Vice Grip: 1566 (26.2%), Bubble Beam: 1561 (26.1%), Harden: 1406 (23.5%), Leer: 1003 (16.8%), Mud Shot: 452 (7.5%)",596,1935,0.31,22,0.32,2,6.58,4.04,205,156,294,491,5.47,1159,"Magikarp: 54, Voltorb: 35, Bellsprout: 28","Seaking: 37, Poliwhirl: 35, Sandslash: 35",75,21.39,2,"Damage: 22, Status: 0, Hazard: 0, Weather: 0, Cleric: 0, Screen: 0, Pass: 0",None
sailor_kent_0213_Quagsire,sailor_kent_0213,QUAGSIRE,None,0,0,0.0,0,0.0,0,0.0,0.0,0,0,0,0,0.0,4,None,None,0,,0,"Damage: 0, Status: 0, Hazard: 0, Weather: 0, Cleric: 0, Screen: 0, Pass: 0",None
sailor_parker_0671_Dugtrio,sailor_parker_0671,DUGTRIO,None,0,0,0.0,0,0.0,0,0.0,0.0,0,0,1,0,100.0,1,None,None,0,,0,"Damage: 0, Status: 0, Hazard: 0, Weather: 0, Cleric: 0, Screen: 0, Pass: 0",None
sailor_parker_0671_Horsea,sailor_parker_0671,HORSEA,"Twister: 1490 (29.6%), Water Pulse: 1451 (28.8%), Agility: 1359 (27.0%), Focus Energy: 735 (14.6%)",1051,896,1.17,352,1.57,4,4.41,2.33,410,61,173,164,10.31,1310,"Magikarp: 56, Onix: 32, Geodude: 29","Seaking: 36, Fearow: 23, Graveler: 21",150,50.99,1,"Damage: 352, Status: 60, Hazard: 0, Weather: 0, Cleric: 0, Screen: 0, Pass: 0",None
sailor_parker_0671_Quagsire,sailor_parker_0671,QUAGSIRE,None,0,0,0.0,0,0.0,0,0.0,0.0,0,0,0,0,0.0,3,None,None,0,,0,"Damage: 0, Status: 0, Hazard: 0, Weather: 0, Cleric: 0, Screen: 0, Pass: 0",None
sailor_parker_0671_Seadra,sailor_parker_0671,SEADRA,"Twister: 1023 (29.6%), Water Pulse: 998 (28.9%), Agility: 894 (25.9%), Focus Energy: 538 (15.6%)",545,647,0.84,50,0.92,2,5.08,2.56,277,31,114,112,9.87,926,"Magnemite: 21, Fearow: 21, Seadra: 18","Seaking: 26, Butterfree: 19, Quagsire: 17",69,48.15,0,"Damage: 50, Status: 16, Hazard: 0, Weather: 0, Cleric: 0, Screen: 0, Pass: 0",None
sailor_roberto_0214_Dugtrio,sailor_roberto_0214,DUGTRIO,None,0,0,0.0,0,0.0,0,0.0,0.0,0,0,2,0,100.0,2,None,None,0,,0,"Damage: 0, Status: 0, Hazard: 0, Weather: 0, Cleric: 0, Screen: 0, Pass: 0",None
sailor_roberto_0214_Machop,sailor_roberto_0214,MACHOP,"Karate Chop: 1689 (36.1%), Leer: 1510 (32.3%), Foresight: 754 (16.1%), Focus Energy: 722 (15.4%)",468,1956,0.24,88,0.28,0,6.56,3.67,357,46,189,0,10.28,1159,"Magikarp: 54, Bellsprout: 28, Geodude: 20","Seaking: 36, Koffing: 34, Poliwhirl: 32",60,19.98,2,"Damage: 88, Status: 0, Hazard: 0, Weather: 0, Cleric: 0, Screen: 0, Pass: 0",None
sailor_roberto_0214_Poliwhirl,sailor_roberto_0214,POLIWHIRL,"Double Slap: 888 (31.8%), Water Gun: 868 (31.1%), Hypnosis: 560 (20.1%), Rain Dance: 470 (16.8%), Struggle: 6 (0.2%)",114,930,0.12,23,0.15,0,4.71,1.81,93,413,123,0,-6.76,980,"Growlithe: 7, Onix: 7, Gastly: 5","Seaking: 18, Goldeen: 18, Koffing: 16",11,,3,"Damage: 23, Status: 11, Hazard: 0, Weather: 0, Cleric: 0, Screen: 0, Pass: 0",None
sailor_roberto_0214_Quagsire,sailor_roberto_0214,QUAGSIRE,None,0,0,0.0,0,0.0,0,0.0,0.0,0,0,0,0,0.0,6,None,None,0,,0,"Damage: 0, Status: 0, Hazard: 0, Weather: 0, Cleric: 0, Screen: 0, Pass: 0",None
sailor_stanly_0238_Dugtrio,sailor_stanly_0238,DUGTRIO,None,0,0,0.0,0,0.0,0,0.0,0.0,0,0,2,0,100.0,2,None,None,0,,0,"Damage: 0, Status: 0, Hazard: 0, Weather: 0, Cleric: 0, Screen: 0, Pass: 0",None
sailor_stanly_0238_Machoke,sailor_stanly_0238,MACHOKE,"Cross Chop: 460 (27.8%), Wake Up Slap: 412 (24.9%), Submission: 395 (23.9%), Vital Throw: 384 (23.2%), Struggle: 2 (0.1%)",575,475,1.21,65,1.35,1,3.8,2.05,113,1,0,0,6.78,776,"Butterfree: 21, Seadra: 20, Electrode: 17","Golduck: 15, Electrode: 12, Magmar: 12",75,62.5,0,"Damage: 65, Status: 0, Hazard: 0, Weather: 0, Cleric: 0, Screen: 0, Pass: 0",None
sailor_stanly_0238_Machop,sailor_stanly_0238,MACHOP,"Wake Up Slap: 725 (26.1%), Submission: 708 (25.5%), Cross Chop: 704 (25.4%), Vital Throw: 636 (22.9%)",1122,772,1.45,382,1.95,28,2.99,1.73,204,5,0,0,7.18,1240,"Magikarp: 56, Voltorb: 43, Bellsprout: 30","Graveler: 22, Golduck: 21, Butterfree: 20",158,60.48,0,"Damage: 382, Status: 0, Hazard: 0, Weather: 0, Cleric: 0, Screen: 0, Pass: 0",None
sailor_stanly_0238_Psyduck,sailor_stanly_0238,PSYDUCK,"Confusion: 294 (27.3%), Screech: 277 (25.8%), Water Pulse: 252 (23.4%), Fury Swipes: 252 (23.4%)",143,541,0.26,118,0.48,0,3.63,1.66,66,103,84,64,4.53,610,"Gastly: 32, Haunter: 15, Koffing: 7","Golduck: 15, Poliwrath: 15, Butterfree: 13",10,,2,"Damage: 118, Status: 22, Hazard: 0, Weather: 0, Cleric: 0, Screen: 0, Pass: 0",None
sailor_stanly_0238_Quagsire,sailor_stanly_0238,QUAGSIRE,None,0,0,0.0,0,0.0,0,0.0,0.0,0,0,0,0,0.0,3,None,None,0,,0,"Damage: 0, Status: 0, Hazard: 0, Weather: 0, Cleric: 0, Screen: 0, Pass: 0",None
sailor_terrell_0212_Poliwhirl,sailor_terrell_0212,POLIWHIRL,"Water Gun: 2728 (35.2%), Double Slap: 2155 (27.8%), Hypnosis: 1657 (21.4%), Rain Dance: 1133 (14.6%), Struggle: 86 (1.1%)",556,965,0.58,21,0.6,0,7.72,2.48,262,1062,335,0,-5.74,1181,"Magikarp: 54, Geodude: 29, Bellsprout: 28","Graveler: 23, Pikachu: 18, Sandslash: 16",79,29.55,0,"Damage: 21, Status: 7, Hazard: 0, Weather: 0, Cleric: 0, Screen: 0, Pass: 0",None
school_kid_m_alan_0024_Tangela,school_kid_m_alan_0024,TANGELA,"Growth: 2376 (40.3%), Absorb: 1916 (32.5%), Sleep Powder: 1103 (18.7%), Poison Powder: 496 (8.4%)",521,936,0.56,65,0.63,0,5.99,2.76,113,585,228,0,-3.99,1176,"Magikarp: 54, Geodude: 28, Bellsprout: 28","Seaking: 22, Graveler: 18, Koffing: 17",73,30.36,0,"Damage: 60, Status: 62, Hazard: 0, Weather: 0, Cleric: 0, Screen: 0, Pass: 0",None
school_kid_m_alan_0432_Dugtrio,school_kid_m_alan_0432,DUGTRIO,None,0,0,0.0,0,0.0,0,0.0,0.0,0,0,1,0,100.0,1,None,None,0,,0,"Damage: 0, Status: 0, Hazard: 0, Weather: 0, Cleric: 0, Screen: 0, Pass: 0",None
school_kid_m_alan_0432_Quagsire,school_kid_m_alan_0432,QUAGSIRE,None,0,0,0.0,0,0.0,0,0.0,0.0,0,0,0,0,0.0,4,None,None,0,,0,"Damage: 0, Status: 0, Hazard: 0, Weather: 0, Cleric: 0, Screen: 0, Pass: 0",None
school_kid_m_alan_0432_Tangela,school_kid_m_alan_0432,TANGELA,"Bind: 2191 (30.6%), Vine Whip: 2173 (30.4%), Stun Spore: 1456 (20.3%), Mega Drain: 1313 (18.3%), Growth: 9 (0.1%), Absorb: 8 (0.1%), Sleep Powder: 6 (0.1%)",887,830,1.07,328,1.46,6,6.66,3.29,280,1008,265,0,-6.24,1226,"Magikarp: 56, Geodude: 30, Bellsprout: 27","Fearow: 21, Magmar: 20, Seaking: 20",123,50.94,0,"Damage: 319, Status: 210, Hazard: 0, Weather: 0, Cleric: 0, Screen: 0, Pass: 0",None
school_kid_m_alan_0432_Yanma,school_kid_m_alan_0432,YANMA,"Pursuit: 1272 (36.2%), Detect: 959 (27.3%), Uproar: 930 (26.5%), Supersonic: 348 (9.9%)",226,741,0.3,54,0.38,0,5.36,1.79,142,203,88,0,0.75,866,"Gloom: 11, Magmar: 9, Voltorb: 7","Magmar: 21, Seadra: 20, Butterfree: 19",15,44.07,0,"Damage: 53, Status: 12, Hazard: 0, Weather: 0, Cleric: 0, Screen: 0, Pass: 0",None
school_kid_m_alan_0433_Bronzor,school_kid_m_alan_0433,BRONZOR,None,0,0,0.0,0,0.0,0,0.0,0.0,0,0,0,0,0.0,2,None,None,0,,0,"Damage: 0, Status: 0, Hazard: 0, Weather: 0, Cleric: 0, Screen: 0, Pass: 0",None
school_kid_m_alan_0433_Dugtrio,school_kid_m_alan_0433,DUGTRIO,None,0,0,0.0,0,0.0,0,0.0,0.0,0,0,2,0,100.0,2,None,None,0,,0,"Damage: 0, Status: 0, Hazard: 0, Weather: 0, Cleric: 0, Screen: 0, Pass: 0",None
school_kid_m_alan_0433_Quagsire,school_kid_m_alan_0433,QUAGSIRE,"Slam: 1411 (35.3%), Mud Bomb: 1051 (26.3%), Amnesia: 856 (21.4%), Yawn: 679 (17.0%)",463,619,0.75,283,1.21,3,6.98,3.06,110,624,218,155,-7.16,808,"Voltorb: 23, Onix: 22, Magnemite: 22","Magmar: 20, Quagsire: 14, Butterfree: 14",59,,2,"Damage: 229, Status: 159, Hazard: 0, Weather: 0, Cleric: 0, Screen: 0, Pass: 0",None
school_kid_m_alan_0433_Tangela,school_kid_m_alan_0433,TANGELA,"Growth: 11 (28.9%), Bind: 10 (26.3%), Vine Whip: 9 (23.7%), Poison Powder: 2 (5.3%), Absorb: 2 (5.3%), Stun Spore: 2 (5.3%), Sleep Powder: 1 (2.6%), Mega Drain: 1 (2.6%)",0,4,0.0,0,0.0,0,12.25,0.0,0,2,0,0,-5.26,4,None,None,0,100.0,0,"Damage: 0, Status: 0, Hazard: 0, Weather: 0, Cleric: 0, Screen: 0, Pass: 0",None
school_kid_m_alan_0433_Tangrowth,school_kid_m_alan_0433,TANGROWTH,"Ancient Power: 1378 (38.8%), Mega Drain: 1113 (31.3%), Stun Spore: 1022 (28.8%), Knock Off: 40 (1.1%)",732,453,1.62,170,1.99,7,5.97,2.65,168,349,172,141,-0.06,824,"Seaking: 41, Poliwhirl: 27, Sandslash: 24","Magmar: 20, Weezing: 16, Butterfree: 16",115,45.9,0,"Damage: 153, Status: 128, Hazard: 0, Weather: 0, Cleric: 0, Screen: 0, Pass: 0",None
school_kid_m_alan_0433_Xatu,school_kid_m_alan_0433,XATU,"Me First: 5174 (61.9%), Wish: 1215 (14.5%), Tailwind: 1131 (13.5%), Confuse Ray: 808 (9.7%), Struggle: 31 (0.4%)",574,876,0.66,821,1.59,214,8.02,2.99,138,231,376,141,3.21,1294,"Magikarp: 49, Bellsprout: 28, Pidgey: 20","Sandslash: 22, Seaking: 22, Butterfree: 20",76,46.67,3,"Damage: 637, Status: 336, Hazard: 0, Weather: 0, Cleric: 51, Screen: 0, Pass: 0",None
school_kid_m_alan_0433_Yanma,school_kid_m_alan_0433,YANMA,"Detect: 4 (57.1%), Pursuit: 2 (28.6%), Uproar: 1 (14.3%)",0,2,0.0,0,0.0,0,5.0,0.0,0,0,0,0,0.0,2,None,None,0,,0,"Damage: 0, Status: 0, Hazard: 0, Weather: 0, Cleric: 0, Screen: 0, Pass: 0",None
school_kid_m_alan_0433_Yanmega,school_kid_m_alan_0433,YANMEGA,"Pursuit: 1010 (42.4%), Uproar: 605 (25.4%), Ancient Power: 575 (24.1%), Supersonic: 194 (8.1%)",377,472,0.8,191,1.2,4,4.9,1.96,138,138,99,69,4.55,670,"Butterfree: 25, Fearow: 11, Skiploom: 10","Magmar: 21, Butterfree: 16, Beedrill: 13",43,,1,"Damage: 189, Status: 30, Hazard: 0, Weather: 0, Cleric: 0, Screen: 0, Pass: 0",None
school_kid_m_alan_0505_Aipom,school_kid_m_alan_0505,AIPOM,None,0,0,0.0,0,0.0,0,0.0,0.0,0,0,0,0,0.0,3,None,None,0,,0,"Damage: 0, Status: 0, Hazard: 0, Weather: 0, Cleric: 0, Screen: 0, Pass: 0",None
school_kid_m_alan_0505_Alakazam,school_kid_m_alan_0505,ALAKAZAM,None,0,0,0.0,0,0.0,0,0.0,0.0,0,0,0,0,0.0,1,None,None,0,,0,"Damage: 0, Status: 0, Hazard: 0, Weather: 0, Cleric: 0, Screen: 0, Pass: 0",None
school_kid_m_alan_0505_Ambipom,school_kid_m_alan_0505,AMBIPOM,None,0,0,0.0,0,0.0,0,0.0,0.0,0,0,0,0,0.0,4,None,None,0,,0,"Damage: 0, Status: 0, Hazard: 0, Weather: 0, Cleric: 0, Screen: 0, Pass: 0",None
school_kid_m_alan_0505_Arbok,school_kid_m_alan_0505,ARBOK,None,0,0,0.0,0,0.0,0,0.0,0.0,0,0,0,0,0.0,7,None,None,0,,0,"Damage: 0, Status: 0, Hazard: 0, Weather: 0, Cleric: 0, Screen: 0, Pass: 0",None
school_kid_m_alan_0505_Ariados,school_kid_m_alan_0505,ARIADOS,None,0,0,0.0,0,0.0,0,0.0,0.0,0,0,0,0,0.0,1,None,None,0,,0,"Damage: 0, Status: 0, Hazard: 0, Weather: 0, Cleric: 0, Screen: 0, Pass: 0",None
school_kid_m_alan_0505_Azumarill,school_kid_m_alan_0505,AZUMARILL,None,0,0,0.0,0,0.0,0,0.0,0.0,0,0,0,0,0.0,1,None,None,0,,0,"Damage: 0, Status: 0, Hazard: 0, Weather: 0, Cleric: 0, Screen: 0, Pass: 0",None
school_kid_m_alan_0505_Beedrill,school_kid_m_alan_0505,BEEDRILL,None,0,0,0.0,0,0.0,0,0.0,0.0,0,0,0,0,0.0,4,None,None,0,,0,"Damage: 0, Status: 0, Hazard: 0, Weather: 0, Cleric: 0, Screen: 0, Pass: 0",None
school_kid_m_alan_0505_Bellossom,school_kid_m_alan_0505,BELLOSSOM,None,0,0,0.0,0,0.0,0,0.0,0.0,0,0,0,0,0.0,4,None,None,0,,0,"Damage: 0, Status: 0, Hazard: 0, Weather: 0, Cleric: 0, Screen: 0, Pass: 0",None
school_kid_m_alan_0505_Bellsprout,school_kid_m_alan_0505,BELLSPROUT,None,0,0,0.0,0,0.0,0,0.0,0.0,0,0,0,0,0.0,4,None,None,0,,0,"Damage: 0, Status: 0, Hazard: 0, Weather: 0, Cleric: 0, Screen: 0, Pass: 0",None
school_kid_m_alan_0505_Bidoof,school_kid_m_alan_0505,BIDOOF,None,0,0,0.0,0,0.0,0,0.0,0.0,0,0,0,0,0.0,2,None,None,0,,0,"Damage: 0, Status: 0, Hazard: 0, Weather: 0, Cleric: 0, Screen: 0, Pass: 0",None
school_kid_m_alan_0505_Bronzor,school_kid_m_alan_0505,BRONZOR,None,0,0,0.0,0,0.0,0,0.0,0.0,0,0,0,0,0.0,4,None,None,0,,0,"Damage: 0, Status: 0, Hazard: 0, Weather: 0, Cleric: 0, Screen: 0, Pass: 0",None
school_kid_m_alan_0505_Budew,school_kid_m_alan_0505,BUDEW,None,0,0,0.0,0,0.0,0,0.0,0.0,0,0,0,0,0.0,1,None,None,0,,0,"Damage: 0, Status: 0, Hazard: 0, Weather: 0, Cleric: 0, Screen: 0, Pass: 0",None
school_kid_m_alan_0505_Bulbasaur,school_kid_m_alan_0505,BULBASAUR,None,0,0,0.0,0,0.0,0,0.0,0.0,0,0,0,0,0.0,4,None,None,0,,0,"Damage: 0, Status: 0, Hazard: 0, Weather: 0, Cleric: 0, Screen: 0, Pass: 0",None
school_kid_m_alan_0505_Burmy,school_kid_m_alan_0505,BURMY,None,0,0,0.0,0,0.0,0,0.0,0.0,0,0,0,0,0.0,1,None,None,0,,0,"Damage: 0, Status: 0, Hazard: 0, Weather: 0, Cleric: 0, Screen: 0, Pass: 0",None
school_kid_m_alan_0505_Butterfree,school_kid_m_alan_0505,BUTTERFREE,None,0,0,0.0,0,0.0,0,0.0,0.0,0,0,0,0,0.0,8,None,None,0,,0,"Damage: 0, Status: 0, Hazard: 0, Weather: 0, Cleric: 0, Screen: 0, Pass: 0",None
school_kid_m_alan_0505_Caterpie,school_kid_m_alan_0505,CATERPIE,None,0,0,0.0,0,0.0,0,0.0,0.0,0,0,0,0,0.0,1,None,None,0,,0,"Damage: 0, Status: 0, Hazard: 0, Weather: 0, Cleric: 0, Screen: 0, Pass: 0",None
school_kid_m_alan_0505_Charmeleon,school_kid_m_alan_0505,CHARMELEON,None,0,0,0.0,0,0.0,0,0.0,0.0,0,0,0,0,0.0,2,None,None,0,,0,"Damage: 0, Status: 0, Hazard: 0, Weather: 0, Cleric: 0, Screen: 0, Pass: 0",None
school_kid_m_alan_0505_Chatot,school_kid_m_alan_0505,CHATOT,None,0,0,0.0,0,0.0,0,0.0,0.0,0,0,0,0,0.0,2,None,None,0,,0,"Damage: 0, Status: 0, Hazard: 0, Weather: 0, Cleric: 0, Screen: 0, Pass: 0",None
school_kid_m_alan_0505_Cherrim,school_kid_m_alan_0505,CHERRIM,None,0,0,0.0,0,0.0,0,0.0,0.0,0,0,0,0,0.0,1,None,None,0,,0,"Damage: 0, Status: 0, Hazard: 0, Weather: 0, Cleric: 0, Screen: 0, Pass: 0",None
school_kid_m_alan_0505_Clefable,school_kid_m_alan_0505,CLEFABLE,None,0,0,0.0,0,0.0,0,0.0,0.0,0,0,0,0,0.0,7,None,None,0,,0,"Damage: 0, Status: 0, Hazard: 0, Weather: 0, Cleric: 0, Screen: 0, Pass: 0",None
school_kid_m_alan_0505_Clefairy,school_kid_m_alan_0505,CLEFAIRY,None,0,0,0.0,0,0.0,0,0.0,0.0,0,0,0,0,0.0,6,None,None,0,,0,"Damage: 0, Status: 0, Hazard: 0, Weather: 0, Cleric: 0, Screen: 0, Pass: 0",None
school_kid_m_alan_0505_Cloyster,school_kid_m_alan_0505,CLOYSTER,None,0,0,0.0,0,0.0,0,0.0,0.0,0,0,0,0,0.0,2,None,None,0,,0,"Damage: 0, Status: 0, Hazard: 0, Weather: 0, Cleric: 0, Screen: 0, Pass: 0",None
school_kid_m_alan_0505_Corsola,school_kid_m_alan_0505,CORSOLA,None,0,0,0.0,0,0.0,0,0.0,0.0,0,0,0,0,0.0,1,None,None,0,,0,"Damage: 0, Status: 0, Hazard: 0, Weather: 0, Cleric: 0, Screen: 0, Pass: 0",None
school_kid_m_alan_0505_Cubone,school_kid_m_alan_0505,CUBONE,None,0,0,0.0,0,0.0,0,0.0,0.0,0,0,0,0,0.0,1,None,None,0,,0,"Damage: 0, Status: 0, Hazard: 0, Weather: 0, Cleric: 0, Screen: 0, Pass: 0",None
school_kid_m_alan_0505_Cyndaquil,school_kid_m_alan_0505,CYNDAQUIL,None,0,0,0.0,0,0.0,0,0.0,0.0,0,0,0,0,0.0,1,None,None,0,,0,"Damage: 0, Status: 0, Hazard: 0, Weather: 0, Cleric: 0, Screen: 0, Pass: 0",None
school_kid_m_alan_0505_Delibird,school_kid_m_alan_0505,DELIBIRD,None,0,0,0.0,0,0.0,0,0.0,0.0,0,0,0,0,0.0,1,None,None,0,,0,"Damage: 0, Status: 0, Hazard: 0, Weather: 0, Cleric: 0, Screen: 0, Pass: 0",None
school_kid_m_alan_0505_Dewgong,school_kid_m_alan_0505,DEWGONG,None,0,0,0.0,0,0.0,0,0.0,0.0,0,0,0,0,0.0,5,None,None,0,,0,"Damage: 0, Status: 0, Hazard: 0, Weather: 0, Cleric: 0, Screen: 0, Pass: 0",None
school_kid_m_alan_0505_Dodrio,school_kid_m_alan_0505,DODRIO,None,0,0,0.0,0,0.0,0,0.0,0.0,0,0,0,0,0.0,3,None,None,0,,0,"Damage: 0, Status: 0, Hazard: 0, Weather: 0, Cleric: 0, Screen: 0, Pass: 0",None
school_kid_m_alan_0505_Doduo,school_kid_m_alan_0505,DODUO,None,0,0,0.0,0,0.0,0,0.0,0.0,0,0,0,0,0.0,5,None,None,0,,0,"Damage: 0, Status: 0, Hazard: 0, Weather: 0, Cleric: 0, Screen: 0, Pass: 0",None
school_kid_m_alan_0505_Dragonair,school_kid_m_alan_0505,DRAGONAIR,None,0,0,0.0,0,0.0,0,0.0,0.0,0,0,0,0,0.0,1,None,None,0,,0,"Damage: 0, Status: 0, Hazard: 0, Weather: 0, Cleric: 0, Screen: 0, Pass: 0",None
school_kid_m_alan_0505_Drowzee,school_kid_m_alan_0505,DROWZEE,None,0,0,0.0,0,0.0,0,0.0,0.0,0,0,0,0,0.0,1,None,None,0,,0,"Damage: 0, Status: 0, Hazard: 0, Weather: 0, Cleric: 0, Screen: 0, Pass: 0",None
school_kid_m_alan_0505_Dugtrio,school_kid_m_alan_0505,DUGTRIO,None,0,0,0.0,0,0.0,0,0.0,0.0,0,0,3,0,100.0,7,None,None,0,,0,"Damage: 0, Status: 0, Hazard: 0, Weather: 0, Cleric: 0, Screen: 0, Pass: 0",None
school_kid_m_alan_0505_Dunsparce,school_kid_m_alan_0505,DUNSPARCE,None,0,0,0.0,0,0.0,0,0.0,0.0,0,0,0,0,0.0,2,None,None,0,,0,"Damage: 0, Status: 0, Hazard: 0, Weather: 0, Cleric: 0, Screen: 0, Pass: 0",None
school_kid_m_alan_0505_Eevee,school_kid_m_alan_0505,EEVEE,None,0,0,0.0,0,0.0,0,0.0,0.0,0,0,0,0,0.0,1,None,None,0,,0,"Damage: 0, Status: 0, Hazard: 0, Weather: 0, Cleric: 0, Screen: 0, Pass: 0",None
school_kid_m_alan_0505_Electrode,school_kid_m_alan_0505,ELECTRODE,None,0,0,0.0,0,0.0,0,0.0,0.0,0,0,0,0,0.0,5,None,None,0,,0,"Damage: 0, Status: 0, Hazard: 0, Weather: 0, Cleric: 0, Screen: 0, Pass: 0",None
school_kid_m_alan_0505_Exeggcute,school_kid_m_alan_0505,EXEGGCUTE,None,0,0,0.0,0,0.0,0,0.0,0.0,0,0,0,0,0.0,2,None,None,0,,0,"Damage: 0, Status: 0, Hazard: 0, Weather: 0, Cleric: 0, Screen: 0, Pass: 0",None
school_kid_m_alan_0505_Exeggutor,school_kid_m_alan_0505,EXEGGUTOR,None,0,0,0.0,0,0.0,0,0.0,0.0,0,0,0,0,0.0,4,None,None,0,,0,"Damage: 0, Status: 0, Hazard: 0, Weather: 0, Cleric: 0, Screen: 0, Pass: 0",None
school_kid_m_alan_0505_Farfetchd,school_kid_m_alan_0505,FARFETCHD,None,0,0,0.0,0,0.0,0,0.0,0.0,0,0,0,0,0.0,12,None,None,0,,0,"Damage: 0, Status: 0, Hazard: 0, Weather: 0, Cleric: 0, Screen: 0, Pass: 0",None
school_kid_m_alan_0505_Fearow,school_kid_m_alan_0505,FEAROW,None,0,0,0.0,0,0.0,0,0.0,0.0,0,0,0,0,0.0,12,None,None,0,,0,"Damage: 0, Status: 0, Hazard: 0, Weather: 0, Cleric: 0, Screen: 0, Pass: 0",None
school_kid_m_alan_0505_Flaaffy,school_kid_m_alan_0505,FLAAFFY,None,0,0,0.0,0,0.0,0,0.0,0.0,0,0,0,0,0.0,3,None,None,0,,0,"Damage: 0, Status: 0, Hazard: 0, Weather: 0, Cleric: 0, Screen: 0, Pass: 0",None
school_kid_m_alan_0505_Flareon,school_kid_m_alan_0505,FLAREON,None,0,0,0.0,0,0.0,0,0.0,0.0,0,0,0,0,0.0,3,None,None,0,,0,"Damage: 0, Status: 0, Hazard: 0, Weather: 0, Cleric: 0, Screen: 0, Pass: 0",None
school_kid_m_alan_0505_Furret,school_kid_m_alan_0505,FURRET,None,0,0,0.0,0,0.0,0,0.0,0.0,0,0,0,0,0.0,7,None,None,0,,0,"Damage: 0, Status: 0, Hazard: 0, Weather: 0, Cleric: 0, Screen: 0, Pass: 0",None
school_kid_m_alan_0505_Gastly,school_kid_m_alan_0505,GASTLY,None,0,0,0.0,0,0.0,0,0.0,0.0,0,0,0,0,0.0,2,None,None,0,,0,"Damage: 0, Status: 0, Hazard: 0, Weather: 0, Cleric: 0, Screen: 0, Pass: 0",None
school_kid_m_alan_0505_Geodude,school_kid_m_alan_0505,GEODUDE,None,0,0,0.0,0,0.0,0,0.0,0.0,0,0,0,0,0.0,5,None,None,0,,0,"Damage: 0, Status: 0, Hazard: 0, Weather: 0, Cleric: 0, Screen: 0, Pass: 0",None
school_kid_m_alan_0505_Girafarig,school_kid_m_alan_0505,GIRAFARIG,None,0,0,0.0,0,0.0,0,0.0,0.0,0,0,0,0,0.0,2,None,None,0,,0,"Damage: 0, Status: 0, Hazard: 0, Weather: 0, Cleric: 0, Screen: 0, Pass: 0",None
school_kid_m_alan_0505_Gloom,school_kid_m_alan_0505,GLOOM,None,0,0,0.0,0,0.0,0,0.0,0.0,0,0,0,0,0.0,7,None,None,0,,0,"Damage: 0, Status: 0, Hazard: 0, Weather: 0, Cleric: 0, Screen: 0, Pass: 0",None
school_kid_m_alan_0505_Golbat,school_kid_m_alan_0505,GOLBAT,None,0,0,0.0,0,0.0,0,0.0,0.0,0,0,0,0,0.0,3,None,None,0,,0,"Damage: 0, Status: 0, Hazard: 0, Weather: 0, Cleric: 0, Screen: 0, Pass: 0",None
school_kid_m_alan_0505_Goldeen,school_kid_m_alan_0505,GOLDEEN,None,0,0,0.0,0,0.0,0,0.0,0.0,0,0,0,0,0.0,9,None,None,0,,0,"Damage: 0, Status: 0, Hazard: 0, Weather: 0, Cleric: 0, Screen: 0, Pass: 0",None
school_kid_m_alan_0505_Golduck,school_kid_m_alan_0505,GOLDUCK,None,0,0,0.0,0,0.0,0,0.0,0.0,0,0,0,0,0.0,5,None,None,0,,0,"Damage: 0, Status: 0, Hazard: 0, Weather: 0, Cleric: 0, Screen: 0, Pass: 0",None
school_kid_m_alan_0505_Golem,school_kid_m_alan_0505,GOLEM,None,0,0,0.0,0,0.0,0,0.0,0.0,0,0,0,0,0.0,3,None,None,0,,0,"Damage: 0, Status: 0, Hazard: 0, Weather: 0, Cleric: 0, Screen: 0, Pass: 0",None
school_kid_m_alan_0505_Granbull,school_kid_m_alan_0505,GRANBULL,None,0,0,0.0,0,0.0,0,0.0,0.0,0,0,0,0,0.0,2,None,None,0,,0,"Damage: 0, Status: 0, Hazard: 0, Weather: 0, Cleric: 0, Screen: 0, Pass: 0",None
school_kid_m_alan_0505_Graveler,school_kid_m_alan_0505,GRAVELER,None,0,0,0.0,0,0.0,0,0.0,0.0,0,0,0,0,0.0,7,None,None,0,,0,"Damage: 0, Status: 0, Hazard: 0, Weather: 0, Cleric: 0, Screen: 0, Pass: 0",None
school_kid_m_alan_0505_Grimer,school_kid_m_alan_0505,GRIMER,None,0,0,0.0,0,0.0,0,0.0,0.0,0,0,0,0,0.0,2,None,None,0,,0,"Damage: 0, Status: 0, Hazard: 0, Weather: 0, Cleric: 0, Screen: 0, Pass: 0",None
school_kid_m_alan_0505_Growlithe,school_kid_m_alan_0505,GROWLITHE,None,0,0,0.0,0,0.0,0,0.0,0.0,0,0,0,0,0.0,5,None,None,0,,0,"Damage: 0, Status: 0, Hazard: 0, Weather: 0, Cleric: 0, Screen: 0, Pass: 0",None
school_kid_m_alan_0505_Gulpin,school_kid_m_alan_0505,GULPIN,None,0,0,0.0,0,0.0,0,0.0,0.0,0,0,0,0,0.0,2,None,None,0,,0,"Damage: 0, Status: 0, Hazard: 0, Weather: 0, Cleric: 0, Screen: 0, Pass: 0",None
school_kid_m_alan_0505_Gyarados,school_kid_m_alan_0505,GYARADOS,None,0,0,0.0,0,0.0,0,0.0,0.0,0,0,0,0,0.0,6,None,None,0,,0,"Damage: 0, Status: 0, Hazard: 0, Weather: 0, Cleric: 0, Screen: 0, Pass: 0",None
school_kid_m_alan_0505_Hitmonlee,school_kid_m_alan_0505,HITMONLEE,None,0,0,0.0,0,0.0,0,0.0,0.0,0,0,0,0,0.0,5,None,None,0,,0,"Damage: 0, Status: 0, Hazard: 0, Weather: 0, Cleric: 0, Screen: 0, Pass: 0",None
school_kid_m_alan_0505_Hoothoot,school_kid_m_alan_0505,HOOTHOOT,None,0,0,0.0,0,0.0,0,0.0,0.0,0,0,0,0,0.0,7,None,None,0,,0,"Damage: 0, Status: 0, Hazard: 0, Weather: 0, Cleric: 0, Screen: 0, Pass: 0",None
school_kid_m_alan_0505_Hoppip,school_kid_m_alan_0505,HOPPIP,None,0,0,0.0,0,0.0,0,0.0,0.0,0,0,0,0,0.0,1,None,None,0,,0,"Damage: 0, Status: 0, Hazard: 0, Weather: 0, Cleric: 0, Screen: 0, Pass: 0",None
school_kid_m_alan_0505_Horsea,school_kid_m_alan_0505,HORSEA,None,0,0,0.0,0,0.0,0,0.0,0.0,0,0,0,0,0.0,2,None,None,0,,0,"Damage: 0, Status: 0, Hazard: 0, Weather: 0, Cleric: 0, Screen: 0, Pass: 0",None
school_kid_m_alan_0505_Hypno,school_kid_m_alan_0505,HYPNO,None,0,0,0.0,0,0.0,0,0.0,0.0,0,0,0,0,0.0,4,None,None,0,,0,"Damage: 0, Status: 0, Hazard: 0, Weather: 0, Cleric: 0, Screen: 0, Pass: 0",None
school_kid_m_alan_0505_Ivysaur,school_kid_m_alan_0505,IVYSAUR,None,0,0,0.0,0,0.0,0,0.0,0.0,0,0,0,0,0.0,5,None,None,0,,0,"Damage: 0, Status: 0, Hazard: 0, Weather: 0, Cleric: 0, Screen: 0, Pass: 0",None
school_kid_m_alan_0505_Jigglypuff,school_kid_m_alan_0505,JIGGLYPUFF,None,0,0,0.0,0,0.0,0,0.0,0.0,0,0,0,0,0.0,2,None,None,0,,0,"Damage: 0, Status: 0, Hazard: 0, Weather: 0, Cleric: 0, Screen: 0, Pass: 0",None
school_kid_m_alan_0505_Jolteon,school_kid_m_alan_0505,JOLTEON,None,0,0,0.0,0,0.0,0,0.0,0.0,0,0,0,0,0.0,1,None,None,0,,0,"Damage: 0, Status: 0, Hazard: 0, Weather: 0, Cleric: 0, Screen: 0, Pass: 0",None
school_kid_m_alan_0505_Jynx,school_kid_m_alan_0505,JYNX,None,0,0,0.0,0,0.0,0,0.0,0.0,0,0,0,0,0.0,3,None,None,0,,0,"Damage: 0, Status: 0, Hazard: 0, Weather: 0, Cleric: 0, Screen: 0, Pass: 0",None
school_kid_m_alan_0505_Kadabra,school_kid_m_alan_0505,KADABRA,None,0,0,0.0,0,0.0,0,0.0,0.0,0,0,0,0,0.0,3,None,None,0,,0,"Damage: 0, Status: 0, Hazard: 0, Weather: 0, Cleric: 0, Screen: 0, Pass: 0",None
school_kid_m_alan_0505_Kakuna,school_kid_m_alan_0505,KAKUNA,None,0,0,0.0,0,0.0,0,0.0,0.0,0,0,0,0,0.0,1,None,None,0,,0,"Damage: 0, Status: 0, Hazard: 0, Weather: 0, Cleric: 0, Screen: 0, Pass: 0",None
school_kid_m_alan_0505_Kangaskhan,school_kid_m_alan_0505,KANGASKHAN,None,0,0,0.0,0,0.0,0,0.0,0.0,0,0,0,0,0.0,2,None,None,0,,0,"Damage: 0, Status: 0, Hazard: 0, Weather: 0, Cleric: 0, Screen: 0, Pass: 0",None
school_kid_m_alan_0505_Kingler,school_kid_m_alan_0505,KINGLER,None,0,0,0.0,0,0.0,0,0.0,0.0,0,0,0,0,0.0,1,None,None,0,,0,"Damage: 0, Status: 0, Hazard: 0, Weather: 0, Cleric: 0, Screen: 0, Pass: 0",None
school_kid_m_alan_0505_Koffing,school_kid_m_alan_0505,KOFFING,None,0,0,0.0,0,0.0,0,0.0,0.0,0,0,0,0,0.0,7,None,None,0,,0,"Damage: 0, Status: 0, Hazard: 0, Weather: 0, Cleric: 0, Screen: 0, Pass: 0",None
school_kid_m_alan_0505_Krabby,school_kid_m_alan_0505,KRABBY,None,0,0,0.0,0,0.0,0,0.0,0.0,0,0,0,0,0.0,2,None,None,0,,0,"Damage: 0, Status: 0, Hazard: 0, Weather: 0, Cleric: 0, Screen: 0, Pass: 0",None
school_kid_m_alan_0505_Ledyba,school_kid_m_alan_0505,LEDYBA,None,0,0,0.0,0,0.0,0,0.0,0.0,0,0,0,0,0.0,1,None,None,0,,0,"Damage: 0, Status: 0, Hazard: 0, Weather: 0, Cleric: 0, Screen: 0, Pass: 0",None
school_kid_m_alan_0505_Lickitung,school_kid_m_alan_0505,LICKITUNG,None,0,0,0.0,0,0.0,0,0.0,0.0,0,0,0,0,0.0,2,None,None,0,,0,"Damage: 0, Status: 0, Hazard: 0, Weather: 0, Cleric: 0, Screen: 0, Pass: 0",None
school_kid_m_alan_0505_Linoone,school_kid_m_alan_0505,LINOONE,None,0,0,0.0,0,0.0,0,0.0,0.0,0,0,0,0,0.0,1,None,None,0,,0,"Damage: 0, Status: 0, Hazard: 0, Weather: 0, Cleric: 0, Screen: 0, Pass: 0",None
school_kid_m_alan_0505_Luvdisc,school_kid_m_alan_0505,LUVDISC,None,0,0,0.0,0,0.0,0,0.0,0.0,0,0,0,0,0.0,1,None,None,0,,0,"Damage: 0, Status: 0, Hazard: 0, Weather: 0, Cleric: 0, Screen: 0, Pass: 0",None
school_kid_m_alan_0505_Machamp,school_kid_m_alan_0505,MACHAMP,None,0,0,0.0,0,0.0,0,0.0,0.0,0,0,0,0,0.0,2,None,None,0,,0,"Damage: 0, Status: 0, Hazard: 0, Weather: 0, Cleric: 0, Screen: 0, Pass: 0",None
school_kid_m_alan_0505_Machoke,school_kid_m_alan_0505,MACHOKE,None,0,0,0.0,0,0.0,0,0.0,0.0,0,0,0,0,0.0,5,None,None,0,,0,"Damage: 0, Status: 0, Hazard: 0, Weather: 0, Cleric: 0, Screen: 0, Pass: 0",None
school_kid_m_alan_0505_Machop,school_kid_m_alan_0505,MACHOP,None,0,0,0.0,0,0.0,0,0.0,0.0,0,0,0,0,0.0,3,None,None,0,,0,"Damage: 0, Status: 0, Hazard: 0, Weather: 0, Cleric: 0, Screen: 0, Pass: 0",None
school_kid_m_alan_0505_Magcargo,school_kid_m_alan_0505,MAGCARGO,None,0,0,0.0,0,0.0,0,0.0,0.0,0,0,0,0,0.0,2,None,None,0,,0,"Damage: 0, Status: 0, Hazard: 0, Weather: 0, Cleric: 0, Screen: 0, Pass: 0",None
school_kid_m_alan_0505_Magikarp,school_kid_m_alan_0505,MAGIKARP,None,0,0,0.0,0,0.0,0,0.0,0.0,0,0,0,0,0.0,9,None,None,0,,0,"Damage: 0, Status: 0, Hazard: 0, Weather: 0, Cleric: 0, Screen: 0, Pass: 0",None
school_kid_m_alan_0505_Magmar,school_kid_m_alan_0505,MAGMAR,None,0,0,0.0,0,0.0,0,0.0,0.0,0,0,0,0,0.0,10,None,None,0,,0,"Damage: 0, Status: 0, Hazard: 0, Weather: 0, Cleric: 0, Screen: 0, Pass: 0",None
school_kid_m_alan_0505_Magmortar,school_kid_m_alan_0505,MAGMORTAR,None,0,0,0.0,0,0.0,0,0.0,0.0,0,0,0,0,0.0,1,None,None,0,,0,"Damage: 0, Status: 0, Hazard: 0, Weather: 0, Cleric: 0, Screen: 0, Pass: 0",None
school_kid_m_alan_0505_Magnemite,school_kid_m_alan_0505,MAGNEMITE,None,0,0,0.0,0,0.0,0,0.0,0.0,0,0,0,0,0.0,6,None,None,0,,0,"Damage: 0, Status: 0, Hazard: 0, Weather: 0, Cleric: 0, Screen: 0, Pass: 0",None
school_kid_m_alan_0505_Magneton,school_kid_m_alan_0505,MAGNETON,None,0,0,0.0,0,0.0,0,0.0,0.0,0,0,0,0,0.0,4,None,None,0,,0,"Damage: 0, Status: 0, Hazard: 0, Weather: 0, Cleric: 0, Screen: 0, Pass: 0",None
school_kid_m_alan_0505_Mankey,school_kid_m_alan_0505,MANKEY,None,0,0,0.0,0,0.0,0,0.0,0.0,0,0,0,0,0.0,1,None,None,0,,0,"Damage: 0, Status: 0, Hazard: 0, Weather: 0, Cleric: 0, Screen: 0, Pass: 0",None
school_kid_m_alan_0505_Mareep,school_kid_m_alan_0505,MAREEP,None,0,0,0.0,0,0.0,0,0.0,0.0,0,0,0,0,0.0,1,None,None,0,,0,"Damage: 0, Status: 0, Hazard: 0, Weather: 0, Cleric: 0, Screen: 0, Pass: 0",None
school_kid_m_alan_0505_Marill,school_kid_m_alan_0505,MARILL,None,0,0,0.0,0,0.0,0,0.0,0.0,0,0,0,0,0.0,7,None,None,0,,0,"Damage: 0, Status: 0, Hazard: 0, Weather: 0, Cleric: 0, Screen: 0, Pass: 0",None
school_kid_m_alan_0505_Marowak,school_kid_m_alan_0505,MAROWAK,None,0,0,0.0,0,0.0,0,0.0,0.0,0,0,0,0,0.0,2,None,None,0,,0,"Damage: 0, Status: 0, Hazard: 0, Weather: 0, Cleric: 0, Screen: 0, Pass: 0",None
school_kid_m_alan_0505_Meditite,school_kid_m_alan_0505,MEDITITE,None,0,0,0.0,0,0.0,0,0.0,0.0,0,0,0,0,0.0,1,None,None,0,,0,"Damage: 0, Status: 0, Hazard: 0, Weather: 0, Cleric: 0, Screen: 0, Pass: 0",None
school_kid_m_alan_0505_Meowth,school_kid_m_alan_0505,MEOWTH,None,0,0,0.0,0,0.0,0,0.0,0.0,0,0,0,0,0.0,6,None,None,0,,0,"Damage: 0, Status: 0, Hazard: 0, Weather: 0, Cleric: 0, Screen: 0, Pass: 0",None
school_kid_m_alan_0505_Metapod,school_kid_m_alan_0505,METAPOD,None,0,0,0.0,0,0.0,0,0.0,0.0,0,0,0,0,0.0,2,None,None,0,,0,"Damage: 0, Status: 0, Hazard: 0, Weather: 0, Cleric: 0, Screen: 0, Pass: 0",None
school_kid_m_alan_0505_MrMime,school_kid_m_alan_0505,MR MIME,None,0,0,0.0,0,0.0,0,0.0,0.0,0,0,0,0,0.0,8,None,None,0,,0,"Damage: 0, Status: 0, Hazard: 0, Weather: 0, Cleric: 0, Screen: 0, Pass: 0",None
school_kid_m_alan_0505_Muk,school_kid_m_alan_0505,MUK,None,0,0,0.0,0,0.0,0,0.0,0.0,0,0,0,0,0.0,1,None,None,0,,0,"Damage: 0, Status: 0, Hazard: 0, Weather: 0, Cleric: 0, Screen: 0, Pass: 0",None
school_kid_m_alan_0505_Nidoking,school_kid_m_alan_0505,NIDOKING,None,0,0,0.0,0,0.0,0,0.0,0.0,0,0,0,0,0.0,1,None,None,0,,0,"Damage: 0, Status: 0, Hazard: 0, Weather: 0, Cleric: 0, Screen: 0, Pass: 0",None
school_kid_m_alan_0505_Nidoqueen,school_kid_m_alan_0505,NIDOQUEEN,None,0,0,0.0,0,0.0,0,0.0,0.0,0,0,0,0,0.0,2,None,None,0,,0,"Damage: 0, Status: 0, Hazard: 0, Weather: 0, Cleric: 0, Screen: 0, Pass: 0",None
school_kid_m_alan_0505_NidoranF,school_kid_m_alan_0505,NIDORAN F,None,0,0,0.0,0,0.0,0,0.0,0.0,0,0,0,0,0.0,1,None,None,0,,0,"Damage: 0, Status: 0, Hazard: 0, Weather: 0, Cleric: 0, Screen: 0, Pass: 0",None
school_kid_m_alan_0505_NidoranM,school_kid_m_alan_0505,NIDORAN M,None,0,0,0.0,0,0.0,0,0.0,0.0,0,0,0,0,0.0,1,None,None,0,,0,"Damage: 0, Status: 0, Hazard: 0, Weather: 0, Cleric: 0, Screen: 0, Pass: 0",None
school_kid_m_alan_0505_Nidorina,school_kid_m_alan_0505,NIDORINA,None,0,0,0.0,0,0.0,0,0.0,0.0,0,0,0,0,0.0,3,None,None,0,,0,"Damage: 0, Status: 0, Hazard: 0, Weather: 0, Cleric: 0, Screen: 0, Pass: 0",None
school_kid_m_alan_0505_Nidorino,school_kid_m_alan_0505,NIDORINO,None,0,0,0.0,0,0.0,0,0.0,0.0,0,0,0,0,0.0,2,None,None,0,,0,"Damage: 0, Status: 0, Hazard: 0, Weather: 0, Cleric: 0, Screen: 0, Pass: 0",None
school_kid_m_alan_0505_Ninetales,school_kid_m_alan_0505,NINETALES,None,0,0,0.0,0,0.0,0,0.0,0.0,0,0,0,0,0.0,2,None,None,0,,0,"Damage: 0, Status: 0, Hazard: 0, Weather: 0, Cleric: 0, Screen: 0, Pass: 0",None
school_kid_m_alan_0505_Noctowl,school_kid_m_alan_0505,NOCTOWL,None,0,0,0.0,0,0.0,0,0.0,0.0,0,0,0,0,0.0,14,None,None,0,,0,"Damage: 0, Status: 0, Hazard: 0, Weather: 0, Cleric: 0, Screen: 0, Pass: 0",None
school_kid_m_alan_0505_Numel,school_kid_m_alan_0505,NUMEL,None,0,0,0.0,0,0.0,0,0.0,0.0,0,0,0,0,0.0,1,None,None,0,,0,"Damage: 0, Status: 0, Hazard: 0, Weather: 0, Cleric: 0, Screen: 0, Pass: 0",None
school_kid_m_alan_0505_Octillery,school_kid_m_alan_0505,OCTILLERY,None,0,0,0.0,0,0.0,0,0.0,0.0,0,0,0,0,0.0,2,None,None,0,,0,"Damage: 0, Status: 0, Hazard: 0, Weather: 0, Cleric: 0, Screen: 0, Pass: 0",None
school_kid_m_alan_0505_Oddish,school_kid_m_alan_0505,ODDISH,None,0,0,0.0,0,0.0,0,0.0,0.0,0,0,0,0,0.0,2,None,None,0,,0,"Damage: 0, Status: 0, Hazard: 0, Weather: 0, Cleric: 0, Screen: 0, Pass: 0",None
school_kid_m_alan_0505_Onix,school_kid_m_alan_0505,ONIX,None,0,0,0.0,0,0.0,0,0.0,0.0,0,0,0,0,0.0,4,None,None,0,,0,"Damage: 0, Status: 0, Hazard: 0, Weather: 0, Cleric: 0, Screen: 0, Pass: 0",None
school_kid_m_alan_0505_Paras,school_kid_m_alan_0505,PARAS,None,0,0,0.0,0,0.0,0,0.0,0.0,0,0,0,0,0.0,5,None,None,0,,0,"Damage: 0, Status: 0, Hazard: 0, Weather: 0, Cleric: 0, Screen: 0, Pass: 0",None
school_kid_m_alan_0505_Parasect,school_kid_m_alan_0505,PARASECT,None,0,0,0.0,0,0.0,0,0.0,0.0,0,0,0,0,0.0,9,None,None,0,,0,"Damage: 0, Status: 0, Hazard: 0, Weather: 0, Cleric: 0, Screen: 0, Pass: 0",None
school_kid_m_alan_0505_Persian,school_kid_m_alan_0505,PERSIAN,None,0,0,0.0,0,0.0,0,0.0,0.0,0,0,0,0,0.0,2,None,None,0,,0,"Damage: 0, Status: 0, Hazard: 0, Weather: 0, Cleric: 0, Screen: 0, Pass: 0",None
school_kid_m_alan_0505_Pidgeot,school_kid_m_alan_0505,PIDGEOT,None,0,0,0.0,0,0.0,0,0.0,0.0,0,0,0,0,0.0,6,None,None,0,,0,"Damage: 0, Status: 0, Hazard: 0, Weather: 0, Cleric: 0, Screen: 0, Pass: 0",None
school_kid_m_alan_0505_Pidgeotto,school_kid_m_alan_0505,PIDGEOTTO,None,0,0,0.0,0,0.0,0,0.0,0.0,0,0,0,0,0.0,6,None,None,0,,0,"Damage: 0, Status: 0, Hazard: 0, Weather: 0, Cleric: 0, Screen: 0, Pass: 0",None
school_kid_m_alan_0505_Pidgey,school_kid_m_alan_0505,PIDGEY,None,0,0,0.0,0,0.0,0,0.0,0.0,0,0,0,0,0.0,11,None,None,0,,0,"Damage: 0, Status: 0, Hazard: 0, Weather: 0, Cleric: 0, Screen: 0, Pass: 0",None
school_kid_m_alan_0505_Pikachu,school_kid_m_alan_0505,PIKACHU,None,0,0,0.0,0,0.0,0,0.0,0.0,0,0,0,0,0.0,3,None,None,0,,0,"Damage: 0, Status: 0, Hazard: 0, Weather: 0, Cleric: 0, Screen: 0, Pass: 0",None
school_kid_m_alan_0505_Pinsir,school_kid_m_alan_0505,PINSIR,None,0,0,0.0,0,0.0,0,0.0,0.0,0,0,0,0,0.0,1,None,None,0,,0,"Damage: 0, Status: 0, Hazard: 0, Weather: 0, Cleric: 0, Screen: 0, Pass: 0",None
school_kid_m_alan_0505_Poliwhirl,school_kid_m_alan_0505,POLIWHIRL,None,0,0,0.0,0,0.0,0,0.0,0.0,0,0,0,0,0.0,1,None,None,0,,0,"Damage: 0, Status: 0, Hazard: 0, Weather: 0, Cleric: 0, Screen: 0, Pass: 0",None
school_kid_m_alan_0505_Poliwrath,school_kid_m_alan_0505,POLIWRATH,None,0,0,0.0,0,0.0,0,0.0,0.0,0,0,0,0,0.0,2,None,None,0,,0,"Damage: 0, Status: 0, Hazard: 0, Weather: 0, Cleric: 0, Screen: 0, Pass: 0",None
school_kid_m_alan_0505_Porygon,school_kid_m_alan_0505,PORYGON,None,0,0,0.0,0,0.0,0,0.0,0.0,0,0,0,0,0.0,3,None,None,0,,0,"Damage: 0, Status: 0, Hazard: 0, Weather: 0, Cleric: 0, Screen: 0, Pass: 0",None
school_kid_m_alan_0505_Primeape,school_kid_m_alan_0505,PRIMEAPE,None,0,0,0.0,0,0.0,0,0.0,0.0,0,0,0,0,0.0,4,None,None,0,,0,"Damage: 0, Status: 0, Hazard: 0, Weather: 0, Cleric: 0, Screen: 0, Pass: 0",None
school_kid_m_alan_0505_Psyduck,school_kid_m_alan_0505,PSYDUCK,None,0,0,0.0,0,0.0,0,0.0,0.0,0,0,0,0,0.0,2,None,None,0,,0,"Damage: 0, Status: 0, Hazard: 0, Weather: 0, Cleric: 0, Screen: 0, Pass: 0",None
school_kid_m_alan_0505_Quagsire,school_kid_m_alan_0505,QUAGSIRE,"Yawn: 553 (28.3%), Earthquake: 542 (27.7%), Amnesia: 505 (25.8%), Rain Dance: 356 (18.2%)",316,158,2.0,105,2.66,2,7.08,3.34,32,31,78,0,3.88,346,"Magmar: 24, Electrode: 22, Magnemite: 17","Weezing: 12, Tentacruel: 7, Vileplume: 6",38,,1,"Damage: 46, Status: 72, Hazard: 0, Weather: 0, Cleric: 0, Screen: 0, Pass: 0",None
school_kid_m_alan_0505_Qwilfish,school_kid_m_alan_0505,QWILFISH,None,0,0,0.0,0,0.0,0,0.0,0.0,0,0,0,0,0.0,10,None,None,0,,0,"Damage: 0, Status: 0, Hazard: 0, Weather: 0, Cleric: 0, Screen: 0, Pass: 0",None
school_kid_m_alan_0505_Raichu,school_kid_m_alan_0505,RAICHU,None,0,0,0.0,0,0.0,0,0.0,0.0,0,0,0,0,0.0,1,None,None,0,,0,"Damage: 0, Status: 0, Hazard: 0, Weather: 0, Cleric: 0, Screen: 0, Pass: 0",None
school_kid_m_alan_0505_Rapidash,school_kid_m_alan_0505,RAPIDASH,None,0,0,0.0,0,0.0,0,0.0,0.0,0,0,0,0,0.0,4,None,None,0,,0,"Damage: 0, Status: 0, Hazard: 0, Weather: 0, Cleric: 0, Screen: 0, Pass: 0",None
school_kid_m_alan_0505_Raticate,school_kid_m_alan_0505,RATICATE,None,0,0,0.0,0,0.0,0,0.0,0.0,0,0,0,0,0.0,9,None,None,0,,0,"Damage: 0, Status: 0, Hazard: 0, Weather: 0, Cleric: 0, Screen: 0, Pass: 0",None
school_kid_m_alan_0505_Rattata,school_kid_m_alan_0505,RATTATA,None,0,0,0.0,0,0.0,0,0.0,0.0,0,0,0,0,0.0,5,None,None,0,,0,"Damage: 0, Status: 0, Hazard: 0, Weather: 0, Cleric: 0, Screen: 0, Pass: 0",None
school_kid_m_alan_0505_Remoraid,school_kid_m_alan_0505,REMORAID,None,0,0,0.0,0,0.0,0,0.0,0.0,0,0,0,0,0.0,2,None,None,0,,0,"Damage: 0, Status: 0, Hazard: 0, Weather: 0, Cleric: 0, Screen: 0, Pass: 0",None
school_kid_m_alan_0505_Rhyhorn,school_kid_m_alan_0505,RHYHORN,None,0,0,0.0,0,0.0,0,0.0,0.0,0,0,0,0,0.0,1,None,None,0,,0,"Damage: 0, Status: 0, Hazard: 0, Weather: 0, Cleric: 0, Screen: 0, Pass: 0",None
school_kid_m_alan_0505_Sandshrew,school_kid_m_alan_0505,SANDSHREW,None,0,0,0.0,0,0.0,0,0.0,0.0,0,0,0,0,0.0,1,None,None,0,,0,"Damage: 0, Status: 0, Hazard: 0, Weather: 0, Cleric: 0, Screen: 0, Pass: 0",None
school_kid_m_alan_0505_Sandslash,school_kid_m_alan_0505,SANDSLASH,None,0,0,0.0,0,0.0,0,0.0,0.0,0,0,0,0,0.0,12,None,None,0,,0,"Damage: 0, Status: 0, Hazard: 0, Weather: 0, Cleric: 0, Screen: 0, Pass: 0",None
school_kid_m_alan_0505_Seadra,school_kid_m_alan_0505,SEADRA,None,0,0,0.0,0,0.0,0,0.0,0.0,0,0,0,0,0.0,6,None,None,0,,0,"Damage: 0, Status: 0, Hazard: 0, Weather: 0, Cleric: 0, Screen: 0, Pass: 0",None
school_kid_m_alan_0505_Seaking,school_kid_m_alan_0505,SEAKING,None,0,0,0.0,0,0.0,0,0.0,0.0,0,0,0,0,0.0,19,None,None,0,,0,"Damage: 0, Status: 0, Hazard: 0, Weather: 0, Cleric: 0, Screen: 0, Pass: 0",None
school_kid_m_alan_0505_Seel,school_kid_m_alan_0505,SEEL,None,0,0,0.0,0,0.0,0,0.0,0.0,0,0,0,0,0.0,2,None,None,0,,0,"Damage: 0, Status: 0, Hazard: 0, Weather: 0, Cleric: 0, Screen: 0, Pass: 0",None
school_kid_m_alan_0505_Sentret,school_kid_m_alan_0505,SENTRET,None,0,0,0.0,0,0.0,0,0.0,0.0,0,0,0,0,0.0,4,None,None,0,,0,"Damage: 0, Status: 0, Hazard: 0, Weather: 0, Cleric: 0, Screen: 0, Pass: 0",None
school_kid_m_alan_0505_Shellder,school_kid_m_alan_0505,SHELLDER,None,0,0,0.0,0,0.0,0,0.0,0.0,0,0,0,0,0.0,3,None,None,0,,0,"Damage: 0, Status: 0, Hazard: 0, Weather: 0, Cleric: 0, Screen: 0, Pass: 0",None
school_kid_m_alan_0505_Shroomish,school_kid_m_alan_0505,SHROOMISH,None,0,0,0.0,0,0.0,0,0.0,0.0,0,0,0,0,0.0,2,None,None,0,,0,"Damage: 0, Status: 0, Hazard: 0, Weather: 0, Cleric: 0, Screen: 0, Pass: 0",None
school_kid_m_alan_0505_Skarmory,school_kid_m_alan_0505,SKARMORY,None,0,0,0.0,0,0.0,0,0.0,0.0,0,0,0,0,0.0,2,None,None,0,,0,"Damage: 0, Status: 0, Hazard: 0, Weather: 0, Cleric: 0, Screen: 0, Pass: 0",None
school_kid_m_alan_0505_Skiploom,school_kid_m_alan_0505,SKIPLOOM,None,0,0,0.0,0,0.0,0,0.0,0.0,0,0,0,0,0.0,4,None,None,0,,0,"Damage: 0, Status: 0, Hazard: 0, Weather: 0, Cleric: 0, Screen: 0, Pass: 0",None
school_kid_m_alan_0505_Skorupi,school_kid_m_alan_0505,SKORUPI,None,0,0,0.0,0,0.0,0,0.0,0.0,0,0,0,0,0.0,1,None,None,0,,0,"Damage: 0, Status: 0, Hazard: 0, Weather: 0, Cleric: 0, Screen: 0, Pass: 0",None
school_kid_m_alan_0505_Slakoth,school_kid_m_alan_0505,SLAKOTH,None,0,0,0.0,0,0.0,0,0.0,0.0,0,0,0,0,0.0,2,None,None,0,,0,"Damage: 0, Status: 0, Hazard: 0, Weather: 0, Cleric: 0, Screen: 0, Pass: 0",None
school_kid_m_alan_0505_Slowbro,school_kid_m_alan_0505,SLOWBRO,None,0,0,0.0,0,0.0,0,0.0,0.0,0,0,0,0,0.0,2,None,None,0,,0,"Damage: 0, Status: 0, Hazard: 0, Weather: 0, Cleric: 0, Screen: 0, Pass: 0",None
school_kid_m_alan_0505_Slowking,school_kid_m_alan_0505,SLOWKING,None,0,0,0.0,0,0.0,0,0.0,0.0,0,0,0,0,0.0,1,None,None,0,,0,"Damage: 0, Status: 0, Hazard: 0, Weather: 0, Cleric: 0, Screen: 0, Pass: 0",None
school_kid_m_alan_0505_Slowpoke,school_kid_m_alan_0505,SLOWPOKE,None,0,0,0.0,0,0.0,0,0.0,0.0,0,0,0,0,0.0,5,None,None,0,,0,"Damage: 0, Status: 0, Hazard: 0, Weather: 0, Cleric: 0, Screen: 0, Pass: 0",None
school_kid_m_alan_0505_Snubbull,school_kid_m_alan_0505,SNUBBULL,None,0,0,0.0,0,0.0,0,0.0,0.0,0,0,0,0,0.0,7,None,None,0,,0,"Damage: 0, Status: 0, Hazard: 0, Weather: 0, Cleric: 0, Screen: 0, Pass: 0",None
school_kid_m_alan_0505_Spearow,school_kid_m_alan_0505,SPEAROW,None,0,0,0.0,0,0.0,0,0.0,0.0,0,0,0,0,0.0,8,None,None,0,,0,"Damage: 0, Status: 0, Hazard: 0, Weather: 0, Cleric: 0, Screen: 0, Pass: 0",None
school_kid_m_alan_0505_Spinda,school_kid_m_alan_0505,SPINDA,None,0,0,0.0,0,0.0,0,0.0,0.0,0,0,0,0,0.0,6,None,None,0,,0,"Damage: 0, Status: 0, Hazard: 0, Weather: 0, Cleric: 0, Screen: 0, Pass: 0",None
school_kid_m_alan_0505_Spoink,school_kid_m_alan_0505,SPOINK,None,0,0,0.0,0,0.0,0,0.0,0.0,0,0,0,0,0.0,1,None,None,0,,0,"Damage: 0, Status: 0, Hazard: 0, Weather: 0, Cleric: 0, Screen: 0, Pass: 0",None
school_kid_m_alan_0505_Squirtle,school_kid_m_alan_0505,SQUIRTLE,None,0,0,0.0,0,0.0,0,0.0,0.0,0,0,0,0,0.0,1,None,None,0,,0,"Damage: 0, Status: 0, Hazard: 0, Weather: 0, Cleric: 0, Screen: 0, Pass: 0",None
school_kid_m_alan_0505_Starly,school_kid_m_alan_0505,STARLY,None,0,0,0.0,0,0.0,0,0.0,0.0,0,0,0,0,0.0,1,None,None,0,,0,"Damage: 0, Status: 0, Hazard: 0, Weather: 0, Cleric: 0, Screen: 0, Pass: 0",None
school_kid_m_alan_0505_Starmie,school_kid_m_alan_0505,STARMIE,None,0,0,0.0,0,0.0,0,0.0,0.0,0,0,0,0,0.0,1,None,None,0,,0,"Damage: 0, Status: 0, Hazard: 0, Weather: 0, Cleric: 0, Screen: 0, Pass: 0",None
school_kid_m_alan_0505_Staryu,school_kid_m_alan_0505,STARYU,None,0,0,0.0,0,0.0,0,0.0,0.0,0,0,0,0,0.0,4,None,None,0,,0,"Damage: 0, Status: 0, Hazard: 0, Weather: 0, Cleric: 0, Screen: 0, Pass: 0",None
school_kid_m_alan_0505_Steelix,school_kid_m_alan_0505,STEELIX,None,0,0,0.0,0,0.0,0,0.0,0.0,0,0,0,0,0.0,3,None,None,0,,0,"Damage: 0, Status: 0, Hazard: 0, Weather: 0, Cleric: 0, Screen: 0, Pass: 0",None
school_kid_m_alan_0505_Sudowoodo,school_kid_m_alan_0505,SUDOWOODO,None,0,0,0.0,0,0.0,0,0.0,0.0,0,0,0,0,0.0,1,None,None,0,,0,"Damage: 0, Status: 0, Hazard: 0, Weather: 0, Cleric: 0, Screen: 0, Pass: 0",None
school_kid_m_alan_0505_Taillow,school_kid_m_alan_0505,TAILLOW,None,0,0,0.0,0,0.0,0,0.0,0.0,0,0,0,0,0.0,2,None,None,0,,0,"Damage: 0, Status: 0, Hazard: 0, Weather: 0, Cleric: 0, Screen: 0, Pass: 0",None
school_kid_m_alan_0505_Tangela,school_kid_m_alan_0505,TANGELA,"Vine Whip: 2 (40.0%), Stun Spore: 1 (20.0%), Bind: 1 (20.0%), Growth: 1 (20.0%)",0,4,0.0,0,0.0,0,2.25,0.0,0,0,0,0,0.0,4,None,None,0,100.0,0,"Damage: 0, Status: 0, Hazard: 0, Weather: 0, Cleric: 0, Screen: 0, Pass: 0",None
school_kid_m_alan_0505_Tangrowth,school_kid_m_alan_0505,TANGROWTH,"Wring Out: 354 (39.6%), Power Whip: 274 (30.7%), Slam: 229 (25.6%), Tickle: 31 (3.5%), Ancient Power: 3 (0.3%), Stun Spore: 2 (0.2%)",421,101,4.17,59,4.75,5,3.63,1.88,38,135,47,0,-5.32,360,"Seaking: 30, Quagsire: 20, Azumarill: 14","Golduck: 8, Pidgeot: 5, Weezing: 5",63,82.69,1,"Damage: 59, Status: 0, Hazard: 0, Weather: 0, Cleric: 0, Screen: 0, Pass: 0",None
school_kid_m_alan_0505_Tauros,school_kid_m_alan_0505,TAUROS,None,0,0,0.0,0,0.0,0,0.0,0.0,0,0,0,0,0.0,2,None,None,0,,0,"Damage: 0, Status: 0, Hazard: 0, Weather: 0, Cleric: 0, Screen: 0, Pass: 0",None
school_kid_m_alan_0505_Teddiursa,school_kid_m_alan_0505,TEDDIURSA,None,0,0,0.0,0,0.0,0,0.0,0.0,0,0,0,0,0.0,10,None,None,0,,0,"Damage: 0, Status: 0, Hazard: 0, Weather: 0, Cleric: 0, Screen: 0, Pass: 0",None
school_kid_m_alan_0505_Tentacool,school_kid_m_alan_0505,TENTACOOL,None,0,0,0.0,0,0.0,0,0.0,0.0,0,0,0,0,0.0,2,None,None,0,,0,"Damage: 0, Status: 0, Hazard: 0, Weather: 0, Cleric: 0, Screen: 0, Pass: 0",None
school_kid_m_alan_0505_Tentacruel,school_kid_m_alan_0505,TENTACRUEL,None,0,0,0.0,0,0.0,0,0.0,0.0,0,0,0,0,0.0,5,None,None,0,,0,"Damage: 0, Status: 0, Hazard: 0, Weather: 0, Cleric: 0, Screen: 0, Pass: 0",None
school_kid_m_alan_0505_Torkoal,school_kid_m_alan_0505,TORKOAL,None,0,0,0.0,0,0.0,0,0.0,0.0,0,0,0,0,0.0,1,None,None,0,,0,"Damage: 0, Status: 0, Hazard: 0, Weather: 0, Cleric: 0, Screen: 0, Pass: 0",None
school_kid_m_alan_0505_Ursaring,school_kid_m_alan_0505,URSARING,None,0,0,0.0,0,0.0,0,0.0,0.0,0,0,0,0,0.0,4,None,None,0,,0,"Damage: 0, Status: 0, Hazard: 0, Weather: 0, Cleric: 0, Screen: 0, Pass: 0",None
school_kid_m_alan_0505_Venomoth,school_kid_m_alan_0505,VENOMOTH,None,0,0,0.0,0,0.0,0,0.0,0.0,0,0,0,0,0.0,3,None,None,0,,0,"Damage: 0, Status: 0, Hazard: 0, Weather: 0, Cleric: 0, Screen: 0, Pass: 0",None
school_kid_m_alan_0505_Venonat,school_kid_m_alan_0505,VENONAT,None,0,0,0.0,0,0.0,0,0.0,0.0,0,0,0,0,0.0,2,None,None,0,,0,"Damage: 0, Status: 0, Hazard: 0, Weather: 0, Cleric: 0, Screen: 0, Pass: 0",None
school_kid_m_alan_0505_Venusaur,school_kid_m_alan_0505,VENUSAUR,None,0,0,0.0,0,0.0,0,0.0,0.0,0,0,0,0,0.0,2,None,None,0,,0,"Damage: 0, Status: 0, Hazard: 0, Weather: 0, Cleric: 0, Screen: 0, Pass: 0",None
school_kid_m_alan_0505_Victreebel,school_kid_m_alan_0505,VICTREEBEL,None,0,0,0.0,0,0.0,0,0.0,0.0,0,0,0,0,0.0,9,None,None,0,,0,"Damage: 0, Status: 0, Hazard: 0, Weather: 0, Cleric: 0, Screen: 0, Pass: 0",None
school_kid_m_alan_0505_Vileplume,school_kid_m_alan_0505,VILEPLUME,None,0,0,0.0,0,0.0,0,0.0,0.0,0,0,0,0,0.0,4,None,None,0,,0,"Damage: 0, Status: 0, Hazard: 0, Weather: 0, Cleric: 0, Screen: 0, Pass: 0",None
school_kid_m_alan_0505_Volbeat,school_kid_m_alan_0505,VOLBEAT,None,0,0,0.0,0,0.0,0,0.0,0.0,0,0,0,0,0.0,2,None,None,0,,0,"Damage: 0, Status: 0, Hazard: 0, Weather: 0, Cleric: 0, Screen: 0, Pass: 0",None
school_kid_m_alan_0505_Voltorb,school_kid_m_alan_0505,VOLTORB,None,0,0,0.0,0,0.0,0,0.0,0.0,0,0,0,0,0.0,3,None,None,0,,0,"Damage: 0, Status: 0, Hazard: 0, Weather: 0, Cleric: 0, Screen: 0, Pass: 0",None
school_kid_m_alan_0505_Vulpix,school_kid_m_alan_0505,VULPIX,None,0,0,0.0,0,0.0,0,0.0,0.0,0,0,0,0,0.0,1,None,None,0,,0,"Damage: 0, Status: 0, Hazard: 0, Weather: 0, Cleric: 0, Screen: 0, Pass: 0",None
school_kid_m_alan_0505_Wartortle,school_kid_m_alan_0505,WARTORTLE,None,0,0,0.0,0,0.0,0,0.0,0.0,0,0,0,0,0.0,1,None,None,0,,0,"Damage: 0, Status: 0, Hazard: 0, Weather: 0, Cleric: 0, Screen: 0, Pass: 0",None
school_kid_m_alan_0505_Weedle,school_kid_m_alan_0505,WEEDLE,None,0,0,0.0,0,0.0,0,0.0,0.0,0,0,0,0,0.0,1,None,None,0,,0,"Damage: 0, Status: 0, Hazard: 0, Weather: 0, Cleric: 0, Screen: 0, Pass: 0",None
school_kid_m_alan_0505_Weezing,school_kid_m_alan_0505,WEEZING,None,0,0,0.0,0,0.0,0,0.0,0.0,0,0,0,0,0.0,3,None,None,0,,0,"Damage: 0, Status: 0, Hazard: 0, Weather: 0, Cleric: 0, Screen: 0, Pass: 0",None
school_kid_m_alan_0505_Whismur,school_kid_m_alan_0505,WHISMUR,None,0,0,0.0,0,0.0,0,0.0,0.0,0,0,0,0,0.0,1,None,None,0,,0,"Damage: 0, Status: 0, Hazard: 0, Weather: 0, Cleric: 0, Screen: 0, Pass: 0",None
school_kid_m_alan_0505_Wigglytuff,school_kid_m_alan_0505,WIGGLYTUFF,None,0,0,0.0,0,0.0,0,0.0,0.0,0,0,0,0,0.0,6,None,None,0,,0,"Damage: 0, Status: 0, Hazard: 0, Weather: 0, Cleric: 0, Screen: 0, Pass: 0",None
school_kid_m_alan_0505_Xatu,school_kid_m_alan_0505,XATU,"Wish: 3037 (44.3%), Ominous Wind: 1926 (28.1%), Future Sight: 1748 (25.5%), Psycho Shift: 139 (2.0%), Struggle: 5 (0.1%), Me First: 4 (0.1%), Tailwind: 2 (0.0%)",738,452,1.63,1119,4.11,178,6.82,3.54,121,51,256,163,4.48,1151,"Magikarp: 41, Bellsprout: 22, Geodude: 21","Electrode: 16, Tentacruel: 12, Arbok: 12",102,75.24,0,"Damage: 1018, Status: 108, Hazard: 0, Weather: 0, Cleric: 113, Screen: 0, Pass: 0",None
school_kid_m_alan_0505_Yanma,school_kid_m_alan_0505,YANMA,Pursuit: 5 (100.0%),0,2,0.0,0,0.0,0,4.5,0.0,0,0,0,0,0.0,2,None,None,0,,0,"Damage: 0, Status: 0, Hazard: 0, Weather: 0, Cleric: 0, Screen: 0, Pass: 0",None
school_kid_m_alan_0505_Yanmega,school_kid_m_alan_0505,YANMEGA,"Slash: 398 (50.3%), Air Slash: 223 (28.2%), U Turn: 99 (12.5%), Screech: 66 (8.3%), Pursuit: 4 (0.5%), Supersonic: 1 (0.1%), Ancient Power: 1 (0.1%)",326,80,4.08,72,4.97,3,3.95,1.14,76,49,29,12,6.38,307,"Butterfree: 29, Farfetchd: 13, Weezing: 11","Weezing: 7, Pidgeot: 7, Farfetchd: 5",44,,0,"Damage: 72, Status: 0, Hazard: 0, Weather: 0, Cleric: 0, Screen: 0, Pass: 0",None
school_kid_m_alan_0505_Zigzagoon,school_kid_m_alan_0505,ZIGZAGOON,None,0,0,0.0,0,0.0,0,0.0,0.0,0,0,0,0,0.0,4,None,None,0,,0,"Damage: 0, Status: 0, Hazard: 0, Weather: 0, Cleric: 0, Screen: 0, Pass: 0",None
school_kid_m_alan_0505_Zubat,school_kid_m_alan_0505,ZUBAT,None,0,0,0.0,0,0.0,0,0.0,0.0,0,0,0,0,0.0,3,None,None,0,,0,"Damage: 0, Status: 0, Hazard: 0, Weather: 0, Cleric: 0, Screen: 0, Pass: 0",None
school_kid_m_billy_0331_Alakazam,school_kid_m_billy_0331,ALAKAZAM,None,0,1,0.0,0,0.0,0,1.0,2.0,0,0,0,0,0.0,1,None,None,0,,0,"Damage: 0, Status: 0, Hazard: 0, Weather: 0, Cleric: 0, Screen: 0, Pass: 0",None
school_kid_m_billy_0331_Ambipom,school_kid_m_billy_0331,AMBIPOM,"Double Hit: 3 (75.0%), Nasty Plot: 1 (25.0%)",1,3,0.33,0,0.33,0,2.33,1.67,0,1,0,0,-25.0,3,Ambipom: 1,None,0,,0,"Damage: 0, Status: 0, Hazard: 0, Weather: 0, Cleric: 0, Screen: 0, Pass: 0",None
school_kid_m_billy_0331_Arbok,school_kid_m_billy_0331,ARBOK,"Mud Bomb: 6 (20.7%), Crunch: 5 (17.2%), Stockpile: 5 (17.2%), Spit Up: 4 (13.8%), Gunk Shot: 3 (10.3%), Glare: 3 (10.3%), Gastro Acid: 1 (3.4%), Screech: 1 (3.4%), Swallow: 1 (3.4%)",4,2,2.0,0,2.0,0,10.0,3.33,1,4,3,4,6.56,3,"Arbok: 3, Weezing: 1",None,0,,0,"Damage: 0, Status: 0, Hazard: 0, Weather: 0, Cleric: 0, Screen: 0, Pass: 0",None
school_kid_m_billy_0331_Ariados,school_kid_m_billy_0331,ARIADOS,"Psychic: 2 (28.6%), Agility: 2 (28.6%), Sucker Punch: 2 (28.6%), Poison Jab: 1 (14.3%)",2,2,1.0,0,1.0,0,2.0,1.5,0,0,1,0,7.5,4,Ariados: 2,None,0,,0,"Damage: 0, Status: 0, Hazard: 0, Weather: 0, Cleric: 0, Screen: 0, Pass: 0",None
school_kid_m_billy_0331_Azumarill,school_kid_m_billy_0331,AZUMARILL,"Aqua Ring: 2 (28.6%), Double Edge: 2 (28.6%), Aqua Tail: 2 (28.6%), Rain Dance: 1 (14.3%)",2,5,0.4,0,0.4,0,1.83,1.17,1,0,0,0,14.29,6,Azumarill: 2,None,0,,0,"Damage: 0, Status: 0, Hazard: 0, Weather: 0, Cleric: 0, Screen: 0, Pass: 0",None
school_kid_m_billy_0331_Beedrill,school_kid_m_billy_0331,BEEDRILL,"Agility: 10 (47.6%), Poison Jab: 5 (23.8%), Assurance: 4 (19.0%), Endeavor: 2 (9.5%)",4,6,0.67,0,0.67,0,3.25,1.62,1,0,0,1,5.24,8,"Beedrill: 2, Butterfree: 2",None,0,,0,"Damage: 0, Status: 0, Hazard: 0, Weather: 0, Cleric: 0, Screen: 0, Pass: 0",None
school_kid_m_billy_0331_Bellossom,school_kid_m_billy_0331,BELLOSSOM,"Magical Leaf: 3 (60.0%), Stun Spore: 1 (20.0%), Sweet Scent: 1 (20.0%)",0,1,0.0,0,0.0,0,6.0,4.0,0,0,0,0,0.0,1,None,None,0,,0,"Damage: 0, Status: 0, Hazard: 0, Weather: 0, Cleric: 0, Screen: 0, Pass: 0",None
school_kid_m_billy_0331_Bulbasaur,school_kid_m_billy_0331,BULBASAUR,Double Edge: 1 (100.0%),1,1,1.0,0,1.0,0,1.0,1.0,1,0,0,0,100.0,1,Bulbasaur: 1,None,0,,0,"Damage: 0, Status: 0, Hazard: 0, Weather: 0, Cleric: 0, Screen: 0, Pass: 0",None
school_kid_m_billy_0331_Butterfree,school_kid_m_billy_0331,BUTTERFREE,"Bug Buzz: 18 (42.9%), Tailwind: 8 (19.0%), Safeguard: 8 (19.0%), Silver Wind: 4 (9.5%), Gust: 3 (7.1%), Whirlwind: 1 (2.4%)",7,8,0.88,0,0.88,0,5.09,3.0,2,0,0,1,3.1,11,Butterfree: 7,None,0,,0,"Damage: 0, Status: 0, Hazard: 0, Weather: 0, Cleric: 0, Screen: 0, Pass: 0",None
school_kid_m_billy_0331_Charmeleon,school_kid_m_billy_0331,CHARMELEON,"Slash: 1 (50.0%), Flamethrower: 1 (50.0%)",0,1,0.0,0,0.0,0,2.0,2.0,0,0,0,0,-5.0,1,None,None,0,,0,"Damage: 0, Status: 0, Hazard: 0, Weather: 0, Cleric: 0, Screen: 0, Pass: 0",None
school_kid_m_billy_0331_Chatot,school_kid_m_billy_0331,CHATOT,Mimic: 1 (100.0%),0,2,0.0,0,0.0,0,1.5,1.5,0,0,0,0,0.0,2,None,None,0,,0,"Damage: 0, Status: 0, Hazard: 0, Weather: 0, Cleric: 0, Screen: 0, Pass: 0",None
school_kid_m_billy_0331_Clefairy,school_kid_m_billy_0331,CLEFAIRY,"Meteor Mash: 4 (57.1%), Gravity: 2 (28.6%), Light Screen: 1 (14.3%)",1,1,1.0,0,1.0,0,3.5,1.5,1,0,0,1,17.14,2,Clefairy: 1,None,0,,0,"Damage: 0, Status: 0, Hazard: 0, Weather: 0, Cleric: 0, Screen: 0, Pass: 0",None
school_kid_m_billy_0331_Cloyster,school_kid_m_billy_0331,CLOYSTER,"Spike Cannon: 7 (41.2%), Aurora Beam: 4 (23.5%), Protect: 3 (17.6%), Spikes: 2 (11.8%), Water Pulse: 1 (5.9%)",2,3,0.67,0,0.67,0,3.8,3.2,2,0,0,0,10.0,5,Cloyster: 2,None,0,,0,"Damage: 0, Status: 0, Hazard: 0, Weather: 0, Cleric: 0, Screen: 0, Pass: 0",None
school_kid_m_billy_0331_Corsola,school_kid_m_billy_0331,CORSOLA,Ancient Power: 1 (100.0%),0,1,0.0,0,0.0,0,1.0,4.0,0,0,0,0,-10.0,1,None,None,0,,0,"Damage: 0, Status: 0, Hazard: 0, Weather: 0, Cleric: 0, Screen: 0, Pass: 0",None
school_kid_m_billy_0331_Croagunk,school_kid_m_billy_0331,CROAGUNK,None,0,2,0.0,0,0.0,0,1.0,1.0,0,0,0,0,0.0,2,None,None,0,,0,"Damage: 0, Status: 0, Hazard: 0, Weather: 0, Cleric: 0, Screen: 0, Pass: 0",None
school_kid_m_billy_0331_Crobat,school_kid_m_billy_0331,CROBAT,"Air Cutter: 3 (60.0%), Mean Look: 1 (20.0%), Poison Fang: 1 (20.0%)",1,2,0.5,0,0.5,0,3.0,2.0,0,1,0,0,-20.0,3,Crobat: 1,None,0,,0,"Damage: 0, Status: 0, Hazard: 0, Weather: 0, Cleric: 0, Screen: 0, Pass: 0",None
school_kid_m_billy_0331_Dewgong,school_kid_m_billy_0331,DEWGONG,"Dive: 5 (83.3%), Ice Beam: 1 (16.7%)",0,1,0.0,0,0.0,0,7.0,4.0,0,1,1,1,12.86,1,None,None,0,,0,"Damage: 0, Status: 0, Hazard: 0, Weather: 0, Cleric: 0, Screen: 0, Pass: 0",None
school_kid_m_billy_0331_Ditto,school_kid_m_billy_0331,DITTO,Transform: 403 (100.0%),0,194,0.0,17,0.09,1,2.01,0.61,0,0,17,0,4.05,595,None,"Magmar: 18, Butterfree: 15, Azumarill: 15",0,,0,"Damage: 16, Status: 2, Hazard: 0, Weather: 0, Cleric: 0, Screen: 0, Pass: 0",None
school_kid_m_billy_0331_Dodrio,school_kid_m_billy_0331,DODRIO,"Acupressure: 8 (80.0%), Tri Attack: 2 (20.0%)",1,2,0.5,0,0.5,0,4.0,1.33,0,0,0,0,0.0,3,Dodrio: 1,None,0,,0,"Damage: 0, Status: 0, Hazard: 0, Weather: 0, Cleric: 0, Screen: 0, Pass: 0",None
school_kid_m_billy_0331_Dragonair,school_kid_m_billy_0331,DRAGONAIR,None,0,4,0.0,0,0.0,0,1.0,1.0,0,0,0,0,0.0,4,None,None,0,,0,"Damage: 0, Status: 0, Hazard: 0, Weather: 0, Cleric: 0, Screen: 0, Pass: 0",None
school_kid_m_billy_0331_Dratini,school_kid_m_billy_0331,DRATINI,"Surf: 2 (66.7%), Thunder Wave: 1 (33.3%)",0,1,0.0,0,0.0,0,2.0,1.5,0,0,0,0,0.0,2,None,None,0,,0,"Damage: 0, Status: 0, Hazard: 0, Weather: 0, Cleric: 0, Screen: 0, Pass: 0",None
school_kid_m_billy_0331_Dugtrio,school_kid_m_billy_0331,DUGTRIO,Slash: 2 (100.0%),0,4,0.0,0,0.0,0,1.0,1.0,1,0,2,0,75.0,6,None,None,0,,0,"Damage: 0, Status: 0, Hazard: 0, Weather: 0, Cleric: 0, Screen: 0, Pass: 0",None
school_kid_m_billy_0331_Electabuzz,school_kid_m_billy_0331,ELECTABUZZ,"Swift: 5 (55.6%), Thunder Wave: 2 (22.2%), Thunder Punch: 2 (22.2%)",2,3,0.67,0,0.67,0,2.4,2.2,0,0,0,0,-1.11,5,Electabuzz: 2,None,0,,0,"Damage: 0, Status: 0, Hazard: 0, Weather: 0, Cleric: 0, Screen: 0, Pass: 0",None
school_kid_m_billy_0331_Electrode,school_kid_m_billy_0331,ELECTRODE,"Thunder: 6 (21.4%), Rollout: 5 (17.9%), Charge Beam: 5 (17.9%), Swift: 4 (14.3%), Screech: 3 (10.7%), Sonic Boom: 2 (7.1%), Shock Wave: 1 (3.6%), Rain Dance: 1 (3.6%), Magnet Rise: 1 (3.6%)",1,9,0.11,0,0.11,0,3.89,2.67,1,9,4,2,-15.0,9,Electrode: 1,None,0,,0,"Damage: 0, Status: 0, Hazard: 0, Weather: 0, Cleric: 0, Screen: 0, Pass: 0",None
school_kid_m_billy_0331_Espeon,school_kid_m_billy_0331,ESPEON,None,0,1,0.0,0,0.0,0,1.0,1.0,0,0,0,0,0.0,1,None,None,0,,0,"Damage: 0, Status: 0, Hazard: 0, Weather: 0, Cleric: 0, Screen: 0, Pass: 0",None
school_kid_m_billy_0331_Exeggcute,school_kid_m_billy_0331,EXEGGCUTE,"Barrage: 6 (31.6%), Psychic: 6 (31.6%), Hypnosis: 4 (21.1%), Leech Seed: 1 (5.3%), Sleep Powder: 1 (5.3%), Confusion: 1 (5.3%)",4,5,0.8,0,0.8,0,6.2,2.6,3,2,1,0,8.5,5,Exeggcute: 4,None,0,,0,"Damage: 0, Status: 0, Hazard: 0, Weather: 0, Cleric: 0, Screen: 0, Pass: 0",None
school_kid_m_billy_0331_Farfetchd,school_kid_m_billy_0331,FARFETCHD,"Agility: 4 (57.1%), Air Slash: 2 (28.6%), Night Slash: 1 (14.3%)",1,4,0.25,0,0.25,0,2.2,1.2,0,1,0,0,-14.29,5,Farfetchd: 1,None,0,,0,"Damage: 0, Status: 0, Hazard: 0, Weather: 0, Cleric: 0, Screen: 0, Pass: 0",None
school_kid_m_billy_0331_Fearow,school_kid_m_billy_0331,FEAROW,"Assurance: 15 (34.1%), Roost: 11 (25.0%), Mirror Move: 9 (20.5%), Agility: 8 (18.2%), Aerial Ace: 1 (2.3%)",1,5,0.2,0,0.2,0,9.6,6.2,1,0,0,0,2.27,5,Fearow: 1,None,0,,0,"Damage: 0, Status: 0, Hazard: 0, Weather: 0, Cleric: 0, Screen: 0, Pass: 0",None
school_kid_m_billy_0331_Flaaffy,school_kid_m_billy_0331,FLAAFFY,"Charge: 6 (42.9%), Discharge: 5 (35.7%), Thunder Wave: 2 (14.3%), Cotton Spore: 1 (7.1%)",2,1,2.0,0,2.0,0,5.33,1.33,0,0,0,0,-6.43,3,Flaaffy: 2,None,0,,0,"Damage: 0, Status: 0, Hazard: 0, Weather: 0, Cleric: 0, Screen: 0, Pass: 0",None
school_kid_m_billy_0331_Flareon,school_kid_m_billy_0331,FLAREON,"Quick Attack: 4 (80.0%), Bite: 1 (20.0%)",2,4,0.5,0,0.5,0,1.8,1.4,0,0,0,0,0.0,5,Flareon: 2,None,0,,0,"Damage: 0, Status: 0, Hazard: 0, Weather: 0, Cleric: 0, Screen: 0, Pass: 0",None
school_kid_m_billy_0331_Gloom,school_kid_m_billy_0331,GLOOM,"Sludge Bomb: 4 (80.0%), Sweet Scent: 1 (20.0%)",2,2,1.0,0,1.0,0,3.5,3.0,0,0,0,1,8.0,2,Gloom: 2,None,0,,0,"Damage: 0, Status: 0, Hazard: 0, Weather: 0, Cleric: 0, Screen: 0, Pass: 0",None
school_kid_m_billy_0331_Golbat,school_kid_m_billy_0331,GOLBAT,"Air Cutter: 12 (57.1%), Poison Fang: 6 (28.6%), Mean Look: 2 (9.5%), Air Slash: 1 (4.8%)",6,7,0.86,0,0.86,0,2.64,2.0,2,1,0,3,11.9,11,"Golbat: 5, Vulpix: 1",None,1,,0,"Damage: 0, Status: 0, Hazard: 0, Weather: 0, Cleric: 0, Screen: 0, Pass: 0",None
school_kid_m_billy_0331_Goldeen,school_kid_m_billy_0331,GOLDEEN,Flail: 1 (100.0%),1,0,1.0,0,1.0,0,1.0,2.0,0,0,0,0,0.0,1,Goldeen: 1,None,0,,0,"Damage: 0, Status: 0, Hazard: 0, Weather: 0, Cleric: 0, Screen: 0, Pass: 0",None
school_kid_m_billy_0331_Golduck,school_kid_m_billy_0331,GOLDUCK,Zen Headbutt: 2 (100.0%),0,4,0.0,0,0.0,0,1.5,1.5,0,0,0,0,-20.0,4,None,None,0,,0,"Damage: 0, Status: 0, Hazard: 0, Weather: 0, Cleric: 0, Screen: 0, Pass: 0",None
school_kid_m_billy_0331_Golem,school_kid_m_billy_0331,GOLEM,"Earthquake: 5 (41.7%), Stone Edge: 3 (25.0%), Selfdestruct: 1 (8.3%), Sandstorm: 1 (8.3%), Double Edge: 1 (8.3%), Explosion: 1 (8.3%)",4,2,2.0,0,2.0,0,4.0,1.67,0,0,3,0,20.0,3,"Golem: 2, Sandslash: 1, Steelix: 1",None,0,,0,"Damage: 0, Status: 0, Hazard: 0, Weather: 0, Cleric: 0, Screen: 0, Pass: 0",None
school_kid_m_billy_0331_Granbull,school_kid_m_billy_0331,GRANBULL,None,0,2,0.0,0,0.0,0,1.0,1.0,0,0,0,0,0.0,2,None,None,0,,0,"Damage: 0, Status: 0, Hazard: 0, Weather: 0, Cleric: 0, Screen: 0, Pass: 0",None
school_kid_m_billy_0331_Graveler,school_kid_m_billy_0331,GRAVELER,"Earthquake: 3 (75.0%), Rollout: 1 (25.0%)",1,3,0.33,0,0.33,0,1.67,3.33,0,0,0,0,0.0,3,Graveler: 1,None,0,,0,"Damage: 0, Status: 0, Hazard: 0, Weather: 0, Cleric: 0, Screen: 0, Pass: 0",None
school_kid_m_billy_0331_Grimer,school_kid_m_billy_0331,GRIMER,"Sludge Bomb: 8 (66.7%), Gunk Shot: 2 (16.7%), Acid Armor: 1 (8.3%), Screech: 1 (8.3%)",2,2,1.0,0,1.0,0,7.0,3.5,0,1,1,4,14.62,2,Grimer: 2,None,0,,0,"Damage: 0, Status: 0, Hazard: 0, Weather: 0, Cleric: 0, Screen: 0, Pass: 0",None
school_kid_m_billy_0331_Growlithe,school_kid_m_billy_0331,GROWLITHE,None,0,2,0.0,0,0.0,0,1.0,1.0,0,0,0,0,0.0,2,None,None,0,,0,"Damage: 0, Status: 0, Hazard: 0, Weather: 0, Cleric: 0, Screen: 0, Pass: 0",None
school_kid_m_billy_0331_Gulpin,school_kid_m_billy_0331,GULPIN,"Sludge Bomb: 5 (83.3%), Gastro Acid: 1 (16.7%)",0,2,0.0,0,0.0,0,4.0,4.0,0,0,0,3,25.0,2,None,None,0,,0,"Damage: 0, Status: 0, Hazard: 0, Weather: 0, Cleric: 0, Screen: 0, Pass: 0",None
school_kid_m_billy_0331_Gyarados,school_kid_m_billy_0331,GYARADOS,"Ice Fang: 3 (37.5%), Twister: 3 (37.5%), Aqua Tail: 2 (25.0%)",2,1,2.0,0,2.0,0,3.0,1.0,0,0,0,1,7.5,3,Gyarados: 2,None,0,,0,"Damage: 0, Status: 0, Hazard: 0, Weather: 0, Cleric: 0, Screen: 0, Pass: 0",None
school_kid_m_billy_0331_Hitmonchan,school_kid_m_billy_0331,HITMONCHAN,"Vacuum Wave: 1 (50.0%), Thunder Punch: 1 (50.0%)",1,2,0.5,0,0.5,0,1.33,1.0,0,0,0,0,0.0,3,Hitmonchan: 1,None,0,,0,"Damage: 0, Status: 0, Hazard: 0, Weather: 0, Cleric: 0, Screen: 0, Pass: 0",None
school_kid_m_billy_0331_Hitmonlee,school_kid_m_billy_0331,HITMONLEE,None,0,2,0.0,0,0.0,0,1.0,1.0,0,0,0,0,0.0,2,None,None,0,,0,"Damage: 0, Status: 0, Hazard: 0, Weather: 0, Cleric: 0, Screen: 0, Pass: 0",None
school_kid_m_billy_0331_Hoppip,school_kid_m_billy_0331,HOPPIP,"Bounce: 4 (57.1%), Stun Spore: 2 (28.6%), U Turn: 1 (14.3%)",1,1,1.0,0,1.0,0,8.0,2.0,0,1,3,0,20.0,1,Hoppip: 1,None,0,,0,"Damage: 0, Status: 0, Hazard: 0, Weather: 0, Cleric: 0, Screen: 0, Pass: 0",None
school_kid_m_billy_0331_Hypno,school_kid_m_billy_0331,HYPNO,"Psybeam: 3 (50.0%), Psychic: 2 (33.3%), Psych Up: 1 (16.7%)",2,2,1.0,0,1.0,0,2.5,1.75,1,0,0,0,11.67,4,Hypno: 2,None,0,,0,"Damage: 0, Status: 0, Hazard: 0, Weather: 0, Cleric: 0, Screen: 0, Pass: 0",None
school_kid_m_billy_0331_Illumise,school_kid_m_billy_0331,ILLUMISE,"Bug Buzz: 1 (50.0%), Zen Headbutt: 1 (50.0%)",0,2,0.0,0,0.0,0,2.5,2.5,0,0,0,0,-15.0,2,None,None,0,,0,"Damage: 0, Status: 0, Hazard: 0, Weather: 0, Cleric: 0, Screen: 0, Pass: 0",None
school_kid_m_billy_0331_Jumpluff,school_kid_m_billy_0331,JUMPLUFF,None,0,1,0.0,0,0.0,0,2.0,1.0,0,0,0,0,0.0,1,None,None,0,,0,"Damage: 0, Status: 0, Hazard: 0, Weather: 0, Cleric: 0, Screen: 0, Pass: 0",None
school_kid_m_billy_0331_Kabutops,school_kid_m_billy_0331,KABUTOPS,"Slash: 1 (33.3%), Mega Drain: 1 (33.3%), Endure: 1 (33.3%)",0,1,0.0,0,0.0,0,4.0,4.0,0,0,0,0,0.0,1,None,None,0,,0,"Damage: 0, Status: 0, Hazard: 0, Weather: 0, Cleric: 0, Screen: 0, Pass: 0",None
school_kid_m_billy_0331_Kadabra,school_kid_m_billy_0331,KADABRA,"Psychic: 2 (66.7%), Psycho Cut: 1 (33.3%)",0,1,0.0,0,0.0,0,4.0,3.0,1,0,0,0,26.67,1,None,None,0,,0,"Damage: 0, Status: 0, Hazard: 0, Weather: 0, Cleric: 0, Screen: 0, Pass: 0",None
school_kid_m_billy_0331_Kingler,school_kid_m_billy_0331,KINGLER,"Guillotine: 9 (45.0%), Protect: 5 (25.0%), Stomp: 4 (20.0%), Bubble Beam: 2 (10.0%)",7,1,7.0,0,7.0,0,4.4,2.2,0,5,1,0,-19.05,5,"Kingler: 5, Flareon: 2",None,1,,0,"Damage: 0, Status: 0, Hazard: 0, Weather: 0, Cleric: 0, Screen: 0, Pass: 0",None
school_kid_m_billy_0331_Koffing,school_kid_m_billy_0331,KOFFING,"Gyro Ball: 11 (44.0%), Sludge Bomb: 7 (28.0%), Sludge: 4 (16.0%), Explosion: 3 (12.0%)",8,6,1.33,0,1.33,0,3.11,2.89,1,0,0,1,0.8,9,Koffing: 8,None,1,,0,"Damage: 0, Status: 0, Hazard: 0, Weather: 0, Cleric: 0, Screen: 0, Pass: 0",None
school_kid_m_billy_0331_Krabby,school_kid_m_billy_0331,KRABBY,"Slam: 2 (66.7%), Protect: 1 (33.3%)",0,1,0.0,0,0.0,0,4.0,2.0,0,2,1,0,-25.0,1,None,None,0,,0,"Damage: 0, Status: 0, Hazard: 0, Weather: 0, Cleric: 0, Screen: 0, Pass: 0",None
school_kid_m_billy_0331_Lanturn,school_kid_m_billy_0331,LANTURN,"Confuse Ray: 1 (50.0%), Signal Beam: 1 (50.0%)",0,1,0.0,0,0.0,0,3.0,1.0,0,0,0,0,-5.0,1,None,None,0,,0,"Damage: 0, Status: 0, Hazard: 0, Weather: 0, Cleric: 0, Screen: 0, Pass: 0",None
school_kid_m_billy_0331_Lapras,school_kid_m_billy_0331,LAPRAS,"Ice Beam: 3 (60.0%), Rain Dance: 1 (20.0%), Perish Song: 1 (20.0%)",1,1,1.0,0,1.0,0,5.0,3.0,0,0,0,0,-4.0,1,Lapras: 1,None,0,,0,"Damage: 0, Status: 0, Hazard: 0, Weather: 0, Cleric: 0, Screen: 0, Pass: 0",None
school_kid_m_billy_0331_Lickitung,school_kid_m_billy_0331,LICKITUNG,"Rollout: 4 (80.0%), Me First: 1 (20.0%)",0,1,0.0,0,0.0,0,5.0,1.0,1,1,0,0,0.0,1,None,None,0,,0,"Damage: 0, Status: 0, Hazard: 0, Weather: 0, Cleric: 0, Screen: 0, Pass: 0",None
school_kid_m_billy_0331_Linoone,school_kid_m_billy_0331,LINOONE,Slash: 1 (100.0%),0,2,0.0,0,0.0,0,1.5,1.0,0,1,0,0,-100.0,2,None,None,0,,0,"Damage: 0, Status: 0, Hazard: 0, Weather: 0, Cleric: 0, Screen: 0, Pass: 0",None
school_kid_m_billy_0331_Lotad,school_kid_m_billy_0331,LOTAD,Rain Dance: 1 (100.0%),0,0,0.0,0,0.0,0,2.0,1.0,0,0,0,0,0.0,1,None,None,0,,0,"Damage: 0, Status: 0, Hazard: 0, Weather: 0, Cleric: 0, Screen: 0, Pass: 0",None
school_kid_m_billy_0331_Machamp,school_kid_m_billy_0331,MACHAMP,"Scary Face: 5 (71.4%), Wake Up Slap: 1 (14.3%), Submission: 1 (14.3%)",0,2,0.0,0,0.0,0,4.5,2.0,0,0,0,0,0.0,2,None,None,0,,0,"Damage: 0, Status: 0, Hazard: 0, Weather: 0, Cleric: 0, Screen: 0, Pass: 0",None
school_kid_m_billy_0331_Machoke,school_kid_m_billy_0331,MACHOKE,"Revenge: 3 (60.0%), Focus Energy: 1 (20.0%), Seismic Toss: 1 (20.0%)",2,2,1.0,0,1.0,0,2.33,2.0,1,0,0,0,20.0,3,Machoke: 2,None,0,,0,"Damage: 0, Status: 0, Hazard: 0, Weather: 0, Cleric: 0, Screen: 0, Pass: 0",None
school_kid_m_billy_0331_Magcargo,school_kid_m_billy_0331,MAGCARGO,"Rock Slide: 5 (50.0%), Yawn: 3 (30.0%), Recover: 1 (10.0%), Amnesia: 1 (10.0%)",2,3,0.67,0,0.67,0,5.0,2.25,0,0,1,0,0.91,4,Magcargo: 2,None,0,,0,"Damage: 0, Status: 0, Hazard: 0, Weather: 0, Cleric: 0, Screen: 0, Pass: 0",None
school_kid_m_billy_0331_Magmar,school_kid_m_billy_0331,MAGMAR,"Fire Punch: 4 (40.0%), Flamethrower: 3 (30.0%), Lava Plume: 2 (20.0%), Fire Spin: 1 (10.0%)",2,4,0.5,0,0.5,0,2.14,2.0,0,0,0,2,9.0,7,"Magmar: 1, Sunflora: 1",None,0,,0,"Damage: 0, Status: 0, Hazard: 0, Weather: 0, Cleric: 0, Screen: 0, Pass: 0",None
school_kid_m_billy_0331_Magnemite,school_kid_m_billy_0331,MAGNEMITE,"Lock On: 5 (55.6%), Discharge: 3 (33.3%), Magnet Bomb: 1 (11.1%)",3,1,3.0,0,3.0,0,4.67,2.33,0,0,0,1,7.78,3,Magnemite: 3,None,0,,0,"Damage: 0, Status: 0, Hazard: 0, Weather: 0, Cleric: 0, Screen: 0, Pass: 0",None
school_kid_m_billy_0331_Magneton,school_kid_m_billy_0331,MAGNETON,"Magnet Bomb: 8 (29.6%), Lock On: 8 (29.6%), Gyro Ball: 3 (11.1%), Mirror Shot: 3 (11.1%), Discharge: 3 (11.1%), Thunder Wave: 1 (3.7%), Screech: 1 (3.7%)",2,3,0.67,0,0.67,0,9.5,5.25,0,5,3,0,-7.67,4,"Magneton: 1, Magnemite: 1",None,0,,0,"Damage: 0, Status: 0, Hazard: 0, Weather: 0, Cleric: 0, Screen: 0, Pass: 0",None
school_kid_m_billy_0331_Mareep,school_kid_m_billy_0331,MAREEP,"Cotton Spore: 1 (50.0%), Signal Beam: 1 (50.0%)",1,0,1.0,0,1.0,0,2.0,1.0,0,0,0,0,0.0,1,Mareep: 1,None,0,,0,"Damage: 0, Status: 0, Hazard: 0, Weather: 0, Cleric: 0, Screen: 0, Pass: 0",None
school_kid_m_billy_0331_Marill,school_kid_m_billy_0331,MARILL,"Double Edge: 3 (60.0%), Aqua Ring: 1 (20.0%), Aqua Tail: 1 (20.0%)",1,0,1.0,0,1.0,0,5.0,2.0,0,0,1,0,16.67,1,Marill: 1,None,0,,0,"Damage: 0, Status: 0, Hazard: 0, Weather: 0, Cleric: 0, Screen: 0, Pass: 0",None
school_kid_m_billy_0331_MrMime,school_kid_m_billy_0331,MR MIME,"Double Slap: 5 (50.0%), Psychic: 4 (40.0%), Substitute: 1 (10.0%)",0,1,0.0,0,0.0,0,11.0,5.0,0,3,1,0,-18.18,1,None,None,0,,0,"Damage: 0, Status: 0, Hazard: 0, Weather: 0, Cleric: 0, Screen: 0, Pass: 0",None
school_kid_m_billy_0331_Muk,school_kid_m_billy_0331,MUK,"Mud Bomb: 2 (66.7%), Sludge Bomb: 1 (33.3%)",2,0,2.0,0,2.0,0,3.0,2.0,1,0,0,0,23.33,1,"Muk: 1, Magnemite: 1",None,0,,0,"Damage: 0, Status: 0, Hazard: 0, Weather: 0, Cleric: 0, Screen: 0, Pass: 0",None
school_kid_m_billy_0331_Nidoking,school_kid_m_billy_0331,NIDOKING,None,0,1,0.0,0,0.0,0,1.0,1.0,0,0,0,0,0.0,1,None,None,0,,0,"Damage: 0, Status: 0, Hazard: 0, Weather: 0, Cleric: 0, Screen: 0, Pass: 0",None
school_kid_m_billy_0331_Nidoqueen,school_kid_m_billy_0331,NIDOQUEEN,"Poison Sting: 3 (75.0%), Body Slam: 1 (25.0%)",1,2,0.5,0,0.5,0,2.0,1.67,1,0,0,2,52.5,3,Nidoqueen: 1,None,0,,0,"Damage: 0, Status: 0, Hazard: 0, Weather: 0, Cleric: 0, Screen: 0, Pass: 0",None
school_kid_m_billy_0331_Nidorina,school_kid_m_billy_0331,NIDORINA,None,0,1,0.0,0,0.0,0,1.0,1.0,0,0,0,0,0.0,1,None,None,0,,0,"Damage: 0, Status: 0, Hazard: 0, Weather: 0, Cleric: 0, Screen: 0, Pass: 0",None
school_kid_m_billy_0331_Nidorino,school_kid_m_billy_0331,NIDORINO,"Horn Attack: 2 (40.0%), Poison Sting: 1 (20.0%), Fury Attack: 1 (20.0%), Poison Jab: 1 (20.0%)",0,2,0.0,0,0.0,0,3.5,4.0,0,1,0,0,-32.0,2,None,None,0,,0,"Damage: 0, Status: 0, Hazard: 0, Weather: 0, Cleric: 0, Screen: 0, Pass: 0",None
school_kid_m_billy_0331_Ninetales,school_kid_m_billy_0331,NINETALES,Quick Attack: 9 (100.0%),2,1,2.0,0,2.0,0,2.75,1.75,1,0,0,0,11.11,4,Ninetales: 2,None,0,,0,"Damage: 0, Status: 0, Hazard: 0, Weather: 0, Cleric: 0, Screen: 0, Pass: 0",None
school_kid_m_billy_0331_Noctowl,school_kid_m_billy_0331,NOCTOWL,"Air Slash: 3 (30.0%), Take Down: 2 (20.0%), Extrasensory: 2 (20.0%), Zen Headbutt: 1 (10.0%), Reflect: 1 (10.0%), Confusion: 1 (10.0%)",0,10,0.0,0,0.0,0,2.0,1.9,0,1,0,2,-4.0,10,None,None,0,,0,"Damage: 0, Status: 0, Hazard: 0, Weather: 0, Cleric: 0, Screen: 0, Pass: 0",None
school_kid_m_billy_0331_Numel,school_kid_m_billy_0331,NUMEL,Magnitude: 1 (100.0%),1,0,1.0,0,1.0,0,1.0,1.0,0,0,0,0,0.0,1,Numel: 1,None,0,,0,"Damage: 0, Status: 0, Hazard: 0, Weather: 0, Cleric: 0, Screen: 0, Pass: 0",None
school_kid_m_billy_0331_Octillery,school_kid_m_billy_0331,OCTILLERY,"Wring Out: 4 (33.3%), Bullet Seed: 3 (25.0%), Octazooka: 3 (25.0%), Focus Energy: 2 (16.7%)",3,4,0.75,0,0.75,0,3.0,3.6,2,1,1,0,11.54,5,"Octillery: 2, Remoraid: 1",None,1,,0,"Damage: 0, Status: 0, Hazard: 0, Weather: 0, Cleric: 0, Screen: 0, Pass: 0",None
school_kid_m_billy_0331_Paras,school_kid_m_billy_0331,PARAS,"Slash: 11 (78.6%), Giga Drain: 2 (14.3%), Spore: 1 (7.1%)",3,3,1.0,0,1.0,0,6.0,2.33,1,0,0,0,7.14,3,Paras: 3,None,0,,0,"Damage: 0, Status: 0, Hazard: 0, Weather: 0, Cleric: 0, Screen: 0, Pass: 0",None
school_kid_m_billy_0331_Parasect,school_kid_m_billy_0331,PARASECT,"Slash: 2998 (42.5%), Growth: 2131 (30.2%), Giga Drain: 981 (13.9%), Spore: 931 (13.2%), X Scissor: 4 (0.1%), Leech Life: 1 (0.0%), Struggle: 1 (0.0%)",1450,736,1.97,268,2.33,7,6.27,2.62,387,108,231,0,7.01,1333,"Magikarp: 57, Seaking: 38, Voltorb: 37","Magmar: 25, Graveler: 25, Butterfree: 23",220,65.64,0,"Damage: 256, Status: 106, Hazard: 0, Weather: 0, Cleric: 0, Screen: 0, Pass: 0",None
school_kid_m_billy_0331_Pidgeot,school_kid_m_billy_0331,PIDGEOT,"Wing Attack: 21 (25.6%), Roost: 20 (24.4%), Agility: 13 (15.9%), Feather Dance: 10 (12.2%), Steel Wing: 5 (6.1%), Return: 5 (6.1%), Struggle: 5 (6.1%), Tailwind: 2 (2.4%), Twister: 1 (1.2%)",2,7,0.29,0,0.29,0,11.0,5.25,4,8,18,0,13.8,8,Pidgeot: 2,None,0,,0,"Damage: 0, Status: 0, Hazard: 0, Weather: 0, Cleric: 0, Screen: 0, Pass: 0",None
school_kid_m_billy_0331_Pidgeotto,school_kid_m_billy_0331,PIDGEOTTO,None,0,2,0.0,0,0.0,0,1.0,1.0,0,0,0,0,0.0,2,None,None,0,,0,"Damage: 0, Status: 0, Hazard: 0, Weather: 0, Cleric: 0, Screen: 0, Pass: 0",None
school_kid_m_billy_0331_Pidgey,school_kid_m_billy_0331,PIDGEY,"Gust: 5 (45.5%), Quick Attack: 4 (36.4%), Whirlwind: 1 (9.1%), Sand Attack: 1 (9.1%)",3,0,3.0,0,3.0,0,11.0,6.0,1,3,0,0,-18.18,1,Pidgey: 3,None,1,,0,"Damage: 0, Status: 0, Hazard: 0, Weather: 0, Cleric: 0, Screen: 0, Pass: 0",None
school_kid_m_billy_0331_Pikachu,school_kid_m_billy_0331,PIKACHU,"Agility: 1 (50.0%), Discharge: 1 (50.0%)",0,2,0.0,0,0.0,0,1.5,1.5,0,0,0,0,-15.0,2,None,None,0,,0,"Damage: 0, Status: 0, Hazard: 0, Weather: 0, Cleric: 0, Screen: 0, Pass: 0",None
school_kid_m_billy_0331_Pinsir,school_kid_m_billy_0331,PINSIR,Thrash: 2 (100.0%),0,1,0.0,0,0.0,0,3.0,1.0,0,0,0,0,0.0,1,None,None,0,,0,"Damage: 0, Status: 0, Hazard: 0, Weather: 0, Cleric: 0, Screen: 0, Pass: 0",None
school_kid_m_billy_0331_Plusle,school_kid_m_billy_0331,PLUSLE,Copycat: 1 (100.0%),0,1,0.0,0,0.0,0,2.0,1.0,0,0,1,0,50.0,1,None,None,0,,0,"Damage: 0, Status: 0, Hazard: 0, Weather: 0, Cleric: 0, Screen: 0, Pass: 0",None
school_kid_m_billy_0331_Poliwhirl,school_kid_m_billy_0331,POLIWHIRL,"Body Slam: 740 (37.2%), Bubble Beam: 718 (36.1%), Mud Shot: 272 (13.7%), Belly Drum: 261 (13.1%)",373,585,0.64,155,0.9,0,3.93,1.72,106,34,94,423,8.09,768,"Magmar: 22, Koffing: 17, Growlithe: 12","Butterfree: 21, Azumarill: 17, Weezing: 16",47,35.42,0,"Damage: 155, Status: 49, Hazard: 0, Weather: 0, Cleric: 0, Screen: 0, Pass: 0",None
school_kid_m_billy_0331_Poliwrath,school_kid_m_billy_0331,POLIWRATH,"Hypnosis: 1 (33.3%), Bubble Beam: 1 (33.3%), Double Slap: 1 (33.3%)",1,0,1.0,0,1.0,0,3.0,3.0,0,1,0,0,-36.67,1,Poliwrath: 1,None,0,,0,"Damage: 0, Status: 0, Hazard: 0, Weather: 0, Cleric: 0, Screen: 0, Pass: 0",None
school_kid_m_billy_0331_Porygon,school_kid_m_billy_0331,PORYGON,None,0,1,0.0,0,0.0,0,1.0,1.0,0,0,0,0,0.0,1,None,None,0,,0,"Damage: 0, Status: 0, Hazard: 0, Weather: 0, Cleric: 0, Screen: 0, Pass: 0",None
school_kid_m_billy_0331_Primeape,school_kid_m_billy_0331,PRIMEAPE,"Rage: 6 (85.7%), Seismic Toss: 1 (14.3%)",2,6,0.33,0,0.33,0,2.33,1.33,1,0,1,0,25.0,6,Primeape: 2,None,0,,0,"Damage: 0, Status: 0, Hazard: 0, Weather: 0, Cleric: 0, Screen: 0, Pass: 0",None
school_kid_m_billy_0331_Psyduck,school_kid_m_billy_0331,PSYDUCK,None,0,1,0.0,0,0.0,0,1.0,1.0,0,0,0,0,0.0,1,None,None,0,,0,"Damage: 0, Status: 0, Hazard: 0, Weather: 0, Cleric: 0, Screen: 0, Pass: 0",None
school_kid_m_billy_0331_Quagsire,school_kid_m_billy_0331,QUAGSIRE,"Surf: 8 (57.1%), Rain Dance: 3 (21.4%), Amnesia: 1 (7.1%), Protect: 1 (7.1%), Earthquake: 1 (7.1%)",1,1,1.0,0,1.0,0,3.4,0.8,0,0,1,0,6.67,5,Quagsire: 1,None,0,,0,"Damage: 0, Status: 0, Hazard: 0, Weather: 0, Cleric: 0, Screen: 0, Pass: 0",None
school_kid_m_billy_0331_Qwilfish,school_kid_m_billy_0331,QWILFISH,"Revenge: 3 (75.0%), Pin Missile: 1 (25.0%)",0,1,0.0,0,0.0,0,5.0,5.0,1,0,0,0,25.0,1,None,None,0,,0,"Damage: 0, Status: 0, Hazard: 0, Weather: 0, Cleric: 0, Screen: 0, Pass: 0",None
school_kid_m_billy_0331_Rapidash,school_kid_m_billy_0331,RAPIDASH,"Ember: 1 (50.0%), Stomp: 1 (50.0%)",1,2,0.5,0,0.5,0,2.0,1.5,0,0,0,0,0.0,2,Rapidash: 1,None,0,,0,"Damage: 0, Status: 0, Hazard: 0, Weather: 0, Cleric: 0, Screen: 0, Pass: 0",None
school_kid_m_billy_0331_Raticate,school_kid_m_billy_0331,RATICATE,"Assurance: 6 (66.7%), Substitute: 1 (11.1%), Endeavor: 1 (11.1%), Super Fang: 1 (11.1%)",1,5,0.2,0,0.2,0,2.33,2.17,1,0,0,0,11.11,6,Raticate: 1,None,0,,0,"Damage: 0, Status: 0, Hazard: 0, Weather: 0, Cleric: 0, Screen: 0, Pass: 0",None
school_kid_m_billy_0331_Rhydon,school_kid_m_billy_0331,RHYDON,Hammer Arm: 1 (100.0%),0,2,0.0,0,0.0,0,1.0,2.0,0,0,0,0,0.0,2,None,None,0,,0,"Damage: 0, Status: 0, Hazard: 0, Weather: 0, Cleric: 0, Screen: 0, Pass: 0",None
school_kid_m_billy_0331_Sandslash,school_kid_m_billy_0331,SANDSLASH,"Rollout: 4 (40.0%), Crush Claw: 2 (20.0%), Fury Cutter: 2 (20.0%), Slash: 1 (10.0%), Sand Tomb: 1 (10.0%)",3,2,1.5,0,1.5,0,4.0,2.33,1,0,3,0,30.77,3,Sandslash: 3,None,0,,0,"Damage: 0, Status: 0, Hazard: 0, Weather: 0, Cleric: 0, Screen: 0, Pass: 0",None
school_kid_m_billy_0331_Seadra,school_kid_m_billy_0331,SEADRA,Bubble Beam: 2 (100.0%),1,1,1.0,0,1.0,0,1.5,0.5,1,0,0,0,45.0,2,Seadra: 1,None,0,,0,"Damage: 0, Status: 0, Hazard: 0, Weather: 0, Cleric: 0, Screen: 0, Pass: 0",None
school_kid_m_billy_0331_Seaking,school_kid_m_billy_0331,SEAKING,"Fury Attack: 4 (36.4%), Waterfall: 3 (27.3%), Aqua Ring: 3 (27.3%), Water Pulse: 1 (9.1%)",0,6,0.0,0,0.0,0,2.5,2.67,0,1,0,1,-7.27,6,None,None,0,,0,"Damage: 0, Status: 0, Hazard: 0, Weather: 0, Cleric: 0, Screen: 0, Pass: 0",None
school_kid_m_billy_0331_Seedot,school_kid_m_billy_0331,SEEDOT,Nature Power: 2 (100.0%),1,0,1.0,0,1.0,0,2.0,0.0,0,0,0,0,0.0,1,Seedot: 1,None,0,,0,"Damage: 0, Status: 0, Hazard: 0, Weather: 0, Cleric: 0, Screen: 0, Pass: 0",None
school_kid_m_billy_0331_Seviper,school_kid_m_billy_0331,SEVIPER,None,0,2,0.0,0,0.0,0,1.0,0.5,0,0,0,0,0.0,2,None,None,0,,0,"Damage: 0, Status: 0, Hazard: 0, Weather: 0, Cleric: 0, Screen: 0, Pass: 0",None
school_kid_m_billy_0331_Skarmory,school_kid_m_billy_0331,SKARMORY,Air Slash: 1 (100.0%),0,1,0.0,0,0.0,0,2.0,2.0,0,0,0,0,-30.0,1,None,None,0,,0,"Damage: 0, Status: 0, Hazard: 0, Weather: 0, Cleric: 0, Screen: 0, Pass: 0",None
school_kid_m_billy_0331_Slakoth,school_kid_m_billy_0331,SLAKOTH,Flail: 1 (100.0%),1,1,1.0,0,1.0,0,1.0,1.5,0,0,0,0,0.0,2,Slakoth: 1,None,0,,0,"Damage: 0, Status: 0, Hazard: 0, Weather: 0, Cleric: 0, Screen: 0, Pass: 0",None
school_kid_m_billy_0331_Slowbro,school_kid_m_billy_0331,SLOWBRO,"Psychic: 4 (80.0%), Yawn: 1 (20.0%)",0,2,0.0,0,0.0,0,5.0,3.0,1,0,0,1,32.0,2,None,None,0,,0,"Damage: 0, Status: 0, Hazard: 0, Weather: 0, Cleric: 0, Screen: 0, Pass: 0",None
school_kid_m_billy_0331_Slowking,school_kid_m_billy_0331,SLOWKING,"Surf: 3 (25.0%), Psychic: 3 (25.0%), Trick Room: 3 (25.0%), Flamethrower: 2 (16.7%), Zen Headbutt: 1 (8.3%)",0,3,0.0,0,0.0,0,4.67,2.67,0,0,0,2,10.83,3,None,None,0,,0,"Damage: 0, Status: 0, Hazard: 0, Weather: 0, Cleric: 0, Screen: 0, Pass: 0",None
school_kid_m_billy_0331_Snubbull,school_kid_m_billy_0331,SNUBBULL,"Rage: 2 (66.7%), Headbutt: 1 (33.3%)",0,0,0.0,0,0.0,0,3.0,3.0,0,0,0,0,-10.0,1,None,None,0,,0,"Damage: 0, Status: 0, Hazard: 0, Weather: 0, Cleric: 0, Screen: 0, Pass: 0",None
school_kid_m_billy_0331_Spinda,school_kid_m_billy_0331,SPINDA,"Trick Room: 5 (23.8%), Teeter Dance: 5 (23.8%), Flail: 5 (23.8%), Fake Out: 5 (23.8%), Struggle: 1 (4.8%)",0,1,0.0,0,0.0,0,22.0,3.0,1,0,0,0,4.76,1,None,None,0,,0,"Damage: 0, Status: 0, Hazard: 0, Weather: 0, Cleric: 0, Screen: 0, Pass: 0",None
school_kid_m_billy_0331_Squirtle,school_kid_m_billy_0331,SQUIRTLE,"Aqua Tail: 3 (50.0%), Skull Bash: 2 (33.3%), Rain Dance: 1 (16.7%)",0,1,0.0,0,0.0,0,6.0,3.0,0,1,0,0,-16.67,1,None,None,0,,0,"Damage: 0, Status: 0, Hazard: 0, Weather: 0, Cleric: 0, Screen: 0, Pass: 0",None
school_kid_m_billy_0331_Staryu,school_kid_m_billy_0331,STARYU,Swift: 2 (100.0%),0,1,0.0,0,0.0,0,3.0,3.0,0,0,0,0,0.0,1,None,None,0,,0,"Damage: 0, Status: 0, Hazard: 0, Weather: 0, Cleric: 0, Screen: 0, Pass: 0",None
school_kid_m_billy_0331_Steelix,school_kid_m_billy_0331,STEELIX,"Stone Edge: 5 (50.0%), Crunch: 2 (20.0%), Iron Tail: 2 (20.0%), Double Edge: 1 (10.0%)",0,2,0.0,0,0.0,0,5.5,5.5,2,1,0,0,0.0,2,None,None,0,,0,"Damage: 0, Status: 0, Hazard: 0, Weather: 0, Cleric: 0, Screen: 0, Pass: 0",None
school_kid_m_billy_0331_Sudowoodo,school_kid_m_billy_0331,SUDOWOODO,"Sucker Punch: 6 (66.7%), Rock Slide: 2 (22.2%), Stone Edge: 1 (11.1%)",1,5,0.2,0,0.2,0,2.0,2.8,1,0,0,0,7.78,5,Sudowoodo: 1,None,0,,0,"Damage: 0, Status: 0, Hazard: 0, Weather: 0, Cleric: 0, Screen: 0, Pass: 0",None
school_kid_m_billy_0331_Sunflora,school_kid_m_billy_0331,SUNFLORA,"Petal Dance: 10 (58.8%), Worry Seed: 4 (23.5%), Sunny Day: 2 (11.8%), Razor Leaf: 1 (5.9%)",3,4,0.75,0,0.75,0,3.17,2.5,2,0,1,0,16.67,6,"Sunflora: 2, Rapidash: 1",None,0,,0,"Damage: 0, Status: 0, Hazard: 0, Weather: 0, Cleric: 0, Screen: 0, Pass: 0",None
school_kid_m_billy_0331_Taillow,school_kid_m_billy_0331,TAILLOW,Double Team: 4 (100.0%),0,1,0.0,0,0.0,0,5.0,2.0,0,0,2,0,33.33,1,None,None,0,,0,"Damage: 0, Status: 0, Hazard: 0, Weather: 0, Cleric: 0, Screen: 0, Pass: 0",None
school_kid_m_billy_0331_Tangela,school_kid_m_billy_0331,TANGELA,Knock Off: 1 (100.0%),0,3,0.0,0,0.0,0,1.33,1.67,0,0,0,0,0.0,3,None,None,0,,0,"Damage: 0, Status: 0, Hazard: 0, Weather: 0, Cleric: 0, Screen: 0, Pass: 0",None
school_kid_m_billy_0331_Tangrowth,school_kid_m_billy_0331,TANGROWTH,"Ancient Power: 4 (80.0%), Stun Spore: 1 (20.0%)",0,2,0.0,0,0.0,0,3.0,2.5,0,0,1,1,26.67,2,None,None,0,,0,"Damage: 0, Status: 0, Hazard: 0, Weather: 0, Cleric: 0, Screen: 0, Pass: 0",None
school_kid_m_billy_0331_Tauros,school_kid_m_billy_0331,TAUROS,None,0,1,0.0,0,0.0,0,1.0,1.0,0,0,0,0,0.0,1,None,None,0,,0,"Damage: 0, Status: 0, Hazard: 0, Weather: 0, Cleric: 0, Screen: 0, Pass: 0",None
school_kid_m_billy_0331_Teddiursa,school_kid_m_billy_0331,TEDDIURSA,"Slash: 6 (28.6%), Rest: 5 (23.8%), Snore: 5 (23.8%), Charm: 5 (23.8%)",1,1,1.0,0,1.0,0,14.0,6.0,2,0,0,0,9.52,2,Teddiursa: 1,None,0,,0,"Damage: 0, Status: 0, Hazard: 0, Weather: 0, Cleric: 0, Screen: 0, Pass: 0",None
school_kid_m_billy_0331_Tentacruel,school_kid_m_billy_0331,TENTACRUEL,"Water Pulse: 21 (48.8%), Poison Jab: 13 (30.2%), Wrap: 5 (11.6%), Barrier: 4 (9.3%)",2,7,0.29,0,0.29,0,6.88,5.12,3,0,1,7,7.5,8,Tentacruel: 2,None,0,,0,"Damage: 0, Status: 0, Hazard: 0, Weather: 0, Cleric: 0, Screen: 0, Pass: 0",None
school_kid_m_billy_0331_Torkoal,school_kid_m_billy_0331,TORKOAL,"Iron Tail: 28 (41.8%), Body Slam: 24 (35.8%), Overheat: 8 (11.9%), Iron Defense: 7 (10.4%)",3,4,0.75,0,0.75,0,12.0,9.29,0,9,9,14,1.45,7,Torkoal: 3,None,1,,0,"Damage: 0, Status: 0, Hazard: 0, Weather: 0, Cleric: 0, Screen: 0, Pass: 0",None
school_kid_m_billy_0331_Umbreon,school_kid_m_billy_0331,UMBREON,None,0,1,0.0,0,0.0,0,1.0,1.0,0,0,0,0,0.0,1,None,None,0,,0,"Damage: 0, Status: 0, Hazard: 0, Weather: 0, Cleric: 0, Screen: 0, Pass: 0",None
school_kid_m_billy_0331_Ursaring,school_kid_m_billy_0331,URSARING,"Slash: 5 (29.4%), Rest: 5 (29.4%), Sweet Scent: 4 (23.5%), Scary Face: 3 (17.6%)",1,2,0.5,0,0.5,0,14.5,8.5,0,0,0,0,0.0,2,Ursaring: 1,None,0,,0,"Damage: 0, Status: 0, Hazard: 0, Weather: 0, Cleric: 0, Screen: 0, Pass: 0",None
school_kid_m_billy_0331_Vaporeon,school_kid_m_billy_0331,VAPOREON,Quick Attack: 2 (100.0%),0,1,0.0,0,0.0,0,2.0,2.0,0,0,0,0,0.0,1,None,None,0,,0,"Damage: 0, Status: 0, Hazard: 0, Weather: 0, Cleric: 0, Screen: 0, Pass: 0",None
school_kid_m_billy_0331_Venomoth,school_kid_m_billy_0331,VENOMOTH,Gust: 1 (100.0%),0,2,0.0,0,0.0,0,1.5,1.5,0,0,0,0,0.0,2,None,None,0,,0,"Damage: 0, Status: 0, Hazard: 0, Weather: 0, Cleric: 0, Screen: 0, Pass: 0",None
school_kid_m_billy_0331_Venusaur,school_kid_m_billy_0331,VENUSAUR,"Petal Dance: 2 (66.7%), Worry Seed: 1 (33.3%)",1,1,1.0,0,1.0,0,2.0,1.0,0,0,0,0,0.0,2,Venusaur: 1,None,0,,0,"Damage: 0, Status: 0, Hazard: 0, Weather: 0, Cleric: 0, Screen: 0, Pass: 0",None
school_kid_m_billy_0331_Victreebel,school_kid_m_billy_0331,VICTREEBEL,"Wrap: 3 (33.3%), Acid: 3 (33.3%), Protect: 1 (11.1%), Sludge Bomb: 1 (11.1%), Razor Leaf: 1 (11.1%)",1,5,0.2,0,0.2,0,2.33,2.17,1,1,0,0,-6.67,6,Victreebel: 1,None,0,,0,"Damage: 0, Status: 0, Hazard: 0, Weather: 0, Cleric: 0, Screen: 0, Pass: 0",None
school_kid_m_billy_0331_Vileplume,school_kid_m_billy_0331,VILEPLUME,"Stun Spore: 2 (66.7%), Giga Drain: 1 (33.3%)",0,1,0.0,0,0.0,0,4.0,3.0,0,0,0,0,0.0,1,None,None,0,,0,"Damage: 0, Status: 0, Hazard: 0, Weather: 0, Cleric: 0, Screen: 0, Pass: 0",None
school_kid_m_billy_0331_Volbeat,school_kid_m_billy_0331,VOLBEAT,"Zen Headbutt: 3 (37.5%), Bug Buzz: 3 (37.5%), Protect: 2 (25.0%)",0,2,0.0,0,0.0,0,5.5,2.0,0,1,0,0,-16.25,2,None,None,0,,0,"Damage: 0, Status: 0, Hazard: 0, Weather: 0, Cleric: 0, Screen: 0, Pass: 0",None
school_kid_m_billy_0331_Voltorb,school_kid_m_billy_0331,VOLTORB,"Swift: 2 (50.0%), Gyro Ball: 1 (25.0%), Magnet Rise: 1 (25.0%)",0,2,0.0,0,0.0,0,3.0,2.5,0,0,0,0,0.0,2,None,None,0,,0,"Damage: 0, Status: 0, Hazard: 0, Weather: 0, Cleric: 0, Screen: 0, Pass: 0",None
school_kid_m_billy_0331_Vulpix,school_kid_m_billy_0331,VULPIX,Tail Whip: 1 (100.0%),0,0,0.0,0,0.0,0,1.0,0.0,0,0,0,0,0.0,2,None,None,0,,0,"Damage: 0, Status: 0, Hazard: 0, Weather: 0, Cleric: 0, Screen: 0, Pass: 0",None
school_kid_m_billy_0331_Weepinbell,school_kid_m_billy_0331,WEEPINBELL,"Acid: 2 (66.7%), Gastro Acid: 1 (33.3%)",1,1,1.0,0,1.0,0,5.0,3.0,0,0,0,0,-3.33,1,Weepinbell: 1,None,0,,0,"Damage: 0, Status: 0, Hazard: 0, Weather: 0, Cleric: 0, Screen: 0, Pass: 0",None
school_kid_m_billy_0331_Weezing,school_kid_m_billy_0331,WEEZING,"Double Hit: 12 (36.4%), Sludge: 11 (33.3%), Sludge Bomb: 5 (15.2%), Thunder: 2 (6.1%), Selfdestruct: 2 (6.1%), Explosion: 1 (3.0%)",5,11,0.45,0,0.45,0,3.33,2.58,0,5,3,2,-10.83,12,Weezing: 5,None,0,,0,"Damage: 0, Status: 0, Hazard: 0, Weather: 0, Cleric: 0, Screen: 0, Pass: 0",None
school_kid_m_billy_0331_Xatu,school_kid_m_billy_0331,XATU,"Fly: 5 (41.7%), Wish: 2 (16.7%), Future Sight: 1 (8.3%), Confuse Ray: 1 (8.3%), Me First: 1 (8.3%), Psychic: 1 (8.3%), Night Shade: 1 (8.3%)",1,2,0.5,0,0.5,0,3.5,1.75,0,1,1,0,0.0,4,Xatu: 1,None,0,,0,"Damage: 0, Status: 0, Hazard: 0, Weather: 0, Cleric: 0, Screen: 0, Pass: 0",None
school_kid_m_billy_0331_Zigzagoon,school_kid_m_billy_0331,ZIGZAGOON,Return: 1 (100.0%),0,1,0.0,0,0.0,0,1.0,1.0,0,0,0,0,0.0,1,None,None,0,,0,"Damage: 0, Status: 0, Hazard: 0, Weather: 0, Cleric: 0, Screen: 0, Pass: 0",None
school_kid_m_billy_0640_Alakazam,school_kid_m_billy_0640,ALAKAZAM,None,0,1,0.0,0,0.0,0,1.0,2.0,0,0,0,0,0.0,1,None,None,0,,0,"Damage: 0, Status: 0, Hazard: 0, Weather: 0, Cleric: 0, Screen: 0, Pass: 0",None
school_kid_m_billy_0640_Ambipom,school_kid_m_billy_0640,AMBIPOM,None,0,1,0.0,0,0.0,0,1.0,1.0,0,0,0,0,0.0,1,None,None,0,,0,"Damage: 0, Status: 0, Hazard: 0, Weather: 0, Cleric: 0, Screen: 0, Pass: 0",None
school_kid_m_billy_0640_Ampharos,school_kid_m_billy_0640,AMPHAROS,"Thunder Wave: 2 (50.0%), Signal Beam: 1 (25.0%), Thunder: 1 (25.0%)",1,4,0.25,0,0.25,0,1.6,1.6,1,0,1,0,40.0,5,Ampharos: 1,None,0,,0,"Damage: 0, Status: 0, Hazard: 0, Weather: 0, Cleric: 0, Screen: 0, Pass: 0",None
school_kid_m_billy_0640_Arbok,school_kid_m_billy_0640,ARBOK,Glare: 1 (100.0%),0,1,0.0,0,0.0,0,2.0,1.0,0,0,0,0,0.0,1,None,None,0,,0,"Damage: 0, Status: 0, Hazard: 0, Weather: 0, Cleric: 0, Screen: 0, Pass: 0",None
school_kid_m_billy_0640_Arcanine,school_kid_m_billy_0640,ARCANINE,"Thunder Fang: 1 (50.0%), Fire Fang: 1 (50.0%)",0,4,0.0,0,0.0,0,1.5,1.5,0,1,0,0,-60.0,4,None,None,0,,0,"Damage: 0, Status: 0, Hazard: 0, Weather: 0, Cleric: 0, Screen: 0, Pass: 0",None
school_kid_m_billy_0640_Ariados,school_kid_m_billy_0640,ARIADOS,"Agility: 5 (35.7%), Sucker Punch: 4 (28.6%), Psychic: 2 (14.3%), Pin Missile: 1 (7.1%), Fury Swipes: 1 (7.1%), Spider Web: 1 (7.1%)",3,2,1.5,0,1.5,0,3.2,2.2,0,0,2,0,12.5,5,Ariados: 3,None,0,,0,"Damage: 0, Status: 0, Hazard: 0, Weather: 0, Cleric: 0, Screen: 0, Pass: 0",None
school_kid_m_billy_0640_Azumarill,school_kid_m_billy_0640,AZUMARILL,"Aqua Tail: 2 (66.7%), Aqua Ring: 1 (33.3%)",0,5,0.0,0,0.0,0,1.6,1.6,0,0,1,0,25.0,5,None,None,0,,0,"Damage: 0, Status: 0, Hazard: 0, Weather: 0, Cleric: 0, Screen: 0, Pass: 0",None
school_kid_m_billy_0640_Beedrill,school_kid_m_billy_0640,BEEDRILL,"Agility: 12 (42.9%), Assurance: 9 (32.1%), Poison Jab: 4 (14.3%), Endeavor: 3 (10.7%)",5,5,1.0,0,1.0,0,4.0,1.5,0,0,0,0,-2.14,8,"Beedrill: 3, Kakuna: 1, Butterfree: 1",None,0,,0,"Damage: 0, Status: 0, Hazard: 0, Weather: 0, Cleric: 0, Screen: 0, Pass: 0",None
school_kid_m_billy_0640_Bellossom,school_kid_m_billy_0640,BELLOSSOM,"Magical Leaf: 8 (40.0%), Sweet Scent: 7 (35.0%), Stun Spore: 3 (15.0%), Sunny Day: 2 (10.0%)",0,2,0.0,0,0.0,0,12.5,6.5,0,1,0,0,-5.0,2,None,None,0,,0,"Damage: 0, Status: 0, Hazard: 0, Weather: 0, Cleric: 0, Screen: 0, Pass: 0",None
school_kid_m_billy_0640_Budew,school_kid_m_billy_0640,BUDEW,"Stun Spore: 1 (25.0%), Giga Drain: 1 (25.0%), Nature Power: 1 (25.0%), Sludge Bomb: 1 (25.0%)",1,0,1.0,0,1.0,0,4.0,2.0,0,0,2,0,33.33,1,Budew: 1,None,0,,0,"Damage: 0, Status: 0, Hazard: 0, Weather: 0, Cleric: 0, Screen: 0, Pass: 0",None
school_kid_m_billy_0640_Bulbasaur,school_kid_m_billy_0640,BULBASAUR,"Razor Leaf: 4 (57.1%), Sleep Powder: 2 (28.6%), Sludge Bomb: 1 (14.3%)",2,2,1.0,0,1.0,0,3.0,1.33,2,1,0,0,10.0,3,"Bulbasaur: 1, Squirtle: 1",None,0,,0,"Damage: 0, Status: 0, Hazard: 0, Weather: 0, Cleric: 0, Screen: 0, Pass: 0",None
school_kid_m_billy_0640_Butterfree,school_kid_m_billy_0640,BUTTERFREE,"Bug Buzz: 20 (41.7%), Tailwind: 11 (22.9%), Safeguard: 9 (18.8%), Silver Wind: 5 (10.4%), Gust: 2 (4.2%), Whirlwind: 1 (2.1%)",4,11,0.36,0,0.36,0,4.62,2.92,2,0,1,2,5.51,13,Butterfree: 4,None,0,,0,"Damage: 0, Status: 0, Hazard: 0, Weather: 0, Cleric: 0, Screen: 0, Pass: 0",None
school_kid_m_billy_0640_Charmeleon,school_kid_m_billy_0640,CHARMELEON,"Flamethrower: 3 (75.0%), Scary Face: 1 (25.0%)",1,0,1.0,0,1.0,0,4.0,3.0,0,0,0,0,-5.0,1,Charmeleon: 1,None,0,,0,"Damage: 0, Status: 0, Hazard: 0, Weather: 0, Cleric: 0, Screen: 0, Pass: 0",None
school_kid_m_billy_0640_Chatot,school_kid_m_billy_0640,CHATOT,None,0,1,0.0,0,0.0,0,1.0,1.0,0,0,0,0,0.0,1,None,None,0,,0,"Damage: 0, Status: 0, Hazard: 0, Weather: 0, Cleric: 0, Screen: 0, Pass: 0",None
school_kid_m_billy_0640_Chinchou,school_kid_m_billy_0640,CHINCHOU,"Aqua Ring: 2 (33.3%), Bubble Beam: 2 (33.3%), Signal Beam: 2 (33.3%)",0,2,0.0,0,0.0,0,4.0,4.0,0,0,0,0,-6.67,2,None,None,0,,0,"Damage: 0, Status: 0, Hazard: 0, Weather: 0, Cleric: 0, Screen: 0, Pass: 0",None
school_kid_m_billy_0640_Clefairy,school_kid_m_billy_0640,CLEFAIRY,Meteor Mash: 1 (100.0%),1,0,1.0,0,1.0,0,1.0,1.0,0,0,0,1,80.0,1,Clefairy: 1,None,0,,0,"Damage: 0, Status: 0, Hazard: 0, Weather: 0, Cleric: 0, Screen: 0, Pass: 0",None
school_kid_m_billy_0640_Cloyster,school_kid_m_billy_0640,CLOYSTER,"Protect: 4 (26.7%), Aurora Beam: 4 (26.7%), Spike Cannon: 4 (26.7%), Spikes: 3 (20.0%)",1,4,0.25,0,0.25,0,3.6,3.2,0,0,0,0,-1.33,5,Cloyster: 1,None,0,,0,"Damage: 0, Status: 0, Hazard: 0, Weather: 0, Cleric: 0, Screen: 0, Pass: 0",None
school_kid_m_billy_0640_Corsola,school_kid_m_billy_0640,CORSOLA,"Rock Blast: 2 (50.0%), Bubble Beam: 1 (25.0%), Ancient Power: 1 (25.0%)",2,0,2.0,0,2.0,0,4.0,2.0,0,0,0,0,-5.0,1,Corsola: 2,None,0,,0,"Damage: 0, Status: 0, Hazard: 0, Weather: 0, Cleric: 0, Screen: 0, Pass: 0",None
school_kid_m_billy_0640_Crobat,school_kid_m_billy_0640,CROBAT,"Air Cutter: 4 (44.4%), Mean Look: 2 (22.2%), Poison Fang: 2 (22.2%), Confuse Ray: 1 (11.1%)",0,2,0.0,0,0.0,0,6.0,4.5,1,0,0,1,15.56,2,None,None,0,,0,"Damage: 0, Status: 0, Hazard: 0, Weather: 0, Cleric: 0, Screen: 0, Pass: 0",None
school_kid_m_billy_0640_Ditto,school_kid_m_billy_0640,DITTO,Transform: 390 (100.0%),0,142,0.0,21,0.15,0,2.01,0.56,0,0,19,0,4.65,528,None,"Butterfree: 20, Seaking: 12, Tentacruel: 11",0,,1,"Damage: 21, Status: 1, Hazard: 0, Weather: 0, Cleric: 0, Screen: 0, Pass: 0",None
school_kid_m_billy_0640_Dragonair,school_kid_m_billy_0640,DRAGONAIR,"Agility: 3 (42.9%), Aqua Tail: 2 (28.6%), Dragon Rage: 1 (14.3%), Slam: 1 (14.3%)",2,6,0.33,0,0.33,0,1.38,1.12,0,1,1,0,0.0,8,Dragonair: 2,None,0,,0,"Damage: 0, Status: 0, Hazard: 0, Weather: 0, Cleric: 0, Screen: 0, Pass: 0",None
school_kid_m_billy_0640_Dratini,school_kid_m_billy_0640,DRATINI,"Aqua Tail: 4 (44.4%), Dragon Rush: 2 (22.2%), Slam: 1 (11.1%), Twister: 1 (11.1%), Headbutt: 1 (11.1%)",6,3,2.0,0,2.0,0,1.8,1.0,2,2,0,0,0.0,5,Dratini: 6,None,1,,0,"Damage: 0, Status: 0, Hazard: 0, Weather: 0, Cleric: 0, Screen: 0, Pass: 0",None
school_kid_m_billy_0640_Dugtrio,school_kid_m_billy_0640,DUGTRIO,None,0,1,0.0,0,0.0,0,0.33,0.33,0,0,2,0,100.0,3,None,None,0,,0,"Damage: 0, Status: 0, Hazard: 0, Weather: 0, Cleric: 0, Screen: 0, Pass: 0",None
school_kid_m_billy_0640_Electabuzz,school_kid_m_billy_0640,ELECTABUZZ,"Swift: 2 (33.3%), Thunder Punch: 2 (33.3%), Light Screen: 1 (16.7%), Quick Attack: 1 (16.7%)",2,2,1.0,0,1.0,0,1.75,1.75,0,1,0,0,-18.33,4,Electabuzz: 2,None,0,,0,"Damage: 0, Status: 0, Hazard: 0, Weather: 0, Cleric: 0, Screen: 0, Pass: 0",None
school_kid_m_billy_0640_Electrode,school_kid_m_billy_0640,ELECTRODE,"Swift: 7 (23.3%), Shock Wave: 6 (20.0%), Magnet Rise: 4 (13.3%), Thunder: 3 (10.0%), Double Team: 3 (10.0%), Light Screen: 2 (6.7%), Charge Beam: 2 (6.7%), Rollout: 1 (3.3%), Selfdestruct: 1 (3.3%), Thunder Wave: 1 (3.3%)",2,8,0.25,0,0.25,0,3.7,2.4,0,1,1,2,1.94,10,Electrode: 2,None,0,,0,"Damage: 0, Status: 0, Hazard: 0, Weather: 0, Cleric: 0, Screen: 0, Pass: 0",None
school_kid_m_billy_0640_Exeggcute,school_kid_m_billy_0640,EXEGGCUTE,"Hypnosis: 6 (42.9%), Psychic: 5 (35.7%), Barrage: 2 (14.3%), Sleep Powder: 1 (7.1%)",2,6,0.33,0,0.33,0,5.33,3.5,2,3,1,0,-2.0,6,Exeggcute: 2,None,0,,0,"Damage: 0, Status: 0, Hazard: 0, Weather: 0, Cleric: 0, Screen: 0, Pass: 0",None
school_kid_m_billy_0640_Exeggutor,school_kid_m_billy_0640,EXEGGUTOR,"Psychic: 4 (26.7%), Egg Bomb: 3 (20.0%), Hypnosis: 3 (20.0%), Wood Hammer: 2 (13.3%), Confusion: 1 (6.7%), Light Screen: 1 (6.7%), Giga Drain: 1 (6.7%)",4,0,4.0,0,4.0,0,5.67,2.33,2,0,3,0,26.11,3,"Exeggutor: 3, Exeggcute: 1",None,0,,0,"Damage: 0, Status: 0, Hazard: 0, Weather: 0, Cleric: 0, Screen: 0, Pass: 0",None
school_kid_m_billy_0640_Farfetchd,school_kid_m_billy_0640,FARFETCHD,"Feint: 3 (50.0%), Agility: 1 (16.7%), Air Slash: 1 (16.7%), Night Slash: 1 (16.7%)",1,6,0.17,0,0.17,0,1.71,1.43,0,0,0,0,0.0,7,Farfetchd: 1,None,0,,0,"Damage: 0, Status: 0, Hazard: 0, Weather: 0, Cleric: 0, Screen: 0, Pass: 0",None
school_kid_m_billy_0640_Fearow,school_kid_m_billy_0640,FEAROW,"Roost: 13 (41.9%), Agility: 7 (22.6%), Drill Peck: 7 (22.6%), Assurance: 4 (12.9%)",2,4,0.5,0,0.5,0,6.8,5.2,1,0,0,0,3.23,5,Fearow: 2,None,0,,0,"Damage: 0, Status: 0, Hazard: 0, Weather: 0, Cleric: 0, Screen: 0, Pass: 0",None
school_kid_m_billy_0640_Flaaffy,school_kid_m_billy_0640,FLAAFFY,"Discharge: 16 (32.0%), Cotton Spore: 13 (26.0%), Charge: 9 (18.0%), Thunder Wave: 6 (12.0%), Double Team: 3 (6.0%), Shock Wave: 2 (4.0%), Charge Beam: 1 (2.0%)",6,2,3.0,0,3.0,0,9.14,2.71,0,4,3,4,-2.45,7,"Flaaffy: 5, Electrike: 1",None,1,,0,"Damage: 0, Status: 0, Hazard: 0, Weather: 0, Cleric: 0, Screen: 0, Pass: 0",None
school_kid_m_billy_0640_Flareon,school_kid_m_billy_0640,FLAREON,None,0,1,0.0,0,0.0,0,1.0,1.0,0,0,0,0,0.0,1,None,None,0,,0,"Damage: 0, Status: 0, Hazard: 0, Weather: 0, Cleric: 0, Screen: 0, Pass: 0",None
school_kid_m_billy_0640_Girafarig,school_kid_m_billy_0640,GIRAFARIG,Assurance: 1 (100.0%),1,0,1.0,0,1.0,0,1.0,1.0,1,0,0,0,100.0,1,Girafarig: 1,None,0,,0,"Damage: 0, Status: 0, Hazard: 0, Weather: 0, Cleric: 0, Screen: 0, Pass: 0",None
school_kid_m_billy_0640_Gloom,school_kid_m_billy_0640,GLOOM,Sludge Bomb: 2 (100.0%),1,2,0.5,0,0.5,0,1.5,2.0,1,0,0,0,35.0,2,Gloom: 1,None,0,,0,"Damage: 0, Status: 0, Hazard: 0, Weather: 0, Cleric: 0, Screen: 0, Pass: 0",None
school_kid_m_billy_0640_Golbat,school_kid_m_billy_0640,GOLBAT,"Air Cutter: 12 (57.1%), Poison Fang: 4 (19.0%), Mean Look: 3 (14.3%), Air Slash: 1 (4.8%), Confuse Ray: 1 (4.8%)",3,6,0.5,0,0.5,0,3.5,2.88,4,0,0,1,16.67,8,Golbat: 3,None,0,,0,"Damage: 0, Status: 0, Hazard: 0, Weather: 0, Cleric: 0, Screen: 0, Pass: 0",None
school_kid_m_billy_0640_Golduck,school_kid_m_billy_0640,GOLDUCK,"Zen Headbutt: 3 (50.0%), Fury Swipes: 2 (33.3%), Psych Up: 1 (16.7%)",3,4,0.75,0,0.75,0,2.5,2.5,0,0,0,2,26.67,4,Golduck: 3,None,1,,0,"Damage: 0, Status: 0, Hazard: 0, Weather: 0, Cleric: 0, Screen: 0, Pass: 0",None
school_kid_m_billy_0640_Golem,school_kid_m_billy_0640,GOLEM,"Rollout: 5 (83.3%), Earthquake: 1 (16.7%)",0,4,0.0,0,0.0,0,2.67,4.33,0,0,0,0,0.0,3,None,None,0,,0,"Damage: 0, Status: 0, Hazard: 0, Weather: 0, Cleric: 0, Screen: 0, Pass: 0",None
school_kid_m_billy_0640_Granbull,school_kid_m_billy_0640,GRANBULL,"Headbutt: 2 (50.0%), Payback: 1 (25.0%), Take Down: 1 (25.0%)",2,1,2.0,0,2.0,0,1.67,1.0,0,0,0,1,17.5,3,Granbull: 2,None,0,,0,"Damage: 0, Status: 0, Hazard: 0, Weather: 0, Cleric: 0, Screen: 0, Pass: 0",None
school_kid_m_billy_0640_Graveler,school_kid_m_billy_0640,GRAVELER,"Rollout: 1 (33.3%), Rock Blast: 1 (33.3%), Earthquake: 1 (33.3%)",1,2,0.5,0,0.5,0,2.0,2.5,1,0,0,0,33.33,2,Graveler: 1,None,0,,0,"Damage: 0, Status: 0, Hazard: 0, Weather: 0, Cleric: 0, Screen: 0, Pass: 0",None
school_kid_m_billy_0640_Grimer,school_kid_m_billy_0640,GRIMER,Gunk Shot: 2 (100.0%),0,1,0.0,0,0.0,0,2.0,3.0,0,1,0,0,-65.0,1,None,None,0,,0,"Damage: 0, Status: 0, Hazard: 0, Weather: 0, Cleric: 0, Screen: 0, Pass: 0",None
school_kid_m_billy_0640_Growlithe,school_kid_m_billy_0640,GROWLITHE,"Agility: 1 (50.0%), Heat Wave: 1 (50.0%)",0,2,0.0,0,0.0,0,1.5,1.5,0,0,0,0,-5.0,2,None,None,0,,0,"Damage: 0, Status: 0, Hazard: 0, Weather: 0, Cleric: 0, Screen: 0, Pass: 0",None
school_kid_m_billy_0640_Gulpin,school_kid_m_billy_0640,GULPIN,"Stockpile: 5 (41.7%), Sludge Bomb: 4 (33.3%), Spit Up: 3 (25.0%)",1,1,1.0,0,1.0,0,6.0,3.0,0,0,0,0,-7.5,2,Gulpin: 1,None,0,,0,"Damage: 0, Status: 0, Hazard: 0, Weather: 0, Cleric: 0, Screen: 0, Pass: 0",None
school_kid_m_billy_0640_Gyarados,school_kid_m_billy_0640,GYARADOS,"Hydro Pump: 9 (29.0%), Dragon Dance: 9 (29.0%), Aqua Tail: 3 (9.7%), Hyper Beam: 3 (9.7%), Ice Fang: 2 (6.5%), Rain Dance: 2 (6.5%), Dragon Rage: 2 (6.5%), Leer: 1 (3.2%)",6,6,1.0,0,1.0,0,6.5,3.33,0,2,1,0,-3.75,6,"Gyarados: 3, Lickitung: 2, Nidorino: 1",None,1,,0,"Damage: 0, Status: 0, Hazard: 0, Weather: 0, Cleric: 0, Screen: 0, Pass: 0",None
school_kid_m_billy_0640_Hitmonchan,school_kid_m_billy_0640,HITMONCHAN,"Ice Punch: 1 (50.0%), Thunder Punch: 1 (50.0%)",1,1,1.0,0,1.0,0,1.5,1.5,0,0,0,0,-5.0,2,Hitmonchan: 1,None,0,,0,"Damage: 0, Status: 0, Hazard: 0, Weather: 0, Cleric: 0, Screen: 0, Pass: 0",None
school_kid_m_billy_0640_Hoppip,school_kid_m_billy_0640,HOPPIP,"Bounce: 5 (38.5%), U Turn: 4 (30.8%), Stun Spore: 3 (23.1%), Giga Drain: 1 (7.7%)",2,2,1.0,0,1.0,0,7.0,3.0,0,1,2,0,6.67,2,"Hoppip: 1, Skiploom: 1",None,0,,0,"Damage: 0, Status: 0, Hazard: 0, Weather: 0, Cleric: 0, Screen: 0, Pass: 0",None
school_kid_m_billy_0640_Hypno,school_kid_m_billy_0640,HYPNO,"Psybeam: 9 (37.5%), Psychic: 8 (33.3%), Psych Up: 2 (8.3%), Nasty Plot: 2 (8.3%), Hypnosis: 2 (8.3%), Swagger: 1 (4.2%)",3,4,0.75,0,0.75,0,5.33,2.33,1,0,1,0,2.4,6,Hypno: 3,None,0,,0,"Damage: 0, Status: 0, Hazard: 0, Weather: 0, Cleric: 0, Screen: 0, Pass: 0",None
school_kid_m_billy_0640_Illumise,school_kid_m_billy_0640,ILLUMISE,"Zen Headbutt: 2 (66.7%), Bug Buzz: 1 (33.3%)",2,1,2.0,0,2.0,0,1.33,0.67,0,0,1,0,20.0,3,Illumise: 2,None,0,,0,"Damage: 0, Status: 0, Hazard: 0, Weather: 0, Cleric: 0, Screen: 0, Pass: 0",None
school_kid_m_billy_0640_Ivysaur,school_kid_m_billy_0640,IVYSAUR,None,0,1,0.0,0,0.0,0,1.0,2.0,0,0,0,0,0.0,1,None,None,0,,0,"Damage: 0, Status: 0, Hazard: 0, Weather: 0, Cleric: 0, Screen: 0, Pass: 0",None
school_kid_m_billy_0640_Jolteon,school_kid_m_billy_0640,JOLTEON,"Double Team: 5 (17.2%), Thunder Wave: 5 (17.2%), Last Resort: 5 (17.2%), Thunderbolt: 5 (17.2%), Quick Attack: 4 (13.8%), Shock Wave: 3 (10.3%), Struggle: 2 (6.9%)",3,1,3.0,0,3.0,0,20.5,3.0,3,2,15,0,36.36,2,"Jolteon: 2, Voltorb: 1",None,0,,0,"Damage: 0, Status: 0, Hazard: 0, Weather: 0, Cleric: 0, Screen: 0, Pass: 0",None
school_kid_m_billy_0640_Jumpluff,school_kid_m_billy_0640,JUMPLUFF,"Cotton Spore: 1 (50.0%), U Turn: 1 (50.0%)",0,0,0.0,0,0.0,0,2.0,2.0,0,1,0,0,-50.0,1,None,None,0,,0,"Damage: 0, Status: 0, Hazard: 0, Weather: 0, Cleric: 0, Screen: 0, Pass: 0",None
school_kid_m_billy_0640_Kadabra,school_kid_m_billy_0640,KADABRA,"Psychic: 2 (50.0%), Psycho Cut: 1 (25.0%), Recover: 1 (25.0%)",1,1,1.0,0,1.0,0,2.5,2.0,0,0,1,0,18.0,2,Psyduck: 1,None,0,,0,"Damage: 0, Status: 0, Hazard: 0, Weather: 0, Cleric: 0, Screen: 0, Pass: 0",None
school_kid_m_billy_0640_Kingler,school_kid_m_billy_0640,KINGLER,"Protect: 6 (40.0%), Guillotine: 3 (20.0%), Stomp: 3 (20.0%), Bubble Beam: 2 (13.3%), Metal Claw: 1 (6.7%)",2,2,1.0,0,1.0,0,6.0,4.0,0,4,2,0,-12.35,3,Kingler: 2,None,0,,0,"Damage: 0, Status: 0, Hazard: 0, Weather: 0, Cleric: 0, Screen: 0, Pass: 0",None
school_kid_m_billy_0640_Koffing,school_kid_m_billy_0640,KOFFING,"Sludge Bomb: 3 (42.9%), Gyro Ball: 2 (28.6%), Explosion: 2 (28.6%)",3,3,1.0,0,1.0,0,2.33,2.33,0,0,0,0,-8.57,3,Koffing: 3,None,1,,0,"Damage: 0, Status: 0, Hazard: 0, Weather: 0, Cleric: 0, Screen: 0, Pass: 0",None
school_kid_m_billy_0640_Lanturn,school_kid_m_billy_0640,LANTURN,Confuse Ray: 1 (100.0%),0,1,0.0,0,0.0,0,3.0,1.0,0,0,0,0,0.0,1,None,None,0,,0,"Damage: 0, Status: 0, Hazard: 0, Weather: 0, Cleric: 0, Screen: 0, Pass: 0",None
school_kid_m_billy_0640_Lapras,school_kid_m_billy_0640,LAPRAS,"Ice Beam: 1 (50.0%), Perish Song: 1 (50.0%)",0,1,0.0,0,0.0,0,3.0,2.0,0,0,0,0,-5.0,1,None,None,0,,0,"Damage: 0, Status: 0, Hazard: 0, Weather: 0, Cleric: 0, Screen: 0, Pass: 0",None
school_kid_m_billy_0640_Machamp,school_kid_m_billy_0640,MACHAMP,"Scary Face: 4 (57.1%), Revenge: 1 (14.3%), Dynamic Punch: 1 (14.3%), Cross Chop: 1 (14.3%)",1,3,0.33,0,0.33,0,2.5,1.5,0,0,1,1,12.5,4,Machamp: 1,None,0,,0,"Damage: 0, Status: 0, Hazard: 0, Weather: 0, Cleric: 0, Screen: 0, Pass: 0",None
school_kid_m_billy_0640_Machoke,school_kid_m_billy_0640,MACHOKE,"Seismic Toss: 2 (40.0%), Karate Chop: 1 (20.0%), Revenge: 1 (20.0%), Cross Chop: 1 (20.0%)",2,2,1.0,0,1.0,0,1.5,2.0,0,0,0,0,0.0,4,Machoke: 2,None,0,,0,"Damage: 0, Status: 0, Hazard: 0, Weather: 0, Cleric: 0, Screen: 0, Pass: 0",None
school_kid_m_billy_0640_Magcargo,school_kid_m_billy_0640,MAGCARGO,"Ancient Power: 6 (54.5%), Lava Plume: 3 (27.3%), Body Slam: 1 (9.1%), Rock Slide: 1 (9.1%)",2,1,2.0,0,2.0,0,3.67,2.33,1,1,0,2,1.82,3,Magcargo: 2,None,0,,0,"Damage: 0, Status: 0, Hazard: 0, Weather: 0, Cleric: 0, Screen: 0, Pass: 0",None
school_kid_m_billy_0640_Magmar,school_kid_m_billy_0640,MAGMAR,"Fire Punch: 5 (27.8%), Flamethrower: 5 (27.8%), Fire Spin: 3 (16.7%), Lava Plume: 2 (11.1%), Smoke Screen: 1 (5.6%), Faint Attack: 1 (5.6%), Confuse Ray: 1 (5.6%)",5,6,0.83,0,0.83,0,3.0,2.38,0,1,1,0,-6.32,8,"Magmar: 4, Sunflora: 1",None,0,,0,"Damage: 0, Status: 0, Hazard: 0, Weather: 0, Cleric: 0, Screen: 0, Pass: 0",None
school_kid_m_billy_0640_Magnemite,school_kid_m_billy_0640,MAGNEMITE,"Lock On: 4 (28.6%), Discharge: 4 (28.6%), Thunder Wave: 3 (21.4%), Magnet Bomb: 2 (14.3%), Shock Wave: 1 (7.1%)",2,3,0.67,0,0.67,0,5.0,2.5,0,0,0,0,-6.43,4,Magnemite: 2,None,0,,0,"Damage: 0, Status: 0, Hazard: 0, Weather: 0, Cleric: 0, Screen: 0, Pass: 0",None
school_kid_m_billy_0640_Magneton,school_kid_m_billy_0640,MAGNETON,"Lock On: 9 (40.9%), Spark: 8 (36.4%), Magnet Bomb: 4 (18.2%), Discharge: 1 (4.5%)",3,1,3.0,0,3.0,0,8.0,4.33,1,0,0,2,5.45,3,Magneton: 3,None,0,,0,"Damage: 0, Status: 0, Hazard: 0, Weather: 0, Cleric: 0, Screen: 0, Pass: 0",None
school_kid_m_billy_0640_Mantine,school_kid_m_billy_0640,MANTINE,None,0,1,0.0,0,0.0,0,2.0,2.0,0,0,0,0,0.0,1,None,None,0,,0,"Damage: 0, Status: 0, Hazard: 0, Weather: 0, Cleric: 0, Screen: 0, Pass: 0",None
school_kid_m_billy_0640_Marill,school_kid_m_billy_0640,MARILL,"Aqua Ring: 1 (33.3%), Aqua Tail: 1 (33.3%), Double Edge: 1 (33.3%)",0,1,0.0,0,0.0,0,3.0,3.0,0,1,0,0,-33.33,1,None,None,0,,0,"Damage: 0, Status: 0, Hazard: 0, Weather: 0, Cleric: 0, Screen: 0, Pass: 0",None
school_kid_m_billy_0640_Meditite,school_kid_m_billy_0640,MEDITITE,Hi Jump Kick: 1 (100.0%),0,1,0.0,0,0.0,0,3.0,2.0,0,0,1,0,50.0,1,None,None,0,,0,"Damage: 0, Status: 0, Hazard: 0, Weather: 0, Cleric: 0, Screen: 0, Pass: 0",None
school_kid_m_billy_0640_Muk,school_kid_m_billy_0640,MUK,"Sludge Bomb: 11 (45.8%), Mud Bomb: 10 (41.7%), Screech: 2 (8.3%), Acid Armor: 1 (4.2%)",3,4,0.75,0,0.75,0,5.0,4.0,1,5,2,8,6.92,5,Muk: 3,None,1,,0,"Damage: 0, Status: 0, Hazard: 0, Weather: 0, Cleric: 0, Screen: 0, Pass: 0",None
school_kid_m_billy_0640_Nidoking,school_kid_m_billy_0640,NIDOKING,"Thrash: 2 (66.7%), Megahorn: 1 (33.3%)",1,2,0.5,0,0.5,0,2.5,2.0,0,0,0,0,0.0,2,Nidoking: 1,None,0,,0,"Damage: 0, Status: 0, Hazard: 0, Weather: 0, Cleric: 0, Screen: 0, Pass: 0",None
school_kid_m_billy_0640_Nidoqueen,school_kid_m_billy_0640,NIDOQUEEN,"Body Slam: 1 (33.3%), Double Kick: 1 (33.3%), Earth Power: 1 (33.3%)",1,0,1.0,0,1.0,0,3.0,4.0,0,0,0,1,23.33,1,Nidoqueen: 1,None,0,,0,"Damage: 0, Status: 0, Hazard: 0, Weather: 0, Cleric: 0, Screen: 0, Pass: 0",None
school_kid_m_billy_0640_Ninetales,school_kid_m_billy_0640,NINETALES,"Quick Attack: 11 (50.0%), Confuse Ray: 5 (22.7%), Will O Wisp: 4 (18.2%), Nasty Plot: 2 (9.1%)",1,3,0.33,0,0.33,0,5.17,1.67,1,0,0,0,4.55,6,Ninetales: 1,None,0,,0,"Damage: 0, Status: 0, Hazard: 0, Weather: 0, Cleric: 0, Screen: 0, Pass: 0",None
school_kid_m_billy_0640_Noctowl,school_kid_m_billy_0640,NOCTOWL,"Take Down: 3 (42.9%), Air Slash: 2 (28.6%), Zen Headbutt: 1 (14.3%), Extrasensory: 1 (14.3%)",3,5,0.6,0,0.6,0,1.5,1.38,0,1,1,0,-7.5,8,Noctowl: 3,None,0,,0,"Damage: 0, Status: 0, Hazard: 0, Weather: 0, Cleric: 0, Screen: 0, Pass: 0",None
school_kid_m_billy_0640_Octillery,school_kid_m_billy_0640,OCTILLERY,"Signal Beam: 3 (75.0%), Octazooka: 1 (25.0%)",2,0,2.0,0,2.0,0,2.0,3.5,0,0,1,2,48.0,2,Octillery: 2,None,0,,0,"Damage: 0, Status: 0, Hazard: 0, Weather: 0, Cleric: 0, Screen: 0, Pass: 0",None
school_kid_m_billy_0640_Paras,school_kid_m_billy_0640,PARAS,"Giga Drain: 2 (40.0%), Slash: 2 (40.0%), Spore: 1 (20.0%)",0,1,0.0,0,0.0,0,5.0,3.0,0,0,0,0,0.0,1,None,None,0,,0,"Damage: 0, Status: 0, Hazard: 0, Weather: 0, Cleric: 0, Screen: 0, Pass: 0",None
school_kid_m_billy_0640_Parasect,school_kid_m_billy_0640,PARASECT,"Slash: 2970 (43.2%), Growth: 2081 (30.3%), Giga Drain: 924 (13.4%), Spore: 900 (13.1%), X Scissor: 1 (0.0%)",1511,696,2.17,312,2.62,16,6.15,2.83,396,131,200,0,6.57,1312,"Magikarp: 58, Seaking: 34, Voltorb: 33","Butterfree: 23, Graveler: 22, Magmar: 17",224,69.97,0,"Damage: 263, Status: 186, Hazard: 0, Weather: 0, Cleric: 0, Screen: 0, Pass: 0",None
school_kid_m_billy_0640_Pidgeot,school_kid_m_billy_0640,PIDGEOT,"Roost: 21 (26.9%), Wing Attack: 18 (23.1%), Agility: 15 (19.2%), Feather Dance: 15 (19.2%), Struggle: 4 (5.1%), Steel Wing: 3 (3.8%), Tailwind: 2 (2.6%)",1,5,0.2,0,0.2,0,11.86,7.86,4,0,0,1,6.03,7,Pidgeot: 1,None,0,,0,"Damage: 0, Status: 0, Hazard: 0, Weather: 0, Cleric: 0, Screen: 0, Pass: 0",None
school_kid_m_billy_0640_Pidgeotto,school_kid_m_billy_0640,PIDGEOTTO,"Twister: 5 (50.0%), Agility: 4 (40.0%), Wing Attack: 1 (10.0%)",1,1,1.0,0,1.0,0,5.5,3.5,0,0,0,0,0.0,2,Pidgeotto: 1,None,0,,0,"Damage: 0, Status: 0, Hazard: 0, Weather: 0, Cleric: 0, Screen: 0, Pass: 0",None
school_kid_m_billy_0640_Pikachu,school_kid_m_billy_0640,PIKACHU,Agility: 2 (100.0%),0,1,0.0,0,0.0,0,3.0,2.0,0,0,0,0,0.0,1,None,None,0,,0,"Damage: 0, Status: 0, Hazard: 0, Weather: 0, Cleric: 0, Screen: 0, Pass: 0",None
school_kid_m_billy_0640_Pinsir,school_kid_m_billy_0640,PINSIR,None,0,1,0.0,0,0.0,0,1.0,1.0,0,0,0,0,0.0,1,None,None,0,,0,"Damage: 0, Status: 0, Hazard: 0, Weather: 0, Cleric: 0, Screen: 0, Pass: 0",None
school_kid_m_billy_0640_Plusle,school_kid_m_billy_0640,PLUSLE,"Charge: 2 (50.0%), Swift: 2 (50.0%)",0,1,0.0,0,0.0,0,3.0,1.0,0,0,1,0,20.0,2,None,None,0,,0,"Damage: 0, Status: 0, Hazard: 0, Weather: 0, Cleric: 0, Screen: 0, Pass: 0",None
school_kid_m_billy_0640_Poliwhirl,school_kid_m_billy_0640,POLIWHIRL,"Bubble Beam: 875 (43.7%), Wake Up Slap: 547 (27.3%), Belly Drum: 295 (14.7%), Mud Shot: 286 (14.3%)",386,516,0.75,178,1.09,3,4.08,1.78,90,38,76,292,6.4,739,"Koffing: 16, Magmar: 15, Magnemite: 14","Butterfree: 23, Weezing: 15, Seaking: 14",43,44.23,0,"Damage: 178, Status: 0, Hazard: 0, Weather: 0, Cleric: 0, Screen: 0, Pass: 0",None
school_kid_m_billy_0640_Poliwrath,school_kid_m_billy_0640,POLIWRATH,None,0,2,0.0,0,0.0,0,3.5,3.0,0,0,0,0,0.0,2,None,None,0,,0,"Damage: 0, Status: 0, Hazard: 0, Weather: 0, Cleric: 0, Screen: 0, Pass: 0",None
school_kid_m_billy_0640_Porygon,school_kid_m_billy_0640,PORYGON,"Ice Beam: 1 (33.3%), Signal Beam: 1 (33.3%), Solar Beam: 1 (33.3%)",1,2,0.5,0,0.5,0,1.67,1.33,0,0,0,1,30.0,3,Porygon: 1,None,0,,0,"Damage: 0, Status: 0, Hazard: 0, Weather: 0, Cleric: 0, Screen: 0, Pass: 0",None
school_kid_m_billy_0640_Primeape,school_kid_m_billy_0640,PRIMEAPE,"Cross Chop: 2 (40.0%), Rage: 1 (20.0%), Swagger: 1 (20.0%), Assurance: 1 (20.0%)",3,1,3.0,0,3.0,0,3.0,2.0,0,1,1,0,0.0,2,"Primeape: 2, Dugtrio: 1",None,0,,0,"Damage: 0, Status: 0, Hazard: 0, Weather: 0, Cleric: 0, Screen: 0, Pass: 0",None
school_kid_m_billy_0640_Psyduck,school_kid_m_billy_0640,PSYDUCK,"Zen Headbutt: 2 (66.7%), Amnesia: 1 (33.3%)",0,0,0.0,0,0.0,0,3.0,2.0,0,0,0,1,20.0,1,None,None,0,,0,"Damage: 0, Status: 0, Hazard: 0, Weather: 0, Cleric: 0, Screen: 0, Pass: 0",None
school_kid_m_billy_0640_Quagsire,school_kid_m_billy_0640,QUAGSIRE,"Surf: 4 (80.0%), Protect: 1 (20.0%)",1,0,1.0,0,1.0,0,2.25,0.75,0,0,1,0,16.67,4,Quagsire: 1,None,0,,0,"Damage: 0, Status: 0, Hazard: 0, Weather: 0, Cleric: 0, Screen: 0, Pass: 0",None
school_kid_m_billy_0640_Qwilfish,school_kid_m_billy_0640,QWILFISH,"Pin Missile: 6 (60.0%), Poison Jab: 2 (20.0%), Revenge: 2 (20.0%)",2,3,0.67,0,0.67,0,3.25,3.0,2,0,1,0,21.82,4,"Qwilfish: 1, Seaking: 1",None,0,,0,"Damage: 0, Status: 0, Hazard: 0, Weather: 0, Cleric: 0, Screen: 0, Pass: 0",None
school_kid_m_billy_0640_Raichu,school_kid_m_billy_0640,RAICHU,"Thunder Shock: 1 (50.0%), Thunderbolt: 1 (50.0%)",1,0,1.0,0,1.0,0,1.0,0.5,1,0,0,0,45.0,2,Raichu: 1,None,0,,0,"Damage: 0, Status: 0, Hazard: 0, Weather: 0, Cleric: 0, Screen: 0, Pass: 0",None
school_kid_m_billy_0640_Rapidash,school_kid_m_billy_0640,RAPIDASH,Bounce: 4 (100.0%),2,0,2.0,0,2.0,0,4.0,0.0,1,0,1,0,40.0,1,"Rapidash: 1, Sunflora: 1",None,0,,0,"Damage: 0, Status: 0, Hazard: 0, Weather: 0, Cleric: 0, Screen: 0, Pass: 0",None
school_kid_m_billy_0640_Raticate,school_kid_m_billy_0640,RATICATE,"Assurance: 2 (66.7%), Crunch: 1 (33.3%)",2,1,2.0,0,2.0,0,1.5,1.5,1,0,0,0,33.33,2,Raticate: 2,None,0,,0,"Damage: 0, Status: 0, Hazard: 0, Weather: 0, Cleric: 0, Screen: 0, Pass: 0",None
school_kid_m_billy_0640_Remoraid,school_kid_m_billy_0640,REMORAID,Bubble Beam: 1 (100.0%),0,1,0.0,0,0.0,0,2.0,1.0,0,0,0,0,-10.0,1,None,None,0,,0,"Damage: 0, Status: 0, Hazard: 0, Weather: 0, Cleric: 0, Screen: 0, Pass: 0",None
school_kid_m_billy_0640_Rhydon,school_kid_m_billy_0640,RHYDON,Hammer Arm: 4 (100.0%),2,1,2.0,0,2.0,0,2.5,2.0,0,0,2,0,33.33,2,"Rhydon: 1, Clefairy: 1",None,0,,0,"Damage: 0, Status: 0, Hazard: 0, Weather: 0, Cleric: 0, Screen: 0, Pass: 0",None
school_kid_m_billy_0640_Rhyhorn,school_kid_m_billy_0640,RHYHORN,Take Down: 1 (100.0%),0,1,0.0,0,0.0,0,1.0,1.0,0,1,0,0,-100.0,1,None,None,0,,0,"Damage: 0, Status: 0, Hazard: 0, Weather: 0, Cleric: 0, Screen: 0, Pass: 0",None
school_kid_m_billy_0640_Sandslash,school_kid_m_billy_0640,SANDSLASH,"Rollout: 4 (80.0%), Crush Claw: 1 (20.0%)",1,1,1.0,0,1.0,0,3.0,4.5,1,1,0,0,0.0,2,Sandslash: 1,None,0,,0,"Damage: 0, Status: 0, Hazard: 0, Weather: 0, Cleric: 0, Screen: 0, Pass: 0",None
school_kid_m_billy_0640_Seadra,school_kid_m_billy_0640,SEADRA,None,0,2,0.0,0,0.0,0,1.0,1.0,0,0,0,0,0.0,2,None,None,0,,0,"Damage: 0, Status: 0, Hazard: 0, Weather: 0, Cleric: 0, Screen: 0, Pass: 0",None
school_kid_m_billy_0640_Seaking,school_kid_m_billy_0640,SEAKING,"Waterfall: 6 (40.0%), Megahorn: 3 (20.0%), Aqua Ring: 2 (13.3%), Flail: 1 (6.7%), Rain Dance: 1 (6.7%), Water Pulse: 1 (6.7%), Agility: 1 (6.7%)",4,7,0.57,0,0.57,0,2.62,2.0,1,0,1,0,5.0,8,Seaking: 4,None,0,,0,"Damage: 0, Status: 0, Hazard: 0, Weather: 0, Cleric: 0, Screen: 0, Pass: 0",None
school_kid_m_billy_0640_Seedot,school_kid_m_billy_0640,SEEDOT,Nature Power: 7 (100.0%),0,0,0.0,0,0.0,0,3.5,0.0,0,0,0,0,0.0,2,None,None,0,,0,"Damage: 0, Status: 0, Hazard: 0, Weather: 0, Cleric: 0, Screen: 0, Pass: 0",None
school_kid_m_billy_0640_Seviper,school_kid_m_billy_0640,SEVIPER,None,0,2,0.0,0,0.0,0,1.5,1.5,0,0,0,0,0.0,2,None,None,0,,0,"Damage: 0, Status: 0, Hazard: 0, Weather: 0, Cleric: 0, Screen: 0, Pass: 0",None
school_kid_m_billy_0640_Skarmory,school_kid_m_billy_0640,SKARMORY,"Air Slash: 9 (30.0%), Slash: 8 (26.7%), Steel Wing: 7 (23.3%), Night Slash: 6 (20.0%)",7,3,2.33,0,2.33,0,5.0,3.0,3,0,2,5,23.44,7,"Skarmory: 4, Fearow: 3",None,1,,0,"Damage: 0, Status: 0, Hazard: 0, Weather: 0, Cleric: 0, Screen: 0, Pass: 0",None
school_kid_m_billy_0640_Slowbro,school_kid_m_billy_0640,SLOWBRO,"Psychic: 7 (63.6%), Yawn: 4 (36.4%)",1,2,0.5,0,0.5,0,7.67,3.0,0,0,0,1,3.64,3,Slowbro: 1,None,0,,0,"Damage: 0, Status: 0, Hazard: 0, Weather: 0, Cleric: 0, Screen: 0, Pass: 0",None
school_kid_m_billy_0640_Slowking,school_kid_m_billy_0640,SLOWKING,"Psychic: 3 (25.0%), Zen Headbutt: 3 (25.0%), Trick Room: 2 (16.7%), Flamethrower: 2 (16.7%), Surf: 1 (8.3%), Water Pulse: 1 (8.3%)",1,2,0.5,0,0.5,0,4.67,3.0,0,0,0,2,7.5,3,Slowking: 1,None,0,,0,"Damage: 0, Status: 0, Hazard: 0, Weather: 0, Cleric: 0, Screen: 0, Pass: 0",None
school_kid_m_billy_0640_Slowpoke,school_kid_m_billy_0640,SLOWPOKE,"Psychic: 4 (66.7%), Disable: 2 (33.3%)",1,1,1.0,0,1.0,0,7.0,3.0,0,1,0,0,-21.67,1,Slowpoke: 1,None,0,,0,"Damage: 0, Status: 0, Hazard: 0, Weather: 0, Cleric: 0, Screen: 0, Pass: 0",None
school_kid_m_billy_0640_Snubbull,school_kid_m_billy_0640,SNUBBULL,"Headbutt: 1 (50.0%), Rage: 1 (50.0%)",0,1,0.0,0,0.0,0,2.0,3.0,0,0,0,0,-15.0,1,None,None,0,,0,"Damage: 0, Status: 0, Hazard: 0, Weather: 0, Cleric: 0, Screen: 0, Pass: 0",None
school_kid_m_billy_0640_Starmie,school_kid_m_billy_0640,STARMIE,None,0,1,0.0,0,0.0,0,1.0,1.0,0,0,0,0,0.0,1,None,None,0,,0,"Damage: 0, Status: 0, Hazard: 0, Weather: 0, Cleric: 0, Screen: 0, Pass: 0",None
school_kid_m_billy_0640_Staryu,school_kid_m_billy_0640,STARYU,"Bubble Beam: 4 (57.1%), Swift: 2 (28.6%), Gyro Ball: 1 (14.3%)",3,2,1.5,0,1.5,0,2.67,2.0,0,0,1,1,22.5,3,"Staryu: 2, Nidorina: 1",None,0,,0,"Damage: 0, Status: 0, Hazard: 0, Weather: 0, Cleric: 0, Screen: 0, Pass: 0",None
school_kid_m_billy_0640_Steelix,school_kid_m_billy_0640,STEELIX,"Stone Edge: 18 (36.7%), Iron Tail: 11 (22.4%), Crunch: 11 (22.4%), Double Edge: 9 (18.4%)",3,7,0.43,0,0.43,0,7.43,6.57,3,6,8,4,7.89,7,Steelix: 3,None,1,,0,"Damage: 0, Status: 0, Hazard: 0, Weather: 0, Cleric: 0, Screen: 0, Pass: 0",None
school_kid_m_billy_0640_Sudowoodo,school_kid_m_billy_0640,SUDOWOODO,"Wood Hammer: 5 (55.6%), Sucker Punch: 3 (33.3%), Rock Slide: 1 (11.1%)",3,6,0.5,0,0.5,0,1.57,1.71,0,0,1,0,7.0,7,Sudowoodo: 3,None,0,,0,"Damage: 0, Status: 0, Hazard: 0, Weather: 0, Cleric: 0, Screen: 0, Pass: 0",None
school_kid_m_billy_0640_Sunflora,school_kid_m_billy_0640,SUNFLORA,Petal Dance: 9 (100.0%),2,3,0.67,0,0.67,0,2.5,1.75,1,0,0,0,11.11,4,Sunflora: 2,None,0,,0,"Damage: 0, Status: 0, Hazard: 0, Weather: 0, Cleric: 0, Screen: 0, Pass: 0",None
school_kid_m_billy_0640_Tangela,school_kid_m_billy_0640,TANGELA,Ancient Power: 2 (100.0%),1,1,1.0,0,1.0,0,3.0,3.0,0,0,0,1,40.0,1,Tangela: 1,None,0,,0,"Damage: 0, Status: 0, Hazard: 0, Weather: 0, Cleric: 0, Screen: 0, Pass: 0",None
school_kid_m_billy_0640_Tangrowth,school_kid_m_billy_0640,TANGROWTH,"Ancient Power: 7 (46.7%), Stun Spore: 5 (33.3%), Mega Drain: 3 (20.0%)",3,3,1.0,0,1.0,0,5.5,3.25,1,1,1,1,8.12,4,"Tangrowth: 2, Quagsire: 1",None,1,,0,"Damage: 0, Status: 0, Hazard: 0, Weather: 0, Cleric: 0, Screen: 0, Pass: 0",None
school_kid_m_billy_0640_Tentacool,school_kid_m_billy_0640,TENTACOOL,"Poison Jab: 5 (41.7%), Water Pulse: 5 (41.7%), Barrier: 1 (8.3%), Screech: 1 (8.3%)",1,1,1.0,0,1.0,0,13.0,8.0,0,0,0,3,6.67,1,Tentacool: 1,None,0,,0,"Damage: 0, Status: 0, Hazard: 0, Weather: 0, Cleric: 0, Screen: 0, Pass: 0",None
school_kid_m_billy_0640_Tentacruel,school_kid_m_billy_0640,TENTACRUEL,"Water Pulse: 16 (31.4%), Poison Jab: 13 (25.5%), Barrier: 10 (19.6%), Wrap: 6 (11.8%), Screech: 4 (7.8%), Wring Out: 1 (2.0%), Hydro Pump: 1 (2.0%)",0,7,0.0,0,0.0,0,7.25,4.12,2,1,1,10,9.42,8,None,None,0,,0,"Damage: 0, Status: 0, Hazard: 0, Weather: 0, Cleric: 0, Screen: 0, Pass: 0",None
school_kid_m_billy_0640_Umbreon,school_kid_m_billy_0640,UMBREON,"Dark Pulse: 3 (60.0%), Confuse Ray: 1 (20.0%), Shadow Ball: 1 (20.0%)",0,3,0.0,0,0.0,0,2.67,2.67,0,0,0,2,24.0,3,None,None,0,,0,"Damage: 0, Status: 0, Hazard: 0, Weather: 0, Cleric: 0, Screen: 0, Pass: 0",None
school_kid_m_billy_0640_Ursaring,school_kid_m_billy_0640,URSARING,"Scary Face: 2 (40.0%), Thrash: 2 (40.0%), Rest: 1 (20.0%)",0,2,0.0,0,0.0,0,3.0,1.5,0,0,0,0,0.0,2,None,None,0,,0,"Damage: 0, Status: 0, Hazard: 0, Weather: 0, Cleric: 0, Screen: 0, Pass: 0",None
school_kid_m_billy_0640_Vaporeon,school_kid_m_billy_0640,VAPOREON,"Quick Attack: 5 (26.3%), Sand Attack: 5 (26.3%), Helping Hand: 5 (26.3%), Water Gun: 4 (21.1%)",0,1,0.0,0,0.0,0,20.0,11.0,1,2,9,0,28.57,1,None,None,0,,0,"Damage: 0, Status: 0, Hazard: 0, Weather: 0, Cleric: 0, Screen: 0, Pass: 0",None
school_kid_m_billy_0640_Venomoth,school_kid_m_billy_0640,VENOMOTH,Psychic: 1 (100.0%),0,1,0.0,0,0.0,0,2.0,2.0,0,0,0,0,0.0,1,None,None,0,,0,"Damage: 0, Status: 0, Hazard: 0, Weather: 0, Cleric: 0, Screen: 0, Pass: 0",None
school_kid_m_billy_0640_Venonat,school_kid_m_billy_0640,VENONAT,Sleep Powder: 1 (100.0%),0,1,0.0,0,0.0,0,4.0,3.0,0,0,0,0,0.0,1,None,None,0,,0,"Damage: 0, Status: 0, Hazard: 0, Weather: 0, Cleric: 0, Screen: 0, Pass: 0",None
school_kid_m_billy_0640_Venusaur,school_kid_m_billy_0640,VENUSAUR,"Petal Dance: 6 (66.7%), Worry Seed: 2 (22.2%), Synthesis: 1 (11.1%)",1,2,0.5,0,0.5,0,8.0,5.0,1,0,0,0,11.11,2,Venusaur: 1,None,0,,0,"Damage: 0, Status: 0, Hazard: 0, Weather: 0, Cleric: 0, Screen: 0, Pass: 0",None
school_kid_m_billy_0640_Victreebel,school_kid_m_billy_0640,VICTREEBEL,"Protect: 2 (66.7%), Acid: 1 (33.3%)",1,3,0.33,0,0.33,0,2.0,1.67,0,0,1,0,25.0,3,Victreebel: 1,None,0,,0,"Damage: 0, Status: 0, Hazard: 0, Weather: 0, Cleric: 0, Screen: 0, Pass: 0",None
school_kid_m_billy_0640_Vileplume,school_kid_m_billy_0640,VILEPLUME,Stun Spore: 2 (100.0%),0,2,0.0,0,0.0,0,2.0,3.0,0,1,0,0,-50.0,2,None,None,0,,0,"Damage: 0, Status: 0, Hazard: 0, Weather: 0, Cleric: 0, Screen: 0, Pass: 0",None
school_kid_m_billy_0640_Volbeat,school_kid_m_billy_0640,VOLBEAT,"Zen Headbutt: 3 (50.0%), Protect: 2 (33.3%), Bug Buzz: 1 (16.7%)",2,0,2.0,0,2.0,0,3.0,1.5,1,0,0,0,11.67,2,Volbeat: 2,None,0,,0,"Damage: 0, Status: 0, Hazard: 0, Weather: 0, Cleric: 0, Screen: 0, Pass: 0",None
school_kid_m_billy_0640_Vulpix,school_kid_m_billy_0640,VULPIX,"Grudge: 3 (50.0%), Extrasensory: 3 (50.0%)",2,0,2.0,0,2.0,0,3.0,0.5,0,0,0,0,-1.67,2,Vulpix: 2,None,0,,0,"Damage: 0, Status: 0, Hazard: 0, Weather: 0, Cleric: 0, Screen: 0, Pass: 0",None
school_kid_m_billy_0640_Weezing,school_kid_m_billy_0640,WEEZING,"Double Hit: 8 (42.1%), Sludge: 5 (26.3%), Assurance: 3 (15.8%), Selfdestruct: 2 (10.5%), Explosion: 1 (5.3%)",5,5,1.0,0,1.0,0,3.0,2.86,0,0,2,0,3.81,7,Weezing: 5,None,1,,0,"Damage: 0, Status: 0, Hazard: 0, Weather: 0, Cleric: 0, Screen: 0, Pass: 0",None
school_kid_m_billy_0640_Xatu,school_kid_m_billy_0640,XATU,None,0,2,0.0,0,0.0,0,1.0,1.0,0,0,0,0,0.0,2,None,None,0,,0,"Damage: 0, Status: 0, Hazard: 0, Weather: 0, Cleric: 0, Screen: 0, Pass: 0",None
school_kid_m_billy_0640_Yanmega,school_kid_m_billy_0640,YANMEGA,"Ancient Power: 1 (50.0%), Pursuit: 1 (50.0%)",1,1,1.0,0,1.0,0,3.0,1.0,0,0,0,0,-5.0,1,Yanmega: 1,None,0,,0,"Damage: 0, Status: 0, Hazard: 0, Weather: 0, Cleric: 0, Screen: 0, Pass: 0",None
school_kid_m_billy_0641_Ambipom,school_kid_m_billy_0641,AMBIPOM,Double Hit: 3 (100.0%),1,2,0.5,0,0.5,0,2.0,1.5,0,0,0,0,0.0,2,Ambipom: 1,None,0,,0,"Damage: 0, Status: 0, Hazard: 0, Weather: 0, Cleric: 0, Screen: 0, Pass: 0",None
school_kid_m_billy_0641_Ampharos,school_kid_m_billy_0641,AMPHAROS,"Discharge: 6 (31.6%), Signal Beam: 6 (31.6%), Charge: 5 (26.3%), Thunder Wave: 2 (10.5%)",1,2,0.5,0,0.5,0,9.0,4.0,0,0,0,1,-5.79,3,Ampharos: 1,None,0,,0,"Damage: 0, Status: 0, Hazard: 0, Weather: 0, Cleric: 0, Screen: 0, Pass: 0",None
school_kid_m_billy_0641_Arbok,school_kid_m_billy_0641,ARBOK,"Stockpile: 2 (66.7%), Spit Up: 1 (33.3%)",0,1,0.0,0,0.0,0,4.0,1.0,0,0,0,0,0.0,1,None,None,0,,0,"Damage: 0, Status: 0, Hazard: 0, Weather: 0, Cleric: 0, Screen: 0, Pass: 0",None
school_kid_m_billy_0641_Arcanine,school_kid_m_billy_0641,ARCANINE,"Extreme Speed: 3 (60.0%), Roar: 2 (40.0%)",0,5,0.0,0,0.0,0,1.6,1.8,0,0,0,0,0.0,5,None,None,0,,0,"Damage: 0, Status: 0, Hazard: 0, Weather: 0, Cleric: 0, Screen: 0, Pass: 0",None
school_kid_m_billy_0641_Ariados,school_kid_m_billy_0641,ARIADOS,"Pin Missile: 5 (31.2%), Sucker Punch: 4 (25.0%), Poison Jab: 3 (18.8%), Agility: 2 (12.5%), Psychic: 1 (6.2%), Spider Web: 1 (6.2%)",2,5,0.4,0,0.4,0,2.43,1.57,1,0,1,2,17.65,7,Ariados: 2,None,0,,0,"Damage: 0, Status: 0, Hazard: 0, Weather: 0, Cleric: 0, Screen: 0, Pass: 0",None
school_kid_m_billy_0641_Azumarill,school_kid_m_billy_0641,AZUMARILL,"Aqua Ring: 2 (50.0%), Double Edge: 2 (50.0%)",1,2,0.5,0,0.5,0,2.0,2.0,1,0,0,0,25.0,2,Azumarill: 1,None,0,,0,"Damage: 0, Status: 0, Hazard: 0, Weather: 0, Cleric: 0, Screen: 0, Pass: 0",None
school_kid_m_billy_0641_Beedrill,school_kid_m_billy_0641,BEEDRILL,"Agility: 6 (35.3%), Assurance: 6 (35.3%), Endeavor: 3 (17.6%), Poison Jab: 2 (11.8%)",4,4,1.0,0,1.0,0,3.5,1.67,0,0,0,0,0.0,6,"Beedrill: 2, Butterfree: 2",None,0,,0,"Damage: 0, Status: 0, Hazard: 0, Weather: 0, Cleric: 0, Screen: 0, Pass: 0",None
school_kid_m_billy_0641_Bellossom,school_kid_m_billy_0641,BELLOSSOM,"Magical Leaf: 8 (66.7%), Stun Spore: 2 (16.7%), Sunny Day: 2 (16.7%)",2,0,2.0,0,2.0,0,6.5,4.5,2,0,0,0,16.67,2,Bellossom: 2,None,0,,0,"Damage: 0, Status: 0, Hazard: 0, Weather: 0, Cleric: 0, Screen: 0, Pass: 0",None
school_kid_m_billy_0641_Bulbasaur,school_kid_m_billy_0641,BULBASAUR,"Seed Bomb: 4 (36.4%), Double Edge: 4 (36.4%), Worry Seed: 2 (18.2%), Sludge Bomb: 1 (9.1%)",1,3,0.33,0,0.33,0,6.0,3.0,0,0,0,0,-2.73,2,Bulbasaur: 1,None,0,,0,"Damage: 0, Status: 0, Hazard: 0, Weather: 0, Cleric: 0, Screen: 0, Pass: 0",None
school_kid_m_billy_0641_Butterfree,school_kid_m_billy_0641,BUTTERFREE,"Bug Buzz: 25 (50.0%), Tailwind: 12 (24.0%), Safeguard: 6 (12.0%), Silver Wind: 5 (10.0%), Stun Spore: 2 (4.0%)",8,11,0.73,0,0.73,0,5.15,2.62,2,0,0,3,5.4,13,Butterfree: 8,None,1,,0,"Damage: 0, Status: 0, Hazard: 0, Weather: 0, Cleric: 0, Screen: 0, Pass: 0",None
school_kid_m_billy_0641_Chinchou,school_kid_m_billy_0641,CHINCHOU,"Signal Beam: 4 (66.7%), Aqua Ring: 1 (16.7%), Bubble Beam: 1 (16.7%)",0,1,0.0,0,0.0,0,6.0,6.0,0,0,0,1,8.33,1,None,None,0,,0,"Damage: 0, Status: 0, Hazard: 0, Weather: 0, Cleric: 0, Screen: 0, Pass: 0",None
school_kid_m_billy_0641_Clefable,school_kid_m_billy_0641,CLEFABLE,"Blizzard: 2 (40.0%), Thunder: 2 (40.0%), Metronome: 1 (20.0%)",2,0,2.0,0,2.0,0,2.5,2.0,0,0,0,0,0.0,2,Clefable: 2,None,0,,0,"Damage: 0, Status: 0, Hazard: 0, Weather: 0, Cleric: 0, Screen: 0, Pass: 0",None
school_kid_m_billy_0641_Cloyster,school_kid_m_billy_0641,CLOYSTER,"Protect: 7 (26.9%), Aurora Beam: 7 (26.9%), Spikes: 6 (23.1%), Spike Cannon: 6 (23.1%)",1,4,0.25,0,0.25,0,7.5,8.0,0,0,1,0,1.48,4,Cloyster: 1,None,0,,0,"Damage: 0, Status: 0, Hazard: 0, Weather: 0, Cleric: 0, Screen: 0, Pass: 0",None
school_kid_m_billy_0641_Croagunk,school_kid_m_billy_0641,CROAGUNK,Sludge Bomb: 1 (100.0%),1,1,1.0,0,1.0,0,1.0,0.5,1,0,0,0,100.0,2,Croagunk: 1,None,0,,0,"Damage: 0, Status: 0, Hazard: 0, Weather: 0, Cleric: 0, Screen: 0, Pass: 0",None
school_kid_m_billy_0641_Crobat,school_kid_m_billy_0641,CROBAT,"Air Cutter: 3 (42.9%), Poison Fang: 2 (28.6%), Mean Look: 1 (14.3%), Confuse Ray: 1 (14.3%)",0,2,0.0,0,0.0,0,6.5,4.0,0,0,2,1,26.67,2,None,None,0,,0,"Damage: 0, Status: 0, Hazard: 0, Weather: 0, Cleric: 0, Screen: 0, Pass: 0",None
school_kid_m_billy_0641_Ditto,school_kid_m_billy_0641,DITTO,Transform: 345 (100.0%),0,76,0.0,14,0.18,0,2.05,0.52,0,0,22,0,5.99,421,None,"Magmar: 15, Butterfree: 12, Seaking: 11",0,,1,"Damage: 13, Status: 2, Hazard: 0, Weather: 0, Cleric: 0, Screen: 0, Pass: 0",None
school_kid_m_billy_0641_Dugtrio,school_kid_m_billy_0641,DUGTRIO,Slash: 1 (100.0%),0,2,0.0,0,0.0,0,0.5,0.33,0,0,8,0,88.89,6,None,None,0,,0,"Damage: 0, Status: 0, Hazard: 0, Weather: 0, Cleric: 0, Screen: 0, Pass: 0",None
school_kid_m_billy_0641_Electabuzz,school_kid_m_billy_0641,ELECTABUZZ,Thunder Wave: 1 (100.0%),0,2,0.0,0,0.0,0,1.5,2.5,0,0,0,0,0.0,2,None,None,0,,0,"Damage: 0, Status: 0, Hazard: 0, Weather: 0, Cleric: 0, Screen: 0, Pass: 0",None
school_kid_m_billy_0641_Electrike,school_kid_m_billy_0641,ELECTRIKE,Thunder Wave: 1 (100.0%),0,0,0.0,0,0.0,0,1.0,0.0,0,0,0,0,0.0,1,None,None,0,,0,"Damage: 0, Status: 0, Hazard: 0, Weather: 0, Cleric: 0, Screen: 0, Pass: 0",None
school_kid_m_billy_0641_Electrode,school_kid_m_billy_0641,ELECTRODE,"Swift: 5 (35.7%), Shock Wave: 3 (21.4%), Rollout: 3 (21.4%), Magnet Rise: 1 (7.1%), Light Screen: 1 (7.1%), Double Team: 1 (7.1%)",2,4,0.5,0,0.5,0,3.6,2.8,0,0,1,0,6.67,5,Electrode: 2,None,0,,0,"Damage: 0, Status: 0, Hazard: 0, Weather: 0, Cleric: 0, Screen: 0, Pass: 0",None
school_kid_m_billy_0641_Espeon,school_kid_m_billy_0641,ESPEON,"Quick Attack: 2 (33.3%), Psybeam: 2 (33.3%), Swift: 2 (33.3%)",0,5,0.0,0,0.0,0,2.2,2.2,0,0,0,0,-3.33,5,None,None,0,,0,"Damage: 0, Status: 0, Hazard: 0, Weather: 0, Cleric: 0, Screen: 0, Pass: 0",None
school_kid_m_billy_0641_Exeggcute,school_kid_m_billy_0641,EXEGGCUTE,"Psychic: 10 (35.7%), Hypnosis: 5 (17.9%), Barrage: 5 (17.9%), Sleep Powder: 4 (14.3%), Confusion: 4 (14.3%)",5,6,0.83,0,0.83,0,8.0,4.67,3,3,2,1,6.67,6,Exeggcute: 5,None,1,,0,"Damage: 0, Status: 0, Hazard: 0, Weather: 0, Cleric: 0, Screen: 0, Pass: 0",None
school_kid_m_billy_0641_Exeggutor,school_kid_m_billy_0641,EXEGGUTOR,"Stomp: 3 (42.9%), Hypnosis: 2 (28.6%), Confusion: 1 (14.3%), Egg Bomb: 1 (14.3%)",2,3,0.67,0,0.67,0,2.6,2.2,0,2,1,0,-13.75,5,Exeggutor: 2,None,0,,0,"Damage: 0, Status: 0, Hazard: 0, Weather: 0, Cleric: 0, Screen: 0, Pass: 0",None
school_kid_m_billy_0641_Farfetchd,school_kid_m_billy_0641,FARFETCHD,"Air Slash: 1 (33.3%), False Swipe: 1 (33.3%), Night Slash: 1 (33.3%)",1,2,0.5,0,0.5,0,1.67,1.67,0,0,0,0,0.0,3,Farfetchd: 1,None,0,,0,"Damage: 0, Status: 0, Hazard: 0, Weather: 0, Cleric: 0, Screen: 0, Pass: 0",None
school_kid_m_billy_0641_Fearow,school_kid_m_billy_0641,FEAROW,"Assurance: 7 (43.8%), Agility: 5 (31.2%), Roost: 2 (12.5%), Drill Peck: 2 (12.5%)",0,4,0.0,0,0.0,0,4.75,3.25,0,0,0,0,0.0,4,None,None,0,,0,"Damage: 0, Status: 0, Hazard: 0, Weather: 0, Cleric: 0, Screen: 0, Pass: 0",None
school_kid_m_billy_0641_Flaaffy,school_kid_m_billy_0641,FLAAFFY,"Discharge: 13 (28.3%), Charge: 10 (21.7%), Cotton Spore: 8 (17.4%), Thunder Wave: 7 (15.2%), Signal Beam: 3 (6.5%), Struggle: 1 (2.2%), Light Screen: 1 (2.2%), Double Team: 1 (2.2%), Shock Wave: 1 (2.2%), Charge Beam: 1 (2.2%)",4,1,4.0,0,4.0,0,13.0,4.0,0,0,1,6,5.11,4,"Flaaffy: 3, Electrike: 1",None,0,,0,"Damage: 0, Status: 0, Hazard: 0, Weather: 0, Cleric: 0, Screen: 0, Pass: 0",None
school_kid_m_billy_0641_Girafarig,school_kid_m_billy_0641,GIRAFARIG,None,0,2,0.0,0,0.0,0,1.0,1.0,0,0,0,0,0.0,2,None,None,0,,0,"Damage: 0, Status: 0, Hazard: 0, Weather: 0, Cleric: 0, Screen: 0, Pass: 0",None
school_kid_m_billy_0641_Gloom,school_kid_m_billy_0641,GLOOM,Sludge Bomb: 3 (100.0%),2,2,1.0,0,1.0,0,2.0,2.0,0,0,0,1,23.33,2,Gloom: 2,None,0,,0,"Damage: 0, Status: 0, Hazard: 0, Weather: 0, Cleric: 0, Screen: 0, Pass: 0",None
school_kid_m_billy_0641_Golbat,school_kid_m_billy_0641,GOLBAT,"Air Cutter: 8 (53.3%), Mean Look: 2 (13.3%), Air Slash: 2 (13.3%), Poison Fang: 2 (13.3%), Confuse Ray: 1 (6.7%)",4,5,0.8,0,0.8,0,3.33,2.67,1,0,1,0,5.0,6,"Golbat: 3, Vulpix: 1",None,0,,0,"Damage: 0, Status: 0, Hazard: 0, Weather: 0, Cleric: 0, Screen: 0, Pass: 0",None
school_kid_m_billy_0641_Goldeen,school_kid_m_billy_0641,GOLDEEN,"Aqua Ring: 1 (50.0%), Flail: 1 (50.0%)",1,0,1.0,0,1.0,0,2.0,3.0,0,0,0,0,0.0,1,Goldeen: 1,None,0,,0,"Damage: 0, Status: 0, Hazard: 0, Weather: 0, Cleric: 0, Screen: 0, Pass: 0",None
school_kid_m_billy_0641_Golduck,school_kid_m_billy_0641,GOLDUCK,"Water Pulse: 3 (37.5%), Psych Up: 2 (25.0%), Fury Swipes: 2 (25.0%), Amnesia: 1 (12.5%)",2,4,0.5,0,0.5,0,2.4,2.0,2,0,1,0,28.89,5,Golduck: 2,None,0,,0,"Damage: 0, Status: 0, Hazard: 0, Weather: 0, Cleric: 0, Screen: 0, Pass: 0",None
school_kid_m_billy_0641_Golem,school_kid_m_billy_0641,GOLEM,Explosion: 1 (100.0%),1,1,1.0,0,1.0,0,1.0,1.0,0,0,0,0,0.0,1,Machamp: 1,None,0,,0,"Damage: 0, Status: 0, Hazard: 0, Weather: 0, Cleric: 0, Screen: 0, Pass: 0",None
school_kid_m_billy_0641_Granbull,school_kid_m_billy_0641,GRANBULL,"Payback: 1 (50.0%), Take Down: 1 (50.0%)",2,0,2.0,0,2.0,0,1.0,1.0,0,0,0,0,0.0,2,Granbull: 2,None,0,,0,"Damage: 0, Status: 0, Hazard: 0, Weather: 0, Cleric: 0, Screen: 0, Pass: 0",None
school_kid_m_billy_0641_Graveler,school_kid_m_billy_0641,GRAVELER,"Rollout: 4 (80.0%), Explosion: 1 (20.0%)",1,1,1.0,0,1.0,0,1.67,1.67,0,0,0,0,0.0,3,Graveler: 1,None,0,,0,"Damage: 0, Status: 0, Hazard: 0, Weather: 0, Cleric: 0, Screen: 0, Pass: 0",None
school_kid_m_billy_0641_Growlithe,school_kid_m_billy_0641,GROWLITHE,"Agility: 1 (50.0%), Crunch: 1 (50.0%)",1,0,1.0,0,1.0,0,2.0,1.0,0,0,0,0,0.0,1,Growlithe: 1,None,0,,0,"Damage: 0, Status: 0, Hazard: 0, Weather: 0, Cleric: 0, Screen: 0, Pass: 0",None
school_kid_m_billy_0641_Gulpin,school_kid_m_billy_0641,GULPIN,"Sludge Bomb: 15 (78.9%), Gastro Acid: 4 (21.1%)",0,4,0.0,0,0.0,0,4.75,4.75,0,0,0,6,7.89,4,None,None,0,,0,"Damage: 0, Status: 0, Hazard: 0, Weather: 0, Cleric: 0, Screen: 0, Pass: 0",None
school_kid_m_billy_0641_Gyarados,school_kid_m_billy_0641,GYARADOS,Twister: 1 (100.0%),0,2,0.0,0,0.0,0,1.5,1.5,0,0,0,0,0.0,2,None,None,0,,0,"Damage: 0, Status: 0, Hazard: 0, Weather: 0, Cleric: 0, Screen: 0, Pass: 0",None
school_kid_m_billy_0641_Hoppip,school_kid_m_billy_0641,HOPPIP,"Bounce: 4 (44.4%), U Turn: 3 (33.3%), Stun Spore: 2 (22.2%)",1,1,1.0,0,1.0,0,14.0,6.0,0,0,2,0,18.18,1,Hoppip: 1,None,0,,0,"Damage: 0, Status: 0, Hazard: 0, Weather: 0, Cleric: 0, Screen: 0, Pass: 0",None
school_kid_m_billy_0641_Hypno,school_kid_m_billy_0641,HYPNO,"Psych Up: 5 (33.3%), Psychic: 5 (33.3%), Psybeam: 5 (33.3%)",1,2,0.5,0,0.5,0,8.5,3.0,1,0,0,0,0.67,2,Hypno: 1,None,0,,0,"Damage: 0, Status: 0, Hazard: 0, Weather: 0, Cleric: 0, Screen: 0, Pass: 0",None
school_kid_m_billy_0641_Illumise,school_kid_m_billy_0641,ILLUMISE,Bug Buzz: 1 (100.0%),0,2,0.0,0,0.0,0,1.5,2.0,0,0,0,0,-10.0,2,None,None,0,,0,"Damage: 0, Status: 0, Hazard: 0, Weather: 0, Cleric: 0, Screen: 0, Pass: 0",None
school_kid_m_billy_0641_Ivysaur,school_kid_m_billy_0641,IVYSAUR,None,0,2,0.0,0,0.0,0,1.0,1.5,0,0,0,0,0.0,2,None,None,0,,0,"Damage: 0, Status: 0, Hazard: 0, Weather: 0, Cleric: 0, Screen: 0, Pass: 0",None
school_kid_m_billy_0641_Jolteon,school_kid_m_billy_0641,JOLTEON,Double Team: 1 (100.0%),0,0,0.0,0,0.0,0,1.0,0.0,0,0,1,0,50.0,1,None,None,0,,0,"Damage: 0, Status: 0, Hazard: 0, Weather: 0, Cleric: 0, Screen: 0, Pass: 0",None
school_kid_m_billy_0641_Jumpluff,school_kid_m_billy_0641,JUMPLUFF,"Bounce: 4 (66.7%), Worry Seed: 2 (33.3%)",0,2,0.0,0,0.0,0,8.0,2.0,0,1,2,0,12.5,1,None,None,0,,0,"Damage: 0, Status: 0, Hazard: 0, Weather: 0, Cleric: 0, Screen: 0, Pass: 0",None
school_kid_m_billy_0641_Kadabra,school_kid_m_billy_0641,KADABRA,"Psychic: 1 (50.0%), Reflect: 1 (50.0%)",0,2,0.0,0,0.0,0,2.5,2.5,0,0,0,0,-5.0,2,None,None,0,,0,"Damage: 0, Status: 0, Hazard: 0, Weather: 0, Cleric: 0, Screen: 0, Pass: 0",None
school_kid_m_billy_0641_Kingler,school_kid_m_billy_0641,KINGLER,"Guillotine: 5 (83.3%), Protect: 1 (16.7%)",1,1,1.0,0,1.0,0,3.5,3.0,0,4,0,0,-66.67,2,Kingler: 1,None,0,,0,"Damage: 0, Status: 0, Hazard: 0, Weather: 0, Cleric: 0, Screen: 0, Pass: 0",None
school_kid_m_billy_0641_Koffing,school_kid_m_billy_0641,KOFFING,"Sludge: 5 (55.6%), Gyro Ball: 4 (44.4%)",1,2,0.5,0,0.5,0,4.5,5.0,0,0,0,2,8.89,2,Koffing: 1,None,0,,0,"Damage: 0, Status: 0, Hazard: 0, Weather: 0, Cleric: 0, Screen: 0, Pass: 0",None
school_kid_m_billy_0641_Lanturn,school_kid_m_billy_0641,LANTURN,None,0,2,0.0,0,0.0,0,2.0,2.0,0,0,0,0,0.0,2,None,None,0,,0,"Damage: 0, Status: 0, Hazard: 0, Weather: 0, Cleric: 0, Screen: 0, Pass: 0",None
school_kid_m_billy_0641_Luvdisc,school_kid_m_billy_0641,LUVDISC,"Water Pulse: 10 (40.0%), Sweet Kiss: 10 (40.0%), Aqua Ring: 4 (16.0%), Attract: 1 (4.0%)",0,2,0.0,0,0.0,0,19.5,12.5,1,2,0,1,-8.0,2,None,None,0,,0,"Damage: 0, Status: 0, Hazard: 0, Weather: 0, Cleric: 0, Screen: 0, Pass: 0",None
school_kid_m_billy_0641_Machoke,school_kid_m_billy_0641,MACHOKE,"Wake Up Slap: 2 (28.6%), Cross Chop: 2 (28.6%), Focus Energy: 1 (14.3%), Revenge: 1 (14.3%), Submission: 1 (14.3%)",3,3,1.0,0,1.0,0,1.33,1.67,0,0,0,0,0.0,6,Machoke: 3,None,0,,0,"Damage: 0, Status: 0, Hazard: 0, Weather: 0, Cleric: 0, Screen: 0, Pass: 0",None
school_kid_m_billy_0641_Magcargo,school_kid_m_billy_0641,MAGCARGO,"Ancient Power: 6 (40.0%), Lava Plume: 6 (40.0%), Amnesia: 3 (20.0%)",1,1,1.0,0,1.0,0,7.5,4.0,1,0,0,3,10.67,2,Magcargo: 1,None,0,,0,"Damage: 0, Status: 0, Hazard: 0, Weather: 0, Cleric: 0, Screen: 0, Pass: 0",None
school_kid_m_billy_0641_Magmar,school_kid_m_billy_0641,MAGMAR,"Flamethrower: 3 (23.1%), Fire Punch: 3 (23.1%), Protect: 3 (23.1%), Lava Plume: 2 (15.4%), Confuse Ray: 1 (7.7%), Faint Attack: 1 (7.7%)",3,8,0.38,0,0.38,0,2.22,1.67,1,0,0,0,2.31,9,Magmar: 3,None,0,,0,"Damage: 0, Status: 0, Hazard: 0, Weather: 0, Cleric: 0, Screen: 0, Pass: 0",None
school_kid_m_billy_0641_Magnemite,school_kid_m_billy_0641,MAGNEMITE,"Discharge: 2 (66.7%), Screech: 1 (33.3%)",1,0,1.0,0,1.0,0,3.0,2.0,0,0,0,0,-10.0,1,Magnemite: 1,None,0,,0,"Damage: 0, Status: 0, Hazard: 0, Weather: 0, Cleric: 0, Screen: 0, Pass: 0",None
school_kid_m_billy_0641_Magneton,school_kid_m_billy_0641,MAGNETON,"Magnet Bomb: 14 (32.6%), Mirror Shot: 10 (23.3%), Thunder Wave: 9 (20.9%), Gyro Ball: 8 (18.6%), Lock On: 1 (2.3%), Struggle: 1 (2.3%)",3,1,3.0,0,3.0,0,12.5,6.75,3,11,6,2,-2.45,4,"Magneton: 2, Mr Mime: 1",None,0,,0,"Damage: 0, Status: 0, Hazard: 0, Weather: 0, Cleric: 0, Screen: 0, Pass: 0",None
school_kid_m_billy_0641_Mantine,school_kid_m_billy_0641,MANTINE,"Psybeam: 4 (80.0%), Wing Attack: 1 (20.0%)",2,0,2.0,0,2.0,0,2.5,1.0,0,0,0,0,-4.0,2,Mantine: 2,None,0,,0,"Damage: 0, Status: 0, Hazard: 0, Weather: 0, Cleric: 0, Screen: 0, Pass: 0",None
school_kid_m_billy_0641_Marowak,school_kid_m_billy_0641,MAROWAK,Double Edge: 2 (100.0%),1,0,1.0,0,1.0,0,2.0,1.0,0,0,0,0,0.0,1,Marowak: 1,None,0,,0,"Damage: 0, Status: 0, Hazard: 0, Weather: 0, Cleric: 0, Screen: 0, Pass: 0",None
school_kid_m_billy_0641_MrMime,school_kid_m_billy_0641,MR MIME,"Psychic: 5 (62.5%), Double Team: 2 (25.0%), Light Screen: 1 (12.5%)",1,2,0.5,0,0.5,0,5.0,3.5,0,0,3,0,23.64,2,Mr Mime: 1,None,0,,0,"Damage: 0, Status: 0, Hazard: 0, Weather: 0, Cleric: 0, Screen: 0, Pass: 0",None
school_kid_m_billy_0641_Muk,school_kid_m_billy_0641,MUK,"Sludge Bomb: 6 (85.7%), Acid Armor: 1 (14.3%)",0,2,0.0,0,0.0,0,4.0,4.5,1,0,0,4,45.71,2,None,None,0,,0,"Damage: 0, Status: 0, Hazard: 0, Weather: 0, Cleric: 0, Screen: 0, Pass: 0",None
school_kid_m_billy_0641_Nidoking,school_kid_m_billy_0641,NIDOKING,None,0,3,0.0,0,0.0,0,1.0,1.0,0,0,0,0,0.0,3,None,None,0,,0,"Damage: 0, Status: 0, Hazard: 0, Weather: 0, Cleric: 0, Screen: 0, Pass: 0",None
school_kid_m_billy_0641_Nidoqueen,school_kid_m_billy_0641,NIDOQUEEN,Double Kick: 1 (100.0%),0,2,0.0,0,0.0,0,1.5,2.0,0,0,0,0,0.0,2,None,None,0,,0,"Damage: 0, Status: 0, Hazard: 0, Weather: 0, Cleric: 0, Screen: 0, Pass: 0",None
school_kid_m_billy_0641_Nidorina,school_kid_m_billy_0641,NIDORINA,"Poison Sting: 2 (50.0%), Fury Swipes: 1 (25.0%), Bite: 1 (25.0%)",1,0,1.0,0,1.0,0,4.0,4.0,0,0,0,0,-15.0,1,Nidorina: 1,None,0,,0,"Damage: 0, Status: 0, Hazard: 0, Weather: 0, Cleric: 0, Screen: 0, Pass: 0",None
school_kid_m_billy_0641_Ninetales,school_kid_m_billy_0641,NINETALES,Quick Attack: 2 (100.0%),1,0,1.0,0,1.0,0,2.0,2.0,0,0,0,0,0.0,1,Ninetales: 1,None,0,,0,"Damage: 0, Status: 0, Hazard: 0, Weather: 0, Cleric: 0, Screen: 0, Pass: 0",None
school_kid_m_billy_0641_Noctowl,school_kid_m_billy_0641,NOCTOWL,"Air Slash: 7 (50.0%), Take Down: 2 (14.3%), Hypnosis: 2 (14.3%), Zen Headbutt: 1 (7.1%), Extrasensory: 1 (7.1%), Reflect: 1 (7.1%)",5,6,0.83,0,0.83,0,2.1,1.8,1,2,1,1,-1.33,10,"Noctowl: 4, Pidgeot: 1",None,1,,0,"Damage: 0, Status: 0, Hazard: 0, Weather: 0, Cleric: 0, Screen: 0, Pass: 0",None
school_kid_m_billy_0641_Octillery,school_kid_m_billy_0641,OCTILLERY,"Aurora Beam: 1 (33.3%), Signal Beam: 1 (33.3%), Bullet Seed: 1 (33.3%)",2,0,2.0,0,2.0,0,1.5,1.5,0,0,0,0,-3.33,2,Octillery: 2,None,0,,0,"Damage: 0, Status: 0, Hazard: 0, Weather: 0, Cleric: 0, Screen: 0, Pass: 0",None
school_kid_m_billy_0641_Onix,school_kid_m_billy_0641,ONIX,"Curse: 10 (50.0%), Dragon Breath: 5 (25.0%), Sand Tomb: 3 (15.0%), Iron Tail: 2 (10.0%)",0,2,0.0,0,0.0,0,12.0,5.0,0,2,3,1,2.17,2,None,None,0,,0,"Damage: 0, Status: 0, Hazard: 0, Weather: 0, Cleric: 0, Screen: 0, Pass: 0",None
school_kid_m_billy_0641_Paras,school_kid_m_billy_0641,PARAS,"Slash: 3 (75.0%), Spore: 1 (25.0%)",1,1,1.0,0,1.0,0,7.0,6.0,0,0,0,0,0.0,1,Paras: 1,None,0,,0,"Damage: 0, Status: 0, Hazard: 0, Weather: 0, Cleric: 0, Screen: 0, Pass: 0",None
school_kid_m_billy_0641_Parasect,school_kid_m_billy_0641,PARASECT,"Slash: 2747 (42.0%), Growth: 2010 (30.7%), Giga Drain: 930 (14.2%), Spore: 853 (13.0%), X Scissor: 3 (0.0%)",1606,585,2.75,303,3.26,20,6.04,2.71,396,117,211,0,7.25,1272,"Magikarp: 58, Seaking: 45, Voltorb: 33","Magmar: 29, Graveler: 25, Butterfree: 20",247,72.96,0,"Damage: 266, Status: 171, Hazard: 0, Weather: 0, Cleric: 0, Screen: 0, Pass: 0",None
school_kid_m_billy_0641_Pidgeot,school_kid_m_billy_0641,PIDGEOT,"Roost: 12 (30.8%), Wing Attack: 11 (28.2%), Steel Wing: 7 (17.9%), Return: 5 (12.8%), Tailwind: 3 (7.7%), Struggle: 1 (2.6%)",4,2,2.0,0,2.0,0,8.2,3.4,1,8,18,3,23.68,5,"Pidgeot: 3, Furret: 1",None,1,,0,"Damage: 0, Status: 0, Hazard: 0, Weather: 0, Cleric: 0, Screen: 0, Pass: 0",None
school_kid_m_billy_0641_Pinsir,school_kid_m_billy_0641,PINSIR,"X Scissor: 2 (66.7%), Vital Throw: 1 (33.3%)",2,0,2.0,0,2.0,0,1.5,1.0,1,0,0,0,33.33,2,Pinsir: 2,None,0,,0,"Damage: 0, Status: 0, Hazard: 0, Weather: 0, Cleric: 0, Screen: 0, Pass: 0",None
school_kid_m_billy_0641_Plusle,school_kid_m_billy_0641,PLUSLE,Swift: 1 (100.0%),0,1,0.0,0,0.0,0,2.0,2.0,1,0,0,0,100.0,1,None,None,0,,0,"Damage: 0, Status: 0, Hazard: 0, Weather: 0, Cleric: 0, Screen: 0, Pass: 0",None
school_kid_m_billy_0641_Poliwhirl,school_kid_m_billy_0641,POLIWHIRL,"Bubble Beam: 824 (45.3%), Wake Up Slap: 509 (28.0%), Belly Drum: 268 (14.7%), Mud Shot: 218 (12.0%)",380,417,0.91,165,1.31,3,4.11,1.79,90,38,72,218,6.58,632,"Magmar: 25, Flareon: 12, Graveler: 12","Butterfree: 18, Weezing: 15, Sunflora: 11",47,54.1,1,"Damage: 165, Status: 0, Hazard: 0, Weather: 0, Cleric: 0, Screen: 0, Pass: 0",None
school_kid_m_billy_0641_Poliwrath,school_kid_m_billy_0641,POLIWRATH,Strength: 1 (100.0%),0,1,0.0,0,0.0,0,2.0,2.0,0,0,0,0,0.0,1,None,None,0,,0,"Damage: 0, Status: 0, Hazard: 0, Weather: 0, Cleric: 0, Screen: 0, Pass: 0",None
school_kid_m_billy_0641_Porygon,school_kid_m_billy_0641,PORYGON,"Charge Beam: 1 (50.0%), Ice Beam: 1 (50.0%)",2,0,2.0,0,2.0,0,1.0,0.5,0,0,0,0,-35.0,2,Porygon: 2,None,0,,0,"Damage: 0, Status: 0, Hazard: 0, Weather: 0, Cleric: 0, Screen: 0, Pass: 0",None
school_kid_m_billy_0641_Primeape,school_kid_m_billy_0641,PRIMEAPE,Cross Chop: 1 (100.0%),1,1,1.0,0,1.0,0,2.0,1.0,0,0,1,0,50.0,1,Primeape: 1,None,0,,0,"Damage: 0, Status: 0, Hazard: 0, Weather: 0, Cleric: 0, Screen: 0, Pass: 0",None
school_kid_m_billy_0641_Quagsire,school_kid_m_billy_0641,QUAGSIRE,"Slam: 1 (50.0%), Earthquake: 1 (50.0%)",0,2,0.0,0,0.0,0,1.25,1.5,0,0,0,0,0.0,4,None,None,0,,0,"Damage: 0, Status: 0, Hazard: 0, Weather: 0, Cleric: 0, Screen: 0, Pass: 0",None
school_kid_m_billy_0641_Qwilfish,school_kid_m_billy_0641,QWILFISH,"Pin Missile: 6 (75.0%), Revenge: 2 (25.0%)",2,4,0.5,0,0.5,0,3.25,5.25,0,1,0,0,-12.5,4,Qwilfish: 2,None,0,,0,"Damage: 0, Status: 0, Hazard: 0, Weather: 0, Cleric: 0, Screen: 0, Pass: 0",None
school_kid_m_billy_0641_Raichu,school_kid_m_billy_0641,RAICHU,Thunder Shock: 1 (100.0%),0,1,0.0,0,0.0,0,2.0,2.0,0,0,0,0,-10.0,1,None,None,0,,0,"Damage: 0, Status: 0, Hazard: 0, Weather: 0, Cleric: 0, Screen: 0, Pass: 0",None
school_kid_m_billy_0641_Rapidash,school_kid_m_billy_0641,RAPIDASH,"Fire Spin: 5 (17.2%), Bounce: 5 (17.2%), Ember: 5 (17.2%), Flare Blitz: 5 (17.2%), Agility: 3 (10.3%), Struggle: 3 (10.3%), Take Down: 2 (6.9%), Fury Attack: 1 (3.4%)",2,2,1.0,0,1.0,0,10.0,3.33,0,4,2,0,-6.45,3,Rapidash: 2,None,0,,0,"Damage: 0, Status: 0, Hazard: 0, Weather: 0, Cleric: 0, Screen: 0, Pass: 0",None
school_kid_m_billy_0641_Raticate,school_kid_m_billy_0641,RATICATE,Hyper Fang: 1 (100.0%),1,0,1.0,0,1.0,0,1.0,0.0,0,0,0,0,0.0,1,Raticate: 1,None,0,,0,"Damage: 0, Status: 0, Hazard: 0, Weather: 0, Cleric: 0, Screen: 0, Pass: 0",None
school_kid_m_billy_0641_Rhydon,school_kid_m_billy_0641,RHYDON,Horn Drill: 2 (100.0%),0,3,0.0,0,0.0,0,1.0,2.67,0,2,0,0,-100.0,3,None,None,0,,0,"Damage: 0, Status: 0, Hazard: 0, Weather: 0, Cleric: 0, Screen: 0, Pass: 0",None
school_kid_m_billy_0641_Roselia,school_kid_m_billy_0641,ROSELIA,"Petal Dance: 10 (62.5%), Synthesis: 5 (31.2%), Ingrain: 1 (6.2%)",0,2,0.0,0,0.0,0,6.67,5.67,1,0,0,0,6.25,3,None,None,0,,0,"Damage: 0, Status: 0, Hazard: 0, Weather: 0, Cleric: 0, Screen: 0, Pass: 0",None
school_kid_m_billy_0641_Seaking,school_kid_m_billy_0641,SEAKING,"Water Pulse: 6 (18.8%), Agility: 5 (15.6%), Aqua Ring: 4 (12.5%), Waterfall: 4 (12.5%), Supersonic: 3 (9.4%), Poison Jab: 3 (9.4%), Megahorn: 2 (6.2%), Fury Attack: 2 (6.2%), Flail: 2 (6.2%), Horn Drill: 1 (3.1%)",5,8,0.62,0,0.62,0,3.5,2.83,3,3,3,1,4.86,12,Seaking: 5,None,0,,0,"Damage: 0, Status: 0, Hazard: 0, Weather: 0, Cleric: 0, Screen: 0, Pass: 0",None
school_kid_m_billy_0641_Skarmory,school_kid_m_billy_0641,SKARMORY,Air Slash: 3 (100.0%),1,1,1.0,0,1.0,0,4.0,4.0,1,0,0,0,13.33,1,Skarmory: 1,None,0,,0,"Damage: 0, Status: 0, Hazard: 0, Weather: 0, Cleric: 0, Screen: 0, Pass: 0",None
school_kid_m_billy_0641_Skiploom,school_kid_m_billy_0641,SKIPLOOM,"U Turn: 4 (44.4%), Cotton Spore: 2 (22.2%), Worry Seed: 2 (22.2%), Sunny Day: 1 (11.1%)",0,2,0.0,0,0.0,0,6.5,4.0,0,0,0,0,0.0,2,None,None,0,,0,"Damage: 0, Status: 0, Hazard: 0, Weather: 0, Cleric: 0, Screen: 0, Pass: 0",None
school_kid_m_billy_0641_Slowbro,school_kid_m_billy_0641,SLOWBRO,"Psychic: 12 (70.6%), Yawn: 5 (29.4%)",3,1,3.0,0,3.0,0,6.0,2.0,3,0,0,2,24.12,4,Slowbro: 3,None,1,,0,"Damage: 0, Status: 0, Hazard: 0, Weather: 0, Cleric: 0, Screen: 0, Pass: 0",None
school_kid_m_billy_0641_Slowking,school_kid_m_billy_0641,SLOWKING,"Surf: 4 (44.4%), Flamethrower: 2 (22.2%), Trick Room: 2 (22.2%), Zen Headbutt: 1 (11.1%)",1,2,0.5,0,0.5,0,3.67,3.0,2,0,0,0,20.0,3,Slowking: 1,None,0,,0,"Damage: 0, Status: 0, Hazard: 0, Weather: 0, Cleric: 0, Screen: 0, Pass: 0",None
school_kid_m_billy_0641_Spinda,school_kid_m_billy_0641,SPINDA,Sucker Punch: 3 (100.0%),1,1,1.0,0,1.0,0,4.0,3.0,0,0,0,0,0.0,1,Spinda: 1,None,0,,0,"Damage: 0, Status: 0, Hazard: 0, Weather: 0, Cleric: 0, Screen: 0, Pass: 0",None
school_kid_m_billy_0641_Starly,school_kid_m_billy_0641,STARLY,None,0,1,0.0,0,0.0,0,1.0,1.0,0,0,0,0,0.0,1,None,None,0,,0,"Damage: 0, Status: 0, Hazard: 0, Weather: 0, Cleric: 0, Screen: 0, Pass: 0",None
school_kid_m_billy_0641_Starmie,school_kid_m_billy_0641,STARMIE,"Thunderbolt: 1 (50.0%), Recover: 1 (50.0%)",1,2,0.5,0,0.5,0,3.0,3.5,0,0,0,0,0.0,2,Starmie: 1,None,0,,0,"Damage: 0, Status: 0, Hazard: 0, Weather: 0, Cleric: 0, Screen: 0, Pass: 0",None
school_kid_m_billy_0641_Steelix,school_kid_m_billy_0641,STEELIX,"Crunch: 18 (33.3%), Double Edge: 17 (31.5%), Iron Tail: 10 (18.5%), Stone Edge: 9 (16.7%)",4,3,1.33,0,1.33,0,9.33,7.83,4,5,9,9,17.78,6,Steelix: 4,None,0,,0,"Damage: 0, Status: 0, Hazard: 0, Weather: 0, Cleric: 0, Screen: 0, Pass: 0",None
school_kid_m_billy_0641_Sudowoodo,school_kid_m_billy_0641,SUDOWOODO,"Sucker Punch: 1 (33.3%), Stone Edge: 1 (33.3%), Wood Hammer: 1 (33.3%)",0,3,0.0,0,0.0,0,1.0,2.0,0,0,0,0,0.0,3,None,None,0,,0,"Damage: 0, Status: 0, Hazard: 0, Weather: 0, Cleric: 0, Screen: 0, Pass: 0",None
school_kid_m_billy_0641_Sunflora,school_kid_m_billy_0641,SUNFLORA,"Petal Dance: 14 (43.8%), Razor Leaf: 9 (28.1%), Worry Seed: 6 (18.8%), Sunny Day: 1 (3.1%), Ingrain: 1 (3.1%), Mega Drain: 1 (3.1%)",6,7,0.86,0,0.86,0,3.45,3.09,2,4,0,0,-6.25,11,"Sunflora: 5, Magmar: 1",None,1,,0,"Damage: 0, Status: 0, Hazard: 0, Weather: 0, Cleric: 0, Screen: 0, Pass: 0",None
school_kid_m_billy_0641_Tangela,school_kid_m_billy_0641,TANGELA,"Ancient Power: 4 (44.4%), Stun Spore: 3 (33.3%), Knock Off: 1 (11.1%), Ingrain: 1 (11.1%)",1,3,0.33,0,0.33,0,4.0,3.67,1,2,0,2,6.67,3,Tangela: 1,None,0,,0,"Damage: 0, Status: 0, Hazard: 0, Weather: 0, Cleric: 0, Screen: 0, Pass: 0",None
school_kid_m_billy_0641_Tangrowth,school_kid_m_billy_0641,TANGROWTH,"Ancient Power: 12 (60.0%), Mega Drain: 4 (20.0%), Stun Spore: 4 (20.0%)",6,1,6.0,0,6.0,0,5.75,2.5,2,1,3,1,16.52,4,"Tangrowth: 3, Quagsire: 3",None,1,,0,"Damage: 0, Status: 0, Hazard: 0, Weather: 0, Cleric: 0, Screen: 0, Pass: 0",None
school_kid_m_billy_0641_Tentacruel,school_kid_m_billy_0641,TENTACRUEL,"Water Pulse: 20 (41.7%), Poison Jab: 16 (33.3%), Barrier: 8 (16.7%), Screech: 3 (6.2%), Wrap: 1 (2.1%)",5,3,1.67,0,1.67,0,6.5,4.5,1,2,2,6,-1.4,8,Tentacruel: 5,None,1,,0,"Damage: 0, Status: 0, Hazard: 0, Weather: 0, Cleric: 0, Screen: 0, Pass: 0",None
school_kid_m_billy_0641_Torkoal,school_kid_m_billy_0641,TORKOAL,"Body Slam: 3 (50.0%), Iron Tail: 2 (33.3%), Iron Defense: 1 (16.7%)",1,0,1.0,0,1.0,0,6.0,5.0,1,1,1,0,1.43,1,Torkoal: 1,None,0,,0,"Damage: 0, Status: 0, Hazard: 0, Weather: 0, Cleric: 0, Screen: 0, Pass: 0",None
school_kid_m_billy_0641_Umbreon,school_kid_m_billy_0641,UMBREON,"Shadow Ball: 3 (75.0%), Dark Pulse: 1 (25.0%)",1,0,1.0,0,1.0,0,4.0,0.0,0,0,0,0,-15.0,1,Umbreon: 1,None,0,,0,"Damage: 0, Status: 0, Hazard: 0, Weather: 0, Cleric: 0, Screen: 0, Pass: 0",None
school_kid_m_billy_0641_Ursaring,school_kid_m_billy_0641,URSARING,"Thrash: 2 (66.7%), Scary Face: 1 (33.3%)",1,1,1.0,0,1.0,0,4.0,2.0,0,0,0,0,0.0,1,Ursaring: 1,None,0,,0,"Damage: 0, Status: 0, Hazard: 0, Weather: 0, Cleric: 0, Screen: 0, Pass: 0",None
school_kid_m_billy_0641_Vaporeon,school_kid_m_billy_0641,VAPOREON,Quick Attack: 2 (100.0%),0,1,0.0,0,0.0,0,3.0,3.0,0,0,0,0,0.0,1,None,None,0,,0,"Damage: 0, Status: 0, Hazard: 0, Weather: 0, Cleric: 0, Screen: 0, Pass: 0",None
school_kid_m_billy_0641_Venomoth,school_kid_m_billy_0641,VENOMOTH,None,0,1,0.0,0,0.0,0,1.0,1.0,0,0,0,0,0.0,1,None,None,0,,0,"Damage: 0, Status: 0, Hazard: 0, Weather: 0, Cleric: 0, Screen: 0, Pass: 0",None
school_kid_m_billy_0641_Venonat,school_kid_m_billy_0641,VENONAT,Signal Beam: 1 (100.0%),0,1,0.0,0,0.0,0,4.0,4.0,0,0,0,0,-10.0,1,None,None,0,,0,"Damage: 0, Status: 0, Hazard: 0, Weather: 0, Cleric: 0, Screen: 0, Pass: 0",None
school_kid_m_billy_0641_Venusaur,school_kid_m_billy_0641,VENUSAUR,None,0,2,0.0,0,0.0,0,1.0,1.0,0,0,0,0,0.0,3,None,None,0,,0,"Damage: 0, Status: 0, Hazard: 0, Weather: 0, Cleric: 0, Screen: 0, Pass: 0",None
school_kid_m_billy_0641_Victreebel,school_kid_m_billy_0641,VICTREEBEL,"Protect: 4 (36.4%), Wrap: 3 (27.3%), Acid: 2 (18.2%), Sludge Bomb: 1 (9.1%), Sleep Powder: 1 (9.1%)",4,7,0.57,0,0.57,0,3.0,2.43,0,0,1,0,8.33,7,"Victreebel: 3, Vileplume: 1",None,0,,0,"Damage: 0, Status: 0, Hazard: 0, Weather: 0, Cleric: 0, Screen: 0, Pass: 0",None
school_kid_m_billy_0641_Vileplume,school_kid_m_billy_0641,VILEPLUME,"Petal Dance: 10 (45.5%), Moonlight: 4 (18.2%), Solar Beam: 4 (18.2%), Stun Spore: 2 (9.1%), Giga Drain: 1 (4.5%), Aromatherapy: 1 (4.5%)",3,3,1.0,0,1.0,0,5.4,3.0,0,0,1,0,4.35,5,"Marowak: 2, Vileplume: 1",None,1,,0,"Damage: 0, Status: 0, Hazard: 0, Weather: 0, Cleric: 0, Screen: 0, Pass: 0",None
school_kid_m_billy_0641_Volbeat,school_kid_m_billy_0641,VOLBEAT,Bug Buzz: 1 (100.0%),1,0,1.0,0,1.0,0,1.0,1.0,0,0,0,0,0.0,1,Volbeat: 1,None,0,,0,"Damage: 0, Status: 0, Hazard: 0, Weather: 0, Cleric: 0, Screen: 0, Pass: 0",None
school_kid_m_billy_0641_Vulpix,school_kid_m_billy_0641,VULPIX,Quick Attack: 3 (100.0%),1,0,1.0,0,1.0,0,3.0,1.0,0,0,0,0,0.0,1,Vulpix: 1,None,0,,0,"Damage: 0, Status: 0, Hazard: 0, Weather: 0, Cleric: 0, Screen: 0, Pass: 0",None
school_kid_m_billy_0641_Weezing,school_kid_m_billy_0641,WEEZING,"Double Hit: 27 (48.2%), Assurance: 9 (16.1%), Sludge Bomb: 6 (10.7%), Sludge: 6 (10.7%), Smoke Screen: 5 (8.9%), Thunder: 1 (1.8%), Selfdestruct: 1 (1.8%), Haze: 1 (1.8%)",6,11,0.55,0,0.55,0,4.06,3.06,2,13,5,4,-7.7,16,Weezing: 6,None,1,,0,"Damage: 0, Status: 0, Hazard: 0, Weather: 0, Cleric: 0, Screen: 0, Pass: 0",None
school_kid_m_billy_0641_Whismur,school_kid_m_billy_0641,WHISMUR,"Rest: 5 (71.4%), Roar: 2 (28.6%)",0,0,0.0,0,0.0,0,7.0,0.0,0,0,0,0,0.0,1,None,None,0,,0,"Damage: 0, Status: 0, Hazard: 0, Weather: 0, Cleric: 0, Screen: 0, Pass: 0",None
school_kid_m_billy_0641_Xatu,school_kid_m_billy_0641,XATU,"Ominous Wind: 2 (50.0%), Wish: 1 (25.0%), Psychic: 1 (25.0%)",0,1,0.0,0,0.0,0,2.5,2.0,0,1,0,0,-30.0,2,None,None,0,,0,"Damage: 0, Status: 0, Hazard: 0, Weather: 0, Cleric: 0, Screen: 0, Pass: 0",None
school_kid_m_billy_0642_Alakazam,school_kid_m_billy_0642,ALAKAZAM,"Reflect: 1 (50.0%), Psychic: 1 (50.0%)",1,0,1.0,0,1.0,0,2.0,2.0,0,0,0,0,0.0,1,Alakazam: 1,None,0,,0,"Damage: 0, Status: 0, Hazard: 0, Weather: 0, Cleric: 0, Screen: 0, Pass: 0",None
school_kid_m_billy_0642_Arcanine,school_kid_m_billy_0642,ARCANINE,"Fire Fang: 1 (50.0%), Thunder Fang: 1 (50.0%)",1,0,1.0,0,1.0,0,2.0,1.0,0,0,0,0,-10.0,1,Arcanine: 1,None,0,,0,"Damage: 0, Status: 0, Hazard: 0, Weather: 0, Cleric: 0, Screen: 0, Pass: 0",None
school_kid_m_billy_0642_Ditto,school_kid_m_billy_0642,DITTO,Transform: 26 (100.0%),0,17,0.0,0,0.0,0,2.02,0.53,0,0,2,0,7.14,45,None,"Magmortar: 4, Tentacruel: 3, Starmie: 3",0,,0,"Damage: 0, Status: 0, Hazard: 0, Weather: 0, Cleric: 0, Screen: 0, Pass: 0",None
school_kid_m_billy_0642_Golbat,school_kid_m_billy_0642,GOLBAT,"Poison Fang: 3 (75.0%), Air Slash: 1 (25.0%)",0,1,0.0,0,0.0,0,5.0,4.0,0,0,1,0,-4.0,1,None,None,0,,0,"Damage: 0, Status: 0, Hazard: 0, Weather: 0, Cleric: 0, Screen: 0, Pass: 0",None
school_kid_m_billy_0642_Golduck,school_kid_m_billy_0642,GOLDUCK,"Zen Headbutt: 2 (50.0%), Amnesia: 1 (25.0%), Psych Up: 1 (25.0%)",0,1,0.0,0,0.0,0,5.0,3.0,1,0,0,1,40.0,1,None,None,0,,0,"Damage: 0, Status: 0, Hazard: 0, Weather: 0, Cleric: 0, Screen: 0, Pass: 0",None
school_kid_m_billy_0642_Hypno,school_kid_m_billy_0642,HYPNO,"Nasty Plot: 1 (50.0%), Psychic: 1 (50.0%)",1,1,1.0,0,1.0,0,3.0,2.0,0,0,0,0,0.0,1,Hypno: 1,None,0,,0,"Damage: 0, Status: 0, Hazard: 0, Weather: 0, Cleric: 0, Screen: 0, Pass: 0",None
school_kid_m_billy_0642_Lanturn,school_kid_m_billy_0642,LANTURN,None,0,2,0.0,0,0.0,0,1.0,1.0,0,0,0,0,0.0,2,None,None,0,,0,"Damage: 0, Status: 0, Hazard: 0, Weather: 0, Cleric: 0, Screen: 0, Pass: 0",None
school_kid_m_billy_0642_Lickitung,school_kid_m_billy_0642,LICKITUNG,"Rollout: 4 (80.0%), Me First: 1 (20.0%)",1,0,1.0,0,1.0,0,5.0,0.0,0,0,0,0,0.0,1,Lickitung: 1,None,0,,0,"Damage: 0, Status: 0, Hazard: 0, Weather: 0, Cleric: 0, Screen: 0, Pass: 0",None
school_kid_m_billy_0642_MrMime,school_kid_m_billy_0642,MR MIME,"Psychic: 2885 (71.5%), Substitute: 910 (22.6%), Trick Room: 240 (5.9%)",1929,135,14.29,161,15.48,130,3.93,0.49,192,33,84,107,6.34,1117,"Magikarp: 57, Koffing: 41, Butterfree: 38","Magmortar: 7, Arcanine: 7, Tentacruel: 6",307,96.22,1,"Damage: 161, Status: 0, Hazard: 0, Weather: 0, Cleric: 0, Screen: 0, Pass: 0",None
school_kid_m_billy_0642_Nidoqueen,school_kid_m_billy_0642,NIDOQUEEN,"Body Slam: 3 (50.0%), Earth Power: 2 (33.3%), Poison Sting: 1 (16.7%)",2,2,1.0,0,1.0,0,2.67,2.0,1,0,0,0,0.0,3,Nidoqueen: 2,None,0,,0,"Damage: 0, Status: 0, Hazard: 0, Weather: 0, Cleric: 0, Screen: 0, Pass: 0",None
school_kid_m_billy_0642_Nidorino,school_kid_m_billy_0642,NIDORINO,"Toxic Spikes: 3 (60.0%), Poison Jab: 2 (40.0%)",1,1,1.0,0,1.0,0,5.0,0.0,0,0,0,0,-6.0,1,Nidorino: 1,None,0,,0,"Damage: 0, Status: 0, Hazard: 0, Weather: 0, Cleric: 0, Screen: 0, Pass: 0",None
school_kid_m_billy_0642_Parasect,school_kid_m_billy_0642,PARASECT,"Slash: 217 (43.2%), X Scissor: 124 (24.7%), Giga Drain: 90 (17.9%), Spore: 64 (12.7%), Growth: 7 (1.4%)",214,66,3.24,41,3.86,4,3.64,1.59,32,7,21,0,8.8,211,"Quagsire: 18, Seaking: 11, Starmie: 10","Golduck: 5, Ampharos: 4, Magmortar: 4",27,96.3,0,"Damage: 38, Status: 16, Hazard: 0, Weather: 0, Cleric: 0, Screen: 0, Pass: 0",None
school_kid_m_billy_0642_Poliwhirl,school_kid_m_billy_0642,POLIWHIRL,"Mud Shot: 5 (55.6%), Bubble Beam: 4 (44.4%)",0,6,0.0,0,0.0,0,3.17,0.0,0,0,0,0,0.0,6,None,None,0,,0,"Damage: 0, Status: 0, Hazard: 0, Weather: 0, Cleric: 0, Screen: 0, Pass: 0",None
school_kid_m_billy_0642_Poliwrath,school_kid_m_billy_0642,POLIWRATH,"Wake Up Slap: 236 (32.6%), Dynamic Punch: 231 (31.9%), Hypnosis: 185 (25.5%), Belly Drum: 73 (10.1%)",187,69,2.71,37,3.25,16,5.18,1.95,20,192,16,33,-21.05,196,"Seaking: 14, Magmar: 8, Dewgong: 7","Starmie: 7, Golduck: 5, Nidoqueen: 4",20,,0,"Damage: 31, Status: 30, Hazard: 0, Weather: 0, Cleric: 0, Screen: 0, Pass: 0",None
school_kid_m_billy_0642_Porygon2,school_kid_m_billy_0642,PORYGON2,Protect: 1 (100.0%),0,0,0.0,0,0.0,0,1.0,0.0,0,0,0,0,0.0,1,None,None,0,,0,"Damage: 0, Status: 0, Hazard: 0, Weather: 0, Cleric: 0, Screen: 0, Pass: 0",None
school_kid_m_billy_0642_Skarmory,school_kid_m_billy_0642,SKARMORY,"Night Slash: 3 (50.0%), Air Slash: 2 (33.3%), Slash: 1 (16.7%)",2,0,2.0,0,2.0,0,6.0,4.0,0,0,0,0,-5.0,1,"Skarmory: 1, Fearow: 1",None,0,,0,"Damage: 0, Status: 0, Hazard: 0, Weather: 0, Cleric: 0, Screen: 0, Pass: 0",None
school_kid_m_billy_0642_Starmie,school_kid_m_billy_0642,STARMIE,None,0,2,0.0,0,0.0,0,1.0,1.0,0,0,0,0,0.0,2,None,None,0,,0,"Damage: 0, Status: 0, Hazard: 0, Weather: 0, Cleric: 0, Screen: 0, Pass: 0",None
school_kid_m_billy_0642_Steelix,school_kid_m_billy_0642,STEELIX,"Iron Tail: 4 (44.4%), Double Edge: 3 (33.3%), Stone Edge: 2 (22.2%)",1,0,1.0,0,1.0,0,9.0,7.0,0,1,2,2,19.09,1,Steelix: 1,None,0,,0,"Damage: 0, Status: 0, Hazard: 0, Weather: 0, Cleric: 0, Screen: 0, Pass: 0",None
school_kid_m_billy_0642_Tangela,school_kid_m_billy_0642,TANGELA,"Stun Spore: 2 (40.0%), Giga Drain: 2 (40.0%), Ancient Power: 1 (20.0%)",2,0,2.0,0,2.0,0,5.0,3.0,0,0,0,0,-2.0,1,"Tangela: 1, Tauros: 1",None,0,,0,"Damage: 0, Status: 0, Hazard: 0, Weather: 0, Cleric: 0, Screen: 0, Pass: 0",None
school_kid_m_billy_0642_Tangrowth,school_kid_m_billy_0642,TANGROWTH,Wring Out: 1 (100.0%),0,1,0.0,0,0.0,0,2.0,2.0,0,0,0,0,0.0,1,None,None,0,,0,"Damage: 0, Status: 0, Hazard: 0, Weather: 0, Cleric: 0, Screen: 0, Pass: 0",None
school_kid_m_billy_0642_Tentacruel,school_kid_m_billy_0642,TENTACRUEL,"Poison Jab: 3 (60.0%), Wring Out: 1 (20.0%), Hydro Pump: 1 (20.0%)",2,1,2.0,0,2.0,0,3.5,2.5,0,0,0,0,-6.0,2,"Tentacruel: 1, Hypno: 1",None,0,,0,"Damage: 0, Status: 0, Hazard: 0, Weather: 0, Cleric: 0, Screen: 0, Pass: 0",None
school_kid_m_chad_0397_MrMime,school_kid_m_chad_0397,MR MIME,"Meditate: 2626 (41.9%), Double Slap: 2333 (37.3%), Mimic: 701 (11.2%), Encore: 554 (8.8%), Struggle: 47 (0.8%)",303,1030,0.29,11,0.3,0,7.37,3.27,142,496,341,17,-0.18,1137,"Magikarp: 40, Bellsprout: 28, Pidgey: 22","Geodude: 17, Seaking: 17, Koffing: 17",35,16.45,0,"Damage: 11, Status: 2, Hazard: 0, Weather: 0, Cleric: 0, Screen: 0, Pass: 0","Tackle: 129 (13.9%), Splash: 50 (5.4%), Water Gun: 36 (3.9%), Defense Curl: 31 (3.3%), Harden: 29 (3.1%), Mud Sport: 25 (2.7%), Rock Polish: 25 (2.7%), Vine Whip: 22 (2.4%), Quick Attack: 22 (2.4%), Curse: 22 (2.4%), Disable: 20 (2.2%), Safeguard: 20 (2.2%), Acid: 18 (1.9%), Pound: 17 (1.8%), Tailwind: 15 (1.6%), Ember: 14 (1.5%), Double Team: 13 (1.4%), Amnesia: 13 (1.4%), Rollout: 13 (1.4%), Gust: 13 (1.4%), Leer: 12 (1.3%), Rest: 12 (1.3%), Poison Sting: 12 (1.3%), Protect: 11 (1.2%), Thunder Shock: 11 (1.2%), Rapid Spin: 11 (1.2%), Scratch: 10 (1.1%), Sucker Punch: 10 (1.1%), Camouflage: 10 (1.1%), Bug Buzz: 10 (1.1%), Follow Me: 10 (1.1%), Bubble: 9 (1.0%), Icicle Spear: 9 (1.0%), Tail Whip: 8 (0.9%), Present: 8 (0.9%), Wake Up Slap: 8 (0.9%), Smoke Screen: 7 (0.8%), Agility: 7 (0.8%), Growth: 7 (0.8%), Hypnosis: 7 (0.8%), String Shot: 6 (0.6%), Peck: 6 (0.6%), Mud Slap: 5 (0.5%), Sand Attack: 5 (0.5%), Ice Shard: 5 (0.5%), Screech: 5 (0.5%), Bind: 5 (0.5%), Growl: 5 (0.5%), Fury Attack: 5 (0.5%), Recover: 5 (0.5%), Yawn: 5 (0.5%), Sing: 5 (0.5%), Flash: 5 (0.5%), Super Fang: 5 (0.5%), Mega Drain: 5 (0.5%), Confusion: 4 (0.4%), Supersonic: 4 (0.4%), Sweet Kiss: 4 (0.4%), Rage: 4 (0.4%), Uproar: 4 (0.4%), Vice Grip: 4 (0.4%), Karate Chop: 4 (0.4%), Aqua Ring: 4 (0.4%), Astonish: 4 (0.4%), Bullet Seed: 4 (0.4%), Scary Face: 4 (0.4%), Charge Beam: 4 (0.4%), Conversion 2: 4 (0.4%), Stockpile: 3 (0.3%), Swords Dance: 3 (0.3%), Minimize: 3 (0.3%), Constrict: 3 (0.3%), Charge: 3 (0.3%), Pursuit: 2 (0.2%), Lock On: 2 (0.2%), Leech Life: 2 (0.2%), Faint Attack: 2 (0.2%), Sonic Boom: 2 (0.2%), Gastro Acid: 2 (0.2%), Fury Swipes: 2 (0.2%), Gyro Ball: 2 (0.2%), Bite: 2 (0.2%), Water Pulse: 2 (0.2%), Magnet Rise: 2 (0.2%), Iron Defense: 2 (0.2%), Stun Spore: 2 (0.2%), Endure: 1 (0.1%), Psychic: 1 (0.1%), Flail: 1 (0.1%), Aromatherapy: 1 (0.1%), Icy Wind: 1 (0.1%), Poison Powder: 1 (0.1%), Light Screen: 1 (0.1%), Twister: 1 (0.1%), Magnitude: 1 (0.1%), Sludge: 1 (0.1%), Calm Mind: 1 (0.1%), Take Down: 1 (0.1%), Feather Dance: 1 (0.1%), Rock Tomb: 1 (0.1%), Whirlpool: 1 (0.1%), Rain Dance: 1 (0.1%), Mean Look: 1 (0.1%), Spite: 1 (0.1%), Seismic Toss: 1 (0.1%), Reflect: 1 (0.1%), Odor Sleuth: 1 (0.1%), Mach Punch: 1 (0.1%)"
school_kid_m_chad_0434_Dugtrio,school_kid_m_chad_0434,DUGTRIO,None,0,0,0.0,0,0.0,0,0.0,0.0,0,0,1,0,100.0,1,None,None,0,,0,"Damage: 0, Status: 0, Hazard: 0, Weather: 0, Cleric: 0, Screen: 0, Pass: 0",None
school_kid_m_chad_0434_Magnemite,school_kid_m_chad_0434,MAGNEMITE,"Lock On: 1361 (35.6%), Magnet Bomb: 921 (24.1%), Spark: 828 (21.7%), Thunder Wave: 711 (18.6%)",292,733,0.4,67,0.49,0,5.99,2.75,126,10,136,185,6.29,881,"Magikarp: 34, Goldeen: 20, Pidgey: 12","Seaking: 33, Magmar: 22, Seadra: 17",29,28.57,1,"Damage: 54, Status: 51, Hazard: 0, Weather: 0, Cleric: 0, Screen: 0, Pass: 0",None
school_kid_m_chad_0434_MrMime,school_kid_m_chad_0434,MR MIME,"Psybeam: 2831 (49.2%), Reflect: 1345 (23.4%), Light Screen: 1072 (18.6%), Substitute: 496 (8.6%), Double Slap: 7 (0.1%), Meditate: 3 (0.1%), Mimic: 2 (0.0%)",1013,776,1.31,235,1.61,141,5.87,2.16,176,104,189,151,4.09,1236,"Koffing: 39, Bellsprout: 30, Voltorb: 28","Seaking: 25, Graveler: 20, Fearow: 19",150,57.85,0,"Damage: 159, Status: 36, Hazard: 0, Weather: 0, Cleric: 0, Screen: 110, Pass: 0","Light Screen: 2 (50.0%), Psybeam: 2 (50.0%)"
school_kid_m_chad_0434_Quagsire,school_kid_m_chad_0434,QUAGSIRE,None,0,0,0.0,0,0.0,0,0.0,0.0,0,0,0,0,0.0,4,None,None,0,,0,"Damage: 0, Status: 0, Hazard: 0, Weather: 0, Cleric: 0, Screen: 0, Pass: 0",None
school_kid_m_chad_0435_Dugtrio,school_kid_m_chad_0435,DUGTRIO,None,0,0,0.0,0,0.0,0,0.0,0.0,0,0,1,0,100.0,1,None,None,0,,0,"Damage: 0, Status: 0, Hazard: 0, Weather: 0, Cleric: 0, Screen: 0, Pass: 0",None
school_kid_m_chad_0435_Magnemite,school_kid_m_chad_0435,MAGNEMITE,"Thunder Wave: 2 (33.3%), Lock On: 2 (33.3%), Magnet Bomb: 1 (16.7%), Spark: 1 (16.7%)",0,2,0.0,0,0.0,0,4.0,0.0,0,0,0,0,0.0,2,None,None,0,,0,"Damage: 0, Status: 0, Hazard: 0, Weather: 0, Cleric: 0, Screen: 0, Pass: 0",None
school_kid_m_chad_0435_Magneton,school_kid_m_chad_0435,MAGNETON,"Lock On: 836 (44.4%), Magnet Bomb: 504 (26.8%), Spark: 442 (23.5%), Screech: 100 (5.3%)",251,382,0.66,34,0.75,0,5.28,2.97,45,11,103,82,6.91,534,"Magikarp: 15, Gyarados: 10, Seaking: 9","Magmar: 20, Quagsire: 18, Seaking: 16",28,53.7,5,"Damage: 34, Status: 2, Hazard: 0, Weather: 0, Cleric: 0, Screen: 0, Pass: 0",None
school_kid_m_chad_0435_MrMime,school_kid_m_chad_0435,MR MIME,"Psychic: 3328 (76.9%), Substitute: 982 (22.7%), Psybeam: 5 (0.1%), Meditate: 2 (0.0%), Trick: 2 (0.0%), Light Screen: 2 (0.0%), Recycle: 2 (0.0%), Double Slap: 1 (0.0%), Reflect: 1 (0.0%)",1768,446,3.96,171,4.35,81,4.0,0.93,209,53,130,167,6.86,1244,"Magikarp: 43, Koffing: 40, Magnemite: 35","Magmar: 18, Quagsire: 18, Seaking: 15",284,80.14,0,"Damage: 171, Status: 0, Hazard: 0, Weather: 0, Cleric: 0, Screen: 0, Pass: 0",None
school_kid_m_chad_0435_Quagsire,school_kid_m_chad_0435,QUAGSIRE,None,0,0,0.0,0,0.0,0,0.0,0.0,0,0,0,0,0.0,3,None,None,0,,0,"Damage: 0, Status: 0, Hazard: 0, Weather: 0, Cleric: 0, Screen: 0, Pass: 0",None
school_kid_m_chad_0507_Dugtrio,school_kid_m_chad_0507,DUGTRIO,None,0,0,0.0,0,0.0,0,0.0,0.0,0,0,2,0,100.0,2,None,None,0,,0,"Damage: 0, Status: 0, Hazard: 0, Weather: 0, Cleric: 0, Screen: 0, Pass: 0",None
school_kid_m_chad_0507_Magnemite,school_kid_m_chad_0507,MAGNEMITE,"Thunder Wave: 6 (60.0%), Lock On: 2 (20.0%), Magnet Bomb: 2 (20.0%)",0,2,0.0,0,0.0,0,9.0,0.0,0,5,0,0,-50.0,2,None,None,0,,0,"Damage: 0, Status: 0, Hazard: 0, Weather: 0, Cleric: 0, Screen: 0, Pass: 0",None
school_kid_m_chad_0507_Magneton,school_kid_m_chad_0507,MAGNETON,"Magnet Bomb: 1729 (31.1%), Mirror Shot: 1552 (27.9%), Gyro Ball: 1394 (25.0%), Thunder Wave: 880 (15.8%), Lock On: 8 (0.1%), Spark: 4 (0.1%)",1282,270,4.75,110,5.16,13,6.98,2.59,255,391,1007,153,13.22,916,"Magikarp: 45, Butterfree: 28, Seaking: 26","Quagsire: 23, Seaking: 12, Magmar: 11",211,69.23,4,"Damage: 98, Status: 54, Hazard: 0, Weather: 0, Cleric: 0, Screen: 0, Pass: 0",None
school_kid_m_chad_0507_MrMime,school_kid_m_chad_0507,MR MIME,"Double Team: 3120 (48.2%), Psychic: 1720 (26.5%), Light Screen: 1147 (17.7%), Baton Pass: 457 (7.1%), Psybeam: 12 (0.2%), Double Slap: 8 (0.1%), Substitute: 5 (0.1%), Meditate: 5 (0.1%), Reflect: 3 (0.0%), Mimic: 2 (0.0%)",1013,332,3.05,1008,6.09,173,6.42,1.86,111,61,1587,65,20.32,1254,"Koffing: 26, Magmar: 24, Magnemite: 19","Quagsire: 20, Graveler: 14, Magmar: 13",147,84.77,2,"Damage: 199, Status: 0, Hazard: 0, Weather: 0, Cleric: 0, Screen: 95, Pass: 741",Light Screen: 4 (100.0%)
school_kid_m_chad_0507_Quagsire,school_kid_m_chad_0507,QUAGSIRE,None,0,0,0.0,0,0.0,0,0.0,0.0,0,0,0,0,0.0,3,None,None,0,,0,"Damage: 0, Status: 0, Hazard: 0, Weather: 0, Cleric: 0, Screen: 0, Pass: 0",None
school_kid_m_connor_0566_Zigzagoon,school_kid_m_connor_0566,ZIGZAGOON,"Secret Power: 2492 (57.5%), Belly Drum: 889 (20.5%), Rest: 849 (19.6%), Flail: 104 (2.4%)",1074,789,1.36,33,1.4,0,4.38,2.09,168,69,171,0,5.99,1237,"Magikarp: 56, Bellsprout: 30, Shellder: 27","Graveler: 22, Seaking: 21, Quagsire: 16",155,49.39,0,"Damage: 33, Status: 0, Hazard: 0, Weather: 0, Cleric: 0, Screen: 0, Pass: 0",None
school_kid_m_danny_0327_Dugtrio,school_kid_m_danny_0327,DUGTRIO,None,0,0,0.0,0,0.0,0,0.0,0.0,0,0,2,0,100.0,2,None,None,0,,0,"Damage: 0, Status: 0, Hazard: 0, Weather: 0, Cleric: 0, Screen: 0, Pass: 0",None
school_kid_m_danny_0327_Electabuzz,school_kid_m_danny_0327,ELECTABUZZ,"Light Screen: 706 (37.6%), Thunderbolt: 417 (22.2%), Discharge: 382 (20.3%), Thunder Punch: 375 (19.9%)",677,257,2.63,101,3.03,16,4.21,1.56,78,21,71,78,6.99,648,"Seaking: 39, Magmar: 22, Seadra: 21","Quagsire: 27, Golem: 13, Graveler: 12",99,66.0,1,"Damage: 80, Status: 36, Hazard: 0, Weather: 0, Cleric: 0, Screen: 22, Pass: 0",None
school_kid_m_danny_0327_Jynx,school_kid_m_danny_0327,JYNX,"Body Slam: 1627 (35.5%), Avalanche: 1170 (25.6%), Wake Up Slap: 1050 (22.9%), Fake Tears: 724 (15.8%), Struggle: 6 (0.1%)",1072,742,1.44,583,2.23,25,4.52,2.21,224,75,164,345,6.5,1193,"Magikarp: 56, Geodude: 28, Voltorb: 27","Graveler: 38, Seaking: 24, Magmar: 22",147,59.43,1,"Damage: 583, Status: 121, Hazard: 0, Weather: 0, Cleric: 0, Screen: 0, Pass: 0",None
school_kid_m_danny_0327_Magmar,school_kid_m_danny_0327,MAGMAR,"Fire Punch: 330 (28.5%), Flamethrower: 330 (28.5%), Lava Plume: 321 (27.7%), Confuse Ray: 176 (15.2%)",420,225,1.87,86,2.25,0,3.94,1.35,51,27,52,89,6.29,450,"Graveler: 19, Beedrill: 16, Butterfree: 16","Quagsire: 21, Graveler: 21, Golem: 14",63,,1,"Damage: 73, Status: 55, Hazard: 0, Weather: 0, Cleric: 0, Screen: 0, Pass: 0",None
school_kid_m_danny_0327_Quagsire,school_kid_m_danny_0327,QUAGSIRE,None,0,0,0.0,0,0.0,0,0.0,0.0,0,0,0,0,0.0,4,None,None,0,,0,"Damage: 0, Status: 0, Hazard: 0, Weather: 0, Cleric: 0, Screen: 0, Pass: 0",None
school_kid_m_dudley_0329_Oddish,school_kid_m_dudley_0329,ODDISH,"Petal Dance: 3185 (82.6%), Giga Drain: 348 (9.0%), Moonlight: 319 (8.3%), Natural Gift: 3 (0.1%)",1671,585,2.86,13,2.88,0,4.31,2.54,213,50,150,0,7.82,1257,"Magikarp: 58, Voltorb: 49, Magnemite: 40","Magmar: 21, Graveler: 16, Rapidash: 15",236,77.72,0,"Damage: 13, Status: 0, Hazard: 0, Weather: 0, Cleric: 0, Screen: 0, Pass: 0",None
school_kid_m_jack_0178_Dugtrio,school_kid_m_jack_0178,DUGTRIO,None,0,0,0.0,0,0.0,0,0.0,0.0,0,0,2,0,100.0,2,None,None,0,,0,"Damage: 0, Status: 0, Hazard: 0, Weather: 0, Cleric: 0, Screen: 0, Pass: 0",None
school_kid_m_jack_0178_Oddish,school_kid_m_jack_0178,ODDISH,"Acid: 1348 (45.7%), Absorb: 875 (29.7%), Sweet Scent: 724 (24.6%), Struggle: 2 (0.1%)",300,1046,0.29,145,0.43,1,3.71,2.05,134,120,165,105,5.66,1161,"Magikarp: 54, Bellsprout: 26, Geodude: 18","Magmar: 18, Poliwhirl: 18, Koffing: 18",38,18.35,0,"Damage: 145, Status: 0, Hazard: 0, Weather: 0, Cleric: 0, Screen: 0, Pass: 0",None
school_kid_m_jack_0178_Quagsire,school_kid_m_jack_0178,QUAGSIRE,None,0,0,0.0,0,0.0,0,0.0,0.0,0,0,0,0,0.0,4,None,None,0,,0,"Damage: 0, Status: 0, Hazard: 0, Weather: 0, Cleric: 0, Screen: 0, Pass: 0",None
school_kid_m_jack_0178_Voltorb,school_kid_m_jack_0178,VOLTORB,"Rollout: 924 (45.7%), Tackle: 378 (18.7%), Sonic Boom: 371 (18.3%), Spark: 349 (17.3%)",214,968,0.22,29,0.25,0,3.68,1.52,103,153,93,81,1.81,1060,"Gastly: 23, Growlithe: 8, Butterfree: 8","Graveler: 18, Seaking: 18, Magmar: 17",27,16.67,2,"Damage: 29, Status: 1, Hazard: 0, Weather: 0, Cleric: 0, Screen: 0, Pass: 0",None
school_kid_m_jack_0430_Dugtrio,school_kid_m_jack_0430,DUGTRIO,None,0,0,0.0,0,0.0,0,0.0,0.0,0,0,2,0,100.0,2,None,None,0,,0,"Damage: 0, Status: 0, Hazard: 0, Weather: 0, Cleric: 0, Screen: 0, Pass: 0",None
school_kid_m_jack_0430_Gloom,school_kid_m_jack_0430,GLOOM,"Mega Drain: 4520 (49.7%), Stun Spore: 2108 (23.2%), Lucky Chant: 1783 (19.6%), Sleep Powder: 668 (7.3%), Struggle: 14 (0.2%)",1051,832,1.26,129,1.42,17,8.17,3.58,257,862,274,0,-3.53,1265,"Magikarp: 56, Goldeen: 43, Geodude: 35","Seaking: 24, Graveler: 21, Magmar: 20",141,52.81,0,"Damage: 106, Status: 123, Hazard: 0, Weather: 0, Cleric: 0, Screen: 0, Pass: 0",None
school_kid_m_jack_0430_Oddish,school_kid_m_jack_0430,ODDISH,"Sweet Scent: 4 (50.0%), Acid: 4 (50.0%)",0,2,0.0,0,0.0,0,9.5,0.0,0,0,0,0,0.0,2,None,None,0,100.0,0,"Damage: 0, Status: 0, Hazard: 0, Weather: 0, Cleric: 0, Screen: 0, Pass: 0",None
school_kid_m_jack_0430_Quagsire,school_kid_m_jack_0430,QUAGSIRE,None,0,0,0.0,0,0.0,0,0.0,0.0,0,0,0,0,0.0,5,None,None,0,,0,"Damage: 0, Status: 0, Hazard: 0, Weather: 0, Cleric: 0, Screen: 0, Pass: 0",None
school_kid_m_jack_0430_Voltorb,school_kid_m_jack_0430,VOLTORB,"Rollout: 703 (42.1%), Sonic Boom: 336 (20.1%), Tackle: 329 (19.7%), Spark: 303 (18.1%)",116,813,0.14,40,0.19,0,3.37,1.22,63,142,55,67,-2.03,862,"Gastly: 15, Butterfree: 10, Bronzor: 6","Seaking: 24, Golem: 18, Quagsire: 17",10,18.0,6,"Damage: 40, Status: 1, Hazard: 0, Weather: 0, Cleric: 0, Screen: 0, Pass: 0",None
school_kid_m_jack_0431_Dugtrio,school_kid_m_jack_0431,DUGTRIO,None,0,0,0.0,0,0.0,0,0.0,0.0,0,0,2,0,100.0,2,None,None,0,,0,"Damage: 0, Status: 0, Hazard: 0, Weather: 0, Cleric: 0, Screen: 0, Pass: 0",None
school_kid_m_jack_0431_Electrode,school_kid_m_jack_0431,ELECTRODE,"Charge Beam: 1245 (52.0%), Light Screen: 662 (27.6%), Screech: 332 (13.9%), Selfdestruct: 157 (6.6%)",354,556,0.64,22,0.68,0,4.66,1.89,78,209,73,740,-2.97,689,"Butterfree: 25, Fearow: 18, Skiploom: 12","Magmar: 17, Quagsire: 14, Rapidash: 14",43,40.38,3,"Damage: 14, Status: 0, Hazard: 0, Weather: 0, Cleric: 0, Screen: 8, Pass: 0",None
school_kid_m_jack_0431_Gloom,school_kid_m_jack_0431,GLOOM,"Stun Spore: 14 (38.9%), Mega Drain: 14 (38.9%), Lucky Chant: 8 (22.2%)",0,2,0.0,0,0.0,0,23.5,0.0,2,2,0,0,0.0,2,None,None,0,100.0,0,"Damage: 0, Status: 0, Hazard: 0, Weather: 0, Cleric: 0, Screen: 0, Pass: 0",None
school_kid_m_jack_0431_Oddish,school_kid_m_jack_0431,ODDISH,"Acid: 3 (60.0%), Sweet Scent: 1 (20.0%), Absorb: 1 (20.0%)",0,2,0.0,0,0.0,0,3.5,0.0,1,0,0,0,20.0,2,None,None,0,100.0,0,"Damage: 0, Status: 0, Hazard: 0, Weather: 0, Cleric: 0, Screen: 0, Pass: 0",None
school_kid_m_jack_0431_Quagsire,school_kid_m_jack_0431,QUAGSIRE,None,0,0,0.0,0,0.0,0,0.0,0.0,0,0,0,0,0.0,1,None,None,0,,0,"Damage: 0, Status: 0, Hazard: 0, Weather: 0, Cleric: 0, Screen: 0, Pass: 0",None
school_kid_m_jack_0431_Vileplume,school_kid_m_jack_0431,VILEPLUME,"Mega Drain: 5746 (62.7%), Stun Spore: 2336 (25.5%), Poison Powder: 578 (6.3%), Aromatherapy: 496 (5.4%), Struggle: 6 (0.1%)",1405,629,2.23,346,2.78,22,8.2,3.64,376,876,307,0,-2.04,1252,"Magikarp: 58, Seaking: 47, Geodude: 34","Magmar: 21, Butterfree: 18, Beedrill: 17",207,70.51,0,"Damage: 304, Status: 316, Hazard: 0, Weather: 0, Cleric: 0, Screen: 0, Pass: 0",None
school_kid_m_jack_0431_Voltorb,school_kid_m_jack_0431,VOLTORB,Rollout: 5 (100.0%),0,4,0.0,0,0.0,0,3.25,0.0,1,0,0,0,20.0,4,None,None,0,,0,"Damage: 0, Status: 0, Hazard: 0, Weather: 0, Cleric: 0, Screen: 0, Pass: 0",None
school_kid_m_jack_0503_Arcanine,school_kid_m_jack_0503,ARCANINE,"Crunch: 332 (32.9%), Extreme Speed: 325 (32.2%), Flamethrower: 311 (30.8%), Reversal: 41 (4.1%)",468,76,6.16,50,6.82,5,4.3,1.43,55,11,35,47,7.23,335,"Magmar: 16, Weezing: 12, Vileplume: 12","Magcargo: 6, Tentacruel: 5, Nidoqueen: 4",63,,0,"Damage: 50, Status: 3, Hazard: 0, Weather: 0, Cleric: 0, Screen: 0, Pass: 0",None
school_kid_m_jack_0503_Dugtrio,school_kid_m_jack_0503,DUGTRIO,None,0,0,0.0,0,0.0,0,0.0,0.0,0,0,2,0,100.0,2,None,None,0,,0,"Damage: 0, Status: 0, Hazard: 0, Weather: 0, Cleric: 0, Screen: 0, Pass: 0",None
school_kid_m_jack_0503_Electrode,school_kid_m_jack_0503,ELECTRODE,"Rollout: 2353 (47.1%), Swift: 941 (18.8%), Charge: 913 (18.3%), Charge Beam: 790 (15.8%), Light Screen: 1 (0.0%)",1298,499,2.6,534,3.67,60,4.85,2.44,258,362,145,476,0.67,1133,"Magikarp: 57, Butterfree: 31, Goldeen: 28","Graveler: 29, Magmar: 14, Seaking: 12",200,70.1,0,"Damage: 534, Status: 0, Hazard: 0, Weather: 0, Cleric: 0, Screen: 0, Pass: 0",None
school_kid_m_jack_0503_Gloom,school_kid_m_jack_0503,GLOOM,"Mega Drain: 7 (63.6%), Stun Spore: 3 (27.3%), Lucky Chant: 1 (9.1%)",0,2,0.0,0,0.0,0,6.5,0.0,0,1,0,0,-9.09,2,None,None,0,100.0,0,"Damage: 0, Status: 0, Hazard: 0, Weather: 0, Cleric: 0, Screen: 0, Pass: 0",None
school_kid_m_jack_0503_Oddish,school_kid_m_jack_0503,ODDISH,"Absorb: 2 (66.7%), Acid: 1 (33.3%)",0,2,0.0,0,0.0,0,2.5,0.0,2,0,0,0,66.67,2,None,None,0,100.0,0,"Damage: 0, Status: 0, Hazard: 0, Weather: 0, Cleric: 0, Screen: 0, Pass: 0",None
school_kid_m_jack_0503_Vileplume,school_kid_m_jack_0503,VILEPLUME,"Solar Beam: 717 (54.0%), Sunny Day: 287 (21.6%), Giga Drain: 236 (17.8%), Moonlight: 74 (5.6%), Mega Drain: 12 (0.9%), Stun Spore: 3 (0.2%)",540,93,5.81,62,6.47,18,4.67,1.98,57,8,52,0,7.31,410,"Quagsire: 32, Seaking: 31, Graveler: 19","Golbat: 6, Arcanine: 5, Yanmega: 5",79,90.38,0,"Damage: 60, Status: 0, Hazard: 0, Weather: 6, Cleric: 0, Screen: 0, Pass: 0",None
school_kid_m_jack_0503_Voltorb,school_kid_m_jack_0503,VOLTORB,"Sonic Boom: 1 (50.0%), Spark: 1 (50.0%)",0,4,0.0,0,0.0,0,2.25,0.0,0,0,0,0,0.0,4,None,None,0,,0,"Damage: 0, Status: 0, Hazard: 0, Weather: 0, Cleric: 0, Screen: 0, Pass: 0",None
school_kid_m_joe_0330_Dugtrio,school_kid_m_joe_0330,DUGTRIO,None,0,0,0.0,0,0.0,0,0.0,0.0,0,0,3,0,100.0,2,None,None,0,,0,"Damage: 0, Status: 0, Hazard: 0, Weather: 0, Cleric: 0, Screen: 0, Pass: 0",None
school_kid_m_joe_0330_Quagsire,school_kid_m_joe_0330,QUAGSIRE,None,0,0,0.0,0,0.0,0,0.0,0.0,0,0,0,0,0.0,16,None,None,0,,0,"Damage: 0, Status: 0, Hazard: 0, Weather: 0, Cleric: 0, Screen: 0, Pass: 0",None
school_kid_m_joe_0330_Tangela,school_kid_m_joe_0330,TANGELA,"Ancient Power: 2649 (58.1%), Slam: 1852 (40.6%), Natural Gift: 52 (1.1%), Knock Off: 7 (0.2%)",1574,534,2.95,375,3.65,43,4.49,2.3,232,506,149,242,-3.01,1224,"Magikarp: 58, Koffing: 33, Pikachu: 31","Magmar: 24, Mr Mime: 21, Quagsire: 16",243,76.55,0,"Damage: 375, Status: 0, Hazard: 0, Weather: 0, Cleric: 0, Screen: 0, Pass: 0",None
school_kid_m_joe_0330_Vaporeon,school_kid_m_joe_0330,VAPOREON,"Aurora Beam: 920 (45.7%), Bite: 422 (21.0%), Water Gun: 407 (20.2%), Quick Attack: 264 (13.1%)",606,267,2.27,57,2.48,0,4.93,2.24,110,34,97,185,8.44,607,"Magmar: 24, Quagsire: 19, Butterfree: 19","Quagsire: 15, Tentacruel: 13, Seaking: 11",78,72.31,0,"Damage: 57, Status: 0, Hazard: 0, Weather: 0, Cleric: 0, Screen: 0, Pass: 0",None
school_kid_m_johnny_0135_Bellsprout,school_kid_m_johnny_0135,BELLSPROUT,"Razor Leaf: 2074 (50.7%), Gastro Acid: 1233 (30.1%), Sweet Scent: 719 (17.6%), Knock Off: 60 (1.5%), Struggle: 4 (0.1%)",806,873,0.92,313,1.28,13,4.23,2.25,245,163,178,0,6.09,1226,"Magikarp: 54, Bellsprout: 28, Geodude: 28","Butterfree: 28, Magmar: 22, Seaking: 20",112,44.78,0,"Damage: 313, Status: 0, Hazard: 0, Weather: 0, Cleric: 0, Screen: 0, Pass: 0",None
school_kid_m_johnny_0135_Dugtrio,school_kid_m_johnny_0135,DUGTRIO,None,0,0,0.0,0,0.0,0,0.0,0.0,0,0,2,0,100.0,2,None,None,0,,0,"Damage: 0, Status: 0, Hazard: 0, Weather: 0, Cleric: 0, Screen: 0, Pass: 0",None
school_kid_m_johnny_0135_Victreebel,school_kid_m_johnny_0135,VICTREEBEL,"Razor Leaf: 1354 (43.6%), Vine Whip: 1017 (32.7%), Sleep Powder: 507 (16.3%), Sweet Scent: 228 (7.3%)",456,457,1.0,29,1.06,0,6.03,2.41,222,162,105,0,5.14,708,"Seaking: 21, Butterfree: 16, Magnemite: 14","Magmar: 20, Butterfree: 14, Rapidash: 14",65,,0,"Damage: 29, Status: 9, Hazard: 0, Weather: 0, Cleric: 0, Screen: 0, Pass: 0",None
school_kid_m_johnny_0135_Weepinbell,school_kid_m_johnny_0135,WEEPINBELL,"Razor Leaf: 1798 (68.2%), Gastro Acid: 447 (17.0%), Sweet Scent: 356 (13.5%), Knock Off: 35 (1.3%)",475,686,0.69,263,1.08,8,4.83,2.43,220,103,163,0,10.0,908,"Seaking: 18, Teddiursa: 17, Quagsire: 16","Magmar: 25, Butterfree: 24, Rapidash: 18",68,56.25,0,"Damage: 263, Status: 0, Hazard: 0, Weather: 0, Cleric: 0, Screen: 0, Pass: 0",None
school_kid_m_kipp_0179_Dugtrio,school_kid_m_kipp_0179,DUGTRIO,None,0,0,0.0,0,0.0,0,0.0,0.0,0,0,4,0,100.0,2,None,None,0,,0,"Damage: 0, Status: 0, Hazard: 0, Weather: 0, Cleric: 0, Screen: 0, Pass: 0",None
school_kid_m_kipp_0179_Magnemite,school_kid_m_kipp_0179,MAGNEMITE,"Lock On: 935 (45.5%), Magnet Bomb: 593 (28.8%), Spark: 392 (19.1%), Screech: 137 (6.7%)",171,654,0.26,176,0.53,3,4.37,2.21,60,14,83,110,7.07,781,"Onix: 14, Seaking: 8, Farfetchd: 7","Seadra: 29, Quagsire: 22, Butterfree: 21",8,36.67,5,"Damage: 176, Status: 23, Hazard: 0, Weather: 0, Cleric: 0, Screen: 0, Pass: 0",None
school_kid_m_kipp_0179_Magneton,school_kid_m_kipp_0179,MAGNETON,"Lock On: 1395 (41.2%), Magnet Bomb: 990 (29.2%), Discharge: 741 (21.9%), Screech: 262 (7.7%)",647,505,1.28,60,1.4,3,5.48,2.79,94,28,135,80,5.75,906,"Butterfree: 20, Seaking: 19, Ariados: 16","Magmar: 22, Quagsire: 20, Seadra: 15",83,,0,"Damage: 60, Status: 6, Hazard: 0, Weather: 0, Cleric: 0, Screen: 0, Pass: 0",None
school_kid_m_kipp_0179_Quagsire,school_kid_m_kipp_0179,QUAGSIRE,None,0,0,0.0,0,0.0,0,0.0,0.0,0,0,0,0,0.0,4,None,None,0,,0,"Damage: 0, Status: 0, Hazard: 0, Weather: 0, Cleric: 0, Screen: 0, Pass: 0",None
school_kid_m_kipp_0179_Voltorb,school_kid_m_kipp_0179,VOLTORB,"Magnet Rise: 2013 (30.6%), Swift: 1969 (29.9%), Selfdestruct: 953 (14.5%), Charge Beam: 949 (14.4%), Gyro Ball: 695 (10.6%)",1147,1926,0.6,518,0.86,102,6.08,2.66,254,132,235,591,5.29,1316,"Magikarp: 54, Bellsprout: 34, Goldeen: 28","Quagsire: 36, Seadra: 35, Magmar: 31",168,43.84,6,"Damage: 507, Status: 149, Hazard: 0, Weather: 0, Cleric: 0, Screen: 0, Pass: 0",None
school_kid_m_nate_0428_Exeggutor,school_kid_m_nate_0428,EXEGGUTOR,"Wood Hammer: 710 (26.2%), Stomp: 695 (25.6%), Egg Bomb: 659 (24.3%), Confusion: 651 (24.0%)",1071,541,1.98,39,2.05,3,4.19,2.06,182,182,138,35,4.83,999,"Seaking: 31, Quagsire: 30, Teddiursa: 27","Butterfree: 20, Magmar: 20, Fearow: 12",141,75.81,0,"Damage: 39, Status: 4, Hazard: 0, Weather: 0, Cleric: 0, Screen: 0, Pass: 0",None
school_kid_m_nate_0428_Ledian,school_kid_m_nate_0428,LEDIAN,"Agility: 3092 (39.6%), Mach Punch: 2539 (32.5%), Silver Wind: 2150 (27.6%), Baton Pass: 22 (0.3%)",873,894,0.98,641,1.69,48,6.58,3.23,272,145,283,221,5.25,1318,"Magikarp: 55, Geodude: 28, Voltorb: 24","Graveler: 30, Seaking: 25, Fearow: 20",121,48.18,0,"Damage: 612, Status: 0, Hazard: 0, Weather: 0, Cleric: 0, Screen: 0, Pass: 29",None
school_kid_m_ricky_0429_Aipom,school_kid_m_ricky_0429,AIPOM,"Double Hit: 2570 (41.4%), Nasty Plot: 1569 (25.3%), Fling: 1246 (20.1%), Agility: 804 (13.0%), Struggle: 13 (0.2%)",940,900,1.04,345,1.43,0,5.37,2.52,203,318,197,0,1.28,1261,"Magikarp: 56, Geodude: 37, Bellsprout: 30","Seaking: 29, Graveler: 25, Fearow: 24",133,48.22,0,"Damage: 345, Status: 0, Hazard: 0, Weather: 0, Cleric: 0, Screen: 0, Pass: 0",None
school_kid_m_ricky_0429_Alakazam,school_kid_m_ricky_0429,ALAKAZAM,Psychic: 1 (100.0%),0,1,0.0,0,0.0,0,2.0,2.0,0,0,0,0,-10.0,1,None,None,0,,0,"Damage: 0, Status: 0, Hazard: 0, Weather: 0, Cleric: 0, Screen: 0, Pass: 0",None
school_kid_m_ricky_0429_Ambipom,school_kid_m_ricky_0429,AMBIPOM,Double Hit: 2 (100.0%),0,5,0.0,0,0.0,0,1.4,1.4,0,1,0,0,-50.0,5,None,None,0,,0,"Damage: 0, Status: 0, Hazard: 0, Weather: 0, Cleric: 0, Screen: 0, Pass: 0",None
school_kid_m_ricky_0429_Arbok,school_kid_m_ricky_0429,ARBOK,"Glare: 8 (40.0%), Mud Bomb: 5 (25.0%), Stockpile: 2 (10.0%), Gastro Acid: 2 (10.0%), Crunch: 2 (10.0%), Swallow: 1 (5.0%)",2,6,0.33,0,0.33,0,4.67,2.5,0,6,2,4,-6.36,6,Arbok: 2,None,0,,0,"Damage: 0, Status: 0, Hazard: 0, Weather: 0, Cleric: 0, Screen: 0, Pass: 0",None
school_kid_m_ricky_0429_Arcanine,school_kid_m_ricky_0429,ARCANINE,None,0,1,0.0,0,0.0,0,1.0,1.0,0,0,0,0,0.0,1,None,None,0,,0,"Damage: 0, Status: 0, Hazard: 0, Weather: 0, Cleric: 0, Screen: 0, Pass: 0",None
school_kid_m_ricky_0429_Ariados,school_kid_m_ricky_0429,ARIADOS,"Sucker Punch: 17 (53.1%), Agility: 8 (25.0%), Fury Swipes: 4 (12.5%), Spider Web: 3 (9.4%)",4,3,1.33,0,1.33,0,6.6,3.6,0,1,0,0,-3.12,5,Ariados: 4,None,0,,0,"Damage: 0, Status: 0, Hazard: 0, Weather: 0, Cleric: 0, Screen: 0, Pass: 0",None
school_kid_m_ricky_0429_Azumarill,school_kid_m_ricky_0429,AZUMARILL,"Aqua Ring: 1 (33.3%), Double Edge: 1 (33.3%), Rollout: 1 (33.3%)",0,2,0.0,0,0.0,0,2.5,2.0,0,0,0,0,0.0,2,None,None,0,,0,"Damage: 0, Status: 0, Hazard: 0, Weather: 0, Cleric: 0, Screen: 0, Pass: 0",None
school_kid_m_ricky_0429_Beedrill,school_kid_m_ricky_0429,BEEDRILL,"Agility: 16 (35.6%), Assurance: 14 (31.1%), Poison Jab: 11 (24.4%), Endeavor: 4 (8.9%)",9,10,0.9,0,0.9,0,3.86,1.43,2,0,0,2,5.56,14,"Beedrill: 5, Kakuna: 3, Butterfree: 1",None,2,,0,"Damage: 0, Status: 0, Hazard: 0, Weather: 0, Cleric: 0, Screen: 0, Pass: 0",None
school_kid_m_ricky_0429_Bellossom,school_kid_m_ricky_0429,BELLOSSOM,"Magical Leaf: 7 (50.0%), Stun Spore: 4 (28.6%), Acid: 2 (14.3%), Sweet Scent: 1 (7.1%)",2,2,1.0,0,1.0,0,4.5,2.0,0,1,1,0,-0.67,4,Bellossom: 2,None,0,,0,"Damage: 0, Status: 0, Hazard: 0, Weather: 0, Cleric: 0, Screen: 0, Pass: 0",None
school_kid_m_ricky_0429_Bronzor,school_kid_m_ricky_0429,BRONZOR,"Gyro Ball: 20 (31.2%), Safeguard: 18 (28.1%), Faint Attack: 10 (15.6%), Skill Swap: 9 (14.1%), Future Sight: 5 (7.8%), Iron Defense: 1 (1.6%), Struggle: 1 (1.6%)",2,5,0.4,0,0.4,0,18.25,6.75,0,0,4,0,5.88,4,Bronzor: 2,None,0,,0,"Damage: 0, Status: 0, Hazard: 0, Weather: 0, Cleric: 0, Screen: 0, Pass: 0",None
school_kid_m_ricky_0429_Budew,school_kid_m_ricky_0429,BUDEW,"Stun Spore: 3 (42.9%), Sludge Bomb: 3 (42.9%), Giga Drain: 1 (14.3%)",1,4,0.25,0,0.25,0,2.2,1.8,1,0,0,1,20.0,5,Budew: 1,None,0,,0,"Damage: 0, Status: 0, Hazard: 0, Weather: 0, Cleric: 0, Screen: 0, Pass: 0",None
school_kid_m_ricky_0429_Buizel,school_kid_m_ricky_0429,BUIZEL,"Agility: 1 (50.0%), Swift: 1 (50.0%)",1,0,1.0,0,1.0,0,2.0,1.0,0,0,0,0,0.0,1,Buizel: 1,None,0,,0,"Damage: 0, Status: 0, Hazard: 0, Weather: 0, Cleric: 0, Screen: 0, Pass: 0",None
school_kid_m_ricky_0429_Butterfree,school_kid_m_ricky_0429,BUTTERFREE,"Silver Wind: 26 (32.1%), Bug Buzz: 15 (18.5%), Safeguard: 15 (18.5%), Tailwind: 13 (16.0%), Supersonic: 5 (6.2%), Gust: 4 (4.9%), Whirlwind: 2 (2.5%), Psybeam: 1 (1.2%)",16,20,0.8,0,0.8,0,4.2,2.28,2,1,3,3,3.93,25,"Butterfree: 11, Ariados: 3, Kakuna: 1",None,3,,0,"Damage: 0, Status: 0, Hazard: 0, Weather: 0, Cleric: 0, Screen: 0, Pass: 0",None
school_kid_m_ricky_0429_Charmander,school_kid_m_ricky_0429,CHARMANDER,"Flamethrower: 2 (40.0%), Fire Spin: 2 (40.0%), Slash: 1 (20.0%)",2,2,1.0,0,1.0,0,2.5,1.5,0,0,0,0,-2.0,2,Charmander: 2,None,0,,0,"Damage: 0, Status: 0, Hazard: 0, Weather: 0, Cleric: 0, Screen: 0, Pass: 0",None
school_kid_m_ricky_0429_Charmeleon,school_kid_m_ricky_0429,CHARMELEON,"Scary Face: 2 (50.0%), Dragon Rage: 2 (50.0%)",2,0,2.0,0,2.0,0,2.0,1.0,0,0,0,0,0.0,2,Charmeleon: 2,None,0,,0,"Damage: 0, Status: 0, Hazard: 0, Weather: 0, Cleric: 0, Screen: 0, Pass: 0",None
school_kid_m_ricky_0429_Chatot,school_kid_m_ricky_0429,CHATOT,Mimic: 1 (100.0%),0,2,0.0,0,0.0,0,1.5,1.5,0,0,0,0,0.0,2,None,None,0,,0,"Damage: 0, Status: 0, Hazard: 0, Weather: 0, Cleric: 0, Screen: 0, Pass: 0",None
school_kid_m_ricky_0429_Cherrim,school_kid_m_ricky_0429,CHERRIM,"Petal Dance: 6 (50.0%), Worry Seed: 3 (25.0%), Sunny Day: 2 (16.7%), Take Down: 1 (8.3%)",0,2,0.0,0,0.0,0,6.5,3.5,0,2,0,0,-16.67,2,None,None,0,,0,"Damage: 0, Status: 0, Hazard: 0, Weather: 0, Cleric: 0, Screen: 0, Pass: 0",None
school_kid_m_ricky_0429_Clamperl,school_kid_m_ricky_0429,CLAMPERL,"Whirlpool: 5 (45.5%), Clamp: 5 (45.5%), Water Gun: 1 (9.1%)",1,1,1.0,0,1.0,0,5.5,5.0,0,1,1,0,0.0,2,Clamperl: 1,None,0,,0,"Damage: 0, Status: 0, Hazard: 0, Weather: 0, Cleric: 0, Screen: 0, Pass: 0",None
school_kid_m_ricky_0429_Clefable,school_kid_m_ricky_0429,CLEFABLE,Wake Up Slap: 1 (100.0%),0,2,0.0,0,0.0,0,2.5,2.0,0,0,0,0,0.0,2,None,None,0,,0,"Damage: 0, Status: 0, Hazard: 0, Weather: 0, Cleric: 0, Screen: 0, Pass: 0",None
school_kid_m_ricky_0429_Clefairy,school_kid_m_ricky_0429,CLEFAIRY,"Light Screen: 2 (66.7%), Wake Up Slap: 1 (33.3%)",1,2,0.5,0,0.5,0,2.33,1.33,0,0,0,0,0.0,3,Clefairy: 1,None,0,,0,"Damage: 0, Status: 0, Hazard: 0, Weather: 0, Cleric: 0, Screen: 0, Pass: 0",None
school_kid_m_ricky_0429_Cloyster,school_kid_m_ricky_0429,CLOYSTER,"Aurora Beam: 27 (39.7%), Ice Shard: 17 (25.0%), Toxic Spikes: 12 (17.6%), Protect: 6 (8.8%), Supersonic: 6 (8.8%)",7,6,1.17,0,1.17,0,6.33,4.58,0,3,4,1,0.28,12,"Cloyster: 6, Seel: 1",None,2,,0,"Damage: 0, Status: 0, Hazard: 0, Weather: 0, Cleric: 0, Screen: 0, Pass: 0",None
school_kid_m_ricky_0429_Corsola,school_kid_m_ricky_0429,CORSOLA,"Rock Blast: 6 (46.2%), Bubble Beam: 5 (38.5%), Ancient Power: 2 (15.4%)",5,2,2.5,0,2.5,0,6.5,6.0,0,1,0,0,-11.54,2,Corsola: 5,None,1,,0,"Damage: 0, Status: 0, Hazard: 0, Weather: 0, Cleric: 0, Screen: 0, Pass: 0",None
school_kid_m_ricky_0429_Croagunk,school_kid_m_ricky_0429,CROAGUNK,"Flatter: 2 (40.0%), Sludge Bomb: 2 (40.0%), Poison Jab: 1 (20.0%)",1,2,0.5,0,0.5,0,2.67,2.0,0,0,0,0,-12.0,3,Croagunk: 1,None,0,,0,"Damage: 0, Status: 0, Hazard: 0, Weather: 0, Cleric: 0, Screen: 0, Pass: 0",None
school_kid_m_ricky_0429_Cubone,school_kid_m_ricky_0429,CUBONE,"False Swipe: 1 (33.3%), Rage: 1 (33.3%), Bonemerang: 1 (33.3%)",1,0,1.0,0,1.0,0,3.0,2.0,0,0,0,0,0.0,1,Cubone: 1,None,0,,0,"Damage: 0, Status: 0, Hazard: 0, Weather: 0, Cleric: 0, Screen: 0, Pass: 0",None
school_kid_m_ricky_0429_Delibird,school_kid_m_ricky_0429,DELIBIRD,"Present: 2 (66.7%), Aerial Ace: 1 (33.3%)",1,1,1.0,0,1.0,0,1.5,0.5,0,1,2,0,20.0,2,Delibird: 1,None,0,,0,"Damage: 0, Status: 0, Hazard: 0, Weather: 0, Cleric: 0, Screen: 0, Pass: 0",None
school_kid_m_ricky_0429_Dewgong,school_kid_m_ricky_0429,DEWGONG,"Dive: 13 (20.3%), Encore: 10 (15.6%), Aqua Ring: 10 (15.6%), Ice Shard: 10 (15.6%), Rest: 10 (15.6%), Struggle: 10 (15.6%), Take Down: 1 (1.6%)",1,3,0.33,0,0.33,0,14.17,8.33,3,0,6,0,12.86,6,Dewgong: 1,None,0,,0,"Damage: 0, Status: 0, Hazard: 0, Weather: 0, Cleric: 0, Screen: 0, Pass: 0",None
school_kid_m_ricky_0429_Ditto,school_kid_m_ricky_0429,DITTO,"Transform: 789 (99.6%), Struggle: 3 (0.4%)",0,141,0.0,47,0.33,0,1.97,0.59,0,0,55,0,6.49,923,None,"Seaking: 24, Butterfree: 19, Seadra: 18",0,84.62,0,"Damage: 42, Status: 11, Hazard: 2, Weather: 0, Cleric: 0, Screen: 0, Pass: 0",None
school_kid_m_ricky_0429_Dodrio,school_kid_m_ricky_0429,DODRIO,"Agility: 5 (31.2%), Uproar: 5 (31.2%), Tri Attack: 4 (25.0%), Acupressure: 2 (12.5%)",3,3,1.0,0,1.0,0,4.75,2.5,1,0,0,0,6.25,4,"Dodrio: 2, Doduo: 1",None,0,,0,"Damage: 0, Status: 0, Hazard: 0, Weather: 0, Cleric: 0, Screen: 0, Pass: 0",None
school_kid_m_ricky_0429_Doduo,school_kid_m_ricky_0429,DODUO,Double Hit: 2 (100.0%),1,1,1.0,0,1.0,0,3.0,2.0,1,0,0,0,50.0,1,Doduo: 1,None,0,,0,"Damage: 0, Status: 0, Hazard: 0, Weather: 0, Cleric: 0, Screen: 0, Pass: 0",None
school_kid_m_ricky_0429_Dragonair,school_kid_m_ricky_0429,DRAGONAIR,"Agility: 1 (25.0%), Dragon Rage: 1 (25.0%), Thunder: 1 (25.0%), Surf: 1 (25.0%)",2,3,0.67,0,0.67,0,1.4,1.2,1,0,1,0,40.0,5,Dragonair: 2,None,0,,0,"Damage: 0, Status: 0, Hazard: 0, Weather: 0, Cleric: 0, Screen: 0, Pass: 0",None
school_kid_m_ricky_0429_Dratini,school_kid_m_ricky_0429,DRATINI,"Thunder Wave: 4 (57.1%), Twister: 2 (28.6%), Headbutt: 1 (14.3%)",1,4,0.25,0,0.25,0,2.2,1.6,0,0,0,0,0.0,5,Dratini: 1,None,0,,0,"Damage: 0, Status: 0, Hazard: 0, Weather: 0, Cleric: 0, Screen: 0, Pass: 0",None
school_kid_m_ricky_0429_Dugtrio,school_kid_m_ricky_0429,DUGTRIO,Slash: 1 (100.0%),1,1,1.0,0,1.0,0,0.67,0.67,0,0,2,0,66.67,3,Dugtrio: 1,None,0,,0,"Damage: 0, Status: 0, Hazard: 0, Weather: 0, Cleric: 0, Screen: 0, Pass: 0",None
school_kid_m_ricky_0429_Dunsparce,school_kid_m_ricky_0429,DUNSPARCE,"Rollout: 8 (88.9%), Glare: 1 (11.1%)",2,0,2.0,0,2.0,0,8.5,3.5,1,1,2,0,18.18,2,Dunsparce: 2,None,0,,0,"Damage: 0, Status: 0, Hazard: 0, Weather: 0, Cleric: 0, Screen: 0, Pass: 0",None
school_kid_m_ricky_0429_Electabuzz,school_kid_m_ricky_0429,ELECTABUZZ,"Light Screen: 2 (28.6%), Discharge: 2 (28.6%), Thunder Punch: 1 (14.3%), Quick Attack: 1 (14.3%), Thunderbolt: 1 (14.3%)",1,5,0.2,0,0.2,0,1.67,1.67,0,1,0,0,-24.29,6,Electabuzz: 1,None,0,,0,"Damage: 0, Status: 0, Hazard: 0, Weather: 0, Cleric: 0, Screen: 0, Pass: 0",None
school_kid_m_ricky_0429_Electrike,school_kid_m_ricky_0429,ELECTRIKE,"Thunder Wave: 2 (66.7%), Roar: 1 (33.3%)",0,1,0.0,0,0.0,0,5.0,2.0,0,0,0,0,0.0,1,None,None,0,,0,"Damage: 0, Status: 0, Hazard: 0, Weather: 0, Cleric: 0, Screen: 0, Pass: 0",None
school_kid_m_ricky_0429_Electrode,school_kid_m_ricky_0429,ELECTRODE,"Rollout: 6 (21.4%), Thunder: 5 (17.9%), Charge Beam: 4 (14.3%), Swift: 3 (10.7%), Sonic Boom: 3 (10.7%), Rain Dance: 2 (7.1%), Charge: 2 (7.1%), Screech: 1 (3.6%), Double Team: 1 (3.6%), Shock Wave: 1 (3.6%)",6,5,1.2,0,1.2,0,4.86,2.14,1,0,5,3,18.79,7,"Electrode: 4, Haunter: 2",None,1,,0,"Damage: 0, Status: 0, Hazard: 0, Weather: 0, Cleric: 0, Screen: 0, Pass: 0",None
school_kid_m_ricky_0429_Exeggcute,school_kid_m_ricky_0429,EXEGGCUTE,"Psychic: 4 (50.0%), Barrage: 2 (25.0%), Hypnosis: 2 (25.0%)",1,2,0.5,0,0.5,0,6.5,4.0,0,1,2,1,17.0,2,Exeggcute: 1,None,0,,0,"Damage: 0, Status: 0, Hazard: 0, Weather: 0, Cleric: 0, Screen: 0, Pass: 0",None
school_kid_m_ricky_0429_Exeggutor,school_kid_m_ricky_0429,EXEGGUTOR,Confusion: 1 (100.0%),0,1,0.0,0,0.0,0,2.0,2.0,0,0,0,0,-10.0,1,None,None,0,,0,"Damage: 0, Status: 0, Hazard: 0, Weather: 0, Cleric: 0, Screen: 0, Pass: 0",None
school_kid_m_ricky_0429_Farfetchd,school_kid_m_ricky_0429,FARFETCHD,"Swords Dance: 1 (33.3%), Agility: 1 (33.3%), Night Slash: 1 (33.3%)",1,5,0.2,0,0.2,0,1.5,1.33,0,0,0,0,0.0,6,Farfetchd: 1,None,0,,0,"Damage: 0, Status: 0, Hazard: 0, Weather: 0, Cleric: 0, Screen: 0, Pass: 0",None
school_kid_m_ricky_0429_Fearow,school_kid_m_ricky_0429,FEAROW,"Assurance: 39 (26.5%), Agility: 37 (25.2%), Roost: 31 (21.1%), Mirror Move: 21 (14.3%), Aerial Ace: 14 (9.5%), Pursuit: 2 (1.4%), Struggle: 2 (1.4%), Drill Peck: 1 (0.7%)",13,17,0.76,0,0.76,0,6.62,4.25,3,0,3,0,4.0,24,"Fearow: 11, Pidgeotto: 1, Primeape: 1",None,3,,0,"Damage: 0, Status: 0, Hazard: 0, Weather: 0, Cleric: 0, Screen: 0, Pass: 0",None
school_kid_m_ricky_0429_Flaaffy,school_kid_m_ricky_0429,FLAAFFY,"Charge: 20 (32.3%), Discharge: 15 (24.2%), Thunder Wave: 11 (17.7%), Cotton Spore: 11 (17.7%), Signal Beam: 3 (4.8%), Struggle: 1 (1.6%), Light Screen: 1 (1.6%)",3,5,0.6,0,0.6,0,13.5,4.5,1,3,0,6,0.16,6,"Flaaffy: 2, Psyduck: 1",None,1,,0,"Damage: 0, Status: 0, Hazard: 0, Weather: 0, Cleric: 0, Screen: 0, Pass: 0",None
school_kid_m_ricky_0429_Flareon,school_kid_m_ricky_0429,FLAREON,"Quick Attack: 9 (56.2%), Ember: 4 (25.0%), Sand Attack: 3 (18.8%)",4,3,1.33,0,1.33,0,4.0,2.25,1,1,1,0,4.12,4,"Flareon: 2, Vaporeon: 1, Jolteon: 1",None,1,,0,"Damage: 0, Status: 0, Hazard: 0, Weather: 0, Cleric: 0, Screen: 0, Pass: 0",None
school_kid_m_ricky_0429_Furret,school_kid_m_ricky_0429,FURRET,"Sucker Punch: 10 (23.3%), Follow Me: 10 (23.3%), Slam: 10 (23.3%), Rest: 10 (23.3%), Struggle: 3 (7.0%)",0,1,0.0,0,0.0,0,28.0,6.5,0,3,1,0,-4.55,2,None,None,0,,0,"Damage: 0, Status: 0, Hazard: 0, Weather: 0, Cleric: 0, Screen: 0, Pass: 0",None
school_kid_m_ricky_0429_Gastly,school_kid_m_ricky_0429,GASTLY,"Night Shade: 8 (50.0%), Spite: 5 (31.2%), Mean Look: 2 (12.5%), Curse: 1 (6.2%)",8,0,8.0,0,8.0,0,8.0,2.0,0,0,0,0,0.0,2,Gastly: 8,None,1,,0,"Damage: 0, Status: 0, Hazard: 0, Weather: 0, Cleric: 0, Screen: 0, Pass: 0",None
school_kid_m_ricky_0429_Geodude,school_kid_m_ricky_0429,GEODUDE,"Rock Throw: 10 (34.5%), Mud Sport: 5 (17.2%), Defense Curl: 5 (17.2%), Rock Polish: 5 (17.2%), Struggle: 4 (13.8%)",2,0,2.0,0,2.0,0,14.5,6.0,1,1,0,0,0.0,2,Geodude: 2,None,0,,0,"Damage: 0, Status: 0, Hazard: 0, Weather: 0, Cleric: 0, Screen: 0, Pass: 0",None
school_kid_m_ricky_0429_Girafarig,school_kid_m_ricky_0429,GIRAFARIG,Double Hit: 1 (100.0%),0,2,0.0,0,0.0,0,1.5,1.5,0,1,0,0,-100.0,2,None,None,0,,0,"Damage: 0, Status: 0, Hazard: 0, Weather: 0, Cleric: 0, Screen: 0, Pass: 0",None
school_kid_m_ricky_0429_Gloom,school_kid_m_ricky_0429,GLOOM,"Mega Drain: 26 (24.3%), Lucky Chant: 24 (22.4%), Sleep Powder: 22 (20.6%), Stun Spore: 16 (15.0%), Struggle: 10 (9.3%), Natural Gift: 5 (4.7%), Sludge Bomb: 3 (2.8%), Drain Punch: 1 (0.9%)",4,8,0.5,0,0.5,0,19.25,6.88,1,8,6,2,0.35,8,Gloom: 4,None,0,,0,"Damage: 0, Status: 0, Hazard: 0, Weather: 0, Cleric: 0, Screen: 0, Pass: 0",None
school_kid_m_ricky_0429_Golbat,school_kid_m_ricky_0429,GOLBAT,"Air Cutter: 2 (50.0%), Mean Look: 1 (25.0%), Confuse Ray: 1 (25.0%)",0,2,0.0,0,0.0,0,4.0,2.0,1,0,0,0,25.0,2,None,None,0,,0,"Damage: 0, Status: 0, Hazard: 0, Weather: 0, Cleric: 0, Screen: 0, Pass: 0",None
school_kid_m_ricky_0429_Goldeen,school_kid_m_ricky_0429,GOLDEEN,"Horn Attack: 2 (50.0%), Aqua Ring: 1 (25.0%), Water Pulse: 1 (25.0%)",1,1,1.0,0,1.0,0,5.0,8.0,0,0,0,0,0.0,1,Goldeen: 1,None,0,,0,"Damage: 0, Status: 0, Hazard: 0, Weather: 0, Cleric: 0, Screen: 0, Pass: 0",None
school_kid_m_ricky_0429_Golduck,school_kid_m_ricky_0429,GOLDUCK,"Water Pulse: 8 (28.6%), Zen Headbutt: 7 (25.0%), Confusion: 4 (14.3%), Fury Swipes: 3 (10.7%), Amnesia: 2 (7.1%), Hydro Pump: 1 (3.6%), Aqua Jet: 1 (3.6%), Screech: 1 (3.6%), Disable: 1 (3.6%)",3,11,0.27,0,0.27,0,3.64,2.45,1,2,3,3,7.74,11,"Golduck: 2, Kadabra: 1",None,0,,0,"Damage: 0, Status: 0, Hazard: 0, Weather: 0, Cleric: 0, Screen: 0, Pass: 0",None
school_kid_m_ricky_0429_Golem,school_kid_m_ricky_0429,GOLEM,"Rock Slide: 5 (55.6%), Double Edge: 3 (33.3%), Earthquake: 1 (11.1%)",1,2,0.5,0,0.5,0,5.0,3.0,1,0,1,0,5.0,3,Golem: 1,None,0,,0,"Damage: 0, Status: 0, Hazard: 0, Weather: 0, Cleric: 0, Screen: 0, Pass: 0",None
school_kid_m_ricky_0429_Granbull,school_kid_m_ricky_0429,GRANBULL,Payback: 2 (100.0%),0,2,0.0,0,0.0,0,2.5,1.5,0,0,0,0,0.0,2,None,None,0,,0,"Damage: 0, Status: 0, Hazard: 0, Weather: 0, Cleric: 0, Screen: 0, Pass: 0",None
school_kid_m_ricky_0429_Graveler,school_kid_m_ricky_0429,GRAVELER,"Rollout: 7 (25.0%), Rock Throw: 7 (25.0%), Magnitude: 4 (14.3%), Rock Blast: 3 (10.7%), Selfdestruct: 3 (10.7%), Explosion: 2 (7.1%), Earthquake: 2 (7.1%)",7,13,0.54,0,0.54,0,1.65,2.12,1,1,0,0,0.0,17,"Graveler: 6, Golem: 1",None,1,,0,"Damage: 0, Status: 0, Hazard: 0, Weather: 0, Cleric: 0, Screen: 0, Pass: 0",None
school_kid_m_ricky_0429_Grimer,school_kid_m_ricky_0429,GRIMER,"Gunk Shot: 5 (50.0%), Sludge Bomb: 4 (40.0%), Acid Armor: 1 (10.0%)",1,2,0.5,0,0.5,0,5.5,5.0,0,1,0,3,-1.0,2,Grimer: 1,None,0,,0,"Damage: 0, Status: 0, Hazard: 0, Weather: 0, Cleric: 0, Screen: 0, Pass: 0",None
school_kid_m_ricky_0429_Growlithe,school_kid_m_ricky_0429,GROWLITHE,"Agility: 7 (41.2%), Take Down: 3 (17.6%), Flamethrower: 2 (11.8%), Flame Wheel: 2 (11.8%), Heat Wave: 1 (5.9%), Leer: 1 (5.9%), Bite: 1 (5.9%)",4,9,0.44,0,0.44,0,2.0,1.33,0,0,2,0,8.95,12,"Growlithe: 3, Koffing: 1",None,0,,0,"Damage: 0, Status: 0, Hazard: 0, Weather: 0, Cleric: 0, Screen: 0, Pass: 0",None
school_kid_m_ricky_0429_Gulpin,school_kid_m_ricky_0429,GULPIN,"Sludge Bomb: 5 (71.4%), Gastro Acid: 2 (28.6%)",1,3,0.33,0,0.33,0,3.33,2.67,0,0,0,2,11.43,3,Gulpin: 1,None,0,,0,"Damage: 0, Status: 0, Hazard: 0, Weather: 0, Cleric: 0, Screen: 0, Pass: 0",None
school_kid_m_ricky_0429_Gyarados,school_kid_m_ricky_0429,GYARADOS,"Hydro Pump: 10 (45.5%), Dragon Dance: 5 (22.7%), Hyper Beam: 3 (13.6%), Thrash: 2 (9.1%), Rain Dance: 2 (9.1%)",4,3,1.33,0,1.33,0,5.2,2.0,2,5,1,0,-8.7,5,"Gyarados: 3, Lickitung: 1",None,0,,0,"Damage: 0, Status: 0, Hazard: 0, Weather: 0, Cleric: 0, Screen: 0, Pass: 0",None
school_kid_m_ricky_0429_Haunter,school_kid_m_ricky_0429,HAUNTER,"Mean Look: 4 (50.0%), Curse: 3 (37.5%), Night Shade: 1 (12.5%)",1,3,0.33,0,0.33,0,2.25,1.5,0,0,0,0,0.0,4,Haunter: 1,None,0,,0,"Damage: 0, Status: 0, Hazard: 0, Weather: 0, Cleric: 0, Screen: 0, Pass: 0",None
school_kid_m_ricky_0429_Hitmonchan,school_kid_m_ricky_0429,HITMONCHAN,"Thunder Punch: 1 (33.3%), Fire Punch: 1 (33.3%), Ice Punch: 1 (33.3%)",2,1,2.0,0,2.0,0,1.33,1.33,0,0,0,0,-3.33,3,Hitmonchan: 2,None,0,,0,"Damage: 0, Status: 0, Hazard: 0, Weather: 0, Cleric: 0, Screen: 0, Pass: 0",None
school_kid_m_ricky_0429_Hitmonlee,school_kid_m_ricky_0429,HITMONLEE,"Focus Energy: 3 (60.0%), Double Kick: 1 (20.0%), Mind Reader: 1 (20.0%)",1,2,0.5,0,0.5,0,2.33,1.0,0,0,0,0,0.0,3,Hitmonlee: 1,None,0,,0,"Damage: 0, Status: 0, Hazard: 0, Weather: 0, Cleric: 0, Screen: 0, Pass: 0",None
school_kid_m_ricky_0429_Hoppip,school_kid_m_ricky_0429,HOPPIP,"Stun Spore: 3 (50.0%), Bounce: 2 (33.3%), U Turn: 1 (16.7%)",1,2,0.5,0,0.5,0,4.5,1.5,1,2,2,0,12.5,2,Skiploom: 1,None,0,,0,"Damage: 0, Status: 0, Hazard: 0, Weather: 0, Cleric: 0, Screen: 0, Pass: 0",None
school_kid_m_ricky_0429_Horsea,school_kid_m_ricky_0429,HORSEA,"Twister: 7 (33.3%), Water Pulse: 7 (33.3%), Agility: 4 (19.0%), Smoke Screen: 1 (4.8%), Leer: 1 (4.8%), Brine: 1 (4.8%)",5,6,0.83,0,0.83,0,4.17,1.83,0,3,2,0,-7.83,6,Horsea: 5,None,0,,0,"Damage: 0, Status: 0, Hazard: 0, Weather: 0, Cleric: 0, Screen: 0, Pass: 0",None
school_kid_m_ricky_0429_Hypno,school_kid_m_ricky_0429,HYPNO,"Psych Up: 8 (38.1%), Psybeam: 6 (28.6%), Psychic: 3 (14.3%), Poison Gas: 3 (14.3%), Meditate: 1 (4.8%)",1,3,0.33,0,0.33,0,6.0,2.0,1,2,0,1,-3.81,4,Hypno: 1,None,0,,0,"Damage: 0, Status: 0, Hazard: 0, Weather: 0, Cleric: 0, Screen: 0, Pass: 0",None
school_kid_m_ricky_0429_Ivysaur,school_kid_m_ricky_0429,IVYSAUR,"Double Edge: 13 (28.3%), Synthesis: 9 (19.6%), Worry Seed: 6 (13.0%), Razor Leaf: 6 (13.0%), Petal Dance: 3 (6.5%), Growth: 3 (6.5%), Sweet Scent: 3 (6.5%), Take Down: 2 (4.3%), Giga Drain: 1 (2.2%)",11,2,5.5,0,5.5,0,6.75,9.0,1,0,1,0,4.26,8,"Ivysaur: 6, Skiploom: 3, Hoppip: 2",None,2,,0,"Damage: 0, Status: 0, Hazard: 0, Weather: 0, Cleric: 0, Screen: 0, Pass: 0",None
school_kid_m_ricky_0429_Jolteon,school_kid_m_ricky_0429,JOLTEON,"Quick Attack: 3 (60.0%), Pin Missile: 2 (40.0%)",0,2,0.0,0,0.0,0,3.0,6.0,0,1,0,0,-20.0,2,None,None,0,,0,"Damage: 0, Status: 0, Hazard: 0, Weather: 0, Cleric: 0, Screen: 0, Pass: 0",None
school_kid_m_ricky_0429_Kadabra,school_kid_m_ricky_0429,KADABRA,"Charge Beam: 2 (28.6%), Psychic: 2 (28.6%), Reflect: 1 (14.3%), Psybeam: 1 (14.3%), Recover: 1 (14.3%)",2,2,1.0,0,1.0,0,2.25,1.5,0,0,3,1,24.0,4,Kadabra: 2,None,0,,0,"Damage: 0, Status: 0, Hazard: 0, Weather: 0, Cleric: 0, Screen: 0, Pass: 0",None
school_kid_m_ricky_0429_Kingler,school_kid_m_ricky_0429,KINGLER,"Protect: 4 (36.4%), Metal Claw: 4 (36.4%), Stomp: 3 (27.3%)",1,3,0.33,0,0.33,0,3.0,1.5,0,0,1,0,5.0,4,Kingler: 1,None,0,,0,"Damage: 0, Status: 0, Hazard: 0, Weather: 0, Cleric: 0, Screen: 0, Pass: 0",None
school_kid_m_ricky_0429_Koffing,school_kid_m_ricky_0429,KOFFING,"Gyro Ball: 8 (53.3%), Sludge: 5 (33.3%), Explosion: 1 (6.7%), Assurance: 1 (6.7%)",2,7,0.29,0,0.29,0,2.0,2.62,0,0,0,0,-10.0,8,Koffing: 2,None,0,,0,"Damage: 0, Status: 0, Hazard: 0, Weather: 0, Cleric: 0, Screen: 0, Pass: 0",None
school_kid_m_ricky_0429_Lanturn,school_kid_m_ricky_0429,LANTURN,None,0,2,0.0,0,0.0,0,1.5,1.0,0,0,0,0,0.0,2,None,None,0,,0,"Damage: 0, Status: 0, Hazard: 0, Weather: 0, Cleric: 0, Screen: 0, Pass: 0",None
school_kid_m_ricky_0429_Ledian,school_kid_m_ricky_0429,LEDIAN,"Mach Punch: 11 (47.8%), Silver Wind: 7 (30.4%), Agility: 5 (21.7%)",4,2,2.0,0,2.0,0,7.67,7.0,0,0,0,1,1.3,3,"Ledian: 3, Exeggutor: 1",None,1,,0,"Damage: 0, Status: 0, Hazard: 0, Weather: 0, Cleric: 0, Screen: 0, Pass: 0",None
school_kid_m_ricky_0429_Ledyba,school_kid_m_ricky_0429,LEDYBA,Supersonic: 1 (100.0%),0,0,0.0,0,0.0,0,1.5,0.0,0,1,0,0,-100.0,2,None,None,0,,0,"Damage: 0, Status: 0, Hazard: 0, Weather: 0, Cleric: 0, Screen: 0, Pass: 0",None
school_kid_m_ricky_0429_Lotad,school_kid_m_ricky_0429,LOTAD,"Rain Dance: 2 (40.0%), Mega Drain: 2 (40.0%), Bubble Beam: 1 (20.0%)",0,0,0.0,0,0.0,0,6.0,4.0,0,0,0,1,18.0,1,None,None,0,,0,"Damage: 0, Status: 0, Hazard: 0, Weather: 0, Cleric: 0, Screen: 0, Pass: 0",None
school_kid_m_ricky_0429_Luvdisc,school_kid_m_ricky_0429,LUVDISC,"Water Pulse: 9 (45.0%), Sweet Kiss: 7 (35.0%), Aqua Ring: 3 (15.0%), Attract: 1 (5.0%)",0,2,0.0,0,0.0,0,14.5,10.5,0,1,0,1,-9.0,2,None,None,0,,0,"Damage: 0, Status: 0, Hazard: 0, Weather: 0, Cleric: 0, Screen: 0, Pass: 0",None
school_kid_m_ricky_0429_Machamp,school_kid_m_ricky_0429,MACHAMP,"Scary Face: 3 (37.5%), Cross Chop: 3 (37.5%), Dynamic Punch: 1 (12.5%), Revenge: 1 (12.5%)",2,4,0.5,0,0.5,0,2.2,1.4,0,0,0,1,0.0,5,Machamp: 2,None,0,,0,"Damage: 0, Status: 0, Hazard: 0, Weather: 0, Cleric: 0, Screen: 0, Pass: 0",None
school_kid_m_ricky_0429_Machoke,school_kid_m_ricky_0429,MACHOKE,"Seismic Toss: 3 (50.0%), Submission: 2 (33.3%), Vital Throw: 1 (16.7%)",1,6,0.17,0,0.17,0,1.29,1.86,0,0,0,0,0.0,7,Machoke: 1,None,0,,0,"Damage: 0, Status: 0, Hazard: 0, Weather: 0, Cleric: 0, Screen: 0, Pass: 0",None
school_kid_m_ricky_0429_Machop,school_kid_m_ricky_0429,MACHOP,"Seismic Toss: 8 (36.4%), Karate Chop: 7 (31.8%), Vital Throw: 3 (13.6%), Revenge: 2 (9.1%), Cross Chop: 1 (4.5%), Wake Up Slap: 1 (4.5%)",13,9,1.44,0,1.44,0,1.92,1.46,1,0,0,0,4.55,13,"Machop: 10, Graveler: 2, Machoke: 1",None,1,,0,"Damage: 0, Status: 0, Hazard: 0, Weather: 0, Cleric: 0, Screen: 0, Pass: 0",None
school_kid_m_ricky_0429_Magcargo,school_kid_m_ricky_0429,MAGCARGO,"Lava Plume: 2 (40.0%), Ancient Power: 1 (20.0%), Recover: 1 (20.0%), Rock Slide: 1 (20.0%)",0,3,0.0,0,0.0,0,3.0,2.33,0,0,0,2,20.0,3,None,None,0,,0,"Damage: 0, Status: 0, Hazard: 0, Weather: 0, Cleric: 0, Screen: 0, Pass: 0",None
school_kid_m_ricky_0429_Magmar,school_kid_m_ricky_0429,MAGMAR,"Faint Attack: 7 (29.2%), Fire Spin: 6 (25.0%), Protect: 4 (16.7%), Flamethrower: 3 (12.5%), Fire Punch: 3 (12.5%), Confuse Ray: 1 (4.2%)",4,10,0.4,0,0.4,0,3.64,2.09,3,4,2,0,2.31,11,"Magmar: 3, Sunflora: 1",None,0,,0,"Damage: 0, Status: 0, Hazard: 0, Weather: 0, Cleric: 0, Screen: 0, Pass: 0",None
school_kid_m_ricky_0429_Magnemite,school_kid_m_ricky_0429,MAGNEMITE,"Lock On: 12 (30.8%), Thunder Wave: 8 (20.5%), Spark: 7 (17.9%), Sonic Boom: 6 (15.4%), Discharge: 4 (10.3%), Supersonic: 2 (5.1%)",5,8,0.62,0,0.62,0,7.0,3.89,1,2,1,2,-1.0,9,Magnemite: 5,None,0,,0,"Damage: 0, Status: 0, Hazard: 0, Weather: 0, Cleric: 0, Screen: 0, Pass: 0",None
school_kid_m_ricky_0429_Magneton,school_kid_m_ricky_0429,MAGNETON,"Magnet Bomb: 10 (27.0%), Lock On: 9 (24.3%), Screech: 8 (21.6%), Discharge: 6 (16.2%), Supersonic: 3 (8.1%), Thunderbolt: 1 (2.7%)",1,5,0.2,0,0.2,0,9.2,3.0,0,0,1,3,7.89,5,Magneton: 1,None,0,,0,"Damage: 0, Status: 0, Hazard: 0, Weather: 0, Cleric: 0, Screen: 0, Pass: 0",None
school_kid_m_ricky_0429_Makuhita,school_kid_m_ricky_0429,MAKUHITA,"Endure: 1 (50.0%), Seismic Toss: 1 (50.0%)",0,2,0.0,0,0.0,0,1.0,2.0,0,0,0,0,0.0,2,None,None,0,,0,"Damage: 0, Status: 0, Hazard: 0, Weather: 0, Cleric: 0, Screen: 0, Pass: 0",None
school_kid_m_ricky_0429_Mankey,school_kid_m_ricky_0429,MANKEY,"Seismic Toss: 2 (50.0%), Screech: 1 (25.0%), Assurance: 1 (25.0%)",2,0,2.0,0,2.0,0,4.0,2.0,0,0,1,0,20.0,1,"Mankey: 1, Dugtrio: 1",None,0,,0,"Damage: 0, Status: 0, Hazard: 0, Weather: 0, Cleric: 0, Screen: 0, Pass: 0",None
school_kid_m_ricky_0429_Mareep,school_kid_m_ricky_0429,MAREEP,"Growl: 2 (40.0%), Tackle: 1 (20.0%), Thunder Wave: 1 (20.0%), Thunder Shock: 1 (20.0%)",1,0,1.0,0,1.0,0,2.33,1.0,0,0,0,0,0.0,3,Marill: 1,None,0,,0,"Damage: 0, Status: 0, Hazard: 0, Weather: 0, Cleric: 0, Screen: 0, Pass: 0",None
school_kid_m_ricky_0429_Marill,school_kid_m_ricky_0429,MARILL,"Double Edge: 4 (28.6%), Aqua Tail: 4 (28.6%), Aqua Ring: 3 (21.4%), Rain Dance: 2 (14.3%), Rollout: 1 (7.1%)",2,3,0.67,0,0.67,0,4.0,2.75,1,0,0,0,7.14,4,Marill: 2,None,0,,0,"Damage: 0, Status: 0, Hazard: 0, Weather: 0, Cleric: 0, Screen: 0, Pass: 0",None
school_kid_m_ricky_0429_Marowak,school_kid_m_ricky_0429,MAROWAK,"Focus Energy: 1 (50.0%), Bonemerang: 1 (50.0%)",1,0,1.0,0,1.0,0,2.0,0.0,0,0,0,0,0.0,1,Marowak: 1,None,0,,0,"Damage: 0, Status: 0, Hazard: 0, Weather: 0, Cleric: 0, Screen: 0, Pass: 0",None
school_kid_m_ricky_0429_Meowth,school_kid_m_ricky_0429,MEOWTH,Pay Day: 1 (100.0%),1,0,1.0,0,1.0,0,1.0,1.0,0,0,0,0,0.0,1,Meowth: 1,None,0,,0,"Damage: 0, Status: 0, Hazard: 0, Weather: 0, Cleric: 0, Screen: 0, Pass: 0",None
school_kid_m_ricky_0429_Metapod,school_kid_m_ricky_0429,METAPOD,"Harden: 32 (65.3%), Struggle: 17 (34.7%)",0,3,0.0,0,0.0,0,7.43,1.43,3,0,0,0,6.12,7,None,None,0,,0,"Damage: 0, Status: 0, Hazard: 0, Weather: 0, Cleric: 0, Screen: 0, Pass: 0",None
school_kid_m_ricky_0429_Minun,school_kid_m_ricky_0429,MINUN,Fake Tears: 1 (100.0%),0,1,0.0,0,0.0,0,2.0,1.0,0,0,1,0,50.0,1,None,None,0,,0,"Damage: 0, Status: 0, Hazard: 0, Weather: 0, Cleric: 0, Screen: 0, Pass: 0",None
school_kid_m_ricky_0429_MrMime,school_kid_m_ricky_0429,MR MIME,"Psychic: 5 (50.0%), Trick Room: 4 (40.0%), Double Slap: 1 (10.0%)",1,6,0.17,0,0.17,0,2.67,1.67,0,0,0,0,-2.0,6,Mr Mime: 1,None,0,,0,"Damage: 0, Status: 0, Hazard: 0, Weather: 0, Cleric: 0, Screen: 0, Pass: 0",None
school_kid_m_ricky_0429_Nidoking,school_kid_m_ricky_0429,NIDOKING,"Focus Energy: 1 (33.3%), Double Kick: 1 (33.3%), Thrash: 1 (33.3%)",1,4,0.25,0,0.25,0,1.5,1.75,0,0,0,0,0.0,4,Nidoking: 1,None,0,,0,"Damage: 0, Status: 0, Hazard: 0, Weather: 0, Cleric: 0, Screen: 0, Pass: 0",None
school_kid_m_ricky_0429_Nidoqueen,school_kid_m_ricky_0429,NIDOQUEEN,Double Kick: 1 (100.0%),0,2,0.0,0,0.0,0,1.5,2.5,0,0,0,0,0.0,2,None,None,0,,0,"Damage: 0, Status: 0, Hazard: 0, Weather: 0, Cleric: 0, Screen: 0, Pass: 0",None
school_kid_m_ricky_0429_Nidorina,school_kid_m_ricky_0429,NIDORINA,Bite: 3 (100.0%),1,2,0.5,0,0.5,0,2.5,2.0,0,0,0,0,-20.0,2,Nidorina: 1,None,0,,0,"Damage: 0, Status: 0, Hazard: 0, Weather: 0, Cleric: 0, Screen: 0, Pass: 0",None
school_kid_m_ricky_0429_Nidorino,school_kid_m_ricky_0429,NIDORINO,"Fury Attack: 11 (40.7%), Horn Attack: 9 (33.3%), Poison Sting: 7 (25.9%)",4,3,1.33,0,1.33,0,7.5,6.75,2,4,1,3,0.71,4,"Nidorino: 3, Gyarados: 1",None,1,,0,"Damage: 0, Status: 0, Hazard: 0, Weather: 0, Cleric: 0, Screen: 0, Pass: 0",None
school_kid_m_ricky_0429_Nincada,school_kid_m_ricky_0429,NINCADA,"Dig: 10 (43.5%), Leech Life: 6 (26.1%), Mud Slap: 5 (21.7%), Metal Claw: 2 (8.7%)",1,2,0.5,0,0.5,0,12.5,7.5,0,4,5,3,2.86,2,Nincada: 1,None,0,,0,"Damage: 0, Status: 0, Hazard: 0, Weather: 0, Cleric: 0, Screen: 0, Pass: 0",None
school_kid_m_ricky_0429_Ninetales,school_kid_m_ricky_0429,NINETALES,Quick Attack: 5 (100.0%),0,2,0.0,0,0.0,0,4.0,3.0,1,0,0,0,20.0,2,None,None,0,,0,"Damage: 0, Status: 0, Hazard: 0, Weather: 0, Cleric: 0, Screen: 0, Pass: 0",None
school_kid_m_ricky_0429_Noctowl,school_kid_m_ricky_0429,NOCTOWL,"Extrasensory: 4 (44.4%), Take Down: 3 (33.3%), Air Slash: 2 (22.2%)",3,7,0.43,0,0.43,0,1.6,1.5,0,0,1,0,3.0,10,Noctowl: 3,None,0,,0,"Damage: 0, Status: 0, Hazard: 0, Weather: 0, Cleric: 0, Screen: 0, Pass: 0",None
school_kid_m_ricky_0429_Numel,school_kid_m_ricky_0429,NUMEL,None,0,1,0.0,0,0.0,0,1.0,1.0,0,0,0,0,0.0,1,None,None,0,,0,"Damage: 0, Status: 0, Hazard: 0, Weather: 0, Cleric: 0, Screen: 0, Pass: 0",None
school_kid_m_ricky_0429_Octillery,school_kid_m_ricky_0429,OCTILLERY,"Octazooka: 1 (33.3%), Wring Out: 1 (33.3%), Focus Energy: 1 (33.3%)",0,2,0.0,0,0.0,0,2.0,2.0,0,1,0,0,-33.33,2,None,None,0,,0,"Damage: 0, Status: 0, Hazard: 0, Weather: 0, Cleric: 0, Screen: 0, Pass: 0",None
school_kid_m_ricky_0429_Oddish,school_kid_m_ricky_0429,ODDISH,"Petal Dance: 9 (81.8%), Giga Drain: 2 (18.2%)",0,2,0.0,0,0.0,0,7.5,5.0,0,0,0,0,0.0,2,None,None,0,,0,"Damage: 0, Status: 0, Hazard: 0, Weather: 0, Cleric: 0, Screen: 0, Pass: 0",None
school_kid_m_ricky_0429_Onix,school_kid_m_ricky_0429,ONIX,"Dragon Breath: 32 (30.8%), Slam: 28 (26.9%), Rock Polish: 14 (13.5%), Iron Tail: 13 (12.5%), Rock Tomb: 9 (8.7%), Rock Throw: 5 (4.8%), Rage: 1 (1.0%), Sandstorm: 1 (1.0%), Curse: 1 (1.0%)",16,11,1.45,0,1.45,0,6.63,4.47,7,12,10,15,3.86,19,"Onix: 13, Cloyster: 1, Graveler: 1",None,2,,0,"Damage: 0, Status: 0, Hazard: 0, Weather: 0, Cleric: 0, Screen: 0, Pass: 0",None
school_kid_m_ricky_0429_Paras,school_kid_m_ricky_0429,PARAS,"Slash: 15 (83.3%), Growth: 2 (11.1%), Aromatherapy: 1 (5.6%)",6,4,1.5,0,1.5,0,5.25,2.75,3,0,0,0,16.67,4,Paras: 6,None,1,,0,"Damage: 0, Status: 0, Hazard: 0, Weather: 0, Cleric: 0, Screen: 0, Pass: 0",None
school_kid_m_ricky_0429_Parasect,school_kid_m_ricky_0429,PARASECT,"Slash: 8 (66.7%), Spore: 2 (16.7%), Growth: 1 (8.3%), Leech Life: 1 (8.3%)",2,8,0.25,0,0.25,0,3.75,3.38,1,0,0,0,8.33,8,"Parasect: 1, Vaporeon: 1",None,0,,0,"Damage: 0, Status: 0, Hazard: 0, Weather: 0, Cleric: 0, Screen: 0, Pass: 0",None
school_kid_m_ricky_0429_Persian,school_kid_m_ricky_0429,PERSIAN,Slash: 3 (100.0%),2,1,2.0,0,2.0,0,1.33,1.33,0,0,0,0,0.0,3,Persian: 2,None,0,,0,"Damage: 0, Status: 0, Hazard: 0, Weather: 0, Cleric: 0, Screen: 0, Pass: 0",None
school_kid_m_ricky_0429_Phanpy,school_kid_m_ricky_0429,PHANPY,"Slam: 2 (66.7%), Endure: 1 (33.3%)",0,2,0.0,0,0.0,0,1.5,1.5,0,1,0,0,-33.33,2,None,None,0,,0,"Damage: 0, Status: 0, Hazard: 0, Weather: 0, Cleric: 0, Screen: 0, Pass: 0",None
school_kid_m_ricky_0429_Pidgeot,school_kid_m_ricky_0429,PIDGEOT,"Roost: 20 (36.4%), Wing Attack: 13 (23.6%), Agility: 9 (16.4%), Feather Dance: 8 (14.5%), Tailwind: 4 (7.3%), Mirror Move: 1 (1.8%)",0,6,0.0,0,0.0,0,10.17,6.67,0,0,1,0,1.79,6,None,None,0,,0,"Damage: 0, Status: 0, Hazard: 0, Weather: 0, Cleric: 0, Screen: 0, Pass: 0",None
school_kid_m_ricky_0429_Pidgeotto,school_kid_m_ricky_0429,PIDGEOTTO,"Twister: 12 (50.0%), Agility: 7 (29.2%), Wing Attack: 3 (12.5%), Feather Dance: 1 (4.2%), Quick Attack: 1 (4.2%)",3,1,3.0,0,3.0,0,7.0,2.5,3,0,0,0,12.5,4,Pidgeotto: 3,None,0,,0,"Damage: 0, Status: 0, Hazard: 0, Weather: 0, Cleric: 0, Screen: 0, Pass: 0",None
school_kid_m_ricky_0429_Pikachu,school_kid_m_ricky_0429,PIKACHU,"Discharge: 12 (24.0%), Feint: 9 (18.0%), Thunderbolt: 7 (14.0%), Agility: 6 (12.0%), Double Team: 5 (10.0%), Thunder Wave: 4 (8.0%), Light Screen: 4 (8.0%), Slam: 2 (4.0%), Quick Attack: 1 (2.0%)",7,8,0.88,0,0.88,0,6.44,2.78,0,7,6,8,8.21,9,"Pikachu: 5, Teddiursa: 2",None,1,,0,"Damage: 0, Status: 0, Hazard: 0, Weather: 0, Cleric: 0, Screen: 0, Pass: 0",None
school_kid_m_ricky_0429_Poliwhirl,school_kid_m_ricky_0429,POLIWHIRL,"Mud Shot: 20 (64.5%), Body Slam: 3 (9.7%), Bubble Beam: 3 (9.7%), Double Slap: 2 (6.5%), Wake Up Slap: 2 (6.5%), Rain Dance: 1 (3.2%)",5,9,0.56,0,0.56,0,3.42,2.58,2,2,1,18,6.88,12,Poliwhirl: 5,None,0,,0,"Damage: 0, Status: 0, Hazard: 0, Weather: 0, Cleric: 0, Screen: 0, Pass: 0",None
school_kid_m_ricky_0429_Poliwrath,school_kid_m_ricky_0429,POLIWRATH,"Mud Shot: 4 (66.7%), Ice Punch: 2 (33.3%)",0,2,0.0,0,0.0,0,6.5,2.5,0,1,5,3,34.55,2,None,None,0,,0,"Damage: 0, Status: 0, Hazard: 0, Weather: 0, Cleric: 0, Screen: 0, Pass: 0",None
school_kid_m_ricky_0429_Porygon,school_kid_m_ricky_0429,PORYGON,"Charge Beam: 7 (63.6%), Conversion 2: 4 (36.4%)",2,1,2.0,0,2.0,0,4.0,1.0,0,1,1,3,-10.0,3,Porygon: 2,None,0,,0,"Damage: 0, Status: 0, Hazard: 0, Weather: 0, Cleric: 0, Screen: 0, Pass: 0",None
school_kid_m_ricky_0429_Primeape,school_kid_m_ricky_0429,PRIMEAPE,"Swagger: 3 (25.0%), Rage: 3 (25.0%), Cross Chop: 2 (16.7%), Seismic Toss: 2 (16.7%), Assurance: 1 (8.3%), Karate Chop: 1 (8.3%)",5,5,1.0,0,1.0,0,2.43,1.57,1,1,1,0,7.69,7,"Primeape: 4, Dugtrio: 1",None,0,,0,"Damage: 0, Status: 0, Hazard: 0, Weather: 0, Cleric: 0, Screen: 0, Pass: 0",None
school_kid_m_ricky_0429_Psyduck,school_kid_m_ricky_0429,PSYDUCK,"Water Pulse: 6 (46.2%), Confusion: 5 (38.5%), Disable: 2 (15.4%)",3,1,3.0,0,3.0,0,3.5,2.25,0,0,0,2,6.15,4,Psyduck: 3,None,0,,0,"Damage: 0, Status: 0, Hazard: 0, Weather: 0, Cleric: 0, Screen: 0, Pass: 0",None
school_kid_m_ricky_0429_Quagsire,school_kid_m_ricky_0429,QUAGSIRE,"Yawn: 30 (28.8%), Amnesia: 20 (19.2%), Surf: 14 (13.5%), Earthquake: 11 (10.6%), Mud Bomb: 9 (8.7%), Slam: 9 (8.7%), Rain Dance: 4 (3.8%), Struggle: 3 (2.9%), Muddy Water: 2 (1.9%), Protect: 2 (1.9%)",10,19,0.53,0,0.53,0,7.42,3.21,2,5,3,3,0.28,19,"Quagsire: 6, Octillery: 1, Tangrowth: 1",None,1,,0,"Damage: 0, Status: 0, Hazard: 0, Weather: 0, Cleric: 0, Screen: 0, Pass: 0",None
school_kid_m_ricky_0429_Qwilfish,school_kid_m_ricky_0429,QWILFISH,"Revenge: 23 (25.6%), Pin Missile: 17 (18.9%), Stockpile: 14 (15.6%), Water Gun: 10 (11.1%), Rollout: 10 (11.1%), Spit Up: 8 (8.9%), Poison Sting: 5 (5.6%), Aqua Tail: 3 (3.3%)",16,12,1.33,0,1.33,0,5.61,6.17,3,4,2,2,1.63,18,"Qwilfish: 13, Seaking: 2, Goldeen: 1",None,2,,0,"Damage: 0, Status: 0, Hazard: 0, Weather: 0, Cleric: 0, Screen: 0, Pass: 0",None
school_kid_m_ricky_0429_Raichu,school_kid_m_ricky_0429,RAICHU,Quick Attack: 1 (100.0%),0,1,0.0,0,0.0,0,1.0,1.0,0,0,0,0,0.0,1,None,None,0,,0,"Damage: 0, Status: 0, Hazard: 0, Weather: 0, Cleric: 0, Screen: 0, Pass: 0",None
school_kid_m_ricky_0429_Rapidash,school_kid_m_ricky_0429,RAPIDASH,"Fire Spin: 7 (23.3%), Bounce: 5 (16.7%), Ember: 5 (16.7%), Flare Blitz: 5 (16.7%), Agility: 4 (13.3%), Struggle: 3 (10.0%), Stomp: 1 (3.3%)",1,8,0.12,0,0.12,0,4.62,1.88,0,2,2,0,0.0,8,Rapidash: 1,None,0,,0,"Damage: 0, Status: 0, Hazard: 0, Weather: 0, Cleric: 0, Screen: 0, Pass: 0",None
school_kid_m_ricky_0429_Raticate,school_kid_m_ricky_0429,RATICATE,"Scary Face: 6 (54.5%), Hyper Fang: 3 (27.3%), Quick Attack: 2 (18.2%)",3,4,0.75,0,0.75,0,2.14,1.57,0,0,0,0,0.0,7,Raticate: 3,None,1,,0,"Damage: 0, Status: 0, Hazard: 0, Weather: 0, Cleric: 0, Screen: 0, Pass: 0",None
school_kid_m_ricky_0429_Rhydon,school_kid_m_ricky_0429,RHYDON,None,0,1,0.0,0,0.0,0,1.0,2.0,0,0,0,0,0.0,1,None,None,0,,0,"Damage: 0, Status: 0, Hazard: 0, Weather: 0, Cleric: 0, Screen: 0, Pass: 0",None
school_kid_m_ricky_0429_Rhyhorn,school_kid_m_ricky_0429,RHYHORN,"Scary Face: 7 (25.9%), Rock Blast: 7 (25.9%), Take Down: 4 (14.8%), Horn Drill: 4 (14.8%), Fury Attack: 3 (11.1%), Earthquake: 1 (3.7%), Stomp: 1 (3.7%)",3,4,0.75,0,0.75,0,4.67,6.33,2,7,2,0,-10.34,6,Rhyhorn: 3,None,0,,0,"Damage: 0, Status: 0, Hazard: 0, Weather: 0, Cleric: 0, Screen: 0, Pass: 0",None
school_kid_m_ricky_0429_Sandslash,school_kid_m_ricky_0429,SANDSLASH,"Slash: 19 (36.5%), Sand Tomb: 11 (21.2%), Gyro Ball: 10 (19.2%), Fury Cutter: 8 (15.4%), Crush Claw: 3 (5.8%), Sandstorm: 1 (1.9%)",3,13,0.23,0,0.23,0,4.5,3.93,2,4,2,0,-1.85,14,"Sandslash: 2, Golbat: 1",None,0,,0,"Damage: 0, Status: 0, Hazard: 0, Weather: 0, Cleric: 0, Screen: 0, Pass: 0",None
school_kid_m_ricky_0429_Seadra,school_kid_m_ricky_0429,SEADRA,"Agility: 4 (50.0%), Twister: 2 (25.0%), Waterfall: 1 (12.5%), Leer: 1 (12.5%)",0,9,0.0,0,0.0,0,1.89,1.67,0,0,0,0,-2.5,9,None,None,0,,0,"Damage: 0, Status: 0, Hazard: 0, Weather: 0, Cleric: 0, Screen: 0, Pass: 0",None
school_kid_m_ricky_0429_Seaking,school_kid_m_ricky_0429,SEAKING,"Fury Attack: 17 (32.1%), Aqua Ring: 13 (24.5%), Flail: 11 (20.8%), Waterfall: 10 (18.9%), Rain Dance: 1 (1.9%), Horn Attack: 1 (1.9%)",8,18,0.44,0,0.44,0,3.04,3.54,5,2,3,1,9.64,24,"Seaking: 7, Qwilfish: 1",None,1,,0,"Damage: 0, Status: 0, Hazard: 0, Weather: 0, Cleric: 0, Screen: 0, Pass: 0",None
school_kid_m_ricky_0429_Seedot,school_kid_m_ricky_0429,SEEDOT,Nature Power: 4 (100.0%),2,0,2.0,0,2.0,0,4.0,2.0,1,0,0,0,25.0,1,"Seedot: 1, Lotad: 1",None,0,,0,"Damage: 0, Status: 0, Hazard: 0, Weather: 0, Cleric: 0, Screen: 0, Pass: 0",None
school_kid_m_ricky_0429_Seel,school_kid_m_ricky_0429,SEEL,"Encore: 5 (16.1%), Aqua Ring: 5 (16.1%), Ice Shard: 5 (16.1%), Icy Wind: 5 (16.1%), Struggle: 5 (16.1%), Aqua Jet: 3 (9.7%), Aurora Beam: 2 (6.5%), Take Down: 1 (3.2%)",0,1,0.0,0,0.0,0,16.0,7.0,0,1,1,5,-0.62,2,None,None,0,,0,"Damage: 0, Status: 0, Hazard: 0, Weather: 0, Cleric: 0, Screen: 0, Pass: 0",None
school_kid_m_ricky_0429_Seviper,school_kid_m_ricky_0429,SEVIPER,Poison Fang: 1 (100.0%),0,2,0.0,0,0.0,0,2.0,1.5,0,0,0,0,-30.0,2,None,None,0,,0,"Damage: 0, Status: 0, Hazard: 0, Weather: 0, Cleric: 0, Screen: 0, Pass: 0",None
school_kid_m_ricky_0429_Shellder,school_kid_m_ricky_0429,SHELLDER,"Aurora Beam: 11 (47.8%), Whirlpool: 7 (30.4%), Ice Shard: 3 (13.0%), Clamp: 1 (4.3%), Iron Defense: 1 (4.3%)",6,5,1.2,0,1.2,0,3.0,4.0,0,4,1,0,-15.0,9,Shellder: 6,None,1,,0,"Damage: 0, Status: 0, Hazard: 0, Weather: 0, Cleric: 0, Screen: 0, Pass: 0",None
school_kid_m_ricky_0429_Shinx,school_kid_m_ricky_0429,SHINX,"Thunder Fang: 2 (33.3%), Scary Face: 2 (33.3%), Crunch: 1 (16.7%), Discharge: 1 (16.7%)",3,1,3.0,0,3.0,0,2.25,1.5,0,0,1,0,11.43,4,Shinx: 3,None,1,,0,"Damage: 0, Status: 0, Hazard: 0, Weather: 0, Cleric: 0, Screen: 0, Pass: 0",None
school_kid_m_ricky_0429_Shroomish,school_kid_m_ricky_0429,SHROOMISH,"Seed Bomb: 9 (60.0%), Growth: 3 (20.0%), Spore: 2 (13.3%), Giga Drain: 1 (6.7%)",2,0,2.0,0,2.0,0,9.0,4.0,1,0,0,0,6.67,2,Shroomish: 2,None,0,,0,"Damage: 0, Status: 0, Hazard: 0, Weather: 0, Cleric: 0, Screen: 0, Pass: 0",None
school_kid_m_ricky_0429_Skarmory,school_kid_m_ricky_0429,SKARMORY,"Slash: 3 (33.3%), Steel Wing: 2 (22.2%), Night Slash: 2 (22.2%), Air Slash: 2 (22.2%)",0,3,0.0,0,0.0,0,4.0,3.33,0,0,2,1,20.0,3,None,None,0,,0,"Damage: 0, Status: 0, Hazard: 0, Weather: 0, Cleric: 0, Screen: 0, Pass: 0",None
school_kid_m_ricky_0429_Skiploom,school_kid_m_ricky_0429,SKIPLOOM,"Bullet Seed: 9 (23.7%), U Turn: 8 (21.1%), Cotton Spore: 7 (18.4%), Mega Drain: 5 (13.2%), Sleep Powder: 5 (13.2%), Worry Seed: 4 (10.5%)",3,3,1.0,0,1.0,0,12.25,11.5,1,1,1,0,2.56,4,Skiploom: 3,None,0,,0,"Damage: 0, Status: 0, Hazard: 0, Weather: 0, Cleric: 0, Screen: 0, Pass: 0",None
school_kid_m_ricky_0429_Skorupi,school_kid_m_ricky_0429,SKORUPI,"Poison Fang: 2 (66.7%), Crunch: 1 (33.3%)",0,1,0.0,0,0.0,0,2.0,2.0,0,0,0,1,6.67,2,None,None,0,,0,"Damage: 0, Status: 0, Hazard: 0, Weather: 0, Cleric: 0, Screen: 0, Pass: 0",None
school_kid_m_ricky_0429_Slakoth,school_kid_m_ricky_0429,SLAKOTH,"Counter: 3 (75.0%), Flail: 1 (25.0%)",3,3,1.0,0,1.0,0,1.17,1.83,0,0,0,0,0.0,6,Slakoth: 3,None,1,,0,"Damage: 0, Status: 0, Hazard: 0, Weather: 0, Cleric: 0, Screen: 0, Pass: 0",None
school_kid_m_ricky_0429_Slowking,school_kid_m_ricky_0429,SLOWKING,"Water Pulse: 10 (24.4%), Zen Headbutt: 6 (14.6%), Confusion: 6 (14.6%), Headbutt: 5 (12.2%), Disable: 4 (9.8%), Flamethrower: 4 (9.8%), Nasty Plot: 3 (7.3%), Trick Room: 2 (4.9%), Psychic: 1 (2.4%)",7,5,1.4,0,1.4,0,4.7,3.0,1,1,1,5,4.29,10,"Slowking: 6, Magikarp: 1",None,2,,0,"Damage: 0, Status: 0, Hazard: 0, Weather: 0, Cleric: 0, Screen: 0, Pass: 0",None
school_kid_m_ricky_0429_Slowpoke,school_kid_m_ricky_0429,SLOWPOKE,"Psychic: 10 (37.0%), Skill Swap: 5 (18.5%), Disable: 4 (14.8%), Amnesia: 4 (14.8%), Confusion: 2 (7.4%), Curse: 1 (3.7%), Headbutt: 1 (3.7%)",4,2,2.0,0,2.0,0,8.75,3.0,0,0,1,0,0.36,4,Slowpoke: 4,None,0,,0,"Damage: 0, Status: 0, Hazard: 0, Weather: 0, Cleric: 0, Screen: 0, Pass: 0",None
school_kid_m_ricky_0429_Snubbull,school_kid_m_ricky_0429,SNUBBULL,Headbutt: 1 (100.0%),1,0,1.0,0,1.0,0,1.0,0.0,1,0,0,0,100.0,1,Snubbull: 1,None,0,,0,"Damage: 0, Status: 0, Hazard: 0, Weather: 0, Cleric: 0, Screen: 0, Pass: 0",None
school_kid_m_ricky_0429_Spinarak,school_kid_m_ricky_0429,SPINARAK,"Constrict: 2 (66.7%), Poison Sting: 1 (33.3%)",0,0,0.0,0,0.0,0,2.5,1.0,0,0,0,1,16.67,2,None,None,0,,0,"Damage: 0, Status: 0, Hazard: 0, Weather: 0, Cleric: 0, Screen: 0, Pass: 0",None
school_kid_m_ricky_0429_Spinda,school_kid_m_ricky_0429,SPINDA,"Sucker Punch: 13 (72.2%), Dizzy Punch: 4 (22.2%), Teeter Dance: 1 (5.6%)",3,4,0.75,0,0.75,0,5.25,3.25,0,0,0,0,-1.11,4,Spinda: 3,None,0,,0,"Damage: 0, Status: 0, Hazard: 0, Weather: 0, Cleric: 0, Screen: 0, Pass: 0",None
school_kid_m_ricky_0429_Stantler,school_kid_m_ricky_0429,STANTLER,None,0,1,0.0,0,0.0,0,1.0,2.0,0,0,0,0,0.0,1,None,None,0,,0,"Damage: 0, Status: 0, Hazard: 0, Weather: 0, Cleric: 0, Screen: 0, Pass: 0",None
school_kid_m_ricky_0429_Starly,school_kid_m_ricky_0429,STARLY,None,0,2,0.0,0,0.0,0,1.0,1.0,0,0,0,0,0.0,2,None,None,0,,0,"Damage: 0, Status: 0, Hazard: 0, Weather: 0, Cleric: 0, Screen: 0, Pass: 0",None
school_kid_m_ricky_0429_Starmie,school_kid_m_ricky_0429,STARMIE,"Recover: 2 (28.6%), Rapid Spin: 2 (28.6%), Ice Beam: 1 (14.3%), Water Gun: 1 (14.3%), Swift: 1 (14.3%)",2,2,1.0,0,1.0,0,2.25,2.25,0,0,0,0,-1.43,4,Starmie: 2,None,0,,0,"Damage: 0, Status: 0, Hazard: 0, Weather: 0, Cleric: 0, Screen: 0, Pass: 0",None
school_kid_m_ricky_0429_Steelix,school_kid_m_ricky_0429,STEELIX,"Dragon Breath: 16 (28.1%), Iron Tail: 15 (26.3%), Curse: 12 (21.1%), Rock Polish: 7 (12.3%), Double Edge: 4 (7.0%), Struggle: 1 (1.8%), Crunch: 1 (1.8%), Stone Edge: 1 (1.8%)",2,3,0.67,0,0.67,0,11.8,4.8,4,4,4,10,10.33,5,"Steelix: 1, Graveler: 1",None,0,,0,"Damage: 0, Status: 0, Hazard: 0, Weather: 0, Cleric: 0, Screen: 0, Pass: 0",None
school_kid_m_ricky_0429_Sudowoodo,school_kid_m_ricky_0429,SUDOWOODO,"Sucker Punch: 7 (36.8%), Slam: 5 (26.3%), Rock Tomb: 3 (15.8%), Rock Slide: 3 (15.8%), Wood Hammer: 1 (5.3%)",1,9,0.11,0,0.11,0,2.44,2.56,3,4,4,4,17.83,9,Sudowoodo: 1,None,0,,0,"Damage: 0, Status: 0, Hazard: 0, Weather: 0, Cleric: 0, Screen: 0, Pass: 0",None
school_kid_m_ricky_0429_Sunflora,school_kid_m_ricky_0429,SUNFLORA,"Ingrain: 1 (50.0%), Razor Leaf: 1 (50.0%)",0,1,0.0,0,0.0,0,2.0,2.0,1,0,0,0,50.0,1,None,None,0,,0,"Damage: 0, Status: 0, Hazard: 0, Weather: 0, Cleric: 0, Screen: 0, Pass: 0",None
school_kid_m_ricky_0429_Taillow,school_kid_m_ricky_0429,TAILLOW,"Aerial Ace: 3 (75.0%), Endeavor: 1 (25.0%)",2,1,2.0,0,2.0,0,2.5,1.0,0,0,0,0,0.0,2,"Taillow: 1, Fearow: 1",None,0,,0,"Damage: 0, Status: 0, Hazard: 0, Weather: 0, Cleric: 0, Screen: 0, Pass: 0",None
school_kid_m_ricky_0429_Tangela,school_kid_m_ricky_0429,TANGELA,"Vine Whip: 9 (40.9%), Bind: 8 (36.4%), Stun Spore: 4 (18.2%), Mega Drain: 1 (4.5%)",1,3,0.33,0,0.33,0,7.25,4.5,2,2,1,0,4.35,4,Tangela: 1,None,0,,0,"Damage: 0, Status: 0, Hazard: 0, Weather: 0, Cleric: 0, Screen: 0, Pass: 0",None
school_kid_m_ricky_0429_Tauros,school_kid_m_ricky_0429,TAUROS,"Payback: 3 (50.0%), Rest: 2 (33.3%), Zen Headbutt: 1 (16.7%)",1,0,1.0,0,1.0,0,10.0,6.0,0,0,1,0,11.43,1,Tauros: 1,None,0,,0,"Damage: 0, Status: 0, Hazard: 0, Weather: 0, Cleric: 0, Screen: 0, Pass: 0",None
school_kid_m_ricky_0429_Teddiursa,school_kid_m_ricky_0429,TEDDIURSA,"Slash: 37 (63.8%), Snore: 8 (13.8%), Charm: 4 (6.9%), Rest: 4 (6.9%), Faint Attack: 4 (6.9%), Sweet Scent: 1 (1.7%)",15,8,1.88,0,1.88,0,4.2,1.87,9,0,2,0,18.33,15,"Teddiursa: 13, Marill: 2",None,3,,0,"Damage: 0, Status: 0, Hazard: 0, Weather: 0, Cleric: 0, Screen: 0, Pass: 0",None
school_kid_m_ricky_0429_Tentacruel,school_kid_m_ricky_0429,TENTACRUEL,"Poison Jab: 8 (38.1%), Water Pulse: 7 (33.3%), Wring Out: 2 (9.5%), Barrier: 2 (9.5%), Screech: 2 (9.5%)",0,3,0.0,0,0.0,0,9.0,5.67,0,0,0,5,5.71,3,None,None,0,,0,"Damage: 0, Status: 0, Hazard: 0, Weather: 0, Cleric: 0, Screen: 0, Pass: 0",None
school_kid_m_ricky_0429_Torkoal,school_kid_m_ricky_0429,TORKOAL,"Body Slam: 23 (37.7%), Iron Tail: 22 (36.1%), Overheat: 8 (13.1%), Iron Defense: 7 (11.5%), Struggle: 1 (1.6%)",2,3,0.67,0,0.67,0,11.17,8.0,1,9,8,11,-0.14,6,Torkoal: 2,None,0,,0,"Damage: 0, Status: 0, Hazard: 0, Weather: 0, Cleric: 0, Screen: 0, Pass: 0",None
school_kid_m_ricky_0429_Umbreon,school_kid_m_ricky_0429,UMBREON,"Shadow Ball: 3 (75.0%), Confuse Ray: 1 (25.0%)",0,2,0.0,0,0.0,0,6.5,5.5,0,0,0,0,-15.0,2,None,None,0,,0,"Damage: 0, Status: 0, Hazard: 0, Weather: 0, Cleric: 0, Screen: 0, Pass: 0",None
school_kid_m_ricky_0429_Vaporeon,school_kid_m_ricky_0429,VAPOREON,"Quick Attack: 3 (50.0%), Water Gun: 2 (33.3%), Sand Attack: 1 (16.7%)",2,0,2.0,0,2.0,0,6.0,3.0,2,0,1,0,42.86,1,"Vaporeon: 1, Jolteon: 1",None,0,,0,"Damage: 0, Status: 0, Hazard: 0, Weather: 0, Cleric: 0, Screen: 0, Pass: 0",None
school_kid_m_ricky_0429_Venomoth,school_kid_m_ricky_0429,VENOMOTH,"Disable: 3 (50.0%), Confusion: 2 (33.3%), Leech Life: 1 (16.7%)",0,2,0.0,0,0.0,0,5.0,3.0,0,1,2,0,12.5,2,None,None,0,,0,"Damage: 0, Status: 0, Hazard: 0, Weather: 0, Cleric: 0, Screen: 0, Pass: 0",None
school_kid_m_ricky_0429_Venonat,school_kid_m_ricky_0429,VENONAT,"Signal Beam: 2 (50.0%), Sleep Powder: 1 (25.0%), Stun Spore: 1 (25.0%)",1,0,1.0,0,1.0,0,5.0,3.0,0,0,0,0,-2.5,1,Venonat: 1,None,0,,0,"Damage: 0, Status: 0, Hazard: 0, Weather: 0, Cleric: 0, Screen: 0, Pass: 0",None
school_kid_m_ricky_0429_Venusaur,school_kid_m_ricky_0429,VENUSAUR,None,0,1,0.0,0,0.0,0,1.0,1.0,0,0,0,0,0.0,1,None,None,0,,0,"Damage: 0, Status: 0, Hazard: 0, Weather: 0, Cleric: 0, Screen: 0, Pass: 0",None
school_kid_m_ricky_0429_Victreebel,school_kid_m_ricky_0429,VICTREEBEL,"Wrap: 5 (45.5%), Acid: 2 (18.2%), Razor Leaf: 2 (18.2%), Protect: 1 (9.1%), Sludge Bomb: 1 (9.1%)",2,6,0.33,0,0.33,0,2.83,2.33,1,1,0,0,-0.91,6,Victreebel: 2,None,0,,0,"Damage: 0, Status: 0, Hazard: 0, Weather: 0, Cleric: 0, Screen: 0, Pass: 0",None
school_kid_m_ricky_0429_Vileplume,school_kid_m_ricky_0429,VILEPLUME,"Mega Drain: 19 (26.8%), Stun Spore: 17 (23.9%), Aromatherapy: 16 (22.5%), Poison Powder: 15 (21.1%), Struggle: 4 (5.6%)",0,1,0.0,0,0.0,0,21.5,9.5,1,7,3,0,-4.05,4,None,None,0,,0,"Damage: 0, Status: 0, Hazard: 0, Weather: 0, Cleric: 0, Screen: 0, Pass: 0",None
school_kid_m_ricky_0429_Voltorb,school_kid_m_ricky_0429,VOLTORB,"Charge Beam: 5 (38.5%), Rollout: 3 (23.1%), Tackle: 1 (7.7%), Spark: 1 (7.7%), Sonic Boom: 1 (7.7%), Magnet Rise: 1 (7.7%), Swift: 1 (7.7%)",3,3,1.0,0,1.0,0,3.2,2.2,0,1,0,4,-3.85,5,Voltorb: 3,None,0,,0,"Damage: 0, Status: 0, Hazard: 0, Weather: 0, Cleric: 0, Screen: 0, Pass: 0",None
school_kid_m_ricky_0429_Weepinbell,school_kid_m_ricky_0429,WEEPINBELL,"Razor Leaf: 12 (54.5%), Gastro Acid: 5 (22.7%), Sweet Scent: 4 (18.2%), Acid: 1 (4.5%)",2,4,0.5,0,0.5,0,6.75,5.25,0,0,0,0,0.0,4,Weepinbell: 2,None,0,,0,"Damage: 0, Status: 0, Hazard: 0, Weather: 0, Cleric: 0, Screen: 0, Pass: 0",None
school_kid_m_ricky_0429_Weezing,school_kid_m_ricky_0429,WEEZING,"Double Hit: 3 (37.5%), Sludge: 3 (37.5%), Explosion: 2 (25.0%)",2,4,0.5,0,0.5,0,2.5,2.25,1,0,1,1,23.33,4,Weezing: 2,None,0,,0,"Damage: 0, Status: 0, Hazard: 0, Weather: 0, Cleric: 0, Screen: 0, Pass: 0",None
school_kid_m_ricky_0429_Whismur,school_kid_m_ricky_0429,WHISMUR,"Rest: 10 (30.3%), Roar: 10 (30.3%), Screech: 7 (21.2%), Sleep Talk: 5 (15.2%), Struggle: 1 (3.0%)",1,0,1.0,0,1.0,0,25.0,0.0,0,1,0,0,-3.03,2,Whismur: 1,None,0,,0,"Damage: 0, Status: 0, Hazard: 0, Weather: 0, Cleric: 0, Screen: 0, Pass: 0",None
school_kid_m_ricky_0429_Wigglytuff,school_kid_m_ricky_0429,WIGGLYTUFF,"Disable: 5 (33.3%), Double Slap: 5 (33.3%), Sing: 4 (26.7%), Defense Curl: 1 (6.7%)",1,1,1.0,0,1.0,0,27.0,5.0,0,5,2,0,-17.65,1,Wigglytuff: 1,None,0,,0,"Damage: 0, Status: 0, Hazard: 0, Weather: 0, Cleric: 0, Screen: 0, Pass: 0",None
school_kid_m_ricky_0429_Xatu,school_kid_m_ricky_0429,XATU,"Wish: 12 (21.8%), Tailwind: 10 (18.2%), Future Sight: 10 (18.2%), Psycho Shift: 10 (18.2%), Fly: 6 (10.9%), Ominous Wind: 3 (5.5%), Night Shade: 2 (3.6%), Struggle: 2 (3.6%)",1,4,0.25,0,0.25,0,9.83,2.33,0,2,4,0,2.88,6,Xatu: 1,None,0,,0,"Damage: 0, Status: 0, Hazard: 0, Weather: 0, Cleric: 0, Screen: 0, Pass: 0",None
school_kid_m_ricky_0429_Zigzagoon,school_kid_m_ricky_0429,ZIGZAGOON,Secret Power: 1 (100.0%),1,0,1.0,0,1.0,0,1.0,0.0,0,0,0,0,0.0,1,Zigzagoon: 1,None,0,,0,"Damage: 0, Status: 0, Hazard: 0, Weather: 0, Cleric: 0, Screen: 0, Pass: 0",None
school_kid_m_sherman_0546_Dugtrio,school_kid_m_sherman_0546,DUGTRIO,None,0,0,0.0,0,0.0,0,0.0,0.0,0,0,2,0,100.0,2,None,None,0,,0,"Damage: 0, Status: 0, Hazard: 0, Weather: 0, Cleric: 0, Screen: 0, Pass: 0",None
school_kid_m_sherman_0546_Furret,school_kid_m_sherman_0546,FURRET,"Double Team: 3742 (46.8%), Slam: 1935 (24.2%), Amnesia: 1768 (22.1%), Baton Pass: 545 (6.8%)",864,411,2.1,945,4.4,77,7.99,2.39,81,561,2314,0,17.8,1250,"Magikarp: 55, Voltorb: 27, Pikachu: 27","Magmar: 15, Electrode: 12, Seaking: 12",124,81.52,1,"Damage: 147, Status: 0, Hazard: 0, Weather: 0, Cleric: 0, Screen: 0, Pass: 798",None
school_kid_m_sherman_0546_Pidgeot,school_kid_m_sherman_0546,PIDGEOT,"Wing Attack: 3578 (76.3%), Steel Wing: 729 (15.6%), Roost: 330 (7.0%), Return: 50 (1.1%)",1199,372,3.22,109,3.52,0,5.93,2.23,242,238,1250,58,21.0,942,"Butterfree: 40, Seaking: 33, Onix: 29","Magmar: 11, Seaking: 11, Magneton: 11",175,69.23,0,"Damage: 109, Status: 0, Hazard: 0, Weather: 0, Cleric: 0, Screen: 0, Pass: 0",None
school_kid_m_sherman_0546_Quagsire,school_kid_m_sherman_0546,QUAGSIRE,None,0,0,0.0,0,0.0,0,0.0,0.0,0,0,0,0,0.0,4,None,None,0,,0,"Damage: 0, Status: 0, Hazard: 0, Weather: 0, Cleric: 0, Screen: 0, Pass: 0",None
school_kid_m_tommy_0328_Alakazam,school_kid_m_tommy_0328,ALAKAZAM,"Calm Mind: 568 (27.7%), Psychic: 530 (25.8%), Focus Blast: 495 (24.1%), Reflect: 459 (22.4%)",578,281,2.06,14,2.11,0,4.52,1.87,59,165,92,31,-0.45,632,"Magnemite: 22, Seaking: 18, Seadra: 14","Quagsire: 11, Seaking: 9, Arcanine: 8",75,65.52,0,"Damage: 10, Status: 0, Hazard: 0, Weather: 0, Cleric: 0, Screen: 4, Pass: 0",None
school_kid_m_tommy_0328_Quagsire,school_kid_m_tommy_0328,QUAGSIRE,None,0,0,0.0,0,0.0,0,0.0,0.0,0,0,0,0,0.0,3,None,None,0,,0,"Damage: 0, Status: 0, Hazard: 0, Weather: 0, Cleric: 0, Screen: 0, Pass: 0",None
school_kid_m_tommy_0328_Xatu,school_kid_m_tommy_0328,XATU,"Fly: 6340 (84.8%), Psychic: 508 (6.8%), Night Shade: 361 (4.8%), Confuse Ray: 265 (3.5%)",1644,584,2.82,406,3.51,5,6.32,1.68,203,207,2574,21,25.57,1293,"Magikarp: 58, Butterfree: 42, Bellsprout: 30","Seadra: 19, Seaking: 19, Graveler: 17",253,77.42,0,"Damage: 386, Status: 116, Hazard: 0, Weather: 0, Cleric: 0, Screen: 0, Pass: 0",None
school_kid_m_torin_0567_Dugtrio,school_kid_m_torin_0567,DUGTRIO,None,0,0,0.0,0,0.0,0,0.0,0.0,0,0,2,0,100.0,2,None,None,0,,0,"Damage: 0, Status: 0, Hazard: 0, Weather: 0, Cleric: 0, Screen: 0, Pass: 0",None
school_kid_m_torin_0567_Golbat,school_kid_m_torin_0567,GOLBAT,"Air Cutter: 1530 (54.9%), Poison Fang: 625 (22.4%), Mean Look: 390 (14.0%), Confuse Ray: 243 (8.7%)",548,490,1.12,102,1.33,0,5.11,2.36,214,110,126,133,7.79,780,"Butterfree: 25, Gastly: 24, Seadra: 19","Magmar: 19, Seadra: 19, Graveler: 16",72,56.6,0,"Damage: 99, Status: 54, Hazard: 0, Weather: 0, Cleric: 0, Screen: 0, Pass: 0",None
school_kid_m_torin_0567_Quagsire,school_kid_m_torin_0567,QUAGSIRE,None,0,0,0.0,0,0.0,0,0.0,0.0,0,0,0,0,0.0,3,None,None,0,,0,"Damage: 0, Status: 0, Hazard: 0, Weather: 0, Cleric: 0, Screen: 0, Pass: 0",None
school_kid_m_torin_0567_Sandslash,school_kid_m_torin_0567,SANDSLASH,"Slash: 2228 (41.2%), Fury Cutter: 1233 (22.8%), Crush Claw: 1040 (19.2%), Sand Tomb: 905 (16.7%)",1293,716,1.81,525,2.54,47,4.96,2.49,429,442,214,320,3.83,1284,"Magikarp: 55, Magnemite: 34, Bellsprout: 30","Seadra: 30, Seaking: 24, Graveler: 21",192,68.93,1,"Damage: 525, Status: 0, Hazard: 0, Weather: 0, Cleric: 0, Screen: 0, Pass: 0",None
school_kid_m_torin_0649_Dugtrio,school_kid_m_torin_0649,DUGTRIO,None,0,0,0.0,0,0.0,0,0.0,0.0,0,0,5,0,100.0,5,None,None,0,,0,"Damage: 0, Status: 0, Hazard: 0, Weather: 0, Cleric: 0, Screen: 0, Pass: 0",None
school_kid_m_torin_0649_Golbat,school_kid_m_torin_0649,GOLBAT,"Air Cutter: 1353 (54.7%), Poison Fang: 628 (25.4%), Mean Look: 393 (15.9%), Haze: 99 (4.0%), Confuse Ray: 1 (0.0%)",606,396,1.53,140,1.88,11,4.84,2.25,206,89,90,117,7.44,738,"Seaking: 24, Seadra: 19, Poliwhirl: 18","Seaking: 16, Golem: 15, Tentacruel: 14",76,57.14,0,"Damage: 140, Status: 41, Hazard: 0, Weather: 0, Cleric: 0, Screen: 0, Pass: 0",None
school_kid_m_torin_0649_Quagsire,school_kid_m_torin_0649,QUAGSIRE,None,0,0,0.0,0,0.0,0,0.0,0.0,0,0,0,0,0.0,2,None,None,0,,0,"Damage: 0, Status: 0, Hazard: 0, Weather: 0, Cleric: 0, Screen: 0, Pass: 0",None
school_kid_m_torin_0649_Sandslash,school_kid_m_torin_0649,SANDSLASH,"Slash: 2371 (41.1%), Fury Cutter: 1269 (22.0%), Gyro Ball: 1163 (20.2%), Sand Tomb: 962 (16.7%), Crush Claw: 4 (0.1%)",1273,673,1.89,624,2.82,81,5.37,2.76,462,406,224,0,4.67,1260,"Magikarp: 57, Magnemite: 37, Pikachu: 34","Seaking: 24, Golduck: 20, Seadra: 19",189,70.24,1,"Damage: 624, Status: 0, Hazard: 0, Weather: 0, Cleric: 0, Screen: 0, Pass: 0",None
school_kid_m_torin_0649_Vulpix,school_kid_m_torin_0649,VULPIX,"Payback: 542 (49.9%), Fire Spin: 268 (24.7%), Grudge: 257 (23.6%), Captivate: 20 (1.8%)",111,441,0.25,141,0.57,5,3.71,1.76,40,97,53,0,-0.35,541,"Haunter: 12, Magmar: 10, Butterfree: 9","Quagsire: 16, Weezing: 16, Qwilfish: 13",6,,1,"Damage: 141, Status: 0, Hazard: 0, Weather: 0, Cleric: 0, Screen: 0, Pass: 0",None
school_kid_m_torin_0650_Dugtrio,school_kid_m_torin_0650,DUGTRIO,None,0,0,0.0,0,0.0,0,0.0,0.0,0,0,4,0,100.0,2,None,None,0,,0,"Damage: 0, Status: 0, Hazard: 0, Weather: 0, Cleric: 0, Screen: 0, Pass: 0",None
school_kid_m_torin_0650_Golbat,school_kid_m_torin_0650,GOLBAT,"Air Slash: 882 (38.0%), Poison Fang: 855 (36.9%), Mean Look: 486 (21.0%), Haze: 82 (3.5%), Air Cutter: 11 (0.5%), Confuse Ray: 3 (0.1%)",599,280,2.14,134,2.62,21,5.28,2.2,118,55,86,323,6.58,622,"Seaking: 22, Magmar: 16, Seadra: 15","Graveler: 11, Golduck: 10, Noctowl: 10",79,67.92,0,"Damage: 134, Status: 59, Hazard: 0, Weather: 0, Cleric: 0, Screen: 0, Pass: 0",None
school_kid_m_torin_0650_Quagsire,school_kid_m_torin_0650,QUAGSIRE,None,0,0,0.0,0,0.0,0,0.0,0.0,0,0,0,0,0.0,2,None,None,0,,0,"Damage: 0, Status: 0, Hazard: 0, Weather: 0, Cleric: 0, Screen: 0, Pass: 0",None
school_kid_m_torin_0650_Sandslash,school_kid_m_torin_0650,SANDSLASH,"Slash: 2246 (41.0%), Fury Cutter: 1160 (21.2%), Gyro Ball: 1130 (20.6%), Sand Tomb: 935 (17.1%), Crush Claw: 3 (0.1%)",1287,603,2.13,619,3.16,90,5.27,2.79,435,461,210,0,3.24,1230,"Magikarp: 58, Magnemite: 32, Voltorb: 31","Magmar: 23, Golduck: 22, Seaking: 21",197,74.23,0,"Damage: 619, Status: 0, Hazard: 0, Weather: 0, Cleric: 0, Screen: 0, Pass: 0",None
school_kid_m_torin_0650_Vulpix,school_kid_m_torin_0650,VULPIX,"Extrasensory: 363 (35.2%), Grudge: 316 (30.6%), Fire Blast: 310 (30.1%), Captivate: 41 (4.0%), Payback: 1 (0.1%)",229,349,0.66,86,0.9,1,3.76,1.7,37,55,47,51,3.97,497,"Butterfree: 13, Magmar: 12, Haunter: 12","Seadra: 14, Golduck: 11, Nidoking: 9",18,,3,"Damage: 86, Status: 4, Hazard: 0, Weather: 0, Cleric: 0, Screen: 0, Pass: 0",None
school_kid_m_torin_0651_Dugtrio,school_kid_m_torin_0651,DUGTRIO,None,0,0,0.0,0,0.0,0,0.0,0.0,0,0,9,0,100.0,6,None,None,0,,0,"Damage: 0, Status: 0, Hazard: 0, Weather: 0, Cleric: 0, Screen: 0, Pass: 0",None
school_kid_m_torin_0651_Golbat,school_kid_m_torin_0651,GOLBAT,"Air Slash: 767 (40.9%), Poison Fang: 634 (33.8%), Mean Look: 394 (21.0%), Haze: 75 (4.0%), Air Cutter: 5 (0.3%), Confuse Ray: 2 (0.1%)",544,225,2.42,103,2.88,9,4.88,2.06,85,67,92,223,5.36,524,"Butterfree: 18, Exeggcute: 17, Machoke: 15","Seaking: 8, Graveler: 8, Electabuzz: 8",74,72.41,1,"Damage: 103, Status: 34, Hazard: 0, Weather: 0, Cleric: 0, Screen: 0, Pass: 0",None
school_kid_m_torin_0651_Quagsire,school_kid_m_torin_0651,QUAGSIRE,None,0,0,0.0,0,0.0,0,0.0,0.0,0,0,0,0,0.0,5,None,None,0,,0,"Damage: 0, Status: 0, Hazard: 0, Weather: 0, Cleric: 0, Screen: 0, Pass: 0",None
school_kid_m_torin_0651_Sandslash,school_kid_m_torin_0651,SANDSLASH,"Slash: 2586 (43.4%), Gyro Ball: 1349 (22.6%), Sand Tomb: 1067 (17.9%), Sandstorm: 947 (15.9%), Fury Cutter: 4 (0.1%), Struggle: 3 (0.1%), Crush Claw: 1 (0.0%)",1271,487,2.61,703,4.05,128,5.72,2.71,413,417,522,0,8.0,1191,"Magikarp: 57, Magnemite: 33, Geodude: 30","Seadra: 18, Quagsire: 15, Seaking: 15",194,78.59,1,"Damage: 606, Status: 0, Hazard: 0, Weather: 361, Cleric: 0, Screen: 0, Pass: 0",None
school_kid_m_torin_0651_Vulpix,school_kid_m_torin_0651,VULPIX,"Grudge: 343 (33.6%), Extrasensory: 327 (32.0%), Fire Blast: 310 (30.4%), Captivate: 41 (4.0%)",232,283,0.82,94,1.15,3,3.88,1.67,39,55,50,28,2.66,441,"Bellsprout: 12, Haunter: 11, Gastly: 11","Qwilfish: 10, Tentacruel: 10, Quagsire: 9",20,,3,"Damage: 94, Status: 7, Hazard: 0, Weather: 0, Cleric: 0, Screen: 0, Pass: 0",None
school_kid_m_travis_0568_Budew,school_kid_m_travis_0568,BUDEW,"Nature Power: 1524 (29.8%), Sludge Bomb: 1404 (27.4%), Stun Spore: 1326 (25.9%), Giga Drain: 864 (16.9%)",1392,739,1.88,77,1.99,0,4.58,2.04,252,429,138,234,-0.7,1282,"Magikarp: 56, Geodude: 32, Bellsprout: 32","Seaking: 25, Butterfree: 20, Magmar: 20",184,63.1,0,"Damage: 71, Status: 51, Hazard: 0, Weather: 0, Cleric: 0, Screen: 0, Pass: 0",None
scientist_gs_daniel_0689_Ninetales,scientist_gs_daniel_0689,NINETALES,"Quick Attack: 3611 (55.2%), Will O Wisp: 1604 (24.5%), Overheat: 1064 (16.3%), Roar: 264 (4.0%)",1643,526,3.12,229,3.56,0,5.44,2.81,281,606,196,0,-1.91,1287,"Magikarp: 58, Goldeen: 39, Pikachu: 38","Seaking: 22, Graveler: 21, Quagsire: 17",235,85.55,0,"Damage: 214, Status: 197, Hazard: 0, Weather: 0, Cleric: 0, Screen: 0, Pass: 0",None
scientist_gs_garett_0471_Dugtrio,scientist_gs_garett_0471,DUGTRIO,None,0,0,0.0,0,0.0,0,0.0,0.0,0,0,2,0,100.0,2,None,None,0,,0,"Damage: 0, Status: 0, Hazard: 0, Weather: 0, Cleric: 0, Screen: 0, Pass: 0",None
scientist_gs_garett_0471_Magnemite,scientist_gs_garett_0471,MAGNEMITE,"Lock On: 4813 (36.0%), Sonic Boom: 3694 (27.7%), Spark: 3190 (23.9%), Thunder Wave: 1657 (12.4%)",1163,2610,0.45,56,0.47,54,11.44,6.05,183,263,436,781,2.87,1240,"Magikarp: 57, Goldeen: 37, Geodude: 30","Graveler: 91, Seaking: 72, Butterfree: 69",153,34.73,6,"Damage: 48, Status: 38, Hazard: 0, Weather: 0, Cleric: 0, Screen: 0, Pass: 0",None
scientist_gs_garett_0471_Quagsire,scientist_gs_garett_0471,QUAGSIRE,None,0,0,0.0,0,0.0,0,0.0,0.0,0,0,0,0,0.0,4,None,None,0,,0,"Damage: 0, Status: 0, Hazard: 0, Weather: 0, Cleric: 0, Screen: 0, Pass: 0",None
scientist_gs_gregg_0470_Dugtrio,scientist_gs_gregg_0470,DUGTRIO,None,0,0,0.0,0,0.0,0,0.0,0.0,0,0,2,0,100.0,2,None,None,0,,0,"Damage: 0, Status: 0, Hazard: 0, Weather: 0, Cleric: 0, Screen: 0, Pass: 0",None
scientist_gs_gregg_0470_Magnemite,scientist_gs_gregg_0470,MAGNEMITE,"Sonic Boom: 3539 (37.3%), Thunder Shock: 2964 (31.2%), Thunder Wave: 1583 (16.7%), Supersonic: 1410 (14.8%)",1157,2512,0.46,76,0.49,22,8.58,4.23,198,1236,306,211,-7.62,1221,"Magikarp: 56, Bellsprout: 30, Goldeen: 27","Seaking: 70, Magmar: 64, Butterfree: 63",160,34.41,10,"Damage: 72, Status: 66, Hazard: 0, Weather: 0, Cleric: 0, Screen: 0, Pass: 0",None
scientist_gs_gregg_0470_Quagsire,scientist_gs_gregg_0470,QUAGSIRE,None,0,0,0.0,0,0.0,0,0.0,0.0,0,0,0,0,0.0,3,None,None,0,,0,"Damage: 0, Status: 0, Hazard: 0, Weather: 0, Cleric: 0, Screen: 0, Pass: 0",None
scientist_gs_linden_0688_Magmar,scientist_gs_linden_0688,MAGMAR,"Faint Attack: 1788 (36.6%), Fire Punch: 1594 (32.6%), Confuse Ray: 830 (17.0%), Overheat: 671 (13.7%)",2055,368,5.58,138,5.96,0,4.05,1.46,225,87,92,85,4.86,1266,"Magikarp: 57, Goldeen: 48, Pikachu: 48","Graveler: 27, Quagsire: 18, Seaking: 17",297,88.94,0,"Damage: 129, Status: 105, Hazard: 0, Weather: 0, Cleric: 0, Screen: 0, Pass: 0",None
scientist_gs_lowell_0687_Arcanine,scientist_gs_lowell_0687,ARCANINE,"Fire Fang: 1438 (31.4%), Extreme Speed: 1433 (31.3%), Thunder Fang: 1141 (24.9%), Overheat: 570 (12.4%)",2258,244,9.25,82,9.59,0,3.93,1.47,238,209,111,230,2.85,1243,"Magikarp: 57, Koffing: 51, Magmar: 40","Graveler: 23, Golem: 11, Quagsire: 11",348,94.45,0,"Damage: 82, Status: 21, Hazard: 0, Weather: 0, Cleric: 0, Screen: 0, Pass: 0",None
scientist_gs_mitch_0469_Abra,scientist_gs_mitch_0469,ABRA,"Flash: 10 (37.0%), Teleport: 10 (37.0%), Struggle: 7 (25.9%)",2,2,1.0,0,1.0,0,14.0,1.0,1,7,3,0,-10.0,2,Abra: 2,None,0,,0,"Damage: 0, Status: 0, Hazard: 0, Weather: 0, Cleric: 0, Screen: 0, Pass: 0",None
scientist_gs_mitch_0469_Aipom,scientist_gs_mitch_0469,AIPOM,Agility: 1 (100.0%),0,1,0.0,0,0.0,0,2.0,1.0,0,0,0,0,0.0,1,None,None,0,,0,"Damage: 0, Status: 0, Hazard: 0, Weather: 0, Cleric: 0, Screen: 0, Pass: 0",None
scientist_gs_mitch_0469_Alakazam,scientist_gs_mitch_0469,ALAKAZAM,"Recover: 2 (50.0%), Reflect: 1 (25.0%), Psychic: 1 (25.0%)",0,1,0.0,0,0.0,0,5.0,2.0,0,0,0,0,-2.5,1,None,None,0,,0,"Damage: 0, Status: 0, Hazard: 0, Weather: 0, Cleric: 0, Screen: 0, Pass: 0",None
scientist_gs_mitch_0469_Ambipom,scientist_gs_mitch_0469,AMBIPOM,"Nasty Plot: 3 (75.0%), Double Hit: 1 (25.0%)",0,1,0.0,0,0.0,0,5.0,2.0,0,0,0,0,0.0,1,None,None,0,,0,"Damage: 0, Status: 0, Hazard: 0, Weather: 0, Cleric: 0, Screen: 0, Pass: 0",None
scientist_gs_mitch_0469_Arbok,scientist_gs_mitch_0469,ARBOK,"Mud Bomb: 5 (27.8%), Glare: 4 (22.2%), Crunch: 3 (16.7%), Stockpile: 3 (16.7%), Gastro Acid: 1 (5.6%), Spit Up: 1 (5.6%), Swallow: 1 (5.6%)",0,5,0.0,0,0.0,0,4.6,2.0,0,2,2,1,-5.5,5,None,None,0,,0,"Damage: 0, Status: 0, Hazard: 0, Weather: 0, Cleric: 0, Screen: 0, Pass: 0",None
scientist_gs_mitch_0469_Ariados,scientist_gs_mitch_0469,ARIADOS,"Sucker Punch: 2 (66.7%), Agility: 1 (33.3%)",0,3,0.0,0,0.0,0,2.0,1.33,0,0,0,0,0.0,3,None,None,0,,0,"Damage: 0, Status: 0, Hazard: 0, Weather: 0, Cleric: 0, Screen: 0, Pass: 0",None
scientist_gs_mitch_0469_Azumarill,scientist_gs_mitch_0469,AZUMARILL,"Defense Curl: 1 (16.7%), Waterfall: 1 (16.7%), Rollout: 1 (16.7%), Aqua Ring: 1 (16.7%), Bubble Beam: 1 (16.7%), Double Edge: 1 (16.7%)",0,3,0.0,0,0.0,0,3.33,3.0,0,0,0,0,-5.0,3,None,None,0,,0,"Damage: 0, Status: 0, Hazard: 0, Weather: 0, Cleric: 0, Screen: 0, Pass: 0",None
scientist_gs_mitch_0469_Beedrill,scientist_gs_mitch_0469,BEEDRILL,"Agility: 13 (46.4%), Endeavor: 6 (21.4%), Poison Jab: 5 (17.9%), Assurance: 4 (14.3%)",5,8,0.62,0,0.62,0,3.6,1.6,1,0,0,0,2.5,10,"Beedrill: 3, Butterfree: 2",None,1,,0,"Damage: 0, Status: 0, Hazard: 0, Weather: 0, Cleric: 0, Screen: 0, Pass: 0",None
scientist_gs_mitch_0469_Bellossom,scientist_gs_mitch_0469,BELLOSSOM,"Sweet Scent: 29 (26.6%), Stun Spore: 24 (22.0%), Sunny Day: 22 (20.2%), Mega Drain: 20 (18.3%), Magical Leaf: 7 (6.4%), Struggle: 7 (6.4%)",1,2,0.5,0,0.5,0,22.83,7.67,4,2,0,0,1.83,6,Bellossom: 1,None,0,,0,"Damage: 0, Status: 0, Hazard: 0, Weather: 0, Cleric: 0, Screen: 0, Pass: 0",None
scientist_gs_mitch_0469_Bellsprout,scientist_gs_mitch_0469,BELLSPROUT,"Vine Whip: 70 (53.0%), Struggle: 29 (22.0%), Growth: 20 (15.2%), Razor Leaf: 8 (6.1%), Sweet Scent: 3 (2.3%), Gastro Acid: 2 (1.5%)",28,7,4.0,0,4.0,0,8.44,6.25,6,0,2,0,5.97,16,"Bellsprout: 26, Hoothoot: 2",None,4,,0,"Damage: 0, Status: 0, Hazard: 0, Weather: 0, Cleric: 0, Screen: 0, Pass: 0",None
scientist_gs_mitch_0469_Bidoof,scientist_gs_mitch_0469,BIDOOF,None,0,1,0.0,0,0.0,0,1.0,1.0,0,0,0,0,0.0,1,None,None,0,,0,"Damage: 0, Status: 0, Hazard: 0, Weather: 0, Cleric: 0, Screen: 0, Pass: 0",None
scientist_gs_mitch_0469_Bronzor,scientist_gs_mitch_0469,BRONZOR,"Gyro Ball: 20 (28.6%), Safeguard: 15 (21.4%), Faint Attack: 10 (14.3%), Iron Defense: 10 (14.3%), Future Sight: 10 (14.3%), Struggle: 4 (5.7%), Skill Swap: 1 (1.4%)",0,4,0.0,0,0.0,0,17.5,8.0,2,0,0,0,2.86,4,None,None,0,,0,"Damage: 0, Status: 0, Hazard: 0, Weather: 0, Cleric: 0, Screen: 0, Pass: 0",None
scientist_gs_mitch_0469_Budew,scientist_gs_mitch_0469,BUDEW,None,0,2,0.0,0,0.0,0,1.0,1.0,0,0,0,0,0.0,2,None,None,0,,0,"Damage: 0, Status: 0, Hazard: 0, Weather: 0, Cleric: 0, Screen: 0, Pass: 0",None
scientist_gs_mitch_0469_Buizel,scientist_gs_mitch_0469,BUIZEL,None,0,2,0.0,0,0.0,0,1.0,1.0,0,0,0,0,0.0,2,None,None,0,,0,"Damage: 0, Status: 0, Hazard: 0, Weather: 0, Cleric: 0, Screen: 0, Pass: 0",None
scientist_gs_mitch_0469_Bulbasaur,scientist_gs_mitch_0469,BULBASAUR,"Take Down: 4 (44.4%), Razor Leaf: 2 (22.2%), Growl: 1 (11.1%), Seed Bomb: 1 (11.1%), Double Edge: 1 (11.1%)",0,3,0.0,0,0.0,0,4.0,2.33,1,1,2,0,18.18,3,None,None,0,,0,"Damage: 0, Status: 0, Hazard: 0, Weather: 0, Cleric: 0, Screen: 0, Pass: 0",None
scientist_gs_mitch_0469_Burmy,scientist_gs_mitch_0469,BURMY,"Bug Bite: 5 (50.0%), Protect: 4 (40.0%), Tackle: 1 (10.0%)",0,2,0.0,0,0.0,0,6.0,2.5,2,1,0,0,10.0,2,None,None,0,,0,"Damage: 0, Status: 0, Hazard: 0, Weather: 0, Cleric: 0, Screen: 0, Pass: 0",None
scientist_gs_mitch_0469_Butterfree,scientist_gs_mitch_0469,BUTTERFREE,"Tailwind: 8 (26.7%), Bug Buzz: 8 (26.7%), Safeguard: 4 (13.3%), Silver Wind: 4 (13.3%), Confusion: 3 (10.0%), Gust: 2 (6.7%), Supersonic: 1 (3.3%)",0,11,0.0,0,0.0,0,3.73,2.91,0,1,0,4,5.0,11,None,None,0,,0,"Damage: 0, Status: 0, Hazard: 0, Weather: 0, Cleric: 0, Screen: 0, Pass: 0",None
scientist_gs_mitch_0469_Caterpie,scientist_gs_mitch_0469,CATERPIE,"Tackle: 39 (43.8%), String Shot: 35 (39.3%), Struggle: 15 (16.9%)",19,3,6.33,0,6.33,0,11.12,5.12,4,3,4,0,5.38,8,"Caterpie: 14, Weedle: 5",None,3,,0,"Damage: 0, Status: 0, Hazard: 0, Weather: 0, Cleric: 0, Screen: 0, Pass: 0",None
scientist_gs_mitch_0469_Charmander,scientist_gs_mitch_0469,CHARMANDER,None,0,2,0.0,0,0.0,0,1.0,1.0,0,0,0,0,0.0,2,None,None,0,,0,"Damage: 0, Status: 0, Hazard: 0, Weather: 0, Cleric: 0, Screen: 0, Pass: 0",None
scientist_gs_mitch_0469_Charmeleon,scientist_gs_mitch_0469,CHARMELEON,"Ember: 6 (28.6%), Dragon Rage: 5 (23.8%), Scary Face: 4 (19.0%), Fire Fang: 3 (14.3%), Smoke Screen: 2 (9.5%), Growl: 1 (4.8%)",3,3,1.0,0,1.0,0,4.0,1.83,1,5,1,3,-2.73,6,Charmeleon: 3,None,1,,0,"Damage: 0, Status: 0, Hazard: 0, Weather: 0, Cleric: 0, Screen: 0, Pass: 0",None
scientist_gs_mitch_0469_Cherubi,scientist_gs_mitch_0469,CHERUBI,"Take Down: 3 (50.0%), Worry Seed: 2 (33.3%), Lucky Chant: 1 (16.7%)",0,1,0.0,0,0.0,0,3.5,2.0,0,1,0,0,-16.67,2,None,None,0,,0,"Damage: 0, Status: 0, Hazard: 0, Weather: 0, Cleric: 0, Screen: 0, Pass: 0",None
scientist_gs_mitch_0469_Chikorita,scientist_gs_mitch_0469,CHIKORITA,"Tackle: 10 (55.6%), Growl: 6 (33.3%), Struggle: 2 (11.1%)",2,0,2.0,0,2.0,0,9.0,4.5,1,0,1,0,10.53,2,Chikorita: 2,None,0,,0,"Damage: 0, Status: 0, Hazard: 0, Weather: 0, Cleric: 0, Screen: 0, Pass: 0",None
scientist_gs_mitch_0469_Chingling,scientist_gs_mitch_0469,CHINGLING,Astonish: 1 (100.0%),0,2,0.0,0,0.0,0,2.5,2.5,0,0,0,1,70.0,2,None,None,0,,0,"Damage: 0, Status: 0, Hazard: 0, Weather: 0, Cleric: 0, Screen: 0, Pass: 0",None
scientist_gs_mitch_0469_Clamperl,scientist_gs_mitch_0469,CLAMPERL,"Water Gun: 3 (60.0%), Whirlpool: 2 (40.0%)",0,0,0.0,0,0.0,0,5.0,2.0,0,0,1,0,16.67,1,None,None,0,,0,"Damage: 0, Status: 0, Hazard: 0, Weather: 0, Cleric: 0, Screen: 0, Pass: 0",None
scientist_gs_mitch_0469_Clefable,scientist_gs_mitch_0469,CLEFABLE,"Metronome: 10 (20.0%), Encore: 10 (20.0%), Double Slap: 10 (20.0%), Growl: 8 (16.0%), Wake Up Slap: 4 (8.0%), Struggle: 4 (8.0%), Moonlight: 3 (6.0%), Sing: 1 (2.0%)",1,6,0.17,0,0.17,0,12.8,4.4,0,1,4,1,6.67,5,Clefable: 1,None,0,,0,"Damage: 0, Status: 0, Hazard: 0, Weather: 0, Cleric: 0, Screen: 0, Pass: 0",None
scientist_gs_mitch_0469_Clefairy,scientist_gs_mitch_0469,CLEFAIRY,"Minimize: 10 (19.2%), Sing: 10 (19.2%), Double Slap: 10 (19.2%), Encore: 10 (19.2%), Struggle: 8 (15.4%), Wake Up Slap: 2 (3.8%), Light Screen: 1 (1.9%), Gravity: 1 (1.9%)",0,3,0.0,0,0.0,0,13.8,2.2,0,12,29,0,20.99,5,None,None,0,,0,"Damage: 0, Status: 0, Hazard: 0, Weather: 0, Cleric: 0, Screen: 0, Pass: 0",None
scientist_gs_mitch_0469_Cloyster,scientist_gs_mitch_0469,CLOYSTER,"Spikes: 6 (50.0%), Spike Cannon: 4 (33.3%), Protect: 2 (16.7%)",0,2,0.0,0,0.0,0,7.0,5.0,0,0,0,0,0.0,2,None,None,0,,0,"Damage: 0, Status: 0, Hazard: 0, Weather: 0, Cleric: 0, Screen: 0, Pass: 0",None
scientist_gs_mitch_0469_Corsola,scientist_gs_mitch_0469,CORSOLA,"Harden: 10 (21.7%), Bubble: 10 (21.7%), Recover: 10 (21.7%), Refresh: 10 (21.7%), Struggle: 4 (8.7%), Rock Blast: 1 (2.2%), Bubble Beam: 1 (2.2%)",0,3,0.0,0,0.0,0,12.0,8.25,1,1,0,0,-2.39,4,None,None,0,,0,"Damage: 0, Status: 0, Hazard: 0, Weather: 0, Cleric: 0, Screen: 0, Pass: 0",None
scientist_gs_mitch_0469_Cyndaquil,scientist_gs_mitch_0469,CYNDAQUIL,"Leer: 3 (33.3%), Smoke Screen: 3 (33.3%), Tackle: 3 (33.3%)",2,0,2.0,0,2.0,0,4.5,1.5,0,0,2,0,18.18,2,Cyndaquil: 2,None,0,,0,"Damage: 0, Status: 0, Hazard: 0, Weather: 0, Cleric: 0, Screen: 0, Pass: 0",None
scientist_gs_mitch_0469_Delibird,scientist_gs_mitch_0469,DELIBIRD,"Present: 10 (55.6%), Struggle: 8 (44.4%)",0,2,0.0,0,0.0,0,5.0,4.75,0,1,3,0,9.52,4,None,None,0,,0,"Damage: 0, Status: 0, Hazard: 0, Weather: 0, Cleric: 0, Screen: 0, Pass: 0",None
scientist_gs_mitch_0469_Dewgong,scientist_gs_mitch_0469,DEWGONG,"Rest: 10 (19.2%), Aqua Ring: 10 (19.2%), Ice Shard: 10 (19.2%), Aurora Beam: 10 (19.2%), Struggle: 10 (19.2%), Dive: 2 (3.8%)",0,1,0.0,0,0.0,0,21.67,12.0,0,0,1,1,1.89,3,None,None,0,,0,"Damage: 0, Status: 0, Hazard: 0, Weather: 0, Cleric: 0, Screen: 0, Pass: 0",None
scientist_gs_mitch_0469_Diglett,scientist_gs_mitch_0469,DIGLETT,"Astonish: 12 (21.4%), Growl: 10 (17.9%), Scratch: 9 (16.1%), Sand Attack: 7 (12.5%), Sucker Punch: 6 (10.7%), Magnitude: 5 (8.9%), Mud Slap: 5 (8.9%), Earth Power: 1 (1.8%), Struggle: 1 (1.8%)",6,5,1.2,0,1.2,0,10.33,4.67,0,6,10,9,7.42,6,"Diglett: 4, Zubat: 2",None,1,,0,"Damage: 0, Status: 0, Hazard: 0, Weather: 0, Cleric: 0, Screen: 0, Pass: 0",None
scientist_gs_mitch_0469_Ditto,scientist_gs_mitch_0469,DITTO,Transform: 880 (100.0%),0,307,0.0,30,0.1,0,1.04,0.49,0,0,55,0,5.88,1182,None,"Seaking: 20, Butterfree: 19, Marill: 19",0,74.03,0,"Damage: 27, Status: 18, Hazard: 0, Weather: 0, Cleric: 0, Screen: 0, Pass: 0",None
scientist_gs_mitch_0469_Doduo,scientist_gs_mitch_0469,DODUO,"Fury Attack: 5 (38.5%), Agility: 2 (15.4%), Double Hit: 1 (7.7%), Rage: 1 (7.7%), Growl: 1 (7.7%), Quick Attack: 1 (7.7%), Pursuit: 1 (7.7%), Uproar: 1 (7.7%)",1,6,0.17,0,0.17,0,3.17,4.0,0,1,0,0,-7.69,6,Doduo: 1,None,0,,0,"Damage: 0, Status: 0, Hazard: 0, Weather: 0, Cleric: 0, Screen: 0, Pass: 0",None
scientist_gs_mitch_0469_Dragonair,scientist_gs_mitch_0469,DRAGONAIR,Dragon Rage: 1 (100.0%),0,1,0.0,0,0.0,0,2.0,2.0,0,0,0,0,0.0,1,None,None,0,,0,"Damage: 0, Status: 0, Hazard: 0, Weather: 0, Cleric: 0, Screen: 0, Pass: 0",None
scientist_gs_mitch_0469_Dratini,scientist_gs_mitch_0469,DRATINI,Thunder Wave: 2 (100.0%),0,3,0.0,0,0.0,0,1.67,1.33,0,0,0,0,0.0,3,None,None,0,,0,"Damage: 0, Status: 0, Hazard: 0, Weather: 0, Cleric: 0, Screen: 0, Pass: 0",None
scientist_gs_mitch_0469_Drowzee,scientist_gs_mitch_0469,DROWZEE,"Hypnosis: 15 (30.0%), Disable: 14 (28.0%), Dream Eater: 14 (28.0%), Confusion: 4 (8.0%), Struggle: 3 (6.0%)",3,1,3.0,0,3.0,0,17.0,3.67,0,9,11,0,2.79,3,Drowzee: 3,None,0,,0,"Damage: 0, Status: 0, Hazard: 0, Weather: 0, Cleric: 0, Screen: 0, Pass: 0",None
scientist_gs_mitch_0469_Dunsparce,scientist_gs_mitch_0469,DUNSPARCE,"Rollout: 10 (31.2%), Defense Curl: 10 (31.2%), Glare: 6 (18.8%), Yawn: 5 (15.6%), Struggle: 1 (3.1%)",0,1,0.0,0,0.0,0,23.5,8.0,1,2,4,0,8.33,2,None,None,0,,0,"Damage: 0, Status: 0, Hazard: 0, Weather: 0, Cleric: 0, Screen: 0, Pass: 0",None
scientist_gs_mitch_0469_Eevee,scientist_gs_mitch_0469,EEVEE,"Quick Attack: 5 (45.5%), Sand Attack: 4 (36.4%), Growl: 2 (18.2%)",0,2,0.0,0,0.0,0,6.5,3.0,0,2,4,0,13.33,2,None,None,0,,0,"Damage: 0, Status: 0, Hazard: 0, Weather: 0, Cleric: 0, Screen: 0, Pass: 0",None
scientist_gs_mitch_0469_Electrode,scientist_gs_mitch_0469,ELECTRODE,None,0,2,0.0,0,0.0,0,1.0,1.0,0,0,0,0,0.0,2,None,None,0,,0,"Damage: 0, Status: 0, Hazard: 0, Weather: 0, Cleric: 0, Screen: 0, Pass: 0",None
scientist_gs_mitch_0469_Exeggutor,scientist_gs_mitch_0469,EXEGGUTOR,"Egg Bomb: 4 (50.0%), Light Screen: 2 (25.0%), Hypnosis: 2 (25.0%)",0,1,0.0,0,0.0,0,9.0,2.0,1,2,4,0,25.0,1,None,None,0,,0,"Damage: 0, Status: 0, Hazard: 0, Weather: 0, Cleric: 0, Screen: 0, Pass: 0",None
scientist_gs_mitch_0469_Farfetchd,scientist_gs_mitch_0469,FARFETCHD,"Agility: 8 (57.1%), Air Slash: 3 (21.4%), Night Slash: 2 (14.3%), Air Cutter: 1 (7.1%)",0,7,0.0,0,0.0,0,3.0,1.71,0,0,0,0,-6.43,7,None,None,0,,0,"Damage: 0, Status: 0, Hazard: 0, Weather: 0, Cleric: 0, Screen: 0, Pass: 0",None
scientist_gs_mitch_0469_Fearow,scientist_gs_mitch_0469,FEAROW,"Agility: 14 (34.1%), Roost: 8 (19.5%), Assurance: 7 (17.1%), Mirror Move: 5 (12.2%), Aerial Ace: 5 (12.2%), Drill Peck: 1 (2.4%), Pursuit: 1 (2.4%)",0,8,0.0,0,0.0,0,6.12,3.38,1,0,0,0,2.44,8,None,None,0,,0,"Damage: 0, Status: 0, Hazard: 0, Weather: 0, Cleric: 0, Screen: 0, Pass: 0",None
scientist_gs_mitch_0469_Flaaffy,scientist_gs_mitch_0469,FLAAFFY,"Thunder Shock: 10 (27.0%), Tackle: 7 (18.9%), Charge: 7 (18.9%), Discharge: 6 (16.2%), Thunder Wave: 3 (8.1%), Growl: 1 (2.7%), Light Screen: 1 (2.7%), Signal Beam: 1 (2.7%), Cotton Spore: 1 (2.7%)",1,5,0.2,0,0.2,0,9.6,5.8,0,1,0,3,-2.16,5,Flaaffy: 1,None,0,,0,"Damage: 0, Status: 0, Hazard: 0, Weather: 0, Cleric: 0, Screen: 0, Pass: 0",None
scientist_gs_mitch_0469_Flareon,scientist_gs_mitch_0469,FLAREON,None,0,1,0.0,0,0.0,0,1.0,1.0,0,0,0,0,0.0,1,None,None,0,,0,"Damage: 0, Status: 0, Hazard: 0, Weather: 0, Cleric: 0, Screen: 0, Pass: 0",None
scientist_gs_mitch_0469_Furret,scientist_gs_mitch_0469,FURRET,"Double Team: 10 (25.0%), Slam: 9 (22.5%), Sucker Punch: 6 (15.0%), Amnesia: 6 (15.0%), Baton Pass: 5 (12.5%), Rest: 3 (7.5%), Follow Me: 1 (2.5%)",0,4,0.0,0,0.0,0,12.5,2.75,1,7,11,0,9.8,4,None,None,0,,0,"Damage: 0, Status: 0, Hazard: 0, Weather: 0, Cleric: 0, Screen: 0, Pass: 0",None
scientist_gs_mitch_0469_Gastly,scientist_gs_mitch_0469,GASTLY,"Spite: 7 (50.0%), Night Shade: 4 (28.6%), Curse: 2 (14.3%), Mean Look: 1 (7.1%)",2,3,0.67,0,0.67,0,4.25,1.0,0,0,0,0,0.0,4,Gastly: 2,None,0,,0,"Damage: 0, Status: 0, Hazard: 0, Weather: 0, Cleric: 0, Screen: 0, Pass: 0",None
scientist_gs_mitch_0469_Geodude,scientist_gs_mitch_0469,GEODUDE,"Defense Curl: 30 (19.1%), Mud Sport: 30 (19.1%), Rock Throw: 25 (15.9%), Rock Polish: 22 (14.0%), Struggle: 21 (13.4%), Magnitude: 12 (7.6%), Tackle: 10 (6.4%), Rollout: 3 (1.9%), Rock Blast: 3 (1.9%), Selfdestruct: 1 (0.6%)",10,10,1.0,0,1.0,0,10.47,6.2,4,7,7,0,2.44,15,"Geodude: 9, Machop: 1",None,1,,0,"Damage: 0, Status: 0, Hazard: 0, Weather: 0, Cleric: 0, Screen: 0, Pass: 0",None
scientist_gs_mitch_0469_Girafarig,scientist_gs_mitch_0469,GIRAFARIG,None,0,2,0.0,0,0.0,0,1.0,1.0,0,0,0,0,0.0,2,None,None,0,,0,"Damage: 0, Status: 0, Hazard: 0, Weather: 0, Cleric: 0, Screen: 0, Pass: 0",None
scientist_gs_mitch_0469_Gloom,scientist_gs_mitch_0469,GLOOM,"Mega Drain: 25 (29.1%), Stun Spore: 20 (23.3%), Lucky Chant: 20 (23.3%), Sleep Powder: 19 (22.1%), Struggle: 2 (2.3%)",0,5,0.0,0,0.0,0,16.29,9.29,0,12,2,0,-11.36,7,None,None,0,,0,"Damage: 0, Status: 0, Hazard: 0, Weather: 0, Cleric: 0, Screen: 0, Pass: 0",None
scientist_gs_mitch_0469_Golbat,scientist_gs_mitch_0469,GOLBAT,"Air Cutter: 3 (60.0%), Confuse Ray: 1 (20.0%), Mean Look: 1 (20.0%)",0,1,0.0,0,0.0,0,6.0,3.0,0,1,0,0,-20.0,1,None,None,0,,0,"Damage: 0, Status: 0, Hazard: 0, Weather: 0, Cleric: 0, Screen: 0, Pass: 0",None
scientist_gs_mitch_0469_Goldeen,scientist_gs_mitch_0469,GOLDEEN,"Flail: 13 (20.3%), Water Pulse: 12 (18.8%), Fury Attack: 8 (12.5%), Supersonic: 7 (10.9%), Peck: 7 (10.9%), Horn Attack: 7 (10.9%), Aqua Ring: 7 (10.9%), Tail Whip: 3 (4.7%)",7,14,0.5,0,0.5,0,5.0,4.38,5,4,1,2,2.46,16,Goldeen: 7,None,0,,0,"Damage: 0, Status: 0, Hazard: 0, Weather: 0, Cleric: 0, Screen: 0, Pass: 0",None
scientist_gs_mitch_0469_Golduck,scientist_gs_mitch_0469,GOLDUCK,"Confusion: 7 (35.0%), Water Pulse: 4 (20.0%), Screech: 3 (15.0%), Fury Swipes: 2 (10.0%), Amnesia: 2 (10.0%), Disable: 1 (5.0%), Zen Headbutt: 1 (5.0%)",0,5,0.0,0,0.0,0,4.67,3.0,0,2,1,4,7.14,6,None,None,0,,0,"Damage: 0, Status: 0, Hazard: 0, Weather: 0, Cleric: 0, Screen: 0, Pass: 0",None
scientist_gs_mitch_0469_Golem,scientist_gs_mitch_0469,GOLEM,"Rock Slide: 4 (80.0%), Double Edge: 1 (20.0%)",0,2,0.0,0,0.0,0,3.5,3.5,0,1,0,0,-38.0,2,None,None,0,,0,"Damage: 0, Status: 0, Hazard: 0, Weather: 0, Cleric: 0, Screen: 0, Pass: 0",None
scientist_gs_mitch_0469_Granbull,scientist_gs_mitch_0469,GRANBULL,None,0,1,0.0,0,0.0,0,1.0,1.0,0,0,0,0,0.0,1,None,None,0,,0,"Damage: 0, Status: 0, Hazard: 0, Weather: 0, Cleric: 0, Screen: 0, Pass: 0",None
scientist_gs_mitch_0469_Graveler,scientist_gs_mitch_0469,GRAVELER,"Rollout: 2 (66.7%), Earthquake: 1 (33.3%)",0,1,0.0,0,0.0,0,4.0,4.0,0,1,0,0,-33.33,1,None,None,0,,0,"Damage: 0, Status: 0, Hazard: 0, Weather: 0, Cleric: 0, Screen: 0, Pass: 0",None
scientist_gs_mitch_0469_Grimer,scientist_gs_mitch_0469,GRIMER,"Mud Slap: 10 (27.8%), Pound: 10 (27.8%), Harden: 9 (25.0%), Acid Armor: 3 (8.3%), Poison Gas: 2 (5.6%), Sludge Bomb: 2 (5.6%)",2,3,0.67,0,0.67,0,12.33,8.33,2,8,4,5,-6.5,3,Grimer: 2,None,0,,0,"Damage: 0, Status: 0, Hazard: 0, Weather: 0, Cleric: 0, Screen: 0, Pass: 0",None
scientist_gs_mitch_0469_Growlithe,scientist_gs_mitch_0469,GROWLITHE,"Ember: 40 (42.1%), Leer: 26 (27.4%), Odor Sleuth: 6 (6.3%), Roar: 6 (6.3%), Helping Hand: 4 (4.2%), Agility: 4 (4.2%), Bite: 3 (3.2%), Flame Wheel: 3 (3.2%), Crunch: 1 (1.1%), Heat Wave: 1 (1.1%), Flamethrower: 1 (1.1%)",4,10,0.4,0,0.4,0,7.77,5.46,5,2,1,2,1.25,13,Growlithe: 4,None,1,,0,"Damage: 0, Status: 0, Hazard: 0, Weather: 0, Cleric: 0, Screen: 0, Pass: 0",None
scientist_gs_mitch_0469_Gulpin,scientist_gs_mitch_0469,GULPIN,"Stockpile: 5 (29.4%), Swallow: 5 (29.4%), Sludge Bomb: 5 (29.4%), Spit Up: 2 (11.8%)",0,1,0.0,0,0.0,0,18.0,12.0,0,0,0,3,8.82,1,None,None,0,,0,"Damage: 0, Status: 0, Hazard: 0, Weather: 0, Cleric: 0, Screen: 0, Pass: 0",None
scientist_gs_mitch_0469_Gyarados,scientist_gs_mitch_0469,GYARADOS,"Dragon Dance: 6 (46.2%), Aqua Tail: 2 (15.4%), Twister: 1 (7.7%), Thrash: 1 (7.7%), Leer: 1 (7.7%), Dragon Rage: 1 (7.7%), Bite: 1 (7.7%)",0,9,0.0,0,0.0,0,2.44,2.0,0,0,0,0,-2.31,9,None,None,0,,0,"Damage: 0, Status: 0, Hazard: 0, Weather: 0, Cleric: 0, Screen: 0, Pass: 0",None
scientist_gs_mitch_0469_Haunter,scientist_gs_mitch_0469,HAUNTER,"Sucker Punch: 6 (42.9%), Night Shade: 3 (21.4%), Confuse Ray: 2 (14.3%), Curse: 2 (14.3%), Mean Look: 1 (7.1%)",1,9,0.11,0,0.11,0,2.1,1.6,0,0,0,0,0.0,10,Haunter: 1,None,0,,0,"Damage: 0, Status: 0, Hazard: 0, Weather: 0, Cleric: 0, Screen: 0, Pass: 0",None
scientist_gs_mitch_0469_Hitmonchan,scientist_gs_mitch_0469,HITMONCHAN,None,0,1,0.0,0,0.0,0,1.0,1.0,0,0,0,0,0.0,1,None,None,0,,0,"Damage: 0, Status: 0, Hazard: 0, Weather: 0, Cleric: 0, Screen: 0, Pass: 0",None
scientist_gs_mitch_0469_Hitmonlee,scientist_gs_mitch_0469,HITMONLEE,"Meditate: 5 (31.2%), Jump Kick: 4 (25.0%), Feint: 2 (12.5%), Hi Jump Kick: 2 (12.5%), Mind Reader: 1 (6.2%), Double Kick: 1 (6.2%), Focus Energy: 1 (6.2%)",4,5,0.8,0,0.8,0,2.5,1.0,2,0,0,0,12.5,8,Hitmonlee: 4,None,1,,0,"Damage: 0, Status: 0, Hazard: 0, Weather: 0, Cleric: 0, Screen: 0, Pass: 0",None
scientist_gs_mitch_0469_Hoothoot,scientist_gs_mitch_0469,HOOTHOOT,"Take Down: 2 (40.0%), Reflect: 1 (20.0%), Uproar: 1 (20.0%), Zen Headbutt: 1 (20.0%)",0,3,0.0,0,0.0,0,2.67,2.33,0,1,0,0,-20.0,3,None,None,0,,0,"Damage: 0, Status: 0, Hazard: 0, Weather: 0, Cleric: 0, Screen: 0, Pass: 0",None
scientist_gs_mitch_0469_Hoppip,scientist_gs_mitch_0469,HOPPIP,"Tackle: 31 (22.6%), Tail Whip: 22 (16.1%), Mega Drain: 15 (10.9%), Poison Powder: 11 (8.0%), Splash: 10 (7.3%), Synthesis: 10 (7.3%), Struggle: 9 (6.6%), Stun Spore: 8 (5.8%), Bounce: 5 (3.6%), Bullet Seed: 5 (3.6%), Sleep Powder: 5 (3.6%), Leech Seed: 5 (3.6%), Giga Drain: 1 (0.7%)",8,9,0.89,0,0.89,0,11.42,7.92,5,11,2,0,-2.88,12,Hoppip: 8,None,1,,0,"Damage: 0, Status: 0, Hazard: 0, Weather: 0, Cleric: 0, Screen: 0, Pass: 0",None
scientist_gs_mitch_0469_Horsea,scientist_gs_mitch_0469,HORSEA,"Bubble Beam: 5 (26.3%), Bubble: 5 (26.3%), Agility: 4 (21.1%), Water Pulse: 2 (10.5%), Twister: 1 (5.3%), Leer: 1 (5.3%), Smoke Screen: 1 (5.3%)",2,8,0.25,0,0.25,0,3.38,1.75,0,5,0,1,-24.74,8,Horsea: 2,None,0,,0,"Damage: 0, Status: 0, Hazard: 0, Weather: 0, Cleric: 0, Screen: 0, Pass: 0",None
scientist_gs_mitch_0469_Hypno,scientist_gs_mitch_0469,HYPNO,"Psychic: 3 (42.9%), Psych Up: 3 (42.9%), Nasty Plot: 1 (14.3%)",0,2,0.0,0,0.0,0,5.0,2.0,0,0,0,1,10.0,2,None,None,0,,0,"Damage: 0, Status: 0, Hazard: 0, Weather: 0, Cleric: 0, Screen: 0, Pass: 0",None
scientist_gs_mitch_0469_Ivysaur,scientist_gs_mitch_0469,IVYSAUR,"Razor Leaf: 1 (50.0%), Sleep Powder: 1 (50.0%)",0,1,0.0,0,0.0,0,3.0,2.0,0,1,0,0,-50.0,1,None,None,0,,0,"Damage: 0, Status: 0, Hazard: 0, Weather: 0, Cleric: 0, Screen: 0, Pass: 0",None
scientist_gs_mitch_0469_Jigglypuff,scientist_gs_mitch_0469,JIGGLYPUFF,"Pound: 20 (22.7%), Sing: 20 (22.7%), Defense Curl: 20 (22.7%), Disable: 19 (21.6%), Struggle: 9 (10.2%)",7,1,7.0,0,7.0,0,29.0,4.25,3,11,11,0,3.03,4,Jigglypuff: 7,None,1,,0,"Damage: 0, Status: 0, Hazard: 0, Weather: 0, Cleric: 0, Screen: 0, Pass: 0",None
scientist_gs_mitch_0469_Jolteon,scientist_gs_mitch_0469,JOLTEON,"Quick Attack: 2 (66.7%), Pin Missile: 1 (33.3%)",0,2,0.0,0,0.0,0,2.5,2.0,0,0,1,0,25.0,2,None,None,0,,0,"Damage: 0, Status: 0, Hazard: 0, Weather: 0, Cleric: 0, Screen: 0, Pass: 0",None
scientist_gs_mitch_0469_Jynx,scientist_gs_mitch_0469,JYNX,"Wake Up Slap: 3 (50.0%), Fake Tears: 1 (16.7%), Mean Look: 1 (16.7%), Body Slam: 1 (16.7%)",0,3,0.0,0,0.0,0,3.0,2.0,1,0,0,0,11.67,3,None,None,0,,0,"Damage: 0, Status: 0, Hazard: 0, Weather: 0, Cleric: 0, Screen: 0, Pass: 0",None
scientist_gs_mitch_0469_Kadabra,scientist_gs_mitch_0469,KADABRA,"Psychic: 4 (36.4%), Recover: 4 (36.4%), Psycho Cut: 2 (18.2%), Reflect: 1 (9.1%)",0,3,0.0,0,0.0,0,3.5,2.5,0,0,0,0,-3.64,4,None,None,0,,0,"Damage: 0, Status: 0, Hazard: 0, Weather: 0, Cleric: 0, Screen: 0, Pass: 0",None
scientist_gs_mitch_0469_Kangaskhan,scientist_gs_mitch_0469,KANGASKHAN,"Dizzy Punch: 1 (50.0%), Bite: 1 (50.0%)",0,1,0.0,0,0.0,0,3.0,3.0,0,0,0,0,-25.0,1,None,None,0,,0,"Damage: 0, Status: 0, Hazard: 0, Weather: 0, Cleric: 0, Screen: 0, Pass: 0",None
scientist_gs_mitch_0469_Kingler,scientist_gs_mitch_0469,KINGLER,"Metal Claw: 2 (66.7%), Protect: 1 (33.3%)",0,1,0.0,0,0.0,0,4.0,3.0,1,0,0,0,26.67,1,None,None,0,,0,"Damage: 0, Status: 0, Hazard: 0, Weather: 0, Cleric: 0, Screen: 0, Pass: 0",None
scientist_gs_mitch_0469_Koffing,scientist_gs_mitch_0469,KOFFING,"Smog: 24 (27.9%), Assurance: 21 (24.4%), Tackle: 18 (20.9%), Smoke Screen: 10 (11.6%), Poison Gas: 5 (5.8%), Gyro Ball: 4 (4.7%), Sludge: 2 (2.3%), Struggle: 2 (2.3%)",6,11,0.55,0,0.55,0,7.08,4.23,4,32,17,2,-13.2,13,Koffing: 6,None,1,,0,"Damage: 0, Status: 0, Hazard: 0, Weather: 0, Cleric: 0, Screen: 0, Pass: 0",None
scientist_gs_mitch_0469_Krabby,scientist_gs_mitch_0469,KRABBY,"Bubble Beam: 11 (44.0%), Vice Grip: 8 (32.0%), Metal Claw: 3 (12.0%), Mud Shot: 2 (8.0%), Harden: 1 (4.0%)",4,2,2.0,0,2.0,0,6.5,4.75,1,0,0,2,3.2,4,Krabby: 4,None,0,,0,"Damage: 0, Status: 0, Hazard: 0, Weather: 0, Cleric: 0, Screen: 0, Pass: 0",None
scientist_gs_mitch_0469_Ledian,scientist_gs_mitch_0469,LEDIAN,"Mach Punch: 10 (37.0%), Silver Wind: 10 (37.0%), Agility: 7 (25.9%)",0,2,0.0,0,0.0,0,14.5,12.5,0,0,0,1,0.0,2,None,None,0,,0,"Damage: 0, Status: 0, Hazard: 0, Weather: 0, Cleric: 0, Screen: 0, Pass: 0",None
scientist_gs_mitch_0469_Ledyba,scientist_gs_mitch_0469,LEDYBA,"Tackle: 25 (42.4%), Supersonic: 21 (35.6%), Comet Punch: 8 (13.6%), Struggle: 5 (8.5%)",9,3,3.0,0,3.0,0,11.0,5.0,3,11,6,0,-3.08,6,"Ledyba: 5, Paras: 2, Spinarak: 2",None,2,,0,"Damage: 0, Status: 0, Hazard: 0, Weather: 0, Cleric: 0, Screen: 0, Pass: 0",None
scientist_gs_mitch_0469_Lickitung,scientist_gs_mitch_0469,LICKITUNG,"Cut: 9 (75.0%), Supersonic: 3 (25.0%)",2,0,2.0,0,2.0,0,6.0,5.0,0,2,0,0,-16.67,2,Lickitung: 2,None,0,,0,"Damage: 0, Status: 0, Hazard: 0, Weather: 0, Cleric: 0, Screen: 0, Pass: 0",None
scientist_gs_mitch_0469_Lotad,scientist_gs_mitch_0469,LOTAD,None,0,2,0.0,0,0.0,0,1.0,1.0,0,0,0,0,0.0,2,None,None,0,,0,"Damage: 0, Status: 0, Hazard: 0, Weather: 0, Cleric: 0, Screen: 0, Pass: 0",None
scientist_gs_mitch_0469_Luvdisc,scientist_gs_mitch_0469,LUVDISC,"Water Pulse: 10 (66.7%), Sweet Kiss: 3 (20.0%), Aqua Ring: 2 (13.3%)",0,2,0.0,0,0.0,0,10.5,6.5,1,1,1,2,6.25,2,None,None,0,,0,"Damage: 0, Status: 0, Hazard: 0, Weather: 0, Cleric: 0, Screen: 0, Pass: 0",None
scientist_gs_mitch_0469_Machamp,scientist_gs_mitch_0469,MACHAMP,Scary Face: 4 (100.0%),0,2,0.0,0,0.0,0,3.0,1.0,0,0,0,0,0.0,2,None,None,0,,0,"Damage: 0, Status: 0, Hazard: 0, Weather: 0, Cleric: 0, Screen: 0, Pass: 0",None
scientist_gs_mitch_0469_Machoke,scientist_gs_mitch_0469,MACHOKE,"Seismic Toss: 2 (66.7%), Wake Up Slap: 1 (33.3%)",0,4,0.0,0,0.0,0,1.5,2.0,0,0,0,0,0.0,4,None,None,0,,0,"Damage: 0, Status: 0, Hazard: 0, Weather: 0, Cleric: 0, Screen: 0, Pass: 0",None
scientist_gs_mitch_0469_Machop,scientist_gs_mitch_0469,MACHOP,"Karate Chop: 19 (63.3%), Focus Energy: 6 (20.0%), Seismic Toss: 2 (6.7%), Vital Throw: 2 (6.7%), Foresight: 1 (3.3%)",5,7,0.71,0,0.71,0,4.25,2.38,1,0,3,0,12.12,8,"Machop: 4, Machoke: 1",None,0,,0,"Damage: 0, Status: 0, Hazard: 0, Weather: 0, Cleric: 0, Screen: 0, Pass: 0",None
scientist_gs_mitch_0469_Magby,scientist_gs_mitch_0469,MAGBY,"Smoke Screen: 5 (55.6%), Faint Attack: 2 (22.2%), Confuse Ray: 1 (11.1%), Fire Spin: 1 (11.1%)",1,2,0.5,0,0.5,0,6.0,2.0,0,4,3,0,-8.33,2,Magby: 1,None,0,,0,"Damage: 0, Status: 0, Hazard: 0, Weather: 0, Cleric: 0, Screen: 0, Pass: 0",None
scientist_gs_mitch_0469_Magcargo,scientist_gs_mitch_0469,MAGCARGO,Rock Slide: 2 (100.0%),0,2,0.0,0,0.0,0,2.5,2.0,0,0,1,1,46.67,2,None,None,0,,0,"Damage: 0, Status: 0, Hazard: 0, Weather: 0, Cleric: 0, Screen: 0, Pass: 0",None
scientist_gs_mitch_0469_Magikarp,scientist_gs_mitch_0469,MAGIKARP,"Splash: 70 (40.9%), Tackle: 60 (35.1%), Struggle: 41 (24.0%)",5,3,1.67,0,1.67,0,12.36,5.5,6,5,6,0,3.95,14,Magikarp: 5,None,0,,0,"Damage: 0, Status: 0, Hazard: 0, Weather: 0, Cleric: 0, Screen: 0, Pass: 0",None
scientist_gs_mitch_0469_Magmar,scientist_gs_mitch_0469,MAGMAR,"Ember: 7 (19.4%), Smoke Screen: 7 (19.4%), Leer: 6 (16.7%), Smog: 6 (16.7%), Fire Spin: 5 (13.9%), Faint Attack: 3 (8.3%), Flamethrower: 1 (2.8%), Confuse Ray: 1 (2.8%)",2,6,0.33,0,0.33,0,6.57,2.29,2,6,8,3,10.91,7,Magmar: 2,None,0,,0,"Damage: 0, Status: 0, Hazard: 0, Weather: 0, Cleric: 0, Screen: 0, Pass: 0",None
scientist_gs_mitch_0469_Magnemite,scientist_gs_mitch_0469,MAGNEMITE,"Lock On: 16 (22.2%), Thunder Shock: 14 (19.4%), Sonic Boom: 11 (15.3%), Tackle: 9 (12.5%), Thunder Wave: 5 (6.9%), Magnet Bomb: 5 (6.9%), Supersonic: 3 (4.2%), Discharge: 3 (4.2%), Spark: 3 (4.2%), Screech: 3 (4.2%)",7,9,0.78,0,0.78,0,9.78,5.33,0,3,3,1,-2.0,9,Magnemite: 7,None,1,,0,"Damage: 0, Status: 0, Hazard: 0, Weather: 0, Cleric: 0, Screen: 0, Pass: 0",None
scientist_gs_mitch_0469_Magneton,scientist_gs_mitch_0469,MAGNETON,"Lock On: 7 (25.0%), Magnet Bomb: 7 (25.0%), Discharge: 6 (21.4%), Screech: 5 (17.9%), Struggle: 3 (10.7%)",1,2,0.5,0,0.5,0,14.0,1.5,0,1,1,4,7.59,2,Magneton: 1,None,0,,0,"Damage: 0, Status: 0, Hazard: 0, Weather: 0, Cleric: 0, Screen: 0, Pass: 0",None
scientist_gs_mitch_0469_Makuhita,scientist_gs_mitch_0469,MAKUHITA,Wake Up Slap: 1 (100.0%),0,1,0.0,0,0.0,0,1.0,1.0,0,0,0,0,0.0,1,None,None,0,,0,"Damage: 0, Status: 0, Hazard: 0, Weather: 0, Cleric: 0, Screen: 0, Pass: 0",None
scientist_gs_mitch_0469_Mankey,scientist_gs_mitch_0469,MANKEY,"Scratch: 7 (35.0%), Screech: 3 (15.0%), Focus Energy: 3 (15.0%), Fury Swipes: 2 (10.0%), Karate Chop: 2 (10.0%), Low Kick: 2 (10.0%), Leer: 1 (5.0%)",6,6,1.0,0,1.0,0,3.25,2.12,1,1,1,0,4.76,8,"Mankey: 4, Diglett: 2",None,1,,0,"Damage: 0, Status: 0, Hazard: 0, Weather: 0, Cleric: 0, Screen: 0, Pass: 0",None
scientist_gs_mitch_0469_Mareep,scientist_gs_mitch_0469,MAREEP,"Thunder Shock: 43 (30.1%), Tackle: 36 (25.2%), Growl: 22 (15.4%), Thunder Wave: 21 (14.7%), Cotton Spore: 10 (7.0%), Charge: 9 (6.3%), Struggle: 1 (0.7%), Discharge: 1 (0.7%)",10,7,1.43,0,1.43,0,16.45,7.45,3,2,6,3,3.96,11,"Mareep: 7, Marill: 3",None,1,,0,"Damage: 0, Status: 0, Hazard: 0, Weather: 0, Cleric: 0, Screen: 0, Pass: 0",None
scientist_gs_mitch_0469_Marill,scientist_gs_mitch_0469,MARILL,"Rollout: 47 (48.0%), Tail Whip: 12 (12.2%), Water Gun: 11 (11.2%), Bubble Beam: 9 (9.2%), Defense Curl: 9 (9.2%), Aqua Ring: 4 (4.1%), Double Edge: 4 (4.1%), Aqua Tail: 1 (1.0%), Rain Dance: 1 (1.0%)",8,14,0.57,0,0.57,0,5.42,4.58,5,5,4,2,5.0,19,"Marill: 5, Mareep: 3",None,1,,0,"Damage: 0, Status: 0, Hazard: 0, Weather: 0, Cleric: 0, Screen: 0, Pass: 0",None
scientist_gs_mitch_0469_Marowak,scientist_gs_mitch_0469,MAROWAK,"Bonemerang: 14 (45.2%), Rage: 7 (22.6%), Leer: 6 (19.4%), Focus Energy: 4 (12.9%)",5,3,1.67,0,1.67,0,8.5,2.5,6,3,0,0,9.68,4,Marowak: 5,None,1,,0,"Damage: 0, Status: 0, Hazard: 0, Weather: 0, Cleric: 0, Screen: 0, Pass: 0",None
scientist_gs_mitch_0469_Meowth,scientist_gs_mitch_0469,MEOWTH,"Fury Swipes: 5 (31.2%), Scratch: 4 (25.0%), Bite: 3 (18.8%), Pay Day: 1 (6.2%), Faint Attack: 1 (6.2%), Slash: 1 (6.2%), Growl: 1 (6.2%)",3,7,0.43,0,0.43,0,3.0,3.75,1,1,1,1,6.47,8,Meowth: 3,None,0,,0,"Damage: 0, Status: 0, Hazard: 0, Weather: 0, Cleric: 0, Screen: 0, Pass: 0",None
scientist_gs_mitch_0469_Metapod,scientist_gs_mitch_0469,METAPOD,"Harden: 10 (32.3%), Struggle: 10 (32.3%), Bug Bite: 9 (29.0%), String Shot: 2 (6.5%)",2,2,1.0,0,1.0,0,8.5,2.0,1,0,0,0,3.23,4,Metapod: 2,None,0,,0,"Damage: 0, Status: 0, Hazard: 0, Weather: 0, Cleric: 0, Screen: 0, Pass: 0",None
scientist_gs_mitch_0469_MrMime,scientist_gs_mitch_0469,MR MIME,"Double Slap: 15 (15.5%), Psychic: 14 (14.4%), Light Screen: 12 (12.4%), Meditate: 10 (10.3%), Psybeam: 10 (10.3%), Double Team: 10 (10.3%), Mimic: 9 (9.3%), Substitute: 7 (7.2%), Reflect: 7 (7.2%), Encore: 3 (3.1%)",0,8,0.0,0,0.0,0,13.12,4.75,1,8,3,1,-3.6,8,None,None,0,,0,"Damage: 0, Status: 0, Hazard: 0, Weather: 0, Cleric: 0, Screen: 0, Pass: 0",None
scientist_gs_mitch_0469_Natu,scientist_gs_mitch_0469,NATU,"Night Shade: 6 (85.7%), Leer: 1 (14.3%)",2,2,1.0,0,1.0,0,4.5,2.5,0,0,0,0,0.0,2,Natu: 2,None,0,,0,"Damage: 0, Status: 0, Hazard: 0, Weather: 0, Cleric: 0, Screen: 0, Pass: 0",None
scientist_gs_mitch_0469_Nidoking,scientist_gs_mitch_0469,NIDOKING,"Poison Sting: 10 (35.7%), Peck: 9 (32.1%), Double Kick: 6 (21.4%), Focus Energy: 3 (10.7%)",0,6,0.0,0,0.0,0,5.67,7.67,6,0,0,3,21.43,6,None,None,0,,0,"Damage: 0, Status: 0, Hazard: 0, Weather: 0, Cleric: 0, Screen: 0, Pass: 0",None
scientist_gs_mitch_0469_NidoranF,scientist_gs_mitch_0469,NIDORAN F,"Scratch: 7 (63.6%), Tail Whip: 3 (27.3%), Growl: 1 (9.1%)",2,0,2.0,0,2.0,0,5.5,2.0,0,0,0,0,0.0,2,Nidoran F: 2,None,0,,0,"Damage: 0, Status: 0, Hazard: 0, Weather: 0, Cleric: 0, Screen: 0, Pass: 0",None
scientist_gs_mitch_0469_NidoranM,scientist_gs_mitch_0469,NIDORAN M,"Peck: 3 (37.5%), Leer: 2 (25.0%), Double Kick: 2 (25.0%), Focus Energy: 1 (12.5%)",2,0,2.0,0,2.0,0,4.0,2.5,1,0,0,0,12.5,2,Nidoran M: 2,None,0,,0,"Damage: 0, Status: 0, Hazard: 0, Weather: 0, Cleric: 0, Screen: 0, Pass: 0",None
scientist_gs_mitch_0469_Nidorina,scientist_gs_mitch_0469,NIDORINA,"Double Kick: 15 (34.9%), Poison Sting: 10 (23.3%), Fury Swipes: 9 (20.9%), Scratch: 6 (14.0%), Bite: 2 (4.7%), Tail Whip: 1 (2.3%)",2,6,0.33,0,0.33,0,8.17,6.17,5,3,0,4,5.58,6,Nidorina: 2,None,0,,0,"Damage: 0, Status: 0, Hazard: 0, Weather: 0, Cleric: 0, Screen: 0, Pass: 0",None
scientist_gs_mitch_0469_Nincada,scientist_gs_mitch_0469,NINCADA,Dig: 4 (100.0%),0,1,0.0,0,0.0,0,5.0,3.0,0,2,0,0,-50.0,1,None,None,0,,0,"Damage: 0, Status: 0, Hazard: 0, Weather: 0, Cleric: 0, Screen: 0, Pass: 0",None
scientist_gs_mitch_0469_Ninetales,scientist_gs_mitch_0469,NINETALES,Quick Attack: 4 (100.0%),0,2,0.0,0,0.0,0,3.0,3.0,0,0,0,0,0.0,2,None,None,0,,0,"Damage: 0, Status: 0, Hazard: 0, Weather: 0, Cleric: 0, Screen: 0, Pass: 0",None
scientist_gs_mitch_0469_Noctowl,scientist_gs_mitch_0469,NOCTOWL,"Reflect: 3 (42.9%), Uproar: 2 (28.6%), Peck: 1 (14.3%), Confusion: 1 (14.3%)",0,4,0.0,0,0.0,0,2.75,2.5,0,0,0,0,-1.43,4,None,None,0,,0,"Damage: 0, Status: 0, Hazard: 0, Weather: 0, Cleric: 0, Screen: 0, Pass: 0",None
scientist_gs_mitch_0469_Numel,scientist_gs_mitch_0469,NUMEL,None,0,1,0.0,0,0.0,0,1.0,1.0,0,0,0,0,0.0,1,None,None,0,,0,"Damage: 0, Status: 0, Hazard: 0, Weather: 0, Cleric: 0, Screen: 0, Pass: 0",None
scientist_gs_mitch_0469_Oddish,scientist_gs_mitch_0469,ODDISH,"Acid: 37 (31.9%), Absorb: 19 (16.4%), Sweet Scent: 15 (12.9%), Poison Powder: 11 (9.5%), Sleep Powder: 10 (8.6%), Mega Drain: 10 (8.6%), Stun Spore: 10 (8.6%), Struggle: 4 (3.4%)",17,3,5.67,0,5.67,0,11.0,7.08,5,10,2,3,-2.12,12,"Oddish: 10, Cubone: 4, Voltorb: 3",None,2,,0,"Damage: 0, Status: 0, Hazard: 0, Weather: 0, Cleric: 0, Screen: 0, Pass: 0",None
scientist_gs_mitch_0469_Onix,scientist_gs_mitch_0469,ONIX,"Rock Polish: 57 (19.3%), Curse: 39 (13.2%), Slam: 34 (11.5%), Rock Tomb: 32 (10.8%), Iron Tail: 21 (7.1%), Dragon Breath: 21 (7.1%), Sandstorm: 20 (6.8%), Rock Throw: 18 (6.1%), Rage: 18 (6.1%), Bind: 11 (3.7%), Screech: 9 (3.1%), Harden: 8 (2.7%), Struggle: 7 (2.4%)",6,14,0.43,0,0.43,0,15.2,6.25,10,25,17,38,0.35,20,"Onix: 5, Dugtrio: 1",None,0,,0,"Damage: 0, Status: 0, Hazard: 0, Weather: 0, Cleric: 0, Screen: 0, Pass: 0",None
scientist_gs_mitch_0469_Paras,scientist_gs_mitch_0469,PARAS,"Leech Life: 4 (23.5%), Growth: 4 (23.5%), Slash: 4 (23.5%), Stun Spore: 2 (11.8%), Poison Powder: 1 (5.9%), Scratch: 1 (5.9%), Giga Drain: 1 (5.9%)",2,3,0.67,0,0.67,0,3.8,2.2,0,1,0,0,-5.88,5,Paras: 2,None,0,,0,"Damage: 0, Status: 0, Hazard: 0, Weather: 0, Cleric: 0, Screen: 0, Pass: 0",None
scientist_gs_mitch_0469_Parasect,scientist_gs_mitch_0469,PARASECT,"Slash: 4 (50.0%), Growth: 3 (37.5%), Swords Dance: 1 (12.5%)",0,6,0.0,0,0.0,0,3.5,1.67,0,0,0,0,0.0,6,None,None,0,,0,"Damage: 0, Status: 0, Hazard: 0, Weather: 0, Cleric: 0, Screen: 0, Pass: 0",None
scientist_gs_mitch_0469_Persian,scientist_gs_mitch_0469,PERSIAN,None,0,1,0.0,0,0.0,0,1.0,1.0,0,0,0,0,0.0,1,None,None,0,,0,"Damage: 0, Status: 0, Hazard: 0, Weather: 0, Cleric: 0, Screen: 0, Pass: 0",None
scientist_gs_mitch_0469_Phanpy,scientist_gs_mitch_0469,PHANPY,"Endure: 7 (43.8%), Slam: 4 (25.0%), Double Edge: 3 (18.8%), Charm: 2 (12.5%)",0,3,0.0,0,0.0,0,6.0,2.67,0,0,1,0,5.88,3,None,None,0,,0,"Damage: 0, Status: 0, Hazard: 0, Weather: 0, Cleric: 0, Screen: 0, Pass: 0",None
scientist_gs_mitch_0469_Pichu,scientist_gs_mitch_0469,PICHU,"Tail Whip: 17 (30.9%), Sweet Kiss: 14 (25.5%), Thunder Wave: 12 (21.8%), Charm: 6 (10.9%), Nasty Plot: 5 (9.1%), Struggle: 1 (1.8%)",1,5,0.2,0,0.2,0,19.5,0.75,0,4,8,0,6.35,4,Pichu: 1,None,0,,0,"Damage: 0, Status: 0, Hazard: 0, Weather: 0, Cleric: 0, Screen: 0, Pass: 0",None
scientist_gs_mitch_0469_Pidgeot,scientist_gs_mitch_0469,PIDGEOT,"Wing Attack: 2 (40.0%), Quick Attack: 2 (40.0%), Tailwind: 1 (20.0%)",0,3,0.0,0,0.0,0,2.67,2.33,0,0,0,0,0.0,3,None,None,0,,0,"Damage: 0, Status: 0, Hazard: 0, Weather: 0, Cleric: 0, Screen: 0, Pass: 0",None
scientist_gs_mitch_0469_Pidgeotto,scientist_gs_mitch_0469,PIDGEOTTO,"Agility: 2 (40.0%), Twister: 2 (40.0%), Wing Attack: 1 (20.0%)",0,2,0.0,0,0.0,0,3.5,2.0,1,0,0,0,20.0,2,None,None,0,,0,"Damage: 0, Status: 0, Hazard: 0, Weather: 0, Cleric: 0, Screen: 0, Pass: 0",None
scientist_gs_mitch_0469_Pidgey,scientist_gs_mitch_0469,PIDGEY,"Tackle: 33 (42.9%), Sand Attack: 18 (23.4%), Gust: 13 (16.9%), Quick Attack: 9 (11.7%), Struggle: 4 (5.2%)",20,7,2.86,0,2.86,0,6.83,5.08,4,0,0,0,5.19,12,"Pidgey: 16, Spearow: 2, Rattata: 2",None,3,,0,"Damage: 0, Status: 0, Hazard: 0, Weather: 0, Cleric: 0, Screen: 0, Pass: 0",None
scientist_gs_mitch_0469_Pikachu,scientist_gs_mitch_0469,PIKACHU,"Double Team: 30 (24.4%), Quick Attack: 25 (20.3%), Thunder Shock: 22 (17.9%), Thunder Wave: 10 (8.1%), Discharge: 10 (8.1%), Light Screen: 10 (8.1%), Tail Whip: 5 (4.1%), Growl: 5 (4.1%), Struggle: 4 (3.3%), Slam: 1 (0.8%), Feint: 1 (0.8%)",6,4,1.5,0,1.5,0,16.2,2.6,3,43,62,1,11.3,10,Pikachu: 6,None,0,,0,"Damage: 0, Status: 0, Hazard: 0, Weather: 0, Cleric: 0, Screen: 0, Pass: 0",None
scientist_gs_mitch_0469_Plusle,scientist_gs_mitch_0469,PLUSLE,"Swift: 5 (35.7%), Thunder: 4 (28.6%), Charge: 3 (21.4%), Copycat: 2 (14.3%)",0,1,0.0,0,0.0,0,15.0,6.0,1,2,4,0,16.67,1,None,None,0,,0,"Damage: 0, Status: 0, Hazard: 0, Weather: 0, Cleric: 0, Screen: 0, Pass: 0",None
scientist_gs_mitch_0469_Politoed,scientist_gs_mitch_0469,POLITOED,"Perish Song: 1 (33.3%), Body Slam: 1 (33.3%), Rain Dance: 1 (33.3%)",0,2,0.0,0,0.0,0,2.5,1.5,0,0,0,1,23.33,2,None,None,0,,0,"Damage: 0, Status: 0, Hazard: 0, Weather: 0, Cleric: 0, Screen: 0, Pass: 0",None
scientist_gs_mitch_0469_Poliwag,scientist_gs_mitch_0469,POLIWAG,"Hypnosis: 20 (22.7%), Struggle: 18 (20.5%), Rain Dance: 10 (11.4%), Water Gun: 10 (11.4%), Double Slap: 10 (11.4%), Water Sport: 10 (11.4%), Bubble: 10 (11.4%)",6,2,3.0,0,3.0,0,39.0,4.0,1,9,32,0,20.0,4,Poliwag: 6,None,1,,0,"Damage: 0, Status: 0, Hazard: 0, Weather: 0, Cleric: 0, Screen: 0, Pass: 0",None
scientist_gs_mitch_0469_Poliwhirl,scientist_gs_mitch_0469,POLIWHIRL,"Double Slap: 20 (20.2%), Hypnosis: 20 (20.2%), Water Gun: 20 (20.2%), Struggle: 14 (14.1%), Rain Dance: 11 (11.1%), Bubble: 10 (10.1%), Mud Shot: 4 (4.0%)",2,6,0.33,0,0.33,0,17.3,4.0,4,10,32,4,19.85,10,Poliwhirl: 2,None,0,,0,"Damage: 0, Status: 0, Hazard: 0, Weather: 0, Cleric: 0, Screen: 0, Pass: 0",None
scientist_gs_mitch_0469_Poliwrath,scientist_gs_mitch_0469,POLIWRATH,Mud Shot: 1 (100.0%),0,1,0.0,0,0.0,0,6.0,2.0,0,0,2,1,66.67,1,None,None,0,,0,"Damage: 0, Status: 0, Hazard: 0, Weather: 0, Cleric: 0, Screen: 0, Pass: 0",None
scientist_gs_mitch_0469_Ponyta,scientist_gs_mitch_0469,PONYTA,"Tackle: 16 (66.7%), Flame Wheel: 4 (16.7%), Ember: 2 (8.3%), Tail Whip: 2 (8.3%)",6,1,6.0,0,6.0,0,6.25,2.75,1,0,0,0,4.17,4,"Ponyta: 3, Oddish: 3",None,1,,0,"Damage: 0, Status: 0, Hazard: 0, Weather: 0, Cleric: 0, Screen: 0, Pass: 0",None
scientist_gs_mitch_0469_Porygon,scientist_gs_mitch_0469,PORYGON,"Conversion 2: 4 (36.4%), Charge Beam: 3 (27.3%), Recover: 2 (18.2%), Conversion: 2 (18.2%)",0,3,0.0,0,0.0,0,4.67,2.67,0,0,0,2,-0.91,3,None,None,0,,0,"Damage: 0, Status: 0, Hazard: 0, Weather: 0, Cleric: 0, Screen: 0, Pass: 0",None
scientist_gs_mitch_0469_Primeape,scientist_gs_mitch_0469,PRIMEAPE,"Swagger: 2 (66.7%), Cross Chop: 1 (33.3%)",1,4,0.25,0,0.25,0,2.0,1.0,0,0,0,0,0.0,4,Primeape: 1,None,0,,0,"Damage: 0, Status: 0, Hazard: 0, Weather: 0, Cleric: 0, Screen: 0, Pass: 0",None
scientist_gs_mitch_0469_Psyduck,scientist_gs_mitch_0469,PSYDUCK,"Water Gun: 8 (38.1%), Scratch: 5 (23.8%), Confusion: 5 (23.8%), Disable: 2 (9.5%), Tail Whip: 1 (4.8%)",4,4,1.0,0,1.0,0,4.17,2.5,2,0,1,0,11.82,6,Psyduck: 4,None,0,,0,"Damage: 0, Status: 0, Hazard: 0, Weather: 0, Cleric: 0, Screen: 0, Pass: 0",None
scientist_gs_mitch_0469_Quagsire,scientist_gs_mitch_0469,QUAGSIRE,"Amnesia: 5 (25.0%), Yawn: 5 (25.0%), Earthquake: 4 (20.0%), Surf: 4 (20.0%), Rain Dance: 1 (5.0%), Protect: 1 (5.0%)",0,6,0.0,0,0.0,0,5.17,1.5,1,0,0,0,5.0,6,None,None,0,,0,"Damage: 0, Status: 0, Hazard: 0, Weather: 0, Cleric: 0, Screen: 0, Pass: 0",None
scientist_gs_mitch_0469_Qwilfish,scientist_gs_mitch_0469,QWILFISH,"Rollout: 25 (32.1%), Water Gun: 19 (24.4%), Minimize: 16 (20.5%), Toxic Spikes: 9 (11.5%), Harden: 3 (3.8%), Struggle: 3 (3.8%), Stockpile: 2 (2.6%), Take Down: 1 (1.3%)",4,9,0.44,0,0.44,0,6.21,2.29,2,14,41,0,24.37,14,Qwilfish: 4,None,0,,0,"Damage: 0, Status: 0, Hazard: 0, Weather: 0, Cleric: 0, Screen: 0, Pass: 0",None
scientist_gs_mitch_0469_Raichu,scientist_gs_mitch_0469,RAICHU,"Thunder Shock: 4 (44.4%), Quick Attack: 3 (33.3%), Thunderbolt: 2 (22.2%)",2,0,2.0,0,2.0,0,5.5,3.5,0,0,0,1,5.56,2,Raichu: 2,None,0,,0,"Damage: 0, Status: 0, Hazard: 0, Weather: 0, Cleric: 0, Screen: 0, Pass: 0",None
scientist_gs_mitch_0469_Rapidash,scientist_gs_mitch_0469,RAPIDASH,None,0,2,0.0,0,0.0,0,1.0,1.0,0,0,0,0,0.0,2,None,None,0,,0,"Damage: 0, Status: 0, Hazard: 0, Weather: 0, Cleric: 0, Screen: 0, Pass: 0",None
scientist_gs_mitch_0469_Raticate,scientist_gs_mitch_0469,RATICATE,"Scary Face: 4 (44.4%), Crunch: 2 (22.2%), Super Fang: 1 (11.1%), Quick Attack: 1 (11.1%), Endeavor: 1 (11.1%)",0,6,0.0,0,0.0,0,2.33,1.83,0,0,1,1,16.0,6,None,None,0,,0,"Damage: 0, Status: 0, Hazard: 0, Weather: 0, Cleric: 0, Screen: 0, Pass: 0",None
scientist_gs_mitch_0469_Rattata,scientist_gs_mitch_0469,RATTATA,"Quick Attack: 12 (40.0%), Tackle: 12 (40.0%), Tail Whip: 4 (13.3%), Focus Energy: 2 (6.7%)",9,2,4.5,0,4.5,0,5.0,3.0,2,5,0,0,-10.0,6,"Rattata: 6, Zubat: 2, Sandshrew: 1",None,2,,0,"Damage: 0, Status: 0, Hazard: 0, Weather: 0, Cleric: 0, Screen: 0, Pass: 0",None
scientist_gs_mitch_0469_Remoraid,scientist_gs_mitch_0469,REMORAID,"Lock On: 2 (50.0%), Water Pulse: 2 (50.0%)",0,5,0.0,0,0.0,0,1.8,1.8,0,0,0,0,-10.0,5,None,None,0,,0,"Damage: 0, Status: 0, Hazard: 0, Weather: 0, Cleric: 0, Screen: 0, Pass: 0",None
scientist_gs_mitch_0469_Rhydon,scientist_gs_mitch_0469,RHYDON,None,0,1,0.0,0,0.0,0,1.0,1.0,0,0,0,0,0.0,1,None,None,0,,0,"Damage: 0, Status: 0, Hazard: 0, Weather: 0, Cleric: 0, Screen: 0, Pass: 0",None
scientist_gs_mitch_0469_Rhyhorn,scientist_gs_mitch_0469,RHYHORN,"Rock Blast: 9 (45.0%), Stomp: 4 (20.0%), Scary Face: 3 (15.0%), Fury Attack: 3 (15.0%), Take Down: 1 (5.0%)",0,3,0.0,0,0.0,0,6.67,9.33,3,2,5,0,24.0,3,None,None,0,,0,"Damage: 0, Status: 0, Hazard: 0, Weather: 0, Cleric: 0, Screen: 0, Pass: 0",None
scientist_gs_mitch_0469_Sandshrew,scientist_gs_mitch_0469,SANDSHREW,"Poison Sting: 13 (24.1%), Rapid Spin: 11 (20.4%), Sand Attack: 10 (18.5%), Defense Curl: 10 (18.5%), Swift: 7 (13.0%), Struggle: 3 (5.6%)",2,4,0.5,0,0.5,0,14.0,6.5,3,13,6,2,-6.33,4,Sandshrew: 2,None,0,,0,"Damage: 0, Status: 0, Hazard: 0, Weather: 0, Cleric: 0, Screen: 0, Pass: 0",None
scientist_gs_mitch_0469_Sandslash,scientist_gs_mitch_0469,SANDSLASH,"Slash: 10 (45.5%), Crush Claw: 6 (27.3%), Sand Tomb: 2 (9.1%), Fury Swipes: 2 (9.1%), Fury Cutter: 1 (4.5%), Sandstorm: 1 (4.5%)",0,8,0.0,0,0.0,0,3.75,4.38,1,1,3,1,6.0,8,None,None,0,,0,"Damage: 0, Status: 0, Hazard: 0, Weather: 0, Cleric: 0, Screen: 0, Pass: 0",None
scientist_gs_mitch_0469_Seadra,scientist_gs_mitch_0469,SEADRA,"Bubble Beam: 2 (25.0%), Agility: 2 (25.0%), Twister: 2 (25.0%), Waterfall: 1 (12.5%), Surf: 1 (12.5%)",0,6,0.0,0,0.0,0,2.33,2.0,1,1,0,1,7.5,6,None,None,0,,0,"Damage: 0, Status: 0, Hazard: 0, Weather: 0, Cleric: 0, Screen: 0, Pass: 0",None
scientist_gs_mitch_0469_Seaking,scientist_gs_mitch_0469,SEAKING,"Aqua Ring: 11 (39.3%), Fury Attack: 6 (21.4%), Flail: 5 (17.9%), Waterfall: 4 (14.3%), Rain Dance: 1 (3.6%), Water Pulse: 1 (3.6%)",0,14,0.0,0,0.0,0,3.14,3.43,1,1,0,1,0.0,14,None,None,0,,0,"Damage: 0, Status: 0, Hazard: 0, Weather: 0, Cleric: 0, Screen: 0, Pass: 0",None
scientist_gs_mitch_0469_Seel,scientist_gs_mitch_0469,SEEL,"Ice Shard: 20 (20.0%), Encore: 20 (20.0%), Rest: 20 (20.0%), Struggle: 17 (17.0%), Aqua Ring: 10 (10.0%), Icy Wind: 10 (10.0%), Aqua Jet: 2 (2.0%), Take Down: 1 (1.0%)",0,2,0.0,0,0.0,0,21.5,10.17,3,1,1,9,2.97,6,None,None,0,,0,"Damage: 0, Status: 0, Hazard: 0, Weather: 0, Cleric: 0, Screen: 0, Pass: 0",None
scientist_gs_mitch_0469_Sentret,scientist_gs_mitch_0469,SENTRET,"Sucker Punch: 10 (16.9%), Defense Curl: 9 (15.3%), Scratch: 9 (15.3%), Slam: 9 (15.3%), Quick Attack: 8 (13.6%), Follow Me: 7 (11.9%), Rest: 6 (10.2%), Struggle: 1 (1.7%)",7,3,2.33,0,2.33,0,16.75,5.5,3,1,3,0,8.06,4,Sentret: 7,None,2,,0,"Damage: 0, Status: 0, Hazard: 0, Weather: 0, Cleric: 0, Screen: 0, Pass: 0",None
scientist_gs_mitch_0469_Shellder,scientist_gs_mitch_0469,SHELLDER,"Icicle Spear: 34 (22.2%), Supersonic: 24 (15.7%), Ice Shard: 20 (13.1%), Protect: 18 (11.8%), Leer: 12 (7.8%), Withdraw: 10 (6.5%), Tackle: 10 (6.5%), Clamp: 8 (5.2%), Aurora Beam: 7 (4.6%), Struggle: 5 (3.3%), Iron Defense: 3 (2.0%), Whirlpool: 2 (1.3%)",0,12,0.0,0,0.0,0,11.93,10.29,1,15,14,1,0.18,14,None,None,0,,0,"Damage: 0, Status: 0, Hazard: 0, Weather: 0, Cleric: 0, Screen: 0, Pass: 0",None
scientist_gs_mitch_0469_Shroomish,scientist_gs_mitch_0469,SHROOMISH,"Seed Bomb: 5 (71.4%), Growth: 1 (14.3%), Spore: 1 (14.3%)",0,1,0.0,0,0.0,0,11.0,3.0,0,0,0,0,0.0,1,None,None,0,,0,"Damage: 0, Status: 0, Hazard: 0, Weather: 0, Cleric: 0, Screen: 0, Pass: 0",None
scientist_gs_mitch_0469_Skiploom,scientist_gs_mitch_0469,SKIPLOOM,"Bullet Seed: 25 (31.2%), Stun Spore: 14 (17.5%), Sleep Powder: 11 (13.8%), Mega Drain: 10 (12.5%), Cotton Spore: 7 (8.8%), U Turn: 6 (7.5%), Leech Seed: 4 (5.0%), Worry Seed: 3 (3.8%)",0,7,0.0,0,0.0,0,13.5,18.75,4,9,1,0,-4.94,8,None,None,0,,0,"Damage: 0, Status: 0, Hazard: 0, Weather: 0, Cleric: 0, Screen: 0, Pass: 0",None
scientist_gs_mitch_0469_Skorupi,scientist_gs_mitch_0469,SKORUPI,Poison Fang: 1 (100.0%),0,2,0.0,0,0.0,0,1.5,1.5,0,0,0,0,-30.0,2,None,None,0,,0,"Damage: 0, Status: 0, Hazard: 0, Weather: 0, Cleric: 0, Screen: 0, Pass: 0",None
scientist_gs_mitch_0469_Slakoth,scientist_gs_mitch_0469,SLAKOTH,"Counter: 10 (47.6%), Flail: 6 (28.6%), Amnesia: 5 (23.8%)",0,2,0.0,0,0.0,0,11.5,4.0,0,0,0,0,0.0,2,None,None,0,,0,"Damage: 0, Status: 0, Hazard: 0, Weather: 0, Cleric: 0, Screen: 0, Pass: 0",None
scientist_gs_mitch_0469_Slowbro,scientist_gs_mitch_0469,SLOWBRO,"Confusion: 6 (35.3%), Water Gun: 6 (35.3%), Disable: 4 (23.5%), Growl: 1 (5.9%)",2,0,2.0,0,2.0,0,8.5,2.5,2,2,1,0,2.78,2,Slowbro: 2,None,0,,0,"Damage: 0, Status: 0, Hazard: 0, Weather: 0, Cleric: 0, Screen: 0, Pass: 0",None
scientist_gs_mitch_0469_Slowking,scientist_gs_mitch_0469,SLOWKING,"Water Pulse: 2 (66.7%), Nasty Plot: 1 (33.3%)",0,2,0.0,0,0.0,0,4.0,2.5,0,0,1,0,15.0,2,None,None,0,,0,"Damage: 0, Status: 0, Hazard: 0, Weather: 0, Cleric: 0, Screen: 0, Pass: 0",None
scientist_gs_mitch_0469_Slowpoke,scientist_gs_mitch_0469,SLOWPOKE,"Water Gun: 42 (29.0%), Curse: 29 (20.0%), Tackle: 21 (14.5%), Strength: 13 (9.0%), Yawn: 12 (8.3%), Growl: 11 (7.6%), Psychic: 7 (4.8%), Disable: 3 (2.1%), Skill Swap: 3 (2.1%), Struggle: 2 (1.4%), Amnesia: 2 (1.4%)",9,7,1.29,0,1.29,0,13.36,6.21,4,1,0,1,2.28,14,Slowpoke: 9,None,1,,0,"Damage: 0, Status: 0, Hazard: 0, Weather: 0, Cleric: 0, Screen: 0, Pass: 0",None
scientist_gs_mitch_0469_Snubbull,scientist_gs_mitch_0469,SNUBBULL,"Bite: 49 (51.6%), Charm: 13 (13.7%), Tail Whip: 13 (13.7%), Lick: 10 (10.5%), Scary Face: 6 (6.3%), Rage: 3 (3.2%), Headbutt: 1 (1.1%)",9,7,1.29,0,1.29,0,7.29,2.71,1,0,1,14,0.73,14,Snubbull: 9,None,2,,0,"Damage: 0, Status: 0, Hazard: 0, Weather: 0, Cleric: 0, Screen: 0, Pass: 0",None
scientist_gs_mitch_0469_Spearow,scientist_gs_mitch_0469,SPEAROW,"Fury Attack: 2 (33.3%), Aerial Ace: 2 (33.3%), Peck: 1 (16.7%), Leer: 1 (16.7%)",4,2,2.0,0,2.0,0,2.0,2.75,2,0,0,0,33.33,4,Spearow: 4,None,0,,0,"Damage: 0, Status: 0, Hazard: 0, Weather: 0, Cleric: 0, Screen: 0, Pass: 0",None
scientist_gs_mitch_0469_Spinarak,scientist_gs_mitch_0469,SPINARAK,"Poison Sting: 10 (32.3%), Constrict: 9 (29.0%), String Shot: 6 (19.4%), Scary Face: 5 (16.1%), Struggle: 1 (3.2%)",2,2,1.0,0,1.0,0,17.0,15.0,2,0,2,7,22.12,2,Spinarak: 2,None,0,,0,"Damage: 0, Status: 0, Hazard: 0, Weather: 0, Cleric: 0, Screen: 0, Pass: 0",None
scientist_gs_mitch_0469_Spinda,scientist_gs_mitch_0469,SPINDA,"Sucker Punch: 1 (50.0%), Dizzy Punch: 1 (50.0%)",0,2,0.0,0,0.0,0,2.0,2.0,1,0,0,1,90.0,2,None,None,0,,0,"Damage: 0, Status: 0, Hazard: 0, Weather: 0, Cleric: 0, Screen: 0, Pass: 0",None
scientist_gs_mitch_0469_Spoink,scientist_gs_mitch_0469,SPOINK,"Payback: 12 (48.0%), Snore: 9 (36.0%), Rest: 4 (16.0%)",2,4,0.5,0,0.5,0,5.0,2.5,1,0,0,0,4.0,6,Spoink: 2,None,0,,0,"Damage: 0, Status: 0, Hazard: 0, Weather: 0, Cleric: 0, Screen: 0, Pass: 0",None
scientist_gs_mitch_0469_Stantler,scientist_gs_mitch_0469,STANTLER,"Return: 2 (66.7%), Trick Room: 1 (33.3%)",0,1,0.0,0,0.0,0,5.0,3.0,0,0,0,0,0.0,1,None,None,0,,0,"Damage: 0, Status: 0, Hazard: 0, Weather: 0, Cleric: 0, Screen: 0, Pass: 0",None
scientist_gs_mitch_0469_Starmie,scientist_gs_mitch_0469,STARMIE,None,0,2,0.0,0,0.0,0,1.0,1.0,0,0,0,0,0.0,2,None,None,0,,0,"Damage: 0, Status: 0, Hazard: 0, Weather: 0, Cleric: 0, Screen: 0, Pass: 0",None
scientist_gs_mitch_0469_Staryu,scientist_gs_mitch_0469,STARYU,"Recover: 29 (24.6%), Water Gun: 27 (22.9%), Rapid Spin: 26 (22.0%), Camouflage: 25 (21.2%), Struggle: 10 (8.5%), Swift: 1 (0.8%)",5,6,0.83,0,0.83,0,15.12,10.12,2,0,3,0,4.13,8,Staryu: 5,None,0,,0,"Damage: 0, Status: 0, Hazard: 0, Weather: 0, Cleric: 0, Screen: 0, Pass: 0",None
scientist_gs_mitch_0469_Steelix,scientist_gs_mitch_0469,STEELIX,"Curse: 10 (28.6%), Iron Tail: 10 (28.6%), Rock Polish: 8 (22.9%), Dragon Breath: 7 (20.0%)",0,2,0.0,0,0.0,0,19.5,5.0,1,2,1,7,6.94,2,None,None,0,,0,"Damage: 0, Status: 0, Hazard: 0, Weather: 0, Cleric: 0, Screen: 0, Pass: 0",None
scientist_gs_mitch_0469_Sudowoodo,scientist_gs_mitch_0469,SUDOWOODO,Sucker Punch: 1 (100.0%),0,1,0.0,0,0.0,0,1.0,1.0,0,0,0,0,0.0,1,None,None,0,,0,"Damage: 0, Status: 0, Hazard: 0, Weather: 0, Cleric: 0, Screen: 0, Pass: 0",None
scientist_gs_mitch_0469_Sunkern,scientist_gs_mitch_0469,SUNKERN,"Synthesis: 7 (53.8%), Razor Leaf: 5 (38.5%), Sunny Day: 1 (7.7%)",0,2,0.0,0,0.0,0,7.5,6.0,1,0,0,0,7.69,2,None,None,0,,0,"Damage: 0, Status: 0, Hazard: 0, Weather: 0, Cleric: 0, Screen: 0, Pass: 0",None
scientist_gs_mitch_0469_Swinub,scientist_gs_mitch_0469,SWINUB,"Icy Wind: 3 (37.5%), Mud Bomb: 2 (25.0%), Endure: 2 (25.0%), Mud Slap: 1 (12.5%)",1,2,0.5,0,0.5,0,4.5,3.0,1,1,1,4,18.89,2,Swinub: 1,None,0,,0,"Damage: 0, Status: 0, Hazard: 0, Weather: 0, Cleric: 0, Screen: 0, Pass: 0",None
scientist_gs_mitch_0469_Taillow,scientist_gs_mitch_0469,TAILLOW,None,0,1,0.0,0,0.0,0,1.0,1.0,0,0,0,0,0.0,1,None,None,0,,0,"Damage: 0, Status: 0, Hazard: 0, Weather: 0, Cleric: 0, Screen: 0, Pass: 0",None
scientist_gs_mitch_0469_Tangela,scientist_gs_mitch_0469,TANGELA,"Growth: 8 (38.1%), Vine Whip: 4 (19.0%), Bind: 3 (14.3%), Poison Powder: 2 (9.5%), Absorb: 2 (9.5%), Stun Spore: 2 (9.5%)",1,3,0.33,0,0.33,0,7.6,3.0,1,2,4,0,12.0,5,Tangela: 1,None,0,,0,"Damage: 0, Status: 0, Hazard: 0, Weather: 0, Cleric: 0, Screen: 0, Pass: 0",None
scientist_gs_mitch_0469_Teddiursa,scientist_gs_mitch_0469,TEDDIURSA,"Slash: 19 (33.3%), Snore: 13 (22.8%), Rest: 11 (19.3%), Charm: 6 (10.5%), Struggle: 4 (7.0%), Faint Attack: 3 (5.3%), Fake Tears: 1 (1.8%)",2,8,0.25,0,0.25,0,7.33,2.56,3,0,0,0,5.26,9,Teddiursa: 2,None,0,,0,"Damage: 0, Status: 0, Hazard: 0, Weather: 0, Cleric: 0, Screen: 0, Pass: 0",None
scientist_gs_mitch_0469_Tentacool,scientist_gs_mitch_0469,TENTACOOL,"Acid: 20 (37.0%), Constrict: 15 (27.8%), Toxic Spikes: 8 (14.8%), Bubble Beam: 8 (14.8%), Supersonic: 3 (5.6%)",1,4,0.25,0,0.25,0,15.0,13.25,2,2,4,2,3.1,4,Tentacool: 1,None,0,,0,"Damage: 0, Status: 0, Hazard: 0, Weather: 0, Cleric: 0, Screen: 0, Pass: 0",None
scientist_gs_mitch_0469_Tentacruel,scientist_gs_mitch_0469,TENTACRUEL,"Barrier: 4 (30.8%), Poison Jab: 4 (30.8%), Screech: 2 (15.4%), Water Pulse: 2 (15.4%), Wring Out: 1 (7.7%)",0,4,0.0,0,0.0,0,4.25,3.0,0,0,1,1,2.86,4,None,None,0,,0,"Damage: 0, Status: 0, Hazard: 0, Weather: 0, Cleric: 0, Screen: 0, Pass: 0",None
scientist_gs_mitch_0469_Torkoal,scientist_gs_mitch_0469,TORKOAL,"Body Slam: 3 (75.0%), Iron Defense: 1 (25.0%)",0,1,0.0,0,0.0,0,4.0,3.0,0,0,1,0,2.0,1,None,None,0,,0,"Damage: 0, Status: 0, Hazard: 0, Weather: 0, Cleric: 0, Screen: 0, Pass: 0",None
scientist_gs_mitch_0469_Totodile,scientist_gs_mitch_0469,TOTODILE,"Scratch: 3 (50.0%), Leer: 3 (50.0%)",2,0,2.0,0,2.0,0,3.0,2.5,0,0,0,0,0.0,2,Totodile: 2,None,0,,0,"Damage: 0, Status: 0, Hazard: 0, Weather: 0, Cleric: 0, Screen: 0, Pass: 0",None
scientist_gs_mitch_0469_Ursaring,scientist_gs_mitch_0469,URSARING,"Scary Face: 3 (50.0%), Thrash: 3 (50.0%)",0,2,0.0,0,0.0,0,4.5,1.0,0,0,1,0,14.29,2,None,None,0,,0,"Damage: 0, Status: 0, Hazard: 0, Weather: 0, Cleric: 0, Screen: 0, Pass: 0",None
scientist_gs_mitch_0469_Venomoth,scientist_gs_mitch_0469,VENOMOTH,"Disable: 2 (50.0%), Supersonic: 1 (25.0%), Confusion: 1 (25.0%)",0,2,0.0,0,0.0,0,3.5,2.5,0,0,0,0,0.0,2,None,None,0,,0,"Damage: 0, Status: 0, Hazard: 0, Weather: 0, Cleric: 0, Screen: 0, Pass: 0",None
scientist_gs_mitch_0469_Venonat,scientist_gs_mitch_0469,VENONAT,"Confusion: 12 (66.7%), Supersonic: 3 (16.7%), Stun Spore: 1 (5.6%), Psybeam: 1 (5.6%), Signal Beam: 1 (5.6%)",4,3,1.33,0,1.33,0,3.57,1.43,2,0,1,1,15.79,7,Venonat: 4,None,1,,0,"Damage: 0, Status: 0, Hazard: 0, Weather: 0, Cleric: 0, Screen: 0, Pass: 0",None
scientist_gs_mitch_0469_Vileplume,scientist_gs_mitch_0469,VILEPLUME,"Stun Spore: 15 (33.3%), Aromatherapy: 12 (26.7%), Mega Drain: 12 (26.7%), Poison Powder: 5 (11.1%), Petal Dance: 1 (2.2%)",0,5,0.0,0,0.0,0,10.4,5.6,0,4,2,0,-4.26,5,None,None,0,,0,"Damage: 0, Status: 0, Hazard: 0, Weather: 0, Cleric: 0, Screen: 0, Pass: 0",None
scientist_gs_mitch_0469_Voltorb,scientist_gs_mitch_0469,VOLTORB,"Rollout: 11 (28.2%), Charge: 11 (28.2%), Struggle: 9 (23.1%), Sonic Boom: 3 (7.7%), Light Screen: 2 (5.1%), Spark: 1 (2.6%), Magnet Rise: 1 (2.6%), Swift: 1 (2.6%)",4,7,0.57,0,0.57,0,5.75,2.12,0,2,2,0,0.0,8,Voltorb: 4,None,1,,0,"Damage: 0, Status: 0, Hazard: 0, Weather: 0, Cleric: 0, Screen: 0, Pass: 0",None
scientist_gs_mitch_0469_Vulpix,scientist_gs_mitch_0469,VULPIX,"Tail Whip: 12 (30.0%), Roar: 10 (25.0%), Ember: 10 (25.0%), Quick Attack: 6 (15.0%), Struggle: 2 (5.0%)",4,0,4.0,0,4.0,0,10.0,0.25,2,0,0,0,5.0,4,Vulpix: 4,None,0,,0,"Damage: 0, Status: 0, Hazard: 0, Weather: 0, Cleric: 0, Screen: 0, Pass: 0",None
scientist_gs_mitch_0469_Weedle,scientist_gs_mitch_0469,WEEDLE,"Poison Sting: 17 (48.6%), String Shot: 13 (37.1%), Struggle: 5 (14.3%)",2,4,0.5,0,0.5,0,9.25,7.25,0,1,2,0,2.7,4,Weedle: 2,None,0,,0,"Damage: 0, Status: 0, Hazard: 0, Weather: 0, Cleric: 0, Screen: 0, Pass: 0",None
scientist_gs_mitch_0469_Weepinbell,scientist_gs_mitch_0469,WEEPINBELL,"Razor Leaf: 5 (50.0%), Sweet Scent: 3 (30.0%), Gastro Acid: 2 (20.0%)",0,3,0.0,0,0.0,0,4.33,2.33,2,0,0,0,20.0,3,None,None,0,,0,"Damage: 0, Status: 0, Hazard: 0, Weather: 0, Cleric: 0, Screen: 0, Pass: 0",None
scientist_gs_mitch_0469_Weezing,scientist_gs_mitch_0469,WEEZING,"Double Hit: 3 (60.0%), Sludge: 1 (20.0%), Explosion: 1 (20.0%)",0,1,0.0,0,0.0,0,3.0,1.5,0,0,0,0,-6.0,2,None,None,0,,0,"Damage: 0, Status: 0, Hazard: 0, Weather: 0, Cleric: 0, Screen: 0, Pass: 0",None
scientist_gs_mitch_0469_Whismur,scientist_gs_mitch_0469,WHISMUR,"Rest: 10 (23.3%), Roar: 10 (23.3%), Screech: 10 (23.3%), Sleep Talk: 10 (23.3%), Struggle: 3 (7.0%)",2,0,2.0,0,2.0,0,21.5,0.0,0,2,0,0,-4.65,2,Whismur: 2,None,0,,0,"Damage: 0, Status: 0, Hazard: 0, Weather: 0, Cleric: 0, Screen: 0, Pass: 0",None
scientist_gs_mitch_0469_Wigglytuff,scientist_gs_mitch_0469,WIGGLYTUFF,"Disable: 20 (23.3%), Sing: 20 (23.3%), Defense Curl: 20 (23.3%), Pound: 10 (11.6%), Double Slap: 10 (11.6%), Struggle: 6 (7.0%)",1,1,1.0,0,1.0,0,28.5,6.5,0,11,14,0,3.0,4,Wigglytuff: 1,None,0,,0,"Damage: 0, Status: 0, Hazard: 0, Weather: 0, Cleric: 0, Screen: 0, Pass: 0",None
scientist_gs_mitch_0469_Wingull,scientist_gs_mitch_0469,WINGULL,"Agility: 5 (62.5%), Pursuit: 2 (25.0%), Roost: 1 (12.5%)",0,2,0.0,0,0.0,0,5.0,2.5,0,0,0,0,0.0,2,None,None,0,,0,"Damage: 0, Status: 0, Hazard: 0, Weather: 0, Cleric: 0, Screen: 0, Pass: 0",None
scientist_gs_mitch_0469_Wooper,scientist_gs_mitch_0469,WOOPER,"Tail Whip: 29 (42.0%), Water Gun: 10 (14.5%), Mud Bomb: 8 (11.6%), Slam: 8 (11.6%), Mud Shot: 8 (11.6%), Mud Sport: 6 (8.7%)",6,6,1.0,0,1.0,0,5.75,3.42,2,4,4,6,3.42,12,Wooper: 6,None,1,,0,"Damage: 0, Status: 0, Hazard: 0, Weather: 0, Cleric: 0, Screen: 0, Pass: 0",None
scientist_gs_mitch_0469_Xatu,scientist_gs_mitch_0469,XATU,"Me First: 24 (29.3%), Confuse Ray: 17 (20.7%), Tailwind: 12 (14.6%), Wish: 12 (14.6%), Future Sight: 10 (12.2%), Struggle: 6 (7.3%), Ominous Wind: 1 (1.2%)",2,8,0.25,0,0.25,0,9.1,1.3,2,0,0,0,2.32,10,Xatu: 2,None,0,,0,"Damage: 0, Status: 0, Hazard: 0, Weather: 0, Cleric: 0, Screen: 0, Pass: 0",None
scientist_gs_mitch_0469_Zigzagoon,scientist_gs_mitch_0469,ZIGZAGOON,"Return: 1 (50.0%), Iron Tail: 1 (50.0%)",0,4,0.0,0,0.0,0,1.5,1.25,0,0,0,1,35.0,4,None,None,0,,0,"Damage: 0, Status: 0, Hazard: 0, Weather: 0, Cleric: 0, Screen: 0, Pass: 0",None
scientist_gs_ross_0468_Koffing,scientist_gs_ross_0468,KOFFING,"Assurance: 2926 (46.4%), Smog: 1919 (30.5%), Smoke Screen: 1061 (16.8%), Selfdestruct: 396 (6.3%)",682,1996,0.34,134,0.41,1,6.4,3.68,254,795,1004,485,6.57,1214,"Magikarp: 48, Bellsprout: 28, Gastly: 21","Seaking: 35, Fearow: 35, Butterfree: 29",87,30.11,8,"Damage: 134, Status: 101, Hazard: 0, Weather: 0, Cleric: 0, Screen: 0, Pass: 0",None
scientist_gs_ross_0468_Quagsire,scientist_gs_ross_0468,QUAGSIRE,None,0,0,0.0,0,0.0,0,0.0,0.0,0,0,0,0,0.0,4,None,None,0,,0,"Damage: 0, Status: 0, Hazard: 0, Weather: 0, Cleric: 0, Screen: 0, Pass: 0",None
scientist_gs_trenton_0472_Porygon,scientist_gs_trenton_0472,PORYGON,"Conversion 2: 3604 (42.4%), Charge Beam: 2233 (26.3%), Recover: 1637 (19.3%), Conversion: 979 (11.5%), Struggle: 39 (0.5%)",854,864,0.99,16,1.01,0,8.14,4.83,116,278,361,1284,2.23,1212,"Magikarp: 56, Goldeen: 32, Magnemite: 29","Seaking: 24, Quagsire: 19, Butterfree: 16",121,42.0,0,"Damage: 16, Status: 0, Hazard: 0, Weather: 0, Cleric: 0, Screen: 0, Pass: 0",None
skier_cady_0683_Delibird,skier_cady_0683,DELIBIRD,"Present: 7805 (94.8%), Struggle: 424 (5.2%)",368,1004,0.37,33,0.4,0,7.81,4.89,430,1000,319,0,-2.94,1126,"Magikarp: 48, Bellsprout: 28, Pidgey: 19","Seaking: 18, Sandslash: 16, Magmar: 15",46,20.52,0,"Damage: 33, Status: 0, Hazard: 0, Weather: 0, Cleric: 0, Screen: 0, Pass: 0",None
skier_diana_0480_Jynx,skier_diana_0480,JYNX,"Ice Punch: 1526 (30.3%), Wake Up Slap: 1471 (29.2%), Fake Tears: 1256 (25.0%), Mean Look: 775 (15.4%), Struggle: 5 (0.1%)",697,908,0.77,21,0.79,0,4.86,2.39,174,231,166,97,2.04,1177,"Magikarp: 54, Pidgey: 41, Bellsprout: 29","Seaking: 18, Koffing: 17, Butterfree: 17",89,35.94,0,"Damage: 21, Status: 0, Hazard: 0, Weather: 0, Cleric: 0, Screen: 0, Pass: 0",None
skier_jill_0481_Dewgong,skier_jill_0481,DEWGONG,"Ice Shard: 2728 (32.3%), Aurora Beam: 2543 (30.1%), Rest: 2236 (26.5%), Aqua Ring: 899 (10.7%), Struggle: 33 (0.4%)",1034,817,1.27,41,1.32,0,9.77,6.17,279,171,442,185,6.23,1227,"Magikarp: 58, Geodude: 31, Sentret: 31","Seaking: 22, Graveler: 19, Qwilfish: 18",142,48.66,0,"Damage: 41, Status: 0, Hazard: 0, Weather: 0, Cleric: 0, Screen: 0, Pass: 0",None
super_nerd_cary_0684_Torkoal,super_nerd_cary_0684,TORKOAL,"Body Slam: 2199 (34.2%), Iron Tail: 2197 (34.2%), Iron Defense: 1509 (23.5%), Overheat: 524 (8.2%)",2097,434,4.83,31,4.9,0,5.74,3.8,267,659,286,606,-1.85,1312,"Magikarp: 58, Butterfree: 44, Magnemite: 39","Seadra: 22, Golduck: 14, Quagsire: 12",307,88.49,0,"Damage: 31, Status: 3, Hazard: 0, Weather: 0, Cleric: 0, Screen: 0, Pass: 0",None
super_nerd_eric_0233_Dugtrio,super_nerd_eric_0233,DUGTRIO,None,0,0,0.0,0,0.0,0,0.0,0.0,0,0,2,0,100.0,2,None,None,0,,0,"Damage: 0, Status: 0, Hazard: 0, Weather: 0, Cleric: 0, Screen: 0, Pass: 0",None
super_nerd_eric_0233_Grimer,super_nerd_eric_0233,GRIMER,"Pound: 2275 (34.9%), Harden: 1979 (30.3%), Mud Slap: 1635 (25.1%), Poison Gas: 637 (9.8%)",284,2043,0.14,131,0.2,11,7.45,3.74,235,496,1428,1425,14.67,1151,"Magikarp: 40, Bellsprout: 28, Voltorb: 23","Seaking: 36, Pikachu: 35, Koffing: 35",37,14.85,0,"Damage: 129, Status: 123, Hazard: 0, Weather: 0, Cleric: 0, Screen: 0, Pass: 0",None
super_nerd_eric_0233_Quagsire,super_nerd_eric_0233,QUAGSIRE,None,0,0,0.0,0,0.0,0,0.0,0.0,0,0,2,0,100.0,4,None,None,0,,0,"Damage: 0, Status: 0, Hazard: 0, Weather: 0, Cleric: 0, Screen: 0, Pass: 0",None
super_nerd_hugh_0538_Seadra,super_nerd_hugh_0538,SEADRA,"Twister: 1500 (29.7%), Surf: 1400 (27.7%), Waterfall: 1289 (25.5%), Smoke Screen: 866 (17.1%)",1571,655,2.4,66,2.5,0,4.34,1.93,239,75,554,170,13.03,1290,"Magikarp: 60, Koffing: 41, Voltorb: 41","Butterfree: 26, Graveler: 16, Seadra: 15",218,73.02,0,"Damage: 66, Status: 36, Hazard: 0, Weather: 0, Cleric: 0, Screen: 0, Pass: 0",None
super_nerd_markus_0539_Slowpoke,super_nerd_markus_0539,SLOWPOKE,"Curse: 3191 (56.1%), Water Gun: 1055 (18.6%), Strength: 1030 (18.1%), Growl: 411 (7.2%)",589,974,0.6,6,0.61,0,5.86,3.48,112,176,282,0,3.65,1206,"Magikarp: 54, Bellsprout: 28, Onix: 22","Pikachu: 19, Seaking: 19, Sandslash: 18",77,29.6,0,"Damage: 6, Status: 0, Hazard: 0, Weather: 0, Cleric: 0, Screen: 0, Pass: 0",None
super_nerd_merle_0686_Magcargo,super_nerd_merle_0686,MAGCARGO,"Rock Slide: 3047 (44.2%), Yawn: 1686 (24.5%), Overheat: 1170 (17.0%), Recover: 973 (14.1%), Struggle: 12 (0.2%)",1909,405,4.71,100,4.96,0,6.1,3.1,247,556,226,461,-1.0,1266,"Magikarp: 58, Koffing: 42, Magmar: 40","Quagsire: 20, Seaking: 19, Graveler: 18",281,87.28,0,"Damage: 98, Status: 73, Hazard: 0, Weather: 0, Cleric: 0, Screen: 0, Pass: 0",None
super_nerd_pat_0366_Porygon,super_nerd_pat_0366,PORYGON,"Ice Beam: 1255 (26.3%), Signal Beam: 1238 (26.0%), Charge Beam: 1169 (24.5%), Solar Beam: 1108 (23.2%)",2072,481,4.31,41,4.39,0,4.1,2.1,259,187,155,855,4.83,1329,"Magikarp: 58, Butterfree: 51, Koffing: 50","Electrode: 12, Weezing: 12, Beedrill: 11",301,83.97,0,"Damage: 41, Status: 10, Hazard: 0, Weather: 0, Cleric: 0, Screen: 0, Pass: 0",None
super_nerd_sam_0364_Dugtrio,super_nerd_sam_0364,DUGTRIO,None,0,0,0.0,0,0.0,0,0.0,0.0,0,0,3,0,100.0,2,None,None,0,,0,"Damage: 0, Status: 0, Hazard: 0, Weather: 0, Cleric: 0, Screen: 0, Pass: 0",None
super_nerd_sam_0364_Grimer,super_nerd_sam_0364,GRIMER,"Sludge Bomb: 1751 (30.6%), Gunk Shot: 1692 (29.6%), Acid Armor: 1432 (25.0%), Screech: 849 (14.8%)",1264,674,1.88,348,2.39,7,5.93,3.4,198,738,259,460,-4.61,1221,"Magikarp: 58, Bellsprout: 30, Voltorb: 29","Graveler: 26, Quagsire: 21, Magmar: 17",190,68.39,0,"Damage: 348, Status: 130, Hazard: 0, Weather: 0, Cleric: 0, Screen: 0, Pass: 0",None
super_nerd_sam_0364_Muk,super_nerd_sam_0364,MUK,"Sludge Bomb: 1632 (44.3%), Acid Armor: 1151 (31.3%), Screech: 575 (15.6%), Fling: 325 (8.8%)",484,363,1.33,119,1.66,0,7.07,3.93,93,181,218,472,3.36,712,"Seaking: 15, Butterfree: 15, Electrode: 14","Quagsire: 17, Golem: 15, Magnemite: 13",57,57.14,0,"Damage: 119, Status: 84, Hazard: 0, Weather: 0, Cleric: 0, Screen: 0, Pass: 0",None
super_nerd_sam_0364_Quagsire,super_nerd_sam_0364,QUAGSIRE,None,0,0,0.0,0,0.0,0,0.0,0.0,0,0,0,0,0.0,6,None,None,0,,0,"Damage: 0, Status: 0, Hazard: 0, Weather: 0, Cleric: 0, Screen: 0, Pass: 0",None
super_nerd_shawn_0367_Dugtrio,super_nerd_shawn_0367,DUGTRIO,None,0,0,0.0,0,0.0,0,0.0,0.0,0,0,4,0,100.0,2,None,None,0,,0,"Damage: 0, Status: 0, Hazard: 0, Weather: 0, Cleric: 0, Screen: 0, Pass: 0",None
super_nerd_shawn_0367_Magnemite,super_nerd_shawn_0367,MAGNEMITE,"Lock On: 3084 (42.0%), Magnet Bomb: 1924 (26.2%), Discharge: 1454 (19.8%), Screech: 875 (11.9%)",1293,1447,0.89,354,1.14,20,7.31,4.06,186,87,338,168,5.64,1303,"Magikarp: 58, Bellsprout: 30, Koffing: 28","Seaking: 55, Graveler: 55, Magmar: 53",187,56.02,2,"Damage: 354, Status: 44, Hazard: 0, Weather: 0, Cleric: 0, Screen: 0, Pass: 0",None
super_nerd_shawn_0367_Muk,super_nerd_shawn_0367,MUK,"Sludge Bomb: 1375 (42.9%), Mud Bomb: 1187 (37.0%), Screech: 330 (10.3%), Fling: 312 (9.7%)",676,465,1.45,139,1.75,5,5.81,3.34,171,314,268,552,5.19,815,"Butterfree: 21, Electrode: 19, Pikachu: 19","Quagsire: 24, Graveler: 18, Seaking: 18",89,57.63,0,"Damage: 139, Status: 68, Hazard: 0, Weather: 0, Cleric: 0, Screen: 0, Pass: 0",None
super_nerd_shawn_0367_Quagsire,super_nerd_shawn_0367,QUAGSIRE,None,0,0,0.0,0,0.0,0,0.0,0.0,0,0,6,0,100.0,7,None,None,0,,0,"Damage: 0, Status: 0, Hazard: 0, Weather: 0, Cleric: 0, Screen: 0, Pass: 0",None
super_nerd_teru_0393_Dugtrio,super_nerd_teru_0393,DUGTRIO,None,0,0,0.0,0,0.0,0,0.0,0.0,0,0,2,0,100.0,2,None,None,0,,0,"Damage: 0, Status: 0, Hazard: 0, Weather: 0, Cleric: 0, Screen: 0, Pass: 0",None
super_nerd_teru_0393_Magnemite,super_nerd_teru_0393,MAGNEMITE,"Tackle: 2980 (46.9%), Thunder Shock: 2265 (35.7%), Metal Sound: 1101 (17.3%), Struggle: 4 (0.1%)",346,3161,0.11,116,0.15,107,9.22,4.51,289,590,413,192,1.76,1169,"Magikarp: 48, Bellsprout: 28, Pidgey: 21","Magmar: 58, Growlithe: 57, Seaking: 54",44,12.66,17,"Damage: 116, Status: 19, Hazard: 0, Weather: 0, Cleric: 0, Screen: 0, Pass: 0",None
super_nerd_teru_0393_Quagsire,super_nerd_teru_0393,QUAGSIRE,None,0,0,0.0,0,0.0,0,0.0,0.0,0,0,0,0,0.0,4,None,None,0,,0,"Damage: 0, Status: 0, Hazard: 0, Weather: 0, Cleric: 0, Screen: 0, Pass: 0",None
super_nerd_teru_0393_Voltorb,super_nerd_teru_0393,VOLTORB,"Charge: 585 (34.9%), Sonic Boom: 573 (34.1%), Tackle: 520 (31.0%)",127,1001,0.13,45,0.17,15,3.51,1.38,35,119,79,0,-0.28,1071,"Voltorb: 13, Butterfree: 8, Growlithe: 7","Magmar: 21, Seaking: 18, Sandslash: 17",12,16.67,3,"Damage: 45, Status: 0, Hazard: 0, Weather: 0, Cleric: 0, Screen: 0, Pass: 0",None
super_nerd_tyrone_0365_Dugtrio,super_nerd_tyrone_0365,DUGTRIO,None,0,0,0.0,0,0.0,0,0.0,0.0,0,0,4,0,100.0,2,None,None,0,,0,"Damage: 0, Status: 0, Hazard: 0, Weather: 0, Cleric: 0, Screen: 0, Pass: 0",None
super_nerd_tyrone_0365_Magnemite,super_nerd_tyrone_0365,MAGNEMITE,"Lock On: 4422 (42.8%), Magnet Bomb: 2773 (26.8%), Discharge: 2010 (19.4%), Screech: 1134 (11.0%)",1721,2072,0.83,52,0.86,23,8.79,5.94,309,105,430,262,5.94,1292,"Magikarp: 58, Butterfree: 51, Marill: 34","Butterfree: 85, Magmar: 73, Quagsire: 61",247,57.19,4,"Damage: 52, Status: 5, Hazard: 0, Weather: 0, Cleric: 0, Screen: 0, Pass: 0",None
super_nerd_tyrone_0365_Quagsire,super_nerd_tyrone_0365,QUAGSIRE,None,0,0,0.0,0,0.0,0,0.0,0.0,0,0,0,0,0.0,4,None,None,0,,0,"Damage: 0, Status: 0, Hazard: 0, Weather: 0, Cleric: 0, Screen: 0, Pass: 0",None
super_nerd_waldo_0685_Numel,super_nerd_waldo_0685,NUMEL,"Magnitude: 1496 (29.9%), Earth Power: 1380 (27.6%), Amnesia: 1076 (21.5%), Overheat: 1047 (20.9%), Struggle: 4 (0.1%)",1867,558,3.35,32,3.4,0,4.34,2.23,187,262,142,41,1.23,1321,"Magikarp: 58, Magmar: 39, Voltorb: 39","Seaking: 23, Seadra: 21, Graveler: 20",266,79.26,0,"Damage: 32, Status: 0, Hazard: 0, Weather: 0, Cleric: 0, Screen: 0, Pass: 0",None
swimmer_f_briana_0298_Dugtrio,swimmer_f_briana_0298,DUGTRIO,None,0,0,0.0,0,0.0,0,0.0,0.0,0,0,1,0,100.0,1,None,None,0,,0,"Damage: 0, Status: 0, Hazard: 0, Weather: 0, Cleric: 0, Screen: 0, Pass: 0",None
swimmer_f_briana_0298_Quagsire,swimmer_f_briana_0298,QUAGSIRE,None,0,0,0.0,0,0.0,0,0.0,0.0,0,0,0,0,0.0,4,None,None,0,,0,"Damage: 0, Status: 0, Hazard: 0, Weather: 0, Cleric: 0, Screen: 0, Pass: 0",None
swimmer_f_briana_0298_Seaking,swimmer_f_briana_0298,SEAKING,"Poison Jab: 2687 (33.4%), Water Pulse: 2498 (31.0%), Supersonic: 1778 (22.1%), Aqua Ring: 1092 (13.6%)",1914,806,2.37,265,2.7,3,6.64,3.97,283,946,286,771,-4.39,1233,"Magikarp: 58, Magnemite: 43, Butterfree: 34","Graveler: 23, Weezing: 21, Quagsire: 21",306,73.85,0,"Damage: 259, Status: 228, Hazard: 0, Weather: 0, Cleric: 0, Screen: 0, Pass: 0",None
swimmer_f_chelan_0592_Azumarill,swimmer_f_chelan_0592,AZUMARILL,"Rollout: 2691 (40.3%), Dig: 1705 (25.6%), Defense Curl: 1183 (17.7%), Waterfall: 1093 (16.4%)",1803,577,3.12,41,3.2,0,5.68,2.91,245,380,911,108,10.37,1323,"Magikarp: 59, Magnemite: 57, Koffing: 42","Quagsire: 15, Seadra: 15, Graveler: 13",259,76.27,0,"Damage: 41, Status: 0, Hazard: 0, Weather: 0, Cleric: 0, Screen: 0, Pass: 0",None
swimmer_f_debbie_0291_Clamperl,swimmer_f_debbie_0291,CLAMPERL,"Water Gun: 1910 (26.9%), Whirlpool: 1807 (25.4%), Clamp: 1713 (24.1%), Iron Defense: 1659 (23.4%), Struggle: 15 (0.2%)",1031,757,1.36,115,1.51,0,6.84,4.3,250,921,311,0,-4.86,1229,"Magikarp: 55, Goldeen: 36, Geodude: 32","Seaking: 23, Butterfree: 19, Quagsire: 15",151,57.61,0,"Damage: 115, Status: 0, Hazard: 0, Weather: 0, Cleric: 0, Screen: 0, Pass: 0",None
swimmer_f_denise_0092_Seel,swimmer_f_denise_0092,SEEL,"Ice Shard: 2265 (32.2%), Icy Wind: 1889 (26.9%), Rest: 1798 (25.6%), Encore: 1071 (15.2%), Struggle: 7 (0.1%)",497,957,0.52,15,0.54,0,8.96,5.15,249,317,391,1363,4.35,1142,"Magikarp: 54, Bellsprout: 28, Geodude: 27","Graveler: 17, Koffing: 17, Sandslash: 17",62,25.74,0,"Damage: 15, Status: 0, Hazard: 0, Weather: 0, Cleric: 0, Screen: 0, Pass: 0",None
swimmer_f_diana_0297_Golduck,swimmer_f_diana_0297,GOLDUCK,"Zen Headbutt: 2420 (34.9%), Water Pulse: 2228 (32.1%), Disable: 1847 (26.6%), Psych Up: 441 (6.4%)",2059,486,4.24,55,4.35,0,5.62,2.66,258,654,213,427,-2.86,1337,"Magikarp: 58, Koffing: 57, Magnemite: 51","Quagsire: 15, Graveler: 12, Weezing: 11",289,84.52,0,"Damage: 55, Status: 35, Hazard: 0, Weather: 0, Cleric: 0, Screen: 0, Pass: 0",None
swimmer_f_elaine_0009_Staryu,swimmer_f_elaine_0009,STARYU,"Rapid Spin: 1658 (29.4%), Camouflage: 1650 (29.3%), Water Gun: 1568 (27.8%), Recover: 760 (13.5%)",407,991,0.41,27,0.44,0,5.81,2.99,181,148,267,0,5.08,1154,"Magikarp: 54, Bellsprout: 28, Geodude: 22","Graveler: 19, Seaking: 18, Koffing: 18",55,21.84,0,"Damage: 27, Status: 0, Hazard: 0, Weather: 0, Cleric: 0, Screen: 0, Pass: 0",None
swimmer_f_joy_0673_Cloyster,swimmer_f_joy_0673,CLOYSTER,"Aurora Beam: 1530 (29.9%), Spike Cannon: 1513 (29.6%), Water Pulse: 1423 (27.8%), Attract: 654 (12.8%)",2192,393,5.58,67,5.75,0,4.29,1.74,498,51,118,228,10.8,1312,"Magikarp: 58, Seaking: 52, Koffing: 48","Electrode: 13, Magmar: 12, Quagsire: 11",322,89.71,0,"Damage: 67, Status: 28, Hazard: 0, Weather: 0, Cleric: 0, Screen: 0, Pass: 0",None
swimmer_f_kara_0093_Dugtrio,swimmer_f_kara_0093,DUGTRIO,None,0,0,0.0,0,0.0,0,0.0,0.0,0,0,2,0,100.0,2,None,None,0,,0,"Damage: 0, Status: 0, Hazard: 0, Weather: 0, Cleric: 0, Screen: 0, Pass: 0",None
swimmer_f_kara_0093_Quagsire,swimmer_f_kara_0093,QUAGSIRE,None,0,0,0.0,0,0.0,0,0.0,0.0,0,0,0,0,0.0,4,None,None,0,,0,"Damage: 0, Status: 0, Hazard: 0, Weather: 0, Cleric: 0, Screen: 0, Pass: 0",None
swimmer_f_kara_0093_Starmie,swimmer_f_kara_0093,STARMIE,"Water Gun: 1041 (29.9%), Swift: 1026 (29.4%), Rapid Spin: 974 (27.9%), Recover: 445 (12.8%)",352,864,0.41,41,0.45,28,5.12,2.53,161,41,185,0,8.31,1034,"Shellder: 20, Tentacool: 19, Slowpoke: 16","Seaking: 21, Graveler: 18, Sandslash: 16",49,20.83,4,"Damage: 41, Status: 0, Hazard: 0, Weather: 0, Cleric: 0, Screen: 0, Pass: 0",None
swimmer_f_kara_0093_Staryu,swimmer_f_kara_0093,STARYU,"Rapid Spin: 1384 (30.3%), Camouflage: 1322 (28.9%), Water Gun: 1284 (28.1%), Recover: 581 (12.7%)",343,992,0.35,246,0.59,60,4.9,2.6,159,137,174,0,4.13,1151,"Magikarp: 58, Bellsprout: 28, Geodude: 27","Seaking: 18, Graveler: 18, Koffing: 17",42,22.15,1,"Damage: 246, Status: 0, Hazard: 0, Weather: 0, Cleric: 0, Screen: 0, Pass: 0",None
swimmer_f_katie_0243_Dewgong,swimmer_f_katie_0243,DEWGONG,"Dive: 2867 (40.8%), Take Down: 1694 (24.1%), Brine: 1563 (22.2%), Sheer Cold: 908 (12.9%)",1803,646,2.79,49,2.87,0,5.6,2.41,290,820,1299,0,9.23,1364,"Magikarp: 58, Pikachu: 47, Magnemite: 43","Seaking: 20, Weezing: 15, Quagsire: 14",246,76.39,0,"Damage: 49, Status: 0, Hazard: 0, Weather: 0, Cleric: 0, Screen: 0, Pass: 0",None
swimmer_f_kaylee_0090_Dugtrio,swimmer_f_kaylee_0090,DUGTRIO,None,0,0,0.0,0,0.0,0,0.0,0.0,0,0,2,0,100.0,2,None,None,0,,0,"Damage: 0, Status: 0, Hazard: 0, Weather: 0, Cleric: 0, Screen: 0, Pass: 0",None
swimmer_f_kaylee_0090_Goldeen,swimmer_f_kaylee_0090,GOLDEEN,"Peck: 1532 (28.9%), Water Pulse: 1396 (26.3%), Horn Attack: 1392 (26.2%), Supersonic: 986 (18.6%)",571,1897,0.3,234,0.42,1,6.0,3.23,269,560,243,204,-1.13,1169,"Magikarp: 53, Geodude: 38, Bellsprout: 27","Graveler: 48, Fearow: 35, Koffing: 34",79,25.55,0,"Damage: 232, Status: 152, Hazard: 0, Weather: 0, Cleric: 0, Screen: 0, Pass: 0",None
swimmer_f_kaylee_0090_Quagsire,swimmer_f_kaylee_0090,QUAGSIRE,None,0,0,0.0,0,0.0,0,0.0,0.0,0,0,0,0,0.0,4,None,None,0,,0,"Damage: 0, Status: 0, Hazard: 0, Weather: 0, Cleric: 0, Screen: 0, Pass: 0",None
swimmer_f_kaylee_0090_Seaking,swimmer_f_kaylee_0090,SEAKING,"Peck: 527 (28.8%), Water Pulse: 513 (28.0%), Horn Attack: 497 (27.1%), Supersonic: 294 (16.1%)",146,838,0.17,35,0.22,0,3.97,1.85,81,148,112,88,2.5,920,"Growlithe: 7, Gastly: 7, Magnemite: 6","Graveler: 17, Seaking: 17, Butterfree: 15",14,,5,"Damage: 31, Status: 23, Hazard: 0, Weather: 0, Cleric: 0, Screen: 0, Pass: 0",None
swimmer_f_kendra_0593_Slowking,swimmer_f_kendra_0593,SLOWKING,"Zen Headbutt: 1847 (28.0%), Water Pulse: 1820 (27.6%), Nasty Plot: 1673 (25.4%), Swagger: 1256 (19.0%)",1859,566,3.28,168,3.58,0,5.55,2.99,196,420,256,294,0.53,1390,"Magikarp: 58, Goldeen: 38, Koffing: 38","Graveler: 20, Seaking: 17, Butterfree: 17",264,80.94,0,"Damage: 145, Status: 154, Hazard: 0, Weather: 0, Cleric: 0, Screen: 0, Pass: 0",None
swimmer_f_leona_0587_Bidoof,swimmer_f_leona_0587,BIDOOF,"Super Fang: 1406 (29.5%), Take Down: 1381 (29.0%), Superpower: 1320 (27.7%), Amnesia: 656 (13.8%), Struggle: 1 (0.0%)",771,901,0.86,36,0.9,0,4.83,2.7,206,536,191,0,-2.81,1202,"Magikarp: 54, Geodude: 41, Bellsprout: 29","Graveler: 27, Seaking: 22, Fearow: 19",93,42.01,0,"Damage: 36, Status: 0, Hazard: 0, Weather: 0, Cleric: 0, Screen: 0, Pass: 0",None
swimmer_f_lori_0294_Quagsire,swimmer_f_lori_0294,QUAGSIRE,None,0,0,0.0,0,0.0,0,0.0,0.0,0,0,0,0,0.0,1,None,None,0,,0,"Damage: 0, Status: 0, Hazard: 0, Weather: 0, Cleric: 0, Screen: 0, Pass: 0",None
swimmer_f_lori_0294_Starmie,swimmer_f_lori_0294,STARMIE,"Ice Beam: 1595 (30.4%), Surf: 1415 (27.0%), Thunderbolt: 1355 (25.9%), Recover: 537 (10.3%), Blizzard: 139 (2.7%), Water Pulse: 102 (1.9%), Thunder: 96 (1.8%)",2297,546,4.21,26,4.25,45,4.38,2.11,293,103,156,166,6.54,1148,"Magikarp: 58, Seaking: 48, Koffing: 42","Ampharos: 25, Parasect: 23, Electrode: 22",369,84.79,7,"Damage: 26, Status: 3, Hazard: 0, Weather: 0, Cleric: 0, Screen: 0, Pass: 0",None
swimmer_f_mina_0588_Dugtrio,swimmer_f_mina_0588,DUGTRIO,None,0,0,0.0,0,0.0,0,0.0,0.0,0,0,2,0,100.0,2,None,None,0,,0,"Damage: 0, Status: 0, Hazard: 0, Weather: 0, Cleric: 0, Screen: 0, Pass: 0",None
swimmer_f_mina_0588_Luvdisc,swimmer_f_mina_0588,LUVDISC,"Water Pulse: 8393 (46.6%), Sweet Kiss: 4315 (24.0%), Aqua Ring: 2677 (14.9%), Attract: 1681 (9.3%), Captivate: 840 (4.7%), Struggle: 100 (0.6%)",1517,2060,0.74,415,0.94,3,13.0,5.83,480,1385,516,1179,-2.34,1316,"Magikarp: 58, Butterfree: 36, Graveler: 34","Seaking: 74, Quagsire: 46, Graveler: 39",235,51.76,3,"Damage: 383, Status: 390, Hazard: 0, Weather: 0, Cleric: 0, Screen: 0, Pass: 0",None
swimmer_f_mina_0588_Quagsire,swimmer_f_mina_0588,QUAGSIRE,None,0,0,0.0,0,0.0,0,0.0,0.0,0,0,0,0,0.0,4,None,None,0,,0,"Damage: 0, Status: 0, Hazard: 0, Weather: 0, Cleric: 0, Screen: 0, Pass: 0",None
swimmer_f_nicole_0293_Dugtrio,swimmer_f_nicole_0293,DUGTRIO,None,0,0,0.0,0,0.0,0,0.0,0.0,0,0,2,0,100.0,2,None,None,0,,0,"Damage: 0, Status: 0, Hazard: 0, Weather: 0, Cleric: 0, Screen: 0, Pass: 0",None
swimmer_f_nicole_0293_Lapras,swimmer_f_nicole_0293,LAPRAS,"Ice Beam: 885 (32.9%), Brine: 849 (31.6%), Perish Song: 574 (21.4%), Rain Dance: 379 (14.1%)",735,470,1.56,178,1.94,0,4.45,2.23,109,33,116,46,6.9,874,"Seadra: 20, Fearow: 20, Butterfree: 19","Poliwrath: 9, Victreebel: 8, Sunflora: 6",102,,0,"Damage: 178, Status: 9, Hazard: 0, Weather: 0, Cleric: 0, Screen: 0, Pass: 0",None
swimmer_f_nicole_0293_Marill,swimmer_f_nicole_0293,MARILL,"Double Edge: 2102 (33.5%), Aqua Tail: 2086 (33.2%), Aqua Ring: 1055 (16.8%), Rain Dance: 1034 (16.5%), Struggle: 6 (0.1%)",1195,1611,0.74,569,1.09,1,6.18,3.69,228,323,295,0,3.04,1311,"Magikarp: 57, Magnemite: 34, Voltorb: 33","Seaking: 42, Quagsire: 38, Sandslash: 31",181,43.94,0,"Damage: 569, Status: 0, Hazard: 0, Weather: 0, Cleric: 0, Screen: 0, Pass: 0",None
swimmer_f_nicole_0293_Quagsire,swimmer_f_nicole_0293,QUAGSIRE,None,0,0,0.0,0,0.0,0,0.0,0.0,0,0,0,0,0.0,3,None,None,0,,0,"Damage: 0, Status: 0, Hazard: 0, Weather: 0, Cleric: 0, Screen: 0, Pass: 0",None
swimmer_f_nikki_0296_Dewgong,swimmer_f_nikki_0296,DEWGONG,"Dive: 2004 (42.7%), Take Down: 1125 (24.0%), Brine: 1003 (21.4%), Sheer Cold: 562 (12.0%)",978,547,1.79,35,1.85,0,6.14,2.73,170,544,928,0,9.85,1002,"Seaking: 32, Butterfree: 32, Magmar: 30","Quagsire: 13, Electrode: 13, Seaking: 13",138,61.54,0,"Damage: 35, Status: 0, Hazard: 0, Weather: 0, Cleric: 0, Screen: 0, Pass: 0",None
swimmer_f_nikki_0296_Dugtrio,swimmer_f_nikki_0296,DUGTRIO,None,0,0,0.0,0,0.0,0,0.0,0.0,0,0,2,0,100.0,2,None,None,0,,0,"Damage: 0, Status: 0, Hazard: 0, Weather: 0, Cleric: 0, Screen: 0, Pass: 0",None
swimmer_f_nikki_0296_Quagsire,swimmer_f_nikki_0296,QUAGSIRE,None,0,0,0.0,0,0.0,0,0.0,0.0,0,0,0,0,0.0,2,None,None,0,,0,"Damage: 0, Status: 0, Hazard: 0, Weather: 0, Cleric: 0, Screen: 0, Pass: 0",None
swimmer_f_nikki_0296_Seel,swimmer_f_nikki_0296,SEEL,"Aqua Jet: 1371 (27.9%), Take Down: 1221 (24.8%), Aurora Beam: 1171 (23.8%), Brine: 1158 (23.5%)",962,965,1.0,653,1.67,0,4.34,2.48,260,256,216,77,3.97,1361,"Magikarp: 56, Geodude: 31, Bellsprout: 28","Seaking: 31, Seadra: 23, Graveler: 23",135,46.0,0,"Damage: 653, Status: 0, Hazard: 0, Weather: 0, Cleric: 0, Screen: 0, Pass: 0",None
swimmer_f_paula_0085_Dugtrio,swimmer_f_paula_0085,DUGTRIO,None,0,0,0.0,0,0.0,0,0.0,0.0,0,0,1,0,100.0,1,None,None,0,,0,"Damage: 0, Status: 0, Hazard: 0, Weather: 0, Cleric: 0, Screen: 0, Pass: 0",None
swimmer_f_paula_0085_Quagsire,swimmer_f_paula_0085,QUAGSIRE,None,0,0,0.0,0,0.0,0,0.0,0.0,0,0,0,0,0.0,4,None,None,0,,0,"Damage: 0, Status: 0, Hazard: 0, Weather: 0, Cleric: 0, Screen: 0, Pass: 0",None
swimmer_f_paula_0085_Shellder,swimmer_f_paula_0085,SHELLDER,"Protect: 1285 (32.2%), Icicle Spear: 1087 (27.2%), Withdraw: 940 (23.6%), Supersonic: 677 (17.0%)",152,969,0.16,56,0.21,1,5.83,2.19,241,320,164,0,2.05,1064,"Hoppip: 8, Voltorb: 8, Oddish: 7","Seaking: 18, Sandslash: 17, Butterfree: 16",16,17.31,5,"Damage: 43, Status: 50, Hazard: 0, Weather: 0, Cleric: 0, Screen: 0, Pass: 0",None
swimmer_f_paula_0085_Staryu,swimmer_f_paula_0085,STARYU,"Camouflage: 1538 (29.7%), Water Gun: 1485 (28.7%), Rapid Spin: 1443 (27.9%), Recover: 712 (13.8%)",374,1034,0.36,167,0.52,40,5.44,2.69,176,154,257,0,5.13,1181,"Magikarp: 54, Bellsprout: 28, Geodude: 27","Koffing: 20, Seaking: 18, Marill: 18",49,22.27,0,"Damage: 167, Status: 0, Hazard: 0, Weather: 0, Cleric: 0, Screen: 0, Pass: 0",None
swimmer_f_susie_0091_Dugtrio,swimmer_f_susie_0091,DUGTRIO,None,0,0,0.0,0,0.0,0,0.0,0.0,0,0,2,0,100.0,2,None,None,0,,0,"Damage: 0, Status: 0, Hazard: 0, Weather: 0, Cleric: 0, Screen: 0, Pass: 0",None
swimmer_f_susie_0091_Goldeen,swimmer_f_susie_0091,GOLDEEN,"Water Pulse: 649 (28.6%), Flail: 617 (27.2%), Horn Attack: 607 (26.7%), Supersonic: 398 (17.5%)",213,876,0.24,51,0.3,0,4.07,1.76,109,233,115,108,-0.2,1014,"Haunter: 13, Doduo: 13, Marowak: 7","Graveler: 23, Seaking: 19, Sandslash: 16",23,22.0,0,"Damage: 48, Status: 28, Hazard: 0, Weather: 0, Cleric: 0, Screen: 0, Pass: 0",None
swimmer_f_susie_0091_Psyduck,swimmer_f_susie_0091,PSYDUCK,"Confusion: 862 (27.0%), Water Gun: 828 (25.9%), Scratch: 824 (25.8%), Disable: 680 (21.3%)",477,994,0.48,171,0.65,0,3.72,1.98,145,250,158,68,1.74,1169,"Magikarp: 56, Geodude: 28, Bellsprout: 28","Haunter: 21, Graveler: 18, Seaking: 18",68,27.2,0,"Damage: 171, Status: 16, Hazard: 0, Weather: 0, Cleric: 0, Screen: 0, Pass: 0",None
swimmer_f_susie_0091_Quagsire,swimmer_f_susie_0091,QUAGSIRE,None,0,0,0.0,0,0.0,0,0.0,0.0,0,0,0,0,0.0,4,None,None,0,,0,"Damage: 0, Status: 0, Hazard: 0, Weather: 0, Cleric: 0, Screen: 0, Pass: 0",None
swimmer_f_wendy_0094_Dugtrio,swimmer_f_wendy_0094,DUGTRIO,None,0,0,0.0,0,0.0,0,0.0,0.0,0,0,2,0,100.0,2,None,None,0,,0,"Damage: 0, Status: 0, Hazard: 0, Weather: 0, Cleric: 0, Screen: 0, Pass: 0",None
swimmer_f_wendy_0094_Horsea,swimmer_f_wendy_0094,HORSEA,"Leer: 1794 (26.7%), Bubble Beam: 1745 (26.0%), Smoke Screen: 1697 (25.3%), Bubble: 1084 (16.2%), Focus Energy: 389 (5.8%)",659,1950,0.34,22,0.35,1,6.91,3.31,174,185,1545,204,18.6,1201,"Magikarp: 54, Geodude: 33, Pidgey: 32","Haunter: 42, Graveler: 40, Seaking: 38",84,25.86,0,"Damage: 22, Status: 0, Hazard: 0, Weather: 0, Cleric: 0, Screen: 0, Pass: 0",None
swimmer_f_wendy_0094_Quagsire,swimmer_f_wendy_0094,QUAGSIRE,None,0,0,0.0,0,0.0,0,0.0,0.0,0,0,0,0,0.0,4,None,None,0,,0,"Damage: 0, Status: 0, Hazard: 0, Weather: 0, Cleric: 0, Screen: 0, Pass: 0",None
swimmer_m_berke_0097_Qwilfish,swimmer_m_berke_0097,QWILFISH,"Rollout: 2742 (51.3%), Water Gun: 1100 (20.6%), Minimize: 948 (17.7%), Toxic Spikes: 554 (10.4%)",826,855,0.97,77,1.06,0,5.06,2.1,195,419,1212,0,15.07,1226,"Magikarp: 53, Geodude: 35, Bellsprout: 28","Seaking: 21, Graveler: 19, Butterfree: 18",116,40.54,0,"Damage: 70, Status: 25, Hazard: 32, Weather: 0, Cleric: 0, Screen: 0, Pass: 0",None
swimmer_m_charlie_0095_Dugtrio,swimmer_m_charlie_0095,DUGTRIO,None,0,0,0.0,0,0.0,0,0.0,0.0,0,0,2,0,100.0,2,None,None,0,,0,"Damage: 0, Status: 0, Hazard: 0, Weather: 0, Cleric: 0, Screen: 0, Pass: 0",None
swimmer_m_charlie_0095_Quagsire,swimmer_m_charlie_0095,QUAGSIRE,None,0,0,0.0,0,0.0,0,0.0,0.0,0,0,0,0,0.0,4,None,None,0,,0,"Damage: 0, Status: 0, Hazard: 0, Weather: 0, Cleric: 0, Screen: 0, Pass: 0",None
swimmer_m_charlie_0095_Shellder,swimmer_m_charlie_0095,SHELLDER,"Protect: 1667 (29.5%), Icicle Spear: 1512 (26.7%), Leer: 1429 (25.3%), Supersonic: 1045 (18.5%), Struggle: 4 (0.1%)",352,1001,0.35,252,0.6,16,5.99,2.41,337,627,195,0,-1.62,1159,"Magikarp: 44, Bellsprout: 28, Pidgey: 20","Fearow: 20, Sandslash: 18, Graveler: 17",45,24.94,0,"Damage: 218, Status: 150, Hazard: 0, Weather: 0, Cleric: 0, Screen: 0, Pass: 0",None
swimmer_m_charlie_0095_Tentacool,swimmer_m_charlie_0095,TENTACOOL,"Constrict: 510 (29.6%), Bubble Beam: 503 (29.2%), Acid: 491 (28.5%), Toxic Spikes: 219 (12.7%)",130,948,0.14,183,0.33,0,3.55,1.69,85,44,111,125,7.91,1023,"Growlithe: 9, Marill: 7, Haunter: 7","Fearow: 20, Sandslash: 18, Seaking: 17",12,20.83,3,"Damage: 165, Status: 0, Hazard: 24, Weather: 0, Cleric: 0, Screen: 0, Pass: 0",None
swimmer_m_charlie_0095_Tentacruel,swimmer_m_charlie_0095,TENTACRUEL,"Bubble Beam: 629 (30.5%), Constrict: 620 (30.0%), Acid: 597 (28.9%), Toxic Spikes: 219 (10.6%)",186,847,0.22,37,0.26,0,4.03,1.98,120,31,125,175,10.44,958,"Shellder: 10, Onix: 10, Machop: 7","Seaking: 20, Fearow: 19, Sandslash: 18",16,,4,"Damage: 36, Status: 0, Hazard: 4, Weather: 0, Cleric: 0, Screen: 0, Pass: 0",None
swimmer_m_duane_0595_Dugtrio,swimmer_m_duane_0595,DUGTRIO,None,0,0,0.0,0,0.0,0,0.0,0.0,0,0,2,0,100.0,2,None,None,0,,0,"Damage: 0, Status: 0, Hazard: 0, Weather: 0, Cleric: 0, Screen: 0, Pass: 0",None
swimmer_m_duane_0595_Kabutops,swimmer_m_duane_0595,KABUTOPS,"Endure: 748 (25.9%), Aqua Jet: 725 (25.1%), Mega Drain: 709 (24.6%), Slash: 701 (24.3%)",554,510,1.09,63,1.21,0,4.85,2.56,183,44,121,0,8.66,812,"Goldeen: 21, Seaking: 19, Magikarp: 18","Seaking: 18, Azumarill: 14, Quagsire: 12",67,53.45,0,"Damage: 63, Status: 0, Hazard: 0, Weather: 0, Cleric: 0, Screen: 0, Pass: 0",None
swimmer_m_duane_0595_Quagsire,swimmer_m_duane_0595,QUAGSIRE,None,0,0,0.0,0,0.0,0,0.0,0.0,0,0,0,0,0.0,2,None,None,0,,0,"Damage: 0, Status: 0, Hazard: 0, Weather: 0, Cleric: 0, Screen: 0, Pass: 0",None
swimmer_m_duane_0595_Seaking,swimmer_m_duane_0595,SEAKING,"Fury Attack: 1772 (29.4%), Flail: 1750 (29.0%), Waterfall: 1709 (28.3%), Aqua Ring: 800 (13.3%)",1328,726,1.83,401,2.38,57,5.55,3.01,411,392,281,155,4.46,1301,"Magikarp: 40, Magnemite: 32, Geodude: 30","Graveler: 30, Weezing: 20, Butterfree: 19",196,65.8,0,"Damage: 401, Status: 0, Hazard: 0, Weather: 0, Cleric: 0, Screen: 0, Pass: 0",None
swimmer_m_elmo_0585_Dugtrio,swimmer_m_elmo_0585,DUGTRIO,None,0,0,0.0,0,0.0,0,0.0,0.0,0,0,2,0,100.0,2,None,None,0,,0,"Damage: 0, Status: 0, Hazard: 0, Weather: 0, Cleric: 0, Screen: 0, Pass: 0",None
swimmer_m_elmo_0585_Poliwhirl,swimmer_m_elmo_0585,POLIWHIRL,"Wake Up Slap: 1600 (31.9%), Bubble Beam: 1453 (29.0%), Mud Shot: 1176 (23.5%), Belly Drum: 780 (15.6%)",1328,786,1.69,529,2.36,21,4.16,1.99,250,97,166,913,5.86,1341,"Magikarp: 56, Magnemite: 40, Graveler: 35","Seaking: 23, Azumarill: 18, Beedrill: 17",196,61.3,0,"Damage: 529, Status: 0, Hazard: 0, Weather: 0, Cleric: 0, Screen: 0, Pass: 0",None
swimmer_m_elmo_0585_Quagsire,swimmer_m_elmo_0585,QUAGSIRE,None,0,0,0.0,0,0.0,0,0.0,0.0,0,0,0,0,0.0,3,None,None,0,,0,"Damage: 0, Status: 0, Hazard: 0, Weather: 0, Cleric: 0, Screen: 0, Pass: 0",None
swimmer_m_elmo_0585_Tentacruel,swimmer_m_elmo_0585,TENTACRUEL,"Water Pulse: 1109 (27.4%), Poison Jab: 1032 (25.5%), Screech: 1012 (25.0%), Barrier: 892 (22.1%)",732,427,1.71,113,1.98,2,6.33,3.49,118,171,147,316,2.06,842,"Butterfree: 27, Seaking: 20, Magmar: 20","Seaking: 14, Azumarill: 13, Quagsire: 12",103,69.23,0,"Damage: 113, Status: 84, Hazard: 0, Weather: 0, Cleric: 0, Screen: 0, Pass: 0",None
swimmer_m_esteban_0594_Dugtrio,swimmer_m_esteban_0594,DUGTRIO,None,0,0,0.0,0,0.0,0,0.0,0.0,0,0,2,0,100.0,2,None,None,0,,0,"Damage: 0, Status: 0, Hazard: 0, Weather: 0, Cleric: 0, Screen: 0, Pass: 0",None
swimmer_m_esteban_0594_Golduck,swimmer_m_esteban_0594,GOLDUCK,"Water Pulse: 2042 (31.8%), Fury Swipes: 2009 (31.3%), Screech: 1912 (29.8%), Psych Up: 451 (7.0%)",1277,793,1.61,377,2.09,102,5.67,2.93,371,738,269,226,-1.54,1342,"Magikarp: 56, Koffing: 38, Geodude: 33","Quagsire: 21, Butterfree: 17, Seadra: 15",179,64.98,0,"Damage: 377, Status: 75, Hazard: 0, Weather: 0, Cleric: 0, Screen: 0, Pass: 0",None
swimmer_m_esteban_0594_Poliwhirl,swimmer_m_esteban_0594,POLIWHIRL,"Body Slam: 774 (32.5%), Bubble Beam: 624 (26.2%), Mud Shot: 593 (24.9%), Belly Drum: 389 (16.3%)",517,632,0.82,68,0.93,0,3.97,1.68,113,70,92,639,5.52,895,"Seadra: 16, Quagsire: 16, Butterfree: 15","Seaking: 15, Butterfree: 15, Azumarill: 15",71,56.67,0,"Damage: 68, Status: 8, Hazard: 0, Weather: 0, Cleric: 0, Screen: 0, Pass: 0",None
swimmer_m_esteban_0594_Quagsire,swimmer_m_esteban_0594,QUAGSIRE,None,0,0,0.0,0,0.0,0,0.0,0.0,0,0,0,0,0.0,4,None,None,0,,0,"Damage: 0, Status: 0, Hazard: 0, Weather: 0, Cleric: 0, Screen: 0, Pass: 0",None
swimmer_m_frankie_0373_Azumarill,swimmer_m_frankie_0373,AZUMARILL,"Double Edge: 2008 (34.3%), Bubble Beam: 1943 (33.2%), Rain Dance: 1028 (17.5%), Aqua Ring: 879 (15.0%)",1831,601,3.05,47,3.12,0,5.12,2.97,223,74,220,113,6.07,1309,"Magikarp: 58, Butterfree: 48, Onix: 37","Weezing: 14, Golem: 12, Seadra: 11",257,80.98,0,"Damage: 47, Status: 0, Hazard: 0, Weather: 0, Cleric: 0, Screen: 0, Pass: 0",None
swimmer_m_george_0096_Dugtrio,swimmer_m_george_0096,DUGTRIO,None,0,0,0.0,0,0.0,0,0.0,0.0,0,0,4,0,100.0,2,None,None,0,,0,"Damage: 0, Status: 0, Hazard: 0, Weather: 0, Cleric: 0, Screen: 0, Pass: 0",None
swimmer_m_george_0096_Quagsire,swimmer_m_george_0096,QUAGSIRE,None,0,0,0.0,0,0.0,0,0.0,0.0,0,0,0,0,0.0,4,None,None,0,,0,"Damage: 0, Status: 0, Hazard: 0, Weather: 0, Cleric: 0, Screen: 0, Pass: 0",None
swimmer_m_george_0096_Remoraid,swimmer_m_george_0096,REMORAID,"Aurora Beam: 365 (27.9%), Bubble Beam: 334 (25.5%), Psybeam: 325 (24.8%), Lock On: 285 (21.8%)",203,918,0.22,109,0.34,0,3.34,1.32,59,40,101,63,7.52,1021,"Pidgey: 10, Onix: 10, Gastly: 9","Seaking: 18, Goldeen: 16, Sandslash: 16",25,,5,"Damage: 109, Status: 4, Hazard: 0, Weather: 0, Cleric: 0, Screen: 0, Pass: 0",None
swimmer_m_george_0096_Staryu,swimmer_m_george_0096,STARYU,"Water Gun: 466 (31.7%), Camouflage: 455 (31.0%), Rapid Spin: 431 (29.4%), Recover: 116 (7.9%)",85,898,0.09,101,0.21,9,3.61,1.51,63,33,75,0,6.8,954,"Geodude: 15, Growlithe: 7, Haunter: 7","Magmar: 20, Seaking: 20, Graveler: 16",7,,2,"Damage: 101, Status: 0, Hazard: 0, Weather: 0, Cleric: 0, Screen: 0, Pass: 0",None
swimmer_m_george_0096_Tentacool,swimmer_m_george_0096,TENTACOOL,"Constrict: 2497 (34.3%), Acid: 2390 (32.8%), Supersonic: 1585 (21.7%), Toxic Spikes: 817 (11.2%)",299,3671,0.08,412,0.19,6,11.52,5.7,280,796,407,439,-1.57,1169,"Magikarp: 41, Bellsprout: 25, Pidgey: 11","Seaking: 76, Magmar: 66, Sandslash: 65",37,15.94,13,"Damage: 339, Status: 211, Hazard: 149, Weather: 0, Cleric: 0, Screen: 0, Pass: 0",None
swimmer_m_harold_0252_Dugtrio,swimmer_m_harold_0252,DUGTRIO,None,0,0,0.0,0,0.0,0,0.0,0.0,0,0,2,0,100.0,2,None,None,0,,0,"Damage: 0, Status: 0, Hazard: 0, Weather: 0, Cleric: 0, Screen: 0, Pass: 0",None
swimmer_m_harold_0252_Quagsire,swimmer_m_harold_0252,QUAGSIRE,None,0,0,0.0,0,0.0,0,0.0,0.0,0,0,0,0,0.0,2,None,None,0,,0,"Damage: 0, Status: 0, Hazard: 0, Weather: 0, Cleric: 0, Screen: 0, Pass: 0",None
swimmer_m_harold_0252_Remoraid,swimmer_m_harold_0252,REMORAID,"Bullet Seed: 989 (26.7%), Water Pulse: 913 (24.6%), Ice Beam: 906 (24.4%), Signal Beam: 899 (24.3%)",1109,892,1.24,490,1.79,8,3.37,1.6,322,40,120,271,11.54,1323,"Magikarp: 56, Geodude: 32, Koffing: 31","Seaking: 28, Butterfree: 25, Koffing: 21",161,53.29,0,"Damage: 490, Status: 69, Hazard: 0, Weather: 0, Cleric: 0, Screen: 0, Pass: 0",None
swimmer_m_harold_0252_Seadra,swimmer_m_harold_0252,SEADRA,"Twister: 741 (25.9%), Agility: 721 (25.2%), Hydro Pump: 702 (24.6%), Brine: 693 (24.3%)",704,570,1.24,43,1.31,0,4.39,1.99,127,164,119,0,2.76,927,"Magnemite: 21, Qwilfish: 18, Sandslash: 18","Seaking: 23, Butterfree: 20, Quagsire: 14",95,57.69,1,"Damage: 43, Status: 0, Hazard: 0, Weather: 0, Cleric: 0, Screen: 0, Pass: 0",None
swimmer_m_jerome_0370_Dugtrio,swimmer_m_jerome_0370,DUGTRIO,None,0,0,0.0,0,0.0,0,0.0,0.0,0,0,2,0,100.0,2,None,None,0,,0,"Damage: 0, Status: 0, Hazard: 0, Weather: 0, Cleric: 0, Screen: 0, Pass: 0",None
swimmer_m_jerome_0370_Goldeen,swimmer_m_jerome_0370,GOLDEEN,"Flail: 300 (31.4%), Fury Attack: 254 (26.6%), Waterfall: 236 (24.7%), Aqua Ring: 166 (17.4%)",141,467,0.3,84,0.48,1,3.58,1.63,61,52,61,31,7.1,551,"Flareon: 9, Butterfree: 8, Quagsire: 8","Butterfree: 26, Quagsire: 16, Noctowl: 13",11,,0,"Damage: 84, Status: 0, Hazard: 0, Weather: 0, Cleric: 0, Screen: 0, Pass: 0",None
swimmer_m_jerome_0370_Quagsire,swimmer_m_jerome_0370,QUAGSIRE,None,0,0,0.0,0,0.0,0,0.0,0.0,0,0,0,0,0.0,4,None,None,0,,0,"Damage: 0, Status: 0, Hazard: 0, Weather: 0, Cleric: 0, Screen: 0, Pass: 0",None
swimmer_m_jerome_0370_Seadra,swimmer_m_jerome_0370,SEADRA,"Bubble Beam: 1324 (26.3%), Twister: 1277 (25.4%), Agility: 1230 (24.4%), Brine: 1202 (23.9%)",1199,822,1.46,589,2.18,55,4.46,2.18,223,54,171,78,6.47,1318,"Magikarp: 56, Graveler: 33, Geodude: 30","Seaking: 28, Butterfree: 23, Victreebel: 22",172,59.41,4,"Damage: 589, Status: 0, Hazard: 0, Weather: 0, Cleric: 0, Screen: 0, Pass: 0",None
swimmer_m_jerome_0370_Tentacool,swimmer_m_jerome_0370,TENTACOOL,"Water Pulse: 555 (26.0%), Poison Jab: 537 (25.2%), Screech: 531 (24.9%), Barrier: 512 (24.0%)",212,733,0.29,341,0.75,32,4.41,2.34,61,130,106,202,1.57,849,"Magnemite: 10, Butterfree: 8, Skiploom: 7","Seaking: 27, Quagsire: 23, Victreebel: 19",19,41.27,4,"Damage: 341, Status: 98, Hazard: 0, Weather: 0, Cleric: 0, Screen: 0, Pass: 0",None
swimmer_m_jerome_0370_Tentacruel,swimmer_m_jerome_0370,TENTACRUEL,"Wrap: 871 (27.1%), Poison Jab: 807 (25.1%), Water Pulse: 778 (24.2%), Barrier: 760 (23.6%)",460,441,1.04,213,1.53,26,5.93,3.25,140,163,127,276,3.2,750,"Seaking: 22, Butterfree: 15, Victreebel: 13","Quagsire: 16, Golduck: 12, Poliwrath: 12",57,,4,"Damage: 213, Status: 77, Hazard: 0, Weather: 0, Cleric: 0, Screen: 0, Pass: 0",None
swimmer_m_luis_0586_Dugtrio,swimmer_m_luis_0586,DUGTRIO,None,0,0,0.0,0,0.0,0,0.0,0.0,0,0,1,0,100.0,1,None,None,0,,0,"Damage: 0, Status: 0, Hazard: 0, Weather: 0, Cleric: 0, Screen: 0, Pass: 0",None
swimmer_m_luis_0586_Quagsire,swimmer_m_luis_0586,QUAGSIRE,"Amnesia: 1143 (32.7%), Yawn: 870 (24.9%), Earthquake: 821 (23.5%), Rain Dance: 660 (18.9%), Struggle: 4 (0.1%)",401,419,0.96,44,1.06,2,7.17,3.24,36,32,156,0,4.38,662,"Seaking: 24, Magmar: 17, Electrode: 15","Butterfree: 20, Parasect: 13, Vileplume: 11",57,47.27,1,"Damage: 14, Status: 36, Hazard: 0, Weather: 0, Cleric: 0, Screen: 0, Pass: 0",None
swimmer_m_luis_0586_Seadra,swimmer_m_luis_0586,SEADRA,"Twister: 1365 (26.6%), Hydro Pump: 1298 (25.3%), Agility: 1235 (24.1%), Brine: 1228 (24.0%)",1628,546,2.98,255,3.45,124,4.7,2.08,206,304,156,0,1.1,1280,"Magikarp: 58, Koffing: 49, Graveler: 34","Butterfree: 16, Seaking: 14, Weezing: 13",252,78.91,1,"Damage: 255, Status: 0, Hazard: 0, Weather: 0, Cleric: 0, Screen: 0, Pass: 0",None
swimmer_m_matthew_0099_Krabby,swimmer_m_matthew_0099,KRABBY,"Metal Claw: 1104 (28.1%), Harden: 995 (25.3%), Bubble Beam: 981 (25.0%), Mud Shot: 848 (21.6%)",529,949,0.56,13,0.57,0,4.29,2.3,158,162,187,820,4.49,1159,"Magikarp: 54, Geodude: 29, Bellsprout: 28","Graveler: 21, Sandslash: 19, Seaking: 17",73,28.3,0,"Damage: 13, Status: 0, Hazard: 0, Weather: 0, Cleric: 0, Screen: 0, Pass: 0",None
swimmer_m_parker_0377_Dugtrio,swimmer_m_parker_0377,DUGTRIO,None,0,0,0.0,0,0.0,0,0.0,0.0,0,0,1,0,100.0,1,None,None,0,,0,"Damage: 0, Status: 0, Hazard: 0, Weather: 0, Cleric: 0, Screen: 0, Pass: 0",None
swimmer_m_parker_0377_Horsea,swimmer_m_parker_0377,HORSEA,"Twister: 1444 (29.9%), Water Pulse: 1393 (28.8%), Agility: 1267 (26.2%), Focus Energy: 732 (15.1%)",1010,888,1.14,369,1.55,11,4.29,2.26,415,89,165,131,9.56,1307,"Magikarp: 56, Goldeen: 34, Bellsprout: 30","Seaking: 33, Graveler: 28, Seadra: 20",140,49.58,0,"Damage: 369, Status: 59, Hazard: 0, Weather: 0, Cleric: 0, Screen: 0, Pass: 0",None
swimmer_m_parker_0377_Quagsire,swimmer_m_parker_0377,QUAGSIRE,None,0,0,0.0,0,0.0,0,0.0,0.0,0,0,0,0,0.0,5,None,None,0,,0,"Damage: 0, Status: 0, Hazard: 0, Weather: 0, Cleric: 0, Screen: 0, Pass: 0",None
swimmer_m_parker_0377_Seadra,swimmer_m_parker_0377,SEADRA,"Water Pulse: 1051 (29.3%), Twister: 1038 (28.9%), Agility: 955 (26.6%), Focus Energy: 547 (15.2%)",554,636,0.87,57,0.96,1,5.29,2.71,294,23,135,129,10.91,918,"Magnemite: 22, Seaking: 22, Pikachu: 20","Seaking: 21, Butterfree: 19, Quagsire: 16",76,52.73,1,"Damage: 57, Status: 23, Hazard: 0, Weather: 0, Cleric: 0, Screen: 0, Pass: 0",None
swimmer_m_randall_0086_Dugtrio,swimmer_m_randall_0086,DUGTRIO,None,0,0,0.0,0,0.0,0,0.0,0.0,0,0,2,0,100.0,2,None,None,0,,0,"Damage: 0, Status: 0, Hazard: 0, Weather: 0, Cleric: 0, Screen: 0, Pass: 0",None
swimmer_m_randall_0086_Quagsire,swimmer_m_randall_0086,QUAGSIRE,None,0,0,0.0,0,0.0,0,0.0,0.0,0,0,0,0,0.0,4,None,None,0,,0,"Damage: 0, Status: 0, Hazard: 0, Weather: 0, Cleric: 0, Screen: 0, Pass: 0",None
swimmer_m_randall_0086_Shellder,swimmer_m_randall_0086,SHELLDER,"Icicle Spear: 1771 (28.5%), Tackle: 1647 (26.5%), Withdraw: 1617 (26.1%), Supersonic: 1169 (18.8%)",335,1942,0.17,266,0.31,6,9.19,3.96,401,760,354,0,-0.08,1173,"Magikarp: 51, Bellsprout: 27, Geodude: 18","Seaking: 37, Koffing: 35, Sandslash: 34",43,18.33,9,"Damage: 253, Status: 160, Hazard: 0, Weather: 0, Cleric: 0, Screen: 0, Pass: 0",None
swimmer_m_randall_0086_Wartortle,swimmer_m_randall_0086,WARTORTLE,"Bite: 732 (26.1%), Water Gun: 710 (25.3%), Tail Whip: 684 (24.4%), Rapid Spin: 680 (24.2%)",278,925,0.3,90,0.4,0,4.76,2.19,142,78,161,169,7.34,1054,"Onix: 19, Growlithe: 15, Krabby: 12","Graveler: 21, Seaking: 19, Sandslash: 17",37,28.3,0,"Damage: 90, Status: 0, Hazard: 0, Weather: 0, Cleric: 0, Screen: 0, Pass: 0",None
swimmer_m_ronald_0098_Gyarados,swimmer_m_ronald_0098,GYARADOS,"Thrash: 3560 (65.3%), Bite: 1893 (34.7%)",983,1632,0.6,62,0.64,0,6.23,3.73,319,72,267,453,8.71,1165,"Magikarp: 56, Goldeen: 33, Bellsprout: 30","Seaking: 45, Graveler: 43, Fearow: 36",130,37.28,0,"Damage: 62, Status: 0, Hazard: 0, Weather: 0, Cleric: 0, Screen: 0, Pass: 0",None
swimmer_m_ronald_0098_Quagsire,swimmer_m_ronald_0098,QUAGSIRE,None,0,0,0.0,0,0.0,0,0.0,0.0,0,0,0,0,0.0,4,None,None,0,,0,"Damage: 0, Status: 0, Hazard: 0, Weather: 0, Cleric: 0, Screen: 0, Pass: 0",None
swimmer_m_simon_0016_Dugtrio,swimmer_m_simon_0016,DUGTRIO,None,0,0,0.0,0,0.0,0,0.0,0.0,0,0,1,0,100.0,1,None,None,0,,0,"Damage: 0, Status: 0, Hazard: 0, Weather: 0, Cleric: 0, Screen: 0, Pass: 0",None
swimmer_m_simon_0016_Quagsire,swimmer_m_simon_0016,QUAGSIRE,None,0,0,0.0,0,0.0,0,0.0,0.0,0,0,0,0,0.0,4,None,None,0,,0,"Damage: 0, Status: 0, Hazard: 0, Weather: 0, Cleric: 0, Screen: 0, Pass: 0",None
swimmer_m_simon_0016_Tentacool,swimmer_m_simon_0016,TENTACOOL,"Bubble Beam: 1509 (30.1%), Acid: 1435 (28.6%), Constrict: 1432 (28.6%), Toxic Spikes: 639 (12.7%)",582,1862,0.31,87,0.36,1,5.67,3.62,224,56,307,398,9.44,1152,"Magikarp: 46, Geodude: 31, Bellsprout: 28","Graveler: 44, Koffing: 38, Seaking: 36",89,25.08,2,"Damage: 85, Status: 0, Hazard: 46, Weather: 0, Cleric: 0, Screen: 0, Pass: 0",None
swimmer_m_tucker_0371_Cloyster,swimmer_m_tucker_0371,CLOYSTER,"Protect: 1284 (30.2%), Aurora Beam: 1232 (29.0%), Spike Cannon: 1201 (28.3%), Spikes: 531 (12.5%)",999,537,1.86,36,1.93,0,5.67,2.31,378,46,126,70,10.42,999,"Seaking: 39, Pikachu: 37, Butterfree: 27","Butterfree: 17, Magmar: 14, Golduck: 13",144,55.56,0,"Damage: 32, Status: 0, Hazard: 5, Weather: 0, Cleric: 0, Screen: 0, Pass: 0",None
swimmer_m_tucker_0371_Dugtrio,swimmer_m_tucker_0371,DUGTRIO,None,0,0,0.0,0,0.0,0,0.0,0.0,0,0,1,0,100.0,1,None,None,0,,0,"Damage: 0, Status: 0, Hazard: 0, Weather: 0, Cleric: 0, Screen: 0, Pass: 0",None
swimmer_m_tucker_0371_Quagsire,swimmer_m_tucker_0371,QUAGSIRE,None,0,0,0.0,0,0.0,0,0.0,0.0,0,0,0,0,0.0,4,None,None,0,,0,"Damage: 0, Status: 0, Hazard: 0, Weather: 0, Cleric: 0, Screen: 0, Pass: 0",None
swimmer_m_tucker_0371_Shellder,swimmer_m_tucker_0371,SHELLDER,"Ice Shard: 1906 (29.4%), Aurora Beam: 1667 (25.7%), Whirlpool: 1589 (24.5%), Iron Defense: 1308 (20.2%), Struggle: 6 (0.1%)",828,955,0.87,649,1.55,7,5.75,3.36,280,569,264,114,-0.51,1320,"Magikarp: 56, Geodude: 36, Bellsprout: 30","Butterfree: 27, Seaking: 26, Pikachu: 24",119,45.08,0,"Damage: 649, Status: 0, Hazard: 0, Weather: 0, Cleric: 0, Screen: 0, Pass: 0",None
swimmer_m_tyson_0374_Dugtrio,swimmer_m_tyson_0374,DUGTRIO,None,0,0,0.0,0,0.0,0,0.0,0.0,0,0,2,0,100.0,2,None,None,0,,0,"Damage: 0, Status: 0, Hazard: 0, Weather: 0, Cleric: 0, Screen: 0, Pass: 0",None
swimmer_m_tyson_0374_Octillery,swimmer_m_tyson_0374,OCTILLERY,"Aurora Beam: 418 (26.1%), Signal Beam: 405 (25.3%), Octazooka: 399 (24.9%), Wring Out: 378 (23.6%)",433,336,1.29,37,1.4,0,4.47,2.13,97,96,88,130,4.51,571,"Exeggcute: 15, Skiploom: 13, Parasect: 12","Quagsire: 13, Vileplume: 11, Victreebel: 10",59,57.41,0,"Damage: 37, Status: 7, Hazard: 0, Weather: 0, Cleric: 0, Screen: 0, Pass: 0",None
swimmer_m_tyson_0374_Quagsire,swimmer_m_tyson_0374,QUAGSIRE,"Surf: 2207 (31.4%), Amnesia: 1733 (24.7%), Yawn: 1561 (22.2%), Earthquake: 1520 (21.6%)",1756,528,3.33,280,3.86,2,6.34,2.92,193,151,258,0,4.12,1265,"Magikarp: 58, Koffing: 38, Seaking: 37","Seaking: 14, Victreebel: 13, Noctowl: 13",268,80.47,0,"Damage: 220, Status: 157, Hazard: 0, Weather: 0, Cleric: 0, Screen: 0, Pass: 0",None
teacher_clarice_0564_Dugtrio,teacher_clarice_0564,DUGTRIO,None,0,0,0.0,0,0.0,0,0.0,0.0,0,0,2,0,100.0,2,None,None,0,,0,"Damage: 0, Status: 0, Hazard: 0, Weather: 0, Cleric: 0, Screen: 0, Pass: 0",None
teacher_clarice_0564_Roselia,teacher_clarice_0564,ROSELIA,"Petal Dance: 1790 (78.3%), Ingrain: 217 (9.5%), Toxic: 158 (6.9%), Synthesis: 120 (5.3%)",884,517,1.71,66,1.84,0,4.25,1.8,112,46,121,0,7.77,930,"Graveler: 35, Seaking: 32, Seadra: 28","Magmar: 19, Rapidash: 17, Butterfree: 13",124,58.33,0,"Damage: 64, Status: 43, Hazard: 0, Weather: 0, Cleric: 0, Screen: 0, Pass: 0",None
teacher_clarice_0564_Zigzagoon,teacher_clarice_0564,ZIGZAGOON,"Iron Tail: 2729 (74.1%), Belly Drum: 650 (17.6%), Flail: 262 (7.1%), Return: 42 (1.1%)",949,856,1.11,379,1.55,34,3.45,1.68,141,745,134,354,-11.9,1294,"Magikarp: 55, Geodude: 30, Bellsprout: 29","Graveler: 24, Seaking: 20, Seadra: 20",136,48.61,0,"Damage: 379, Status: 0, Hazard: 0, Weather: 0, Cleric: 0, Screen: 0, Pass: 0",None
teacher_colette_0038_Clefairy,teacher_colette_0038,CLEFAIRY,"Meteor Mash: 4119 (45.9%), Light Screen: 1807 (20.1%), Gravity: 1515 (16.9%), Moonlight: 1496 (16.7%), Struggle: 33 (0.4%)",1315,746,1.76,35,1.81,0,8.08,5.2,213,299,164,748,0.77,1253,"Magikarp: 56, Pikachu: 50, Butterfree: 41","Seaking: 26, Graveler: 20, Sandslash: 17",166,59.94,0,"Damage: 35, Status: 0, Hazard: 0, Weather: 0, Cleric: 0, Screen: 0, Pass: 0",None
teacher_hillary_0382_Aipom,teacher_hillary_0382,AIPOM,"Swift: 1233 (51.9%), Screech: 422 (17.8%), Agility: 421 (17.7%), Fury Swipes: 298 (12.6%)",212,773,0.27,23,0.3,0,4.14,1.88,111,123,102,0,3.63,879,"Magnemite: 9, Koffing: 8, Magmar: 6","Seaking: 24, Butterfree: 22, Seadra: 18",19,26.0,0,"Damage: 23, Status: 0, Hazard: 0, Weather: 0, Cleric: 0, Screen: 0, Pass: 0",None
teacher_hillary_0382_Dugtrio,teacher_hillary_0382,DUGTRIO,None,0,0,0.0,0,0.0,0,0.0,0.0,0,0,2,0,100.0,2,None,None,0,,0,"Damage: 0, Status: 0, Hazard: 0, Weather: 0, Cleric: 0, Screen: 0, Pass: 0",None
teacher_hillary_0382_Quagsire,teacher_hillary_0382,QUAGSIRE,None,0,0,0.0,0,0.0,0,0.0,0.0,0,0,0,0,0.0,2,None,None,0,,0,"Damage: 0, Status: 0, Hazard: 0, Weather: 0, Cleric: 0, Screen: 0, Pass: 0",None
teacher_hillary_0382_Sunkern,teacher_hillary_0382,SUNKERN,"Razor Leaf: 1485 (41.6%), Giga Drain: 841 (23.5%), Sunny Day: 639 (17.9%), Synthesis: 601 (16.8%), Struggle: 7 (0.2%)",848,862,0.98,143,1.15,1,3.85,2.29,208,141,156,0,5.98,1201,"Magikarp: 55, Goldeen: 33, Geodude: 33","Seaking: 26, Magmar: 18, Butterfree: 18",116,43.38,0,"Damage: 142, Status: 0, Hazard: 0, Weather: 2, Cleric: 0, Screen: 0, Pass: 0",None
teacher_hillary_0637_Aipom,teacher_hillary_0637,AIPOM,"Fury Swipes: 7 (63.6%), Agility: 2 (18.2%), Screech: 2 (18.2%)",0,2,0.0,0,0.0,0,6.5,0.0,1,3,0,0,-18.18,2,None,None,0,,0,"Damage: 0, Status: 0, Hazard: 0, Weather: 0, Cleric: 0, Screen: 0, Pass: 0",None
teacher_hillary_0637_Ambipom,teacher_hillary_0637,AMBIPOM,"Double Hit: 3433 (58.4%), Nasty Plot: 2246 (38.2%), Last Resort: 92 (1.6%), Fling: 92 (1.6%), Struggle: 15 (0.3%)",1221,750,1.63,414,2.18,60,5.08,2.41,200,381,175,0,-0.1,1290,"Magikarp: 56, Voltorb: 36, Bellsprout: 31","Rapidash: 18, Seaking: 18, Graveler: 16",178,62.27,0,"Damage: 414, Status: 0, Hazard: 0, Weather: 0, Cleric: 0, Screen: 0, Pass: 0",None
teacher_hillary_0637_Dugtrio,teacher_hillary_0637,DUGTRIO,None,0,0,0.0,0,0.0,0,0.0,0.0,0,0,3,0,100.0,2,None,None,0,,0,"Damage: 0, Status: 0, Hazard: 0, Weather: 0, Cleric: 0, Screen: 0, Pass: 0",None
teacher_hillary_0637_Quagsire,teacher_hillary_0637,QUAGSIRE,None,0,0,0.0,0,0.0,0,0.0,0.0,0,0,0,0,0.0,1,None,None,0,,0,"Damage: 0, Status: 0, Hazard: 0, Weather: 0, Cleric: 0, Screen: 0, Pass: 0",None
teacher_hillary_0637_Sunflora,teacher_hillary_0637,SUNFLORA,"Petal Dance: 796 (45.2%), Leaf Storm: 554 (31.5%), Sunny Day: 270 (15.3%), Solar Beam: 140 (8.0%)",751,449,1.67,20,1.72,0,3.83,1.99,69,86,105,0,4.72,840,"Seaking: 29, Quagsire: 28, Seadra: 27","Magmar: 17, Butterfree: 14, Rapidash: 13",104,76.0,0,"Damage: 20, Status: 0, Hazard: 0, Weather: 1, Cleric: 0, Screen: 0, Pass: 0",None
teacher_hillary_0637_Sunkern,teacher_hillary_0637,SUNKERN,None,0,2,0.0,0,0.0,0,1.0,0.0,0,0,0,0,0.0,2,None,None,0,100.0,0,"Damage: 0, Status: 0, Hazard: 0, Weather: 0, Cleric: 0, Screen: 0, Pass: 0",None
teacher_hillary_0638_Aipom,teacher_hillary_0638,AIPOM,None,0,2,0.0,0,0.0,0,2.0,0.0,0,0,0,0,0.0,2,None,None,0,,0,"Damage: 0, Status: 0, Hazard: 0, Weather: 0, Cleric: 0, Screen: 0, Pass: 0",None
teacher_hillary_0638_Ambipom,teacher_hillary_0638,AMBIPOM,"Double Hit: 3536 (61.0%), Nasty Plot: 2039 (35.2%), Last Resort: 108 (1.9%), Fling: 99 (1.7%), Struggle: 10 (0.2%)",1421,560,2.54,342,3.15,59,5.24,2.39,170,399,154,0,-1.26,1211,"Magikarp: 57, Butterfree: 43, Pikachu: 30","Graveler: 18, Machoke: 15, Koffing: 14",207,72.29,0,"Damage: 342, Status: 0, Hazard: 0, Weather: 0, Cleric: 0, Screen: 0, Pass: 0",None
teacher_hillary_0638_Dugtrio,teacher_hillary_0638,DUGTRIO,None,0,0,0.0,0,0.0,0,0.0,0.0,0,0,4,0,100.0,4,None,None,0,,0,"Damage: 0, Status: 0, Hazard: 0, Weather: 0, Cleric: 0, Screen: 0, Pass: 0",None
teacher_hillary_0638_Sunflora,teacher_hillary_0638,SUNFLORA,"Petal Dance: 703 (52.3%), Leaf Storm: 378 (28.1%), Sunny Day: 181 (13.5%), Solar Beam: 82 (6.1%)",672,299,2.25,20,2.31,0,3.66,1.83,80,48,70,0,7.21,652,"Seaking: 27, Graveler: 24, Quagsire: 24","Magmar: 20, Pidgeot: 10, Tentacruel: 9",85,90.0,1,"Damage: 20, Status: 0, Hazard: 0, Weather: 0, Cleric: 0, Screen: 0, Pass: 0",None
teacher_hillary_0638_Sunkern,teacher_hillary_0638,SUNKERN,None,0,2,0.0,0,0.0,0,1.0,0.0,0,0,0,0,0.0,2,None,None,0,100.0,0,"Damage: 0, Status: 0, Hazard: 0, Weather: 0, Cleric: 0, Screen: 0, Pass: 0",None
teacher_hillary_0639_Aipom,teacher_hillary_0639,AIPOM,None,0,2,0.0,0,0.0,0,2.0,0.0,0,0,0,0,0.0,2,None,None,0,,0,"Damage: 0, Status: 0, Hazard: 0, Weather: 0, Cleric: 0, Screen: 0, Pass: 0",None
teacher_hillary_0639_Ambipom,teacher_hillary_0639,AMBIPOM,"Double Hit: 3625 (62.9%), Nasty Plot: 1981 (34.4%), Last Resort: 78 (1.4%), Fling: 71 (1.2%), Struggle: 6 (0.1%)",1639,493,3.32,316,3.97,71,5.12,2.28,212,432,156,0,-1.08,1240,"Magikarp: 58, Butterfree: 41, Voltorb: 38","Weezing: 15, Graveler: 14, Sandslash: 14",248,80.05,0,"Damage: 316, Status: 0, Hazard: 0, Weather: 0, Cleric: 0, Screen: 0, Pass: 0",None
teacher_hillary_0639_Dugtrio,teacher_hillary_0639,DUGTRIO,None,0,0,0.0,0,0.0,0,0.0,0.0,0,0,1,0,100.0,1,None,None,0,,0,"Damage: 0, Status: 0, Hazard: 0, Weather: 0, Cleric: 0, Screen: 0, Pass: 0",None
teacher_hillary_0639_Sunflora,teacher_hillary_0639,SUNFLORA,"Petal Dance: 687 (55.2%), Leaf Storm: 362 (29.1%), Sunny Day: 147 (11.8%), Solar Beam: 48 (3.9%)",641,251,2.55,12,2.6,0,3.69,1.92,63,63,72,0,5.47,595,"Quagsire: 30, Graveler: 23, Sandslash: 22","Golem: 16, Magmar: 15, Golbat: 13",86,83.93,2,"Damage: 12, Status: 0, Hazard: 0, Weather: 0, Cleric: 0, Screen: 0, Pass: 0",None
teacher_hillary_0639_Sunkern,teacher_hillary_0639,SUNKERN,None,0,2,0.0,0,0.0,0,1.0,0.0,0,0,0,0,0.0,2,None,None,0,100.0,0,"Damage: 0, Status: 0, Hazard: 0, Weather: 0, Cleric: 0, Screen: 0, Pass: 0",None
teacher_shirley_0427_Chatot,teacher_shirley_0427,CHATOT,"Uproar: 3006 (58.9%), Mimic: 835 (16.4%), Feather Dance: 804 (15.8%), Roost: 445 (8.7%), Struggle: 14 (0.3%)",1390,697,1.99,212,2.3,0,5.0,2.28,182,44,197,3,6.31,1251,"Magikarp: 57, Goldeen: 34, Geodude: 34","Graveler: 25, Seaking: 20, Beedrill: 17",208,66.59,0,"Damage: 211, Status: 2, Hazard: 0, Weather: 0, Cleric: 0, Screen: 1, Pass: 0","Agility: 42 (9.0%), Curse: 30 (6.4%), Rollout: 19 (4.1%), Double Team: 15 (3.2%), Protect: 13 (2.8%), Slash: 12 (2.6%), Amnesia: 12 (2.6%), Rest: 11 (2.3%), Meditate: 11 (2.3%), Take Down: 11 (2.3%), Charge: 10 (2.1%), Sucker Punch: 10 (2.1%), Yawn: 10 (2.1%), Faint Attack: 10 (2.1%), Disable: 10 (2.1%), Captivate: 9 (1.9%), Swift: 9 (1.9%), Wish: 9 (1.9%), Air Cutter: 8 (1.7%), Feint: 7 (1.5%), Assurance: 7 (1.5%), Stun Spore: 7 (1.5%), Zen Headbutt: 6 (1.3%), Confusion: 6 (1.3%), Flail: 6 (1.3%), Mega Drain: 6 (1.3%), Mirror Move: 6 (1.3%), Harden: 6 (1.3%), Present: 6 (1.3%), Screech: 5 (1.1%), Mean Look: 5 (1.1%), Thrash: 5 (1.1%), Cotton Spore: 5 (1.1%), Gust: 5 (1.1%), Lock On: 5 (1.1%), Future Sight: 5 (1.1%), Iron Defense: 5 (1.1%), Teeter Dance: 5 (1.1%), Silver Wind: 5 (1.1%), Tackle: 5 (1.1%), Aqua Ring: 4 (0.9%), Nasty Plot: 4 (0.9%), Body Slam: 4 (0.9%), Dragon Dance: 3 (0.6%), Swords Dance: 3 (0.6%), Light Screen: 3 (0.6%), Psychic: 3 (0.6%), Growth: 3 (0.6%), Sweet Scent: 3 (0.6%), Bug Buzz: 3 (0.6%), Toxic Spikes: 3 (0.6%), Aerial Ace: 3 (0.6%), Dragon Rage: 2 (0.4%), Reflect: 2 (0.4%), Horn Attack: 2 (0.4%), Air Slash: 2 (0.4%), Mind Reader: 2 (0.4%), Focus Energy: 2 (0.4%), Confuse Ray: 2 (0.4%), Quick Attack: 2 (0.4%), Wake Up Slap: 2 (0.4%), Magical Leaf: 2 (0.4%), Lucky Chant: 2 (0.4%), Sonic Boom: 2 (0.4%), Crush Claw: 1 (0.2%), Dragon Breath: 1 (0.2%), Double Edge: 1 (0.2%), Stockpile: 1 (0.2%), Charge Beam: 1 (0.2%), Flamethrower: 1 (0.2%), Crunch: 1 (0.2%), Rain Dance: 1 (0.2%), Revenge: 1 (0.2%), Spark: 1 (0.2%), Water Gun: 1 (0.2%), Bullet Seed: 1 (0.2%), Psybeam: 1 (0.2%), Acupressure: 1 (0.2%), Rage: 1 (0.2%), Supersonic: 1 (0.2%), Aqua Jet: 1 (0.2%), Stomp: 1 (0.2%), Follow Me: 1 (0.2%), Slam: 1 (0.2%), Gravity: 1 (0.2%), Petal Dance: 1 (0.2%), Worry Seed: 1 (0.2%), Swagger: 1 (0.2%), Night Slash: 1 (0.2%), Peck: 1 (0.2%), Gastro Acid: 1 (0.2%)"
teacher_shirley_0427_Dugtrio,teacher_shirley_0427,DUGTRIO,None,0,0,0.0,0,0.0,0,0.0,0.0,0,0,2,0,100.0,2,None,None,0,,0,"Damage: 0, Status: 0, Hazard: 0, Weather: 0, Cleric: 0, Screen: 0, Pass: 0",None
teacher_shirley_0427_Jigglypuff,teacher_shirley_0427,JIGGLYPUFF,"Body Slam: 751 (63.2%), Mimic: 284 (23.9%), Wake Up Slap: 142 (11.9%), Gyro Ball: 12 (1.0%)",271,585,0.46,34,0.52,0,3.58,1.65,53,37,73,145,6.8,729,"Butterfree: 19, Seaking: 16, Beedrill: 13","Rapidash: 15, Seadra: 14, Magmar: 13",25,40.38,0,"Damage: 34, Status: 8, Hazard: 0, Weather: 0, Cleric: 0, Screen: 0, Pass: 0","Agility: 14 (15.4%), Spite: 7 (7.7%), Scary Face: 6 (6.6%), Curse: 5 (5.5%), Mean Look: 4 (4.4%), Slash: 3 (3.3%), Thunder: 3 (3.3%), Rock Polish: 3 (3.3%), Sand Attack: 2 (2.2%), Aqua Ring: 2 (2.2%), Double Edge: 2 (2.2%), Psybeam: 2 (2.2%), Endeavor: 2 (2.2%), Rest: 2 (2.2%), Skull Bash: 2 (2.2%), Fly: 2 (2.2%), Lock On: 2 (2.2%), Dive: 2 (2.2%), Screech: 2 (2.2%), Rock Slide: 2 (2.2%), Supersonic: 2 (2.2%), Protect: 1 (1.1%), Sweet Kiss: 1 (1.1%), Worry Seed: 1 (1.1%), Assurance: 1 (1.1%), Cross Chop: 1 (1.1%), Aqua Jet: 1 (1.1%), Air Slash: 1 (1.1%), Poison Jab: 1 (1.1%), Payback: 1 (1.1%), Magnet Rise: 1 (1.1%), Amnesia: 1 (1.1%), Super Fang: 1 (1.1%), Skill Swap: 1 (1.1%), Disable: 1 (1.1%), Quick Attack: 1 (1.1%), Hypnosis: 1 (1.1%), Safeguard: 1 (1.1%), Iron Tail: 1 (1.1%), Wring Out: 1 (1.1%), Sucker Punch: 1 (1.1%)"
teacher_shirley_0427_Quagsire,teacher_shirley_0427,QUAGSIRE,None,0,0,0.0,0,0.0,0,0.0,0.0,0,0,0,0,0.0,3,None,None,0,,0,"Damage: 0, Status: 0, Hazard: 0, Weather: 0, Cleric: 0, Screen: 0, Pass: 0",None
twins_amy_mimi_0010_Bellossom,twins_amy_mimi_0010,BELLOSSOM,None,0,0,0.0,0,0.0,0,0.0,0.0,0,0,0,0,0.0,2,None,None,0,,0,"Damage: 0, Status: 0, Hazard: 0, Weather: 0, Cleric: 0, Screen: 0, Pass: 0",None
twins_amy_mimi_0010_Charmeleon,twins_amy_mimi_0010,CHARMELEON,None,0,0,0.0,0,0.0,0,0.0,0.0,0,0,0,0,0.0,1,None,None,0,,0,"Damage: 0, Status: 0, Hazard: 0, Weather: 0, Cleric: 0, Screen: 0, Pass: 0",None
twins_amy_mimi_0010_Dugtrio,twins_amy_mimi_0010,DUGTRIO,None,0,0,0.0,0,0.0,0,0.0,0.0,0,0,1,0,100.0,1,None,None,0,,0,"Damage: 0, Status: 0, Hazard: 0, Weather: 0, Cleric: 0, Screen: 0, Pass: 0",None
twins_amy_mimi_0010_Flareon,twins_amy_mimi_0010,FLAREON,None,0,0,0.0,0,0.0,0,0.0,0.0,0,0,0,0,0.0,2,None,None,0,,0,"Damage: 0, Status: 0, Hazard: 0, Weather: 0, Cleric: 0, Screen: 0, Pass: 0",None
twins_amy_mimi_0010_Geodude,twins_amy_mimi_0010,GEODUDE,None,0,0,0.0,0,0.0,0,0.0,0.0,0,0,0,0,0.0,4,None,None,0,,0,"Damage: 0, Status: 0, Hazard: 0, Weather: 0, Cleric: 0, Screen: 0, Pass: 0",None
twins_amy_mimi_0010_Golem,twins_amy_mimi_0010,GOLEM,None,0,0,0.0,0,0.0,0,0.0,0.0,0,0,0,0,0.0,1,None,None,0,,0,"Damage: 0, Status: 0, Hazard: 0, Weather: 0, Cleric: 0, Screen: 0, Pass: 0",None
twins_amy_mimi_0010_Graveler,twins_amy_mimi_0010,GRAVELER,None,0,0,0.0,0,0.0,0,0.0,0.0,0,0,0,0,0.0,5,None,None,0,,0,"Damage: 0, Status: 0, Hazard: 0, Weather: 0, Cleric: 0, Screen: 0, Pass: 0",None
twins_amy_mimi_0010_Koffing,twins_amy_mimi_0010,KOFFING,None,0,0,0.0,0,0.0,0,0.0,0.0,0,0,0,0,0.0,1,None,None,0,,0,"Damage: 0, Status: 0, Hazard: 0, Weather: 0, Cleric: 0, Screen: 0, Pass: 0",None
twins_amy_mimi_0010_Ledyba,twins_amy_mimi_0010,LEDYBA,"Tackle: 679 (38.5%), Comet Punch: 615 (34.9%), Supersonic: 470 (26.6%)",58,1051,0.06,96,0.15,0,2.83,1.39,106,374,127,0,-7.46,1130,"Bellsprout: 9, Caterpie: 5, Magikarp: 5","Graveler: 30, Magmar: 19, Geodude: 18",7,7.07,0,"Damage: 92, Status: 37, Hazard: 0, Weather: 0, Cleric: 0, Screen: 0, Pass: 0",None
twins_amy_mimi_0010_Machop,twins_amy_mimi_0010,MACHOP,None,0,0,0.0,0,0.0,0,0.0,0.0,0,0,0,0,0.0,3,None,None,0,,0,"Damage: 0, Status: 0, Hazard: 0, Weather: 0, Cleric: 0, Screen: 0, Pass: 0",None
twins_amy_mimi_0010_Magmar,twins_amy_mimi_0010,MAGMAR,None,0,0,0.0,0,0.0,0,0.0,0.0,0,0,0,0,0.0,4,None,None,0,,0,"Damage: 0, Status: 0, Hazard: 0, Weather: 0, Cleric: 0, Screen: 0, Pass: 0",None
twins_amy_mimi_0010_Magnemite,twins_amy_mimi_0010,MAGNEMITE,None,0,0,0.0,0,0.0,0,0.0,0.0,0,0,0,0,0.0,1,None,None,0,,0,"Damage: 0, Status: 0, Hazard: 0, Weather: 0, Cleric: 0, Screen: 0, Pass: 0",None
twins_amy_mimi_0010_Onix,twins_amy_mimi_0010,ONIX,None,0,0,0.0,0,0.0,0,0.0,0.0,0,0,0,0,0.0,3,None,None,0,,0,"Damage: 0, Status: 0, Hazard: 0, Weather: 0, Cleric: 0, Screen: 0, Pass: 0",None
twins_amy_mimi_0010_Primeape,twins_amy_mimi_0010,PRIMEAPE,None,0,0,0.0,0,0.0,0,0.0,0.0,0,0,0,0,0.0,2,None,None,0,,0,"Damage: 0, Status: 0, Hazard: 0, Weather: 0, Cleric: 0, Screen: 0, Pass: 0",None
twins_amy_mimi_0010_Quagsire,twins_amy_mimi_0010,QUAGSIRE,None,0,0,0.0,0,0.0,0,0.0,0.0,0,0,0,0,0.0,4,None,None,0,,0,"Damage: 0, Status: 0, Hazard: 0, Weather: 0, Cleric: 0, Screen: 0, Pass: 0",None
twins_amy_mimi_0010_Rapidash,twins_amy_mimi_0010,RAPIDASH,None,0,0,0.0,0,0.0,0,0.0,0.0,0,0,0,0,0.0,2,None,None,0,,0,"Damage: 0, Status: 0, Hazard: 0, Weather: 0, Cleric: 0, Screen: 0, Pass: 0",None
twins_amy_mimi_0010_Rhydon,twins_amy_mimi_0010,RHYDON,None,0,0,0.0,0,0.0,0,0.0,0.0,0,0,0,0,0.0,2,None,None,0,,0,"Damage: 0, Status: 0, Hazard: 0, Weather: 0, Cleric: 0, Screen: 0, Pass: 0",None
twins_amy_mimi_0010_Sandslash,twins_amy_mimi_0010,SANDSLASH,None,0,0,0.0,0,0.0,0,0.0,0.0,0,0,0,0,0.0,6,None,None,0,,0,"Damage: 0, Status: 0, Hazard: 0, Weather: 0, Cleric: 0, Screen: 0, Pass: 0",None
twins_amy_mimi_0010_Spinarak,twins_amy_mimi_0010,SPINARAK,"Poison Sting: 880 (43.1%), Constrict: 530 (25.9%), String Shot: 328 (16.0%), Scary Face: 306 (15.0%)",60,1090,0.06,118,0.16,0,2.77,1.61,82,101,139,309,6.39,1148,"Bellsprout: 17, Rattata: 6, Caterpie: 5","Butterfree: 24, Graveler: 24, Magmar: 20",8,8.04,0,"Damage: 118, Status: 72, Hazard: 0, Weather: 0, Cleric: 0, Screen: 0, Pass: 0",None
twins_amy_mimi_0010_Steelix,twins_amy_mimi_0010,STEELIX,None,0,0,0.0,0,0.0,0,0.0,0.0,0,0,0,0,0.0,2,None,None,0,,0,"Damage: 0, Status: 0, Hazard: 0, Weather: 0, Cleric: 0, Screen: 0, Pass: 0",None
twins_amy_mimi_0010_Voltorb,twins_amy_mimi_0010,VOLTORB,None,0,0,0.0,0,0.0,0,0.0,0.0,0,0,0,0,0.0,1,None,None,0,,0,"Damage: 0, Status: 0, Hazard: 0, Weather: 0, Cleric: 0, Screen: 0, Pass: 0",None
twins_amy_mimi_0387_Bellossom,twins_amy_mimi_0387,BELLOSSOM,None,0,0,0.0,0,0.0,0,0.0,0.0,0,0,0,0,0.0,2,None,None,0,,0,"Damage: 0, Status: 0, Hazard: 0, Weather: 0, Cleric: 0, Screen: 0, Pass: 0",None
twins_amy_mimi_0387_Bronzor,twins_amy_mimi_0387,BRONZOR,None,0,0,0.0,0,0.0,0,0.0,0.0,0,0,0,0,0.0,1,None,None,0,,0,"Damage: 0, Status: 0, Hazard: 0, Weather: 0, Cleric: 0, Screen: 0, Pass: 0",None
twins_amy_mimi_0387_Charmeleon,twins_amy_mimi_0387,CHARMELEON,None,0,0,0.0,0,0.0,0,0.0,0.0,0,0,0,0,0.0,2,None,None,0,,0,"Damage: 0, Status: 0, Hazard: 0, Weather: 0, Cleric: 0, Screen: 0, Pass: 0",None
twins_amy_mimi_0387_Dugtrio,twins_amy_mimi_0387,DUGTRIO,None,0,0,0.0,0,0.0,0,0.0,0.0,0,0,2,0,100.0,2,None,None,0,,0,"Damage: 0, Status: 0, Hazard: 0, Weather: 0, Cleric: 0, Screen: 0, Pass: 0",None
twins_amy_mimi_0387_Geodude,twins_amy_mimi_0387,GEODUDE,None,0,0,0.0,0,0.0,0,0.0,0.0,0,0,0,0,0.0,2,None,None,0,,0,"Damage: 0, Status: 0, Hazard: 0, Weather: 0, Cleric: 0, Screen: 0, Pass: 0",None
twins_amy_mimi_0387_Graveler,twins_amy_mimi_0387,GRAVELER,None,0,0,0.0,0,0.0,0,0.0,0.0,0,0,0,0,0.0,8,None,None,0,,0,"Damage: 0, Status: 0, Hazard: 0, Weather: 0, Cleric: 0, Screen: 0, Pass: 0",None
twins_amy_mimi_0387_Gulpin,twins_amy_mimi_0387,GULPIN,None,0,0,0.0,0,0.0,0,0.0,0.0,0,0,0,0,0.0,1,None,None,0,,0,"Damage: 0, Status: 0, Hazard: 0, Weather: 0, Cleric: 0, Screen: 0, Pass: 0",None
twins_amy_mimi_0387_Koffing,twins_amy_mimi_0387,KOFFING,None,0,0,0.0,0,0.0,0,0.0,0.0,0,0,0,0,0.0,2,None,None,0,,0,"Damage: 0, Status: 0, Hazard: 0, Weather: 0, Cleric: 0, Screen: 0, Pass: 0",None
twins_amy_mimi_0387_Ledyba,twins_amy_mimi_0387,LEDYBA,"Tackle: 779 (42.5%), Comet Punch: 623 (34.0%), Supersonic: 431 (23.5%)",62,1072,0.06,92,0.14,4,2.72,1.43,117,369,115,0,-7.03,1128,"Bellsprout: 15, Caterpie: 6, Geodude: 4","Graveler: 30, Magmar: 22, Growlithe: 16",7,7.89,0,"Damage: 89, Status: 45, Hazard: 0, Weather: 0, Cleric: 0, Screen: 0, Pass: 0",None
twins_amy_mimi_0387_Machoke,twins_amy_mimi_0387,MACHOKE,None,0,0,0.0,0,0.0,0,0.0,0.0,0,0,0,0,0.0,4,None,None,0,,0,"Damage: 0, Status: 0, Hazard: 0, Weather: 0, Cleric: 0, Screen: 0, Pass: 0",None
twins_amy_mimi_0387_Machop,twins_amy_mimi_0387,MACHOP,None,0,0,0.0,0,0.0,0,0.0,0.0,0,0,0,0,0.0,5,None,None,0,,0,"Damage: 0, Status: 0, Hazard: 0, Weather: 0, Cleric: 0, Screen: 0, Pass: 0",None
twins_amy_mimi_0387_Magmar,twins_amy_mimi_0387,MAGMAR,None,0,0,0.0,0,0.0,0,0.0,0.0,0,0,0,0,0.0,2,None,None,0,,0,"Damage: 0, Status: 0, Hazard: 0, Weather: 0, Cleric: 0, Screen: 0, Pass: 0",None
twins_amy_mimi_0387_Onix,twins_amy_mimi_0387,ONIX,None,0,0,0.0,0,0.0,0,0.0,0.0,0,0,0,0,0.0,3,None,None,0,,0,"Damage: 0, Status: 0, Hazard: 0, Weather: 0, Cleric: 0, Screen: 0, Pass: 0",None
twins_amy_mimi_0387_Primeape,twins_amy_mimi_0387,PRIMEAPE,None,0,0,0.0,0,0.0,0,0.0,0.0,0,0,0,0,0.0,2,None,None,0,,0,"Damage: 0, Status: 0, Hazard: 0, Weather: 0, Cleric: 0, Screen: 0, Pass: 0",None
twins_amy_mimi_0387_Quagsire,twins_amy_mimi_0387,QUAGSIRE,None,0,0,0.0,0,0.0,0,0.0,0.0,0,0,0,0,0.0,4,None,None,0,,0,"Damage: 0, Status: 0, Hazard: 0, Weather: 0, Cleric: 0, Screen: 0, Pass: 0",None
twins_amy_mimi_0387_Rapidash,twins_amy_mimi_0387,RAPIDASH,None,0,0,0.0,0,0.0,0,0.0,0.0,0,0,0,0,0.0,2,None,None,0,,0,"Damage: 0, Status: 0, Hazard: 0, Weather: 0, Cleric: 0, Screen: 0, Pass: 0",None
twins_amy_mimi_0387_Rhydon,twins_amy_mimi_0387,RHYDON,None,0,0,0.0,0,0.0,0,0.0,0.0,0,0,0,0,0.0,2,None,None,0,,0,"Damage: 0, Status: 0, Hazard: 0, Weather: 0, Cleric: 0, Screen: 0, Pass: 0",None
twins_amy_mimi_0387_Sandslash,twins_amy_mimi_0387,SANDSLASH,None,0,0,0.0,0,0.0,0,0.0,0.0,0,0,0,0,0.0,5,None,None,0,,0,"Damage: 0, Status: 0, Hazard: 0, Weather: 0, Cleric: 0, Screen: 0, Pass: 0",None
twins_amy_mimi_0387_Spinarak,twins_amy_mimi_0387,SPINARAK,"Poison Sting: 785 (47.9%), Constrict: 384 (23.4%), String Shot: 242 (14.8%), Scary Face: 228 (13.9%)",46,1064,0.04,81,0.12,0,2.75,1.5,76,76,111,262,7.37,1104,"Bellsprout: 10, Pidgey: 7, Magikarp: 5","Graveler: 30, Magmar: 20, Seaking: 20",6,7.61,1,"Damage: 81, Status: 51, Hazard: 0, Weather: 0, Cleric: 0, Screen: 0, Pass: 0",None
twins_amy_mimi_0387_Steelix,twins_amy_mimi_0387,STEELIX,None,0,0,0.0,0,0.0,0,0.0,0.0,0,0,0,0,0.0,1,None,None,0,,0,"Damage: 0, Status: 0, Hazard: 0, Weather: 0, Cleric: 0, Screen: 0, Pass: 0",None
twins_clea_gil_0502_Charmeleon,twins_clea_gil_0502,CHARMELEON,None,0,0,0.0,0,0.0,0,0.0,0.0,0,0,0,0,0.0,1,None,None,0,,0,"Damage: 0, Status: 0, Hazard: 0, Weather: 0, Cleric: 0, Screen: 0, Pass: 0",None
twins_clea_gil_0502_Dratini,twins_clea_gil_0502,DRATINI,"Headbutt: 1507 (31.4%), Twister: 1320 (27.5%), Thunderbolt: 1219 (25.4%), Thunder Wave: 606 (12.6%), Surf: 143 (3.0%)",1178,1468,0.8,54,0.84,0,3.33,2.75,291,51,236,417,9.48,1216,"Magikarp: 56, Goldeen: 32, Geodude: 31","Graveler: 56, Seaking: 36, Butterfree: 36",168,26.88,0,"Damage: 54, Status: 7, Hazard: 0, Weather: 0, Cleric: 0, Screen: 0, Pass: 0",None
twins_clea_gil_0502_Dugtrio,twins_clea_gil_0502,DUGTRIO,None,0,0,0.0,0,0.0,0,0.0,0.0,0,0,2,0,100.0,2,None,None,0,,0,"Damage: 0, Status: 0, Hazard: 0, Weather: 0, Cleric: 0, Screen: 0, Pass: 0",None
twins_clea_gil_0502_Electrode,twins_clea_gil_0502,ELECTRODE,None,0,0,0.0,0,0.0,0,0.0,0.0,0,0,0,0,0.0,1,None,None,0,,0,"Damage: 0, Status: 0, Hazard: 0, Weather: 0, Cleric: 0, Screen: 0, Pass: 0",None
twins_clea_gil_0502_Golem,twins_clea_gil_0502,GOLEM,None,0,0,0.0,0,0.0,0,0.0,0.0,0,0,0,0,0.0,1,None,None,0,,0,"Damage: 0, Status: 0, Hazard: 0, Weather: 0, Cleric: 0, Screen: 0, Pass: 0",None
twins_clea_gil_0502_Graveler,twins_clea_gil_0502,GRAVELER,None,0,0,0.0,0,0.0,0,0.0,0.0,0,0,0,0,0.0,6,None,None,0,,0,"Damage: 0, Status: 0, Hazard: 0, Weather: 0, Cleric: 0, Screen: 0, Pass: 0",None
twins_clea_gil_0502_Gulpin,twins_clea_gil_0502,GULPIN,None,0,0,0.0,0,0.0,0,0.0,0.0,0,0,0,0,0.0,1,None,None,0,,0,"Damage: 0, Status: 0, Hazard: 0, Weather: 0, Cleric: 0, Screen: 0, Pass: 0",None
twins_clea_gil_0502_Koffing,twins_clea_gil_0502,KOFFING,None,0,0,0.0,0,0.0,0,0.0,0.0,0,0,0,0,0.0,2,None,None,0,,0,"Damage: 0, Status: 0, Hazard: 0, Weather: 0, Cleric: 0, Screen: 0, Pass: 0",None
twins_clea_gil_0502_Machoke,twins_clea_gil_0502,MACHOKE,None,0,0,0.0,0,0.0,0,0.0,0.0,0,0,0,0,0.0,2,None,None,0,,0,"Damage: 0, Status: 0, Hazard: 0, Weather: 0, Cleric: 0, Screen: 0, Pass: 0",None
twins_clea_gil_0502_Magmar,twins_clea_gil_0502,MAGMAR,None,0,0,0.0,0,0.0,0,0.0,0.0,0,0,0,0,0.0,4,None,None,0,,0,"Damage: 0, Status: 0, Hazard: 0, Weather: 0, Cleric: 0, Screen: 0, Pass: 0",None
twins_clea_gil_0502_Magnemite,twins_clea_gil_0502,MAGNEMITE,None,0,0,0.0,0,0.0,0,0.0,0.0,0,0,0,0,0.0,1,None,None,0,,0,"Damage: 0, Status: 0, Hazard: 0, Weather: 0, Cleric: 0, Screen: 0, Pass: 0",None
twins_clea_gil_0502_Onix,twins_clea_gil_0502,ONIX,None,0,0,0.0,0,0.0,0,0.0,0.0,0,0,0,0,0.0,2,None,None,0,,0,"Damage: 0, Status: 0, Hazard: 0, Weather: 0, Cleric: 0, Screen: 0, Pass: 0",None
twins_clea_gil_0502_Primeape,twins_clea_gil_0502,PRIMEAPE,None,0,0,0.0,0,0.0,0,0.0,0.0,0,0,0,0,0.0,2,None,None,0,,0,"Damage: 0, Status: 0, Hazard: 0, Weather: 0, Cleric: 0, Screen: 0, Pass: 0",None
twins_clea_gil_0502_Quagsire,twins_clea_gil_0502,QUAGSIRE,None,0,0,0.0,0,0.0,0,0.0,0.0,0,0,0,0,0.0,2,None,None,0,,0,"Damage: 0, Status: 0, Hazard: 0, Weather: 0, Cleric: 0, Screen: 0, Pass: 0",None
twins_clea_gil_0502_Rapidash,twins_clea_gil_0502,RAPIDASH,None,0,0,0.0,0,0.0,0,0.0,0.0,0,0,0,0,0.0,1,None,None,0,,0,"Damage: 0, Status: 0, Hazard: 0, Weather: 0, Cleric: 0, Screen: 0, Pass: 0",None
twins_clea_gil_0502_Rhydon,twins_clea_gil_0502,RHYDON,None,0,0,0.0,0,0.0,0,0.0,0.0,0,0,0,0,0.0,2,None,None,0,,0,"Damage: 0, Status: 0, Hazard: 0, Weather: 0, Cleric: 0, Screen: 0, Pass: 0",None
twins_clea_gil_0502_Sandslash,twins_clea_gil_0502,SANDSLASH,None,0,0,0.0,0,0.0,0,0.0,0.0,0,0,0,0,0.0,6,None,None,0,,0,"Damage: 0, Status: 0, Hazard: 0, Weather: 0, Cleric: 0, Screen: 0, Pass: 0",None
twins_clea_gil_0502_Steelix,twins_clea_gil_0502,STEELIX,None,0,0,0.0,0,0.0,0,0.0,0.0,0,0,0,0,0.0,4,None,None,0,,0,"Damage: 0, Status: 0, Hazard: 0, Weather: 0, Cleric: 0, Screen: 0, Pass: 0",None
twins_clea_gil_0502_Voltorb,twins_clea_gil_0502,VOLTORB,None,0,0,0.0,0,0.0,0,0.0,0.0,0,0,0,0,0.0,1,None,None,0,,0,"Damage: 0, Status: 0, Hazard: 0, Weather: 0, Cleric: 0, Screen: 0, Pass: 0",None
twins_dara_dia_0385_Bellossom,twins_dara_dia_0385,BELLOSSOM,None,0,0,0.0,0,0.0,0,0.0,0.0,0,0,0,0,0.0,2,None,None,0,,0,"Damage: 0, Status: 0, Hazard: 0, Weather: 0, Cleric: 0, Screen: 0, Pass: 0",None
twins_dara_dia_0385_Dugtrio,twins_dara_dia_0385,DUGTRIO,None,0,0,0.0,0,0.0,0,0.0,0.0,0,0,2,0,100.0,2,None,None,0,,0,"Damage: 0, Status: 0, Hazard: 0, Weather: 0, Cleric: 0, Screen: 0, Pass: 0",None
twins_dara_dia_0385_Geodude,twins_dara_dia_0385,GEODUDE,None,0,0,0.0,0,0.0,0,0.0,0.0,0,0,0,0,0.0,2,None,None,0,,0,"Damage: 0, Status: 0, Hazard: 0, Weather: 0, Cleric: 0, Screen: 0, Pass: 0",None
twins_dara_dia_0385_Graveler,twins_dara_dia_0385,GRAVELER,None,0,0,0.0,0,0.0,0,0.0,0.0,0,0,0,0,0.0,8,None,None,0,,0,"Damage: 0, Status: 0, Hazard: 0, Weather: 0, Cleric: 0, Screen: 0, Pass: 0",None
twins_dara_dia_0385_Koffing,twins_dara_dia_0385,KOFFING,None,0,0,0.0,0,0.0,0,0.0,0.0,0,0,0,0,0.0,1,None,None,0,,0,"Damage: 0, Status: 0, Hazard: 0, Weather: 0, Cleric: 0, Screen: 0, Pass: 0",None
twins_dara_dia_0385_Machoke,twins_dara_dia_0385,MACHOKE,None,0,0,0.0,0,0.0,0,0.0,0.0,0,0,0,0,0.0,2,None,None,0,,0,"Damage: 0, Status: 0, Hazard: 0, Weather: 0, Cleric: 0, Screen: 0, Pass: 0",None
twins_dara_dia_0385_Machop,twins_dara_dia_0385,MACHOP,None,0,0,0.0,0,0.0,0,0.0,0.0,0,0,0,0,0.0,8,None,None,0,,0,"Damage: 0, Status: 0, Hazard: 0, Weather: 0, Cleric: 0, Screen: 0, Pass: 0",None
twins_dara_dia_0385_Magmar,twins_dara_dia_0385,MAGMAR,None,0,0,0.0,0,0.0,0,0.0,0.0,0,0,0,0,0.0,4,None,None,0,,0,"Damage: 0, Status: 0, Hazard: 0, Weather: 0, Cleric: 0, Screen: 0, Pass: 0",None
twins_dara_dia_0385_Mareep,twins_dara_dia_0385,MAREEP,"Thunder Shock: 1035 (44.7%), Tackle: 608 (26.2%), Growl: 488 (21.1%), Thunder Wave: 187 (8.1%)",258,1023,0.25,114,0.36,0,2.96,1.7,103,156,111,67,2.02,1163,"Magikarp: 53, Bellsprout: 23, Slowpoke: 12","Graveler: 27, Magmar: 24, Poliwhirl: 24",35,18.14,0,"Damage: 105, Status: 65, Hazard: 0, Weather: 0, Cleric: 0, Screen: 0, Pass: 0",None
twins_dara_dia_0385_Marill,twins_dara_dia_0385,MARILL,"Rollout: 1014 (47.4%), Water Gun: 486 (22.7%), Tail Whip: 331 (15.5%), Defense Curl: 307 (14.4%)",170,978,0.17,101,0.28,0,3.08,1.77,77,148,88,0,0.76,1117,"Geodude: 22, Growlithe: 11, Pidgey: 9","Graveler: 27, Butterfree: 23, Koffing: 21",20,17.69,0,"Damage: 101, Status: 0, Hazard: 0, Weather: 0, Cleric: 0, Screen: 0, Pass: 0",None
twins_dara_dia_0385_Onix,twins_dara_dia_0385,ONIX,None,0,0,0.0,0,0.0,0,0.0,0.0,0,0,0,0,0.0,3,None,None,0,,0,"Damage: 0, Status: 0, Hazard: 0, Weather: 0, Cleric: 0, Screen: 0, Pass: 0",None
twins_dara_dia_0385_Primeape,twins_dara_dia_0385,PRIMEAPE,None,0,0,0.0,0,0.0,0,0.0,0.0,0,0,0,0,0.0,2,None,None,0,,0,"Damage: 0, Status: 0, Hazard: 0, Weather: 0, Cleric: 0, Screen: 0, Pass: 0",None
twins_dara_dia_0385_Quagsire,twins_dara_dia_0385,QUAGSIRE,None,0,0,0.0,0,0.0,0,0.0,0.0,0,0,0,0,0.0,4,None,None,0,,0,"Damage: 0, Status: 0, Hazard: 0, Weather: 0, Cleric: 0, Screen: 0, Pass: 0",None
twins_dara_dia_0385_Rapidash,twins_dara_dia_0385,RAPIDASH,None,0,0,0.0,0,0.0,0,0.0,0.0,0,0,0,0,0.0,2,None,None,0,,0,"Damage: 0, Status: 0, Hazard: 0, Weather: 0, Cleric: 0, Screen: 0, Pass: 0",None
twins_dara_dia_0385_Rhydon,twins_dara_dia_0385,RHYDON,None,0,0,0.0,0,0.0,0,0.0,0.0,0,0,0,0,0.0,1,None,None,0,,0,"Damage: 0, Status: 0, Hazard: 0, Weather: 0, Cleric: 0, Screen: 0, Pass: 0",None
twins_dara_dia_0385_Sandslash,twins_dara_dia_0385,SANDSLASH,None,0,0,0.0,0,0.0,0,0.0,0.0,0,0,0,0,0.0,5,None,None,0,,0,"Damage: 0, Status: 0, Hazard: 0, Weather: 0, Cleric: 0, Screen: 0, Pass: 0",None
twins_dara_dia_0385_Steelix,twins_dara_dia_0385,STEELIX,None,0,0,0.0,0,0.0,0,0.0,0.0,0,0,0,0,0.0,4,None,None,0,,0,"Damage: 0, Status: 0, Hazard: 0, Weather: 0, Cleric: 0, Screen: 0, Pass: 0",None
twins_dara_dia_0385_Wigglytuff,twins_dara_dia_0385,WIGGLYTUFF,None,0,0,0.0,0,0.0,0,0.0,0.0,0,0,0,0,0.0,1,None,None,0,,0,"Damage: 0, Status: 0, Hazard: 0, Weather: 0, Cleric: 0, Screen: 0, Pass: 0",None
twins_day_dani_0598_Dugtrio,twins_day_dani_0598,DUGTRIO,None,0,0,0.0,0,0.0,0,0.0,0.0,0,0,4,0,100.0,2,None,None,0,,0,"Damage: 0, Status: 0, Hazard: 0, Weather: 0, Cleric: 0, Screen: 0, Pass: 0",None
twins_day_dani_0598_Exeggcute,twins_day_dani_0598,EXEGGCUTE,None,0,0,0.0,0,0.0,0,0.0,0.0,0,0,0,0,0.0,1,None,None,0,,0,"Damage: 0, Status: 0, Hazard: 0, Weather: 0, Cleric: 0, Screen: 0, Pass: 0",None
twins_day_dani_0598_Flareon,twins_day_dani_0598,FLAREON,None,0,0,0.0,0,0.0,0,0.0,0.0,0,0,0,0,0.0,2,None,None,0,,0,"Damage: 0, Status: 0, Hazard: 0, Weather: 0, Cleric: 0, Screen: 0, Pass: 0",None
twins_day_dani_0598_Geodude,twins_day_dani_0598,GEODUDE,None,0,0,0.0,0,0.0,0,0.0,0.0,0,0,0,0,0.0,2,None,None,0,,0,"Damage: 0, Status: 0, Hazard: 0, Weather: 0, Cleric: 0, Screen: 0, Pass: 0",None
twins_day_dani_0598_Graveler,twins_day_dani_0598,GRAVELER,None,0,0,0.0,0,0.0,0,0.0,0.0,0,0,0,0,0.0,6,None,None,0,,0,"Damage: 0, Status: 0, Hazard: 0, Weather: 0, Cleric: 0, Screen: 0, Pass: 0",None
twins_day_dani_0598_Koffing,twins_day_dani_0598,KOFFING,None,0,0,0.0,0,0.0,0,0.0,0.0,0,0,0,0,0.0,1,None,None,0,,0,"Damage: 0, Status: 0, Hazard: 0, Weather: 0, Cleric: 0, Screen: 0, Pass: 0",None
twins_day_dani_0598_Magmar,twins_day_dani_0598,MAGMAR,None,0,0,0.0,0,0.0,0,0.0,0.0,0,0,0,0,0.0,3,None,None,0,,0,"Damage: 0, Status: 0, Hazard: 0, Weather: 0, Cleric: 0, Screen: 0, Pass: 0",None
twins_day_dani_0598_Magnemite,twins_day_dani_0598,MAGNEMITE,None,0,0,0.0,0,0.0,0,0.0,0.0,0,0,0,0,0.0,2,None,None,0,,0,"Damage: 0, Status: 0, Hazard: 0, Weather: 0, Cleric: 0, Screen: 0, Pass: 0",None
twins_day_dani_0598_Magneton,twins_day_dani_0598,MAGNETON,None,0,0,0.0,0,0.0,0,0.0,0.0,0,0,0,0,0.0,2,None,None,0,,0,"Damage: 0, Status: 0, Hazard: 0, Weather: 0, Cleric: 0, Screen: 0, Pass: 0",None
twins_day_dani_0598_Minun,twins_day_dani_0598,MINUN,"Thunder: 1148 (41.9%), Fake Tears: 541 (19.8%), Charge: 539 (19.7%), Swift: 510 (18.6%)",759,471,1.61,167,1.97,0,3.14,1.45,80,331,131,0,-4.18,1137,"Magikarp: 26, Butterfree: 23, Seaking: 20","Graveler: 23, Beedrill: 16, Quagsire: 13",101,83.18,0,"Damage: 167, Status: 0, Hazard: 0, Weather: 0, Cleric: 0, Screen: 0, Pass: 0",None
twins_day_dani_0598_Onix,twins_day_dani_0598,ONIX,None,0,0,0.0,0,0.0,0,0.0,0.0,0,0,0,0,0.0,3,None,None,0,,0,"Damage: 0, Status: 0, Hazard: 0, Weather: 0, Cleric: 0, Screen: 0, Pass: 0",None
twins_day_dani_0598_Plusle,twins_day_dani_0598,PLUSLE,"Thunder: 1858 (52.8%), Swift: 728 (20.7%), Charge: 574 (16.3%), Copycat: 358 (10.2%)",1312,551,2.38,291,2.91,2,2.9,1.31,130,570,141,16,-8.16,1335,"Magikarp: 32, Seaking: 29, Voltorb: 27","Graveler: 30, Azumarill: 17, Magmar: 16",222,73.48,0,"Damage: 288, Status: 9, Hazard: 0, Weather: 0, Cleric: 0, Screen: 0, Pass: 0",None
twins_day_dani_0598_Primeape,twins_day_dani_0598,PRIMEAPE,None,0,0,0.0,0,0.0,0,0.0,0.0,0,0,0,0,0.0,2,None,None,0,,0,"Damage: 0, Status: 0, Hazard: 0, Weather: 0, Cleric: 0, Screen: 0, Pass: 0",None
twins_day_dani_0598_Quagsire,twins_day_dani_0598,QUAGSIRE,None,0,0,0.0,0,0.0,0,0.0,0.0,0,0,0,0,0.0,2,None,None,0,,0,"Damage: 0, Status: 0, Hazard: 0, Weather: 0, Cleric: 0, Screen: 0, Pass: 0",None
twins_day_dani_0598_Rhydon,twins_day_dani_0598,RHYDON,None,0,0,0.0,0,0.0,0,0.0,0.0,0,0,0,0,0.0,2,None,None,0,,0,"Damage: 0, Status: 0, Hazard: 0, Weather: 0, Cleric: 0, Screen: 0, Pass: 0",None
twins_day_dani_0598_Sandslash,twins_day_dani_0598,SANDSLASH,None,0,0,0.0,0,0.0,0,0.0,0.0,0,0,0,0,0.0,7,None,None,0,,0,"Damage: 0, Status: 0, Hazard: 0, Weather: 0, Cleric: 0, Screen: 0, Pass: 0",None
twins_day_dani_0598_Slowking,twins_day_dani_0598,SLOWKING,None,0,0,0.0,0,0.0,0,0.0,0.0,0,0,0,0,0.0,1,None,None,0,,0,"Damage: 0, Status: 0, Hazard: 0, Weather: 0, Cleric: 0, Screen: 0, Pass: 0",None
twins_day_dani_0598_Steelix,twins_day_dani_0598,STEELIX,None,0,0,0.0,0,0.0,0,0.0,0.0,0,0,0,0,0.0,4,None,None,0,,0,"Damage: 0, Status: 0, Hazard: 0, Weather: 0, Cleric: 0, Screen: 0, Pass: 0",None
twins_day_dani_0598_Vileplume,twins_day_dani_0598,VILEPLUME,None,0,0,0.0,0,0.0,0,0.0,0.0,0,0,0,0,0.0,1,None,None,0,,0,"Damage: 0, Status: 0, Hazard: 0, Weather: 0, Cleric: 0, Screen: 0, Pass: 0",None
twins_day_dani_0598_Voltorb,twins_day_dani_0598,VOLTORB,None,0,0,0.0,0,0.0,0,0.0,0.0,0,0,0,0,0.0,3,None,None,0,,0,"Damage: 0, Status: 0, Hazard: 0, Weather: 0, Cleric: 0, Screen: 0, Pass: 0",None
twins_jo_zoe_0326_Charmeleon,twins_jo_zoe_0326,CHARMELEON,None,0,0,0.0,0,0.0,0,0.0,0.0,0,0,0,0,0.0,2,None,None,0,,0,"Damage: 0, Status: 0, Hazard: 0, Weather: 0, Cleric: 0, Screen: 0, Pass: 0",None
twins_jo_zoe_0326_Dugtrio,twins_jo_zoe_0326,DUGTRIO,None,0,0,0.0,0,0.0,0,0.0,0.0,0,0,2,0,100.0,2,None,None,0,,0,"Damage: 0, Status: 0, Hazard: 0, Weather: 0, Cleric: 0, Screen: 0, Pass: 0",None
twins_jo_zoe_0326_Golduck,twins_jo_zoe_0326,GOLDUCK,None,0,0,0.0,0,0.0,0,0.0,0.0,0,0,0,0,0.0,1,None,None,0,,0,"Damage: 0, Status: 0, Hazard: 0, Weather: 0, Cleric: 0, Screen: 0, Pass: 0",None
twins_jo_zoe_0326_Gulpin,twins_jo_zoe_0326,GULPIN,None,0,0,0.0,0,0.0,0,0.0,0.0,0,0,0,0,0.0,1,None,None,0,,0,"Damage: 0, Status: 0, Hazard: 0, Weather: 0, Cleric: 0, Screen: 0, Pass: 0",None
twins_jo_zoe_0326_Koffing,twins_jo_zoe_0326,KOFFING,None,0,0,0.0,0,0.0,0,0.0,0.0,0,0,0,0,0.0,1,None,None,0,,0,"Damage: 0, Status: 0, Hazard: 0, Weather: 0, Cleric: 0, Screen: 0, Pass: 0",None
twins_jo_zoe_0326_Machoke,twins_jo_zoe_0326,MACHOKE,None,0,0,0.0,0,0.0,0,0.0,0.0,0,0,0,0,0.0,1,None,None,0,,0,"Damage: 0, Status: 0, Hazard: 0, Weather: 0, Cleric: 0, Screen: 0, Pass: 0",None
twins_jo_zoe_0326_Magmar,twins_jo_zoe_0326,MAGMAR,None,0,0,0.0,0,0.0,0,0.0,0.0,0,0,0,0,0.0,5,None,None,0,,0,"Damage: 0, Status: 0, Hazard: 0, Weather: 0, Cleric: 0, Screen: 0, Pass: 0",None
twins_jo_zoe_0326_Magneton,twins_jo_zoe_0326,MAGNETON,None,0,0,0.0,0,0.0,0,0.0,0.0,0,0,0,0,0.0,1,None,None,0,,0,"Damage: 0, Status: 0, Hazard: 0, Weather: 0, Cleric: 0, Screen: 0, Pass: 0",None
twins_jo_zoe_0326_Rapidash,twins_jo_zoe_0326,RAPIDASH,None,0,0,0.0,0,0.0,0,0.0,0.0,0,0,0,0,0.0,1,None,None,0,,0,"Damage: 0, Status: 0, Hazard: 0, Weather: 0, Cleric: 0, Screen: 0, Pass: 0",None
twins_jo_zoe_0326_Steelix,twins_jo_zoe_0326,STEELIX,None,0,0,0.0,0,0.0,0,0.0,0.0,0,0,0,0,0.0,1,None,None,0,,0,"Damage: 0, Status: 0, Hazard: 0, Weather: 0, Cleric: 0, Screen: 0, Pass: 0",None
twins_jo_zoe_0326_Victreebel,twins_jo_zoe_0326,VICTREEBEL,"Sludge Bomb: 1485 (44.3%), Giga Drain: 970 (28.9%), Protect: 560 (16.7%), Sleep Powder: 336 (10.0%)",1464,267,5.48,291,6.57,6,3.02,1.0,152,118,72,165,2.82,1194,"Butterfree: 40, Magikarp: 32, Seaking: 32","Weezing: 14, Flareon: 13, Rapidash: 13",231,86.41,0,"Damage: 261, Status: 103, Hazard: 0, Weather: 0, Cleric: 0, Screen: 0, Pass: 0",None
twins_jo_zoe_0326_Vileplume,twins_jo_zoe_0326,VILEPLUME,"Giga Drain: 1009 (42.1%), Drain Punch: 662 (27.6%), Stun Spore: 428 (17.8%), Attract: 299 (12.5%)",711,216,3.29,369,5.0,0,3.3,1.29,99,130,63,0,1.3,924,"Magnemite: 33, Magikarp: 26, Seaking: 23","Weezing: 13, Magmar: 12, Rapidash: 11",80,88.98,0,"Damage: 288, Status: 143, Hazard: 0, Weather: 0, Cleric: 0, Screen: 0, Pass: 0",None
twins_jo_zoe_0326_Voltorb,twins_jo_zoe_0326,VOLTORB,None,0,0,0.0,0,0.0,0,0.0,0.0,0,0,0,0,0.0,1,None,None,0,,0,"Damage: 0, Status: 0, Hazard: 0, Weather: 0, Cleric: 0, Screen: 0, Pass: 0",None
twins_jo_zoe_0416_Charmeleon,twins_jo_zoe_0416,CHARMELEON,None,0,0,0.0,0,0.0,0,0.0,0.0,0,0,0,0,0.0,1,None,None,0,,0,"Damage: 0, Status: 0, Hazard: 0, Weather: 0, Cleric: 0, Screen: 0, Pass: 0",None
twins_jo_zoe_0416_Dugtrio,twins_jo_zoe_0416,DUGTRIO,None,0,0,0.0,0,0.0,0,0.0,0.0,0,0,8,0,100.0,4,None,None,0,,0,"Damage: 0, Status: 0, Hazard: 0, Weather: 0, Cleric: 0, Screen: 0, Pass: 0",None
twins_jo_zoe_0416_Electrode,twins_jo_zoe_0416,ELECTRODE,None,0,0,0.0,0,0.0,0,0.0,0.0,0,0,0,0,0.0,2,None,None,0,,0,"Damage: 0, Status: 0, Hazard: 0, Weather: 0, Cleric: 0, Screen: 0, Pass: 0",None
twins_jo_zoe_0416_Golduck,twins_jo_zoe_0416,GOLDUCK,None,0,0,0.0,0,0.0,0,0.0,0.0,0,0,0,0,0.0,1,None,None,0,,0,"Damage: 0, Status: 0, Hazard: 0, Weather: 0, Cleric: 0, Screen: 0, Pass: 0",None
twins_jo_zoe_0416_Koffing,twins_jo_zoe_0416,KOFFING,None,0,0,0.0,0,0.0,0,0.0,0.0,0,0,0,0,0.0,3,None,None,0,,0,"Damage: 0, Status: 0, Hazard: 0, Weather: 0, Cleric: 0, Screen: 0, Pass: 0",None
twins_jo_zoe_0416_Magmar,twins_jo_zoe_0416,MAGMAR,None,0,0,0.0,0,0.0,0,0.0,0.0,0,0,0,0,0.0,4,None,None,0,,0,"Damage: 0, Status: 0, Hazard: 0, Weather: 0, Cleric: 0, Screen: 0, Pass: 0",None
twins_jo_zoe_0416_Magneton,twins_jo_zoe_0416,MAGNETON,None,0,0,0.0,0,0.0,0,0.0,0.0,0,0,0,0,0.0,2,None,None,0,,0,"Damage: 0, Status: 0, Hazard: 0, Weather: 0, Cleric: 0, Screen: 0, Pass: 0",None
twins_jo_zoe_0416_Primeape,twins_jo_zoe_0416,PRIMEAPE,None,0,0,0.0,0,0.0,0,0.0,0.0,0,0,0,0,0.0,1,None,None,0,,0,"Damage: 0, Status: 0, Hazard: 0, Weather: 0, Cleric: 0, Screen: 0, Pass: 0",None
twins_jo_zoe_0416_Steelix,twins_jo_zoe_0416,STEELIX,None,0,0,0.0,0,0.0,0,0.0,0.0,0,0,0,0,0.0,5,None,None,0,,0,"Damage: 0, Status: 0, Hazard: 0, Weather: 0, Cleric: 0, Screen: 0, Pass: 0",None
twins_jo_zoe_0416_Victreebel,twins_jo_zoe_0416,VICTREEBEL,"Sludge Bomb: 1373 (47.6%), Giga Drain: 874 (30.3%), Protect: 437 (15.2%), Sleep Powder: 198 (6.9%)",1064,428,2.49,287,3.16,0,3.26,1.26,152,61,70,215,5.35,1042,"Graveler: 33, Magikarp: 33, Koffing: 32","Butterfree: 20, Magmar: 17, Growlithe: 14",183,73.88,0,"Damage: 259, Status: 90, Hazard: 0, Weather: 0, Cleric: 0, Screen: 0, Pass: 0",None
twins_jo_zoe_0416_Vileplume,twins_jo_zoe_0416,VILEPLUME,"Giga Drain: 1450 (39.8%), Drain Punch: 1090 (29.9%), Stun Spore: 669 (18.4%), Attract: 432 (11.9%), Struggle: 2 (0.1%)",834,500,1.67,435,2.54,3,3.54,1.7,176,179,119,0,3.08,1260,"Magnemite: 40, Seaking: 27, Magikarp: 25","Magmar: 19, Fearow: 14, Rapidash: 13",92,71.19,0,"Damage: 366, Status: 175, Hazard: 0, Weather: 0, Cleric: 0, Screen: 0, Pass: 0",None
twins_jo_zoe_0416_Voltorb,twins_jo_zoe_0416,VOLTORB,None,0,0,0.0,0,0.0,0,0.0,0.0,0,0,0,0,0.0,1,None,None,0,,0,"Damage: 0, Status: 0, Hazard: 0, Weather: 0, Cleric: 0, Screen: 0, Pass: 0",None
twins_kay_tia_0569_Aipom,twins_kay_tia_0569,AIPOM,None,0,0,0.0,0,0.0,0,0.0,0.0,0,0,0,0,0.0,1,None,None,0,,0,"Damage: 0, Status: 0, Hazard: 0, Weather: 0, Cleric: 0, Screen: 0, Pass: 0",None
twins_kay_tia_0569_Kadabra,twins_kay_tia_0569,KADABRA,None,0,0,0.0,0,0.0,0,0.0,0.0,0,0,0,0,0.0,1,None,None,0,,0,"Damage: 0, Status: 0, Hazard: 0, Weather: 0, Cleric: 0, Screen: 0, Pass: 0",None
twins_kay_tia_0569_Octillery,twins_kay_tia_0569,OCTILLERY,None,0,0,0.0,0,0.0,0,0.0,0.0,0,0,0,0,0.0,1,None,None,0,,0,"Damage: 0, Status: 0, Hazard: 0, Weather: 0, Cleric: 0, Screen: 0, Pass: 0",None
twins_kay_tia_0569_Pidgeot,twins_kay_tia_0569,PIDGEOT,None,0,0,0.0,0,0.0,0,0.0,0.0,0,0,0,0,0.0,1,None,None,0,,0,"Damage: 0, Status: 0, Hazard: 0, Weather: 0, Cleric: 0, Screen: 0, Pass: 0",None
twins_kay_tia_0569_Pikachu,twins_kay_tia_0569,PIKACHU,None,0,0,0.0,0,0.0,0,0.0,0.0,0,0,1,0,100.0,1,None,None,0,,0,"Damage: 0, Status: 0, Hazard: 0, Weather: 0, Cleric: 0, Screen: 0, Pass: 0",None
twins_kay_tia_0569_Quagsire,twins_kay_tia_0569,QUAGSIRE,"Yawn: 7247 (47.7%), Amnesia: 2765 (18.2%), Surf: 2639 (17.4%), Rain Dance: 2534 (16.7%), Struggle: 20 (0.1%)",1809,1391,1.3,6,1.3,1,7.94,7.61,258,131,502,0,4.0,1271,"Quagsire: 245, Magikarp: 58, Voltorb: 51","Quagsire: 265, Seaking: 27, Butterfree: 26",232,30.46,0,"Damage: 6, Status: 4, Hazard: 0, Weather: 0, Cleric: 0, Screen: 0, Pass: 0",None
twins_kay_tia_0569_Raticate,twins_kay_tia_0569,RATICATE,None,0,0,0.0,0,0.0,0,0.0,0.0,0,0,0,0,0.0,1,None,None,0,,0,"Damage: 0, Status: 0, Hazard: 0, Weather: 0, Cleric: 0, Screen: 0, Pass: 0",None
twins_kay_tia_0643_Aipom,twins_kay_tia_0643,AIPOM,None,0,0,0.0,0,0.0,0,0.0,0.0,0,0,0,0,0.0,2,None,None,0,,0,"Damage: 0, Status: 0, Hazard: 0, Weather: 0, Cleric: 0, Screen: 0, Pass: 0",None
twins_kay_tia_0643_Kadabra,twins_kay_tia_0643,KADABRA,None,0,0,0.0,0,0.0,0,0.0,0.0,0,0,0,0,0.0,1,None,None,0,,0,"Damage: 0, Status: 0, Hazard: 0, Weather: 0, Cleric: 0, Screen: 0, Pass: 0",None
twins_kay_tia_0643_Lickilicky,twins_kay_tia_0643,LICKILICKY,None,0,0,0.0,0,0.0,0,0.0,0.0,0,0,0,0,0.0,1,None,None,0,,0,"Damage: 0, Status: 0, Hazard: 0, Weather: 0, Cleric: 0, Screen: 0, Pass: 0",None
twins_kay_tia_0643_Octillery,twins_kay_tia_0643,OCTILLERY,None,0,0,0.0,0,0.0,0,0.0,0.0,0,0,0,0,0.0,2,None,None,0,,0,"Damage: 0, Status: 0, Hazard: 0, Weather: 0, Cleric: 0, Screen: 0, Pass: 0",None
twins_kay_tia_0643_Parasect,twins_kay_tia_0643,PARASECT,None,0,0,0.0,0,0.0,0,0.0,0.0,0,0,0,0,0.0,1,None,None,0,,0,"Damage: 0, Status: 0, Hazard: 0, Weather: 0, Cleric: 0, Screen: 0, Pass: 0",None
twins_kay_tia_0643_Quagsire,twins_kay_tia_0643,QUAGSIRE,"Rain Dance: 1665 (23.4%), Earthquake: 1625 (22.8%), Amnesia: 1537 (21.6%), Yawn: 1398 (19.6%), Surf: 895 (12.6%)",2352,887,2.65,10,2.66,0,3.76,5.06,292,54,218,0,6.21,1231,"Quagsire: 282, Magikarp: 58, Seaking: 57","Quagsire: 277, Butterfree: 30, Victreebel: 23",321,43.56,0,"Damage: 10, Status: 3, Hazard: 0, Weather: 0, Cleric: 0, Screen: 0, Pass: 0",None
twins_kay_tia_0643_Raticate,twins_kay_tia_0643,RATICATE,None,0,0,0.0,0,0.0,0,0.0,0.0,0,0,0,0,0.0,1,None,None,0,,0,"Damage: 0, Status: 0, Hazard: 0, Weather: 0, Cleric: 0, Screen: 0, Pass: 0",None
twins_kay_tia_0643_Sandslash,twins_kay_tia_0643,SANDSLASH,None,0,0,0.0,0,0.0,0,0.0,0.0,0,0,0,0,0.0,1,None,None,0,,0,"Damage: 0, Status: 0, Hazard: 0, Weather: 0, Cleric: 0, Screen: 0, Pass: 0",None
twins_kay_tia_0643_Tangrowth,twins_kay_tia_0643,TANGROWTH,None,0,0,0.0,0,0.0,0,0.0,0.0,0,0,0,0,0.0,2,None,None,0,,0,"Damage: 0, Status: 0, Hazard: 0, Weather: 0, Cleric: 0, Screen: 0, Pass: 0",None
twins_kay_tia_0644_Aipom,twins_kay_tia_0644,AIPOM,None,0,0,0.0,0,0.0,0,0.0,0.0,0,0,0,0,0.0,1,None,None,0,,0,"Damage: 0, Status: 0, Hazard: 0, Weather: 0, Cleric: 0, Screen: 0, Pass: 0",None
twins_kay_tia_0644_Octillery,twins_kay_tia_0644,OCTILLERY,None,0,0,0.0,0,0.0,0,0.0,0.0,0,0,0,0,0.0,1,None,None,0,,0,"Damage: 0, Status: 0, Hazard: 0, Weather: 0, Cleric: 0, Screen: 0, Pass: 0",None
twins_kay_tia_0644_Quagsire,twins_kay_tia_0644,QUAGSIRE,"Muddy Water: 3166 (46.0%), Protect: 1496 (21.7%), Amnesia: 928 (13.5%), Rain Dance: 833 (12.1%), Surf: 241 (3.5%), Earthquake: 207 (3.0%), Yawn: 10 (0.1%)",2251,510,4.41,11,4.44,0,3.76,3.35,274,809,493,658,-0.35,1218,"Magikarp: 58, Seaking: 52, Graveler: 46","Seaking: 38, Sunflora: 26, Vileplume: 25",345,49.52,0,"Damage: 11, Status: 0, Hazard: 0, Weather: 0, Cleric: 0, Screen: 0, Pass: 0",None
twins_kay_tia_0644_Slowking,twins_kay_tia_0644,SLOWKING,None,0,0,0.0,0,0.0,0,0.0,0.0,0,0,0,0,0.0,1,None,None,0,,0,"Damage: 0, Status: 0, Hazard: 0, Weather: 0, Cleric: 0, Screen: 0, Pass: 0",None
twins_kay_tia_0644_Starmie,twins_kay_tia_0644,STARMIE,None,0,0,0.0,0,0.0,0,0.0,0.0,0,0,2,0,100.0,2,None,None,0,,0,"Damage: 0, Status: 0, Hazard: 0, Weather: 0, Cleric: 0, Screen: 0, Pass: 0",None
twins_kay_tia_0645_Lickilicky,twins_kay_tia_0645,LICKILICKY,None,0,0,0.0,0,0.0,0,0.0,0.0,0,0,1,0,100.0,1,None,None,0,,0,"Damage: 0, Status: 0, Hazard: 0, Weather: 0, Cleric: 0, Screen: 0, Pass: 0",None
twins_kay_tia_0645_Octillery,twins_kay_tia_0645,OCTILLERY,None,0,0,0.0,0,0.0,0,0.0,0.0,0,0,0,0,0.0,2,None,None,0,,0,"Damage: 0, Status: 0, Hazard: 0, Weather: 0, Cleric: 0, Screen: 0, Pass: 0",None
twins_kay_tia_0645_Parasect,twins_kay_tia_0645,PARASECT,None,0,0,0.0,0,0.0,0,0.0,0.0,0,0,0,0,0.0,1,None,None,0,,0,"Damage: 0, Status: 0, Hazard: 0, Weather: 0, Cleric: 0, Screen: 0, Pass: 0",None
twins_kay_tia_0645_Quagsire,twins_kay_tia_0645,QUAGSIRE,"Protect: 2626 (25.8%), Muddy Water: 2486 (24.4%), Amnesia: 1766 (17.4%), Yawn: 1583 (15.6%), Rain Dance: 821 (8.1%), Surf: 772 (7.6%), Earthquake: 114 (1.1%), Struggle: 6 (0.1%)",2179,563,3.87,15,3.9,1,5.95,4.05,256,665,479,518,0.88,1227,"Magikarp: 58, Butterfree: 50, Seaking: 44","Seaking: 26, Golduck: 24, Victreebel: 20",337,47.48,0,"Damage: 15, Status: 3, Hazard: 0, Weather: 0, Cleric: 0, Screen: 0, Pass: 0",None
twins_kay_tia_0645_Slowking,twins_kay_tia_0645,SLOWKING,None,0,0,0.0,0,0.0,0,0.0,0.0,0,0,0,0,0.0,1,None,None,0,,0,"Damage: 0, Status: 0, Hazard: 0, Weather: 0, Cleric: 0, Screen: 0, Pass: 0",None
twins_kay_tia_0645_Sudowoodo,twins_kay_tia_0645,SUDOWOODO,None,0,0,0.0,0,0.0,0,0.0,0.0,0,0,1,0,100.0,1,None,None,0,,0,"Damage: 0, Status: 0, Hazard: 0, Weather: 0, Cleric: 0, Screen: 0, Pass: 0",None
twins_meg_peg_0425_Charmeleon,twins_meg_peg_0425,CHARMELEON,None,0,0,0.0,0,0.0,0,0.0,0.0,0,0,0,0,0.0,1,None,None,0,,0,"Damage: 0, Status: 0, Hazard: 0, Weather: 0, Cleric: 0, Screen: 0, Pass: 0",None
twins_meg_peg_0425_Dugtrio,twins_meg_peg_0425,DUGTRIO,None,0,0,0.0,0,0.0,0,0.0,0.0,0,0,2,0,100.0,2,None,None,0,,0,"Damage: 0, Status: 0, Hazard: 0, Weather: 0, Cleric: 0, Screen: 0, Pass: 0",None
twins_meg_peg_0425_Electrode,twins_meg_peg_0425,ELECTRODE,None,0,0,0.0,0,0.0,0,0.0,0.0,0,0,0,0,0.0,1,None,None,0,,0,"Damage: 0, Status: 0, Hazard: 0, Weather: 0, Cleric: 0, Screen: 0, Pass: 0",None
twins_meg_peg_0425_Flareon,twins_meg_peg_0425,FLAREON,None,0,0,0.0,0,0.0,0,0.0,0.0,0,0,0,0,0.0,1,None,None,0,,0,"Damage: 0, Status: 0, Hazard: 0, Weather: 0, Cleric: 0, Screen: 0, Pass: 0",None
twins_meg_peg_0425_Geodude,twins_meg_peg_0425,GEODUDE,None,0,0,0.0,0,0.0,0,0.0,0.0,0,0,0,0,0.0,2,None,None,0,,0,"Damage: 0, Status: 0, Hazard: 0, Weather: 0, Cleric: 0, Screen: 0, Pass: 0",None
twins_meg_peg_0425_Golem,twins_meg_peg_0425,GOLEM,None,0,0,0.0,0,0.0,0,0.0,0.0,0,0,0,0,0.0,1,None,None,0,,0,"Damage: 0, Status: 0, Hazard: 0, Weather: 0, Cleric: 0, Screen: 0, Pass: 0",None
twins_meg_peg_0425_Graveler,twins_meg_peg_0425,GRAVELER,None,0,0,0.0,0,0.0,0,0.0,0.0,0,0,0,0,0.0,8,None,None,0,,0,"Damage: 0, Status: 0, Hazard: 0, Weather: 0, Cleric: 0, Screen: 0, Pass: 0",None
twins_meg_peg_0425_Koffing,twins_meg_peg_0425,KOFFING,None,0,0,0.0,0,0.0,0,0.0,0.0,0,0,0,0,0.0,1,None,None,0,,0,"Damage: 0, Status: 0, Hazard: 0, Weather: 0, Cleric: 0, Screen: 0, Pass: 0",None
twins_meg_peg_0425_Machoke,twins_meg_peg_0425,MACHOKE,None,0,0,0.0,0,0.0,0,0.0,0.0,0,0,0,0,0.0,6,None,None,0,,0,"Damage: 0, Status: 0, Hazard: 0, Weather: 0, Cleric: 0, Screen: 0, Pass: 0",None
twins_meg_peg_0425_Machop,twins_meg_peg_0425,MACHOP,None,0,0,0.0,0,0.0,0,0.0,0.0,0,0,0,0,0.0,1,None,None,0,,0,"Damage: 0, Status: 0, Hazard: 0, Weather: 0, Cleric: 0, Screen: 0, Pass: 0",None
twins_meg_peg_0425_Magmar,twins_meg_peg_0425,MAGMAR,None,0,0,0.0,0,0.0,0,0.0,0.0,0,0,0,0,0.0,5,None,None,0,,0,"Damage: 0, Status: 0, Hazard: 0, Weather: 0, Cleric: 0, Screen: 0, Pass: 0",None
twins_meg_peg_0425_Magnemite,twins_meg_peg_0425,MAGNEMITE,None,0,0,0.0,0,0.0,0,0.0,0.0,0,0,0,0,0.0,1,None,None,0,,0,"Damage: 0, Status: 0, Hazard: 0, Weather: 0, Cleric: 0, Screen: 0, Pass: 0",None
twins_meg_peg_0425_Onix,twins_meg_peg_0425,ONIX,None,0,0,0.0,0,0.0,0,0.0,0.0,0,0,0,0,0.0,6,None,None,0,,0,"Damage: 0, Status: 0, Hazard: 0, Weather: 0, Cleric: 0, Screen: 0, Pass: 0",None
twins_meg_peg_0425_Phanpy,twins_meg_peg_0425,PHANPY,"Endure: 1235 (39.8%), Slam: 890 (28.7%), Charm: 806 (26.0%), Last Resort: 174 (5.6%)",211,726,0.29,131,0.47,0,3.67,2.41,46,198,119,0,-1.02,1061,"Magikarp: 11, Magnemite: 9, Pikachu: 6","Graveler: 23, Seaking: 21, Seadra: 17",13,46.37,0,"Damage: 131, Status: 0, Hazard: 0, Weather: 0, Cleric: 0, Screen: 0, Pass: 0",None
twins_meg_peg_0425_Pikachu,twins_meg_peg_0425,PIKACHU,None,0,0,0.0,0,0.0,0,0.0,0.0,0,0,0,0,0.0,2,None,None,0,,0,"Damage: 0, Status: 0, Hazard: 0, Weather: 0, Cleric: 0, Screen: 0, Pass: 0",None
twins_meg_peg_0425_Primeape,twins_meg_peg_0425,PRIMEAPE,None,0,0,0.0,0,0.0,0,0.0,0.0,0,0,0,0,0.0,2,None,None,0,,0,"Damage: 0, Status: 0, Hazard: 0, Weather: 0, Cleric: 0, Screen: 0, Pass: 0",None
twins_meg_peg_0425_Quagsire,twins_meg_peg_0425,QUAGSIRE,None,0,0,0.0,0,0.0,0,0.0,0.0,0,0,0,0,0.0,4,None,None,0,,0,"Damage: 0, Status: 0, Hazard: 0, Weather: 0, Cleric: 0, Screen: 0, Pass: 0",None
twins_meg_peg_0425_Rapidash,twins_meg_peg_0425,RAPIDASH,None,0,0,0.0,0,0.0,0,0.0,0.0,0,0,0,0,0.0,3,None,None,0,,0,"Damage: 0, Status: 0, Hazard: 0, Weather: 0, Cleric: 0, Screen: 0, Pass: 0",None
twins_meg_peg_0425_Rhydon,twins_meg_peg_0425,RHYDON,None,0,0,0.0,0,0.0,0,0.0,0.0,0,0,0,0,0.0,2,None,None,0,,0,"Damage: 0, Status: 0, Hazard: 0, Weather: 0, Cleric: 0, Screen: 0, Pass: 0",None
twins_meg_peg_0425_Sandslash,twins_meg_peg_0425,SANDSLASH,None,0,0,0.0,0,0.0,0,0.0,0.0,0,0,0,0,0.0,6,None,None,0,,0,"Damage: 0, Status: 0, Hazard: 0, Weather: 0, Cleric: 0, Screen: 0, Pass: 0",None
twins_meg_peg_0425_Seadra,twins_meg_peg_0425,SEADRA,None,0,0,0.0,0,0.0,0,0.0,0.0,0,0,0,0,0.0,1,None,None,0,,0,"Damage: 0, Status: 0, Hazard: 0, Weather: 0, Cleric: 0, Screen: 0, Pass: 0",None
twins_meg_peg_0425_Steelix,twins_meg_peg_0425,STEELIX,None,0,0,0.0,0,0.0,0,0.0,0.0,0,0,0,0,0.0,4,None,None,0,,0,"Damage: 0, Status: 0, Hazard: 0, Weather: 0, Cleric: 0, Screen: 0, Pass: 0",None
twins_meg_peg_0425_Sudowoodo,twins_meg_peg_0425,SUDOWOODO,None,0,0,0.0,0,0.0,0,0.0,0.0,0,0,0,0,0.0,1,None,None,0,,0,"Damage: 0, Status: 0, Hazard: 0, Weather: 0, Cleric: 0, Screen: 0, Pass: 0",None
twins_meg_peg_0425_Teddiursa,twins_meg_peg_0425,TEDDIURSA,"Slash: 1641 (53.3%), Faint Attack: 616 (20.0%), Sweet Scent: 432 (14.0%), Charm: 392 (12.7%)",927,754,1.23,141,1.42,0,3.17,1.97,239,28,126,0,10.51,1227,"Magikarp: 46, Magnemite: 26, Bellsprout: 23","Graveler: 25, Seaking: 21, Butterfree: 20",140,49.22,0,"Damage: 141, Status: 0, Hazard: 0, Weather: 0, Cleric: 0, Screen: 0, Pass: 0",None
twins_meg_peg_0425_Vileplume,twins_meg_peg_0425,VILEPLUME,None,0,0,0.0,0,0.0,0,0.0,0.0,0,0,0,0,0.0,1,None,None,0,,0,"Damage: 0, Status: 0, Hazard: 0, Weather: 0, Cleric: 0, Screen: 0, Pass: 0",None
twins_meg_peg_0425_Voltorb,twins_meg_peg_0425,VOLTORB,None,0,0,0.0,0,0.0,0,0.0,0.0,0,0,0,0,0.0,1,None,None,0,,0,"Damage: 0, Status: 0, Hazard: 0, Weather: 0, Cleric: 0, Screen: 0, Pass: 0",None
twins_meg_peg_0426_Charmeleon,twins_meg_peg_0426,CHARMELEON,None,0,0,0.0,0,0.0,0,0.0,0.0,0,0,0,0,0.0,1,None,None,0,,0,"Damage: 0, Status: 0, Hazard: 0, Weather: 0, Cleric: 0, Screen: 0, Pass: 0",None
twins_meg_peg_0426_Dugtrio,twins_meg_peg_0426,DUGTRIO,None,0,0,0.0,0,0.0,0,0.0,0.0,0,0,2,0,100.0,2,None,None,0,,0,"Damage: 0, Status: 0, Hazard: 0, Weather: 0, Cleric: 0, Screen: 0, Pass: 0",None
twins_meg_peg_0426_Geodude,twins_meg_peg_0426,GEODUDE,None,0,0,0.0,0,0.0,0,0.0,0.0,0,0,0,0,0.0,6,None,None,0,,0,"Damage: 0, Status: 0, Hazard: 0, Weather: 0, Cleric: 0, Screen: 0, Pass: 0",None
twins_meg_peg_0426_Golem,twins_meg_peg_0426,GOLEM,None,0,0,0.0,0,0.0,0,0.0,0.0,0,0,0,0,0.0,1,None,None,0,,0,"Damage: 0, Status: 0, Hazard: 0, Weather: 0, Cleric: 0, Screen: 0, Pass: 0",None
twins_meg_peg_0426_Graveler,twins_meg_peg_0426,GRAVELER,None,0,0,0.0,0,0.0,0,0.0,0.0,0,0,0,0,0.0,8,None,None,0,,0,"Damage: 0, Status: 0, Hazard: 0, Weather: 0, Cleric: 0, Screen: 0, Pass: 0",None
twins_meg_peg_0426_Gulpin,twins_meg_peg_0426,GULPIN,None,0,0,0.0,0,0.0,0,0.0,0.0,0,0,0,0,0.0,1,None,None,0,,0,"Damage: 0, Status: 0, Hazard: 0, Weather: 0, Cleric: 0, Screen: 0, Pass: 0",None
twins_meg_peg_0426_Koffing,twins_meg_peg_0426,KOFFING,None,0,0,0.0,0,0.0,0,0.0,0.0,0,0,0,0,0.0,2,None,None,0,,0,"Damage: 0, Status: 0, Hazard: 0, Weather: 0, Cleric: 0, Screen: 0, Pass: 0",None
twins_meg_peg_0426_Machoke,twins_meg_peg_0426,MACHOKE,None,0,0,0.0,0,0.0,0,0.0,0.0,0,0,0,0,0.0,5,None,None,0,,0,"Damage: 0, Status: 0, Hazard: 0, Weather: 0, Cleric: 0, Screen: 0, Pass: 0",None
twins_meg_peg_0426_Machop,twins_meg_peg_0426,MACHOP,None,0,0,0.0,0,0.0,0,0.0,0.0,0,0,0,0,0.0,3,None,None,0,,0,"Damage: 0, Status: 0, Hazard: 0, Weather: 0, Cleric: 0, Screen: 0, Pass: 0",None
twins_meg_peg_0426_Magmar,twins_meg_peg_0426,MAGMAR,None,0,0,0.0,0,0.0,0,0.0,0.0,0,0,0,0,0.0,1,None,None,0,,0,"Damage: 0, Status: 0, Hazard: 0, Weather: 0, Cleric: 0, Screen: 0, Pass: 0",None
twins_meg_peg_0426_Magnemite,twins_meg_peg_0426,MAGNEMITE,None,0,0,0.0,0,0.0,0,0.0,0.0,0,0,0,0,0.0,2,None,None,0,,0,"Damage: 0, Status: 0, Hazard: 0, Weather: 0, Cleric: 0, Screen: 0, Pass: 0",None
twins_meg_peg_0426_Onix,twins_meg_peg_0426,ONIX,None,0,0,0.0,0,0.0,0,0.0,0.0,0,0,0,0,0.0,4,None,None,0,,0,"Damage: 0, Status: 0, Hazard: 0, Weather: 0, Cleric: 0, Screen: 0, Pass: 0",None
twins_meg_peg_0426_Phanpy,twins_meg_peg_0426,PHANPY,"Endure: 1604 (37.3%), Slam: 1223 (28.5%), Charm: 1165 (27.1%), Last Resort: 305 (7.1%)",323,797,0.41,180,0.63,8,4.09,2.54,85,326,187,0,-1.2,1238,"Magikarp: 17, Pikachu: 14, Magnemite: 8","Seaking: 25, Butterfree: 22, Golduck: 19",23,46.53,0,"Damage: 180, Status: 0, Hazard: 0, Weather: 0, Cleric: 0, Screen: 0, Pass: 0",None
twins_meg_peg_0426_Pikachu,twins_meg_peg_0426,PIKACHU,None,0,0,0.0,0,0.0,0,0.0,0.0,0,0,0,0,0.0,2,None,None,0,,0,"Damage: 0, Status: 0, Hazard: 0, Weather: 0, Cleric: 0, Screen: 0, Pass: 0",None
twins_meg_peg_0426_Primeape,twins_meg_peg_0426,PRIMEAPE,None,0,0,0.0,0,0.0,0,0.0,0.0,0,0,0,0,0.0,2,None,None,0,,0,"Damage: 0, Status: 0, Hazard: 0, Weather: 0, Cleric: 0, Screen: 0, Pass: 0",None
twins_meg_peg_0426_Quagsire,twins_meg_peg_0426,QUAGSIRE,None,0,0,0.0,0,0.0,0,0.0,0.0,0,0,0,0,0.0,3,None,None,0,,0,"Damage: 0, Status: 0, Hazard: 0, Weather: 0, Cleric: 0, Screen: 0, Pass: 0",None
twins_meg_peg_0426_Rhydon,twins_meg_peg_0426,RHYDON,None,0,0,0.0,0,0.0,0,0.0,0.0,0,0,0,0,0.0,2,None,None,0,,0,"Damage: 0, Status: 0, Hazard: 0, Weather: 0, Cleric: 0, Screen: 0, Pass: 0",None
twins_meg_peg_0426_Sandslash,twins_meg_peg_0426,SANDSLASH,None,0,0,0.0,0,0.0,0,0.0,0.0,0,0,0,0,0.0,8,None,None,0,,0,"Damage: 0, Status: 0, Hazard: 0, Weather: 0, Cleric: 0, Screen: 0, Pass: 0",None
twins_meg_peg_0426_Steelix,twins_meg_peg_0426,STEELIX,None,0,0,0.0,0,0.0,0,0.0,0.0,0,0,0,0,0.0,4,None,None,0,,0,"Damage: 0, Status: 0, Hazard: 0, Weather: 0, Cleric: 0, Screen: 0, Pass: 0",None
twins_meg_peg_0426_Sudowoodo,twins_meg_peg_0426,SUDOWOODO,None,0,0,0.0,0,0.0,0,0.0,0.0,0,0,0,0,0.0,2,None,None,0,,0,"Damage: 0, Status: 0, Hazard: 0, Weather: 0, Cleric: 0, Screen: 0, Pass: 0",None
twins_meg_peg_0426_Teddiursa,twins_meg_peg_0426,TEDDIURSA,"Slash: 1600 (56.6%), Faint Attack: 527 (18.7%), Sweet Scent: 383 (13.6%), Charm: 315 (11.2%)",898,731,1.23,112,1.38,0,3.44,2.08,212,21,109,0,10.22,1114,"Magikarp: 43, Voltorb: 28, Magnemite: 25","Graveler: 25, Seadra: 17, Magmar: 17",154,53.33,0,"Damage: 112, Status: 0, Hazard: 0, Weather: 0, Cleric: 0, Screen: 0, Pass: 0",None
twins_meg_peg_0426_Vileplume,twins_meg_peg_0426,VILEPLUME,None,0,0,0.0,0,0.0,0,0.0,0.0,0,0,0,0,0.0,2,None,None,0,,0,"Damage: 0, Status: 0, Hazard: 0, Weather: 0, Cleric: 0, Screen: 0, Pass: 0",None
twins_meg_peg_0426_Voltorb,twins_meg_peg_0426,VOLTORB,None,0,0,0.0,0,0.0,0,0.0,0.0,0,0,0,0,0.0,2,None,None,0,,0,"Damage: 0, Status: 0, Hazard: 0, Weather: 0, Cleric: 0, Screen: 0, Pass: 0",None
twins_tori_til_0081_Bellossom,twins_tori_til_0081,BELLOSSOM,None,0,0,0.0,0,0.0,0,0.0,0.0,0,0,0,0,0.0,2,None,None,0,,0,"Damage: 0, Status: 0, Hazard: 0, Weather: 0, Cleric: 0, Screen: 0, Pass: 0",None
twins_tori_til_0081_Dugtrio,twins_tori_til_0081,DUGTRIO,None,0,0,0.0,0,0.0,0,0.0,0.0,0,0,2,0,100.0,2,None,None,0,,0,"Damage: 0, Status: 0, Hazard: 0, Weather: 0, Cleric: 0, Screen: 0, Pass: 0",None
twins_tori_til_0081_Flareon,twins_tori_til_0081,FLAREON,None,0,0,0.0,0,0.0,0,0.0,0.0,0,0,0,0,0.0,1,None,None,0,,0,"Damage: 0, Status: 0, Hazard: 0, Weather: 0, Cleric: 0, Screen: 0, Pass: 0",None
twins_tori_til_0081_Geodude,twins_tori_til_0081,GEODUDE,None,0,0,0.0,0,0.0,0,0.0,0.0,0,0,0,0,0.0,3,None,None,0,,0,"Damage: 0, Status: 0, Hazard: 0, Weather: 0, Cleric: 0, Screen: 0, Pass: 0",None
twins_tori_til_0081_Graveler,twins_tori_til_0081,GRAVELER,None,0,0,0.0,0,0.0,0,0.0,0.0,0,0,0,0,0.0,7,None,None,0,,0,"Damage: 0, Status: 0, Hazard: 0, Weather: 0, Cleric: 0, Screen: 0, Pass: 0",None
twins_tori_til_0081_Koffing,twins_tori_til_0081,KOFFING,None,0,0,0.0,0,0.0,0,0.0,0.0,0,0,0,0,0.0,1,None,None,0,,0,"Damage: 0, Status: 0, Hazard: 0, Weather: 0, Cleric: 0, Screen: 0, Pass: 0",None
twins_tori_til_0081_Machoke,twins_tori_til_0081,MACHOKE,None,0,0,0.0,0,0.0,0,0.0,0.0,0,0,0,0,0.0,2,None,None,0,,0,"Damage: 0, Status: 0, Hazard: 0, Weather: 0, Cleric: 0, Screen: 0, Pass: 0",None
twins_tori_til_0081_Machop,twins_tori_til_0081,MACHOP,None,0,0,0.0,0,0.0,0,0.0,0.0,0,0,0,0,0.0,4,None,None,0,,0,"Damage: 0, Status: 0, Hazard: 0, Weather: 0, Cleric: 0, Screen: 0, Pass: 0",None
twins_tori_til_0081_Magmar,twins_tori_til_0081,MAGMAR,None,0,0,0.0,0,0.0,0,0.0,0.0,0,0,0,0,0.0,2,None,None,0,,0,"Damage: 0, Status: 0, Hazard: 0, Weather: 0, Cleric: 0, Screen: 0, Pass: 0",None
twins_tori_til_0081_Mareep,twins_tori_til_0081,MAREEP,"Thunder Shock: 852 (49.1%), Tackle: 408 (23.5%), Growl: 332 (19.1%), Thunder Wave: 143 (8.2%)",209,982,0.21,97,0.31,0,2.79,1.56,79,112,83,59,2.51,1102,"Magikarp: 48, Bellsprout: 15, Pidgey: 11","Graveler: 30, Magmar: 24, Seaking: 24",32,18.11,0,"Damage: 77, Status: 55, Hazard: 0, Weather: 0, Cleric: 0, Screen: 0, Pass: 0",None
twins_tori_til_0081_Marill,twins_tori_til_0081,MARILL,"Rollout: 1067 (45.6%), Water Gun: 518 (22.2%), Tail Whip: 380 (16.3%), Defense Curl: 373 (16.0%)",208,1001,0.21,113,0.32,1,3.02,1.93,84,178,124,0,1.22,1151,"Geodude: 22, Pidgey: 14, Bellsprout: 13","Graveler: 30, Koffing: 19, Qwilfish: 19",25,18.42,0,"Damage: 113, Status: 0, Hazard: 0, Weather: 0, Cleric: 0, Screen: 0, Pass: 0",None
twins_tori_til_0081_Onix,twins_tori_til_0081,ONIX,None,0,0,0.0,0,0.0,0,0.0,0.0,0,0,0,0,0.0,4,None,None,0,,0,"Damage: 0, Status: 0, Hazard: 0, Weather: 0, Cleric: 0, Screen: 0, Pass: 0",None
twins_tori_til_0081_Primeape,twins_tori_til_0081,PRIMEAPE,None,0,0,0.0,0,0.0,0,0.0,0.0,0,0,0,0,0.0,2,None,None,0,,0,"Damage: 0, Status: 0, Hazard: 0, Weather: 0, Cleric: 0, Screen: 0, Pass: 0",None
twins_tori_til_0081_Quagsire,twins_tori_til_0081,QUAGSIRE,None,0,0,0.0,0,0.0,0,0.0,0.0,0,0,0,0,0.0,4,None,None,0,,0,"Damage: 0, Status: 0, Hazard: 0, Weather: 0, Cleric: 0, Screen: 0, Pass: 0",None
twins_tori_til_0081_Rapidash,twins_tori_til_0081,RAPIDASH,None,0,0,0.0,0,0.0,0,0.0,0.0,0,0,0,0,0.0,2,None,None,0,,0,"Damage: 0, Status: 0, Hazard: 0, Weather: 0, Cleric: 0, Screen: 0, Pass: 0",None
twins_tori_til_0081_Rhydon,twins_tori_til_0081,RHYDON,None,0,0,0.0,0,0.0,0,0.0,0.0,0,0,0,0,0.0,2,None,None,0,,0,"Damage: 0, Status: 0, Hazard: 0, Weather: 0, Cleric: 0, Screen: 0, Pass: 0",None
twins_tori_til_0081_Sandslash,twins_tori_til_0081,SANDSLASH,None,0,0,0.0,0,0.0,0,0.0,0.0,0,0,0,0,0.0,6,None,None,0,,0,"Damage: 0, Status: 0, Hazard: 0, Weather: 0, Cleric: 0, Screen: 0, Pass: 0",None
twins_tori_til_0081_Seadra,twins_tori_til_0081,SEADRA,None,0,0,0.0,0,0.0,0,0.0,0.0,0,0,0,0,0.0,1,None,None,0,,0,"Damage: 0, Status: 0, Hazard: 0, Weather: 0, Cleric: 0, Screen: 0, Pass: 0",None
twins_tori_til_0081_Steelix,twins_tori_til_0081,STEELIX,None,0,0,0.0,0,0.0,0,0.0,0.0,0,0,0,0,0.0,3,None,None,0,,0,"Damage: 0, Status: 0, Hazard: 0, Weather: 0, Cleric: 0, Screen: 0, Pass: 0",None
young_couple_duff_eda_0724_Cloyster,young_couple_duff_eda_0724,CLOYSTER,"Aurora Beam: 1571 (49.2%), Protect: 683 (21.4%), Withdraw: 484 (15.1%), Supersonic: 458 (14.3%)",488,861,0.57,154,0.75,2,3.86,2.26,106,228,140,114,0.82,1123,"Magikarp: 34, Geodude: 29, Bellsprout: 18","Graveler: 25, Butterfree: 25, Magmar: 18",86,33.06,1,"Damage: 138, Status: 36, Hazard: 0, Weather: 0, Cleric: 0, Screen: 0, Pass: 0",None
young_couple_duff_eda_0724_Dugtrio,young_couple_duff_eda_0724,DUGTRIO,None,0,0,0.0,0,0.0,0,0.0,0.0,0,0,1,0,100.0,1,None,None,0,,0,"Damage: 0, Status: 0, Hazard: 0, Weather: 0, Cleric: 0, Screen: 0, Pass: 0",None
young_couple_duff_eda_0724_Geodude,young_couple_duff_eda_0724,GEODUDE,None,0,0,0.0,0,0.0,0,0.0,0.0,0,0,0,0,0.0,1,None,None,0,,0,"Damage: 0, Status: 0, Hazard: 0, Weather: 0, Cleric: 0, Screen: 0, Pass: 0",None
young_couple_duff_eda_0724_Graveler,young_couple_duff_eda_0724,GRAVELER,None,0,0,0.0,0,0.0,0,0.0,0.0,0,0,0,0,0.0,7,None,None,0,,0,"Damage: 0, Status: 0, Hazard: 0, Weather: 0, Cleric: 0, Screen: 0, Pass: 0",None
young_couple_duff_eda_0724_Gulpin,young_couple_duff_eda_0724,GULPIN,None,0,0,0.0,0,0.0,0,0.0,0.0,0,0,0,0,0.0,1,None,None,0,,0,"Damage: 0, Status: 0, Hazard: 0, Weather: 0, Cleric: 0, Screen: 0, Pass: 0",None
young_couple_duff_eda_0724_Machoke,young_couple_duff_eda_0724,MACHOKE,None,0,0,0.0,0,0.0,0,0.0,0.0,0,0,0,0,0.0,4,None,None,0,,0,"Damage: 0, Status: 0, Hazard: 0, Weather: 0, Cleric: 0, Screen: 0, Pass: 0",None
young_couple_duff_eda_0724_Machop,young_couple_duff_eda_0724,MACHOP,None,0,0,0.0,0,0.0,0,0.0,0.0,0,0,0,0,0.0,7,None,None,0,,0,"Damage: 0, Status: 0, Hazard: 0, Weather: 0, Cleric: 0, Screen: 0, Pass: 0",None
young_couple_duff_eda_0724_Magmar,young_couple_duff_eda_0724,MAGMAR,None,0,0,0.0,0,0.0,0,0.0,0.0,0,0,0,0,0.0,4,None,None,0,,0,"Damage: 0, Status: 0, Hazard: 0, Weather: 0, Cleric: 0, Screen: 0, Pass: 0",None
young_couple_duff_eda_0724_Magnemite,young_couple_duff_eda_0724,MAGNEMITE,None,0,0,0.0,0,0.0,0,0.0,0.0,0,0,0,0,0.0,1,None,None,0,,0,"Damage: 0, Status: 0, Hazard: 0, Weather: 0, Cleric: 0, Screen: 0, Pass: 0",None
young_couple_duff_eda_0724_Onix,young_couple_duff_eda_0724,ONIX,"Sandstorm: 902 (29.3%), Rock Throw: 867 (28.2%), Rock Tomb: 776 (25.2%), Rage: 533 (17.3%)",190,941,0.2,420,0.65,0,3.37,2.04,115,307,155,518,-1.14,1203,"Magikarp: 14, Bellsprout: 10, Haunter: 10","Poliwhirl: 30, Butterfree: 22, Graveler: 21",12,30.01,0,"Damage: 268, Status: 0, Hazard: 0, Weather: 364, Cleric: 0, Screen: 0, Pass: 0",None
young_couple_duff_eda_0724_Pikachu,young_couple_duff_eda_0724,PIKACHU,None,0,0,0.0,0,0.0,0,0.0,0.0,0,0,0,0,0.0,2,None,None,0,,0,"Damage: 0, Status: 0, Hazard: 0, Weather: 0, Cleric: 0, Screen: 0, Pass: 0",None
young_couple_duff_eda_0724_Primeape,young_couple_duff_eda_0724,PRIMEAPE,None,0,0,0.0,0,0.0,0,0.0,0.0,0,0,0,0,0.0,2,None,None,0,,0,"Damage: 0, Status: 0, Hazard: 0, Weather: 0, Cleric: 0, Screen: 0, Pass: 0",None
young_couple_duff_eda_0724_Quagsire,young_couple_duff_eda_0724,QUAGSIRE,None,0,0,0.0,0,0.0,0,0.0,0.0,0,0,0,0,0.0,4,None,None,0,,0,"Damage: 0, Status: 0, Hazard: 0, Weather: 0, Cleric: 0, Screen: 0, Pass: 0",None
young_couple_duff_eda_0724_Rapidash,young_couple_duff_eda_0724,RAPIDASH,None,0,0,0.0,0,0.0,0,0.0,0.0,0,0,0,0,0.0,5,None,None,0,,0,"Damage: 0, Status: 0, Hazard: 0, Weather: 0, Cleric: 0, Screen: 0, Pass: 0",None
young_couple_duff_eda_0724_Rhydon,young_couple_duff_eda_0724,RHYDON,None,0,0,0.0,0,0.0,0,0.0,0.0,0,0,0,0,0.0,2,None,None,0,,0,"Damage: 0, Status: 0, Hazard: 0, Weather: 0, Cleric: 0, Screen: 0, Pass: 0",None
young_couple_duff_eda_0724_Sandslash,young_couple_duff_eda_0724,SANDSLASH,None,0,0,0.0,0,0.0,0,0.0,0.0,0,0,3,0,100.0,6,None,None,0,,0,"Damage: 0, Status: 0, Hazard: 0, Weather: 0, Cleric: 0, Screen: 0, Pass: 0",None
young_couple_duff_eda_0724_Steelix,young_couple_duff_eda_0724,STEELIX,None,0,0,0.0,0,0.0,0,0.0,0.0,0,0,0,0,0.0,3,None,None,0,,0,"Damage: 0, Status: 0, Hazard: 0, Weather: 0, Cleric: 0, Screen: 0, Pass: 0",None
young_couple_duff_eda_0724_Voltorb,young_couple_duff_eda_0724,VOLTORB,None,0,0,0.0,0,0.0,0,0.0,0.0,0,0,0,0,0.0,2,None,None,0,,0,"Damage: 0, Status: 0, Hazard: 0, Weather: 0, Cleric: 0, Screen: 0, Pass: 0",None
young_couple_moe_lulu_0553_Bellossom,young_couple_moe_lulu_0553,BELLOSSOM,None,0,0,0.0,0,0.0,0,0.0,0.0,0,0,0,0,0.0,1,None,None,0,,0,"Damage: 0, Status: 0, Hazard: 0, Weather: 0, Cleric: 0, Screen: 0, Pass: 0",None
young_couple_moe_lulu_0553_Dugtrio,young_couple_moe_lulu_0553,DUGTRIO,None,0,0,0.0,0,0.0,0,0.0,0.0,0,0,1,0,100.0,1,None,None,0,,0,"Damage: 0, Status: 0, Hazard: 0, Weather: 0, Cleric: 0, Screen: 0, Pass: 0",None
young_couple_moe_lulu_0553_Electrode,young_couple_moe_lulu_0553,ELECTRODE,None,0,0,0.0,0,0.0,0,0.0,0.0,0,0,0,0,0.0,1,None,None,0,,0,"Damage: 0, Status: 0, Hazard: 0, Weather: 0, Cleric: 0, Screen: 0, Pass: 0",None
young_couple_moe_lulu_0553_Golem,young_couple_moe_lulu_0553,GOLEM,None,0,0,0.0,0,0.0,0,0.0,0.0,0,0,0,0,0.0,1,None,None,0,,0,"Damage: 0, Status: 0, Hazard: 0, Weather: 0, Cleric: 0, Screen: 0, Pass: 0",None
young_couple_moe_lulu_0553_Graveler,young_couple_moe_lulu_0553,GRAVELER,None,0,0,0.0,0,0.0,0,0.0,0.0,0,0,0,0,0.0,5,None,None,0,,0,"Damage: 0, Status: 0, Hazard: 0, Weather: 0, Cleric: 0, Screen: 0, Pass: 0",None
young_couple_moe_lulu_0553_Lotad,young_couple_moe_lulu_0553,LOTAD,"Mega Drain: 1055 (37.6%), Zen Headbutt: 767 (27.3%), Bubble Beam: 737 (26.2%), Rain Dance: 250 (8.9%)",838,780,1.07,158,1.28,1,3.1,2.08,153,95,117,138,6.02,1220,"Magikarp: 37, Gastly: 35, Goldeen: 27","Graveler: 28, Magmar: 19, Butterfree: 19",127,46.8,0,"Damage: 158, Status: 0, Hazard: 0, Weather: 0, Cleric: 0, Screen: 0, Pass: 0",None
young_couple_moe_lulu_0553_Machop,young_couple_moe_lulu_0553,MACHOP,None,0,0,0.0,0,0.0,0,0.0,0.0,0,0,0,0,0.0,1,None,None,0,,0,"Damage: 0, Status: 0, Hazard: 0, Weather: 0, Cleric: 0, Screen: 0, Pass: 0",None
young_couple_moe_lulu_0553_Magnemite,young_couple_moe_lulu_0553,MAGNEMITE,None,0,0,0.0,0,0.0,0,0.0,0.0,0,0,0,0,0.0,1,None,None,0,,0,"Damage: 0, Status: 0, Hazard: 0, Weather: 0, Cleric: 0, Screen: 0, Pass: 0",None
young_couple_moe_lulu_0553_Onix,young_couple_moe_lulu_0553,ONIX,None,0,0,0.0,0,0.0,0,0.0,0.0,0,0,0,0,0.0,2,None,None,0,,0,"Damage: 0, Status: 0, Hazard: 0, Weather: 0, Cleric: 0, Screen: 0, Pass: 0",None
young_couple_moe_lulu_0553_Primeape,young_couple_moe_lulu_0553,PRIMEAPE,None,0,0,0.0,0,0.0,0,0.0,0.0,0,0,0,0,0.0,2,None,None,0,,0,"Damage: 0, Status: 0, Hazard: 0, Weather: 0, Cleric: 0, Screen: 0, Pass: 0",None
young_couple_moe_lulu_0553_Quagsire,young_couple_moe_lulu_0553,QUAGSIRE,None,0,0,0.0,0,0.0,0,0.0,0.0,0,0,0,0,0.0,4,None,None,0,,0,"Damage: 0, Status: 0, Hazard: 0, Weather: 0, Cleric: 0, Screen: 0, Pass: 0",None
young_couple_moe_lulu_0553_Rapidash,young_couple_moe_lulu_0553,RAPIDASH,None,0,0,0.0,0,0.0,0,0.0,0.0,0,0,0,0,0.0,1,None,None,0,,0,"Damage: 0, Status: 0, Hazard: 0, Weather: 0, Cleric: 0, Screen: 0, Pass: 0",None
young_couple_moe_lulu_0553_Rhydon,young_couple_moe_lulu_0553,RHYDON,None,0,0,0.0,0,0.0,0,0.0,0.0,0,0,0,0,0.0,2,None,None,0,,0,"Damage: 0, Status: 0, Hazard: 0, Weather: 0, Cleric: 0, Screen: 0, Pass: 0",None
young_couple_moe_lulu_0553_Sandslash,young_couple_moe_lulu_0553,SANDSLASH,None,0,0,0.0,0,0.0,0,0.0,0.0,0,0,0,0,0.0,10,None,None,0,,0,"Damage: 0, Status: 0, Hazard: 0, Weather: 0, Cleric: 0, Screen: 0, Pass: 0",None
young_couple_moe_lulu_0553_Seadra,young_couple_moe_lulu_0553,SEADRA,None,0,0,0.0,0,0.0,0,0.0,0.0,0,0,0,0,0.0,2,None,None,0,,0,"Damage: 0, Status: 0, Hazard: 0, Weather: 0, Cleric: 0, Screen: 0, Pass: 0",None
young_couple_moe_lulu_0553_Seedot,young_couple_moe_lulu_0553,SEEDOT,"Nature Power: 1304 (56.0%), Sunny Day: 672 (28.8%), Synthesis: 348 (14.9%), Explosion: 6 (0.3%)",275,769,0.36,204,0.62,0,3.3,2.13,78,15,107,0,6.98,1070,"Magikarp: 21, Voltorb: 12, Magnemite: 11","Graveler: 28, Magmar: 21, Butterfree: 21",31,45.21,0,"Damage: 204, Status: 0, Hazard: 0, Weather: 1, Cleric: 0, Screen: 0, Pass: 0",None
young_couple_moe_lulu_0553_Steelix,young_couple_moe_lulu_0553,STEELIX,None,0,0,0.0,0,0.0,0,0.0,0.0,0,0,0,0,0.0,5,None,None,0,,0,"Damage: 0, Status: 0, Hazard: 0, Weather: 0, Cleric: 0, Screen: 0, Pass: 0",None
young_couple_moe_lulu_0553_Voltorb,young_couple_moe_lulu_0553,VOLTORB,None,0,0,0.0,0,0.0,0,0.0,0.0,0,0,0,0,0.0,2,None,None,0,,0,"Damage: 0, Status: 0, Hazard: 0, Weather: 0, Cleric: 0, Screen: 0, Pass: 0",None
young_couple_tim_sue_0559_Alakazam,young_couple_tim_sue_0559,ALAKAZAM,None,0,0,0.0,0,0.0,0,0.0,0.0,0,0,0,0,0.0,1,None,None,0,,0,"Damage: 0, Status: 0, Hazard: 0, Weather: 0, Cleric: 0, Screen: 0, Pass: 0",None
young_couple_tim_sue_0559_Bellossom,young_couple_tim_sue_0559,BELLOSSOM,None,0,0,0.0,0,0.0,0,0.0,0.0,0,0,0,0,0.0,1,None,None,0,,0,"Damage: 0, Status: 0, Hazard: 0, Weather: 0, Cleric: 0, Screen: 0, Pass: 0",None
young_couple_tim_sue_0559_Golduck,young_couple_tim_sue_0559,GOLDUCK,None,0,0,0.0,0,0.0,0,0.0,0.0,0,0,0,0,0.0,4,None,None,0,,0,"Damage: 0, Status: 0, Hazard: 0, Weather: 0, Cleric: 0, Screen: 0, Pass: 0",None
young_couple_tim_sue_0559_Kadabra,young_couple_tim_sue_0559,KADABRA,"Psychic: 1885 (59.4%), Psycho Cut: 647 (20.4%), Role Play: 492 (15.5%), Recover: 148 (4.7%)",1496,634,2.36,193,2.66,0,2.61,1.23,226,24,95,64,9.36,1319,"Graveler: 56, Magikarp: 49, Voltorb: 47","Seaking: 27, Butterfree: 27, Magmar: 21",228,67.71,0,"Damage: 188, Status: 10, Hazard: 0, Weather: 0, Cleric: 0, Screen: 0, Pass: 0",None
young_couple_tim_sue_0559_Octillery,young_couple_tim_sue_0559,OCTILLERY,None,0,0,0.0,0,0.0,0,0.0,0.0,0,0,0,0,0.0,2,None,None,0,,0,"Damage: 0, Status: 0, Hazard: 0, Weather: 0, Cleric: 0, Screen: 0, Pass: 0",None
young_couple_tim_sue_0559_Psyduck,young_couple_tim_sue_0559,PSYDUCK,"Zen Headbutt: 1312 (45.9%), Screech: 711 (24.9%), Amnesia: 704 (24.6%), Psych Up: 131 (4.6%)",400,568,0.7,190,1.04,0,3.45,1.83,80,273,122,154,-2.3,1104,"Koffing: 16, Magikarp: 12, Tentacool: 9","Butterfree: 24, Seaking: 22, Electrode: 14",34,74.54,0,"Damage: 190, Status: 0, Hazard: 0, Weather: 0, Cleric: 0, Screen: 0, Pass: 0",None
young_couple_tim_sue_0559_Quagsire,young_couple_tim_sue_0559,QUAGSIRE,None,0,0,0.0,0,0.0,0,0.0,0.0,0,0,0,0,0.0,2,None,None,0,,0,"Damage: 0, Status: 0, Hazard: 0, Weather: 0, Cleric: 0, Screen: 0, Pass: 0",None
young_couple_tim_sue_0559_Rapidash,young_couple_tim_sue_0559,RAPIDASH,None,0,0,0.0,0,0.0,0,0.0,0.0,0,0,0,0,0.0,3,None,None,0,,0,"Damage: 0, Status: 0, Hazard: 0, Weather: 0, Cleric: 0, Screen: 0, Pass: 0",None
young_couple_tim_sue_0559_Sandslash,young_couple_tim_sue_0559,SANDSLASH,None,0,0,0.0,0,0.0,0,0.0,0.0,0,0,0,0,0.0,1,None,None,0,,0,"Damage: 0, Status: 0, Hazard: 0, Weather: 0, Cleric: 0, Screen: 0, Pass: 0",None
young_couple_tim_sue_0559_Sudowoodo,young_couple_tim_sue_0559,SUDOWOODO,None,0,0,0.0,0,0.0,0,0.0,0.0,0,0,0,0,0.0,2,None,None,0,,0,"Damage: 0, Status: 0, Hazard: 0, Weather: 0, Cleric: 0, Screen: 0, Pass: 0",None
young_couple_tim_sue_0652_Alakazam,young_couple_tim_sue_0652,ALAKAZAM,None,0,0,0.0,0,0.0,0,0.0,0.0,0,0,0,0,0.0,1,None,None,0,,0,"Damage: 0, Status: 0, Hazard: 0, Weather: 0, Cleric: 0, Screen: 0, Pass: 0",None
young_couple_tim_sue_0652_Arbok,young_couple_tim_sue_0652,ARBOK,None,0,0,0.0,0,0.0,0,0.0,0.0,0,0,0,0,0.0,2,None,None,0,,0,"Damage: 0, Status: 0, Hazard: 0, Weather: 0, Cleric: 0, Screen: 0, Pass: 0",None
young_couple_tim_sue_0652_Azumarill,young_couple_tim_sue_0652,AZUMARILL,None,0,0,0.0,0,0.0,0,0.0,0.0,0,0,0,0,0.0,5,None,None,0,,0,"Damage: 0, Status: 0, Hazard: 0, Weather: 0, Cleric: 0, Screen: 0, Pass: 0",None
young_couple_tim_sue_0652_Bellossom,young_couple_tim_sue_0652,BELLOSSOM,None,0,0,0.0,0,0.0,0,0.0,0.0,0,0,0,0,0.0,1,None,None,0,,0,"Damage: 0, Status: 0, Hazard: 0, Weather: 0, Cleric: 0, Screen: 0, Pass: 0",None
young_couple_tim_sue_0652_Bellsprout,young_couple_tim_sue_0652,BELLSPROUT,None,0,0,0.0,0,0.0,0,0.0,0.0,0,0,0,0,0.0,1,None,None,0,,0,"Damage: 0, Status: 0, Hazard: 0, Weather: 0, Cleric: 0, Screen: 0, Pass: 0",None
young_couple_tim_sue_0652_Camerupt,young_couple_tim_sue_0652,CAMERUPT,None,0,0,0.0,0,0.0,0,0.0,0.0,0,0,0,0,0.0,2,None,None,0,,0,"Damage: 0, Status: 0, Hazard: 0, Weather: 0, Cleric: 0, Screen: 0, Pass: 0",None
young_couple_tim_sue_0652_Caterpie,young_couple_tim_sue_0652,CATERPIE,None,0,0,0.0,0,0.0,0,0.0,0.0,0,0,0,0,0.0,1,None,None,0,,0,"Damage: 0, Status: 0, Hazard: 0, Weather: 0, Cleric: 0, Screen: 0, Pass: 0",None
young_couple_tim_sue_0652_Cherubi,young_couple_tim_sue_0652,CHERUBI,None,0,0,0.0,0,0.0,0,0.0,0.0,0,0,0,0,0.0,1,None,None,0,,0,"Damage: 0, Status: 0, Hazard: 0, Weather: 0, Cleric: 0, Screen: 0, Pass: 0",None
young_couple_tim_sue_0652_Clefable,young_couple_tim_sue_0652,CLEFABLE,None,0,0,0.0,0,0.0,0,0.0,0.0,0,0,0,0,0.0,1,None,None,0,,0,"Damage: 0, Status: 0, Hazard: 0, Weather: 0, Cleric: 0, Screen: 0, Pass: 0",None
young_couple_tim_sue_0652_Clefairy,young_couple_tim_sue_0652,CLEFAIRY,None,0,0,0.0,0,0.0,0,0.0,0.0,0,0,0,0,0.0,1,None,None,0,,0,"Damage: 0, Status: 0, Hazard: 0, Weather: 0, Cleric: 0, Screen: 0, Pass: 0",None
young_couple_tim_sue_0652_Cloyster,young_couple_tim_sue_0652,CLOYSTER,None,0,0,0.0,0,0.0,0,0.0,0.0,0,0,0,0,0.0,3,None,None,0,,0,"Damage: 0, Status: 0, Hazard: 0, Weather: 0, Cleric: 0, Screen: 0, Pass: 0",None
young_couple_tim_sue_0652_Dewgong,young_couple_tim_sue_0652,DEWGONG,None,0,0,0.0,0,0.0,0,0.0,0.0,0,0,0,0,0.0,2,None,None,0,,0,"Damage: 0, Status: 0, Hazard: 0, Weather: 0, Cleric: 0, Screen: 0, Pass: 0",None
young_couple_tim_sue_0652_Dragonair,young_couple_tim_sue_0652,DRAGONAIR,None,0,0,0.0,0,0.0,0,0.0,0.0,0,0,0,0,0.0,1,None,None,0,,0,"Damage: 0, Status: 0, Hazard: 0, Weather: 0, Cleric: 0, Screen: 0, Pass: 0",None
young_couple_tim_sue_0652_Dugtrio,young_couple_tim_sue_0652,DUGTRIO,None,0,0,0.0,0,0.0,0,0.0,0.0,0,0,1,0,100.0,1,None,None,0,,0,"Damage: 0, Status: 0, Hazard: 0, Weather: 0, Cleric: 0, Screen: 0, Pass: 0",None
young_couple_tim_sue_0652_Espeon,young_couple_tim_sue_0652,ESPEON,None,0,0,0.0,0,0.0,0,0.0,0.0,0,0,0,0,0.0,2,None,None,0,,0,"Damage: 0, Status: 0, Hazard: 0, Weather: 0, Cleric: 0, Screen: 0, Pass: 0",None
young_couple_tim_sue_0652_Exeggutor,young_couple_tim_sue_0652,EXEGGUTOR,None,0,0,0.0,0,0.0,0,0.0,0.0,0,0,0,0,0.0,1,None,None,0,,0,"Damage: 0, Status: 0, Hazard: 0, Weather: 0, Cleric: 0, Screen: 0, Pass: 0",None
young_couple_tim_sue_0652_Fearow,young_couple_tim_sue_0652,FEAROW,None,0,0,0.0,0,0.0,0,0.0,0.0,0,0,0,0,0.0,1,None,None,0,,0,"Damage: 0, Status: 0, Hazard: 0, Weather: 0, Cleric: 0, Screen: 0, Pass: 0",None
young_couple_tim_sue_0652_Flareon,young_couple_tim_sue_0652,FLAREON,None,0,0,0.0,0,0.0,0,0.0,0.0,0,0,0,0,0.0,1,None,None,0,,0,"Damage: 0, Status: 0, Hazard: 0, Weather: 0, Cleric: 0, Screen: 0, Pass: 0",None
young_couple_tim_sue_0652_Furret,young_couple_tim_sue_0652,FURRET,None,0,0,0.0,0,0.0,0,0.0,0.0,0,0,0,0,0.0,1,None,None,0,,0,"Damage: 0, Status: 0, Hazard: 0, Weather: 0, Cleric: 0, Screen: 0, Pass: 0",None
young_couple_tim_sue_0652_Geodude,young_couple_tim_sue_0652,GEODUDE,None,0,0,0.0,0,0.0,0,0.0,0.0,0,0,0,0,0.0,1,None,None,0,,0,"Damage: 0, Status: 0, Hazard: 0, Weather: 0, Cleric: 0, Screen: 0, Pass: 0",None
young_couple_tim_sue_0652_Golbat,young_couple_tim_sue_0652,GOLBAT,None,0,0,0.0,0,0.0,0,0.0,0.0,0,0,0,0,0.0,1,None,None,0,,0,"Damage: 0, Status: 0, Hazard: 0, Weather: 0, Cleric: 0, Screen: 0, Pass: 0",None
young_couple_tim_sue_0652_Goldeen,young_couple_tim_sue_0652,GOLDEEN,None,0,0,0.0,0,0.0,0,0.0,0.0,0,0,0,0,0.0,3,None,None,0,,0,"Damage: 0, Status: 0, Hazard: 0, Weather: 0, Cleric: 0, Screen: 0, Pass: 0",None
young_couple_tim_sue_0652_Golduck,young_couple_tim_sue_0652,GOLDUCK,"Zen Headbutt: 1605 (49.5%), Amnesia: 771 (23.8%), Screech: 750 (23.1%), Psych Up: 118 (3.6%)",721,303,2.38,166,2.93,0,3.82,1.96,94,283,150,144,-1.04,1052,"Butterfree: 29, Koffing: 22, Quagsire: 20","Seaking: 12, Golem: 11, Quagsire: 10",87,87.92,0,"Damage: 166, Status: 0, Hazard: 0, Weather: 0, Cleric: 0, Screen: 0, Pass: 0",None
young_couple_tim_sue_0652_Golem,young_couple_tim_sue_0652,GOLEM,None,0,0,0.0,0,0.0,0,0.0,0.0,0,0,0,0,0.0,1,None,None,0,,0,"Damage: 0, Status: 0, Hazard: 0, Weather: 0, Cleric: 0, Screen: 0, Pass: 0",None
young_couple_tim_sue_0652_Granbull,young_couple_tim_sue_0652,GRANBULL,None,0,0,0.0,0,0.0,0,0.0,0.0,0,0,0,0,0.0,1,None,None,0,,0,"Damage: 0, Status: 0, Hazard: 0, Weather: 0, Cleric: 0, Screen: 0, Pass: 0",None
young_couple_tim_sue_0652_Growlithe,young_couple_tim_sue_0652,GROWLITHE,None,0,0,0.0,0,0.0,0,0.0,0.0,0,0,0,0,0.0,2,None,None,0,,0,"Damage: 0, Status: 0, Hazard: 0, Weather: 0, Cleric: 0, Screen: 0, Pass: 0",None
young_couple_tim_sue_0652_Gulpin,young_couple_tim_sue_0652,GULPIN,None,0,0,0.0,0,0.0,0,0.0,0.0,0,0,0,0,0.0,1,None,None,0,,0,"Damage: 0, Status: 0, Hazard: 0, Weather: 0, Cleric: 0, Screen: 0, Pass: 0",None
young_couple_tim_sue_0652_Gyarados,young_couple_tim_sue_0652,GYARADOS,None,0,0,0.0,0,0.0,0,0.0,0.0,0,0,0,0,0.0,2,None,None,0,,0,"Damage: 0, Status: 0, Hazard: 0, Weather: 0, Cleric: 0, Screen: 0, Pass: 0",None
young_couple_tim_sue_0652_Hitmonchan,young_couple_tim_sue_0652,HITMONCHAN,None,0,0,0.0,0,0.0,0,0.0,0.0,0,0,0,0,0.0,1,None,None,0,,0,"Damage: 0, Status: 0, Hazard: 0, Weather: 0, Cleric: 0, Screen: 0, Pass: 0",None
young_couple_tim_sue_0652_Hypno,young_couple_tim_sue_0652,HYPNO,None,0,0,0.0,0,0.0,0,0.0,0.0,0,0,0,0,0.0,2,None,None,0,,0,"Damage: 0, Status: 0, Hazard: 0, Weather: 0, Cleric: 0, Screen: 0, Pass: 0",None
young_couple_tim_sue_0652_Jynx,young_couple_tim_sue_0652,JYNX,None,0,0,0.0,0,0.0,0,0.0,0.0,0,0,0,0,0.0,1,None,None,0,,0,"Damage: 0, Status: 0, Hazard: 0, Weather: 0, Cleric: 0, Screen: 0, Pass: 0",None
young_couple_tim_sue_0652_Kadabra,young_couple_tim_sue_0652,KADABRA,"Psychic: 1760 (56.3%), Psycho Cut: 541 (17.3%), Role Play: 435 (13.9%), Future Sight: 392 (12.5%)",1445,497,2.91,358,3.63,0,2.64,1.04,170,26,81,46,7.09,1270,"Magikarp: 43, Graveler: 42, Voltorb: 28","Butterfree: 26, Magmar: 22, Seaking: 18",234,75.83,0,"Damage: 350, Status: 20, Hazard: 0, Weather: 0, Cleric: 0, Screen: 0, Pass: 0",None
young_couple_tim_sue_0652_Kangaskhan,young_couple_tim_sue_0652,KANGASKHAN,None,0,0,0.0,0,0.0,0,0.0,0.0,0,0,0,0,0.0,1,None,None,0,,0,"Damage: 0, Status: 0, Hazard: 0, Weather: 0, Cleric: 0, Screen: 0, Pass: 0",None
young_couple_tim_sue_0652_Koffing,young_couple_tim_sue_0652,KOFFING,None,0,0,0.0,0,0.0,0,0.0,0.0,0,0,0,0,0.0,2,None,None,0,,0,"Damage: 0, Status: 0, Hazard: 0, Weather: 0, Cleric: 0, Screen: 0, Pass: 0",None
young_couple_tim_sue_0652_Krabby,young_couple_tim_sue_0652,KRABBY,None,0,0,0.0,0,0.0,0,0.0,0.0,0,0,0,0,0.0,1,None,None,0,,0,"Damage: 0, Status: 0, Hazard: 0, Weather: 0, Cleric: 0, Screen: 0, Pass: 0",None
young_couple_tim_sue_0652_Lapras,young_couple_tim_sue_0652,LAPRAS,None,0,0,0.0,0,0.0,0,0.0,0.0,0,0,0,0,0.0,1,None,None,0,,0,"Damage: 0, Status: 0, Hazard: 0, Weather: 0, Cleric: 0, Screen: 0, Pass: 0",None
young_couple_tim_sue_0652_Lickilicky,young_couple_tim_sue_0652,LICKILICKY,None,0,0,0.0,0,0.0,0,0.0,0.0,0,0,0,0,0.0,1,None,None,0,,0,"Damage: 0, Status: 0, Hazard: 0, Weather: 0, Cleric: 0, Screen: 0, Pass: 0",None
young_couple_tim_sue_0652_Lickitung,young_couple_tim_sue_0652,LICKITUNG,None,0,0,0.0,0,0.0,0,0.0,0.0,0,0,0,0,0.0,1,None,None,0,,0,"Damage: 0, Status: 0, Hazard: 0, Weather: 0, Cleric: 0, Screen: 0, Pass: 0",None
young_couple_tim_sue_0652_Magcargo,young_couple_tim_sue_0652,MAGCARGO,None,0,0,0.0,0,0.0,0,0.0,0.0,0,0,0,0,0.0,1,None,None,0,,0,"Damage: 0, Status: 0, Hazard: 0, Weather: 0, Cleric: 0, Screen: 0, Pass: 0",None
young_couple_tim_sue_0652_Magikarp,young_couple_tim_sue_0652,MAGIKARP,None,0,0,0.0,0,0.0,0,0.0,0.0,0,0,0,0,0.0,1,None,None,0,,0,"Damage: 0, Status: 0, Hazard: 0, Weather: 0, Cleric: 0, Screen: 0, Pass: 0",None
young_couple_tim_sue_0652_Magnemite,young_couple_tim_sue_0652,MAGNEMITE,None,0,0,0.0,0,0.0,0,0.0,0.0,0,0,0,0,0.0,1,None,None,0,,0,"Damage: 0, Status: 0, Hazard: 0, Weather: 0, Cleric: 0, Screen: 0, Pass: 0",None
young_couple_tim_sue_0652_Meowth,young_couple_tim_sue_0652,MEOWTH,None,0,0,0.0,0,0.0,0,0.0,0.0,0,0,0,0,0.0,1,None,None,0,,0,"Damage: 0, Status: 0, Hazard: 0, Weather: 0, Cleric: 0, Screen: 0, Pass: 0",None
young_couple_tim_sue_0652_Muk,young_couple_tim_sue_0652,MUK,None,0,0,0.0,0,0.0,0,0.0,0.0,0,0,0,0,0.0,1,None,None,0,,0,"Damage: 0, Status: 0, Hazard: 0, Weather: 0, Cleric: 0, Screen: 0, Pass: 0",None
young_couple_tim_sue_0652_Nidoking,young_couple_tim_sue_0652,NIDOKING,None,0,0,0.0,0,0.0,0,0.0,0.0,0,0,0,0,0.0,1,None,None,0,,0,"Damage: 0, Status: 0, Hazard: 0, Weather: 0, Cleric: 0, Screen: 0, Pass: 0",None
young_couple_tim_sue_0652_Nidoqueen,young_couple_tim_sue_0652,NIDOQUEEN,None,0,0,0.0,0,0.0,0,0.0,0.0,0,0,0,0,0.0,2,None,None,0,,0,"Damage: 0, Status: 0, Hazard: 0, Weather: 0, Cleric: 0, Screen: 0, Pass: 0",None
young_couple_tim_sue_0652_Nidorino,young_couple_tim_sue_0652,NIDORINO,None,0,0,0.0,0,0.0,0,0.0,0.0,0,0,0,0,0.0,1,None,None,0,,0,"Damage: 0, Status: 0, Hazard: 0, Weather: 0, Cleric: 0, Screen: 0, Pass: 0",None
young_couple_tim_sue_0652_Noctowl,young_couple_tim_sue_0652,NOCTOWL,None,0,0,0.0,0,0.0,0,0.0,0.0,0,0,0,0,0.0,4,None,None,0,,0,"Damage: 0, Status: 0, Hazard: 0, Weather: 0, Cleric: 0, Screen: 0, Pass: 0",None
young_couple_tim_sue_0652_Onix,young_couple_tim_sue_0652,ONIX,None,0,0,0.0,0,0.0,0,0.0,0.0,0,0,0,0,0.0,1,None,None,0,,0,"Damage: 0, Status: 0, Hazard: 0, Weather: 0, Cleric: 0, Screen: 0, Pass: 0",None
young_couple_tim_sue_0652_Parasect,young_couple_tim_sue_0652,PARASECT,None,0,0,0.0,0,0.0,0,0.0,0.0,0,0,0,0,0.0,2,None,None,0,,0,"Damage: 0, Status: 0, Hazard: 0, Weather: 0, Cleric: 0, Screen: 0, Pass: 0",None
young_couple_tim_sue_0652_Pidgeot,young_couple_tim_sue_0652,PIDGEOT,None,0,0,0.0,0,0.0,0,0.0,0.0,0,0,0,0,0.0,1,None,None,0,,0,"Damage: 0, Status: 0, Hazard: 0, Weather: 0, Cleric: 0, Screen: 0, Pass: 0",None
young_couple_tim_sue_0652_Poliwhirl,young_couple_tim_sue_0652,POLIWHIRL,None,0,0,0.0,0,0.0,0,0.0,0.0,0,0,0,0,0.0,1,None,None,0,,0,"Damage: 0, Status: 0, Hazard: 0, Weather: 0, Cleric: 0, Screen: 0, Pass: 0",None
young_couple_tim_sue_0652_Porygon,young_couple_tim_sue_0652,PORYGON,None,0,0,0.0,0,0.0,0,0.0,0.0,0,0,0,0,0.0,3,None,None,0,,0,"Damage: 0, Status: 0, Hazard: 0, Weather: 0, Cleric: 0, Screen: 0, Pass: 0",None
young_couple_tim_sue_0652_Psyduck,young_couple_tim_sue_0652,PSYDUCK,Amnesia: 1 (100.0%),0,2,0.0,0,0.0,0,1.0,0.0,0,0,0,0,0.0,3,None,None,0,100.0,0,"Damage: 0, Status: 0, Hazard: 0, Weather: 0, Cleric: 0, Screen: 0, Pass: 0",None
young_couple_tim_sue_0652_Quagsire,young_couple_tim_sue_0652,QUAGSIRE,None,0,0,0.0,0,0.0,0,0.0,0.0,0,0,0,0,0.0,6,None,None,0,,0,"Damage: 0, Status: 0, Hazard: 0, Weather: 0, Cleric: 0, Screen: 0, Pass: 0",None
young_couple_tim_sue_0652_Qwilfish,young_couple_tim_sue_0652,QWILFISH,None,0,0,0.0,0,0.0,0,0.0,0.0,0,0,0,0,0.0,1,None,None,0,,0,"Damage: 0, Status: 0, Hazard: 0, Weather: 0, Cleric: 0, Screen: 0, Pass: 0",None
young_couple_tim_sue_0652_Rapidash,young_couple_tim_sue_0652,RAPIDASH,None,0,0,0.0,0,0.0,0,0.0,0.0,0,0,0,0,0.0,2,None,None,0,,0,"Damage: 0, Status: 0, Hazard: 0, Weather: 0, Cleric: 0, Screen: 0, Pass: 0",None
young_couple_tim_sue_0652_Raticate,young_couple_tim_sue_0652,RATICATE,None,0,0,0.0,0,0.0,0,0.0,0.0,0,0,0,0,0.0,1,None,None,0,,0,"Damage: 0, Status: 0, Hazard: 0, Weather: 0, Cleric: 0, Screen: 0, Pass: 0",None
young_couple_tim_sue_0652_Seadra,young_couple_tim_sue_0652,SEADRA,None,0,0,0.0,0,0.0,0,0.0,0.0,0,0,0,0,0.0,1,None,None,0,,0,"Damage: 0, Status: 0, Hazard: 0, Weather: 0, Cleric: 0, Screen: 0, Pass: 0",None
young_couple_tim_sue_0652_Seaking,young_couple_tim_sue_0652,SEAKING,None,0,0,0.0,0,0.0,0,0.0,0.0,0,0,0,0,0.0,1,None,None,0,,0,"Damage: 0, Status: 0, Hazard: 0, Weather: 0, Cleric: 0, Screen: 0, Pass: 0",None
young_couple_tim_sue_0652_Seel,young_couple_tim_sue_0652,SEEL,None,0,0,0.0,0,0.0,0,0.0,0.0,0,0,0,0,0.0,2,None,None,0,,0,"Damage: 0, Status: 0, Hazard: 0, Weather: 0, Cleric: 0, Screen: 0, Pass: 0",None
young_couple_tim_sue_0652_Seviper,young_couple_tim_sue_0652,SEVIPER,None,0,0,0.0,0,0.0,0,0.0,0.0,0,0,0,0,0.0,1,None,None,0,,0,"Damage: 0, Status: 0, Hazard: 0, Weather: 0, Cleric: 0, Screen: 0, Pass: 0",None
young_couple_tim_sue_0652_Shellder,young_couple_tim_sue_0652,SHELLDER,None,0,0,0.0,0,0.0,0,0.0,0.0,0,0,0,0,0.0,1,None,None,0,,0,"Damage: 0, Status: 0, Hazard: 0, Weather: 0, Cleric: 0, Screen: 0, Pass: 0",None
young_couple_tim_sue_0652_Slakoth,young_couple_tim_sue_0652,SLAKOTH,None,0,0,0.0,0,0.0,0,0.0,0.0,0,0,0,0,0.0,1,None,None,0,,0,"Damage: 0, Status: 0, Hazard: 0, Weather: 0, Cleric: 0, Screen: 0, Pass: 0",None
young_couple_tim_sue_0652_Slowking,young_couple_tim_sue_0652,SLOWKING,None,0,0,0.0,0,0.0,0,0.0,0.0,0,0,0,0,0.0,1,None,None,0,,0,"Damage: 0, Status: 0, Hazard: 0, Weather: 0, Cleric: 0, Screen: 0, Pass: 0",None
young_couple_tim_sue_0652_Slowpoke,young_couple_tim_sue_0652,SLOWPOKE,None,0,0,0.0,0,0.0,0,0.0,0.0,0,0,0,0,0.0,2,None,None,0,,0,"Damage: 0, Status: 0, Hazard: 0, Weather: 0, Cleric: 0, Screen: 0, Pass: 0",None
young_couple_tim_sue_0652_Snubbull,young_couple_tim_sue_0652,SNUBBULL,None,0,0,0.0,0,0.0,0,0.0,0.0,0,0,0,0,0.0,1,None,None,0,,0,"Damage: 0, Status: 0, Hazard: 0, Weather: 0, Cleric: 0, Screen: 0, Pass: 0",None
young_couple_tim_sue_0652_Spoink,young_couple_tim_sue_0652,SPOINK,None,0,0,0.0,0,0.0,0,0.0,0.0,0,0,0,0,0.0,1,None,None,0,,0,"Damage: 0, Status: 0, Hazard: 0, Weather: 0, Cleric: 0, Screen: 0, Pass: 0",None
young_couple_tim_sue_0652_Tauros,young_couple_tim_sue_0652,TAUROS,None,0,0,0.0,0,0.0,0,0.0,0.0,0,0,0,0,0.0,1,None,None,0,,0,"Damage: 0, Status: 0, Hazard: 0, Weather: 0, Cleric: 0, Screen: 0, Pass: 0",None
young_couple_tim_sue_0652_Teddiursa,young_couple_tim_sue_0652,TEDDIURSA,None,0,0,0.0,0,0.0,0,0.0,0.0,0,0,0,0,0.0,2,None,None,0,,0,"Damage: 0, Status: 0, Hazard: 0, Weather: 0, Cleric: 0, Screen: 0, Pass: 0",None
young_couple_tim_sue_0652_Torkoal,young_couple_tim_sue_0652,TORKOAL,None,0,0,0.0,0,0.0,0,0.0,0.0,0,0,0,0,0.0,1,None,None,0,,0,"Damage: 0, Status: 0, Hazard: 0, Weather: 0, Cleric: 0, Screen: 0, Pass: 0",None
young_couple_tim_sue_0652_Ursaring,young_couple_tim_sue_0652,URSARING,None,0,0,0.0,0,0.0,0,0.0,0.0,0,0,0,0,0.0,1,None,None,0,,0,"Damage: 0, Status: 0, Hazard: 0, Weather: 0, Cleric: 0, Screen: 0, Pass: 0",None
young_couple_tim_sue_0652_Vaporeon,young_couple_tim_sue_0652,VAPOREON,None,0,0,0.0,0,0.0,0,0.0,0.0,0,0,0,0,0.0,1,None,None,0,,0,"Damage: 0, Status: 0, Hazard: 0, Weather: 0, Cleric: 0, Screen: 0, Pass: 0",None
young_couple_tim_sue_0652_Venonat,young_couple_tim_sue_0652,VENONAT,None,0,0,0.0,0,0.0,0,0.0,0.0,0,0,0,0,0.0,2,None,None,0,,0,"Damage: 0, Status: 0, Hazard: 0, Weather: 0, Cleric: 0, Screen: 0, Pass: 0",None
young_couple_tim_sue_0652_Vileplume,young_couple_tim_sue_0652,VILEPLUME,None,0,0,0.0,0,0.0,0,0.0,0.0,0,0,0,0,0.0,1,None,None,0,,0,"Damage: 0, Status: 0, Hazard: 0, Weather: 0, Cleric: 0, Screen: 0, Pass: 0",None
young_couple_tim_sue_0652_Vulpix,young_couple_tim_sue_0652,VULPIX,None,0,0,0.0,0,0.0,0,0.0,0.0,0,0,0,0,0.0,2,None,None,0,,0,"Damage: 0, Status: 0, Hazard: 0, Weather: 0, Cleric: 0, Screen: 0, Pass: 0",None
young_couple_tim_sue_0652_Weezing,young_couple_tim_sue_0652,WEEZING,None,0,0,0.0,0,0.0,0,0.0,0.0,0,0,0,0,0.0,3,None,None,0,,0,"Damage: 0, Status: 0, Hazard: 0, Weather: 0, Cleric: 0, Screen: 0, Pass: 0",None
young_couple_tim_sue_0652_Whismur,young_couple_tim_sue_0652,WHISMUR,None,0,0,0.0,0,0.0,0,0.0,0.0,0,0,0,0,0.0,1,None,None,0,,0,"Damage: 0, Status: 0, Hazard: 0, Weather: 0, Cleric: 0, Screen: 0, Pass: 0",None
young_couple_tim_sue_0652_Xatu,young_couple_tim_sue_0652,XATU,None,0,0,0.0,0,0.0,0,0.0,0.0,0,0,0,0,0.0,2,None,None,0,,0,"Damage: 0, Status: 0, Hazard: 0, Weather: 0, Cleric: 0, Screen: 0, Pass: 0",None
young_couple_tim_sue_0653_Alakazam,young_couple_tim_sue_0653,ALAKAZAM,None,0,0,0.0,0,0.0,0,0.0,0.0,0,0,1,0,100.0,1,None,None,0,,0,"Damage: 0, Status: 0, Hazard: 0, Weather: 0, Cleric: 0, Screen: 0, Pass: 0",None
young_couple_tim_sue_0653_Golduck,young_couple_tim_sue_0653,GOLDUCK,"Blizzard: 948 (37.5%), Zen Headbutt: 737 (29.2%), Water Pulse: 451 (17.8%), Amnesia: 391 (15.5%), Screech: 1 (0.0%)",1158,147,7.88,163,8.99,0,3.17,1.26,114,489,80,103,-11.08,953,"Butterfree: 41, Magmar: 33, Graveler: 30","Seaking: 9, Quagsire: 8, Hypno: 7",179,94.29,0,"Damage: 163, Status: 11, Hazard: 0, Weather: 0, Cleric: 0, Screen: 0, Pass: 0",None
young_couple_tim_sue_0653_Kadabra,young_couple_tim_sue_0653,KADABRA,"Psychic: 1617 (52.7%), Role Play: 734 (23.9%), Reflect: 466 (15.2%), Recover: 251 (8.2%), Future Sight: 1 (0.0%), Struggle: 1 (0.0%)",1139,334,3.41,262,4.19,2,2.74,1.05,98,18,72,49,5.01,1181,"Koffing: 34, Magikarp: 31, Qwilfish: 29","Seaking: 24, Magmar: 14, Quagsire: 12",159,82.44,0,"Damage: 213, Status: 9, Hazard: 0, Weather: 0, Cleric: 0, Screen: 53, Pass: 0",None
young_couple_tim_sue_0653_Lickilicky,young_couple_tim_sue_0653,LICKILICKY,None,0,0,0.0,0,0.0,0,0.0,0.0,0,0,0,0,0.0,1,None,None,0,,0,"Damage: 0, Status: 0, Hazard: 0, Weather: 0, Cleric: 0, Screen: 0, Pass: 0",None
young_couple_tim_sue_0653_Psyduck,young_couple_tim_sue_0653,PSYDUCK,"Zen Headbutt: 3 (75.0%), Amnesia: 1 (25.0%)",0,2,0.0,0,0.0,0,3.0,0.0,1,0,0,0,25.0,2,None,None,0,100.0,0,"Damage: 0, Status: 0, Hazard: 0, Weather: 0, Cleric: 0, Screen: 0, Pass: 0",None
young_couple_tim_sue_0653_Quagsire,young_couple_tim_sue_0653,QUAGSIRE,None,0,0,0.0,0,0.0,0,0.0,0.0,0,0,0,0,0.0,2,None,None,0,,0,"Damage: 0, Status: 0, Hazard: 0, Weather: 0, Cleric: 0, Screen: 0, Pass: 0",None
young_couple_tim_sue_0653_Slowking,young_couple_tim_sue_0653,SLOWKING,None,0,0,0.0,0,0.0,0,0.0,0.0,0,0,0,0,0.0,1,None,None,0,,0,"Damage: 0, Status: 0, Hazard: 0, Weather: 0, Cleric: 0, Screen: 0, Pass: 0",None
young_couple_tim_sue_0654_Alakazam,young_couple_tim_sue_0654,ALAKAZAM,"Psychic: 1729 (56.4%), Calm Mind: 681 (22.2%), Reflect: 441 (14.4%), Recover: 214 (7.0%)",1467,112,13.1,118,14.15,11,2.81,0.97,108,19,79,21,5.31,1148,"Seaking: 34, Koffing: 34, Magikarp: 34","Seaking: 11, Arcanine: 8, Butterfree: 7",230,95.88,0,"Damage: 90, Status: 15, Hazard: 0, Weather: 0, Cleric: 0, Screen: 23, Pass: 0",None
young_couple_tim_sue_0654_Golduck,young_couple_tim_sue_0654,GOLDUCK,"Blizzard: 817 (40.0%), Hydro Pump: 473 (23.2%), Amnesia: 424 (20.8%), Aqua Jet: 322 (15.8%), Zen Headbutt: 3 (0.1%), Screech: 1 (0.0%)",924,84,11.0,189,13.25,0,2.89,1.03,83,429,50,0,-14.16,863,"Butterfree: 33, Graveler: 30, Magmar: 28","Starmie: 10, Sunflora: 6, Electabuzz: 5",139,97.33,0,"Damage: 189, Status: 0, Hazard: 0, Weather: 0, Cleric: 0, Screen: 0, Pass: 0",None
young_couple_tim_sue_0654_Kadabra,young_couple_tim_sue_0654,KADABRA,"Psychic: 6 (66.7%), Reflect: 2 (22.2%), Psycho Cut: 1 (11.1%)",0,6,0.0,0,0.0,0,2.5,0.0,0,0,0,0,0.0,6,None,None,0,100.0,0,"Damage: 0, Status: 0, Hazard: 0, Weather: 0, Cleric: 0, Screen: 0, Pass: 0",None
young_couple_tim_sue_0654_Lickilicky,young_couple_tim_sue_0654,LICKILICKY,None,0,0,0.0,0,0.0,0,0.0,0.0,0,0,0,0,0.0,1,None,None,0,,0,"Damage: 0, Status: 0, Hazard: 0, Weather: 0, Cleric: 0, Screen: 0, Pass: 0",None
young_couple_tim_sue_0654_Psyduck,young_couple_tim_sue_0654,PSYDUCK,"Amnesia: 2 (50.0%), Zen Headbutt: 1 (25.0%), Screech: 1 (25.0%)",0,2,0.0,0,0.0,0,3.0,0.0,0,0,0,0,0.0,2,None,None,0,100.0,0,"Damage: 0, Status: 0, Hazard: 0, Weather: 0, Cleric: 0, Screen: 0, Pass: 0",None
young_couple_tim_sue_0654_Quagsire,young_couple_tim_sue_0654,QUAGSIRE,None,0,0,0.0,0,0.0,0,0.0,0.0,0,0,0,0,0.0,1,None,None,0,,0,"Damage: 0, Status: 0, Hazard: 0, Weather: 0, Cleric: 0, Screen: 0, Pass: 0",None
young_couple_tim_sue_0654_Slowking,young_couple_tim_sue_0654,SLOWKING,None,0,0,0.0,0,0.0,0,0.0,0.0,0,0,0,0,0.0,1,None,None,0,,0,"Damage: 0, Status: 0, Hazard: 0, Weather: 0, Cleric: 0, Screen: 0, Pass: 0",None
young_couple_vic_tara_0557_Dugtrio,young_couple_vic_tara_0557,DUGTRIO,None,0,0,0.0,0,0.0,0,0.0,0.0,0,0,2,0,100.0,2,None,None,0,,0,"Damage: 0, Status: 0, Hazard: 0, Weather: 0, Cleric: 0, Screen: 0, Pass: 0",None
young_couple_vic_tara_0557_Golduck,young_couple_vic_tara_0557,GOLDUCK,None,0,0,0.0,0,0.0,0,0.0,0.0,0,0,0,0,0.0,1,None,None,0,,0,"Damage: 0, Status: 0, Hazard: 0, Weather: 0, Cleric: 0, Screen: 0, Pass: 0",None
young_couple_vic_tara_0557_Golem,young_couple_vic_tara_0557,GOLEM,None,0,0,0.0,0,0.0,0,0.0,0.0,0,0,0,0,0.0,1,None,None,0,,0,"Damage: 0, Status: 0, Hazard: 0, Weather: 0, Cleric: 0, Screen: 0, Pass: 0",None
young_couple_vic_tara_0557_Graveler,young_couple_vic_tara_0557,GRAVELER,None,0,0,0.0,0,0.0,0,0.0,0.0,0,0,0,0,0.0,5,None,None,0,,0,"Damage: 0, Status: 0, Hazard: 0, Weather: 0, Cleric: 0, Screen: 0, Pass: 0",None
young_couple_vic_tara_0557_Magmar,young_couple_vic_tara_0557,MAGMAR,"Flamethrower: 1441 (40.6%), Sunny Day: 862 (24.3%), Fire Spin: 720 (20.3%), Confuse Ray: 525 (14.8%)",1094,457,2.39,413,3.3,25,3.08,1.61,104,255,119,50,-0.62,1273,"Koffing: 39, Butterfree: 38, Beedrill: 21","Seaking: 22, Golduck: 18, Graveler: 15",156,78.32,0,"Damage: 247, Status: 272, Hazard: 0, Weather: 3, Cleric: 0, Screen: 0, Pass: 0",None
young_couple_vic_tara_0557_Onix,young_couple_vic_tara_0557,ONIX,None,0,0,0.0,0,0.0,0,0.0,0.0,0,0,0,0,0.0,1,None,None,0,,0,"Damage: 0, Status: 0, Hazard: 0, Weather: 0, Cleric: 0, Screen: 0, Pass: 0",None
young_couple_vic_tara_0557_Primeape,young_couple_vic_tara_0557,PRIMEAPE,None,0,0,0.0,0,0.0,0,0.0,0.0,0,0,0,0,0.0,1,None,None,0,,0,"Damage: 0, Status: 0, Hazard: 0, Weather: 0, Cleric: 0, Screen: 0, Pass: 0",None
young_couple_vic_tara_0557_Quagsire,young_couple_vic_tara_0557,QUAGSIRE,None,0,0,0.0,0,0.0,0,0.0,0.0,0,0,0,0,0.0,2,None,None,0,,0,"Damage: 0, Status: 0, Hazard: 0, Weather: 0, Cleric: 0, Screen: 0, Pass: 0",None
young_couple_vic_tara_0557_Rapidash,young_couple_vic_tara_0557,RAPIDASH,None,0,0,0.0,0,0.0,0,0.0,0.0,0,0,0,0,0.0,2,None,None,0,,0,"Damage: 0, Status: 0, Hazard: 0, Weather: 0, Cleric: 0, Screen: 0, Pass: 0",None
young_couple_vic_tara_0557_Rhydon,young_couple_vic_tara_0557,RHYDON,None,0,0,0.0,0,0.0,0,0.0,0.0,0,0,0,0,0.0,1,None,None,0,,0,"Damage: 0, Status: 0, Hazard: 0, Weather: 0, Cleric: 0, Screen: 0, Pass: 0",None
young_couple_vic_tara_0557_Sandslash,young_couple_vic_tara_0557,SANDSLASH,None,0,0,0.0,0,0.0,0,0.0,0.0,0,0,0,0,0.0,4,None,None,0,,0,"Damage: 0, Status: 0, Hazard: 0, Weather: 0, Cleric: 0, Screen: 0, Pass: 0",None
young_couple_vic_tara_0557_Slowking,young_couple_vic_tara_0557,SLOWKING,None,0,0,0.0,0,0.0,0,0.0,0.0,0,0,0,0,0.0,2,None,None,0,,0,"Damage: 0, Status: 0, Hazard: 0, Weather: 0, Cleric: 0, Screen: 0, Pass: 0",None
young_couple_vic_tara_0557_Steelix,young_couple_vic_tara_0557,STEELIX,None,0,0,0.0,0,0.0,0,0.0,0.0,0,0,0,0,0.0,4,None,None,0,,0,"Damage: 0, Status: 0, Hazard: 0, Weather: 0, Cleric: 0, Screen: 0, Pass: 0",None
young_couple_vic_tara_0557_Sunflora,young_couple_vic_tara_0557,SUNFLORA,"Mega Drain: 626 (30.2%), Razor Leaf: 624 (30.1%), Solar Beam: 535 (25.8%), Ingrain: 285 (13.8%)",944,428,2.21,258,2.81,0,2.72,1.47,155,91,95,0,7.34,1054,"Magikarp: 46, Seaking: 40, Quagsire: 31","Magmar: 28, Butterfree: 15, Graveler: 14",154,76.11,1,"Damage: 258, Status: 0, Hazard: 0, Weather: 0, Cleric: 0, Screen: 0, Pass: 0",None
youngster_albert_0049_Dugtrio,youngster_albert_0049,DUGTRIO,None,0,0,0.0,0,0.0,0,0.0,0.0,0,0,1,0,100.0,1,None,None,0,,0,"Damage: 0, Status: 0, Hazard: 0, Weather: 0, Cleric: 0, Screen: 0, Pass: 0",None
youngster_albert_0049_Quagsire,youngster_albert_0049,QUAGSIRE,None,0,0,0.0,0,0.0,0,0.0,0.0,0,0,0,0,0.0,4,None,None,0,,0,"Damage: 0, Status: 0, Hazard: 0, Weather: 0, Cleric: 0, Screen: 0, Pass: 0",None
youngster_albert_0049_Rattata,youngster_albert_0049,RATTATA,"Quick Attack: 1089 (42.7%), Tail Whip: 753 (29.5%), Tackle: 709 (27.8%)",79,1112,0.07,93,0.15,0,3.03,1.3,91,95,128,0,4.63,1140,"Bellsprout: 16, Caterpie: 10, Magikarp: 7","Geodude: 23, Koffing: 21, Seaking: 18",9,6.67,0,"Damage: 93, Status: 0, Hazard: 0, Weather: 0, Cleric: 0, Screen: 0, Pass: 0",None
youngster_albert_0049_Zubat,youngster_albert_0049,ZUBAT,"Leech Life: 1576 (65.7%), Supersonic: 820 (34.2%), Struggle: 1 (0.0%)",57,1070,0.05,56,0.11,0,4.33,1.64,99,431,154,0,-6.98,1120,"Geodude: 11, Magikarp: 9, Bellsprout: 9","Geodude: 19, Seaking: 18, Onix: 17",5,12.96,0,"Damage: 48, Status: 55, Hazard: 0, Weather: 0, Cleric: 0, Screen: 0, Pass: 0",None
youngster_gordon_0056_Wooper,youngster_gordon_0056,WOOPER,"Water Gun: 1372 (31.6%), Tail Whip: 1343 (31.0%), Mud Shot: 1019 (23.5%), Mud Sport: 590 (13.6%), Struggle: 12 (0.3%)",173,1066,0.16,3,0.17,0,5.08,1.74,136,396,187,768,-1.61,1130,"Geodude: 21, Magikarp: 20, Caterpie: 14","Koffing: 19, Seaking: 18, Bellsprout: 16",22,12.3,0,"Damage: 3, Status: 0, Hazard: 0, Weather: 0, Cleric: 0, Screen: 0, Pass: 0",None
youngster_ian_0064_Diglett,youngster_ian_0064,DIGLETT,"Scratch: 780 (30.9%), Growl: 600 (23.8%), Sand Attack: 586 (23.2%), Astonish: 556 (22.0%)",83,1027,0.08,4,0.08,0,4.44,1.36,75,216,525,137,12.5,1070,"Magikarp: 13, Pidgey: 5, Weedle: 5","Seaking: 18, Growlithe: 16, Sandslash: 16",7,8.33,5,"Damage: 4, Status: 0, Hazard: 0, Weather: 0, Cleric: 0, Screen: 0, Pass: 0",None
youngster_ian_0064_Dugtrio,youngster_ian_0064,DUGTRIO,None,0,0,0.0,0,0.0,0,0.0,0.0,0,0,2,0,100.0,2,None,None,0,,0,"Damage: 0, Status: 0, Hazard: 0, Weather: 0, Cleric: 0, Screen: 0, Pass: 0",None
youngster_ian_0064_Mankey,youngster_ian_0064,MANKEY,"Scratch: 793 (31.4%), Low Kick: 713 (28.2%), Leer: 666 (26.4%), Focus Energy: 353 (14.0%)",124,1060,0.12,72,0.18,14,3.27,1.57,234,95,166,0,11.33,1112,"Bellsprout: 31, Magikarp: 17, Caterpie: 13","Koffing: 18, Seaking: 18, Geodude: 17",16,11.33,0,"Damage: 72, Status: 0, Hazard: 0, Weather: 0, Cleric: 0, Screen: 0, Pass: 0",None
youngster_ian_0064_Quagsire,youngster_ian_0064,QUAGSIRE,None,0,0,0.0,0,0.0,0,0.0,0.0,0,0,0,0,0.0,4,None,None,0,,0,"Damage: 0, Status: 0, Hazard: 0, Weather: 0, Cleric: 0, Screen: 0, Pass: 0",None
youngster_ian_0616_Diglett,youngster_ian_0616,DIGLETT,None,0,2,0.0,0,0.0,0,2.0,0.0,0,0,0,0,0.0,2,None,None,0,,0,"Damage: 0, Status: 0, Hazard: 0, Weather: 0, Cleric: 0, Screen: 0, Pass: 0",None
youngster_ian_0616_Dugtrio,youngster_ian_0616,DUGTRIO,"Sucker Punch: 1092 (37.9%), Earth Power: 619 (21.5%), Sand Tomb: 603 (20.9%), Mud Bomb: 567 (19.7%)",515,758,0.68,42,0.73,0,4.14,1.6,120,280,169,130,0.09,987,"Pikachu: 26, Magnemite: 21, Goldeen: 16","Seaking: 26, Butterfree: 16, Graveler: 15",59,37.5,0,"Damage: 42, Status: 0, Hazard: 0, Weather: 0, Cleric: 0, Screen: 0, Pass: 0",None
youngster_ian_0616_Mankey,youngster_ian_0616,MANKEY,"Seismic Toss: 806 (26.1%), Assurance: 798 (25.8%), Screech: 754 (24.4%), Karate Chop: 728 (23.6%), Scratch: 2 (0.1%), Leer: 1 (0.0%)",634,957,0.66,330,1.01,11,3.22,1.6,119,136,137,0,3.72,1227,"Magikarp: 54, Bellsprout: 28, Pidgey: 22","Seaking: 21, Graveler: 18, Pikachu: 18",84,34.64,0,"Damage: 330, Status: 0, Hazard: 0, Weather: 0, Cleric: 0, Screen: 0, Pass: 0",None
youngster_ian_0616_Quagsire,youngster_ian_0616,QUAGSIRE,None,0,0,0.0,0,0.0,0,0.0,0.0,0,0,0,0,0.0,3,None,None,0,,0,"Damage: 0, Status: 0, Hazard: 0, Weather: 0, Cleric: 0, Screen: 0, Pass: 0",None
youngster_ian_0617_Diglett,youngster_ian_0617,DIGLETT,Scratch: 1 (100.0%),0,2,0.0,0,0.0,0,2.5,0.0,0,0,0,0,0.0,2,None,None,0,,0,"Damage: 0, Status: 0, Hazard: 0, Weather: 0, Cleric: 0, Screen: 0, Pass: 0",None
youngster_ian_0617_Dugtrio,youngster_ian_0617,DUGTRIO,"Slash: 885 (38.0%), Earth Power: 491 (21.1%), Sand Tomb: 477 (20.5%), Mud Bomb: 476 (20.4%), Sucker Punch: 1 (0.0%)",625,610,1.02,105,1.2,0,3.68,1.42,202,261,110,110,2.36,926,"Magnemite: 38, Butterfree: 23, Pikachu: 18","Seaking: 21, Weezing: 17, Seadra: 17",88,58.0,4,"Damage: 105, Status: 0, Hazard: 0, Weather: 0, Cleric: 0, Screen: 0, Pass: 0",None
youngster_ian_0617_Mankey,youngster_ian_0617,MANKEY,Assurance: 1 (100.0%),0,4,0.0,0,0.0,0,1.5,0.0,0,0,0,0,0.0,4,None,None,0,100.0,0,"Damage: 0, Status: 0, Hazard: 0, Weather: 0, Cleric: 0, Screen: 0, Pass: 0",None
youngster_ian_0617_Primeape,youngster_ian_0617,PRIMEAPE,"Rage: 1628 (28.4%), Assurance: 1550 (27.1%), Screech: 1495 (26.1%), Swagger: 1050 (18.3%)",873,846,1.03,648,1.8,63,5.0,2.33,191,432,205,0,-0.61,1304,"Magikarp: 55, Bellsprout: 29, Geodude: 22","Seaking: 27, Koffing: 20, Butterfree: 18",125,56.38,0,"Damage: 566, Status: 397, Hazard: 0, Weather: 0, Cleric: 0, Screen: 0, Pass: 0",None
youngster_ian_0617_Quagsire,youngster_ian_0617,QUAGSIRE,None,0,0,0.0,0,0.0,0,0.0,0.0,0,0,0,0,0.0,2,None,None,0,,0,"Damage: 0, Status: 0, Hazard: 0, Weather: 0, Cleric: 0, Screen: 0, Pass: 0",None
youngster_ian_0618_Diglett,youngster_ian_0618,DIGLETT,Astonish: 1 (100.0%),0,2,0.0,0,0.0,0,3.0,0.0,0,0,0,0,0.0,2,None,None,0,,0,"Damage: 0, Status: 0, Hazard: 0, Weather: 0, Cleric: 0, Screen: 0, Pass: 0",None
youngster_ian_0618_Dugtrio,youngster_ian_0618,DUGTRIO,"Slash: 726 (42.8%), Mud Bomb: 347 (20.4%), Fissure: 333 (19.6%), Earthquake: 288 (17.0%), Sucker Punch: 2 (0.1%), Earth Power: 2 (0.1%)",698,251,2.78,46,2.96,0,3.68,1.25,123,254,59,58,-3.49,653,"Magmar: 20, Weezing: 19, Seaking: 18","Golduck: 9, Starmie: 9, Seaking: 8",105,75.0,0,"Damage: 46, Status: 0, Hazard: 0, Weather: 0, Cleric: 0, Screen: 0, Pass: 0",None
youngster_ian_0618_Mankey,youngster_ian_0618,MANKEY,"Leer: 1 (33.3%), Focus Energy: 1 (33.3%), Seismic Toss: 1 (33.3%)",0,4,0.0,0,0.0,0,2.25,0.0,0,0,0,0,0.0,4,None,None,0,100.0,0,"Damage: 0, Status: 0, Hazard: 0, Weather: 0, Cleric: 0, Screen: 0, Pass: 0",None
youngster_ian_0618_Primeape,youngster_ian_0618,PRIMEAPE,"Thrash: 1883 (40.2%), Rage: 984 (21.0%), Cross Chop: 949 (20.3%), Swagger: 867 (18.5%), Screech: 1 (0.0%)",1507,579,2.6,542,3.54,35,4.22,1.68,253,303,137,0,1.8,1264,"Magikarp: 56, Voltorb: 31, Bellsprout: 31","Koffing: 16, Graveler: 15, Magmar: 13",235,78.65,0,"Damage: 480, Status: 230, Hazard: 0, Weather: 0, Cleric: 0, Screen: 0, Pass: 0",None
youngster_jason_0381_Crobat,youngster_jason_0381,CROBAT,"Air Cutter: 1269 (34.0%), Poison Fang: 1153 (30.9%), Confuse Ray: 709 (19.0%), Mean Look: 601 (16.1%)",658,408,1.61,185,2.07,4,5.95,2.45,205,113,149,255,6.57,820,"Butterfree: 30, Magmar: 19, Seadra: 18","Golem: 14, Seaking: 11, Azumarill: 11",90,56.45,0,"Damage: 162, Status: 150, Hazard: 0, Weather: 0, Cleric: 0, Screen: 0, Pass: 0",None
youngster_jason_0381_Dugtrio,youngster_jason_0381,DUGTRIO,None,0,0,0.0,0,0.0,0,0.0,0.0,0,0,3,0,100.0,3,None,None,0,,0,"Damage: 0, Status: 0, Hazard: 0, Weather: 0, Cleric: 0, Screen: 0, Pass: 0",None
youngster_jason_0381_Quagsire,youngster_jason_0381,QUAGSIRE,None,0,0,0.0,0,0.0,0,0.0,0.0,0,0,0,0,0.0,5,None,None,0,,0,"Damage: 0, Status: 0, Hazard: 0, Weather: 0, Cleric: 0, Screen: 0, Pass: 0",None
youngster_jason_0381_Sandslash,youngster_jason_0381,SANDSLASH,"Fury Cutter: 1646 (28.7%), Crush Claw: 1490 (26.0%), Slash: 1449 (25.2%), Sand Tomb: 1155 (20.1%)",1176,740,1.59,604,2.41,47,5.38,2.86,409,668,215,443,-0.8,1273,"Magikarp: 56, Magnemite: 36, Bellsprout: 29","Butterfree: 25, Graveler: 23, Azumarill: 21",169,66.06,0,"Damage: 604, Status: 0, Hazard: 0, Weather: 0, Cleric: 0, Screen: 0, Pass: 0",None
youngster_jimmy_0379_Arbok,youngster_jimmy_0379,ARBOK,"Mud Bomb: 1369 (58.4%), Gastro Acid: 674 (28.7%), Swallow: 154 (6.6%), Spit Up: 142 (6.1%), Struggle: 6 (0.3%)",259,430,0.6,94,0.82,11,5.47,2.58,60,224,213,227,1.92,613,"Qwilfish: 11, Magnemite: 10, Magmar: 10","Butterfree: 18, Parasect: 15, Quagsire: 15",23,66.67,1,"Damage: 94, Status: 0, Hazard: 0, Weather: 0, Cleric: 0, Screen: 0, Pass: 0",None
youngster_jimmy_0379_Dugtrio,youngster_jimmy_0379,DUGTRIO,None,0,0,0.0,0,0.0,0,0.0,0.0,0,0,3,0,100.0,2,None,None,0,,0,"Damage: 0, Status: 0, Hazard: 0, Weather: 0, Cleric: 0, Screen: 0, Pass: 0",None
youngster_jimmy_0379_Parasect,youngster_jimmy_0379,PARASECT,"Giga Drain: 908 (30.6%), Slash: 828 (27.9%), Growth: 811 (27.3%), Spore: 423 (14.2%)",560,435,1.29,107,1.53,3,5.79,2.39,143,49,155,0,7.97,756,"Quagsire: 24, Seaking: 23, Seadra: 17","Butterfree: 19, Graveler: 15, Weezing: 15",79,,1,"Damage: 97, Status: 69, Hazard: 0, Weather: 0, Cleric: 0, Screen: 0, Pass: 0",None
youngster_jimmy_0379_Quagsire,youngster_jimmy_0379,QUAGSIRE,None,0,0,0.0,0,0.0,0,0.0,0.0,0,0,0,0,0.0,2,None,None,0,,0,"Damage: 0, Status: 0, Hazard: 0, Weather: 0, Cleric: 0, Screen: 0, Pass: 0",None
youngster_jimmy_0379_Raticate,youngster_jimmy_0379,RATICATE,"Double Edge: 1120 (25.4%), Super Fang: 1105 (25.0%), Assurance: 1099 (24.9%), Crunch: 1093 (24.7%)",1261,759,1.66,566,2.41,84,4.17,1.85,260,154,134,146,5.41,1280,"Magikarp: 56, Voltorb: 41, Bellsprout: 30","Graveler: 20, Quagsire: 15, Golduck: 14",196,65.7,1,"Damage: 566, Status: 0, Hazard: 0, Weather: 0, Cleric: 0, Screen: 0, Pass: 0",None
youngster_joey_0008_Rattata,youngster_joey_0008,RATTATA,"Quick Attack: 936 (43.8%), Tail Whip: 627 (29.3%), Tackle: 575 (26.9%)",58,1094,0.05,6,0.06,0,2.66,1.18,81,69,114,0,5.6,1108,"Caterpie: 29, Pidgey: 4, Weedle: 4","Seaking: 18, Koffing: 18, Onix: 18",4,3.7,0,"Damage: 6, Status: 0, Hazard: 0, Weather: 0, Cleric: 0, Screen: 0, Pass: 0",None
youngster_joey_0279_Raticate,youngster_joey_0279,RATICATE,"Crunch: 1424 (26.5%), Super Fang: 1338 (24.9%), Assurance: 1337 (24.8%), Scary Face: 1272 (23.6%), Struggle: 10 (0.2%)",821,845,0.97,30,1.01,0,5.14,2.67,251,368,209,192,1.87,1181,"Magikarp: 56, Geodude: 28, Bellsprout: 28","Seaking: 25, Koffing: 18, Sandslash: 17",109,40.54,0,"Damage: 30, Status: 0, Hazard: 0, Weather: 0, Cleric: 0, Screen: 0, Pass: 0",None
youngster_joey_0279_Rattata,youngster_joey_0279,RATTATA,"Quick Attack: 1 (50.0%), Tackle: 1 (50.0%)",0,2,0.0,0,0.0,0,1.5,0.0,0,0,0,0,0.0,2,None,None,0,100.0,0,"Damage: 0, Status: 0, Hazard: 0, Weather: 0, Cleric: 0, Screen: 0, Pass: 0",None
youngster_joey_0280_Raticate,youngster_joey_0280,RATICATE,"Quick Attack: 1698 (26.5%), Super Fang: 1596 (24.9%), Hyper Fang: 1595 (24.9%), Scary Face: 1521 (23.7%), Assurance: 4 (0.1%)",1095,799,1.37,39,1.42,0,5.62,2.63,321,536,208,67,-0.16,1245,"Magikarp: 57, Bellsprout: 29, Sentret: 29","Seaking: 21, Graveler: 20, Quagsire: 16",146,52.37,0,"Damage: 39, Status: 0, Hazard: 0, Weather: 0, Cleric: 0, Screen: 0, Pass: 0",None
youngster_joey_0280_Rattata,youngster_joey_0280,RATTATA,"Tail Whip: 2 (50.0%), Quick Attack: 1 (25.0%), Tackle: 1 (25.0%)",0,2,0.0,0,0.0,0,3.0,0.0,0,0,0,0,0.0,2,None,None,0,100.0,0,"Damage: 0, Status: 0, Hazard: 0, Weather: 0, Cleric: 0, Screen: 0, Pass: 0",None
youngster_joey_0510_Raticate,youngster_joey_0510,RATICATE,"Quick Attack: 2315 (29.2%), Hyper Fang: 2231 (28.1%), Endeavor: 2143 (27.0%), Substitute: 1247 (15.7%), Scary Face: 2 (0.0%), Super Fang: 2 (0.0%)",1905,602,3.16,39,3.23,0,6.16,1.73,263,269,224,79,2.7,1372,"Magikarp: 58, Butterfree: 43, Voltorb: 39","Graveler: 20, Seadra: 17, Azumarill: 14",278,78.61,0,"Damage: 39, Status: 0, Hazard: 0, Weather: 0, Cleric: 0, Screen: 0, Pass: 0",None
youngster_joey_0510_Rattata,youngster_joey_0510,RATTATA,"Tail Whip: 1 (33.3%), Tackle: 1 (33.3%), Quick Attack: 1 (33.3%)",0,2,0.0,0,0.0,0,2.5,0.0,0,0,0,0,0.0,2,None,None,0,100.0,0,"Damage: 0, Status: 0, Hazard: 0, Weather: 0, Cleric: 0, Screen: 0, Pass: 0",None
youngster_mikey_0047_Dugtrio,youngster_mikey_0047,DUGTRIO,None,0,0,0.0,0,0.0,0,0.0,0.0,0,0,2,0,100.0,2,None,None,0,,0,"Damage: 0, Status: 0, Hazard: 0, Weather: 0, Cleric: 0, Screen: 0, Pass: 0",None
youngster_mikey_0047_Pidgey,youngster_mikey_0047,PIDGEY,"Tackle: 1649 (99.6%), Struggle: 7 (0.4%)",17,1102,0.02,36,0.05,0,2.68,1.15,106,91,91,0,6.07,1104,"Caterpie: 6, Voltorb: 2, Pichu: 2","Geodude: 22, Koffing: 20, Seaking: 18",1,3.17,0,"Damage: 36, Status: 0, Hazard: 0, Weather: 0, Cleric: 0, Screen: 0, Pass: 0",None
youngster_mikey_0047_Quagsire,youngster_mikey_0047,QUAGSIRE,None,0,0,0.0,0,0.0,0,0.0,0.0,0,0,0,0,0.0,4,None,None,0,,0,"Damage: 0, Status: 0, Hazard: 0, Weather: 0, Cleric: 0, Screen: 0, Pass: 0",None
youngster_mikey_0047_Rattata,youngster_mikey_0047,RATTATA,"Quick Attack: 744 (45.2%), Tail Whip: 490 (29.8%), Tackle: 412 (25.0%)",38,1087,0.03,4,0.04,0,3.22,1.15,62,53,95,0,5.97,1104,"Bellsprout: 8, Caterpie: 4, Totodile: 4","Magmar: 19, Seaking: 18, Growlithe: 16",5,0.0,0,"Damage: 4, Status: 0, Hazard: 0, Weather: 0, Cleric: 0, Screen: 0, Pass: 0",None
youngster_owen_0380_Growlithe,youngster_owen_0380,GROWLITHE,"Crunch: 1251 (25.6%), Take Down: 1225 (25.1%), Agility: 1216 (24.9%), Flamethrower: 1190 (24.4%)",1511,723,2.09,57,2.17,0,4.14,1.98,214,228,163,210,3.15,1304,"Magikarp: 56, Goldeen: 43, Magnemite: 43","Graveler: 34, Seaking: 26, Seadra: 16",207,69.63,0,"Damage: 57, Status: 12, Hazard: 0, Weather: 0, Cleric: 0, Screen: 0, Pass: 0",None
youngster_regis_0552_Dugtrio,youngster_regis_0552,DUGTRIO,None,0,0,0.0,0,0.0,0,0.0,0.0,0,0,2,0,100.0,2,None,None,0,,0,"Damage: 0, Status: 0, Hazard: 0, Weather: 0, Cleric: 0, Screen: 0, Pass: 0",None
youngster_regis_0552_Electrode,youngster_regis_0552,ELECTRODE,"Swift: 1074 (44.1%), Charge Beam: 814 (33.4%), Magnet Rise: 519 (21.3%), Selfdestruct: 27 (1.1%)",502,488,1.03,81,1.19,0,4.31,1.96,99,109,83,512,3.61,788,"Seaking: 21, Corsola: 21, Magnemite: 19","Graveler: 15, Magmar: 15, Golem: 15",56,57.58,0,"Damage: 81, Status: 0, Hazard: 0, Weather: 0, Cleric: 0, Screen: 0, Pass: 0",None
youngster_regis_0552_Golbat,youngster_regis_0552,GOLBAT,"Air Cutter: 2186 (33.1%), Poison Fang: 1976 (30.0%), Confuse Ray: 1264 (19.2%), Mean Look: 1169 (17.7%)",1300,729,1.78,583,2.58,28,5.69,2.49,371,209,196,390,5.06,1315,"Magikarp: 56, Bellsprout: 30, Butterfree: 28","Graveler: 36, Seaking: 24, Koffing: 18",198,69.66,0,"Damage: 550, Status: 396, Hazard: 0, Weather: 0, Cleric: 0, Screen: 0, Pass: 0",None
youngster_regis_0552_Quagsire,youngster_regis_0552,QUAGSIRE,None,0,0,0.0,0,0.0,0,0.0,0.0,0,0,0,0,0.0,7,None,None,0,,0,"Damage: 0, Status: 0, Hazard: 0, Weather: 0, Cleric: 0, Screen: 0, Pass: 0",None
youngster_samuel_0062_Dugtrio,youngster_samuel_0062,DUGTRIO,None,0,0,0.0,0,0.0,0,0.0,0.0,0,0,2,0,100.0,2,None,None,0,,0,"Damage: 0, Status: 0, Hazard: 0, Weather: 0, Cleric: 0, Screen: 0, Pass: 0",None
youngster_samuel_0062_Quagsire,youngster_samuel_0062,QUAGSIRE,None,0,0,0.0,0,0.0,0,0.0,0.0,0,0,0,0,0.0,4,None,None,0,,0,"Damage: 0, Status: 0, Hazard: 0, Weather: 0, Cleric: 0, Screen: 0, Pass: 0",None
youngster_samuel_0062_Rattata,youngster_samuel_0062,RATTATA,"Quick Attack: 831 (34.6%), Tail Whip: 635 (26.4%), Tackle: 603 (25.1%), Focus Energy: 335 (13.9%)",62,1094,0.06,161,0.2,33,3.24,1.27,189,92,133,0,9.07,1135,"Caterpie: 11, Magikarp: 6, Pidgey: 6","Geodude: 26, Koffing: 19, Seaking: 18",3,8.19,0,"Damage: 161, Status: 0, Hazard: 0, Weather: 0, Cleric: 0, Screen: 0, Pass: 0",None
youngster_samuel_0062_Sandshrew,youngster_samuel_0062,SANDSHREW,"Scratch: 985 (28.3%), Poison Sting: 909 (26.2%), Sand Attack: 820 (23.6%), Defense Curl: 762 (21.9%)",81,1024,0.08,161,0.24,0,5.36,1.77,113,229,666,258,13.63,1094,"Magikarp: 27, Geodude: 5, Spearow: 4","Seaking: 18, Growlithe: 16, Butterfree: 16",10,8.33,1,"Damage: 161, Status: 104, Hazard: 0, Weather: 0, Cleric: 0, Screen: 0, Pass: 0",None
youngster_samuel_0062_Spearow,youngster_samuel_0062,SPEAROW,"Peck: 1023 (38.4%), Leer: 829 (31.1%), Growl: 814 (30.5%)",106,2033,0.05,41,0.07,2,5.48,2.37,62,37,439,0,14.94,1069,"Bellsprout: 26, Poliwag: 7, Gastly: 6","Seaking: 36, Magmar: 33, Growlithe: 31",12,,10,"Damage: 41, Status: 0, Hazard: 0, Weather: 0, Cleric: 0, Screen: 0, Pass: 0",None
youngster_warren_0378_Dugtrio,youngster_warren_0378,DUGTRIO,None,0,0,0.0,0,0.0,0,0.0,0.0,0,0,2,0,100.0,2,None,None,0,,0,"Damage: 0, Status: 0, Hazard: 0, Weather: 0, Cleric: 0, Screen: 0, Pass: 0",None
youngster_warren_0378_Fearow,youngster_warren_0378,FEAROW,"Mirror Move: 1488 (26.7%), Assurance: 1432 (25.7%), Aerial Ace: 1360 (24.4%), Agility: 1291 (23.2%)",1060,854,1.24,480,1.8,0,4.8,2.39,187,75,218,42,5.79,1281,"Magikarp: 56, Bellsprout: 30, Goldeen: 26","Graveler: 27, Seaking: 22, Pikachu: 19",151,54.57,0,"Damage: 477, Status: 18, Hazard: 0, Weather: 0, Cleric: 0, Screen: 0, Pass: 0",None
youngster_warren_0378_Quagsire,youngster_warren_0378,QUAGSIRE,None,0,0,0.0,0,0.0,0,0.0,0.0,0,0,0,0,0.0,3,None,None,0,,0,"Damage: 0, Status: 0, Hazard: 0, Weather: 0, Cleric: 0, Screen: 0, Pass: 0",None
youngster_warren_0378_Raticate,youngster_warren_0378,RATICATE,"Double Edge: 674 (27.3%), Assurance: 623 (25.2%), Crunch: 611 (24.7%), Super Fang: 561 (22.7%)",682,602,1.13,39,1.2,2,4.05,1.81,152,89,105,78,6.28,893,"Pikachu: 35, Teddiursa: 22, Magnemite: 22","Seaking: 17, Graveler: 16, Seadra: 15",87,61.11,0,"Damage: 39, Status: 0, Hazard: 0, Weather: 0, Cleric: 0, Screen: 0, Pass: 0",None
