Species,Tier,Role,Global_Move_Usage,Total_KOs,Total_Deaths,Global_KDR,Total_Assists,KDA,Global_Average_Lifespan_Turns,Average_Hits_Taken,Critical_Hits,Missed_Attacks,Dodged_Attacks,Secondary_Effect_Procs,Luck_Score,Games_Seen,Most_KOs_Against,Killed_Most_By,Switch_In_Casualties,Assist_Breakdown,Mimic_Move_Usage
ABOMASNOW,S+,Weather,"Blizzard: 1570 (49.0%), Wood Hammer: 766 (23.9%), Ice Shard: 498 (15.5%), Earthquake: 371 (11.6%)",2475,205,12.07,623,15.11,2.67,0.8,223,28,74,0,8.2,1333,"Koffing: 68, Magikarp: 56, Rattata: 54","Magmar: 20, Rapidash: 9, Crobat: 9",0,"Damage: 248, Status: 0, Hazard: 0, Weather: 592, Cleric: 0, Screen: 0, Pass: 0",None
ABRA,F-,Disrupter,"Flash: 9068 (66.5%), Teleport: 4458 (32.7%), Struggle: 112 (0.8%)",3,2816,0.0,158,0.06,10.6,2.69,8,347,6096,0,29.17,1698,"Abra: 2, Meowth: 1","Raticate: 50, Seaking: 49, Koffing: 48",3,"Damage: 39, Status: 125, Hazard: 0, Weather: 0, Cleric: 0, Screen: 0, Pass: 0",None
ABSOL,S-,All-Rounder,"Night Slash: 2509 (54.1%), Psycho Cut: 1025 (22.1%), Quick Attack: 588 (12.7%), Slash: 386 (8.3%), Detect: 72 (1.6%), Perish Song: 54 (1.2%)",2274,630,3.61,446,4.32,3.39,1.36,992,94,149,0,21.89,1578,"Koffing: 58, Magikarp: 55, Rattata: 52","Graveler: 28, Gyarados: 20, Koffing: 20",1,"Damage: 446, Status: 0, Hazard: 0, Weather: 0, Cleric: 0, Screen: 0, Pass: 0",None
AERODACTYL,S-,All-Rounder,"Rock Slide: 459 (46.8%), Thunder Fang: 217 (22.1%), Crunch: 113 (11.5%), Aerial Ace: 88 (9.0%), Earthquake: 79 (8.1%), Roar: 25 (2.5%)",457,121,3.78,93,4.55,4.29,1.51,54,89,40,74,-0.54,338,"Seaking: 26, Golbat: 19, Gyarados: 19","Lapras: 8, Gyarados: 8, Seaking: 5",3,"Damage: 93, Status: 1, Hazard: 0, Weather: 0, Cleric: 0, Screen: 0, Pass: 0",None
AIPOM,E,All-Rounder,"Double Hit: 3696 (26.9%), Swift: 3157 (22.9%), Nasty Plot: 1946 (14.1%), Agility: 1585 (11.5%), Fling: 1513 (11.0%), Screech: 979 (7.1%), Fury Swipes: 881 (6.4%), Struggle: 7 (0.1%)",1372,2499,0.55,520,0.76,5.53,2.8,587,918,583,0,1.76,2993,"Rattata: 87, Bellsprout: 57, Zubat: 54","Koffing: 56, Seaking: 47, Gyarados: 42",0,"Damage: 520, Status: 0, Hazard: 0, Weather: 0, Cleric: 0, Screen: 0, Pass: 0",None
ALAKAZAM,S-,Attacker / Support,"Psychic: 8950 (49.2%), Focus Blast: 2831 (15.6%), Reflect: 2076 (11.4%), Calm Mind: 1763 (9.7%), Energy Ball: 1181 (6.5%), Recover: 419 (2.3%), Gravity: 416 (2.3%), Disable: 415 (2.3%), Charge Beam: 113 (0.6%), Skill Swap: 22 (0.1%)",8721,2157,4.04,885,4.45,3.7,1.24,710,1199,507,405,0.2,6402,"Koffing: 287, Magnemite: 189, Weezing: 184","Sneasel: 88, Gyarados: 80, Magmar: 75",2,"Damage: 727, Status: 106, Hazard: 0, Weather: 0, Cleric: 0, Screen: 148, Pass: 0",None
ALTARIA,F+,All-Rounder,"Double Team: 17 (43.6%), Dragon Breath: 16 (41.0%), Perish Song: 5 (12.8%), Hyper Beam: 1 (2.6%)",5,17,0.29,3,0.47,4.26,1.95,0,2,11,1,15.8,19,"Kingler: 2, Lanturn: 1, Starmie: 1","Starmie: 2, Magmortar: 2, Gyarados: 2",0,"Damage: 3, Status: 0, Hazard: 0, Weather: 0, Cleric: 0, Screen: 0, Pass: 0",None
AMBIPOM,C-,All-Rounder,"Double Hit: 14032 (54.0%), Nasty Plot: 10855 (41.8%), Last Resort: 581 (2.2%), Fling: 455 (1.8%), Struggle: 41 (0.2%)",2836,3600,0.79,1851,1.3,6.16,3.22,761,1928,1005,0,-0.6,4785,"Magikarp: 156, Rattata: 153, Pikachu: 82","Koffing: 84, Qwilfish: 66, Gyarados: 60",2,"Damage: 1851, Status: 0, Hazard: 0, Weather: 0, Cleric: 0, Screen: 0, Pass: 0",None
AMPHAROS,A,Attacker,"Signal Beam: 4436 (29.6%), Discharge: 3710 (24.8%), Thunder Wave: 2520 (16.8%), Thunder: 2032 (13.6%), Charge: 1384 (9.2%), Thunder Punch: 326 (2.2%), Cotton Spore: 312 (2.1%), Power Gem: 267 (1.8%)",4791,1691,2.83,262,2.99,5.06,2.11,603,1208,646,703,0.04,4220,"Seaking: 213, Golbat: 101, Gyarados: 98","Quagsire: 125, Graveler: 70, Golem: 63",0,"Damage: 236, Status: 136, Hazard: 0, Weather: 0, Cleric: 0, Screen: 0, Pass: 0",None
ARBOK,B,Defender,"Crunch: 20134 (32.4%), Mud Bomb: 10398 (16.7%), Glare: 6824 (11.0%), Stockpile: 5950 (9.6%), Screech: 5730 (9.2%), Acid: 2986 (4.8%), Gastro Acid: 2441 (3.9%), Spit Up: 2236 (3.6%), Gunk Shot: 2050 (3.3%), Swallow: 1787 (2.9%), Poison Jab: 718 (1.2%), Poison Sting: 519 (0.8%), Wrap: 411 (0.7%), Struggle: 20 (0.0%)",9743,6953,1.4,3785,1.95,6.56,3.31,2175,6601,3448,5276,-1.45,11047,"Magikarp: 331, Rattata: 265, Magnemite: 194","Graveler: 213, Seaking: 151, Koffing: 147",0,"Damage: 3606, Status: 1221, Hazard: 0, Weather: 0, Cleric: 0, Screen: 0, Pass: 0",None
ARCANINE,S-,All-Rounder,"Extreme Speed: 6947 (35.3%), Fire Fang: 4926 (25.0%), Flare Blitz: 3219 (16.4%), Thunder Fang: 1888 (9.6%), Crunch: 924 (4.7%), Overheat: 812 (4.1%), Flamethrower: 641 (3.3%), Reversal: 124 (0.6%), Roar: 93 (0.5%), Dragon Pulse: 88 (0.4%), Odor Sleuth: 12 (0.1%)",7727,2002,3.86,1328,4.52,4.29,1.81,1106,758,624,1210,4.9,5316,"Magnemite: 182, Rattata: 171, Koffing: 167","Graveler: 93, Gyarados: 55, Feraligatr: 52",0,"Damage: 1328, Status: 225, Hazard: 0, Weather: 0, Cleric: 0, Screen: 0, Pass: 0",None
ARIADOS,D+,All-Rounder,"Agility: 9043 (20.2%), Poison Jab: 6651 (14.9%), Fury Swipes: 6328 (14.1%), Sucker Punch: 6261 (14.0%), Psychic: 5028 (11.2%), Spider Web: 4777 (10.7%), Pin Missile: 4690 (10.5%), Giga Drain: 851 (1.9%), Bounce: 326 (0.7%), Night Shade: 238 (0.5%), Scary Face: 235 (0.5%), Swagger: 223 (0.5%), Baton Pass: 46 (0.1%), Toxic: 41 (0.1%), Struggle: 8 (0.0%)",7168,7384,0.97,1931,1.23,5.52,3.05,2321,3242,2009,1490,2.36,10540,"Rattata: 200, Zubat: 191, Koffing: 186","Magmar: 172, Golbat: 160, Seaking: 154",12,"Damage: 1895, Status: 331, Hazard: 0, Weather: 0, Cleric: 0, Screen: 0, Pass: 2",None
AZUMARILL,B+,Attacker,"Double Edge: 9600 (22.8%), Aqua Tail: 6527 (15.5%), Rollout: 4154 (9.9%), Aqua Ring: 3848 (9.1%), Rain Dance: 3761 (8.9%), Waterfall: 3569 (8.5%), Bubble Beam: 2609 (6.2%), Dig: 2270 (5.4%), Water Pulse: 2110 (5.0%), Defense Curl: 1653 (3.9%), Hydro Pump: 801 (1.9%), Aqua Jet: 646 (1.5%), Superpower: 391 (0.9%), Attract: 219 (0.5%)",11226,5249,2.14,860,2.3,5.28,3.01,1752,2302,2719,932,4.82,10131,"Rattata: 279, Butterfree: 247, Magnemite: 236","Graveler: 121, Seaking: 100, Weezing: 97",0,"Damage: 860, Status: 30, Hazard: 0, Weather: 0, Cleric: 0, Screen: 0, Pass: 0",None
BAYLEEF,B-,Support,"Synthesis: 3805 (25.3%), Razor Leaf: 3569 (23.8%), Reflect: 3085 (20.5%), Magical Leaf: 2373 (15.8%), Poison Powder: 2184 (14.5%), Struggle: 4 (0.0%)",1820,1419,1.28,891,1.91,8.07,4.66,524,973,806,0,2.26,2511,"Magikarp: 71, Seaking: 64, Graveler: 62","Magmar: 45, Golbat: 43, Rapidash: 25",0,"Damage: 699, Status: 481, Hazard: 0, Weather: 0, Cleric: 0, Screen: 116, Pass: 0",None
BEEDRILL,D-,All-Rounder,"Poison Jab: 15175 (22.5%), Assurance: 15001 (22.2%), Endeavor: 14639 (21.7%), Agility: 13128 (19.4%), Fury Attack: 5855 (8.7%), Bug Bite: 1475 (2.2%), Pin Missile: 917 (1.4%), Focus Energy: 798 (1.2%), Twineedle: 529 (0.8%), Struggle: 77 (0.1%)",7998,12414,0.64,4316,0.99,5.5,2.87,3235,2610,2863,2872,5.0,15915,"Magikarp: 283, Rattata: 256, Butterfree: 200","Koffing: 295, Magmar: 249, Graveler: 227",23,"Damage: 4316, Status: 977, Hazard: 0, Weather: 0, Cleric: 0, Screen: 0, Pass: 0",None
BELLOSSOM,C-,Disrupter,"Magical Leaf: 9459 (24.8%), Sweet Scent: 8811 (23.1%), Stun Spore: 6245 (16.4%), Mega Drain: 5445 (14.3%), Sunny Day: 4874 (12.8%), Solar Beam: 1107 (2.9%), Acid: 1105 (2.9%), Giga Drain: 785 (2.1%), Synthesis: 169 (0.4%), Attract: 94 (0.2%), Struggle: 21 (0.1%)",4514,4257,1.06,1373,1.38,7.37,3.56,1075,1790,1376,61,1.62,6519,"Seaking: 132, Magnemite: 125, Magikarp: 118","Magmar: 130, Golbat: 122, Gyarados: 69",7,"Damage: 1139, Status: 810, Hazard: 0, Weather: 8, Cleric: 0, Screen: 0, Pass: 0",None
BELLSPROUT,F,Defender,"Vine Whip: 45470 (79.2%), Growth: 6516 (11.3%), Razor Leaf: 2727 (4.7%), Gastro Acid: 1341 (2.3%), Sweet Scent: 678 (1.2%), Struggle: 597 (1.0%), Knock Off: 96 (0.2%)",6283,18292,0.34,1468,0.42,6.65,4.21,3078,1585,3145,0,7.66,11888,"Magikarp: 438, Geodude: 234, Rattata: 204","Koffing: 374, Zubat: 359, Magmar: 325",34,"Damage: 1468, Status: 0, Hazard: 0, Weather: 0, Cleric: 0, Screen: 0, Pass: 0",None
BIBAREL,B+,All-Rounder,"Surf: 318 (45.3%), Double Team: 152 (21.7%), Charge Beam: 127 (18.1%), Ice Beam: 105 (15.0%)",228,109,2.09,38,2.44,5.23,1.89,37,65,251,78,23.56,196,"Magmar: 20, Flareon: 11, Typhlosion: 9","Magneton: 10, Machamp: 6, Gengar: 5",3,"Damage: 38, Status: 0, Hazard: 0, Weather: 0, Cleric: 0, Screen: 0, Pass: 0",None
BIDOOF,F-,Attacker,"Super Fang: 1310 (29.0%), Take Down: 1286 (28.5%), Superpower: 1163 (25.8%), Amnesia: 749 (16.6%), Struggle: 5 (0.1%)",209,1338,0.16,19,0.17,4.26,2.51,178,510,242,0,-1.89,1409,"Rattata: 27, Magikarp: 21, Sneasel: 6","Koffing: 26, Rattata: 20, Pikachu: 20",0,"Damage: 19, Status: 0, Hazard: 0, Weather: 0, Cleric: 0, Screen: 0, Pass: 0",None
BLASTOISE,S-,Attacker,"Surf: 1933 (41.0%), Aqua Tail: 987 (20.9%), Rain Dance: 667 (14.1%), Bite: 633 (13.4%), Focus Blast: 238 (5.0%), Blizzard: 170 (3.6%), Flash Cannon: 45 (1.0%), Hydro Cannon: 42 (0.9%)",1763,478,3.69,76,3.85,5.29,2.13,238,367,191,127,1.12,1263,"Magmar: 51, Koffing: 44, Graveler: 41","Quagsire: 20, Starmie: 16, Gyarados: 13",0,"Damage: 76, Status: 0, Hazard: 0, Weather: 0, Cleric: 0, Screen: 0, Pass: 0",None
BRELOOM,D+,All-Rounder,"Substitute: 138 (33.2%), Stone Edge: 126 (30.3%), Focus Punch: 124 (29.8%), Drain Punch: 25 (6.0%), Struggle: 3 (0.7%)",137,128,1.07,26,1.27,3.88,1.19,20,57,18,0,-4.38,192,"Quagsire: 7, Graveler: 5, Xatu: 5","Crobat: 18, Golbat: 11, Alakazam: 9",0,"Damage: 26, Status: 0, Hazard: 0, Weather: 0, Cleric: 0, Screen: 0, Pass: 0",None
BRONZONG,S,Attacker / Support,"Psychic: 3235 (41.1%), Payback: 1429 (18.1%), Gravity: 1225 (15.5%), Reflect: 1181 (15.0%), Hypnosis: 311 (3.9%), Dream Eater: 292 (3.7%), Gyro Ball: 202 (2.6%), Struggle: 5 (0.1%)",2457,363,6.77,290,7.57,6.38,3.74,294,196,223,135,3.89,1504,"Koffing: 87, Magikarp: 58, Rattata: 54","Gyarados: 16, Magneton: 14, Quagsire: 12",0,"Damage: 264, Status: 35, Hazard: 0, Weather: 0, Cleric: 0, Screen: 31, Pass: 0",None
BRONZOR,D-,Defender,"Safeguard: 13030 (29.3%), Iron Defense: 7108 (16.0%), Future Sight: 6649 (15.0%), Faint Attack: 6351 (14.3%), Gyro Ball: 5571 (12.5%), Skill Swap: 5545 (12.5%), Struggle: 189 (0.4%)",306,3185,0.1,2560,0.9,14.3,8.99,737,320,1626,0,4.43,3503,"Magikarp: 46, Pidgey: 18, Gastly: 15","Butterfree: 69, Magmar: 53, Gyarados: 49",0,"Damage: 2559, Status: 17, Hazard: 0, Weather: 0, Cleric: 0, Screen: 0, Pass: 0",None
BUDEW,D-,Attacker / Disrupter,"Nature Power: 2017 (29.9%), Stun Spore: 1872 (27.7%), Sludge Bomb: 1832 (27.1%), Giga Drain: 1036 (15.3%)",1116,1173,0.95,71,1.01,4.94,2.36,282,637,232,399,-1.53,1597,"Magikarp: 54, Bellsprout: 32, Rattata: 27","Rattata: 25, Koffing: 25, Qwilfish: 20",0,"Damage: 69, Status: 45, Hazard: 0, Weather: 0, Cleric: 0, Screen: 0, Pass: 0",None
BUIZEL,E+,Attacker,"Aqua Jet: 2994 (53.9%), Swift: 1998 (36.0%), Agility: 446 (8.0%), Whirlpool: 112 (2.0%)",862,1171,0.74,51,0.78,4.1,2.06,318,123,226,0,7.29,1472,"Magikarp: 54, Rattata: 49, Zubat: 35","Koffing: 31, Graveler: 26, Butterfree: 24",0,"Damage: 51, Status: 0, Hazard: 0, Weather: 0, Cleric: 0, Screen: 0, Pass: 0",None
BULBASAUR,D+,All-Rounder,"Razor Leaf: 4623 (16.7%), Double Edge: 3674 (13.3%), Leech Seed: 2932 (10.6%), Growl: 2622 (9.5%), Take Down: 2372 (8.6%), Seed Bomb: 2121 (7.7%), Vine Whip: 2063 (7.4%), Tackle: 1976 (7.1%), Sludge Bomb: 1613 (5.8%), Worry Seed: 1114 (4.0%), Synthesis: 1077 (3.9%), Sleep Powder: 764 (2.8%), Toxic: 475 (1.7%), Poison Powder: 276 (1.0%), Struggle: 4 (0.0%)",3612,5641,0.64,3257,1.22,5.19,2.83,1289,2269,1540,319,1.91,7337,"Magikarp: 188, Rattata: 111, Seaking: 94","Magmar: 121, Golbat: 106, Graveler: 104",6,"Damage: 2911, Status: 1541, Hazard: 0, Weather: 0, Cleric: 0, Screen: 0, Pass: 0",None
BURMY,E,All-Rounder,"Protect: 2426 (30.5%), Bug Bite: 1952 (24.5%), Tackle: 1799 (22.6%), Hidden Power: 1775 (22.3%)",164,1610,0.1,1084,0.78,6.08,2.63,314,268,337,0,4.62,1741,"Magikarp: 54, Caterpie: 8, Rattata: 7","Butterfree: 29, Rattata: 29, Growlithe: 26",1,"Damage: 1084, Status: 0, Hazard: 0, Weather: 0, Cleric: 0, Screen: 0, Pass: 0",None
BUTTERFREE,D,All-Rounder,"Bug Buzz: 31537 (29.7%), Tailwind: 18835 (17.7%), Safeguard: 16820 (15.8%), Silver Wind: 9446 (8.9%), Captivate: 7661 (7.2%), Gust: 4877 (4.6%), Bug Bite: 4788 (4.5%), Supersonic: 2899 (2.7%), Stun Spore: 2405 (2.3%), Whirlwind: 2243 (2.1%), Psybeam: 1987 (1.9%), Confusion: 1375 (1.3%), Sleep Powder: 1355 (1.3%), Struggle: 19 (0.0%)",15889,19984,0.8,4662,1.03,5.95,2.97,3304,1925,4065,3096,4.91,22874,"Rattata: 549, Magikarp: 408, Goldeen: 327","Graveler: 513, Magmar: 477, Seaking: 451",39,"Damage: 4573, Status: 810, Hazard: 0, Weather: 0, Cleric: 0, Screen: 0, Pass: 0",None
CAMERUPT,B-,All-Rounder,"Rock Slide: 388 (18.1%), Earth Power: 386 (18.0%), Amnesia: 353 (16.5%), Earthquake: 343 (16.0%), Lava Plume: 294 (13.7%), Solar Beam: 226 (10.6%), Eruption: 78 (3.6%), Sunny Day: 72 (3.4%)",875,595,1.47,171,1.76,3.39,1.52,118,108,125,137,6.16,1168,"Magmar: 45, Quagsire: 38, Graveler: 31","Gyarados: 23, Poliwrath: 21, Graveler: 20",1,"Damage: 171, Status: 22, Hazard: 0, Weather: 0, Cleric: 0, Screen: 0, Pass: 0",None
CARNIVINE,D,All-Rounder,"Giga Drain: 1455 (40.8%), Wring Out: 1198 (33.6%), Ingrain: 550 (15.4%), Attract: 360 (10.1%)",528,596,0.89,143,1.13,5.63,2.45,145,129,127,0,3.88,917,"Seaking: 23, Quagsire: 20, Qwilfish: 17","Golbat: 37, Magmar: 21, Flareon: 14",0,"Damage: 143, Status: 0, Hazard: 0, Weather: 0, Cleric: 0, Screen: 0, Pass: 0",None
CATERPIE,F-,Defender,"Tackle: 15360 (55.5%), String Shot: 12294 (44.4%), Struggle: 33 (0.1%)",375,8057,0.05,357,0.09,8.1,4.61,883,2328,1365,0,-0.28,4120,"Magikarp: 160, Ledyba: 15, Bellsprout: 15","Rattata: 186, Koffing: 144, Gyarados: 113",18,"Damage: 357, Status: 0, Hazard: 0, Weather: 0, Cleric: 0, Screen: 0, Pass: 0",None
CHARIZARD,S-,All-Rounder,"Air Slash: 767 (41.3%), Flamethrower: 311 (16.7%), Flare Blitz: 249 (13.4%), Fire Fang: 175 (9.4%), Shadow Claw: 153 (8.2%), Dragon Claw: 118 (6.4%), Dragon Pulse: 72 (3.9%), Hyper Beam: 8 (0.4%), Blast Burn: 5 (0.3%)",951,278,3.42,221,4.22,4.51,1.45,94,102,60,164,3.68,656,"Magneton: 55, Gengar: 33, Exeggutor: 31","Gengar: 15, Typhlosion: 11, Machamp: 10",2,"Damage: 221, Status: 19, Hazard: 0, Weather: 0, Cleric: 0, Screen: 0, Pass: 0",None
CHARMANDER,D+,All-Rounder,"Fire Fang: 2588 (26.7%), Dragon Rage: 2306 (23.8%), Smoke Screen: 1355 (14.0%), Scary Face: 1212 (12.5%), Flamethrower: 765 (7.9%), Fire Spin: 724 (7.5%), Slash: 722 (7.5%), Struggle: 3 (0.0%)",1773,2203,0.8,981,1.25,4.48,1.94,332,731,993,353,5.49,2962,"Magnemite: 58, Butterfree: 58, Bellsprout: 56","Seaking: 62, Graveler: 49, Fearow: 44",0,"Damage: 981, Status: 83, Hazard: 0, Weather: 0, Cleric: 0, Screen: 0, Pass: 0",None
CHARMELEON,C-,All-Rounder,"Ember: 5448 (21.3%), Smoke Screen: 4543 (17.7%), Fire Fang: 4058 (15.8%), Dragon Rage: 3627 (14.2%), Scary Face: 2526 (9.9%), Growl: 2398 (9.4%), Flamethrower: 1862 (7.3%), Slash: 1060 (4.1%), Aerial Ace: 91 (0.4%), Struggle: 7 (0.0%)",4197,3826,1.1,1154,1.4,5.38,2.24,805,1298,3200,988,9.26,6119,"Magnemite: 132, Butterfree: 118, Rattata: 116","Seaking: 110, Graveler: 85, Golduck: 81",3,"Damage: 1154, Status: 249, Hazard: 0, Weather: 0, Cleric: 0, Screen: 0, Pass: 0",None
CHATOT,C-,All-Rounder,"Uproar: 4166 (53.1%), Mimic: 1414 (18.0%), Feather Dance: 1400 (17.9%), Roost: 808 (10.3%), Struggle: 52 (0.7%)",1258,1179,1.07,351,1.36,5.99,3.07,292,183,519,5,7.46,1625,"Magikarp: 54, Rattata: 47, Geodude: 40","Seaking: 29, Koffing: 28, Raticate: 27",0,"Damage: 349, Status: 6, Hazard: 0, Weather: 0, Cleric: 0, Screen: 0, Pass: 0","Curse: 52 (7.2%), Sucker Punch: 48 (6.6%), Defense Curl: 29 (4.0%), Agility: 17 (2.4%), Scary Face: 16 (2.2%), Double Team: 15 (2.1%), Wake Up Slap: 15 (2.1%), Quick Attack: 15 (2.1%), Rock Polish: 15 (2.1%), Confuse Ray: 14 (1.9%), Screech: 14 (1.9%), Disable: 13 (1.8%), Supersonic: 13 (1.8%), Assurance: 12 (1.7%), Mud Sport: 12 (1.7%), Aqua Ring: 11 (1.5%), Focus Energy: 11 (1.5%), Sweet Scent: 11 (1.5%), Sludge: 11 (1.5%), Tackle: 10 (1.4%), Air Cutter: 10 (1.4%), Charge: 10 (1.4%), Wish: 9 (1.2%), Stun Spore: 9 (1.2%), Follow Me: 9 (1.2%), Dragon Rush: 9 (1.2%), Growth: 8 (1.1%), Minimize: 8 (1.1%), Lock On: 8 (1.1%), Iron Defense: 8 (1.1%), Take Down: 8 (1.1%), Mean Look: 7 (1.0%), Spite: 7 (1.0%), Swift: 7 (1.0%), Yawn: 7 (1.0%), Protect: 7 (1.0%), Mega Drain: 7 (1.0%), Captivate: 7 (1.0%), Reflect: 7 (1.0%), Tail Whip: 6 (0.8%), Smoke Screen: 6 (0.8%), Double Slap: 6 (0.8%), Meditate: 6 (0.8%), Amnesia: 6 (0.8%), Safeguard: 5 (0.7%), Sing: 5 (0.7%), Constrict: 5 (0.7%), Sand Attack: 5 (0.7%), Double Edge: 5 (0.7%), Slash: 5 (0.7%), Teeter Dance: 5 (0.7%), Light Screen: 5 (0.7%), Pound: 5 (0.7%), Dive: 5 (0.7%), Zen Headbutt: 5 (0.7%), Headbutt: 4 (0.6%), Bite: 4 (0.6%), Bulk Up: 4 (0.6%), Silver Wind: 4 (0.6%), Conversion 2: 4 (0.6%), Wing Attack: 4 (0.6%), Confusion: 3 (0.4%), Karate Chop: 3 (0.4%), Growl: 3 (0.4%), Stockpile: 3 (0.4%), Gust: 3 (0.4%), Bug Buzz: 3 (0.4%), Dragon Breath: 3 (0.4%), Nasty Plot: 3 (0.4%), Cotton Spore: 3 (0.4%), Tri Attack: 3 (0.4%), Lucky Chant: 3 (0.4%), Mega Punch: 2 (0.3%), Peck: 2 (0.3%), Endeavor: 2 (0.3%), Leer: 2 (0.3%), Charm: 2 (0.3%), Hypnosis: 2 (0.3%), Hyper Fang: 2 (0.3%), Crunch: 2 (0.3%), Super Fang: 2 (0.3%), Camouflage: 2 (0.3%), Psychic: 2 (0.3%), Flame Wheel: 2 (0.3%), Seed Bomb: 2 (0.3%), Faint Attack: 2 (0.3%), Flail: 2 (0.3%), Toxic Spikes: 2 (0.3%), Bubble Beam: 2 (0.3%), Poison Jab: 2 (0.3%), Poison Fang: 2 (0.3%), Swords Dance: 2 (0.3%), Drill Peck: 2 (0.3%), Spark: 2 (0.3%), Aqua Tail: 2 (0.3%), Fly: 2 (0.3%), Tailwind: 1 (0.1%), Charge Beam: 1 (0.1%), Rollout: 1 (0.1%), Hyper Beam: 1 (0.1%), Feint: 1 (0.1%), Rapid Spin: 1 (0.1%), Leech Life: 1 (0.1%), Aerial Ace: 1 (0.1%), Sunny Day: 1 (0.1%), Bind: 1 (0.1%), Fury Swipes: 1 (0.1%), Ice Shard: 1 (0.1%), Transform: 1 (0.1%), Revenge: 1 (0.1%), Rest: 1 (0.1%), Acid: 1 (0.1%), Egg Bomb: 1 (0.1%), Sleep Powder: 1 (0.1%), Leaf Blade: 1 (0.1%), Seismic Toss: 1 (0.1%), Sandstorm: 1 (0.1%), Poison Powder: 1 (0.1%), Scratch: 1 (0.1%), Extrasensory: 1 (0.1%), Gravity: 1 (0.1%), Wring Out: 1 (0.1%), Aromatherapy: 1 (0.1%)"
CHERRIM,B-,All-Rounder,"Petal Dance: 2534 (46.3%), Take Down: 1309 (23.9%), Sunny Day: 846 (15.4%), Worry Seed: 788 (14.4%)",1152,996,1.16,750,1.91,4.91,2.5,198,310,238,0,2.2,1515,"Magikarp: 53, Rattata: 42, Graveler: 30","Golbat: 33, Koffing: 29, Magmar: 22",1,"Damage: 750, Status: 0, Hazard: 0, Weather: 4, Cleric: 0, Screen: 0, Pass: 0",None
CHERUBI,F,Attacker,"Solar Beam: 2259 (45.7%), Take Down: 1203 (24.3%), Lucky Chant: 752 (15.2%), Worry Seed: 734 (14.8%)",471,1265,0.37,23,0.39,4.43,2.66,104,270,255,0,1.71,1441,"Magikarp: 54, Geodude: 25, Rattata: 23","Koffing: 27, Graveler: 22, Zubat: 22",0,"Damage: 23, Status: 0, Hazard: 0, Weather: 0, Cleric: 0, Screen: 0, Pass: 0",None
CHIKORITA,F-,Defender,"Tackle: 10511 (56.0%), Growl: 8238 (43.9%), Struggle: 30 (0.2%)",404,2596,0.16,62,0.18,8.3,5.17,574,1356,941,0,0.81,2734,"Magikarp: 117, Bellsprout: 38, Caterpie: 20","Rattata: 56, Koffing: 41, Sneasel: 36",0,"Damage: 62, Status: 0, Hazard: 0, Weather: 0, Cleric: 0, Screen: 0, Pass: 0",None
CHINCHOU,C-,Attacker,"Discharge: 893 (33.7%), Bubble Beam: 703 (26.5%), Aqua Ring: 575 (21.7%), Signal Beam: 479 (18.1%)",742,562,1.32,46,1.4,4.26,1.8,125,109,121,240,5.71,941,"Graveler: 42, Seaking: 28, Magnemite: 24","Quagsire: 20, Magmar: 14, Sunflora: 13",2,"Damage: 46, Status: 9, Hazard: 0, Weather: 0, Cleric: 0, Screen: 0, Pass: 0",None
CHINGLING,C-,All-Rounder,"Confusion: 3316 (66.1%), Uproar: 950 (18.9%), Astonish: 516 (10.3%), Last Resort: 236 (4.7%)",892,1254,0.71,735,1.3,4.16,2.35,304,168,256,406,7.74,1579,"Magikarp: 53, Koffing: 38, Bellsprout: 32","Seaking: 27, Sandslash: 25, Golduck: 24",0,"Damage: 735, Status: 118, Hazard: 0, Weather: 0, Cleric: 0, Screen: 0, Pass: 0",None
CLAMPERL,E,Defender,"Whirlpool: 2271 (26.6%), Water Gun: 2187 (25.6%), Clamp: 2121 (24.8%), Iron Defense: 1952 (22.9%), Struggle: 6 (0.1%)",675,1195,0.56,169,0.71,6.87,4.32,311,1400,426,0,-7.4,1497,"Rattata: 46, Magikarp: 45, Sentret: 28","Graveler: 31, Koffing: 29, Butterfree: 24",0,"Damage: 169, Status: 0, Hazard: 0, Weather: 0, Cleric: 0, Screen: 0, Pass: 0",None
CLEFABLE,D,Defender,"Metronome: 10039 (16.8%), Growl: 8329 (13.9%), Wake Up Slap: 8221 (13.7%), Double Slap: 7428 (12.4%), Sing: 6870 (11.5%), Gravity: 5020 (8.4%), Encore: 4415 (7.4%), Moonlight: 3808 (6.4%), Blizzard: 2617 (4.4%), Thunder: 2328 (3.9%), Struggle: 632 (1.1%), Fire Blast: 102 (0.2%), Calm Mind: 74 (0.1%)",4621,4725,0.98,805,1.15,10.63,4.82,1454,5960,1680,362,-4.59,6489,"Rattata: 158, Magikarp: 146, Zubat: 111","Graveler: 86, Koffing: 86, Seaking: 79",0,"Damage: 792, Status: 124, Hazard: 10, Weather: 10, Cleric: 0, Screen: 0, Pass: 0",None
CLEFAIRY,E-,Defender,"Double Slap: 9582 (16.1%), Sing: 8193 (13.7%), Metronome: 7357 (12.3%), Minimize: 6256 (10.5%), Meteor Mash: 5953 (10.0%), Gravity: 5057 (8.5%), Light Screen: 4351 (7.3%), Encore: 3822 (6.4%), Moonlight: 3697 (6.2%), Wake Up Slap: 3444 (5.8%), Mimic: 1340 (2.2%), Struggle: 556 (0.9%), Nasty Plot: 1 (0.0%)",2234,5943,0.38,1248,0.59,10.42,4.32,1359,6735,6946,1431,2.37,6932,"Magikarp: 162, Rattata: 111, Pidgey: 67","Koffing: 125, Graveler: 92, Gyarados: 87",1,"Damage: 1201, Status: 188, Hazard: 18, Weather: 15, Cleric: 0, Screen: 33, Pass: 1","Tackle: 101 (6.5%), Splash: 54 (3.5%), Curse: 40 (2.6%), Defense Curl: 40 (2.6%), Agility: 38 (2.4%), String Shot: 30 (1.9%), Double Team: 29 (1.9%), Slash: 25 (1.6%), Assurance: 24 (1.5%), Quick Attack: 24 (1.5%), Water Gun: 23 (1.5%), Harden: 23 (1.5%), Rock Polish: 22 (1.4%), Minimize: 20 (1.3%), Disable: 19 (1.2%), Protect: 19 (1.2%), Crunch: 18 (1.2%), Poison Jab: 17 (1.1%), Sucker Punch: 16 (1.0%), Lock On: 16 (1.0%), Bite: 16 (1.0%), Rapid Spin: 15 (1.0%), Discharge: 15 (1.0%), Sand Attack: 15 (1.0%), Thunder Shock: 14 (0.9%), Growth: 14 (0.9%), Uproar: 14 (0.9%), Hyper Fang: 14 (0.9%), Amnesia: 14 (0.9%), Take Down: 13 (0.8%), Rollout: 13 (0.8%), Double Edge: 13 (0.8%), Light Screen: 13 (0.8%), Scratch: 13 (0.8%), Rest: 13 (0.8%), Peck: 12 (0.8%), Tailwind: 12 (0.8%), Acid: 11 (0.7%), Screech: 11 (0.7%), Tail Whip: 11 (0.7%), Smoke Screen: 11 (0.7%), Scary Face: 11 (0.7%), Leech Life: 11 (0.7%), Aqua Ring: 10 (0.6%), Icy Wind: 10 (0.6%), Slam: 10 (0.6%), Bubble Beam: 10 (0.6%), Ice Shard: 10 (0.6%), Bubble: 10 (0.6%), Thunderbolt: 10 (0.6%), Fury Attack: 10 (0.6%), Wing Attack: 10 (0.6%), Nasty Plot: 10 (0.6%), Mud Sport: 10 (0.6%), Wish: 10 (0.6%), Sonic Boom: 9 (0.6%), Spite: 9 (0.6%), Water Pulse: 9 (0.6%), Hydro Pump: 9 (0.6%), Teeter Dance: 9 (0.6%), Camouflage: 9 (0.6%), Bind: 8 (0.5%), Hypnosis: 8 (0.5%), Growl: 8 (0.5%), Focus Energy: 8 (0.5%), Mud Shot: 8 (0.5%), Waterfall: 8 (0.5%), Double Hit: 8 (0.5%), Sludge: 8 (0.5%), Fury Swipes: 8 (0.5%), Gust: 8 (0.5%), Smog: 8 (0.5%), Supersonic: 7 (0.4%), Mud Bomb: 7 (0.4%), Thunder Wave: 7 (0.4%), Charge: 7 (0.4%), Endure: 7 (0.4%), Mud Slap: 7 (0.4%), Iron Defense: 7 (0.4%), Safeguard: 7 (0.4%), Aerial Ace: 7 (0.4%), Sleep Powder: 7 (0.4%), Skill Swap: 7 (0.4%), Ember: 7 (0.4%), Pursuit: 6 (0.4%), Aurora Beam: 6 (0.4%), Vine Whip: 6 (0.4%), Dig: 6 (0.4%), Confusion: 6 (0.4%), Night Slash: 6 (0.4%), Leer: 6 (0.4%), Mega Drain: 6 (0.4%), Ancient Power: 6 (0.4%), Stomp: 5 (0.3%), Flail: 5 (0.3%), Psychic: 5 (0.3%), Absorb: 5 (0.3%), Recover: 5 (0.3%), Swift: 5 (0.3%), Sweet Scent: 5 (0.3%), Sing: 5 (0.3%), Dragon Breath: 5 (0.3%), Horn Attack: 5 (0.3%), Pound: 5 (0.3%), Signal Beam: 5 (0.3%), Dive: 5 (0.3%), Vice Grip: 5 (0.3%), Headbutt: 5 (0.3%), Metal Claw: 5 (0.3%), Dragon Dance: 5 (0.3%), Meditate: 5 (0.3%), Gunk Shot: 5 (0.3%), Follow Me: 5 (0.3%), Swords Dance: 4 (0.3%), Extrasensory: 4 (0.3%), Mean Look: 4 (0.3%), Air Slash: 4 (0.3%), Twister: 4 (0.3%), Zen Headbutt: 4 (0.3%), Wring Out: 4 (0.3%), Razor Leaf: 4 (0.3%), Counter: 4 (0.3%), Fire Fang: 3 (0.2%), Stockpile: 3 (0.2%), Metal Sound: 3 (0.2%), Captivate: 3 (0.2%), Substitute: 3 (0.2%), Magnitude: 3 (0.2%), Rock Slide: 3 (0.2%), Horn Drill: 3 (0.2%), Sludge Bomb: 3 (0.2%), Gastro Acid: 3 (0.2%), Confuse Ray: 3 (0.2%), Present: 3 (0.2%), Thunder: 3 (0.2%), Air Cutter: 3 (0.2%), Worry Seed: 3 (0.2%), Iron Tail: 3 (0.2%), Rain Dance: 3 (0.2%), Dragon Rage: 3 (0.2%), Calm Mind: 3 (0.2%), Faint Attack: 3 (0.2%), Toxic Spikes: 3 (0.2%), Roost: 2 (0.1%), Stun Spore: 2 (0.1%), Lucky Chant: 2 (0.1%), Whirlpool: 2 (0.1%), Rage: 2 (0.1%), Charm: 2 (0.1%), Brave Bird: 2 (0.1%), Sand Tomb: 2 (0.1%), Flame Wheel: 2 (0.1%), Fake Tears: 2 (0.1%), Aqua Tail: 2 (0.1%), Focus Blast: 2 (0.1%), Yawn: 2 (0.1%), Hyper Beam: 2 (0.1%), Crush Claw: 2 (0.1%), Glare: 2 (0.1%), Spider Web: 2 (0.1%), Endeavor: 2 (0.1%), Spike Cannon: 2 (0.1%), Aromatherapy: 1 (0.1%), Conversion 2: 1 (0.1%), Guillotine: 1 (0.1%), Acupressure: 1 (0.1%), Payback: 1 (0.1%), Poison Powder: 1 (0.1%), Sandstorm: 1 (0.1%), Flamethrower: 1 (0.1%), Psybeam: 1 (0.1%), Wake Up Slap: 1 (0.1%), Giga Drain: 1 (0.1%), Transform: 1 (0.1%), Poison Sting: 1 (0.1%), Mind Reader: 1 (0.1%), Wrap: 1 (0.1%), Dragon Rush: 1 (0.1%), Thunder Punch: 1 (0.1%), Pay Day: 1 (0.1%), Swagger: 1 (0.1%), Rock Tomb: 1 (0.1%), Poison Fang: 1 (0.1%), Rock Throw: 1 (0.1%), Future Sight: 1 (0.1%), Thrash: 1 (0.1%), Charge Beam: 1 (0.1%), Magnet Rise: 1 (0.1%)"
CLOYSTER,B-,Hazards,"Aurora Beam: 15839 (34.9%), Protect: 8895 (19.6%), Spike Cannon: 6359 (14.0%), Spikes: 3897 (8.6%), Supersonic: 3625 (8.0%), Ice Shard: 2150 (4.7%), Water Pulse: 2059 (4.5%), Attract: 1001 (2.2%), Toxic Spikes: 771 (1.7%), Withdraw: 734 (1.6%), Struggle: 16 (0.0%)",8645,6128,1.41,2351,1.79,5.62,2.66,2409,2444,1608,1250,3.4,10129,"Koffing: 230, Rattata: 192, Zubat: 182","Magnemite: 163, Seaking: 137, Butterfree: 133",6,"Damage: 1820, Status: 469, Hazard: 675, Weather: 0, Cleric: 0, Screen: 0, Pass: 0",None
CORSOLA,E+,Attacker,"Bubble: 11000 (30.7%), Harden: 6547 (18.2%), Recover: 5278 (14.7%), Ancient Power: 3462 (9.6%), Bubble Beam: 3315 (9.2%), Rock Blast: 2975 (8.3%), Lucky Chant: 1900 (5.3%), Refresh: 1175 (3.3%), Aqua Ring: 208 (0.6%), Struggle: 24 (0.1%)",3263,4041,0.81,158,0.85,13.24,9.42,1284,2448,1879,1475,1.96,3044,"Magikarp: 120, Rattata: 108, Zubat: 78","Quagsire: 104, Magneton: 100, Magnemite: 92",12,"Damage: 158, Status: 0, Hazard: 0, Weather: 0, Cleric: 0, Screen: 0, Pass: 0",None
CROAGUNK,C-,Disrupter,"Poison Jab: 2063 (28.7%), Sludge Bomb: 1966 (27.4%), Nasty Plot: 1749 (24.4%), Flatter: 1402 (19.5%)",1208,1132,1.07,255,1.29,5.01,2.26,217,165,301,788,4.71,1693,"Magikarp: 52, Seaking: 43, Bellsprout: 42","Koffing: 24, Graveler: 23, Growlithe: 18",0,"Damage: 244, Status: 240, Hazard: 0, Weather: 0, Cleric: 0, Screen: 0, Pass: 0",None
CROBAT,S-,All-Rounder,"Wing Attack: 5241 (20.6%), Air Cutter: 4969 (19.6%), Confuse Ray: 3321 (13.1%), Poison Fang: 1936 (7.6%), Heat Wave: 1332 (5.2%), Cross Poison: 1305 (5.1%), Fly: 1186 (4.7%), Bite: 1160 (4.6%), Screech: 1117 (4.4%), Mean Look: 1036 (4.1%), Supersonic: 967 (3.8%), U Turn: 848 (3.3%), Toxic: 542 (2.1%), Double Team: 354 (1.4%), Quick Attack: 74 (0.3%)",5935,2134,2.78,2621,4.01,5.52,2.02,1373,1604,1573,779,4.97,5873,"Butterfree: 160, Bellsprout: 104, Rattata: 100","Alakazam: 90, Magneton: 67, Gyarados: 66",2,"Damage: 2371, Status: 1246, Hazard: 0, Weather: 0, Cleric: 0, Screen: 0, Pass: 0",None
CROCONAW,D+,All-Rounder,"Scary Face: 5748 (54.2%), Bite: 2327 (21.9%), Water Gun: 1753 (16.5%), Ice Fang: 693 (6.5%), Rage: 86 (0.8%)",1550,1629,0.95,509,1.26,6.04,2.92,292,1024,437,564,-2.63,2374,"Graveler: 89, Geodude: 50, Voltorb: 40","Magnemite: 53, Magmar: 38, Seadra: 38",0,"Damage: 509, Status: 7, Hazard: 0, Weather: 0, Cleric: 0, Screen: 0, Pass: 0",None
CUBONE,E,Attacker,"Thrash: 1889 (22.0%), Headbutt: 1801 (21.0%), Bone Club: 1155 (13.4%), Rage: 1004 (11.7%), False Swipe: 918 (10.7%), Focus Energy: 778 (9.1%), Bonemerang: 561 (6.5%), Leer: 482 (5.6%)",1253,2032,0.62,154,0.69,5.24,2.65,695,539,454,456,6.6,2593,"Magnemite: 53, Zubat: 53, Beedrill: 50","Seaking: 47, Golbat: 44, Butterfree: 44",0,"Damage: 154, Status: 0, Hazard: 0, Weather: 0, Cleric: 0, Screen: 0, Pass: 0",None
CYNDAQUIL,F-,Attacker,"Tackle: 5913 (35.8%), Leer: 5613 (34.0%), Smoke Screen: 4947 (30.0%), Struggle: 29 (0.2%)",480,2648,0.18,46,0.2,6.79,2.76,321,948,3922,0,16.13,2826,"Magikarp: 152, Caterpie: 28, Chikorita: 12","Rattata: 56, Koffing: 53, Pikachu: 37",0,"Damage: 46, Status: 0, Hazard: 0, Weather: 0, Cleric: 0, Screen: 0, Pass: 0",None
DELCATTY,E,Passer,"Assist: 121 (49.4%), Calm Mind: 72 (29.4%), Fake Out: 48 (19.6%), Baton Pass: 4 (1.6%)",20,56,0.36,23,0.77,6.68,2.15,10,7,13,44,5.62,66,"Heracross: 2, Magneton: 2, Aerodactyl: 2","Alakazam: 8, Gengar: 5, Charizard: 4",0,"Damage: 9, Status: 1, Hazard: 0, Weather: 0, Cleric: 0, Screen: 0, Pass: 14",None
DELIBIRD,F,Attacker,"Present: 7158 (66.9%), Aerial Ace: 1791 (16.7%), Avalanche: 1561 (14.6%), Struggle: 194 (1.8%)",1058,2529,0.42,65,0.44,4.32,2.44,532,1526,486,0,-4.54,2914,"Magikarp: 59, Butterfree: 46, Bellsprout: 41","Koffing: 51, Magnemite: 50, Rattata: 42",0,"Damage: 65, Status: 0, Hazard: 0, Weather: 0, Cleric: 0, Screen: 0, Pass: 0",None
DEWGONG,B,Attacker,"Ice Shard: 12780 (19.2%), Dive: 12495 (18.8%), Rest: 9318 (14.0%), Aurora Beam: 6707 (10.1%), Take Down: 4485 (6.7%), Sheer Cold: 3384 (5.1%), Brine: 3337 (5.0%), Ice Beam: 3193 (4.8%), Aqua Tail: 2997 (4.5%), Aqua Ring: 2813 (4.2%), Encore: 2388 (3.6%), Safeguard: 1347 (2.0%), Sleep Talk: 1134 (1.7%), Struggle: 141 (0.2%)",9672,5573,1.74,1298,1.97,9.33,5.37,2300,5302,7935,705,6.62,9842,"Rattata: 236, Butterfree: 216, Koffing: 205","Qwilfish: 113, Seaking: 112, Magnemite: 107",2,"Damage: 1298, Status: 24, Hazard: 0, Weather: 0, Cleric: 0, Screen: 0, Pass: 0",None
DIGLETT,F+,All-Rounder,"Sand Attack: 6584 (23.3%), Growl: 5400 (19.1%), Scratch: 4558 (16.1%), Astonish: 3965 (14.0%), Magnitude: 3403 (12.0%), Sucker Punch: 2853 (10.1%), Dig: 784 (2.8%), Earth Power: 434 (1.5%), Mud Slap: 256 (0.9%), Struggle: 19 (0.1%)",1717,6938,0.25,1590,0.48,6.01,2.05,866,1112,5017,1278,14.44,6208,"Magikarp: 162, Magnemite: 83, Voltorb: 78","Koffing: 154, Rattata: 136, Butterfree: 105",20,"Damage: 1590, Status: 0, Hazard: 0, Weather: 0, Cleric: 0, Screen: 0, Pass: 0",None
DITTO,F-,All-Rounder,"Transform: 4774 (99.9%), Struggle: 3 (0.1%)",0,896,0.0,160,0.18,1.77,0.56,0,0,297,0,5.85,5631,None,"Butterfree: 103, Magmar: 87, Gyarados: 80",2,"Damage: 148, Status: 45, Hazard: 0, Weather: 1, Cleric: 0, Screen: 0, Pass: 0",None
DODRIO,D-,Attacker,"Tri Attack: 3819 (25.9%), Acupressure: 3690 (25.0%), Uproar: 3678 (24.9%), Pursuit: 2050 (13.9%), Agility: 1510 (10.2%)",2454,2715,0.9,280,1.01,6.46,3.3,583,227,1296,0,10.3,2875,"Koffing: 64, Butterfree: 63, Geodude: 50","Graveler: 68, Magnemite: 67, Seaking: 60",2,"Damage: 280, Status: 0, Hazard: 0, Weather: 0, Cleric: 0, Screen: 0, Pass: 0",None
DODUO,F+,Defender,"Double Hit: 5314 (15.2%), Uproar: 5122 (14.7%), Acupressure: 5093 (14.6%), Quick Attack: 4134 (11.9%), Growl: 3495 (10.0%), Fury Attack: 3479 (10.0%), Rage: 3397 (9.7%), Agility: 2539 (7.3%), Pursuit: 2309 (6.6%)",3132,8821,0.36,1797,0.56,8.5,4.66,1635,1715,2503,0,6.48,4902,"Magikarp: 168, Rattata: 134, Butterfree: 90","Koffing: 206, Seaking: 158, Butterfree: 150",14,"Damage: 1797, Status: 0, Hazard: 0, Weather: 0, Cleric: 0, Screen: 0, Pass: 0",None
DRAGONAIR,A,All-Rounder,"Aqua Tail: 4988 (19.8%), Dragon Rage: 3494 (13.9%), Slam: 3264 (13.0%), Thunder: 3025 (12.0%), Iron Tail: 1864 (7.4%), Dragon Rush: 1816 (7.2%), Agility: 1601 (6.4%), Surf: 1227 (4.9%), Thunder Wave: 1193 (4.7%), Thunderbolt: 948 (3.8%), Dragon Pulse: 903 (3.6%), Flamethrower: 573 (2.3%), Fire Blast: 276 (1.1%)",7359,2880,2.56,1221,2.98,4.65,2.16,909,3717,959,471,-7.14,6518,"Magnemite: 163, Magikarp: 158, Rattata: 146","Gyarados: 66, Golbat: 64, Koffing: 61",4,"Damage: 1020, Status: 456, Hazard: 0, Weather: 0, Cleric: 0, Screen: 0, Pass: 0",None
DRAGONITE,S,Attacker,"Fly: 6938 (62.5%), Thunder: 2253 (20.3%), Dragon Rush: 416 (3.7%), Twister: 325 (2.9%), Draco Meteor: 204 (1.8%), Outrage: 196 (1.8%), Safeguard: 134 (1.2%), Hyper Beam: 122 (1.1%), Protect: 115 (1.0%), Dragon Breath: 114 (1.0%), Fire Punch: 101 (0.9%), Fire Blast: 76 (0.7%), Thunder Wave: 74 (0.7%), Blizzard: 38 (0.3%), Struggle: 2 (0.0%)",3672,658,5.58,197,5.88,6.04,1.77,351,1134,2993,52,15.7,2104,"Koffing: 91, Seaking: 83, Magnemite: 62","Gengar: 26, Lapras: 25, Starmie: 21",6,"Damage: 192, Status: 22, Hazard: 0, Weather: 0, Cleric: 0, Screen: 0, Pass: 0",None
DRAPION,S-,Attacker,"Crunch: 266 (52.3%), Swords Dance: 102 (20.0%), Cross Poison: 98 (19.3%), Confuse Ray: 43 (8.4%)",215,59,3.64,25,4.07,5.29,1.66,28,4,25,32,10.22,131,"Alakazam: 17, Xatu: 15, Haunter: 14","Magneton: 7, Charizard: 6, Rapidash: 4",0,"Damage: 22, Status: 11, Hazard: 0, Weather: 0, Cleric: 0, Screen: 0, Pass: 0",None
DRATINI,D+,All-Rounder,"Dragon Rush: 8680 (38.3%), Headbutt: 2725 (12.0%), Agility: 2605 (11.5%), Twister: 2300 (10.1%), Aqua Tail: 2174 (9.6%), Thunderbolt: 2140 (9.4%), Thunder Wave: 1018 (4.5%), Slam: 883 (3.9%), Surf: 156 (0.7%)",4712,4859,0.97,1229,1.22,4.71,2.94,1083,3015,974,1703,-3.99,4789,"Magikarp: 167, Rattata: 124, Zubat: 110","Graveler: 126, Seaking: 118, Seadra: 103",9,"Damage: 1229, Status: 19, Hazard: 0, Weather: 0, Cleric: 0, Screen: 0, Pass: 0",None
DRIFBLIM,S,All-Rounder,"Shadow Ball: 2696 (45.7%), Thunderbolt: 2140 (36.3%), Substitute: 751 (12.7%), Destiny Bond: 313 (5.3%)",2203,304,7.25,363,8.44,4.95,1.15,313,87,182,363,6.05,1369,"Magikarp: 56, Rattata: 53, Seaking: 50","Sneasel: 25, Golem: 12, Electrode: 9",0,"Damage: 363, Status: 11, Hazard: 0, Weather: 0, Cleric: 0, Screen: 0, Pass: 0",None
DROWZEE,D+,Defender,"Hypnosis: 10781 (27.7%), Confusion: 8581 (22.1%), Disable: 7761 (20.0%), Dream Eater: 6306 (16.2%), Headbutt: 5433 (14.0%), Struggle: 10 (0.0%)",4033,4815,0.84,1593,1.17,7.09,2.82,1144,7032,1175,2043,-11.73,6358,"Magikarp: 210, Koffing: 128, Bellsprout: 96","Seaking: 97, Graveler: 90, Butterfree: 86",1,"Damage: 1530, Status: 837, Hazard: 0, Weather: 0, Cleric: 0, Screen: 0, Pass: 0",None
DUGTRIO,C-,All-Rounder,"Slash: 7049 (18.7%), Sucker Punch: 5548 (14.7%), Earth Power: 4924 (13.1%), Sand Attack: 3801 (10.1%), Dig: 3792 (10.1%), Mud Bomb: 3613 (9.6%), Growl: 2465 (6.5%), Sand Tomb: 1672 (4.4%), Magnitude: 1648 (4.4%), Earthquake: 1262 (3.3%), Night Slash: 584 (1.5%), Fissure: 518 (1.4%), Astonish: 484 (1.3%), Mud Slap: 308 (0.8%), Struggle: 14 (0.0%)",7735,7195,1.08,1913,1.34,4.19,1.56,1889,2354,6369,1261,13.41,11725,"Magnemite: 221, Magmar: 178, Koffing: 157","Seaking: 190, Gyarados: 152, Koffing: 135",10,"Damage: 1913, Status: 0, Hazard: 0, Weather: 0, Cleric: 0, Screen: 0, Pass: 0",None
DUNSPARCE,E,Attacker / Disrupter,"Defense Curl: 13744 (43.1%), Rollout: 12377 (38.8%), Glare: 2954 (9.3%), Yawn: 2823 (8.8%), Struggle: 11 (0.0%)",2173,3015,0.72,137,0.77,18.52,10.25,635,2939,1269,0,-3.12,1699,"Rattata: 62, Magikarp: 58, Butterfree: 52","Graveler: 70, Magnemite: 61, Koffing: 53",0,"Damage: 74, Status: 125, Hazard: 0, Weather: 0, Cleric: 0, Screen: 0, Pass: 0",None
DUSKNOIR,A-,All-Rounder,"Payback: 491 (64.4%), Will O Wisp: 131 (17.2%), Pain Split: 72 (9.4%), Substitute: 68 (8.9%)",159,108,1.47,119,2.57,5.78,2.57,21,63,39,0,-0.37,217,"Beedrill: 8, Alakazam: 8, Gengar: 7","Gengar: 8, Crobat: 6, Dragonite: 5",0,"Damage: 98, Status: 48, Hazard: 0, Weather: 0, Cleric: 0, Screen: 0, Pass: 0",None
EEVEE,C+,All-Rounder,"Quick Attack: 4454 (62.3%), Sand Attack: 1572 (22.0%), Growl: 938 (13.1%), Helping Hand: 190 (2.7%)",616,922,0.67,898,1.64,6.15,2.5,271,250,1120,0,13.79,1397,"Magikarp: 54, Rattata: 31, Zubat: 18","Quagsire: 28, Koffing: 25, Victreebel: 20",1,"Damage: 898, Status: 0, Hazard: 0, Weather: 0, Cleric: 0, Screen: 0, Pass: 0",None
EKANS,E-,Defender,"Bite: 6761 (29.0%), Acid: 3294 (14.1%), Screech: 3096 (13.3%), Wrap: 2884 (12.4%), Leer: 2860 (12.3%), Poison Sting: 2858 (12.3%), Glare: 1574 (6.7%)",1703,4778,0.36,1599,0.69,6.64,3.39,840,2322,955,2507,-2.12,4484,"Magikarp: 97, Bellsprout: 59, Rattata: 56","Koffing: 103, Gyarados: 86, Graveler: 73",4,"Damage: 1568, Status: 577, Hazard: 0, Weather: 0, Cleric: 0, Screen: 0, Pass: 0",None
ELECTABUZZ,A+,All-Rounder,"Discharge: 4828 (20.9%), Light Screen: 4799 (20.8%), Thunder Punch: 4086 (17.7%), Thunderbolt: 3943 (17.1%), Shock Wave: 2249 (9.7%), Swift: 1236 (5.3%), Quick Attack: 1065 (4.6%), Thunder Wave: 449 (1.9%), Screech: 319 (1.4%), Low Kick: 142 (0.6%)",7633,2643,2.89,1877,3.6,4.12,1.67,1116,1392,911,1371,2.43,6773,"Koffing: 249, Seaking: 219, Rattata: 180","Graveler: 159, Quagsire: 148, Magmar: 61",6,"Damage: 1683, Status: 701, Hazard: 0, Weather: 0, Cleric: 0, Screen: 120, Pass: 0",None
ELECTIVIRE,S-,All-Rounder,"Cross Chop: 265 (33.2%), Earthquake: 227 (28.5%), Thunderbolt: 160 (20.1%), Ice Punch: 145 (18.2%)",393,90,4.37,65,5.09,4.61,1.42,50,84,28,14,-0.78,257,"Quagsire: 20, Electrode: 17, Dragonite: 15","Gengar: 14, Quagsire: 7, Hitmonchan: 5",0,"Damage: 65, Status: 5, Hazard: 0, Weather: 0, Cleric: 0, Screen: 0, Pass: 0",None
ELECTRIKE,E-,All-Rounder,"Shock Wave: 812 (36.3%), Thunder Fang: 733 (32.8%), Roar: 436 (19.5%), Thunder Wave: 256 (11.4%)",292,751,0.39,136,0.57,4.22,1.69,84,86,101,98,4.37,922,"Rattata: 12, Zubat: 10, Beedrill: 9","Magmar: 29, Graveler: 28, Quagsire: 20",5,"Damage: 120, Status: 60, Hazard: 0, Weather: 0, Cleric: 0, Screen: 0, Pass: 0",None
ELECTRODE,C,All-Rounder,"Swift: 9151 (16.5%), Thunder: 8301 (14.9%), Charge Beam: 8003 (14.4%), Rollout: 5237 (9.4%), Screech: 4575 (8.2%), Shock Wave: 4123 (7.4%), Double Team: 3650 (6.6%), Light Screen: 2607 (4.7%), Magnet Rise: 2291 (4.1%), Rain Dance: 1912 (3.4%), Mirror Coat: 1532 (2.8%), Charge: 1343 (2.4%), Explosion: 1114 (2.0%), Thunder Wave: 591 (1.1%), Selfdestruct: 553 (1.0%), Sonic Boom: 327 (0.6%), Thunderbolt: 257 (0.5%), Struggle: 2 (0.0%)",11186,8536,1.31,2016,1.55,6.0,2.83,1987,4669,4136,4739,2.33,10583,"Seaking: 279, Rattata: 254, Magnemite: 254","Quagsire: 271, Graveler: 249, Magmar: 172",45,"Damage: 1930, Status: 311, Hazard: 0, Weather: 0, Cleric: 0, Screen: 27, Pass: 0",None
EMPOLEON,A+,Attacker,"Hydro Pump: 312 (45.2%), Blizzard: 172 (24.9%), Aqua Jet: 121 (17.5%), Roar: 86 (12.4%)",330,105,3.14,35,3.48,5.38,2.35,30,102,28,0,-6.12,235,"Magmar: 19, Sandslash: 14, Magneton: 14","Magneton: 11, Dragonite: 7, Nidoqueen: 6",0,"Damage: 35, Status: 0, Hazard: 0, Weather: 0, Cleric: 0, Screen: 0, Pass: 0",None
ESPEON,S,Attacker,"Psychic: 6953 (45.3%), Psybeam: 3487 (22.7%), Swift: 1725 (11.2%), Shadow Ball: 866 (5.6%), Quick Attack: 786 (5.1%), Calm Mind: 702 (4.6%), Confusion: 662 (4.3%), Skill Swap: 152 (1.0%), Psych Up: 24 (0.2%), Baton Pass: 3 (0.0%)",8400,1113,7.55,278,7.8,3.61,1.17,875,168,322,474,6.4,4678,"Koffing: 207, Magikarp: 173, Rattata: 162","Sneasel: 76, Gyarados: 49, Magmar: 37",0,"Damage: 265, Status: 64, Hazard: 0, Weather: 0, Cleric: 0, Screen: 0, Pass: 5",None
EXEGGCUTE,C-,Disrupter,"Psychic: 5565 (38.1%), Hypnosis: 2786 (19.1%), Confusion: 2053 (14.1%), Dream Eater: 1511 (10.4%), Sleep Powder: 795 (5.4%), Stun Spore: 682 (4.7%), Leech Seed: 425 (2.9%), Solar Beam: 279 (1.9%), Barrage: 244 (1.7%), Skill Swap: 149 (1.0%), Grass Knot: 67 (0.5%), Poison Powder: 42 (0.3%)",3196,2997,1.07,750,1.32,5.78,2.77,551,1933,609,474,-4.84,3377,"Koffing: 75, Seaking: 75, Magikarp: 60","Magmar: 127, Butterfree: 118, Sneasel: 93",21,"Damage: 659, Status: 520, Hazard: 0, Weather: 0, Cleric: 0, Screen: 0, Pass: 0",None
EXEGGUTOR,A+,Attacker,"Egg Bomb: 4845 (18.8%), Psychic: 4591 (17.8%), Giga Drain: 3629 (14.1%), Hypnosis: 3315 (12.9%), Leaf Storm: 2677 (10.4%), Wood Hammer: 1760 (6.8%), Light Screen: 1749 (6.8%), Stomp: 1060 (4.1%), Confusion: 1053 (4.1%), Trick Room: 817 (3.2%), Reflect: 140 (0.5%), Dream Eater: 93 (0.4%), Explosion: 62 (0.2%), Struggle: 1 (0.0%)",9209,2752,3.35,593,3.56,4.75,2.15,1077,3354,899,184,-5.16,6882,"Koffing: 213, Seaking: 213, Rattata: 184","Butterfree: 120, Magmar: 102, Golbat: 75",4,"Damage: 572, Status: 110, Hazard: 0, Weather: 0, Cleric: 0, Screen: 13, Pass: 0",None
FARFETCHD,D-,Attacker,"Night Slash: 12451 (25.4%), Air Slash: 10803 (22.0%), Agility: 8370 (17.1%), Swords Dance: 6896 (14.1%), Feint: 5660 (11.5%), False Swipe: 2987 (6.1%), Air Cutter: 1898 (3.9%)",8568,9411,0.91,974,1.01,5.83,3.34,2884,1175,2141,1996,7.44,9567,"Magikarp: 332, Rattata: 289, Koffing: 195","Graveler: 245, Seaking: 223, Koffing: 197",4,"Damage: 974, Status: 0, Hazard: 0, Weather: 0, Cleric: 0, Screen: 0, Pass: 0",None
FEAROW,D+,Defender,"Assurance: 22838 (24.5%), Mirror Move: 19622 (21.1%), Agility: 19035 (20.5%), Aerial Ace: 13510 (14.5%), Roost: 8673 (9.3%), Drill Peck: 4497 (4.8%), Pursuit: 2189 (2.4%), Fury Attack: 1366 (1.5%), Leer: 1319 (1.4%), Struggle: 30 (0.0%)",12388,12755,0.97,3488,1.24,6.51,3.48,3553,1676,3894,606,5.97,16794,"Rattata: 465, Butterfree: 339, Magikarp: 329","Koffing: 308, Magnemite: 304, Seaking: 276",1,"Damage: 3476, Status: 118, Hazard: 0, Weather: 0, Cleric: 0, Screen: 0, Pass: 0",None
FERALIGATR,S-,All-Rounder,"Aqua Tail: 2696 (29.5%), Crunch: 2051 (22.5%), Slash: 1310 (14.3%), Waterfall: 1159 (12.7%), Ice Fang: 1084 (11.9%), Thrash: 545 (6.0%), Water Gun: 285 (3.1%)",4147,830,5.0,664,5.8,4.5,1.84,595,541,293,493,4.09,2696,"Magnemite: 144, Magmar: 127, Graveler: 87","Magneton: 42, Meganium: 28, Electrode: 25",1,"Damage: 664, Status: 7, Hazard: 0, Weather: 0, Cleric: 0, Screen: 0, Pass: 0",None
FLAAFFY,C+,Disrupter,"Charge: 8322 (20.4%), Discharge: 7135 (17.5%), Tackle: 4829 (11.8%), Thunder Wave: 4414 (10.8%), Signal Beam: 4292 (10.5%), Thunder Shock: 4019 (9.8%), Double Team: 1661 (4.1%), Cotton Spore: 1411 (3.5%), Light Screen: 1262 (3.1%), Shock Wave: 1242 (3.0%), Charge Beam: 1168 (2.9%), Growl: 1099 (2.7%), Struggle: 1 (0.0%)",6226,4578,1.36,1163,1.61,6.95,3.27,1209,1771,2360,2232,4.05,7257,"Rattata: 172, Magikarp: 170, Seaking: 161","Graveler: 121, Quagsire: 106, Seaking: 89",1,"Damage: 940, Status: 851, Hazard: 0, Weather: 0, Cleric: 0, Screen: 0, Pass: 0",None
FLAREON,A-,Attacker,"Quick Attack: 6966 (25.9%), Fire Blast: 5081 (18.9%), Bite: 3875 (14.4%), Fire Spin: 2692 (10.0%), Ember: 2647 (9.8%), Fire Fang: 1783 (6.6%), Sand Attack: 1521 (5.6%), Will O Wisp: 1346 (5.0%), Overheat: 490 (1.8%), Last Resort: 356 (1.3%), Helping Hand: 153 (0.6%), Attract: 24 (0.1%)",8416,3751,2.24,1063,2.53,4.54,1.93,1347,2931,1839,1169,0.61,7908,"Koffing: 245, Magnemite: 240, Butterfree: 240","Graveler: 98, Quagsire: 95, Gyarados: 86",1,"Damage: 1039, Status: 289, Hazard: 0, Weather: 0, Cleric: 0, Screen: 0, Pass: 0",None
FLOATZEL,B,All-Rounder,"Waterfall: 172 (76.1%), Ice Fang: 50 (22.1%), Agility: 4 (1.8%)",60,48,1.25,36,2.0,4.94,1.53,16,13,6,22,0.78,70,"Gengar: 8, Jynx: 4, Golbat: 4","Magneton: 4, Gardevoir: 3, Crobat: 3",0,"Damage: 36, Status: 0, Hazard: 0, Weather: 0, Cleric: 0, Screen: 0, Pass: 0",None
FORRETRESS,C-,Hazards,"Swift: 815 (52.1%), Protect: 465 (29.7%), Toxic Spikes: 237 (15.1%), Explosion: 48 (3.1%)",141,223,0.63,177,1.43,7.41,3.53,59,10,74,0,7.5,303,"Magnemite: 19, Noctowl: 8, Gyarados: 7","Magneton: 19, Alakazam: 8, Starmie: 8",0,"Damage: 108, Status: 0, Hazard: 78, Weather: 0, Cleric: 0, Screen: 0, Pass: 0",None
FROSLASS,B,All-Rounder,"Blizzard: 174 (57.6%), Ice Shard: 75 (24.8%), Confuse Ray: 40 (13.2%), Attract: 13 (4.3%)",92,60,1.53,39,2.18,4.81,1.33,16,11,37,0,12.39,95,"Dragonite: 7, Alakazam: 7, Haunter: 7","Gengar: 17, Charizard: 5, Sneasel: 3",0,"Damage: 35, Status: 14, Hazard: 0, Weather: 0, Cleric: 0, Screen: 0, Pass: 0",None
FURRET,C-,Passer,"Slam: 6660 (23.9%), Follow Me: 4794 (17.2%), Double Team: 4676 (16.8%), Rest: 4251 (15.2%), Sucker Punch: 4134 (14.8%), Amnesia: 2374 (8.5%), Baton Pass: 955 (3.4%), Struggle: 33 (0.1%)",1990,3130,0.64,2435,1.41,8.75,4.14,446,1841,4146,0,8.59,4756,"Rattata: 121, Magikarp: 77, Zubat: 56","Koffing: 63, Gyarados: 58, Magmar: 55",1,"Damage: 1034, Status: 0, Hazard: 0, Weather: 0, Cleric: 0, Screen: 0, Pass: 1401",None
GALLADE,A,All-Rounder,"Stone Edge: 140 (34.7%), Close Combat: 114 (28.3%), Psycho Cut: 90 (22.3%), Night Slash: 59 (14.6%)",230,88,2.61,36,3.02,4.01,1.58,32,38,8,0,0.49,175,"Magmar: 15, Arcanine: 12, Sneasel: 11","Gengar: 7, Charizard: 6, Pidgeot: 5",0,"Damage: 36, Status: 0, Hazard: 0, Weather: 0, Cleric: 0, Screen: 0, Pass: 0",None
GARCHOMP,S,Attacker,"Outrage: 252 (64.6%), Earthquake: 106 (27.2%), Swords Dance: 21 (5.4%), Roar: 11 (2.8%)",257,41,6.27,21,6.78,4.67,1.7,28,13,13,0,6.95,132,"Gengar: 13, Graveler: 9, Magcargo: 7","Gengar: 4, Starmie: 3, Rapidash: 3",0,"Damage: 21, Status: 0, Hazard: 0, Weather: 0, Cleric: 0, Screen: 0, Pass: 0",None
GARDEVOIR,A,All-Rounder,"Psychic: 191 (38.7%), Focus Blast: 160 (32.4%), Calm Mind: 75 (15.2%), Charge Beam: 68 (13.8%)",232,87,2.67,35,3.07,4.48,1.88,23,58,22,49,-2.34,178,"Sneasel: 11, Seaking: 11, Magnemite: 11","Gengar: 12, Gyarados: 5, Drapion: 4",0,"Damage: 33, Status: 0, Hazard: 0, Weather: 2, Cleric: 0, Screen: 0, Pass: 0",None
GASTLY,F,Disrupter,"Spite: 17155 (30.0%), Mean Look: 13164 (23.1%), Curse: 11418 (20.0%), Night Shade: 5841 (10.2%), Lick: 5071 (8.9%), Confuse Ray: 4453 (7.8%), Struggle: 4 (0.0%)",2305,17598,0.13,5123,0.42,4.96,1.99,285,1249,2033,1237,1.86,14362,"Magikarp: 158, Koffing: 88, Gastly: 83","Seaking: 357, Graveler: 338, Magmar: 315",34,"Damage: 3287, Status: 3258, Hazard: 0, Weather: 0, Cleric: 0, Screen: 0, Pass: 0",None
GENGAR,A,All-Rounder,"Shadow Ball: 4918 (39.1%), Hypnosis: 1597 (12.7%), Sludge Bomb: 1380 (11.0%), Mean Look: 911 (7.2%), Confuse Ray: 844 (6.7%), Sucker Punch: 819 (6.5%), Focus Blast: 775 (6.2%), Dark Pulse: 394 (3.1%), Spite: 230 (1.8%), Lick: 167 (1.3%), Thunderbolt: 140 (1.1%), Struggle: 138 (1.1%), Curse: 125 (1.0%), Destiny Bond: 106 (0.8%), Substitute: 48 (0.4%)",3824,1504,2.54,750,3.04,5.66,1.56,452,1248,307,685,-3.72,3163,"Starmie: 109, Magmar: 85, Koffing: 81","Alakazam: 118, Gengar: 54, Houndoom: 45",7,"Damage: 673, Status: 368, Hazard: 0, Weather: 0, Cleric: 0, Screen: 0, Pass: 0",None
GEODUDE,F+,Defender,"Defense Curl: 27888 (31.2%), Rock Polish: 17999 (20.1%), Rock Throw: 14844 (16.6%), Mud Sport: 9324 (10.4%), Tackle: 8099 (9.1%), Magnitude: 6209 (6.9%), Selfdestruct: 3202 (3.6%), Rollout: 1569 (1.8%), Rock Blast: 146 (0.2%), Struggle: 74 (0.1%)",9164,19886,0.46,1914,0.56,7.54,4.77,1849,4325,4411,0,2.06,14115,"Rattata: 421, Magikarp: 377, Zubat: 237","Seaking: 299, Butterfree: 294, Gyarados: 290",54,"Damage: 1914, Status: 0, Hazard: 0, Weather: 0, Cleric: 0, Screen: 0, Pass: 0",None
GIRAFARIG,A+,Attacker,"Psybeam: 5311 (35.3%), Psychic: 3616 (24.0%), Stomp: 2076 (13.8%), Calm Mind: 1091 (7.3%), Skill Swap: 700 (4.7%), Shadow Ball: 675 (4.5%), Agility: 462 (3.1%), Crunch: 386 (2.6%), Assurance: 364 (2.4%), Double Hit: 320 (2.1%), Baton Pass: 36 (0.2%)",6022,1932,3.12,486,3.37,4.03,1.62,731,268,490,481,5.96,4666,"Koffing: 164, Magnemite: 129, Rattata: 126","Sneasel: 94, Butterfree: 70, Gyarados: 56",0,"Damage: 416, Status: 63, Hazard: 0, Weather: 0, Cleric: 0, Screen: 0, Pass: 70",None
GLALIE,B-,All-Rounder,"Blizzard: 141 (64.7%), Payback: 38 (17.4%), Torment: 33 (15.1%), Attract: 6 (2.8%)",71,64,1.11,45,1.81,4.22,1.69,5,1,10,0,6.14,95,"Dragonair: 6, Crobat: 6, Golbat: 4","Magneton: 6, Poliwrath: 3, Hitmonlee: 3",0,"Damage: 45, Status: 0, Hazard: 0, Weather: 0, Cleric: 0, Screen: 0, Pass: 0",None
GLOOM,C,Disrupter,"Mega Drain: 44283 (43.6%), Stun Spore: 14013 (13.8%), Lucky Chant: 11850 (11.7%), Sleep Powder: 11748 (11.6%), Sweet Scent: 5615 (5.5%), Absorb: 5301 (5.2%), Sludge Bomb: 2665 (2.6%), Poison Powder: 2485 (2.4%), Drain Punch: 1428 (1.4%), Toxic: 722 (0.7%), Acid: 667 (0.7%), Natural Gift: 490 (0.5%), Struggle: 191 (0.2%)",9956,8998,1.11,3910,1.54,9.42,4.27,3358,9840,3758,514,-2.58,12565,"Seaking: 350, Magikarp: 342, Rattata: 300","Magmar: 249, Golbat: 220, Koffing: 184",3,"Damage: 3572, Status: 2903, Hazard: 0, Weather: 0, Cleric: 0, Screen: 0, Pass: 0",None
GOLBAT,B+,Disrupter,"Air Cutter: 24845 (27.4%), Bite: 14019 (15.4%), Poison Fang: 11827 (13.0%), Confuse Ray: 11520 (12.7%), Wing Attack: 10483 (11.5%), Mean Look: 6230 (6.9%), Astonish: 5643 (6.2%), Air Slash: 3379 (3.7%), Supersonic: 2164 (2.4%), Haze: 531 (0.6%), Leech Life: 144 (0.2%), Struggle: 3 (0.0%)",17843,10635,1.68,6618,2.3,5.69,2.38,5656,4586,3119,7701,4.4,19813,"Rattata: 428, Butterfree: 426, Magikarp: 385","Graveler: 368, Magnemite: 317, Seaking: 230",1,"Damage: 6178, Status: 3744, Hazard: 0, Weather: 0, Cleric: 0, Screen: 0, Pass: 0",None
GOLDEEN,E+,Defender,"Water Pulse: 17608 (21.0%), Flail: 16889 (20.1%), Horn Attack: 13537 (16.1%), Fury Attack: 8802 (10.5%), Supersonic: 8611 (10.3%), Peck: 5899 (7.0%), Aqua Ring: 5757 (6.9%), Waterfall: 3145 (3.8%), Tail Whip: 2596 (3.1%), Water Sport: 979 (1.2%), Struggle: 31 (0.0%)",8369,17764,0.47,6344,0.83,6.93,3.91,4502,7892,3821,3232,0.53,14928,"Magikarp: 423, Rattata: 293, Zubat: 224","Koffing: 354, Magnemite: 349, Butterfree: 327",5,"Damage: 6253, Status: 1973, Hazard: 0, Weather: 0, Cleric: 0, Screen: 0, Pass: 0",None
GOLDUCK,A-,All-Rounder,"Water Pulse: 16794 (23.5%), Zen Headbutt: 13335 (18.7%), Screech: 8419 (11.8%), Confusion: 7825 (10.9%), Disable: 5618 (7.9%), Amnesia: 5078 (7.1%), Psychic: 3590 (5.0%), Fury Swipes: 3460 (4.8%), Blizzard: 2969 (4.2%), Psych Up: 2147 (3.0%), Hydro Pump: 1727 (2.4%), Aqua Jet: 527 (0.7%), Struggle: 1 (0.0%)",15186,7701,1.97,4387,2.54,5.61,2.9,3058,7436,3077,4361,-1.83,15447,"Koffing: 485, Rattata: 388, Magikarp: 379","Seaking: 181, Magnemite: 159, Gyarados: 158",5,"Damage: 4387, Status: 823, Hazard: 0, Weather: 0, Cleric: 0, Screen: 0, Pass: 0",None
GOLEM,C-,Attacker,"Roar: 4529 (16.8%), Earthquake: 3342 (12.4%), Rock Slide: 3127 (11.6%), Explosion: 3078 (11.4%), Rollout: 2944 (10.9%), Sandstorm: 2667 (9.9%), Double Edge: 2320 (8.6%), Rock Blast: 1352 (5.0%), Selfdestruct: 1343 (5.0%), Magnitude: 904 (3.4%), Stone Edge: 678 (2.5%), Rock Polish: 421 (1.6%), Rock Throw: 187 (0.7%), Struggle: 11 (0.0%)",10781,8435,1.28,813,1.37,3.29,1.51,1212,1642,1264,335,2.99,12817,"Magmar: 237, Koffing: 214, Magnemite: 207","Golduck: 146, Seaking: 128, Starmie: 123",18,"Damage: 666, Status: 0, Hazard: 0, Weather: 364, Cleric: 0, Screen: 0, Pass: 0",None
GRANBULL,C,Attacker,"Take Down: 5549 (28.2%), Rage: 5326 (27.0%), Roar: 3447 (17.5%), Headbutt: 3434 (17.4%), Payback: 1941 (9.9%)",4353,2933,1.48,141,1.53,5.22,2.81,883,1268,903,585,2.45,4765,"Magikarp: 141, Rattata: 137, Butterfree: 112","Graveler: 73, Seaking: 48, Koffing: 47",0,"Damage: 141, Status: 0, Hazard: 0, Weather: 0, Cleric: 0, Screen: 0, Pass: 0",None
GRAVELER,D,Attacker,"Rollout: 10768 (25.9%), Selfdestruct: 7350 (17.7%), Explosion: 6946 (16.7%), Earthquake: 6755 (16.3%), Rock Blast: 3613 (8.7%), Magnitude: 3085 (7.4%), Rock Slide: 1287 (3.1%), Defense Curl: 728 (1.8%), Double Edge: 516 (1.2%), Rock Throw: 458 (1.1%)",23864,24044,0.99,2211,1.08,2.67,1.36,2593,3034,2233,102,4.1,25340,"Koffing: 550, Magmar: 539, Butterfree: 513","Quagsire: 342, Golduck: 327, Seaking: 310",153,"Damage: 2211, Status: 0, Hazard: 0, Weather: 0, Cleric: 0, Screen: 0, Pass: 0",None
GRIMER,E+,Defender,"Sludge: 15786 (18.7%), Minimize: 12973 (15.4%), Disable: 12674 (15.0%), Mud Slap: 10613 (12.6%), Mud Bomb: 8198 (9.7%), Harden: 8145 (9.6%), Pound: 7052 (8.3%), Sludge Bomb: 2422 (2.9%), Gunk Shot: 2253 (2.7%), Acid Armor: 1899 (2.2%), Poison Gas: 1322 (1.6%), Screech: 1082 (1.3%), Struggle: 38 (0.0%)",5368,11444,0.47,3734,0.8,8.9,3.88,2519,8728,24657,14858,16.86,11584,"Magikarp: 237, Magnemite: 181, Rattata: 139","Graveler: 262, Koffing: 229, Seaking: 224",10,"Damage: 3730, Status: 1597, Hazard: 0, Weather: 0, Cleric: 0, Screen: 0, Pass: 0",None
GROWLITHE,D,All-Rounder,"Ember: 20027 (30.8%), Leer: 13460 (20.7%), Flamethrower: 8080 (12.4%), Take Down: 3713 (5.7%), Crunch: 3544 (5.4%), Agility: 3155 (4.8%), Odor Sleuth: 2796 (4.3%), Roar: 2170 (3.3%), Flame Wheel: 2025 (3.1%), Bite: 2016 (3.1%), Heat Wave: 1756 (2.7%), Fire Fang: 1231 (1.9%), Helping Hand: 559 (0.9%), Reversal: 550 (0.8%), Struggle: 1 (0.0%)",10133,12548,0.81,2653,1.02,5.6,3.21,2443,2549,3479,3345,5.06,13951,"Magikarp: 412, Rattata: 338, Koffing: 308","Graveler: 323, Seaking: 242, Koffing: 238",4,"Damage: 2653, Status: 674, Hazard: 0, Weather: 0, Cleric: 0, Screen: 0, Pass: 0",None
GRUMPIG,B+,All-Rounder,"Psychic: 208 (40.9%), Power Gem: 133 (26.2%), Confuse Ray: 88 (17.3%), Signal Beam: 79 (15.6%)",175,108,1.62,73,2.3,4.65,1.87,32,15,9,15,5.09,170,"Gengar: 12, Magmar: 10, Haunter: 7","Gyarados: 11, Crobat: 7, Drapion: 5",0,"Damage: 64, Status: 35, Hazard: 0, Weather: 0, Cleric: 0, Screen: 0, Pass: 0",None
GULPIN,D+,All-Rounder,"Sludge Bomb: 8385 (52.5%), Stockpile: 3375 (21.1%), Gastro Acid: 1859 (11.6%), Spit Up: 1275 (8.0%), Swallow: 1042 (6.5%), Struggle: 45 (0.3%)",1775,2334,0.76,1186,1.27,6.2,3.83,533,601,679,1879,3.82,3145,"Magikarp: 108, Rattata: 64, Pidgey: 49","Graveler: 60, Koffing: 51, Seaking: 47",0,"Damage: 1186, Status: 455, Hazard: 0, Weather: 0, Cleric: 0, Screen: 0, Pass: 0",None
GYARADOS,A+,All-Rounder,"Thrash: 12944 (16.7%), Ice Fang: 8780 (11.3%), Bite: 7512 (9.7%), Leer: 6818 (8.8%), Waterfall: 6222 (8.0%), Aqua Tail: 5142 (6.6%), Rain Dance: 4873 (6.3%), Dragon Dance: 4825 (6.2%), Twister: 4339 (5.6%), Dragon Rage: 3640 (4.7%), Hyper Beam: 3153 (4.1%), Dragon Pulse: 3045 (3.9%), Hydro Pump: 2226 (2.9%), Surf: 2074 (2.7%), Earthquake: 1468 (1.9%), Thunder Wave: 490 (0.6%), Flail: 107 (0.1%), Struggle: 4 (0.0%)",22308,8076,2.76,3329,3.17,5.89,3.08,3398,3249,2984,3141,3.94,16021,"Koffing: 544, Magikarp: 515, Rattata: 506","Magneton: 273, Graveler: 267, Magnemite: 233",5,"Damage: 3156, Status: 296, Hazard: 0, Weather: 0, Cleric: 0, Screen: 0, Pass: 0",None
HARIYAMA,A-,All-Rounder,"Payback: 328 (55.7%), Bullet Punch: 133 (22.6%), Bulk Up: 121 (20.5%), Low Kick: 7 (1.2%)",213,94,2.27,31,2.6,5.34,2.4,26,14,41,0,8.41,178,"Haunter: 27, Gastly: 26, Alakazam: 13","Alakazam: 11, Golbat: 5, Starmie: 5",0,"Damage: 31, Status: 0, Hazard: 0, Weather: 0, Cleric: 0, Screen: 0, Pass: 0",None
HAUNTER,D,Disrupter,"Sucker Punch: 20004 (29.3%), Night Shade: 14480 (21.2%), Confuse Ray: 9325 (13.6%), Shadow Punch: 7681 (11.2%), Mean Look: 5080 (7.4%), Curse: 3860 (5.6%), Hypnosis: 2607 (3.8%), Shadow Ball: 1761 (2.6%), Lick: 1400 (2.0%), Dream Eater: 1300 (1.9%), Struggle: 578 (0.8%), Nightmare: 251 (0.4%)",7767,10170,0.76,2593,1.02,6.35,2.1,1166,2249,2203,517,1.64,12611,"Koffing: 341, Magikarp: 265, Bellsprout: 196","Magmar: 212, Seaking: 205, Sneasel: 189",7,"Damage: 1731, Status: 1768, Hazard: 0, Weather: 0, Cleric: 0, Screen: 0, Pass: 0",None
HERACROSS,B-,All-Rounder,"Stone Edge: 114 (38.6%), Close Combat: 88 (29.8%), Megahorn: 68 (23.1%), Counter: 25 (8.5%)",153,96,1.59,25,1.85,3.82,1.52,15,47,19,0,-4.14,152,"Magmar: 10, Magcargo: 10, Magneton: 8","Crobat: 11, Typhlosion: 7, Charizard: 7",0,"Damage: 25, Status: 0, Hazard: 0, Weather: 0, Cleric: 0, Screen: 0, Pass: 0",None
HITMONCHAN,A-,Attacker,"Ice Punch: 2899 (23.1%), Fire Punch: 2848 (22.7%), Thunder Punch: 2696 (21.5%), Mach Punch: 1944 (15.5%), Vacuum Wave: 1157 (9.2%), Double Team: 343 (2.7%), Bullet Punch: 202 (1.6%), Swagger: 157 (1.3%), Focus Punch: 112 (0.9%), Close Combat: 109 (0.9%), Substitute: 58 (0.5%), Drain Punch: 28 (0.2%)",4212,1810,2.33,350,2.52,4.46,2.04,769,326,611,469,7.91,3647,"Butterfree: 89, Zubat: 87, Seaking: 82","Alakazam: 64, Graveler: 48, Quagsire: 37",0,"Damage: 324, Status: 107, Hazard: 0, Weather: 0, Cleric: 0, Screen: 0, Pass: 0",None
HITMONLEE,D+,All-Rounder,"Meditate: 5142 (18.0%), Mind Reader: 4254 (14.9%), Focus Energy: 3813 (13.3%), Endure: 3563 (12.4%), Hi Jump Kick: 2857 (10.0%), Feint: 2163 (7.6%), Blaze Kick: 1650 (5.8%), Jump Kick: 1039 (3.6%), Double Kick: 1037 (3.6%), Foresight: 823 (2.9%), Close Combat: 764 (2.7%), Mega Kick: 486 (1.7%), Brick Break: 484 (1.7%), Swagger: 284 (1.0%), Bulk Up: 134 (0.5%), Fake Out: 120 (0.4%), Reversal: 32 (0.1%)",5062,5028,1.01,1222,1.25,4.94,2.46,1826,774,1163,167,7.43,7350,"Butterfree: 119, Magikarp: 116, Rattata: 102","Alakazam: 92, Seaking: 90, Koffing: 79",6,"Damage: 1166, Status: 140, Hazard: 0, Weather: 0, Cleric: 0, Screen: 0, Pass: 0",None
HITMONTOP,S-,Defender,"Dig: 5053 (33.4%), Counter: 4067 (26.9%), Quick Attack: 3231 (21.4%), Close Combat: 1446 (9.6%), Earthquake: 1053 (7.0%), Triple Kick: 273 (1.8%), Struggle: 4 (0.0%)",3645,915,3.98,853,4.92,6.63,2.7,471,366,2517,0,14.86,2715,"Magikarp: 115, Rattata: 102, Magnemite: 83","Alakazam: 35, Koffing: 34, Haunter: 29",0,"Damage: 853, Status: 0, Hazard: 0, Weather: 0, Cleric: 0, Screen: 0, Pass: 0",None
HONCHKROW,B+,Disrupter,"Dark Pulse: 474 (30.6%), Night Slash: 260 (16.8%), Drill Peck: 235 (15.2%), Thunder Wave: 174 (11.2%), Nasty Plot: 130 (8.4%), Shadow Ball: 92 (5.9%), Swagger: 91 (5.9%), Sucker Punch: 68 (4.4%), Whirlwind: 25 (1.6%)",651,333,1.95,147,2.4,3.89,1.33,128,32,75,38,10.2,662,"Alakazam: 38, Gengar: 23, Kadabra: 19","Magneton: 26, Starmie: 20, Gengar: 17",1,"Damage: 121, Status: 82, Hazard: 0, Weather: 0, Cleric: 0, Screen: 0, Pass: 0",None
HOOTHOOT,F+,All-Rounder,"Tackle: 4545 (18.5%), Peck: 3501 (14.3%), Take Down: 3236 (13.2%), Confusion: 3154 (12.9%), Hypnosis: 3137 (12.8%), Uproar: 1639 (6.7%), Air Slash: 1503 (6.1%), Zen Headbutt: 1382 (5.6%), Growl: 1283 (5.2%), Reflect: 976 (4.0%), Foresight: 174 (0.7%)",1894,5006,0.38,835,0.55,5.66,2.47,1085,2458,946,780,-1.84,5712,"Magikarp: 107, Bellsprout: 87, Rattata: 67","Koffing: 104, Magnemite: 89, Gyarados: 79",0,"Damage: 806, Status: 156, Hazard: 0, Weather: 0, Cleric: 0, Screen: 63, Pass: 0",None
HOPPIP,F+,Disrupter,"Splash: 9389 (21.3%), Tail Whip: 7992 (18.1%), Bullet Seed: 7934 (18.0%), Bounce: 3553 (8.1%), Stun Spore: 3100 (7.0%), Synthesis: 2525 (5.7%), Leech Seed: 2093 (4.8%), Mega Drain: 1775 (4.0%), Tackle: 1734 (3.9%), Sleep Powder: 1633 (3.7%), Poison Powder: 816 (1.9%), Giga Drain: 777 (1.8%), U Turn: 669 (1.5%), Struggle: 67 (0.2%)",1364,7809,0.17,2618,0.51,9.59,4.28,1678,2571,3269,0,5.02,6275,"Magikarp: 112, Bellsprout: 43, Geodude: 42","Koffing: 145, Rattata: 139, Graveler: 136",14,"Damage: 2349, Status: 2018, Hazard: 0, Weather: 0, Cleric: 0, Screen: 0, Pass: 0",None
HORSEA,D-,All-Rounder,"Smoke Screen: 5190 (13.9%), Leer: 5105 (13.7%), Twister: 5088 (13.7%), Brine: 4075 (10.9%), Agility: 3721 (10.0%), Water Pulse: 3712 (10.0%), Bubble Beam: 3203 (8.6%), Hydro Pump: 2846 (7.6%), Focus Energy: 2476 (6.7%), Bubble: 1808 (4.9%)",5409,8282,0.65,2077,0.9,5.46,2.85,1937,1500,5008,880,12.92,7943,"Magikarp: 273, Rattata: 190, Koffing: 156","Seaking: 144, Magmar: 143, Butterfree: 141",2,"Damage: 2077, Status: 188, Hazard: 0, Weather: 0, Cleric: 0, Screen: 0, Pass: 0",None
HOUNDOOM,A+,All-Rounder,"Fire Fang: 1010 (24.1%), Faint Attack: 738 (17.6%), Bite: 704 (16.8%), Dark Pulse: 626 (15.0%), Flamethrower: 567 (13.6%), Nasty Plot: 240 (5.7%), Crunch: 107 (2.6%), Smog: 68 (1.6%), Sucker Punch: 44 (1.1%), Sludge Bomb: 41 (1.0%), Shadow Ball: 39 (0.9%)",1826,620,2.95,282,3.4,4.22,1.33,205,158,179,330,5.6,1433,"Magmar: 56, Magneton: 51, Seaking: 50","Gyarados: 22, Graveler: 21, Feraligatr: 18",0,"Damage: 282, Status: 38, Hazard: 0, Weather: 0, Cleric: 0, Screen: 0, Pass: 0",None
HOUNDOUR,B,All-Rounder,"Fire Fang: 2415 (48.6%), Faint Attack: 1274 (25.6%), Bite: 1219 (24.5%), Roar: 61 (1.2%)",1306,976,1.34,825,2.18,3.95,1.86,289,207,224,566,5.66,1498,"Magikarp: 53, Rattata: 42, Bellsprout: 30","Graveler: 34, Seaking: 32, Seadra: 31",0,"Damage: 825, Status: 83, Hazard: 0, Weather: 0, Cleric: 0, Screen: 0, Pass: 0",None
HYPNO,B,Disrupter,"Psybeam: 9625 (29.0%), Psychic: 5989 (18.0%), Swagger: 5342 (16.1%), Nasty Plot: 3305 (9.9%), Psych Up: 3188 (9.6%), Skill Swap: 2258 (6.8%), Meditate: 1535 (4.6%), Hypnosis: 1374 (4.1%), Poison Gas: 616 (1.9%)",6199,4062,1.53,2061,2.03,5.99,2.69,944,2094,1397,833,0.61,6968,"Koffing: 185, Zubat: 161, Goldeen: 128","Seaking: 129, Butterfree: 106, Magmar: 105",0,"Damage: 1454, Status: 1586, Hazard: 0, Weather: 0, Cleric: 0, Screen: 0, Pass: 0",None
ILLUMISE,C,Disrupter,"Bug Buzz: 1951 (39.0%), Zen Headbutt: 1910 (38.2%), Flatter: 1004 (20.1%), Helping Hand: 140 (2.8%)",1090,790,1.38,157,1.58,5.18,2.01,231,334,204,397,2.44,1369,"Butterfree: 36, Seaking: 31, Geodude: 31","Magmar: 27, Seaking: 23, Seadra: 21",0,"Damage: 143, Status: 105, Hazard: 0, Weather: 0, Cleric: 0, Screen: 0, Pass: 0",None
IVYSAUR,C+,All-Rounder,"Double Edge: 5001 (17.2%), Razor Leaf: 3796 (13.1%), Solar Beam: 3390 (11.7%), Sludge Bomb: 3349 (11.5%), Take Down: 3326 (11.5%), Sweet Scent: 2482 (8.6%), Petal Dance: 1766 (6.1%), Sleep Powder: 1552 (5.3%), Growth: 1340 (4.6%), Synthesis: 1104 (3.8%), Worry Seed: 745 (2.6%), Leech Seed: 539 (1.9%), Toxic: 262 (0.9%), Poison Powder: 213 (0.7%), Giga Drain: 155 (0.5%), Struggle: 4 (0.0%)",5908,4942,1.2,2712,1.74,5.11,2.47,1351,1606,1186,538,3.06,7817,"Rattata: 150, Seaking: 146, Zubat: 122","Magmar: 170, Golbat: 114, Graveler: 107",1,"Damage: 2582, Status: 848, Hazard: 0, Weather: 0, Cleric: 0, Screen: 0, Pass: 0",None
JIGGLYPUFF,F-,Attacker,"Pound: 7206 (29.8%), Defense Curl: 6016 (24.9%), Disable: 4728 (19.6%), Sing: 4007 (16.6%), Body Slam: 1338 (5.5%), Mimic: 532 (2.2%), Wake Up Slap: 268 (1.1%), Gyro Ball: 45 (0.2%), Struggle: 4 (0.0%)",1064,4879,0.22,135,0.25,10.98,4.84,464,3582,949,290,-8.59,2674,"Magikarp: 53, Rattata: 51, Pidgey: 34","Koffing: 81, Rattata: 76, Gyarados: 76",13,"Damage: 105, Status: 74, Hazard: 0, Weather: 0, Cleric: 0, Screen: 0, Pass: 0","Curse: 13 (7.1%), Agility: 11 (6.0%), Disable: 11 (6.0%), Spite: 10 (5.5%), Mean Look: 8 (4.4%), Rest: 8 (4.4%), Charge: 7 (3.8%), Minimize: 6 (3.3%), Stockpile: 6 (3.3%), Thrash: 6 (3.3%), Harden: 6 (3.3%), Psych Up: 5 (2.7%), Protect: 5 (2.7%), Take Down: 5 (2.7%), Screech: 5 (2.7%), Double Team: 5 (2.7%), Scary Face: 4 (2.2%), Withdraw: 4 (2.2%), Sheer Cold: 3 (1.6%), Aqua Ring: 3 (1.6%), Roost: 3 (1.6%), Leer: 3 (1.6%), Magnet Bomb: 2 (1.1%), Bite: 2 (1.1%), Smoke Screen: 2 (1.1%), Lock On: 2 (1.1%), Gastro Acid: 2 (1.1%), Feint: 2 (1.1%), Thunder Wave: 2 (1.1%), Amnesia: 2 (1.1%), Safeguard: 2 (1.1%), Iron Tail: 2 (1.1%), Seismic Toss: 2 (1.1%), Assurance: 2 (1.1%), Double Edge: 1 (0.5%), Quick Attack: 1 (0.5%), Tail Whip: 1 (0.5%), Flail: 1 (0.5%), Worry Seed: 1 (0.5%), Slash: 1 (0.5%), Psybeam: 1 (0.5%), Drill Peck: 1 (0.5%), Confuse Ray: 1 (0.5%), Light Screen: 1 (0.5%), Supersonic: 1 (0.5%), Thunder Shock: 1 (0.5%), Horn Attack: 1 (0.5%), Air Cutter: 1 (0.5%), Horn Drill: 1 (0.5%), Acid Armor: 1 (0.5%), Skill Swap: 1 (0.5%), Yawn: 1 (0.5%), Karate Chop: 1 (0.5%), Growth: 1 (0.5%), Sonic Boom: 1 (0.5%), Sucker Punch: 1 (0.5%)"
JOLTEON,A+,All-Rounder,"Thunderbolt: 7029 (26.5%), Quick Attack: 4289 (16.1%), Double Team: 3396 (12.8%), Pin Missile: 2810 (10.6%), Shock Wave: 2354 (8.9%), Sand Attack: 1745 (6.6%), Thunder Wave: 1460 (5.5%), Last Resort: 1456 (5.5%), Thunder Shock: 1436 (5.4%), Double Kick: 300 (1.1%), Helping Hand: 276 (1.0%), Struggle: 14 (0.1%)",6541,2335,2.8,1311,3.36,5.73,1.98,1441,1216,4136,369,14.24,5194,"Koffing: 197, Magikarp: 167, Seaking: 164","Quagsire: 83, Sandslash: 63, Graveler: 62",1,"Damage: 1309, Status: 60, Hazard: 0, Weather: 0, Cleric: 0, Screen: 0, Pass: 0",None
JUMPLUFF,B,Defender,"U Turn: 4932 (26.3%), Giga Drain: 3683 (19.7%), Sunny Day: 2095 (11.2%), Bounce: 1994 (10.7%), Sleep Powder: 1884 (10.1%), Leech Seed: 1303 (7.0%), Mega Drain: 986 (5.3%), Cotton Spore: 921 (4.9%), Worry Seed: 670 (3.6%), Memento: 252 (1.3%)",2162,2067,1.05,2301,2.16,6.66,1.98,636,1245,1525,0,4.52,4500,"Graveler: 66, Quagsire: 65, Seaking: 61","Magmar: 74, Golbat: 68, Gyarados: 43",1,"Damage: 2124, Status: 976, Hazard: 0, Weather: 7, Cleric: 0, Screen: 0, Pass: 0",None
JYNX,D+,All-Rounder,"Wake Up Slap: 3373 (21.6%), Fake Tears: 2829 (18.1%), Ice Punch: 2459 (15.7%), Body Slam: 2278 (14.6%), Avalanche: 1658 (10.6%), Mean Look: 1044 (6.7%), Psychic: 870 (5.6%), Blizzard: 476 (3.0%), Lovely Kiss: 434 (2.8%), Dream Eater: 105 (0.7%), Focus Blast: 39 (0.2%), Perish Song: 28 (0.2%), Double Slap: 23 (0.1%)",2237,2833,0.79,1150,1.2,4.87,2.35,637,703,605,775,3.22,3813,"Magikarp: 108, Rattata: 50, Zubat: 40","Magmar: 59, Koffing: 52, Gyarados: 48",2,"Damage: 1139, Status: 291, Hazard: 0, Weather: 0, Cleric: 0, Screen: 0, Pass: 0",None
KABUTOPS,C+,All-Rounder,"Aqua Jet: 1443 (23.3%), Rock Slide: 1236 (20.0%), Endure: 1128 (18.2%), Mega Drain: 1042 (16.8%), Slash: 1028 (16.6%), Giga Drain: 318 (5.1%)",1594,1056,1.51,228,1.73,4.78,2.22,348,251,268,206,5.79,1843,"Seaking: 75, Seadra: 46, Poliwhirl: 39","Magneton: 34, Starmie: 30, Seaking: 30",1,"Damage: 228, Status: 0, Hazard: 0, Weather: 0, Cleric: 0, Screen: 0, Pass: 0",None
KADABRA,B,All-Rounder,"Psychic: 9757 (33.7%), Confusion: 4688 (16.2%), Psybeam: 3141 (10.8%), Role Play: 2239 (7.7%), Disable: 1848 (6.4%), Reflect: 1840 (6.3%), Psycho Cut: 1599 (5.5%), Kinesis: 1094 (3.8%), Charge Beam: 842 (2.9%), Skill Swap: 764 (2.6%), Future Sight: 552 (1.9%), Recover: 522 (1.8%), Headbutt: 66 (0.2%), Teleport: 41 (0.1%)",10731,6011,1.79,1834,2.09,3.38,1.27,1308,1138,2087,1201,7.19,10787,"Koffing: 382, Magikarp: 259, Rattata: 258","Butterfree: 195, Seaking: 190, Magmar: 180",9,"Damage: 1710, Status: 151, Hazard: 0, Weather: 0, Cleric: 0, Screen: 128, Pass: 0",None
KAKUNA,F-,All-Rounder,"Harden: 8167 (62.9%), Poison Sting: 2841 (21.9%), Bug Bite: 965 (7.4%), String Shot: 889 (6.8%), Struggle: 132 (1.0%)",168,4349,0.04,533,0.16,4.75,2.74,236,204,869,795,6.71,4580,"Skiploom: 10, Rattata: 8, Voltorb: 7","Seaking: 105, Magmar: 105, Golbat: 94",2,"Damage: 533, Status: 273, Hazard: 0, Weather: 0, Cleric: 0, Screen: 0, Pass: 0",None
KANGASKHAN,A-,Attacker,"Rage: 2343 (23.0%), Bite: 2323 (22.8%), Dizzy Punch: 2314 (22.7%), Mega Punch: 2257 (22.1%), Outrage: 764 (7.5%), Leer: 112 (1.1%), Sucker Punch: 77 (0.8%)",2447,1009,2.43,215,2.64,5.84,2.83,594,629,406,809,3.4,2022,"Rattata: 75, Seaking: 56, Magikarp: 54","Graveler: 25, Golbat: 25, Gyarados: 22",0,"Damage: 215, Status: 44, Hazard: 0, Weather: 0, Cleric: 0, Screen: 0, Pass: 0",None
KINGDRA,A+,All-Rounder,"Hydro Pump: 703 (42.3%), Dragon Pulse: 369 (22.2%), Smoke Screen: 203 (12.2%), Dragon Breath: 118 (7.1%), Yawn: 113 (6.8%), Ice Beam: 105 (6.3%), Hyper Beam: 50 (3.0%)",561,194,2.89,100,3.41,5.46,1.81,70,216,168,31,1.24,446,"Gengar: 26, Magmar: 25, Weezing: 22","Gengar: 21, Dragonite: 9, Gyarados: 8",0,"Damage: 93, Status: 22, Hazard: 0, Weather: 0, Cleric: 0, Screen: 0, Pass: 0",None
KINGLER,C+,Attacker,"Protect: 4756 (27.2%), Guillotine: 3722 (21.3%), Stomp: 3557 (20.3%), Metal Claw: 2362 (13.5%), Brine: 1057 (6.0%), Bubble Beam: 581 (3.3%), Crabhammer: 513 (2.9%), X Scissor: 497 (2.8%), Slam: 438 (2.5%)",3856,2655,1.45,512,1.65,5.03,2.12,536,3089,656,247,-10.45,4465,"Magmar: 106, Koffing: 93, Zubat: 82","Electabuzz: 66, Magneton: 65, Weezing: 56",2,"Damage: 512, Status: 0, Hazard: 0, Weather: 0, Cleric: 0, Screen: 0, Pass: 0",None
KOFFING,E,All-Rounder,"Sludge: 23236 (16.1%), Smog: 22999 (15.9%), Smoke Screen: 22095 (15.3%), Assurance: 21401 (14.8%), Tackle: 18630 (12.9%), Gyro Ball: 12415 (8.6%), Selfdestruct: 9330 (6.5%), Explosion: 5714 (4.0%), Poison Gas: 3625 (2.5%), Sludge Bomb: 3057 (2.1%), Haze: 2124 (1.5%), Struggle: 7 (0.0%)",21884,41292,0.53,8051,0.72,5.96,3.39,6436,13883,19475,11693,7.31,30697,"Rattata: 695, Magikarp: 639, Koffing: 534","Graveler: 550, Gyarados: 544, Koffing: 542",284,"Damage: 8034, Status: 3410, Hazard: 0, Weather: 0, Cleric: 0, Screen: 0, Pass: 0",None
KRABBY,F+,All-Rounder,"Bubble Beam: 5506 (24.4%), Harden: 5480 (24.2%), Mud Shot: 2957 (13.1%), Vice Grip: 2812 (12.4%), Leer: 2747 (12.2%), Metal Claw: 1874 (8.3%), Protect: 450 (2.0%), Slam: 293 (1.3%), Guillotine: 249 (1.1%), Brine: 238 (1.1%), Struggle: 2 (0.0%)",1984,5324,0.37,399,0.45,6.02,3.63,767,1124,1128,3064,3.35,4801,"Magikarp: 108, Rattata: 84, Geodude: 54","Koffing: 118, Butterfree: 99, Seaking: 94",4,"Damage: 399, Status: 0, Hazard: 0, Weather: 0, Cleric: 0, Screen: 0, Pass: 0",None
LANTURN,A+,Disrupter,"Discharge: 3496 (26.6%), Signal Beam: 3062 (23.3%), Bubble Beam: 2958 (22.5%), Confuse Ray: 1559 (11.9%), Hydro Pump: 905 (6.9%), Aqua Ring: 809 (6.2%), Thunderbolt: 132 (1.0%), Surf: 121 (0.9%), Thunder Wave: 97 (0.7%)",3702,1351,2.74,808,3.34,5.26,2.36,613,845,411,920,1.47,3161,"Magnemite: 83, Koffing: 81, Seaking: 81","Vileplume: 39, Quagsire: 37, Alakazam: 36",1,"Damage: 756, Status: 449, Hazard: 0, Weather: 0, Cleric: 0, Screen: 0, Pass: 0",None
LAPRAS,B+,All-Rounder,"Ice Beam: 2815 (29.8%), Brine: 2418 (25.6%), Perish Song: 926 (9.8%), Hydro Pump: 850 (9.0%), Rain Dance: 668 (7.1%), Safeguard: 616 (6.5%), Blizzard: 427 (4.5%), Body Slam: 267 (2.8%), Sing: 177 (1.9%), Water Pulse: 115 (1.2%), Psychic: 97 (1.0%), Surf: 71 (0.8%), Struggle: 2 (0.0%)",2963,1412,2.1,451,2.42,4.89,2.38,409,613,410,201,1.95,2874,"Koffing: 69, Golbat: 59, Bellsprout: 54","Magneton: 47, Seaking: 24, Electabuzz: 23",2,"Damage: 451, Status: 44, Hazard: 0, Weather: 0, Cleric: 0, Screen: 0, Pass: 0",None
LEDIAN,D,Defender,"Agility: 3615 (37.0%), Mach Punch: 3467 (35.5%), Silver Wind: 2642 (27.0%), Baton Pass: 49 (0.5%), Struggle: 2 (0.0%)",553,1393,0.4,1012,1.12,6.61,3.57,354,273,408,261,4.9,1662,"Magikarp: 58, Rattata: 22, Bellsprout: 21","Koffing: 31, Gyarados: 24, Graveler: 24",0,"Damage: 950, Status: 0, Hazard: 0, Weather: 0, Cleric: 0, Screen: 0, Pass: 62",None
LEDYBA,F,Disrupter,"Tackle: 8408 (54.8%), Supersonic: 4452 (29.0%), Comet Punch: 2475 (16.1%), Struggle: 13 (0.1%)",189,4033,0.05,920,0.27,4.72,2.56,810,3121,730,0,-9.83,4253,"Magikarp: 50, Bellsprout: 14, Poliwag: 8","Graveler: 87, Rattata: 82, Koffing: 69",0,"Damage: 851, Status: 620, Hazard: 0, Weather: 0, Cleric: 0, Screen: 0, Pass: 0",None
LICKILICKY,A+,All-Rounder,"Wring Out: 627 (30.9%), Thunderbolt: 521 (25.7%), Ice Beam: 449 (22.2%), Earthquake: 257 (12.7%), Flamethrower: 172 (8.5%)",856,269,3.18,133,3.68,4.45,2.07,115,48,87,51,7.54,685,"Sneasel: 50, Gyarados: 35, Starmie: 33","Alakazam: 21, Dragonite: 15, Gengar: 12",0,"Damage: 133, Status: 8, Hazard: 0, Weather: 0, Cleric: 0, Screen: 0, Pass: 0",None
LICKITUNG,F+,Defender,"Supersonic: 4913 (27.8%), Cut: 4359 (24.6%), Lick: 3177 (18.0%), Me First: 2776 (15.7%), Disable: 1395 (7.9%), Rollout: 699 (4.0%), Slam: 371 (2.1%)",928,2436,0.38,433,0.56,7.63,3.95,468,3448,799,874,-11.72,2958,"Magikarp: 55, Zubat: 35, Rattata: 33","Seaking: 64, Gyarados: 47, Magnemite: 45",0,"Damage: 427, Status: 238, Hazard: 0, Weather: 0, Cleric: 0, Screen: 0, Pass: 0",None
LINOONE,A+,Attacker,"Dig: 3824 (44.5%), Slash: 3259 (37.9%), Surf: 837 (9.7%), Belly Drum: 674 (7.8%)",2533,758,3.34,51,3.41,5.44,1.98,538,111,1816,0,21.55,1738,"Koffing: 71, Rattata: 61, Magikarp: 55","Weezing: 18, Quagsire: 18, Seadra: 17",0,"Damage: 51, Status: 0, Hazard: 0, Weather: 0, Cleric: 0, Screen: 0, Pass: 0",None
LOTAD,F,All-Rounder,"Mega Drain: 1122 (33.8%), Zen Headbutt: 964 (29.0%), Bubble Beam: 908 (27.3%), Rain Dance: 326 (9.8%)",378,1267,0.3,169,0.43,3.32,2.27,165,210,228,214,4.79,1456,"Magikarp: 48, Geodude: 33, Quagsire: 15","Rattata: 32, Graveler: 29, Qwilfish: 23",0,"Damage: 169, Status: 0, Hazard: 0, Weather: 0, Cleric: 0, Screen: 0, Pass: 0",None
LUCARIO,C+,All-Rounder,"Iron Tail: 129 (44.3%), Counter: 73 (25.1%), Close Combat: 49 (16.8%), Extreme Speed: 40 (13.7%)",98,72,1.36,22,1.67,4.68,1.95,11,42,10,17,-6.41,108,"Gengar: 8, Koffing: 8, Magneton: 7","Gengar: 6, Magmortar: 6, Crobat: 5",0,"Damage: 22, Status: 0, Hazard: 0, Weather: 0, Cleric: 0, Screen: 0, Pass: 0",None
LUVDISC,E+,Disrupter,"Water Pulse: 12329 (47.8%), Sweet Kiss: 6198 (24.1%), Aqua Ring: 3642 (14.1%), Attract: 2307 (9.0%), Captivate: 1150 (4.5%), Struggle: 141 (0.5%)",1733,2804,0.62,606,0.83,14.67,6.44,697,2033,711,1955,-2.34,1646,"Goldeen: 48, Magikarp: 48, Koffing: 45","Seaking: 88, Gloom: 56, Magnemite: 52",3,"Damage: 567, Status: 590, Hazard: 0, Weather: 0, Cleric: 0, Screen: 0, Pass: 0",None
MACHAMP,C+,Attacker,"Scary Face: 9878 (45.9%), Wake Up Slap: 3138 (14.6%), Cross Chop: 2483 (11.5%), Submission: 2006 (9.3%), Dynamic Punch: 1470 (6.8%), Revenge: 832 (3.9%), Vital Throw: 732 (3.4%), Stone Edge: 542 (2.5%), Rock Slide: 177 (0.8%), Bullet Punch: 78 (0.4%), Thunder Punch: 61 (0.3%), Fling: 53 (0.2%), Earthquake: 38 (0.2%), Attract: 11 (0.1%), Foresight: 9 (0.0%), Struggle: 2 (0.0%)",4916,3275,1.5,507,1.66,5.05,2.73,795,1144,420,513,0.33,5819,"Rattata: 133, Magnemite: 104, Goldeen: 102","Alakazam: 93, Graveler: 74, Seaking: 70",0,"Damage: 507, Status: 106, Hazard: 0, Weather: 0, Cleric: 0, Screen: 0, Pass: 0",None
MACHOKE,D+,Attacker,"Vital Throw: 5476 (16.9%), Submission: 4684 (14.4%), Revenge: 4340 (13.4%), Seismic Toss: 3839 (11.8%), Wake Up Slap: 3277 (10.1%), Leer: 3057 (9.4%), Cross Chop: 2180 (6.7%), Foresight: 2177 (6.7%), Scary Face: 1792 (5.5%), Karate Chop: 892 (2.7%), Rock Slide: 452 (1.4%), Focus Energy: 302 (0.9%)",8444,7772,1.09,1000,1.22,4.34,2.53,1491,661,589,60,4.27,11446,"Rattata: 235, Seaking: 198, Magikarp: 177","Graveler: 205, Seaking: 170, Golbat: 167",8,"Damage: 1000, Status: 0, Hazard: 0, Weather: 0, Cleric: 0, Screen: 0, Pass: 0",None
MACHOP,E,All-Rounder,"Karate Chop: 5820 (15.3%), Leer: 5311 (13.9%), Foresight: 4856 (12.7%), Vital Throw: 4732 (12.4%), Revenge: 3774 (9.9%), Focus Energy: 3766 (9.9%), Seismic Toss: 3390 (8.9%), Submission: 2640 (6.9%), Wake Up Slap: 2563 (6.7%), Cross Chop: 926 (2.4%), Low Kick: 327 (0.9%)",6696,12155,0.55,2318,0.74,5.45,3.28,2400,404,837,0,7.27,10858,"Magikarp: 317, Rattata: 312, Geodude: 170","Koffing: 297, Golbat: 239, Graveler: 217",11,"Damage: 2318, Status: 0, Hazard: 0, Weather: 0, Cleric: 0, Screen: 0, Pass: 0",None
MAGBY,C-,Disrupter,"Faint Attack: 2049 (28.6%), Fire Spin: 2048 (28.6%), Smoke Screen: 1775 (24.8%), Confuse Ray: 1286 (18.0%), Struggle: 2 (0.0%)",373,1252,0.3,1249,1.3,5.49,2.23,212,743,1008,0,5.84,1495,"Magikarp: 38, Gastly: 15, Bellsprout: 14","Koffing: 33, Quagsire: 31, Seaking: 29",0,"Damage: 1093, Status: 853, Hazard: 0, Weather: 0, Cleric: 0, Screen: 0, Pass: 0",None
MAGCARGO,B+,All-Rounder,"Rock Slide: 6246 (28.5%), Overheat: 4115 (18.8%), Recover: 2783 (12.7%), Yawn: 2405 (11.0%), Lava Plume: 1839 (8.4%), Amnesia: 1448 (6.6%), Ancient Power: 1334 (6.1%), Sunny Day: 837 (3.8%), Smog: 367 (1.7%), Curse: 179 (0.8%), Stone Edge: 157 (0.7%), Body Slam: 98 (0.4%), Struggle: 83 (0.4%), Gyro Ball: 14 (0.1%)",5044,2529,1.99,861,2.33,5.51,2.92,769,1844,1012,1719,-0.13,5243,"Koffing: 143, Magikarp: 133, Magnemite: 123","Seaking: 79, Quagsire: 76, Golduck: 70",1,"Damage: 810, Status: 474, Hazard: 0, Weather: 5, Cleric: 0, Screen: 0, Pass: 0",None
MAGIKARP,F-,Defender,"Splash: 71484 (55.4%), Tackle: 56885 (44.1%), Flail: 381 (0.3%), Struggle: 307 (0.2%)",471,37359,0.01,1564,0.05,14.5,8.63,3298,4668,6262,0,3.62,10408,"Magikarp: 174, Caterpie: 48, Pichu: 28","Rattata: 768, Koffing: 639, Seaking: 533",167,"Damage: 1564, Status: 0, Hazard: 0, Weather: 0, Cleric: 0, Screen: 0, Pass: 0",None
MAGMAR,B,Disrupter,"Fire Punch: 15655 (15.7%), Confuse Ray: 15068 (15.1%), Faint Attack: 14173 (14.2%), Flamethrower: 10993 (11.0%), Fire Spin: 10691 (10.7%), Lava Plume: 8947 (9.0%), Smoke Screen: 8203 (8.2%), Ember: 4241 (4.2%), Leer: 4062 (4.1%), Smog: 2764 (2.8%), Sunny Day: 1717 (1.7%), Overheat: 1551 (1.6%), Protect: 1233 (1.2%), Thunder Punch: 523 (0.5%), Struggle: 11 (0.0%)",20711,13734,1.51,6771,2.0,5.33,2.42,3878,6142,8051,4043,5.41,20863,"Magnemite: 642, Koffing: 521, Butterfree: 477","Graveler: 539, Seaking: 418, Quagsire: 386",1,"Damage: 6033, Status: 5043, Hazard: 0, Weather: 5, Cleric: 0, Screen: 0, Pass: 0",None
MAGMORTAR,A,All-Rounder,"Flamethrower: 1097 (27.9%), Fire Blast: 974 (24.7%), Lava Plume: 896 (22.8%), Sunny Day: 702 (17.8%), Thunderbolt: 187 (4.8%), Confuse Ray: 78 (2.0%), Low Kick: 2 (0.1%)",1470,578,2.54,334,3.12,4.49,1.67,165,248,294,232,5.03,1286,"Koffing: 41, Seaking: 39, Rattata: 35","Graveler: 25, Quagsire: 21, Magmar: 21",0,"Damage: 315, Status: 163, Hazard: 0, Weather: 0, Cleric: 0, Screen: 0, Pass: 0",None
MAGNEMITE,D-,Disrupter,"Lock On: 21689 (17.5%), Sonic Boom: 17458 (14.1%), Thunder Shock: 15652 (12.6%), Spark: 13462 (10.9%), Thunder Wave: 12378 (10.0%), Supersonic: 10995 (8.9%), Magnet Bomb: 10365 (8.4%), Tackle: 6855 (5.5%), Discharge: 4886 (3.9%), Thunderbolt: 3762 (3.0%), Metal Sound: 2776 (2.2%), Screech: 2678 (2.2%), Shock Wave: 806 (0.7%), Struggle: 28 (0.0%)",16690,20564,0.81,3641,0.99,8.09,4.26,3201,10853,5604,4590,-1.61,18206,"Magikarp: 500, Zubat: 478, Rattata: 419","Magmar: 642, Seaking: 503, Quagsire: 479",68,"Damage: 3044, Status: 2281, Hazard: 0, Weather: 0, Cleric: 0, Screen: 0, Pass: 0",None
MAGNETON,B+,All-Rounder,"Magnet Bomb: 8671 (20.2%), Lock On: 6843 (15.9%), Screech: 6198 (14.4%), Discharge: 4827 (11.2%), Mirror Shot: 3758 (8.7%), Thunder Wave: 2797 (6.5%), Thunderbolt: 2644 (6.1%), Spark: 2489 (5.8%), Gyro Ball: 2300 (5.3%), Supersonic: 1847 (4.3%), Double Team: 427 (1.0%), Shock Wave: 215 (0.5%), Struggle: 13 (0.0%)",9774,4928,1.98,1696,2.33,5.81,2.67,1478,2792,3603,1417,4.8,9658,"Seaking: 443, Magikarp: 406, Gyarados: 273","Graveler: 170, Magmar: 153, Quagsire: 144",19,"Damage: 1527, Status: 767, Hazard: 0, Weather: 0, Cleric: 0, Screen: 0, Pass: 0",None
MAGNEZONE,A-,Attacker,"Zap Cannon: 614 (28.6%), Mirror Coat: 291 (13.5%), Thunderbolt: 261 (12.1%), Mirror Shot: 247 (11.5%), Lock On: 245 (11.4%), Double Team: 206 (9.6%), Metal Sound: 170 (7.9%), Magnet Rise: 107 (5.0%), Struggle: 8 (0.4%)",580,224,2.59,54,2.83,6.29,2.86,49,357,252,79,-2.54,515,"Graveler: 26, Onix: 22, Golem: 19","Gengar: 12, Alakazam: 12, Quagsire: 11",1,"Damage: 54, Status: 18, Hazard: 0, Weather: 0, Cleric: 0, Screen: 0, Pass: 0",None
MAKUHITA,D-,All-Rounder,"Endure: 1356 (30.8%), Seismic Toss: 1042 (23.6%), Wake Up Slap: 1008 (22.9%), Close Combat: 1002 (22.7%)",765,1401,0.55,633,1.0,3.51,2.04,117,104,246,0,5.57,1679,"Magikarp: 54, Rattata: 37, Pidgey: 24","Koffing: 42, Butterfree: 28, Seadra: 28",0,"Damage: 633, Status: 0, Hazard: 0, Weather: 0, Cleric: 0, Screen: 0, Pass: 0",None
MAMOSWINE,B+,All-Rounder,"Earthquake: 110 (36.4%), Double Team: 75 (24.8%), Stone Edge: 71 (23.5%), Avalanche: 46 (15.2%)",111,57,1.95,26,2.4,4.8,1.41,12,23,93,0,20.76,98,"Sneasel: 12, Magneton: 10, Venomoth: 4","Feraligatr: 6, Hitmonlee: 5, Gyarados: 4",0,"Damage: 26, Status: 0, Hazard: 0, Weather: 0, Cleric: 0, Screen: 0, Pass: 0",None
MANECTRIC,A,Disrupter,"Overheat: 355 (46.5%), Discharge: 240 (31.4%), Thunder Wave: 119 (15.6%), Natural Gift: 50 (6.5%)",243,123,1.98,120,2.95,4.46,1.38,32,39,17,46,1.22,251,"Victreebel: 11, Magnemite: 10, Sunflora: 10","Quagsire: 11, Gengar: 7, Alakazam: 6",0,"Damage: 107, Status: 71, Hazard: 0, Weather: 0, Cleric: 0, Screen: 0, Pass: 0",None
MANKEY,E,All-Rounder,"Screech: 6771 (27.6%), Seismic Toss: 4743 (19.4%), Karate Chop: 3992 (16.3%), Scratch: 1703 (7.0%), Focus Energy: 1688 (6.9%), Leer: 1574 (6.4%), Low Kick: 1564 (6.4%), Assurance: 1257 (5.1%), Fury Swipes: 1207 (4.9%)",3308,6563,0.5,1385,0.72,4.73,2.56,1287,1892,1079,0,1.85,6367,"Magikarp: 211, Rattata: 126, Zubat: 75","Koffing: 132, Graveler: 114, Seaking: 101",1,"Damage: 1385, Status: 0, Hazard: 0, Weather: 0, Cleric: 0, Screen: 0, Pass: 0",None
MANTINE,C+,Disrupter,"Psybeam: 879 (29.7%), Wing Attack: 837 (28.3%), Water Pulse: 807 (27.3%), Confuse Ray: 436 (14.7%)",627,459,1.37,131,1.65,5.36,2.26,177,100,136,162,6.73,808,"Quagsire: 21, Machoke: 20, Gloom: 17","Magneton: 20, Magnemite: 15, Golem: 12",2,"Damage: 111, Status: 81, Hazard: 0, Weather: 0, Cleric: 0, Screen: 0, Pass: 0",None
MAREEP,D-,Disrupter,"Thunder Shock: 9039 (27.0%), Tackle: 4646 (13.9%), Discharge: 4645 (13.9%), Cotton Spore: 4302 (12.9%), Charge: 4117 (12.3%), Growl: 3315 (9.9%), Thunder Wave: 2088 (6.2%), Signal Beam: 1280 (3.8%), Struggle: 5 (0.0%)",5023,6989,0.72,2024,1.01,4.65,2.43,1117,2030,1515,1420,1.73,9172,"Magikarp: 277, Rattata: 168, Zubat: 158","Graveler: 155, Seaking: 143, Koffing: 142",0,"Damage: 1555, Status: 1443, Hazard: 0, Weather: 0, Cleric: 0, Screen: 0, Pass: 0",None
MARILL,E,All-Rounder,"Rollout: 14155 (22.7%), Double Edge: 11150 (17.9%), Aqua Tail: 7571 (12.1%), Bubble Beam: 6059 (9.7%), Water Gun: 5974 (9.6%), Aqua Ring: 4916 (7.9%), Rain Dance: 4133 (6.6%), Tail Whip: 3759 (6.0%), Defense Curl: 3663 (5.9%), Hydro Pump: 996 (1.6%), Struggle: 87 (0.1%)",6025,13146,0.46,3294,0.71,6.15,3.61,2404,4405,4005,518,3.04,13464,"Magikarp: 224, Rattata: 219, Geodude: 189","Koffing: 265, Magnemite: 233, Seaking: 219",5,"Damage: 3294, Status: 0, Hazard: 0, Weather: 0, Cleric: 0, Screen: 0, Pass: 0",None
MAROWAK,D-,Attacker,"Leer: 9690 (41.9%), Rage: 3520 (15.2%), Focus Energy: 2604 (11.2%), Double Edge: 2405 (10.4%), Thrash: 2177 (9.4%), Bonemerang: 1528 (6.6%), False Swipe: 988 (4.3%), Bone Rush: 158 (0.7%), Endeavor: 79 (0.3%), Fling: 3 (0.0%)",3116,3659,0.85,168,0.9,7.57,4.53,1296,1474,990,0,3.36,3712,"Butterfree: 109, Rattata: 71, Magnemite: 69","Graveler: 79, Butterfree: 70, Seaking: 68",0,"Damage: 168, Status: 0, Hazard: 0, Weather: 0, Cleric: 0, Screen: 0, Pass: 0",None
MEDICHAM,S,Attacker,"Psycho Cut: 2257 (50.5%), Hi Jump Kick: 1112 (24.9%), Thunder Punch: 963 (21.5%), Attract: 137 (3.1%)",2397,301,7.96,250,8.79,3.72,1.43,385,198,133,50,6.97,1360,"Koffing: 67, Magikarp: 58, Rattata: 54","Crobat: 13, Graveler: 12, Starmie: 10",0,"Damage: 250, Status: 10, Hazard: 0, Weather: 0, Cleric: 0, Screen: 0, Pass: 0",None
MEDITITE,F+,All-Rounder,"Power Trick: 620 (37.5%), Hi Jump Kick: 396 (24.0%), Force Palm: 379 (22.9%), Psych Up: 257 (15.6%)",210,697,0.3,119,0.47,3.7,1.71,48,54,125,80,6.51,834,"Koffing: 11, Gloom: 10, Qwilfish: 8","Golbat: 28, Qwilfish: 22, Weezing: 20",1,"Damage: 119, Status: 19, Hazard: 0, Weather: 0, Cleric: 0, Screen: 0, Pass: 0",None
MEGANIUM,S-,All-Rounder,"Petal Dance: 6288 (60.7%), Body Slam: 1739 (16.8%), Light Screen: 1210 (11.7%), Synthesis: 604 (5.8%), Reflect: 370 (3.6%), Poison Powder: 142 (1.4%)",3661,895,4.09,769,4.95,5.45,2.56,456,395,412,310,4.27,2794,"Seaking: 111, Quagsire: 92, Graveler: 88","Golbat: 46, Crobat: 38, Magmar: 26",5,"Damage: 723, Status: 112, Hazard: 0, Weather: 0, Cleric: 0, Screen: 70, Pass: 0",None
MEOWTH,F+,Attacker,"Bite: 4846 (17.6%), Growl: 4592 (16.7%), Pay Day: 4153 (15.1%), Slash: 3778 (13.8%), Scratch: 2664 (9.7%), Faint Attack: 2527 (9.2%), Taunt: 2499 (9.1%), Fury Swipes: 2051 (7.5%), Fake Out: 353 (1.3%)",3160,7313,0.43,190,0.46,6.42,3.97,1567,1095,1042,1474,5.16,4555,"Magikarp: 162, Rattata: 145, Pidgey: 92","Koffing: 160, Seaking: 131, Butterfree: 122",9,"Damage: 190, Status: 0, Hazard: 0, Weather: 0, Cleric: 0, Screen: 0, Pass: 0",None
METAGROSS,S,Attacker,"Meteor Mash: 2941 (64.4%), Bullet Punch: 892 (19.5%), Gravity: 686 (15.0%), Explosion: 51 (1.1%)",2188,250,8.75,257,9.78,4.45,1.94,223,331,92,516,-0.44,1357,"Magikarp: 56, Rattata: 50, Koffing: 42","Arcanine: 12, Typhlosion: 11, Magmar: 10",0,"Damage: 257, Status: 0, Hazard: 0, Weather: 0, Cleric: 0, Screen: 0, Pass: 0",None
METAPOD,F-,Defender,"Harden: 21969 (61.8%), Bug Bite: 4646 (13.1%), String Shot: 4443 (12.5%), Tackle: 3886 (10.9%), Struggle: 633 (1.8%)",416,7715,0.05,1288,0.22,12.04,6.46,534,767,1950,0,4.58,4220,"Magikarp: 93, Slowpoke: 13, Caterpie: 13","Seaking: 148, Magmar: 135, Rattata: 125",8,"Damage: 1288, Status: 0, Hazard: 0, Weather: 0, Cleric: 0, Screen: 0, Pass: 0",None
MILOTIC,A-,Defender,"Hydro Pump: 185 (39.6%), Sleep Talk: 157 (33.6%), Ice Beam: 81 (17.3%), Rest: 44 (9.4%)",101,45,2.24,27,2.84,8.97,4.46,13,73,25,8,-7.15,76,"Alakazam: 10, Lickilicky: 6, Crobat: 4","Gardevoir: 4, Magneton: 4, Umbreon: 4",0,"Damage: 27, Status: 1, Hazard: 0, Weather: 0, Cleric: 0, Screen: 0, Pass: 0",None
MILTANK,A+,Attacker,"Stomp: 6266 (65.3%), Rollout: 1129 (11.8%), Attract: 941 (9.8%), Body Slam: 543 (5.7%), Milk Drink: 380 (4.0%), Sleep Talk: 201 (2.1%), Rest: 133 (1.4%), Struggle: 3 (0.0%)",2108,584,3.61,128,3.83,7.65,2.79,473,388,350,121,4.31,1543,"Magnemite: 59, Seaking: 41, Koffing: 36","Graveler: 27, Alakazam: 21, Magnemite: 15",0,"Damage: 128, Status: 20, Hazard: 0, Weather: 0, Cleric: 0, Screen: 0, Pass: 0",None
MINUN,B-,All-Rounder,"Thunder: 1492 (39.7%), Fake Tears: 760 (20.2%), Charge: 758 (20.1%), Swift: 752 (20.0%)",1011,684,1.48,251,1.85,3.33,1.71,128,488,154,0,-5.26,1453,"Rattata: 38, Magikarp: 25, Koffing: 24","Graveler: 33, Magmar: 24, Raticate: 17",0,"Damage: 251, Status: 0, Hazard: 0, Weather: 0, Cleric: 0, Screen: 0, Pass: 0",None
MISMAGIUS,F+,All-Rounder,"Astonish: 89 (37.4%), Mean Look: 61 (25.6%), Perish Song: 59 (24.8%), Confuse Ray: 29 (12.2%)",10,75,0.13,26,0.48,4.67,1.85,6,4,12,25,6.36,81,"Alakazam: 2, Gengar: 2, Shedinja: 1","Gengar: 5, Houndoom: 5, Charizard: 3",0,"Damage: 22, Status: 11, Hazard: 0, Weather: 0, Cleric: 0, Screen: 0, Pass: 0",None
MR MIME,A-,Support,"Psychic: 17772 (33.5%), Double Slap: 6475 (12.2%), Psybeam: 4613 (8.7%), Substitute: 4413 (8.3%), Light Screen: 3966 (7.5%), Double Team: 3767 (7.1%), Meditate: 3390 (6.4%), Reflect: 3111 (5.9%), Encore: 2649 (5.0%), Mimic: 1332 (2.5%), Trick Room: 579 (1.1%), Baton Pass: 565 (1.1%), Thunder: 182 (0.3%), Skill Swap: 152 (0.3%), Struggle: 28 (0.1%), Trick: 10 (0.0%), Recycle: 8 (0.0%)",11064,5662,1.95,3401,2.55,6.25,2.11,1676,2003,3816,1091,6.08,10927,"Koffing: 349, Magikarp: 300, Rattata: 283","Sneasel: 156, Gyarados: 150, Seaking: 144",3,"Damage: 2442, Status: 51, Hazard: 0, Weather: 0, Cleric: 0, Screen: 413, Pass: 738","Tackle: 142 (8.7%), Splash: 43 (2.6%), Double Team: 41 (2.5%), Rest: 41 (2.5%), Defense Curl: 40 (2.4%), Safeguard: 37 (2.3%), Rapid Spin: 37 (2.3%), Quick Attack: 35 (2.1%), Harden: 35 (2.1%), Aqua Ring: 32 (2.0%), Curse: 30 (1.8%), Disable: 29 (1.8%), Amnesia: 24 (1.5%), Protect: 24 (1.5%), Water Pulse: 23 (1.4%), Confusion: 20 (1.2%), Water Gun: 19 (1.2%), Mud Bomb: 18 (1.1%), Tail Whip: 18 (1.1%), Slash: 18 (1.1%), Ice Shard: 16 (1.0%), Endure: 16 (1.0%), Bubble Beam: 16 (1.0%), Double Hit: 15 (0.9%), Teeter Dance: 15 (0.9%), String Shot: 15 (0.9%), Mega Drain: 15 (0.9%), Sucker Punch: 14 (0.9%), Camouflage: 14 (0.9%), Poison Sting: 13 (0.8%), Psychic: 12 (0.7%), Skill Swap: 12 (0.7%), Bubble: 12 (0.7%), Future Sight: 12 (0.7%), Zen Headbutt: 11 (0.7%), Take Down: 11 (0.7%), Flail: 11 (0.7%), Discharge: 11 (0.7%), Feather Dance: 11 (0.7%), Charge: 11 (0.7%), Air Slash: 10 (0.6%), Psych Up: 10 (0.6%), Wake Up Slap: 10 (0.6%), Uproar: 10 (0.6%), Me First: 10 (0.6%), Hypnosis: 10 (0.6%), Icy Wind: 10 (0.6%), Ember: 10 (0.6%), Conversion 2: 10 (0.6%), Slam: 10 (0.6%), Body Slam: 10 (0.6%), Faint Attack: 10 (0.6%), Leer: 9 (0.6%), Agility: 9 (0.6%), Astonish: 9 (0.6%), Vine Whip: 9 (0.6%), Thunder Shock: 9 (0.6%), Present: 9 (0.6%), Bite: 9 (0.6%), Peck: 9 (0.6%), Spite: 9 (0.6%), Karate Chop: 9 (0.6%), Light Screen: 8 (0.5%), Rock Polish: 8 (0.5%), Gust: 8 (0.5%), Seismic Toss: 8 (0.5%), Charm: 7 (0.4%), Growl: 7 (0.4%), Rollout: 7 (0.4%), Aerial Ace: 7 (0.4%), Scary Face: 7 (0.4%), Waterfall: 7 (0.4%), Scratch: 7 (0.4%), Magnet Bomb: 7 (0.4%), Earth Power: 7 (0.4%), Sleep Powder: 7 (0.4%), Lock On: 7 (0.4%), Reflect: 6 (0.4%), Double Edge: 6 (0.4%), Acid: 6 (0.4%), Constrict: 6 (0.4%), Sweet Scent: 6 (0.4%), Focus Energy: 6 (0.4%), Bind: 6 (0.4%), Smoke Screen: 5 (0.3%), Crush Claw: 5 (0.3%), Minimize: 5 (0.3%), Hidden Power: 5 (0.3%), Blizzard: 5 (0.3%), Twister: 5 (0.3%), Razor Leaf: 5 (0.3%), Crunch: 5 (0.3%), Substitute: 5 (0.3%), Growth: 5 (0.3%), Spark: 5 (0.3%), Night Slash: 5 (0.3%), Ancient Power: 5 (0.3%), Yawn: 5 (0.3%), Recover: 5 (0.3%), Icicle Spear: 5 (0.3%), Rage: 4 (0.2%), Mean Look: 4 (0.2%), Swift: 4 (0.2%), Cotton Spore: 4 (0.2%), Feint: 4 (0.2%), Iron Tail: 4 (0.2%), Super Fang: 4 (0.2%), Belly Drum: 4 (0.2%), Headbutt: 4 (0.2%), Rock Throw: 4 (0.2%), Whirlpool: 4 (0.2%), Sonic Boom: 4 (0.2%), Horn Attack: 4 (0.2%), Bug Bite: 4 (0.2%), Bullet Seed: 4 (0.2%), Dive: 4 (0.2%), Metal Claw: 4 (0.2%), Tailwind: 4 (0.2%), Mud Sport: 4 (0.2%), Double Kick: 4 (0.2%), Payback: 4 (0.2%), Psybeam: 3 (0.2%), Flame Wheel: 3 (0.2%), Sludge Bomb: 3 (0.2%), Poison Jab: 3 (0.2%), Nasty Plot: 3 (0.2%), Gravity: 3 (0.2%), Thunder: 3 (0.2%), Gastro Acid: 3 (0.2%), Psycho Cut: 3 (0.2%), Sludge: 3 (0.2%), Aurora Beam: 3 (0.2%), Mach Punch: 3 (0.2%), Lucky Chant: 3 (0.2%), Hydro Pump: 3 (0.2%), Muddy Water: 3 (0.2%), Smog: 3 (0.2%), Stockpile: 3 (0.2%), Fake Tears: 3 (0.2%), Aqua Jet: 3 (0.2%), Air Cutter: 3 (0.2%), Fury Cutter: 2 (0.1%), Lick: 2 (0.1%), Confuse Ray: 2 (0.1%), Fire Fang: 2 (0.1%), Worry Seed: 2 (0.1%), Absorb: 2 (0.1%), Rain Dance: 2 (0.1%), Hyper Beam: 2 (0.1%), Earthquake: 2 (0.1%), Tri Attack: 2 (0.1%), Fury Swipes: 2 (0.1%), Hyper Fang: 2 (0.1%), Petal Dance: 2 (0.1%), Pay Day: 2 (0.1%), Signal Beam: 2 (0.1%), Stun Spore: 2 (0.1%), Revenge: 2 (0.1%), Swords Dance: 2 (0.1%), Fury Attack: 2 (0.1%), Mind Reader: 2 (0.1%), Charge Beam: 2 (0.1%), Supersonic: 2 (0.1%), Leech Life: 2 (0.1%), Cut: 2 (0.1%), Pluck: 2 (0.1%), Dig: 2 (0.1%), Pursuit: 2 (0.1%), Ominous Wind: 2 (0.1%), Drain Punch: 1 (0.1%), Magnitude: 1 (0.1%), Sand Attack: 1 (0.1%), Vice Grip: 1 (0.1%), Sunny Day: 1 (0.1%), Clamp: 1 (0.1%), Sandstorm: 1 (0.1%), Rock Tomb: 1 (0.1%), Low Kick: 1 (0.1%), Dragon Rush: 1 (0.1%), Pin Missile: 1 (0.1%), Thunder Wave: 1 (0.1%), Silver Wind: 1 (0.1%), Counter: 1 (0.1%), Rock Slide: 1 (0.1%), Focus Blast: 1 (0.1%), Seed Bomb: 1 (0.1%), Swagger: 1 (0.1%), Fire Spin: 1 (0.1%), Giga Drain: 1 (0.1%), Pound: 1 (0.1%), Wing Attack: 1 (0.1%), Rock Blast: 1 (0.1%), Night Shade: 1 (0.1%), Dark Pulse: 1 (0.1%), Screech: 1 (0.1%)"
MUK,B-,Defender,"Sludge: 11136 (23.7%), Mud Bomb: 9522 (20.3%), Minimize: 7926 (16.9%), Disable: 6500 (13.9%), Sludge Bomb: 5148 (11.0%), Screech: 2409 (5.1%), Acid Armor: 1803 (3.8%), Fling: 1009 (2.2%), Gunk Shot: 779 (1.7%), Toxic: 391 (0.8%), Swagger: 266 (0.6%), Struggle: 24 (0.1%)",5661,3992,1.42,1832,1.88,8.18,3.47,1461,5645,12929,5396,14.64,7324,"Magnemite: 146, Seaking: 109, Zubat: 106","Graveler: 120, Seaking: 101, Quagsire: 96",1,"Damage: 1698, Status: 995, Hazard: 0, Weather: 0, Cleric: 0, Screen: 0, Pass: 0",None
MURKROW,B,All-Rounder,"Wing Attack: 1358 (39.6%), Night Shade: 807 (23.5%), Pursuit: 653 (19.0%), Pluck: 397 (11.6%), Faint Attack: 101 (2.9%), Astonish: 52 (1.5%), Whirlwind: 35 (1.0%), Sucker Punch: 27 (0.8%)",1367,811,1.69,357,2.13,3.65,1.24,305,72,134,1,10.29,1498,"Magmar: 39, Bellsprout: 38, Machoke: 35","Magneton: 42, Starmie: 25, Ampharos: 25",1,"Damage: 357, Status: 0, Hazard: 0, Weather: 0, Cleric: 0, Screen: 0, Pass: 0",None
NATU,D,All-Rounder,"Me First: 3314 (47.3%), Night Shade: 1799 (25.7%), Leer: 1019 (14.5%), Confuse Ray: 880 (12.5%)",676,1494,0.45,894,1.05,4.97,2.16,79,177,346,106,3.32,1736,"Magikarp: 59, Voltorb: 29, Onix: 29","Raticate: 34, Rattata: 30, Seaking: 30",0,"Damage: 731, Status: 422, Hazard: 0, Weather: 0, Cleric: 0, Screen: 0, Pass: 0",None
NIDOKING,B+,All-Rounder,"Double Kick: 7867 (16.4%), Poison Sting: 7678 (16.0%), Thrash: 7627 (15.9%), Focus Energy: 5603 (11.7%), Earth Power: 5544 (11.6%), Peck: 5159 (10.8%), Shadow Claw: 4003 (8.4%), Poison Jab: 1632 (3.4%), Focus Blast: 1493 (3.1%), Megahorn: 1177 (2.5%), Fury Attack: 133 (0.3%), Struggle: 1 (0.0%)",11706,6221,1.88,2767,2.33,5.18,2.75,7506,2202,1877,2562,14.45,11189,"Rattata: 340, Magikarp: 325, Magnemite: 238","Koffing: 164, Seaking: 162, Gyarados: 151",0,"Damage: 2741, Status: 810, Hazard: 0, Weather: 0, Cleric: 0, Screen: 0, Pass: 0",None
NIDOQUEEN,C+,All-Rounder,"Body Slam: 5891 (19.4%), Tail Whip: 5580 (18.4%), Double Kick: 4886 (16.1%), Earth Power: 4260 (14.0%), Poison Sting: 3539 (11.7%), Superpower: 2576 (8.5%), Poison Jab: 2408 (7.9%), Scratch: 627 (2.1%), Crunch: 326 (1.1%), Poison Fang: 122 (0.4%), Roar: 75 (0.2%), Captivate: 49 (0.2%), Struggle: 2 (0.0%)",5621,4416,1.27,1672,1.65,5.61,2.93,1674,1636,1307,2895,4.02,7212,"Magnemite: 180, Seaking: 125, Rattata: 124","Gyarados: 113, Seaking: 112, Graveler: 92",1,"Damage: 1653, Status: 584, Hazard: 0, Weather: 0, Cleric: 0, Screen: 0, Pass: 0",None
NIDORAN F,F-,Attacker,"Scratch: 2887 (34.5%), Tail Whip: 2817 (33.6%), Growl: 2667 (31.9%), Struggle: 1 (0.0%)",224,1302,0.17,28,0.19,7.37,4.38,152,401,396,0,1.68,1380,"Magikarp: 54, Bellsprout: 14, Caterpie: 13","Koffing: 32, Rattata: 31, Pikachu: 21",0,"Damage: 28, Status: 0, Hazard: 0, Weather: 0, Cleric: 0, Screen: 0, Pass: 0",None
NIDORAN M,F+,Attacker,"Peck: 2235 (43.6%), Leer: 1094 (21.3%), Double Kick: 901 (17.6%), Focus Energy: 897 (17.5%)",600,1232,0.49,30,0.51,4.48,2.57,624,195,260,0,12.79,1453,"Magikarp: 54, Bellsprout: 49, Rattata: 32","Koffing: 31, Graveler: 23, Pikachu: 20",0,"Damage: 30, Status: 0, Hazard: 0, Weather: 0, Cleric: 0, Screen: 0, Pass: 0",None
NIDORINA,D-,Disrupter,"Bite: 16998 (34.6%), Tail Whip: 11778 (24.0%), Poison Sting: 4658 (9.5%), Flatter: 4342 (8.8%), Fury Swipes: 3969 (8.1%), Toxic Spikes: 3534 (7.2%), Double Kick: 1922 (3.9%), Helping Hand: 998 (2.0%), Scratch: 964 (2.0%)",3346,8144,0.41,4566,0.97,6.24,3.33,2023,2662,2002,5413,2.65,10099,"Magikarp: 166, Rattata: 91, Gastly: 82","Seaking: 185, Koffing: 162, Gyarados: 135",0,"Damage: 3941, Status: 2535, Hazard: 491, Weather: 0, Cleric: 0, Screen: 0, Pass: 0",None
NIDORINO,E+,All-Rounder,"Horn Attack: 4291 (23.8%), Poison Sting: 3446 (19.1%), Double Kick: 2284 (12.7%), Fury Attack: 2216 (12.3%), Flatter: 1541 (8.6%), Peck: 1189 (6.6%), Focus Energy: 1170 (6.5%), Toxic Spikes: 784 (4.4%), Poison Jab: 601 (3.3%), Helping Hand: 482 (2.7%)",2609,4333,0.6,1230,0.89,4.76,2.35,1691,999,805,982,7.93,5900,"Butterfree: 58, Magnemite: 58, Seaking: 58","Seaking: 101, Graveler: 89, Qwilfish: 78",5,"Damage: 1028, Status: 670, Hazard: 59, Weather: 0, Cleric: 0, Screen: 0, Pass: 0",None
NINCADA,D,All-Rounder,"Dig: 2571 (31.3%), Leech Life: 2148 (26.2%), Metal Claw: 2033 (24.8%), Mud Slap: 1451 (17.7%), Struggle: 2 (0.0%)",565,1413,0.4,917,1.05,6.28,2.69,409,206,2040,1456,21.9,1657,"Magikarp: 53, Rattata: 32, Geodude: 25","Butterfree: 36, Koffing: 34, Goldeen: 26",0,"Damage: 917, Status: 0, Hazard: 0, Weather: 0, Cleric: 0, Screen: 0, Pass: 0",None
NINETALES,A-,Disrupter,"Quick Attack: 5809 (36.0%), Flamethrower: 2838 (17.6%), Will O Wisp: 2261 (14.0%), Nasty Plot: 1610 (10.0%), Overheat: 1501 (9.3%), Confuse Ray: 783 (4.9%), Fire Blast: 735 (4.6%), Roar: 593 (3.7%), Struggle: 3 (0.0%)",3639,1643,2.21,548,2.55,5.76,2.46,596,1314,586,126,-0.83,3354,"Magnemite: 101, Koffing: 90, Bellsprout: 82","Graveler: 57, Quagsire: 48, Seaking: 38",2,"Damage: 485, Status: 479, Hazard: 0, Weather: 0, Cleric: 0, Screen: 0, Pass: 0",None
NOCTOWL,B,Attacker,"Air Slash: 15746 (24.1%), Zen Headbutt: 8839 (13.5%), Extrasensory: 7586 (11.6%), Take Down: 7512 (11.5%), Confusion: 7238 (11.1%), Reflect: 5396 (8.3%), Hypnosis: 3503 (5.4%), Peck: 3231 (4.9%), Uproar: 3076 (4.7%), Dream Eater: 1643 (2.5%), Roost: 1209 (1.8%), Psycho Shift: 171 (0.3%), Shadow Ball: 166 (0.3%), Feather Dance: 53 (0.1%)",13481,6502,2.07,1050,2.23,6.48,3.33,3058,5491,2515,4960,-0.01,12220,"Koffing: 396, Rattata: 364, Magikarp: 291","Graveler: 225, Magnemite: 183, Seaking: 171",0,"Damage: 1046, Status: 101, Hazard: 0, Weather: 0, Cleric: 0, Screen: 0, Pass: 0",None
NUMEL,D,Attacker,"Magnitude: 1619 (29.9%), Earth Power: 1508 (27.9%), Overheat: 1157 (21.4%), Amnesia: 1129 (20.9%)",1329,1159,1.15,19,1.16,4.13,2.35,233,383,270,88,2.19,1643,"Magikarp: 54, Koffing: 43, Magnemite: 41","Rattata: 24, Graveler: 24, Seaking: 22",0,"Damage: 19, Status: 0, Hazard: 0, Weather: 0, Cleric: 0, Screen: 0, Pass: 0",None
OCTILLERY,C,All-Rounder,"Wring Out: 2973 (25.6%), Octazooka: 2958 (25.5%), Bullet Seed: 2363 (20.4%), Signal Beam: 1964 (16.9%), Aurora Beam: 709 (6.1%), Focus Energy: 642 (5.5%)",3002,2279,1.32,436,1.51,4.94,2.56,1158,783,862,826,10.04,3649,"Koffing: 113, Seaking: 69, Goldeen: 68","Seaking: 63, Weezing: 58, Magnemite: 51",0,"Damage: 436, Status: 20, Hazard: 0, Weather: 0, Cleric: 0, Screen: 0, Pass: 0",None
ODDISH,D,All-Rounder,"Mega Drain: 10756 (27.6%), Acid: 6870 (17.7%), Petal Dance: 4736 (12.2%), Absorb: 4568 (11.7%), Stun Spore: 3892 (10.0%), Sweet Scent: 3382 (8.7%), Poison Powder: 2206 (5.7%), Sleep Powder: 1513 (3.9%), Moonlight: 659 (1.7%), Giga Drain: 276 (0.7%), Struggle: 36 (0.1%), Natural Gift: 23 (0.1%)",5059,6710,0.75,2098,1.07,5.95,3.24,1599,3176,1883,554,0.8,8873,"Magikarp: 223, Geodude: 150, Goldeen: 145","Magmar: 140, Zubat: 132, Graveler: 132",3,"Damage: 1954, Status: 1132, Hazard: 0, Weather: 0, Cleric: 0, Screen: 0, Pass: 0",None
OMASTAR,C,All-Rounder,"Ancient Power: 341 (34.6%), Brine: 341 (34.6%), Protect: 241 (24.4%), Sandstorm: 44 (4.5%), Spike Cannon: 19 (1.9%)",296,236,1.25,57,1.5,4.68,1.91,45,35,52,29,5.73,370,"Crobat: 14, Starmie: 11, Gyarados: 11","Alakazam: 18, Gengar: 13, Meganium: 12",0,"Damage: 51, Status: 0, Hazard: 0, Weather: 13, Cleric: 0, Screen: 0, Pass: 0",None
ONIX,E+,Weather,"Rock Polish: 25260 (21.6%), Curse: 19803 (16.9%), Slam: 10340 (8.8%), Screech: 10266 (8.8%), Sandstorm: 10222 (8.7%), Rock Tomb: 9184 (7.9%), Dragon Breath: 6363 (5.4%), Harden: 5456 (4.7%), Rage: 5275 (4.5%), Rock Throw: 4740 (4.1%), Iron Tail: 4559 (3.9%), Bind: 3123 (2.7%), Rock Slide: 797 (0.7%), Double Edge: 621 (0.5%), Sand Tomb: 549 (0.5%), Earthquake: 289 (0.2%), Struggle: 36 (0.0%), Stealth Rock: 34 (0.0%)",6481,15159,0.43,6401,0.85,8.41,4.83,2128,12047,5006,7733,-4.05,16068,"Magikarp: 425, Rattata: 331, Pikachu: 215","Butterfree: 296, Gyarados: 270, Seaking: 257",18,"Damage: 5206, Status: 340, Hazard: 18, Weather: 3578, Cleric: 0, Screen: 0, Pass: 0",None
PACHIRISU,E+,All-Rounder,"Discharge: 95 (44.8%), Super Fang: 54 (25.5%), Sweet Kiss: 40 (18.9%), Quick Attack: 23 (10.8%)",24,52,0.46,19,0.83,4.83,1.82,13,22,9,24,-0.41,66,"Houndoom: 2, Starmie: 2, Granbull: 2","Machamp: 5, Gengar: 3, Vileplume: 2",0,"Damage: 17, Status: 10, Hazard: 0, Weather: 0, Cleric: 0, Screen: 0, Pass: 0",None
PARAS,E,All-Rounder,"Slash: 7338 (24.1%), Scratch: 6837 (22.4%), Giga Drain: 4557 (14.9%), Growth: 3674 (12.0%), Leech Life: 2635 (8.6%), Stun Spore: 1764 (5.8%), Spore: 1344 (4.4%), Poison Powder: 1269 (4.2%), Attract: 910 (3.0%), Aromatherapy: 163 (0.5%), Struggle: 1 (0.0%)",3286,6202,0.53,1499,0.77,6.28,3.17,1723,1653,1324,0,4.38,6192,"Magikarp: 181, Rattata: 137, Bellsprout: 105","Koffing: 167, Butterfree: 127, Graveler: 115",2,"Damage: 1402, Status: 812, Hazard: 0, Weather: 0, Cleric: 0, Screen: 0, Pass: 0",None
PARASECT,C+,All-Rounder,"Slash: 19266 (40.0%), Growth: 10528 (21.9%), Giga Drain: 7569 (15.7%), Spore: 6413 (13.3%), X Scissor: 2004 (4.2%), Swords Dance: 1646 (3.4%), Attract: 408 (0.8%), Leech Life: 343 (0.7%)",8958,6535,1.37,2504,1.75,6.02,2.71,2839,1325,1964,0,6.94,10399,"Seaking: 249, Magikarp: 241, Rattata: 218","Golbat: 242, Graveler: 192, Butterfree: 179",11,"Damage: 2269, Status: 1266, Hazard: 0, Weather: 0, Cleric: 0, Screen: 0, Pass: 0",None
PELIPPER,B+,All-Rounder,"Surf: 290 (53.3%), Ice Beam: 154 (28.3%), Tailwind: 86 (15.8%), Hidden Power: 14 (2.6%)",231,120,1.93,56,2.39,3.95,1.64,22,4,25,3,6.99,210,"Golem: 15, Graveler: 15, Onix: 14","Magneton: 14, Electrode: 7, Gengar: 6",0,"Damage: 56, Status: 0, Hazard: 0, Weather: 0, Cleric: 0, Screen: 0, Pass: 0",None
PERSIAN,C,Attacker,"Taunt: 2199 (25.2%), Power Gem: 2187 (25.1%), Slash: 2180 (25.0%), Faint Attack: 2152 (24.7%)",1480,1030,1.44,58,1.49,6.28,3.98,537,83,321,0,8.57,1590,"Rattata: 55, Magikarp: 53, Zubat: 37","Seaking: 28, Butterfree: 26, Koffing: 25",0,"Damage: 58, Status: 0, Hazard: 0, Weather: 0, Cleric: 0, Screen: 0, Pass: 0",None
PHANPY,F+,All-Rounder,"Endure: 6951 (36.9%), Charm: 4966 (26.4%), Slam: 3140 (16.7%), Double Edge: 2282 (12.1%), Last Resort: 1474 (7.8%)",1162,3673,0.32,504,0.45,5.02,3.35,393,1086,902,0,1.06,4482,"Magikarp: 84, Rattata: 57, Voltorb: 51","Butterfree: 80, Graveler: 73, Koffing: 67",0,"Damage: 504, Status: 0, Hazard: 0, Weather: 0, Cleric: 0, Screen: 0, Pass: 0",None
PICHU,F+,Disrupter,"Tail Whip: 4934 (37.6%), Sweet Kiss: 2995 (22.8%), Charm: 1920 (14.6%), Thunder Wave: 1697 (12.9%), Nasty Plot: 1545 (11.8%), Struggle: 29 (0.2%)",6,3296,0.0,1836,0.56,4.63,1.74,1,1099,480,0,-4.54,3377,"Hoppip: 3, Magikarp: 2, Mr Mime: 1","Rattata: 75, Koffing: 74, Butterfree: 63",0,"Damage: 11, Status: 1832, Hazard: 0, Weather: 0, Cleric: 0, Screen: 0, Pass: 0",None
PIDGEOT,B-,Defender,"Wing Attack: 23641 (43.1%), Roost: 7324 (13.4%), Feather Dance: 5848 (10.7%), Agility: 5214 (9.5%), Mirror Move: 3945 (7.2%), Tailwind: 2150 (3.9%), Sand Attack: 1770 (3.2%), Steel Wing: 1303 (2.4%), Quick Attack: 1288 (2.3%), Twister: 1101 (2.0%), Whirlwind: 349 (0.6%), Return: 316 (0.6%), Air Slash: 272 (0.5%), Double Team: 216 (0.4%), Swagger: 68 (0.1%), Struggle: 7 (0.0%)",7347,5016,1.46,1781,1.82,8.59,4.47,1731,1573,6985,319,11.56,7380,"Butterfree: 193, Seaking: 162, Magikarp: 151","Magnemite: 149, Graveler: 140, Koffing: 104",3,"Damage: 1774, Status: 43, Hazard: 0, Weather: 0, Cleric: 0, Screen: 0, Pass: 0",None
PIDGEOTTO,E+,All-Rounder,"Twister: 7080 (17.1%), Feather Dance: 6162 (14.9%), Gust: 5622 (13.6%), Wing Attack: 5329 (12.9%), Agility: 4509 (10.9%), Tackle: 4343 (10.5%), Quick Attack: 3724 (9.0%), Roost: 1786 (4.3%), Sand Attack: 1424 (3.4%), Whirlwind: 1371 (3.3%), Struggle: 11 (0.0%)",4246,7106,0.6,1524,0.81,6.04,3.0,1555,814,4175,0,10.8,9136,"Rattata: 157, Butterfree: 137, Zubat: 115","Graveler: 142, Seaking: 138, Magnemite: 137",3,"Damage: 1524, Status: 0, Hazard: 0, Weather: 0, Cleric: 0, Screen: 0, Pass: 0",None
PIDGEY,F,Defender,"Tackle: 33239 (43.4%), Sand Attack: 22838 (29.8%), Gust: 10319 (13.5%), Quick Attack: 8680 (11.3%), Whirlwind: 1485 (1.9%), Struggle: 68 (0.1%)",4112,16777,0.25,3262,0.44,8.21,3.77,2932,2895,19542,0,20.36,10821,"Magikarp: 381, Bellsprout: 160, Rattata: 149","Koffing: 337, Rattata: 276, Magnemite: 269",22,"Damage: 3262, Status: 0, Hazard: 0, Weather: 0, Cleric: 0, Screen: 0, Pass: 0",None
PIKACHU,E+,All-Rounder,"Double Team: 17137 (21.5%), Thunderbolt: 10686 (13.4%), Feint: 10290 (12.9%), Quick Attack: 7651 (9.6%), Slam: 6396 (8.0%), Discharge: 6363 (8.0%), Thunder Shock: 4923 (6.2%), Light Screen: 3598 (4.5%), Tail Whip: 3587 (4.5%), Agility: 3317 (4.2%), Growl: 2030 (2.5%), Thunder Wave: 1854 (2.3%), Volt Tackle: 1176 (1.5%), Iron Tail: 860 (1.1%), Struggle: 7 (0.0%)",10322,16916,0.61,3732,0.83,5.65,2.24,2737,3870,13621,2437,13.41,16234,"Magikarp: 488, Zubat: 269, Rattata: 264","Quagsire: 331, Seaking: 302, Sandslash: 300",36,"Damage: 3157, Status: 1783, Hazard: 0, Weather: 0, Cleric: 0, Screen: 124, Pass: 0",None
PILOSWINE,A+,Weather,"Mud Bomb: 1147 (41.5%), Blizzard: 803 (29.0%), Ice Fang: 441 (15.9%), Hail: 368 (13.3%), Struggle: 8 (0.3%)",932,313,2.98,203,3.63,5.13,2.24,115,389,413,241,5.03,793,"Magnemite: 42, Seaking: 34, Pikachu: 26","Seaking: 19, Gyarados: 12, Magmar: 11",0,"Damage: 171, Status: 0, Hazard: 0, Weather: 130, Cleric: 0, Screen: 0, Pass: 0",None
PINSIR,B,Attacker,"Thrash: 1619 (35.8%), X Scissor: 1045 (23.1%), Swords Dance: 891 (19.7%), Vital Throw: 771 (17.0%), Earthquake: 70 (1.5%), Guillotine: 63 (1.4%), Rock Tomb: 63 (1.4%)",1797,824,2.18,60,2.25,4.38,1.93,187,146,188,24,4.86,1623,"Seaking: 40, Magnemite: 39, Koffing: 35","Golbat: 28, Graveler: 27, Magmar: 26",0,"Damage: 60, Status: 0, Hazard: 0, Weather: 0, Cleric: 0, Screen: 0, Pass: 0",None
PLUSLE,A-,All-Rounder,"Thunder: 2526 (51.1%), Swift: 1002 (20.3%), Charge: 832 (16.8%), Copycat: 581 (11.8%)",1588,789,2.01,447,2.58,3.27,1.59,180,802,227,31,-7.55,1682,"Koffing: 54, Rattata: 39, Magikarp: 32","Graveler: 34, Raticate: 21, Magmar: 18",0,"Damage: 443, Status: 8, Hazard: 0, Weather: 0, Cleric: 0, Screen: 0, Pass: 0",None
POLITOED,D,All-Rounder,"Whirlpool: 1908 (31.1%), Body Slam: 1862 (30.3%), Perish Song: 1245 (20.3%), Rain Dance: 1121 (18.3%)",393,1352,0.29,1076,1.09,4.38,2.47,171,663,292,465,-2.91,1595,"Geodude: 17, Magikarp: 13, Onix: 13","Graveler: 21, Victreebel: 15, Koffing: 15",0,"Damage: 1076, Status: 283, Hazard: 0, Weather: 0, Cleric: 0, Screen: 0, Pass: 0",None
POLIWAG,F,Defender,"Bubble: 10756 (38.0%), Hypnosis: 6927 (24.5%), Water Gun: 3206 (11.3%), Double Slap: 2955 (10.4%), Water Sport: 2768 (9.8%), Rain Dance: 1554 (5.5%), Struggle: 136 (0.5%)",939,4067,0.23,537,0.36,9.95,3.62,1045,3695,883,1008,-5.94,3003,"Magikarp: 106, Geodude: 69, Onix: 41","Rattata: 96, Koffing: 81, Graveler: 77",5,"Damage: 527, Status: 263, Hazard: 0, Weather: 0, Cleric: 0, Screen: 0, Pass: 0",None
POLIWHIRL,D,All-Rounder,"Bubble Beam: 16749 (19.0%), Water Gun: 12630 (14.4%), Double Slap: 12139 (13.8%), Body Slam: 11519 (13.1%), Hypnosis: 8217 (9.3%), Mud Shot: 8040 (9.1%), Rain Dance: 7478 (8.5%), Belly Drum: 3997 (4.5%), Wake Up Slap: 3729 (4.2%), Bubble: 3356 (3.8%), Struggle: 138 (0.2%)",11025,13979,0.79,3839,1.06,6.1,2.72,3818,7189,3461,10177,-0.02,17197,"Rattata: 344, Koffing: 337, Magikarp: 332","Butterfree: 286, Koffing: 251, Golbat: 248",8,"Damage: 3827, Status: 715, Hazard: 0, Weather: 0, Cleric: 0, Screen: 0, Pass: 0",None
POLIWRATH,B,Attacker,"Hypnosis: 10039 (24.8%), Submission: 5935 (14.7%), Dynamic Punch: 4060 (10.0%), Bubble Beam: 3980 (9.8%), Hydro Pump: 3342 (8.3%), Double Slap: 3258 (8.1%), Mud Shot: 2788 (6.9%), Surf: 1893 (4.7%), Ice Punch: 1123 (2.8%), Strength: 1073 (2.7%), Body Slam: 804 (2.0%), Focus Punch: 757 (1.9%), Wake Up Slap: 746 (1.8%), Belly Drum: 206 (0.5%), Double Team: 169 (0.4%), Waterfall: 160 (0.4%), Substitute: 100 (0.2%), Struggle: 4 (0.0%)",7797,3972,1.96,850,2.18,6.55,2.5,1467,9252,1362,3773,-15.35,7848,"Koffing: 280, Magnemite: 195, Rattata: 176","Alakazam: 112, Golbat: 108, Vileplume: 83",5,"Damage: 825, Status: 386, Hazard: 0, Weather: 0, Cleric: 0, Screen: 0, Pass: 0",None
PONYTA,D+,All-Rounder,"Tail Whip: 1871 (25.3%), Tackle: 1841 (24.9%), Ember: 1836 (24.9%), Flame Wheel: 1836 (24.9%)",984,1226,0.8,452,1.17,5.48,2.76,283,365,250,140,2.05,1586,"Magikarp: 53, Rattata: 38, Butterfree: 37","Koffing: 28, Quagsire: 26, Graveler: 23",0,"Damage: 452, Status: 58, Hazard: 0, Weather: 0, Cleric: 0, Screen: 0, Pass: 0",None
PORYGON,C,Attacker,"Charge Beam: 5513 (27.3%), Conversion 2: 5262 (26.1%), Recover: 3492 (17.3%), Ice Beam: 1753 (8.7%), Signal Beam: 1742 (8.6%), Solar Beam: 1297 (6.4%), Conversion: 1097 (5.4%), Struggle: 17 (0.1%)",3170,2059,1.54,80,1.58,7.12,4.61,528,945,910,3392,2.1,3320,"Magikarp: 111, Koffing: 108, Rattata: 96","Seaking: 48, Raticate: 44, Koffing: 37",0,"Damage: 80, Status: 13, Hazard: 0, Weather: 0, Cleric: 0, Screen: 0, Pass: 0",None
PORYGON2,S,All-Rounder,"Tri Attack: 2165 (49.2%), Protect: 1017 (23.1%), Charge Beam: 613 (13.9%), Trick Room: 602 (13.7%)",1626,303,5.37,344,6.5,3.43,1.42,168,99,118,398,4.65,1451,"Koffing: 66, Seaking: 47, Magikarp: 38","Gyarados: 10, Seaking: 10, Vileplume: 10",0,"Damage: 344, Status: 0, Hazard: 0, Weather: 0, Cleric: 0, Screen: 0, Pass: 0",None
PRIMEAPE,B-,Disrupter,"Swagger: 6716 (16.3%), Assurance: 6342 (15.4%), Screech: 5539 (13.4%), Rage: 5443 (13.2%), Double Team: 3469 (8.4%), Cross Chop: 2977 (7.2%), Thrash: 2668 (6.5%), Rock Slide: 2660 (6.4%), Seismic Toss: 2129 (5.2%), Focus Punch: 1366 (3.3%), Leer: 935 (2.3%), Karate Chop: 743 (1.8%), Payback: 128 (0.3%), Thunder Punch: 93 (0.2%), Close Combat: 48 (0.1%)",7619,6115,1.25,4056,1.91,5.14,2.18,1462,3461,3659,442,3.73,9770,"Magikarp: 214, Rattata: 199, Butterfree: 159","Graveler: 166, Koffing: 145, Gyarados: 124",2,"Damage: 3554, Status: 2310, Hazard: 0, Weather: 0, Cleric: 0, Screen: 0, Pass: 0",None
PSYDUCK,E-,All-Rounder,"Confusion: 6025 (16.7%), Water Gun: 5789 (16.0%), Disable: 5449 (15.1%), Screech: 4180 (11.6%), Zen Headbutt: 3821 (10.6%), Scratch: 2739 (7.6%), Fury Swipes: 2589 (7.2%), Water Pulse: 2354 (6.5%), Tail Whip: 1557 (4.3%), Amnesia: 882 (2.4%), Psych Up: 761 (2.1%)",3951,8295,0.48,1419,0.65,4.77,2.45,1473,3593,1749,1299,-0.96,10320,"Koffing: 202, Magikarp: 166, Geodude: 120","Seaking: 164, Butterfree: 148, Rattata: 119",2,"Damage: 1419, Status: 188, Hazard: 0, Weather: 0, Cleric: 0, Screen: 0, Pass: 0",None
QUAGSIRE,C+,Attacker / Disrupter,"Yawn: 26217 (23.9%), Amnesia: 23825 (21.7%), Earthquake: 15688 (14.3%), Rain Dance: 14808 (13.5%), Surf: 9595 (8.7%), Muddy Water: 8917 (8.1%), Protect: 6861 (6.2%), Slam: 2014 (1.8%), Mud Bomb: 1300 (1.2%), Water Pulse: 336 (0.3%), Water Gun: 216 (0.2%), Struggle: 115 (0.1%)",17452,11786,1.48,1968,1.65,6.41,4.1,2782,4699,5260,2677,2.88,16405,"Quagsire: 999, Magnemite: 479, Koffing: 426","Quagsire: 999, Gyarados: 230, Seaking: 225",4,"Damage: 1219, Status: 1292, Hazard: 0, Weather: 0, Cleric: 0, Screen: 0, Pass: 0",None
QUILAVA,D-,All-Rounder,"Smoke Screen: 5167 (43.3%), Leer: 3140 (26.3%), Ember: 1345 (11.3%), Flame Wheel: 1174 (9.8%), Quick Attack: 951 (8.0%), Swift: 148 (1.2%)",1478,1914,0.77,459,1.01,6.15,2.33,218,434,2942,70,18.32,2653,"Magnemite: 99, Bellsprout: 44, Butterfree: 39","Graveler: 71, Seaking: 49, Gyarados: 35",4,"Damage: 459, Status: 38, Hazard: 0, Weather: 0, Cleric: 0, Screen: 0, Pass: 0",None
QWILFISH,C+,All-Rounder,"Rollout: 15868 (20.6%), Brine: 9847 (12.8%), Revenge: 9408 (12.2%), Pin Missile: 6740 (8.7%), Water Gun: 6561 (8.5%), Stockpile: 4909 (6.4%), Take Down: 4834 (6.3%), Aqua Tail: 4426 (5.7%), Minimize: 3880 (5.0%), Poison Jab: 2282 (3.0%), Harden: 1974 (2.6%), Spit Up: 1905 (2.5%), Destiny Bond: 1732 (2.2%), Poison Sting: 1272 (1.6%), Toxic Spikes: 1029 (1.3%), Surf: 424 (0.5%), Struggle: 5 (0.0%)",15334,11676,1.31,4286,1.68,5.52,2.81,4009,5986,8525,786,7.68,17380,"Rattata: 381, Seaking: 375, Magikarp: 342","Graveler: 254, Koffing: 234, Quagsire: 233",2,"Damage: 4187, Status: 1388, Hazard: 55, Weather: 0, Cleric: 0, Screen: 0, Pass: 0",None
RAICHU,A,All-Rounder,"Quick Attack: 7533 (26.1%), Thunderbolt: 6028 (20.9%), Shock Wave: 3884 (13.5%), Tail Whip: 3435 (11.9%), Double Team: 3270 (11.3%), Thunder Shock: 2716 (9.4%), Thunder Wave: 1557 (5.4%), Grass Knot: 439 (1.5%), Struggle: 11 (0.0%)",6752,2748,2.46,1100,2.86,5.84,2.18,1236,698,3596,429,12.68,5829,"Koffing: 185, Rattata: 176, Magikarp: 175","Quagsire: 94, Graveler: 80, Onix: 50",0,"Damage: 998, Status: 496, Hazard: 0, Weather: 0, Cleric: 0, Screen: 0, Pass: 0",None
RAMPARDOS,B+,Attacker,"Stone Edge: 299 (60.5%), Earthquake: 102 (20.6%), Avalanche: 54 (10.9%), Rock Polish: 39 (7.9%)",276,125,2.21,35,2.49,3.57,1.5,29,66,36,0,-0.19,264,"Koffing: 18, Victreebel: 11, Sunflora: 10","Gyarados: 12, Alakazam: 11, Meganium: 9",0,"Damage: 35, Status: 0, Hazard: 0, Weather: 0, Cleric: 0, Screen: 0, Pass: 0",None
RAPIDASH,B+,All-Rounder,"Fire Blast: 8244 (17.4%), Bounce: 7809 (16.5%), Stomp: 7648 (16.2%), Agility: 5045 (10.7%), Fury Attack: 4790 (10.1%), Flare Blitz: 3115 (6.6%), Take Down: 2751 (5.8%), Flame Wheel: 2520 (5.3%), Will O Wisp: 1895 (4.0%), Ember: 1588 (3.4%), Fire Spin: 1336 (2.8%), Overheat: 250 (0.5%), Quick Attack: 150 (0.3%), Megahorn: 114 (0.2%)",11551,6263,1.84,3628,2.42,5.08,2.06,2318,4455,4682,566,4.91,11252,"Butterfree: 309, Koffing: 266, Zubat: 262","Seaking: 168, Graveler: 167, Gyarados: 152",6,"Damage: 3540, Status: 958, Hazard: 0, Weather: 0, Cleric: 0, Screen: 0, Pass: 0",None
RATICATE,D+,All-Rounder,"Hyper Fang: 17835 (21.0%), Crunch: 13700 (16.2%), Scary Face: 10859 (12.8%), Sucker Punch: 9427 (11.1%), Super Fang: 7428 (8.8%), Assurance: 5488 (6.5%), Quick Attack: 4914 (5.8%), Double Edge: 3716 (4.4%), Bite: 3365 (4.0%), Pursuit: 3266 (3.9%), Endeavor: 2422 (2.9%), Substitute: 1571 (1.9%), Focus Energy: 772 (0.9%), Struggle: 7 (0.0%)",14096,13778,1.02,2776,1.22,5.42,2.53,3990,5802,3383,3680,1.79,18152,"Rattata: 463, Magikarp: 445, Zubat: 310","Seaking: 283, Koffing: 280, Gyarados: 245",4,"Damage: 2776, Status: 0, Hazard: 0, Weather: 0, Cleric: 0, Screen: 0, Pass: 0",None
RATTATA,F,All-Rounder,"Quick Attack: 29030 (27.5%), Tail Whip: 16468 (15.6%), Hyper Fang: 12473 (11.8%), Pursuit: 10502 (9.9%), Tackle: 10098 (9.6%), Bite: 8688 (8.2%), Focus Energy: 6942 (6.6%), Sucker Punch: 6468 (6.1%), Crunch: 3502 (3.3%), Assurance: 1490 (1.4%)",10446,33036,0.32,2820,0.4,5.0,2.58,6675,4324,5151,3417,6.76,25683,"Magikarp: 768, Rattata: 405, Zubat: 307","Koffing: 630, Seaking: 561, Butterfree: 549",64,"Damage: 2820, Status: 0, Hazard: 0, Weather: 0, Cleric: 0, Screen: 0, Pass: 0",None
RELICANTH,A,All-Rounder,"Head Smash: 337 (43.9%), Aqua Tail: 228 (29.7%), Earthquake: 127 (16.5%), Rest: 76 (9.9%)",322,131,2.46,71,3.0,4.35,1.98,49,101,40,0,-1.49,293,"Koffing: 12, Gyarados: 10, Starmie: 9","Alakazam: 17, Gengar: 12, Starmie: 7",0,"Damage: 71, Status: 0, Hazard: 0, Weather: 0, Cleric: 0, Screen: 0, Pass: 0",None
REMORAID,E+,All-Rounder,"Bubble Beam: 2905 (13.9%), Psybeam: 2901 (13.8%), Bullet Seed: 2862 (13.6%), Aurora Beam: 2834 (13.5%), Water Pulse: 2763 (13.2%), Signal Beam: 2376 (11.3%), Lock On: 2159 (10.3%), Ice Beam: 1216 (5.8%), Focus Energy: 953 (4.5%)",3472,7193,0.48,2289,0.8,3.97,2.18,1627,748,1002,1386,8.86,7213,"Magikarp: 163, Geodude: 104, Rattata: 98","Seaking: 153, Magnemite: 138, Raticate: 132",9,"Damage: 2289, Status: 291, Hazard: 0, Weather: 0, Cleric: 0, Screen: 0, Pass: 0",None
RHYDON,B-,Attacker,"Horn Drill: 4274 (32.1%), Take Down: 2202 (16.5%), Scary Face: 1764 (13.2%), Hammer Arm: 1700 (12.8%), Rock Slide: 1110 (8.3%), Rock Blast: 917 (6.9%), Avalanche: 837 (6.3%), Stone Edge: 278 (2.1%), Earthquake: 169 (1.3%), Megahorn: 60 (0.5%), Thunder Fang: 22 (0.2%)",4526,2404,1.88,141,1.94,4.08,2.16,408,4166,652,126,-22.15,4688,"Magnemite: 111, Rattata: 105, Magmar: 103","Seaking: 60, Graveler: 60, Poliwhirl: 53",0,"Damage: 141, Status: 0, Hazard: 0, Weather: 0, Cleric: 0, Screen: 0, Pass: 0",None
RHYHORN,C-,Attacker,"Scary Face: 8067 (37.5%), Horn Drill: 3905 (18.1%), Rock Blast: 2337 (10.9%), Fury Attack: 1629 (7.6%), Stone Edge: 1557 (7.2%), Stomp: 1537 (7.1%), Take Down: 1421 (6.6%), Earthquake: 986 (4.6%), Sandstorm: 95 (0.4%), Struggle: 4 (0.0%)",4045,3557,1.14,524,1.28,5.16,2.99,862,5453,1075,0,-15.55,5104,"Rattata: 166, Magikarp: 163, Zubat: 98","Butterfree: 78, Victreebel: 60, Seaking: 60",0,"Damage: 452, Status: 0, Hazard: 0, Weather: 75, Cleric: 0, Screen: 0, Pass: 0",None
RHYPERIOR,S-,Attacker,"Stone Edge: 223 (47.2%), Earthquake: 160 (33.9%), Megahorn: 60 (12.7%), Thunder Fang: 29 (6.1%)",322,61,5.28,21,5.62,3.68,1.45,44,70,33,3,1.66,233,"Magmar: 18, Magnemite: 16, Rapidash: 14","Gyarados: 5, Kingler: 4, Starmie: 4",0,"Damage: 21, Status: 0, Hazard: 0, Weather: 0, Cleric: 0, Screen: 0, Pass: 0",None
ROSELIA,C,Attacker / Disrupter,"Petal Dance: 2944 (76.0%), Ingrain: 405 (10.5%), Synthesis: 286 (7.4%), Toxic: 236 (6.1%), Struggle: 4 (0.1%)",1238,834,1.48,87,1.59,4.83,2.37,182,127,196,0,6.17,1395,"Graveler: 48, Goldeen: 35, Seaking: 33","Magmar: 26, Golbat: 20, Seaking: 18",0,"Damage: 82, Status: 67, Hazard: 0, Weather: 0, Cleric: 0, Screen: 0, Pass: 0",None
ROSERADE,A,Attacker / Disrupter,"Sludge Bomb: 241 (40.8%), Weather Ball: 138 (23.4%), Energy Ball: 115 (19.5%), Stun Spore: 97 (16.4%)",270,99,2.73,38,3.11,3.79,1.28,31,35,12,46,1.28,244,"Butterfree: 24, Bellsprout: 18, Koffing: 14","Crobat: 15, Typhlosion: 8, Rapidash: 8",0,"Damage: 35, Status: 27, Hazard: 0, Weather: 0, Cleric: 0, Screen: 0, Pass: 0",None
SABLEYE,C,All-Rounder,"Ice Punch: 245 (36.6%), Brick Break: 222 (33.2%), Fake Out: 133 (19.9%), Sucker Punch: 69 (10.3%)",130,156,0.83,115,1.57,5.45,2.22,40,32,34,131,6.5,221,"Golbat: 7, Golem: 5, Graveler: 5","Dragonite: 10, Gengar: 8, Golem: 7",0,"Damage: 115, Status: 6, Hazard: 0, Weather: 0, Cleric: 0, Screen: 0, Pass: 0",None
SALAMENCE,S+,Attacker,"Dragon Claw: 2242 (50.7%), Flamethrower: 1156 (26.2%), Shadow Claw: 911 (20.6%), Rest: 111 (2.5%)",2520,141,17.87,278,19.84,3.69,1.17,293,46,110,39,7.92,1335,"Koffing: 59, Magikarp: 58, Rattata: 52","Graveler: 10, Golem: 9, Feraligatr: 9",0,"Damage: 278, Status: 22, Hazard: 0, Weather: 0, Cleric: 0, Screen: 0, Pass: 0",None
SANDSHREW,E-,Defender,"Rapid Spin: 8675 (29.5%), Sand Attack: 6064 (20.6%), Defense Curl: 5401 (18.4%), Swift: 4151 (14.1%), Poison Sting: 3043 (10.3%), Scratch: 2077 (7.1%), Struggle: 9 (0.0%)",970,4057,0.24,1821,0.69,8.22,3.62,1016,1191,6798,771,18.26,4485,"Magikarp: 109, Rattata: 68, Voltorb: 53","Koffing: 80, Butterfree: 79, Graveler: 69",4,"Damage: 1821, Status: 328, Hazard: 0, Weather: 0, Cleric: 0, Screen: 0, Pass: 0",None
SANDSLASH,C,All-Rounder,"Slash: 20140 (27.1%), Fury Cutter: 12510 (16.8%), Sand Tomb: 10575 (14.2%), Crush Claw: 8980 (12.1%), Gyro Ball: 7109 (9.5%), Swift: 5507 (7.4%), Rollout: 4427 (5.9%), Fury Swipes: 1754 (2.4%), Sandstorm: 1289 (1.7%), Sand Attack: 1255 (1.7%), Rapid Spin: 706 (0.9%), Poison Sting: 198 (0.3%), Struggle: 1 (0.0%)",9844,11350,0.87,8345,1.6,5.75,3.16,5283,7485,5084,3104,3.59,16096,"Magikarp: 403, Rattata: 375, Pikachu: 300","Graveler: 335, Seaking: 271, Gyarados: 220",9,"Damage: 8203, Status: 9, Hazard: 0, Weather: 653, Cleric: 0, Screen: 0, Pass: 0",None
SCIZOR,S+,Attacker,"Bullet Punch: 2114 (46.2%), X Scissor: 1526 (33.3%), Swords Dance: 919 (20.1%), Superpower: 19 (0.4%)",2577,200,12.88,111,13.44,3.84,1.38,213,111,137,0,5.07,1350,"Magikarp: 58, Koffing: 57, Rattata: 53","Magmar: 23, Arcanine: 11, Flareon: 11",0,"Damage: 111, Status: 0, Hazard: 0, Weather: 0, Cleric: 0, Screen: 0, Pass: 0",None
SCYTHER,A+,Attacker,"Quick Attack: 2685 (35.8%), U Turn: 1764 (23.5%), Leer: 1760 (23.4%), Focus Energy: 1297 (17.3%)",1938,687,2.82,254,3.19,8.6,2.58,676,178,297,0,10.19,1589,"Seaking: 63, Rattata: 58, Zubat: 43","Graveler: 31, Golbat: 30, Koffing: 25",7,"Damage: 254, Status: 0, Hazard: 0, Weather: 0, Cleric: 0, Screen: 0, Pass: 0",None
SEADRA,C+,Attacker,"Twister: 14163 (23.3%), Brine: 11194 (18.4%), Agility: 10459 (17.2%), Bubble Beam: 7186 (11.8%), Hydro Pump: 4800 (7.9%), Waterfall: 4227 (7.0%), Water Pulse: 3344 (5.5%), Surf: 2086 (3.4%), Focus Energy: 1608 (2.6%), Smoke Screen: 1122 (1.8%), Leer: 587 (1.0%), Struggle: 2 (0.0%)",14214,9295,1.53,1971,1.74,4.88,2.33,3329,2110,2803,1533,6.33,15455,"Koffing: 407, Rattata: 393, Zubat: 278","Seaking: 248, Butterfree: 201, Gyarados: 178",11,"Damage: 1971, Status: 192, Hazard: 0, Weather: 0, Cleric: 0, Screen: 0, Pass: 0",None
SEAKING,C,Defender,"Fury Attack: 28360 (20.8%), Waterfall: 28057 (20.6%), Flail: 25821 (19.0%), Aqua Ring: 16063 (11.8%), Water Pulse: 14437 (10.6%), Horn Attack: 4627 (3.4%), Supersonic: 4381 (3.2%), Horn Drill: 4369 (3.2%), Poison Jab: 4165 (3.1%), Rain Dance: 1616 (1.2%), Megahorn: 1554 (1.1%), Agility: 1467 (1.1%), Peck: 1264 (0.9%), Struggle: 39 (0.0%)",23801,19611,1.21,4222,1.43,6.92,4.01,8443,13496,6209,6169,0.87,24002,"Rattata: 561, Magikarp: 533, Magnemite: 503","Magneton: 443, Seaking: 385, Magnemite: 382",17,"Damage: 4201, Status: 757, Hazard: 0, Weather: 0, Cleric: 0, Screen: 0, Pass: 0",None
SEEDOT,F-,All-Rounder,"Nature Power: 1673 (57.0%), Sunny Day: 782 (26.6%), Synthesis: 471 (16.0%), Explosion: 9 (0.3%)",167,1227,0.14,142,0.25,3.46,2.53,107,50,190,0,7.9,1372,"Rattata: 20, Caterpie: 9, Bellsprout: 8","Golbat: 36, Graveler: 30, Magmar: 26",0,"Damage: 142, Status: 0, Hazard: 0, Weather: 1, Cleric: 0, Screen: 0, Pass: 0",None
SEEL,E+,Defender,"Ice Shard: 14947 (23.7%), Rest: 11995 (19.1%), Icy Wind: 8604 (13.7%), Encore: 5814 (9.2%), Snore: 4090 (6.5%), Aqua Jet: 3287 (5.2%), Aqua Ring: 3212 (5.1%), Aurora Beam: 3024 (4.8%), Take Down: 2924 (4.6%), Brine: 2773 (4.4%), Hail: 2063 (3.3%), Struggle: 228 (0.4%)",3706,8005,0.46,3304,0.88,11.3,6.52,2098,2760,3250,6883,3.91,8549,"Magikarp: 205, Rattata: 114, Zubat: 114","Koffing: 160, Magnemite: 141, Seaking: 138",11,"Damage: 3069, Status: 0, Hazard: 0, Weather: 941, Cleric: 0, Screen: 0, Pass: 0",None
SENTRET,F-,Defender,"Follow Me: 5159 (17.5%), Quick Attack: 4784 (16.2%), Sucker Punch: 4569 (15.5%), Slam: 3731 (12.6%), Rest: 3591 (12.2%), Defense Curl: 3197 (10.8%), Fury Swipes: 1948 (6.6%), Scratch: 1439 (4.9%), Foresight: 1022 (3.5%), Helping Hand: 39 (0.1%), Struggle: 26 (0.1%)",1510,9606,0.16,672,0.23,14.53,7.97,925,1426,1710,0,3.87,3156,"Magikarp: 111, Rattata: 74, Pidgey: 62","Koffing: 218, Rattata: 173, Seaking: 153",31,"Damage: 672, Status: 0, Hazard: 0, Weather: 0, Cleric: 0, Screen: 0, Pass: 0",None
SEVIPER,C+,Disrupter,"Night Slash: 2698 (34.2%), Poison Fang: 2491 (31.6%), Swagger: 1764 (22.4%), Haze: 938 (11.9%)",1330,1001,1.33,387,1.72,5.61,2.59,467,308,294,539,5.53,1627,"Magikarp: 51, Rattata: 40, Butterfree: 32","Seaking: 24, Koffing: 24, Graveler: 24",0,"Damage: 371, Status: 361, Hazard: 0, Weather: 0, Cleric: 0, Screen: 0, Pass: 0",None
SHEDINJA,D+,Disrupter,"X Scissor: 80 (35.9%), Swagger: 68 (30.5%), Shadow Sneak: 48 (21.5%), Toxic: 27 (12.1%)",34,70,0.49,55,1.27,3.06,0.46,8,37,12,0,-7.23,126,"Golduck: 3, Alakazam: 2, Delcatty: 2","Gengar: 7, Typhlosion: 5, Crobat: 4",2,"Damage: 32, Status: 37, Hazard: 0, Weather: 0, Cleric: 0, Screen: 0, Pass: 0",None
SHELLDER,E+,Defender,"Icicle Spear: 11148 (16.0%), Protect: 7850 (11.3%), Leer: 7664 (11.0%), Supersonic: 7324 (10.5%), Ice Shard: 6909 (9.9%), Aurora Beam: 5649 (8.1%), Clamp: 5474 (7.9%), Withdraw: 5038 (7.2%), Whirlpool: 3955 (5.7%), Tackle: 3483 (5.0%), Iron Defense: 3152 (4.5%), Brine: 1843 (2.7%), Struggle: 27 (0.0%)",4173,11875,0.35,5318,0.8,7.03,3.65,3659,7535,2991,447,-1.24,12517,"Magikarp: 338, Rattata: 241, Zubat: 166","Koffing: 317, Butterfree: 245, Magnemite: 199",9,"Damage: 5119, Status: 1347, Hazard: 0, Weather: 0, Cleric: 0, Screen: 0, Pass: 0",None
SHIFTRY,A,All-Rounder,"Leaf Storm: 2681 (51.2%), Sucker Punch: 1143 (21.8%), Sunny Day: 1122 (21.4%), Explosion: 290 (5.5%)",1715,660,2.6,367,3.15,4.56,1.84,179,354,224,0,0.9,1342,"Magikarp: 56, Rattata: 48, Seaking: 39","Magmar: 23, Golbat: 21, Butterfree: 15",1,"Damage: 366, Status: 0, Hazard: 0, Weather: 4, Cleric: 0, Screen: 0, Pass: 0",None
SHINX,E,Attacker,"Crunch: 1663 (29.8%), Scary Face: 1527 (27.4%), Thunder Fang: 1198 (21.5%), Discharge: 1188 (21.3%)",886,1225,0.72,21,0.74,4.29,2.27,212,405,249,651,0.87,1547,"Magikarp: 54, Rattata: 47, Zubat: 39","Koffing: 27, Seaking: 20, Raticate: 18",0,"Damage: 21, Status: 2, Hazard: 0, Weather: 0, Cleric: 0, Screen: 0, Pass: 0",None
SHROOMISH,D,Attacker / Disrupter,"Seed Bomb: 3072 (29.6%), Giga Drain: 2936 (28.3%), Growth: 2910 (28.1%), Spore: 1449 (14.0%), Struggle: 2 (0.0%)",1192,1110,1.07,58,1.13,7.51,3.4,366,244,316,0,4.1,1608,"Magikarp: 54, Geodude: 39, Goldeen: 35","Koffing: 27, Graveler: 26, Golbat: 25",0,"Damage: 58, Status: 49, Hazard: 0, Weather: 0, Cleric: 0, Screen: 0, Pass: 0",None
SKARMORY,A-,All-Rounder,"Air Slash: 5911 (25.3%), Steel Wing: 5706 (24.5%), Slash: 5641 (24.2%), Night Slash: 4627 (19.8%), Metal Sound: 1228 (5.3%), Spikes: 220 (0.9%)",4873,2283,2.13,1163,2.64,6.45,3.61,1925,1364,1007,1664,6.29,4414,"Koffing: 121, Magikarp: 113, Rattata: 111","Magneton: 103, Magnemite: 79, Magmar: 65",1,"Damage: 1068, Status: 0, Hazard: 110, Weather: 0, Cleric: 0, Screen: 0, Pass: 0",None
SKIPLOOM,D,Disrupter,"Bullet Seed: 20779 (30.8%), Mega Drain: 9710 (14.4%), U Turn: 6997 (10.4%), Sleep Powder: 5151 (7.6%), Leech Seed: 4976 (7.4%), Stun Spore: 4811 (7.1%), Cotton Spore: 3779 (5.6%), Giga Drain: 2990 (4.4%), Worry Seed: 2154 (3.2%), Tackle: 1888 (2.8%), Tail Whip: 1770 (2.6%), Sunny Day: 1596 (2.4%), Poison Powder: 768 (1.1%), Struggle: 31 (0.0%)",4309,9458,0.46,5285,1.01,8.46,3.76,4604,5153,2702,0,3.07,10053,"Magikarp: 245, Geodude: 143, Rattata: 140","Graveler: 208, Koffing: 205, Magmar: 193",22,"Damage: 4869, Status: 3736, Hazard: 0, Weather: 6, Cleric: 0, Screen: 0, Pass: 0",None
SKORUPI,E,Hazards,"Crunch: 2095 (29.5%), Bug Bite: 2068 (29.1%), Poison Fang: 1991 (28.1%), Toxic Spikes: 942 (13.3%)",699,1165,0.6,192,0.76,5.64,3.37,357,218,302,824,5.54,1490,"Magikarp: 42, Rattata: 32, Bellsprout: 30","Koffing: 28, Seaking: 22, Graveler: 21",0,"Damage: 191, Status: 90, Hazard: 59, Weather: 0, Cleric: 0, Screen: 0, Pass: 0",None
SKUNTANK,S-,Defender,"Dig: 6249 (73.4%), Sucker Punch: 1293 (15.2%), Toxic: 705 (8.3%), Explosion: 265 (3.1%)",1670,496,3.37,576,4.53,7.22,2.03,221,242,2699,0,23.89,1365,"Magikarp: 47, Magnemite: 46, Rattata: 43","Quagsire: 17, Graveler: 16, Golem: 10",0,"Damage: 507, Status: 235, Hazard: 0, Weather: 0, Cleric: 0, Screen: 0, Pass: 0",None
SLAKOTH,E-,Attacker,"Counter: 4116 (48.2%), Flail: 1967 (23.0%), Amnesia: 1871 (21.9%), Covet: 594 (6.9%)",821,1265,0.65,14,0.66,6.61,3.58,117,218,401,0,3.35,1570,"Magikarp: 54, Rattata: 37, Zubat: 27","Koffing: 34, Golbat: 26, Graveler: 20",0,"Damage: 14, Status: 0, Hazard: 0, Weather: 0, Cleric: 0, Screen: 0, Pass: 0",None
SLOWBRO,C,Attacker,"Growl: 6854 (28.8%), Psychic: 4028 (16.9%), Disable: 3516 (14.8%), Yawn: 2042 (8.6%), Slack Off: 1976 (8.3%), Confusion: 1717 (7.2%), Water Gun: 1708 (7.2%), Skill Swap: 728 (3.1%), Curse: 626 (2.6%), Water Pulse: 266 (1.1%), Amnesia: 145 (0.6%), Body Slam: 133 (0.6%), Struggle: 51 (0.2%)",2817,1853,1.52,108,1.58,9.45,5.46,469,1780,1040,328,-1.16,3084,"Magmar: 60, Rattata: 58, Magikarp: 57","Sneasel: 40, Graveler: 34, Seaking: 29",0,"Damage: 104, Status: 31, Hazard: 0, Weather: 0, Cleric: 0, Screen: 0, Pass: 0",None
SLOWKING,A,Attacker,"Water Pulse: 3717 (20.3%), Zen Headbutt: 2383 (13.0%), Nasty Plot: 2249 (12.3%), Psychic: 1761 (9.6%), Swagger: 1610 (8.8%), Surf: 1586 (8.6%), Confusion: 1353 (7.4%), Headbutt: 1289 (7.0%), Disable: 964 (5.3%), Trick Room: 755 (4.1%), Flamethrower: 679 (3.7%)",5226,2034,2.57,626,2.88,5.24,2.93,718,1054,820,1165,2.72,4372,"Magikarp: 116, Koffing: 100, Magnemite: 96","Graveler: 77, Seaking: 46, Gyarados: 40",0,"Damage: 609, Status: 284, Hazard: 0, Weather: 0, Cleric: 0, Screen: 0, Pass: 0",None
SLOWPOKE,E-,Defender,"Growl: 19465 (26.0%), Water Gun: 13602 (18.2%), Yawn: 10990 (14.7%), Tackle: 10736 (14.4%), Curse: 8508 (11.4%), Psychic: 3401 (4.6%), Amnesia: 1847 (2.5%), Strength: 1841 (2.5%), Disable: 1786 (2.4%), Headbutt: 1528 (2.0%), Skill Swap: 658 (0.9%), Confusion: 361 (0.5%), Struggle: 16 (0.0%)",4913,8508,0.58,725,0.66,10.91,5.95,1793,3428,2866,475,1.56,7623,"Magikarp: 276, Rattata: 171, Onix: 156","Graveler: 178, Koffing: 161, Butterfree: 153",0,"Damage: 714, Status: 58, Hazard: 0, Weather: 0, Cleric: 0, Screen: 0, Pass: 0",None
SLUGMA,F,All-Rounder,"Harden: 805 (31.4%), Amnesia: 625 (24.3%), Recover: 618 (24.1%), Ancient Power: 503 (19.6%), Struggle: 16 (0.6%)",110,610,0.18,90,0.33,6.27,3.31,26,10,169,42,6.52,689,"Bellsprout: 16, Skiploom: 9, Cloyster: 8","Seaking: 30, Quagsire: 25, Vileplume: 22",3,"Damage: 90, Status: 0, Hazard: 0, Weather: 0, Cleric: 0, Screen: 0, Pass: 0",None
SNEASEL,S-,All-Rounder,"Faint Attack: 29358 (65.3%), Shadow Claw: 5553 (12.3%), Quick Attack: 5015 (11.2%), Icy Wind: 3007 (6.7%), Metal Claw: 1448 (3.2%), Fury Swipes: 583 (1.3%)",14876,5484,2.71,6794,3.95,4.04,1.7,3152,698,1726,1774,8.98,13173,"Rattata: 473, Zubat: 339, Koffing: 324","Graveler: 284, Magneton: 190, Magmar: 152",0,"Damage: 6794, Status: 0, Hazard: 0, Weather: 0, Cleric: 0, Screen: 0, Pass: 0",None
SNORLAX,A+,All-Rounder,"Crunch: 281 (59.9%), Blizzard: 114 (24.3%), Shadow Ball: 44 (9.4%), Giga Impact: 30 (6.4%)",157,60,2.62,33,3.17,5.82,2.76,16,62,38,33,-2.49,136,"Alakazam: 19, Gengar: 13, Electrode: 12","Magneton: 6, Houndoom: 5, Dragonite: 3",0,"Damage: 33, Status: 0, Hazard: 0, Weather: 0, Cleric: 0, Screen: 0, Pass: 0",None
SNUBBULL,E-,All-Rounder,"Bite: 8061 (26.0%), Lick: 7066 (22.8%), Tail Whip: 4776 (15.4%), Charm: 4148 (13.4%), Scary Face: 2444 (7.9%), Headbutt: 1747 (5.6%), Rage: 1722 (5.6%), Roar: 1045 (3.4%)",2410,5049,0.48,479,0.57,6.21,3.32,1062,1371,1334,4148,3.34,5953,"Magikarp: 214, Rattata: 132, Bellsprout: 71","Koffing: 131, Seaking: 77, Graveler: 77",0,"Damage: 479, Status: 109, Hazard: 0, Weather: 0, Cleric: 0, Screen: 0, Pass: 0",None
SPEAROW,F,All-Rounder,"Leer: 6992 (26.2%), Peck: 5580 (20.9%), Growl: 5006 (18.8%), Fury Attack: 2798 (10.5%), Aerial Ace: 1666 (6.2%), Pursuit: 1560 (5.8%), Drill Peck: 1000 (3.7%), Assurance: 934 (3.5%), Agility: 806 (3.0%), Roost: 345 (1.3%)",2543,8194,0.31,1104,0.45,5.63,2.55,1022,1079,3388,0,11.08,7068,"Magikarp: 142, Bellsprout: 117, Butterfree: 79","Koffing: 162, Magnemite: 148, Seaking: 143",17,"Damage: 1104, Status: 0, Hazard: 0, Weather: 0, Cleric: 0, Screen: 0, Pass: 0",None
SPINARAK,F-,Disrupter,"Poison Sting: 3863 (48.4%), Constrict: 1622 (20.3%), Scary Face: 1247 (15.6%), String Shot: 1244 (15.6%)",174,2635,0.07,338,0.19,3.9,2.57,319,380,409,1146,3.51,2785,"Magikarp: 39, Bellsprout: 24, Caterpie: 11","Golbat: 67, Graveler: 66, Rattata: 55",0,"Damage: 338, Status: 233, Hazard: 0, Weather: 0, Cleric: 0, Screen: 0, Pass: 0",None
SPINDA,C,Disrupter,"Teeter Dance: 13414 (44.5%), Dizzy Punch: 5683 (18.8%), Sucker Punch: 5651 (18.7%), Psych Up: 1576 (5.2%), Trick Room: 1429 (4.7%), Flail: 1320 (4.4%), Fake Out: 1062 (3.5%), Struggle: 36 (0.1%)",2171,3654,0.59,3246,1.48,6.98,2.83,647,651,1060,1821,3.42,4917,"Magikarp: 121, Rattata: 76, Zubat: 53","Koffing: 96, Seaking: 81, Seadra: 74",1,"Damage: 2647, Status: 2496, Hazard: 0, Weather: 0, Cleric: 0, Screen: 0, Pass: 0",None
SPIRITOMB,C,Disrupter,"Curse: 140 (26.8%), Sucker Punch: 137 (26.2%), Confuse Ray: 130 (24.9%), Pain Split: 116 (22.2%)",38,92,0.41,110,1.61,5.19,1.8,5,2,38,0,7.31,164,"Quagsire: 4, Magmar: 3, Electabuzz: 3","Arcanine: 5, Typhlosion: 3, Magneton: 3",0,"Damage: 47, Status: 88, Hazard: 0, Weather: 0, Cleric: 0, Screen: 0, Pass: 0",None
SPOINK,F,Attacker,"Rest: 2451 (29.0%), Zen Headbutt: 2439 (28.8%), Payback: 2357 (27.9%), Snore: 1195 (14.1%), Struggle: 13 (0.2%)",457,1250,0.37,42,0.4,8.44,5.19,308,532,425,399,2.65,1426,"Magikarp: 54, Growlithe: 18, Gastly: 16","Koffing: 27, Raticate: 21, Rattata: 20",0,"Damage: 42, Status: 0, Hazard: 0, Weather: 0, Cleric: 0, Screen: 0, Pass: 0",None
SQUIRTLE,E-,All-Rounder,"Curse: 2204 (28.6%), Skull Bash: 987 (12.8%), Bite: 968 (12.6%), Aqua Tail: 954 (12.4%), Iron Defense: 921 (12.0%), Rain Dance: 636 (8.3%), Withdraw: 600 (7.8%), Water Gun: 423 (5.5%), Struggle: 1 (0.0%)",957,1796,0.53,260,0.68,5.23,2.92,177,312,624,165,5.91,2311,"Rattata: 44, Growlithe: 34, Magmar: 24","Qwilfish: 44, Seaking: 40, Weezing: 36",0,"Damage: 260, Status: 0, Hazard: 0, Weather: 0, Cleric: 0, Screen: 0, Pass: 0",None
STANTLER,B+,All-Rounder,"Me First: 4691 (53.4%), Zen Headbutt: 3291 (37.5%), Trick Room: 720 (8.2%), Return: 82 (0.9%)",1590,1009,1.58,722,2.29,6.19,2.94,337,634,343,527,0.5,1588,"Koffing: 66, Magikarp: 55, Rattata: 49","Magnemite: 24, Gyarados: 21, Weezing: 17",0,"Damage: 722, Status: 11, Hazard: 0, Weather: 0, Cleric: 0, Screen: 0, Pass: 0",None
STARAPTOR,S,Attacker,"Brave Bird: 2237 (68.3%), Close Combat: 784 (23.9%), U Turn: 200 (6.1%), Attract: 56 (1.7%)",2337,272,8.59,323,9.78,2.79,0.62,202,20,64,0,7.36,1348,"Koffing: 61, Rattata: 50, Magnemite: 50","Magneton: 12, Alakazam: 12, Weezing: 11",0,"Damage: 323, Status: 0, Hazard: 0, Weather: 0, Cleric: 0, Screen: 0, Pass: 0",None
STARLY,E-,Attacker,"Aerial Ace: 1020 (26.3%), Brave Bird: 1001 (25.8%), Agility: 954 (24.6%), Take Down: 908 (23.4%)",793,1259,0.63,30,0.65,3.19,1.62,157,144,166,0,4.42,1503,"Magikarp: 69, Rattata: 37, Bellsprout: 35","Koffing: 28, Pikachu: 23, Rattata: 22",0,"Damage: 30, Status: 0, Hazard: 0, Weather: 0, Cleric: 0, Screen: 0, Pass: 0",None
STARMIE,A,Attacker,"Swift: 11524 (27.8%), Water Gun: 5204 (12.5%), Surf: 3872 (9.3%), Thunderbolt: 3364 (8.1%), Ice Beam: 3316 (8.0%), Recover: 2992 (7.2%), Rapid Spin: 2982 (7.2%), Confuse Ray: 2306 (5.6%), Psychic: 2236 (5.4%), Blizzard: 1315 (3.2%), Water Pulse: 940 (2.3%), Brine: 485 (1.2%), Thunder: 399 (1.0%), Minimize: 337 (0.8%), Cosmic Power: 239 (0.6%), Struggle: 5 (0.0%)",12204,4368,2.79,1540,3.15,5.41,2.29,2188,1120,1652,491,6.3,9381,"Koffing: 319, Rattata: 230, Magnemite: 217","Electrode: 116, Gengar: 109, Sneasel: 96",5,"Damage: 1448, Status: 617, Hazard: 0, Weather: 0, Cleric: 0, Screen: 0, Pass: 0",None
STARYU,E+,All-Rounder,"Camouflage: 12180 (28.1%), Rapid Spin: 8423 (19.5%), Water Gun: 8402 (19.4%), Swift: 5589 (12.9%), Recover: 4869 (11.3%), Minimize: 1898 (4.4%), Bubble Beam: 1841 (4.3%), Gyro Ball: 59 (0.1%), Struggle: 17 (0.0%)",3517,7592,0.46,2511,0.79,5.88,2.96,1472,822,3832,95,9.51,9099,"Magikarp: 218, Geodude: 126, Graveler: 106","Seaking: 158, Koffing: 136, Quagsire: 125",3,"Damage: 2511, Status: 0, Hazard: 0, Weather: 0, Cleric: 0, Screen: 0, Pass: 0",None
STEELIX,C+,Defender,"Rock Polish: 10946 (26.3%), Curse: 10487 (25.2%), Iron Tail: 7407 (17.8%), Dragon Breath: 3450 (8.3%), Stone Edge: 2847 (6.8%), Crunch: 2800 (6.7%), Double Edge: 2762 (6.6%), Sandstorm: 305 (0.7%), Rock Throw: 279 (0.7%), Screech: 248 (0.6%), Roar: 104 (0.2%), Stealth Rock: 45 (0.1%), Struggle: 3 (0.0%)",5162,3548,1.45,1028,1.74,8.18,4.8,1093,3945,1904,1848,-2.22,6238,"Rattata: 130, Zubat: 122, Magikarp: 119","Magmar: 111, Quagsire: 84, Seaking: 81",2,"Damage: 969, Status: 104, Hazard: 51, Weather: 58, Cleric: 0, Screen: 0, Pass: 0",None
SUDOWOODO,A-,All-Rounder,"Rock Slide: 6138 (24.9%), Rock Tomb: 4858 (19.7%), Double Edge: 3754 (15.2%), Slam: 2490 (10.1%), Hammer Arm: 2293 (9.3%), Stone Edge: 1404 (5.7%), Sucker Punch: 1346 (5.5%), Wood Hammer: 1324 (5.4%), Faint Attack: 743 (3.0%), Earthquake: 311 (1.3%), Struggle: 6 (0.0%)",8933,3973,2.25,1760,2.69,4.15,2.38,1319,3432,1141,3149,-3.84,7573,"Magikarp: 261, Rattata: 241, Koffing: 179","Seaking: 84, Graveler: 78, Golduck: 69",1,"Damage: 1760, Status: 0, Hazard: 0, Weather: 0, Cleric: 0, Screen: 0, Pass: 0",None
SUNFLORA,C,All-Rounder,"Petal Dance: 5718 (36.7%), Leaf Storm: 2976 (19.1%), Sunny Day: 2051 (13.2%), Solar Beam: 1930 (12.4%), Razor Leaf: 1247 (8.0%), Mega Drain: 853 (5.5%), Ingrain: 425 (2.7%), Worry Seed: 382 (2.5%)",5439,4210,1.29,811,1.48,3.88,2.11,802,750,927,0,5.93,7092,"Seaking: 185, Magnemite: 136, Quagsire: 133","Golbat: 148, Magmar: 145, Graveler: 99",12,"Damage: 810, Status: 0, Hazard: 0, Weather: 10, Cleric: 0, Screen: 0, Pass: 0",None
SUNKERN,E-,All-Rounder,"Razor Leaf: 1530 (36.3%), Giga Drain: 937 (22.2%), Sunny Day: 900 (21.3%), Synthesis: 849 (20.1%)",386,1409,0.27,449,0.59,3.75,2.25,205,170,227,0,5.9,1555,"Magikarp: 56, Geodude: 40, Onix: 20","Koffing: 37, Rattata: 30, Graveler: 29",0,"Damage: 446, Status: 0, Hazard: 0, Weather: 5, Cleric: 0, Screen: 0, Pass: 0",None
SWALOT,B-,Disrupter,"Sludge Bomb: 593 (33.9%), Amnesia: 390 (22.3%), Pain Split: 373 (21.4%), Yawn: 347 (19.9%), Struggle: 44 (2.5%)",137,120,1.14,78,1.79,10.68,4.04,36,67,252,116,11.31,224,"Koffing: 11, Magikarp: 6, Zubat: 4","Alakazam: 9, Gyarados: 7, Rapidash: 5",0,"Damage: 58, Status: 68, Hazard: 0, Weather: 0, Cleric: 0, Screen: 0, Pass: 0",None
SWELLOW,A-,Attacker,"Facade: 243 (65.9%), Double Team: 61 (16.5%), Protect: 53 (14.4%), Endeavor: 12 (3.3%)",200,74,2.7,6,2.78,3.69,0.62,20,3,28,0,11.34,156,"Quagsire: 11, Electrode: 9, Typhlosion: 7","Electrode: 10, Crobat: 4, Kingdra: 4",0,"Damage: 6, Status: 0, Hazard: 0, Weather: 0, Cleric: 0, Screen: 0, Pass: 0",None
SWINUB,F,Attacker,"Endure: 3616 (31.9%), Icy Wind: 3228 (28.5%), Mud Bomb: 2336 (20.6%), Mud Slap: 2134 (18.8%), Struggle: 12 (0.1%)",862,2619,0.33,55,0.35,7.7,3.86,453,810,2038,4876,12.46,1538,"Magikarp: 53, Rattata: 46, Magnemite: 33","Koffing: 46, Raticate: 44, Rattata: 41",1,"Damage: 55, Status: 0, Hazard: 0, Weather: 0, Cleric: 0, Screen: 0, Pass: 0",None
TAILLOW,D-,All-Rounder,"Aerial Ace: 1695 (26.9%), Wing Attack: 1614 (25.6%), Double Team: 1556 (24.7%), Endeavor: 1434 (22.8%)",790,1336,0.59,481,0.95,4.53,1.84,194,53,1077,0,16.51,1605,"Magikarp: 54, Gastly: 36, Bellsprout: 30","Koffing: 36, Raticate: 25, Magnemite: 24",2,"Damage: 481, Status: 0, Hazard: 0, Weather: 0, Cleric: 0, Screen: 0, Pass: 0",None
TANGELA,B-,Defender,"Ancient Power: 5002 (15.1%), Growth: 4708 (14.2%), Absorb: 4626 (13.9%), Vine Whip: 3418 (10.3%), Bind: 3366 (10.1%), Sleep Powder: 2717 (8.2%), Stun Spore: 2500 (7.5%), Slam: 2392 (7.2%), Mega Drain: 1864 (5.6%), Poison Powder: 903 (2.7%), Giga Drain: 894 (2.7%), Wring Out: 504 (1.5%), Ingrain: 130 (0.4%), Natural Gift: 128 (0.4%), Knock Off: 83 (0.2%)",5054,3721,1.36,1742,1.83,6.6,3.28,1210,4017,1248,512,-4.45,5955,"Magikarp: 168, Seaking: 160, Rattata: 154","Golbat: 112, Magmar: 94, Graveler: 70",1,"Damage: 1690, Status: 659, Hazard: 0, Weather: 0, Cleric: 0, Screen: 0, Pass: 0",None
TANGROWTH,A-,All-Rounder,"Ancient Power: 1421 (21.2%), Stun Spore: 1231 (18.3%), Mega Drain: 1093 (16.3%), Power Whip: 980 (14.6%), Wring Out: 588 (8.8%), Slam: 464 (6.9%), Earthquake: 259 (3.9%), Rock Slide: 248 (3.7%), Knock Off: 198 (3.0%), Swords Dance: 161 (2.4%), Tickle: 68 (1.0%)",2043,907,2.25,363,2.65,4.85,2.27,268,813,315,141,-3.45,1996,"Seaking: 77, Gyarados: 50, Quagsire: 50","Golbat: 35, Starmie: 34, Crobat: 31",0,"Damage: 344, Status: 123, Hazard: 0, Weather: 0, Cleric: 0, Screen: 0, Pass: 0",None
TAUROS,A-,Attacker,"Take Down: 2678 (41.3%), Zen Headbutt: 1663 (25.7%), Payback: 444 (6.8%), Thunder: 433 (6.7%), Fire Blast: 337 (5.2%), Rest: 325 (5.0%), Pursuit: 286 (4.4%), Surf: 250 (3.9%), Scary Face: 67 (1.0%)",2392,940,2.54,171,2.73,4.71,1.87,307,907,302,197,-4.47,2090,"Magnemite: 71, Magmar: 51, Weezing: 48","Alakazam: 29, Flareon: 25, Magmar: 24",0,"Damage: 171, Status: 7, Hazard: 0, Weather: 0, Cleric: 0, Screen: 0, Pass: 0",None
TEDDIURSA,E+,Defender,"Slash: 16999 (27.5%), Rest: 10810 (17.5%), Charm: 10098 (16.3%), Faint Attack: 6317 (10.2%), Snore: 5957 (9.6%), Sweet Scent: 4353 (7.0%), Fury Swipes: 3806 (6.2%), Fake Tears: 2825 (4.6%), Lick: 652 (1.1%), Struggle: 18 (0.0%)",6905,11701,0.59,2927,0.84,6.57,3.99,3202,2653,3585,174,6.32,13601,"Magikarp: 361, Rattata: 259, Bellsprout: 163","Koffing: 237, Graveler: 217, Butterfree: 213",4,"Damage: 2927, Status: 9, Hazard: 0, Weather: 0, Cleric: 0, Screen: 0, Pass: 0",None
TENTACOOL,E-,Hazards,"Constrict: 10290 (29.8%), Acid: 9976 (28.9%), Bubble Beam: 4366 (12.6%), Supersonic: 3667 (10.6%), Toxic Spikes: 3412 (9.9%), Poison Jab: 756 (2.2%), Screech: 734 (2.1%), Barrier: 692 (2.0%), Water Pulse: 647 (1.9%), Struggle: 1 (0.0%)",2403,8844,0.27,2736,0.58,8.34,4.68,1513,2607,1602,2345,1.21,5713,"Magikarp: 85, Koffing: 70, Butterfree: 59","Seaking: 208, Magnemite: 173, Quagsire: 164",13,"Damage: 2413, Status: 777, Hazard: 664, Weather: 0, Cleric: 0, Screen: 0, Pass: 0",None
TENTACRUEL,B-,All-Rounder,"Poison Jab: 12320 (23.3%), Screech: 9656 (18.3%), Water Pulse: 8838 (16.7%), Barrier: 6767 (12.8%), Hydro Pump: 4233 (8.0%), Wring Out: 3262 (6.2%), Wrap: 2083 (3.9%), Constrict: 1831 (3.5%), Acid: 1717 (3.2%), Bubble Beam: 1707 (3.2%), Toxic Spikes: 494 (0.9%)",10054,6312,1.59,2006,1.91,6.21,3.4,2142,3828,2079,3787,0.73,10745,"Butterfree: 281, Koffing: 240, Seaking: 222","Seaking: 168, Graveler: 165, Quagsire: 137",11,"Damage: 2005, Status: 817, Hazard: 23, Weather: 0, Cleric: 0, Screen: 0, Pass: 0",None
TORKOAL,A,Attacker / Disrupter,"Body Slam: 5275 (32.9%), Iron Tail: 3267 (20.4%), Overheat: 2908 (18.2%), Iron Defense: 2019 (12.6%), Yawn: 1503 (9.4%), Sunny Day: 1033 (6.4%), Struggle: 12 (0.1%)",3842,1348,2.85,372,3.13,6.45,3.96,615,1296,701,1625,0.24,2995,"Magikarp: 109, Rattata: 102, Koffing: 78","Graveler: 46, Seaking: 35, Seadra: 26",0,"Damage: 255, Status: 276, Hazard: 0, Weather: 1, Cleric: 0, Screen: 0, Pass: 0",None
TOTODILE,F,Attacker,"Scratch: 6657 (50.3%), Leer: 6570 (49.7%)",697,2560,0.27,52,0.29,5.8,3.38,378,502,716,0,4.25,2817,"Magikarp: 108, Rattata: 36, Caterpie: 30","Koffing: 54, Rattata: 51, Butterfree: 39",0,"Damage: 52, Status: 0, Hazard: 0, Weather: 0, Cleric: 0, Screen: 0, Pass: 0",None
TOXICROAK,A+,All-Rounder,"Cross Chop: 1039 (52.2%), Gunk Shot: 322 (16.2%), Poison Jab: 262 (13.2%), Swagger: 172 (8.6%), Attract: 77 (3.9%), Substitute: 69 (3.5%), X Scissor: 50 (2.5%)",855,304,2.81,163,3.35,3.58,1.29,127,381,55,68,-9.86,799,"Raticate: 33, Geodude: 29, Onix: 29","Graveler: 18, Alakazam: 14, Quagsire: 13",3,"Damage: 141, Status: 73, Hazard: 0, Weather: 0, Cleric: 0, Screen: 0, Pass: 0",None
TYPHLOSION,S,All-Rounder,"Flamethrower: 4283 (57.2%), Will O Wisp: 906 (12.1%), Swift: 822 (11.0%), Rollout: 748 (10.0%), Lava Plume: 437 (5.8%), Flame Wheel: 150 (2.0%), Quick Attack: 138 (1.8%)",3306,600,5.51,695,6.67,4.45,1.73,385,493,224,242,1.22,2082,"Magnemite: 142, Koffing: 80, Magneton: 78","Gengar: 34, Feraligatr: 22, Starmie: 21",1,"Damage: 638, Status: 385, Hazard: 0, Weather: 0, Cleric: 0, Screen: 0, Pass: 0",None
TYRANITAR,S,Weather,"Rock Slide: 285 (54.9%), Fire Fang: 137 (26.4%), Earthquake: 91 (17.5%), Low Kick: 6 (1.2%)",245,48,5.1,131,7.83,4.66,1.95,30,56,30,43,0.75,176,"Butterfree: 18, Golbat: 11, Crobat: 11","Blastoise: 4, Meganium: 3, Gyarados: 3",0,"Damage: 52, Status: 6, Hazard: 0, Weather: 122, Cleric: 0, Screen: 0, Pass: 0",None
UMBREON,S,Disrupter,"Faint Attack: 5436 (23.9%), Dark Pulse: 4647 (20.4%), Double Team: 4032 (17.7%), Confuse Ray: 3674 (16.1%), Payback: 1761 (7.7%), Last Resort: 1704 (7.5%), Shadow Ball: 1292 (5.7%), Curse: 177 (0.8%), Sucker Punch: 20 (0.1%), Struggle: 15 (0.1%)",4387,811,5.41,810,6.41,8.53,3.0,871,410,3860,794,16.34,3028,"Magikarp: 114, Rattata: 89, Koffing: 84","Machamp: 24, Graveler: 23, Machoke: 22",0,"Damage: 717, Status: 588, Hazard: 0, Weather: 0, Cleric: 0, Screen: 0, Pass: 0",None
URSARING,B-,Defender,"Rest: 3520 (23.6%), Thrash: 3369 (22.6%), Scary Face: 3244 (21.8%), Slash: 2092 (14.0%), Sweet Scent: 1923 (12.9%), Snore: 742 (5.0%)",2831,1883,1.5,625,1.84,7.68,4.42,464,738,801,0,3.36,3035,"Rattata: 88, Butterfree: 77, Pikachu: 71","Graveler: 45, Gyarados: 41, Seaking: 35",0,"Damage: 625, Status: 0, Hazard: 0, Weather: 0, Cleric: 0, Screen: 0, Pass: 0",None
VAPOREON,S-,Attacker,"Surf: 4304 (28.1%), Aurora Beam: 2970 (19.4%), Quick Attack: 2682 (17.5%), Water Gun: 2509 (16.4%), Bite: 1293 (8.5%), Sand Attack: 939 (6.1%), Last Resort: 429 (2.8%), Helping Hand: 164 (1.1%)",5199,1387,3.75,327,3.98,5.41,2.29,862,484,1435,497,10.67,3699,"Koffing: 152, Magnemite: 109, Magmar: 109","Magneton: 48, Seaking: 40, Quagsire: 37",2,"Damage: 327, Status: 0, Hazard: 0, Weather: 0, Cleric: 0, Screen: 0, Pass: 0",None
VENOMOTH,C+,All-Rounder,"Leech Life: 3220 (16.0%), Confusion: 3141 (15.6%), Psychic: 2806 (13.9%), Supersonic: 2399 (11.9%), Disable: 2218 (11.0%), Signal Beam: 1506 (7.5%), Gust: 1481 (7.3%), Poison Fang: 1378 (6.8%), Double Team: 911 (4.5%), Bug Buzz: 384 (1.9%), Silver Wind: 268 (1.3%), Sleep Powder: 163 (0.8%), Sludge Bomb: 142 (0.7%), Toxic: 77 (0.4%), Baton Pass: 50 (0.2%), Struggle: 7 (0.0%)",3674,2554,1.44,592,1.67,5.93,2.63,825,2175,1362,838,-0.0,4372,"Koffing: 140, Zubat: 99, Rattata: 91","Alakazam: 66, Magmar: 58, Golbat: 51",12,"Damage: 524, Status: 275, Hazard: 0, Weather: 0, Cleric: 0, Screen: 0, Pass: 37",None
VENONAT,E,Disrupter,"Confusion: 7893 (26.5%), Leech Life: 4238 (14.2%), Supersonic: 4219 (14.2%), Signal Beam: 3750 (12.6%), Psybeam: 3648 (12.3%), Poison Powder: 2581 (8.7%), Foresight: 1373 (4.6%), Stun Spore: 1042 (3.5%), Sleep Powder: 1011 (3.4%)",2397,4774,0.5,1100,0.73,7.35,3.84,1189,2111,1112,1209,0.43,4725,"Magikarp: 135, Bellsprout: 89, Koffing: 74","Butterfree: 100, Graveler: 100, Seaking: 94",0,"Damage: 1064, Status: 1044, Hazard: 0, Weather: 0, Cleric: 0, Screen: 0, Pass: 0",None
VENUSAUR,B,All-Rounder,"Petal Dance: 2635 (29.1%), Solar Beam: 1666 (18.4%), Double Edge: 1566 (17.3%), Sludge Bomb: 980 (10.8%), Worry Seed: 606 (6.7%), Leech Seed: 468 (5.2%), Synthesis: 456 (5.0%), Sleep Powder: 373 (4.1%), Toxic: 179 (2.0%), Giga Drain: 117 (1.3%), Frenzy Plant: 7 (0.1%), Struggle: 3 (0.0%)",2432,1405,1.73,456,2.06,4.96,2.42,356,447,413,151,3.28,2781,"Butterfree: 51, Magnemite: 49, Seaking: 49","Magmar: 66, Golbat: 49, Alakazam: 45",0,"Damage: 433, Status: 152, Hazard: 0, Weather: 0, Cleric: 0, Screen: 0, Pass: 0",None
VESPIQUEN,E-,Defender,"Attack Order: 141 (38.6%), Protect: 124 (34.0%), Defend Order: 73 (20.0%), Confuse Ray: 27 (7.4%)",30,68,0.44,14,0.65,7.27,2.8,16,14,22,0,6.2,81,"Gengar: 2, Spiritomb: 2, Venusaur: 2","Typhlosion: 7, Gengar: 5, Charizard: 4",0,"Damage: 12, Status: 4, Hazard: 0, Weather: 0, Cleric: 0, Screen: 0, Pass: 0",None
VICTREEBEL,A,All-Rounder,"Razor Leaf: 11745 (25.8%), Acid: 5925 (13.0%), Sludge Bomb: 4426 (9.7%), Leaf Storm: 4233 (9.3%), Leaf Blade: 3755 (8.2%), Giga Drain: 2421 (5.3%), Toxic: 2114 (4.6%), Grass Knot: 1928 (4.2%), Sweet Scent: 1840 (4.0%), Sleep Powder: 1773 (3.9%), Protect: 1643 (3.6%), Vine Whip: 1632 (3.6%), Sunny Day: 891 (2.0%), Wrap: 661 (1.5%), Synthesis: 460 (1.0%), Struggle: 94 (0.2%), Natural Gift: 9 (0.0%)",12513,6074,2.06,4800,2.85,4.6,2.3,2993,3027,1707,1176,3.63,12179,"Rattata: 349, Magikarp: 340, Graveler: 304","Magmar: 250, Golbat: 217, Koffing: 151",1,"Damage: 4460, Status: 1319, Hazard: 0, Weather: 4, Cleric: 0, Screen: 0, Pass: 0",None
VILEPLUME,B+,Disrupter,"Mega Drain: 15851 (29.8%), Stun Spore: 9929 (18.7%), Aromatherapy: 4994 (9.4%), Petal Dance: 4952 (9.3%), Giga Drain: 4055 (7.6%), Drain Punch: 3641 (6.9%), Poison Powder: 2808 (5.3%), Attract: 1657 (3.1%), Solar Beam: 1244 (2.3%), Sludge Bomb: 1184 (2.2%), Acid: 940 (1.8%), Sunny Day: 518 (1.0%), Sleep Powder: 424 (0.8%), Sweet Scent: 352 (0.7%), Moonlight: 266 (0.5%), Toxic: 240 (0.5%), Struggle: 73 (0.1%)",8584,5180,1.66,3874,2.41,6.54,3.12,1844,5050,2111,231,-2.02,10121,"Seaking: 318, Magikarp: 229, Magnemite: 229","Magmar: 153, Golbat: 148, Gyarados: 113",2,"Damage: 3335, Status: 2424, Hazard: 0, Weather: 3, Cleric: 0, Screen: 0, Pass: 0",None
VOLBEAT,D+,Attacker,"Protect: 2037 (35.3%), Bug Buzz: 1860 (32.2%), Zen Headbutt: 1750 (30.3%), Helping Hand: 129 (2.2%)",978,852,1.15,86,1.25,5.84,2.17,214,283,193,320,1.79,1328,"Seadra: 25, Gastly: 24, Machop: 22","Seaking: 29, Magmar: 23, Gyarados: 18",1,"Damage: 86, Status: 0, Hazard: 0, Weather: 0, Cleric: 0, Screen: 0, Pass: 0",None
VOLTORB,F+,Defender,"Charge: 20349 (21.6%), Rollout: 15179 (16.1%), Tackle: 10724 (11.4%), Swift: 8906 (9.5%), Sonic Boom: 7850 (8.3%), Charge Beam: 7219 (7.7%), Spark: 5678 (6.0%), Selfdestruct: 4274 (4.5%), Screech: 3878 (4.1%), Magnet Rise: 3731 (4.0%), Light Screen: 3669 (3.9%), Gyro Ball: 1697 (1.8%), Shock Wave: 672 (0.7%), Struggle: 261 (0.3%)",8376,22727,0.37,3186,0.51,8.51,4.66,3091,6222,3611,5708,0.48,12471,"Magikarp: 272, Zubat: 249, Rattata: 227","Seaking: 356, Quagsire: 347, Koffing: 317",85,"Damage: 3103, Status: 775, Hazard: 0, Weather: 0, Cleric: 0, Screen: 71, Pass: 0",None
VULPIX,F+,All-Rounder,"Tail Whip: 4781 (23.3%), Roar: 2675 (13.1%), Ember: 2620 (12.8%), Quick Attack: 2381 (11.6%), Grudge: 2038 (9.9%), Extrasensory: 1544 (7.5%), Fire Blast: 1444 (7.0%), Payback: 1135 (5.5%), Will O Wisp: 1101 (5.4%), Fire Spin: 539 (2.6%), Captivate: 222 (1.1%), Struggle: 5 (0.0%)",1505,5087,0.3,888,0.47,4.73,2.32,560,1088,926,409,1.9,5963,"Gastly: 97, Magikarp: 92, Butterfree: 58","Seaking: 92, Graveler: 92, Koffing: 87",9,"Damage: 876, Status: 253, Hazard: 0, Weather: 0, Cleric: 0, Screen: 0, Pass: 0",None
WALREIN,B-,Disrupter,"Swagger: 70 (33.8%), Blizzard: 68 (32.9%), Body Slam: 64 (30.9%), Hail: 5 (2.4%)",32,36,0.89,35,1.86,6.49,2.49,6,18,8,16,-2.09,49,"Dragonite: 3, Honchkrow: 3, Pelipper: 2","Hitmonlee: 4, Arcanine: 3, Magneton: 3",0,"Damage: 26, Status: 27, Hazard: 0, Weather: 3, Cleric: 0, Screen: 0, Pass: 0",None
WARTORTLE,D,Defender,"Bite: 7142 (32.9%), Water Gun: 5918 (27.3%), Protect: 3784 (17.4%), Rapid Spin: 1842 (8.5%), Tail Whip: 1475 (6.8%), Hydro Pump: 763 (3.5%), Swagger: 509 (2.3%), Ice Beam: 259 (1.2%)",3194,3603,0.89,633,1.06,6.77,3.38,961,946,947,1679,4.25,4223,"Magmar: 73, Graveler: 67, Magnemite: 66","Seaking: 100, Gyarados: 73, Golduck: 67",3,"Damage: 606, Status: 84, Hazard: 0, Weather: 0, Cleric: 0, Screen: 0, Pass: 0",None
WEAVILE,S+,Attacker,"Ice Punch: 1701 (38.2%), Night Slash: 1544 (34.7%), Ice Shard: 1194 (26.8%), Low Kick: 12 (0.3%)",2389,241,9.91,306,11.18,3.72,1.11,356,65,111,93,8.49,1330,"Magikarp: 58, Rattata: 54, Seaking: 47","Magneton: 13, Graveler: 11, Arcanine: 9",1,"Damage: 306, Status: 12, Hazard: 0, Weather: 0, Cleric: 0, Screen: 0, Pass: 0",None
WEEDLE,F,All-Rounder,"Poison Sting: 9086 (50.0%), String Shot: 7222 (39.8%), Bug Bite: 1838 (10.1%), Struggle: 8 (0.0%)",292,5596,0.05,1637,0.34,4.35,2.26,628,989,793,2469,2.21,5833,"Magikarp: 64, Bellsprout: 15, Abra: 12","Rattata: 139, Koffing: 112, Raticate: 82",3,"Damage: 1637, Status: 757, Hazard: 0, Weather: 0, Cleric: 0, Screen: 0, Pass: 0",None
WEEPINBELL,D-,All-Rounder,"Sweet Scent: 6453 (33.1%), Razor Leaf: 6237 (32.0%), Acid: 3261 (16.7%), Gastro Acid: 3177 (16.3%), Knock Off: 342 (1.8%)",1942,3851,0.5,1650,0.93,5.55,3.19,951,780,929,277,5.46,4590,"Magikarp: 108, Bellsprout: 66, Rattata: 48","Koffing: 98, Zubat: 80, Magmar: 74",1,"Damage: 1650, Status: 0, Hazard: 0, Weather: 0, Cleric: 0, Screen: 0, Pass: 0",None
WEEZING,C-,All-Rounder,"Sludge: 16575 (24.9%), Double Hit: 14558 (21.8%), Smoke Screen: 10250 (15.4%), Assurance: 8859 (13.3%), Sludge Bomb: 4888 (7.3%), Explosion: 2702 (4.1%), Smog: 2606 (3.9%), Haze: 1605 (2.4%), Flamethrower: 1142 (1.7%), Thunder: 935 (1.4%), Selfdestruct: 915 (1.4%), Tackle: 729 (1.1%), Thunderbolt: 617 (0.9%), Toxic: 307 (0.5%)",13095,11884,1.1,2802,1.34,5.37,2.7,3051,4798,8176,5044,8.62,16606,"Seaking: 326, Koffing: 248, Zubat: 244","Graveler: 234, Alakazam: 184, Magmar: 174",49,"Damage: 2752, Status: 1288, Hazard: 0, Weather: 0, Cleric: 0, Screen: 0, Pass: 0",None
WHISMUR,F-,All-Rounder,"Screech: 1713 (32.8%), Rest: 1481 (28.4%), Roar: 1211 (23.2%), Sleep Talk: 810 (15.5%), Struggle: 8 (0.2%)",6,1320,0.0,0,0.0,5.89,3.2,0,365,250,0,-2.1,1329,"Whismur: 4, Magikarp: 1, Butterfree: 1","Rattata: 28, Koffing: 27, Graveler: 21",0,"Damage: 0, Status: 0, Hazard: 0, Weather: 0, Cleric: 0, Screen: 0, Pass: 0",None
WIGGLYTUFF,E,Disrupter,"Defense Curl: 14868 (27.0%), Disable: 12964 (23.6%), Pound: 10590 (19.2%), Sing: 10577 (19.2%), Double Slap: 5903 (10.7%), Struggle: 119 (0.2%)",1510,4040,0.37,1382,0.72,13.44,4.99,864,9950,1787,0,-12.85,4692,"Magikarp: 90, Rattata: 70, Zubat: 52","Koffing: 71, Butterfree: 66, Seaking: 61",0,"Damage: 1280, Status: 816, Hazard: 0, Weather: 0, Cleric: 0, Screen: 0, Pass: 0",None
WINGULL,E-,All-Rounder,"Pursuit: 2229 (30.8%), Aerial Ace: 2201 (30.4%), Agility: 1726 (23.9%), Roost: 1077 (14.9%), Struggle: 1 (0.0%)",337,1443,0.23,626,0.67,5.36,3.06,256,14,344,0,7.73,1558,"Magikarp: 56, Gastly: 23, Caterpie: 12","Rattata: 31, Koffing: 31, Pidgey: 27",0,"Damage: 626, Status: 0, Hazard: 0, Weather: 0, Cleric: 0, Screen: 0, Pass: 0",None
WOBBUFFET,D-,Defender,"Counter: 186 (49.3%), Mirror Coat: 171 (45.4%), Destiny Bond: 18 (4.8%), Encore: 2 (0.5%)",47,59,0.8,9,0.95,7.65,3.49,0,3,16,0,3.31,77,"Charizard: 6, Kadabra: 3, Sneasel: 3","Dragonite: 5, Crobat: 3, Gengar: 3",0,"Damage: 9, Status: 0, Hazard: 0, Weather: 0, Cleric: 0, Screen: 0, Pass: 0",None
WOOPER,F,Attacker,"Water Gun: 3804 (30.1%), Mud Shot: 3013 (23.8%), Tail Whip: 2053 (16.2%), Slam: 1677 (13.3%), Mud Bomb: 1255 (9.9%), Mud Sport: 844 (6.7%)",842,2522,0.33,38,0.35,5.78,2.86,487,1377,885,2590,0.07,2833,"Magikarp: 108, Magnemite: 59, Geodude: 49","Koffing: 52, Rattata: 51, Graveler: 43",0,"Damage: 38, Status: 0, Hazard: 0, Weather: 0, Cleric: 0, Screen: 0, Pass: 0",None
XATU,B,Defender,"Me First: 14044 (22.7%), Wish: 13137 (21.2%), Fly: 9137 (14.8%), Future Sight: 8931 (14.4%), Tailwind: 5118 (8.3%), Psychic: 3571 (5.8%), Confuse Ray: 3102 (5.0%), Ominous Wind: 2564 (4.1%), Psycho Shift: 1008 (1.6%), Night Shade: 569 (0.9%), U Turn: 387 (0.6%), Aerial Ace: 156 (0.3%), Shadow Ball: 68 (0.1%), Struggle: 61 (0.1%), Quick Attack: 16 (0.0%)",5607,5753,0.97,6045,2.03,7.75,3.55,1072,1209,5868,788,8.51,9231,"Magikarp: 195, Rattata: 155, Koffing: 146","Gyarados: 126, Sneasel: 118, Raticate: 112",3,"Damage: 5505, Status: 1665, Hazard: 0, Weather: 0, Cleric: 418, Screen: 0, Pass: 0",None
YANMA,E,All-Rounder,"Pursuit: 2382 (38.3%), Uproar: 1637 (26.3%), Detect: 1593 (25.6%), Supersonic: 604 (9.7%)",582,942,0.62,83,0.71,6.37,2.12,220,392,175,0,0.05,1229,"Zubat: 23, Qwilfish: 16, Koffing: 14","Golbat: 25, Magmar: 22, Butterfree: 21",0,"Damage: 83, Status: 20, Hazard: 0, Weather: 0, Cleric: 0, Screen: 0, Pass: 0",None
YANMEGA,B+,All-Rounder,"Pursuit: 1012 (20.3%), Slash: 996 (20.0%), Air Slash: 719 (14.4%), Ancient Power: 695 (14.0%), Uproar: 601 (12.1%), Supersonic: 271 (5.4%), Bug Buzz: 221 (4.4%), U Turn: 216 (4.3%), Screech: 139 (2.8%), Detect: 110 (2.2%)",1357,735,1.85,456,2.47,4.76,1.67,330,277,167,165,4.45,1504,"Butterfree: 58, Fearow: 35, Magmar: 30","Starmie: 30, Gyarados: 29, Sneasel: 25",2,"Damage: 452, Status: 35, Hazard: 0, Weather: 0, Cleric: 0, Screen: 0, Pass: 0",None
ZIGZAGOON,E+,All-Rounder,"Secret Power: 3326 (30.7%), Iron Tail: 3218 (29.7%), Belly Drum: 2021 (18.7%), Rest: 1500 (13.9%), Flail: 698 (6.4%), Return: 53 (0.5%), Struggle: 7 (0.1%)",1468,2602,0.56,618,0.8,4.5,2.48,358,1060,564,538,-1.07,3181,"Magikarp: 108, Bellsprout: 63, Pidgey: 45","Koffing: 57, Rattata: 52, Seaking: 44",0,"Damage: 618, Status: 0, Hazard: 0, Weather: 0, Cleric: 0, Screen: 0, Pass: 0",None
ZUBAT,E-,Disrupter,"Supersonic: 22592 (22.6%), Leech Life: 20172 (20.2%), Bite: 18324 (18.3%), Wing Attack: 16125 (16.1%), Astonish: 15549 (15.6%), Confuse Ray: 4429 (4.4%), Air Cutter: 2632 (2.6%), Struggle: 98 (0.1%)",8213,23171,0.35,7355,0.67,5.6,2.48,4408,12981,5996,8467,-2.39,24917,"Bellsprout: 359, Butterfree: 288, Magikarp: 286","Magnemite: 478, Seaking: 420, Koffing: 401",22,"Damage: 6709, Status: 4625, Hazard: 0, Weather: 0, Cleric: 0, Screen: 0, Pass: 0",None
