Species,Tier,Role,Global_Move_Usage,Total_KOs,Total_Deaths,Global_KDR,Total_Assists,KDA,Global_Average_Lifespan_Turns,Average_Hits_Taken,Critical_Hits,Missed_Attacks,Dodged_Attacks,Secondary_Effect_Procs,Luck_Score,Games_Seen,Most_KOs_Against,Killed_Most_By,Switch_In_Casualties,Assist_Breakdown,Mimic_Move_Usage
ABOMASNOW,S-,Weather,"Ice Shard: 10706 (33.1%), Wood Hammer: 8559 (26.4%), Blizzard: 4720 (14.6%), Ingrain: 3431 (10.6%), Mist: 2007 (6.2%), Avalanche: 783 (2.4%), Razor Leaf: 694 (2.1%), Earthquake: 565 (1.7%), Water Pulse: 489 (1.5%), Focus Blast: 370 (1.1%), Grass Whistle: 46 (0.1%)",16484,3763,4.38,2282,4.99,3.37,1.4,1741,621,950,73,6.22,11369,"Seaking: 272, Magnemite: 271, Golbat: 258","Staraptor: 166, Machamp: 84, Rapidash: 82",2,"Damage: 1152, Status: 22, Hazard: 0, Weather: 2183, Cleric: 0, Screen: 0, Pass: 0, Debuff: 1, Tailwind: 0",None
ABRA,F-,Disrupter,"Flash: 11411 (37.9%), Hidden Power: 9126 (30.3%), Teleport: 9093 (30.2%), Struggle: 464 (1.5%)",1819,13224,0.14,264,0.16,4.42,1.54,557,691,9065,0,22.81,11520,"Magikarp: 155, Geodude: 125, Rattata: 79","Zubat: 215, Golbat: 213, Clefairy: 199",12,"Damage: 142, Status: 147, Hazard: 0, Weather: 0, Cleric: 0, Screen: 0, Pass: 0, Debuff: 0, Tailwind: 0",None
ABSOL,A+,Attacker,"Night Slash: 6861 (26.6%), Quick Attack: 5360 (20.8%), Sucker Punch: 3650 (14.2%), Double Team: 2969 (11.5%), Slash: 2772 (10.7%), Psycho Cut: 2739 (10.6%), Future Sight: 582 (2.3%), Swords Dance: 558 (2.2%), Taunt: 136 (0.5%), Detect: 96 (0.4%), Perish Song: 51 (0.2%), Struggle: 19 (0.1%)",12937,3067,4.22,1356,4.66,3.47,0.99,2802,328,2065,0,16.29,9176,"Golbat: 285, Pikachu: 201, Magnemite: 192","Staraptor: 117, Heracross: 83, Magneton: 71",3,"Damage: 1356, Status: 0, Hazard: 0, Weather: 0, Cleric: 0, Screen: 0, Pass: 0, Debuff: 0, Tailwind: 0",None
AERODACTYL,S,Attacker,"Take Down: 9440 (47.9%), Stone Edge: 3968 (20.1%), Earthquake: 1507 (7.6%), Aerial Ace: 1431 (7.3%), Dragon Claw: 929 (4.7%), Crunch: 850 (4.3%), Rock Slide: 669 (3.4%), Iron Head: 581 (2.9%), Thunder Fang: 289 (1.5%), Roar: 31 (0.2%), Hyper Beam: 9 (0.0%)",11399,1494,7.63,605,8.03,3.3,1.02,1235,2416,422,241,-3.84,6559,"Magnemite: 193, Golbat: 193, Pikachu: 169","Gyarados: 59, Staraptor: 54, Magneton: 42",1,"Damage: 605, Status: 5, Hazard: 0, Weather: 0, Cleric: 0, Screen: 0, Pass: 0, Debuff: 2, Tailwind: 0",None
AGGRON,A,Attacker,"Stone Edge: 350 (49.1%), Earthquake: 231 (32.4%), Avalanche: 101 (14.2%), Metal Burst: 31 (4.3%)",432,146,2.96,33,3.18,3.98,1.66,57,96,31,0,-1.08,327,"Magneton: 34, Luxray: 18, Raichu: 17","Alakazam: 10, Lucario: 9, Staraptor: 7",0,"Damage: 33, Status: 0, Hazard: 0, Weather: 0, Cleric: 0, Screen: 0, Pass: 0, Debuff: 0, Tailwind: 0",None
AIPOM,E+,Support,"Swift: 20714 (26.5%), Double Hit: 9703 (12.4%), Tickle: 7665 (9.8%), Fury Swipes: 6229 (8.0%), Screech: 5664 (7.3%), Astonish: 4519 (5.8%), Nasty Plot: 3569 (4.6%), Tail Whip: 3373 (4.3%), Agility: 3232 (4.1%), Aerial Ace: 3090 (4.0%), Sand Attack: 2812 (3.6%), Fling: 2635 (3.4%), Shock Wave: 2495 (3.2%), Water Pulse: 1358 (1.7%), Baton Pass: 972 (1.2%), Struggle: 33 (0.0%)",11263,18413,0.61,3916,0.82,4.17,1.99,3209,4063,5420,1202,5.55,23480,"Magikarp: 535, Zubat: 459, Geodude: 370","Golbat: 385, Staraptor: 379, Gyarados: 360",0,"Damage: 3574, Status: 50, Hazard: 0, Weather: 0, Cleric: 0, Screen: 0, Pass: 0, Debuff: 1086, Tailwind: 0",None
ALAKAZAM,A,All-Rounder,"Psychic: 26358 (41.1%), Calm Mind: 14330 (22.3%), Focus Blast: 7502 (11.7%), Future Sight: 5916 (9.2%), Reflect: 4003 (6.2%), Energy Ball: 2757 (4.3%), Recover: 1036 (1.6%), Disable: 710 (1.1%), Shadow Ball: 626 (1.0%), Gravity: 363 (0.6%), Trick: 324 (0.5%), Charge Beam: 157 (0.2%), Skill Swap: 32 (0.0%), Struggle: 16 (0.0%), Hyper Beam: 5 (0.0%)",25756,9507,2.71,3180,3.04,3.62,1.42,2112,3143,1819,973,1.22,22981,"Machoke: 591, Golbat: 533, Clefairy: 411","Staraptor: 304, Gyarados: 236, Sneasel: 211",4,"Damage: 2778, Status: 307, Hazard: 0, Weather: 0, Cleric: 0, Screen: 322, Pass: 0, Debuff: 95, Tailwind: 0",None
ALTARIA,S-,All-Rounder,"Dragon Pulse: 22949 (43.8%), Dragon Dance: 13688 (26.1%), Dragon Breath: 10631 (20.3%), Take Down: 4870 (9.3%), Refresh: 260 (0.5%), Double Team: 23 (0.0%), Perish Song: 8 (0.0%), Hyper Beam: 2 (0.0%)",20205,4460,4.53,2495,5.09,4.24,1.71,2257,1261,1536,691,4.74,13874,"Golbat: 343, Magnemite: 341, Magikarp: 328","Staraptor: 141, Gyarados: 114, Sneasel: 98",0,"Damage: 2495, Status: 138, Hazard: 0, Weather: 0, Cleric: 0, Screen: 0, Pass: 0, Debuff: 0, Tailwind: 0",None
AMBIPOM,B+,All-Rounder,"Double Hit: 41997 (47.0%), Nasty Plot: 23152 (25.9%), Swift: 7973 (8.9%), Screech: 3740 (4.2%), Water Pulse: 3127 (3.5%), Shock Wave: 1890 (2.1%), Sand Attack: 1790 (2.0%), U Turn: 1612 (1.8%), Aerial Ace: 1383 (1.5%), Last Resort: 819 (0.9%), Fling: 790 (0.9%), Agility: 673 (0.8%), Baton Pass: 254 (0.3%), Struggle: 106 (0.1%)",24564,12365,1.99,5491,2.43,4.19,1.82,3132,5573,3548,191,1.21,25056,"Pikachu: 526, Magikarp: 523, Golbat: 471","Staraptor: 352, Gyarados: 288, Sneasel: 251",4,"Damage: 5094, Status: 82, Hazard: 0, Weather: 0, Cleric: 0, Screen: 0, Pass: 252, Debuff: 151, Tailwind: 0",None
AMPHAROS,A,Attacker,"Signal Beam: 8934 (27.7%), Discharge: 8526 (26.4%), Thunder Wave: 4181 (13.0%), Power Gem: 2419 (7.5%), Charge: 2408 (7.5%), Thunder: 2306 (7.2%), Fire Punch: 1672 (5.2%), Thunder Punch: 1240 (3.8%), Cotton Spore: 554 (1.7%)",13287,4622,2.87,775,3.04,4.06,1.63,1496,1545,1094,1657,3.19,11083,"Golbat: 359, Seaking: 291, Gyarados: 272","Staraptor: 103, Quagsire: 97, Alakazam: 83",1,"Damage: 674, Status: 365, Hazard: 0, Weather: 0, Cleric: 0, Screen: 0, Pass: 0, Debuff: 0, Tailwind: 0",None
ARBOK,B-,Support,"Crunch: 30937 (30.0%), Mud Bomb: 18899 (18.3%), Glare: 10533 (10.2%), Stockpile: 9933 (9.6%), Screech: 8568 (8.3%), Gastro Acid: 5899 (5.7%), Gunk Shot: 4558 (4.4%), Spit Up: 3809 (3.7%), Acid: 3676 (3.6%), Swallow: 2852 (2.8%), Poison Jab: 1278 (1.2%), Poison Sting: 797 (0.8%), Haze: 637 (0.6%), Wrap: 625 (0.6%), Struggle: 42 (0.0%)",19764,14197,1.39,6009,1.82,5.27,2.55,3441,10296,4860,7891,-1.9,23327,"Magikarp: 491, Magnemite: 447, Zubat: 438","Staraptor: 402, Gyarados: 328, Mr Mime: 254",2,"Damage: 5024, Status: 2353, Hazard: 0, Weather: 0, Cleric: 0, Screen: 0, Pass: 0, Debuff: 2103, Tailwind: 0",None
ARCANINE,S,Attacker,"Extreme Speed: 19934 (45.8%), Fire Fang: 10712 (24.6%), Flare Blitz: 4641 (10.7%), Thunder Fang: 3083 (7.1%), Crunch: 1645 (3.8%), Overheat: 1531 (3.5%), Flamethrower: 1113 (2.6%), Agility: 445 (1.0%), Reversal: 230 (0.5%), Roar: 104 (0.2%), Dragon Pulse: 67 (0.2%), Odor Sleuth: 14 (0.0%), Helping Hand: 2 (0.0%)",22763,3905,5.83,2059,6.36,3.54,1.19,2483,1560,959,2032,4.13,13857,"Magnemite: 427, Golbat: 409, Magikarp: 345","Gyarados: 119, Floatzel: 104, Staraptor: 96",2,"Damage: 1984, Status: 324, Hazard: 0, Weather: 0, Cleric: 0, Screen: 0, Pass: 0, Debuff: 155, Tailwind: 0",None
ARIADOS,C,All-Rounder,"Agility: 13365 (20.2%), Poison Jab: 9991 (15.1%), Sucker Punch: 9632 (14.5%), Fury Swipes: 9123 (13.8%), Spider Web: 7163 (10.8%), Psychic: 6805 (10.3%), Pin Missile: 6762 (10.2%), Giga Drain: 1377 (2.1%), Bounce: 786 (1.2%), Scary Face: 425 (0.6%), Swagger: 360 (0.5%), Night Shade: 339 (0.5%), Baton Pass: 92 (0.1%), Toxic: 61 (0.1%), Struggle: 21 (0.0%)",14550,12015,1.21,2784,1.44,4.66,2.34,3539,4009,2856,1717,3.44,18784,"Zubat: 276, Pikachu: 265, Machoke: 259","Staraptor: 359, Golbat: 357, Gyarados: 268",7,"Damage: 2714, Status: 483, Hazard: 0, Weather: 0, Cleric: 0, Screen: 0, Pass: 0, Debuff: 42, Tailwind: 0",None
AZUMARILL,B+,Attacker,"Double Edge: 45473 (28.0%), Bubble Beam: 25136 (15.5%), Aqua Ring: 19205 (11.8%), Aqua Tail: 17961 (11.0%), Rollout: 17416 (10.7%), Rain Dance: 14764 (9.1%), Hydro Pump: 4962 (3.1%), Waterfall: 4823 (3.0%), Dig: 3608 (2.2%), Water Pulse: 3207 (2.0%), Defense Curl: 2550 (1.6%), Aqua Jet: 2033 (1.3%), Ice Beam: 794 (0.5%), Superpower: 317 (0.2%), Attract: 299 (0.2%), Struggle: 26 (0.0%)",47495,21183,2.24,3984,2.43,4.82,2.55,7115,7658,7567,2498,4.1,42907,"Magnemite: 1096, Golbat: 926, Clefairy: 904","Magneton: 416, Staraptor: 370, Roserade: 365",18,"Damage: 3984, Status: 43, Hazard: 0, Weather: 0, Cleric: 0, Screen: 0, Pass: 0, Debuff: 10, Tailwind: 0",None
AZURILL,E,Support,"Water Gun: 3874 (36.2%), Slam: 3742 (35.0%), Charm: 3055 (28.6%), Struggle: 18 (0.2%)",747,2802,0.27,1138,0.67,4.56,2.6,430,1368,517,0,-3.76,3162,"Magikarp: 79, Geodude: 52, Zubat: 34","Clefairy: 55, Gyarados: 48, Staraptor: 46",0,"Damage: 1035, Status: 0, Hazard: 0, Weather: 0, Cleric: 0, Screen: 0, Pass: 0, Debuff: 235, Tailwind: 0",None
BAGON,A+,Support,"Double Edge: 5290 (68.4%), Dragon Claw: 1100 (14.2%), Scary Face: 976 (12.6%), Crunch: 366 (4.7%)",4143,1047,3.96,617,4.55,2.98,1.16,398,199,234,28,5.37,2912,"Magnemite: 86, Magikarp: 82, Pikachu: 78","Staraptor: 37, Magneton: 29, Gyarados: 22",0,"Damage: 598, Status: 0, Hazard: 0, Weather: 0, Cleric: 0, Screen: 0, Pass: 0, Debuff: 187, Tailwind: 0",None
BANETTE,S,Attacker,"Shadow Claw: 3369 (36.2%), Thunderbolt: 2187 (23.5%), Faint Attack: 1146 (12.3%), Will O Wisp: 612 (6.6%), Embargo: 558 (6.0%), Grudge: 548 (5.9%), Snatch: 459 (4.9%), Sucker Punch: 271 (2.9%), Scary Face: 25 (0.3%), Struggle: 18 (0.2%), Protect: 7 (0.1%), Screech: 7 (0.1%), Calm Mind: 6 (0.1%), Sunny Day: 6 (0.1%), Amnesia: 5 (0.1%), Swagger: 5 (0.1%), Nasty Plot: 5 (0.1%), Toxic: 5 (0.1%), Reflect: 4 (0.0%), Captivate: 4 (0.0%), Yawn: 3 (0.0%), Light Screen: 3 (0.0%), Substitute: 3 (0.0%), Thunder Wave: 3 (0.0%), Double Team: 3 (0.0%), Power Trick: 2 (0.0%), Dragon Dance: 2 (0.0%), Hypnosis: 2 (0.0%), Leech Seed: 2 (0.0%), Tail Whip: 2 (0.0%), Confuse Ray: 2 (0.0%), Stun Spore: 2 (0.0%), Curse: 2 (0.0%), Synthesis: 2 (0.0%), Healing Wish: 1 (0.0%), Gastro Acid: 1 (0.0%), Disable: 1 (0.0%), Recover: 1 (0.0%), Swords Dance: 1 (0.0%), Mean Look: 1 (0.0%), Minimize: 1 (0.0%), Rock Polish: 1 (0.0%), Safeguard: 1 (0.0%), Roost: 1 (0.0%), Attract: 1 (0.0%), Sandstorm: 1 (0.0%), Ingrain: 1 (0.0%), Baton Pass: 1 (0.0%), Worry Seed: 1 (0.0%)",5054,857,5.9,499,6.48,3.16,0.89,626,248,187,52,5.93,3314,"Magnemite: 90, Golbat: 82, Magikarp: 81","Alakazam: 26, Torterra: 20, Luxray: 17",2,"Damage: 437, Status: 220, Hazard: 0, Weather: 0, Cleric: 0, Screen: 1, Pass: 0, Debuff: 0, Tailwind: 0",None
BARBOACH,E-,Defender,"Water Pulse: 7266 (25.1%), Water Gun: 5362 (18.6%), Amnesia: 4557 (15.8%), Mud Bomb: 4096 (14.2%), Rest: 3281 (11.4%), Magnitude: 2456 (8.5%), Snore: 1203 (4.2%), Water Sport: 667 (2.3%), Struggle: 8 (0.0%)",3535,11215,0.32,2201,0.51,5.53,2.87,1125,1556,2016,1782,4.93,8579,"Magnemite: 168, Magikarp: 153, Geodude: 149","Golbat: 301, Gyarados: 214, Staraptor: 212",23,"Damage: 2201, Status: 398, Hazard: 0, Weather: 0, Cleric: 0, Screen: 0, Pass: 0, Debuff: 0, Tailwind: 0",None
BASTIODON,B+,Defender,"Ancient Power: 7635 (33.7%), Metal Burst: 6632 (29.3%), Endure: 3447 (15.2%), Block: 2345 (10.4%), Stone Edge: 1009 (4.5%), Iron Defense: 645 (2.8%), Taunt: 482 (2.1%), Struggle: 224 (1.0%), Rest: 219 (1.0%)",3865,2207,1.75,1146,2.27,6.9,4.12,572,534,868,747,3.9,4016,"Magikarp: 82, Golbat: 80, Zubat: 71","Staraptor: 72, Seaking: 51, Gyarados: 48",1,"Damage: 1146, Status: 0, Hazard: 0, Weather: 0, Cleric: 0, Screen: 0, Pass: 0, Debuff: 0, Tailwind: 0",None
BAYLEEF,E,Disrupter,"Synthesis: 3792 (24.5%), Reflect: 3540 (22.9%), Razor Leaf: 2900 (18.7%), Magical Leaf: 2669 (17.2%), Poison Powder: 2580 (16.7%)",1554,4238,0.37,887,0.58,4.98,2.7,491,1025,798,0,1.62,5238,"Geodude: 96, Magikarp: 93, Goldeen: 63","Golbat: 108, Staraptor: 100, Gyarados: 86",0,"Damage: 653, Status: 536, Hazard: 0, Weather: 0, Cleric: 0, Screen: 90, Pass: 0, Debuff: 0, Tailwind: 0",None
BEAUTIFLY,E+,All-Rounder,"Mega Drain: 8012 (31.7%), Whirlwind: 4246 (16.8%), Attract: 3067 (12.1%), Morning Sun: 2845 (11.2%), Gust: 1545 (6.1%), Giga Drain: 1323 (5.2%), Bug Buzz: 1230 (4.9%), Silver Wind: 1226 (4.8%), Absorb: 832 (3.3%), Tackle: 474 (1.9%), Poison Sting: 421 (1.7%), Struggle: 76 (0.3%)",3079,5799,0.53,1103,0.72,4.95,2.23,916,424,1012,298,5.71,7475,"Geodude: 88, Magikarp: 86, Magnemite: 72","Golbat: 173, Staraptor: 116, Gyarados: 104",3,"Damage: 1103, Status: 24, Hazard: 0, Weather: 0, Cleric: 0, Screen: 0, Pass: 0, Debuff: 10, Tailwind: 0",None
BEEDRILL,C-,All-Rounder,"Assurance: 24656 (23.4%), Poison Jab: 24023 (22.8%), Endeavor: 23822 (22.6%), Agility: 21677 (20.5%), Fury Attack: 5010 (4.7%), Bug Bite: 2088 (2.0%), Focus Energy: 1297 (1.2%), Pin Missile: 1100 (1.0%), Twineedle: 933 (0.9%), U Turn: 347 (0.3%), Swords Dance: 261 (0.2%), Aerial Ace: 195 (0.2%), Struggle: 79 (0.1%)",20468,19941,1.03,5167,1.29,4.69,2.28,4398,2533,3991,3200,5.3,29691,"Zubat: 523, Pikachu: 484, Magikarp: 468","Golbat: 544, Staraptor: 524, Gyarados: 459",23,"Damage: 5167, Status: 1116, Hazard: 0, Weather: 0, Cleric: 0, Screen: 0, Pass: 0, Debuff: 0, Tailwind: 0",None
BELLOSSOM,D,Disrupter,"Magical Leaf: 15654 (28.5%), Sweet Scent: 11353 (20.7%), Stun Spore: 9320 (17.0%), Sunny Day: 6698 (12.2%), Mega Drain: 5221 (9.5%), Giga Drain: 1471 (2.7%), Acid: 1456 (2.7%), Solar Beam: 1366 (2.5%), Petal Dance: 1350 (2.5%), Attract: 376 (0.7%), Drain Punch: 295 (0.5%), Synthesis: 172 (0.3%), Ingrain: 160 (0.3%), Struggle: 49 (0.1%)",7474,9060,0.82,2028,1.05,5.53,2.56,1570,2719,2096,109,1.63,13122,"Magnemite: 188, Geodude: 181, Magikarp: 163","Staraptor: 268, Golbat: 243, Gyarados: 174",4,"Damage: 1713, Status: 1166, Hazard: 0, Weather: 9, Cleric: 0, Screen: 0, Pass: 0, Debuff: 3, Tailwind: 0",None
BELLSPROUT,F-,All-Rounder,"Vine Whip: 36899 (69.1%), Growth: 6597 (12.4%), Razor Leaf: 4726 (8.9%), Gastro Acid: 2732 (5.1%), Sweet Scent: 1400 (2.6%), Struggle: 857 (1.6%), Knock Off: 163 (0.3%)",3128,40576,0.08,1113,0.1,4.4,2.4,2810,1867,3768,0,8.24,22694,"Geodude: 305, Magikarp: 296, Rattata: 166","Golbat: 678, Clefairy: 636, Staraptor: 625",4,"Damage: 1113, Status: 0, Hazard: 0, Weather: 0, Cleric: 0, Screen: 0, Pass: 0, Debuff: 0, Tailwind: 0",None
BIBAREL,D-,All-Rounder,"Rollout: 10536 (17.0%), Yawn: 8498 (13.7%), Hyper Fang: 7988 (12.9%), Take Down: 7659 (12.4%), Super Fang: 6348 (10.3%), Water Gun: 5847 (9.5%), Headbutt: 5752 (9.3%), Amnesia: 4345 (7.0%), Surf: 1069 (1.7%), Defense Curl: 1029 (1.7%), Superpower: 968 (1.6%), Ice Beam: 568 (0.9%), Thunderbolt: 517 (0.8%), Shadow Ball: 299 (0.5%), Double Team: 206 (0.3%), Charge Beam: 171 (0.3%), Struggle: 6 (0.0%)",10896,15004,0.73,2539,0.9,4.41,1.99,2506,5682,2760,1859,-0.62,20439,"Magnemite: 239, Zubat: 232, Clefairy: 229","Gyarados: 294, Staraptor: 281, Machoke: 243",6,"Damage: 2292, Status: 845, Hazard: 0, Weather: 0, Cleric: 0, Screen: 0, Pass: 0, Debuff: 5, Tailwind: 0",None
BIDOOF,F,All-Rounder,"Tackle: 19690 (47.5%), Growl: 5546 (13.4%), Defense Curl: 4681 (11.3%), Take Down: 3414 (8.2%), Super Fang: 3291 (7.9%), Superpower: 2961 (7.1%), Amnesia: 1743 (4.2%), Struggle: 144 (0.3%)",2680,16010,0.17,440,0.19,3.51,1.77,1593,3856,2347,0,0.19,17150,"Magikarp: 250, Rattata: 127, Bellsprout: 124","Staraptor: 275, Golbat: 231, Gyarados: 228",0,"Damage: 415, Status: 0, Hazard: 0, Weather: 0, Cleric: 0, Screen: 0, Pass: 0, Debuff: 61, Tailwind: 0",None
BLASTOISE,B-,Attacker,"Surf: 3272 (48.8%), Aqua Tail: 1477 (22.0%), Rain Dance: 1181 (17.6%), Bite: 554 (8.3%), Focus Blast: 128 (1.9%), Blizzard: 64 (1.0%), Flash Cannon: 21 (0.3%), Hydro Cannon: 9 (0.1%)",2211,1181,1.87,67,1.93,4.59,1.91,327,333,258,95,3.64,2172,"Machoke: 56, Magnemite: 54, Pikachu: 51","Seaking: 27, Gyarados: 25, Luxray: 23",0,"Damage: 67, Status: 0, Hazard: 0, Weather: 0, Cleric: 0, Screen: 0, Pass: 0, Debuff: 0, Tailwind: 0",None
BLISSEY,C-,Defender,"Light Screen: 37535 (28.6%), Defense Curl: 28422 (21.7%), Sing: 23211 (17.7%), Fling: 10227 (7.8%), Double Edge: 9354 (7.1%), Softboiled: 7338 (5.6%), Psychic: 7244 (5.5%), Egg Bomb: 6615 (5.0%), Struggle: 978 (0.7%), Counter: 226 (0.2%), Toxic: 92 (0.1%)",5964,5943,1.0,1869,1.32,15.84,7.13,1660,13262,4236,429,-5.45,9189,"Magikarp: 189, Zubat: 159, Pikachu: 147","Staraptor: 141, Gyarados: 103, Sneasel: 99",0,"Damage: 1596, Status: 887, Hazard: 0, Weather: 0, Cleric: 0, Screen: 224, Pass: 0, Debuff: 9, Tailwind: 0",None
BONSLY,F+,All-Rounder,"Rock Throw: 11457 (31.1%), Low Kick: 9987 (27.1%), Mimic: 5198 (14.1%), Flail: 3867 (10.5%), Block: 3173 (8.6%), Rock Tomb: 1543 (4.2%), Faint Attack: 1503 (4.1%), Struggle: 104 (0.3%)",4102,11732,0.35,792,0.42,4.65,2.5,1662,3523,2657,1036,1.99,13724,"Zubat: 249, Magikarp: 189, Rattata: 146","Gyarados: 218, Golbat: 210, Magnemite: 176",9,"Damage: 789, Status: 13, Hazard: 0, Weather: 0, Cleric: 0, Screen: 0, Pass: 0, Debuff: 32, Tailwind: 0","Tackle: 228 (5.6%), Quick Attack: 125 (3.1%), Growl: 120 (2.9%), Defense Curl: 119 (2.9%), Harden: 116 (2.8%), Double Team: 89 (2.2%), Sucker Punch: 83 (2.0%), Leer: 81 (2.0%), Double Slap: 79 (1.9%), Sand Attack: 77 (1.9%), Wing Attack: 75 (1.8%), Splash: 72 (1.8%), Rest: 71 (1.7%), Tail Whip: 63 (1.5%), Slam: 57 (1.4%), Bite: 55 (1.3%), Agility: 54 (1.3%), Flail: 53 (1.3%), Screech: 51 (1.2%), Confusion: 44 (1.1%), Endeavor: 44 (1.1%), Pursuit: 43 (1.1%), Poison Sting: 40 (1.0%), Roost: 40 (1.0%), Rock Polish: 40 (1.0%), Leech Life: 39 (1.0%), Disable: 38 (0.9%), Rage: 37 (0.9%), Endure: 37 (0.9%), Bide: 37 (0.9%), Minimize: 36 (0.9%), Captivate: 36 (0.9%), Protect: 36 (0.9%), Swift: 35 (0.9%), Fury Attack: 35 (0.9%), Smoke Screen: 32 (0.8%), Gust: 32 (0.8%), Curse: 32 (0.8%), Ember: 31 (0.8%), Charm: 31 (0.8%), Follow Me: 31 (0.8%), Stockpile: 30 (0.7%), Rollout: 29 (0.7%), Night Shade: 29 (0.7%), Fury Swipes: 27 (0.7%), Assurance: 26 (0.6%), Scary Face: 25 (0.6%), Mud Slap: 23 (0.6%), Water Gun: 23 (0.6%), Vine Whip: 23 (0.6%), Safeguard: 23 (0.6%), Slash: 23 (0.6%), Supersonic: 22 (0.5%), Spark: 22 (0.5%), Light Screen: 22 (0.5%), Stomp: 21 (0.5%), Sing: 20 (0.5%), Hyper Fang: 20 (0.5%), Present: 20 (0.5%), Feint: 19 (0.5%), Foresight: 18 (0.4%), Amnesia: 18 (0.4%), Take Down: 18 (0.4%), Air Cutter: 18 (0.4%), Bubble: 18 (0.4%), Confuse Ray: 17 (0.4%), Aqua Ring: 17 (0.4%), Pound: 17 (0.4%), String Shot: 17 (0.4%), Faint Attack: 17 (0.4%), Nasty Plot: 17 (0.4%), Shadow Sneak: 16 (0.4%), Scratch: 16 (0.4%), Rock Tomb: 16 (0.4%), Charge: 15 (0.4%), Headbutt: 15 (0.4%), Poison Fang: 15 (0.4%), Reflect: 15 (0.4%), Sweet Scent: 14 (0.3%), Rock Slide: 14 (0.3%), Acid: 14 (0.3%), Growth: 14 (0.3%), Peck: 13 (0.3%), Astonish: 13 (0.3%), Thunder Wave: 13 (0.3%), Assist: 13 (0.3%), Bug Bite: 13 (0.3%), Double Edge: 13 (0.3%), Spite: 13 (0.3%), Focus Energy: 12 (0.3%), Sludge: 12 (0.3%), Bind: 12 (0.3%), Mean Look: 12 (0.3%), Payback: 12 (0.3%), Thrash: 12 (0.3%), Meditate: 12 (0.3%), Uproar: 12 (0.3%), Icy Wind: 11 (0.3%), Icicle Spear: 11 (0.3%), Night Slash: 11 (0.3%), Aerial Ace: 11 (0.3%), Fury Cutter: 11 (0.3%), Egg Bomb: 10 (0.2%), Flame Wheel: 10 (0.2%), Teeter Dance: 10 (0.2%), Absorb: 10 (0.2%), Feather Dance: 10 (0.2%), Mud Bomb: 10 (0.2%), Gyro Ball: 10 (0.2%), Tickle: 9 (0.2%), Detect: 9 (0.2%), Wake Up Slap: 9 (0.2%), Pin Missile: 9 (0.2%), Flash: 9 (0.2%), Horn Attack: 8 (0.2%), Fly: 8 (0.2%), Thunder Shock: 8 (0.2%), Rapid Spin: 8 (0.2%), Double Hit: 8 (0.2%), Tailwind: 8 (0.2%), Zen Headbutt: 8 (0.2%), Mirror Coat: 8 (0.2%), Air Slash: 8 (0.2%), Super Fang: 7 (0.2%), Encore: 7 (0.2%), Yawn: 7 (0.2%), Ice Shard: 7 (0.2%), Crunch: 7 (0.2%), Psybeam: 7 (0.2%), Cosmic Power: 7 (0.2%), Skill Swap: 7 (0.2%), Wrap: 6 (0.1%), Fake Tears: 6 (0.1%), Twister: 6 (0.1%), Swagger: 6 (0.1%), Wish: 6 (0.1%), Magnitude: 6 (0.1%), Camouflage: 6 (0.1%), Fling: 6 (0.1%), Counter: 5 (0.1%), Withdraw: 5 (0.1%), Mind Reader: 5 (0.1%), Odor Sleuth: 5 (0.1%), Me First: 5 (0.1%), Stun Spore: 5 (0.1%), Hidden Power: 5 (0.1%), Sonic Boom: 5 (0.1%), Fire Spin: 5 (0.1%), Torment: 5 (0.1%), Metal Sound: 5 (0.1%), Frustration: 5 (0.1%), Meteor Mash: 5 (0.1%), Fire Punch: 5 (0.1%), Iron Tail: 5 (0.1%), Sleep Talk: 5 (0.1%), Dragon Breath: 5 (0.1%), Smog: 4 (0.1%), Beat Up: 4 (0.1%), Lock On: 4 (0.1%), Acupressure: 4 (0.1%), Magnet Bomb: 4 (0.1%), Sweet Kiss: 4 (0.1%), Mud Shot: 4 (0.1%), Will O Wisp: 4 (0.1%), Sandstorm: 4 (0.1%), Hypnosis: 4 (0.1%), Cut: 4 (0.1%), Double Kick: 4 (0.1%), Water Pulse: 4 (0.1%), Bounce: 4 (0.1%), Pay Day: 4 (0.1%), Seismic Toss: 4 (0.1%), Mud Sport: 4 (0.1%), Iron Defense: 4 (0.1%), Dig: 4 (0.1%), Magical Leaf: 3 (0.1%), Solar Beam: 3 (0.1%), Ancient Power: 3 (0.1%), Dragon Dance: 3 (0.1%), Karate Chop: 3 (0.1%), Shadow Punch: 3 (0.1%), Attract: 3 (0.1%), Body Slam: 3 (0.1%), Psywave: 3 (0.1%), Aromatherapy: 3 (0.1%), Dizzy Punch: 3 (0.1%), Vice Grip: 3 (0.1%), Cotton Spore: 3 (0.1%), Helping Hand: 3 (0.1%), Razor Leaf: 2 (0.0%), Water Sport: 2 (0.0%), Future Sight: 2 (0.0%), Embargo: 2 (0.0%), Lick: 2 (0.0%), Shock Wave: 2 (0.0%), Mega Drain: 2 (0.0%), Rock Blast: 2 (0.0%), Kinesis: 2 (0.0%), Mirror Move: 2 (0.0%), Glare: 2 (0.0%), Calm Mind: 2 (0.0%), Ingrain: 2 (0.0%), Fire Fang: 2 (0.0%), Recover: 2 (0.0%), Bubble Beam: 2 (0.0%), Bone Club: 2 (0.0%), Ice Punch: 2 (0.0%), Poison Jab: 2 (0.0%), Synthesis: 2 (0.0%), Magnet Rise: 2 (0.0%), Extreme Speed: 2 (0.0%), Spider Web: 2 (0.0%), Razor Wind: 2 (0.0%), Role Play: 2 (0.0%), Block: 1 (0.0%), Constrict: 1 (0.0%), Iron Head: 1 (0.0%), Bonemerang: 1 (0.0%), Poison Powder: 1 (0.0%), Conversion 2: 1 (0.0%), Earth Power: 1 (0.0%), Bullet Seed: 1 (0.0%), Psycho Cut: 1 (0.0%), Gastro Acid: 1 (0.0%), Gravity: 1 (0.0%), Jump Kick: 1 (0.0%), Facade: 1 (0.0%), Mist: 1 (0.0%), Ice Fang: 1 (0.0%), Worry Seed: 1 (0.0%), Thunder Punch: 1 (0.0%), Barrier: 1 (0.0%), Dragon Rage: 1 (0.0%), Aqua Tail: 1 (0.0%), Triple Kick: 1 (0.0%), Aqua Jet: 1 (0.0%), Punishment: 1 (0.0%), Acid Armor: 1 (0.0%), Hyper Beam: 1 (0.0%), Discharge: 1 (0.0%), Metal Claw: 1 (0.0%), Pain Split: 1 (0.0%), Belly Drum: 1 (0.0%), Reversal: 1 (0.0%), Transform: 1 (0.0%), Swords Dance: 1 (0.0%)"
BRELOOM,S,Attacker / Disrupter,"Spore: 10051 (34.7%), Seed Bomb: 6346 (21.9%), Mach Punch: 6181 (21.4%), Sky Uppercut: 5677 (19.6%), Stone Edge: 391 (1.4%), Substitute: 135 (0.5%), Focus Punch: 128 (0.4%), Drain Punch: 40 (0.1%)",10970,1757,6.24,819,6.71,4.72,0.84,1092,867,313,0,1.84,6694,"Magnemite: 190, Clefairy: 166, Magikarp: 164","Staraptor: 109, Golbat: 93, Crobat: 58",1,"Damage: 688, Status: 594, Hazard: 0, Weather: 0, Cleric: 0, Screen: 0, Pass: 0, Debuff: 0, Tailwind: 0",None
BRONZONG,S,Attacker,"Extrasensory: 12919 (32.3%), Psychic: 5224 (13.1%), Rock Slide: 3351 (8.4%), Payback: 2805 (7.0%), Reflect: 2575 (6.4%), Light Screen: 2268 (5.7%), Faint Attack: 2025 (5.1%), Gyro Ball: 1960 (4.9%), Confuse Ray: 1844 (4.6%), Future Sight: 1359 (3.4%), Gravity: 1287 (3.2%), Block: 1063 (2.7%), Earthquake: 423 (1.1%), Dream Eater: 318 (0.8%), Hypnosis: 285 (0.7%), Calm Mind: 215 (0.5%), Struggle: 34 (0.1%)",16486,2538,6.5,1786,7.2,4.6,2.26,1723,1099,1237,830,4.5,10288,"Magnemite: 282, Golbat: 279, Clefairy: 248","Rapidash: 90, Staraptor: 52, Houndoom: 49",0,"Damage: 1638, Status: 441, Hazard: 0, Weather: 0, Cleric: 0, Screen: 144, Pass: 0, Debuff: 29, Tailwind: 0",None
BRONZOR,D,Defender,"Extrasensory: 98204 (35.5%), Safeguard: 31668 (11.5%), Iron Defense: 23583 (8.5%), Confuse Ray: 22694 (8.2%), Faint Attack: 19126 (6.9%), Future Sight: 17530 (6.3%), Gyro Ball: 17289 (6.3%), Hypnosis: 13600 (4.9%), Imprison: 10559 (3.8%), Skill Swap: 9066 (3.3%), Rock Slide: 3148 (1.1%), Rock Tomb: 2303 (0.8%), Reflect: 2216 (0.8%), Shadow Ball: 2178 (0.8%), Light Screen: 1660 (0.6%), Tackle: 1063 (0.4%), Struggle: 684 (0.2%)",21770,32436,0.67,11444,1.02,8.87,5.0,8483,12347,10447,10593,2.32,36383,"Zubat: 559, Magikarp: 545, Golbat: 479","Gyarados: 762, Staraptor: 713, Seaking: 636",21,"Damage: 10894, Status: 2762, Hazard: 0, Weather: 0, Cleric: 0, Screen: 329, Pass: 0, Debuff: 72, Tailwind: 0",None
BUDEW,F+,Disrupter,"Absorb: 23502 (26.6%), Stun Spore: 16404 (18.6%), Mega Drain: 16352 (18.5%), Water Sport: 9092 (10.3%), Growth: 7829 (8.9%), Worry Seed: 5841 (6.6%), Nature Power: 3671 (4.2%), Sludge Bomb: 3110 (3.5%), Giga Drain: 2100 (2.4%), Struggle: 451 (0.5%)",7014,25181,0.28,1424,0.34,5.1,2.33,2864,6679,4372,522,0.59,23267,"Magikarp: 557, Geodude: 412, Onix: 215","Staraptor: 427, Golbat: 422, Gyarados: 405",31,"Damage: 1280, Status: 922, Hazard: 0, Weather: 0, Cleric: 0, Screen: 0, Pass: 0, Debuff: 0, Tailwind: 0",None
BUIZEL,E,All-Rounder,"Aqua Jet: 16182 (30.2%), Quick Attack: 10261 (19.2%), Swift: 7285 (13.6%), Water Gun: 6641 (12.4%), Pursuit: 6299 (11.8%), Sonic Boom: 4205 (7.9%), Attract: 1079 (2.0%), Agility: 833 (1.6%), Growl: 616 (1.2%), Whirlpool: 163 (0.3%)",8572,21649,0.4,5099,0.63,3.04,1.42,2771,1538,2241,0,6.23,25845,"Magikarp: 383, Geodude: 299, Zubat: 266","Golbat: 500, Staraptor: 477, Gyarados: 423",20,"Damage: 5072, Status: 0, Hazard: 0, Weather: 0, Cleric: 0, Screen: 0, Pass: 0, Debuff: 74, Tailwind: 0",None
BULBASAUR,D,All-Rounder,"Razor Leaf: 6176 (17.0%), Double Edge: 5801 (15.9%), Leech Seed: 3815 (10.5%), Take Down: 3433 (9.4%), Seed Bomb: 3119 (8.6%), Growl: 2679 (7.4%), Sludge Bomb: 2510 (6.9%), Worry Seed: 1782 (4.9%), Vine Whip: 1764 (4.8%), Tackle: 1711 (4.7%), Synthesis: 1450 (4.0%), Toxic: 1030 (2.8%), Sleep Powder: 809 (2.2%), Poison Powder: 334 (0.9%), Struggle: 8 (0.0%)",7021,10787,0.65,3998,1.02,3.82,1.91,1741,2890,1903,388,2.01,14350,"Magikarp: 300, Zubat: 218, Geodude: 211","Golbat: 290, Gyarados: 245, Staraptor: 211",8,"Damage: 3461, Status: 1843, Hazard: 0, Weather: 0, Cleric: 0, Screen: 0, Pass: 0, Debuff: 151, Tailwind: 0",None
BUNEARY,F+,All-Rounder,"Quick Attack: 10796 (30.5%), Endure: 6742 (19.0%), Frustration: 5276 (14.9%), Jump Kick: 5135 (14.5%), Foresight: 2872 (8.1%), Dizzy Punch: 1835 (5.2%), Agility: 1305 (3.7%), Defense Curl: 1026 (2.9%), Shadow Ball: 362 (1.0%), Baton Pass: 64 (0.2%)",3447,12585,0.27,1032,0.36,3.55,1.72,1381,789,1591,381,5.91,14515,"Magnemite: 122, Magikarp: 111, Pikachu: 93","Golbat: 244, Gyarados: 236, Staraptor: 206",0,"Damage: 1022, Status: 91, Hazard: 0, Weather: 0, Cleric: 0, Screen: 0, Pass: 1, Debuff: 9, Tailwind: 0",None
BURMY,F+,Defender,"Protect: 14806 (41.1%), Tackle: 14594 (40.5%), Bug Bite: 3441 (9.5%), Hidden Power: 3124 (8.7%), Struggle: 97 (0.3%)",1788,10526,0.17,1502,0.31,5.31,2.33,1181,1525,1577,0,3.28,8781,"Magikarp: 141, Bellsprout: 74, Rattata: 73","Golbat: 179, Staraptor: 165, Pikachu: 158",0,"Damage: 1502, Status: 0, Hazard: 0, Weather: 0, Cleric: 0, Screen: 0, Pass: 0, Debuff: 0, Tailwind: 0",None
BUTTERFREE,D+,Defender,"Bug Buzz: 50673 (30.3%), Tailwind: 30394 (18.2%), Safeguard: 27342 (16.3%), Captivate: 14138 (8.5%), Silver Wind: 13867 (8.3%), Gust: 6973 (4.2%), Bug Bite: 6963 (4.2%), Supersonic: 4243 (2.5%), Stun Spore: 3484 (2.1%), Whirlwind: 3087 (1.8%), Psybeam: 2579 (1.5%), Confusion: 1980 (1.2%), Sleep Powder: 1469 (0.9%), Struggle: 46 (0.0%)",31597,32692,0.97,5721,1.14,5.26,2.54,4958,2660,5786,4191,4.64,40348,"Magnemite: 887, Magikarp: 615, Pikachu: 605","Golbat: 1111, Staraptor: 930, Gyarados: 828",46,"Damage: 5327, Status: 904, Hazard: 0, Weather: 0, Cleric: 0, Screen: 0, Pass: 0, Debuff: 421, Tailwind: 387",None
CAMERUPT,A,All-Rounder,"Rock Slide: 2701 (26.7%), Lava Plume: 2631 (26.0%), Earth Power: 1957 (19.3%), Earthquake: 1758 (17.4%), Amnesia: 600 (5.9%), Solar Beam: 273 (2.7%), Eruption: 103 (1.0%), Sunny Day: 97 (1.0%)",5794,1890,3.07,692,3.43,2.98,1.32,565,476,372,685,4.45,4755,"Magnemite: 98, Pikachu: 92, Golbat: 91","Gyarados: 79, Staraptor: 56, Golduck: 52",3,"Damage: 691, Status: 104, Hazard: 0, Weather: 0, Cleric: 0, Screen: 0, Pass: 0, Debuff: 4, Tailwind: 0",None
CARNIVINE,C+,All-Rounder,"Faint Attack: 11229 (22.6%), Crunch: 8380 (16.8%), Wring Out: 6370 (12.8%), Power Whip: 3914 (7.9%), Vine Whip: 3830 (7.7%), Stockpile: 3730 (7.5%), Ingrain: 3331 (6.7%), Sweet Scent: 3156 (6.3%), Giga Drain: 1882 (3.8%), Spit Up: 1269 (2.5%), Swallow: 1081 (2.2%), Bite: 1079 (2.2%), Attract: 482 (1.0%), Struggle: 51 (0.1%)",14708,10427,1.41,3190,1.72,4.0,2.04,2255,1204,2066,779,5.95,17091,"Magikarp: 332, Zubat: 312, Pikachu: 288","Golbat: 279, Staraptor: 268, Gyarados: 240",2,"Damage: 3180, Status: 0, Hazard: 0, Weather: 0, Cleric: 0, Screen: 0, Pass: 0, Debuff: 83, Tailwind: 0",None
CARVANHA,C,All-Rounder,"Aqua Jet: 3115 (26.8%), Crunch: 2989 (25.7%), Agility: 2785 (23.9%), Take Down: 2743 (23.6%)",3784,3341,1.13,1123,1.47,3.84,1.89,504,522,361,236,2.7,3174,"Magnemite: 84, Magikarp: 79, Zubat: 75","Staraptor: 99, Machoke: 91, Magneton: 76",5,"Damage: 1116, Status: 0, Hazard: 0, Weather: 0, Cleric: 0, Screen: 0, Pass: 0, Debuff: 51, Tailwind: 0",None
CASCOON,F-,All-Rounder,"Tackle: 994 (27.1%), Harden: 934 (25.5%), String Shot: 909 (24.8%), Poison Sting: 829 (22.6%)",44,2606,0.02,198,0.09,3.44,1.48,99,254,325,231,4.43,2689,"Pidgey: 6, Rattata: 5, Diglett: 5","Golbat: 44, Pikachu: 43, Gyarados: 41",0,"Damage: 194, Status: 63, Hazard: 0, Weather: 0, Cleric: 0, Screen: 0, Pass: 0, Debuff: 6, Tailwind: 0",None
CATERPIE,F-,All-Rounder,"Tackle: 11354 (54.2%), String Shot: 9528 (45.5%), Struggle: 54 (0.3%)",240,16602,0.01,251,0.03,4.92,2.39,643,1876,1504,0,1.21,8395,"Magikarp: 46, Bellsprout: 33, Caterpie: 30","Geodude: 264, Clefairy: 262, Staraptor: 242",0,"Damage: 251, Status: 0, Hazard: 0, Weather: 0, Cleric: 0, Screen: 0, Pass: 0, Debuff: 0, Tailwind: 0",None
CHANSEY,F,Attacker,"Egg Bomb: 8751 (47.4%), Refresh: 4728 (25.6%), Softboiled: 4481 (24.2%), Struggle: 519 (2.8%)",634,2553,0.25,36,0.26,7.88,4.33,392,2318,953,0,-5.01,2857,"Magikarp: 38, Bellsprout: 32, Zubat: 31","Staraptor: 46, Clefairy: 41, Gyarados: 40",0,"Damage: 36, Status: 0, Hazard: 0, Weather: 0, Cleric: 0, Screen: 0, Pass: 0, Debuff: 0, Tailwind: 0",None
CHARIZARD,B+,All-Rounder,"Air Slash: 713 (42.6%), Flamethrower: 295 (17.6%), Fire Fang: 281 (16.8%), Shadow Claw: 170 (10.1%), Dragon Claw: 95 (5.7%), Flare Blitz: 76 (4.5%), Dragon Pulse: 35 (2.1%), Hyper Beam: 9 (0.5%), Blast Burn: 1 (0.1%)",816,446,1.83,261,2.41,3.69,1.3,103,83,56,147,4.7,756,"Heracross: 53, Machamp: 32, Magneton: 25","Heracross: 29, Floatzel: 21, Machamp: 19",1,"Damage: 261, Status: 17, Hazard: 0, Weather: 0, Cleric: 0, Screen: 0, Pass: 0, Debuff: 0, Tailwind: 0",None
CHARMANDER,D-,Support,"Dragon Rage: 3544 (32.0%), Fire Fang: 2044 (18.4%), Scary Face: 1548 (14.0%), Smoke Screen: 1354 (12.2%), Flamethrower: 897 (8.1%), Fire Spin: 860 (7.8%), Slash: 836 (7.5%)",2725,3991,0.68,857,0.9,3.23,1.44,315,736,969,208,4.31,5216,"Magnemite: 113, Magikarp: 81, Zubat: 80","Golbat: 115, Gyarados: 93, Staraptor: 86",1,"Damage: 840, Status: 47, Hazard: 0, Weather: 0, Cleric: 0, Screen: 0, Pass: 0, Debuff: 128, Tailwind: 0",None
CHARMELEON,D-,All-Rounder,"Fire Fang: 5775 (18.6%), Ember: 5104 (16.5%), Smoke Screen: 4980 (16.1%), Scary Face: 4344 (14.0%), Dragon Rage: 4258 (13.7%), Flamethrower: 2687 (8.7%), Growl: 2174 (7.0%), Slash: 1521 (4.9%), Aerial Ace: 157 (0.5%), Struggle: 6 (0.0%)",6194,8310,0.75,1432,0.92,3.8,1.57,953,1566,3573,1201,8.45,11921,"Magnemite: 222, Zubat: 143, Magikarp: 142","Gyarados: 182, Staraptor: 167, Golbat: 163",0,"Damage: 1404, Status: 293, Hazard: 0, Weather: 0, Cleric: 0, Screen: 0, Pass: 0, Debuff: 181, Tailwind: 0",None
CHATOT,C,Attacker / Support,"Uproar: 15025 (16.8%), Roost: 11270 (12.6%), Feather Dance: 10879 (12.2%), Fury Attack: 10640 (11.9%), Chatter: 8771 (9.8%), Hyper Voice: 8681 (9.7%), Taunt: 7583 (8.5%), Mimic: 7496 (8.4%), Sing: 7285 (8.1%), Mirror Move: 1506 (1.7%), Struggle: 291 (0.3%), Slash: 3 (0.0%)",17665,13357,1.32,850,1.39,5.23,2.44,3410,5790,3426,99,1.13,21116,"Magikarp: 486, Zubat: 427, Geodude: 411","Staraptor: 296, Gyarados: 278, Golbat: 248",12,"Damage: 766, Status: 69, Hazard: 1, Weather: 0, Cleric: 0, Screen: 0, Pass: 0, Debuff: 131, Tailwind: 0","Sucker Punch: 170 (3.7%), Quick Attack: 131 (2.8%), Tackle: 126 (2.7%), Curse: 95 (2.0%), Protect: 93 (2.0%), Splash: 88 (1.9%), Double Team: 87 (1.9%), Defense Curl: 86 (1.9%), Pursuit: 74 (1.6%), Rock Polish: 73 (1.6%), Leer: 68 (1.5%), Water Gun: 67 (1.4%), Double Slap: 64 (1.4%), Agility: 63 (1.4%), Tail Whip: 60 (1.3%), Growl: 56 (1.2%), Flail: 53 (1.1%), Bite: 51 (1.1%), Minimize: 50 (1.1%), Present: 46 (1.0%), Charge: 44 (0.9%), Harden: 44 (0.9%), Amnesia: 43 (0.9%), Water Pulse: 43 (0.9%), Meditate: 42 (0.9%), Stockpile: 42 (0.9%), Endure: 42 (0.9%), Mega Drain: 41 (0.9%), Light Screen: 40 (0.9%), Bide: 40 (0.9%), Disable: 40 (0.9%), Confusion: 40 (0.9%), Reflect: 39 (0.8%), Slash: 39 (0.8%), Yawn: 39 (0.8%), Air Cutter: 38 (0.8%), Mean Look: 38 (0.8%), Rollout: 37 (0.8%), Safeguard: 36 (0.8%), Screech: 35 (0.8%), String Shot: 35 (0.8%), Iron Defense: 34 (0.7%), Sweet Scent: 34 (0.7%), Faint Attack: 34 (0.7%), Growth: 34 (0.7%), Whirlpool: 34 (0.7%), Rock Throw: 34 (0.7%), Spark: 33 (0.7%), Bounce: 33 (0.7%), Wish: 33 (0.7%), Wing Attack: 32 (0.7%), Follow Me: 32 (0.7%), Take Down: 30 (0.6%), Aqua Ring: 30 (0.6%), Spite: 30 (0.6%), Wake Up Slap: 29 (0.6%), Nasty Plot: 29 (0.6%), Slam: 28 (0.6%), Gust: 28 (0.6%), Charm: 27 (0.6%), Psybeam: 27 (0.6%), Confuse Ray: 26 (0.6%), Lock On: 26 (0.6%), Bubble Beam: 26 (0.6%), Assurance: 25 (0.5%), Captivate: 25 (0.5%), Focus Energy: 24 (0.5%), Stun Spore: 24 (0.5%), Rest: 24 (0.5%), Acid: 24 (0.5%), Rain Dance: 23 (0.5%), Pain Split: 22 (0.5%), Supersonic: 21 (0.5%), Payback: 21 (0.5%), Vine Whip: 21 (0.5%), Fury Swipes: 21 (0.5%), Leech Life: 20 (0.4%), Feint: 19 (0.4%), Scary Face: 19 (0.4%), Swift: 18 (0.4%), Bug Bite: 18 (0.4%), Counter: 18 (0.4%), Ember: 18 (0.4%), Encore: 18 (0.4%), Endeavor: 17 (0.4%), Sonic Boom: 17 (0.4%), Poison Sting: 17 (0.4%), Foresight: 17 (0.4%), Ice Shard: 17 (0.4%), Thunder Shock: 17 (0.4%), Smog: 17 (0.4%), Worry Seed: 16 (0.3%), Bubble: 16 (0.3%), Cosmic Power: 16 (0.3%), Icicle Spear: 16 (0.3%), Razor Leaf: 16 (0.3%), Zen Headbutt: 15 (0.3%), Egg Bomb: 15 (0.3%), Air Slash: 15 (0.3%), Super Fang: 15 (0.3%), Substitute: 15 (0.3%), Uproar: 15 (0.3%), Low Kick: 15 (0.3%), Night Slash: 14 (0.3%), Twister: 14 (0.3%), Hidden Power: 14 (0.3%), Giga Drain: 14 (0.3%), Swagger: 13 (0.3%), Calm Mind: 13 (0.3%), Rage: 13 (0.3%), Smoke Screen: 13 (0.3%), Sand Attack: 12 (0.3%), Me First: 12 (0.3%), Horn Attack: 11 (0.2%), Gravity: 11 (0.2%), Sing: 11 (0.2%), Thrash: 11 (0.2%), Magnet Bomb: 11 (0.2%), Mirror Coat: 11 (0.2%), Fury Attack: 11 (0.2%), Rock Tomb: 11 (0.2%), Extrasensory: 10 (0.2%), Lucky Chant: 10 (0.2%), Sandstorm: 10 (0.2%), Metal Sound: 10 (0.2%), Future Sight: 9 (0.2%), Withdraw: 9 (0.2%), Sweet Kiss: 9 (0.2%), Flame Wheel: 9 (0.2%), Teeter Dance: 9 (0.2%), Aerial Ace: 9 (0.2%), Meteor Mash: 9 (0.2%), Sludge: 9 (0.2%), Peck: 9 (0.2%), Mud Sport: 9 (0.2%), Pound: 9 (0.2%), Hypnosis: 9 (0.2%), Camouflage: 9 (0.2%), Gastro Acid: 8 (0.2%), Signal Beam: 8 (0.2%), Bullet Seed: 8 (0.2%), Feather Dance: 8 (0.2%), Bug Buzz: 7 (0.2%), Aqua Jet: 7 (0.2%), Dragon Rage: 7 (0.2%), Crunch: 7 (0.2%), Earthquake: 7 (0.2%), Scratch: 7 (0.2%), Pin Missile: 7 (0.2%), Detect: 7 (0.2%), Gyro Ball: 7 (0.2%), Acupressure: 7 (0.2%), Double Edge: 6 (0.1%), Headbutt: 6 (0.1%), Beat Up: 6 (0.1%), Body Slam: 6 (0.1%), Will O Wisp: 6 (0.1%), Recover: 6 (0.1%), Stomp: 5 (0.1%), Moonlight: 5 (0.1%), Double Hit: 5 (0.1%), Mirror Move: 5 (0.1%), Dragon Rush: 5 (0.1%), Hyper Fang: 5 (0.1%), Grass Whistle: 5 (0.1%), Power Trick: 5 (0.1%), Fire Spin: 5 (0.1%), Dragon Breath: 5 (0.1%), Absorb: 5 (0.1%), Karate Chop: 5 (0.1%), Night Shade: 5 (0.1%), Conversion 2: 5 (0.1%), Tickle: 5 (0.1%), Fling: 5 (0.1%), Constrict: 5 (0.1%), Shock Wave: 4 (0.1%), Thunder Wave: 4 (0.1%), Magical Leaf: 4 (0.1%), Fake Tears: 4 (0.1%), Poison Fang: 4 (0.1%), Tailwind: 4 (0.1%), Sunny Day: 4 (0.1%), Water Sport: 4 (0.1%), Assist: 4 (0.1%), Psychic: 3 (0.1%), Ominous Wind: 3 (0.1%), Toxic Spikes: 3 (0.1%), Poison Jab: 3 (0.1%), Block: 3 (0.1%), Icy Wind: 3 (0.1%), Lick: 3 (0.1%), Mist: 3 (0.1%), Aurora Beam: 3 (0.1%), Powder Snow: 3 (0.1%), Sleep Powder: 3 (0.1%), Odor Sleuth: 3 (0.1%), Rapid Spin: 3 (0.1%), Vice Grip: 3 (0.1%), Aqua Tail: 3 (0.1%), Morning Sun: 3 (0.1%), Flash: 3 (0.1%), Imprison: 2 (0.0%), Glare: 2 (0.0%), Swords Dance: 2 (0.0%), Surf: 2 (0.0%), Ingrain: 2 (0.0%), Razor Wind: 2 (0.0%), Revenge: 2 (0.0%), Acid Armor: 2 (0.0%), Ice Punch: 2 (0.0%), Drill Peck: 2 (0.0%), Metal Claw: 2 (0.0%), Seismic Toss: 2 (0.0%), Reversal: 2 (0.0%), Fire Fang: 2 (0.0%), Secret Power: 2 (0.0%), Rock Blast: 2 (0.0%), Silver Wind: 2 (0.0%), Toxic: 2 (0.0%), Role Play: 2 (0.0%), Crush Claw: 2 (0.0%), Bind: 2 (0.0%), Brick Break: 2 (0.0%), Spit Up: 2 (0.0%), Twineedle: 2 (0.0%), Kinesis: 1 (0.0%), Whirlwind: 1 (0.0%), Discharge: 1 (0.0%), Baton Pass: 1 (0.0%), X Scissor: 1 (0.0%), Dragon Claw: 1 (0.0%), Tri Attack: 1 (0.0%), Thunder Fang: 1 (0.0%), Torment: 1 (0.0%), Spider Web: 1 (0.0%), Dragon Pulse: 1 (0.0%), Hydro Pump: 1 (0.0%), Charge Beam: 1 (0.0%), Ancient Power: 1 (0.0%), Force Palm: 1 (0.0%), Leaf Blade: 1 (0.0%), Aromatherapy: 1 (0.0%), Dragon Dance: 1 (0.0%), Petal Dance: 1 (0.0%), Leech Seed: 1 (0.0%), Wrap: 1 (0.0%), Mega Punch: 1 (0.0%), Submission: 1 (0.0%), Mind Reader: 1 (0.0%), Conversion: 1 (0.0%), Fury Cutter: 1 (0.0%), Ice Fang: 1 (0.0%), Skill Swap: 1 (0.0%), Synthesis: 1 (0.0%), Attract: 1 (0.0%), Cut: 1 (0.0%), Belly Drum: 1 (0.0%), Grudge: 1 (0.0%), Double Kick: 1 (0.0%), Solar Beam: 1 (0.0%)"
CHERRIM,B,All-Rounder,"Petal Dance: 21288 (32.3%), Magical Leaf: 11323 (17.2%), Solar Beam: 10281 (15.6%), Sunny Day: 8306 (12.6%), Leech Seed: 5395 (8.2%), Take Down: 4874 (7.4%), Worry Seed: 3157 (4.8%), Safeguard: 1242 (1.9%), Grass Knot: 85 (0.1%), Toxic: 50 (0.1%)",19158,11181,1.71,5017,2.16,4.25,2.08,2606,2149,2326,0,4.07,20268,"Magikarp: 417, Magnemite: 416, Zubat: 403","Golbat: 399, Staraptor: 348, Gyarados: 214",7,"Damage: 4651, Status: 1603, Hazard: 0, Weather: 24, Cleric: 0, Screen: 0, Pass: 0, Debuff: 0, Tailwind: 0",None
CHERUBI,E-,Disrupter,"Tackle: 7136 (22.7%), Solar Beam: 5409 (17.2%), Magical Leaf: 4859 (15.5%), Leech Seed: 4214 (13.4%), Take Down: 2767 (8.8%), Sunny Day: 1816 (5.8%), Growth: 1762 (5.6%), Lucky Chant: 1712 (5.5%), Worry Seed: 1699 (5.4%), Struggle: 13 (0.0%)",3935,9752,0.4,1264,0.53,3.88,2.14,909,1871,1653,0,2.09,11759,"Magikarp: 210, Geodude: 158, Zubat: 120","Staraptor: 184, Gyarados: 171, Golbat: 170",6,"Damage: 1145, Status: 1081, Hazard: 0, Weather: 0, Cleric: 0, Screen: 0, Pass: 0, Debuff: 0, Tailwind: 0",None
CHIKORITA,F-,Attacker,"Tackle: 2873 (54.1%), Growl: 2421 (45.6%), Struggle: 16 (0.3%)",81,2755,0.03,3,0.03,3.02,1.56,150,334,329,0,2.57,2782,"Bellsprout: 23, Magikarp: 16, Caterpie: 8","Staraptor: 46, Clefairy: 42, Geodude: 42",0,"Damage: 3, Status: 0, Hazard: 0, Weather: 0, Cleric: 0, Screen: 0, Pass: 0, Debuff: 0, Tailwind: 0",None
CHIMCHAR,F,Attacker / Disrupter,"Ember: 8123 (32.9%), Leer: 6387 (25.9%), Scratch: 5086 (20.6%), Flame Wheel: 2595 (10.5%), Taunt: 2307 (9.3%), Fury Swipes: 179 (0.7%), Struggle: 30 (0.1%)",2444,12960,0.19,231,0.21,2.92,1.53,962,839,1396,637,5.75,14097,"Magikarp: 269, Zubat: 116, Bellsprout: 108","Staraptor: 231, Clefairy: 210, Magnemite: 190",0,"Damage: 229, Status: 144, Hazard: 0, Weather: 0, Cleric: 0, Screen: 0, Pass: 0, Debuff: 9, Tailwind: 0",None
CHIMECHO,B+,All-Rounder,"Psywave: 10663 (23.3%), Double Edge: 10524 (23.0%), Extrasensory: 9331 (20.4%), Safeguard: 8178 (17.9%), Energy Ball: 2327 (5.1%), Charge Beam: 2092 (4.6%), Shadow Ball: 1799 (3.9%), Heal Bell: 827 (1.8%), Struggle: 12 (0.0%), Healing Wish: 7 (0.0%)",12389,6352,1.95,4375,2.64,4.3,2.15,2034,3132,1439,1920,0.75,12086,"Magikarp: 326, Zubat: 285, Geodude: 254","Sneasel: 149, Gyarados: 144, Staraptor: 135",0,"Damage: 4369, Status: 0, Hazard: 0, Weather: 0, Cleric: 4, Screen: 0, Pass: 0, Debuff: 68, Tailwind: 0",None
CHINCHOU,D-,Attacker,"Discharge: 1303 (33.2%), Bubble Beam: 1033 (26.3%), Aqua Ring: 949 (24.2%), Signal Beam: 614 (15.6%), Struggle: 29 (0.7%)",862,1092,0.79,51,0.84,4.1,1.77,174,79,165,375,6.42,1544,"Gyarados: 34, Magnemite: 31, Clefairy: 29","Staraptor: 39, Quagsire: 24, Machoke: 22",1,"Damage: 51, Status: 6, Hazard: 0, Weather: 0, Cleric: 0, Screen: 0, Pass: 0, Debuff: 0, Tailwind: 0",None
CHINGLING,D,All-Rounder,"Confusion: 9971 (44.5%), Uproar: 6402 (28.6%), Astonish: 4725 (21.1%), Last Resort: 1285 (5.7%), Struggle: 15 (0.1%)",4549,7024,0.65,2143,0.95,3.41,1.77,1349,496,1046,2006,8.46,9068,"Magikarp: 246, Zubat: 191, Geodude: 190","Staraptor: 146, Gyarados: 144, Golbat: 129",0,"Damage: 2143, Status: 241, Hazard: 0, Weather: 0, Cleric: 0, Screen: 0, Pass: 0, Debuff: 0, Tailwind: 0",None
CLAMPERL,C,Attacker,"Whirlpool: 4044 (26.5%), Water Gun: 3950 (25.9%), Clamp: 3799 (24.9%), Iron Defense: 3472 (22.7%), Struggle: 6 (0.0%)",2483,1897,1.31,256,1.44,5.98,3.74,579,2262,641,0,-6.55,3076,"Magikarp: 80, Geodude: 74, Zubat: 73","Golbat: 50, Staraptor: 45, Gyarados: 43",0,"Damage: 256, Status: 0, Hazard: 0, Weather: 0, Cleric: 0, Screen: 0, Pass: 0, Debuff: 0, Tailwind: 0",None
CLAYDOL,S-,Attacker,"Psychic: 9013 (49.7%), Ancient Power: 2964 (16.4%), Reflect: 1740 (9.6%), Light Screen: 1448 (8.0%), Earthquake: 1128 (6.2%), Cosmic Power: 957 (5.3%), Earth Power: 694 (3.8%), Calm Mind: 168 (0.9%), Struggle: 11 (0.1%)",8130,1423,5.71,364,5.97,4.28,1.75,814,267,551,692,5.85,5153,"Machoke: 195, Koffing: 150, Golbat: 141","Gyarados: 53, Starmie: 38, Floatzel: 34",1,"Damage: 360, Status: 0, Hazard: 0, Weather: 0, Cleric: 0, Screen: 0, Pass: 0, Debuff: 22, Tailwind: 0",None
CLEFABLE,C+,Defender,"Metronome: 13847 (13.8%), Wake Up Slap: 12608 (12.6%), Sing: 11684 (11.7%), Double Slap: 10519 (10.5%), Gravity: 9965 (10.0%), Meteor Mash: 8184 (8.2%), Growl: 7856 (7.9%), Moonlight: 5456 (5.5%), Blizzard: 4048 (4.0%), Encore: 4037 (4.0%), Thunder: 3627 (3.6%), Minimize: 2729 (2.7%), Reflect: 2544 (2.5%), Light Screen: 1984 (2.0%), Struggle: 634 (0.6%), Fire Blast: 160 (0.2%), Calm Mind: 146 (0.1%)",13457,10775,1.25,3025,1.53,6.54,2.76,2673,9700,4631,1939,-2.31,18387,"Magikarp: 322, Zubat: 275, Geodude: 262","Staraptor: 252, Gyarados: 192, Golbat: 132",0,"Damage: 2438, Status: 724, Hazard: 5, Weather: 9, Cleric: 4, Screen: 295, Pass: 1, Debuff: 94, Tailwind: 0",None
CLEFAIRY,E,Defender,"Meteor Mash: 100221 (19.3%), Metronome: 60366 (11.6%), Wake Up Slap: 53053 (10.2%), Light Screen: 36758 (7.1%), Follow Me: 35705 (6.9%), Moonlight: 33768 (6.5%), Gravity: 32714 (6.3%), Minimize: 32382 (6.2%), Sing: 25843 (5.0%), Cosmic Power: 22885 (4.4%), Double Slap: 22384 (4.3%), Endure: 21935 (4.2%), Defense Curl: 17588 (3.4%), Encore: 7264 (1.4%), Lucky Chant: 6907 (1.3%), Bounce: 4582 (0.9%), Swagger: 2365 (0.5%), Struggle: 2022 (0.4%), Mimic: 1490 (0.3%), Healing Wish: 105 (0.0%)",41581,80270,0.52,9002,0.63,7.88,3.76,12002,33927,60115,19349,6.59,76917,"Magikarp: 1662, Zubat: 1340, Geodude: 1278","Staraptor: 1705, Gyarados: 1665, Golbat: 1303",7,"Damage: 8415, Status: 3470, Hazard: 89, Weather: 107, Cleric: 3, Screen: 90, Pass: 17, Debuff: 240, Tailwind: 0","Tackle: 125 (10.5%), Splash: 37 (3.1%), Curse: 34 (2.9%), Defense Curl: 33 (2.8%), Bite: 33 (2.8%), Minimize: 28 (2.4%), Scratch: 28 (2.4%), Sucker Punch: 27 (2.3%), Tail Whip: 26 (2.2%), Aqua Ring: 23 (1.9%), Present: 23 (1.9%), Agility: 21 (1.8%), Meditate: 20 (1.7%), Double Team: 19 (1.6%), Pursuit: 19 (1.6%), Quick Attack: 18 (1.5%), Water Gun: 17 (1.4%), String Shot: 17 (1.4%), Harden: 17 (1.4%), Gust: 17 (1.4%), Growl: 16 (1.3%), Rock Polish: 16 (1.3%), Confusion: 15 (1.3%), Growth: 15 (1.3%), Protect: 14 (1.2%), Detect: 13 (1.1%), Scary Face: 12 (1.0%), Disable: 12 (1.0%), Mean Look: 12 (1.0%), Assurance: 11 (0.9%), Smoke Screen: 11 (0.9%), Slam: 11 (0.9%), Follow Me: 11 (0.9%), Ember: 10 (0.8%), Safeguard: 10 (0.8%), Flail: 9 (0.8%), Nasty Plot: 9 (0.8%), Leer: 9 (0.8%), Fury Swipes: 8 (0.7%), Toxic Spikes: 8 (0.7%), Supersonic: 8 (0.7%), Rock Throw: 8 (0.7%), Spite: 8 (0.7%), Pound: 8 (0.7%), Sweet Kiss: 7 (0.6%), Rollout: 7 (0.6%), Rest: 7 (0.6%), Screech: 7 (0.6%), Stockpile: 7 (0.6%), Sweet Scent: 7 (0.6%), Rage: 7 (0.6%), Light Screen: 7 (0.6%), Confuse Ray: 7 (0.6%), Sing: 7 (0.6%), Low Kick: 7 (0.6%), Swift: 6 (0.5%), Feint: 6 (0.5%), Water Pulse: 6 (0.5%), Bubble: 6 (0.5%), Sonic Boom: 6 (0.5%), Charge: 6 (0.5%), Bubble Beam: 6 (0.5%), Peck: 5 (0.4%), Reflect: 5 (0.4%), Fury Attack: 5 (0.4%), Meteor Mash: 5 (0.4%), Uproar: 5 (0.4%), Counter: 5 (0.4%), Amnesia: 5 (0.4%), Flash: 5 (0.4%), Headbutt: 5 (0.4%), Tailwind: 5 (0.4%), Moonlight: 5 (0.4%), Karate Chop: 5 (0.4%), Psybeam: 5 (0.4%), Camouflage: 5 (0.4%), Dive: 5 (0.4%), Knock Off: 5 (0.4%), Lock On: 4 (0.3%), Stun Spore: 4 (0.3%), Sand Attack: 4 (0.3%), Payback: 4 (0.3%), Mind Reader: 4 (0.3%), Mud Bomb: 4 (0.3%), Bug Bite: 4 (0.3%), Wrap: 4 (0.3%), Egg Bomb: 4 (0.3%), Rock Smash: 4 (0.3%), Swagger: 3 (0.3%), Calm Mind: 3 (0.3%), Leech Life: 3 (0.3%), Rapid Spin: 3 (0.3%), Shadow Punch: 3 (0.3%), Take Down: 3 (0.3%), Endure: 3 (0.3%), Hypnosis: 3 (0.3%), Thunderbolt: 3 (0.3%), Thunder Shock: 3 (0.3%), Horn Attack: 3 (0.3%), Wake Up Slap: 3 (0.3%), Spark: 3 (0.3%), Hydro Pump: 2 (0.2%), Aerial Ace: 2 (0.2%), Iron Defense: 2 (0.2%), Will O Wisp: 2 (0.2%), Thunder Wave: 2 (0.2%), Block: 2 (0.2%), Focus Energy: 2 (0.2%), Magical Leaf: 2 (0.2%), Vine Whip: 2 (0.2%), Worry Seed: 2 (0.2%), Wing Attack: 2 (0.2%), Mud Slap: 2 (0.2%), Cosmic Power: 2 (0.2%), Recover: 2 (0.2%), Gyro Ball: 2 (0.2%), Ice Punch: 2 (0.2%), Rock Tomb: 2 (0.2%), Magnet Bomb: 1 (0.1%), Mist: 1 (0.1%), Jump Kick: 1 (0.1%), Yawn: 1 (0.1%), Sandstorm: 1 (0.1%), Withdraw: 1 (0.1%), Hidden Power: 1 (0.1%), Aurora Beam: 1 (0.1%), Iron Tail: 1 (0.1%), Lucky Chant: 1 (0.1%), Ominous Wind: 1 (0.1%), Endeavor: 1 (0.1%), Fire Spin: 1 (0.1%), Assist: 1 (0.1%), Seismic Toss: 1 (0.1%), Smog: 1 (0.1%), Ingrain: 1 (0.1%), Zen Headbutt: 1 (0.1%), Double Edge: 1 (0.1%), Toxic: 1 (0.1%), Stealth Rock: 1 (0.1%), Faint Attack: 1 (0.1%), Teeter Dance: 1 (0.1%), Torment: 1 (0.1%), Air Cutter: 1 (0.1%), Sand Tomb: 1 (0.1%), Charm: 1 (0.1%), Twister: 1 (0.1%), Skill Swap: 1 (0.1%)"
CLEFFA,F+,Disrupter,"Magical Leaf: 10138 (33.4%), Copycat: 9755 (32.2%), Sweet Kiss: 5263 (17.4%), Sing: 5117 (16.9%), Struggle: 61 (0.2%)",1775,7506,0.24,1011,0.37,5.03,1.83,758,4285,1578,111,-6.13,8465,"Magikarp: 154, Geodude: 111, Onix: 74","Staraptor: 132, Gyarados: 131, Clefairy: 128",6,"Damage: 946, Status: 796, Hazard: 1, Weather: 0, Cleric: 0, Screen: 1, Pass: 0, Debuff: 47, Tailwind: 0",None
CLOYSTER,C+,Hazards,"Aurora Beam: 22756 (33.1%), Protect: 14209 (20.7%), Spike Cannon: 9980 (14.5%), Spikes: 6305 (9.2%), Supersonic: 5209 (7.6%), Water Pulse: 3522 (5.1%), Ice Shard: 3269 (4.8%), Attract: 1522 (2.2%), Toxic Spikes: 1034 (1.5%), Withdraw: 931 (1.4%), Struggle: 12 (0.0%)",14805,11501,1.29,2325,1.49,4.85,2.07,3672,3232,2276,1785,3.84,18574,"Magnemite: 325, Golbat: 296, Zubat: 257","Golbat: 222, Gyarados: 200, Magneton: 200",0,"Damage: 1753, Status: 576, Hazard: 673, Weather: 0, Cleric: 0, Screen: 0, Pass: 0, Debuff: 29, Tailwind: 0",None
COMBEE,D,All-Rounder,"Bug Bite: 5982 (36.4%), Gust: 5947 (36.2%), Sweet Scent: 4499 (27.4%)",2806,4174,0.67,1521,1.04,4.09,1.9,719,263,712,0,6.81,5607,"Zubat: 92, Magikarp: 84, Machop: 76","Golbat: 115, Gyarados: 96, Staraptor: 81",9,"Damage: 1521, Status: 0, Hazard: 0, Weather: 0, Cleric: 0, Screen: 0, Pass: 0, Debuff: 0, Tailwind: 0",None
CORPHISH,D-,All-Rounder,"Night Slash: 746 (26.4%), Swords Dance: 704 (24.9%), Crunch: 698 (24.7%), Crabhammer: 674 (23.9%)",819,1319,0.62,384,0.91,3.41,1.71,194,178,154,93,5.95,1735,"Pikachu: 30, Golbat: 29, Seaking: 22","Magneton: 37, Raichu: 31, Butterfree: 28",2,"Damage: 380, Status: 0, Hazard: 0, Weather: 0, Cleric: 0, Screen: 0, Pass: 0, Debuff: 32, Tailwind: 0",None
CORSOLA,E+,Attacker,"Bubble: 10014 (21.1%), Harden: 6303 (13.3%), Bubble Beam: 5887 (12.4%), Ancient Power: 5839 (12.3%), Rock Blast: 4925 (10.4%), Recover: 4411 (9.3%), Lucky Chant: 3110 (6.5%), Power Gem: 1704 (3.6%), Mirror Coat: 1511 (3.2%), Spike Cannon: 1476 (3.1%), Earth Power: 1044 (2.2%), Refresh: 794 (1.7%), Aqua Ring: 515 (1.1%), Struggle: 31 (0.1%)",6804,9998,0.68,568,0.74,7.57,5.01,2010,3622,2377,1826,1.53,7850,"Magnemite: 171, Magikarp: 166, Zubat: 157","Roselia: 230, Machoke: 226, Staraptor: 197",2,"Damage: 568, Status: 0, Hazard: 0, Weather: 0, Cleric: 0, Screen: 0, Pass: 0, Debuff: 7, Tailwind: 0",None
CRANIDOS,E-,Support,"Zen Headbutt: 1938 (20.1%), Take Down: 1607 (16.7%), Headbutt: 1506 (15.6%), Pursuit: 1164 (12.1%), Scary Face: 1080 (11.2%), Assurance: 931 (9.7%), Leer: 581 (6.0%), Screech: 530 (5.5%), Ancient Power: 306 (3.2%)",2194,5868,0.37,419,0.45,3.15,1.34,399,960,520,576,-0.34,6927,"Golbat: 67, Machoke: 54, Magnemite: 52","Gyarados: 127, Seaking: 99, Golduck: 95",1,"Damage: 375, Status: 0, Hazard: 0, Weather: 0, Cleric: 0, Screen: 0, Pass: 0, Debuff: 62, Tailwind: 0",None
CROAGUNK,E+,Disrupter,"Sucker Punch: 46882 (24.6%), Swagger: 24674 (12.9%), Nasty Plot: 24179 (12.7%), Mud Bomb: 23199 (12.2%), Poison Jab: 17467 (9.2%), Revenge: 16922 (8.9%), Faint Attack: 10201 (5.3%), Taunt: 8557 (4.5%), Pursuit: 7156 (3.8%), Sludge Bomb: 4319 (2.3%), Poison Sting: 3759 (2.0%), Flatter: 2480 (1.3%), Mud Slap: 909 (0.5%), Struggle: 93 (0.0%)",31882,54005,0.59,11434,0.8,4.11,2.01,6425,9646,10013,8662,3.36,62920,"Magikarp: 1087, Zubat: 908, Geodude: 853","Golbat: 1413, Staraptor: 1131, Gyarados: 1103",14,"Damage: 10087, Status: 6617, Hazard: 0, Weather: 0, Cleric: 0, Screen: 0, Pass: 0, Debuff: 0, Tailwind: 0",None
CROBAT,A-,All-Rounder,"Wing Attack: 8941 (16.9%), Air Cutter: 8056 (15.3%), Poison Fang: 6710 (12.7%), Confuse Ray: 5025 (9.5%), Air Slash: 4875 (9.2%), Mean Look: 3015 (5.7%), Bite: 2554 (4.8%), Cross Poison: 2379 (4.5%), Supersonic: 1815 (3.4%), U Turn: 1807 (3.4%), Heat Wave: 1736 (3.3%), Fly: 1551 (2.9%), Screech: 1483 (2.8%), Double Team: 1156 (2.2%), Toxic: 716 (1.4%), Shadow Ball: 443 (0.8%), Haze: 324 (0.6%), Quick Attack: 214 (0.4%), Struggle: 6 (0.0%)",14754,6675,2.21,4557,2.89,4.52,1.65,2905,2749,2939,3068,5.44,14465,"Machoke: 270, Heracross: 238, Magnemite: 214","Magneton: 209, Staraptor: 199, Alakazam: 159",3,"Damage: 3994, Status: 2197, Hazard: 0, Weather: 0, Cleric: 0, Screen: 0, Pass: 0, Debuff: 247, Tailwind: 0",None
CROCONAW,F+,All-Rounder,"Scary Face: 6913 (56.2%), Bite: 2463 (20.0%), Water Gun: 1862 (15.1%), Ice Fang: 958 (7.8%), Rage: 99 (0.8%)",1300,4424,0.29,456,0.4,4.13,1.86,299,1160,517,684,-2.53,5167,"Geodude: 98, Onix: 59, Magikarp: 52","Staraptor: 99, Golbat: 93, Magnemite: 83",0,"Damage: 440, Status: 6, Hazard: 0, Weather: 0, Cleric: 0, Screen: 0, Pass: 0, Debuff: 32, Tailwind: 0",None
CUBONE,F+,Attacker,"Thrash: 3242 (26.2%), Headbutt: 1727 (14.0%), False Swipe: 1661 (13.4%), Rage: 1661 (13.4%), Bone Club: 1258 (10.2%), Bonemerang: 1188 (9.6%), Focus Energy: 874 (7.1%), Leer: 746 (6.0%)",1441,4558,0.32,125,0.34,4.36,2.02,898,878,593,483,4.74,5285,"Zubat: 82, Pikachu: 74, Magnemite: 50","Golbat: 91, Gyarados: 88, Staraptor: 70",0,"Damage: 122, Status: 0, Hazard: 0, Weather: 0, Cleric: 0, Screen: 0, Pass: 0, Debuff: 3, Tailwind: 0",None
CYNDAQUIL,F-,All-Rounder,"Tackle: 1745 (36.4%), Leer: 1657 (34.5%), Smoke Screen: 1386 (28.9%), Struggle: 10 (0.2%)",76,2743,0.03,9,0.03,2.78,1.23,90,265,992,0,14.11,2779,"Bellsprout: 19, Magikarp: 11, Caterpie: 9","Staraptor: 46, Clefairy: 42, Geodude: 42",0,"Damage: 6, Status: 0, Hazard: 0, Weather: 0, Cleric: 0, Screen: 0, Pass: 0, Debuff: 3, Tailwind: 0",None
DELCATTY,S-,All-Rounder,"Double Edge: 4946 (59.7%), Fake Out: 1945 (23.5%), Faint Attack: 988 (11.9%), Assist: 141 (1.7%), Captivate: 138 (1.7%), Calm Mind: 121 (1.5%), Baton Pass: 3 (0.0%)",4493,1061,4.23,727,4.92,3.05,0.85,522,68,167,1132,7.29,3047,"Magnemite: 89, Golbat: 83, Magikarp: 82","Staraptor: 36, Machamp: 18, Heracross: 18",0,"Damage: 720, Status: 1, Hazard: 0, Weather: 0, Cleric: 0, Screen: 0, Pass: 4, Debuff: 10, Tailwind: 0",None
DELIBIRD,D,Defender,"Present: 58558 (87.0%), Aerial Ace: 3136 (4.7%), Avalanche: 2840 (4.2%), Struggle: 2756 (4.1%)",5025,9758,0.51,4648,0.99,6.09,3.71,3413,8630,2596,0,-3.75,12334,"Magikarp: 314, Zubat: 194, Rattata: 164","Staraptor: 195, Gyarados: 166, Magnemite: 155",0,"Damage: 4648, Status: 0, Hazard: 0, Weather: 0, Cleric: 0, Screen: 0, Pass: 0, Debuff: 0, Tailwind: 0",None
DEWGONG,C+,Attacker,"Dive: 19505 (22.4%), Ice Shard: 14677 (16.8%), Rest: 10431 (12.0%), Aurora Beam: 9029 (10.4%), Take Down: 6384 (7.3%), Brine: 5338 (6.1%), Ice Beam: 4500 (5.2%), Aqua Tail: 4156 (4.8%), Aqua Ring: 3509 (4.0%), Sheer Cold: 3100 (3.6%), Encore: 2334 (2.7%), Sleep Talk: 2115 (2.4%), Safeguard: 2074 (2.4%), Struggle: 82 (0.1%)",16262,10508,1.55,1598,1.7,6.68,3.44,3046,5315,11296,971,9.2,18069,"Magnemite: 348, Golbat: 338, Zubat: 288","Staraptor: 226, Gyarados: 194, Machoke: 173",3,"Damage: 1598, Status: 24, Hazard: 0, Weather: 0, Cleric: 0, Screen: 0, Pass: 0, Debuff: 10, Tailwind: 0",None
DIGLETT,F,All-Rounder,"Sand Attack: 8960 (25.4%), Growl: 5875 (16.6%), Sucker Punch: 4844 (13.7%), Astonish: 4497 (12.7%), Scratch: 4463 (12.6%), Magnitude: 4148 (11.7%), Dig: 1413 (4.0%), Earth Power: 805 (2.3%), Mud Slap: 262 (0.7%), Struggle: 51 (0.1%)",2180,13338,0.16,1263,0.26,4.69,1.64,1019,1809,6966,1449,14.7,11659,"Magikarp: 199, Geodude: 141, Rattata: 99","Clefairy: 225, Golbat: 202, Gyarados: 187",32,"Damage: 1209, Status: 0, Hazard: 0, Weather: 0, Cleric: 0, Screen: 0, Pass: 0, Debuff: 146, Tailwind: 0",None
DITTO,F-,All-Rounder,"Transform: 6708 (99.6%), Struggle: 28 (0.4%)",3,3304,0.0,198,0.06,1.76,0.61,1,0,425,0,5.95,9813,"Murkrow: 2, Meowth: 1","Staraptor: 200, Golbat: 161, Gyarados: 136",0,"Damage: 172, Status: 85, Hazard: 1, Weather: 0, Cleric: 0, Screen: 0, Pass: 0, Debuff: 3, Tailwind: 0",None
DODRIO,E+,Defender,"Tri Attack: 5903 (25.6%), Acupressure: 5218 (22.6%), Uproar: 5033 (21.8%), Agility: 2889 (12.5%), Pursuit: 2770 (12.0%), Drill Peck: 712 (3.1%), Endeavor: 516 (2.2%), Struggle: 1 (0.0%)",3687,5603,0.66,431,0.73,5.56,2.72,863,243,1633,0,9.13,5581,"Magnemite: 128, Golbat: 118, Pikachu: 98","Staraptor: 147, Gyarados: 132, Sneasel: 116",0,"Damage: 431, Status: 0, Hazard: 0, Weather: 0, Cleric: 0, Screen: 0, Pass: 0, Debuff: 0, Tailwind: 0",None
DODUO,E-,Defender,"Acupressure: 7977 (16.7%), Double Hit: 7915 (16.6%), Uproar: 7413 (15.5%), Quick Attack: 5493 (11.5%), Agility: 4245 (8.9%), Growl: 3914 (8.2%), Rage: 3790 (7.9%), Fury Attack: 3751 (7.9%), Pursuit: 3274 (6.9%)",5205,16110,0.32,2139,0.46,6.95,3.47,2017,2262,3466,0,6.29,9174,"Magikarp: 240, Zubat: 192, Rattata: 159","Golbat: 335, Staraptor: 307, Gyarados: 290",6,"Damage: 2137, Status: 0, Hazard: 0, Weather: 0, Cleric: 0, Screen: 0, Pass: 0, Debuff: 5, Tailwind: 0",None
DONPHAN,C,Support,"Scary Face: 1099 (33.9%), Giga Impact: 867 (26.7%), Earthquake: 838 (25.8%), Assurance: 438 (13.5%)",1148,973,1.18,254,1.44,4.08,2.06,133,303,208,0,1.1,1457,"Rapidash: 42, Luxray: 37, Seaking: 36","Gyarados: 31, Starmie: 25, Floatzel: 25",1,"Damage: 233, Status: 0, Hazard: 0, Weather: 0, Cleric: 0, Screen: 0, Pass: 0, Debuff: 60, Tailwind: 0",None
DRAGONAIR,B,All-Rounder,"Dragon Rage: 8981 (23.4%), Aqua Tail: 5425 (14.1%), Thunder: 3736 (9.7%), Slam: 3525 (9.2%), Dragon Rush: 2833 (7.4%), Agility: 2417 (6.3%), Dragon Pulse: 1907 (5.0%), Thunder Wave: 1752 (4.6%), Iron Tail: 1697 (4.4%), Surf: 1628 (4.2%), Thunderbolt: 1441 (3.8%), Flamethrower: 1039 (2.7%), Outrage: 728 (1.9%), Dragon Dance: 538 (1.4%), Fire Blast: 478 (1.2%), Safeguard: 298 (0.8%)",13441,6900,1.95,1666,2.19,3.58,1.56,1225,4356,1333,403,-4.54,13796,"Magnemite: 281, Gyarados: 238, Pikachu: 235","Staraptor: 205, Gyarados: 161, Sneasel: 125",8,"Damage: 1332, Status: 825, Hazard: 0, Weather: 0, Cleric: 0, Screen: 0, Pass: 0, Debuff: 0, Tailwind: 0",None
DRAGONITE,S,Attacker,"Fly: 12443 (43.9%), Dragon Rush: 6467 (22.8%), Thunder: 2950 (10.4%), Wing Attack: 2898 (10.2%), Dragon Dance: 688 (2.4%), Safeguard: 593 (2.1%), Twister: 480 (1.7%), Outrage: 444 (1.6%), Hyper Beam: 254 (0.9%), Thunder Wave: 250 (0.9%), Draco Meteor: 199 (0.7%), Dragon Breath: 158 (0.6%), Blizzard: 129 (0.5%), Fire Blast: 127 (0.4%), Fire Punch: 123 (0.4%), Protect: 112 (0.4%), Struggle: 1 (0.0%)",12474,1995,6.25,267,6.39,4.47,1.34,1074,3061,5458,218,10.25,7054,"Golbat: 213, Gyarados: 211, Clefairy: 197","Floatzel: 57, Staraptor: 51, Luxray: 44",6,"Damage: 253, Status: 46, Hazard: 0, Weather: 0, Cleric: 0, Screen: 0, Pass: 0, Debuff: 0, Tailwind: 0",None
DRAPION,S,Attacker,"Crunch: 4809 (41.1%), Cross Poison: 3253 (27.8%), Aerial Ace: 1491 (12.7%), X Scissor: 1302 (11.1%), Ice Fang: 625 (5.3%), Swords Dance: 161 (1.4%), Confuse Ray: 62 (0.5%)",6648,831,8.0,269,8.32,3.56,1.19,920,196,287,647,8.27,3703,"Golbat: 113, Magnemite: 102, Magikarp: 90","Snorlax: 27, Staraptor: 26, Magneton: 22",0,"Damage: 258, Status: 50, Hazard: 0, Weather: 0, Cleric: 0, Screen: 0, Pass: 0, Debuff: 7, Tailwind: 0",None
DRATINI,C+,All-Rounder,"Dragon Rush: 12921 (28.6%), Outrage: 9859 (21.8%), Agility: 3963 (8.8%), Headbutt: 3820 (8.4%), Aqua Tail: 3401 (7.5%), Twister: 2701 (6.0%), Thunderbolt: 2597 (5.7%), Dragon Dance: 1893 (4.2%), Slam: 1737 (3.8%), Thunder Wave: 1283 (2.8%), Safeguard: 733 (1.6%), Surf: 286 (0.6%), Hyper Beam: 40 (0.1%)",16587,11562,1.43,2330,1.64,3.38,1.8,2028,4475,1634,2056,-1.69,15234,"Magikarp: 414, Zubat: 390, Geodude: 354","Gyarados: 289, Staraptor: 287, Golbat: 270",1,"Damage: 2327, Status: 17, Hazard: 0, Weather: 0, Cleric: 0, Screen: 0, Pass: 0, Debuff: 0, Tailwind: 0",None
DRIFBLIM,B,All-Rounder,"Shadow Ball: 13519 (22.7%), Ominous Wind: 11681 (19.6%), Baton Pass: 8021 (13.5%), Fly: 5616 (9.4%), Gust: 4881 (8.2%), Stockpile: 3857 (6.5%), Thunderbolt: 3668 (6.2%), Explosion: 2862 (4.8%), Swallow: 1450 (2.4%), Spit Up: 1449 (2.4%), Substitute: 766 (1.3%), Destiny Bond: 453 (0.8%), Toxic: 356 (0.6%), Psychic: 311 (0.5%), Protect: 269 (0.5%), Struggle: 192 (0.3%), Silver Wind: 172 (0.3%)",19067,9766,1.95,2875,2.25,4.13,1.06,2229,743,3844,2371,8.56,20384,"Machoke: 352, Magnemite: 309, Koffing: 247","Staraptor: 196, Sneasel: 195, Magneton: 152",12,"Damage: 2579, Status: 193, Hazard: 0, Weather: 0, Cleric: 0, Screen: 0, Pass: 173, Debuff: 88, Tailwind: 0",None
DRIFLOON,E-,Defender,"Stockpile: 21290 (28.3%), Payback: 11041 (14.7%), Gust: 9906 (13.2%), Spit Up: 9111 (12.1%), Baton Pass: 5718 (7.6%), Swallow: 4444 (5.9%), Ominous Wind: 4436 (5.9%), Minimize: 4035 (5.4%), Astonish: 2635 (3.5%), Focus Energy: 1964 (2.6%), Struggle: 606 (0.8%)",6044,15274,0.4,1642,0.5,6.14,1.95,3148,1693,6281,986,9.5,17028,"Magikarp: 220, Zubat: 204, Geodude: 189","Golbat: 317, Gyarados: 298, Magnemite: 294",0,"Damage: 1556, Status: 0, Hazard: 0, Weather: 0, Cleric: 0, Screen: 0, Pass: 86, Debuff: 0, Tailwind: 0",None
DROWZEE,D-,All-Rounder,"Hypnosis: 13066 (22.1%), Confusion: 10128 (17.1%), Disable: 9497 (16.1%), Dream Eater: 8647 (14.6%), Headbutt: 5732 (9.7%), Nasty Plot: 3939 (6.7%), Psychic: 3119 (5.3%), Zen Headbutt: 3092 (5.2%), Future Sight: 1860 (3.1%), Struggle: 81 (0.1%)",7768,11570,0.67,2694,0.9,4.81,1.99,1743,9028,2030,2523,-8.6,15259,"Magikarp: 393, Geodude: 263, Zubat: 252","Staraptor: 222, Gyarados: 207, Sneasel: 176",0,"Damage: 2636, Status: 1071, Hazard: 0, Weather: 0, Cleric: 0, Screen: 0, Pass: 0, Debuff: 27, Tailwind: 0",None
DUGTRIO,C,All-Rounder,"Slash: 14842 (24.5%), Sucker Punch: 7322 (12.1%), Earth Power: 7052 (11.7%), Mud Bomb: 6450 (10.7%), Dig: 5430 (9.0%), Earthquake: 4590 (7.6%), Sand Attack: 4147 (6.9%), Growl: 2745 (4.5%), Sand Tomb: 2316 (3.8%), Magnitude: 2036 (3.4%), Fissure: 1758 (2.9%), Night Slash: 1060 (1.8%), Astonish: 446 (0.7%), Mud Slap: 308 (0.5%), Struggle: 28 (0.0%)",17090,13816,1.24,3022,1.46,3.44,1.23,3437,3666,8446,1569,11.92,23962,"Magnemite: 496, Pikachu: 352, Golbat: 301","Gyarados: 331, Staraptor: 319, Seaking: 237",11,"Damage: 2988, Status: 0, Hazard: 0, Weather: 0, Cleric: 0, Screen: 0, Pass: 0, Debuff: 72, Tailwind: 0",None
DUNSPARCE,F,Attacker / Disrupter,"Defense Curl: 16392 (44.6%), Rollout: 13512 (36.8%), Yawn: 3439 (9.4%), Glare: 3353 (9.1%), Struggle: 29 (0.1%)",1761,7258,0.24,92,0.26,13.24,6.54,709,3338,1393,0,-3.24,3092,"Magikarp: 82, Zubat: 73, Geodude: 53","Golbat: 131, Machop: 122, Clefairy: 122",0,"Damage: 62, Status: 86, Hazard: 0, Weather: 0, Cleric: 0, Screen: 0, Pass: 0, Debuff: 0, Tailwind: 0",None
DUSCLOPS,B+,Disrupter,"Shadow Punch: 6467 (23.1%), Shadow Sneak: 5877 (21.0%), Will O Wisp: 5753 (20.5%), Mean Look: 3507 (12.5%), Curse: 3024 (10.8%), Payback: 2206 (7.9%), Pursuit: 720 (2.6%), Confuse Ray: 462 (1.6%), Struggle: 3 (0.0%)",5928,4052,1.46,3366,2.29,4.69,2.23,848,1782,991,0,0.2,7436,"Magikarp: 158, Geodude: 143, Zubat: 139","Gyarados: 94, Staraptor: 80, Sneasel: 68",0,"Damage: 2474, Status: 2147, Hazard: 0, Weather: 0, Cleric: 0, Screen: 0, Pass: 0, Debuff: 0, Tailwind: 0",None
DUSKNOIR,A,Disrupter,"Shadow Punch: 4564 (22.7%), Ice Punch: 3334 (16.6%), Fire Punch: 3281 (16.3%), Thunder Punch: 3141 (15.6%), Payback: 1420 (7.1%), Will O Wisp: 1388 (6.9%), Mean Look: 1222 (6.1%), Curse: 616 (3.1%), Shadow Ball: 362 (1.8%), Rock Slide: 187 (0.9%), Protect: 157 (0.8%), Double Team: 155 (0.8%), Pain Split: 151 (0.8%), Substitute: 116 (0.6%)",7844,2705,2.9,907,3.24,4.15,1.81,975,758,899,458,5.21,6553,"Magnemite: 149, Magikarp: 140, Seaking: 129","Sneasel: 58, Heracross: 58, Gyarados: 53",1,"Damage: 669, Status: 511, Hazard: 0, Weather: 0, Cleric: 0, Screen: 0, Pass: 0, Debuff: 4, Tailwind: 0",None
DUSKULL,D,Disrupter,"Pursuit: 9298 (33.8%), Shadow Sneak: 7638 (27.8%), Astonish: 3146 (11.4%), Will O Wisp: 2852 (10.4%), Future Sight: 2605 (9.5%), Confuse Ray: 1872 (6.8%), Struggle: 78 (0.3%)",2033,4908,0.41,2703,0.96,5.55,2.03,1155,1640,1023,695,1.78,6193,"Magikarp: 117, Zubat: 87, Geodude: 82","Gyarados: 103, Staraptor: 98, Golbat: 93",1,"Damage: 2532, Status: 1825, Hazard: 0, Weather: 0, Cleric: 0, Screen: 0, Pass: 0, Debuff: 0, Tailwind: 0",None
DUSTOX,D,Defender,"Protect: 12585 (21.9%), Gust: 6723 (11.7%), Psybeam: 6654 (11.6%), Confusion: 6645 (11.6%), Moonlight: 4799 (8.4%), Bug Buzz: 4399 (7.7%), Silver Wind: 4338 (7.6%), Whirlwind: 3907 (6.8%), Light Screen: 2268 (3.9%), Toxic: 1976 (3.4%), Tackle: 1578 (2.7%), Poison Sting: 1530 (2.7%), Struggle: 52 (0.1%)",5873,8750,0.67,3172,1.03,6.04,2.8,1861,1761,2065,2098,3.62,11889,"Magikarp: 277, Zubat: 228, Geodude: 176","Golbat: 208, Gyarados: 177, Staraptor: 171",1,"Damage: 2964, Status: 1118, Hazard: 0, Weather: 0, Cleric: 0, Screen: 107, Pass: 0, Debuff: 55, Tailwind: 0",None
EEVEE,F+,Support,"Quick Attack: 10330 (28.4%), Sand Attack: 8978 (24.7%), Growl: 8550 (23.5%), Tackle: 5521 (15.2%), Bite: 2282 (6.3%), Helping Hand: 719 (2.0%), Struggle: 19 (0.1%)",2278,10640,0.21,2001,0.4,4.77,1.75,1061,1586,6252,569,13.41,12048,"Zubat: 91, Magikarp: 80, Pikachu: 62","Gyarados: 227, Golbat: 214, Sneasel: 172",6,"Damage: 1891, Status: 0, Hazard: 0, Weather: 0, Cleric: 0, Screen: 0, Pass: 0, Debuff: 340, Tailwind: 0",None
EKANS,F+,Support,"Bite: 8009 (29.5%), Acid: 4146 (15.2%), Screech: 3928 (14.4%), Leer: 3156 (11.6%), Poison Sting: 3036 (11.2%), Wrap: 3022 (11.1%), Glare: 1895 (7.0%)",2128,10124,0.21,1506,0.36,4.87,2.33,1061,2560,1264,2987,-0.86,8796,"Magikarp: 162, Zubat: 108, Rattata: 78","Staraptor: 183, Gyarados: 175, Magnemite: 170",0,"Damage: 1063, Status: 622, Hazard: 0, Weather: 0, Cleric: 0, Screen: 0, Pass: 0, Debuff: 750, Tailwind: 0",None
ELECTABUZZ,A,All-Rounder,"Thunderbolt: 18473 (27.2%), Light Screen: 9255 (13.6%), Discharge: 8306 (12.2%), Thunder Punch: 6960 (10.3%), Quick Attack: 6928 (10.2%), Shock Wave: 5886 (8.7%), Iron Tail: 4402 (6.5%), Swift: 2830 (4.2%), Thunder Wave: 2463 (3.6%), Screech: 1125 (1.7%), Thunder: 940 (1.4%), Low Kick: 202 (0.3%), Struggle: 38 (0.1%)",26699,10267,2.6,4292,3.02,3.47,1.31,3314,3974,2402,3413,2.52,23481,"Golbat: 609, Gyarados: 504, Magnemite: 486","Staraptor: 270, Graveler: 252, Quagsire: 236",1,"Damage: 3868, Status: 1856, Hazard: 0, Weather: 0, Cleric: 0, Screen: 149, Pass: 0, Debuff: 127, Tailwind: 0",None
ELECTIVIRE,S-,All-Rounder,"Thunderbolt: 4080 (32.4%), Quick Attack: 3601 (28.6%), Thunder Punch: 1038 (8.2%), Swift: 935 (7.4%), Thunder Wave: 832 (6.6%), Fire Punch: 781 (6.2%), Brick Break: 443 (3.5%), Cross Chop: 363 (2.9%), Earthquake: 266 (2.1%), Ice Punch: 209 (1.7%), Giga Impact: 61 (0.5%)",6660,1275,5.22,911,5.94,3.56,1.03,730,270,316,290,6.03,4273,"Clefairy: 113, Golbat: 107, Magnemite: 94","Snorlax: 45, Gengar: 41, Heracross: 41",1,"Damage: 848, Status: 302, Hazard: 0, Weather: 0, Cleric: 0, Screen: 0, Pass: 0, Debuff: 0, Tailwind: 0",None
ELECTRIKE,E-,All-Rounder,"Shock Wave: 1047 (35.2%), Thunder Fang: 1036 (34.8%), Roar: 519 (17.4%), Thunder Wave: 373 (12.5%)",420,1316,0.32,173,0.45,3.59,1.38,119,107,123,140,4.26,1567,"Machoke: 13, Croagunk: 12, Raticate: 11","Machoke: 33, Luxray: 26, Magmar: 25",0,"Damage: 157, Status: 65, Hazard: 0, Weather: 0, Cleric: 0, Screen: 0, Pass: 0, Debuff: 0, Tailwind: 0",None
ELECTRODE,C-,All-Rounder,"Swift: 14388 (16.4%), Thunder: 14083 (16.1%), Charge Beam: 11839 (13.5%), Rollout: 7244 (8.3%), Screech: 7140 (8.2%), Shock Wave: 6110 (7.0%), Double Team: 5570 (6.4%), Magnet Rise: 3674 (4.2%), Light Screen: 3584 (4.1%), Rain Dance: 2681 (3.1%), Mirror Coat: 2466 (2.8%), Charge: 2095 (2.4%), Explosion: 1925 (2.2%), Thunderbolt: 1650 (1.9%), Sonic Boom: 1049 (1.2%), Thunder Wave: 838 (1.0%), Selfdestruct: 816 (0.9%), Hyper Beam: 170 (0.2%), Endure: 164 (0.2%), Struggle: 1 (0.0%)",19829,17236,1.15,3545,1.36,4.85,2.21,3153,7456,5617,7174,1.37,21185,"Golbat: 500, Magnemite: 432, Gyarados: 413","Staraptor: 315, Graveler: 292, Quagsire: 291",75,"Damage: 3308, Status: 597, Hazard: 0, Weather: 0, Cleric: 0, Screen: 41, Pass: 0, Debuff: 108, Tailwind: 0",None
ELEKID,E,All-Rounder,"Swift: 2172 (27.5%), Low Kick: 2146 (27.2%), Thunder Shock: 1814 (23.0%), Shock Wave: 1755 (22.3%)",1351,2399,0.56,188,0.64,3.4,1.64,462,123,344,129,8.2,2979,"Magikarp: 78, Zubat: 76, Gastly: 51","Gyarados: 48, Staraptor: 45, Golbat: 39",0,"Damage: 184, Status: 60, Hazard: 0, Weather: 0, Cleric: 0, Screen: 0, Pass: 0, Debuff: 0, Tailwind: 0",None
EMPOLEON,A+,Attacker,"Hydro Pump: 5500 (23.8%), Aqua Jet: 5436 (23.5%), Drill Peck: 3754 (16.2%), Brine: 1768 (7.6%), Metal Claw: 1684 (7.3%), Bubble Beam: 1583 (6.8%), Aerial Ace: 1104 (4.8%), Mist: 663 (2.9%), Shadow Claw: 499 (2.2%), Swagger: 472 (2.0%), Blizzard: 185 (0.8%), Growl: 168 (0.7%), Whirlpool: 129 (0.6%), Ice Beam: 93 (0.4%), Roar: 57 (0.2%), Fury Attack: 55 (0.2%)",10346,3028,3.42,781,3.67,4.08,1.74,1206,1993,828,252,0.14,7665,"Golbat: 198, Rapidash: 182, Graveler: 174","Staraptor: 116, Heracross: 104, Machamp: 86",4,"Damage: 757, Status: 128, Hazard: 0, Weather: 0, Cleric: 0, Screen: 0, Pass: 0, Debuff: 15, Tailwind: 0",None
ESPEON,A-,Attacker,"Psychic: 11408 (27.5%), Psybeam: 7079 (17.0%), Quick Attack: 5700 (13.7%), Swift: 5570 (13.4%), Confusion: 4411 (10.6%), Shadow Ball: 2721 (6.6%), Sand Attack: 2172 (5.2%), Calm Mind: 915 (2.2%), Future Sight: 799 (1.9%), Signal Beam: 219 (0.5%), Skill Swap: 174 (0.4%), Helping Hand: 158 (0.4%), Last Resort: 128 (0.3%), Psych Up: 67 (0.2%), Baton Pass: 4 (0.0%)",17708,6648,2.66,1435,2.88,3.43,1.2,2251,524,2996,1289,10.76,14825,"Magnemite: 322, Golbat: 312, Machoke: 289","Staraptor: 184, Sneasel: 180, Gyarados: 121",2,"Damage: 1410, Status: 258, Hazard: 0, Weather: 0, Cleric: 0, Screen: 0, Pass: 3, Debuff: 49, Tailwind: 0",None
EXEGGCUTE,C-,Disrupter,"Psychic: 14960 (41.8%), Hypnosis: 4632 (12.9%), Confusion: 3784 (10.6%), Dream Eater: 2634 (7.4%), Solar Beam: 2352 (6.6%), Worry Seed: 1848 (5.2%), Sleep Powder: 1683 (4.7%), Stun Spore: 1252 (3.5%), Leech Seed: 926 (2.6%), Skill Swap: 700 (2.0%), Barrage: 666 (1.9%), Grass Knot: 309 (0.9%), Poison Powder: 41 (0.1%), Struggle: 1 (0.0%)",9115,8691,1.05,1958,1.27,4.67,2.16,1450,3485,1272,953,-2.13,10627,"Magnemite: 188, Machoke: 180, Magikarp: 167","Staraptor: 226, Gyarados: 209, Sneasel: 200",34,"Damage: 1746, Status: 1079, Hazard: 0, Weather: 0, Cleric: 0, Screen: 0, Pass: 0, Debuff: 76, Tailwind: 0",None
EXEGGUTOR,A+,Attacker,"Psychic: 9121 (20.8%), Egg Bomb: 7735 (17.6%), Hypnosis: 5486 (12.5%), Leaf Storm: 5454 (12.4%), Giga Drain: 5391 (12.3%), Wood Hammer: 3258 (7.4%), Light Screen: 2763 (6.3%), Stomp: 1651 (3.8%), Confusion: 1475 (3.4%), Trick Room: 714 (1.6%), Reflect: 417 (1.0%), Dream Eater: 332 (0.8%), Explosion: 68 (0.2%), Struggle: 2 (0.0%)",19805,5136,3.86,892,4.03,3.88,1.46,1910,5350,1371,271,-4.51,14278,"Magnemite: 355, Golbat: 323, Seaking: 309","Staraptor: 194, Golbat: 134, Magmar: 87",4,"Damage: 839, Status: 196, Hazard: 0, Weather: 0, Cleric: 0, Screen: 30, Pass: 0, Debuff: 13, Tailwind: 0",None
FARFETCHD,B-,All-Rounder,"Night Slash: 27291 (25.7%), Air Slash: 24075 (22.6%), Feint: 15740 (14.8%), Agility: 14100 (13.3%), Swords Dance: 11549 (10.9%), False Swipe: 10573 (9.9%), Air Cutter: 3058 (2.9%), Struggle: 1 (0.0%)",29521,18243,1.62,3624,1.82,4.5,2.28,6702,2255,3755,3603,7.46,26684,"Magikarp: 652, Zubat: 647, Magnemite: 592","Staraptor: 520, Gyarados: 426, Graveler: 363",0,"Damage: 3624, Status: 0, Hazard: 0, Weather: 0, Cleric: 0, Screen: 0, Pass: 0, Debuff: 0, Tailwind: 0",None
FEAROW,C,Defender,"Assurance: 38750 (25.8%), Agility: 33111 (22.0%), Mirror Move: 27495 (18.3%), Aerial Ace: 18977 (12.6%), Roost: 14114 (9.4%), Drill Peck: 12037 (8.0%), Pursuit: 3002 (2.0%), Leer: 1345 (0.9%), Fury Attack: 1332 (0.9%), Struggle: 30 (0.0%)",28239,23866,1.18,5404,1.41,5.14,2.63,5480,2201,5531,926,5.69,34797,"Magikarp: 599, Zubat: 582, Pikachu: 555","Staraptor: 627, Gyarados: 525, Magnemite: 448",4,"Damage: 5347, Status: 158, Hazard: 0, Weather: 0, Cleric: 0, Screen: 0, Pass: 0, Debuff: 176, Tailwind: 0",None
FEEBAS,F,All-Rounder,"Splash: 7327 (44.5%), Tackle: 7061 (42.9%), Flail: 2058 (12.5%), Struggle: 11 (0.1%)",559,5121,0.11,588,0.22,4.05,2.25,476,736,768,0,2.95,5378,"Zubat: 44, Magikarp: 41, Bellsprout: 37","Magnemite: 95, Gyarados: 87, Pikachu: 80",0,"Damage: 588, Status: 0, Hazard: 0, Weather: 0, Cleric: 0, Screen: 0, Pass: 0, Debuff: 0, Tailwind: 0",None
FERALIGATR,A+,All-Rounder,"Aqua Tail: 3456 (21.1%), Crunch: 2889 (17.6%), Slash: 2673 (16.3%), Waterfall: 2531 (15.5%), Ice Fang: 2461 (15.0%), Thrash: 1640 (10.0%), Water Gun: 722 (4.4%)",8520,2477,3.44,1231,3.94,3.64,1.37,1099,799,471,689,4.25,6308,"Magnemite: 179, Clefairy: 139, Magmar: 136","Magneton: 84, Staraptor: 67, Luxray: 61",1,"Damage: 1225, Status: 8, Hazard: 0, Weather: 0, Cleric: 0, Screen: 0, Pass: 0, Debuff: 21, Tailwind: 0",None
FINNEON,E,Defender,"Water Pulse: 26164 (32.0%), Safeguard: 14455 (17.7%), Captivate: 10296 (12.6%), Gust: 10008 (12.3%), Aqua Ring: 8188 (10.0%), Whirlpool: 6189 (7.6%), U Turn: 4518 (5.5%), Rain Dance: 1748 (2.1%), Struggle: 70 (0.1%)",8648,16399,0.53,1948,0.65,6.34,3.42,2593,3971,3218,3555,2.06,16305,"Magikarp: 312, Geodude: 304, Zubat: 300","Gyarados: 340, Golbat: 331, Staraptor: 284",30,"Damage: 1900, Status: 610, Hazard: 0, Weather: 0, Cleric: 0, Screen: 0, Pass: 0, Debuff: 91, Tailwind: 0",None
FLAAFFY,C+,Disrupter,"Discharge: 14197 (22.1%), Charge: 11877 (18.5%), Signal Beam: 9456 (14.7%), Thunder Wave: 6347 (9.9%), Tackle: 4413 (6.9%), Thunder Shock: 3650 (5.7%), Light Screen: 3568 (5.5%), Cotton Spore: 2620 (4.1%), Double Team: 2110 (3.3%), Power Gem: 1766 (2.7%), Shock Wave: 1608 (2.5%), Charge Beam: 1489 (2.3%), Growl: 1234 (1.9%), Struggle: 19 (0.0%)",14094,10136,1.39,2032,1.59,4.81,2.17,2188,2227,3194,3485,4.7,16481,"Zubat: 335, Magikarp: 331, Magnemite: 322","Staraptor: 195, Gyarados: 172, Seaking: 160",6,"Damage: 1647, Status: 1224, Hazard: 0, Weather: 0, Cleric: 0, Screen: 80, Pass: 0, Debuff: 83, Tailwind: 0",None
FLAREON,C,All-Rounder,"Quick Attack: 14670 (28.2%), Fire Blast: 7894 (15.2%), Ember: 6888 (13.2%), Bite: 6220 (11.9%), Sand Attack: 4917 (9.4%), Fire Spin: 4140 (7.9%), Fire Fang: 2749 (5.3%), Will O Wisp: 2336 (4.5%), Overheat: 1348 (2.6%), Last Resort: 502 (1.0%), Helping Hand: 230 (0.4%), Giga Impact: 100 (0.2%), Attract: 97 (0.2%)",15359,12098,1.27,2105,1.44,3.88,1.59,2500,4579,5110,2158,5.36,19876,"Magnemite: 486, Golbat: 369, Pikachu: 296","Staraptor: 309, Gyarados: 267, Golbat: 219",11,"Damage: 2005, Status: 694, Hazard: 0, Weather: 0, Cleric: 0, Screen: 0, Pass: 0, Debuff: 0, Tailwind: 0",None
FLOATZEL,B-,All-Rounder,"Aqua Jet: 20312 (28.8%), Crunch: 16263 (23.0%), Agility: 8162 (11.6%), Swift: 6381 (9.0%), Quick Attack: 4124 (5.8%), Ice Fang: 3765 (5.3%), Whirlpool: 3722 (5.3%), Waterfall: 2604 (3.7%), Pursuit: 2096 (3.0%), Brick Break: 1126 (1.6%), Brine: 789 (1.1%), Iron Tail: 690 (1.0%), Razor Wind: 522 (0.7%)",21694,14353,1.51,5160,1.87,3.72,1.55,3612,2430,2299,2874,4.75,24708,"Golbat: 417, Magnemite: 361, Pikachu: 323","Staraptor: 364, Gyarados: 294, Roserade: 239",16,"Damage: 5099, Status: 29, Hazard: 0, Weather: 0, Cleric: 0, Screen: 0, Pass: 0, Debuff: 254, Tailwind: 0",None
FLYGON,A+,Attacker,"Earthquake: 479 (43.1%), Dragon Claw: 379 (34.1%), Faint Attack: 149 (13.4%), Screech: 104 (9.4%)",632,176,3.59,23,3.72,3.48,1.11,79,33,25,0,6.25,471,"Luxray: 22, Alakazam: 21, Magneton: 19","Gyarados: 8, Weavile: 7, Alakazam: 6",1,"Damage: 20, Status: 0, Hazard: 0, Weather: 0, Cleric: 0, Screen: 0, Pass: 0, Debuff: 3, Tailwind: 0",None
FORRETRESS,A+,Hazards,"Rock Slide: 4542 (30.5%), Flash Cannon: 3210 (21.5%), Toxic Spikes: 2466 (16.5%), Swift: 2176 (14.6%), Protect: 1508 (10.1%), Stealth Rock: 847 (5.7%), Explosion: 155 (1.0%), Struggle: 1 (0.0%)",4703,1509,3.12,1929,4.39,4.75,2.32,548,749,470,559,1.6,3815,"Magnemite: 130, Magikarp: 82, Golbat: 80","Magneton: 57, Staraptor: 56, Rapidash: 42",0,"Damage: 831, Status: 0, Hazard: 1300, Weather: 0, Cleric: 0, Screen: 0, Pass: 0, Debuff: 7, Tailwind: 0",None
FROSLASS,A,Attacker,"Blizzard: 6439 (32.5%), Ice Shard: 5649 (28.5%), Captivate: 3066 (15.5%), Hail: 2813 (14.2%), Double Team: 674 (3.4%), Shadow Ball: 469 (2.4%), Psychic: 326 (1.6%), Confuse Ray: 168 (0.8%), Ominous Wind: 158 (0.8%), Attract: 30 (0.2%), Struggle: 5 (0.0%)",5797,1860,3.12,489,3.38,5.02,1.76,704,1261,1919,97,6.33,4422,"Machoke: 103, Golbat: 99, Koffing: 95","Rapidash: 68, Magmar: 40, Sneasel: 40",0,"Damage: 464, Status: 49, Hazard: 0, Weather: 235, Cleric: 0, Screen: 0, Pass: 0, Debuff: 7, Tailwind: 0",None
FURRET,C+,Passer,"Slam: 11108 (23.8%), Double Team: 9250 (19.8%), Follow Me: 7304 (15.7%), Sucker Punch: 6722 (14.4%), Rest: 6537 (14.0%), Amnesia: 4236 (9.1%), Baton Pass: 1453 (3.1%), Struggle: 25 (0.1%)",5142,5264,0.98,3287,1.6,7.58,3.4,751,3191,7286,0,8.99,8827,"Magikarp: 158, Pikachu: 145, Zubat: 135","Staraptor: 156, Gyarados: 118, Seaking: 100",0,"Damage: 1321, Status: 0, Hazard: 0, Weather: 0, Cleric: 0, Screen: 0, Pass: 1966, Debuff: 0, Tailwind: 0",None
GABITE,A,Attacker,"Dig: 26882 (62.5%), Dragon Rush: 6121 (14.2%), Dragon Claw: 6027 (14.0%), Slash: 3777 (8.8%), Sand Tomb: 174 (0.4%)",15162,5031,3.01,1055,3.22,4.38,1.24,1853,2220,11395,531,20.24,12126,"Golbat: 301, Magnemite: 269, Magneton: 230","Gyarados: 144, Staraptor: 142, Sneasel: 105",6,"Damage: 1055, Status: 0, Hazard: 0, Weather: 0, Cleric: 0, Screen: 0, Pass: 0, Debuff: 0, Tailwind: 0",None
GALLADE,B,Attacker,"Feint: 5092 (30.5%), Protect: 4954 (29.7%), False Swipe: 3496 (20.9%), Close Combat: 1578 (9.4%), Stone Edge: 664 (4.0%), Psycho Cut: 371 (2.2%), Drain Punch: 258 (1.5%), Leaf Blade: 242 (1.4%), Night Slash: 47 (0.3%), Struggle: 1 (0.0%)",4242,2216,1.91,322,2.06,4.73,1.55,728,408,451,0,4.49,4773,"Sneasel: 117, Magneton: 95, Clefairy: 79","Staraptor: 101, Crobat: 50, Gyarados: 49",0,"Damage: 322, Status: 0, Hazard: 0, Weather: 0, Cleric: 0, Screen: 0, Pass: 0, Debuff: 0, Tailwind: 0",None
GARCHOMP,S,Attacker,"Dig: 2130 (45.5%), Dragon Rush: 1312 (28.0%), Earthquake: 403 (8.6%), Crunch: 280 (6.0%), Dragon Claw: 250 (5.3%), Outrage: 134 (2.9%), Flamethrower: 95 (2.0%), Brick Break: 47 (1.0%), Swords Dance: 12 (0.3%), Giga Impact: 9 (0.2%), Roar: 7 (0.1%)",2072,344,6.02,94,6.3,5.05,1.32,162,429,943,119,12.14,1239,"Magneton: 67, Luxray: 54, Alakazam: 47","Floatzel: 15, Snorlax: 10, Bronzong: 10",0,"Damage: 93, Status: 1, Hazard: 0, Weather: 0, Cleric: 0, Screen: 0, Pass: 0, Debuff: 1, Tailwind: 0",None
GARDEVOIR,A,All-Rounder,"Psychic: 24395 (46.1%), Future Sight: 7835 (14.8%), Imprison: 7466 (14.1%), Calm Mind: 6026 (11.4%), Magical Leaf: 2314 (4.4%), Captivate: 1967 (3.7%), Hypnosis: 1249 (2.4%), Double Team: 823 (1.6%), Focus Blast: 658 (1.2%), Struggle: 71 (0.1%), Charge Beam: 70 (0.1%)",19501,6963,2.8,2898,3.22,3.84,1.7,1599,1398,2192,677,4.36,17388,"Golbat: 469, Magnemite: 418, Machoke: 343","Staraptor: 205, Sneasel: 193, Gyarados: 172",0,"Damage: 2738, Status: 481, Hazard: 0, Weather: 1, Cleric: 0, Screen: 0, Pass: 0, Debuff: 113, Tailwind: 0",None
GASTLY,F+,Disrupter,"Night Shade: 25766 (17.6%), Spite: 22532 (15.4%), Confuse Ray: 19775 (13.5%), Curse: 18996 (12.9%), Mean Look: 18040 (12.3%), Sucker Punch: 16881 (11.5%), Payback: 8567 (5.8%), Lick: 8399 (5.7%), Hypnosis: 6741 (4.6%), Struggle: 1084 (0.7%)",8506,53943,0.16,10278,0.35,4.72,1.74,1505,6310,5342,1930,0.35,40938,"Magikarp: 524, Geodude: 354, Zubat: 282","Golbat: 1088, Staraptor: 1034, Gyarados: 921",6,"Damage: 6875, Status: 6975, Hazard: 0, Weather: 0, Cleric: 0, Screen: 0, Pass: 0, Debuff: 0, Tailwind: 0",None
GASTRODON,B,Defender,"Muddy Water: 21888 (31.3%), Body Slam: 16887 (24.2%), Hidden Power: 12447 (17.8%), Rain Dance: 9195 (13.2%), Recover: 3724 (5.3%), Water Pulse: 2150 (3.1%), Mud Bomb: 1442 (2.1%), Toxic: 1173 (1.7%), Protect: 941 (1.3%), Struggle: 26 (0.0%)",19639,9964,1.97,2318,2.2,5.35,2.82,3039,5515,3793,5695,1.73,17303,"Magnemite: 493, Golbat: 448, Pikachu: 366","Roserade: 259, Gyarados: 250, Staraptor: 199",1,"Damage: 2145, Status: 784, Hazard: 0, Weather: 0, Cleric: 0, Screen: 0, Pass: 0, Debuff: 0, Tailwind: 0",None
GENGAR,B-,All-Rounder,"Shadow Ball: 9079 (29.0%), Dark Pulse: 6891 (22.0%), Sludge Bomb: 2459 (7.8%), Hypnosis: 2418 (7.7%), Mean Look: 1776 (5.7%), Focus Blast: 1641 (5.2%), Payback: 1515 (4.8%), Sucker Punch: 1482 (4.7%), Confuse Ray: 996 (3.2%), Frustration: 685 (2.2%), Destiny Bond: 659 (2.1%), Spite: 538 (1.7%), Curse: 206 (0.7%), Thunderbolt: 198 (0.6%), Lick: 189 (0.6%), Psychic: 152 (0.5%), Thunder: 131 (0.4%), Struggle: 123 (0.4%), Energy Ball: 91 (0.3%), Substitute: 83 (0.3%), Dream Eater: 28 (0.1%), Nightmare: 16 (0.1%)",9690,6532,1.48,2117,1.81,4.27,1.3,1388,2022,879,2056,0.82,11040,"Gyarados: 163, Magnemite: 136, Golbat: 129","Alakazam: 210, Staraptor: 168, Gyarados: 162",5,"Damage: 1968, Status: 599, Hazard: 0, Weather: 0, Cleric: 0, Screen: 0, Pass: 0, Debuff: 123, Tailwind: 0",None
GEODUDE,F,Defender,"Defense Curl: 59150 (24.1%), Rock Polish: 53658 (21.8%), Rock Throw: 36469 (14.8%), Tackle: 33736 (13.7%), Magnitude: 20784 (8.5%), Mud Sport: 20686 (8.4%), Selfdestruct: 9256 (3.8%), Rollout: 5728 (2.3%), Rock Blast: 1808 (0.7%), Stealth Rock: 1610 (0.7%), Explosion: 1442 (0.6%), Earthquake: 1050 (0.4%), Struggle: 337 (0.1%)",22113,94355,0.23,6202,0.3,5.17,2.86,6005,13203,13631,0,2.48,65616,"Magikarp: 1404, Zubat: 955, Rattata: 755","Gyarados: 1371, Staraptor: 1361, Clefairy: 1278",114,"Damage: 6043, Status: 0, Hazard: 224, Weather: 0, Cleric: 0, Screen: 0, Pass: 0, Debuff: 0, Tailwind: 0",None
GIBLE,B-,All-Rounder,"Dig: 14946 (42.9%), Dragon Rush: 5923 (17.0%), Dragon Claw: 4077 (11.7%), Slash: 3019 (8.7%), Dragon Rage: 2118 (6.1%), Take Down: 1988 (5.7%), Sand Tomb: 1605 (4.6%), Sandstorm: 1177 (3.4%)",11465,6925,1.66,1544,1.88,3.58,1.5,1458,2815,7017,514,13.48,12041,"Magikarp: 318, Zubat: 305, Magnemite: 266","Staraptor: 190, Gyarados: 181, Sneasel: 137",2,"Damage: 1542, Status: 0, Hazard: 0, Weather: 128, Cleric: 0, Screen: 0, Pass: 0, Debuff: 0, Tailwind: 0",None
GIRAFARIG,C+,Attacker,"Psybeam: 9359 (29.2%), Psychic: 8811 (27.5%), Stomp: 2708 (8.4%), Shadow Ball: 1997 (6.2%), Double Hit: 1816 (5.7%), Calm Mind: 1457 (4.5%), Skill Swap: 1221 (3.8%), Assurance: 1176 (3.7%), Light Screen: 1122 (3.5%), Agility: 1028 (3.2%), Crunch: 1012 (3.2%), Thunder Wave: 295 (0.9%), Baton Pass: 52 (0.2%)",11881,7720,1.54,994,1.67,3.4,1.38,1544,707,1134,1125,5.88,13569,"Magnemite: 235, Golbat: 221, Koffing: 176","Staraptor: 225, Sneasel: 203, Gyarados: 179",9,"Damage: 909, Status: 123, Hazard: 0, Weather: 0, Cleric: 0, Screen: 22, Pass: 66, Debuff: 40, Tailwind: 0",None
GLACEON,D-,All-Rounder,"Quick Attack: 1532 (24.4%), Ice Shard: 1499 (23.9%), Bite: 1294 (20.6%), Icy Wind: 1291 (20.6%), Blizzard: 384 (6.1%), Water Pulse: 101 (1.6%), Mirror Coat: 100 (1.6%), Shadow Ball: 73 (1.2%)",1241,1574,0.79,137,0.88,4.29,2.09,361,314,295,1098,4.74,2170,"Staraptor: 35, Machoke: 33, Golbat: 31","Staraptor: 51, Seaking: 39, Magneton: 34",0,"Damage: 137, Status: 3, Hazard: 0, Weather: 0, Cleric: 0, Screen: 0, Pass: 0, Debuff: 2, Tailwind: 0",None
GLALIE,A+,Attacker,"Ice Beam: 11556 (42.8%), Crunch: 7444 (27.6%), Ice Fang: 2201 (8.2%), Protect: 1681 (6.2%), Sheer Cold: 1645 (6.1%), Hail: 1412 (5.2%), Shadow Ball: 387 (1.4%), Blizzard: 269 (1.0%), Headbutt: 213 (0.8%), Payback: 86 (0.3%), Torment: 70 (0.3%), Attract: 11 (0.0%)",12706,3439,3.69,995,3.98,3.62,1.3,1338,1476,778,1428,2.38,9180,"Magnemite: 246, Golbat: 242, Pikachu: 202","Staraptor: 115, Magneton: 105, Rapidash: 80",2,"Damage: 853, Status: 42, Hazard: 0, Weather: 348, Cleric: 0, Screen: 0, Pass: 0, Debuff: 41, Tailwind: 0",None
GLAMEOW,E,Support,"Assist: 30288 (16.1%), Slash: 23611 (12.5%), Growl: 20514 (10.9%), Sucker Punch: 19738 (10.5%), Scratch: 19342 (10.3%), Captivate: 18611 (9.9%), Fury Swipes: 15786 (8.4%), Charm: 15578 (8.3%), Faint Attack: 11255 (6.0%), Hypnosis: 7058 (3.7%), Fake Out: 4339 (2.3%), Attract: 2114 (1.1%), Struggle: 111 (0.1%)",22088,44979,0.49,7482,0.66,4.33,1.94,8508,10918,7782,4280,2.74,56078,"Magikarp: 970, Zubat: 752, Rattata: 540","Staraptor: 918, Gyarados: 885, Golbat: 876",0,"Damage: 6838, Status: 879, Hazard: 0, Weather: 0, Cleric: 0, Screen: 0, Pass: 0, Debuff: 1130, Tailwind: 0",None
GLIGAR,C-,Support,"Faint Attack: 12204 (39.8%), Quick Attack: 8256 (26.9%), Screech: 4783 (15.6%), Fury Cutter: 2780 (9.1%), Harden: 2460 (8.0%), Knock Off: 98 (0.3%), Poison Sting: 87 (0.3%)",5207,5868,0.89,2250,1.27,4.75,2.25,1419,1557,1232,15,3.42,8492,"Magikarp: 166, Zubat: 164, Pikachu: 134","Gyarados: 123, Staraptor: 109, Sneasel: 105",0,"Damage: 1890, Status: 7, Hazard: 0, Weather: 0, Cleric: 0, Screen: 0, Pass: 0, Debuff: 834, Tailwind: 0",None
GLISCOR,S,Attacker,"Quick Attack: 3033 (25.5%), Aerial Ace: 2807 (23.6%), Thunder Fang: 1738 (14.6%), X Scissor: 1720 (14.5%), Earthquake: 1585 (13.3%), Ice Fang: 525 (4.4%), Fire Fang: 471 (4.0%)",7287,926,7.87,679,8.6,3.35,0.97,719,248,318,198,6.55,4191,"Golbat: 109, Magnemite: 100, Seaking: 95","Floatzel: 50, Gengar: 35, Empoleon: 27",0,"Damage: 679, Status: 20, Hazard: 0, Weather: 0, Cleric: 0, Screen: 0, Pass: 0, Debuff: 0, Tailwind: 0",None
GLOOM,D,Disrupter,"Mega Drain: 61359 (45.3%), Stun Spore: 17261 (12.7%), Sleep Powder: 15725 (11.6%), Lucky Chant: 15721 (11.6%), Sweet Scent: 6930 (5.1%), Absorb: 4427 (3.3%), Sludge Bomb: 4233 (3.1%), Poison Powder: 2925 (2.2%), Drain Punch: 2798 (2.1%), Acid: 1656 (1.2%), Toxic: 1467 (1.1%), Natural Gift: 859 (0.6%), Struggle: 199 (0.1%)",15793,20034,0.79,5155,1.05,6.61,2.92,4470,12804,4736,679,-2.59,25500,"Magikarp: 499, Geodude: 446, Pikachu: 427","Golbat: 565, Gyarados: 478, Staraptor: 473",10,"Damage: 4662, Status: 3673, Hazard: 0, Weather: 0, Cleric: 0, Screen: 0, Pass: 0, Debuff: 4, Tailwind: 0",None
GOLBAT,C+,Disrupter,"Air Cutter: 133512 (32.5%), Poison Fang: 66343 (16.1%), Confuse Ray: 60277 (14.7%), Mean Look: 43942 (10.7%), Bite: 40771 (9.9%), Wing Attack: 38124 (9.3%), Air Slash: 9320 (2.3%), Supersonic: 7546 (1.8%), Astonish: 6627 (1.6%), Toxic: 1998 (0.5%), Haze: 1208 (0.3%), Sludge Bomb: 870 (0.2%), Giga Drain: 506 (0.1%), Leech Life: 192 (0.0%)",84684,67364,1.26,26849,1.66,5.02,2.2,25680,17381,14057,25627,5.25,103696,"Magikarp: 1624, Zubat: 1587, Machoke: 1582","Staraptor: 1746, Gyarados: 1572, Magnemite: 1294",20,"Damage: 24992, Status: 16345, Hazard: 0, Weather: 0, Cleric: 0, Screen: 0, Pass: 0, Debuff: 0, Tailwind: 0",None
GOLDEEN,E,Defender,"Flail: 47737 (23.8%), Water Pulse: 45554 (22.7%), Horn Attack: 32290 (16.1%), Fury Attack: 17717 (8.8%), Aqua Ring: 17033 (8.5%), Supersonic: 14789 (7.4%), Peck: 8586 (4.3%), Waterfall: 5062 (2.5%), Tail Whip: 4713 (2.4%), Horn Drill: 3804 (1.9%), Water Sport: 3092 (1.5%), Struggle: 139 (0.1%)",24939,58828,0.42,11373,0.62,5.12,2.75,10510,16751,9317,7604,1.44,52662,"Magikarp: 1189, Zubat: 937, Geodude: 925","Golbat: 1228, Gyarados: 1090, Magnemite: 1066",1,"Damage: 11146, Status: 3409, Hazard: 0, Weather: 0, Cleric: 0, Screen: 0, Pass: 0, Debuff: 89, Tailwind: 0",None
GOLDUCK,B+,Support,"Water Pulse: 52360 (20.6%), Screech: 48369 (19.0%), Zen Headbutt: 37276 (14.7%), Fury Swipes: 35061 (13.8%), Confusion: 27771 (10.9%), Amnesia: 13954 (5.5%), Disable: 10845 (4.3%), Psych Up: 8354 (3.3%), Hydro Pump: 7392 (2.9%), Psychic: 5345 (2.1%), Blizzard: 4895 (1.9%), Brick Break: 1575 (0.6%), Aqua Jet: 720 (0.3%), Struggle: 13 (0.0%)",64041,33064,1.94,11163,2.27,4.86,2.39,12181,27574,9632,11272,-2.21,62313,"Magnemite: 1387, Magikarp: 1248, Koffing: 1239","Gyarados: 694, Staraptor: 649, Seaking: 600",1,"Damage: 9781, Status: 2125, Hazard: 0, Weather: 0, Cleric: 0, Screen: 0, Pass: 0, Debuff: 3297, Tailwind: 0",None
GOLEM,C,Attacker,"Roar: 8564 (17.0%), Rock Slide: 6297 (12.5%), Earthquake: 5927 (11.7%), Rollout: 5858 (11.6%), Explosion: 5275 (10.4%), Sandstorm: 4700 (9.3%), Double Edge: 4117 (8.2%), Rock Blast: 2635 (5.2%), Selfdestruct: 2506 (5.0%), Stone Edge: 1534 (3.0%), Magnitude: 1429 (2.8%), Rock Polish: 463 (0.9%), Rock Throw: 438 (0.9%), Thunder Punch: 430 (0.9%), Fire Punch: 202 (0.4%), Brick Break: 82 (0.2%), Flamethrower: 37 (0.1%)",22434,16650,1.35,1237,1.42,3.15,1.37,2216,3143,2020,362,2.09,25672,"Magnemite: 506, Golbat: 462, Pikachu: 371","Gyarados: 277, Golduck: 261, Magneton: 174",18,"Damage: 1032, Status: 6, Hazard: 0, Weather: 448, Cleric: 0, Screen: 0, Pass: 0, Debuff: 0, Tailwind: 0",None
GRANBULL,B+,Attacker,"Take Down: 10431 (30.3%), Rage: 8574 (24.9%), Roar: 6217 (18.0%), Headbutt: 5449 (15.8%), Payback: 3809 (11.0%), Struggle: 1 (0.0%)",11525,4960,2.32,350,2.39,4.37,2.17,1426,2074,1280,690,1.71,10227,"Pikachu: 285, Magnemite: 261, Golbat: 208","Staraptor: 130, Machoke: 96, Gyarados: 91",1,"Damage: 316, Status: 0, Hazard: 0, Weather: 0, Cleric: 0, Screen: 0, Pass: 0, Debuff: 42, Tailwind: 0",None
GRAVELER,D,Attacker,"Rollout: 24635 (26.7%), Selfdestruct: 16155 (17.5%), Explosion: 14429 (15.6%), Earthquake: 14168 (15.4%), Rock Blast: 8914 (9.7%), Magnitude: 5638 (6.1%), Rock Slide: 3332 (3.6%), Defense Curl: 1721 (1.9%), Rock Polish: 1300 (1.4%), Double Edge: 1090 (1.2%), Rock Throw: 850 (0.9%), Struggle: 2 (0.0%)",49767,57414,0.87,5409,0.96,2.52,1.2,5507,6534,4257,242,3.37,61734,"Golbat: 1275, Magnemite: 1201, Pikachu: 886","Golduck: 869, Staraptor: 723, Gyarados: 636",122,"Damage: 5409, Status: 0, Hazard: 0, Weather: 0, Cleric: 0, Screen: 0, Pass: 0, Debuff: 0, Tailwind: 0",None
GRIMER,E-,Defender,"Sludge: 17811 (19.3%), Minimize: 14712 (15.9%), Disable: 14070 (15.2%), Mud Bomb: 9331 (10.1%), Mud Slap: 9072 (9.8%), Harden: 7603 (8.2%), Pound: 4600 (5.0%), Sludge Bomb: 4107 (4.4%), Gunk Shot: 3992 (4.3%), Acid Armor: 3664 (4.0%), Screech: 2080 (2.3%), Poison Gas: 1217 (1.3%), Struggle: 64 (0.1%)",7345,23564,0.31,3806,0.47,5.82,2.55,2613,9797,25991,14714,15.84,22406,"Magikarp: 372, Geodude: 240, Zubat: 222","Staraptor: 449, Gyarados: 419, Golbat: 395",16,"Damage: 3752, Status: 1798, Hazard: 0, Weather: 0, Cleric: 0, Screen: 0, Pass: 0, Debuff: 75, Tailwind: 0",None
GROTLE,E,Attacker,"Curse: 10419 (39.2%), Razor Leaf: 8473 (31.9%), Bite: 3646 (13.7%), Withdraw: 2549 (9.6%), Mega Drain: 1034 (3.9%), Tackle: 351 (1.3%), Absorb: 79 (0.3%)",4734,8109,0.58,498,0.65,4.53,2.39,1265,854,1362,686,6.43,10416,"Pikachu: 198, Seaking: 172, Goldeen: 142","Golbat: 222, Gyarados: 194, Staraptor: 179",3,"Damage: 498, Status: 0, Hazard: 0, Weather: 0, Cleric: 0, Screen: 0, Pass: 0, Debuff: 0, Tailwind: 0",None
GROWLITHE,E+,Support,"Ember: 19274 (23.8%), Leer: 15306 (18.9%), Flamethrower: 11879 (14.6%), Take Down: 6414 (7.9%), Crunch: 5468 (6.7%), Agility: 5043 (6.2%), Odor Sleuth: 3272 (4.0%), Heat Wave: 2727 (3.4%), Bite: 2689 (3.3%), Fire Fang: 2661 (3.3%), Flame Wheel: 2581 (3.2%), Roar: 2275 (2.8%), Helping Hand: 769 (0.9%), Reversal: 715 (0.9%), Struggle: 17 (0.0%)",17108,24455,0.7,2791,0.81,4.0,2.11,3228,3179,4317,3597,5.02,26825,"Magikarp: 584, Zubat: 513, Magnemite: 453","Staraptor: 485, Gyarados: 459, Golbat: 458",0,"Damage: 2540, Status: 635, Hazard: 0, Weather: 0, Cleric: 0, Screen: 0, Pass: 0, Debuff: 618, Tailwind: 0",None
GRUMPIG,S,All-Rounder,"Payback: 3563 (33.8%), Power Gem: 3409 (32.4%), Psychic: 3223 (30.6%), Snore: 137 (1.3%), Confuse Ray: 102 (1.0%), Signal Beam: 95 (0.9%)",4967,894,5.56,732,6.37,3.76,1.5,633,208,256,87,6.31,3137,"Magnemite: 87, Golbat: 85, Magikarp: 82","Heracross: 27, Staraptor: 25, Luxray: 15",0,"Damage: 716, Status: 47, Hazard: 0, Weather: 0, Cleric: 0, Screen: 0, Pass: 0, Debuff: 13, Tailwind: 0",None
GULPIN,B-,Defender,"Sludge Bomb: 13717 (50.8%), Stockpile: 5711 (21.1%), Gastro Acid: 3558 (13.2%), Spit Up: 2262 (8.4%), Swallow: 1707 (6.3%), Struggle: 67 (0.2%)",5114,3825,1.34,1623,1.76,5.22,3.05,962,601,1066,2496,5.11,6279,"Magikarp: 160, Zubat: 143, Geodude: 126","Staraptor: 91, Magnemite: 80, Golbat: 79",0,"Damage: 1623, Status: 677, Hazard: 0, Weather: 0, Cleric: 0, Screen: 0, Pass: 0, Debuff: 0, Tailwind: 0",None
GYARADOS,B,Attacker / Support,"Ice Fang: 39166 (11.5%), Leer: 32454 (9.6%), Aqua Tail: 30412 (9.0%), Hydro Pump: 30340 (8.9%), Dragon Rage: 29901 (8.8%), Dragon Dance: 29096 (8.6%), Twister: 27750 (8.2%), Thrash: 27086 (8.0%), Bite: 24241 (7.1%), Rain Dance: 23887 (7.0%), Hyper Beam: 16509 (4.9%), Waterfall: 15003 (4.4%), Dragon Pulse: 4858 (1.4%), Earthquake: 3111 (0.9%), Surf: 2733 (0.8%), Brine: 1784 (0.5%), Thunder Wave: 235 (0.1%), Avalanche: 233 (0.1%), Flail: 217 (0.1%), Giga Impact: 88 (0.0%), Struggle: 60 (0.0%), Return: 1 (0.0%)",93930,51281,1.83,8924,2.01,5.33,2.78,12593,17757,12985,10630,2.25,79696,"Magnemite: 1807, Clefairy: 1665, Golbat: 1572","Staraptor: 1154, Magneton: 1059, Gyarados: 979",7,"Damage: 8028, Status: 249, Hazard: 0, Weather: 0, Cleric: 0, Screen: 0, Pass: 0, Debuff: 1695, Tailwind: 0",None
HAPPINY,F-,Disrupter,"Copycat: 2857 (44.0%), Charm: 1860 (28.7%), Sweet Kiss: 1463 (22.5%), Refresh: 280 (4.3%), Struggle: 31 (0.5%)",50,2347,0.02,90,0.06,4.7,1.67,57,660,446,64,-2.28,2431,"Haunter: 6, Raticate: 5, Magnemite: 3","Gyarados: 47, Golbat: 41, Magnemite: 38",0,"Damage: 34, Status: 79, Hazard: 0, Weather: 0, Cleric: 0, Screen: 0, Pass: 0, Debuff: 5, Tailwind: 0",None
HARIYAMA,A-,Defender,"Endure: 4586 (39.8%), Reversal: 3758 (32.6%), Close Combat: 774 (6.7%), Bullet Punch: 703 (6.1%), Stone Edge: 578 (5.0%), Wake Up Slap: 384 (3.3%), Payback: 300 (2.6%), Earthquake: 271 (2.4%), Bulk Up: 128 (1.1%), Struggle: 20 (0.2%), Low Kick: 10 (0.1%)",3349,1398,2.4,462,2.73,5.36,2.63,417,393,426,0,3.77,2971,"Gyarados: 78, Golbat: 62, Seaking: 58","Alakazam: 44, Staraptor: 43, Golbat: 42",0,"Damage: 462, Status: 0, Hazard: 0, Weather: 0, Cleric: 0, Screen: 0, Pass: 0, Debuff: 0, Tailwind: 0",None
HAUNTER,E+,Disrupter,"Sucker Punch: 33259 (23.4%), Night Shade: 24543 (17.3%), Confuse Ray: 19229 (13.5%), Shadow Punch: 15987 (11.2%), Shadow Ball: 9962 (7.0%), Curse: 9277 (6.5%), Mean Look: 8894 (6.3%), Hypnosis: 4932 (3.5%), Payback: 4223 (3.0%), Lick: 2562 (1.8%), Dark Pulse: 2539 (1.8%), Dream Eater: 2488 (1.7%), Shadow Claw: 2393 (1.7%), Struggle: 1196 (0.8%), Nightmare: 376 (0.3%), Destiny Bond: 237 (0.2%), Toxic: 155 (0.1%)",17898,35468,0.5,7791,0.72,4.57,1.43,3119,4564,4471,1820,2.02,41825,"Magikarp: 545, Zubat: 503, Geodude: 480","Staraptor: 771, Gyarados: 752, Golbat: 611",14,"Damage: 5665, Status: 4228, Hazard: 0, Weather: 0, Cleric: 0, Screen: 0, Pass: 0, Debuff: 149, Tailwind: 0",None
HERACROSS,B-,All-Rounder,"Leer: 9987 (18.5%), Reversal: 8280 (15.4%), Brick Break: 7386 (13.7%), Aerial Ace: 6387 (11.8%), Night Slash: 5464 (10.1%), Close Combat: 5170 (9.6%), Fury Attack: 2391 (4.4%), Counter: 2227 (4.1%), Megahorn: 1487 (2.8%), Stone Edge: 1388 (2.6%), Feint: 1227 (2.3%), Take Down: 1201 (2.2%), Rock Slide: 1133 (2.1%), Horn Attack: 177 (0.3%), Struggle: 1 (0.0%)",19151,11107,1.72,2564,1.96,3.67,1.68,3035,2437,2103,105,4.82,19965,"Clefairy: 455, Zubat: 268, Rattata: 266","Staraptor: 484, Golbat: 310, Gyarados: 265",9,"Damage: 2555, Status: 0, Hazard: 0, Weather: 0, Cleric: 0, Screen: 0, Pass: 0, Debuff: 9, Tailwind: 0",None
HIPPOPOTAS,D+,Weather,"Earthquake: 1143 (54.8%), Take Down: 483 (23.1%), Crunch: 413 (19.8%), Sand Tomb: 48 (2.3%)",752,1075,0.7,379,1.05,3.16,1.37,107,161,147,36,4.21,1478,"Gastly: 40, Haunter: 29, Magneton: 20","Seaking: 37, Gyarados: 34, Mr Mime: 24",7,"Damage: 222, Status: 0, Hazard: 0, Weather: 336, Cleric: 0, Screen: 0, Pass: 0, Debuff: 9, Tailwind: 0",None
HIPPOWDON,A+,Weather,"Crunch: 6361 (28.9%), Earthquake: 3962 (18.0%), Sand Tomb: 3850 (17.5%), Take Down: 2884 (13.1%), Double Edge: 2660 (12.1%), Dig: 1464 (6.6%), Stone Edge: 322 (1.5%), Protect: 250 (1.1%), Yawn: 159 (0.7%), Rest: 127 (0.6%), Struggle: 3 (0.0%)",8994,2913,3.09,3212,4.19,3.82,1.89,1196,2103,1389,676,2.0,7092,"Magnemite: 204, Magikarp: 159, Pikachu: 157","Gyarados: 92, Starmie: 54, Empoleon: 49",0,"Damage: 2132, Status: 29, Hazard: 0, Weather: 2750, Cleric: 0, Screen: 0, Pass: 0, Debuff: 115, Tailwind: 0",None
HITMONCHAN,B-,Attacker,"Ice Punch: 4227 (17.2%), Fire Punch: 3856 (15.7%), Thunder Punch: 3752 (15.3%), Mach Punch: 2731 (11.1%), Close Combat: 2509 (10.2%), Mega Punch: 2168 (8.8%), Vacuum Wave: 1742 (7.1%), Detect: 1211 (4.9%), Counter: 1111 (4.5%), Double Team: 419 (1.7%), Bullet Punch: 369 (1.5%), Swagger: 146 (0.6%), Focus Punch: 128 (0.5%), Substitute: 82 (0.3%), Drain Punch: 55 (0.2%), Struggle: 7 (0.0%)",8583,5035,1.7,573,1.82,3.85,1.56,1313,683,970,782,6.42,8940,"Magnemite: 209, Golbat: 155, Zubat: 144","Staraptor: 182, Gyarados: 120, Golbat: 101",12,"Damage: 525, Status: 158, Hazard: 0, Weather: 0, Cleric: 0, Screen: 0, Pass: 0, Debuff: 0, Tailwind: 0",None
HITMONLEE,D+,All-Rounder,"Endure: 11589 (20.4%), Meditate: 7162 (12.6%), Mind Reader: 6579 (11.6%), Focus Energy: 6366 (11.2%), Reversal: 5623 (9.9%), Hi Jump Kick: 4477 (7.9%), Feint: 3619 (6.4%), Blaze Kick: 2583 (4.6%), Close Combat: 1617 (2.9%), Jump Kick: 1465 (2.6%), Foresight: 1394 (2.5%), Double Kick: 1372 (2.4%), Mega Kick: 1192 (2.1%), Brick Break: 903 (1.6%), Swagger: 389 (0.7%), Fake Out: 194 (0.3%), Bulk Up: 162 (0.3%), Struggle: 6 (0.0%)",11098,11166,0.99,1733,1.15,4.56,2.18,2999,1403,2096,264,6.29,16422,"Magnemite: 271, Clefairy: 235, Pikachu: 186","Staraptor: 307, Gyarados: 252, Golbat: 240",5,"Damage: 1651, Status: 197, Hazard: 0, Weather: 0, Cleric: 0, Screen: 0, Pass: 0, Debuff: 0, Tailwind: 0",None
HITMONTOP,S-,Defender,"Detect: 11616 (18.9%), Endeavor: 11113 (18.1%), Quick Attack: 10792 (17.6%), Dig: 6235 (10.2%), Close Combat: 5483 (8.9%), Aerial Ace: 4268 (7.0%), Counter: 4054 (6.6%), Gyro Ball: 3641 (5.9%), Fake Out: 1701 (2.8%), Triple Kick: 1239 (2.0%), Earthquake: 1119 (1.8%), Struggle: 88 (0.1%)",15662,3927,3.99,3041,4.76,5.86,2.19,1885,835,3779,1247,7.41,11582,"Magikarp: 327, Magnemite: 300, Pikachu: 285","Staraptor: 144, Gyarados: 105, Mr Mime: 85",1,"Damage: 2882, Status: 0, Hazard: 0, Weather: 0, Cleric: 0, Screen: 0, Pass: 0, Debuff: 231, Tailwind: 0",None
HONCHKROW,C+,All-Rounder,"Drill Peck: 1466 (28.5%), Dark Pulse: 878 (17.1%), Night Slash: 857 (16.7%), Night Shade: 357 (6.9%), Faint Attack: 353 (6.9%), Nasty Plot: 329 (6.4%), Thunder Wave: 290 (5.6%), Swagger: 194 (3.8%), Shadow Ball: 149 (2.9%), Sucker Punch: 87 (1.7%), Heat Wave: 66 (1.3%), Psychic: 55 (1.1%), Astonish: 44 (0.9%), Whirlwind: 13 (0.3%)",2243,1581,1.42,401,1.67,3.41,1.38,375,123,261,77,9.5,2656,"Alakazam: 74, Staraptor: 53, Floatzel: 49","Staraptor: 59, Heracross: 43, Magneton: 40",0,"Damage: 361, Status: 132, Hazard: 0, Weather: 0, Cleric: 0, Screen: 0, Pass: 0, Debuff: 0, Tailwind: 0",None
HOOTHOOT,E,Support,"Confusion: 23019 (22.4%), Uproar: 17966 (17.5%), Take Down: 16148 (15.7%), Reflect: 14274 (13.9%), Peck: 12421 (12.1%), Air Slash: 7118 (6.9%), Hypnosis: 4089 (4.0%), Tackle: 3447 (3.4%), Zen Headbutt: 2129 (2.1%), Growl: 1670 (1.6%), Foresight: 470 (0.5%), Struggle: 7 (0.0%)",12839,32284,0.4,6713,0.61,3.8,1.81,4684,6776,4590,3555,2.34,38253,"Magikarp: 835, Zubat: 628, Geodude: 471","Magnemite: 639, Staraptor: 571, Golbat: 527",2,"Damage: 6334, Status: 628, Hazard: 0, Weather: 0, Cleric: 0, Screen: 1138, Pass: 0, Debuff: 8, Tailwind: 0",None
HOPPIP,E,Disrupter,"Bullet Seed: 9424 (15.4%), Splash: 8192 (13.4%), Tail Whip: 7357 (12.0%), Stun Spore: 6425 (10.5%), Bounce: 5944 (9.7%), Giga Drain: 5094 (8.3%), Aerial Ace: 3999 (6.5%), Leech Seed: 2692 (4.4%), Sleep Powder: 2149 (3.5%), Sunny Day: 2126 (3.5%), Mega Drain: 2065 (3.4%), Tackle: 2023 (3.3%), Synthesis: 1654 (2.7%), Poison Powder: 1011 (1.7%), U Turn: 810 (1.3%), Struggle: 107 (0.2%)",5654,16376,0.35,4598,0.63,6.17,2.6,2466,4345,5040,0,4.78,14598,"Magikarp: 239, Geodude: 170, Zubat: 164","Golbat: 360, Staraptor: 305, Gyarados: 281",6,"Damage: 3771, Status: 2799, Hazard: 0, Weather: 1, Cleric: 0, Screen: 0, Pass: 0, Debuff: 535, Tailwind: 0",None
HORSEA,D,All-Rounder,"Twister: 9077 (16.0%), Agility: 6933 (12.2%), Leer: 6730 (11.9%), Smoke Screen: 6490 (11.5%), Water Pulse: 6373 (11.3%), Brine: 6175 (10.9%), Hydro Pump: 4310 (7.6%), Focus Energy: 4226 (7.5%), Bubble Beam: 3934 (6.9%), Bubble: 2368 (4.2%)",11246,15172,0.74,3046,0.94,4.54,2.27,3078,2065,6387,1125,11.74,15520,"Magikarp: 398, Geodude: 369, Zubat: 346","Golbat: 362, Gyarados: 325, Staraptor: 275",4,"Damage: 2861, Status: 260, Hazard: 0, Weather: 0, Cleric: 0, Screen: 0, Pass: 0, Debuff: 408, Tailwind: 0",None
HOUNDOOM,S,Attacker,"Flamethrower: 11764 (33.4%), Dark Pulse: 11103 (31.5%), Sludge Bomb: 4200 (11.9%), Fire Fang: 2036 (5.8%), Thunder Fang: 1321 (3.7%), Sunny Day: 1295 (3.7%), Faint Attack: 1024 (2.9%), Bite: 972 (2.8%), Will O Wisp: 722 (2.0%), Nasty Plot: 398 (1.1%), Crunch: 233 (0.7%), Smog: 88 (0.2%), Shadow Ball: 52 (0.1%), Sucker Punch: 22 (0.1%)",23545,3133,7.52,1866,8.11,2.91,0.75,1954,775,745,1371,5.24,14015,"Golbat: 437, Magnemite: 419, Pikachu: 332","Staraptor: 177, Gyarados: 95, Machamp: 88",4,"Damage: 1781, Status: 504, Hazard: 0, Weather: 0, Cleric: 0, Screen: 0, Pass: 0, Debuff: 2, Tailwind: 0",None
HOUNDOUR,D,All-Rounder,"Fire Fang: 22134 (29.4%), Beat Up: 18261 (24.3%), Faint Attack: 13309 (17.7%), Bite: 9490 (12.6%), Odor Sleuth: 7681 (10.2%), Embargo: 4195 (5.6%), Roar: 111 (0.1%), Struggle: 51 (0.1%)",14900,21487,0.69,6426,0.99,3.92,1.8,3665,2181,3247,4640,6.0,26518,"Magnemite: 541, Zubat: 469, Magikarp: 461","Golbat: 523, Gyarados: 471, Staraptor: 468",10,"Damage: 6426, Status: 673, Hazard: 0, Weather: 0, Cleric: 0, Screen: 0, Pass: 0, Debuff: 0, Tailwind: 0",None
HYPNO,A,Disrupter,"Psybeam: 13561 (20.1%), Psychic: 12750 (18.9%), Swagger: 8665 (12.9%), Hypnosis: 8459 (12.5%), Nasty Plot: 6117 (9.1%), Psych Up: 5136 (7.6%), Dream Eater: 3576 (5.3%), Skill Swap: 2947 (4.4%), Shadow Ball: 2710 (4.0%), Meditate: 2535 (3.8%), Poison Gas: 961 (1.4%), Struggle: 9 (0.0%)",16638,6270,2.65,2972,3.13,5.48,2.13,2013,5380,1846,1576,-2.18,14625,"Magnemite: 363, Golbat: 326, Pikachu: 308","Sneasel: 177, Gyarados: 139, Staraptor: 135",0,"Damage: 1980, Status: 2302, Hazard: 0, Weather: 0, Cleric: 0, Screen: 0, Pass: 0, Debuff: 137, Tailwind: 0",None
ILLUMISE,C-,Disrupter,"Bug Buzz: 2503 (40.1%), Zen Headbutt: 2352 (37.7%), Flatter: 1225 (19.6%), Helping Hand: 158 (2.5%)",1366,1338,1.02,183,1.16,4.52,1.67,266,331,224,461,2.27,2069,"Machoke: 41, Machop: 30, Golbat: 27","Staraptor: 47, Golbat: 35, Gyarados: 34",1,"Damage: 154, Status: 120, Hazard: 0, Weather: 0, Cleric: 0, Screen: 0, Pass: 0, Debuff: 0, Tailwind: 0",None
INFERNAPE,C+,All-Rounder,"Punishment: 3114 (25.7%), Calm Mind: 2997 (24.7%), Focus Blast: 791 (6.5%), Flame Wheel: 784 (6.5%), Mach Punch: 693 (5.7%), Brick Break: 645 (5.3%), Close Combat: 553 (4.6%), Flamethrower: 497 (4.1%), Flare Blitz: 488 (4.0%), Aerial Ace: 362 (3.0%), Shadow Claw: 338 (2.8%), Fire Spin: 316 (2.6%), Earthquake: 252 (2.1%), Thunder Punch: 171 (1.4%), Will O Wisp: 115 (0.9%)",3814,2815,1.35,971,1.7,4.11,1.8,530,622,434,56,2.68,4435,"Staraptor: 82, Magneton: 82, Golbat: 77","Staraptor: 135, Gyarados: 76, Alakazam: 71",2,"Damage: 952, Status: 60, Hazard: 0, Weather: 0, Cleric: 0, Screen: 0, Pass: 0, Debuff: 4, Tailwind: 0",None
IVYSAUR,C,All-Rounder,"Double Edge: 8674 (19.2%), Solar Beam: 6063 (13.4%), Razor Leaf: 5853 (13.0%), Sludge Bomb: 5033 (11.1%), Take Down: 3907 (8.7%), Sweet Scent: 3672 (8.1%), Petal Dance: 2662 (5.9%), Growth: 1994 (4.4%), Synthesis: 1869 (4.1%), Sleep Powder: 1848 (4.1%), Worry Seed: 1540 (3.4%), Leech Seed: 1008 (2.2%), Poison Powder: 440 (1.0%), Toxic: 430 (1.0%), Giga Drain: 155 (0.3%), Struggle: 1 (0.0%)",10443,9968,1.05,3618,1.41,4.33,2.0,2068,2213,1689,634,3.29,15227,"Pikachu: 255, Magnemite: 248, Zubat: 226","Golbat: 247, Staraptor: 231, Gyarados: 227",2,"Damage: 3334, Status: 1351, Hazard: 0, Weather: 0, Cleric: 0, Screen: 0, Pass: 0, Debuff: 0, Tailwind: 0",None
JIGGLYPUFF,F-,Attacker / Disrupter,"Pound: 7335 (28.0%), Defense Curl: 6312 (24.1%), Disable: 5315 (20.3%), Sing: 4376 (16.7%), Body Slam: 1672 (6.4%), Mimic: 691 (2.6%), Wake Up Slap: 365 (1.4%), Gyro Ball: 121 (0.5%), Struggle: 18 (0.1%)",1287,9300,0.14,140,0.15,7.9,3.4,572,3733,1110,298,-7.61,4733,"Magikarp: 69, Zubat: 44, Pikachu: 34","Staraptor: 175, Pikachu: 151, Golbat: 144",0,"Damage: 102, Status: 76, Hazard: 0, Weather: 0, Cleric: 0, Screen: 0, Pass: 0, Debuff: 0, Tailwind: 0","Agility: 32 (12.4%), Stockpile: 14 (5.4%), Spite: 12 (4.6%), Scary Face: 11 (4.2%), Curse: 10 (3.9%), Double Team: 9 (3.5%), Take Down: 9 (3.5%), Thunder Wave: 8 (3.1%), Mean Look: 7 (2.7%), Moonlight: 6 (2.3%), Screech: 6 (2.3%), Light Screen: 6 (2.3%), Psybeam: 6 (2.3%), Egg Bomb: 5 (1.9%), Protect: 5 (1.9%), Rock Polish: 5 (1.9%), Spit Up: 5 (1.9%), Pain Split: 5 (1.9%), Dragon Rage: 5 (1.9%), Aqua Ring: 4 (1.5%), Ice Shard: 4 (1.5%), Sucker Punch: 4 (1.5%), Gust: 4 (1.5%), Sweet Scent: 3 (1.2%), Safeguard: 3 (1.2%), Slash: 3 (1.2%), Confuse Ray: 3 (1.2%), Payback: 3 (1.2%), Amnesia: 3 (1.2%), Disable: 3 (1.2%), Skill Swap: 2 (0.8%), Nasty Plot: 2 (0.8%), Heal Block: 2 (0.8%), Swagger: 2 (0.8%), Ominous Wind: 2 (0.8%), Mud Bomb: 2 (0.8%), Lick: 2 (0.8%), Withdraw: 2 (0.8%), Tailwind: 2 (0.8%), Endeavor: 2 (0.8%), Barrier: 2 (0.8%), Headbutt: 2 (0.8%), Mirror Coat: 2 (0.8%), Supersonic: 1 (0.4%), Lock On: 1 (0.4%), Captivate: 1 (0.4%), Extrasensory: 1 (0.4%), Gastro Acid: 1 (0.4%), Feint: 1 (0.4%), Super Fang: 1 (0.4%), Yawn: 1 (0.4%), Wing Attack: 1 (0.4%), Sand Attack: 1 (0.4%), Block: 1 (0.4%), Rock Tomb: 1 (0.4%), Will O Wisp: 1 (0.4%), Zen Headbutt: 1 (0.4%), Outrage: 1 (0.4%), Blizzard: 1 (0.4%), Double Edge: 1 (0.4%), Thrash: 1 (0.4%), Detect: 1 (0.4%), Sludge: 1 (0.4%), Mist: 1 (0.4%), Thunder: 1 (0.4%), Confusion: 1 (0.4%), Power Trick: 1 (0.4%), Ancient Power: 1 (0.4%), Crush Claw: 1 (0.4%), Air Cutter: 1 (0.4%), Dragon Dance: 1 (0.4%), Leer: 1 (0.4%), Night Slash: 1 (0.4%)"
JOLTEON,A,All-Rounder,"Quick Attack: 17483 (21.7%), Thunderbolt: 12388 (15.4%), Charge Beam: 10043 (12.5%), Thunder Shock: 7328 (9.1%), Sand Attack: 7276 (9.0%), Double Team: 6131 (7.6%), Pin Missile: 4417 (5.5%), Thunder Wave: 4230 (5.3%), Shock Wave: 3704 (4.6%), Iron Tail: 3214 (4.0%), Last Resort: 2365 (2.9%), Double Kick: 1156 (1.4%), Helping Hand: 608 (0.8%), Struggle: 103 (0.1%)",24017,9361,2.57,4241,3.02,4.56,1.5,3893,4323,11190,7652,11.75,20373,"Magikarp: 485, Zubat: 460, Magnemite: 457","Staraptor: 201, Graveler: 171, Quagsire: 153",9,"Damage: 4153, Status: 500, Hazard: 0, Weather: 0, Cleric: 0, Screen: 0, Pass: 0, Debuff: 114, Tailwind: 0",None
JUMPLUFF,A,All-Rounder,"Bounce: 21088 (40.0%), Giga Drain: 7615 (14.4%), U Turn: 6916 (13.1%), Sunny Day: 4465 (8.5%), Silver Wind: 3106 (5.9%), Sleep Powder: 2556 (4.8%), Toxic: 1718 (3.3%), Leech Seed: 1638 (3.1%), Mega Drain: 979 (1.9%), Memento: 933 (1.8%), Cotton Spore: 886 (1.7%), Worry Seed: 800 (1.5%), Struggle: 23 (0.0%)",10626,5132,2.07,5237,3.09,5.09,1.4,1636,3051,10243,273,13.98,13371,"Magikarp: 199, Geodude: 182, Machoke: 168","Staraptor: 155, Rapidash: 118, Golbat: 107",7,"Damage: 4626, Status: 2193, Hazard: 0, Weather: 8, Cleric: 0, Screen: 0, Pass: 0, Debuff: 79, Tailwind: 0",None
JYNX,C,Support,"Wake Up Slap: 5134 (20.4%), Fake Tears: 4630 (18.4%), Ice Punch: 3965 (15.8%), Body Slam: 3483 (13.9%), Avalanche: 2641 (10.5%), Psychic: 1738 (6.9%), Mean Look: 1734 (6.9%), Blizzard: 752 (3.0%), Lovely Kiss: 742 (3.0%), Dream Eater: 103 (0.4%), Focus Blast: 66 (0.3%), Double Slap: 62 (0.2%), Perish Song: 51 (0.2%), Struggle: 22 (0.1%)",5518,5175,1.07,1870,1.43,3.99,1.91,962,962,890,1104,3.42,7734,"Magikarp: 157, Zubat: 141, Geodude: 132","Staraptor: 121, Gyarados: 105, Sneasel: 79",2,"Damage: 1687, Status: 413, Hazard: 0, Weather: 0, Cleric: 0, Screen: 0, Pass: 0, Debuff: 443, Tailwind: 0",None
KABUTOPS,D+,All-Rounder,"Aqua Jet: 2110 (27.7%), Endure: 1555 (20.4%), Slash: 1277 (16.8%), Mega Drain: 1275 (16.7%), Rock Slide: 1103 (14.5%), Giga Drain: 293 (3.8%)",1740,1847,0.94,277,1.09,4.1,1.89,396,223,286,178,5.66,2741,"Golduck: 58, Seaking: 56, Golbat: 44","Roserade: 47, Magneton: 43, Staraptor: 42",2,"Damage: 277, Status: 0, Hazard: 0, Weather: 0, Cleric: 0, Screen: 0, Pass: 0, Debuff: 0, Tailwind: 0",None
KADABRA,D,Support,"Psybeam: 29311 (21.2%), Psychic: 19926 (14.4%), Confusion: 18251 (13.2%), Psycho Cut: 12395 (9.0%), Reflect: 12180 (8.8%), Disable: 10861 (7.9%), Role Play: 6327 (4.6%), Kinesis: 5425 (3.9%), Light Screen: 5416 (3.9%), Ice Punch: 3075 (2.2%), Future Sight: 2679 (1.9%), Recover: 2539 (1.8%), Shock Wave: 2204 (1.6%), Flash: 1389 (1.0%), Miracle Eye: 1313 (0.9%), Charge Beam: 1239 (0.9%), Skill Swap: 1044 (0.8%), Thunder Punch: 999 (0.7%), Thunder Wave: 879 (0.6%), Headbutt: 517 (0.4%), Teleport: 156 (0.1%), Struggle: 100 (0.1%)",36547,45102,0.81,5681,0.94,3.29,1.32,6028,5307,9115,4555,6.65,63411,"Machop: 1059, Zubat: 916, Machoke: 817","Gyarados: 1097, Staraptor: 1026, Golbat: 849",41,"Damage: 4985, Status: 885, Hazard: 0, Weather: 0, Cleric: 0, Screen: 989, Pass: 0, Debuff: 65, Tailwind: 0",None
KAKUNA,F-,Disrupter,"Harden: 7808 (59.2%), Poison Sting: 3477 (26.4%), Bug Bite: 874 (6.6%), String Shot: 862 (6.5%), Struggle: 159 (1.2%)",113,8945,0.01,406,0.06,3.42,1.64,265,416,929,871,5.37,9208,"Skiploom: 7, Pikachu: 6, Magikarp: 5","Golbat: 198, Staraptor: 169, Gyarados: 161",2,"Damage: 405, Status: 228, Hazard: 0, Weather: 0, Cleric: 0, Screen: 0, Pass: 0, Debuff: 3, Tailwind: 0",None
KANGASKHAN,C,Attacker,"Dizzy Punch: 2999 (20.1%), Outrage: 2953 (19.7%), Rage: 2617 (17.5%), Mega Punch: 2611 (17.5%), Bite: 2584 (17.3%), Earthquake: 459 (3.1%), Crunch: 376 (2.5%), Leer: 195 (1.3%), Sucker Punch: 160 (1.1%)",4090,3060,1.34,409,1.47,4.03,1.91,871,694,573,1006,4.9,4951,"Zubat: 80, Magikarp: 80, Pikachu: 74","Staraptor: 91, Gyarados: 76, Seaking: 50",0,"Damage: 379, Status: 47, Hazard: 0, Weather: 0, Cleric: 0, Screen: 0, Pass: 0, Debuff: 43, Tailwind: 0",None
KECLEON,C-,Support,"Shadow Claw: 1703 (62.8%), Sucker Punch: 458 (16.9%), Substitute: 310 (11.4%), Screech: 242 (8.9%)",657,591,1.11,144,1.36,4.44,1.87,208,94,146,0,9.09,961,"Gastly: 40, Haunter: 36, Starmie: 20","Machamp: 22, Staraptor: 20, Alakazam: 15",3,"Damage: 129, Status: 0, Hazard: 0, Weather: 0, Cleric: 0, Screen: 0, Pass: 0, Debuff: 23, Tailwind: 0",None
KINGDRA,A-,Attacker,"Hydro Pump: 2524 (42.8%), Dragon Pulse: 1323 (22.4%), Brine: 530 (9.0%), Dragon Dance: 514 (8.7%), Smoke Screen: 511 (8.7%), Ice Beam: 150 (2.5%), Yawn: 134 (2.3%), Hyper Beam: 118 (2.0%), Dragon Breath: 88 (1.5%), Struggle: 9 (0.2%)",2178,895,2.43,191,2.65,4.52,1.65,234,623,481,31,1.54,1896,"Rapidash: 64, Luxray: 40, Golem: 37","Snorlax: 29, Heracross: 27, Alakazam: 26",0,"Damage: 177, Status: 28, Hazard: 0, Weather: 0, Cleric: 0, Screen: 0, Pass: 0, Debuff: 0, Tailwind: 0",None
KINGLER,C-,All-Rounder,"Protect: 11185 (31.9%), Stomp: 8270 (23.6%), Metal Claw: 4027 (11.5%), Guillotine: 3557 (10.1%), Brine: 2793 (8.0%), Slam: 1833 (5.2%), Bubble Beam: 1547 (4.4%), X Scissor: 1095 (3.1%), Crabhammer: 757 (2.2%)",7709,7076,1.09,1068,1.24,4.5,1.8,1213,3182,1494,477,-1.3,10836,"Golbat: 193, Gyarados: 157, Machoke: 131","Golbat: 154, Roserade: 142, Staraptor: 135",0,"Damage: 1067, Status: 0, Hazard: 0, Weather: 0, Cleric: 0, Screen: 0, Pass: 0, Debuff: 4, Tailwind: 0",None
KIRLIA,D,All-Rounder,"Psychic: 11796 (30.7%), Magical Leaf: 11056 (28.8%), Calm Mind: 5881 (15.3%), Lucky Chant: 3900 (10.1%), Future Sight: 2077 (5.4%), Hypnosis: 1942 (5.1%), Double Team: 1142 (3.0%), Imprison: 286 (0.7%), Shadow Ball: 223 (0.6%), Shock Wave: 132 (0.3%), Struggle: 11 (0.0%), Teleport: 1 (0.0%)",9690,13416,0.72,2682,0.92,3.28,1.57,1408,1121,2290,578,6.28,18075,"Magikarp: 295, Geodude: 285, Zubat: 233","Staraptor: 324, Gyarados: 312, Golbat: 236",43,"Damage: 2603, Status: 420, Hazard: 0, Weather: 0, Cleric: 0, Screen: 0, Pass: 0, Debuff: 67, Tailwind: 0",None
KOFFING,E-,All-Rounder,"Sludge: 35850 (19.3%), Smoke Screen: 28601 (15.4%), Assurance: 25819 (13.9%), Smog: 23144 (12.5%), Gyro Ball: 21001 (11.3%), Tackle: 16481 (8.9%), Selfdestruct: 13395 (7.2%), Explosion: 10147 (5.5%), Sludge Bomb: 4886 (2.6%), Poison Gas: 3184 (1.7%), Haze: 3083 (1.7%), Struggle: 7 (0.0%)",31385,84212,0.37,10334,0.5,4.59,2.44,8413,14167,25723,14589,9.47,59887,"Magikarp: 971, Zubat: 919, Geodude: 650","Staraptor: 1576, Golduck: 1239, Gyarados: 1236",95,"Damage: 10324, Status: 4097, Hazard: 0, Weather: 0, Cleric: 0, Screen: 0, Pass: 0, Debuff: 0, Tailwind: 0",None
KRABBY,E,All-Rounder,"Bubble Beam: 7041 (18.8%), Harden: 6807 (18.1%), Mud Shot: 3839 (10.2%), Vice Grip: 3556 (9.5%), Leer: 3272 (8.7%), Metal Claw: 2630 (7.0%), Slam: 2585 (6.9%), Brine: 2534 (6.7%), Crabhammer: 2285 (6.1%), Flail: 2151 (5.7%), Protect: 815 (2.2%), Guillotine: 33 (0.1%), Struggle: 1 (0.0%)",5896,12436,0.47,1225,0.57,4.27,2.28,1621,2716,1772,3819,1.81,12501,"Magikarp: 235, Geodude: 200, Zubat: 179","Golbat: 198, Gyarados: 196, Roselia: 190",0,"Damage: 1195, Status: 0, Hazard: 0, Weather: 0, Cleric: 0, Screen: 0, Pass: 0, Debuff: 116, Tailwind: 0",None
KRICKETOT,F-,Support,"Bide: 10891 (79.0%), Growl: 2671 (19.4%), Struggle: 218 (1.6%)",248,5492,0.05,111,0.07,3.37,1.48,18,113,607,0,3.56,5618,"Rattata: 21, Geodude: 21, Pidgey: 17","Zubat: 86, Clefairy: 84, Staraptor: 83",0,"Damage: 100, Status: 0, Hazard: 0, Weather: 0, Cleric: 0, Screen: 0, Pass: 0, Debuff: 47, Tailwind: 0",None
KRICKETUNE,D+,All-Rounder,"Night Slash: 13216 (12.0%), Taunt: 13161 (11.9%), Bug Buzz: 12964 (11.8%), Slash: 12168 (11.0%), Leech Life: 11627 (10.5%), Sing: 10508 (9.5%), Focus Energy: 8401 (7.6%), X Scissor: 8284 (7.5%), Fury Cutter: 6975 (6.3%), Perish Song: 6857 (6.2%), Screech: 6106 (5.5%), Struggle: 13 (0.0%)",22162,22108,1.0,2893,1.13,4.28,2.09,9335,8188,3723,604,4.26,32039,"Magikarp: 589, Geodude: 570, Zubat: 540","Staraptor: 523, Golbat: 458, Gyarados: 411",5,"Damage: 2857, Status: 215, Hazard: 0, Weather: 0, Cleric: 0, Screen: 0, Pass: 0, Debuff: 52, Tailwind: 0",None
LAIRON,S-,Attacker,"Iron Tail: 4388 (44.8%), Double Edge: 3080 (31.4%), Metal Burst: 1507 (15.4%), Metal Sound: 823 (8.4%)",4502,1007,4.47,402,4.87,3.76,1.84,379,1396,302,329,-6.9,2973,"Magikarp: 84, Clefairy: 82, Pikachu: 80","Staraptor: 30, Gyarados: 29, Golduck: 21",0,"Damage: 401, Status: 0, Hazard: 0, Weather: 0, Cleric: 0, Screen: 0, Pass: 0, Debuff: 37, Tailwind: 0",None
LANTURN,A,Disrupter,"Discharge: 7117 (25.6%), Signal Beam: 5277 (19.0%), Bubble Beam: 4682 (16.8%), Confuse Ray: 2757 (9.9%), Hydro Pump: 2686 (9.7%), Aqua Ring: 1924 (6.9%), Charge: 1695 (6.1%), Surf: 1244 (4.5%), Ice Beam: 193 (0.7%), Thunderbolt: 120 (0.4%), Thunder Wave: 109 (0.4%), Struggle: 14 (0.1%)",8659,3309,2.62,1303,3.01,4.8,2.07,1273,1188,991,1641,3.81,7564,"Gyarados: 173, Golbat: 154, Magnemite: 154","Roserade: 112, Alakazam: 89, Staraptor: 68",0,"Damage: 1203, Status: 682, Hazard: 0, Weather: 0, Cleric: 0, Screen: 0, Pass: 0, Debuff: 9, Tailwind: 0",None
LAPRAS,A-,Attacker,"Brine: 7432 (25.9%), Ice Beam: 6727 (23.4%), Hydro Pump: 5344 (18.6%), Safeguard: 3568 (12.4%), Sheer Cold: 1820 (6.3%), Perish Song: 1365 (4.8%), Rain Dance: 986 (3.4%), Body Slam: 418 (1.5%), Sing: 320 (1.1%), Blizzard: 304 (1.1%), Water Pulse: 250 (0.9%), Surf: 87 (0.3%), Struggle: 61 (0.2%), Psychic: 45 (0.2%)",9499,3820,2.49,799,2.7,4.89,2.21,1168,2849,1101,446,-1.91,8369,"Golbat: 206, Seaking: 182, Gyarados: 167","Heracross: 82, Staraptor: 75, Roserade: 74",1,"Damage: 795, Status: 71, Hazard: 0, Weather: 0, Cleric: 0, Screen: 0, Pass: 0, Debuff: 0, Tailwind: 0",None
LEAFEON,C-,Attacker,"Quick Attack: 7190 (27.1%), Razor Leaf: 6874 (25.9%), Magical Leaf: 3164 (11.9%), Sand Attack: 2882 (10.9%), Synthesis: 2299 (8.7%), Grass Whistle: 1759 (6.6%), Giga Drain: 1742 (6.6%), Last Resort: 625 (2.4%), Struggle: 2 (0.0%)",5155,4183,1.23,253,1.29,5.41,2.31,1562,1790,2652,0,8.3,6825,"Seaking: 178, Pikachu: 121, Quagsire: 120","Golbat: 133, Staraptor: 98, Magneton: 72",4,"Damage: 230, Status: 41, Hazard: 0, Weather: 0, Cleric: 0, Screen: 0, Pass: 0, Debuff: 0, Tailwind: 0",None
LEDIAN,C,Defender,"Agility: 6537 (40.3%), Mach Punch: 5089 (31.4%), Silver Wind: 4511 (27.8%), Baton Pass: 74 (0.5%)",1828,2163,0.85,1361,1.47,5.8,3.08,544,299,561,441,4.85,3133,"Magikarp: 82, Geodude: 57, Rattata: 50","Golbat: 58, Gyarados: 54, Staraptor: 47",0,"Damage: 1253, Status: 0, Hazard: 0, Weather: 0, Cleric: 0, Screen: 0, Pass: 108, Debuff: 0, Tailwind: 0",None
LEDYBA,F-,Disrupter,"Tackle: 7325 (52.1%), Supersonic: 4153 (29.5%), Comet Punch: 2574 (18.3%), Struggle: 9 (0.1%)",327,8164,0.04,649,0.12,2.81,1.41,797,2890,870,0,-8.19,8509,"Bellsprout: 40, Rattata: 26, Magikarp: 24","Golbat: 167, Geodude: 130, Magnemite: 128",0,"Damage: 602, Status: 417, Hazard: 0, Weather: 0, Cleric: 0, Screen: 0, Pass: 0, Debuff: 0, Tailwind: 0",None
LICKILICKY,B,All-Rounder,"Power Whip: 1376 (19.9%), Earthquake: 1218 (17.6%), Wring Out: 940 (13.6%), Ice Beam: 679 (9.8%), Slam: 670 (9.7%), Thunderbolt: 651 (9.4%), Brick Break: 405 (5.9%), Stomp: 341 (4.9%), Flamethrower: 259 (3.7%), Supersonic: 211 (3.1%), Screech: 159 (2.3%)",2455,1386,1.77,398,2.06,4.06,1.97,353,705,343,64,-0.07,2673,"Magneton: 65, Luxray: 54, Sneasel: 51","Heracross: 73, Alakazam: 50, Staraptor: 46",0,"Damage: 383, Status: 42, Hazard: 0, Weather: 0, Cleric: 0, Screen: 0, Pass: 0, Debuff: 9, Tailwind: 0",None
LICKITUNG,E-,All-Rounder,"Stomp: 8880 (21.7%), Supersonic: 5970 (14.6%), Disable: 4846 (11.8%), Wrap: 4613 (11.3%), Cut: 3613 (8.8%), Defense Curl: 3354 (8.2%), Me First: 2886 (7.0%), Lick: 2788 (6.8%), Rollout: 1844 (4.5%), Fire Blast: 729 (1.8%), Power Whip: 565 (1.4%), Surf: 320 (0.8%), Slam: 285 (0.7%), Knock Off: 172 (0.4%), Giga Impact: 92 (0.2%), Struggle: 6 (0.0%)",3711,10315,0.36,1269,0.48,4.78,2.47,1363,6116,1977,831,-6.37,12489,"Magikarp: 147, Zubat: 144, Rattata: 78","Staraptor: 270, Gyarados: 243, Golbat: 208",0,"Damage: 1239, Status: 337, Hazard: 0, Weather: 0, Cleric: 0, Screen: 0, Pass: 0, Debuff: 0, Tailwind: 0",None
LINOONE,S-,Attacker,"Slash: 19661 (59.2%), Dig: 6749 (20.3%), Belly Drum: 3073 (9.3%), Rest: 2123 (6.4%), Surf: 1037 (3.1%), Covet: 437 (1.3%), Fling: 111 (0.3%), Struggle: 10 (0.0%)",14316,2843,5.04,705,5.28,4.31,1.49,2549,288,3448,0,15.58,9246,"Golbat: 295, Magnemite: 280, Pikachu: 252","Staraptor: 124, Gyarados: 63, Machamp: 53",0,"Damage: 705, Status: 0, Hazard: 0, Weather: 0, Cleric: 0, Screen: 0, Pass: 0, Debuff: 0, Tailwind: 0",None
LOMBRE,A-,Attacker,"Zen Headbutt: 2874 (25.5%), Uproar: 2859 (25.4%), Hydro Pump: 2823 (25.0%), Bubble Beam: 2716 (24.1%)",3984,1461,2.73,83,2.78,4.32,2.48,636,1085,366,435,-0.88,3190,"Magnemite: 89, Zubat: 85, Magikarp: 84","Golbat: 48, Staraptor: 35, Seaking: 29",0,"Damage: 83, Status: 0, Hazard: 0, Weather: 0, Cleric: 0, Screen: 0, Pass: 0, Debuff: 0, Tailwind: 0",None
LOPUNNY,B,Defender,"Dizzy Punch: 24307 (39.1%), Charm: 11558 (18.6%), Agility: 9797 (15.8%), Bounce: 7004 (11.3%), Jump Kick: 5267 (8.5%), Quick Attack: 2573 (4.1%), Baton Pass: 1112 (1.8%), Drain Punch: 287 (0.5%), Shadow Ball: 237 (0.4%), Healing Wish: 41 (0.1%), Struggle: 15 (0.0%)",12336,6847,1.8,1565,2.03,5.82,2.37,2019,1754,4816,2993,7.6,12784,"Golbat: 272, Magnemite: 265, Clefairy: 239","Staraptor: 188, Gyarados: 136, Machoke: 111",0,"Damage: 1540, Status: 538, Hazard: 0, Weather: 0, Cleric: 1, Screen: 0, Pass: 3, Debuff: 40, Tailwind: 0",None
LOTAD,D+,All-Rounder,"Mega Drain: 1993 (31.6%), Zen Headbutt: 1972 (31.3%), Bubble Beam: 1680 (26.7%), Rain Dance: 647 (10.3%), Struggle: 5 (0.1%)",1852,2034,0.91,382,1.1,2.86,1.86,347,266,353,314,6.37,3048,"Magikarp: 62, Geodude: 60, Zubat: 54","Golbat: 62, Gyarados: 51, Staraptor: 45",0,"Damage: 382, Status: 0, Hazard: 0, Weather: 0, Cleric: 0, Screen: 0, Pass: 0, Debuff: 2, Tailwind: 0",None
LOUDRED,S-,Support,"Hyper Voice: 4110 (50.4%), Bite: 2068 (25.3%), Supersonic: 1060 (13.0%), Screech: 922 (11.3%)",4070,960,4.24,698,4.97,3.25,1.25,370,696,207,180,-1.29,2909,"Magikarp: 82, Magnemite: 81, Pikachu: 78","Staraptor: 43, Gyarados: 22, Tentacruel: 19",0,"Damage: 508, Status: 217, Hazard: 0, Weather: 0, Cleric: 0, Screen: 0, Pass: 0, Debuff: 167, Tailwind: 0",None
LUCARIO,A-,Attacker,"Force Palm: 7087 (38.9%), Metal Claw: 4353 (23.9%), Quick Attack: 2496 (13.7%), Drain Punch: 1619 (8.9%), Bone Rush: 652 (3.6%), Extreme Speed: 638 (3.5%), Close Combat: 541 (3.0%), Aura Sphere: 225 (1.2%), Blaze Kick: 152 (0.8%), Iron Tail: 152 (0.8%), Stone Edge: 113 (0.6%), Counter: 73 (0.4%), Shadow Ball: 67 (0.4%), Earthquake: 30 (0.2%), Dragon Pulse: 22 (0.1%), Psychic: 17 (0.1%), Struggle: 2 (0.0%)",6993,2795,2.5,395,2.64,4.01,1.58,1120,809,546,1917,4.52,5832,"Pikachu: 142, Magnemite: 121, Golbat: 121","Staraptor: 88, Rapidash: 80, Gyarados: 66",1,"Damage: 395, Status: 48, Hazard: 0, Weather: 0, Cleric: 0, Screen: 0, Pass: 0, Debuff: 5, Tailwind: 0",None
LUDICOLO,A-,Attacker,"Energy Ball: 1014 (33.6%), Water Pulse: 576 (19.1%), Fake Out: 443 (14.7%), Zen Headbutt: 404 (13.4%), Focus Blast: 238 (7.9%), Surf: 201 (6.7%), Ice Beam: 144 (4.8%)",1213,470,2.58,88,2.77,4.34,1.66,182,245,129,528,2.37,1039,"Seaking: 35, Magneton: 34, Rapidash: 32","Staraptor: 17, Rapidash: 15, Roserade: 14",0,"Damage: 83, Status: 11, Hazard: 0, Weather: 0, Cleric: 0, Screen: 0, Pass: 0, Debuff: 5, Tailwind: 0",None
LUMINEON,C+,Defender,"Whirlpool: 34264 (34.3%), Safeguard: 20883 (20.9%), Captivate: 17369 (17.4%), Aqua Ring: 12789 (12.8%), Silver Wind: 5217 (5.2%), Bounce: 3485 (3.5%), Water Pulse: 3049 (3.1%), U Turn: 2027 (2.0%), Struggle: 844 (0.8%)",7155,6028,1.19,3197,1.72,9.99,5.96,2195,12809,5120,799,-5.28,11048,"Magikarp: 181, Geodude: 177, Magnemite: 149","Gyarados: 122, Staraptor: 113, Golbat: 110",0,"Damage: 3175, Status: 104, Hazard: 0, Weather: 0, Cleric: 0, Screen: 0, Pass: 0, Debuff: 68, Tailwind: 0",None
LUNATONE,B+,All-Rounder,"Psychic: 3884 (37.2%), Heal Block: 3469 (33.3%), Future Sight: 1917 (18.4%), Explosion: 1161 (11.1%)",3727,1688,2.21,731,2.64,3.74,1.65,290,127,269,99,4.02,3019,"Golbat: 74, Magnemite: 68, Pikachu: 67","Sneasel: 17, Golduck: 15, Floatzel: 15",0,"Damage: 728, Status: 0, Hazard: 0, Weather: 0, Cleric: 0, Screen: 0, Pass: 0, Debuff: 10, Tailwind: 0",None
LUVDISC,C-,Defender,"Flail: 23160 (23.9%), Water Pulse: 18788 (19.4%), Safeguard: 14766 (15.3%), Aqua Ring: 13806 (14.3%), Captivate: 13202 (13.6%), Sweet Kiss: 8954 (9.3%), Attract: 3378 (3.5%), Struggle: 682 (0.7%)",6012,8816,0.68,4276,1.17,10.88,5.63,2502,4930,3002,2816,0.54,9355,"Magikarp: 240, Zubat: 169, Rattata: 156","Staraptor: 173, Sneasel: 156, Gyarados: 152",0,"Damage: 4187, Status: 844, Hazard: 0, Weather: 0, Cleric: 0, Screen: 0, Pass: 0, Debuff: 144, Tailwind: 0",None
LUXIO,D-,Disrupter,"Bite: 16234 (16.5%), Swagger: 13275 (13.5%), Spark: 12626 (12.8%), Crunch: 12213 (12.4%), Thunder Fang: 11481 (11.6%), Scary Face: 10523 (10.7%), Charge: 9541 (9.7%), Leer: 5434 (5.5%), Roar: 5252 (5.3%), Double Team: 1138 (1.2%), Thunderbolt: 928 (0.9%), Struggle: 2 (0.0%)",19607,28070,0.7,4610,0.86,4.33,2.12,3156,5250,4385,7978,2.21,30363,"Magikarp: 560, Zubat: 517, Magnemite: 361","Staraptor: 619, Gyarados: 528, Sneasel: 444",3,"Damage: 3758, Status: 2888, Hazard: 0, Weather: 0, Cleric: 0, Screen: 0, Pass: 0, Debuff: 559, Tailwind: 0",None
LUXRAY,A+,Attacker / Disrupter,"Crunch: 34102 (28.3%), Thunder Fang: 29899 (24.8%), Scary Face: 19106 (15.9%), Swagger: 14745 (12.2%), Discharge: 10125 (8.4%), Roar: 4156 (3.4%), Facade: 2499 (2.1%), Ice Fang: 1880 (1.6%), Fire Fang: 1691 (1.4%), Bite: 1391 (1.2%), Thunder Wave: 902 (0.7%)",46550,12114,3.84,4903,4.25,4.15,1.68,4835,7590,3438,6305,0.48,34299,"Golbat: 901, Magnemite: 841, Clefairy: 775","Staraptor: 230, Graveler: 205, Machamp: 201",0,"Damage: 4127, Status: 2830, Hazard: 0, Weather: 0, Cleric: 0, Screen: 0, Pass: 0, Debuff: 368, Tailwind: 0",None
MACHAMP,B,Attacker,"Scary Face: 60007 (48.1%), Cross Chop: 19011 (15.2%), Wake Up Slap: 17012 (13.6%), Dynamic Punch: 11741 (9.4%), Submission: 5884 (4.7%), Ice Punch: 2401 (1.9%), Fire Punch: 2353 (1.9%), Thunder Punch: 2084 (1.7%), Revenge: 1322 (1.1%), Vital Throw: 1187 (1.0%), Stone Edge: 880 (0.7%), Rock Slide: 316 (0.3%), Bullet Punch: 184 (0.1%), Earthquake: 167 (0.1%), Struggle: 104 (0.1%), Rock Climb: 43 (0.0%), Fling: 39 (0.0%), Foresight: 2 (0.0%), Attract: 2 (0.0%)",33113,15408,2.15,1402,2.24,5.08,2.52,4281,15088,3665,2003,-5.56,31400,"Magnemite: 662, Clefairy: 653, Seaking: 501","Staraptor: 608, Alakazam: 380, Golbat: 361",1,"Damage: 1362, Status: 380, Hazard: 0, Weather: 0, Cleric: 0, Screen: 0, Pass: 0, Debuff: 71, Tailwind: 0",None
MACHOKE,D-,Attacker,"Submission: 26094 (14.9%), Vital Throw: 23057 (13.1%), Seismic Toss: 22876 (13.0%), Revenge: 17007 (9.7%), Wake Up Slap: 15565 (8.9%), Leer: 14898 (8.5%), Foresight: 12135 (6.9%), Cross Chop: 12019 (6.9%), Scary Face: 10819 (6.2%), Karate Chop: 10248 (5.8%), Low Kick: 5733 (3.3%), Dynamic Punch: 1698 (1.0%), Rock Tomb: 1175 (0.7%), Focus Energy: 947 (0.5%), Strength: 640 (0.4%), Rock Slide: 466 (0.3%), Struggle: 39 (0.0%)",43687,56390,0.77,4060,0.85,4.01,2.14,7537,10434,7429,1107,2.48,71973,"Magnemite: 1263, Pikachu: 1072, Clefairy: 959","Golbat: 1582, Staraptor: 1522, Gyarados: 1306",36,"Damage: 3944, Status: 57, Hazard: 0, Weather: 0, Cleric: 0, Screen: 0, Pass: 0, Debuff: 185, Tailwind: 0",None
MACHOP,E-,All-Rounder,"Foresight: 27296 (18.7%), Karate Chop: 23109 (15.8%), Seismic Toss: 21314 (14.6%), Revenge: 20725 (14.2%), Leer: 14339 (9.8%), Vital Throw: 13436 (9.2%), Focus Energy: 8057 (5.5%), Submission: 6575 (4.5%), Low Kick: 5031 (3.4%), Wake Up Slap: 4545 (3.1%), Cross Chop: 1493 (1.0%), Struggle: 87 (0.1%)",28013,67259,0.42,4181,0.48,3.81,2.07,7373,2429,6794,0,7.68,67932,"Magikarp: 1053, Geodude: 901, Magnemite: 790","Golbat: 1509, Staraptor: 1327, Gyarados: 1290",28,"Damage: 4090, Status: 0, Hazard: 0, Weather: 0, Cleric: 0, Screen: 0, Pass: 0, Debuff: 166, Tailwind: 0",None
MAGBY,D-,Disrupter,"Faint Attack: 5199 (28.8%), Fire Spin: 4654 (25.8%), Smoke Screen: 4355 (24.1%), Ember: 2196 (12.2%), Confuse Ray: 1637 (9.1%), Struggle: 5 (0.0%)",1957,4839,0.4,2414,0.9,3.83,1.7,650,1737,2509,164,6.9,5972,"Magikarp: 123, Zubat: 91, Rattata: 79","Gyarados: 94, Staraptor: 90, Golbat: 81",0,"Damage: 2008, Status: 1564, Hazard: 0, Weather: 0, Cleric: 0, Screen: 0, Pass: 0, Debuff: 0, Tailwind: 0",None
MAGCARGO,A,Attacker / Disrupter,"Rock Slide: 10469 (30.5%), Overheat: 6372 (18.6%), Yawn: 3958 (11.5%), Recover: 3784 (11.0%), Lava Plume: 3155 (9.2%), Amnesia: 2467 (7.2%), Ancient Power: 2105 (6.1%), Sunny Day: 751 (2.2%), Smog: 573 (1.7%), Stone Edge: 231 (0.7%), Body Slam: 179 (0.5%), Curse: 174 (0.5%), Struggle: 64 (0.2%), Gyro Ball: 6 (0.0%)",11756,3899,3.02,1167,3.31,4.42,2.22,1254,2462,1312,2083,0.3,10036,"Golbat: 267, Magnemite: 237, Pikachu: 195","Gyarados: 126, Staraptor: 104, Seaking: 93",1,"Damage: 1067, Status: 606, Hazard: 0, Weather: 1, Cleric: 0, Screen: 0, Pass: 0, Debuff: 0, Tailwind: 0",None
MAGIKARP,F-,Defender,"Splash: 140018 (56.5%), Tackle: 91175 (36.8%), Flail: 15446 (6.2%), Struggle: 1019 (0.4%)",4550,108810,0.04,6138,0.1,9.03,5.12,6062,9217,13826,0,4.08,39759,"Magikarp: 527, Rattata: 286, Zubat: 268","Pikachu: 1751, Magnemite: 1719, Clefairy: 1662",9,"Damage: 6138, Status: 0, Hazard: 0, Weather: 0, Cleric: 0, Screen: 0, Pass: 0, Debuff: 0, Tailwind: 0",None
MAGMAR,C+,Disrupter,"Fire Punch: 28443 (17.8%), Confuse Ray: 24907 (15.6%), Faint Attack: 23840 (14.9%), Flamethrower: 19548 (12.2%), Fire Spin: 19148 (12.0%), Lava Plume: 15156 (9.5%), Smoke Screen: 8730 (5.5%), Ember: 3603 (2.3%), Leer: 3546 (2.2%), Protect: 3180 (2.0%), Sunny Day: 2855 (1.8%), Overheat: 2534 (1.6%), Smog: 2093 (1.3%), Thunder Punch: 604 (0.4%), Fire Blast: 564 (0.4%), Focus Blast: 456 (0.3%), Will O Wisp: 416 (0.3%), Iron Tail: 147 (0.1%), Struggle: 3 (0.0%)",39994,31986,1.25,9810,1.56,4.29,1.87,6431,9728,10539,5701,4.24,45362,"Magnemite: 1193, Pikachu: 745, Magikarp: 708","Staraptor: 771, Gyarados: 730, Seaking: 642",10,"Damage: 8561, Status: 7439, Hazard: 0, Weather: 5, Cleric: 0, Screen: 0, Pass: 0, Debuff: 39, Tailwind: 0",None
MAGMORTAR,A+,Attacker / Disrupter,"Flamethrower: 3791 (38.3%), Fire Blast: 1675 (16.9%), Lava Plume: 1514 (15.3%), Sunny Day: 1113 (11.2%), Thunderbolt: 675 (6.8%), Faint Attack: 361 (3.6%), Solar Beam: 301 (3.0%), Will O Wisp: 287 (2.9%), Confuse Ray: 89 (0.9%), Smog: 58 (0.6%), Hyper Beam: 27 (0.3%), Low Kick: 8 (0.1%)",4847,1336,3.63,513,4.01,4.06,1.4,454,521,344,307,2.39,3566,"Gyarados: 99, Golbat: 97, Seaking: 90","Staraptor: 44, Floatzel: 44, Snorlax: 43",2,"Damage: 467, Status: 263, Hazard: 0, Weather: 0, Cleric: 0, Screen: 0, Pass: 0, Debuff: 0, Tailwind: 0",None
MAGNEMITE,E+,Support,"Magnet Bomb: 86336 (22.1%), Spark: 82846 (21.2%), Lock On: 61061 (15.6%), Sonic Boom: 35077 (9.0%), Thunder Wave: 30922 (7.9%), Screech: 24028 (6.1%), Supersonic: 23067 (5.9%), Thunder Shock: 14956 (3.8%), Discharge: 13396 (3.4%), Thunderbolt: 6503 (1.7%), Tackle: 5712 (1.5%), Metal Sound: 3516 (0.9%), Mirror Shot: 2799 (0.7%), Shock Wave: 1094 (0.3%), Struggle: 126 (0.0%)",54725,91749,0.6,14042,0.75,5.92,3.13,12696,24055,16711,21068,1.26,83663,"Magikarp: 1719, Zubat: 1707, Golbat: 1294","Staraptor: 1960, Gyarados: 1807, Seaking: 1662",111,"Damage: 11784, Status: 6771, Hazard: 0, Weather: 0, Cleric: 0, Screen: 0, Pass: 0, Debuff: 2279, Tailwind: 0",None
MAGNETON,A-,Support,"Mirror Shot: 31395 (17.9%), Magnet Bomb: 26206 (14.9%), Discharge: 24389 (13.9%), Screech: 23954 (13.6%), Lock On: 13501 (7.7%), Gyro Ball: 12334 (7.0%), Thunderbolt: 12115 (6.9%), Magnet Rise: 7729 (4.4%), Spark: 6070 (3.5%), Tri Attack: 5085 (2.9%), Thunder Wave: 4992 (2.8%), Supersonic: 3848 (2.2%), Flash Cannon: 1900 (1.1%), Metal Sound: 1030 (0.6%), Double Team: 786 (0.4%), Shock Wave: 315 (0.2%), Struggle: 28 (0.0%)",51023,21845,2.34,7372,2.67,4.86,2.27,6911,12454,10025,7703,2.34,45294,"Gyarados: 1059, Golbat: 1010, Seaking: 984","Staraptor: 765, Gyarados: 491, Rapidash: 471",34,"Damage: 6158, Status: 1880, Hazard: 0, Weather: 0, Cleric: 0, Screen: 0, Pass: 0, Debuff: 1496, Tailwind: 0",None
MAGNEZONE,A,All-Rounder,"Mirror Shot: 7813 (26.6%), Magnet Rise: 4054 (13.8%), Discharge: 3959 (13.5%), Screech: 3598 (12.2%), Gyro Ball: 3150 (10.7%), Flash Cannon: 2691 (9.2%), Zap Cannon: 854 (2.9%), Thunder Wave: 716 (2.4%), Thunderbolt: 599 (2.0%), Mirror Coat: 590 (2.0%), Barrier: 537 (1.8%), Lock On: 233 (0.8%), Thunder: 192 (0.7%), Double Team: 191 (0.7%), Metal Sound: 82 (0.3%), Supersonic: 79 (0.3%), Hyper Beam: 31 (0.1%), Struggle: 5 (0.0%)",8844,2917,3.03,1794,3.65,3.97,1.79,1056,2920,1492,1381,-0.97,9746,"Seaking: 207, Gyarados: 178, Sneasel: 165","Alakazam: 108, Rapidash: 86, Staraptor: 85",3,"Damage: 1757, Status: 112, Hazard: 0, Weather: 0, Cleric: 0, Screen: 0, Pass: 0, Debuff: 31, Tailwind: 0",None
MAKUHITA,D+,All-Rounder,"Endure: 6462 (42.3%), Reversal: 3139 (20.5%), Close Combat: 1992 (13.0%), Wake Up Slap: 1982 (13.0%), Seismic Toss: 1700 (11.1%)",3327,4279,0.78,1476,1.12,3.77,2.06,408,236,648,0,5.15,5764,"Magnemite: 123, Pikachu: 91, Geodude: 87","Golbat: 144, Gyarados: 110, Staraptor: 106",2,"Damage: 1476, Status: 0, Hazard: 0, Weather: 0, Cleric: 0, Screen: 0, Pass: 0, Debuff: 0, Tailwind: 0",None
MAMOSWINE,S-,All-Rounder,"Blizzard: 5377 (28.2%), Rock Slide: 2864 (15.0%), Double Hit: 2853 (15.0%), Earthquake: 2721 (14.3%), Ice Fang: 2584 (13.6%), Mist: 1559 (8.2%), Avalanche: 325 (1.7%), Giga Impact: 247 (1.3%), Stone Edge: 174 (0.9%), Ancient Power: 135 (0.7%), Double Team: 128 (0.7%), Hail: 94 (0.5%)",9104,2013,4.52,1001,5.02,3.99,1.48,890,2673,720,453,-5.26,6095,"Magnemite: 184, Golbat: 166, Pikachu: 158","Staraptor: 72, Gyarados: 57, Rapidash: 45",0,"Damage: 971, Status: 7, Hazard: 0, Weather: 60, Cleric: 0, Screen: 0, Pass: 0, Debuff: 0, Tailwind: 0",None
MANECTRIC,B-,All-Rounder,"Thunder Fang: 728 (34.9%), Overheat: 432 (20.7%), Fire Fang: 294 (14.1%), Quick Attack: 218 (10.5%), Discharge: 204 (9.8%), Thunder Wave: 111 (5.3%), Giga Impact: 56 (2.7%), Natural Gift: 43 (2.1%)",716,514,1.39,276,1.93,3.62,1.2,98,163,62,194,1.22,891,"Starmie: 18, Gyarados: 18, Magneton: 17","Alakazam: 18, Torterra: 17, Quagsire: 14",0,"Damage: 253, Status: 115, Hazard: 0, Weather: 0, Cleric: 0, Screen: 0, Pass: 0, Debuff: 0, Tailwind: 0",None
MANKEY,E+,Support,"Screech: 8594 (23.6%), Seismic Toss: 5185 (14.3%), Punishment: 5036 (13.8%), Karate Chop: 4907 (13.5%), Focus Energy: 1772 (4.9%), Scratch: 1674 (4.6%), Assurance: 1669 (4.6%), Fury Swipes: 1656 (4.6%), Leer: 1613 (4.4%), Low Kick: 1604 (4.4%), Thrash: 1219 (3.4%), Close Combat: 750 (2.1%), Cross Chop: 692 (1.9%)",7296,14155,0.52,2628,0.7,3.41,1.72,1956,2583,1596,0,2.55,14909,"Magikarp: 355, Geodude: 236, Zubat: 226","Staraptor: 289, Golbat: 269, Gyarados: 242",0,"Damage: 2256, Status: 0, Hazard: 0, Weather: 0, Cleric: 0, Screen: 0, Pass: 0, Debuff: 845, Tailwind: 0",None
MANTINE,A-,Disrupter,"Bounce: 27379 (36.1%), Hydro Pump: 16479 (21.7%), Confuse Ray: 14855 (19.6%), Aqua Ring: 9978 (13.2%), Water Pulse: 2796 (3.7%), Take Down: 1837 (2.4%), Wing Attack: 1079 (1.4%), Psybeam: 979 (1.3%), Struggle: 451 (0.6%)",13992,5918,2.36,2900,2.85,7.06,2.53,1839,6409,11860,441,8.29,13170,"Magnemite: 289, Golbat: 272, Machoke: 259","Staraptor: 171, Magneton: 135, Raichu: 121",5,"Damage: 2293, Status: 2124, Hazard: 0, Weather: 0, Cleric: 0, Screen: 0, Pass: 0, Debuff: 0, Tailwind: 0",None
MANTYKE,C,Defender,"Bounce: 12371 (27.9%), Take Down: 10796 (24.3%), Water Pulse: 10574 (23.8%), Confuse Ray: 4792 (10.8%), Wing Attack: 3145 (7.1%), Agility: 2660 (6.0%)",6570,6432,1.02,2898,1.47,5.57,2.4,1639,3192,5628,1245,8.09,9538,"Magikarp: 237, Zubat: 214, Geodude: 181","Gyarados: 151, Staraptor: 150, Golbat: 133",0,"Damage: 2805, Status: 1283, Hazard: 0, Weather: 0, Cleric: 0, Screen: 0, Pass: 0, Debuff: 0, Tailwind: 0",None
MAREEP,E,Disrupter,"Thunder Shock: 10083 (24.0%), Discharge: 6944 (16.5%), Cotton Spore: 6110 (14.5%), Charge: 5756 (13.7%), Tackle: 5289 (12.6%), Growl: 3413 (8.1%), Thunder Wave: 2657 (6.3%), Signal Beam: 1800 (4.3%), Struggle: 8 (0.0%)",7099,14204,0.5,2062,0.64,3.43,1.69,1383,2475,1896,1758,1.87,17555,"Magikarp: 386, Zubat: 305, Rattata: 185","Staraptor: 264, Golbat: 251, Gyarados: 236",1,"Damage: 1468, Status: 1513, Hazard: 0, Weather: 0, Cleric: 0, Screen: 0, Pass: 0, Debuff: 115, Tailwind: 0",None
MARILL,E,All-Rounder,"Double Edge: 34527 (22.4%), Rollout: 31547 (20.5%), Aqua Tail: 19926 (12.9%), Bubble Beam: 18232 (11.8%), Aqua Ring: 15886 (10.3%), Rain Dance: 11839 (7.7%), Water Gun: 7503 (4.9%), Hydro Pump: 4932 (3.2%), Tail Whip: 4761 (3.1%), Defense Curl: 4639 (3.0%), Struggle: 137 (0.1%)",20545,42076,0.49,7552,0.67,4.77,2.7,6257,10720,8475,1391,2.45,45468,"Magikarp: 749, Zubat: 727, Geodude: 723","Golbat: 796, Gyarados: 780, Staraptor: 726",32,"Damage: 7472, Status: 0, Hazard: 0, Weather: 0, Cleric: 0, Screen: 0, Pass: 0, Debuff: 145, Tailwind: 0",None
MAROWAK,D+,Attacker,"Leer: 12965 (28.6%), Stone Edge: 6002 (13.2%), Rage: 5023 (11.1%), Double Edge: 4940 (10.9%), Focus Energy: 3847 (8.5%), Thrash: 3795 (8.4%), Bone Rush: 2331 (5.1%), Bonemerang: 2039 (4.5%), False Swipe: 1964 (4.3%), Swords Dance: 1783 (3.9%), Endeavor: 622 (1.4%), Struggle: 13 (0.0%), Fling: 10 (0.0%)",9452,8652,1.09,551,1.16,5.55,3.05,2547,3756,1943,0,1.55,10544,"Magnemite: 215, Golbat: 186, Pikachu: 181","Gyarados: 167, Staraptor: 136, Golbat: 126",0,"Damage: 533, Status: 0, Hazard: 0, Weather: 0, Cleric: 0, Screen: 0, Pass: 0, Debuff: 18, Tailwind: 0",None
MEDICHAM,B+,Attacker,"Calm Mind: 12788 (16.3%), Reversal: 11156 (14.2%), Hi Jump Kick: 9145 (11.7%), Psych Up: 8482 (10.8%), Recover: 6712 (8.6%), Force Palm: 6443 (8.2%), Power Trick: 6177 (7.9%), Psycho Cut: 3880 (4.9%), Detect: 2379 (3.0%), Brick Break: 1951 (2.5%), Meditate: 1931 (2.5%), Thunder Punch: 1875 (2.4%), Confusion: 1824 (2.3%), Light Screen: 1113 (1.4%), Psychic: 601 (0.8%), Ice Punch: 598 (0.8%), Attract: 410 (0.5%), Rock Slide: 382 (0.5%), Feint: 338 (0.4%), Fire Punch: 135 (0.2%), Struggle: 77 (0.1%)",19299,8992,2.15,1743,2.34,5.24,2.46,2426,1755,3386,1112,4.95,17772,"Magnemite: 416, Clefairy: 390, Pikachu: 337","Staraptor: 297, Golbat: 254, Gyarados: 210",1,"Damage: 1730, Status: 133, Hazard: 0, Weather: 0, Cleric: 0, Screen: 37, Pass: 0, Debuff: 3, Tailwind: 0",None
MEDITITE,E-,All-Rounder,"Detect: 15882 (28.3%), Mind Reader: 9959 (17.8%), Confusion: 7332 (13.1%), Meditate: 2909 (5.2%), Feint: 2653 (4.7%), Hidden Power: 2571 (4.6%), Drain Punch: 2559 (4.6%), Force Palm: 2502 (4.5%), Bide: 2132 (3.8%), Rock Tomb: 2027 (3.6%), Calm Mind: 1901 (3.4%), Fake Out: 1627 (2.9%), Power Trick: 973 (1.7%), Hi Jump Kick: 562 (1.0%), Psych Up: 449 (0.8%), Struggle: 33 (0.1%)",5187,17448,0.3,2153,0.42,4.12,1.68,1200,1026,2151,3715,4.1,19989,"Magikarp: 235, Zubat: 211, Geodude: 145","Golbat: 454, Staraptor: 359, Gyarados: 345",20,"Damage: 2153, Status: 254, Hazard: 0, Weather: 0, Cleric: 0, Screen: 0, Pass: 0, Debuff: 93, Tailwind: 0",None
MEGANIUM,A,All-Rounder,"Petal Dance: 11252 (62.9%), Body Slam: 2621 (14.7%), Reflect: 1317 (7.4%), Light Screen: 1238 (6.9%), Synthesis: 994 (5.6%), Poison Powder: 462 (2.6%)",7623,2501,3.05,1356,3.59,4.23,1.79,849,428,721,259,6.1,6236,"Seaking: 186, Magnemite: 146, Golduck: 138","Staraptor: 88, Rapidash: 67, Heracross: 53",4,"Damage: 1254, Status: 182, Hazard: 0, Weather: 0, Cleric: 0, Screen: 131, Pass: 0, Debuff: 0, Tailwind: 0",None
MEOWTH,E,All-Rounder,"Bite: 5218 (11.8%), Pay Day: 5139 (11.7%), Growl: 4968 (11.3%), Slash: 4685 (10.6%), Taunt: 3727 (8.5%), Faint Attack: 3616 (8.2%), Feint: 3118 (7.1%), Assurance: 3117 (7.1%), Night Slash: 3059 (6.9%), Scratch: 2537 (5.8%), Fury Swipes: 2311 (5.2%), Captivate: 1775 (4.0%), Fake Out: 758 (1.7%), Struggle: 16 (0.0%)",7445,15426,0.48,1505,0.58,4.47,2.5,2559,1557,1844,1954,6.28,11892,"Magikarp: 364, Zubat: 241, Geodude: 198","Staraptor: 324, Gyarados: 300, Magnemite: 290",0,"Damage: 1489, Status: 0, Hazard: 0, Weather: 0, Cleric: 0, Screen: 0, Pass: 0, Debuff: 55, Tailwind: 0",None
METAGROSS,S+,Attacker,"Meteor Mash: 6798 (39.8%), Bullet Punch: 3112 (18.2%), Hammer Arm: 3084 (18.1%), Psychic: 2321 (13.6%), Gravity: 1025 (6.0%), Magnet Rise: 504 (3.0%), Zen Headbutt: 136 (0.8%), Explosion: 95 (0.6%), Struggle: 1 (0.0%)",10823,935,11.58,450,12.06,3.28,1.15,905,1334,285,1204,-0.88,5937,"Magnemite: 178, Clefairy: 173, Golbat: 167","Rapidash: 52, Luxray: 29, Arcanine: 29",0,"Damage: 450, Status: 0, Hazard: 0, Weather: 0, Cleric: 0, Screen: 0, Pass: 0, Debuff: 0, Tailwind: 0",None
METANG,S,Attacker,"Meteor Mash: 3105 (34.0%), Zen Headbutt: 2840 (31.1%), Bullet Punch: 2528 (27.7%), Pursuit: 648 (7.1%)",4807,659,7.29,422,7.93,3.58,1.52,543,905,244,729,-1.45,2870,"Golbat: 87, Magnemite: 85, Clefairy: 84","Rapidash: 31, Magneton: 21, Magmar: 17",0,"Damage: 422, Status: 0, Hazard: 0, Weather: 0, Cleric: 0, Screen: 0, Pass: 0, Debuff: 0, Tailwind: 0",None
METAPOD,F,Defender,"Harden: 83056 (83.7%), Bug Bite: 4661 (4.7%), String Shot: 4510 (4.5%), Tackle: 3774 (3.8%), Struggle: 3244 (3.3%)",1358,15197,0.09,1246,0.17,14.34,8.6,644,1055,4848,0,4.26,8561,"Magikarp: 174, Rattata: 89, Geodude: 67","Staraptor: 269, Golbat: 263, Gyarados: 238",1,"Damage: 1237, Status: 0, Hazard: 0, Weather: 0, Cleric: 0, Screen: 0, Pass: 0, Debuff: 21, Tailwind: 0",None
MIGHTYENA,A+,Attacker / Support,"Crunch: 5415 (50.7%), Iron Tail: 2790 (26.1%), Scary Face: 575 (5.4%), Sucker Punch: 569 (5.3%), Take Down: 538 (5.0%), Taunt: 410 (3.8%), Assurance: 387 (3.6%)",5218,1234,4.23,491,4.63,3.41,1.29,501,917,323,528,-1.06,3602,"Magnemite: 91, Clefairy: 87, Golbat: 87","Staraptor: 47, Machamp: 44, Heracross: 36",0,"Damage: 450, Status: 0, Hazard: 0, Weather: 0, Cleric: 0, Screen: 0, Pass: 0, Debuff: 124, Tailwind: 0",None
MILOTIC,A-,Defender,"Surf: 338 (23.6%), Ice Beam: 332 (23.2%), Hydro Pump: 282 (19.7%), Sleep Talk: 193 (13.5%), Mirror Coat: 110 (7.7%), Rest: 87 (6.1%), Dragon Pulse: 44 (3.1%), Aqua Ring: 37 (2.6%), Struggle: 8 (0.6%)",505,215,2.35,122,2.92,5.99,2.64,61,112,52,19,0.0,366,"Rapidash: 25, Gengar: 21, Houndoom: 20","Roserade: 17, Gengar: 12, Snorlax: 11",0,"Damage: 122, Status: 6, Hazard: 0, Weather: 0, Cleric: 0, Screen: 0, Pass: 0, Debuff: 0, Tailwind: 0",None
MILTANK,D-,Defender,"Stomp: 8966 (52.2%), Rollout: 1384 (8.1%), Milk Drink: 1293 (7.5%), Attract: 1274 (7.4%), Body Slam: 933 (5.4%), Wake Up Slap: 810 (4.7%), Heal Bell: 778 (4.5%), Gyro Ball: 753 (4.4%), Captivate: 507 (3.0%), Sleep Talk: 259 (1.5%), Rest: 191 (1.1%), Struggle: 12 (0.1%)",2009,2760,0.73,422,0.88,6.19,2.52,803,667,665,203,4.49,3737,"Zubat: 47, Clefairy: 46, Rattata: 44","Staraptor: 59, Gyarados: 57, Heracross: 48",0,"Damage: 418, Status: 24, Hazard: 0, Weather: 0, Cleric: 7, Screen: 0, Pass: 0, Debuff: 8, Tailwind: 0",None
MIME JR,F,Support,"Double Slap: 14914 (28.2%), Meditate: 11139 (21.1%), Mimic: 6300 (11.9%), Reflect: 5665 (10.7%), Encore: 5102 (9.7%), Light Screen: 4520 (8.6%), Psybeam: 3276 (6.2%), Substitute: 1494 (2.8%), Struggle: 347 (0.7%), Recycle: 72 (0.1%), Meteor Mash: 2 (0.0%)",1665,15106,0.11,1834,0.23,4.99,2.19,1071,3294,3751,340,2.67,16284,"Magikarp: 99, Bellsprout: 85, Rattata: 77","Staraptor: 268, Golbat: 260, Gyarados: 244",9,"Damage: 1700, Status: 94, Hazard: 2, Weather: 0, Cleric: 0, Screen: 224, Pass: 0, Debuff: 71, Tailwind: 0","Tackle: 447 (7.0%), Splash: 231 (3.6%), Quick Attack: 224 (3.5%), Defense Curl: 185 (2.9%), Tail Whip: 161 (2.5%), Harden: 142 (2.2%), Rock Polish: 119 (1.9%), Safeguard: 110 (1.7%), Leer: 107 (1.7%), Vine Whip: 101 (1.6%), Growth: 99 (1.6%), Confusion: 95 (1.5%), Growl: 94 (1.5%), Double Team: 93 (1.5%), Curse: 79 (1.2%), String Shot: 78 (1.2%), Water Gun: 76 (1.2%), Disable: 75 (1.2%), Protect: 72 (1.1%), Bide: 70 (1.1%), Spark: 68 (1.1%), Tailwind: 66 (1.0%), Absorb: 64 (1.0%), Nasty Plot: 64 (1.0%), Sucker Punch: 63 (1.0%), Present: 63 (1.0%), Agility: 62 (1.0%), Screech: 62 (1.0%), Hidden Power: 62 (1.0%), Rock Throw: 59 (0.9%), Sand Attack: 56 (0.9%), Minimize: 55 (0.9%), Feather Dance: 55 (0.9%), Follow Me: 53 (0.8%), Smoke Screen: 52 (0.8%), Rapid Spin: 50 (0.8%), Endure: 50 (0.8%), Pound: 49 (0.8%), Rollout: 48 (0.8%), Flash: 47 (0.7%), Scratch: 46 (0.7%), Peck: 45 (0.7%), Hyper Voice: 45 (0.7%), Charge: 45 (0.7%), Rest: 45 (0.7%), Captivate: 43 (0.7%), Mud Bomb: 41 (0.6%), Low Kick: 41 (0.6%), Psybeam: 40 (0.6%), Sweet Scent: 39 (0.6%), Me First: 39 (0.6%), Poison Sting: 38 (0.6%), Thunder Shock: 37 (0.6%), Uproar: 36 (0.6%), Hypnosis: 35 (0.6%), Withdraw: 35 (0.6%), Yawn: 34 (0.5%), Reflect: 33 (0.5%), Stockpile: 33 (0.5%), Mud Sport: 33 (0.5%), Ice Shard: 32 (0.5%), Scary Face: 32 (0.5%), Charm: 32 (0.5%), Ember: 32 (0.5%), Wake Up Slap: 32 (0.5%), Leech Life: 32 (0.5%), Acid: 32 (0.5%), Mega Drain: 31 (0.5%), Astonish: 31 (0.5%), Bug Buzz: 31 (0.5%), Camouflage: 30 (0.5%), Magical Leaf: 29 (0.5%), Meditate: 29 (0.5%), Confuse Ray: 28 (0.4%), Mean Look: 27 (0.4%), Focus Energy: 27 (0.4%), Amnesia: 27 (0.4%), Supersonic: 27 (0.4%), Water Pulse: 27 (0.4%), Sweet Kiss: 26 (0.4%), Bubble Beam: 26 (0.4%), Wing Attack: 26 (0.4%), Iron Defense: 25 (0.4%), Recover: 25 (0.4%), Light Screen: 24 (0.4%), Bubble: 24 (0.4%), Aqua Ring: 22 (0.3%), Gust: 22 (0.3%), Spite: 20 (0.3%), Roost: 20 (0.3%), Endeavor: 19 (0.3%), Stun Spore: 19 (0.3%), Lock On: 17 (0.3%), Foresight: 16 (0.3%), Bind: 16 (0.3%), Counter: 16 (0.3%), Pain Split: 16 (0.3%), Fury Attack: 16 (0.3%), Karate Chop: 15 (0.2%), Wrap: 15 (0.2%), Detect: 15 (0.2%), Take Down: 15 (0.2%), Flail: 15 (0.2%), Slam: 14 (0.2%), Headbutt: 13 (0.2%), Mud Shot: 13 (0.2%), Bite: 13 (0.2%), Toxic Spikes: 12 (0.2%), Mud Slap: 12 (0.2%), Wish: 12 (0.2%), Calm Mind: 12 (0.2%), Barrier: 11 (0.2%), Hyper Fang: 11 (0.2%), Fury Swipes: 11 (0.2%), Mind Reader: 11 (0.2%), Helping Hand: 11 (0.2%), Sonic Boom: 10 (0.2%), Thunder Wave: 10 (0.2%), Block: 10 (0.2%), Trump Card: 10 (0.2%), Mirror Coat: 10 (0.2%), Sing: 10 (0.2%), Egg Bomb: 10 (0.2%), Assist: 9 (0.1%), Gyro Ball: 9 (0.1%), Water Sport: 9 (0.1%), Stomp: 9 (0.1%), Icy Wind: 9 (0.1%), Acupressure: 9 (0.1%), Metal Sound: 8 (0.1%), Smog: 8 (0.1%), Constrict: 8 (0.1%), Rage: 8 (0.1%), Fire Spin: 8 (0.1%), Revenge: 8 (0.1%), Payback: 8 (0.1%), Psych Up: 7 (0.1%), Lucky Chant: 7 (0.1%), Hydro Pump: 7 (0.1%), Metal Claw: 7 (0.1%), Magnet Bomb: 7 (0.1%), Conversion 2: 7 (0.1%), Swords Dance: 7 (0.1%), Poison Powder: 6 (0.1%), Swift: 6 (0.1%), Role Play: 6 (0.1%), Whirlpool: 6 (0.1%), Transform: 6 (0.1%), Night Shade: 6 (0.1%), Flame Wheel: 6 (0.1%), Swagger: 6 (0.1%), Extrasensory: 6 (0.1%), Assurance: 6 (0.1%), Future Sight: 6 (0.1%), Encore: 6 (0.1%), Dynamic Punch: 6 (0.1%), Double Kick: 6 (0.1%), Slash: 6 (0.1%), Submission: 6 (0.1%), Bounce: 6 (0.1%), Fling: 5 (0.1%), Tickle: 5 (0.1%), Swallow: 5 (0.1%), Mist: 5 (0.1%), Torment: 5 (0.1%), Aurora Beam: 5 (0.1%), Feint: 5 (0.1%), Zen Headbutt: 5 (0.1%), Giga Drain: 5 (0.1%), Blizzard: 5 (0.1%), Dive: 5 (0.1%), Faint Attack: 4 (0.1%), Air Cutter: 4 (0.1%), Iron Tail: 4 (0.1%), Bug Bite: 4 (0.1%), Horn Attack: 4 (0.1%), Sludge: 4 (0.1%), Magnitude: 4 (0.1%), Pursuit: 4 (0.1%), Bullet Seed: 4 (0.1%), Twister: 4 (0.1%), Rock Slide: 4 (0.1%), Aromatherapy: 4 (0.1%), Worry Seed: 4 (0.1%), Double Edge: 3 (0.0%), Magnet Rise: 3 (0.0%), Psychic: 3 (0.0%), Moonlight: 3 (0.0%), Hail: 3 (0.0%), Sandstorm: 3 (0.0%), Substitute: 3 (0.0%), Super Fang: 3 (0.0%), Dark Pulse: 3 (0.0%), Pin Missile: 3 (0.0%), Dream Eater: 3 (0.0%), Cross Chop: 3 (0.0%), Aqua Jet: 3 (0.0%), Fury Cutter: 3 (0.0%), Dragon Breath: 3 (0.0%), Beat Up: 3 (0.0%), Body Slam: 3 (0.0%), Discharge: 3 (0.0%), Cut: 3 (0.0%), Meteor Mash: 3 (0.0%), Comet Punch: 3 (0.0%), Bone Club: 3 (0.0%), Ingrain: 3 (0.0%), Stealth Rock: 2 (0.0%), Grudge: 2 (0.0%), Cosmic Power: 2 (0.0%), Surf: 2 (0.0%), Charge Beam: 2 (0.0%), Psywave: 2 (0.0%), Skill Swap: 2 (0.0%), Reversal: 2 (0.0%), Seismic Toss: 2 (0.0%), Rain Dance: 2 (0.0%), Icicle Spear: 2 (0.0%), Thrash: 2 (0.0%), Gastro Acid: 2 (0.0%), Ominous Wind: 2 (0.0%), Ice Ball: 2 (0.0%), Solar Beam: 2 (0.0%), Kinesis: 2 (0.0%), Power Trick: 2 (0.0%), Glare: 1 (0.0%), Attract: 1 (0.0%), Will O Wisp: 1 (0.0%), Teleport: 1 (0.0%), Mirror Move: 1 (0.0%), Razor Leaf: 1 (0.0%), Mirror Shot: 1 (0.0%), Shadow Sneak: 1 (0.0%), Dragon Rush: 1 (0.0%), Air Slash: 1 (0.0%), Silver Wind: 1 (0.0%), Thunder: 1 (0.0%), Aura Sphere: 1 (0.0%), Rock Tomb: 1 (0.0%), Extreme Speed: 1 (0.0%), Fake Tears: 1 (0.0%), Heal Block: 1 (0.0%), Dragon Dance: 1 (0.0%), Whirlwind: 1 (0.0%), Embargo: 1 (0.0%), Fire Blast: 1 (0.0%), Dragon Rage: 1 (0.0%), Sand Tomb: 1 (0.0%), Cotton Spore: 1 (0.0%), Aerial Ace: 1 (0.0%), Aqua Tail: 1 (0.0%), Tri Attack: 1 (0.0%), Thunderbolt: 1 (0.0%), Imprison: 1 (0.0%), Ice Punch: 1 (0.0%), Sleep Talk: 1 (0.0%), Brine: 1 (0.0%)"
MINUN,D+,Support,"Baton Pass: 3879 (23.2%), Trump Card: 2816 (16.8%), Thunder: 2516 (15.0%), Agility: 2096 (12.5%), Nasty Plot: 2095 (12.5%), Charge: 1123 (6.7%), Swift: 1109 (6.6%), Fake Tears: 1105 (6.6%), Struggle: 6 (0.0%)",1692,2865,0.59,1400,1.08,5.64,2.57,334,800,739,0,1.56,4559,"Zubat: 48, Bellsprout: 42, Magnemite: 37","Graveler: 46, Mr Mime: 45, Machoke: 45",1,"Damage: 882, Status: 0, Hazard: 0, Weather: 0, Cleric: 0, Screen: 0, Pass: 225, Debuff: 336, Tailwind: 0",None
MISDREAVUS,D+,All-Rounder,"Psybeam: 18314 (31.7%), Pain Split: 7398 (12.8%), Confuse Ray: 6601 (11.4%), Power Gem: 5712 (9.9%), Grudge: 5471 (9.5%), Shadow Ball: 4379 (7.6%), Perish Song: 3824 (6.6%), Astonish: 2740 (4.7%), Spite: 2431 (4.2%), Mean Look: 780 (1.4%), Struggle: 97 (0.2%)",10113,11665,0.87,2855,1.11,4.42,1.59,1825,1133,1729,2232,4.03,16746,"Zubat: 307, Geodude: 251, Magikarp: 243","Staraptor: 231, Gyarados: 219, Golbat: 200",4,"Damage: 2684, Status: 773, Hazard: 0, Weather: 0, Cleric: 0, Screen: 0, Pass: 0, Debuff: 90, Tailwind: 0",None
MISMAGIUS,C+,All-Rounder,"Shadow Ball: 3540 (28.6%), Magical Leaf: 2854 (23.1%), Psybeam: 1949 (15.7%), Aerial Ace: 1238 (10.0%), Confuse Ray: 1196 (9.7%), Shock Wave: 1035 (8.4%), Thunderbolt: 193 (1.6%), Psychic: 135 (1.1%), Astonish: 109 (0.9%), Mean Look: 72 (0.6%), Perish Song: 59 (0.5%)",3630,2519,1.44,510,1.64,4.36,1.52,689,187,349,583,6.68,4285,"Goldeen: 78, Seaking: 78, Magnemite: 68","Staraptor: 80, Gyarados: 56, Seaking: 49",8,"Damage: 473, Status: 187, Hazard: 0, Weather: 0, Cleric: 0, Screen: 0, Pass: 0, Debuff: 23, Tailwind: 0",None
MONFERNO,E+,All-Rounder,"Flame Wheel: 11305 (42.9%), Mach Punch: 6700 (25.4%), Torment: 3894 (14.8%), Feint: 2795 (10.6%), Leer: 1370 (5.2%), Fury Swipes: 315 (1.2%)",5854,8631,0.68,683,0.76,3.65,1.63,1221,637,1004,0,5.8,11281,"Magnemite: 331, Butterfree: 163, Pikachu: 162","Golbat: 261, Gyarados: 196, Seaking: 171",1,"Damage: 644, Status: 0, Hazard: 0, Weather: 0, Cleric: 0, Screen: 0, Pass: 0, Debuff: 91, Tailwind: 0",None
MOTHIM,D-,All-Rounder,"Protect: 2879 (15.1%), Gust: 2561 (13.4%), Psybeam: 2395 (12.5%), Bug Bite: 2332 (12.2%), Confusion: 2327 (12.2%), Tackle: 2150 (11.2%), Hidden Power: 2076 (10.9%), Poison Powder: 1306 (6.8%), Air Slash: 463 (2.4%), Silver Wind: 288 (1.5%), Psychic: 195 (1.0%), Toxic: 144 (0.8%), Struggle: 6 (0.0%)",3674,5092,0.72,932,0.9,3.78,1.69,836,762,835,437,4.65,6898,"Magikarp: 155, Geodude: 112, Zubat: 111","Staraptor: 122, Golbat: 104, Gyarados: 103",1,"Damage: 916, Status: 194, Hazard: 0, Weather: 0, Cleric: 0, Screen: 0, Pass: 0, Debuff: 0, Tailwind: 0",None
MR MIME,B+,Support,"Psychic: 69478 (28.9%), Psybeam: 36042 (15.0%), Reflect: 23269 (9.7%), Role Play: 21990 (9.1%), Substitute: 18831 (7.8%), Light Screen: 15157 (6.3%), Double Slap: 9613 (4.0%), Baton Pass: 7594 (3.2%), Double Team: 7559 (3.1%), Mimic: 5869 (2.4%), Thunderbolt: 5404 (2.2%), Meditate: 5380 (2.2%), Safeguard: 4271 (1.8%), Encore: 4224 (1.8%), Drain Punch: 3157 (1.3%), Trick Room: 912 (0.4%), Trick: 625 (0.3%), Skill Swap: 604 (0.3%), Recycle: 190 (0.1%), Thunder: 153 (0.1%), Struggle: 134 (0.1%), Wing Attack: 1 (0.0%), Growth: 1 (0.0%)",60152,32409,1.86,13396,2.27,4.73,1.67,7344,4767,11694,4971,5.65,65350,"Magnemite: 1192, Zubat: 1183, Magikarp: 1126","Staraptor: 958, Sneasel: 716, Gyarados: 687",24,"Damage: 9990, Status: 622, Hazard: 2, Weather: 0, Cleric: 0, Screen: 2389, Pass: 1882, Debuff: 441, Tailwind: 0","Tackle: 210 (4.0%), Quick Attack: 168 (3.2%), Double Team: 104 (2.0%), Protect: 103 (2.0%), Splash: 99 (1.9%), Defense Curl: 93 (1.8%), Bite: 92 (1.8%), Curse: 82 (1.6%), Psychic: 80 (1.5%), Safeguard: 78 (1.5%), Water Pulse: 76 (1.5%), Sucker Punch: 75 (1.4%), Agility: 75 (1.4%), Confusion: 69 (1.3%), Spark: 60 (1.1%), Mega Drain: 57 (1.1%), Amnesia: 52 (1.0%), Charge: 51 (1.0%), Disable: 51 (1.0%), Extrasensory: 50 (1.0%), Rock Polish: 50 (1.0%), Mud Bomb: 46 (0.9%), Follow Me: 46 (0.9%), Screech: 43 (0.8%), Water Gun: 41 (0.8%), Bubble Beam: 41 (0.8%), Lock On: 40 (0.8%), Roost: 39 (0.7%), Endure: 38 (0.7%), Rest: 38 (0.7%), Zen Headbutt: 38 (0.7%), Scary Face: 37 (0.7%), Aqua Ring: 36 (0.7%), Feint: 36 (0.7%), Vine Whip: 35 (0.7%), Minimize: 35 (0.7%), Rollout: 35 (0.7%), Faint Attack: 35 (0.7%), Growth: 34 (0.7%), Slash: 34 (0.7%), Leer: 33 (0.6%), Flail: 33 (0.6%), Harden: 33 (0.6%), Meteor Mash: 33 (0.6%), Fury Swipes: 32 (0.6%), Slam: 32 (0.6%), Present: 32 (0.6%), Magnet Bomb: 32 (0.6%), Astonish: 31 (0.6%), Captivate: 29 (0.6%), Bug Buzz: 29 (0.6%), Nasty Plot: 27 (0.5%), Acid: 27 (0.5%), Sand Attack: 26 (0.5%), Ember: 26 (0.5%), Revenge: 26 (0.5%), Hyper Voice: 25 (0.5%), Scratch: 24 (0.5%), Magical Leaf: 24 (0.5%), Pursuit: 24 (0.5%), Karate Chop: 24 (0.5%), Giga Drain: 24 (0.5%), Bubble: 23 (0.4%), Wake Up Slap: 23 (0.4%), Ice Shard: 23 (0.4%), Discharge: 23 (0.4%), Rock Throw: 22 (0.4%), Sludge: 22 (0.4%), Night Shade: 22 (0.4%), Counter: 22 (0.4%), Double Edge: 22 (0.4%), Tailwind: 22 (0.4%), Night Slash: 22 (0.4%), Take Down: 21 (0.4%), Poison Sting: 21 (0.4%), Rage: 21 (0.4%), Charge Beam: 21 (0.4%), Camouflage: 21 (0.4%), Absorb: 21 (0.4%), Assurance: 21 (0.4%), Beat Up: 21 (0.4%), Swift: 20 (0.4%), Mud Sport: 20 (0.4%), Withdraw: 20 (0.4%), Bounce: 20 (0.4%), Smoke Screen: 20 (0.4%), Seismic Toss: 20 (0.4%), Detect: 19 (0.4%), Mean Look: 19 (0.4%), Air Cutter: 19 (0.4%), Sweet Scent: 19 (0.4%), Double Hit: 19 (0.4%), Charm: 18 (0.3%), Confuse Ray: 18 (0.3%), Magnitude: 18 (0.3%), Foresight: 18 (0.3%), Petal Dance: 18 (0.3%), Hydro Pump: 18 (0.3%), Uproar: 17 (0.3%), Aqua Tail: 17 (0.3%), Icy Wind: 16 (0.3%), Peck: 16 (0.3%), Stockpile: 16 (0.3%), Hidden Power: 16 (0.3%), Skill Swap: 16 (0.3%), Bullet Seed: 16 (0.3%), Supersonic: 16 (0.3%), Aqua Jet: 16 (0.3%), Iron Defense: 15 (0.3%), Submission: 15 (0.3%), Mirror Shot: 15 (0.3%), Reversal: 15 (0.3%), Whirlpool: 15 (0.3%), Air Slash: 15 (0.3%), Cosmic Power: 15 (0.3%), Tail Whip: 14 (0.3%), Leech Life: 14 (0.3%), Me First: 14 (0.3%), Gyro Ball: 13 (0.2%), Rapid Spin: 13 (0.2%), Mud Slap: 13 (0.2%), Twister: 13 (0.2%), Hypnosis: 13 (0.2%), String Shot: 13 (0.2%), Gust: 13 (0.2%), Future Sight: 13 (0.2%), Thunderbolt: 13 (0.2%), Vital Throw: 13 (0.2%), Growl: 12 (0.2%), Rock Slide: 12 (0.2%), Fury Attack: 12 (0.2%), Pain Split: 12 (0.2%), Calm Mind: 12 (0.2%), Toxic Spikes: 12 (0.2%), Role Play: 12 (0.2%), Solar Beam: 12 (0.2%), Rock Tomb: 11 (0.2%), Bide: 11 (0.2%), Egg Bomb: 11 (0.2%), Sonic Boom: 11 (0.2%), Double Kick: 11 (0.2%), Brine: 11 (0.2%), Substitute: 11 (0.2%), Dark Pulse: 11 (0.2%), Low Kick: 10 (0.2%), Swagger: 10 (0.2%), Fling: 10 (0.2%), Sweet Kiss: 10 (0.2%), Gravity: 10 (0.2%), Sing: 10 (0.2%), Feather Dance: 10 (0.2%), Psybeam: 10 (0.2%), Payback: 10 (0.2%), Cross Chop: 10 (0.2%), Leaf Storm: 10 (0.2%), Wing Attack: 9 (0.2%), Focus Energy: 9 (0.2%), Acupressure: 9 (0.2%), Yawn: 9 (0.2%), Lucky Chant: 9 (0.2%), Razor Leaf: 9 (0.2%), Light Screen: 9 (0.2%), Horn Attack: 9 (0.2%), Odor Sleuth: 9 (0.2%), Earthquake: 9 (0.2%), Stomp: 9 (0.2%), Stun Spore: 8 (0.2%), Rain Dance: 8 (0.2%), Spite: 8 (0.2%), Conversion 2: 8 (0.2%), Blizzard: 8 (0.2%), Earth Power: 8 (0.2%), Thrash: 8 (0.2%), Dig: 8 (0.2%), Wish: 8 (0.2%), Thunder Shock: 7 (0.1%), Pound: 7 (0.1%), Lick: 7 (0.1%), Psych Up: 7 (0.1%), Worry Seed: 7 (0.1%), Bind: 7 (0.1%), Mind Reader: 7 (0.1%), Dragon Rush: 7 (0.1%), Ice Beam: 7 (0.1%), Dragon Dance: 7 (0.1%), Psycho Cut: 7 (0.1%), Headbutt: 7 (0.1%), Ingrain: 7 (0.1%), Aurora Beam: 6 (0.1%), Thunder Wave: 6 (0.1%), Embargo: 6 (0.1%), Smog: 6 (0.1%), Fake Tears: 6 (0.1%), Flash: 6 (0.1%), Body Slam: 6 (0.1%), Dive: 6 (0.1%), Iron Tail: 6 (0.1%), Flame Wheel: 6 (0.1%), Metal Sound: 6 (0.1%), Imprison: 6 (0.1%), Super Fang: 6 (0.1%), Recover: 6 (0.1%), Metal Claw: 6 (0.1%), Ominous Wind: 6 (0.1%), Fire Fang: 6 (0.1%), Bug Bite: 5 (0.1%), Pin Missile: 5 (0.1%), Shadow Sneak: 5 (0.1%), Surf: 5 (0.1%), Reflect: 5 (0.1%), Mud Shot: 5 (0.1%), Vice Grip: 5 (0.1%), Thunder: 5 (0.1%), Sand Tomb: 5 (0.1%), Poison Jab: 5 (0.1%), Shock Wave: 5 (0.1%), Crunch: 5 (0.1%), Hyper Fang: 5 (0.1%), Moonlight: 5 (0.1%), Fly: 5 (0.1%), Ancient Power: 5 (0.1%), Wrap: 4 (0.1%), Force Palm: 4 (0.1%), Endeavor: 4 (0.1%), Sandstorm: 4 (0.1%), Magnet Rise: 4 (0.1%), Focus Blast: 4 (0.1%), Double Slap: 4 (0.1%), Muddy Water: 4 (0.1%), Fury Cutter: 4 (0.1%), Tri Attack: 4 (0.1%), Dragon Pulse: 4 (0.1%), Signal Beam: 4 (0.1%), Glare: 4 (0.1%), Teeter Dance: 4 (0.1%), Cotton Spore: 4 (0.1%), Bonemerang: 4 (0.1%), Flamethrower: 4 (0.1%), Mirror Coat: 4 (0.1%), Weather Ball: 3 (0.1%), Sludge Bomb: 3 (0.1%), Constrict: 3 (0.1%), Block: 3 (0.1%), Mach Punch: 3 (0.1%), Wring Out: 3 (0.1%), Poison Fang: 3 (0.1%), Grudge: 3 (0.1%), False Swipe: 3 (0.1%), Gunk Shot: 3 (0.1%), Barrier: 3 (0.1%), Thunder Punch: 3 (0.1%), Brick Break: 3 (0.1%), Psywave: 3 (0.1%), Torment: 2 (0.0%), Heal Block: 2 (0.0%), Transform: 2 (0.0%), Comet Punch: 2 (0.0%), Aerial Ace: 2 (0.0%), Fire Punch: 2 (0.0%), Close Combat: 2 (0.0%), Slack Off: 2 (0.0%), Extreme Speed: 2 (0.0%), Encore: 2 (0.0%), Superpower: 2 (0.0%), Steel Wing: 2 (0.0%), Dizzy Punch: 2 (0.0%), Acid Armor: 2 (0.0%), Razor Wind: 2 (0.0%), Ice Punch: 2 (0.0%), Ice Fang: 2 (0.0%), Rock Blast: 2 (0.0%), Clamp: 2 (0.0%), Whirlwind: 2 (0.0%), Wood Hammer: 2 (0.0%), Shadow Ball: 2 (0.0%), Power Whip: 2 (0.0%), Taunt: 1 (0.0%), Sunny Day: 1 (0.0%), Assist: 1 (0.0%), Water Sport: 1 (0.0%), Sky Attack: 1 (0.0%), Waterfall: 1 (0.0%), Hi Jump Kick: 1 (0.0%), Lava Plume: 1 (0.0%), Flash Cannon: 1 (0.0%), Spider Web: 1 (0.0%), Toxic: 1 (0.0%), Drain Punch: 1 (0.0%), Shadow Claw: 1 (0.0%), Energy Ball: 1 (0.0%), Stone Edge: 1 (0.0%), Hyper Beam: 1 (0.0%), Dragon Rage: 1 (0.0%), Trump Card: 1 (0.0%), Poison Powder: 1 (0.0%), Aura Sphere: 1 (0.0%), Swords Dance: 1 (0.0%), Silver Wind: 1 (0.0%), Fire Spin: 1 (0.0%), Gastro Acid: 1 (0.0%), Jump Kick: 1 (0.0%), Skull Bash: 1 (0.0%), Grass Whistle: 1 (0.0%), Will O Wisp: 1 (0.0%)"
MUK,C,Disrupter,"Sludge: 13480 (18.6%), Sludge Bomb: 11770 (16.3%), Mud Bomb: 11711 (16.2%), Minimize: 10234 (14.1%), Disable: 8366 (11.6%), Acid Armor: 4848 (6.7%), Dark Pulse: 3920 (5.4%), Screech: 3292 (4.5%), Fling: 1595 (2.2%), Gunk Shot: 1539 (2.1%), Toxic: 1390 (1.9%), Swagger: 245 (0.3%), Struggle: 11 (0.0%)",11059,10197,1.08,3085,1.39,5.93,2.61,2347,6808,16462,8106,13.44,16359,"Magnemite: 301, Zubat: 222, Pikachu: 219","Staraptor: 252, Gyarados: 243, Mr Mime: 178",9,"Damage: 2804, Status: 1748, Hazard: 0, Weather: 0, Cleric: 0, Screen: 0, Pass: 0, Debuff: 131, Tailwind: 0",None
MUNCHLAX,B,Support,"Body Slam: 17470 (32.6%), Screech: 12980 (24.2%), Stockpile: 12302 (23.0%), Lick: 7007 (13.1%), Swallow: 2782 (5.2%), Recycle: 998 (1.9%), Struggle: 60 (0.1%)",11102,6063,1.83,1923,2.15,5.61,3.05,1240,3492,2188,2852,-0.15,11420,"Magikarp: 326, Pikachu: 241, Zubat: 226","Staraptor: 181, Gyarados: 129, Graveler: 117",0,"Damage: 1339, Status: 431, Hazard: 0, Weather: 0, Cleric: 0, Screen: 0, Pass: 0, Debuff: 762, Tailwind: 0",None
MURKROW,D+,All-Rounder,"Faint Attack: 20735 (23.3%), Taunt: 18087 (20.3%), Night Shade: 14771 (16.6%), Assurance: 14747 (16.6%), Wing Attack: 6648 (7.5%), Mean Look: 4862 (5.5%), Sucker Punch: 3526 (4.0%), Pursuit: 3236 (3.6%), Drill Peck: 952 (1.1%), Pluck: 706 (0.8%), Astonish: 314 (0.4%), Haze: 243 (0.3%), Whirlwind: 67 (0.1%), Struggle: 11 (0.0%)",21911,23229,0.94,4198,1.12,3.81,1.8,3386,659,3174,64,6.42,31613,"Golbat: 397, Magnemite: 396, Mr Mime: 376","Staraptor: 630, Gyarados: 557, Golbat: 466",11,"Damage: 4198, Status: 0, Hazard: 0, Weather: 0, Cleric: 0, Screen: 0, Pass: 0, Debuff: 0, Tailwind: 0",None
NATU,D-,All-Rounder,"Me First: 4701 (46.9%), Night Shade: 2677 (26.7%), Leer: 1455 (14.5%), Confuse Ray: 1186 (11.8%), Struggle: 3 (0.0%)",1310,2478,0.53,862,0.88,4.18,1.82,120,331,425,114,2.02,3123,"Magikarp: 79, Zubat: 65, Rattata: 59","Magnemite: 60, Golbat: 51, Staraptor: 51",0,"Damage: 652, Status: 436, Hazard: 0, Weather: 0, Cleric: 0, Screen: 0, Pass: 0, Debuff: 45, Tailwind: 0",None
NIDOKING,B,All-Rounder,"Thrash: 11379 (17.6%), Double Kick: 9524 (14.7%), Poison Sting: 9516 (14.7%), Focus Energy: 7864 (12.1%), Earth Power: 7378 (11.4%), Shadow Claw: 6110 (9.4%), Peck: 5189 (8.0%), Poison Jab: 3173 (4.9%), Focus Blast: 2652 (4.1%), Megahorn: 1701 (2.6%), Fury Attack: 288 (0.4%)",19818,11642,1.7,3529,2.01,3.93,1.86,8888,2662,2369,3104,12.8,20614,"Magikarp: 470, Magnemite: 384, Zubat: 383","Staraptor: 293, Gyarados: 292, Golduck: 184",1,"Damage: 3473, Status: 1158, Hazard: 0, Weather: 0, Cleric: 0, Screen: 0, Pass: 0, Debuff: 3, Tailwind: 0",None
NIDOQUEEN,C+,Support,"Body Slam: 7947 (20.0%), Double Kick: 6457 (16.2%), Earth Power: 6402 (16.1%), Tail Whip: 6220 (15.6%), Poison Sting: 4255 (10.7%), Superpower: 3541 (8.9%), Poison Jab: 3229 (8.1%), Crunch: 792 (2.0%), Scratch: 596 (1.5%), Roar: 177 (0.4%), Poison Fang: 158 (0.4%), Captivate: 43 (0.1%)",9726,7931,1.23,2353,1.52,4.47,2.13,2261,1243,1501,3695,6.0,12748,"Magnemite: 243, Clefairy: 195, Pikachu: 152","Gyarados: 204, Staraptor: 181, Alakazam: 147",4,"Damage: 2116, Status: 816, Hazard: 0, Weather: 0, Cleric: 0, Screen: 0, Pass: 0, Debuff: 509, Tailwind: 0",None
NIDORAN F,F-,Attacker,"Scratch: 2409 (34.8%), Tail Whip: 2381 (34.4%), Growl: 2132 (30.8%), Struggle: 3 (0.0%)",205,2715,0.08,8,0.08,3.58,1.84,150,307,349,0,2.64,2804,"Bellsprout: 53, Magikarp: 29, Rattata: 21","Staraptor: 46, Clefairy: 42, Geodude: 42",0,"Damage: 5, Status: 0, Hazard: 0, Weather: 0, Cleric: 0, Screen: 0, Pass: 0, Debuff: 5, Tailwind: 0",None
NIDORAN M,F-,Attacker,"Peck: 1706 (35.1%), Leer: 1172 (24.1%), Double Kick: 1151 (23.7%), Focus Energy: 825 (17.0%)",395,2660,0.15,4,0.15,2.77,1.41,647,171,310,0,15.22,2821,"Geodude: 53, Magikarp: 34, Bellsprout: 34","Staraptor: 46, Pikachu: 42, Clefairy: 39",0,"Damage: 3, Status: 0, Hazard: 0, Weather: 0, Cleric: 0, Screen: 0, Pass: 0, Debuff: 1, Tailwind: 0",None
NIDORINA,E+,Disrupter / Support,"Bite: 24690 (37.6%), Tail Whip: 13264 (20.2%), Flatter: 6779 (10.3%), Poison Sting: 6137 (9.3%), Toxic Spikes: 5571 (8.5%), Fury Swipes: 4893 (7.5%), Double Kick: 2104 (3.2%), Helping Hand: 1205 (1.8%), Scratch: 980 (1.5%), Struggle: 25 (0.0%)",6411,15235,0.42,6002,0.81,4.75,2.37,2700,3115,2696,7404,3.36,19067,"Magikarp: 273, Zubat: 217, Geodude: 155","Golbat: 317, Gyarados: 311, Staraptor: 304",5,"Damage: 4537, Status: 3281, Hazard: 916, Weather: 0, Cleric: 0, Screen: 0, Pass: 0, Debuff: 1310, Tailwind: 0",None
NIDORINO,E-,Disrupter,"Horn Attack: 5312 (24.0%), Poison Sting: 3945 (17.8%), Fury Attack: 3075 (13.9%), Double Kick: 2517 (11.4%), Flatter: 2116 (9.5%), Focus Energy: 1407 (6.3%), Toxic Spikes: 1219 (5.5%), Peck: 1098 (5.0%), Poison Jab: 941 (4.2%), Helping Hand: 542 (2.4%), Struggle: 1 (0.0%)",2730,8932,0.31,1577,0.48,3.88,1.77,1844,1183,1112,1225,7.67,10726,"Magnemite: 91, Machop: 62, Zubat: 55","Staraptor: 196, Gyarados: 188, Mr Mime: 161",4,"Damage: 1249, Status: 879, Hazard: 96, Weather: 0, Cleric: 0, Screen: 0, Pass: 0, Debuff: 0, Tailwind: 0",None
NINCADA,B-,All-Rounder,"Dig: 3867 (31.7%), Metal Claw: 3106 (25.5%), Leech Life: 3048 (25.0%), Mud Slap: 2167 (17.8%)",2052,1972,1.04,1399,1.75,4.9,2.13,586,176,2641,2090,20.66,3053,"Magikarp: 76, Magnemite: 72, Geodude: 66","Golbat: 77, Staraptor: 51, Gyarados: 49",0,"Damage: 1399, Status: 0, Hazard: 0, Weather: 0, Cleric: 0, Screen: 0, Pass: 0, Debuff: 0, Tailwind: 0",None
NINETALES,B,Disrupter,"Quick Attack: 9650 (31.1%), Flamethrower: 4806 (15.5%), Will O Wisp: 4391 (14.2%), Nasty Plot: 3027 (9.8%), Overheat: 2817 (9.1%), Confuse Ray: 1654 (5.3%), Fire Blast: 1251 (4.0%), Ember: 1208 (3.9%), Roar: 688 (2.2%), Dark Pulse: 549 (1.8%), Extrasensory: 501 (1.6%), Safeguard: 479 (1.5%)",7877,4526,1.74,1141,1.99,4.72,2.02,1277,2185,967,490,0.28,8323,"Magnemite: 221, Pikachu: 157, Clefairy: 126","Gyarados: 108, Seaking: 76, Staraptor: 76",4,"Damage: 1031, Status: 844, Hazard: 0, Weather: 0, Cleric: 0, Screen: 0, Pass: 0, Debuff: 0, Tailwind: 0",None
NINJASK,S,Attacker / Passer,"X Scissor: 6887 (47.4%), Swords Dance: 2430 (16.7%), Aerial Ace: 1991 (13.7%), Slash: 1819 (12.5%), Silver Wind: 1243 (8.6%), Baton Pass: 154 (1.1%)",9546,1069,8.93,1013,9.88,2.72,0.66,869,46,245,131,7.29,5626,"Magnemite: 181, Clefairy: 164, Magikarp: 164","Staraptor: 71, Arcanine: 31, Gyarados: 29",1,"Damage: 712, Status: 0, Hazard: 0, Weather: 0, Cleric: 0, Screen: 0, Pass: 301, Debuff: 0, Tailwind: 0",None
NOCTOWL,B,Attacker,"Air Slash: 46200 (26.9%), Extrasensory: 27904 (16.2%), Take Down: 26897 (15.6%), Zen Headbutt: 26041 (15.2%), Confusion: 13402 (7.8%), Reflect: 10111 (5.9%), Hypnosis: 6933 (4.0%), Peck: 3326 (1.9%), Roost: 3246 (1.9%), Uproar: 3029 (1.8%), Dream Eater: 2539 (1.5%), Psychic: 1643 (1.0%), Psycho Shift: 263 (0.2%), Shadow Ball: 238 (0.1%), Feather Dance: 85 (0.0%), Struggle: 15 (0.0%)",48252,24298,1.99,4494,2.17,4.64,2.17,8466,13762,5824,13147,0.24,44036,"Magnemite: 979, Zubat: 926, Magikarp: 910","Staraptor: 727, Gyarados: 558, Magneton: 493",1,"Damage: 4479, Status: 192, Hazard: 0, Weather: 0, Cleric: 0, Screen: 0, Pass: 0, Debuff: 17, Tailwind: 0",None
NOSEPASS,E,Disrupter,"Harden: 13529 (29.3%), Rock Throw: 10600 (23.0%), Block: 7631 (16.5%), Tackle: 6023 (13.0%), Rock Slide: 5011 (10.9%), Thunder Wave: 3324 (7.2%), Struggle: 39 (0.1%)",3392,7129,0.48,933,0.61,6.68,3.5,1132,3442,2062,949,-0.46,8925,"Magikarp: 209, Zubat: 142, Rattata: 109","Staraptor: 132, Magnemite: 125, Gyarados: 116",0,"Damage: 788, Status: 729, Hazard: 0, Weather: 0, Cleric: 0, Screen: 0, Pass: 0, Debuff: 0, Tailwind: 0",None
NUMEL,A-,Attacker,"Magnitude: 3056 (27.9%), Earth Power: 2817 (25.7%), Overheat: 2728 (24.9%), Amnesia: 2369 (21.6%), Struggle: 2 (0.0%)",4166,1536,2.71,40,2.74,3.92,2.08,457,616,389,113,2.04,3279,"Zubat: 95, Magnemite: 94, Magikarp: 79","Gyarados: 53, Staraptor: 44, Seaking: 40",0,"Damage: 40, Status: 0, Hazard: 0, Weather: 0, Cleric: 0, Screen: 0, Pass: 0, Debuff: 0, Tailwind: 0",None
NUZLEAF,A+,All-Rounder,"Faint Attack: 2443 (29.0%), Razor Leaf: 2308 (27.4%), Fake Out: 1924 (22.9%), Extrasensory: 1737 (20.6%)",4148,1060,3.91,820,4.69,3.26,1.12,635,187,239,1403,8.0,2955,"Magikarp: 82, Magnemite: 80, Pikachu: 79","Staraptor: 52, Golbat: 30, Gyarados: 23",0,"Damage: 820, Status: 0, Hazard: 0, Weather: 0, Cleric: 0, Screen: 0, Pass: 0, Debuff: 0, Tailwind: 0",None
OCTILLERY,B,All-Rounder,"Wring Out: 11880 (21.9%), Signal Beam: 10794 (19.9%), Bullet Seed: 10687 (19.7%), Octazooka: 8351 (15.4%), Ice Beam: 5640 (10.4%), Hyper Beam: 2106 (3.9%), Focus Energy: 2004 (3.7%), Bubble Beam: 1636 (3.0%), Aurora Beam: 1063 (2.0%)",18368,10521,1.75,2405,1.97,4.32,2.15,4961,2633,3145,3045,9.55,18762,"Magnemite: 433, Golbat: 361, Pikachu: 350","Magneton: 221, Gyarados: 197, Roserade: 190",1,"Damage: 2405, Status: 175, Hazard: 0, Weather: 0, Cleric: 0, Screen: 0, Pass: 0, Debuff: 3, Tailwind: 0",None
ODDISH,E,Disrupter,"Mega Drain: 12319 (27.8%), Petal Dance: 7266 (16.4%), Acid: 6252 (14.1%), Stun Spore: 4657 (10.5%), Absorb: 4242 (9.6%), Sweet Scent: 3728 (8.4%), Poison Powder: 2702 (6.1%), Sleep Powder: 1676 (3.8%), Giga Drain: 687 (1.6%), Moonlight: 673 (1.5%), Struggle: 54 (0.1%), Natural Gift: 15 (0.0%)",6581,14096,0.47,2157,0.62,3.98,1.97,1784,3608,2200,495,0.77,17124,"Magikarp: 309, Geodude: 260, Onix: 174","Staraptor: 283, Golbat: 271, Gyarados: 247",3,"Damage: 1923, Status: 1318, Hazard: 0, Weather: 0, Cleric: 0, Screen: 0, Pass: 0, Debuff: 61, Tailwind: 0",None
OMASTAR,C,All-Rounder,"Brine: 655 (37.3%), Ancient Power: 488 (27.8%), Protect: 474 (27.0%), Spike Cannon: 87 (5.0%), Sandstorm: 52 (3.0%)",565,454,1.24,104,1.47,4.17,1.59,78,25,54,48,5.93,706,"Gyarados: 32, Staraptor: 23, Machamp: 13","Roserade: 27, Torterra: 18, Magnezone: 14",1,"Damage: 96, Status: 0, Hazard: 0, Weather: 14, Cleric: 0, Screen: 0, Pass: 0, Debuff: 0, Tailwind: 0",None
ONIX,E,Support,"Rock Polish: 54477 (19.3%), Curse: 37006 (13.1%), Screech: 35300 (12.5%), Sandstorm: 27468 (9.7%), Rock Tomb: 26758 (9.5%), Rock Throw: 22565 (8.0%), Slam: 19275 (6.8%), Rage: 18224 (6.5%), Dragon Breath: 11732 (4.2%), Iron Tail: 7681 (2.7%), Harden: 7170 (2.5%), Bind: 4857 (1.7%), Tackle: 2296 (0.8%), Earthquake: 1674 (0.6%), Rock Slide: 1355 (0.5%), Stone Edge: 1266 (0.4%), Double Edge: 1098 (0.4%), Sand Tomb: 1089 (0.4%), Stealth Rock: 525 (0.2%), Struggle: 62 (0.0%)",19859,56933,0.35,12700,0.57,6.01,3.26,6021,30561,12595,19096,-4.06,60042,"Magikarp: 1046, Zubat: 814, Pikachu: 635","Gyarados: 1056, Staraptor: 976, Golbat: 924",32,"Damage: 9441, Status: 594, Hazard: 40, Weather: 6898, Cleric: 0, Screen: 0, Pass: 0, Debuff: 2176, Tailwind: 0",None
PACHIRISU,E-,All-Rounder,"Quick Attack: 19769 (26.4%), Spark: 13855 (18.5%), Bide: 7331 (9.8%), Sweet Kiss: 6412 (8.6%), Discharge: 5872 (7.8%), Super Fang: 5858 (7.8%), Endure: 4018 (5.4%), Swift: 3830 (5.1%), Charm: 3614 (4.8%), Last Resort: 3442 (4.6%), Growl: 853 (1.1%), Struggle: 31 (0.0%)",8203,16467,0.5,1002,0.56,4.91,2.52,3234,3999,2894,4284,2.82,17706,"Magikarp: 357, Zubat: 325, Rattata: 173","Golbat: 287, Staraptor: 262, Gyarados: 244",1,"Damage: 946, Status: 486, Hazard: 0, Weather: 0, Cleric: 0, Screen: 0, Pass: 0, Debuff: 47, Tailwind: 0",None
PARAS,E+,Disrupter,"Slash: 11186 (27.7%), Giga Drain: 7310 (18.1%), Growth: 6087 (15.1%), Scratch: 5890 (14.6%), Leech Life: 2790 (6.9%), Spore: 2229 (5.5%), Stun Spore: 1868 (4.6%), Attract: 1434 (3.6%), Poison Powder: 1304 (3.2%), Aromatherapy: 237 (0.6%), Struggle: 6 (0.0%)",6265,11304,0.55,1913,0.72,4.62,2.22,2294,1728,1872,0,5.78,11957,"Magikarp: 256, Zubat: 172, Geodude: 156","Golbat: 271, Staraptor: 251, Gyarados: 207",2,"Damage: 1761, Status: 969, Hazard: 0, Weather: 0, Cleric: 0, Screen: 0, Pass: 0, Debuff: 0, Tailwind: 0",None
PARASECT,B,Disrupter,"Slash: 33434 (38.8%), Growth: 17995 (20.9%), Giga Drain: 13603 (15.8%), Spore: 11172 (13.0%), X Scissor: 5897 (6.8%), Swords Dance: 2699 (3.1%), Leech Life: 761 (0.9%), Attract: 559 (0.6%)",21345,11945,1.79,3956,2.12,5.02,2.13,5228,1688,2889,0,7.22,21972,"Magikarp: 410, Pikachu: 395, Magnemite: 386","Golbat: 518, Staraptor: 428, Magmar: 208",8,"Damage: 3485, Status: 2067, Hazard: 0, Weather: 0, Cleric: 0, Screen: 0, Pass: 0, Debuff: 0, Tailwind: 0",None
PELIPPER,D,Defender,"Stockpile: 29078 (18.2%), Tailwind: 21119 (13.2%), Spit Up: 19485 (12.2%), Roost: 17348 (10.8%), Swallow: 14767 (9.2%), Water Pulse: 14383 (9.0%), Protect: 13198 (8.2%), Payback: 11626 (7.3%), Fling: 8291 (5.2%), Quick Attack: 3057 (1.9%), Wing Attack: 2599 (1.6%), Hydro Pump: 2465 (1.5%), Air Slash: 1192 (0.7%), Struggle: 769 (0.5%), Surf: 498 (0.3%), Ice Beam: 206 (0.1%), Hidden Power: 54 (0.0%)",13120,15973,0.82,3151,1.02,8.65,4.91,2792,1336,6367,2230,4.71,22952,"Machoke: 298, Machop: 263, Magikarp: 233","Staraptor: 332, Gyarados: 326, Golbat: 317",3,"Damage: 2804, Status: 470, Hazard: 0, Weather: 0, Cleric: 0, Screen: 0, Pass: 0, Debuff: 0, Tailwind: 394",None
PERSIAN,B-,Attacker,"Power Gem: 3934 (26.8%), Faint Attack: 3166 (21.6%), Taunt: 3101 (21.1%), Slash: 3002 (20.5%), Night Slash: 841 (5.7%), Fake Out: 621 (4.2%)",3722,2286,1.63,405,1.81,4.21,2.16,943,137,455,496,8.34,3884,"Magikarp: 80, Pikachu: 79, Zubat: 78","Staraptor: 57, Gyarados: 52, Graveler: 46",0,"Damage: 405, Status: 0, Hazard: 0, Weather: 0, Cleric: 0, Screen: 0, Pass: 0, Debuff: 0, Tailwind: 0",None
PHANPY,E+,All-Rounder,"Endure: 11857 (37.0%), Charm: 8910 (27.8%), Double Edge: 4666 (14.5%), Slam: 4650 (14.5%), Last Resort: 1979 (6.2%), Struggle: 17 (0.1%)",3846,5873,0.65,861,0.8,4.36,2.67,636,1640,1370,0,1.09,8789,"Magnemite: 125, Pikachu: 120, Magikarp: 116","Golbat: 153, Gyarados: 128, Seaking: 99",0,"Damage: 789, Status: 0, Hazard: 0, Weather: 0, Cleric: 0, Screen: 0, Pass: 0, Debuff: 111, Tailwind: 0",None
PICHU,E-,Disrupter / Support,"Tail Whip: 57015 (39.5%), Sweet Kiss: 34662 (24.0%), Nasty Plot: 33127 (23.0%), Thunder Wave: 16578 (11.5%), Charm: 2325 (1.6%), Struggle: 617 (0.4%)",131,33863,0.0,14935,0.44,5.46,2.09,37,12881,5106,0,-5.18,33321,"Magikarp: 47, Croagunk: 23, Wobbuffet: 8","Staraptor: 530, Golbat: 522, Clefairy: 503",8,"Damage: 105, Status: 13962, Hazard: 0, Weather: 0, Cleric: 0, Screen: 0, Pass: 0, Debuff: 4583, Tailwind: 0",None
PIDGEOT,B-,Defender,"Wing Attack: 37367 (40.1%), Roost: 13865 (14.9%), Agility: 10081 (10.8%), Feather Dance: 8574 (9.2%), Mirror Move: 7864 (8.4%), Tailwind: 6236 (6.7%), Sand Attack: 2584 (2.8%), Quick Attack: 1859 (2.0%), Steel Wing: 1700 (1.8%), Twister: 1398 (1.5%), Return: 401 (0.4%), Air Slash: 393 (0.4%), Whirlwind: 385 (0.4%), Double Team: 313 (0.3%), Swagger: 140 (0.2%), Struggle: 25 (0.0%)",15807,10293,1.54,2445,1.77,6.83,3.44,2879,1882,9369,529,10.13,16695,"Clefairy: 315, Golbat: 304, Machoke: 264","Staraptor: 290, Magneton: 248, Gyarados: 222",2,"Damage: 2380, Status: 71, Hazard: 0, Weather: 0, Cleric: 0, Screen: 0, Pass: 0, Debuff: 102, Tailwind: 60",None
PIDGEOTTO,E-,Support,"Twister: 9272 (18.8%), Feather Dance: 8193 (16.6%), Wing Attack: 7871 (16.0%), Agility: 6445 (13.1%), Gust: 5334 (10.8%), Quick Attack: 4465 (9.1%), Tackle: 3718 (7.5%), Whirlwind: 1621 (3.3%), Sand Attack: 1395 (2.8%), Roost: 997 (2.0%), Struggle: 7 (0.0%)",4802,14218,0.34,1821,0.47,4.54,2.1,1855,1165,4771,0,10.1,16731,"Magikarp: 157, Zubat: 143, Geodude: 111","Staraptor: 324, Golbat: 278, Magnemite: 255",1,"Damage: 1742, Status: 0, Hazard: 0, Weather: 0, Cleric: 0, Screen: 0, Pass: 0, Debuff: 261, Tailwind: 0",None
PIDGEY,F-,Defender,"Tackle: 30456 (40.3%), Sand Attack: 21122 (27.9%), Quick Attack: 11318 (15.0%), Gust: 10879 (14.4%), Whirlwind: 1634 (2.2%), Struggle: 209 (0.3%)",2796,34595,0.08,2402,0.15,5.27,2.29,3055,3124,19533,0,20.46,20467,"Magikarp: 309, Rattata: 168, Zubat: 130","Staraptor: 589, Golbat: 556, Magnemite: 539",6,"Damage: 2402, Status: 0, Hazard: 0, Weather: 0, Cleric: 0, Screen: 0, Pass: 0, Debuff: 0, Tailwind: 0",None
PIKACHU,E+,All-Rounder,"Feint: 56934 (16.6%), Double Team: 49719 (14.5%), Quick Attack: 39803 (11.6%), Agility: 39181 (11.4%), Slam: 36989 (10.8%), Discharge: 35335 (10.3%), Thunderbolt: 24785 (7.2%), Light Screen: 23320 (6.8%), Tail Whip: 10881 (3.2%), Thunder Wave: 10077 (2.9%), Thunder Shock: 6604 (1.9%), Thunder: 5347 (1.6%), Growl: 2679 (0.8%), Iron Tail: 961 (0.3%), Volt Tackle: 843 (0.2%), Struggle: 124 (0.0%)",51214,83447,0.61,8568,0.72,5.01,2.06,11522,18281,40556,7681,8.82,81855,"Magikarp: 1751, Zubat: 1556, Magnemite: 1103","Gyarados: 1488, Sneasel: 1377, Seaking: 1316",46,"Damage: 7174, Status: 3744, Hazard: 0, Weather: 0, Cleric: 0, Screen: 562, Pass: 0, Debuff: 28, Tailwind: 0",None
PILOSWINE,B+,All-Rounder,"Ice Fang: 9219 (26.3%), Earthquake: 6109 (17.5%), Fury Attack: 5162 (14.7%), Take Down: 5013 (14.3%), Icy Wind: 2771 (7.9%), Blizzard: 2057 (5.9%), Mud Bomb: 2045 (5.8%), Hail: 1045 (3.0%), Ancient Power: 875 (2.5%), Stone Edge: 448 (1.3%), Avalanche: 263 (0.8%)",14083,6168,2.28,1907,2.59,3.65,1.7,2303,3397,1917,3218,2.32,12332,"Magnemite: 355, Pikachu: 283, Clefairy: 251","Staraptor: 165, Gyarados: 155, Seaking: 151",1,"Damage: 1818, Status: 36, Hazard: 0, Weather: 381, Cleric: 0, Screen: 0, Pass: 0, Debuff: 38, Tailwind: 0",None
PINSIR,A+,Attacker,"X Scissor: 6899 (49.4%), Swords Dance: 2379 (17.0%), Thrash: 2118 (15.2%), Rock Tomb: 1152 (8.2%), Vital Throw: 1146 (8.2%), Earthquake: 151 (1.1%), Superpower: 91 (0.7%), Guillotine: 34 (0.2%)",7627,2101,3.63,317,3.78,3.4,1.29,702,475,479,248,4.89,5550,"Magnemite: 167, Clefairy: 141, Golbat: 130","Staraptor: 94, Golbat: 68, Rapidash: 58",0,"Damage: 317, Status: 0, Hazard: 0, Weather: 0, Cleric: 0, Screen: 0, Pass: 0, Debuff: 29, Tailwind: 0",None
PIPLUP,F,Attacker,"Pound: 11546 (30.9%), Bubble: 10050 (26.9%), Growl: 7425 (19.9%), Bubble Beam: 4772 (12.8%), Peck: 3521 (9.4%), Struggle: 27 (0.1%)",3427,15463,0.22,88,0.23,3.42,1.77,1711,1269,2097,1215,6.48,16959,"Magikarp: 323, Geodude: 235, Rattata: 148","Staraptor: 275, Pikachu: 242, Clefairy: 235",0,"Damage: 88, Status: 0, Hazard: 0, Weather: 0, Cleric: 0, Screen: 0, Pass: 0, Debuff: 0, Tailwind: 0",None
PLUSLE,B-,Passer,"Baton Pass: 6605 (27.8%), Agility: 4553 (19.2%), Nasty Plot: 4342 (18.3%), Thunder: 4289 (18.1%), Swift: 1655 (7.0%), Charge: 1259 (5.3%), Copycat: 888 (3.7%), Last Resort: 143 (0.6%), Struggle: 7 (0.0%)",3002,3038,0.99,2889,1.94,5.77,1.96,390,1350,957,32,-0.0,6486,"Golbat: 69, Pikachu: 68, Magnemite: 67","Staraptor: 71, Graveler: 68, Sneasel: 59",2,"Damage: 546, Status: 14, Hazard: 0, Weather: 0, Cleric: 0, Screen: 0, Pass: 2332, Debuff: 5, Tailwind: 0",None
POLITOED,C,All-Rounder,"Whirlpool: 3401 (23.4%), Body Slam: 3314 (22.8%), Perish Song: 2831 (19.5%), Rain Dance: 1988 (13.7%), Bounce: 1577 (10.8%), Hyper Voice: 841 (5.8%), Swagger: 600 (4.1%)",2206,2816,0.78,1818,1.43,4.18,1.98,451,1246,1088,612,1.86,4143,"Zubat: 52, Geodude: 50, Magikarp: 41","Roserade: 34, Luxray: 32, Staraptor: 31",0,"Damage: 1731, Status: 543, Hazard: 0, Weather: 0, Cleric: 0, Screen: 0, Pass: 0, Debuff: 0, Tailwind: 0",None
POLIWAG,F,Defender,"Bubble: 8505 (31.6%), Hypnosis: 6470 (24.1%), Water Gun: 3910 (14.5%), Double Slap: 3307 (12.3%), Water Sport: 2468 (9.2%), Rain Dance: 1866 (6.9%), Struggle: 373 (1.4%)",935,8124,0.12,463,0.17,6.03,2.19,935,3689,993,768,-6.36,5774,"Geodude: 112, Magikarp: 95, Rattata: 51","Clefairy: 125, Pikachu: 122, Magnemite: 120",0,"Damage: 458, Status: 218, Hazard: 0, Weather: 0, Cleric: 0, Screen: 0, Pass: 0, Debuff: 0, Tailwind: 0",None
POLIWHIRL,D-,All-Rounder,"Bubble Beam: 22900 (19.7%), Body Slam: 16156 (13.9%), Water Gun: 14510 (12.5%), Double Slap: 13260 (11.4%), Mud Shot: 11778 (10.1%), Rain Dance: 9621 (8.3%), Hypnosis: 9252 (8.0%), Belly Drum: 6513 (5.6%), Wake Up Slap: 6445 (5.6%), Bubble: 3758 (3.2%), Hydro Pump: 857 (0.7%), Mud Bomb: 655 (0.6%), Struggle: 378 (0.3%)",18086,26212,0.69,3964,0.84,4.64,1.98,5267,8849,4214,14065,0.56,32342,"Magikarp: 488, Zubat: 485, Geodude: 459","Golbat: 574, Staraptor: 522, Gyarados: 421",8,"Damage: 3960, Status: 583, Hazard: 0, Weather: 0, Cleric: 0, Screen: 0, Pass: 0, Debuff: 104, Tailwind: 0",None
POLIWRATH,B-,Attacker,"Hypnosis: 16316 (25.2%), Submission: 8260 (12.8%), Dynamic Punch: 7310 (11.3%), Bubble Beam: 5556 (8.6%), Hydro Pump: 5367 (8.3%), Mud Shot: 4298 (6.6%), Double Slap: 4246 (6.6%), Surf: 3606 (5.6%), Focus Punch: 2012 (3.1%), Body Slam: 1979 (3.1%), Ice Punch: 1476 (2.3%), Strength: 1401 (2.2%), Wake Up Slap: 1157 (1.8%), Mind Reader: 532 (0.8%), Belly Drum: 343 (0.5%), Waterfall: 317 (0.5%), Double Team: 297 (0.5%), Substitute: 172 (0.3%), Struggle: 18 (0.0%)",13669,8089,1.69,1134,1.83,5.69,2.05,2460,14282,2081,5591,-14.63,14989,"Golbat: 274, Magnemite: 269, Machoke: 244","Staraptor: 257, Golbat: 210, Mr Mime: 152",6,"Damage: 1096, Status: 521, Hazard: 0, Weather: 0, Cleric: 0, Screen: 0, Pass: 0, Debuff: 7, Tailwind: 0",None
PONYTA,E+,Support,"Ember: 21766 (21.3%), Flame Wheel: 17083 (16.7%), Stomp: 15283 (14.9%), Tail Whip: 12271 (12.0%), Bounce: 9417 (9.2%), Tackle: 5351 (5.2%), Fire Blast: 4985 (4.9%), Agility: 4874 (4.8%), Take Down: 4762 (4.7%), Fire Spin: 3423 (3.3%), Flare Blitz: 2387 (2.3%), Growl: 792 (0.8%), Struggle: 4 (0.0%)",19216,34430,0.56,5391,0.71,3.42,1.71,4499,6182,8119,1974,5.83,41187,"Magikarp: 695, Zubat: 648, Magnemite: 619","Golbat: 736, Gyarados: 694, Staraptor: 679",8,"Damage: 5029, Status: 632, Hazard: 0, Weather: 0, Cleric: 0, Screen: 0, Pass: 0, Debuff: 790, Tailwind: 0",None
PORYGON,C,Attacker,"Charge Beam: 8309 (17.1%), Conversion 2: 8309 (17.1%), Recover: 7629 (15.7%), Psybeam: 6548 (13.5%), Agility: 4433 (9.1%), Magnet Rise: 2896 (6.0%), Signal Beam: 2863 (5.9%), Ice Beam: 2811 (5.8%), Solar Beam: 2318 (4.8%), Conversion: 2275 (4.7%), Struggle: 134 (0.3%)",8185,5723,1.43,182,1.46,6.11,3.46,1158,1616,2025,5549,3.14,9308,"Magikarp: 251, Zubat: 226, Rattata: 159","Staraptor: 129, Gyarados: 118, Golbat: 110",0,"Damage: 182, Status: 77, Hazard: 0, Weather: 0, Cleric: 0, Screen: 0, Pass: 0, Debuff: 0, Tailwind: 0",None
PORYGON Z,S+,Attacker,"Thunderbolt: 4648 (33.6%), Psychic: 3948 (28.5%), Tri Attack: 2293 (16.6%), Signal Beam: 1572 (11.4%), Dark Pulse: 1304 (9.4%), Hyper Beam: 72 (0.5%)",10517,854,12.31,688,13.12,2.63,0.57,868,107,200,283,6.85,5655,"Golbat: 185, Magnemite: 182, Magikarp: 164","Staraptor: 44, Heracross: 25, Alakazam: 24",0,"Damage: 684, Status: 34, Hazard: 0, Weather: 0, Cleric: 0, Screen: 0, Pass: 0, Debuff: 21, Tailwind: 0",None
PORYGON2,A,Attacker,"Tri Attack: 5924 (21.9%), Signal Beam: 5695 (21.0%), Conversion 2: 2874 (10.6%), Ice Beam: 2617 (9.7%), Psychic: 2427 (9.0%), Psybeam: 2134 (7.9%), Recover: 1881 (7.0%), Protect: 1551 (5.7%), Charge Beam: 1353 (5.0%), Trick Room: 608 (2.2%)",9420,2946,3.2,872,3.49,3.87,1.9,1208,594,1401,1509,6.99,8314,"Magnemite: 196, Magikarp: 181, Golbat: 176","Staraptor: 95, Gyarados: 73, Machamp: 65",0,"Damage: 868, Status: 78, Hazard: 0, Weather: 0, Cleric: 0, Screen: 0, Pass: 0, Debuff: 6, Tailwind: 0",None
PRIMEAPE,B-,Disrupter / Support,"Swagger: 11934 (16.8%), Assurance: 9694 (13.6%), Rage: 8480 (11.9%), Cross Chop: 8328 (11.7%), Screech: 7286 (10.2%), Thrash: 7019 (9.9%), Double Team: 6032 (8.5%), Rock Slide: 3733 (5.2%), Seismic Toss: 3095 (4.3%), Focus Punch: 2255 (3.2%), Leer: 1565 (2.2%), Karate Chop: 765 (1.1%), Punishment: 618 (0.9%), Payback: 203 (0.3%), Thunder Punch: 178 (0.2%), Close Combat: 61 (0.1%)",18177,13057,1.39,6636,1.9,4.11,1.63,2783,5606,5421,634,3.4,22019,"Magikarp: 412, Magnemite: 397, Zubat: 380","Staraptor: 396, Gyarados: 309, Golbat: 275",29,"Damage: 5240, Status: 3525, Hazard: 0, Weather: 0, Cleric: 0, Screen: 0, Pass: 0, Debuff: 981, Tailwind: 0",None
PRINPLUP,E+,Attacker,"Bubble Beam: 21181 (51.3%), Metal Claw: 5707 (13.8%), Bide: 5691 (13.8%), Peck: 4717 (11.4%), Growl: 3761 (9.1%), Fury Attack: 246 (0.6%)",7624,10681,0.71,783,0.79,4.31,2.24,1864,1234,1746,1992,5.41,14211,"Magnemite: 225, Geodude: 168, Magikarp: 166","Golbat: 261, Gyarados: 239, Staraptor: 228",6,"Damage: 753, Status: 0, Hazard: 0, Weather: 0, Cleric: 0, Screen: 0, Pass: 0, Debuff: 83, Tailwind: 0",None
PROBOPASS,C,Disrupter,"Rock Slide: 10156 (41.0%), Thunder Wave: 4476 (18.1%), Sandstorm: 3597 (14.5%), Block: 2906 (11.7%), Magnet Bomb: 1672 (6.8%), Iron Defense: 1391 (5.6%), Stone Edge: 260 (1.0%), Earth Power: 113 (0.5%), Discharge: 80 (0.3%), Stealth Rock: 69 (0.3%), Struggle: 49 (0.2%)",2841,2627,1.08,733,1.36,6.68,3.01,664,1515,856,1988,-0.01,4951,"Magikarp: 80, Golbat: 77, Gyarados: 66","Gyarados: 76, Machoke: 70, Seaking: 57",4,"Damage: 524, Status: 466, Hazard: 103, Weather: 296, Cleric: 0, Screen: 0, Pass: 0, Debuff: 0, Tailwind: 0",None
PSYDUCK,E-,Support,"Confusion: 19370 (20.0%), Water Pulse: 13738 (14.2%), Water Gun: 12830 (13.2%), Disable: 11930 (12.3%), Screech: 10282 (10.6%), Scratch: 8237 (8.5%), Fury Swipes: 7060 (7.3%), Zen Headbutt: 6508 (6.7%), Tail Whip: 3840 (4.0%), Amnesia: 1560 (1.6%), Psych Up: 1341 (1.4%), Water Sport: 168 (0.2%), Struggle: 15 (0.0%)",13796,31287,0.44,3055,0.54,3.65,1.81,4280,8664,4729,4069,0.35,38274,"Geodude: 687, Magikarp: 659, Zubat: 524","Staraptor: 585, Golbat: 563, Gyarados: 550",20,"Damage: 2811, Status: 691, Hazard: 0, Weather: 0, Cleric: 0, Screen: 0, Pass: 0, Debuff: 769, Tailwind: 0",None
PUPITAR,S,Attacker,"Stone Edge: 3586 (51.0%), Earthquake: 1817 (25.9%), Crunch: 919 (13.1%), Payback: 703 (10.0%)",4879,717,6.8,330,7.26,2.69,0.97,534,779,173,43,-1.08,2915,"Magnemite: 92, Magikarp: 82, Golbat: 81","Staraptor: 28, Golduck: 24, Starmie: 22",0,"Damage: 330, Status: 0, Hazard: 0, Weather: 0, Cleric: 0, Screen: 0, Pass: 0, Debuff: 7, Tailwind: 0",None
PURUGLY,D-,Defender,"Faint Attack: 7569 (24.2%), Fury Swipes: 4735 (15.1%), Hypnosis: 4196 (13.4%), Charm: 3931 (12.6%), Slash: 3576 (11.4%), Fake Out: 3372 (10.8%), Scratch: 2968 (9.5%), Shadow Claw: 636 (2.0%), Aerial Ace: 305 (1.0%), Struggle: 13 (0.0%)",4264,5690,0.75,591,0.85,5.22,2.05,1935,2998,992,3100,-0.22,7745,"Zubat: 108, Rattata: 97, Magikarp: 80","Staraptor: 126, Gyarados: 114, Golbat: 107",0,"Damage: 577, Status: 70, Hazard: 0, Weather: 0, Cleric: 0, Screen: 0, Pass: 0, Debuff: 12, Tailwind: 0",None
QUAGSIRE,C+,Disrupter,"Amnesia: 52340 (22.7%), Yawn: 48489 (21.1%), Earthquake: 27158 (11.8%), Rain Dance: 26243 (11.4%), Slam: 17398 (7.6%), Surf: 14774 (6.4%), Muddy Water: 13993 (6.1%), Mud Bomb: 10344 (4.5%), Protect: 9616 (4.2%), Water Gun: 4151 (1.8%), Mud Shot: 3057 (1.3%), Water Pulse: 996 (0.4%), Rock Tomb: 788 (0.3%), Struggle: 549 (0.2%), Stone Edge: 292 (0.1%)",39749,27324,1.45,4369,1.61,5.68,3.33,5731,12780,10221,7333,1.35,42059,"Quagsire: 1348, Magnemite: 996, Pikachu: 821","Quagsire: 1348, Gyarados: 675, Golbat: 481",5,"Damage: 2893, Status: 2735, Hazard: 0, Weather: 0, Cleric: 0, Screen: 0, Pass: 0, Debuff: 9, Tailwind: 0",None
QUILAVA,E-,Support,"Smoke Screen: 7099 (43.6%), Leer: 3161 (19.4%), Flame Wheel: 2499 (15.3%), Quick Attack: 1627 (10.0%), Ember: 1455 (8.9%), Swift: 452 (2.8%)",1701,5515,0.31,817,0.46,4.29,1.59,363,727,3827,96,17.21,6463,"Magnemite: 126, Geodude: 53, Bronzor: 40","Staraptor: 128, Sneasel: 103, Golbat: 98",0,"Damage: 691, Status: 37, Hazard: 0, Weather: 0, Cleric: 0, Screen: 0, Pass: 0, Debuff: 155, Tailwind: 0",None
QWILFISH,C,All-Rounder,"Rollout: 18224 (16.2%), Brine: 13759 (12.2%), Revenge: 13063 (11.6%), Pin Missile: 9454 (8.4%), Aqua Tail: 9401 (8.3%), Water Gun: 8300 (7.4%), Take Down: 6916 (6.1%), Stockpile: 6636 (5.9%), Poison Jab: 5876 (5.2%), Destiny Bond: 5471 (4.9%), Minimize: 4863 (4.3%), Hydro Pump: 2543 (2.3%), Harden: 2239 (2.0%), Spit Up: 2208 (2.0%), Poison Sting: 1868 (1.7%), Toxic Spikes: 1257 (1.1%), Surf: 722 (0.6%), Struggle: 4 (0.0%)",27371,23120,1.18,6247,1.45,4.43,2.14,5948,8125,10096,1187,6.43,33638,"Magnemite: 652, Magikarp: 571, Clefairy: 530","Staraptor: 527, Gyarados: 480, Golbat: 415",5,"Damage: 6060, Status: 2213, Hazard: 42, Weather: 0, Cleric: 0, Screen: 0, Pass: 0, Debuff: 0, Tailwind: 0",None
RAICHU,A-,Support,"Quick Attack: 40694 (28.9%), Thunderbolt: 35745 (25.4%), Tail Whip: 24314 (17.3%), Thunder Shock: 18640 (13.2%), Shock Wave: 4783 (3.4%), Slam: 4056 (2.9%), Double Team: 3789 (2.7%), Thunder Wave: 3740 (2.7%), Dig: 2219 (1.6%), Focus Blast: 803 (0.6%), Light Screen: 583 (0.4%), Charge Beam: 570 (0.4%), Signal Beam: 337 (0.2%), Brick Break: 297 (0.2%), Grass Knot: 158 (0.1%), Struggle: 3 (0.0%)",46826,18527,2.53,5212,2.81,4.07,1.63,6382,4145,7492,2735,6.55,40550,"Golbat: 1022, Magnemite: 886, Pikachu: 804","Graveler: 433, Staraptor: 384, Quagsire: 357",5,"Damage: 4012, Status: 1397, Hazard: 0, Weather: 0, Cleric: 0, Screen: 15, Pass: 0, Debuff: 1280, Tailwind: 0",None
RALTS,F,All-Rounder,"Magical Leaf: 1484 (26.7%), Double Team: 1400 (25.2%), Calm Mind: 1340 (24.1%), Psychic: 738 (13.3%), Lucky Chant: 594 (10.7%), Struggle: 4 (0.1%)",658,4420,0.15,270,0.21,2.67,1.25,132,36,943,36,15.86,4882,"Geodude: 59, Magikarp: 39, Machop: 33","Golbat: 108, Gyarados: 91, Staraptor: 81",18,"Damage: 246, Status: 44, Hazard: 0, Weather: 0, Cleric: 0, Screen: 0, Pass: 0, Debuff: 8, Tailwind: 0",None
RAMPARDOS,C+,All-Rounder,"Zen Headbutt: 3107 (50.5%), Ancient Power: 1069 (17.4%), Head Smash: 633 (10.3%), Screech: 564 (9.2%), Stone Edge: 314 (5.1%), Earthquake: 238 (3.9%), Avalanche: 134 (2.2%), Endeavor: 81 (1.3%), Rock Polish: 18 (0.3%)",3188,2219,1.44,428,1.63,3.19,1.4,330,774,318,265,-2.42,3745,"Seaking: 81, Gyarados: 78, Golbat: 60","Staraptor: 93, Gyarados: 66, Magneton: 56",1,"Damage: 379, Status: 0, Hazard: 0, Weather: 0, Cleric: 0, Screen: 0, Pass: 0, Debuff: 61, Tailwind: 0",None
RAPIDASH,B,All-Rounder,"Fire Blast: 24744 (21.4%), Bounce: 19513 (16.9%), Stomp: 15069 (13.0%), Take Down: 9956 (8.6%), Fury Attack: 9296 (8.0%), Agility: 9296 (8.0%), Flame Wheel: 5683 (4.9%), Flare Blitz: 5565 (4.8%), Fire Spin: 4346 (3.8%), Will O Wisp: 4081 (3.5%), Ember: 4059 (3.5%), Quick Attack: 1081 (0.9%), Iron Tail: 1012 (0.9%), Tail Whip: 736 (0.6%), Sunny Day: 574 (0.5%), Overheat: 358 (0.3%), Megahorn: 266 (0.2%), Solar Beam: 166 (0.1%)",35247,21028,1.68,8512,2.08,3.99,1.59,5525,12278,11577,1337,3.77,37987,"Magnemite: 817, Golbat: 728, Pikachu: 540","Staraptor: 585, Gyarados: 548, Seaking: 381",8,"Damage: 8016, Status: 2025, Hazard: 0, Weather: 2, Cleric: 0, Screen: 0, Pass: 0, Debuff: 316, Tailwind: 0",None
RATICATE,D+,All-Rounder,"Hyper Fang: 22870 (18.1%), Crunch: 20898 (16.5%), Scary Face: 15509 (12.2%), Super Fang: 13853 (10.9%), Quick Attack: 12639 (10.0%), Sucker Punch: 11868 (9.4%), Assurance: 8558 (6.8%), Double Edge: 5210 (4.1%), Endeavor: 5048 (4.0%), Bite: 3187 (2.5%), Substitute: 3132 (2.5%), Pursuit: 3106 (2.5%), Focus Energy: 719 (0.6%), Struggle: 73 (0.1%)",25765,27412,0.94,4117,1.09,4.26,1.91,5643,7845,5240,4834,2.3,36754,"Magikarp: 741, Zubat: 719, Pikachu: 627","Staraptor: 626, Gyarados: 587, Golbat: 474",3,"Damage: 4025, Status: 0, Hazard: 0, Weather: 0, Cleric: 0, Screen: 0, Pass: 0, Debuff: 474, Tailwind: 0",None
RATTATA,F-,Support,"Quick Attack: 26078 (22.9%), Hyper Fang: 14329 (12.6%), Tail Whip: 14240 (12.5%), Tackle: 13245 (11.6%), Pursuit: 11979 (10.5%), Sucker Punch: 9997 (8.8%), Bite: 9679 (8.5%), Focus Energy: 7030 (6.2%), Crunch: 4840 (4.3%), Assurance: 2339 (2.1%), Struggle: 10 (0.0%)",8175,68302,0.12,1812,0.15,3.61,1.79,7267,5623,7182,4172,7.32,50005,"Magikarp: 536, Zubat: 339, Rattata: 312","Staraptor: 1182, Golbat: 1120, Clefairy: 1107",0,"Damage: 1701, Status: 0, Hazard: 0, Weather: 0, Cleric: 0, Screen: 0, Pass: 0, Debuff: 424, Tailwind: 0",None
RELICANTH,A-,All-Rounder,"Dive: 2453 (38.1%), Double Edge: 1176 (18.3%), Ancient Power: 1170 (18.2%), Mud Sport: 680 (10.6%), Head Smash: 420 (6.5%), Aqua Tail: 339 (5.3%), Earthquake: 118 (1.8%), Rest: 75 (1.2%)",2196,901,2.44,351,2.83,4.73,1.98,258,269,1320,124,17.06,1998,"Gyarados: 54, Sneasel: 46, Staraptor: 42","Roserade: 35, Magneton: 22, Alakazam: 21",0,"Damage: 351, Status: 0, Hazard: 0, Weather: 0, Cleric: 0, Screen: 0, Pass: 0, Debuff: 0, Tailwind: 0",None
REMORAID,E+,All-Rounder,"Bullet Seed: 19247 (20.4%), Water Pulse: 14748 (15.6%), Bubble Beam: 14396 (15.2%), Signal Beam: 10848 (11.5%), Aurora Beam: 9926 (10.5%), Ice Beam: 8600 (9.1%), Focus Energy: 7984 (8.5%), Psybeam: 5880 (6.2%), Lock On: 2854 (3.0%)",21678,39236,0.55,7675,0.75,3.76,1.9,9180,4969,4335,5215,8.59,37708,"Magikarp: 722, Zubat: 701, Geodude: 657","Golbat: 853, Gyarados: 750, Staraptor: 749",44,"Damage: 7670, Status: 998, Hazard: 0, Weather: 0, Cleric: 0, Screen: 0, Pass: 0, Debuff: 61, Tailwind: 0",None
RHYDON,A-,Attacker,"Take Down: 6068 (20.5%), Hammer Arm: 5328 (18.0%), Stone Edge: 4040 (13.7%), Horn Drill: 3778 (12.8%), Scary Face: 3164 (10.7%), Rock Blast: 2269 (7.7%), Earthquake: 1816 (6.1%), Avalanche: 1541 (5.2%), Rock Slide: 1295 (4.4%), Megahorn: 218 (0.7%), Thunder Fang: 40 (0.1%)",14522,5373,2.7,447,2.79,3.37,1.62,1558,5822,1197,113,-10.0,12391,"Golbat: 323, Magnemite: 289, Pikachu: 215","Gyarados: 144, Seaking: 129, Magneton: 113",2,"Damage: 444, Status: 0, Hazard: 0, Weather: 0, Cleric: 0, Screen: 0, Pass: 0, Debuff: 3, Tailwind: 0",None
RHYHORN,C-,Attacker,"Scary Face: 18181 (34.2%), Reversal: 7798 (14.7%), Horn Drill: 7587 (14.3%), Take Down: 5450 (10.2%), Rock Blast: 4897 (9.2%), Fury Attack: 3113 (5.9%), Stone Edge: 2408 (4.5%), Stomp: 2126 (4.0%), Earthquake: 1409 (2.6%), Sandstorm: 150 (0.3%), Struggle: 87 (0.2%)",11158,10209,1.09,1064,1.2,4.33,2.36,2101,10415,2342,0,-10.75,15892,"Magikarp: 366, Pikachu: 337, Zubat: 302","Gyarados: 207, Staraptor: 199, Roselia: 174",1,"Damage: 895, Status: 0, Hazard: 0, Weather: 116, Cleric: 0, Screen: 0, Pass: 0, Debuff: 105, Tailwind: 0",None
RHYPERIOR,B+,Attacker,"Earthquake: 290 (30.0%), Megahorn: 269 (27.8%), Stone Edge: 189 (19.6%), Avalanche: 138 (14.3%), Thunder Fang: 41 (4.2%), Rock Wrecker: 39 (4.0%)",667,296,2.25,47,2.41,3.33,1.59,63,123,58,1,-0.18,571,"Rapidash: 22, Staraptor: 19, Alakazam: 17","Gyarados: 19, Roserade: 18, Gengar: 15",1,"Damage: 47, Status: 0, Hazard: 0, Weather: 0, Cleric: 0, Screen: 0, Pass: 0, Debuff: 0, Tailwind: 0",None
RIOLU,D,Support,"Force Palm: 2750 (26.4%), Counter: 2076 (20.0%), Screech: 2023 (19.5%), Quick Attack: 1471 (14.1%), Copycat: 1058 (10.2%), Reversal: 948 (9.1%), Feint: 72 (0.7%)",2377,3726,0.64,1301,0.99,3.24,1.47,336,493,440,569,2.8,5011,"Magnemite: 89, Geodude: 84, Magikarp: 84","Golbat: 129, Gyarados: 92, Staraptor: 91",0,"Damage: 1014, Status: 242, Hazard: 0, Weather: 2, Cleric: 0, Screen: 0, Pass: 0, Debuff: 492, Tailwind: 0",None
ROSELIA,D+,Disrupter,"Giga Drain: 36353 (16.3%), Petal Dance: 27133 (12.2%), Sweet Scent: 24772 (11.1%), Mega Drain: 20783 (9.3%), Poison Sting: 17440 (7.8%), Toxic Spikes: 16985 (7.6%), Magical Leaf: 16265 (7.3%), Grass Whistle: 15487 (6.9%), Stun Spore: 10470 (4.7%), Leech Seed: 9173 (4.1%), Aromatherapy: 7418 (3.3%), Toxic: 6972 (3.1%), Ingrain: 6903 (3.1%), Growth: 4345 (1.9%), Synthesis: 2328 (1.0%), Struggle: 219 (0.1%)",40445,45642,0.89,10347,1.11,4.52,2.16,7109,14548,8764,4670,0.61,65701,"Magikarp: 1317, Geodude: 1159, Onix: 886","Golbat: 1097, Staraptor: 1072, Gyarados: 1039",30,"Damage: 7399, Status: 5724, Hazard: 1913, Weather: 0, Cleric: 2, Screen: 0, Pass: 0, Debuff: 0, Tailwind: 0",None
ROSERADE,A-,All-Rounder,"Magical Leaf: 14280 (20.4%), Giga Drain: 13285 (19.0%), Poison Sting: 11265 (16.1%), Mega Drain: 8657 (12.4%), Sweet Scent: 8371 (12.0%), Shadow Ball: 2303 (3.3%), Toxic Spikes: 2259 (3.2%), Grass Whistle: 1918 (2.7%), Stun Spore: 1527 (2.2%), Leech Seed: 1339 (1.9%), Poison Jab: 1329 (1.9%), Sludge Bomb: 1130 (1.6%), Toxic: 837 (1.2%), Energy Ball: 368 (0.5%), Ingrain: 354 (0.5%), Leaf Storm: 300 (0.4%), Weather Ball: 134 (0.2%), Extrasensory: 98 (0.1%), Grass Knot: 67 (0.1%), Hyper Beam: 54 (0.1%), Struggle: 11 (0.0%)",24055,9619,2.5,4898,3.01,3.9,1.67,3243,2470,2049,3289,4.07,22341,"Magikarp: 737, Seaking: 699, Quagsire: 436","Staraptor: 362, Golbat: 238, Rapidash: 220",4,"Damage: 4157, Status: 1716, Hazard: 542, Weather: 0, Cleric: 0, Screen: 0, Pass: 0, Debuff: 8, Tailwind: 0",None
SABLEYE,C-,All-Rounder,"Brick Break: 252 (33.0%), Ice Punch: 214 (28.0%), Fake Out: 211 (27.6%), Sucker Punch: 87 (11.4%)",171,256,0.67,167,1.32,3.89,1.54,49,29,37,198,7.85,356,"Gengar: 7, Clefairy: 7, Magneton: 6","Gengar: 14, Golem: 11, Rapidash: 9",1,"Damage: 167, Status: 5, Hazard: 0, Weather: 0, Cleric: 0, Screen: 0, Pass: 0, Debuff: 0, Tailwind: 0",None
SALAMENCE,S+,Attacker,"Dragon Claw: 4410 (42.3%), Shadow Claw: 2333 (22.4%), Flamethrower: 1817 (17.4%), Aerial Ace: 595 (5.7%), Crunch: 522 (5.0%), Zen Headbutt: 447 (4.3%), Thunder Fang: 127 (1.2%), Fire Fang: 98 (0.9%), Rest: 65 (0.6%)",8028,504,15.93,311,16.55,2.97,0.64,799,122,178,94,8.18,4187,"Golbat: 128, Magnemite: 111, Gyarados: 109","Floatzel: 25, Staraptor: 17, Lapras: 13",1,"Damage: 301, Status: 16, Hazard: 0, Weather: 0, Cleric: 0, Screen: 0, Pass: 0, Debuff: 15, Tailwind: 0",None
SANDSHREW,F+,All-Rounder,"Rapid Spin: 6471 (22.8%), Sand Attack: 6143 (21.6%), Swift: 4923 (17.3%), Defense Curl: 4829 (17.0%), Poison Sting: 4138 (14.6%), Scratch: 1935 (6.8%)",1117,8007,0.14,1408,0.32,4.77,1.95,1014,1357,6203,1078,17.04,8696,"Magikarp: 168, Rattata: 62, Zubat: 61","Clefairy: 143, Staraptor: 134, Gyarados: 115",4,"Damage: 1408, Status: 406, Hazard: 0, Weather: 0, Cleric: 0, Screen: 0, Pass: 0, Debuff: 0, Tailwind: 0",None
SANDSLASH,B,All-Rounder,"Slash: 36433 (26.4%), Fury Cutter: 21134 (15.3%), Sand Tomb: 16795 (12.2%), Dig: 15305 (11.1%), Crush Claw: 12947 (9.4%), Gyro Ball: 12570 (9.1%), Rollout: 6042 (4.4%), Swift: 5712 (4.1%), X Scissor: 2671 (1.9%), Fury Swipes: 2582 (1.9%), Sandstorm: 2217 (1.6%), Sand Attack: 1424 (1.0%), Rapid Spin: 957 (0.7%), Earthquake: 502 (0.4%), Poison Sting: 313 (0.2%), Poison Jab: 221 (0.2%), Struggle: 8 (0.0%)",32385,20561,1.58,12532,2.18,4.57,2.18,9548,11057,13048,4200,7.67,37375,"Magikarp: 798, Magnemite: 770, Pikachu: 752","Gyarados: 491, Seaking: 389, Golduck: 384",10,"Damage: 12139, Status: 26, Hazard: 0, Weather: 862, Cleric: 0, Screen: 0, Pass: 0, Debuff: 941, Tailwind: 0",None
SCIZOR,S-,Attacker,"X Scissor: 7200 (31.0%), Bullet Punch: 4921 (21.2%), Slash: 2587 (11.1%), Metal Claw: 2299 (9.9%), Iron Head: 1361 (5.9%), Night Slash: 1307 (5.6%), Pursuit: 1262 (5.4%), Swords Dance: 976 (4.2%), Double Hit: 859 (3.7%), Quick Attack: 447 (1.9%), Superpower: 36 (0.2%)",12708,2217,5.73,530,5.97,3.45,1.35,1538,694,723,406,6.53,8168,"Golbat: 250, Clefairy: 213, Magnemite: 208","Rapidash: 109, Staraptor: 81, Magmar: 68",0,"Damage: 530, Status: 0, Hazard: 0, Weather: 0, Cleric: 0, Screen: 0, Pass: 0, Debuff: 0, Tailwind: 0",None
SCYTHER,C-,All-Rounder,"Wing Attack: 6157 (23.1%), Quick Attack: 5062 (19.0%), Slash: 4044 (15.2%), Leer: 2126 (8.0%), X Scissor: 2063 (7.7%), U Turn: 1846 (6.9%), Focus Energy: 1713 (6.4%), Fury Cutter: 1408 (5.3%), Razor Wind: 1301 (4.9%), Pursuit: 972 (3.6%)",6567,6639,0.99,1853,1.27,4.1,1.7,2001,464,1035,0,9.28,9889,"Zubat: 139, Pikachu: 129, Rattata: 119","Staraptor: 168, Golbat: 150, Gyarados: 145",1,"Damage: 1829, Status: 0, Hazard: 0, Weather: 0, Cleric: 0, Screen: 0, Pass: 0, Debuff: 91, Tailwind: 0",None
SEADRA,C+,Attacker,"Twister: 21422 (22.2%), Brine: 17525 (18.1%), Agility: 17437 (18.0%), Bubble Beam: 10904 (11.3%), Hydro Pump: 8851 (9.2%), Waterfall: 6870 (7.1%), Water Pulse: 4630 (4.8%), Surf: 3139 (3.2%), Focus Energy: 2387 (2.5%), Smoke Screen: 1908 (2.0%), Leer: 966 (1.0%), Dragon Dance: 617 (0.6%), Struggle: 1 (0.0%)",25398,17609,1.44,2702,1.6,4.21,1.93,4962,2917,4470,2255,6.43,29317,"Magnemite: 652, Golbat: 559, Pikachu: 427","Gyarados: 368, Golbat: 354, Roselia: 324",7,"Damage: 2664, Status: 314, Hazard: 0, Weather: 0, Cleric: 0, Screen: 0, Pass: 0, Debuff: 58, Tailwind: 0",None
SEAKING,C+,Attacker,"Flail: 60751 (20.5%), Fury Attack: 56837 (19.2%), Waterfall: 53693 (18.1%), Aqua Ring: 33703 (11.4%), Water Pulse: 30671 (10.3%), Horn Drill: 27013 (9.1%), Horn Attack: 7747 (2.6%), Supersonic: 7651 (2.6%), Poison Jab: 7309 (2.5%), Agility: 3102 (1.0%), Megahorn: 2949 (1.0%), Rain Dance: 2652 (0.9%), Captivate: 1274 (0.4%), Peck: 1231 (0.4%), Struggle: 185 (0.1%)",68471,50009,1.37,6822,1.51,5.32,2.8,16903,31294,11796,11189,-0.75,71399,"Magnemite: 1662, Pikachu: 1316, Golbat: 1222","Staraptor: 1069, Magneton: 984, Gyarados: 948",13,"Damage: 6774, Status: 1381, Hazard: 0, Weather: 0, Cleric: 0, Screen: 0, Pass: 0, Debuff: 14, Tailwind: 0",None
SEALEO,A,Disrupter,"Rest: 6017 (31.4%), Blizzard: 5816 (30.4%), Swagger: 4295 (22.4%), Snore: 2973 (15.5%), Struggle: 42 (0.2%)",3307,1482,2.23,1248,3.07,8.57,4.63,362,2617,825,0,-7.16,3223,"Magikarp: 82, Golbat: 76, Zubat: 73","Staraptor: 38, Luxray: 34, Seaking: 32",0,"Damage: 814, Status: 978, Hazard: 0, Weather: 0, Cleric: 0, Screen: 0, Pass: 0, Debuff: 0, Tailwind: 0",None
SEEDOT,E,All-Rounder,"Nature Power: 3224 (55.6%), Sunny Day: 1566 (27.0%), Synthesis: 990 (17.1%), Explosion: 15 (0.3%)",630,1936,0.33,499,0.58,3.32,2.23,188,51,355,0,8.0,2629,"Magikarp: 22, Magnemite: 22, Rattata: 19","Golbat: 61, Gyarados: 45, Machoke: 39",0,"Damage: 498, Status: 0, Hazard: 0, Weather: 1, Cleric: 0, Screen: 0, Pass: 0, Debuff: 0, Tailwind: 0",None
SEEL,E+,Defender,"Ice Shard: 19360 (23.8%), Rest: 14650 (18.0%), Icy Wind: 11987 (14.7%), Encore: 7441 (9.1%), Aqua Jet: 4661 (5.7%), Snore: 4586 (5.6%), Aqua Ring: 4098 (5.0%), Aurora Beam: 3971 (4.9%), Take Down: 3900 (4.8%), Brine: 3856 (4.7%), Hail: 2685 (3.3%), Struggle: 296 (0.4%)",6872,15348,0.45,4154,0.72,7.83,4.08,2833,3271,3964,9208,4.13,16426,"Magikarp: 307, Zubat: 262, Geodude: 247","Golbat: 300, Gyarados: 292, Staraptor: 252",8,"Damage: 3763, Status: 0, Hazard: 0, Weather: 1313, Cleric: 0, Screen: 0, Pass: 0, Debuff: 187, Tailwind: 0",None
SENTRET,F,Defender,"Follow Me: 7669 (19.2%), Sucker Punch: 6852 (17.2%), Quick Attack: 6289 (15.8%), Slam: 5146 (12.9%), Rest: 5096 (12.8%), Defense Curl: 3712 (9.3%), Fury Swipes: 2208 (5.5%), Scratch: 1637 (4.1%), Foresight: 1166 (2.9%), Struggle: 51 (0.1%), Helping Hand: 43 (0.1%)",2272,17567,0.13,907,0.18,10.76,5.68,1223,1997,2351,0,3.74,6010,"Magikarp: 161, Zubat: 98, Geodude: 72","Magnemite: 301, Staraptor: 298, Gyarados: 292",0,"Damage: 907, Status: 0, Hazard: 0, Weather: 0, Cleric: 0, Screen: 0, Pass: 0, Debuff: 0, Tailwind: 0",None
SEVIPER,A+,Disrupter,"Night Slash: 8147 (36.9%), Poison Fang: 5863 (26.6%), Swagger: 3084 (14.0%), Wring Out: 2439 (11.0%), Haze: 1522 (6.9%), Glare: 1020 (4.6%)",8151,2290,3.56,1162,4.07,3.99,1.53,1486,833,534,800,5.21,6122,"Pikachu: 173, Magnemite: 170, Magikarp: 167","Staraptor: 80, Graveler: 64, Gyarados: 48",0,"Damage: 1113, Status: 789, Hazard: 0, Weather: 0, Cleric: 0, Screen: 0, Pass: 0, Debuff: 0, Tailwind: 0",None
SHARPEDO,S-,All-Rounder,"Aqua Jet: 3925 (38.2%), Night Slash: 2978 (29.0%), Taunt: 877 (8.5%), Agility: 842 (8.2%), Skull Bash: 838 (8.2%), Slash: 706 (6.9%), Endure: 103 (1.0%)",6020,1379,4.37,778,4.93,2.88,0.84,742,76,221,0,8.46,4334,"Golbat: 110, Magnemite: 104, Pikachu: 94","Staraptor: 64, Magneton: 50, Machoke: 33",1,"Damage: 778, Status: 0, Hazard: 0, Weather: 0, Cleric: 0, Screen: 0, Pass: 0, Debuff: 0, Tailwind: 0",None
SHEDINJA,D+,Disrupter,"Shadow Sneak: 168 (41.2%), X Scissor: 124 (30.4%), Swagger: 84 (20.6%), Toxic: 32 (7.8%)",84,154,0.55,88,1.12,2.96,0.5,16,29,8,0,-1.2,260,"Lanturn: 4, Spinarak: 3, Ponyta: 3","Rapidash: 13, Crobat: 8, Gengar: 6",1,"Damage: 64, Status: 48, Hazard: 0, Weather: 0, Cleric: 0, Screen: 0, Pass: 0, Debuff: 0, Tailwind: 0",None
SHELGON,S-,Support,"Double Edge: 5744 (52.9%), Dragon Claw: 2422 (22.3%), Scary Face: 1402 (12.9%), Crunch: 852 (7.9%), Zen Headbutt: 431 (4.0%)",5824,1198,4.86,651,5.4,3.37,1.26,589,362,309,119,4.95,3888,"Golbat: 113, Clefairy: 93, Magnemite: 92","Floatzel: 31, Magneton: 30, Starmie: 29",0,"Damage: 645, Status: 0, Hazard: 0, Weather: 0, Cleric: 0, Screen: 0, Pass: 0, Debuff: 115, Tailwind: 0",None
SHELLDER,D-,Support,"Icicle Spear: 13038 (11.8%), Ice Shard: 10953 (9.9%), Protect: 10708 (9.7%), Leer: 10518 (9.5%), Whirlpool: 10510 (9.5%), Aurora Beam: 9666 (8.7%), Iron Defense: 9097 (8.2%), Supersonic: 8589 (7.8%), Clamp: 7725 (7.0%), Brine: 6893 (6.2%), Withdraw: 5466 (4.9%), Tackle: 3997 (3.6%), Ice Beam: 3551 (3.2%), Struggle: 56 (0.1%)",12544,23600,0.53,7191,0.84,5.35,2.67,5396,11517,4538,893,-1.38,27247,"Magikarp: 591, Geodude: 490, Zubat: 471","Golbat: 442, Gyarados: 407, Magnemite: 387",12,"Damage: 6006, Status: 1262, Hazard: 0, Weather: 0, Cleric: 0, Screen: 0, Pass: 0, Debuff: 1695, Tailwind: 0",None
SHELLOS,F+,Defender,"Hidden Power: 19211 (27.7%), Mud Bomb: 15474 (22.3%), Body Slam: 12258 (17.7%), Rain Dance: 11109 (16.0%), Water Pulse: 9597 (13.8%), Harden: 1574 (2.3%), Struggle: 105 (0.2%)",7985,21704,0.37,1060,0.42,6.75,3.94,3199,4163,5461,7150,6.0,13942,"Magnemite: 318, Zubat: 260, Magikarp: 249","Gyarados: 454, Golbat: 452, Staraptor: 348",2,"Damage: 1060, Status: 320, Hazard: 0, Weather: 0, Cleric: 0, Screen: 0, Pass: 0, Debuff: 0, Tailwind: 0",None
SHIELDON,E,Disrupter,"Take Down: 10492 (35.9%), Swagger: 5251 (17.9%), Iron Defense: 4710 (16.1%), Metal Sound: 2470 (8.4%), Taunt: 2311 (7.9%), Ancient Power: 2302 (7.9%), Metal Burst: 951 (3.3%), Endure: 759 (2.6%), Struggle: 10 (0.0%)",2497,5714,0.44,748,0.57,5.69,3.0,654,3420,1203,231,-5.11,7172,"Zubat: 78, Magikarp: 73, Rattata: 52","Staraptor: 116, Gyarados: 116, Seaking: 94",3,"Damage: 578, Status: 633, Hazard: 0, Weather: 0, Cleric: 0, Screen: 0, Pass: 0, Debuff: 11, Tailwind: 0",None
SHIFTRY,S-,Attacker,"Leaf Storm: 6410 (60.4%), Sunny Day: 1354 (12.8%), Sucker Punch: 1255 (11.8%), Faint Attack: 604 (5.7%), Quick Attack: 404 (3.8%), Explosion: 392 (3.7%), Extrasensory: 196 (1.8%)",5508,1152,4.78,519,5.23,3.47,1.08,466,727,288,11,0.27,3627,"Golbat: 104, Magnemite: 82, Seaking: 82","Staraptor: 44, Crobat: 26, Heracross: 26",5,"Damage: 518, Status: 0, Hazard: 0, Weather: 4, Cleric: 0, Screen: 0, Pass: 0, Debuff: 0, Tailwind: 0",None
SHINX,F+,Attacker,"Tackle: 6754 (17.0%), Spark: 5918 (14.9%), Leer: 5663 (14.2%), Bite: 5506 (13.8%), Charge: 4499 (11.3%), Crunch: 2721 (6.8%), Scary Face: 2576 (6.5%), Discharge: 2135 (5.4%), Thunder Fang: 2078 (5.2%), Roar: 1915 (4.8%), Struggle: 33 (0.1%)",6124,19543,0.31,538,0.34,3.04,1.44,1514,1808,2108,3208,4.35,22391,"Magikarp: 262, Zubat: 213, Rattata: 153","Staraptor: 345, Gyarados: 305, Golbat: 297",1,"Damage: 506, Status: 108, Hazard: 0, Weather: 0, Cleric: 0, Screen: 0, Pass: 0, Debuff: 48, Tailwind: 0",None
SHROOMISH,B,Attacker / Disrupter,"Seed Bomb: 4988 (28.9%), Growth: 4857 (28.1%), Giga Drain: 4838 (28.0%), Spore: 2582 (15.0%)",3346,1704,1.96,80,2.01,6.31,2.68,559,260,476,0,4.37,3172,"Magnemite: 88, Pikachu: 88, Magikarp: 85","Golbat: 65, Staraptor: 50, Gyarados: 36",0,"Damage: 75, Status: 49, Hazard: 0, Weather: 0, Cleric: 0, Screen: 0, Pass: 0, Debuff: 0, Tailwind: 0",None
SHUCKLE,S+,Disrupter / Weather,"Protect: 10004 (52.0%), Toxic: 3935 (20.4%), Sandstorm: 3358 (17.4%), Rest: 1842 (9.6%), Struggle: 113 (0.6%)",13,298,0.04,3611,12.16,9.46,3.53,8,731,664,0,-0.3,2809,"Croagunk: 3, Chimchar: 2, Shieldon: 2","Gyarados: 17, Floatzel: 11, Dragonair: 10",0,"Damage: 28, Status: 2777, Hazard: 0, Weather: 2553, Cleric: 0, Screen: 0, Pass: 0, Debuff: 0, Tailwind: 0",None
SHUPPET,B+,All-Rounder,"Sucker Punch: 7972 (55.4%), Confuse Ray: 2368 (16.5%), Shadow Ball: 2196 (15.3%), Will O Wisp: 1842 (12.8%), Struggle: 5 (0.0%)",2712,1779,1.52,1454,2.34,5.0,1.41,343,958,396,139,-1.41,3125,"Magikarp: 81, Geodude: 70, Zubat: 69","Gyarados: 57, Staraptor: 47, Sneasel: 45",0,"Damage: 1065, Status: 652, Hazard: 0, Weather: 0, Cleric: 0, Screen: 0, Pass: 0, Debuff: 37, Tailwind: 0",None
SILCOON,F-,All-Rounder,"Tackle: 646 (29.0%), Poison Sting: 529 (23.7%), String Shot: 529 (23.7%), Harden: 525 (23.6%)",25,2460,0.01,123,0.06,2.89,1.29,61,192,227,137,3.75,2567,"Rattata: 2, Voltorb: 2, Pikachu: 2","Golbat: 67, Kadabra: 46, Pikachu: 37",0,"Damage: 117, Status: 33, Hazard: 0, Weather: 0, Cleric: 0, Screen: 0, Pass: 0, Debuff: 9, Tailwind: 0",None
SKARMORY,S-,Hazards,"Night Slash: 16060 (25.4%), Steel Wing: 13866 (22.0%), Air Slash: 13498 (21.4%), Slash: 12973 (20.5%), Drill Peck: 3665 (5.8%), Metal Sound: 1565 (2.5%), Rock Tomb: 661 (1.0%), Stealth Rock: 583 (0.9%), Spikes: 276 (0.4%)",24967,4872,5.12,3436,5.83,4.45,2.0,5244,3080,2137,3935,6.62,16538,"Magnemite: 483, Clefairy: 434, Golbat: 429","Magneton: 232, Rapidash: 159, Gyarados: 138",0,"Damage: 2758, Status: 0, Hazard: 776, Weather: 0, Cleric: 0, Screen: 0, Pass: 0, Debuff: 37, Tailwind: 0",None
SKIPLOOM,D,Disrupter,"Bullet Seed: 23176 (22.8%), Mega Drain: 13817 (13.6%), U Turn: 10709 (10.5%), Bounce: 9380 (9.2%), Leech Seed: 7154 (7.0%), Giga Drain: 6383 (6.3%), Sleep Powder: 6327 (6.2%), Cotton Spore: 6063 (6.0%), Worry Seed: 5596 (5.5%), Stun Spore: 5452 (5.4%), Sunny Day: 2614 (2.6%), Tackle: 1862 (1.8%), Tail Whip: 1757 (1.7%), Memento: 908 (0.9%), Poison Powder: 538 (0.5%), Struggle: 18 (0.0%)",11768,19046,0.62,7700,1.02,6.04,2.53,5731,7975,7375,0,4.7,22128,"Magikarp: 450, Geodude: 387, Onix: 260","Golbat: 473, Staraptor: 420, Gyarados: 372",13,"Damage: 6918, Status: 4759, Hazard: 0, Weather: 6, Cleric: 0, Screen: 0, Pass: 0, Debuff: 76, Tailwind: 0",None
SKITTY,D,All-Rounder,"Double Edge: 1497 (29.7%), Heal Bell: 1367 (27.1%), Covet: 1326 (26.3%), Captivate: 846 (16.8%)",914,1447,0.63,516,0.99,4.28,2.09,154,96,262,0,6.04,1874,"Magnemite: 29, Golbat: 28, Seaking: 28","Staraptor: 47, Machoke: 38, Gyarados: 37",0,"Damage: 497, Status: 0, Hazard: 0, Weather: 0, Cleric: 2, Screen: 0, Pass: 0, Debuff: 27, Tailwind: 0",None
SKORUPI,E+,Hazards / Support,"Acupressure: 18935 (25.6%), Pin Missile: 15035 (20.3%), Scary Face: 12696 (17.2%), Bug Bite: 9084 (12.3%), Toxic Spikes: 7272 (9.8%), Leer: 4009 (5.4%), Crunch: 3445 (4.7%), Poison Fang: 3289 (4.4%), Knock Off: 187 (0.3%), Struggle: 48 (0.1%)",6924,12982,0.53,3656,0.81,5.59,2.83,2968,4556,7586,1150,7.39,16770,"Magikarp: 309, Zubat: 201, Rattata: 199","Golbat: 314, Staraptor: 274, Gyarados: 262",0,"Damage: 2712, Status: 92, Hazard: 914, Weather: 0, Cleric: 0, Screen: 0, Pass: 0, Debuff: 807, Tailwind: 0",None
SKUNTANK,B+,All-Rounder,"Dig: 9833 (39.4%), Night Slash: 6559 (26.3%), Sucker Punch: 2116 (8.5%), Smoke Screen: 1357 (5.4%), Poison Jab: 1245 (5.0%), Toxic: 1052 (4.2%), Poison Gas: 869 (3.5%), Screech: 853 (3.4%), Flamethrower: 719 (2.9%), Explosion: 364 (1.5%), Struggle: 13 (0.1%)",6885,3069,2.24,1139,2.61,5.01,1.57,1221,1232,4988,276,16.66,6552,"Magnemite: 130, Golbat: 120, Clefairy: 116","Staraptor: 74, Gyarados: 60, Golbat: 50",3,"Damage: 1026, Status: 463, Hazard: 0, Weather: 0, Cleric: 0, Screen: 0, Pass: 0, Debuff: 9, Tailwind: 0",None
SLAKING,S-,Attacker,"Shadow Claw: 862 (42.0%), Giga Impact: 434 (21.1%), Aerial Ace: 398 (19.4%), Counter: 359 (17.5%)",1172,215,5.45,60,5.73,4.77,1.81,145,71,63,0,6.47,643,"Staraptor: 50, Gyarados: 41, Heracross: 33","Heracross: 13, Steelix: 8, Magneton: 8",0,"Damage: 60, Status: 0, Hazard: 0, Weather: 0, Cleric: 0, Screen: 0, Pass: 0, Debuff: 0, Tailwind: 0",None
SLAKOTH,C-,Attacker,"Counter: 6792 (44.0%), Amnesia: 3482 (22.5%), Flail: 2714 (17.6%), Covet: 2456 (15.9%)",2708,2056,1.32,40,1.34,5.89,3.21,261,375,698,0,3.62,3221,"Magikarp: 80, Magnemite: 71, Zubat: 69","Golbat: 50, Staraptor: 47, Gyarados: 43",0,"Damage: 40, Status: 0, Hazard: 0, Weather: 0, Cleric: 0, Screen: 0, Pass: 0, Debuff: 0, Tailwind: 0",None
SLOWBRO,B-,Attacker,"Psychic: 19516 (23.3%), Withdraw: 15663 (18.7%), Slack Off: 12948 (15.5%), Amnesia: 10999 (13.1%), Growl: 8453 (10.1%), Disable: 4493 (5.4%), Yawn: 3679 (4.4%), Confusion: 2075 (2.5%), Water Gun: 2026 (2.4%), Skill Swap: 1849 (2.2%), Curse: 1077 (1.3%), Water Pulse: 478 (0.6%), Struggle: 395 (0.5%), Body Slam: 36 (0.0%)",9943,5497,1.81,506,1.9,9.7,5.83,1264,2665,3238,938,2.09,10305,"Magnemite: 163, Seaking: 157, Magikarp: 157","Sneasel: 132, Magneton: 83, Raichu: 77",0,"Damage: 486, Status: 55, Hazard: 0, Weather: 0, Cleric: 0, Screen: 0, Pass: 0, Debuff: 42, Tailwind: 0",None
SLOWKING,A-,All-Rounder,"Water Pulse: 6124 (18.0%), Zen Headbutt: 4134 (12.1%), Psychic: 4005 (11.8%), Nasty Plot: 3708 (10.9%), Surf: 3089 (9.1%), Swagger: 2994 (8.8%), Confusion: 1849 (5.4%), Headbutt: 1830 (5.4%), Flamethrower: 1731 (5.1%), Trump Card: 1554 (4.6%), Disable: 1331 (3.9%), Trick Room: 1060 (3.1%), Psych Up: 669 (2.0%), Struggle: 4 (0.0%)",10893,4550,2.39,1204,2.66,4.54,2.38,1405,1671,1390,1685,3.09,9608,"Magnemite: 228, Golbat: 198, Clefairy: 179","Sneasel: 98, Staraptor: 97, Gyarados: 84",1,"Damage: 1157, Status: 447, Hazard: 0, Weather: 0, Cleric: 0, Screen: 0, Pass: 0, Debuff: 15, Tailwind: 0",None
SLOWPOKE,E,Defender,"Growl: 17846 (17.6%), Water Gun: 13195 (13.0%), Psychic: 11596 (11.5%), Curse: 11314 (11.2%), Tackle: 9853 (9.7%), Yawn: 9344 (9.2%), Amnesia: 8370 (8.3%), Zen Headbutt: 5473 (5.4%), Slack Off: 4831 (4.8%), Disable: 3581 (3.5%), Strength: 2205 (2.2%), Headbutt: 1762 (1.7%), Skill Swap: 1398 (1.4%), Confusion: 356 (0.4%), Struggle: 49 (0.0%)",10030,18614,0.54,1498,0.62,6.87,3.75,2555,5153,4307,1445,1.63,17854,"Magikarp: 457, Geodude: 335, Zubat: 303","Staraptor: 321, Pikachu: 303, Gyarados: 292",1,"Damage: 1476, Status: 55, Hazard: 0, Weather: 0, Cleric: 0, Screen: 0, Pass: 0, Debuff: 195, Tailwind: 0",None
SLUGMA,F,All-Rounder,"Harden: 1258 (31.8%), Amnesia: 970 (24.5%), Recover: 862 (21.8%), Ancient Power: 835 (21.1%), Struggle: 32 (0.8%)",202,1596,0.13,154,0.22,4.52,2.31,50,16,280,88,7.58,1718,"Roselia: 10, Skiploom: 8, Gyarados: 8","Seaking: 45, Gyarados: 41, Sneasel: 41",0,"Damage: 154, Status: 0, Hazard: 0, Weather: 0, Cleric: 0, Screen: 0, Pass: 0, Debuff: 0, Tailwind: 0",None
SMEARGLE,A,Defender,"Ancient Power: 2859 (27.7%), Silver Wind: 2663 (25.8%), Baton Pass: 2560 (24.8%), Ominous Wind: 2245 (21.7%), Struggle: 8 (0.1%)",1707,970,1.76,1777,3.59,5.15,1.52,459,125,390,798,7.12,3103,"Geodude: 39, Zubat: 39, Magikarp: 37","Staraptor: 36, Magneton: 24, Gyarados: 23",0,"Damage: 1372, Status: 0, Hazard: 0, Weather: 0, Cleric: 0, Screen: 0, Pass: 405, Debuff: 0, Tailwind: 0",None
SNEASEL,A-,All-Rounder,"Faint Attack: 58139 (31.8%), Slash: 23744 (13.0%), Quick Attack: 18440 (10.1%), Icy Wind: 16343 (9.0%), Beat Up: 13184 (7.2%), Shadow Claw: 11510 (6.3%), Metal Claw: 11262 (6.2%), Ice Shard: 10376 (5.7%), Ice Punch: 7465 (4.1%), Agility: 5184 (2.8%), Screech: 4904 (2.7%), Fury Swipes: 1280 (0.7%), Aerial Ace: 648 (0.4%), Struggle: 85 (0.0%)",66363,29250,2.27,15908,2.81,3.55,1.41,12746,4208,5629,12476,7.52,59568,"Pikachu: 1377, Magikarp: 1352, Zubat: 1322","Staraptor: 1064, Magneton: 748, Machoke: 606",2,"Damage: 15557, Status: 56, Hazard: 0, Weather: 0, Cleric: 0, Screen: 0, Pass: 0, Debuff: 800, Tailwind: 0",None
SNORLAX,A,All-Rounder,"Body Slam: 2564 (36.0%), Earthquake: 2006 (28.1%), Crunch: 1509 (21.2%), Rest: 801 (11.2%), Zen Headbutt: 188 (2.6%), Blizzard: 33 (0.5%), Shadow Ball: 11 (0.2%), Struggle: 8 (0.1%), Giga Impact: 8 (0.1%)",3512,1241,2.83,407,3.16,4.3,2.38,369,309,437,498,6.74,2928,"Pikachu: 306, Luxray: 154, Voltorb: 147","Heracross: 149, Machamp: 51, Electivire: 46",0,"Damage: 406, Status: 62, Hazard: 0, Weather: 0, Cleric: 0, Screen: 0, Pass: 0, Debuff: 11, Tailwind: 0",None
SNORUNT,C-,All-Rounder,"Ice Fang: 15394 (29.4%), Crunch: 12137 (23.1%), Protect: 11474 (21.9%), Ice Shard: 6540 (12.5%), Hail: 4223 (8.1%), Headbutt: 2666 (5.1%), Struggle: 9 (0.0%)",10493,10980,0.96,2849,1.22,4.58,2.09,2163,1538,1731,4136,4.4,13824,"Magikarp: 328, Zubat: 314, Geodude: 264","Staraptor: 264, Gyarados: 238, Machoke: 209",0,"Damage: 2568, Status: 167, Hazard: 0, Weather: 1198, Cleric: 0, Screen: 0, Pass: 0, Debuff: 277, Tailwind: 0",None
SNOVER,D+,Weather,"Ice Shard: 18874 (37.5%), Wood Hammer: 12239 (24.3%), Mist: 6645 (13.2%), Ingrain: 6500 (12.9%), Swagger: 4009 (8.0%), Icy Wind: 1713 (3.4%), Grass Whistle: 341 (0.7%), Struggle: 1 (0.0%)",11719,14160,0.83,3693,1.09,4.22,2.19,2032,1311,2133,1183,5.44,15749,"Zubat: 251, Magnemite: 248, Pikachu: 245","Staraptor: 357, Golbat: 346, Gyarados: 284",7,"Damage: 2688, Status: 1234, Hazard: 0, Weather: 3477, Cleric: 0, Screen: 0, Pass: 0, Debuff: 14, Tailwind: 0",None
SNUBBULL,F+,Attacker / Support,"Bite: 8669 (24.2%), Lick: 8358 (23.3%), Tail Whip: 4654 (13.0%), Charm: 4425 (12.3%), Scary Face: 3092 (8.6%), Rage: 2578 (7.2%), Headbutt: 2546 (7.1%), Roar: 1549 (4.3%), Struggle: 20 (0.1%)",3525,9952,0.35,313,0.39,4.07,2.08,1310,2000,1693,4509,2.78,11597,"Magikarp: 342, Zubat: 168, Geodude: 143","Staraptor: 183, Golbat: 154, Gyarados: 152",0,"Damage: 247, Status: 81, Hazard: 0, Weather: 0, Cleric: 0, Screen: 0, Pass: 0, Debuff: 182, Tailwind: 0",None
SOLROCK,A-,Attacker,"Rock Slide: 3929 (33.7%), Heal Block: 3400 (29.1%), Solar Beam: 3309 (28.4%), Explosion: 1032 (8.8%)",4249,1701,2.5,303,2.68,4.15,1.85,335,524,361,318,1.29,3080,"Golbat: 80, Magnemite: 77, Magikarp: 72","Sneasel: 22, Staraptor: 16, Electabuzz: 15",2,"Damage: 303, Status: 0, Hazard: 0, Weather: 0, Cleric: 0, Screen: 0, Pass: 0, Debuff: 0, Tailwind: 0",None
SPEAROW,F,Support,"Leer: 6848 (24.5%), Peck: 5480 (19.6%), Growl: 4630 (16.6%), Fury Attack: 3085 (11.1%), Aerial Ace: 1876 (6.7%), Pursuit: 1821 (6.5%), Drill Peck: 1356 (4.9%), Assurance: 1178 (4.2%), Agility: 1175 (4.2%), Roost: 442 (1.6%), Struggle: 6 (0.0%)",2147,17192,0.12,829,0.17,4.33,1.78,1139,989,4088,0,13.25,13376,"Magikarp: 135, Bellsprout: 127, Zubat: 94","Magnemite: 306, Golbat: 277, Pikachu: 277",30,"Damage: 702, Status: 0, Hazard: 0, Weather: 0, Cleric: 0, Screen: 0, Pass: 0, Debuff: 335, Tailwind: 0",None
SPHEAL,D,All-Rounder,"Blizzard: 1434 (32.6%), Rest: 1326 (30.1%), Sheer Cold: 1009 (22.9%), Snore: 614 (14.0%), Struggle: 16 (0.4%)",997,1224,0.81,164,0.95,5.09,2.78,80,1071,329,0,-14.0,1710,"Golbat: 59, Gyarados: 25, Noctowl: 21","Roserade: 28, Magneton: 27, Staraptor: 23",0,"Damage: 164, Status: 0, Hazard: 0, Weather: 0, Cleric: 0, Screen: 0, Pass: 0, Debuff: 0, Tailwind: 0",None
SPINARAK,F-,Disrupter,"Poison Sting: 3381 (44.8%), Constrict: 1658 (22.0%), Scary Face: 1278 (16.9%), String Shot: 1222 (16.2%), Struggle: 1 (0.0%)",191,5419,0.04,340,0.1,2.47,1.47,320,442,523,1020,4.37,5615,"Bellsprout: 27, Magikarp: 23, Rattata: 13","Golbat: 134, Pikachu: 88, Kadabra: 88",0,"Damage: 340, Status: 208, Hazard: 0, Weather: 0, Cleric: 0, Screen: 0, Pass: 0, Debuff: 7, Tailwind: 0",None
SPINDA,B+,Disrupter,"Teeter Dance: 27418 (44.5%), Sucker Punch: 9743 (15.8%), Dizzy Punch: 9266 (15.0%), Double Edge: 5696 (9.2%), Flail: 2692 (4.4%), Psych Up: 2485 (4.0%), Fake Out: 2200 (3.6%), Trick Room: 2086 (3.4%), Struggle: 74 (0.1%)",10627,6653,1.6,5536,2.43,5.59,2.13,1580,1201,1805,2577,3.47,12405,"Magikarp: 263, Pikachu: 237, Zubat: 232","Staraptor: 180, Gyarados: 151, Graveler: 128",1,"Damage: 4188, Status: 4223, Hazard: 0, Weather: 0, Cleric: 0, Screen: 0, Pass: 0, Debuff: 0, Tailwind: 0",None
SPIRITOMB,S+,Attacker,"Dark Pulse: 5602 (37.0%), Psychic: 3340 (22.1%), Silver Wind: 2338 (15.5%), Shadow Ball: 2029 (13.4%), Ominous Wind: 1281 (8.5%), Curse: 186 (1.2%), Sucker Punch: 138 (0.9%), Confuse Ray: 107 (0.7%), Pain Split: 99 (0.7%), Struggle: 6 (0.0%)",10885,627,17.36,643,18.39,2.88,0.78,935,252,293,797,5.89,5777,"Golbat: 177, Magnemite: 177, Magikarp: 164","Staraptor: 28, Heracross: 18, Magneton: 15",0,"Damage: 567, Status: 82, Hazard: 0, Weather: 0, Cleric: 0, Screen: 0, Pass: 0, Debuff: 24, Tailwind: 0",None
SPOINK,D+,Attacker,"Zen Headbutt: 4603 (29.5%), Rest: 4541 (29.1%), Payback: 4378 (28.0%), Snore: 2057 (13.2%), Struggle: 36 (0.2%)",2219,2104,1.05,66,1.09,7.13,4.19,586,995,725,518,1.9,3085,"Magikarp: 82, Zubat: 79, Gastly: 66","Staraptor: 47, Gyarados: 44, Golbat: 40",0,"Damage: 66, Status: 0, Hazard: 0, Weather: 0, Cleric: 0, Screen: 0, Pass: 0, Debuff: 0, Tailwind: 0",None
SQUIRTLE,F+,All-Rounder,"Curse: 2609 (28.8%), Skull Bash: 1227 (13.5%), Aqua Tail: 1223 (13.5%), Iron Defense: 1126 (12.4%), Bite: 849 (9.4%), Withdraw: 836 (9.2%), Rain Dance: 768 (8.5%), Water Gun: 425 (4.7%)",900,3662,0.25,267,0.32,4.13,2.11,207,297,787,173,7.15,4197,"Golbat: 31, Kadabra: 24, Pikachu: 22","Gyarados: 98, Golbat: 94, Staraptor: 84",1,"Damage: 267, Status: 0, Hazard: 0, Weather: 0, Cleric: 0, Screen: 0, Pass: 0, Debuff: 0, Tailwind: 0",None
STANTLER,A+,All-Rounder,"Zen Headbutt: 5918 (49.9%), Me First: 4919 (41.5%), Trick Room: 813 (6.9%), Return: 211 (1.8%)",4297,1112,3.86,735,4.53,4.28,1.7,540,880,327,566,-0.1,3004,"Magnemite: 87, Golbat: 86, Magikarp: 82","Staraptor: 46, Magneton: 25, Mr Mime: 25",0,"Damage: 708, Status: 19, Hazard: 0, Weather: 0, Cleric: 0, Screen: 0, Pass: 0, Debuff: 85, Tailwind: 0",None
STARAPTOR,S-,All-Rounder,"Aerial Ace: 35373 (19.1%), Take Down: 33629 (18.1%), Close Combat: 30357 (16.4%), Quick Attack: 25371 (13.7%), Brave Bird: 17045 (9.2%), U Turn: 15057 (8.1%), Double Team: 9979 (5.4%), Steel Wing: 7368 (4.0%), Agility: 7165 (3.9%), Whirlwind: 2425 (1.3%), Growl: 1074 (0.6%), Endeavor: 460 (0.2%), Attract: 88 (0.0%)",103787,23578,4.4,12558,4.93,2.82,0.81,9704,6866,9089,630,6.12,77154,"Magnemite: 1960, Golbat: 1746, Clefairy: 1705","Staraptor: 778, Gyarados: 574, Magneton: 501",10,"Damage: 11863, Status: 0, Hazard: 0, Weather: 0, Cleric: 0, Screen: 0, Pass: 0, Debuff: 1371, Tailwind: 0",None
STARAVIA,D+,Support,"Wing Attack: 47353 (29.8%), Double Team: 47081 (29.6%), Endeavor: 20900 (13.1%), Quick Attack: 20869 (13.1%), Whirlwind: 7632 (4.8%), Aerial Ace: 6347 (4.0%), Growl: 2425 (1.5%), Brave Bird: 2305 (1.4%), Take Down: 2093 (1.3%), Agility: 2051 (1.3%), Struggle: 16 (0.0%)",25917,30553,0.85,7340,1.09,4.57,1.72,4689,3414,34100,0,18.31,42987,"Magikarp: 1021, Zubat: 880, Rattata: 649","Staraptor: 638, Golbat: 597, Gyarados: 588",1,"Damage: 6171, Status: 0, Hazard: 0, Weather: 0, Cleric: 0, Screen: 0, Pass: 0, Debuff: 2091, Tailwind: 0",None
STARLY,F,All-Rounder,"Quick Attack: 30131 (37.5%), Growl: 15229 (18.9%), Wing Attack: 7775 (9.7%), Double Team: 7002 (8.7%), Endeavor: 6466 (8.0%), Tackle: 5305 (6.6%), Brave Bird: 2184 (2.7%), Agility: 2079 (2.6%), Take Down: 2046 (2.5%), Aerial Ace: 2030 (2.5%), Struggle: 146 (0.2%)",7051,34003,0.21,1488,0.25,3.48,1.57,2916,1599,7565,0,10.1,31796,"Magikarp: 425, Bellsprout: 279, Rattata: 243","Staraptor: 583, Magnemite: 536, Pikachu: 516",2,"Damage: 1433, Status: 0, Hazard: 0, Weather: 0, Cleric: 0, Screen: 0, Pass: 0, Debuff: 163, Tailwind: 0",None
STARMIE,A-,Attacker,"Swift: 18319 (23.3%), Psychic: 11439 (14.6%), Surf: 6890 (8.8%), Water Pulse: 6597 (8.4%), Ice Beam: 6378 (8.1%), Water Gun: 6376 (8.1%), Thunderbolt: 5972 (7.6%), Recover: 4299 (5.5%), Confuse Ray: 3629 (4.6%), Rapid Spin: 3468 (4.4%), Blizzard: 2206 (2.8%), Brine: 1001 (1.3%), Thunder: 987 (1.3%), Minimize: 611 (0.8%), Cosmic Power: 382 (0.5%), Struggle: 10 (0.0%)",30035,11833,2.54,2918,2.78,4.05,1.53,4273,1723,2909,1496,6.77,23978,"Magnemite: 528, Clefairy: 499, Golbat: 469","Staraptor: 245, Sneasel: 223, Gyarados: 205",28,"Damage: 2761, Status: 1074, Hazard: 0, Weather: 0, Cleric: 0, Screen: 0, Pass: 0, Debuff: 27, Tailwind: 0",None
STARYU,E-,All-Rounder,"Camouflage: 15478 (27.8%), Rapid Spin: 11237 (20.2%), Water Gun: 11013 (19.8%), Swift: 6796 (12.2%), Recover: 5327 (9.6%), Minimize: 3096 (5.6%), Bubble Beam: 2584 (4.6%), Gyro Ball: 53 (0.1%), Struggle: 33 (0.1%)",4964,15180,0.33,2220,0.47,4.38,2.06,1814,1085,5522,165,10.23,17681,"Magikarp: 300, Geodude: 275, Zubat: 188","Staraptor: 281, Gyarados: 270, Golbat: 253",1,"Damage: 2220, Status: 0, Hazard: 0, Weather: 0, Cleric: 0, Screen: 0, Pass: 0, Debuff: 4, Tailwind: 0",None
STEELIX,C,Defender,"Rock Polish: 54358 (23.0%), Curse: 37480 (15.8%), Iron Tail: 25672 (10.8%), Screech: 25078 (10.6%), Dragon Breath: 23926 (10.1%), Taunt: 17320 (7.3%), Sandstorm: 15733 (6.6%), Slam: 12649 (5.3%), Stone Edge: 4736 (2.0%), Crunch: 4640 (2.0%), Double Edge: 4493 (1.9%), Rock Slide: 3758 (1.6%), Torment: 3728 (1.6%), Earthquake: 976 (0.4%), Ice Fang: 855 (0.4%), Rock Throw: 548 (0.2%), Flash Cannon: 358 (0.2%), Roar: 202 (0.1%), Stealth Rock: 102 (0.0%), Struggle: 20 (0.0%), Gyro Ball: 15 (0.0%)",26946,21438,1.26,3161,1.4,8.75,5.43,4456,20121,9786,7992,-2.46,31445,"Magnemite: 602, Clefairy: 534, Pikachu: 502","Staraptor: 490, Gyarados: 462, Seaking: 406",4,"Damage: 2611, Status: 457, Hazard: 60, Weather: 1587, Cleric: 0, Screen: 0, Pass: 0, Debuff: 312, Tailwind: 0",None
STUNKY,E+,Disrupter,"Slash: 34356 (22.5%), Night Slash: 28956 (19.0%), Feint: 18057 (11.8%), Toxic: 16007 (10.5%), Fury Swipes: 15444 (10.1%), Screech: 12068 (7.9%), Smoke Screen: 11652 (7.6%), Memento: 6760 (4.4%), Poison Gas: 6199 (4.1%), Focus Energy: 2939 (1.9%), Struggle: 56 (0.0%)",21863,43709,0.5,9999,0.73,3.86,1.67,11982,14095,11518,0,5.73,54765,"Zubat: 699, Magikarp: 690, Pikachu: 483","Staraptor: 896, Gyarados: 761, Golbat: 737",4,"Damage: 8116, Status: 5576, Hazard: 0, Weather: 0, Cleric: 0, Screen: 0, Pass: 0, Debuff: 922, Tailwind: 0",None
SUDOWOODO,B,All-Rounder,"Rock Slide: 14132 (22.6%), Rock Tomb: 10869 (17.4%), Slam: 8052 (12.9%), Sucker Punch: 6868 (11.0%), Double Edge: 6225 (10.0%), Hammer Arm: 4790 (7.7%), Faint Attack: 2502 (4.0%), Wood Hammer: 2062 (3.3%), Stone Edge: 1762 (2.8%), Flail: 1582 (2.5%), Rock Throw: 1483 (2.4%), Mimic: 871 (1.4%), Block: 847 (1.4%), Earthquake: 297 (0.5%), Endure: 132 (0.2%), Low Kick: 42 (0.1%)",24996,12449,2.01,3216,2.27,3.72,2.0,3247,7751,2674,6602,-2.82,23922,"Golbat: 623, Pikachu: 470, Magnemite: 426","Gyarados: 277, Staraptor: 272, Magneton: 258",11,"Damage: 3216, Status: 5, Hazard: 0, Weather: 0, Cleric: 0, Screen: 0, Pass: 0, Debuff: 92, Tailwind: 0","Agility: 21 (4.1%), Double Team: 21 (4.1%), Roost: 14 (2.7%), Protect: 14 (2.7%), Faint Attack: 13 (2.5%), Wing Attack: 12 (2.4%), Bounce: 11 (2.2%), Curse: 10 (2.0%), Earthquake: 8 (1.6%), Gyro Ball: 8 (1.6%), Wake Up Slap: 8 (1.6%), Iron Defense: 7 (1.4%), Slash: 7 (1.4%), Assurance: 7 (1.4%), Tail Whip: 6 (1.2%), Nasty Plot: 6 (1.2%), Safeguard: 6 (1.2%), Aqua Tail: 6 (1.2%), Fire Fang: 5 (1.0%), Water Pulse: 5 (1.0%), Psybeam: 5 (1.0%), Light Screen: 5 (1.0%), Withdraw: 5 (1.0%), Take Down: 5 (1.0%), Dig: 5 (1.0%), Double Edge: 5 (1.0%), Aqua Jet: 5 (1.0%), Smoke Screen: 5 (1.0%), Captivate: 5 (1.0%), Feint: 5 (1.0%), Confuse Ray: 5 (1.0%), Brine: 5 (1.0%), Harden: 5 (1.0%), Uproar: 4 (0.8%), Acupressure: 4 (0.8%), Body Slam: 4 (0.8%), Psychic: 4 (0.8%), Defense Curl: 4 (0.8%), Shadow Ball: 4 (0.8%), Rock Slide: 4 (0.8%), Endeavor: 4 (0.8%), Splash: 4 (0.8%), Bone Rush: 4 (0.8%), Endure: 4 (0.8%), Steel Wing: 4 (0.8%), Meteor Mash: 4 (0.8%), Air Slash: 4 (0.8%), Metal Claw: 3 (0.6%), Swords Dance: 3 (0.6%), Magnet Bomb: 3 (0.6%), Amnesia: 3 (0.6%), Ember: 3 (0.6%), Rest: 3 (0.6%), Role Play: 3 (0.6%), Ancient Power: 3 (0.6%), Dragon Breath: 3 (0.6%), Quick Attack: 3 (0.6%), Drill Peck: 3 (0.6%), Slam: 3 (0.6%), Brave Bird: 3 (0.6%), Skill Swap: 3 (0.6%), Twister: 3 (0.6%), Double Hit: 3 (0.6%), Thrash: 3 (0.6%), Spikes: 2 (0.4%), Growth: 2 (0.4%), Silver Wind: 2 (0.4%), Ice Punch: 2 (0.4%), Pursuit: 2 (0.4%), Ice Shard: 2 (0.4%), Disable: 2 (0.4%), Lava Plume: 2 (0.4%), Iron Tail: 2 (0.4%), Spite: 2 (0.4%), Dragon Rush: 2 (0.4%), Dragon Pulse: 2 (0.4%), Thunder Punch: 2 (0.4%), Aqua Ring: 2 (0.4%), Rock Polish: 2 (0.4%), Night Slash: 2 (0.4%), Substitute: 2 (0.4%), Reflect: 2 (0.4%), Payback: 2 (0.4%), Magnitude: 2 (0.4%), Shock Wave: 2 (0.4%), Gust: 2 (0.4%), Tackle: 2 (0.4%), Air Cutter: 2 (0.4%), Signal Beam: 2 (0.4%), Stockpile: 2 (0.4%), Ice Fang: 2 (0.4%), Dragon Dance: 2 (0.4%), Aerial Ace: 2 (0.4%), Mirror Coat: 2 (0.4%), Leaf Storm: 2 (0.4%), Fire Punch: 2 (0.4%), Punishment: 2 (0.4%), Sludge Bomb: 2 (0.4%), Poison Jab: 2 (0.4%), Sludge: 2 (0.4%), Fury Attack: 2 (0.4%), Grudge: 2 (0.4%), Bug Buzz: 2 (0.4%), Bite: 2 (0.4%), Thunder: 2 (0.4%), String Shot: 2 (0.4%), Sing: 1 (0.2%), Razor Leaf: 1 (0.2%), Sand Attack: 1 (0.2%), Thunderbolt: 1 (0.2%), Mach Punch: 1 (0.2%), Future Sight: 1 (0.2%), Fury Swipes: 1 (0.2%), Peck: 1 (0.2%), Thunder Wave: 1 (0.2%), Superpower: 1 (0.2%), Poison Sting: 1 (0.2%), False Swipe: 1 (0.2%), Whirlpool: 1 (0.2%), Mud Bomb: 1 (0.2%), Night Shade: 1 (0.2%), Double Slap: 1 (0.2%), Fire Blast: 1 (0.2%), Rain Dance: 1 (0.2%), Thunder Fang: 1 (0.2%), Growl: 1 (0.2%), Power Whip: 1 (0.2%), Ominous Wind: 1 (0.2%), Mind Reader: 1 (0.2%), Submission: 1 (0.2%), Fire Spin: 1 (0.2%), Bullet Seed: 1 (0.2%), Me First: 1 (0.2%), Extrasensory: 1 (0.2%), Bug Bite: 1 (0.2%), Screech: 1 (0.2%), Hyper Voice: 1 (0.2%), Wrap: 1 (0.2%), Mean Look: 1 (0.2%), Waterfall: 1 (0.2%), Calm Mind: 1 (0.2%), Teeter Dance: 1 (0.2%), Wring Out: 1 (0.2%), Headbutt: 1 (0.2%), Psywave: 1 (0.2%), Mist: 1 (0.2%), Icy Wind: 1 (0.2%), Swagger: 1 (0.2%), Razor Wind: 1 (0.2%), Sunny Day: 1 (0.2%), Bubble Beam: 1 (0.2%), Poison Fang: 1 (0.2%), Beat Up: 1 (0.2%), Toxic: 1 (0.2%), U Turn: 1 (0.2%), Charm: 1 (0.2%), Hydro Pump: 1 (0.2%), Rage: 1 (0.2%), Hyper Beam: 1 (0.2%), Discharge: 1 (0.2%), Reversal: 1 (0.2%), Metal Burst: 1 (0.2%), Iron Head: 1 (0.2%), Leer: 1 (0.2%), Scary Face: 1 (0.2%)"
SUNFLORA,C,All-Rounder,"Petal Dance: 7123 (35.1%), Leaf Storm: 3695 (18.2%), Solar Beam: 2846 (14.0%), Sunny Day: 2286 (11.3%), Razor Leaf: 1894 (9.3%), Mega Drain: 1333 (6.6%), Ingrain: 647 (3.2%), Worry Seed: 468 (2.3%)",8095,6481,1.25,1145,1.43,3.42,1.73,1121,876,1051,0,6.07,10862,"Magnemite: 206, Gyarados: 188, Seaking: 180","Staraptor: 234, Golbat: 178, Rapidash: 132",7,"Damage: 1142, Status: 0, Hazard: 0, Weather: 7, Cleric: 0, Screen: 0, Pass: 0, Debuff: 0, Tailwind: 0",None
SUNKERN,D-,All-Rounder,"Razor Leaf: 3337 (42.3%), Giga Drain: 1725 (21.8%), Sunny Day: 1521 (19.3%), Synthesis: 1315 (16.6%)",1666,2299,0.72,430,0.91,3.53,2.14,468,315,360,0,6.21,3029,"Magikarp: 83, Geodude: 70, Goldeen: 58","Gyarados: 49, Staraptor: 46, Golbat: 46",1,"Damage: 429, Status: 0, Hazard: 0, Weather: 5, Cleric: 0, Screen: 0, Pass: 0, Debuff: 0, Tailwind: 0",None
SURSKIT,D-,Passer,"Agility: 3611 (40.9%), Baton Pass: 2356 (26.7%), Mist: 2342 (26.5%), Haze: 507 (5.7%), Struggle: 18 (0.2%)",4,1634,0.0,1427,0.88,4.42,1.49,1,0,374,0,4.07,3182,"Chimchar: 2, Chatot: 1, Croagunk: 1","Golbat: 53, Staraptor: 46, Gyarados: 34",3,"Damage: 5, Status: 0, Hazard: 0, Weather: 0, Cleric: 0, Screen: 0, Pass: 1422, Debuff: 0, Tailwind: 0",None
SWABLU,E-,All-Rounder,"Dragon Pulse: 2777 (27.6%), Fury Attack: 2460 (24.5%), Sing: 1450 (14.4%), Mist: 1369 (13.6%), Safeguard: 1358 (13.5%), Mirror Move: 617 (6.1%), Refresh: 24 (0.2%), Struggle: 2 (0.0%), Natural Gift: 1 (0.0%)",810,3299,0.25,633,0.44,4.6,1.97,512,1217,421,17,-2.75,3764,"Koffing: 24, Machoke: 22, Butterfree: 19","Gyarados: 92, Sneasel: 71, Staraptor: 60",3,"Damage: 620, Status: 62, Hazard: 0, Weather: 0, Cleric: 0, Screen: 0, Pass: 0, Debuff: 8, Tailwind: 0",None
SWALOT,S-,Disrupter,"Gunk Shot: 5594 (37.7%), Protect: 3339 (22.5%), Body Slam: 3021 (20.3%), Yawn: 1776 (12.0%), Sludge Bomb: 541 (3.6%), Amnesia: 303 (2.0%), Pain Split: 261 (1.8%), Struggle: 17 (0.1%)",3892,821,4.74,936,5.88,5.55,1.7,466,1803,352,1021,-6.34,3146,"Clefairy: 76, Magikarp: 76, Pikachu: 76","Staraptor: 29, Alakazam: 29, Quagsire: 19",0,"Damage: 671, Status: 706, Hazard: 0, Weather: 0, Cleric: 0, Screen: 0, Pass: 0, Debuff: 0, Tailwind: 0",None
SWELLOW,D-,All-Rounder,"Double Team: 1527 (25.4%), Aerial Ace: 1498 (24.9%), Endeavor: 1327 (22.0%), Agility: 1205 (20.0%), Facade: 365 (6.1%), Protect: 98 (1.6%)",830,1313,0.63,369,0.91,4.65,1.86,107,20,1056,0,16.15,1742,"Quagsire: 20, Machoke: 19, Gyarados: 19","Magneton: 47, Staraptor: 46, Raichu: 31",0,"Damage: 369, Status: 0, Hazard: 0, Weather: 0, Cleric: 0, Screen: 0, Pass: 0, Debuff: 0, Tailwind: 0",None
SWINUB,E+,All-Rounder,"Icy Wind: 9438 (26.6%), Mud Bomb: 6805 (19.2%), Ice Shard: 6278 (17.7%), Endure: 5073 (14.3%), Take Down: 4787 (13.5%), Mud Slap: 3013 (8.5%), Struggle: 35 (0.1%)",5568,11231,0.5,2208,0.69,3.93,1.9,1666,3055,3472,10738,5.28,11331,"Magikarp: 232, Zubat: 223, Geodude: 195","Gyarados: 208, Staraptor: 208, Golbat: 202",1,"Damage: 2204, Status: 0, Hazard: 0, Weather: 0, Cleric: 0, Screen: 0, Pass: 0, Debuff: 61, Tailwind: 0",None
TAILLOW,C-,All-Rounder,"Aerial Ace: 6970 (27.1%), Double Team: 6435 (25.0%), Endeavor: 6295 (24.5%), Agility: 3153 (12.3%), Wing Attack: 2838 (11.0%), Struggle: 5 (0.0%)",4363,4466,0.98,1548,1.32,4.52,1.87,609,69,4452,0,16.56,6358,"Magikarp: 162, Zubat: 122, Geodude: 105","Magnemite: 119, Gyarados: 111, Staraptor: 94",1,"Damage: 1548, Status: 0, Hazard: 0, Weather: 0, Cleric: 0, Screen: 0, Pass: 0, Debuff: 0, Tailwind: 0",None
TANGELA,C+,All-Rounder,"Ancient Power: 14431 (20.8%), Giga Drain: 9746 (14.0%), Growth: 6608 (9.5%), Vine Whip: 6401 (9.2%), Absorb: 5933 (8.5%), Bind: 5006 (7.2%), Slam: 4063 (5.8%), Stun Spore: 4036 (5.8%), Ingrain: 3122 (4.5%), Mega Drain: 2842 (4.1%), Sleep Powder: 2712 (3.9%), Toxic: 2234 (3.2%), Poison Powder: 1651 (2.4%), Wring Out: 542 (0.8%), Natural Gift: 113 (0.2%), Knock Off: 75 (0.1%), Struggle: 19 (0.0%)",15726,12091,1.3,4171,1.65,4.48,2.16,2784,6107,2831,1426,-0.65,19671,"Magikarp: 458, Geodude: 372, Zubat: 352","Golbat: 334, Staraptor: 293, Gyarados: 237",4,"Damage: 3791, Status: 2021, Hazard: 0, Weather: 0, Cleric: 0, Screen: 0, Pass: 0, Debuff: 0, Tailwind: 0",None
TANGROWTH,B-,All-Rounder,"Ancient Power: 3272 (22.6%), Power Whip: 2667 (18.4%), Mega Drain: 2514 (17.3%), Stun Spore: 2392 (16.5%), Wring Out: 1115 (7.7%), Slam: 960 (6.6%), Rock Slide: 352 (2.4%), Earthquake: 310 (2.1%), Knock Off: 256 (1.8%), Swords Dance: 196 (1.4%), Toxic: 147 (1.0%), Sleep Powder: 116 (0.8%), Tickle: 99 (0.7%), Ingrain: 96 (0.7%), Struggle: 9 (0.1%)",4145,2803,1.48,768,1.75,4.5,2.07,651,1658,707,319,-2.12,4934,"Seaking: 136, Golbat: 95, Gyarados: 89","Staraptor: 83, Rapidash: 72, Crobat: 56",5,"Damage: 721, Status: 304, Hazard: 0, Weather: 0, Cleric: 0, Screen: 0, Pass: 0, Debuff: 9, Tailwind: 0",None
TAUROS,A+,Attacker,"Zen Headbutt: 6474 (21.3%), Thrash: 6369 (20.9%), Stone Edge: 4886 (16.1%), Take Down: 3670 (12.1%), Earthquake: 2508 (8.2%), Payback: 1961 (6.4%), Swagger: 1551 (5.1%), Giga Impact: 595 (2.0%), Rest: 595 (2.0%), Pursuit: 537 (1.8%), Thunder: 444 (1.5%), Fire Blast: 430 (1.4%), Surf: 254 (0.8%), Scary Face: 139 (0.5%)",15133,4046,3.74,648,3.9,3.75,1.3,1771,2884,1008,478,-0.49,10812,"Golbat: 248, Gyarados: 237, Magnemite: 231","Staraptor: 123, Alakazam: 89, Machamp: 84",2,"Damage: 575, Status: 204, Hazard: 0, Weather: 0, Cleric: 0, Screen: 0, Pass: 0, Debuff: 51, Tailwind: 0",None
TEDDIURSA,D+,Support,"Slash: 26947 (29.0%), Rest: 18529 (20.0%), Charm: 17997 (19.4%), Snore: 8796 (9.5%), Faint Attack: 7439 (8.0%), Sweet Scent: 5346 (5.8%), Fury Swipes: 4209 (4.5%), Fake Tears: 3020 (3.3%), Lick: 523 (0.6%), Struggle: 16 (0.0%)",16957,19629,0.86,3792,1.06,5.43,3.11,4482,2844,4773,161,6.58,25661,"Magikarp: 532, Zubat: 471, Geodude: 444","Gyarados: 452, Golbat: 402, Staraptor: 390",0,"Damage: 3452, Status: 5, Hazard: 0, Weather: 0, Cleric: 0, Screen: 0, Pass: 0, Debuff: 745, Tailwind: 0",None
TENTACOOL,E-,Support,"Acid: 10348 (16.2%), Constrict: 10332 (16.2%), Bubble Beam: 9025 (14.1%), Water Pulse: 7740 (12.1%), Barrier: 4853 (7.6%), Wrap: 4399 (6.9%), Toxic Spikes: 3788 (5.9%), Supersonic: 3731 (5.8%), Screech: 3602 (5.6%), Poison Jab: 3551 (5.6%), Hydro Pump: 2514 (3.9%), Struggle: 2 (0.0%)",7089,25454,0.28,5596,0.5,5.32,2.76,2744,4798,3155,4388,1.69,19362,"Magikarp: 303, Zubat: 248, Geodude: 221","Gyarados: 487, Golbat: 476, Magnemite: 394",37,"Damage: 5024, Status: 1258, Hazard: 465, Weather: 0, Cleric: 0, Screen: 0, Pass: 0, Debuff: 936, Tailwind: 0",None
TENTACRUEL,B-,Defender,"Poison Jab: 25169 (20.7%), Water Pulse: 24371 (20.0%), Screech: 21593 (17.7%), Barrier: 20093 (16.5%), Wrap: 7674 (6.3%), Hydro Pump: 7126 (5.9%), Bubble Beam: 6143 (5.0%), Wring Out: 5714 (4.7%), Constrict: 1617 (1.3%), Acid: 1605 (1.3%), Toxic Spikes: 558 (0.5%)",26099,16185,1.61,3659,1.84,5.39,2.8,4465,7934,4536,7818,0.85,28544,"Golbat: 538, Magnemite: 499, Pikachu: 457","Staraptor: 398, Gyarados: 308, Luxray: 278",12,"Damage: 3418, Status: 1755, Hazard: 7, Weather: 0, Cleric: 0, Screen: 0, Pass: 0, Debuff: 359, Tailwind: 0",None
TOGEKISS,S,Attacker,"Air Slash: 3272 (27.2%), Extreme Speed: 2902 (24.1%), Aura Sphere: 2837 (23.6%), Sky Attack: 2754 (22.9%), Shock Wave: 108 (0.9%), Psychic: 77 (0.6%), Water Pulse: 67 (0.6%)",6104,900,6.78,177,6.98,3.88,1.44,633,1605,302,343,-5.39,3474,"Magnemite: 113, Golbat: 102, Gyarados: 87","Staraptor: 33, Floatzel: 24, Gyarados: 24",1,"Damage: 177, Status: 0, Hazard: 0, Weather: 0, Cleric: 0, Screen: 0, Pass: 0, Debuff: 0, Tailwind: 0",None
TOGEPI,F,Disrupter,"Metronome: 3489 (38.3%), Encore: 2027 (22.2%), Sweet Kiss: 1886 (20.7%), Yawn: 1655 (18.2%), Struggle: 54 (0.6%)",220,2316,0.09,275,0.21,5.62,1.76,117,1106,887,127,-1.0,2579,"Zubat: 9, Haunter: 8, Ponyta: 8","Staraptor: 46, Golbat: 45, Gyarados: 39",0,"Damage: 158, Status: 242, Hazard: 0, Weather: 4, Cleric: 1, Screen: 0, Pass: 0, Debuff: 5, Tailwind: 0",None
TOGETIC,D-,Attacker,"Follow Me: 8899 (31.0%), Ancient Power: 6936 (24.2%), Wish: 6811 (23.8%), Encore: 3776 (13.2%), Double Edge: 1251 (4.4%), Safeguard: 707 (2.5%), Struggle: 282 (1.0%), Baton Pass: 13 (0.0%)",2820,3282,0.86,87,0.89,7.51,4.12,473,554,1262,649,3.9,4604,"Magikarp: 83, Zubat: 74, Clefairy: 54","Staraptor: 84, Gyarados: 74, Sneasel: 54",0,"Damage: 86, Status: 0, Hazard: 0, Weather: 0, Cleric: 0, Screen: 0, Pass: 1, Debuff: 0, Tailwind: 0",None
TORKOAL,S-,Attacker / Disrupter,"Body Slam: 8789 (33.3%), Iron Tail: 5251 (19.9%), Overheat: 4544 (17.2%), Iron Defense: 3782 (14.3%), Yawn: 1262 (4.8%), Earthquake: 924 (3.5%), Sunny Day: 839 (3.2%), Protect: 496 (1.9%), Eruption: 253 (1.0%), Will O Wisp: 232 (0.9%), Struggle: 3 (0.0%)",10142,2064,4.91,643,5.23,4.72,2.66,1027,2165,1024,1860,-0.52,6665,"Magnemite: 208, Golbat: 171, Clefairy: 166","Gyarados: 56, Golduck: 42, Empoleon: 38",3,"Damage: 434, Status: 429, Hazard: 0, Weather: 0, Cleric: 0, Screen: 0, Pass: 0, Debuff: 1, Tailwind: 0",None
TORTERRA,A+,Attacker,"Earthquake: 4301 (24.3%), Crunch: 4282 (24.2%), Leaf Storm: 2470 (14.0%), Leech Seed: 1134 (6.4%), Razor Leaf: 1092 (6.2%), Stone Edge: 1065 (6.0%), Bite: 1044 (5.9%), Synthesis: 942 (5.3%), Giga Drain: 810 (4.6%), Wood Hammer: 384 (2.2%), Mega Drain: 171 (1.0%)",9530,2814,3.39,782,3.66,3.5,1.53,1066,1166,739,544,3.51,7602,"Seaking: 276, Pikachu: 214, Magikarp: 214","Staraptor: 120, Gyarados: 95, Rapidash: 84",2,"Damage: 712, Status: 312, Hazard: 0, Weather: 0, Cleric: 0, Screen: 0, Pass: 0, Debuff: 25, Tailwind: 0",None
TOTODILE,F-,Attacker,"Scratch: 2215 (50.4%), Leer: 2166 (49.3%), Struggle: 16 (0.4%)",91,2735,0.03,3,0.03,2.68,1.32,124,167,274,0,4.95,2776,"Magikarp: 15, Caterpie: 8, Bidoof: 7","Staraptor: 46, Geodude: 42, Clefairy: 42",0,"Damage: 1, Status: 0, Hazard: 0, Weather: 0, Cleric: 0, Screen: 0, Pass: 0, Debuff: 2, Tailwind: 0",None
TOXICROAK,B-,Disrupter,"Sucker Punch: 7260 (25.3%), Nasty Plot: 6880 (23.9%), Swagger: 4979 (17.3%), Poison Jab: 2194 (7.6%), Mud Bomb: 1639 (5.7%), Cross Chop: 1613 (5.6%), Faint Attack: 887 (3.1%), Brick Break: 805 (2.8%), Revenge: 678 (2.4%), Gunk Shot: 353 (1.2%), X Scissor: 342 (1.2%), Sludge Bomb: 304 (1.1%), Focus Blast: 302 (1.1%), Dark Pulse: 285 (1.0%), Attract: 108 (0.4%), Substitute: 103 (0.4%), Struggle: 8 (0.0%)",6653,4337,1.53,1071,1.78,4.7,1.89,797,1891,992,543,-0.27,7848,"Clefairy: 144, Magnemite: 120, Pikachu: 102","Staraptor: 164, Golbat: 99, Gyarados: 92",1,"Damage: 808, Status: 724, Hazard: 0, Weather: 0, Cleric: 0, Screen: 0, Pass: 0, Debuff: 0, Tailwind: 0",None
TRAPINCH,A,All-Rounder,"Dig: 5622 (62.1%), Crunch: 2434 (26.9%), Sandstorm: 577 (6.4%), Sand Tomb: 419 (4.6%)",3920,1378,2.84,464,3.18,3.56,1.57,311,294,2472,140,21.63,3073,"Magikarp: 82, Magnemite: 79, Pikachu: 73","Staraptor: 39, Gyarados: 36, Graveler: 33",0,"Damage: 355, Status: 0, Hazard: 0, Weather: 247, Cleric: 0, Screen: 0, Pass: 0, Debuff: 4, Tailwind: 0",None
TROPIUS,C+,Attacker,"Air Slash: 6841 (32.2%), Sweet Scent: 3174 (14.9%), Magical Leaf: 2367 (11.1%), Body Slam: 1770 (8.3%), Razor Leaf: 1496 (7.0%), Stomp: 1462 (6.9%), Growth: 1443 (6.8%), Solar Beam: 1175 (5.5%), Sunny Day: 502 (2.4%), Leaf Storm: 413 (1.9%), Synthesis: 267 (1.3%), Earthquake: 247 (1.2%), Silver Wind: 89 (0.4%)",6453,4317,1.49,560,1.62,4.28,2.11,983,770,966,1259,5.42,7208,"Quagsire: 111, Pikachu: 110, Clefairy: 107","Golbat: 107, Gyarados: 103, Staraptor: 101",0,"Damage: 560, Status: 0, Hazard: 0, Weather: 0, Cleric: 0, Screen: 0, Pass: 0, Debuff: 0, Tailwind: 0",None
TURTWIG,F,Support,"Tackle: 12933 (37.3%), Withdraw: 8160 (23.6%), Absorb: 5501 (15.9%), Razor Leaf: 4851 (14.0%), Reflect: 1932 (5.6%), Sunny Day: 1063 (3.1%), Grass Knot: 136 (0.4%), Struggle: 67 (0.2%)",2564,13090,0.2,874,0.26,3.8,1.97,1559,1863,2139,0,4.99,14264,"Magikarp: 286, Geodude: 207, Bellsprout: 115","Staraptor: 232, Gyarados: 208, Golbat: 201",1,"Damage: 789, Status: 0, Hazard: 0, Weather: 0, Cleric: 0, Screen: 180, Pass: 0, Debuff: 0, Tailwind: 0",None
TYPHLOSION,S,All-Rounder,"Flamethrower: 6211 (49.0%), Swift: 2163 (17.1%), Rollout: 1641 (12.9%), Lava Plume: 1173 (9.2%), Will O Wisp: 862 (6.8%), Quick Attack: 322 (2.5%), Flame Wheel: 311 (2.5%)",7353,1274,5.77,951,6.52,3.41,1.06,719,576,254,454,3.17,4588,"Magnemite: 177, Magneton: 169, Staraptor: 114","Floatzel: 53, Gyarados: 40, Staraptor: 36",0,"Damage: 878, Status: 419, Hazard: 0, Weather: 0, Cleric: 0, Screen: 0, Pass: 0, Debuff: 0, Tailwind: 0",None
TYRANITAR,A+,Weather,"Stone Edge: 272 (30.9%), Rock Slide: 204 (23.2%), Fire Fang: 138 (15.7%), Crunch: 125 (14.2%), Earthquake: 100 (11.4%), Aerial Ace: 36 (4.1%), Low Kick: 4 (0.5%)",529,161,3.29,170,4.34,4.18,1.72,65,102,55,29,1.93,374,"Gengar: 22, Gyarados: 20, Crobat: 13","Heracross: 20, Lucario: 10, Staraptor: 8",1,"Damage: 64, Status: 3, Hazard: 0, Weather: 152, Cleric: 0, Screen: 0, Pass: 0, Debuff: 0, Tailwind: 0",None
TYROGUE,C-,Defender,"Tackle: 27892 (69.9%), Foresight: 7393 (18.5%), Fake Out: 3791 (9.5%), Helping Hand: 831 (2.1%)",4939,7071,0.7,4622,1.35,5.09,2.64,1728,1848,1617,3202,3.61,9540,"Magikarp: 244, Zubat: 199, Pikachu: 123","Golbat: 188, Gyarados: 173, Staraptor: 155",0,"Damage: 4622, Status: 0, Hazard: 0, Weather: 0, Cleric: 0, Screen: 0, Pass: 0, Debuff: 0, Tailwind: 0",None
UMBREON,B+,Disrupter,"Faint Attack: 10698 (16.1%), Quick Attack: 9074 (13.6%), Dark Pulse: 9008 (13.5%), Pursuit: 8448 (12.7%), Confuse Ray: 7274 (10.9%), Double Team: 6010 (9.0%), Sand Attack: 5814 (8.7%), Last Resort: 2644 (4.0%), Payback: 2588 (3.9%), Shadow Ball: 2322 (3.5%), Assurance: 1502 (2.3%), Psychic: 422 (0.6%), Helping Hand: 407 (0.6%), Curse: 256 (0.4%), Struggle: 55 (0.1%), Sucker Punch: 27 (0.0%)",11899,5976,1.99,3011,2.49,6.59,2.49,2765,1460,9521,1384,14.22,12021,"Zubat: 255, Magikarp: 243, Golbat: 206","Staraptor: 162, Machoke: 136, Machamp: 117",2,"Damage: 2782, Status: 1622, Hazard: 0, Weather: 0, Cleric: 0, Screen: 0, Pass: 0, Debuff: 13, Tailwind: 0",None
URSARING,B+,Attacker,"Rest: 5979 (23.8%), Scary Face: 5500 (21.9%), Thrash: 5343 (21.3%), Slash: 3228 (12.8%), Sweet Scent: 2967 (11.8%), Snore: 1080 (4.3%), Hammer Arm: 390 (1.6%), Stone Edge: 300 (1.2%), Swords Dance: 130 (0.5%), Avalanche: 98 (0.4%), Shadow Claw: 87 (0.3%), Aerial Ace: 25 (0.1%), Struggle: 11 (0.0%), Giga Impact: 4 (0.0%)",6810,2807,2.43,522,2.61,6.45,3.37,796,1092,1178,0,3.35,6064,"Golbat: 141, Pikachu: 140, Magnemite: 120","Staraptor: 73, Gyarados: 59, Heracross: 51",0,"Damage: 498, Status: 0, Hazard: 0, Weather: 0, Cleric: 0, Screen: 0, Pass: 0, Debuff: 47, Tailwind: 0",None
VAPOREON,C-,All-Rounder,"Quick Attack: 9208 (24.8%), Water Gun: 8208 (22.1%), Surf: 7662 (20.6%), Sand Attack: 4835 (13.0%), Aurora Beam: 4285 (11.5%), Bite: 1688 (4.5%), Last Resort: 636 (1.7%), Helping Hand: 591 (1.6%), Struggle: 2 (0.0%)",8120,6814,1.19,1075,1.35,4.96,1.95,1840,943,5680,702,15.33,10615,"Magnemite: 168, Golbat: 150, Clefairy: 146","Seaking: 133, Staraptor: 124, Gyarados: 119",9,"Damage: 1073, Status: 0, Hazard: 0, Weather: 0, Cleric: 0, Screen: 0, Pass: 0, Debuff: 2, Tailwind: 0",None
VENOMOTH,B,Disrupter,"Leech Life: 5604 (17.4%), Confusion: 5485 (17.0%), Supersonic: 4199 (13.0%), Disable: 4028 (12.5%), Psychic: 3914 (12.1%), Signal Beam: 2309 (7.2%), Gust: 2019 (6.3%), Poison Fang: 1751 (5.4%), Double Team: 1161 (3.6%), Bug Buzz: 593 (1.8%), Silver Wind: 491 (1.5%), Sludge Bomb: 332 (1.0%), Sleep Powder: 208 (0.6%), Toxic: 128 (0.4%), Baton Pass: 34 (0.1%), Struggle: 1 (0.0%)",7514,4006,1.88,897,2.1,5.23,2.25,1348,3403,1761,1126,-0.84,7748,"Golbat: 212, Machoke: 151, Koffing: 123","Staraptor: 130, Alakazam: 94, Gyarados: 84",1,"Damage: 811, Status: 468, Hazard: 0, Weather: 0, Cleric: 0, Screen: 0, Pass: 25, Debuff: 17, Tailwind: 0",None
VENONAT,E-,Disrupter,"Confusion: 7829 (21.8%), Signal Beam: 5932 (16.5%), Psybeam: 5640 (15.7%), Supersonic: 4461 (12.4%), Leech Life: 4335 (12.1%), Poison Powder: 2773 (7.7%), Sleep Powder: 1757 (4.9%), Stun Spore: 1742 (4.8%), Foresight: 1481 (4.1%), Struggle: 10 (0.0%)",3936,9579,0.41,1082,0.52,5.12,2.48,1393,2446,1415,1463,0.82,9090,"Magikarp: 201, Zubat: 156, Geodude: 128","Staraptor: 188, Golbat: 187, Gyarados: 167",0,"Damage: 1055, Status: 1035, Hazard: 0, Weather: 0, Cleric: 0, Screen: 0, Pass: 0, Debuff: 0, Tailwind: 0",None
VENUSAUR,B-,All-Rounder,"Petal Dance: 5400 (30.9%), Solar Beam: 3641 (20.8%), Double Edge: 2953 (16.9%), Sludge Bomb: 1343 (7.7%), Worry Seed: 1177 (6.7%), Synthesis: 921 (5.3%), Leech Seed: 854 (4.9%), Sleep Powder: 743 (4.3%), Toxic: 340 (1.9%), Giga Drain: 82 (0.5%), Struggle: 8 (0.0%), Frenzy Plant: 7 (0.0%)",4878,2943,1.66,667,1.88,4.82,2.17,673,713,674,225,3.51,5484,"Golbat: 122, Gyarados: 113, Magnemite: 98","Rapidash: 98, Staraptor: 91, Golbat: 68",0,"Damage: 642, Status: 302, Hazard: 0, Weather: 0, Cleric: 0, Screen: 0, Pass: 0, Debuff: 0, Tailwind: 0",None
VESPIQUEN,C-,All-Rounder,"Attack Order: 794 (37.7%), Defend Order: 426 (20.2%), Power Gem: 420 (19.9%), Heal Order: 301 (14.3%), Protect: 135 (6.4%), Confuse Ray: 31 (1.5%)",538,490,1.1,116,1.33,4.44,2.24,108,53,125,0,8.06,747,"Pikachu: 32, Rapidash: 21, Magikarp: 17","Rapidash: 35, Typhlosion: 18, Staraptor: 16",1,"Damage: 112, Status: 11, Hazard: 0, Weather: 0, Cleric: 0, Screen: 0, Pass: 0, Debuff: 0, Tailwind: 0",None
VIBRAVA,D,Support,"Dragon Breath: 3928 (56.2%), Sandstorm: 1164 (16.7%), Screech: 983 (14.1%), Earthquake: 452 (6.5%), Hyper Beam: 289 (4.1%), Faint Attack: 173 (2.5%)",1524,1983,0.77,403,0.97,3.93,1.73,281,327,309,801,3.74,2856,"Golbat: 38, Magneton: 36, Seaking: 35","Gyarados: 60, Staraptor: 48, Floatzel: 43",3,"Damage: 306, Status: 107, Hazard: 0, Weather: 196, Cleric: 0, Screen: 0, Pass: 0, Debuff: 75, Tailwind: 0",None
VICTREEBEL,A-,All-Rounder,"Razor Leaf: 19475 (28.5%), Acid: 8494 (12.4%), Sludge Bomb: 6817 (10.0%), Leaf Storm: 6509 (9.5%), Leaf Blade: 6351 (9.3%), Giga Drain: 3994 (5.8%), Toxic: 3282 (4.8%), Sweet Scent: 2824 (4.1%), Protect: 2524 (3.7%), Sleep Powder: 2489 (3.6%), Vine Whip: 2138 (3.1%), Grass Knot: 1225 (1.8%), Wrap: 1158 (1.7%), Sunny Day: 733 (1.1%), Synthesis: 295 (0.4%), Struggle: 14 (0.0%), Natural Gift: 7 (0.0%)",24603,11626,2.12,7087,2.73,3.5,1.58,4827,3910,2041,1386,4.13,24205,"Pikachu: 512, Magikarp: 506, Zubat: 505","Golbat: 514, Staraptor: 394, Gyarados: 278",2,"Damage: 6421, Status: 2130, Hazard: 0, Weather: 1, Cleric: 0, Screen: 0, Pass: 0, Debuff: 125, Tailwind: 0",None
VILEPLUME,B,Disrupter,"Mega Drain: 23899 (29.2%), Stun Spore: 14404 (17.6%), Petal Dance: 8297 (10.1%), Aromatherapy: 7341 (9.0%), Giga Drain: 6330 (7.7%), Drain Punch: 5885 (7.2%), Poison Powder: 4211 (5.2%), Acid: 2228 (2.7%), Attract: 2192 (2.7%), Solar Beam: 2083 (2.5%), Sludge Bomb: 1452 (1.8%), Sleep Powder: 942 (1.2%), Sweet Scent: 885 (1.1%), Sunny Day: 813 (1.0%), Moonlight: 380 (0.5%), Toxic: 373 (0.5%), Struggle: 41 (0.1%)",16509,10094,1.64,5149,2.15,5.22,2.41,3027,6836,2873,427,-1.11,19867,"Magnemite: 455, Seaking: 371, Magikarp: 329","Staraptor: 339, Golbat: 311, Gyarados: 202",1,"Damage: 4325, Status: 3122, Hazard: 0, Weather: 5, Cleric: 5, Screen: 0, Pass: 0, Debuff: 10, Tailwind: 0",None
VOLBEAT,D-,Attacker,"Protect: 2679 (36.6%), Bug Buzz: 2259 (30.8%), Zen Headbutt: 2230 (30.5%), Helping Hand: 155 (2.1%)",1161,1419,0.82,92,0.88,5.02,1.77,246,272,234,460,3.04,2050,"Machoke: 50, Magnemite: 29, Butterfree: 25","Staraptor: 44, Gyarados: 35, Luxray: 28",0,"Damage: 91, Status: 0, Hazard: 0, Weather: 0, Cleric: 0, Screen: 0, Pass: 0, Debuff: 1, Tailwind: 0",None
VOLTORB,F+,Defender,"Rollout: 19974 (18.5%), Charge: 13709 (12.7%), Swift: 13163 (12.2%), Charge Beam: 11409 (10.6%), Sonic Boom: 8500 (7.9%), Tackle: 7753 (7.2%), Spark: 7005 (6.5%), Selfdestruct: 6400 (5.9%), Magnet Rise: 5914 (5.5%), Light Screen: 5521 (5.1%), Screech: 5016 (4.7%), Gyro Ball: 2339 (2.2%), Shock Wave: 768 (0.7%), Struggle: 292 (0.3%)",13581,43527,0.31,3998,0.4,5.84,2.97,4007,7255,4293,8431,0.88,24556,"Zubat: 429, Magikarp: 413, Magnemite: 318","Gyarados: 649, Staraptor: 619, Sneasel: 584",31,"Damage: 3821, Status: 1103, Hazard: 0, Weather: 0, Cleric: 0, Screen: 76, Pass: 0, Debuff: 196, Tailwind: 0",None
VULPIX,F+,All-Rounder,"Tail Whip: 4603 (21.9%), Quick Attack: 3120 (14.8%), Roar: 2568 (12.2%), Grudge: 2177 (10.3%), Ember: 2167 (10.3%), Extrasensory: 1578 (7.5%), Fire Blast: 1542 (7.3%), Will O Wisp: 1290 (6.1%), Payback: 1059 (5.0%), Fire Spin: 688 (3.3%), Captivate: 225 (1.1%), Struggle: 41 (0.2%)",1802,8682,0.21,954,0.32,3.39,1.6,547,1193,1064,364,1.9,9823,"Haunter: 81, Gastly: 71, Bellsprout: 54","Gyarados: 163, Staraptor: 145, Golbat: 125",11,"Damage: 873, Status: 213, Hazard: 0, Weather: 0, Cleric: 0, Screen: 0, Pass: 0, Debuff: 91, Tailwind: 0",None
WAILMER,B+,Defender,"Dive: 8522 (33.8%), Bounce: 7781 (30.9%), Amnesia: 4573 (18.2%), Hydro Pump: 4302 (17.1%), Struggle: 9 (0.0%)",5003,2427,2.06,1014,2.48,6.28,2.35,629,1666,7150,0,18.9,4748,"Magnemite: 112, Pikachu: 101, Clefairy: 89","Magneton: 57, Roserade: 56, Seaking: 48",0,"Damage: 1014, Status: 0, Hazard: 0, Weather: 0, Cleric: 0, Screen: 0, Pass: 0, Debuff: 0, Tailwind: 0",None
WAILORD,A+,All-Rounder,"Brine: 419 (37.4%), Earthquake: 309 (27.6%), Avalanche: 239 (21.3%), Water Spout: 154 (13.7%)",669,172,3.89,101,4.48,3.68,1.31,74,44,39,0,5.95,498,"Golbat: 45, Rapidash: 28, Magmar: 23","Alakazam: 11, Dragonite: 10, Heracross: 7",0,"Damage: 101, Status: 0, Hazard: 0, Weather: 0, Cleric: 0, Screen: 0, Pass: 0, Debuff: 0, Tailwind: 0",None
WALREIN,D,All-Rounder,"Blizzard: 130 (48.5%), Body Slam: 65 (24.3%), Swagger: 54 (20.1%), Hail: 19 (7.1%)",67,116,0.58,53,1.03,3.74,1.7,15,17,22,12,6.07,143,"Aerodactyl: 3, Gliscor: 3, Gengar: 2","Roserade: 8, Staraptor: 7, Heracross: 6",0,"Damage: 41, Status: 25, Hazard: 0, Weather: 8, Cleric: 0, Screen: 0, Pass: 0, Debuff: 0, Tailwind: 0",None
WARTORTLE,F+,Support,"Bite: 8298 (29.9%), Water Gun: 7153 (25.8%), Protect: 6671 (24.1%), Rapid Spin: 1830 (6.6%), Tail Whip: 1582 (5.7%), Hydro Pump: 1085 (3.9%), Swagger: 667 (2.4%), Ice Beam: 429 (1.5%)",2588,9025,0.29,692,0.36,5.4,2.44,1101,1080,1241,2064,4.27,8197,"Magnemite: 91, Kadabra: 65, Gastly: 58","Gyarados: 211, Golbat: 205, Seaking: 145",1,"Damage: 656, Status: 96, Hazard: 0, Weather: 0, Cleric: 0, Screen: 0, Pass: 0, Debuff: 99, Tailwind: 0",None
WEAVILE,S,Attacker,"Ice Shard: 4341 (22.7%), Night Slash: 3116 (16.3%), Faint Attack: 2317 (12.1%), Ice Punch: 2070 (10.8%), Avalanche: 2033 (10.6%), Slash: 1908 (10.0%), Dark Pulse: 1093 (5.7%), Metal Claw: 1062 (5.5%), Taunt: 902 (4.7%), Fake Out: 173 (0.9%), Aerial Ace: 92 (0.5%), X Scissor: 48 (0.3%), Low Kick: 4 (0.0%)",12442,1726,7.21,964,7.77,2.98,0.86,1386,260,446,472,7.86,7482,"Golbat: 198, Magnemite: 191, Clefairy: 181","Staraptor: 100, Heracross: 66, Magneton: 51",1,"Damage: 964, Status: 5, Hazard: 0, Weather: 0, Cleric: 0, Screen: 0, Pass: 0, Debuff: 0, Tailwind: 0",None
WEEDLE,F,All-Rounder,"Poison Sting: 8933 (45.1%), String Shot: 8036 (40.6%), Bug Bite: 2813 (14.2%), Struggle: 13 (0.1%)",765,11155,0.07,1944,0.24,3.14,1.49,686,1107,1238,2415,4.01,11714,"Magikarp: 70, Bellsprout: 47, Rattata: 36","Pikachu: 184, Golbat: 175, Clefairy: 171",0,"Damage: 1929, Status: 753, Hazard: 0, Weather: 0, Cleric: 0, Screen: 0, Pass: 0, Debuff: 30, Tailwind: 0",None
WEEPINBELL,D+,All-Rounder,"Sweet Scent: 10616 (34.8%), Razor Leaf: 8789 (28.8%), Gastro Acid: 5425 (17.8%), Acid: 5210 (17.1%), Knock Off: 418 (1.4%), Struggle: 7 (0.0%)",4612,6471,0.71,2263,1.06,4.75,2.58,1413,923,1196,353,5.31,8558,"Magikarp: 162, Zubat: 126, Pikachu: 118","Golbat: 191, Staraptor: 142, Gyarados: 134",0,"Damage: 2220, Status: 0, Hazard: 0, Weather: 0, Cleric: 0, Screen: 0, Pass: 0, Debuff: 43, Tailwind: 0",None
WEEZING,C-,All-Rounder,"Sludge: 26904 (27.7%), Double Hit: 22496 (23.1%), Smoke Screen: 14031 (14.4%), Assurance: 11256 (11.6%), Sludge Bomb: 6514 (6.7%), Explosion: 4563 (4.7%), Smog: 2681 (2.8%), Haze: 2122 (2.2%), Flamethrower: 1934 (2.0%), Tackle: 1390 (1.4%), Selfdestruct: 1317 (1.4%), Thunder: 849 (0.9%), Thunderbolt: 751 (0.8%), Toxic: 477 (0.5%)",22037,22809,0.97,4374,1.16,4.48,2.16,4579,5520,11696,7471,9.95,30847,"Pikachu: 443, Golbat: 424, Seaking: 410","Staraptor: 491, Mr Mime: 379, Gyarados: 377",10,"Damage: 4298, Status: 1968, Hazard: 0, Weather: 0, Cleric: 0, Screen: 0, Pass: 0, Debuff: 0, Tailwind: 0",None
WHISCASH,S-,Attacker / Weather,"Water Pulse: 6281 (24.3%), Aqua Tail: 5359 (20.7%), Earth Power: 4778 (18.5%), Zen Headbutt: 4170 (16.1%), Magnitude: 3952 (15.3%), Sandstorm: 1296 (5.0%)",13054,2555,5.11,1316,5.62,3.33,1.36,1419,1249,676,1147,3.06,8773,"Magnemite: 271, Magikarp: 242, Pikachu: 232","Gyarados: 73, Staraptor: 64, Roserade: 58",0,"Damage: 979, Status: 93, Hazard: 0, Weather: 791, Cleric: 0, Screen: 0, Pass: 0, Debuff: 1, Tailwind: 0",None
WHISMUR,F-,Attacker,"Screech: 9812 (35.2%), Roar: 6524 (23.4%), Rest: 6433 (23.1%), Sleep Talk: 4939 (17.7%), Struggle: 194 (0.7%)",111,2681,0.04,2,0.04,13.79,8.11,13,2089,1290,0,-2.69,2801,"Magikarp: 23, Geodude: 14, Croagunk: 7","Staraptor: 49, Pikachu: 45, Golbat: 44",0,"Damage: 2, Status: 0, Hazard: 0, Weather: 0, Cleric: 0, Screen: 0, Pass: 0, Debuff: 0, Tailwind: 0",None
WIGGLYTUFF,D+,Defender,"Defense Curl: 19892 (25.0%), Disable: 16907 (21.2%), Sing: 13576 (17.1%), Double Slap: 10485 (13.2%), Pound: 9549 (12.0%), Hyper Voice: 4794 (6.0%), Shadow Ball: 2073 (2.6%), Reflect: 1214 (1.5%), Light Screen: 905 (1.1%), Struggle: 193 (0.2%)",6698,8372,0.8,2125,1.05,8.17,3.18,1466,13344,2649,108,-11.21,11635,"Magikarp: 248, Zubat: 184, Rattata: 161","Staraptor: 173, Gyarados: 136, Golbat: 129",0,"Damage: 1869, Status: 1075, Hazard: 0, Weather: 0, Cleric: 0, Screen: 133, Pass: 0, Debuff: 14, Tailwind: 0",None
WINGULL,D+,All-Rounder,"Pursuit: 19625 (24.4%), Agility: 15134 (18.8%), Quick Attack: 12916 (16.0%), Aerial Ace: 10171 (12.6%), Roost: 9272 (11.5%), Wing Attack: 5884 (7.3%), Water Pulse: 5558 (6.9%), Supersonic: 1934 (2.4%), Struggle: 10 (0.0%)",9025,16495,0.55,8446,1.06,4.62,2.4,3186,1594,3342,770,5.9,20969,"Magikarp: 476, Zubat: 383, Geodude: 294","Golbat: 394, Gyarados: 343, Magnemite: 336",9,"Damage: 8387, Status: 656, Hazard: 0, Weather: 0, Cleric: 0, Screen: 0, Pass: 0, Debuff: 0, Tailwind: 0",None
WOBBUFFET,B+,Defender,"Counter: 19469 (40.1%), Mirror Coat: 19395 (40.0%), Safeguard: 7463 (15.4%), Encore: 1827 (3.8%), Struggle: 359 (0.7%), Destiny Bond: 11 (0.0%)",2712,1617,1.68,1045,2.32,18.44,11.03,19,700,2203,0,3.0,2994,"Magikarp: 64, Magnemite: 59, Geodude: 51","Gyarados: 30, Heracross: 29, Seaking: 26",0,"Damage: 1045, Status: 0, Hazard: 0, Weather: 0, Cleric: 0, Screen: 0, Pass: 0, Debuff: 0, Tailwind: 0",None
WOOPER,F+,All-Rounder,"Mud Shot: 6004 (21.9%), Slam: 5866 (21.4%), Water Gun: 5351 (19.5%), Mud Bomb: 3695 (13.5%), Amnesia: 2610 (9.5%), Tail Whip: 2526 (9.2%), Mud Sport: 1175 (4.3%), Struggle: 177 (0.6%)",2233,7742,0.29,777,0.39,4.23,1.91,1048,3648,1750,5156,-2.83,8771,"Magikarp: 206, Geodude: 153, Rattata: 87","Staraptor: 137, Clefairy: 119, Gyarados: 116",1,"Damage: 777, Status: 0, Hazard: 0, Weather: 0, Cleric: 0, Screen: 0, Pass: 0, Debuff: 54, Tailwind: 0",None
WORMADAM,F+,Attacker,"Protect: 7391 (30.3%), Bug Bite: 5928 (24.3%), Confusion: 5587 (22.9%), Hidden Power: 5470 (22.4%), Struggle: 1 (0.0%)",2039,6580,0.31,161,0.33,10.17,5.7,980,691,1008,470,5.19,2969,"Magikarp: 81, Geodude: 62, Zubat: 62","Golbat: 161, Gyarados: 145, Staraptor: 117",1,"Damage: 161, Status: 72, Hazard: 0, Weather: 0, Cleric: 0, Screen: 0, Pass: 0, Debuff: 0, Tailwind: 0",None
WURMPLE,F,All-Rounder,"Tackle: 5635 (38.5%), String Shot: 5388 (36.8%), Poison Sting: 3614 (24.7%), Struggle: 1 (0.0%)",348,8423,0.04,1357,0.2,2.78,1.45,490,1072,931,955,2.12,8783,"Magikarp: 47, Bellsprout: 37, Rattata: 35","Golbat: 148, Geodude: 134, Pikachu: 130",0,"Damage: 1339, Status: 432, Hazard: 0, Weather: 0, Cleric: 0, Screen: 0, Pass: 0, Debuff: 51, Tailwind: 0",None
XATU,B+,Defender,"Me First: 25271 (17.5%), Wish: 24107 (16.7%), Future Sight: 22701 (15.7%), Ominous Wind: 22237 (15.4%), Fly: 13973 (9.7%), Psychic: 10572 (7.3%), Tailwind: 9652 (6.7%), Confuse Ray: 5790 (4.0%), Power Swap: 2907 (2.0%), Guard Swap: 2688 (1.9%), Psycho Shift: 2077 (1.4%), U Turn: 999 (0.7%), Night Shade: 870 (0.6%), Aerial Ace: 423 (0.3%), Struggle: 296 (0.2%), Shadow Ball: 131 (0.1%), Quick Attack: 34 (0.0%)",21889,14438,1.52,13865,2.48,6.06,2.72,3219,2190,9938,3017,7.05,27716,"Magikarp: 500, Zubat: 475, Machop: 408","Sneasel: 363, Staraptor: 352, Gyarados: 345",1,"Damage: 12926, Status: 3100, Hazard: 0, Weather: 0, Cleric: 471, Screen: 0, Pass: 0, Debuff: 66, Tailwind: 102",None
YANMA,F,All-Rounder,"Detect: 3773 (27.0%), Pursuit: 3257 (23.3%), Uproar: 2184 (15.6%), Quick Attack: 1541 (11.0%), Sonic Boom: 1261 (9.0%), Double Team: 1153 (8.2%), Supersonic: 826 (5.9%)",892,3996,0.22,329,0.31,4.6,1.55,435,718,972,0,4.6,4512,"Zubat: 37, Croagunk: 21, Machoke: 20","Golbat: 107, Gyarados: 84, Sneasel: 72",4,"Damage: 325, Status: 36, Hazard: 0, Weather: 0, Cleric: 0, Screen: 0, Pass: 0, Debuff: 0, Tailwind: 0",None
YANMEGA,A+,All-Rounder,"Air Slash: 6150 (27.3%), Bug Buzz: 4069 (18.0%), U Turn: 2720 (12.1%), Pursuit: 2317 (10.3%), Double Team: 2122 (9.4%), Slash: 1561 (6.9%), Ancient Power: 1380 (6.1%), Uproar: 1268 (5.6%), Supersonic: 485 (2.2%), Screech: 337 (1.5%), Detect: 138 (0.6%)",10648,2599,4.1,1588,4.71,3.27,0.86,1274,823,1411,645,7.73,8709,"Gyarados: 183, Golbat: 182, Magnemite: 178","Staraptor: 125, Gyarados: 60, Golbat: 60",0,"Damage: 1571, Status: 80, Hazard: 0, Weather: 0, Cleric: 0, Screen: 0, Pass: 0, Debuff: 34, Tailwind: 0",None
ZANGOOSE,S-,All-Rounder,"Close Combat: 3178 (31.3%), X Scissor: 2724 (26.8%), False Swipe: 2517 (24.8%), Detect: 1732 (17.1%)",5386,1096,4.91,760,5.61,3.26,0.86,528,111,202,0,5.98,3681,"Magnemite: 99, Clefairy: 99, Golbat: 93","Heracross: 48, Staraptor: 44, Machamp: 32",0,"Damage: 760, Status: 0, Hazard: 0, Weather: 0, Cleric: 0, Screen: 0, Pass: 0, Debuff: 0, Tailwind: 0",None
ZIGZAGOON,C-,All-Rounder,"Iron Tail: 6305 (33.7%), Secret Power: 5839 (31.2%), Belly Drum: 3510 (18.8%), Rest: 2169 (11.6%), Flail: 764 (4.1%), Return: 121 (0.6%), Struggle: 4 (0.0%)",4774,4151,1.15,810,1.35,3.81,1.87,675,1800,721,751,-2.18,6308,"Magikarp: 170, Zubat: 141, Geodude: 133","Staraptor: 101, Golbat: 98, Gyarados: 98",0,"Damage: 709, Status: 0, Hazard: 0, Weather: 0, Cleric: 0, Screen: 0, Pass: 0, Debuff: 104, Tailwind: 0",None
ZUBAT,F+,Disrupter,"Bite: 42681 (18.7%), Wing Attack: 41011 (18.0%), Supersonic: 35318 (15.5%), Leech Life: 35112 (15.4%), Astonish: 29647 (13.0%), Confuse Ray: 16095 (7.1%), Air Cutter: 15677 (6.9%), Mean Look: 6553 (2.9%), Poison Fang: 3088 (1.4%), Giga Drain: 1158 (0.5%), Toxic: 1146 (0.5%), Struggle: 202 (0.1%)",20153,94730,0.21,15112,0.37,3.99,1.79,10879,23859,13285,18898,0.04,92633,"Magikarp: 1209, Zubat: 798, Rattata: 695","Magnemite: 1707, Staraptor: 1597, Golbat: 1587",29,"Damage: 14004, Status: 8823, Hazard: 0, Weather: 0, Cleric: 0, Screen: 0, Pass: 0, Debuff: 0, Tailwind: 0",None
