Rank,Trainer_Key,Display_Name,Class,Match_Wins,Match_Losses,Match_Win_Rate,Game_Wins,Game_Losses,Elo,Tier,Greatest_Win,Worst_Loss,Longest_Match_Vs,Average_Turns,Team_and_Movesets
1,champion_lance_rematch_1,Champion Lance Rematch,Trainerclass Champion,653,4,0.994,1320,22,2218.0,S+,Leader Blue (Elo 2231.1),Leader Brock (Elo 2027.6),Leader Bugsy Rematch (7 games),5.01,Salamence @ Lum Berry Lv100 (Intimidate): Flamethrower/Shadow Claw/Dragon Claw/Rest | Gyarados Lv100 (Intimidate): Thunder Wave/Ice Fang/Waterfall/Dragon Dance | Garchomp Lv100 (Sand Veil): Swords Dance/Outrage/Earthquake/Roar | Altaria Lv100 (Natural Cure): Perish Song/Dragon Breath/Double Team/Hyper Beam | Charizard Lv100 (Blaze): Flamethrower/Air Slash/Dragon Claw/Hyper Beam | Dragonite @ Sitrus Berry Lv100 (Inner Focus): Fire Blast/Safeguard/Draco Meteor/Hyper Beam
2,leader_blue_blue,Leader Blue,Trainerclass Leader Blue,652,5,0.992,1317,22,2231.1,S+,Leader Blue Rematch (Elo 2226.9),Rival Silver Typhlosion (DD) (Elo 2110.0),Leader Bugsy Rematch (7 games),5.28,Exeggutor Lv100 (Chlorophyll): Leaf Storm/Psychic/Hypnosis/Trick Room | Arcanine Lv100 (Intimidate): Roar/Dragon Pulse/Flare Blitz/Extreme Speed | Rhydon Lv100 (Rock Head): Megahorn/Stone Edge/Thunder Fang/Earthquake | Gyarados Lv100 (Intimidate): Ice Fang/Waterfall/Dragon Dance/Return | Machamp Lv100 (No Guard): Dynamic Punch/Earthquake/Stone Edge/Thunder Punch | Pidgeot @ Sitrus Berry Lv100 (Tangled Feet): Return/Whirlwind/Air Slash/Mirror Move
3,leader_blue_blue_rematch_1,Leader Blue Rematch,Trainerclass Leader Blue,652,5,0.992,1310,16,2226.9,S+,Champion Lance (Elo 2221.8),Leader Misty (Elo 2122.8),Leader Clair & Champion Lance (DD) (7 games),4.8,Exeggutor Lv100 (Chlorophyll): Leaf Storm/Psychic/Explosion/Trick Room | Machamp @ Iron Ball Lv100 (No Guard): Dynamic Punch/Stone Edge/Fling/Attract | Rhyperior Lv100 (Solid Rock): Megahorn/Stone Edge/Thunder Fang/Earthquake | Arcanine Lv100 (Flash Fire): Flare Blitz/Extreme Speed/Thunder Fang/Crunch | Tyranitar Lv100 (Sand Stream): Low Kick/Fire Fang/Rock Slide/Earthquake | Pidgeot @ Sitrus Berry Lv100 (Tangled Feet): Return/Double Team/Air Slash/Steel Wing
4,leader_misty_misty_rematch_1,Leader Misty Rematch,Trainerclass Leader Misty,651,6,0.991,1310,23,2223.5,S+,Leader Blue (Elo 2231.1),Leader Erika Rematch (Elo 2131.1),Elite Four Koga Rematch (7 games),4.99,Starmie @ Colbur Berry Lv100 (Natural Cure): Thunderbolt/Psychic/Ice Beam/Surf | Quagsire Lv100 (Water Absorb): Water Pulse/Amnesia/Earthquake/Rain Dance | Lapras Lv100 (Shell Armor): Surf/Perish Song/Blizzard/Rain Dance | Lanturn Lv100 (Illuminate): Confuse Ray/Thunderbolt/Surf/Thunder Wave | Floatzel Lv100 (Swift Swim): Agility/Ice Fang/Waterfall/Baton Pass | Milotic Lv100 (Marvel Scale): Hydro Pump/Ice Beam/Rest/Sleep Talk
5,champion_lance,Champion Lance,Trainerclass Champion,651,6,0.991,1309,19,2221.8,S+,Leader Blue (Elo 2231.1),Leader Brock Rematch (Elo 2145.4),Pokemon Trainer Red (4 games),5.86,Gyarados Lv100 (Intimidate): Flail/Dragon Pulse/Waterfall/Ice Fang | Dragonite Lv100 (Inner Focus): Thunder Wave/Dragon Rush/Thunder/Hyper Beam | Dragonite Lv100 (Inner Focus): Thunder Wave/Dragon Rush/Blizzard/Hyper Beam | Aerodactyl Lv100 (Pressure): Aerial Ace/Crunch/Rock Slide/Thunder Fang | Charizard Lv100 (Blaze): Shadow Claw/Air Slash/Dragon Claw/Fire Fang | Dragonite @ Sitrus Berry Lv100 (Inner Focus): Fire Blast/Safeguard/Outrage/Hyper Beam
6,leader_clair_clair_rematch_1,Leader Clair Rematch,Trainerclass Leader Clair,648,9,0.986,1306,28,2207.4,S,Champion Lance (Elo 2221.8),Elite Four Bruno (Elo 2136.8),Pokemon Trainer Red (6 games),5.32,Gyarados @ Wacan Berry Lv100 (Intimidate): Dragon Dance/Earthquake/Waterfall/Dragon Pulse | Dragonair Lv100 (Shed Skin): Thunder Wave/Dragon Rush/Thunderbolt/Flamethrower | Aerodactyl Lv100 (Rock Head): Earthquake/Thunder Fang/Rock Slide/Roar | Kingdra Lv100 (Sniper): Yawn/Hydro Pump/Ice Beam/Dragon Breath | Charizard Lv100 (Blaze): Shadow Claw/Air Slash/Dragon Claw/Fire Fang | Dragonite @ Sitrus Berry Lv100 (Inner Focus): Thunder/Safeguard/Dragon Breath/Hyper Beam
7,pkmn_trainer_red_red_0260,Pokemon Trainer Red,Trainerclass Pkmn Trainer Red,647,10,0.985,1304,33,2215.9,S+,Leader Misty Rematch (Elo 2223.5),Elite Four Koga Rematch (Elo 2146.5),Elite Four Karen Rematch (7 games),5.03,Pikachu @ Light Ball Lv100 (Static): Volt Tackle/Iron Tail/Quick Attack/Thunderbolt | Lapras Lv100 (Shell Armor): Blizzard/Brine/Psychic/Body Slam | Snorlax Lv100 (Thick Fat): Shadow Ball/Crunch/Blizzard/Giga Impact | Venusaur Lv100 (Overgrow): Sludge Bomb/Giga Drain/Sleep Powder/Frenzy Plant | Charizard Lv100 (Blaze): Flare Blitz/Air Slash/Blast Burn/Dragon Pulse | Blastoise Lv100 (Torrent): Focus Blast/Hydro Cannon/Blizzard/Flash Cannon
8,leader_pryce_pryce_rematch_1,Leader Pryce Rematch,Trainerclass Leader Pryce,647,10,0.985,1305,32,2209.8,S+,Leader Blue (Elo 2231.1),Leader Erika Rematch (Elo 2131.1),Rival Silver Meganium (PKMN League) (7 games),4.59,Abomasnow Lv100 (Snow Warning): Ice Shard/Wood Hammer/Earthquake/Blizzard | Dewgong @ Lum Berry Lv100 (Thick Fat): Dive/Sheer Cold/Sleep Talk/Rest | Glalie Lv100 (Inner Focus): Payback/Torment/Attract/Blizzard | Froslass Lv100 (Snow Cloak): Ice Shard/Confuse Ray/Attract/Blizzard | Walrein Lv100 (Ice Body): Hail/Body Slam/Swagger/Blizzard | Mamoswine @ Sitrus Berry Lv100 (Snow Cloak): Earthquake/Avalanche/Stone Edge/Double Team
9,leader_clair_clair_dd_and_champion_lance_dd,Leader Clair & Champion Lance (DD),Trainerclass Leader Clair,645,12,0.982,1305,38,2193.2,S,Leader Blue Rematch (Elo 2226.9),Leader Brock Rematch (Elo 2145.4),Leader Blue Rematch (7 games),3.8,Dragonair Lv100 (Shed Skin): Thunder Wave/Dragon Rush/Thunderbolt/Flamethrower | Gyarados Lv100 (Intimidate): Thunder Wave/Ice Fang/Waterfall/Dragon Dance | Kingdra Lv100 (Sniper): Yawn/Hydro Pump/Ice Beam/Dragon Breath | Charizard Lv100 (Blaze): Flamethrower/Air Slash/Dragon Claw/Hyper Beam | Dragonite Lv100 (Inner Focus): Thunder/Protect/Dragon Breath/Hyper Beam | Dragonite Lv100 (Inner Focus): Fire Punch/Safeguard/Draco Meteor/Hyper Beam
10,rival_silver_feraligatr_pkmn_league,Rival Silver Feraligatr (PKMN League),Trainerclass Rival,644,13,0.98,1305,43,2208.8,S,Leader Misty Rematch (Elo 2223.5),Leader Lt. Surge (Elo 2062.2),Pokemon Trainer Red (7 games),7.16,Sneasel Lv100 (Inner Focus): Icy Wind/Shadow Claw/Faint Attack/Metal Claw | Crobat Lv100 (Inner Focus): Toxic/Bite/Confuse Ray/Air Cutter | Magneton Lv100 (Magnet Pull): Discharge/Mirror Shot/Thunder Wave/Magnet Bomb | Gengar Lv100 (Levitate): Dark Pulse/Sludge Bomb/Shadow Ball/Confuse Ray | Alakazam Lv100 (Synchronize): Recover/Focus Blast/Psychic/Reflect | Feraligatr Lv100 (Torrent): Crunch/Aqua Tail/Slash/Ice Fang
11,rival_silver_typhlosion_pkmn_league,Rival Silver Typhlosion (PKMN League),Trainerclass Rival,644,13,0.98,1303,40,2187.3,S,Leader Misty Rematch (Elo 2223.5),Leader Brock (Elo 2027.6),Leader Misty Rematch (7 games),7.25,Sneasel Lv100 (Inner Focus): Icy Wind/Shadow Claw/Faint Attack/Metal Claw | Crobat Lv100 (Inner Focus): Toxic/Bite/Confuse Ray/Air Cutter | Magneton Lv100 (Magnet Pull): Discharge/Mirror Shot/Thunder Wave/Magnet Bomb | Gengar Lv100 (Levitate): Dark Pulse/Sludge Bomb/Shadow Ball/Confuse Ray | Alakazam Lv100 (Synchronize): Recover/Focus Blast/Psychic/Reflect | Typhlosion Lv100 (Blaze): Rollout/Flamethrower/Will O Wisp/Swift
12,leader_sabrina_sabrina_rematch_1,Leader Sabrina Rematch,Trainerclass Leader Sabrina,643,14,0.979,1303,44,2191.9,S,Pokemon Trainer Red (Elo 2215.9),Leader Sabrina (Elo 2094.5),Elite Four Will Rematch (7 games),4.92,Alakazam Lv100 (Synchronize): Gravity/Focus Blast/Energy Ball/Psychic | Espeon Lv100 (Synchronize): Calm Mind/Baton Pass/Shadow Ball/Psychic | Mr Mime Lv100 (Filter): Reflect/Skill Swap/Thunder/Psychic | Jynx Lv100 (Forewarn): Blizzard/Perish Song/Psychic/Focus Blast | Wobbuffet Lv100 (Shadow Tag): Counter/Mirror Coat/Destiny Bond/Encore | Gallade @ Sitrus Berry Lv100 (Steadfast): Close Combat/Psycho Cut/Night Slash/Stone Edge
13,rival_silver_meganium_pkmn_league,Rival Silver Meganium (PKMN League),Trainerclass Rival,643,14,0.979,1298,38,2184.4,S,Leader Misty Rematch (Elo 2223.5),Ace Trainer Reena Rematch 3 (Elo 2065.6),Leader Lt. Surge Rematch (7 games),6.83,Sneasel Lv100 (Inner Focus): Icy Wind/Shadow Claw/Faint Attack/Metal Claw | Crobat Lv100 (Inner Focus): Toxic/Bite/Confuse Ray/Air Cutter | Magneton Lv100 (Magnet Pull): Discharge/Mirror Shot/Thunder Wave/Magnet Bomb | Gengar Lv100 (Levitate): Dark Pulse/Sludge Bomb/Shadow Ball/Confuse Ray | Alakazam Lv100 (Synchronize): Recover/Focus Blast/Psychic/Reflect | Meganium Lv100 (Overgrow): Petal Dance/Body Slam/Light Screen/Synthesis
14,elite_four_will_will_rematch_1,Elite Four Will Rematch,Trainerclass Elite Four Will,641,16,0.976,1306,59,2192.2,S,Leader Blue (Elo 2231.1),Leader Sabrina (Elo 2094.5),Rival Silver Typhlosion (Mt. Moon) (7 games),8.37,Bronzong Lv100 (Heatproof): Reflect/Payback/Gravity/Psychic | Jynx Lv100 (Forewarn): Fake Tears/Lovely Kiss/Blizzard/Dream Eater | Grumpig Lv100 (Own Tempo): Confuse Ray/Signal Beam/Power Gem/Psychic | Slowbro Lv100 (Own Tempo): Curse/Amnesia/Body Slam/Psychic | Gardevoir Lv100 (Trace): Focus Blast/Charge Beam/Calm Mind/Psychic | Xatu @ Sitrus Berry Lv100 (Early Bird): Quick Attack/Shadow Ball/Confuse Ray/Psychic
15,leader_lt_surge_lt_surge_rematch_1,Leader Lt. Surge Rematch,Trainerclass Leader Lt Surge,640,17,0.974,1294,49,2180.6,S,Champion Lance (Elo 2221.8),Leader Janine (Elo 2090.3),Rival Silver Meganium (PKMN League) (7 games),7.72,Raichu Lv100 (Static): Thunder Wave/Quick Attack/Thunderbolt/Grass Knot | Manectric @ Pinap Berry Lv100 (Static): Thunder Wave/Natural Gift/Discharge/Overheat | Magnezone Lv100 (Magnet Pull): Thunderbolt/Double Team/Magnet Rise/Mirror Shot | Electrode Lv100 (Static): Thunder Wave/Double Team/Thunderbolt/Explosion | Pachirisu Lv100 (Pickup): Quick Attack/Super Fang/Discharge/Sweet Kiss | Electivire @ Sitrus Berry Lv100 (Motor Drive): Thunderbolt/Cross Chop/Ice Punch/Earthquake
16,elite_four_karen_karen_rematch_1,Elite Four Karen Rematch,Trainerclass Elite Four Karen,640,17,0.974,1294,46,2177.9,S,Leader Misty Rematch (Elo 2223.5),Leader Misty (Elo 2122.8),Leader Misty Rematch (7 games),5.56,Weavile Lv100 (Pressure): Ice Shard/Night Slash/Ice Punch/Low Kick | Spiritomb Lv100 (Pressure): Curse/Confuse Ray/Pain Split/Sucker Punch | Absol Lv100 (Super Luck): Night Slash/Psycho Cut/Detect/Perish Song | Honchkrow Lv100 (Super Luck): Drill Peck/Whirlwind/Sucker Punch/Thunder Wave | Houndoom Lv100 (Flash Fire): Nasty Plot/Dark Pulse/Flamethrower/Sludge Bomb | Umbreon @ Sitrus Berry Lv100 (Synchronize): Curse/Payback/Confuse Ray/Sucker Punch
17,leader_blaine_blaine_rematch_1,Leader Blaine Rematch,Trainerclass Leader Blaine,640,17,0.974,1292,47,2164.9,S,Leader Pryce Rematch (Elo 2209.8),Fisherman Tully Rematch 3 (Elo 1826.2),Rival Silver Feraligatr (DD) (7 games),8.08,Torkoal Lv100 (White Smoke): Sunny Day/Yawn/Body Slam/Overheat | Camerupt Lv100 (Solid Rock): Earthquake/Eruption/Solar Beam/Sunny Day | Rapidash Lv100 (Flash Fire): Megahorn/Quick Attack/Overheat/Flare Blitz | Magcargo Lv100 (Flame Body): Curse/Gyro Ball/Overheat/Stone Edge | Houndoom Lv100 (Flash Fire): Shadow Ball/Dark Pulse/Flamethrower/Sucker Punch | Magmortar Lv100 (Flame Body): Thunderbolt/Low Kick/Flamethrower/Confuse Ray
18,leader_bugsy_bugsy_rematch_1,Leader Bugsy Rematch,Trainerclass Leader Bugsy,639,18,0.973,1292,49,2179.4,S,Leader Blue (Elo 2231.1),Leader Blaine (Elo 2060.8),Leader Falkner Rematch (7 games),5.42,Scizor @ Sitrus Berry Lv100 (Technician): Bullet Punch/X Scissor/Swords Dance/Superpower | Shedinja Lv100 (Wonder Guard): Toxic/X Scissor/Shadow Sneak/Swagger | Yanmega Lv100 (Tinted Lens): Detect/Bug Buzz/Air Slash/Ancient Power | Pinsir Lv100 (Mold Breaker): Earthquake/Guillotine/X Scissor/Rock Tomb | Heracross Lv100 (Guts): Close Combat/Megahorn/Stone Edge/Counter | Vespiquen @ Sitrus Berry Lv100 (Pressure): Protect/Confuse Ray/Attack Order/Defend Order
19,leader_jasmine_jasmine_rematch_1,Leader Jasmine Rematch,Trainerclass Leader Jasmine,639,18,0.973,1289,47,2171.1,S,Leader Blue (Elo 2231.1),Ace Trainer Salma (Elo 2029.7),Rival Silver Typhlosion (Mt. Moon) (6 games),8.41,Metagross Lv100 (Clear Body): Meteor Mash/Bullet Punch/Gravity/Explosion | Magnezone Lv100 (Sturdy): Zap Cannon/Lock On/Mirror Coat/Metal Sound | Skarmory Lv100 (Sturdy): Air Slash/Spikes/Night Slash/Steel Wing | Bronzong Lv100 (Heatproof): Gyro Ball/Hypnosis/Dream Eater/Gravity | Empoleon Lv100 (Torrent): Hydro Pump/Blizzard/Aqua Jet/Roar | Steelix Lv100 (Sturdy): Stone Edge/Stealth Rock/Roar/Iron Tail
20,leader_whitney_whitney_rematch_1,Leader Whitney Rematch,Trainerclass Leader Whitney,638,19,0.971,1292,55,2166.8,S,Leader Blue Rematch (Elo 2226.9),Elite Four Koga (Elo 2069.6),Leader Clair & Champion Lance (DD) (7 games),6.59,Girafarig Lv100 (Inner Focus): Psychic/Shadow Ball/Calm Mind/Baton Pass | Lickilicky Lv100 (Own Tempo): Wring Out/Flamethrower/Ice Beam/Thunderbolt | Bibarel Lv100 (Simple): Double Team/Charge Beam/Surf/Ice Beam | Delcatty Lv100 (Normalize): Fake Out/Assist/Calm Mind/Baton Pass | Clefable Lv100 (Magic Guard): Blizzard/Thunder/Fire Blast/Calm Mind | Miltank @ Lum Berry Lv100 (Scrappy): Body Slam/Attract/Sleep Talk/Rest
21,elite_four_bruno_bruno_rematch_1,Elite Four Bruno Rematch,Trainerclass Elite Four Bruno,637,20,0.97,1282,48,2167.7,S,Leader Pryce Rematch (Elo 2209.8),Leader Erika (Elo 2022.2),Leader Janine Rematch (6 games),6.99,Hitmontop Lv100 (Technician): Counter/Quick Attack/Close Combat/Earthquake | Hitmonlee Lv100 (Reckless): Swagger/Close Combat/Reversal/Blaze Kick | Hitmonchan Lv100 (Iron Fist): Substitute/Drain Punch/Close Combat/Bullet Punch | Hariyama @ Sitrus Berry Lv100 (Guts): Low Kick/Payback/Bullet Punch/Bulk Up | Machamp Lv100 (No Guard): Bullet Punch/Foresight/Stone Edge/Dynamic Punch | Lucario Lv100 (Inner Focus): Extreme Speed/Close Combat/Counter/Iron Tail
22,leader_janine_janine_rematch_1,Leader Janine Rematch,Trainerclass Leader Janine,636,21,0.968,1285,55,2170.0,S,Leader Misty Rematch (Elo 2223.5),Leader Brock (Elo 2027.6),Rival Silver Typhlosion (DD) (6 games),7.35,Crobat Lv100 (Inner Focus): Heat Wave/Cross Poison/Confuse Ray/U Turn | Weezing Lv100 (Levitate): Thunderbolt/Sludge Bomb/Toxic/Explosion | Toxicroak Lv100 (Dry Skin): Cross Chop/Poison Jab/Attract/Substitute | Ariados Lv100 (Insomnia): Toxic/Bounce/Swagger/Night Shade | Venomoth @ Sitrus Berry Lv100 (Tinted Lens): Sleep Powder/Double Team/Bug Buzz/Psychic | Drapion Lv100 (Sniper): Cross Poison/Confuse Ray/Crunch/Swords Dance
23,rival_silver_typhlosion_mt_moon,Rival Silver Typhlosion (Mt. Moon),Trainerclass Rival,636,21,0.968,1287,57,2160.2,S,Elite Four Will Rematch (Elo 2192.2),Leader Brock (Elo 2027.6),Elite Four Will Rematch (7 games),7.21,Sneasel Lv100 (Inner Focus): Quick Attack/Icy Wind/Faint Attack/Shadow Claw | Golbat Lv100 (Inner Focus): Poison Fang/Bite/Confuse Ray/Air Cutter | Magneton Lv100 (Magnet Pull): Discharge/Supersonic/Thunder Wave/Magnet Bomb | Gengar Lv100 (Levitate): Mean Look/Curse/Shadow Ball/Confuse Ray | Alakazam Lv100 (Synchronize): Disable/Recover/Reflect/Psychic | Typhlosion Lv100 (Blaze): Flamethrower/Quick Attack/Flame Wheel/Swift
24,elite_four_karen_karen,Elite Four Karen,Trainerclass Elite Four Karen,634,23,0.965,1290,66,2154.8,S,Pokemon Trainer Red (Elo 2215.9),Leader Lt. Surge (Elo 2062.2),Rival Silver Feraligatr (DD) (7 games),13.2,Umbreon Lv100 (Synchronize): Double Team/Confuse Ray/Faint Attack/Payback | Vileplume Lv100 (Chlorophyll): Stun Spore/Acid/Moonlight/Petal Dance | Gengar Lv100 (Levitate): Lick/Spite/Focus Blast/Destiny Bond | Murkrow Lv100 (Super Luck): Pluck/Whirlwind/Sucker Punch/Faint Attack | Houndoom @ Sitrus Berry Lv100 (Flash Fire): Nasty Plot/Dark Pulse/Flamethrower/Crunch
25,leader_falkner_falkner_rematch_1,Leader Falkner Rematch,Trainerclass Leader Falkner,633,24,0.963,1287,70,2148.2,S,Elite Four Will Rematch (Elo 2192.2),Kimono Girl Sayo (Elo 1755.5),Leader Bugsy Rematch (7 games),5.46,Staraptor Lv100 (Intimidate): Attract/Brave Bird/Close Combat/U Turn | Noctowl Lv100 (Insomnia): Roost/Air Slash/Shadow Ball/Feather Dance | Swellow @ Flame Orb Lv100 (Guts): Facade/Protect/Double Team/Endeavor | Honchkrow Lv100 (Insomnia): Night Slash/Sucker Punch/Thunder Wave/Dark Pulse | Pelipper Lv100 (Keen Eye): Surf/Tailwind/Ice Beam/Hidden Power | Pidgeot Lv100 (Keen Eye): Return/Double Team/Swagger/Roost
26,elite_four_koga_koga_rematch_1,Elite Four Koga Rematch,Trainerclass Elite Four Koga,633,24,0.963,1282,64,2146.5,S,Leader Misty Rematch (Elo 2223.5),Leader Brock (Elo 2027.6),Leader Misty Rematch (7 games),11.82,Skuntank Lv100 (Aftermath): Sucker Punch/Dig/Toxic/Explosion | Venomoth Lv100 (Tinted Lens): Double Team/Baton Pass/Psychic/Silver Wind | Toxicroak Lv100 (Dry Skin): Cross Chop/X Scissor/Swagger/Gunk Shot | Muk @ Black Sludge Lv100 (Sticky Hold): Minimize/Screech/Swagger/Toxic | Crobat Lv100 (Inner Focus): Toxic/Mean Look/Fly/Cross Poison | Swalot @ Leftovers Lv100 (Sticky Hold): Yawn/Amnesia/Pain Split/Sludge Bomb
27,leader_morty_morty_rematch_1,Leader Morty Rematch,Trainerclass Leader Morty,632,25,0.962,1277,63,2161.4,S,Leader Blue (Elo 2231.1),Ace Trainer Shaye (Elo 2025.1),Rival Silver Typhlosion (VR) (6 games),7.29,Drifblim @ Sitrus Berry Lv100 (Unburden): Destiny Bond/Substitute/Thunderbolt/Shadow Ball | Dusknoir Lv100 (Pressure): Pain Split/Will O Wisp/Substitute/Payback | Sableye Lv100 (Stall): Sucker Punch/Brick Break/Ice Punch/Fake Out | Mismagius Lv100 (Levitate): Perish Song/Mean Look/Confuse Ray/Astonish | Gengar Lv100 (Levitate): Hypnosis/Confuse Ray/Shadow Ball/Focus Blast | Gengar Lv100 (Levitate): Substitute/Shadow Ball/Thunderbolt/Destiny Bond
28,rival_silver_feraligatr_mt_moon,Rival Silver Feraligatr (Mt. Moon),Trainerclass Rival,631,26,0.96,1285,74,2148.3,S,Leader Blue (Elo 2231.1),Leader Blaine (Elo 2060.8),Leader Misty (7 games),7.25,Sneasel Lv100 (Inner Focus): Quick Attack/Icy Wind/Faint Attack/Shadow Claw | Golbat Lv100 (Inner Focus): Poison Fang/Bite/Confuse Ray/Air Cutter | Magneton Lv100 (Magnet Pull): Discharge/Supersonic/Thunder Wave/Magnet Bomb | Gengar Lv100 (Levitate): Mean Look/Curse/Shadow Ball/Confuse Ray | Alakazam Lv100 (Synchronize): Disable/Recover/Reflect/Psychic | Feraligatr Lv100 (Torrent): Waterfall/Ice Fang/Crunch/Slash
29,leader_brock_brock_rematch_1,Leader Brock Rematch,Trainerclass Leader Brock,630,27,0.959,1282,76,2145.4,S,Champion Lance (Elo 2221.8),Ace Trainer Megan (Elo 1897.7),School Kid Jack Rematch 3 (7 games),6.01,Golem Lv100 (Sturdy): Sandstorm/Rock Slide/Rock Polish/Earthquake | Relicanth @ Lum Berry Lv100 (Rock Head): Head Smash/Aqua Tail/Earthquake/Rest | Omastar Lv100 (Shell Armor): Ancient Power/Brine/Protect/Sandstorm | Onix @ Sitrus Berry Lv100 (Sturdy): Stealth Rock/Rock Slide/Rock Polish/Sandstorm | Kabutops Lv100 (Battle Armor): Rock Slide/Aqua Jet/Endure/Giga Drain | Rampardos Lv100 (Mold Breaker): Earthquake/Stone Edge/Avalanche/Rock Polish
30,rival_silver_meganium_mt_moon,Rival Silver Meganium (Mt. Moon),Trainerclass Rival,629,28,0.957,1272,71,2146.1,S,Leader Sabrina Rematch (Elo 2191.9),Leader Blaine (Elo 2060.8),Leader Erika Rematch (7 games),7.54,Sneasel Lv100 (Inner Focus): Quick Attack/Icy Wind/Faint Attack/Shadow Claw | Golbat Lv100 (Inner Focus): Poison Fang/Bite/Confuse Ray/Air Cutter | Magneton Lv100 (Magnet Pull): Discharge/Supersonic/Thunder Wave/Magnet Bomb | Gengar Lv100 (Levitate): Mean Look/Curse/Shadow Ball/Confuse Ray | Alakazam Lv100 (Synchronize): Disable/Recover/Reflect/Psychic | Meganium Lv100 (Overgrow): Petal Dance/Poison Powder/Synthesis/Light Screen
31,elite_four_will_will,Elite Four Will,Trainerclass Elite Four Will,627,30,0.954,1280,87,2142.0,S,Elite Four Will Rematch (Elo 2192.2),Ace Trainer French (Elo 1998.5),Rival Silver Feraligatr (DD) (7 games),7.2,Xatu Lv100 (Synchronize): U Turn/Me First/Confuse Ray/Psychic | Jynx Lv100 (Oblivious): Double Slap/Lovely Kiss/Ice Punch/Psychic | Exeggutor Lv100 (Chlorophyll): Reflect/Hypnosis/Egg Bomb/Psychic | Slowbro Lv100 (Own Tempo): Curse/Amnesia/Water Pulse/Psychic | Xatu @ Sitrus Berry Lv100 (Early Bird): Aerial Ace/Ominous Wind/Confuse Ray/Psychic
32,leader_erika_erika_rematch_1,Leader Erika Rematch,Trainerclass Leader Erika,626,31,0.953,1267,76,2131.1,S-,Leader Misty Rematch (Elo 2223.5),Ace Trainer Lois (Elo 1712.2),Rival Silver Meganium (Mt. Moon) (7 games),7.69,Shiftry Lv100 (Chlorophyll): Leaf Storm/Sucker Punch/Explosion/Sunny Day | Jumpluff Lv100 (Chlorophyll): U Turn/Memento/Sleep Powder/Giga Drain | Victreebel @ Kelpsy Berry Lv100 (Chlorophyll): Natural Gift/Sludge Bomb/Leaf Storm/Leaf Blade | Bellossom Lv100 (Chlorophyll): Sunny Day/Solar Beam/Giga Drain/Attract | Tangrowth Lv100 (Chlorophyll): Swords Dance/Power Whip/Rock Slide/Earthquake | Roserade Lv100 (Natural Cure): Weather Ball/Energy Ball/Sludge Bomb/Stun Spore
33,leader_chuck_chuck_rematch_1,Leader Chuck Rematch,Trainerclass Leader Chuck,625,32,0.951,1265,80,2142.8,S,Leader Pryce Rematch (Elo 2209.8),Psychic Herman (Elo 1856.7),Rival Silver Feraligatr (VR) (7 games),6.49,Medicham @ Sitrus Berry Lv100 (Pure Power): Hi Jump Kick/Psycho Cut/Attract/Thunder Punch | Hitmonchan Lv100 (Iron Fist): Mach Punch/Swagger/Focus Punch/Double Team | Hitmonlee Lv100 (Reckless): Hi Jump Kick/Fake Out/Blaze Kick/Bulk Up | Breloom @ Toxic Orb Lv100 (Poison Heal): Substitute/Focus Punch/Drain Punch/Stone Edge | Primeape Lv100 (Anger Point): Close Combat/Payback/Thunder Punch/Swagger | Poliwrath @ Sitrus Berry Lv100 (Damp): Double Team/Waterfall/Focus Punch/Substitute
34,leader_misty_misty,Leader Misty,Trainerclass Leader Misty,624,33,0.95,1274,91,2122.8,S-,Leader Blue Rematch (Elo 2226.9),Ace Trainer Megan (Elo 1897.7),Rival Silver Typhlosion (Mt. Moon) (7 games),8.42,Golduck Lv100 (Damp): Water Pulse/Disable/Psych Up/Psychic | Quagsire Lv100 (Water Absorb): Water Pulse/Amnesia/Earthquake/Rain Dance | Lapras Lv100 (Shell Armor): Water Pulse/Sing/Ice Beam/Body Slam | Starmie @ Sitrus Berry Lv100 (Natural Cure): Water Pulse/Confuse Ray/Recover/Ice Beam
35,rival_silver_typhlosion_dd,Rival Silver Typhlosion (DD),Trainerclass Rival,624,33,0.95,1273,91,2110.0,S-,Leader Blue (Elo 2231.1),Ace Trainer Gaven (Elo 1930.0),Leader Blaine (7 games),5.67,Typhlosion Lv100 (Blaze): Rollout/Flamethrower/Will O Wisp/Swift | Crobat Lv100 (Inner Focus): Toxic/Bite/Confuse Ray/Air Cutter | Gengar Lv100 (Levitate): Dark Pulse/Sludge Bomb/Shadow Ball/Confuse Ray
36,elite_four_bruno_bruno,Elite Four Bruno,Trainerclass Elite Four Bruno,623,34,0.948,1255,76,2136.8,S,Leader Clair Rematch (Elo 2207.4),Ace Trainer Carol (Elo 2069.5),Elite Four Koga Rematch (7 games),11.47,Hitmontop Lv100 (Technician): Counter/Quick Attack/Dig/Triple Kick | Hitmonlee Lv100 (Reckless): Swagger/Focus Energy/Hi Jump Kick/Blaze Kick | Hitmonchan Lv100 (Iron Fist): Thunder Punch/Ice Punch/Fire Punch/Bullet Punch | Onix Lv100 (Sturdy): Dragon Breath/Earthquake/Sandstorm/Rock Slide | Machamp @ Sitrus Berry Lv100 (No Guard): Rock Slide/Foresight/Revenge/Cross Chop
37,leader_clair_clair,Leader Clair,Trainerclass Leader Clair,621,36,0.945,1256,86,2107.5,S-,Leader Blaine Rematch (Elo 2164.9),Rival Silver Meganium (Goldenrod) (Elo 2048.2),Elite Four Will (6 games),8.08,Gyarados Lv100 (Intimidate): Twister/Dragon Rage/Bite/Dragon Pulse | Dragonair Lv100 (Shed Skin): Thunder Wave/Fire Blast/Slam/Dragon Pulse | Dragonair Lv100 (Shed Skin): Thunder Wave/Aqua Tail/Slam/Dragon Pulse | Kingdra @ Sitrus Berry Lv100 (Sniper): Smoke Screen/Hydro Pump/Hyper Beam/Dragon Pulse
38,rival_silver_feraligatr_dd,Rival Silver Feraligatr (DD),Trainerclass Rival,620,37,0.944,1273,107,2114.5,S-,Leader Sabrina Rematch (Elo 2191.9),Kimono Girl Sayo (Elo 1755.5),Leader Lt. Surge (7 games),6.24,Feraligatr Lv100 (Torrent): Crunch/Aqua Tail/Slash/Ice Fang | Crobat Lv100 (Inner Focus): Toxic/Bite/Confuse Ray/Air Cutter | Gengar Lv100 (Levitate): Dark Pulse/Sludge Bomb/Shadow Ball/Confuse Ray
39,rival_silver_meganium_dd,Rival Silver Meganium (DD),Trainerclass Rival,620,37,0.944,1257,89,2105.3,S-,Leader Whitney Rematch (Elo 2166.8),Leader Jasmine (Elo 1958.2),Leader Sabrina (7 games),8.0,Meganium Lv100 (Overgrow): Petal Dance/Body Slam/Light Screen/Synthesis | Crobat Lv100 (Inner Focus): Toxic/Bite/Confuse Ray/Air Cutter | Gengar Lv100 (Levitate): Dark Pulse/Sludge Bomb/Shadow Ball/Confuse Ray
40,rival_silver_typhlosion_vr,Rival Silver Typhlosion (VR),Trainerclass Rival,619,38,0.942,1254,93,2088.6,S-,Leader Bugsy Rematch (Elo 2179.4),Camper Todd Rematch 3 (Elo 1945.1),Ace Trainer French (7 games),7.57,Sneasel Lv100 (Inner Focus): Quick Attack/Icy Wind/Faint Attack/Fury Swipes | Golbat Lv100 (Inner Focus): Astonish/Bite/Confuse Ray/Air Cutter | Magneton Lv100 (Magnet Pull): Spark/Supersonic/Thunder Wave/Magnet Bomb | Haunter Lv100 (Levitate): Mean Look/Curse/Shadow Ball/Confuse Ray | Kadabra Lv100 (Synchronize): Disable/Psybeam/Recover/Reflect | Typhlosion Lv100 (Blaze): Lava Plume/Swift/Quick Attack/Flame Wheel
41,leader_sabrina_sabrina,Leader Sabrina,Trainerclass Leader Sabrina,618,39,0.941,1253,97,2094.5,S-,Elite Four Will Rematch (Elo 2192.2),Kimono Girl Zuki (Elo 1747.8),Elite Four Koga (7 games),4.36,Espeon Lv100 (Synchronize): Shadow Ball/Skill Swap/Calm Mind/Psychic | Mr Mime Lv100 (Filter): Mimic/Light Screen/Skill Swap/Psychic | Alakazam @ Sitrus Berry Lv100 (Inner Focus): Skill Swap/Psychic/Energy Ball/Reflect
42,rival_silver_feraligatr_vr,Rival Silver Feraligatr (VR),Trainerclass Rival,617,40,0.939,1260,105,2100.3,S-,Leader Morty Rematch (Elo 2161.4),Leader Brock (Elo 2027.6),Leader Chuck Rematch (7 games),7.6,Sneasel Lv100 (Inner Focus): Quick Attack/Icy Wind/Faint Attack/Fury Swipes | Golbat Lv100 (Inner Focus): Astonish/Bite/Confuse Ray/Air Cutter | Magneton Lv100 (Magnet Pull): Spark/Supersonic/Thunder Wave/Magnet Bomb | Haunter Lv100 (Levitate): Mean Look/Curse/Shadow Ball/Confuse Ray | Kadabra Lv100 (Synchronize): Disable/Psybeam/Recover/Reflect | Feraligatr Lv100 (Torrent): Waterfall/Ice Fang/Crunch/Slash
43,rival_silver_meganium_vr,Rival Silver Meganium (VR),Trainerclass Rival,614,43,0.935,1234,92,2100.2,S-,Rival Silver Feraligatr (DD) (Elo 2114.5),Firebreather Walt Rematch 3 (Elo 1873.1),Rival Silver Feraligatr (DD) (6 games),7.98,Sneasel Lv100 (Inner Focus): Quick Attack/Icy Wind/Faint Attack/Fury Swipes | Golbat Lv100 (Inner Focus): Astonish/Bite/Confuse Ray/Air Cutter | Magneton Lv100 (Magnet Pull): Spark/Supersonic/Thunder Wave/Magnet Bomb | Haunter Lv100 (Levitate): Mean Look/Curse/Shadow Ball/Confuse Ray | Kadabra Lv100 (Synchronize): Disable/Psybeam/Recover/Reflect | Meganium Lv100 (Overgrow): Reflect/Petal Dance/Poison Powder/Synthesis
44,leader_janine_janine,Leader Janine,Trainerclass Leader Janine,611,46,0.93,1234,105,2090.3,S-,Leader Lt. Surge Rematch (Elo 2180.6),Ace Trainer Lois (Elo 1712.2),Leader Misty (7 games),9.34,Crobat Lv100 (Inner Focus): Screech/Supersonic/Confuse Ray/Wing Attack | Weezing Lv100 (Levitate): Double Hit/Sludge Bomb/Toxic/Explosion | Ariados Lv100 (Insomnia): Scary Face/Poison Jab/Pin Missile/Psychic | Ariados Lv100 (Insomnia): Pin Missile/Poison Jab/Swagger/Night Shade | Venomoth @ Sitrus Berry Lv100 (Tinted Lens): Sludge Bomb/Double Team/Signal Beam/Psychic
45,elite_four_koga_koga,Elite Four Koga,Trainerclass Elite Four Koga,610,47,0.928,1249,120,2069.6,S-,Leader Whitney Rematch (Elo 2166.8),Firebreather Walt Rematch 3 (Elo 1873.1),Leader Sabrina (7 games),10.66,Ariados Lv100 (Insomnia): Poison Jab/Spider Web/Baton Pass/Giga Drain | Venomoth Lv100 (Tinted Lens): Supersonic/Gust/Psychic/Toxic | Forretress Lv100 (Sturdy): Protect/Swift/Explosion/Toxic Spikes | Muk @ Black Sludge Lv100 (Sticky Hold): Minimize/Screech/Gunk Shot/Toxic | Crobat @ Sitrus Berry Lv100 (Inner Focus): Double Team/Quick Attack/Wing Attack/Poison Fang
46,rocket_boss_giovanni,Rocket Boss Giovanni,Trainerclass Rocket Boss,609,48,0.927,1236,115,2069.2,S-,Rival Silver Meganium (Mt. Moon) (Elo 2146.1),Firebreather Walt Rematch 3 (Elo 1873.1),Double Team Elan & Ida (7 games),8.34,Nidoking Lv100 (Poison Point): Focus Energy/Fury Attack/Double Kick/Shadow Claw | Kangaskhan Lv100 (Scrappy): Dizzy Punch/Sucker Punch/Leer/Outrage | Honchkrow Lv100 (Super Luck): Dark Pulse/Nasty Plot/Swagger/Shadow Ball | Nidoqueen Lv100 (Rivalry): Earth Power/Superpower/Crunch/Roar
47,ace_trainer_f_reena_0604,Ace Trainer Reena Rematch 3,Trainerclass Ace Trainer F,609,48,0.927,1240,118,2065.6,S-,Rival Silver Meganium (PKMN League) (Elo 2184.4),Pokemon Trainer Lance (Rocket HQ) (Elo 1874.6),Rival Silver Feraligatr (Goldenrod) (7 games),5.53,Arcanine Lv100 (Intimidate): Flare Blitz/Extreme Speed/Crunch/Roar | Nidoqueen Lv100 (Poison Point): Captivate/Poison Fang/Earth Power/Body Slam | Starmie Lv100 (Natural Cure): Surf/Minimize/Cosmic Power/Psychic
48,leader_lt_surge_lt_surge,Leader Lt. Surge,Trainerclass Leader Lt Surge,609,48,0.927,1259,135,2062.2,S-,Rival Silver Feraligatr (PKMN League) (Elo 2208.8),Pokefan Robert (Elo 1392.6),Rival Silver Feraligatr (DD) (7 games),13.97,Raichu Lv100 (Static): Thunder Wave/Quick Attack/Shock Wave/Double Team | Electrode Lv100 (Static): Thunder Wave/Double Team/Shock Wave/Light Screen | Magneton Lv100 (Sturdy): Supersonic/Double Team/Shock Wave/Mirror Shot | Electrode Lv100 (Static): Screech/Double Team/Selfdestruct/Charge Beam | Electabuzz @ Sitrus Berry Lv100 (Static): Quick Attack/Shock Wave/Light Screen/Low Kick
49,leader_blaine_blaine,Leader Blaine,Trainerclass Leader Blaine,607,50,0.924,1244,135,2060.8,S-,Leader Bugsy Rematch (Elo 2179.4),Pokefan Robert (Elo 1392.6),Pokefan Robert (7 games),6.38,Magcargo @ White Herb Lv100 (Flame Body): Sunny Day/Smog/Overheat/Rock Slide | Magmar @ White Herb Lv100 (Flame Body): Thunder Punch/Overheat/Sunny Day/Confuse Ray | Rapidash @ White Herb Lv100 (Flash Fire): Quick Attack/Flare Blitz/Bounce/Overheat
50,ace_trainer_f_carol_0237,Ace Trainer Carol,Trainerclass Ace Trainer F,606,51,0.922,1250,139,2069.5,S-,Elite Four Bruno (Elo 2136.8),Twins Day & Dani (Elo 1672.2),Rival Silver Quilava (Goldenrod) (7 games),6.18,Electrode Lv100 (Static): Thunder/Selfdestruct/Swift/Rain Dance | Starmie Lv100 (Natural Cure): Recover/Brine/Thunder/Psychic | Ninetales Lv100 (Flash Fire): Nasty Plot/Fire Blast/Confuse Ray/Will O Wisp
51,leader_brock_brock,Leader Brock,Trainerclass Leader Brock,604,53,0.919,1242,141,2027.6,S-,Champion Lance Rematch (Elo 2218.0),Lass Krise Rematch 2 (Elo 1524.3),Elite Four Koga (7 games),6.5,Graveler Lv100 (Sturdy): Defense Curl/Rock Slide/Rollout/Earthquake | Rhyhorn Lv100 (Rock Head): Sandstorm/Scary Face/Earthquake/Horn Drill | Omastar Lv100 (Shell Armor): Ancient Power/Brine/Protect/Spike Cannon | Onix @ Sitrus Berry Lv100 (Sturdy): Iron Tail/Rock Slide/Screech/Sandstorm | Kabutops Lv100 (Battle Armor): Rock Slide/Aqua Jet/Endure/Giga Drain
52,rival_silver_feraligatr_goldenrod,Rival Silver Feraligatr (Goldenrod),Trainerclass Rival,601,56,0.915,1223,133,2051.6,S-,Rival Silver Feraligatr (DD) (Elo 2114.5),Juggler Irwin Rematch 3 (Elo 1673.0),Rival Silver Feraligatr (DD) (7 games),9.01,Golbat Lv100 (Inner Focus): Astonish/Bite/Confuse Ray/Air Cutter | Magnemite Lv100 (Magnet Pull): Supersonic/Spark/Sonic Boom/Thunder Wave | Haunter Lv100 (Levitate): Confuse Ray/Mean Look/Curse/Shadow Ball | Sneasel Lv100 (Inner Focus): Icy Wind/Quick Attack/Fury Swipes/Faint Attack | Feraligatr Lv100 (Torrent): Ice Fang/Water Gun/Crunch/Thrash
53,rival_silver_meganium_goldenrod,Rival Silver Meganium (Goldenrod),Trainerclass Rival,601,56,0.915,1224,135,2048.2,S-,Leader Misty (Elo 2122.8),Biker Jacob (Elo 1814.2),Ace Trainer Salma (7 games),8.97,Golbat Lv100 (Inner Focus): Astonish/Bite/Confuse Ray/Air Cutter | Magnemite Lv100 (Magnet Pull): Supersonic/Spark/Sonic Boom/Thunder Wave | Haunter Lv100 (Levitate): Confuse Ray/Mean Look/Curse/Shadow Ball | Sneasel Lv100 (Inner Focus): Icy Wind/Quick Attack/Fury Swipes/Faint Attack | Meganium Lv100 (Overgrow): Reflect/Synthesis/Poison Powder/Petal Dance
54,rival_silver_quilava_goldenrod,Rival Silver Quilava (Goldenrod),Trainerclass Rival,597,60,0.909,1215,141,2041.0,S-,Elite Four Koga (Elo 2069.6),Super Nerd Merle (Elo 1495.8),Ace Trainer Shaye (7 games),9.21,Golbat Lv100 (Inner Focus): Astonish/Bite/Confuse Ray/Air Cutter | Magnemite Lv100 (Magnet Pull): Supersonic/Spark/Sonic Boom/Thunder Wave | Haunter Lv100 (Levitate): Confuse Ray/Mean Look/Curse/Shadow Ball | Sneasel Lv100 (Inner Focus): Icy Wind/Quick Attack/Fury Swipes/Faint Attack | Quilava Lv100 (Blaze): Smoke Screen/Swift/Quick Attack/Flame Wheel
55,ace_trainer_f_salma_0675,Ace Trainer Salma,Trainerclass Ace Trainer F,596,61,0.907,1227,157,2029.7,S-,Leader Jasmine Rematch (Elo 2171.1),Team Rocket Grunt Underground 6 (Elo 1613.4),Swimmer Lori (7 games),4.77,Slowking @ Oran Berry Lv100 (Oblivious): Surf/Psychic/Flamethrower/Trick Room | Lickilicky Lv100 (Own Tempo): Wring Out/Thunderbolt/Earthquake/Ice Beam
56,leader_erika_erika,Leader Erika,Trainerclass Leader Erika,596,61,0.907,1227,155,2022.2,S-,Elite Four Bruno Rematch (Elo 2167.7),Picnicker Sharon (Elo 1453.1),Leader Morty (7 games),11.17,Jumpluff Lv100 (Chlorophyll): U Turn/Leech Seed/Sunny Day/Giga Drain | Tangela Lv100 (Chlorophyll): Ancient Power/Wring Out/Giga Drain/Sleep Powder | Victreebel Lv100 (Chlorophyll): Sunny Day/Synthesis/Grass Knot/Leaf Storm | Bellossom @ Sitrus Berry Lv100 (Chlorophyll): Sunny Day/Synthesis/Giga Drain/Solar Beam
57,ace_trainer_m_french_0542,Ace Trainer French,Trainerclass Ace Trainer M,594,63,0.904,1244,182,1998.5,S-,Leader Brock Rematch (Elo 2145.4),Scientist Lowell (Elo 1586.7),School Kid Joe (7 games),4.56,Absol Lv100 (Super Luck): Psycho Cut/Night Slash/Slash/Quick Attack | Alakazam Lv100 (Inner Focus): Psychic/Focus Blast/Energy Ball/Charge Beam
58,ace_trainer_m_shaye_0236,Ace Trainer Shaye,Trainerclass Ace Trainer M,592,65,0.901,1216,162,2025.1,S-,Leader Morty Rematch (Elo 2161.4),Pokefan Derek Rematch 3 (Elo 1516.1),Rival Silver Quilava (Goldenrod) (7 games),6.36,Jolteon Lv100 (Volt Absorb): Double Kick/Thunderbolt/Quick Attack/Sand Attack | Tangela Lv100 (Chlorophyll): Ancient Power/Stun Spore/Giga Drain/Ingrain | Tauros Lv100 (Anger Point): Take Down/Zen Headbutt/Payback/Scary Face
59,ace_trainer_f_reena_0445,Ace Trainer Reena Rematch 2,Trainerclass Ace Trainer F,592,65,0.901,1205,153,2020.5,S-,Ace Trainer Carol (Elo 2069.5),Fisherman Murphy (Elo 1704.0),Ace Trainer French (7 games),6.0,Arcanine Lv100 (Intimidate): Roar/Fire Fang/Odor Sleuth/Extreme Speed | Nidoqueen Lv100 (Poison Point): Double Kick/Poison Sting/Body Slam/Earth Power | Starmie Lv100 (Natural Cure): Rapid Spin/Recover/Swift/Confuse Ray
60,leader_pryce_pryce,Leader Pryce,Trainerclass Leader Pryce,586,71,0.892,1224,196,1982.8,S-,Rocket Boss Giovanni (Elo 2069.2),Swimmer Kendra (Elo 1444.9),School Kid Tommy (7 games),17.09,Seel Lv100 (Thick Fat): Snore/Hail/Icy Wind/Rest | Dewgong Lv100 (Thick Fat): Sleep Talk/Ice Shard/Aurora Beam/Rest | Piloswine @ Sitrus Berry Lv100 (Snow Cloak): Hail/Ice Fang/Mud Bomb/Blizzard
61,ace_trainer_m_gaven_0601,Ace Trainer Gaven Rematch 3,Trainerclass Ace Trainer M,582,75,0.886,1200,187,1960.5,A+,Ace Trainer Salma (Elo 2029.7),Boarder Gerardo (Elo 1536.6),School Kid Tommy (7 games),5.55,Victreebel Lv100 (Chlorophyll): Leaf Storm/Toxic/Acid/Leaf Blade | Kingler Lv100 (Hyper Cutter): Brine/Crabhammer/X Scissor/Protect | Flareon Lv100 (Flash Fire): Overheat/Quick Attack/Will O Wisp/Attract
62,ace_trainer_m_jake_0028,Ace Trainer Jake,Trainerclass Ace Trainer M,581,76,0.884,1195,183,1997.5,S-,Leader Janine (Elo 2090.3),Teacher Hillary Rematch 1 (Elo 1559.5),Ace Trainer Jamie Rematch 1 (7 games),8.16,Parasect Lv100 (Dry Skin): Leech Life/Spore/Slash/Swords Dance | Golduck Lv100 (Cloud Nine): Psychic/Screech/Water Pulse/Fury Swipes | Vaporeon Lv100 (Water Absorb): Bite/Quick Attack/Sand Attack/Surf
63,ace_trainer_m_blake_0103,Ace Trainer Blake,Trainerclass Ace Trainer M,580,77,0.883,1225,222,1957.0,A+,Leader Janine (Elo 2090.3),Super Nerd Pat (Elo 1474.6),Hiker Kenny Rematch 3 (7 games),6.65,Magneton Lv100 (Sturdy): Thunderbolt/Supersonic/Magnet Bomb/Screech | Quagsire Lv100 (Water Absorb): Water Gun/Slam/Yawn/Earthquake | Exeggcute Lv100 (Chlorophyll): Leech Seed/Confusion/Sleep Powder/Solar Beam
64,swimmer_f_lori_0294,Swimmer Lori,Trainerclass Swimmer F,579,78,0.881,1204,204,1964.7,S-,Leader Falkner Rematch (Elo 2148.2),School Kid Jack Rematch 1 (Elo 1433.0),Ace Trainer Salma (7 games),5.91,Starmie Lv100 (Natural Cure): Thunderbolt/Surf/Ice Beam/Recover | Starmie Lv100 (Natural Cure): Thunderbolt/Surf/Ice Beam/Recover | Starmie Lv100 (Natural Cure): Recover/Water Pulse/Thunder/Blizzard
65,camper_tanner_0657,Camper Tanner Rematch 3,Trainerclass Camper,576,81,0.877,1195,208,1972.9,S-,Ace Trainer Reena Rematch 3 (Elo 2065.6),Beauty Cassie (Elo 1475.3),Executive Petrel Petrel (Rocket HQ) (7 games),7.95,Sudowoodo Lv100 (Sturdy): Slam/Sucker Punch/Double Edge/Hammer Arm | Jumpluff Lv100 (Chlorophyll): Worry Seed/Giga Drain/Bounce/Memento | Lanturn Lv100 (Volt Absorb): Signal Beam/Discharge/Aqua Ring/Hydro Pump
66,school_kid_m_jack_0500,School Kid Jack Rematch 3,Trainerclass School Kid M,576,81,0.877,1214,221,1966.8,S-,Leader Brock Rematch (Elo 2145.4),Hiker Parry Rematch 1 (Elo 1265.9),Leader Brock Rematch (7 games),10.14,Electrode Lv100 (Soundproof): Charge/Charge Beam/Swift/Rollout | Vileplume Lv100 (Chlorophyll): Solar Beam/Giga Drain/Moonlight/Sunny Day | Arcanine Lv100 (Intimidate): Extreme Speed/Flamethrower/Crunch/Reversal
67,ace_trainer_f_gwen_0206,Ace Trainer Gwen,Trainerclass Ace Trainer F,576,81,0.877,1194,205,1944.4,A+,Rival Silver Quilava (Goldenrod) (Elo 2041.0),Twins Meg & Peg Rematch (Elo 1288.9),Twins Kay & Tia Rematch 2 (7 games),13.7,Eevee Lv100 (Adaptability): Helping Hand/Sand Attack/Growl/Quick Attack | Flareon Lv100 (Flash Fire): Helping Hand/Sand Attack/Ember/Quick Attack | Vaporeon Lv100 (Water Absorb): Helping Hand/Sand Attack/Water Gun/Quick Attack | Jolteon Lv100 (Volt Absorb): Helping Hand/Sand Attack/Thunder Shock/Quick Attack
68,school_kid_m_alan_0502,School Kid Alan Rematch 3,Trainerclass School Kid M,576,81,0.877,1212,226,1942.9,A+,Ace Trainer Reena Rematch 3 (Elo 2065.6),Bird Keeper Jose Rematch 2 (Elo 1440.0),Ace Trainer Jamie Rematch 1 (7 games),13.65,Xatu Lv100 (Synchronize): Wish/Psycho Shift/Future Sight/Ominous Wind | Tangrowth Lv100 (Chlorophyll): Slam/Tickle/Wring Out/Power Whip | Quagsire Lv100 (Damp): Amnesia/Yawn/Earthquake/Rain Dance | Yanmega Lv100 (Speed Boost): Slash/Screech/U Turn/Air Slash
69,school_kid_m_billy_0639,School Kid Billy Rematch 3,Trainerclass School Kid M,575,82,0.875,1212,229,1949.3,A+,Rival Silver Meganium (Goldenrod) (Elo 2048.2),Medium Martha (Elo 1441.9),Double Team Zac & Jen (7 games),8.35,Mr Mime Lv100 (Soundproof): Trick Room/Psychic/Substitute | Parasect Lv100 (Effect Spore): Spore/Giga Drain/X Scissor/Slash | Poliwrath Lv100 (Water Absorb): Wake Up Slap/Belly Drum/Dynamic Punch/Hypnosis | Ditto Lv100 (Limber): Transform
70,ace_trainer_m_gaven_0456,Ace Trainer Gaven Rematch 1,Trainerclass Ace Trainer M,574,83,0.874,1196,214,1961.4,A+,Leader Sabrina (Elo 2094.5),Gentleman Alfred (Elo 1392.9),Biker Jacob (7 games),6.92,Victreebel Lv100 (Chlorophyll): Wrap/Toxic/Acid/Razor Leaf | Kingler Lv100 (Hyper Cutter): Bubble Beam/Stomp/Guillotine/Protect | Flareon Lv100 (Flash Fire): Sand Attack/Quick Attack/Bite/Fire Blast
71,executive_ariana_ariana_radio_tower,Executive Ariana Ariana (Radio Tower),Trainerclass Executive Ariana,572,85,0.871,1193,218,1966.0,S-,Leader Brock (Elo 2027.6),Hiker Parry Rematch 2 (Elo 1412.4),Ace Trainer Gaven Rematch 2 (7 games),9.46,Arbok Lv100 (Intimidate): Wrap/Poison Sting/Crunch/Glare | Vileplume Lv100 (Chlorophyll): Mega Drain/Sweet Scent/Sleep Powder/Acid | Murkrow Lv100 (Super Luck): Wing Attack/Pursuit/Astonish/Night Shade
72,double_team_elan_ida_0676,Double Team Elan & Ida,Trainerclass Double Team,571,86,0.869,1204,236,1940.5,A+,Rocket Boss Giovanni (Elo 2069.2),Hiker Dwight (Elo 1464.2),Fisherman Wilton Rematch 3 (7 games),3.92,Porygon2 Lv100 (Download): Tri Attack/Charge Beam/Protect/Trick Room | Azumarill Lv100 (Huge Power): Waterfall/Aqua Jet/Superpower/Attract
73,ace_trainer_m_gaven_0457,Ace Trainer Gaven Rematch 2,Trainerclass Ace Trainer M,570,87,0.868,1196,226,1969.7,S-,Leader Erika Rematch (Elo 2131.1),Super Nerd Sam (Elo 1593.2),Executive Ariana Ariana (Radio Tower) (7 games),7.07,Victreebel Lv100 (Chlorophyll): Wrap/Toxic/Acid/Razor Leaf | Kingler Lv100 (Hyper Cutter): Brine/Stomp/X Scissor/Protect | Flareon Lv100 (Flash Fire): Fire Blast/Quick Attack/Sand Attack/Fire Spin
74,camper_todd_0522,Camper Todd Rematch 3,Trainerclass Camper,569,88,0.866,1206,245,1945.1,A+,Leader Janine (Elo 2090.3),Swimmer Katie (Elo 1391.5),Ace Trainer Alton (7 games),6.91,Graveler Lv100 (Rock Head): Selfdestruct/Rollout/Rock Blast/Earthquake | Graveler Lv100 (Rock Head): Rock Blast/Earthquake/Explosion/Double Edge | Magcargo Lv100 (Magma Armor): Amnesia/Lava Plume/Rock Slide/Body Slam | Golduck Lv100 (Damp): Psych Up/Zen Headbutt/Amnesia/Hydro Pump
75,leader_morty_morty,Leader Morty,Trainerclass Leader Morty,569,88,0.866,1200,242,1902.8,A+,Ace Trainer Carol (Elo 2069.5),Bird Keeper Bert (Elo 1235.5),Leader Erika (7 games),12.72,Gastly Lv100 (Levitate): Lick/Spite/Mean Look/Curse | Haunter Lv100 (Levitate): Hypnosis/Dream Eater/Curse/Nightmare | Gengar @ Sitrus Berry Lv100 (Levitate): Hypnosis/Shadow Ball/Mean Look/Sucker Punch | Haunter Lv100 (Levitate): Curse/Mean Look/Sucker Punch/Night Shade
76,ace_trainer_m_gaven_0102,Ace Trainer Gaven,Trainerclass Ace Trainer M,567,90,0.863,1185,234,1930.0,A+,Rival Silver Typhlosion (DD) (Elo 2110.0),Bird Keeper Bret (Elo 1326.2),Ace Trainer Arabella (7 games),7.27,Victreebel Lv100 (Chlorophyll): Wrap/Toxic/Acid/Razor Leaf | Kingler Lv100 (Hyper Cutter): Bubble Beam/Stomp/Guillotine/Protect | Flareon Lv100 (Flash Fire): Sand Attack/Quick Attack/Bite/Ember
77,executive_ariana_ariana_rocket_hq,Executive Ariana Ariana (Rocket HQ),Trainerclass Executive Ariana,563,94,0.857,1198,261,1910.6,A+,Leader Brock (Elo 2027.6),Hiker Devin (Elo 1557.1),Young Couple Tim & Sue Rematch 3 (7 games),9.25,Arbok Lv100 (Intimidate): Wrap/Poison Sting/Crunch/Glare | Gloom Lv100 (Chlorophyll): Mega Drain/Sweet Scent/Sleep Powder/Acid | Murkrow Lv100 (Super Luck): Wing Attack/Pursuit/Astonish/Night Shade
78,kimono_girl_naoko_0160,Kimono Girl Naoko,Trainerclass Kimono Girl,562,95,0.855,1184,253,1909.1,A+,Leader Chuck Rematch (Elo 2142.8),Swimmer Kendra (Elo 1444.9),Firebreather Walt Rematch 3 (7 games),3.43,Espeon Lv100 (Synchronize): Last Resort/Psychic/Psych Up/Swift
79,ace_trainer_f_quinn_0362,Ace Trainer Quinn,Trainerclass Ace Trainer F,562,95,0.855,1225,296,1904.8,A+,Ace Trainer Carol (Elo 2069.5),Bug Catcher Rob Rematch 2 (Elo 1403.0),Kimono Girl Naoko (7 games),6.09,Ivysaur Lv100 (Overgrow): Solar Beam/Double Edge/Synthesis/Sludge Bomb | Starmie Lv100 (Natural Cure): Blizzard/Confuse Ray/Thunderbolt/Water Pulse
80,leader_jasmine_jasmine,Leader Jasmine,Trainerclass Leader Jasmine,561,96,0.854,1172,244,1958.2,A+,Rival Silver Feraligatr (DD) (Elo 2114.5),Super Nerd Waldo (Elo 1274.0),Black Belt Kenji Rematch 1 (7 games),8.62,Magnemite Lv100 (Magnet Pull): Thunderbolt/Supersonic/Sonic Boom/Thunder Wave | Magnemite Lv100 (Sturdy): Thunderbolt/Supersonic/Sonic Boom/Thunder Wave | Steelix @ Sitrus Berry Lv100 (Sturdy): Screech/Sandstorm/Rock Throw/Iron Tail
81,leader_chuck_chuck,Leader Chuck,Trainerclass Leader Chuck,560,97,0.852,1199,277,1922.0,A+,Rival Silver Meganium (Goldenrod) (Elo 2048.2),Scientist Mitch (Elo 955.8),Camper Bertrand (7 games),8.73,Primeape Lv100 (Vital Spirit): Leer/Double Team/Focus Punch/Rock Slide | Poliwrath @ Sitrus Berry Lv100 (Water Absorb): Hypnosis/Surf/Focus Punch/Body Slam
82,double_team_thom_kae_0722,Double Team Thom & Kae,Trainerclass Double Team,559,98,0.851,1184,262,1936.6,A+,Leader Falkner Rematch (Elo 2148.2),Hiker Noland (Elo 1301.5),Biker Aiden Rematch 2 (7 games),3.47,Electabuzz Lv100 (Static): Thunderbolt/Light Screen/Swift/Thunder Wave | Magmar Lv100 (Flame Body): Flamethrower/Confuse Ray/Faint Attack/Protect
83,ace_trainer_f_jamie_0459,Ace Trainer Jamie Rematch 2,Trainerclass Ace Trainer F,558,99,0.849,1178,264,1908.0,A+,Ace Trainer Carol (Elo 2069.5),Hiker Edwin (Elo 1376.1),Double Team Thom & Kae (7 games),5.41,Rapidash Lv100 (Flash Fire): Stomp/Fire Spin/Fire Blast/Ember | Ampharos Lv100 (Static): Discharge/Signal Beam/Charge/Thunder Wave
84,ace_trainer_f_megan_0115,Ace Trainer Megan,Trainerclass Ace Trainer F,558,99,0.849,1184,267,1897.7,A+,Leader Brock Rematch (Elo 2145.4),Pokefan Georgia (Elo 1284.8),Biker Aiden Rematch 3 (7 games),9.5,Bulbasaur Lv100 (Overgrow): Growl/Leech Seed/Take Down/Razor Leaf | Ivysaur Lv100 (Overgrow): Giga Drain/Leech Seed/Poison Powder/Petal Dance | Venusaur Lv100 (Overgrow): Petal Dance/Sleep Powder/Double Edge/Leech Seed
85,biker_aiden_0630,Biker Aiden Rematch 3,Trainerclass Biker,554,103,0.843,1207,306,1860.3,A+,Leader Pryce (Elo 1982.8),Pokefan Robert (Elo 1392.6),Psychic Franklin (7 games),8.63,Tentacruel Lv100 (Clear Body): Poison Jab/Screech/Hydro Pump/Wring Out | Hypno Lv100 (Insomnia): Psych Up/Swagger/Psychic/Nasty Plot | Tentacruel Lv100 (Clear Body): Poison Jab/Screech/Hydro Pump/Wring Out
86,ace_trainer_f_jamie_0606,Ace Trainer Jamie Rematch 3,Trainerclass Ace Trainer F,553,104,0.842,1184,287,1900.5,A+,Rival Silver Feraligatr (DD) (Elo 2114.5),Hiker Noland (Elo 1301.5),Hiker Michael (7 games),6.12,Rapidash Lv100 (Flash Fire): Bounce/Fire Spin/Flare Blitz/Ember | Ampharos Lv100 (Static): Power Gem/Thunder/Signal Beam/Charge
87,ace_trainer_m_kevin_0361,Ace Trainer Kevin,Trainerclass Ace Trainer M,552,105,0.84,1180,291,1906.4,A+,Rival Silver Meganium (Goldenrod) (Elo 2048.2),Fisherman Wilton Rematch 1 (Elo 1462.7),Ace Trainer Blake (7 games),5.95,Rhyhorn Lv100 (Rock Head): Take Down/Stone Edge/Horn Drill/Earthquake | Charmeleon Lv100 (Blaze): Flamethrower/Slash/Scary Face/Aerial Ace | Wartortle Lv100 (Torrent): Hydro Pump/Ice Beam/Bite/Swagger
88,camper_tanner_0656,Camper Tanner Rematch 2,Trainerclass Camper,552,105,0.84,1177,286,1903.5,A+,Leader Blaine (Elo 2060.8),Psychic Mark (Elo 1432.6),Picnicker Erin Rematch 3 (7 games),7.47,Sudowoodo Lv100 (Sturdy): Rock Slide/Slam/Sucker Punch/Double Edge | Lanturn Lv100 (Volt Absorb): Bubble Beam/Signal Beam/Discharge/Aqua Ring | Skiploom Lv100 (Chlorophyll): Cotton Spore/U Turn/Worry Seed/Giga Drain
89,camper_bertrand_0533,Camper Bertrand,Trainerclass Camper,552,105,0.84,1150,254,1902.4,A+,Executive Ariana Ariana (Radio Tower) (Elo 1966.0),Ace Trainer Fran (Elo 1506.3),Leader Chuck (7 games),8.05,Fearow Lv100 (Keen Eye): Pursuit/Aerial Ace/Mirror Move/Agility | Primeape Lv100 (Vital Spirit): Seismic Toss/Screech/Assurance/Rage | Tauros Lv100 (Intimidate): Pursuit/Rest/Payback/Zen Headbutt
90,executive_petrel_petrel_radio_tower,Executive Petrel Petrel (Radio Tower),Trainerclass Executive Petrel,551,106,0.839,1143,252,1868.8,A+,Camper Tanner Rematch 3 (Elo 1972.9),Hiker Parry Rematch 2 (Elo 1412.4),Kimono Girl Sayo (7 games),11.73,Koffing Lv100 (Levitate): Tackle/Selfdestruct/Sludge/Smoke Screen | Koffing Lv100 (Levitate): Tackle/Selfdestruct/Sludge/Smoke Screen | Koffing Lv100 (Levitate): Tackle/Selfdestruct/Sludge/Smoke Screen | Weezing Lv100 (Levitate): Tackle/Explosion/Sludge/Smoke Screen | Koffing Lv100 (Levitate): Tackle/Selfdestruct/Sludge/Smoke Screen | Koffing Lv100 (Levitate): Tackle/Smog/Sludge/Smoke Screen
91,school_kid_m_alan_0433,School Kid Alan Rematch 2,Trainerclass School Kid M,548,109,0.834,1161,285,1880.7,A+,Rival Silver Feraligatr (Goldenrod) (Elo 2051.6),Fisherman Tully (Elo 1437.3),Young Couple Tim & Sue Rematch 3 (7 games),17.28,Xatu Lv100 (Synchronize): Me First/Confuse Ray/Tailwind/Wish | Tangrowth Lv100 (Chlorophyll): Mega Drain/Stun Spore/Ancient Power/Knock Off | Quagsire Lv100 (Damp): Slam/Mud Bomb/Amnesia/Yawn | Yanmega Lv100 (Speed Boost): Supersonic/Uproar/Pursuit/Ancient Power
92,pkmn_trainer_lance_lance_rocket_hq_0667,Pokemon Trainer Lance (Rocket HQ),Trainerclass Pkmn Trainer Lance,548,109,0.834,1182,302,1874.6,A+,Ace Trainer Reena Rematch 3 (Elo 2065.6),Fisherman Edgar (Elo 1188.8),Burglar Corey (7 games),6.03,Dragonite Lv100 (Inner Focus): Fly/Twister/Thunder/Hyper Beam
93,school_kid_m_danny_0327,School Kid Danny,Trainerclass School Kid M,547,110,0.833,1172,304,1902.5,A+,Rival Silver Feraligatr (Goldenrod) (Elo 2051.6),Hiker Noland (Elo 1301.5),Camper Bertrand (7 games),9.05,Jynx Lv100 (Forewarn): Fake Tears/Wake Up Slap/Avalanche/Body Slam | Electabuzz Lv100 (Static): Light Screen/Thunder Punch/Discharge/Thunderbolt | Magmar Lv100 (Flame Body): Confuse Ray/Fire Punch/Lava Plume/Flamethrower
94,ace_trainer_f_jamie_0458,Ace Trainer Jamie Rematch 1,Trainerclass Ace Trainer F,544,113,0.828,1156,287,1867.3,A+,Ace Trainer Carol (Elo 2069.5),Pokefan Robert (Elo 1392.6),Ace Trainer Jake (7 games),5.55,Rapidash Lv100 (Flash Fire): Stomp/Fire Spin/Flame Wheel/Ember | Ampharos Lv100 (Static): Discharge/Signal Beam/Charge/Thunder Punch
95,fisherman_barney_0322,Fisherman Barney,Trainerclass Fisherman,543,114,0.826,1177,321,1889.5,A+,Rocket Boss Giovanni (Elo 2069.2),Biker Theron (Elo 1246.8),Hiker Devin (7 games),9.62,Gyarados Lv100 (Intimidate): Twister/Ice Fang/Aqua Tail/Rain Dance | Gyarados Lv100 (Intimidate): Leer/Twister/Ice Fang/Aqua Tail | Gyarados Lv100 (Intimidate): Leer/Twister/Ice Fang/Aqua Tail
96,fisherman_kyle_0660,Fisherman Kyle Rematch 3,Trainerclass Fisherman,541,116,0.823,1176,327,1850.1,A,Rival Silver Quilava (Goldenrod) (Elo 2041.0),Biker Theron (Elo 1246.8),Medium Darcy (7 games),10.36,Seaking Lv100 (Swift Swim): Aqua Ring/Fury Attack/Waterfall/Horn Drill | Qwilfish Lv100 (Poison Point): Pin Missile/Take Down/Aqua Tail/Poison Jab | Seaking Lv100 (Swift Swim): Aqua Ring/Fury Attack/Waterfall/Horn Drill | Kingler Lv100 (Hyper Cutter): Protect/Guillotine/Slam/Brine
97,executive_archer_archer,Executive Archer,Trainerclass Executive Archer,540,117,0.822,1149,304,1857.6,A,Leader Sabrina (Elo 2094.5),Hiker Phillip (Elo 1375.6),Biker Ernest Rematch 3 (7 games),7.37,Houndour Lv100 (Early Bird): Fire Fang/Roar/Bite/Faint Attack | Koffing Lv100 (Levitate): Tackle/Sludge/Smoke Screen/Haze | Houndoom Lv100 (Early Bird): Fire Fang/Smog/Bite/Faint Attack
98,psychic_m_jared_0415,Psychic Jared,Trainerclass Psychic M,540,117,0.822,1154,312,1850.6,A,Ace Trainer French (Elo 1998.5),Bug Catcher Wade Rematch 1 (Elo 1378.0),Medium Rebecca (7 games),7.46,Mr Mime Lv100 (Filter): Skill Swap/Psychic/Reflect/Light Screen | Exeggcute Lv100 (Chlorophyll): Skill Swap/Psychic/Sleep Powder/Leech Seed | Exeggcute Lv100 (Chlorophyll): Skill Swap/Psychic/Hypnosis/Grass Knot
99,firebreather_otis_0015,Firebreather Otis,Trainerclass Firebreather,539,118,0.82,1146,308,1876.2,A+,Leader Erika (Elo 2022.2),Sailor Jeff (Elo 1427.0),Swimmer Nicole (7 games),6.62,Magmar Lv100 (Flame Body): Confuse Ray/Fire Punch/Lava Plume/Flamethrower | Weezing Lv100 (Levitate): Sludge/Haze/Double Hit/Explosion | Camerupt Lv100 (Magma Armor): Amnesia/Lava Plume/Rock Slide/Earth Power
100,psychic_m_herman_0316,Psychic Herman,Trainerclass Psychic M,537,120,0.817,1132,295,1856.7,A,Leader Chuck Rematch (Elo 2142.8),Bird Keeper Perry (Elo 1221.6),Bug Catcher Wade Rematch 3 (7 games),7.76,Exeggcute Lv100 (Chlorophyll): Psychic/Hypnosis/Barrage/Dream Eater | Exeggcute Lv100 (Chlorophyll): Psychic/Hypnosis/Barrage/Dream Eater | Exeggutor Lv100 (Chlorophyll): Psychic/Hypnosis/Wood Hammer/Dream Eater
101,lass_linda_0136,Lass Linda,Trainerclass Lass,536,121,0.816,1143,315,1864.1,A+,Ace Trainer Shaye (Elo 2025.1),Hiker Phillip (Elo 1375.6),Leader Jasmine (7 games),8.36,Bulbasaur Lv100 (Overgrow): Toxic/Sludge Bomb/Leech Seed/Double Edge | Ivysaur Lv100 (Overgrow): Toxic/Sludge Bomb/Leech Seed/Double Edge | Venusaur Lv100 (Overgrow): Toxic/Sludge Bomb/Leech Seed/Double Edge
102,firebreather_walt_0618,Firebreather Walt Rematch 3,Trainerclass Firebreather,535,122,0.814,1130,305,1873.1,A+,Rival Silver Meganium (VR) (Elo 2100.2),Bird Keeper Jose (Elo 1178.7),Swimmer Mina (7 games),9.59,Magby Lv100 (Flame Body): Smoke Screen/Faint Attack/Fire Spin/Confuse Ray | Magmar Lv100 (Flame Body): Fire Punch/Lava Plume/Flamethrower/Sunny Day | Magmortar Lv100 (Flame Body): Lava Plume/Flamethrower/Sunny Day/Fire Blast
103,double_team_zac_jen_0546,Double Team Zac & Jen,Trainerclass Double Team,534,123,0.813,1152,333,1857.8,A+,Ace Trainer Carol (Elo 2069.5),Poke Maniac Andrew (Elo 1260.6),School Kid Billy Rematch 3 (7 games),3.45,Electabuzz Lv100 (Static): Discharge/Quick Attack/Thunderbolt/Low Kick | Dugtrio Lv100 (Arena Trap): Dig/Mud Bomb/Growl/Night Slash
104,psychic_m_eli_0412,Psychic Eli,Trainerclass Psychic M,534,123,0.813,1168,350,1840.4,A,Ace Trainer Reena Rematch 2 (Elo 2020.5),Hiker Noland (Elo 1301.5),Lass Dana Rematch 3 (7 games),9.18,Starmie Lv100 (Illuminate): Rapid Spin/Recover/Swift/Confuse Ray | Exeggcute Lv100 (Chlorophyll): Stun Spore/Poison Powder/Sleep Powder/Confusion | Girafarig Lv100 (Inner Focus): Psybeam/Baton Pass/Assurance/Double Hit
105,picnicker_liz_0515,Picnicker Liz Rematch 3,Trainerclass Picnicker,532,125,0.81,1144,332,1842.0,A,Leader Lt. Surge (Elo 2062.2),Bird Keeper Roy (Elo 1415.6),Mystery Man Eusine (7 games),8.25,Victreebel Lv100 (Chlorophyll): Sweet Scent/Razor Leaf/Leaf Storm/Leaf Blade | Nidoking Lv100 (Poison Point): Poison Sting/Thrash/Earth Power/Megahorn | Nidoqueen Lv100 (Rivalry): Poison Sting/Body Slam/Earth Power/Superpower
106,lass_alice_0183,Lass Alice,Trainerclass Lass,532,125,0.81,1143,331,1835.0,A,Ace Trainer Shaye (Elo 2025.1),Hiker Noland (Elo 1301.5),Hiker Kenny (7 games),9.15,Gloom Lv100 (Chlorophyll): Toxic/Sludge Bomb/Sweet Scent/Drain Punch | Arbok Lv100 (Intimidate): Poison Jab/Screech/Crunch/Mud Bomb | Vileplume Lv100 (Chlorophyll): Toxic/Sludge Bomb/Attract/Drain Punch
107,school_kid_m_tommy_0328,School Kid Tommy,Trainerclass School Kid M,531,126,0.808,1209,395,1838.4,A,Ace Trainer Jake (Elo 1997.5),Hiker Noland (Elo 1301.5),Ace Trainer Gaven Rematch 3 (7 games),9.16,Xatu Lv100 (Synchronize): Confuse Ray/Night Shade/Fly/Psychic | Alakazam Lv100 (Inner Focus): Psychic/Calm Mind/Reflect/Focus Blast
108,fisherman_tully_0514,Fisherman Tully Rematch 3,Trainerclass Fisherman,530,127,0.807,1157,353,1826.2,A,Leader Blaine Rematch (Elo 2164.9),Biker Theron (Elo 1246.8),Camper Bertrand (7 games),9.83,Seaking Lv100 (Swift Swim): Water Pulse/Rain Dance/Waterfall/Aqua Ring | Seaking Lv100 (Swift Swim): Water Pulse/Rain Dance/Waterfall/Megahorn | Qwilfish Lv100 (Poison Point): Rollout/Surf/Aqua Tail/Minimize
109,picnicker_erin_0600,Picnicker Erin Rematch 3,Trainerclass Picnicker,530,127,0.807,1162,353,1813.3,A,Leader Brock (Elo 2027.6),Bug Catcher Dion (Elo 1302.7),Camper Tanner Rematch 2 (7 games),10.7,Cherrim Lv100 (Flower Gift): Sunny Day/Petal Dance/Worry Seed/Take Down | Sunflora Lv100 (Solar Power): Petal Dance/Sunny Day/Solar Beam/Leaf Storm | Bellossom Lv100 (Chlorophyll): Sweet Scent/Stun Spore/Sunny Day/Magical Leaf | Rapidash Lv100 (Flash Fire): Agility/Fire Blast/Fury Attack/Bounce
110,kimono_girl_kuni_0163,Kimono Girl Kuni,Trainerclass Kimono Girl,528,129,0.804,1157,361,1825.7,A,Rival Silver Quilava (Goldenrod) (Elo 2041.0),Bug Catcher Rob (Elo 1363.9),Fisherman Tully Rematch 3 (7 games),4.56,Vaporeon Lv100 (Water Absorb): Last Resort/Surf/Quick Attack/Aurora Beam
111,camper_sid_0150,Camper Sid,Trainerclass Camper,524,133,0.798,1156,372,1847.8,A,Ace Trainer Salma (Elo 2029.7),Medium Ethel (Elo 1198.1),Fisherman Kyle Rematch 1 (7 games),7.5,Dugtrio Lv100 (Sand Veil): Sand Tomb/Earth Power/Mud Bomb/Slash | Primeape Lv100 (Anger Point): Screech/Assurance/Rage/Swagger | Poliwrath Lv100 (Damp): Bubble Beam/Hypnosis/Double Slap/Submission
112,young_couple_tim_sue_0651,Young Couple Tim & Sue Rematch 3,Trainerclass Young Couple,522,135,0.795,1157,389,1808.5,A,Camper Tanner Rematch 3 (Elo 1972.9),Scientist Mitch (Elo 955.8),Fisherman Wilton (7 games),4.26,Alakazam Lv100 (Synchronize): Psychic/Calm Mind/Reflect/Recover | Golduck Lv100 (Damp): Hydro Pump/Amnesia/Aqua Jet/Blizzard
113,poke_maniac_brent_0527,Poke Maniac Brent Rematch 3,Trainerclass Poke Maniac,521,136,0.793,1138,365,1834.4,A,Leader Lt. Surge (Elo 2062.2),Bird Keeper Boris (Elo 1351.3),School Kid Billy (7 games),15.05,Gyarados Lv100 (Intimidate): Rain Dance/Hydro Pump/Dragon Dance/Hyper Beam | Lickitung Lv100 (Own Tempo): Disable/Slam/Rollout/Me First | Nidoqueen Lv100 (Poison Point): Poison Sting/Body Slam/Earth Power/Superpower | Nidoking Lv100 (Poison Point): Poison Sting/Thrash/Earth Power/Megahorn
114,juggler_fritz_0242,Juggler Fritz,Trainerclass Juggler,521,136,0.793,1165,395,1826.5,A,Leader Pryce (Elo 1982.8),Biker Ernest (Elo 1291.2),Hiker Anthony Rematch 3 (7 games),9.32,Mr Mime Lv100 (Filter): Substitute/Psychic/Encore/Double Slap | Magmar Lv100 (Flame Body): Lava Plume/Fire Punch/Confuse Ray/Faint Attack | Machoke Lv100 (No Guard): Focus Energy/Karate Chop/Seismic Toss/Revenge
115,mystery_man_eusine_0495,Mystery Man Eusine,Trainerclass Mystery Man,521,136,0.793,1157,391,1810.6,A,Rival Silver Feraligatr (Goldenrod) (Elo 2051.6),Hiker Timothy (Elo 1231.9),School Kid Sherman (7 games),11.94,Drowzee Lv100 (Insomnia): Dream Eater/Hypnosis/Disable/Confusion | Haunter Lv100 (Levitate): Lick/Hypnosis/Mean Look/Curse | Electrode Lv100 (Static): Screech/Sonic Boom/Thunder/Rollout
116,hiker_kenny_0654,Hiker Kenny Rematch 3,Trainerclass Hiker,519,138,0.79,1129,371,1837.2,A,Ace Trainer Carol (Elo 2069.5),Camper Ted (Elo 1230.0),Ace Trainer Blake (7 games),9.97,Sandslash Lv100 (Sand Veil): Fury Cutter/Sand Tomb/Slash/Gyro Ball | Graveler Lv100 (Rock Head): Rock Blast/Earthquake/Explosion/Double Edge | Golem Lv100 (Rock Head): Earthquake/Explosion/Double Edge/Stone Edge | Steelix Lv100 (Rock Head): Iron Tail/Crunch/Double Edge/Stone Edge
117,rival_silver_bayleef_burned_tower,Rival Silver Bayleef (Burned Tower),Trainerclass Rival,519,138,0.79,1122,362,1818.9,A,Ace Trainer Blake (Elo 1957.0),Team Rocket Grunt Hideout 8 (Elo 1287.0),Young Couple Vic & Tara (7 games),11.7,Gastly Lv100 (Levitate): Lick/Confuse Ray/Mean Look/Curse | Magnemite Lv100 (Magnet Pull): Thunder Wave/Thunder Shock/Supersonic/Sonic Boom | Zubat Lv100 (Inner Focus): Astonish/Supersonic/Bite/Wing Attack | Bayleef Lv100 (Overgrow): Synthesis/Reflect/Magical Leaf/Poison Powder
118,poke_maniac_brent_0173,Poke Maniac Brent Rematch 2,Trainerclass Poke Maniac,518,139,0.788,1153,399,1817.3,A,Ace Trainer Reena Rematch 2 (Elo 2020.5),Sailor Parker (Elo 1364.9),Ace Trainer Gaven (7 games),10.69,Gyarados Lv100 (Intimidate): Ice Fang/Aqua Tail/Rain Dance/Hydro Pump | Lickitung Lv100 (Own Tempo): Disable/Slam/Rollout/Me First | Nidorina Lv100 (Poison Point): Bite/Helping Hand/Toxic Spikes/Flatter | Nidorino Lv100 (Poison Point): Helping Hand/Toxic Spikes/Flatter/Poison Jab
119,lass_dana_0525,Lass Dana Rematch 3,Trainerclass Lass,518,139,0.788,1144,385,1801.3,A,Ace Trainer Carol (Elo 2069.5),Hiker Noland (Elo 1301.5),Youngster Ian Rematch 3 (7 games),10.14,Golduck Lv100 (Damp): Water Pulse/Amnesia/Confusion/Screech | Ampharos Lv100 (Static): Thunder/Discharge/Thunder Wave/Signal Beam
120,boarder_bryce_0678,Boarder Bryce,Trainerclass Boarder,517,140,0.787,1156,402,1785.5,A,Leader Jasmine (Elo 1958.2),Pokefan Derek Rematch 1 (Elo 1225.8),Psychic Jared (7 games),9.41,Dewgong Lv100 (Thick Fat): Dive/Aqua Tail/Ice Beam/Safeguard | Lapras Lv100 (Water Absorb): Ice Beam/Brine/Safeguard/Hydro Pump
121,ace_trainer_f_joyce_0036,Ace Trainer Joyce,Trainerclass Ace Trainer F,516,141,0.785,1132,388,1816.0,A,Ace Trainer Reena Rematch 2 (Elo 2020.5),School Kid Dudley (Elo 1310.6),Lass Dana Rematch 2 (7 games),8.35,Pikachu Lv100 (Static): Quick Attack/Double Team/Thunderbolt/Thunder Wave | Blastoise Lv100 (Torrent): Bite/Aqua Tail/Surf/Rain Dance
122,camper_todd_0275,Camper Todd Rematch 2,Trainerclass Camper,512,145,0.779,1116,390,1797.2,A,Ace Trainer Reena Rematch 2 (Elo 2020.5),Teacher Hillary (Elo 1210.8),Swimmer Briana (7 games),9.56,Geodude Lv100 (Rock Head): Rock Throw/Magnitude/Selfdestruct/Rollout | Graveler Lv100 (Rock Head): Selfdestruct/Rollout/Rock Blast/Earthquake | Golduck Lv100 (Damp): Confusion/Water Pulse/Fury Swipes/Screech | Slugma Lv100 (Magma Armor): Harden/Recover/Ancient Power/Amnesia
123,ace_trainer_m_ryan_0108,Ace Trainer Ryan,Trainerclass Ace Trainer M,512,145,0.779,1134,401,1796.4,A,Ace Trainer Jake (Elo 1997.5),Beauty Callie (Elo 1311.1),Ace Trainer Gaven Rematch 3 (7 games),8.18,Pidgeot Lv100 (Keen Eye): Sand Attack/Quick Attack/Whirlwind/Wing Attack | Electabuzz Lv100 (Static): Thunder Punch/Light Screen/Swift/Screech
124,fisherman_stephen_0321,Fisherman Stephen,Trainerclass Fisherman,512,145,0.779,1145,409,1773.3,A-,Leader Lt. Surge (Elo 2062.2),Scientist Mitch (Elo 955.8),Lass Michelle (7 games),14.95,Quagsire Lv100 (Damp): Amnesia/Yawn/Earthquake/Rain Dance | Qwilfish Lv100 (Poison Point): Spit Up/Revenge/Brine/Pin Missile | Tentacruel Lv100 (Clear Body): Wrap/Barrier/Water Pulse/Poison Jab
125,ace_trainer_m_paulo_0110,Ace Trainer Paulo,Trainerclass Ace Trainer M,511,146,0.778,1116,380,1799.4,A,Ace Trainer Gaven Rematch 2 (Elo 1969.7),Hiker Jim (Elo 1294.0),Bug Catcher Wade Rematch 3 (7 games),7.83,Dratini Lv100 (Shed Skin): Slam/Agility/Aqua Tail/Dragon Rush | Seadra Lv100 (Sniper): Bubble Beam/Agility/Twister/Brine | Dratini Lv100 (Shed Skin): Slam/Agility/Aqua Tail/Dragon Rush
126,biker_glenn_0315,Biker Glenn,Trainerclass Biker,509,148,0.775,1109,384,1813.8,A,Leader Erika (Elo 2022.2),Medium Edith (Elo 1162.4),Hiker Anthony Rematch 3 (7 games),6.59,Koffing Lv100 (Levitate): Sludge/Haze/Gyro Ball/Explosion | Magmar Lv100 (Flame Body): Confuse Ray/Fire Punch/Lava Plume/Flamethrower | Weezing Lv100 (Levitate): Sludge/Haze/Double Hit/Explosion
127,fisherman_gideon_0588,Fisherman Gideon,Trainerclass Fisherman,509,148,0.775,1142,412,1790.5,A,Ace Trainer Jake (Elo 1997.5),Hiker Noland (Elo 1301.5),Rival Silver Quilava (Burned Tower) (7 games),8.01,Lanturn Lv100 (Volt Absorb): Discharge/Signal Beam/Bubble Beam/Confuse Ray | Mantine Lv100 (Swift Swim): Water Pulse/Wing Attack/Psybeam/Confuse Ray
128,ace_trainer_m_arabella_0673,Ace Trainer Arabella,Trainerclass Ace Trainer M,508,149,0.773,1150,424,1803.3,A,Ace Trainer French (Elo 1998.5),Psychic Greg (Elo 1206.2),Ace Trainer Gaven (7 games),8.35,Stantler Lv100 (Intimidate): Zen Headbutt/Return/Me First/Trick Room | Tauros Lv100 (Intimidate): Take Down/Thunder/Surf/Fire Blast
129,swimmer_m_jerome_0370,Swimmer Jerome,Trainerclass Swimmer M,508,149,0.773,1107,394,1796.3,A,Executive Ariana Ariana (Radio Tower) (Elo 1966.0),Hiker Timothy (Elo 1231.9),Lass Shannon (7 games),11.42,Seadra Lv100 (Sniper): Bubble Beam/Agility/Twister/Brine | Tentacool Lv100 (Liquid Ooze): Barrier/Water Pulse/Poison Jab/Screech | Tentacruel Lv100 (Liquid Ooze): Wrap/Barrier/Water Pulse/Poison Jab | Goldeen Lv100 (Water Veil): Flail/Aqua Ring/Fury Attack/Waterfall
130,swimmer_m_ronald_0098,Swimmer Ronald,Trainerclass Swimmer M,504,153,0.767,1092,390,1786.5,A,Ace Trainer French (Elo 1998.5),Hiker Daniel (Elo 1083.1),Guitarist Vincent (7 games),7.08,Gyarados Lv100 (Intimidate): Thrash/Bite | Gyarados Lv100 (Intimidate): Thrash/Bite
131,biker_aiden_0628,Biker Aiden Rematch 1,Trainerclass Biker,504,153,0.767,1168,469,1782.3,A,Leader Pryce (Elo 1982.8),Beauty Samantha (Elo 1180.4),Bird Keeper Vance Rematch 3 (7 games),7.58,Hypno Lv100 (Insomnia): Psybeam/Psych Up/Swagger/Psychic | Tentacruel Lv100 (Clear Body): Water Pulse/Poison Jab/Screech/Hydro Pump
132,biker_jacob_0570,Biker Jacob,Trainerclass Biker,503,154,0.766,1125,424,1814.2,A,Rival Silver Meganium (Goldenrod) (Elo 2048.2),Super Nerd Waldo (Elo 1274.0),Team Rocket Grunt Radio Tower 1 (7 games),6.88,Magmar Lv100 (Flame Body): Confuse Ray/Fire Punch/Lava Plume/Flamethrower | Tentacruel Lv100 (Liquid Ooze): Barrier/Water Pulse/Poison Jab/Screech
133,fisherman_kyle_0659,Fisherman Kyle Rematch 2,Trainerclass Fisherman,502,155,0.764,1128,436,1778.9,A-,Leader Pryce (Elo 1982.8),Biker Theron (Elo 1246.8),Double Team Elan & Ida (7 games),11.11,Seaking Lv100 (Swift Swim): Flail/Aqua Ring/Fury Attack/Waterfall | Qwilfish Lv100 (Poison Point): Revenge/Brine/Pin Missile/Take Down | Seaking Lv100 (Swift Swim): Aqua Ring/Fury Attack/Waterfall/Horn Drill | Krabby Lv100 (Hyper Cutter): Protect/Guillotine/Slam/Brine
134,school_kid_m_joe_0330,School Kid Joe,Trainerclass School Kid M,500,157,0.761,1105,415,1772.0,A-,Ace Trainer Reena Rematch 2 (Elo 2020.5),Scientist Trenton (Elo 1219.8),Ace Trainer French (7 games),8.09,Tangela @ Sitrus Berry Lv100 (Chlorophyll): Ancient Power/Knock Off/Natural Gift/Slam | Vaporeon Lv100 (Water Absorb): Water Gun/Quick Attack/Bite/Aurora Beam
135,burglar_corey_0284,Burglar Corey,Trainerclass Burglar,498,159,0.758,1115,445,1750.3,A-,Leader Erika (Elo 2022.2),Medium Edith (Elo 1162.4),Swimmer Mina (7 games),7.76,Koffing Lv100 (Levitate): Selfdestruct/Sludge/Haze/Gyro Ball | Magmar Lv100 (Flame Body): Fire Spin/Confuse Ray/Fire Punch/Lava Plume | Koffing Lv100 (Levitate): Selfdestruct/Sludge/Haze/Gyro Ball | Koffing Lv100 (Levitate): Sludge/Haze/Gyro Ball/Explosion
136,executive_proton_proton_radio_tower,Executive Proton Proton (Radio Tower),Trainerclass Executive Proton,495,162,0.753,1085,425,1781.3,A,Ace Trainer Gaven Rematch 2 (Elo 1969.7),Bug Catcher Arnie Rematch 2 (Elo 1163.4),Juggler Horton (7 games),8.03,Golbat Lv100 (Inner Focus): Leech Life/Bite/Confuse Ray/Wing Attack | Weezing Lv100 (Levitate): Double Hit/Sludge/Smoke Screen/Smog
137,black_belt_kenji_0250,Black Belt Kenji Rematch 1,Trainerclass Black Belt,495,162,0.753,1122,457,1760.3,A-,Leader Lt. Surge (Elo 2062.2),Poke Maniac Ron (Elo 1216.9),Lass Shannon (7 games),13.09,Onix Lv100 (Rock Head): Rage/Rock Tomb/Sandstorm/Slam | Hitmonlee Lv100 (Limber): Brick Break/Focus Energy/Feint/Hi Jump Kick | Onix Lv100 (Rock Head): Rage/Rock Tomb/Sandstorm/Slam | Machoke Lv100 (Guts): Seismic Toss/Revenge/Vital Throw/Submission
138,kimono_girl_zuki_0162,Kimono Girl Zuki,Trainerclass Kimono Girl,495,162,0.753,1123,461,1747.8,A-,Leader Sabrina (Elo 2094.5),Medium Edith (Elo 1162.4),Swimmer Tyson (7 games),6.94,Umbreon Lv100 (Synchronize): Last Resort/Dark Pulse/Confuse Ray/Shadow Ball
139,school_kid_m_chad_0435,School Kid Chad Rematch 2,Trainerclass School Kid M,493,164,0.75,1087,434,1774.2,A-,School Kid Jack Rematch 3 (Elo 1966.8),Medium Margaret (Elo 1144.7),Scientist Lowell (7 games),6.56,Mr Mime Lv100 (Soundproof): Substitute/Recycle/Trick/Psychic | Magneton Lv100 (Magnet Pull): Spark/Lock On/Magnet Bomb/Screech
140,lass_dana_0465,Lass Dana Rematch 2,Trainerclass Lass,492,165,0.749,1126,469,1733.6,A-,School Kid Billy Rematch 3 (Elo 1949.3),Hiker Parry Rematch 1 (Elo 1265.9),Ace Trainer Joyce (7 games),10.82,Golduck Lv100 (Damp): Water Pulse/Disable/Confusion/Screech | Ampharos Lv100 (Static): Signal Beam/Discharge/Thunder Wave/Cotton Spore
141,biker_joel_0314,Biker Joel,Trainerclass Biker,491,166,0.747,1071,424,1768.4,A-,Leader Erika (Elo 2022.2),Picnicker Kim (Elo 926.8),Pokefan Alex (7 games),6.56,Magmar Lv100 (Flame Body): Confuse Ray/Fire Punch/Lava Plume/Flamethrower | Magmar Lv100 (Flame Body): Confuse Ray/Fire Punch/Lava Plume/Flamethrower
142,black_belt_kenji_0278,Black Belt Kenji Rematch 2,Trainerclass Black Belt,490,167,0.746,1100,457,1733.5,A-,Leader Pryce (Elo 1982.8),Medium Edith (Elo 1162.4),Bird Keeper Vance Rematch 3 (7 games),14.09,Onix Lv100 (Rock Head): Rock Tomb/Sandstorm/Slam/Rock Polish | Machamp Lv100 (Guts): Revenge/Vital Throw/Submission/Wake Up Slap | Onix Lv100 (Rock Head): Sandstorm/Slam/Rock Polish/Dragon Breath | Hitmonlee Lv100 (Limber): Hi Jump Kick/Mind Reader/Foresight/Blaze Kick
143,rival_silver_croconaw_burned_tower,Rival Silver Croconaw (Burned Tower),Trainerclass Rival,489,168,0.744,1058,416,1762.7,A-,Ace Trainer French (Elo 1998.5),Twins Meg & Peg (Elo 1253.8),Lass Laura (7 games),11.36,Gastly Lv100 (Levitate): Lick/Confuse Ray/Mean Look/Curse | Magnemite Lv100 (Magnet Pull): Thunder Wave/Thunder Shock/Supersonic/Sonic Boom | Zubat Lv100 (Inner Focus): Astonish/Supersonic/Bite/Wing Attack | Croconaw Lv100 (Torrent): Scary Face/Ice Fang/Water Gun/Bite
144,hiker_kenny_0653,Hiker Kenny Rematch 2,Trainerclass Hiker,489,168,0.744,1091,448,1755.3,A-,School Kid Jack Rematch 3 (Elo 1966.8),Sailor Huey (Elo 1099.8),Hiker Bruce (7 games),8.71,Sandslash Lv100 (Sand Veil): Crush Claw/Fury Cutter/Sand Tomb/Slash | Graveler Lv100 (Rock Head): Selfdestruct/Rollout/Rock Blast/Earthquake | Golem Lv100 (Rock Head): Rock Blast/Earthquake/Explosion/Double Edge | Onix Lv100 (Rock Head): Dragon Breath/Curse/Iron Tail/Sand Tomb
145,picnicker_gina_0517,Picnicker Gina Rematch 3,Trainerclass Picnicker,489,168,0.744,1110,463,1753.1,A-,Leader Brock (Elo 2027.6),Beauty Valerie (Elo 1121.4),Youngster Jimmy (7 games),15.07,Skiploom Lv100 (Chlorophyll): Sleep Powder/Bullet Seed/Leech Seed/Mega Drain | Jumpluff Lv100 (Chlorophyll): Leech Seed/Mega Drain/Cotton Spore/U Turn | Venusaur Lv100 (Overgrow): Petal Dance/Worry Seed/Synthesis/Solar Beam
146,ace_trainer_f_lois_0116,Ace Trainer Lois,Trainerclass Ace Trainer F,489,168,0.744,1106,460,1712.2,B+,Leader Erika Rematch (Elo 2131.1),Swimmer Simon (Elo 1209.4),Black Belt Kenji Rematch 1 (7 games),9.4,Mareep Lv100 (Static): Thunder Shock/Cotton Spore/Thunder Wave/Charge | Ninetales Lv100 (Flash Fire): Flamethrower/Quick Attack/Confuse Ray/Nasty Plot
147,hiker_anthony_0520,Hiker Anthony Rematch 3,Trainerclass Hiker,487,170,0.741,1113,487,1724.5,A-,Ace Trainer Salma (Elo 2029.7),School Kid Ricky (Elo 1241.1),Fisherman Ralph Rematch 3 (7 games),5.08,Graveler Lv100 (Rock Head): Rollout/Rock Blast/Earthquake/Explosion | Golem Lv100 (Rock Head): Earthquake/Explosion/Double Edge/Stone Edge | Machamp Lv100 (No Guard): Wake Up Slap/Cross Chop/Scary Face/Dynamic Punch
148,ace_trainer_m_bonita_0674,Ace Trainer Bonita,Trainerclass Ace Trainer M,486,171,0.74,1094,471,1725.0,A-,Leader Lt. Surge (Elo 2062.2),Beauty Charlotte (Elo 1255.9),Ace Trainer Alton (7 games),10.77,Spinda Lv100 (Own Tempo): Flail/Fake Out/Teeter Dance/Trick Room | Sudowoodo Lv100 (Rock Head): Wood Hammer/Hammer Arm/Earthquake/Stone Edge
149,rival_silver_quilava_burned_tower,Rival Silver Quilava (Burned Tower),Trainerclass Rival,485,172,0.738,1084,457,1770.4,A-,Ace Trainer French (Elo 1998.5),Poke Maniac Ron (Elo 1216.9),Fisherman Gideon (7 games),12.34,Gastly Lv100 (Levitate): Lick/Confuse Ray/Mean Look/Curse | Magnemite Lv100 (Magnet Pull): Thunder Wave/Thunder Shock/Supersonic/Sonic Boom | Zubat Lv100 (Inner Focus): Astonish/Supersonic/Bite/Wing Attack | Quilava Lv100 (Blaze): Flame Wheel/Smoke Screen/Ember/Quick Attack
150,lass_krise_0612,Lass Krise Rematch 3,Trainerclass Lass,481,176,0.732,1063,453,1740.9,A-,Ace Trainer Gaven Rematch 1 (Elo 1961.4),School Kid Dudley (Elo 1310.6),Burglar Duncan (7 games),8.24,Vileplume Lv100 (Chlorophyll): Aromatherapy/Stun Spore/Poison Powder/Petal Dance | Marowak Lv100 (Rock Head): Fling/Bone Rush/Endeavor/Double Edge
151,fisherman_wilton_0605,Fisherman Wilton Rematch 3,Trainerclass Fisherman,480,177,0.731,1120,513,1744.4,A-,Ace Trainer Salma (Elo 2029.7),Biker Theron (Elo 1246.8),Double Team Elan & Ida (7 games),10.83,Seaking Lv100 (Swift Swim): Flail/Aqua Ring/Fury Attack/Waterfall | Seaking Lv100 (Swift Swim): Flail/Aqua Ring/Fury Attack/Waterfall | Seaking Lv100 (Swift Swim): Waterfall/Horn Drill/Agility/Megahorn
152,young_couple_tim_sue_0650,Young Couple Tim & Sue Rematch 2,Trainerclass Young Couple,480,177,0.731,1124,518,1722.7,A-,School Kid Billy Rematch 3 (Elo 1949.3),Super Nerd Markus (Elo 1187.4),Ace Trainer Mike (7 games),4.07,Kadabra Lv100 (Synchronize): Recover/Psychic/Role Play/Reflect | Golduck Lv100 (Damp): Water Pulse/Amnesia/Zen Headbutt/Blizzard
153,beauty_julia_0346,Beauty Julia,Trainerclass Beauty,479,178,0.729,1077,473,1756.0,A-,Leader Lt. Surge (Elo 2062.2),Bug Catcher Arnie Rematch 1 (Elo 1207.3),Bird Keeper Justin (7 games),12.35,Paras Lv100 (Effect Spore): Giga Drain/Spore/Slash/Attract | Carnivine Lv100 (Levitate): Giga Drain/Wring Out/Ingrain/Attract | Parasect Lv100 (Effect Spore): Giga Drain/Spore/Attract/X Scissor
154,twins_jo_zoe_0326,Twins Jo & Zoe Rematch,Trainerclass Twins,479,178,0.729,1064,461,1728.3,A-,Leader Brock (Elo 2027.6),Bird Keeper Gail (Elo 1270.2),Young Couple Vic & Tara (7 games),4.71,Victreebel Lv100 (Chlorophyll): Giga Drain/Sleep Powder/Sludge Bomb/Protect | Vileplume Lv100 (Chlorophyll): Giga Drain/Stun Spore/Drain Punch/Attract
155,medium_darcy_0369,Medium Darcy,Trainerclass Medium,479,178,0.729,1088,486,1723.7,A-,Leader Blaine (Elo 2060.8),Picnicker Adrian (Elo 1234.7),Fisherman Kyle Rematch 3 (7 games),12.79,Slowpoke Lv100 (Own Tempo): Skill Swap/Amnesia/Disable/Psychic | Slowbro Lv100 (Own Tempo): Skill Swap/Slack Off/Psychic/Yawn
156,biker_ernest_0633,Biker Ernest Rematch 3,Trainerclass Biker,477,180,0.726,1126,536,1725.8,A-,Leader Pryce (Elo 1982.8),Medium Edith (Elo 1162.4),Swimmer Joy (7 games),8.39,Ursaring Lv100 (Guts): Scary Face/Rest/Snore/Thrash | Azumarill Lv100 (Huge Power): Double Edge/Rain Dance/Aqua Tail/Hydro Pump
157,picnicker_erin_0453,Picnicker Erin Rematch 2,Trainerclass Picnicker,476,181,0.725,1066,478,1725.3,A-,Ace Trainer Carol (Elo 2069.5),Super Nerd Cary (Elo 1343.4),Bird Keeper Josh Rematch 1 (7 games),12.87,Bellossom Lv100 (Chlorophyll): Sweet Scent/Stun Spore/Sunny Day/Magical Leaf | Sunflora Lv100 (Chlorophyll): Worry Seed/Razor Leaf/Petal Dance/Sunny Day | Rapidash Lv100 (Flash Fire): Agility/Fire Blast/Fury Attack/Bounce
158,hiker_kenny_0652,Hiker Kenny Rematch 1,Trainerclass Hiker,476,181,0.725,1059,467,1710.2,B+,Ace Trainer French (Elo 1998.5),Swimmer Simon (Elo 1209.4),Hiker Dwight (7 games),10.29,Onix Lv100 (Rock Head): Bind/Screech/Rock Throw/Rage | Graveler Lv100 (Rock Head): Selfdestruct/Rollout/Rock Blast/Earthquake | Golem Lv100 (Rock Head): Selfdestruct/Rollout/Rock Blast/Earthquake | Sandslash Lv100 (Sand Veil): Fury Swipes/Rollout/Crush Claw/Fury Cutter
159,swimmer_m_tyson_0374,Swimmer Tyson,Trainerclass Swimmer M,474,183,0.721,1084,503,1718.1,B+,Leader Lt. Surge (Elo 2062.2),Scientist Mitch (Elo 955.8),Hiker Anthony Rematch 2 (7 games),8.8,Quagsire Lv100 (Water Absorb): Earthquake/Yawn/Surf/Amnesia | Octillery Lv100 (Sniper): Signal Beam/Wring Out/Octazooka/Aurora Beam
160,ace_trainer_f_reena_0444,Ace Trainer Reena Rematch 1,Trainerclass Ace Trainer F,474,183,0.721,1051,465,1715.0,B+,Ace Trainer Gaven Rematch 2 (Elo 1969.7),Swimmer Kara (Elo 1334.8),Ace Trainer Gaven Rematch 2 (7 games),7.72,Growlithe Lv100 (Intimidate): Reversal/Fire Fang/Take Down/Flamethrower | Nidorina Lv100 (Poison Point): Fury Swipes/Bite/Helping Hand/Toxic Spikes | Staryu Lv100 (Natural Cure): Swift/Bubble Beam/Minimize/Gyro Ball
161,leader_whitney_whitney,Leader Whitney,Trainerclass Leader Whitney,473,184,0.72,1089,512,1757.7,A-,Rival Silver Feraligatr (Goldenrod) (Elo 2051.6),Beauty Kimberly (Elo 1164.1),Poke Maniac Brent Rematch 2 (7 games),14.43,Clefairy Lv100 (Cute Charm): Double Slap/Mimic/Encore/Metronome | Miltank @ Lum Berry Lv100 (Scrappy): Rollout/Attract/Stomp/Milk Drink
162,hiker_anthony_0155,Hiker Anthony Rematch 2,Trainerclass Hiker,472,185,0.718,1091,522,1717.4,B+,School Kid Jack Rematch 3 (Elo 1966.8),Fisherman Edgar (Elo 1188.8),Swimmer Tyson (7 games),4.27,Graveler Lv100 (Rock Head): Selfdestruct/Rollout/Rock Blast/Earthquake | Graveler Lv100 (Rock Head): Rollout/Rock Blast/Earthquake/Explosion | Machoke Lv100 (No Guard): Vital Throw/Submission/Wake Up Slap/Cross Chop
163,twins_jo_zoe_0416,Twins Jo & Zoe,Trainerclass Twins,471,186,0.717,1059,493,1728.6,A-,Leader Brock (Elo 2027.6),Psychic Greg (Elo 1206.2),Firebreather Walt Rematch 1 (7 games),4.78,Vileplume Lv100 (Chlorophyll): Giga Drain/Stun Spore/Drain Punch/Attract | Victreebel Lv100 (Chlorophyll): Giga Drain/Sleep Powder/Sludge Bomb/Protect
164,bird_keeper_gs_vance_0609,Bird Keeper Vance Rematch 3,Trainerclass Bird Keeper Gs,470,187,0.715,1052,488,1744.6,A-,School Kid Alan Rematch 3 (Elo 1942.9),Hiker Bailey (Elo 1160.3),Leader Morty (7 games),16.0,Pidgeot Lv100 (Keen Eye): Wing Attack/Roost/Tailwind/Mirror Move | Pidgeot Lv100 (Keen Eye): Feather Dance/Agility/Wing Attack/Roost | Noctowl Lv100 (Insomnia): Zen Headbutt/Extrasensory/Psycho Shift/Roost
165,psychic_m_vernon_0411,Psychic Vernon,Trainerclass Psychic M,470,187,0.715,1067,498,1718.9,A-,Ace Trainer Gaven Rematch 2 (Elo 1969.7),Psychic Fidel (Elo 1125.5),Bird Keeper Josh (7 games),3.82,Espeon Lv100 (Synchronize): Confusion/Quick Attack/Swift/Psybeam
166,lass_laura_0354,Lass Laura,Trainerclass Lass,469,188,0.714,1042,479,1747.3,A-,Ace Trainer Jake (Elo 1997.5),Team Rocket Grunt Hideout 8 (Elo 1287.0),Rival Silver Croconaw (Burned Tower) (7 games),14.6,Gloom @ Sitrus Berry Lv100 (Chlorophyll): Sleep Powder/Mega Drain/Lucky Chant/Natural Gift | Pidgeotto Lv100 (Tangled Feet): Twister/Feather Dance/Agility/Wing Attack | Bellossom Lv100 (Chlorophyll): Sweet Scent/Stun Spore/Sunny Day/Magical Leaf
167,ace_trainer_m_alton_0109,Ace Trainer Alton,Trainerclass Ace Trainer M,467,190,0.711,1038,480,1734.9,A-,Camper Todd Rematch 3 (Elo 1945.1),Swimmer Diana (Elo 1387.3),School Kid Billy Rematch 2 (7 games),11.78,Ivysaur Lv100 (Overgrow): Sleep Powder/Take Down/Razor Leaf/Sweet Scent | Charmeleon Lv100 (Blaze): Ember/Smoke Screen/Dragon Rage/Scary Face | Wartortle Lv100 (Torrent): Water Gun/Bite/Rapid Spin/Protect
168,camper_tanner_0655,Camper Tanner Rematch 1,Trainerclass Camper,465,192,0.708,1043,498,1730.5,A-,Leader Blaine (Elo 2060.8),Picnicker Tiffany Rematch 2 (Elo 1210.9),School Kid Chad Rematch 1 (7 games),6.55,Sudowoodo Lv100 (Sturdy): Rock Tomb/Rock Slide/Slam/Sucker Punch | Chinchou Lv100 (Volt Absorb): Bubble Beam/Signal Beam/Discharge/Aqua Ring
169,fisherman_kyle_0658,Fisherman Kyle Rematch 1,Trainerclass Fisherman,465,192,0.708,1046,502,1728.8,A-,Camper Todd Rematch 3 (Elo 1945.1),Beauty Charlotte (Elo 1255.9),Camper Sid (7 games),10.59,Seaking Lv100 (Swift Swim): Flail/Aqua Ring/Fury Attack/Waterfall | Qwilfish Lv100 (Poison Point): Spit Up/Revenge/Brine/Pin Missile | Seaking Lv100 (Swift Swim): Flail/Aqua Ring/Fury Attack/Waterfall
170,camper_dean_0149,Camper Dean,Trainerclass Camper,463,194,0.705,1042,502,1710.4,B+,Leader Chuck (Elo 1922.0),Super Nerd Markus (Elo 1187.4),Juggler Fritz (7 games),7.96,Golduck Lv100 (Cloud Nine): Fury Swipes/Screech/Psych Up/Zen Headbutt | Sandslash Lv100 (Sand Veil): Crush Claw/Fury Cutter/Sand Tomb/Slash
171,executive_petrel_petrel_rocket_hq,Executive Petrel Petrel (Rocket HQ),Trainerclass Executive Petrel,462,195,0.703,1049,516,1709.6,B+,Camper Tanner Rematch 3 (Elo 1972.9),Hiker Parry Rematch 1 (Elo 1265.9),Youngster Jason (7 games),10.05,Zubat Lv100 (Inner Focus): Astonish/Bite/Wing Attack/Confuse Ray | Raticate Lv100 (Guts): Hyper Fang/Sucker Punch/Scary Face/Crunch | Koffing Lv100 (Levitate): Smog/Smoke Screen/Assurance/Selfdestruct
172,juggler_horton_0396,Juggler Horton,Trainerclass Juggler,461,196,0.702,1051,523,1717.2,B+,Ace Trainer Carol (Elo 2069.5),Picnicker Gina (Elo 1201.1),Gentleman Gregory (7 games),9.05,Electrode Lv100 (Static): Swift/Shock Wave/Screech/Explosion | Electrode Lv100 (Static): Swift/Shock Wave/Double Team/Light Screen | Electrode Lv100 (Static): Swift/Shock Wave/Screech/Rollout
173,biker_aiden_0629,Biker Aiden Rematch 2,Trainerclass Biker,461,196,0.702,1127,605,1712.7,B+,Leader Pryce (Elo 1982.8),Pokefan Colin (Elo 1161.4),Juggler Irwin Rematch 2 (7 games),8.32,Hypno Lv100 (Insomnia): Psych Up/Swagger/Psychic/Nasty Plot | Tentacruel Lv100 (Clear Body): Poison Jab/Screech/Hydro Pump/Wring Out
174,bug_catcher_wade_0460,Bug Catcher Wade Rematch 2,Trainerclass Bug Catcher,459,198,0.699,1024,504,1705.8,B+,Leader Erika (Elo 2022.2),Bird Keeper Bert (Elo 1235.5),Biker Aiden Rematch 2 (7 games),10.45,Butterfree Lv100 (Compound Eyes): Bug Bite/Silver Wind/Confusion/Gust | Butterfree Lv100 (Compound Eyes): Bug Buzz/Tailwind/Captivate/Safeguard | Beedrill Lv100 (Swarm): Bug Bite/Twineedle/Poison Jab/Focus Energy | Butterfree Lv100 (Compound Eyes): Bug Bite/Gust/Sleep Powder/Stun Spore
175,bird_keeper_gs_josh_0644,Bird Keeper Josh Rematch 2,Trainerclass Bird Keeper Gs,457,200,0.696,1029,521,1714.4,B+,School Kid Jack Rematch 3 (Elo 1966.8),Twins Tori & Til (Elo 1143.3),Sailor Huey Rematch 2 (7 games),8.36,Skarmory Lv100 (Keen Eye): Steel Wing/Air Slash/Slash/Night Slash | Fearow Lv100 (Keen Eye): Agility/Assurance/Roost/Drill Peck
176,psychic_m_franklin_0230,Psychic Franklin,Trainerclass Psychic M,455,202,0.693,1041,537,1691.5,B+,Ace Trainer Gaven Rematch 2 (Elo 1969.7),Psychic Fidel (Elo 1125.5),School Kid Nate (7 games),4.66,Kadabra Lv100 (Inner Focus): Headbutt/Skill Swap/Psychic/Disable | Girafarig Lv100 (Early Bird): Crunch/Skill Swap/Double Hit/Psychic
177,kimono_girl_sayo_0161,Kimono Girl Sayo,Trainerclass Kimono Girl,454,203,0.691,1005,498,1755.5,A-,Leader Falkner Rematch (Elo 2148.2),Youngster Ian (Elo 901.8),Executive Petrel Petrel (Radio Tower) (7 games),6.94,Jolteon Lv100 (Volt Absorb): Last Resort/Thunderbolt/Double Team/Thunder Wave
178,school_kid_m_chad_0504,School Kid Chad Rematch 3,Trainerclass School Kid M,453,204,0.689,1065,564,1701.1,B+,Leader Pryce (Elo 1982.8),Medium Margaret (Elo 1144.7),Bird Keeper Josh Rematch 2 (7 games),11.71,Mr Mime Lv100 (Soundproof): Baton Pass/Double Team/Light Screen/Psychic | Magneton Lv100 (Magnet Pull): Gyro Ball/Mirror Shot/Thunder Wave/Magnet Bomb
179,ace_trainer_f_jamie_0113,Ace Trainer Jamie,Trainerclass Ace Trainer F,453,204,0.689,1038,540,1680.7,B+,Executive Ariana Ariana (Radio Tower) (Elo 1966.0),Hiker Parry (Elo 1107.8),Burglar Duncan (7 games),7.84,Rapidash Lv100 (Flash Fire): Stomp/Fire Spin/Will O Wisp/Agility | Flaaffy Lv100 (Static): Discharge/Cotton Spore/Thunder Wave/Charge
180,ace_trainer_f_reena_0114,Ace Trainer Reena,Trainerclass Ace Trainer F,451,206,0.686,1008,517,1661.8,B,Leader Jasmine (Elo 1958.2),Pokefan William (Elo 1339.4),Picnicker Gina Rematch 2 (7 games),7.28,Growlithe Lv100 (Intimidate): Reversal/Fire Fang/Take Down/Flamethrower | Nidorina Lv100 (Poison Point): Poison Sting/Fury Swipes/Bite/Helping Hand | Staryu Lv100 (Illuminate): Camouflage/Swift/Bubble Beam/Minimize
181,fisherman_murphy_0586,Fisherman Murphy,Trainerclass Fisherman,450,207,0.685,1000,507,1704.0,B+,Leader Blaine (Elo 2060.8),Sage Jin (Elo 1008.2),Twins Kay & Tia Rematch 1 (7 games),10.27,Corsola Lv100 (Hustle): Rock Blast/Bubble Beam/Lucky Chant/Ancient Power | Corsola Lv100 (Hustle): Rock Blast/Bubble Beam/Lucky Chant/Ancient Power | Corsola Lv100 (Hustle): Rock Blast/Bubble Beam/Lucky Chant/Ancient Power | Corsola Lv100 (Hustle): Bubble Beam/Lucky Chant/Ancient Power/Aqua Ring
182,juggler_irwin_0455,Juggler Irwin Rematch 2,Trainerclass Juggler,450,207,0.685,1035,554,1688.2,B+,Executive Ariana Ariana (Rocket HQ) (Elo 1910.6),Hiker Parry Rematch 1 (Elo 1265.9),Biker Aiden Rematch 2 (7 games),8.9,Voltorb Lv100 (Soundproof): Light Screen/Charge Beam/Selfdestruct/Swift | Voltorb Lv100 (Static): Charge Beam/Selfdestruct/Swift/Magnet Rise | Voltorb Lv100 (Static): Charge Beam/Selfdestruct/Swift/Magnet Rise | Electrode Lv100 (Static): Charge Beam/Selfdestruct/Swift/Magnet Rise
183,sailor_kenneth_0241,Sailor Kenneth,Trainerclass Sailor,449,208,0.683,1008,531,1676.1,B+,Firebreather Otis (Elo 1876.2),Medium Margaret (Elo 1144.7),Swimmer Nicole (7 games),9.53,Machop Lv100 (Guts): Revenge/Vital Throw/Submission/Wake Up Slap | Machop Lv100 (No Guard): Revenge/Vital Throw/Submission/Wake Up Slap | Poliwrath Lv100 (Damp): Bubble Beam/Hypnosis/Double Slap/Submission | Machop Lv100 (No Guard): Revenge/Vital Throw/Submission/Wake Up Slap
184,twins_kay_tia_0641,Twins Kay & Tia Rematch 2,Trainerclass Twins,447,210,0.68,978,510,1662.2,B,Leader Lt. Surge (Elo 2062.2),Young Couple Moe & Lulu (Elo 1078.3),Twins Kay & Tia Rematch 3 (7 games),5.36,Quagsire Lv100 (Damp): Rain Dance/Surf/Muddy Water/Earthquake | Quagsire Lv100 (Damp): Amnesia/Surf/Muddy Water/Protect
185,lass_michelle_0356,Lass Michelle,Trainerclass Lass,447,210,0.68,1061,593,1653.1,B,Ace Trainer Blake (Elo 1957.0),Firebreather Richard (Elo 1104.7),Gentleman Alfred Rematch 2 (7 games),14.34,Skiploom Lv100 (Chlorophyll): Giga Drain/U Turn/Leech Seed/Sunny Day | Hoppip Lv100 (Chlorophyll): Giga Drain/U Turn/Stun Spore/Bounce | Jumpluff Lv100 (Chlorophyll): Giga Drain/U Turn/Sleep Powder/Sunny Day
186,bird_keeper_gs_josh_0645,Bird Keeper Josh Rematch 3,Trainerclass Bird Keeper Gs,444,213,0.676,994,531,1679.6,B+,Ace Trainer Gaven Rematch 2 (Elo 1969.7),Picnicker Gina (Elo 1201.1),Hiker Noland (7 games),8.86,Skarmory Lv100 (Keen Eye): Steel Wing/Air Slash/Slash/Night Slash | Fearow Lv100 (Keen Eye): Agility/Assurance/Roost/Drill Peck
187,biker_charles_0312,Biker Charles,Trainerclass Biker,444,213,0.676,1038,575,1672.3,B+,Executive Ariana Ariana (Rocket HQ) (Elo 1910.6),Fisherman Edgar (Elo 1188.8),Swimmer Tyson (7 games),6.99,Koffing Lv100 (Levitate): Sludge/Haze/Gyro Ball/Explosion | Charmeleon Lv100 (Blaze): Scary Face/Fire Fang/Slash/Flamethrower | Weezing Lv100 (Levitate): Sludge/Haze/Double Hit/Explosion
188,picnicker_gina_0334,Picnicker Gina Rematch 2,Trainerclass Picnicker,443,214,0.674,1052,597,1679.9,B+,Camper Todd Rematch 3 (Elo 1945.1),Pokefan Colin (Elo 1161.4),School Kid Travis (7 games),15.16,Skiploom Lv100 (Chlorophyll): Stun Spore/Sleep Powder/Bullet Seed/Leech Seed | Skiploom Lv100 (Chlorophyll): Stun Spore/Sleep Powder/Bullet Seed/Leech Seed | Ivysaur Lv100 (Overgrow): Double Edge/Worry Seed/Synthesis/Solar Beam
189,twins_day_dani_0595,Twins Day & Dani,Trainerclass Twins,442,215,0.673,1063,608,1672.2,B+,Ace Trainer Carol (Elo 2069.5),Youngster Joey (Elo 874.1),School Kid Billy Rematch 2 (7 games),4.09,Plusle Lv100 (Plus): Copycat/Swift/Charge/Thunder | Minun Lv100 (Minus): Swift/Fake Tears/Charge/Thunder
190,boarder_shaun_0679,Boarder Shaun,Trainerclass Boarder,441,216,0.671,1019,567,1683.3,B+,Ace Trainer French (Elo 1998.5),Hiker Jim (Elo 1294.0),Psychic Vernon (7 games),10.06,Cloyster Lv100 (Shell Armor): Aurora Beam/Protect/Spikes/Spike Cannon | Dewgong Lv100 (Thick Fat): Take Down/Dive/Aqua Tail/Ice Beam
191,youngster_jimmy_0379,Youngster Jimmy,Trainerclass Youngster,441,216,0.671,1037,592,1645.4,B,School Kid Jack Rematch 3 (Elo 1966.8),Youngster Samuel (Elo 1249.4),Hiker Eoin (7 games),10.58,Raticate Lv100 (Run Away): Crunch/Assurance/Super Fang/Double Edge | Arbok Lv100 (Intimidate): Swallow/Spit Up/Mud Bomb/Gastro Acid | Parasect Lv100 (Effect Spore): Spore/Slash/Growth/Giga Drain
192,sailor_huey_0506,Sailor Huey Rematch 3,Trainerclass Sailor,440,217,0.67,1001,555,1702.4,B+,Double Team Thom & Kae (Elo 1936.6),Black Belt Yoshi (Elo 1223.8),Picnicker Gina Rematch 1 (7 games),7.69,Politoed Lv100 (Water Absorb): Whirlpool/Rain Dance/Body Slam/Perish Song | Poliwrath Lv100 (Water Absorb): Surf/Strength/Ice Punch/Submission
193,firebreather_walt_0617,Firebreather Walt Rematch 2,Trainerclass Firebreather,440,217,0.67,1024,575,1669.0,B+,Leader Erika (Elo 2022.2),Youngster Joey Rematch 2 (Elo 1097.9),Camper Todd Rematch 1 (7 games),7.83,Magmar Lv100 (Flame Body): Faint Attack/Fire Spin/Confuse Ray/Fire Punch | Magmar Lv100 (Flame Body): Fire Spin/Confuse Ray/Fire Punch/Lava Plume
194,kimono_girl_miki_0164,Kimono Girl Miki,Trainerclass Kimono Girl,438,219,0.667,1004,566,1653.7,B,Leader Erika (Elo 2022.2),Sailor Huey (Elo 1099.8),Black Belt Lung (7 games),4.02,Flareon Lv100 (Flash Fire): Last Resort/Fire Blast/Quick Attack/Will O Wisp
195,school_kid_m_torin_0648,School Kid Torin Rematch 3,Trainerclass School Kid M,437,220,0.665,1001,568,1698.0,B+,Ace Trainer Blake (Elo 1957.0),Psychic Fidel (Elo 1125.5),Super Nerd Hugh (7 games),11.11,Sandslash Lv100 (Sand Veil): Sand Tomb/Slash/Gyro Ball/Sandstorm | Golbat Lv100 (Inner Focus): Mean Look/Poison Fang/Haze/Air Slash | Vulpix Lv100 (Flash Fire): Captivate/Grudge/Extrasensory/Fire Blast
196,team_rocket_f_grunt_radio_tower_10_0200,Team Rocket Grunt Radio Tower 10,Trainerclass Team Rocket F,437,220,0.665,993,557,1666.6,B+,Camper Tanner Rematch 3 (Elo 1972.9),Bug Catcher Arnie Rematch 2 (Elo 1163.4),Youngster Regis (7 games),16.37,Ekans Lv100 (Intimidate): Bite/Glare/Screech/Acid | Oddish Lv100 (Chlorophyll): Poison Powder/Stun Spore/Sleep Powder/Mega Drain | Ekans Lv100 (Shed Skin): Bite/Glare/Screech/Acid | Gloom Lv100 (Chlorophyll): Poison Powder/Stun Spore/Sleep Powder/Mega Drain
197,super_nerd_shawn_0367,Super Nerd Shawn,Trainerclass Super Nerd,436,221,0.664,1018,586,1688.5,B+,Ace Trainer Quinn (Elo 1904.8),Hiker Noland (Elo 1301.5),Ace Trainer Nick (7 games),11.37,Magnemite Lv100 (Sturdy): Lock On/Magnet Bomb/Screech/Discharge | Muk @ Nugget Lv100 (Sticky Hold): Mud Bomb/Fling/Screech/Sludge Bomb | Magnemite Lv100 (Sturdy): Lock On/Magnet Bomb/Screech/Discharge
198,hiker_kenny_0358,Hiker Kenny,Trainerclass Hiker,435,222,0.662,999,575,1660.9,B,School Kid Jack Rematch 3 (Elo 1966.8),Hiker Daniel (Elo 1083.1),Team Rocket Grunt Underground 4 (7 games),7.25,Sandslash Lv100 (Sand Veil): Swift/Fury Swipes/Rollout/Crush Claw | Graveler Lv100 (Rock Head): Magnitude/Selfdestruct/Rollout/Rock Blast | Golem Lv100 (Rock Head): Selfdestruct/Rollout/Rock Blast/Earthquake
199,camper_barry_0084,Camper Barry,Trainerclass Camper,434,223,0.661,1024,601,1643.3,B,Leader Lt. Surge (Elo 2062.2),Medium Margaret (Elo 1144.7),Team Rocket Grunt Underground 7 (7 games),4.14,Nidoking Lv100 (Rivalry): Poison Jab/Focus Energy/Earth Power/Focus Blast
200,ace_trainer_f_piper_0498,Ace Trainer Piper,Trainerclass Ace Trainer F,432,225,0.658,990,580,1669.1,B+,Ace Trainer Gaven Rematch 1 (Elo 1961.4),Picnicker Heidi (Elo 1145.1),Biker Dan (7 games),9.38,Horsea Lv100 (Sniper): Smoke Screen/Leer/Brine/Twister | Horsea Lv100 (Sniper): Smoke Screen/Leer/Brine/Twister | Seadra Lv100 (Sniper): Agility/Leer/Waterfall/Twister
201,bird_keeper_gs_vance_0448,Bird Keeper Vance Rematch 2,Trainerclass Bird Keeper Gs,432,225,0.658,974,561,1663.4,B,Ace Trainer Gaven Rematch 1 (Elo 1961.4),Hiker Parry Rematch 1 (Elo 1265.9),Hiker Devin (7 games),12.41,Pidgeotto Lv100 (Keen Eye): Twister/Feather Dance/Agility/Wing Attack | Pidgeot Lv100 (Keen Eye): Twister/Feather Dance/Agility/Wing Attack | Noctowl Lv100 (Insomnia): Take Down/Air Slash/Zen Headbutt/Extrasensory
202,team_rocket_grunt_radio_tower_2_0186,Team Rocket Grunt Radio Tower 2,Trainerclass Team Rocket,432,225,0.658,1046,633,1641.5,B,Leader Erika (Elo 2022.2),Medium Margaret (Elo 1144.7),Biker Charles (7 games),17.84,Grimer Lv100 (Stench): Disable/Minimize/Sludge/Mud Bomb | Grimer Lv100 (Stench): Disable/Minimize/Sludge/Mud Bomb | Muk Lv100 (Stench): Disable/Minimize/Sludge/Mud Bomb
203,hiker_bruce_0544,Hiker Bruce,Trainerclass Hiker,431,226,0.656,1007,599,1667.9,B+,School Kid Jack Rematch 3 (Elo 1966.8),Fisherman Arnold (Elo 1084.3),Hiker Kenny Rematch 2 (7 games),7.63,Graveler Lv100 (Rock Head): Rollout/Rock Blast/Earthquake/Explosion | Rhydon Lv100 (Lightning Rod): Rock Blast/Take Down/Horn Drill/Hammer Arm | Clefairy Lv100 (Cute Charm): Gravity/Moonlight/Light Screen/Meteor Mash
204,pokefan_m_alex_0492,Pokefan Alex,Trainerclass Pokefan M,431,226,0.656,1001,597,1649.0,B,Leader Chuck (Elo 1922.0),Hiker Timothy (Elo 1231.9),Biker Joel (7 games),9.58,Nidoking Lv100 (Rivalry): Focus Energy/Double Kick/Poison Sting/Thrash | Slowking Lv100 (Own Tempo): Confusion/Disable/Headbutt/Water Pulse | Magikarp Lv100 (Swift Swim): Splash/Tackle/Flail
205,school_kid_m_sherman_0543,School Kid Sherman,Trainerclass School Kid M,429,228,0.653,1004,601,1669.8,B+,Ace Trainer Salma (Elo 2029.7),Twins Tori & Til (Elo 1143.3),Mystery Man Eusine (7 games),14.01,Furret Lv100 (Run Away): Double Team/Baton Pass/Amnesia/Slam | Pidgeot Lv100 (Keen Eye): Roost/Wing Attack/Steel Wing/Return
206,black_belt_wai_0339,Black Belt Wai,Trainerclass Black Belt,428,229,0.651,959,564,1646.1,B,Leader Pryce (Elo 1982.8),Team Rocket Grunt Slowpoke Well 1 (Elo 1090.4),Team Rocket Grunt Radio Tower 4 (7 games),7.34,Machoke Lv100 (No Guard): Revenge/Vital Throw/Submission/Wake Up Slap | Machoke Lv100 (No Guard): Vital Throw/Submission/Wake Up Slap/Cross Chop | Meditite Lv100 (Pure Power): Force Palm/Hi Jump Kick/Psych Up/Power Trick
207,school_kid_m_kipp_0179,School Kid Kipp,Trainerclass School Kid M,427,230,0.65,973,585,1662.4,B,Pokemon Trainer Lance (Rocket HQ) (Elo 1874.6),Hiker Noland (Elo 1301.5),Biker Aiden (7 games),12.23,Voltorb Lv100 (Static): Charge Beam/Selfdestruct/Swift/Magnet Rise | Magnemite Lv100 (Sturdy): Spark/Lock On/Magnet Bomb/Screech | Voltorb Lv100 (Static): Selfdestruct/Swift/Magnet Rise/Gyro Ball | Magneton Lv100 (Sturdy): Lock On/Magnet Bomb/Screech/Discharge
208,youngster_regis_0549,Youngster Regis,Trainerclass Youngster,426,231,0.648,984,600,1647.9,B,Ace Trainer Quinn (Elo 1904.8),Picnicker Gina (Elo 1201.1),Team Rocket Grunt Radio Tower 10 (7 games),9.23,Golbat Lv100 (Inner Focus): Confuse Ray/Air Cutter/Mean Look/Poison Fang | Electrode Lv100 (Soundproof): Charge Beam/Selfdestruct/Swift/Magnet Rise
209,biker_reese_0627,Biker Reese Rematch 3,Trainerclass Biker,426,231,0.648,995,602,1630.6,B,Pokemon Trainer Lance (Rocket HQ) (Elo 1874.6),Beauty Kassandra (Elo 1247.4),Poke Maniac Morgan (7 games),8.71,Arbok Lv100 (Intimidate): Gunk Shot/Mud Bomb/Gastro Acid/Crunch | Weezing Lv100 (Levitate): Sludge Bomb/Double Hit/Smoke Screen/Thunder
210,biker_dan_0572,Biker Dan,Trainerclass Biker,425,232,0.647,990,597,1664.8,B+,Double Team Thom & Kae (Elo 1936.6),Medium Edith (Elo 1162.4),Ace Trainer Piper (7 games),10.75,Gulpin Lv100 (Liquid Ooze): Stockpile/Spit Up/Swallow/Sludge Bomb | Weezing Lv100 (Levitate): Selfdestruct/Sludge/Haze/Double Hit | Weezing Lv100 (Levitate): Selfdestruct/Sludge/Haze/Double Hit
211,fisherman_ralph_0512,Fisherman Ralph Rematch 3,Trainerclass Fisherman,424,233,0.645,1024,645,1638.6,B,Ace Trainer Gaven Rematch 1 (Elo 1961.4),Sage Nico (Elo 1236.3),School Kid Jack Rematch 1 (7 games),7.03,Qwilfish Lv100 (Poison Point): Take Down/Aqua Tail/Poison Jab/Destiny Bond | Seaking Lv100 (Swift Swim): Fury Attack/Waterfall/Horn Drill/Agility
212,young_couple_vic_tara_0554,Young Couple Vic & Tara,Trainerclass Young Couple,423,234,0.644,993,614,1673.8,B+,Ace Trainer Shaye (Elo 2025.1),School Kid Travis (Elo 1180.7),Rival Silver Bayleef (Burned Tower) (7 games),3.78,Magmar Lv100 (Flame Body): Sunny Day/Flamethrower/Confuse Ray/Fire Spin | Sunflora Lv100 (Solar Power): Solar Beam/Razor Leaf/Ingrain/Mega Drain
213,bird_keeper_gs_josh_0643,Bird Keeper Josh Rematch 1,Trainerclass Bird Keeper Gs,423,234,0.644,956,577,1649.5,B,Executive Ariana Ariana (Radio Tower) (Elo 1966.0),Twins Tori & Til (Elo 1143.3),Picnicker Erin Rematch 2 (7 games),9.77,Fearow Lv100 (Keen Eye): Agility/Assurance/Roost/Drill Peck | Skarmory Lv100 (Keen Eye): Metal Sound/Steel Wing/Air Slash/Slash
214,black_belt_kiyo_0158,Black Belt Kiyo,Trainerclass Black Belt,423,234,0.644,980,610,1641.5,B,Ace Trainer Gaven Rematch 2 (Elo 1969.7),Psychic Fidel (Elo 1125.5),Swimmer Joy (7 games),7.91,Hitmonlee Lv100 (Reckless): Focus Energy/Feint/Hi Jump Kick/Mind Reader | Hitmonchan Lv100 (Iron Fist): Vacuum Wave/Thunder Punch/Ice Punch/Fire Punch
215,juggler_irwin_0524,Juggler Irwin Rematch 3,Trainerclass Juggler,422,235,0.642,992,616,1673.0,B+,Ace Trainer Carol (Elo 2069.5),Pokefan Rex (Elo 1019.5),Ace Trainer Joyce (7 games),14.91,Voltorb Lv100 (Soundproof): Rollout/Spark/Sonic Boom/Charge | Voltorb Lv100 (Static): Charge Beam/Charge/Light Screen/Swift | Electrode Lv100 (Static): Thunder/Screech/Charge Beam/Rain Dance | Electrode Lv100 (Static): Thunder/Mirror Coat/Magnet Rise/Thunder Wave
216,swimmer_f_nicole_0293,Swimmer Nicole,Trainerclass Swimmer F,422,235,0.642,1005,631,1631.4,B,Executive Ariana Ariana (Radio Tower) (Elo 1966.0),Team Rocket Grunt Hideout 7 (Elo 1184.8),Sailor Kenneth (7 games),10.33,Marill Lv100 (Huge Power): Aqua Ring/Double Edge/Rain Dance/Aqua Tail | Marill Lv100 (Huge Power): Aqua Ring/Double Edge/Rain Dance/Aqua Tail | Lapras Lv100 (Shell Armor): Rain Dance/Perish Song/Ice Beam/Brine
217,ace_trainer_m_cody_0112,Ace Trainer Cody,Trainerclass Ace Trainer M,421,236,0.641,954,580,1642.4,B,Camper Bertrand (Elo 1902.4),Young Couple Moe & Lulu (Elo 1078.3),Young Couple Moe & Lulu (7 games),5.82,Horsea Lv100 (Swift Swim): Agility/Twister/Brine/Hydro Pump | Seadra Lv100 (Sniper): Bubble Beam/Agility/Twister/Brine
218,biker_dwayne_0309,Biker Dwayne,Trainerclass Biker,421,236,0.641,997,636,1623.0,B,Leader Chuck (Elo 1922.0),Medium Margaret (Elo 1144.7),Biker Reese Rematch 1 (7 games),7.51,Koffing Lv100 (Levitate): Sludge/Haze/Gyro Ball/Explosion | Koffing Lv100 (Levitate): Sludge/Haze/Gyro Ball/Explosion | Koffing Lv100 (Levitate): Sludge/Haze/Gyro Ball/Explosion | Koffing Lv100 (Levitate): Sludge/Haze/Gyro Ball/Explosion
219,bird_keeper_gs_easton_0594,Bird Keeper Easton,Trainerclass Bird Keeper Gs,419,238,0.638,970,606,1647.6,B,Leader Morty (Elo 1902.8),Scientist Trenton (Elo 1219.8),Black Belt Ander (7 games),12.15,Doduo Lv100 (Run Away): Pursuit/Uproar/Acupressure/Double Hit | Doduo Lv100 (Run Away): Pursuit/Uproar/Acupressure/Double Hit | Dodrio Lv100 (Run Away): Pursuit/Uproar/Acupressure/Tri Attack | Dodrio Lv100 (Run Away): Pursuit/Uproar/Acupressure/Tri Attack
220,school_kid_m_billy_0331,School Kid Billy,Trainerclass School Kid M,419,238,0.638,1018,660,1638.6,B,Fisherman Barney (Elo 1889.5),Youngster Joey Rematch 2 (Elo 1097.9),Scientist Lowell (7 games),11.22,Parasect Lv100 (Dry Skin): Spore/Slash/Growth/Giga Drain | Poliwhirl Lv100 (Damp): Body Slam/Bubble Beam/Mud Shot/Belly Drum | Ditto Lv100 (Limber): Transform
221,hiker_michael_0144,Hiker Michael,Trainerclass Hiker,419,238,0.638,1019,655,1634.3,B,Double Team Thom & Kae (Elo 1936.6),Fisherman Kyler Rematch 2 (Elo 824.6),Ace Trainer Jamie Rematch 3 (7 games),4.46,Geodude Lv100 (Sturdy): Magnitude/Selfdestruct/Rollout/Rock Blast | Graveler Lv100 (Sturdy): Rock Throw/Magnitude/Selfdestruct/Rollout | Golem Lv100 (Sturdy): Rock Throw/Magnitude/Selfdestruct/Rollout
222,fisherman_scott_0413,Fisherman Scott,Trainerclass Fisherman,419,238,0.638,975,615,1627.5,B,School Kid Jack Rematch 3 (Elo 1966.8),Twins Tori & Til (Elo 1143.3),Psychic Nelson (7 games),10.29,Qwilfish Lv100 (Swift Swim): Water Gun/Revenge/Rollout/Poison Sting | Qwilfish Lv100 (Swift Swim): Water Gun/Revenge/Stockpile/Spit Up | Seaking Lv100 (Water Veil): Fury Attack/Aqua Ring/Flail/Water Pulse
223,pokefan_m_joshua_0349,Pokefan Joshua,Trainerclass Pokefan M,419,238,0.638,969,612,1610.9,B-,Fisherman Barney (Elo 1889.5),Hiker Russel (Elo 1072.4),Pokefan Alex (7 games),13.85,Pikachu Lv100 (Static): Double Team/Slam/Thunderbolt/Feint | Pikachu Lv100 (Static): Double Team/Slam/Thunderbolt/Feint | Pikachu Lv100 (Static): Double Team/Slam/Thunderbolt/Feint | Pikachu Lv100 (Static): Double Team/Slam/Thunderbolt/Feint | Pikachu Lv100 (Static): Double Team/Slam/Thunderbolt/Feint | Pikachu Lv100 (Static): Double Team/Slam/Thunderbolt/Feint
224,school_kid_m_billy_0637,School Kid Billy Rematch 1,Trainerclass School Kid M,418,239,0.636,995,645,1616.8,B,School Kid Jack Rematch 3 (Elo 1966.8),Biker Theron (Elo 1246.8),Juggler Irwin Rematch 3 (7 games),10.74,Parasect Lv100 (Effect Spore): Spore/Slash/Growth/Giga Drain | Poliwhirl Lv100 (Water Absorb): Bubble Beam/Mud Shot/Belly Drum/Wake Up Slap | Ditto Lv100 (Limber): Transform
225,fisherman_jonah_0128,Fisherman Jonah,Trainerclass Fisherman,417,240,0.635,965,613,1664.4,B,Hiker Kenny Rematch 3 (Elo 1837.2),Scientist Trenton (Elo 1219.8),Team Rocket Grunt Underground 5 (7 games),12.36,Shellder Lv100 (Shell Armor): Leer/Clamp/Ice Shard/Aurora Beam | Octillery Lv100 (Sniper): Focus Energy/Octazooka/Bullet Seed/Wring Out | Remoraid Lv100 (Sniper): Bubble Beam/Focus Energy/Bullet Seed/Water Pulse | Cloyster Lv100 (Skill Link): Supersonic/Aurora Beam/Protect/Spikes
226,black_belt_ander_0547,Black Belt Ander,Trainerclass Black Belt,417,240,0.635,1030,675,1640.2,B,Leader Chuck (Elo 1922.0),Youngster Albert (Elo 1008.5),School Kid Nate (7 games),8.09,Primeape Lv100 (Vital Spirit): Assurance/Rage/Swagger/Cross Chop | Graveler Lv100 (Rock Head): Rollout/Rock Blast/Earthquake/Explosion | Machoke Lv100 (Guts): Submission/Wake Up Slap/Cross Chop/Scary Face
227,firebreather_burt_0318,Firebreather Burt,Trainerclass Firebreather,413,244,0.629,969,633,1633.9,B,Leader Jasmine (Elo 1958.2),Fisherman Henry (Elo 979.1),Camper Grant (7 games),6.61,Weezing Lv100 (Levitate): Flamethrower/Explosion/Double Hit/Sludge | Magcargo Lv100 (Magma Armor): Lava Plume/Amnesia/Ancient Power/Recover
228,school_kid_m_torin_0647,School Kid Torin Rematch 2,Trainerclass School Kid M,412,245,0.627,968,632,1619.4,B,Ace Trainer Jamie Rematch 3 (Elo 1900.5),Medium Margaret (Elo 1144.7),Biker Ernest Rematch 1 (7 games),11.02,Sandslash Lv100 (Sand Veil): Fury Cutter/Sand Tomb/Slash/Gyro Ball | Golbat Lv100 (Inner Focus): Mean Look/Poison Fang/Haze/Air Slash | Vulpix Lv100 (Flash Fire): Captivate/Grudge/Extrasensory/Fire Blast
229,youngster_jason_0381,Youngster Jason,Trainerclass Youngster,410,247,0.624,998,672,1602.6,B-,Ace Trainer Blake (Elo 1957.0),Fisherman Arnold (Elo 1084.3),Swimmer Elmo (7 games),10.7,Sandslash Lv100 (Sand Veil): Crush Claw/Fury Cutter/Sand Tomb/Slash | Crobat Lv100 (Inner Focus): Confuse Ray/Air Cutter/Mean Look/Poison Fang
230,swimmer_f_briana_0298,Swimmer Briana,Trainerclass Swimmer F,408,249,0.621,992,668,1602.2,B-,Leader Pryce (Elo 1982.8),Psychic Fidel (Elo 1125.5),School Kid Jack Rematch 1 (7 games),9.26,Seaking Lv100 (Water Veil): Water Pulse/Aqua Ring/Supersonic/Poison Jab | Seaking Lv100 (Water Veil): Water Pulse/Aqua Ring/Supersonic/Poison Jab
231,school_kid_m_billy_0638,School Kid Billy Rematch 2,Trainerclass School Kid M,408,249,0.621,997,681,1591.2,B-,Ace Trainer French (Elo 1998.5),Biker Markey (Elo 1139.4),Twins Day & Dani (7 games),11.09,Parasect Lv100 (Effect Spore): Spore/Slash/Growth/Giga Drain | Poliwhirl Lv100 (Water Absorb): Bubble Beam/Mud Shot/Belly Drum/Wake Up Slap | Ditto Lv100 (Limber): Transform
232,team_rocket_grunt_radio_tower_8_0192,Team Rocket Grunt Radio Tower 8,Trainerclass Team Rocket,407,250,0.619,958,645,1640.1,B,Ace Trainer Quinn (Elo 1904.8),Hiker Bailey (Elo 1160.3),Juggler Irwin Rematch 1 (7 games),12.98,Zubat Lv100 (Inner Focus): Astonish/Bite/Wing Attack/Confuse Ray | Golbat Lv100 (Inner Focus): Astonish/Bite/Wing Attack/Confuse Ray | Grimer Lv100 (Stench): Mud Slap/Disable/Minimize/Sludge
233,school_kid_m_jack_0431,School Kid Jack Rematch 2,Trainerclass School Kid M,407,250,0.619,975,655,1609.0,B-,Ace Trainer French (Elo 1998.5),Bug Catcher Arnie Rematch 2 (Elo 1163.4),Black Belt Lao (7 games),14.01,Vileplume Lv100 (Chlorophyll): Mega Drain/Aromatherapy/Stun Spore/Poison Powder | Electrode Lv100 (Soundproof): Screech/Light Screen/Charge Beam/Selfdestruct
234,biker_reese_0625,Biker Reese Rematch 1,Trainerclass Biker,407,250,0.619,953,641,1594.6,B-,Ace Trainer Jamie Rematch 3 (Elo 1900.5),Psychic Greg (Elo 1206.2),Biker Dwayne (7 games),10.29,Arbok Lv100 (Intimidate): Glare/Screech/Mud Bomb/Crunch | Weezing Lv100 (Levitate): Sludge Bomb/Double Hit/Smoke Screen/Assurance
235,ace_trainer_f_cybil_0408,Ace Trainer Cybil,Trainerclass Ace Trainer F,406,251,0.618,947,643,1609.7,B-,Camper Tanner Rematch 2 (Elo 1903.5),Biker Markey (Elo 1139.4),School Kid Travis (7 games),8.72,Mareep Lv100 (Static): Discharge/Cotton Spore/Charge/Tackle | Bellossom Lv100 (Chlorophyll): Mega Drain/Stun Spore/Acid/Magical Leaf
236,twins_kay_tia_0642,Twins Kay & Tia Rematch 3,Trainerclass Twins,406,251,0.618,956,646,1590.1,B-,Leader Blaine (Elo 2060.8),Sage Jin (Elo 1008.2),Twins Kay & Tia Rematch 2 (7 games),8.17,Quagsire Lv100 (Damp): Amnesia/Surf/Yawn/Protect | Quagsire Lv100 (Damp): Rain Dance/Surf/Muddy Water/Earthquake
237,scientist_gs_lowell_0684,Scientist Lowell,Trainerclass Scientist Gs,406,251,0.618,968,664,1586.7,B-,Ace Trainer French (Elo 1998.5),Hiker Daniel (Elo 1083.1),School Kid Chad Rematch 2 (7 games),5.42,Arcanine Lv100 (Intimidate): Overheat/Extreme Speed/Fire Fang/Thunder Fang
238,ace_trainer_f_lola_0117,Ace Trainer Lola,Trainerclass Ace Trainer F,404,253,0.615,993,686,1620.3,B,Ace Trainer Jamie Rematch 2 (Elo 1908.0),Youngster Joey Rematch 2 (Elo 1097.9),Juggler Fritz (7 games),7.11,Dratini Lv100 (Shed Skin): Slam/Agility/Aqua Tail/Dragon Rush | Dragonair Lv100 (Shed Skin): Dragon Rage/Slam/Agility/Aqua Tail
239,team_rocket_grunt_underground_6_0228,Team Rocket Grunt Underground 6,Trainerclass Team Rocket,404,253,0.615,984,693,1613.4,B-,Ace Trainer Salma (Elo 2029.7),Camper Ivan (Elo 1198.1),Biker Reese Rematch 1 (7 games),10.21,Koffing Lv100 (Levitate): Smoke Screen/Assurance/Selfdestruct/Sludge | Muk Lv100 (Stench): Disable/Minimize/Sludge/Mud Bomb
240,bird_keeper_gs_jose_0599,Bird Keeper Jose Rematch 3,Trainerclass Bird Keeper Gs,403,254,0.613,921,620,1614.9,B-,School Kid Alan Rematch 3 (Elo 1942.9),Hiker Daniel (Elo 1083.1),Beauty Julia (7 games),8.48,Farfetchd Lv100 (Keen Eye): Night Slash/Air Slash/Feint/False Swipe | Farfetchd Lv100 (Keen Eye): Night Slash/Air Slash/Feint/False Swipe | Farfetchd Lv100 (Keen Eye): Night Slash/Air Slash/Feint/False Swipe
241,team_rocket_grunt_underground_3_0196,Team Rocket Grunt Underground 3,Trainerclass Team Rocket,403,254,0.613,964,663,1614.0,B-,Ace Trainer Gaven Rematch 1 (Elo 1961.4),Hiker Daniel (Elo 1083.1),Ace Trainer Irene (7 games),9.54,Raticate Lv100 (Guts): Hyper Fang/Sucker Punch/Scary Face/Crunch | Golbat Lv100 (Inner Focus): Astonish/Bite/Wing Attack/Confuse Ray
242,firebreather_lyle_0399,Firebreather Lyle,Trainerclass Firebreather,402,255,0.612,947,655,1610.6,B-,Firebreather Walt Rematch 3 (Elo 1873.1),Medium Margaret (Elo 1144.7),Team Rocket Grunt Radio Tower 3 (7 games),7.31,Koffing Lv100 (Levitate): Selfdestruct/Sludge/Haze/Gyro Ball | Flareon Lv100 (Flash Fire): Ember/Quick Attack/Bite/Fire Spin | Koffing Lv100 (Levitate): Selfdestruct/Sludge/Haze/Gyro Ball
243,gentleman_gregory_0337,Gentleman Gregory,Trainerclass Gentleman,402,255,0.612,944,647,1602.1,B-,Ace Trainer Jake (Elo 1997.5),Hiker Anthony (Elo 1090.6),Youngster Jason (7 games),13.57,Pikachu Lv100 (Static): Discharge/Light Screen/Thunder Wave/Double Team | Flaaffy Lv100 (Static): Shock Wave/Signal Beam/Charge Beam/Double Team | Electrike Lv100 (Static): Shock Wave/Roar/Thunder Wave/Thunder Fang
244,team_rocket_grunt_underground_1_0193,Team Rocket Grunt Underground 1,Trainerclass Team Rocket,402,255,0.612,955,661,1591.4,B-,Ace Trainer Megan (Elo 1897.7),Black Belt Yoshi (Elo 1223.8),Youngster Jason (7 games),12.19,Muk Lv100 (Stench): Disable/Minimize/Sludge/Mud Bomb | Koffing Lv100 (Levitate): Smog/Smoke Screen/Assurance/Selfdestruct | Rattata Lv100 (Guts): Hyper Fang/Sucker Punch/Crunch/Assurance
245,ace_trainer_f_irene_0120,Ace Trainer Irene,Trainerclass Ace Trainer F,401,256,0.61,985,691,1616.0,B-,Camper Todd Rematch 3 (Elo 1945.1),Psychic Fidel (Elo 1125.5),Juggler Irwin Rematch 1 (7 games),8.31,Goldeen Lv100 (Swift Swim): Supersonic/Horn Attack/Water Pulse/Flail | Seaking Lv100 (Swift Swim): Supersonic/Horn Attack/Water Pulse/Flail
246,hiker_parry_0603,Hiker Parry Rematch 3,Trainerclass Hiker,401,256,0.61,944,659,1588.5,B-,Rival Silver Quilava (Goldenrod) (Elo 2041.0),Scientist Mitch (Elo 955.8),Poke Maniac Andrew (7 games),7.19,Steelix Lv100 (Rock Head): Iron Tail/Crunch/Double Edge/Stone Edge | Golem Lv100 (Rock Head): Earthquake/Explosion/Double Edge/Stone Edge
247,firebreather_walt_0616,Firebreather Walt Rematch 1,Trainerclass Firebreather,400,257,0.609,949,658,1570.3,C+,Double Team Thom & Kae (Elo 1936.6),Poke Maniac Donald (Elo 1166.2),School Kid Torin Rematch 3 (7 games),10.21,Magmar Lv100 (Flame Body): Smoke Screen/Faint Attack/Fire Spin/Confuse Ray | Magmar Lv100 (Flame Body): Faint Attack/Fire Spin/Confuse Ray/Fire Punch
248,sailor_stanly_0238,Sailor Stanly,Trainerclass Sailor,399,258,0.607,914,635,1591.0,B-,Double Team Zac & Jen (Elo 1857.8),Psychic Fidel (Elo 1125.5),Super Nerd Shawn (7 games),7.28,Machop Lv100 (No Guard): Vital Throw/Submission/Wake Up Slap/Cross Chop | Machoke Lv100 (No Guard): Vital Throw/Submission/Wake Up Slap/Cross Chop | Psyduck Lv100 (Cloud Nine): Confusion/Water Pulse/Fury Swipes/Screech
249,ace_trainer_f_kelly_0121,Ace Trainer Kelly,Trainerclass Ace Trainer F,398,259,0.606,903,624,1591.7,B-,Ace Trainer Kevin (Elo 1906.4),Psychic Fidel (Elo 1125.5),Pokefan William (7 games),13.72,Marill Lv100 (Thick Fat): Rollout/Bubble Beam/Aqua Ring/Double Edge | Wartortle Lv100 (Torrent): Water Gun/Bite/Rapid Spin/Protect | Wartortle Lv100 (Torrent): Water Gun/Bite/Rapid Spin/Protect
250,swimmer_m_elmo_0582,Swimmer Elmo,Trainerclass Swimmer M,397,260,0.604,962,685,1586.7,B-,Double Team Elan & Ida (Elo 1940.5),Picnicker Cheyenne (Elo 1128.3),Youngster Jason (7 games),9.11,Poliwhirl Lv100 (Water Absorb): Bubble Beam/Mud Shot/Belly Drum/Wake Up Slap | Tentacruel Lv100 (Clear Body): Barrier/Water Pulse/Poison Jab/Screech
251,leader_bugsy_bugsy,Leader Bugsy,Trainerclass Leader Bugsy,396,261,0.603,941,681,1626.8,B,Ace Trainer French (Elo 1998.5),Hiker Anthony (Elo 1090.6),Biker Ernest Rematch 2 (7 games),10.73,Scyther @ Sitrus Berry Lv100 (Technician): Quick Attack/Leer/U Turn/Focus Energy | Kakuna Lv100 (Shed Skin): Poison Sting | Metapod Lv100 (Shed Skin): Tackle
252,super_nerd_sam_0364,Super Nerd Sam,Trainerclass Super Nerd,394,263,0.6,932,671,1593.2,B-,Ace Trainer Gaven Rematch 2 (Elo 1969.7),Bird Keeper Jose (Elo 1178.7),Twins Kay & Tia (7 games),10.66,Grimer Lv100 (Stench): Screech/Sludge Bomb/Acid Armor/Gunk Shot | Muk @ Toxic Orb Lv100 (Stench): Fling/Screech/Sludge Bomb/Acid Armor
253,guitarist_vincent_0232,Guitarist Vincent,Trainerclass Guitarist,393,264,0.598,915,655,1579.0,B-,Executive Petrel Petrel (Radio Tower) (Elo 1868.8),Hiker Anthony (Elo 1090.6),Swimmer Ronald (7 games),10.51,Jolteon Lv100 (Volt Absorb): Shock Wave/Quick Attack/Pin Missile/Helping Hand | Voltorb Lv100 (Static): Shock Wave/Swift/Gyro Ball/Screech | Magnemite Lv100 (Sturdy): Shock Wave/Supersonic/Thunder Wave/Magnet Bomb
254,young_couple_tim_sue_0649,Young Couple Tim & Sue Rematch 1,Trainerclass Young Couple,391,266,0.595,969,717,1559.8,C+,Ace Trainer Gaven (Elo 1930.0),Team Rocket Grunt Kimono Theatre (Elo 1020.0),Black Belt Kenji (7 games),4.27,Kadabra Lv100 (Synchronize): Psycho Cut/Role Play/Psychic/Future Sight | Golduck Lv100 (Damp): Screech/Psych Up/Zen Headbutt/Amnesia
255,school_kid_m_torin_0564,School Kid Torin,Trainerclass School Kid M,389,268,0.592,924,680,1613.7,B-,Ace Trainer Gaven (Elo 1930.0),Medium Margaret (Elo 1144.7),Biker Dwayne (7 games),8.95,Sandslash Lv100 (Sand Veil): Crush Claw/Fury Cutter/Sand Tomb/Slash | Golbat Lv100 (Inner Focus): Confuse Ray/Air Cutter/Mean Look/Poison Fang
256,school_kid_m_chad_0434,School Kid Chad Rematch 1,Trainerclass School Kid M,388,269,0.591,930,693,1613.7,B-,School Kid Alan Rematch 2 (Elo 1880.7),Poke Maniac Donald (Elo 1166.2),Camper Tanner Rematch 1 (7 games),10.04,Mr Mime Lv100 (Soundproof): Light Screen/Reflect/Psybeam/Substitute | Magnemite Lv100 (Magnet Pull): Thunder Wave/Spark/Lock On/Magnet Bomb
257,picnicker_erin_0335,Picnicker Erin Rematch 1,Trainerclass Picnicker,388,269,0.591,946,711,1596.9,B-,Leader Jasmine (Elo 1958.2),Biker Markey (Elo 1139.4),Bird Keeper Jose Rematch 2 (7 games),12.73,Gloom Lv100 (Chlorophyll): Stun Spore/Sleep Powder/Mega Drain/Lucky Chant | Rapidash Lv100 (Flash Fire): Take Down/Agility/Fire Blast/Fury Attack
258,camper_jerry_0308,Camper Jerry,Trainerclass Camper,388,269,0.591,905,672,1590.7,B-,Double Team Thom & Kae (Elo 1936.6),Youngster Gordon (Elo 926.9),Sailor Roberto (7 games),3.49,Rhydon Lv100 (Rock Head): Rock Slide/Avalanche/Hammer Arm/Take Down
259,fisherman_wilton_0450,Fisherman Wilton Rematch 2,Trainerclass Fisherman,387,270,0.589,913,677,1595.4,B-,Kimono Girl Kuni (Elo 1825.7),Scientist Trenton (Elo 1219.8),School Kid Dudley (7 games),12.94,Goldeen Lv100 (Swift Swim): Water Pulse/Flail/Aqua Ring/Fury Attack | Seaking Lv100 (Swift Swim): Water Pulse/Flail/Aqua Ring/Fury Attack | Seaking Lv100 (Swift Swim): Flail/Aqua Ring/Fury Attack/Waterfall
260,swimmer_m_luis_0583,Swimmer Luis,Trainerclass Swimmer M,386,271,0.588,946,724,1591.8,B-,Leader Lt. Surge (Elo 2062.2),Sage Neal (Elo 1019.8),Firebreather Lyle (7 games),9.96,Seadra Lv100 (Sniper): Agility/Twister/Brine/Hydro Pump | Quagsire Lv100 (Water Absorb): Amnesia/Yawn/Earthquake/Rain Dance
261,twins_kay_tia_0640,Twins Kay & Tia Rematch 1,Trainerclass Twins,386,271,0.588,908,681,1573.5,C+,Leader Lt. Surge (Elo 2062.2),Sage Jin (Elo 1008.2),Hiker Jim (7 games),4.93,Quagsire Lv100 (Damp): Rain Dance/Surf/Earthquake | Quagsire Lv100 (Damp): Amnesia/Surf/Yawn
262,fisherman_ralph_0463,Fisherman Ralph Rematch 2,Trainerclass Fisherman,385,272,0.586,893,665,1614.5,B-,Firebreather Otis (Elo 1876.2),Picnicker Gina (Elo 1201.1),Teacher Shirley (7 games),7.57,Qwilfish Lv100 (Poison Point): Brine/Pin Missile/Take Down/Aqua Tail | Seaking Lv100 (Swift Swim): Flail/Aqua Ring/Fury Attack/Waterfall
263,youngster_ian_0615,Youngster Ian Rematch 3,Trainerclass Youngster,385,272,0.586,981,752,1602.8,B-,Ace Trainer Jamie Rematch 2 (Elo 1908.0),Youngster Joey Rematch 2 (Elo 1097.9),Swimmer Tucker (7 games),6.56,Primeape Lv100 (Vital Spirit): Rage/Swagger/Cross Chop/Thrash | Dugtrio Lv100 (Sand Veil): Mud Bomb/Slash/Earthquake/Fissure
264,camper_lloyd_0148,Camper Lloyd,Trainerclass Camper,384,273,0.584,932,709,1562.1,C+,Leader Jasmine (Elo 1958.2),Psychic Fidel (Elo 1125.5),Bug Catcher Doug Rematch 1 (7 games),4.32,Nidoking Lv100 (Poison Point): Double Kick/Poison Sting/Thrash/Earth Power
265,school_kid_m_torin_0646,School Kid Torin Rematch 1,Trainerclass School Kid M,383,274,0.583,909,687,1620.2,B,Ace Trainer Megan (Elo 1897.7),Medium Ethel (Elo 1198.1),Swimmer Harold (7 games),11.53,Sandslash Lv100 (Sand Veil): Fury Cutter/Sand Tomb/Slash/Gyro Ball | Golbat Lv100 (Inner Focus): Air Cutter/Mean Look/Poison Fang/Haze | Vulpix Lv100 (Flash Fire): Payback/Fire Spin/Captivate/Grudge
266,ace_trainer_m_nick_0205,Ace Trainer Nick,Trainerclass Ace Trainer M,383,274,0.583,945,730,1587.8,B-,Camper Sid (Elo 1847.8),Bird Keeper Jose (Elo 1178.7),Super Nerd Shawn (7 games),12.3,Charmander Lv100 (Blaze): Fire Fang/Smoke Screen/Dragon Rage/Scary Face | Squirtle Lv100 (Torrent): Withdraw/Water Gun/Bite/Curse | Bulbasaur Lv100 (Overgrow): Leech Seed/Poison Powder/Sleep Powder/Razor Leaf
267,bug_catcher_ken_0079,Bug Catcher Ken,Trainerclass Bug Catcher,383,274,0.583,959,737,1576.4,C+,Ace Trainer Megan (Elo 1897.7),Swimmer Paula (Elo 1049.8),Team Rocket Grunt Hideout 2 (7 games),9.74,Ariados Lv100 (Insomnia): Fury Swipes/Sucker Punch/Spider Web/Agility | Pinsir Lv100 (Mold Breaker): Vital Throw/X Scissor/Thrash/Swords Dance
268,scientist_gs_gregg_0470,Scientist Gregg,Trainerclass Scientist Gs,383,274,0.583,891,672,1560.7,C+,Leader Chuck (Elo 1922.0),Sailor Harry (Elo 962.8),Team Rocket Grunt Radio Tower 3 (7 games),14.21,Magnemite Lv100 (Magnet Pull): Thunder Shock/Supersonic/Sonic Boom/Thunder Wave | Magnemite Lv100 (Sturdy): Thunder Shock/Supersonic/Sonic Boom/Thunder Wave | Magnemite Lv100 (Sturdy): Thunder Shock/Supersonic/Sonic Boom/Thunder Wave
269,picnicker_liz_0277,Picnicker Liz Rematch 2,Trainerclass Picnicker,382,275,0.581,931,722,1575.6,C+,Ace Trainer Megan (Elo 1897.7),Medium Margaret (Elo 1144.7),Hiker Dwight (7 games),13.36,Weepinbell Lv100 (Chlorophyll): Knock Off/Sweet Scent/Gastro Acid/Razor Leaf | Nidorino Lv100 (Poison Point): Horn Attack/Helping Hand/Toxic Spikes/Flatter | Nidoqueen Lv100 (Rivalry): Tail Whip/Double Kick/Poison Sting/Body Slam
270,hiker_eoin_0234,Hiker Eoin,Trainerclass Hiker,382,275,0.581,944,731,1572.8,C+,Ace Trainer Jamie Rematch 2 (Elo 1908.0),Fisherman Kyler Rematch 1 (Elo 810.0),School Kid Billy Rematch 2 (7 games),3.73,Graveler Lv100 (Sturdy): Rollout/Rock Blast/Earthquake/Explosion | Graveler Lv100 (Sturdy): Rollout/Rock Blast/Earthquake/Explosion | Graveler Lv100 (Sturdy): Rollout/Rock Blast/Earthquake/Explosion
271,black_belt_kenji_0602,Black Belt Kenji Rematch 3,Trainerclass Black Belt,381,276,0.58,911,696,1587.6,B-,Leader Chuck (Elo 1922.0),Pokefan Trevor (Elo 1034.6),Black Belt Lao (7 games),19.45,Onix Lv100 (Rock Head): Rock Polish/Dragon Breath/Curse/Iron Tail | Machamp Lv100 (Guts): Wake Up Slap/Cross Chop/Scary Face/Dynamic Punch | Onix Lv100 (Rock Head): Curse/Iron Tail/Sand Tomb/Double Edge | Hitmonlee Lv100 (Limber): Blaze Kick/Endure/Mega Kick/Close Combat
272,swimmer_f_mina_0585,Swimmer Mina,Trainerclass Swimmer F,379,278,0.577,897,699,1576.8,C+,Ace Trainer Gaven Rematch 3 (Elo 1960.5),Picnicker Heidi (Elo 1145.1),Firebreather Walt Rematch 3 (7 games),17.29,Luvdisc Lv100 (Swift Swim): Attract/Sweet Kiss/Water Pulse/Aqua Ring | Luvdisc Lv100 (Swift Swim): Attract/Sweet Kiss/Water Pulse/Aqua Ring | Luvdisc Lv100 (Swift Swim): Sweet Kiss/Water Pulse/Aqua Ring/Captivate
273,teacher_hillary_0634,Teacher Hillary Rematch 1,Trainerclass Teacher,379,278,0.577,900,697,1559.5,C+,Ace Trainer Jake (Elo 1997.5),Youngster Albert (Elo 1008.5),Pokefan Boone (7 games),8.63,Ambipom Lv100 (Technician): Double Hit/Fling/Nasty Plot/Last Resort | Sunflora Lv100 (Chlorophyll): Petal Dance/Sunny Day/Solar Beam/Leaf Storm
274,gentleman_alfred_0666,Gentleman Alfred Rematch 3,Trainerclass Gentleman,378,279,0.575,942,746,1577.2,C+,School Kid Alan Rematch 3 (Elo 1942.9),Skier Diana (Elo 1008.7),School Kid Jack (7 games),9.52,Noctowl Lv100 (Insomnia): Hypnosis/Dream Eater/Air Slash/Reflect
275,camper_pedro_0577,Camper Pedro,Trainerclass Camper,378,279,0.575,942,747,1574.1,C+,Leader Jasmine (Elo 1958.2),Hiker Anthony (Elo 1090.6),Picnicker Sharon (7 games),5.53,Linoone @ Sitrus Berry Lv100 (Gluttony): Belly Drum/Slash/Dig/Surf
276,burglar_duncan_0014,Burglar Duncan,Trainerclass Burglar,378,279,0.575,939,740,1570.1,C+,Kimono Girl Naoko (Elo 1909.1),Hiker Anthony (Elo 1090.6),Hiker Dwight (7 games),10.27,Koffing Lv100 (Levitate): Smog/Smoke Screen/Assurance/Selfdestruct | Magmar Lv100 (Flame Body): Smoke Screen/Faint Attack/Fire Spin/Confuse Ray | Koffing Lv100 (Levitate): Smog/Smoke Screen/Assurance/Selfdestruct
277,biker_ernest_0632,Biker Ernest Rematch 2,Trainerclass Biker,377,280,0.574,922,731,1545.3,C+,Juggler Fritz (Elo 1826.5),Picnicker Gina (Elo 1201.1),Leader Bugsy (7 games),11.7,Teddiursa Lv100 (Pickup): Slash/Charm/Rest/Snore | Azumarill Lv100 (Huge Power): Aqua Ring/Double Edge/Rain Dance/Aqua Tail
278,biker_reese_0626,Biker Reese Rematch 2,Trainerclass Biker,375,282,0.571,902,718,1539.0,C+,Ace Trainer Blake (Elo 1957.0),Bug Catcher Wayne (Elo 1050.4),Firebreather Walt (7 games),13.56,Arbok Lv100 (Intimidate): Mud Bomb/Swallow/Stockpile/Spit Up | Weezing Lv100 (Levitate): Sludge Bomb/Double Hit/Smoke Screen/Assurance
279,black_belt_manford_0545,Black Belt Manford,Trainerclass Black Belt,375,282,0.571,958,778,1530.3,C,Leader Brock (Elo 2027.6),Pokefan Ruth (Elo 930.4),Scientist Mitch (7 games),10.15,Poliwrath Lv100 (Water Absorb): Hydro Pump/Dynamic Punch/Mud Shot/Hypnosis
280,psychic_m_nathan_0042,Psychic Nathan,Trainerclass Psychic M,372,285,0.566,916,740,1578.6,C+,Firebreather Otis (Elo 1876.2),Youngster Joey Rematch 1 (Elo 1021.5),Swimmer Elmo (7 games),4.23,Girafarig Lv100 (Inner Focus): Stomp/Agility/Psybeam/Baton Pass
281,team_rocket_grunt_radio_tower_5_0189,Team Rocket Grunt Radio Tower 5,Trainerclass Team Rocket,372,285,0.566,942,767,1574.9,C+,Ace Trainer Quinn (Elo 1904.8),School Kid Connor (Elo 1055.7),Sailor Parker (7 games),11.61,Koffing Lv100 (Levitate): Smog/Smoke Screen/Assurance/Selfdestruct | Grimer Lv100 (Stench): Disable/Minimize/Sludge/Mud Bomb | Zubat Lv100 (Inner Focus): Astonish/Bite/Wing Attack/Confuse Ray | Rattata Lv100 (Guts): Pursuit/Hyper Fang/Sucker Punch/Crunch
282,hiker_anthony_0100,Hiker Anthony Rematch 1,Trainerclass Hiker,368,289,0.56,869,715,1576.5,C+,Leader Chuck (Elo 1922.0),Twins Amy & Mimi Rematch (Elo 912.9),Ace Trainer Cybil (7 games),4.1,Graveler Lv100 (Rock Head): Selfdestruct/Rollout/Rock Blast/Earthquake | Machoke Lv100 (No Guard): Seismic Toss/Revenge/Vital Throw/Submission
283,school_kid_m_nate_0428,School Kid Nate,Trainerclass School Kid M,368,289,0.56,896,742,1541.7,C+,Double Team Elan & Ida (Elo 1940.5),Bird Keeper Ernie (Elo 1044.1),Psychic Franklin (7 games),9.63,Ledian Lv100 (Swarm): Mach Punch/Baton Pass/Silver Wind/Agility | Exeggutor Lv100 (Chlorophyll): Confusion/Stomp/Egg Bomb/Wood Hammer
284,fisherman_kyle_0059,Fisherman Kyle,Trainerclass Fisherman,367,290,0.559,870,724,1567.6,C+,Firebreather Otis (Elo 1876.2),Super Nerd Markus (Elo 1187.4),Picnicker Tiffany Rematch 3 (7 games),11.2,Goldeen Lv100 (Swift Swim): Flail/Aqua Ring/Fury Attack/Waterfall | Qwilfish Lv100 (Poison Point): Stockpile/Spit Up/Revenge/Brine | Goldeen Lv100 (Swift Swim): Flail/Aqua Ring/Fury Attack/Waterfall
285,fisherman_wilton_0124,Fisherman Wilton,Trainerclass Fisherman,366,291,0.557,883,728,1523.7,C,Ace Trainer Kevin (Elo 1906.4),School Kid Travis (Elo 1180.7),Bird Keeper Roy (7 games),11.89,Goldeen Lv100 (Swift Swim): Supersonic/Horn Attack/Water Pulse/Flail | Goldeen Lv100 (Swift Swim): Supersonic/Horn Attack/Water Pulse/Flail | Seaking Lv100 (Swift Swim): Horn Attack/Water Pulse/Flail/Aqua Ring
286,team_rocket_f_grunt_underground_5_0199,Team Rocket Grunt Underground 5,Trainerclass Team Rocket F,365,292,0.556,857,715,1561.8,C+,Leader Brock (Elo 2027.6),Bug Catcher Benny (Elo 1103.1),Fisherman Jonah (7 games),13.66,Gloom Lv100 (Chlorophyll): Poison Powder/Stun Spore/Sleep Powder/Mega Drain | Gloom Lv100 (Chlorophyll): Poison Powder/Stun Spore/Sleep Powder/Mega Drain
287,swimmer_m_duane_0592,Swimmer Duane,Trainerclass Swimmer M,365,292,0.556,878,729,1550.4,C+,Kimono Girl Naoko (Elo 1909.1),Black Belt Yoshi (Elo 1223.8),Fisherman Wilton Rematch 2 (7 games),9.36,Seaking Lv100 (Swift Swim): Flail/Aqua Ring/Fury Attack/Waterfall | Kabutops Lv100 (Swift Swim): Endure/Aqua Jet/Mega Drain/Slash
288,fisherman_marvin_0122,Fisherman Marvin,Trainerclass Fisherman,365,292,0.556,885,744,1540.5,C+,Camper Todd Rematch 3 (Elo 1945.1),Juggler Irwin (Elo 1019.3),Youngster Ian Rematch 2 (7 games),10.61,Magikarp Lv100 (Swift Swim): Splash/Tackle | Gyarados Lv100 (Intimidate): Thrash/Surf | Magikarp Lv100 (Swift Swim): Splash/Tackle
289,teacher_hillary_0635,Teacher Hillary Rematch 2,Trainerclass Teacher,365,292,0.556,851,708,1537.2,C+,Swimmer Lori (Elo 1964.7),Medium Edith (Elo 1162.4),Swimmer Kaylee (7 games),8.78,Ambipom Lv100 (Technician): Double Hit/Fling/Nasty Plot/Last Resort | Sunflora Lv100 (Chlorophyll): Petal Dance/Sunny Day/Solar Beam/Leaf Storm
290,teacher_hillary_0636,Teacher Hillary Rematch 3,Trainerclass Teacher,364,293,0.554,874,727,1588.6,B-,Camper Tanner Rematch 3 (Elo 1972.9),Team Rocket Grunt Slowpoke Well 1 (Elo 1090.4),Double Team Zac & Jen (7 games),8.73,Ambipom Lv100 (Technician): Double Hit/Fling/Nasty Plot/Last Resort | Sunflora Lv100 (Chlorophyll): Petal Dance/Sunny Day/Solar Beam/Leaf Storm
291,ace_trainer_m_kobe_0497,Ace Trainer Kobe,Trainerclass Ace Trainer M,364,293,0.554,897,754,1558.9,C+,Ace Trainer Kevin (Elo 1906.4),Team Rocket Grunt Slowpoke Well 3 (Elo 1062.0),Team Rocket Grunt Radio Tower 9 (7 games),4.85,Dragonair Lv100 (Shed Skin): Thunder/Surf/Dragon Rage/Iron Tail
292,ace_trainer_f_jenn_0417,Ace Trainer Jenn,Trainerclass Ace Trainer F,363,294,0.553,860,719,1533.9,C,Camper Todd Rematch 3 (Elo 1945.1),Picnicker Gina (Elo 1201.1),Picnicker Edna (7 games),9.0,Staryu Lv100 (Illuminate): Rapid Spin/Recover/Camouflage/Swift | Starmie Lv100 (Illuminate): Water Gun/Rapid Spin/Recover/Swift
293,boarder_gerardo_0484,Boarder Gerardo,Trainerclass Boarder,362,295,0.551,885,748,1536.6,C+,Executive Ariana Ariana (Radio Tower) (Elo 1966.0),Psychic Greg (Elo 1206.2),Leader Bugsy (7 games),13.79,Shellder Lv100 (Shell Armor): Ice Shard/Supersonic/Icicle Spear/Leer | Cloyster Lv100 (Shell Armor): Ice Shard/Aurora Beam/Supersonic/Toxic Spikes | Seel Lv100 (Thick Fat): Ice Shard/Aqua Ring/Encore/Icy Wind
294,school_kid_m_johnny_0135,School Kid Johnny,Trainerclass School Kid M,362,295,0.551,810,680,1534.8,C,Camper Tanner Rematch 2 (Elo 1903.5),Policeman Keith (Elo 1081.1),Sailor Kenneth (7 games),11.82,Bellsprout Lv100 (Chlorophyll): Knock Off/Sweet Scent/Gastro Acid/Razor Leaf | Weepinbell Lv100 (Chlorophyll): Knock Off/Sweet Scent/Gastro Acid/Razor Leaf | Victreebel Lv100 (Chlorophyll): Vine Whip/Sleep Powder/Sweet Scent/Razor Leaf
295,sailor_huey_0441,Sailor Huey Rematch 2,Trainerclass Sailor,361,296,0.549,913,774,1572.6,C+,Double Team Elan & Ida (Elo 1940.5),Bug Catcher Wayne (Elo 1050.4),Bird Keeper Josh Rematch 2 (7 games),8.77,Poliwhirl Lv100 (Water Absorb): Body Slam/Bubble Beam/Mud Shot/Belly Drum | Poliwrath Lv100 (Water Absorb): Bubble Beam/Hypnosis/Double Slap/Submission
296,hiker_devin_0723,Hiker Devin,Trainerclass Hiker,361,296,0.549,923,796,1557.1,C+,Camper Tanner Rematch 3 (Elo 1972.9),School Kid Connor (Elo 1055.7),Sailor Jeff (7 games),20.45,Dunsparce Lv100 (Serene Grace): Defense Curl/Yawn/Glare/Rollout | Dunsparce Lv100 (Serene Grace): Defense Curl/Yawn/Glare/Rollout | Dunsparce Lv100 (Serene Grace): Defense Curl/Yawn/Glare/Rollout
297,bug_catcher_wade_0509,Bug Catcher Wade Rematch 3,Trainerclass Bug Catcher,361,296,0.549,884,759,1551.5,C+,Kimono Girl Naoko (Elo 1909.1),Hiker Parry (Elo 1107.8),Swimmer Kaylee (7 games),14.53,Butterfree Lv100 (Compound Eyes): Bug Bite/Gust/Supersonic/Whirlwind | Butterfree Lv100 (Compound Eyes): Bug Buzz/Stun Spore/Captivate/Tailwind | Beedrill Lv100 (Swarm): Endeavor/Focus Energy/Pin Missile/Bug Bite | Butterfree Lv100 (Compound Eyes): Stun Spore/Sleep Powder/Captivate/Tailwind
298,black_belt_lao_0157,Black Belt Lao,Trainerclass Black Belt,360,297,0.548,896,773,1545.8,C+,Ace Trainer Gwen (Elo 1944.4),Bug Catcher Arnie (Elo 1110.3),Picnicker Liz Rematch 2 (7 games),4.39,Hitmonchan Lv100 (Iron Fist): Mach Punch/Thunder Punch/Ice Punch/Fire Punch
299,hiker_erik_0143,Hiker Erik,Trainerclass Hiker,358,299,0.545,839,720,1551.2,C+,Double Team Thom & Kae (Elo 1936.6),Medium Margaret (Elo 1144.7),Sailor Huey Rematch 2 (7 games),7.16,Machop Lv100 (Guts): Karate Chop/Foresight/Seismic Toss/Revenge | Graveler Lv100 (Sturdy): Magnitude/Selfdestruct/Rollout/Rock Blast | Machop Lv100 (No Guard): Foresight/Seismic Toss/Revenge/Vital Throw
300,bird_keeper_gs_justin_0552,Bird Keeper Justin,Trainerclass Bird Keeper Gs,358,299,0.545,862,745,1541.6,C+,Juggler Fritz (Elo 1826.5),Lass Connie (Elo 938.1),Beauty Julia (7 games),14.27,Xatu Lv100 (Synchronize): Tailwind/Wish/Psycho Shift/Future Sight | Noctowl Lv100 (Insomnia): Confusion/Take Down/Air Slash/Zen Headbutt
301,ace_trainer_m_allen_0407,Ace Trainer Allen,Trainerclass Ace Trainer M,358,299,0.545,875,755,1531.3,C,Poke Maniac Brent Rematch 2 (Elo 1817.3),Picnicker Kim (Elo 926.8),Psychic Franklin (7 games),10.16,Charmeleon Lv100 (Blaze): Ember/Smoke Screen/Fire Fang/Scary Face | Magnemite Lv100 (Magnet Pull): Spark/Thunder Wave/Supersonic/Metal Sound
302,swimmer_m_george_0096,Swimmer George,Trainerclass Swimmer M,356,301,0.542,874,758,1530.6,C,Firebreather Walt Rematch 3 (Elo 1873.1),School Kid Connor (Elo 1055.7),Juggler Irwin Rematch 1 (7 games),17.72,Tentacool Lv100 (Clear Body): Supersonic/Constrict/Acid/Toxic Spikes | Tentacool Lv100 (Liquid Ooze): Supersonic/Constrict/Acid/Toxic Spikes | Tentacool Lv100 (Liquid Ooze): Supersonic/Constrict/Acid/Toxic Spikes | Staryu Lv100 (Natural Cure): Water Gun/Rapid Spin/Recover/Camouflage | Tentacool Lv100 (Liquid Ooze): Supersonic/Constrict/Acid/Toxic Spikes | Remoraid Lv100 (Sniper): Lock On/Psybeam/Aurora Beam/Bubble Beam
303,fisherman_tully_0324,Fisherman Tully Rematch 2,Trainerclass Fisherman,356,301,0.542,835,730,1522.9,C,Firebreather Walt Rematch 3 (Elo 1873.1),Twins Tori & Til (Elo 1143.3),Lass Dana (7 games),11.06,Goldeen Lv100 (Swift Swim): Horn Attack/Water Pulse/Flail/Aqua Ring | Goldeen Lv100 (Swift Swim): Horn Attack/Water Pulse/Flail/Aqua Ring | Qwilfish Lv100 (Poison Point): Spit Up/Revenge/Brine/Pin Missile
304,swimmer_f_nikki_0296,Swimmer Nikki,Trainerclass Swimmer F,355,302,0.54,888,781,1575.6,C+,Fisherman Barney (Elo 1889.5),Super Nerd Markus (Elo 1187.4),Sage Chow (7 games),9.51,Seel Lv100 (Thick Fat): Aurora Beam/Aqua Jet/Brine/Take Down | Dewgong Lv100 (Thick Fat): Brine/Sheer Cold/Take Down/Dive
305,swimmer_f_kaylee_0090,Swimmer Kaylee,Trainerclass Swimmer F,353,304,0.537,862,762,1531.5,C,Kimono Girl Kuni (Elo 1825.7),Psychic Fidel (Elo 1125.5),Swimmer Diana (7 games),11.39,Goldeen Lv100 (Water Veil): Water Pulse/Horn Attack/Supersonic/Peck | Goldeen Lv100 (Water Veil): Water Pulse/Horn Attack/Supersonic/Peck | Seaking Lv100 (Water Veil): Water Pulse/Horn Attack/Supersonic/Peck
306,biker_ernest_0631,Biker Ernest Rematch 1,Trainerclass Biker,351,306,0.534,874,782,1513.8,C,School Kid Danny (Elo 1902.5),Bird Keeper Jose (Elo 1178.7),School Kid Torin Rematch 2 (7 games),11.55,Teddiursa Lv100 (Pickup): Slash/Charm/Rest/Snore | Azumarill Lv100 (Huge Power): Aqua Ring/Double Edge/Rain Dance/Aqua Tail
307,poke_maniac_brent_0172,Poke Maniac Brent Rematch 1,Trainerclass Poke Maniac,350,307,0.533,837,749,1532.4,C,Lass Linda (Elo 1864.1),Hiker Bailey (Elo 1160.3),School Kid Alan (7 games),13.55,Nidorina Lv100 (Poison Point): Poison Sting/Fury Swipes/Bite/Helping Hand | Nidorino Lv100 (Poison Point): Poison Sting/Fury Attack/Horn Attack/Helping Hand | Gyarados Lv100 (Intimidate): Dragon Rage/Leer/Twister/Ice Fang
308,ace_trainer_f_fran_0119,Ace Trainer Fran,Trainerclass Ace Trainer F,350,307,0.533,843,757,1506.3,C,Camper Bertrand (Elo 1902.4),Young Couple Moe & Lulu (Elo 1078.3),Fisherman Tully Rematch 2 (7 games),4.35,Seadra Lv100 (Sniper): Bubble Beam/Agility/Twister/Brine
309,lass_krise_0611,Lass Krise Rematch 2,Trainerclass Lass,348,309,0.53,840,768,1524.3,C,Leader Brock (Elo 2027.6),Psychic Fidel (Elo 1125.5),Bug Catcher Doug Rematch 3 (7 games),14.54,Gloom Lv100 (Chlorophyll): Stun Spore/Sleep Powder/Mega Drain/Lucky Chant | Marowak Lv100 (Rock Head): Rage/False Swipe/Thrash/Fling
310,rival_silver_bayleef_azalea,Rival Silver Bayleef (Azalea),Trainerclass Rival,347,310,0.528,861,786,1494.3,C,Pokemon Trainer Lance (Rocket HQ) (Elo 1874.6),Biker Markey (Elo 1139.4),Black Belt Kiyo (7 games),13.0,Gastly Lv100 (Levitate): Lick/Spite/Mean Look/Curse | Zubat Lv100 (Inner Focus): Leech Life/Supersonic/Astonish/Bite | Bayleef Lv100 (Overgrow): Razor Leaf/Poison Powder/Synthesis/Reflect
311,ace_trainer_f_kate_0118,Ace Trainer Kate,Trainerclass Ace Trainer F,343,314,0.522,803,745,1502.3,C,School Kid Alan Rematch 3 (Elo 1942.9),Picnicker Brooke (Elo 958.6),Picnicker Cindy (7 games),11.51,Shellder Lv100 (Shell Armor): Icicle Spear/Protect/Leer/Clamp | Cloyster Lv100 (Shell Armor): Supersonic/Aurora Beam/Protect/Spikes
312,medium_georgina_0494,Medium Georgina,Trainerclass Medium,342,315,0.521,854,797,1493.2,C-,Pokemon Trainer Lance (Rocket HQ) (Elo 1874.6),Pokefan Marigold (Elo 975.7),Sage Nico (7 games),10.54,Gastly Lv100 (Levitate): Spite/Mean Look/Curse/Night Shade | Gastly Lv100 (Levitate): Spite/Mean Look/Curse/Night Shade | Gastly Lv100 (Levitate): Spite/Mean Look/Curse/Night Shade | Gastly Lv100 (Levitate): Spite/Mean Look/Curse/Night Shade | Gastly Lv100 (Levitate): Spite/Mean Look/Curse/Night Shade
313,pokefan_eleanor_0568,Pokefan Eleanor,Trainerclass Pokefan,341,316,0.519,876,822,1531.0,C,Psychic Herman (Elo 1856.7),Twins Tori & Til (Elo 1143.3),Biker Reese Rematch 1 (7 games),10.3,Spinda Lv100 (Own Tempo): Dizzy Punch/Sucker Punch/Teeter Dance/Psych Up | Illumise Lv100 (Oblivious): Flatter/Helping Hand/Zen Headbutt/Bug Buzz
314,pokefan_m_derek_0607,Pokefan Derek Rematch 3,Trainerclass Pokefan M,339,318,0.516,885,846,1516.1,C,Ace Trainer Shaye (Elo 2025.1),School Kid Connor (Elo 1055.7),School Kid Torin Rematch 1 (7 games),15.16,Pichu Lv100 (Static): Tail Whip/Thunder Wave/Sweet Kiss/Nasty Plot | Teddiursa Lv100 (Pickup): Fake Tears/Fury Swipes/Faint Attack/Sweet Scent | Pikachu Lv100 (Static): Thunderbolt/Feint/Agility/Discharge | Ursaring Lv100 (Guts): Sweet Scent/Slash/Scary Face/Rest
315,lass_shannon_0355,Lass Shannon,Trainerclass Lass,339,318,0.516,853,808,1512.0,C,Kimono Girl Naoko (Elo 1909.1),Fisherman Ralph (Elo 915.6),Black Belt Kenji Rematch 1 (7 games),10.83,Paras Lv100 (Effect Spore): Slash/Growth/Giga Drain/Aromatherapy | Paras Lv100 (Dry Skin): Slash/Growth/Giga Drain/Aromatherapy | Parasect Lv100 (Dry Skin): Spore/Slash/Growth/Giga Drain
316,swimmer_f_joy_0670,Swimmer Joy,Trainerclass Swimmer F,339,318,0.516,859,818,1503.5,C,School Kid Tommy (Elo 1838.4),Picnicker Brooke (Elo 958.6),Black Belt Kiyo (7 games),5.49,Cloyster Lv100 (Skill Link): Water Pulse/Spike Cannon/Aurora Beam/Attract
317,picnicker_gina_0142,Picnicker Gina Rematch 1,Trainerclass Picnicker,339,318,0.516,852,814,1485.0,C-,Leader Chuck (Elo 1922.0),Bug Catcher Josh (Elo 1021.2),Bird Keeper Bryan (7 games),14.91,Hoppip Lv100 (Chlorophyll): Stun Spore/Sleep Powder/Bullet Seed/Leech Seed | Hoppip Lv100 (Chlorophyll): Stun Spore/Sleep Powder/Bullet Seed/Leech Seed | Ivysaur Lv100 (Overgrow): Razor Leaf/Sweet Scent/Growth/Double Edge
318,guitarist_clyde_0041,Guitarist Clyde,Trainerclass Guitarist,337,320,0.513,807,770,1528.9,C,Swimmer Lori (Elo 1964.7),Youngster Ian (Elo 901.8),Hiker Jim (7 games),4.98,Electabuzz Lv100 (Static): Shock Wave/Light Screen/Thunder Punch/Discharge
319,bird_keeper_gs_kinsley_0593,Bird Keeper Kinsley,Trainerclass Bird Keeper Gs,337,320,0.513,838,806,1485.5,C-,School Kid Alan Rematch 3 (Elo 1942.9),Teacher Colette (Elo 1058.0),Psychic Vernon (7 games),10.66,Farfetchd Lv100 (Keen Eye): Air Cutter/Swords Dance/Agility/Night Slash | Fearow Lv100 (Keen Eye): Aerial Ace/Mirror Move/Agility/Assurance | Pidgeotto Lv100 (Keen Eye): Twister/Feather Dance/Agility/Wing Attack
320,scientist_gs_linden_0685,Scientist Linden,Trainerclass Scientist Gs,335,322,0.51,841,813,1530.3,C,Ace Trainer Megan (Elo 1897.7),Poke Maniac Larry (Elo 1004.2),Camper Virgil (7 games),5.16,Magmar Lv100 (Flame Body): Overheat/Fire Punch/Confuse Ray/Faint Attack
321,psychic_m_phil_0405,Psychic Phil,Trainerclass Psychic M,333,324,0.507,833,819,1505.3,C,Ace Trainer Megan (Elo 1897.7),Factory Head Thorton (Elo 945.1),Bird Keeper Hank (7 games),7.5,Natu Lv100 (Synchronize): Leer/Night Shade/Me First/Confuse Ray | Kadabra Lv100 (Synchronize): Disable/Psybeam/Reflect/Charge Beam
322,swimmer_m_esteban_0591,Swimmer Esteban,Trainerclass Swimmer M,332,325,0.505,843,827,1479.5,C-,Ace Trainer Kevin (Elo 1906.4),Twins Tori & Til (Elo 1143.3),Team Rocket Grunt Radio Tower 3 (7 games),8.89,Golduck Lv100 (Damp): Water Pulse/Fury Swipes/Screech/Psych Up | Poliwhirl Lv100 (Water Absorb): Body Slam/Bubble Beam/Mud Shot/Belly Drum
323,bug_catcher_doug_0621,Bug Catcher Doug Rematch 3,Trainerclass Bug Catcher,331,326,0.504,819,812,1518.7,C,School Kid Billy Rematch 3 (Elo 1949.3),Policeman Keith (Elo 1081.1),Swimmer Berke (7 games),8.13,Butterfree Lv100 (Compound Eyes): Tailwind/Safeguard/Captivate/Bug Buzz | Ariados Lv100 (Swarm): Agility/Pin Missile/Psychic/Poison Jab
324,picnicker_edna_0333,Picnicker Edna,Trainerclass Picnicker,331,326,0.504,829,824,1495.3,C,Fisherman Barney (Elo 1889.5),Boarder Patton (Elo 1051.7),Biker Reese (7 games),10.34,Nidorina Lv100 (Rivalry): Bite/Helping Hand/Toxic Spikes/Flatter | Raichu Lv100 (Static): Thunder Shock/Tail Whip/Quick Attack/Thunderbolt
325,pokefan_m_carter_0350,Pokefan Carter,Trainerclass Pokefan M,330,327,0.502,820,817,1509.6,C,Picnicker Erin Rematch 3 (Elo 1813.3),Sailor Terrell (Elo 1022.6),Swimmer Kara (7 games),9.86,Bulbasaur Lv100 (Overgrow): Double Edge/Worry Seed/Synthesis/Seed Bomb | Charmander Lv100 (Blaze): Fire Fang/Slash/Flamethrower/Fire Spin | Squirtle Lv100 (Torrent): Aqua Tail/Skull Bash/Iron Defense/Rain Dance
326,gentleman_alfred_0665,Gentleman Alfred Rematch 2,Trainerclass Gentleman,330,327,0.502,800,797,1478.9,C-,Picnicker Liz Rematch 3 (Elo 1842.0),Skier Diana (Elo 1008.7),Lass Michelle (7 games),6.1,Noctowl Lv100 (Insomnia): Take Down/Air Slash/Zen Headbutt/Extrasensory
327,bird_keeper_gs_denis_0217,Bird Keeper Denis,Trainerclass Bird Keeper Gs,329,328,0.501,799,796,1515.6,C,Leader Morty (Elo 1902.8),Hiker Russel (Elo 1072.4),Scientist Linden (7 games),8.81,Spearow Lv100 (Keen Eye): Leer/Fury Attack/Pursuit/Aerial Ace | Fearow Lv100 (Keen Eye): Leer/Fury Attack/Pursuit/Aerial Ace | Spearow Lv100 (Keen Eye): Leer/Fury Attack/Pursuit/Aerial Ace
328,poke_maniac_calvin_0202,Poke Maniac Calvin,Trainerclass Poke Maniac,329,328,0.501,805,803,1490.9,C-,Ace Trainer Quinn (Elo 1904.8),Hiker Russel (Elo 1072.4),Lass Krise Rematch 2 (7 games),6.09,Kangaskhan Lv100 (Scrappy): Bite/Mega Punch/Rage/Dizzy Punch
329,juggler_irwin_0454,Juggler Irwin Rematch 1,Trainerclass Juggler,329,328,0.501,819,822,1480.5,C-,School Kid Danny (Elo 1902.5),Hiker Russel (Elo 1072.4),Team Rocket Grunt Radio Tower 8 (7 games),13.02,Voltorb Lv100 (Soundproof): Spark/Rollout/Screech/Light Screen | Voltorb Lv100 (Static): Rollout/Screech/Light Screen/Charge Beam | Voltorb Lv100 (Static): Rollout/Screech/Light Screen/Charge Beam | Voltorb Lv100 (Static): Light Screen/Charge Beam/Selfdestruct/Swift
330,poke_maniac_morgan_0133,Poke Maniac Morgan,Trainerclass Poke Maniac,328,329,0.499,848,848,1508.7,C,School Kid Jack Rematch 3 (Elo 1966.8),Swimmer Elaine (Elo 889.1),School Kid Travis (7 games),8.6,Rhyhorn Lv100 (Rock Head): Scary Face/Rock Blast/Take Down/Horn Drill | Rhydon Lv100 (Rock Head): Scary Face/Rock Blast/Take Down/Horn Drill
331,swimmer_m_charlie_0095,Swimmer Charlie,Trainerclass Swimmer M,327,330,0.498,829,837,1506.2,C,Ace Trainer Kevin (Elo 1906.4),Medium Edith (Elo 1162.4),Fisherman Andre (7 games),14.8,Shellder Lv100 (Skill Link): Supersonic/Icicle Spear/Protect/Leer | Tentacool Lv100 (Liquid Ooze): Constrict/Acid/Toxic Spikes/Bubble Beam | Tentacruel Lv100 (Liquid Ooze): Constrict/Acid/Toxic Spikes/Bubble Beam
332,team_rocket_grunt_radio_tower_1_0185,Team Rocket Grunt Radio Tower 1,Trainerclass Team Rocket,327,330,0.498,807,809,1477.9,C-,Double Team Thom & Kae (Elo 1936.6),Picnicker Tiffany Rematch 1 (Elo 1040.1),Biker Jacob (7 games),7.84,Raticate Lv100 (Guts): Hyper Fang/Sucker Punch/Scary Face/Crunch | Raticate Lv100 (Guts): Hyper Fang/Sucker Punch/Scary Face/Crunch
333,bug_catcher_arnie_0510,Bug Catcher Arnie Rematch 3,Trainerclass Bug Catcher,326,331,0.496,814,819,1462.3,C-,Rival Silver Bayleef (Burned Tower) (Elo 1818.9),Policeman Keith (Elo 1081.1),Picnicker Erin (7 games),9.7,Nincada Lv100 (Compound Eyes): Dig/Metal Claw/Mud Slap/Leech Life | Venomoth Lv100 (Shield Dust): Gust/Psychic/Poison Fang/Signal Beam
334,picnicker_cindy_0083,Picnicker Cindy,Trainerclass Picnicker,325,332,0.495,793,809,1475.3,C-,Leader Jasmine (Elo 1958.2),Team Rocket Grunt Slowpoke Well 1 (Elo 1090.4),Swimmer Kendra (7 games),5.98,Nidoqueen Lv100 (Rivalry): Poison Jab/Earth Power/Body Slam/Double Kick
335,pokefan_m_derek_0439,Pokefan Derek Rematch 2,Trainerclass Pokefan M,324,333,0.493,798,813,1504.2,C,Young Couple Tim & Sue Rematch 3 (Elo 1808.5),Hiker Russel (Elo 1072.4),Pokefan Boone (7 games),13.15,Pichu Lv100 (Static): Charm/Tail Whip/Thunder Wave/Sweet Kiss | Teddiursa Lv100 (Pickup): Lick/Fake Tears/Fury Swipes/Faint Attack | Pikachu Lv100 (Static): Thunderbolt/Feint/Agility/Discharge | Teddiursa Lv100 (Pickup): Fury Swipes/Faint Attack/Sweet Scent/Slash
336,picnicker_tanya_0336,Picnicker Tanya,Trainerclass Picnicker,324,333,0.493,858,871,1484.9,C-,Leader Chuck (Elo 1922.0),Youngster Albert (Elo 1008.5),Hiker Michael (7 games),7.58,Exeggutor Lv100 (Chlorophyll): Giga Drain/Light Screen/Egg Bomb/Hypnosis
337,lass_dana_0464,Lass Dana Rematch 1,Trainerclass Lass,324,333,0.493,808,829,1475.4,C-,Pokemon Trainer Lance (Rocket HQ) (Elo 1874.6),Boarder Patton (Elo 1051.7),Scientist Linden (7 games),10.84,Flaaffy Lv100 (Static): Cotton Spore/Charge/Discharge/Thunder Wave | Psyduck Lv100 (Damp): Water Pulse/Screech/Disable/Confusion
338,rival_silver_croconaw_azalea,Rival Silver Croconaw (Azalea),Trainerclass Rival,324,333,0.493,805,824,1467.3,C-,Camper Todd Rematch 3 (Elo 1945.1),Juggler Irwin (Elo 1019.3),Picnicker Tiffany Rematch 3 (7 games),11.28,Gastly Lv100 (Levitate): Lick/Spite/Mean Look/Curse | Zubat Lv100 (Inner Focus): Leech Life/Supersonic/Astonish/Bite | Croconaw Lv100 (Torrent): Water Gun/Rage/Bite/Scary Face
339,super_nerd_tyrone_0365,Super Nerd Tyrone,Trainerclass Super Nerd,323,334,0.492,775,799,1500.5,C,Pokemon Trainer Lance (Rocket HQ) (Elo 1874.6),Firebreather Ray (Elo 938.5),Bug Catcher Wade Rematch 3 (7 games),11.02,Magnemite Lv100 (Sturdy): Lock On/Magnet Bomb/Screech/Discharge | Magnemite Lv100 (Sturdy): Lock On/Magnet Bomb/Screech/Discharge | Magnemite Lv100 (Sturdy): Lock On/Magnet Bomb/Screech/Discharge
340,bug_catcher_abner_0691,Bug Catcher Abner,Trainerclass Bug Catcher,322,335,0.49,822,846,1493.7,C-,Psychic Herman (Elo 1856.7),Teacher Colette (Elo 1058.0),Medium Martha (7 games),10.05,Butterfree Lv100 (Compound Eyes): Tailwind/Safeguard/Captivate/Bug Buzz | Beedrill Lv100 (Swarm): Agility/Assurance/Poison Jab/Endeavor | Pikachu Lv100 (Static): Feint/Agility/Discharge/Light Screen
341,youngster_ian_0614,Youngster Ian Rematch 2,Trainerclass Youngster,322,335,0.49,821,855,1458.9,D+,School Kid Danny (Elo 1902.5),Pokefan Derek (Elo 891.2),Fisherman Marvin (7 games),7.91,Primeape Lv100 (Vital Spirit): Screech/Assurance/Rage/Swagger | Dugtrio Lv100 (Sand Veil): Sand Tomb/Earth Power/Mud Bomb/Slash
342,medium_martha_0046,Medium Martha,Trainerclass Medium,322,335,0.49,815,847,1441.9,D+,School Kid Billy Rematch 3 (Elo 1949.3),Pokefan Marigold (Elo 975.7),Bug Catcher Abner (7 games),8.54,Gastly Lv100 (Levitate): Spite/Mean Look/Curse/Night Shade | Haunter Lv100 (Levitate): Mean Look/Curse/Night Shade/Confuse Ray | Gastly Lv100 (Levitate): Mean Look/Curse/Night Shade/Confuse Ray
343,psychic_m_rodney_0422,Psychic Rodney,Trainerclass Psychic M,321,336,0.489,790,825,1493.9,C,Leader Morty (Elo 1902.8),School Kid Chad (Elo 852.9),Lass Ellen (7 games),8.74,Chingling Lv100 (Levitate): Astonish/Confusion/Uproar/Last Resort | Hypno Lv100 (Forewarn): Poison Gas/Meditate/Psybeam/Psych Up
344,super_nerd_merle_0683,Super Nerd Merle,Trainerclass Super Nerd,320,337,0.487,758,787,1495.8,C,Rival Silver Quilava (Goldenrod) (Elo 2041.0),Swimmer Elaine (Elo 889.1),Guitarist Clyde (7 games),8.33,Magcargo Lv100 (Flame Body): Overheat/Rock Slide/Yawn/Recover
345,super_nerd_teru_0393,Super Nerd Teru,Trainerclass Super Nerd,320,337,0.487,757,793,1492.0,C-,Pokemon Trainer Lance (Rocket HQ) (Elo 1874.6),Youngster Gordon (Elo 926.9),Fisherman Jonah (7 games),13.77,Magnemite Lv100 (Magnet Pull): Metal Sound/Tackle/Thunder Shock | Voltorb Lv100 (Soundproof): Charge/Tackle/Sonic Boom | Magnemite Lv100 (Sturdy): Metal Sound/Tackle/Thunder Shock | Magnemite Lv100 (Sturdy): Metal Sound/Tackle/Thunder Shock
346,medium_grace_0089,Medium Grace,Trainerclass Medium,320,337,0.487,814,847,1456.3,D+,Ace Trainer Quinn (Elo 1904.8),Team Rocket Grunt Underground 2 (Elo 1013.1),Fisherman Tully Rematch 2 (7 games),7.02,Haunter Lv100 (Levitate): Mean Look/Curse/Night Shade/Confuse Ray | Haunter Lv100 (Levitate): Mean Look/Curse/Night Shade/Confuse Ray
347,teacher_clarice_0561,Teacher Clarice,Trainerclass Teacher,319,338,0.486,805,841,1470.0,C-,Swimmer Lori (Elo 1964.7),Skier Diana (Elo 1008.7),Lass Dana Rematch 2 (7 games),6.81,Zigzagoon @ Sitrus Berry Lv100 (Gluttony): Belly Drum/Flail/Return/Iron Tail | Roselia Lv100 (Poison Point): Ingrain/Synthesis/Toxic/Petal Dance
348,firebreather_walt_0388,Firebreather Walt,Trainerclass Firebreather,318,339,0.484,792,833,1490.1,C-,Biker Aiden Rematch 1 (Elo 1782.3),Camper Clark (Elo 1139.0),Biker Reese Rematch 2 (7 games),11.1,Magmar Lv100 (Flame Body): Smog/Leer/Ember/Smoke Screen | Magmar Lv100 (Flame Body): Leer/Ember/Smoke Screen/Faint Attack
349,beauty_cassie_0209,Beauty Cassie,Trainerclass Beauty,318,339,0.484,791,837,1475.3,C-,Camper Tanner Rematch 3 (Elo 1972.9),Biker Markey (Elo 1139.4),School Kid Billy Rematch 1 (7 games),13.19,Vileplume Lv100 (Chlorophyll): Mega Drain/Aromatherapy/Stun Spore/Poison Powder | Butterfree Lv100 (Compound Eyes): Tailwind/Safeguard/Captivate/Bug Buzz
350,black_belt_lung_0159,Black Belt Lung,Trainerclass Black Belt,317,340,0.482,769,809,1481.9,C-,Beauty Julia (Elo 1756.0),Bird Keeper Ernie (Elo 1044.1),Ace Trainer Bonita (7 games),9.49,Mankey Lv100 (Vital Spirit): Fury Swipes/Karate Chop/Seismic Toss/Screech | Mankey Lv100 (Anger Point): Fury Swipes/Karate Chop/Seismic Toss/Screech | Primeape Lv100 (Anger Point): Karate Chop/Seismic Toss/Screech/Assurance
351,sailor_eddie_0669,Sailor Eddie,Trainerclass Sailor,316,341,0.481,810,865,1505.8,C,Camper Todd Rematch 3 (Elo 1945.1),Scientist Mitch (Elo 955.8),Rival Silver Quilava (Azalea) (7 games),5.19,Azumarill Lv100 (Huge Power): Water Pulse/Aqua Ring/Double Edge/Aqua Tail
352,sailor_huey_0440,Sailor Huey Rematch 1,Trainerclass Sailor,315,342,0.479,774,832,1477.2,C-,Ace Trainer Kevin (Elo 1906.4),Picnicker Heidi (Elo 1145.1),Super Nerd Pat (7 games),8.65,Poliwhirl Lv100 (Water Absorb): Rain Dance/Body Slam/Bubble Beam/Mud Shot | Poliwhirl Lv100 (Water Absorb): Rain Dance/Body Slam/Bubble Beam/Mud Shot
353,pokefan_m_boone_0567,Pokefan Boone,Trainerclass Pokefan M,315,342,0.479,808,862,1446.3,D+,Kimono Girl Sayo (Elo 1755.5),Swimmer Paula (Elo 1049.8),Pokefan Derek Rematch 2 (7 games),10.79,Spinda Lv100 (Own Tempo): Dizzy Punch/Sucker Punch/Teeter Dance/Psych Up | Volbeat Lv100 (Swarm): Protect/Helping Hand/Zen Headbutt/Bug Buzz
354,bird_keeper_gs_bob_0302,Bird Keeper Bob,Trainerclass Bird Keeper Gs,314,343,0.478,786,844,1480.8,C-,Lass Linda (Elo 1864.1),Skier Diana (Elo 1008.7),Picnicker Edna (7 games),5.22,Noctowl Lv100 (Insomnia): Air Slash/Zen Headbutt/Extrasensory/Psycho Shift
355,biker_aiden_0571,Biker Aiden,Trainerclass Biker,312,345,0.475,809,874,1468.3,C-,Ace Trainer Joyce (Elo 1816.0),Tower Tycoon Palmer (Elo 928.3),Team Rocket Grunt Hideout 2 (7 games),7.82,Tentacruel Lv100 (Liquid Ooze): Barrier/Water Pulse/Poison Jab/Screech
356,camper_todd_0274,Camper Todd Rematch 1,Trainerclass Camper,312,345,0.475,772,839,1459.7,C-,Leader Jasmine (Elo 1958.2),Young Couple Moe & Lulu (Elo 1078.3),Bug Catcher Rob Rematch 1 (7 games),8.93,Geodude Lv100 (Rock Head): Mud Sport/Rock Polish/Rock Throw/Magnitude | Geodude Lv100 (Rock Head): Mud Sport/Rock Polish/Rock Throw/Magnitude | Psyduck Lv100 (Damp): Confusion/Water Pulse/Fury Swipes/Screech
357,young_couple_duff_eda_0721,Young Couple Duff & Eda,Trainerclass Young Couple,311,346,0.473,757,831,1486.3,C-,Pokemon Trainer Lance (Rocket HQ) (Elo 1874.6),Fisherman Henry (Elo 979.1),Swimmer Randall (7 games),6.13,Onix Lv100 (Sturdy): Rock Throw/Rage/Rock Tomb/Sandstorm | Cloyster Lv100 (Skill Link): Withdraw/Supersonic/Aurora Beam/Protect
358,team_rocket_grunt_radio_tower_3_0187,Team Rocket Grunt Radio Tower 3,Trainerclass Team Rocket,309,348,0.47,770,848,1472.1,C-,Leader Morty (Elo 1902.8),Hiker Anthony (Elo 1090.6),Swimmer Esteban (7 games),10.91,Rattata Lv100 (Guts): Bite/Pursuit/Hyper Fang/Sucker Punch | Rattata Lv100 (Guts): Bite/Pursuit/Hyper Fang/Sucker Punch | Rattata Lv100 (Guts): Pursuit/Hyper Fang/Sucker Punch/Crunch | Rattata Lv100 (Guts): Pursuit/Hyper Fang/Sucker Punch/Crunch | Rattata Lv100 (Guts): Pursuit/Hyper Fang/Sucker Punch/Crunch
359,camper_tanner_0558,Camper Tanner,Trainerclass Camper,308,349,0.469,749,830,1476.0,C-,School Kid Danny (Elo 1902.5),Sailor Terrell (Elo 1022.6),Black Belt Nob (7 games),4.73,Sudowoodo Lv100 (Sturdy): Faint Attack/Rock Tomb/Rock Slide/Slam
360,swimmer_m_harold_0252,Swimmer Harold,Trainerclass Swimmer M,307,350,0.467,769,855,1468.3,C-,Ace Trainer Jamie Rematch 1 (Elo 1867.3),Sage Troy (Elo 1034.5),Picnicker Tiffany Rematch 2 (7 games),6.73,Remoraid Lv100 (Sniper): Bullet Seed/Water Pulse/Signal Beam/Ice Beam | Seadra Lv100 (Sniper): Agility/Twister/Brine/Hydro Pump
361,youngster_warren_0378,Youngster Warren,Trainerclass Youngster,307,350,0.467,780,869,1455.9,D+,Psychic Jared (Elo 1850.6),Hiker Russel (Elo 1072.4),Poke Maniac Brent (7 games),8.12,Fearow Lv100 (Keen Eye): Aerial Ace/Mirror Move/Agility/Assurance | Raticate Lv100 (Run Away): Crunch/Assurance/Super Fang/Double Edge
362,swimmer_m_tucker_0371,Swimmer Tucker,Trainerclass Swimmer M,307,350,0.467,748,839,1441.9,D+,Hiker Kenny Rematch 2 (Elo 1755.3),Picnicker Brooke (Elo 958.6),Youngster Ian Rematch 3 (7 games),10.51,Shellder Lv100 (Shell Armor): Ice Shard/Aurora Beam/Whirlpool/Iron Defense | Cloyster Lv100 (Skill Link): Aurora Beam/Protect/Spikes/Spike Cannon
363,medium_rebecca_0368,Medium Rebecca,Trainerclass Medium,306,351,0.466,813,893,1483.8,C-,Kimono Girl Naoko (Elo 1909.1),Youngster Joey Rematch 1 (Elo 1021.5),Psychic Jared (7 games),17.26,Bronzor Lv100 (Heatproof): Faint Attack/Skill Swap/Safeguard/Gyro Ball | Hypno Lv100 (Forewarn): Swagger/Skill Swap/Psybeam/Hypnosis
364,fisherman_wilton_0325,Fisherman Wilton Rematch 1,Trainerclass Fisherman,306,351,0.466,755,855,1462.7,C-,Ace Trainer Kevin (Elo 1906.4),Picnicker Cheyenne (Elo 1128.3),Fisherman Wilton (7 games),13.29,Goldeen Lv100 (Swift Swim): Water Pulse/Flail/Aqua Ring/Fury Attack | Goldeen Lv100 (Swift Swim): Water Pulse/Flail/Aqua Ring/Fury Attack | Seaking Lv100 (Swift Swim): Water Pulse/Flail/Aqua Ring/Fury Attack
365,swimmer_f_kendra_0590,Swimmer Kendra,Trainerclass Swimmer F,306,351,0.466,811,902,1444.9,D+,Leader Pryce (Elo 1982.8),Sage Jin (Elo 1008.2),Swimmer Katie (7 games),5.94,Slowking Lv100 (Oblivious): Water Pulse/Zen Headbutt/Nasty Plot/Swagger
366,swimmer_f_chelan_0589,Swimmer Chelan,Trainerclass Swimmer F,305,352,0.464,815,904,1445.4,D+,Double Team Thom & Kae (Elo 1936.6),Team Rocket Grunt Kimono Theatre (Elo 1020.0),Swimmer Tucker (7 games),6.9,Azumarill Lv100 (Huge Power): Waterfall/Rollout/Defense Curl/Dig
367,hiker_parry_0452,Hiker Parry Rematch 2,Trainerclass Hiker,305,352,0.464,774,871,1412.4,D+,Executive Ariana Ariana (Radio Tower) (Elo 1966.0),Firebreather Ray (Elo 938.5),Hiker Benjamin (7 games),13.86,Steelix Lv100 (Rock Head): Rock Polish/Dragon Breath/Curse/Iron Tail | Graveler Lv100 (Rock Head): Selfdestruct/Rollout/Rock Blast/Earthquake
368,hiker_dwight_0548,Hiker Dwight,Trainerclass Hiker,303,354,0.461,741,840,1464.2,C-,Leader Lt. Surge (Elo 2062.2),Fisherman Henry (Elo 979.1),Burglar Duncan (7 games),14.89,Magneton Lv100 (Magnet Pull): Lock On/Magnet Bomb/Screech/Discharge | Steelix Lv100 (Rock Head): Rock Polish/Dragon Breath/Curse/Iron Tail
369,picnicker_sharon_0153,Picnicker Sharon,Trainerclass Picnicker,299,358,0.455,782,898,1453.1,D+,Leader Erika (Elo 2022.2),Sailor Terrell (Elo 1022.6),Camper Pedro (7 games),12.92,Furret Lv100 (Keen Eye): Follow Me/Slam/Rest/Sucker Punch | Rapidash Lv100 (Flash Fire): Take Down/Agility/Fire Blast/Fury Attack
370,fisherman_martin_0320,Fisherman Martin,Trainerclass Fisherman,299,358,0.455,761,888,1432.4,D+,Young Couple Tim & Sue Rematch 3 (Elo 1808.5),Sage Jin (Elo 1008.2),Swimmer Nikki (7 games),7.09,Remoraid Lv100 (Hustle): Focus Energy/Bullet Seed/Water Pulse/Signal Beam | Octillery Lv100 (Suction Cups): Octazooka/Bullet Seed/Wring Out/Signal Beam
371,gentleman_alfred_0664,Gentleman Alfred Rematch 1,Trainerclass Gentleman,298,359,0.454,755,876,1457.3,D+,Fisherman Kyle Rematch 2 (Elo 1778.9),School Kid Chad (Elo 852.9),Fisherman Tully Rematch 2 (7 games),7.13,Noctowl Lv100 (Insomnia): Reflect/Confusion/Take Down/Air Slash
372,fisherman_andre_0126,Fisherman Andre,Trainerclass Fisherman,298,359,0.454,768,895,1452.3,D+,Ace Trainer Jamie Rematch 3 (Elo 1900.5),Swimmer Paula (Elo 1049.8),Swimmer Katie (7 games),6.47,Gyarados Lv100 (Intimidate): Thrash/Bite/Dragon Rage/Leer
373,lass_ellen_0419,Lass Ellen,Trainerclass Lass,297,360,0.452,745,868,1472.8,C-,Pokemon Trainer Lance (Rocket HQ) (Elo 1874.6),School Kid Connor (Elo 1055.7),Psychic Rodney (7 games),21.1,Wigglytuff Lv100 (Cute Charm): Sing/Disable/Defense Curl/Double Slap | Granbull Lv100 (Intimidate): Headbutt/Roar/Rage/Take Down
374,picnicker_tiffany_0519,Picnicker Tiffany Rematch 3,Trainerclass Picnicker,296,361,0.451,784,919,1437.3,D+,Ace Trainer Quinn (Elo 1904.8),Bug Catcher Don (Elo 818.5),Camper Todd Rematch 1 (7 games),5.62,Clefable Lv100 (Cute Charm): Gravity/Metronome/Blizzard/Thunder
375,super_nerd_pat_0366,Super Nerd Pat,Trainerclass Super Nerd,295,362,0.449,772,902,1474.6,C-,Ace Trainer Blake (Elo 1957.0),School Kid Chad (Elo 852.9),Sailor Huey Rematch 1 (7 games),4.58,Porygon Lv100 (Download): Charge Beam/Signal Beam/Ice Beam/Solar Beam
376,team_rocket_grunt_radio_tower_7_0191,Team Rocket Grunt Radio Tower 7,Trainerclass Team Rocket,293,364,0.446,707,851,1433.3,D+,Leader Morty (Elo 1902.8),Hiker Bailey (Elo 1160.3),Fisherman Tully Rematch 1 (7 games),8.9,Raticate Lv100 (Guts): Hyper Fang/Sucker Punch/Scary Face/Crunch | Koffing Lv100 (Levitate): Smoke Screen/Assurance/Selfdestruct/Sludge
377,bird_keeper_gs_jose_0446,Bird Keeper Jose Rematch 2,Trainerclass Bird Keeper Gs,291,366,0.443,733,885,1440.0,D+,School Kid Alan Rematch 3 (Elo 1942.9),Pokefan Beverly Rematch 1 (Elo 1064.3),Picnicker Erin Rematch 1 (7 games),7.68,Farfetchd Lv100 (Keen Eye): Swords Dance/Agility/Night Slash/Air Slash | Farfetchd Lv100 (Keen Eye): Night Slash/Air Slash/Feint/False Swipe
378,bug_catcher_rob_0622,Bug Catcher Rob Rematch 1,Trainerclass Bug Catcher,290,367,0.441,770,919,1455.3,D+,Psychic Herman (Elo 1856.7),Camper Roland (Elo 1044.5),Camper Todd Rematch 1 (7 games),8.23,Beedrill Lv100 (Swarm): Agility/Assurance/Poison Jab/Endeavor | Butterfree Lv100 (Compound Eyes): Tailwind/Safeguard/Captivate/Bug Buzz
379,young_couple_tim_sue_0556,Young Couple Tim & Sue,Trainerclass Young Couple,289,368,0.44,778,934,1495.1,C,Lass Alice (Elo 1835.0),School Kid Chad (Elo 852.9),School Kid Torin (7 games),3.92,Kadabra Lv100 (Synchronize): Recover/Psycho Cut/Role Play/Psychic | Psyduck Lv100 (Damp): Screech/Psych Up/Zen Headbutt/Amnesia
380,fisherman_tully_0123,Fisherman Tully,Trainerclass Fisherman,287,370,0.437,789,943,1437.3,D+,Ace Trainer Jamie Rematch 2 (Elo 1908.0),Pokefan Derek (Elo 891.2),Pokefan Beverly Rematch 2 (7 games),7.06,Qwilfish Lv100 (Poison Point): Harden/Minimize/Water Gun/Rollout
381,sailor_eugene_0039,Sailor Eugene,Trainerclass Sailor,287,370,0.437,714,876,1433.8,D+,Camper Tanner Rematch 2 (Elo 1903.5),Youngster Joey Rematch 2 (Elo 1097.9),Juggler Irwin Rematch 1 (7 games),14.64,Poliwhirl Lv100 (Water Absorb): Bubble/Hypnosis/Water Gun/Double Slap | Raticate Lv100 (Guts): Focus Energy/Bite/Pursuit/Hyper Fang | Krabby Lv100 (Shell Armor): Leer/Harden/Bubble Beam/Mud Shot
382,camper_spencer_0403,Camper Spencer,Trainerclass Camper,286,371,0.435,681,849,1426.9,D+,Poke Maniac Brent Rematch 3 (Elo 1834.4),Camper Todd (Elo 977.2),Sailor Parker (7 games),15.63,Sandshrew Lv100 (Sand Veil): Sand Attack/Poison Sting/Rapid Spin/Swift | Sandslash Lv100 (Sand Veil): Sand Attack/Poison Sting/Rapid Spin/Swift | Zubat Lv100 (Inner Focus): Supersonic/Astonish/Bite/Wing Attack
383,twins_kay_tia_0566,Twins Kay & Tia,Trainerclass Twins,284,373,0.432,711,886,1451.2,D+,Leader Blaine (Elo 2060.8),Youngster Gordon (Elo 926.9),Teacher Shirley (7 games),8.97,Quagsire Lv100 (Damp): Rain Dance/Surf/Yawn | Quagsire Lv100 (Damp): Amnesia/Surf/Yawn
384,swimmer_m_berke_0097,Swimmer Berke,Trainerclass Swimmer M,284,373,0.432,791,970,1407.4,D,Ace Trainer Megan (Elo 1897.7),Picnicker Selina (Elo 962.2),Bug Catcher Doug Rematch 3 (7 games),6.82,Qwilfish Lv100 (Poison Point): Minimize/Water Gun/Rollout/Toxic Spikes
385,bird_keeper_gs_hank_0299,Bird Keeper Hank,Trainerclass Bird Keeper Gs,281,376,0.428,719,899,1438.6,D+,Camper Sid (Elo 1847.8),Picnicker Tiffany Rematch 1 (Elo 1040.1),Teacher Shirley (7 games),15.2,Pidgey Lv100 (Keen Eye): Tackle/Sand Attack/Gust/Quick Attack | Pidgeot Lv100 (Tangled Feet): Feather Dance/Agility/Wing Attack/Roost
386,school_kid_m_jack_0430,School Kid Jack Rematch 1,Trainerclass School Kid M,281,376,0.428,702,881,1433.0,D+,Swimmer Lori (Elo 1964.7),Policeman Keith (Elo 1081.1),Swimmer Briana (7 games),13.68,Gloom Lv100 (Chlorophyll): Stun Spore/Sleep Powder/Mega Drain/Lucky Chant | Voltorb Lv100 (Soundproof): Tackle/Sonic Boom/Spark/Rollout
387,bug_catcher_doug_0620,Bug Catcher Doug Rematch 2,Trainerclass Bug Catcher,280,377,0.426,734,923,1395.4,D,Psychic Herman (Elo 1856.7),School Kid Chad (Elo 852.9),School Kid Jack Rematch 1 (7 games),8.41,Butterfree Lv100 (Compound Eyes): Tailwind/Safeguard/Captivate/Bug Buzz | Ariados Lv100 (Swarm): Spider Web/Agility/Pin Missile/Psychic
388,bug_catcher_rob_0623,Bug Catcher Rob Rematch 2,Trainerclass Bug Catcher,277,380,0.422,720,925,1403.0,D,Ace Trainer Quinn (Elo 1904.8),Scientist Mitch (Elo 955.8),Burglar Orson (7 games),8.72,Beedrill Lv100 (Swarm): Agility/Assurance/Poison Jab/Endeavor | Butterfree Lv100 (Compound Eyes): Tailwind/Safeguard/Captivate/Bug Buzz
389,bird_keeper_gs_roy_0300,Bird Keeper Roy,Trainerclass Bird Keeper Gs,276,381,0.42,710,918,1415.6,D+,Leader Morty (Elo 1902.8),Hiker Russel (Elo 1072.4),Fisherman Wilton (7 games),10.14,Fearow Lv100 (Keen Eye): Aerial Ace/Mirror Move/Agility/Assurance | Fearow Lv100 (Keen Eye): Mirror Move/Agility/Assurance/Roost
390,psychic_m_mark_0395,Psychic Mark,Trainerclass Psychic M,275,382,0.419,728,947,1432.6,D+,Camper Tanner Rematch 2 (Elo 1903.5),Picnicker Piper (Elo 980.3),Hiker Phillip (7 games),12.94,Abra Lv100 (Synchronize): Teleport/Flash | Abra Lv100 (Synchronize): Teleport/Flash | Kadabra Lv100 (Synchronize): Teleport/Kinesis/Confusion
391,hiker_clarke_0357,Hiker Clarke,Trainerclass Hiker,275,382,0.419,745,954,1403.1,D,Leader Jasmine (Elo 1958.2),Scientist Mitch (Elo 955.8),Bird Keeper Vance (7 games),12.42,Onix Lv100 (Sturdy): Rock Polish/Dragon Breath/Curse/Iron Tail | Dugtrio Lv100 (Arena Trap): Earth Power/Mud Bomb/Slash/Earthquake
392,hiker_phillip_0203,Hiker Phillip,Trainerclass Hiker,275,382,0.419,789,1006,1375.6,D,Ace Trainer Jamie Rematch 3 (Elo 1900.5),Fisherman Justin (Elo 789.3),Psychic Mark (7 games),3.83,Geodude Lv100 (Sturdy): Rock Throw/Magnitude/Selfdestruct/Rollout | Graveler Lv100 (Sturdy): Rock Throw/Magnitude/Selfdestruct/Rollout
393,team_rocket_grunt_underground_4_0197,Team Rocket Grunt Underground 4,Trainerclass Team Rocket,274,383,0.417,704,928,1409.9,D+,Hiker Kenny Rematch 3 (Elo 1837.2),Medium Margaret (Elo 1144.7),Hiker Kenny (7 games),13.59,Grimer Lv100 (Stench): Disable/Minimize/Sludge/Mud Bomb | Weezing Lv100 (Levitate): Smog/Smoke Screen/Assurance/Selfdestruct
394,bug_catcher_ed_0248,Bug Catcher Ed,Trainerclass Bug Catcher,273,384,0.416,712,926,1450.2,D+,Kimono Girl Naoko (Elo 1909.1),Lass Connie (Elo 938.1),Hiker Benjamin (7 games),12.93,Burmy Lv100 (Shed Skin): Protect/Tackle/Bug Bite/Hidden Power | Butterfree Lv100 (Compound Eyes): Tailwind/Safeguard/Captivate/Bug Buzz | Beedrill Lv100 (Swarm): Agility/Assurance/Poison Jab/Endeavor
395,super_nerd_hugh_0535,Super Nerd Hugh,Trainerclass Super Nerd,272,385,0.414,696,925,1395.8,D,Hiker Kenny Rematch 3 (Elo 1837.2),Scientist Mitch (Elo 955.8),School Kid Torin Rematch 3 (7 games),5.09,Seadra Lv100 (Poison Point): Smoke Screen/Twister/Surf/Waterfall
396,swimmer_f_katie_0243,Swimmer Katie,Trainerclass Swimmer F,270,387,0.411,724,962,1391.5,D,Camper Todd Rematch 3 (Elo 1945.1),Pokefan Derek (Elo 891.2),Swimmer Kendra (7 games),6.74,Dewgong Lv100 (Thick Fat): Brine/Sheer Cold/Take Down/Dive
397,rival_silver_quilava_azalea,Rival Silver Quilava (Azalea),Trainerclass Rival,270,387,0.411,692,923,1377.6,D,Biker Ernest Rematch 3 (Elo 1725.8),Swimmer Matthew (Elo 989.3),Pokefan Derek Rematch 1 (7 games),11.69,Gastly Lv100 (Levitate): Lick/Spite/Mean Look/Curse | Zubat Lv100 (Inner Focus): Leech Life/Supersonic/Astonish/Bite | Quilava Lv100 (Blaze): Leer/Smoke Screen/Ember/Quick Attack
398,bird_keeper_gs_theo_0073,Bird Keeper Theo,Trainerclass Bird Keeper Gs,269,388,0.409,666,899,1424.9,D+,Hiker Kenny Rematch 2 (Elo 1755.3),Swimmer Denise (Elo 966.0),Gentleman Alfred (7 games),16.42,Pidgey Lv100 (Keen Eye): Sand Attack/Gust/Quick Attack/Whirlwind | Pidgey Lv100 (Tangled Feet): Tackle/Sand Attack/Gust/Quick Attack | Pidgey Lv100 (Tangled Feet): Sand Attack/Gust/Quick Attack/Whirlwind | Pidgey Lv100 (Tangled Feet): Tackle/Sand Attack/Gust/Quick Attack | Pidgey Lv100 (Tangled Feet): Tackle/Sand Attack/Gust/Quick Attack
399,ace_trainer_m_mike_0111,Ace Trainer Mike,Trainerclass Ace Trainer M,269,388,0.409,705,943,1407.7,D,Double Team Thom & Kae (Elo 1936.6),Team Rocket Grunt Underground 2 (Elo 1013.1),Young Couple Tim & Sue Rematch 2 (7 games),5.69,Dragonair Lv100 (Shed Skin): Dragon Rage/Slam/Agility/Aqua Tail
400,sailor_jeff_0239,Sailor Jeff,Trainerclass Sailor,267,390,0.406,707,950,1427.0,D+,Firebreather Otis (Elo 1876.2),Lass Cathy (Elo 1047.2),Hiker Devin (7 games),6.6,Makuhita Lv100 (Thick Fat): Seismic Toss/Wake Up Slap/Endure/Close Combat | Raticate Lv100 (Guts): Crunch/Assurance/Super Fang/Double Edge
401,skier_jill_0481,Skier Jill,Trainerclass Skier,267,390,0.406,661,904,1416.6,D+,Ace Trainer Joyce (Elo 1816.0),Rival Silver Cyndaquil (Elo 837.3),Black Belt Yoshi (7 games),14.16,Dewgong Lv100 (Thick Fat): Ice Shard/Rest/Aqua Ring/Aurora Beam
402,hiker_benjamin_0134,Hiker Benjamin,Trainerclass Hiker,267,390,0.406,695,936,1406.0,D,Ace Trainer Jamie Rematch 2 (Elo 1908.0),Picnicker Selina (Elo 962.2),Bug Catcher Ed (7 games),10.35,Diglett Lv100 (Sand Veil): Growl/Astonish/Magnitude/Mud Slap | Geodude Lv100 (Sturdy): Mud Sport/Rock Polish/Rock Throw/Magnitude | Dugtrio Lv100 (Arena Trap): Growl/Astonish/Magnitude/Mud Slap
403,ace_trainer_f_emma_0363,Ace Trainer Emma,Trainerclass Ace Trainer F,267,390,0.406,687,933,1378.9,D,Hiker Kenny Rematch 3 (Elo 1837.2),Scientist Mitch (Elo 955.8),Poke Maniac Brent (7 games),5.37,Poliwhirl Lv100 (Water Absorb): Double Slap/Rain Dance/Body Slam/Bubble Beam
404,bug_catcher_dane_0687,Bug Catcher Dane,Trainerclass Bug Catcher,264,393,0.402,731,990,1415.7,D+,Psychic Herman (Elo 1856.7),Bird Keeper Abe (Elo 893.0),Black Belt Nob (7 games),8.61,Beedrill Lv100 (Swarm): Agility/Assurance/Poison Jab/Endeavor | Butterfree Lv100 (Compound Eyes): Tailwind/Safeguard/Captivate/Bug Buzz
405,swimmer_m_frankie_0373,Swimmer Frankie,Trainerclass Swimmer M,264,393,0.402,700,963,1381.2,D,Young Couple Tim & Sue Rematch 2 (Elo 1722.7),Picnicker Cheyenne (Elo 1128.3),Super Nerd Tyrone (7 games),6.11,Azumarill Lv100 (Huge Power): Bubble Beam/Aqua Ring/Double Edge/Rain Dance
406,biker_harris_0310,Biker Harris,Trainerclass Biker,264,393,0.402,682,934,1358.7,D-,Firebreather Walt Rematch 3 (Elo 1873.1),Fisherman Henry (Elo 979.1),Team Rocket Grunt Hideout 5 (7 games),5.09,Flareon Lv100 (Flash Fire): Quick Attack/Bite/Fire Spin/Fire Fang
407,youngster_ian_0613,Youngster Ian Rematch 1,Trainerclass Youngster,261,396,0.397,684,955,1376.8,D,Leader Morty (Elo 1902.8),Lass Cathy (Elo 1047.2),Swimmer Parker (7 games),6.56,Mankey Lv100 (Vital Spirit): Karate Chop/Seismic Toss/Screech/Assurance | Dugtrio Lv100 (Sand Veil): Sucker Punch/Sand Tomb/Earth Power/Mud Bomb
408,swimmer_f_diana_0297,Swimmer Diana,Trainerclass Swimmer F,260,397,0.396,693,967,1387.3,D,Pokemon Trainer Lance (Rocket HQ) (Elo 1874.6),Juggler Irwin (Elo 1019.3),Swimmer Kaylee (7 games),6.42,Golduck Lv100 (Cloud Nine): Water Pulse/Zen Headbutt/Psych Up/Disable
409,bug_catcher_doug_0619,Bug Catcher Doug Rematch 1,Trainerclass Bug Catcher,260,397,0.396,699,969,1365.4,D,Psychic Herman (Elo 1856.7),Lass Connie (Elo 938.1),Camper Lloyd (7 games),9.02,Butterfree Lv100 (Compound Eyes): Tailwind/Safeguard/Captivate/Bug Buzz | Ariados Lv100 (Swarm): Fury Swipes/Sucker Punch/Spider Web/Agility
410,team_rocket_grunt_hideout_2_0218,Team Rocket Grunt Hideout 2,Trainerclass Team Rocket,259,398,0.394,684,964,1420.0,D+,Lass Linda (Elo 1864.1),Lass Carrie (Elo 1018.3),Biker Aiden (7 games),6.97,Golbat Lv100 (Inner Focus): Supersonic/Astonish/Bite/Wing Attack
411,poke_maniac_harrison_0534,Poke Maniac Harrison,Trainerclass Poke Maniac,258,399,0.393,635,916,1387.4,D,Kimono Girl Sayo (Elo 1755.5),Swimmer Matthew (Elo 989.3),Bug Catcher Wade Rematch 1 (7 games),10.27,Nidoking Lv100 (Rivalry): Peck/Focus Energy/Double Kick/Poison Sting | Nidoqueen Lv100 (Rivalry): Scratch/Tail Whip/Double Kick/Poison Sting
412,hiker_edwin_0677,Hiker Edwin,Trainerclass Hiker,258,399,0.393,653,935,1376.1,D,Double Team Thom & Kae (Elo 1936.6),Bug Catcher Wade (Elo 910.3),Fisherman Ralph Rematch 1 (7 games),6.86,Golem Lv100 (Rock Head): Double Edge/Rock Slide/Sandstorm/Roar
413,bug_catcher_rob_0624,Bug Catcher Rob Rematch 3,Trainerclass Bug Catcher,257,400,0.391,716,997,1377.9,D,Psychic Herman (Elo 1856.7),Lass Connie (Elo 938.1),Bird Keeper Toby (7 games),8.77,Beedrill Lv100 (Swarm): Agility/Assurance/Poison Jab/Endeavor | Butterfree Lv100 (Compound Eyes): Tailwind/Safeguard/Captivate/Bug Buzz
414,super_nerd_cary_0681,Super Nerd Cary,Trainerclass Super Nerd,256,401,0.39,656,944,1343.4,D-,Picnicker Gina Rematch 3 (Elo 1753.1),Scientist Mitch (Elo 955.8),Pokefan Robert (7 games),6.86,Torkoal Lv100 (White Smoke): Overheat/Iron Tail/Body Slam/Iron Defense
415,teacher_shirley_0427,Teacher Shirley,Trainerclass Teacher,255,402,0.388,681,974,1366.1,D,Young Couple Tim & Sue Rematch 2 (Elo 1722.7),Pokefan Beverly Rematch 1 (Elo 1064.3),Fisherman Ralph Rematch 2 (7 games),8.14,Chatot Lv100 (Tangled Feet): Mimic/Roost/Uproar/Feather Dance | Jigglypuff Lv100 (Cute Charm): Body Slam/Gyro Ball/Wake Up Slap/Mimic
416,school_kid_m_alan_0432,School Kid Alan Rematch 1,Trainerclass School Kid M,254,403,0.387,640,937,1408.7,D,Fisherman Kyle Rematch 2 (Elo 1778.9),Twins Amy & Mimi Rematch (Elo 912.9),Swimmer Tucker (7 games),11.92,Tangela Lv100 (Chlorophyll): Vine Whip/Bind/Mega Drain/Stun Spore | Yanma Lv100 (Speed Boost): Detect/Supersonic/Uproar/Pursuit
417,pokefan_m_robert_0348,Pokefan Robert,Trainerclass Pokefan M,254,403,0.387,642,936,1392.6,D,Leader Lt. Surge (Elo 2062.2),Bug Catcher Stacey (Elo 849.7),Super Nerd Cary (7 games),9.92,Quagsire Lv100 (Water Absorb): Amnesia/Yawn/Earthquake/Rain Dance
418,team_rocket_grunt_nugget_bridge_0353,Team Rocket Grunt Nugget Bridge,Trainerclass Team Rocket,254,403,0.387,664,960,1377.7,D,Pokemon Trainer Lance (Rocket HQ) (Elo 1874.6),Pokefan Rex (Elo 1019.5),Team Rocket Grunt Radio Tower 9 (7 games),6.83,Golbat Lv100 (Inner Focus): Confuse Ray/Air Cutter/Mean Look/Poison Fang
419,team_rocket_grunt_radio_tower_6_0190,Team Rocket Grunt Radio Tower 6,Trainerclass Team Rocket,253,404,0.385,652,951,1380.7,D,School Kid Tommy (Elo 1838.4),Fisherman Henry (Elo 979.1),Young Couple Duff & Eda (7 games),7.69,Weezing Lv100 (Levitate): Smoke Screen/Assurance/Selfdestruct/Sludge
420,lass_krise_0610,Lass Krise Rematch 1,Trainerclass Lass,253,404,0.385,652,957,1369.5,D,Fisherman Kyle Rematch 3 (Elo 1850.1),Skier Diana (Elo 1008.7),Bird Keeper Jose (7 games),11.77,Oddish Lv100 (Chlorophyll): Poison Powder/Stun Spore/Sleep Powder/Mega Drain | Cubone Lv100 (Rock Head): Bonemerang/Rage/False Swipe/Thrash
421,beauty_caroline_0210,Beauty Caroline,Trainerclass Beauty,251,406,0.382,640,947,1421.8,D+,Juggler Fritz (Elo 1826.5),Picnicker Heidi (Elo 1145.1),Youngster Ian Rematch 3 (7 games),13.0,Marill Lv100 (Thick Fat): Aqua Ring/Double Edge/Rain Dance/Aqua Tail | Seel Lv100 (Thick Fat): Aurora Beam/Aqua Jet/Brine/Take Down | Marill Lv100 (Huge Power): Aqua Ring/Double Edge/Rain Dance/Aqua Tail
422,gentleman_alfred_0401,Gentleman Alfred,Trainerclass Gentleman,250,407,0.381,633,947,1392.9,D,Ace Trainer Gaven Rematch 1 (Elo 1961.4),Skier Diana (Elo 1008.7),Bird Keeper Theo (7 games),8.44,Noctowl Lv100 (Insomnia): Peck/Uproar/Reflect/Confusion
423,team_rocket_grunt_underground_7_0227,Team Rocket Grunt Underground 7,Trainerclass Team Rocket,250,407,0.381,627,938,1370.5,D,School Kid Tommy (Elo 1838.4),Juggler Irwin (Elo 1019.3),Camper Barry (7 games),7.16,Koffing Lv100 (Levitate): Smoke Screen/Assurance/Selfdestruct/Sludge | Koffing Lv100 (Levitate): Smoke Screen/Assurance/Selfdestruct/Sludge
424,biker_zeke_0311,Biker Zeke,Trainerclass Biker,250,407,0.381,666,981,1353.1,D-,Leader Whitney (Elo 1757.7),Sage Troy (Elo 1034.5),Pokefan Georgia (7 games),5.97,Koffing Lv100 (Levitate): Haze/Gyro Ball/Explosion/Sludge Bomb | Koffing Lv100 (Levitate): Haze/Gyro Ball/Explosion/Sludge Bomb
425,boarder_deandre_0482,Boarder Deandre,Trainerclass Boarder,249,408,0.379,668,974,1355.8,D-,Young Couple Tim & Sue Rematch 3 (Elo 1808.5),Fisherman Ralph (Elo 915.6),Sailor Parker (7 games),35.8,Seel Lv100 (Thick Fat): Encore/Ice Shard/Rest/Aqua Ring | Dewgong Lv100 (Thick Fat): Encore/Ice Shard/Rest/Aqua Ring | Seel Lv100 (Thick Fat): Encore/Ice Shard/Rest/Aqua Ring
426,pokefan_beverly_0437,Pokefan Beverly Rematch 2,Trainerclass Pokefan,246,411,0.374,630,962,1336.2,D-,Psychic Vernon (Elo 1718.9),Hiker Daniel (Elo 1083.1),Fisherman Tully (7 games),5.2,Granbull Lv100 (Intimidate): Headbutt/Roar/Rage/Take Down
427,biker_reese_0313,Biker Reese,Trainerclass Biker,244,413,0.371,621,952,1370.5,D,Leader Whitney (Elo 1757.7),Scientist Mitch (Elo 955.8),Picnicker Edna (7 games),6.87,Weezing Lv100 (Levitate): Sludge/Haze/Double Hit/Explosion
428,hiker_leonard_0204,Hiker Leonard,Trainerclass Hiker,242,415,0.368,639,990,1349.9,D-,Leader Whitney (Elo 1757.7),Twins Amy & Mimi Rematch (Elo 912.9),Biker Ernest (7 games),4.4,Geodude Lv100 (Sturdy): Rock Throw/Magnitude/Selfdestruct/Rollout | Machop Lv100 (No Guard): Foresight/Seismic Toss/Revenge/Vital Throw
429,scientist_gs_daniel_0686,Scientist Daniel,Trainerclass Scientist Gs,242,415,0.368,618,966,1334.5,D-,Firebreather Walt Rematch 3 (Elo 1873.1),Swimmer Elaine (Elo 889.1),Swimmer Susie (7 games),6.51,Ninetales Lv100 (Flash Fire): Overheat/Will O Wisp/Quick Attack/Roar
430,gentleman_milton_0551,Gentleman Milton,Trainerclass Gentleman,241,416,0.367,625,974,1356.7,D-,Leader Jasmine (Elo 1958.2),Swimmer Elaine (Elo 889.1),Team Rocket Grunt Radio Tower 6 (7 games),5.53,Growlithe Lv100 (Intimidate): Flamethrower/Agility/Crunch/Heat Wave
431,sailor_parker_0668,Sailor Parker,Trainerclass Sailor,240,417,0.365,628,978,1364.9,D,Poke Maniac Brent Rematch 2 (Elo 1817.3),Pokefan Derek (Elo 891.2),Camper Spencer (7 games),8.24,Horsea Lv100 (Sniper): Water Pulse/Focus Energy/Twister/Agility | Seadra Lv100 (Sniper): Water Pulse/Focus Energy/Twister/Agility
432,bug_catcher_wade_0461,Bug Catcher Wade Rematch 1,Trainerclass Bug Catcher,239,418,0.364,641,1000,1378.0,D,Psychic Jared (Elo 1850.6),Youngster Mikey (Elo 1021.8),Poke Maniac Shane (7 games),13.5,Metapod Lv100 (Shed Skin): Bug Bite/String Shot | Butterfree Lv100 (Compound Eyes): Psybeam/Silver Wind/Supersonic/Whirlwind | Kakuna Lv100 (Shed Skin): Bug Bite/Poison Sting/String Shot | Metapod Lv100 (Shed Skin): Bug Bite/String Shot
433,bird_keeper_gs_boris_0301,Bird Keeper Boris,Trainerclass Bird Keeper Gs,239,418,0.364,631,984,1351.3,D-,Poke Maniac Brent Rematch 3 (Elo 1834.4),Swimmer Matthew (Elo 989.3),Biker Reese Rematch 1 (7 games),11.85,Doduo Lv100 (Early Bird): Uproar/Acupressure/Double Hit/Agility | Doduo Lv100 (Early Bird): Uproar/Acupressure/Double Hit/Agility | Dodrio Lv100 (Early Bird): Uproar/Acupressure/Tri Attack/Agility
434,pokefan_beverly_0608,Pokefan Beverly Rematch 3,Trainerclass Pokefan,239,418,0.364,621,977,1349.0,D-,School Kid Tommy (Elo 1838.4),Youngster Albert (Elo 1008.5),Team Rocket Grunt Hideout 9 (7 games),4.84,Granbull Lv100 (Intimidate): Roar/Rage/Take Down/Payback
435,psychic_m_nelson_0389,Psychic Nelson,Trainerclass Psychic M,238,419,0.362,598,959,1359.4,D,Ace Trainer Arabella (Elo 1803.3),Picnicker Selina (Elo 962.2),Fisherman Scott (7 games),10.1,Slowpoke Lv100 (Oblivious): Tackle/Growl/Water Gun | Slowpoke Lv100 (Own Tempo): Curse/Headbutt/Water Gun/Confusion
436,swimmer_m_parker_0377,Swimmer Parker,Trainerclass Swimmer M,238,419,0.362,618,981,1355.1,D-,Ace Trainer Paulo (Elo 1799.4),Camper Virgil (Elo 1070.3),Youngster Ian Rematch 1 (7 games),8.16,Horsea Lv100 (Sniper): Water Pulse/Focus Energy/Twister/Agility | Seadra Lv100 (Sniper): Water Pulse/Focus Energy/Twister/Agility
437,firebreather_ned_0282,Firebreather Ned,Trainerclass Firebreather,238,419,0.362,600,969,1346.3,D-,Camper Dean (Elo 1710.4),School Kid Connor (Elo 1055.7),Picnicker Gina Rematch 1 (7 games),14.73,Koffing Lv100 (Levitate): Tackle/Smog/Smoke Screen/Assurance | Growlithe Lv100 (Intimidate): Ember/Leer/Odor Sleuth/Helping Hand | Koffing Lv100 (Levitate): Tackle/Smog/Smoke Screen/Assurance
438,fisherman_tully_0323,Fisherman Tully Rematch 1,Trainerclass Fisherman,237,420,0.361,602,962,1367.9,D,Leader Whitney (Elo 1757.7),Scientist Mitch (Elo 955.8),Team Rocket Grunt Radio Tower 7 (7 games),5.78,Qwilfish Lv100 (Poison Point): Stockpile/Spit Up/Revenge/Brine
439,fisherman_liam_0587,Fisherman Liam,Trainerclass Fisherman,237,420,0.361,630,991,1330.3,D-,Leader Whitney (Elo 1757.7),Picnicker Brooke (Elo 958.6),Poke Maniac Beckett (7 games),5.04,Seadra Lv100 (Poison Point): Agility/Twister/Brine/Hydro Pump
440,bug_catcher_rob_0048,Bug Catcher Rob,Trainerclass Bug Catcher,236,421,0.359,633,1005,1363.9,D,Ace Trainer Megan (Elo 1897.7),Scientist Mitch (Elo 955.8),Camper Todd Rematch 1 (7 games),9.23,Beedrill Lv100 (Swarm): Agility/Assurance/Poison Jab/Endeavor | Butterfree Lv100 (Compound Eyes): Silver Wind/Tailwind/Safeguard/Captivate
441,team_rocket_grunt_hideout_1_0216,Team Rocket Grunt Hideout 1,Trainerclass Team Rocket,236,421,0.359,601,968,1345.1,D-,Leader Morty (Elo 1902.8),Picnicker Tiffany Rematch 1 (Elo 1040.1),School Kid Dudley (7 games),10.0,Rattata Lv100 (Guts): Focus Energy/Bite/Pursuit/Hyper Fang | Rattata Lv100 (Guts): Focus Energy/Bite/Pursuit/Hyper Fang | Rattata Lv100 (Guts): Focus Energy/Bite/Pursuit/Hyper Fang | Rattata Lv100 (Guts): Focus Energy/Bite/Pursuit/Hyper Fang
442,swimmer_f_kara_0093,Swimmer Kara,Trainerclass Swimmer F,236,421,0.359,598,971,1334.8,D-,Medium Darcy (Elo 1723.7),Skier Diana (Elo 1008.7),Elder Li (7 games),12.21,Staryu Lv100 (Natural Cure): Water Gun/Rapid Spin/Recover/Camouflage | Starmie Lv100 (Natural Cure): Water Gun/Rapid Spin/Recover/Swift
443,bird_keeper_gs_toby_0082,Bird Keeper Toby,Trainerclass Bird Keeper Gs,235,422,0.358,601,971,1344.1,D-,Biker Aiden Rematch 2 (Elo 1712.7),Swimmer Paula (Elo 1049.8),Bug Catcher Rob Rematch 3 (7 games),10.54,Doduo Lv100 (Early Bird): Growl/Quick Attack/Rage/Fury Attack | Doduo Lv100 (Early Bird): Growl/Quick Attack/Rage/Fury Attack | Doduo Lv100 (Early Bird): Growl/Quick Attack/Rage/Fury Attack
444,picnicker_debra_0139,Picnicker Debra,Trainerclass Picnicker,234,423,0.356,616,990,1320.7,D-,Young Couple Tim & Sue Rematch 3 (Elo 1808.5),Scientist Mitch (Elo 955.8),Picnicker Sharon (7 games),7.05,Seaking Lv100 (Water Veil): Flail/Aqua Ring/Fury Attack/Waterfall
445,lass_dana_0400,Lass Dana,Trainerclass Lass,233,424,0.355,590,971,1337.6,D-,Bird Keeper Josh Rematch 2 (Elo 1714.4),Young Couple Moe & Lulu (Elo 1078.3),Fisherman Tully Rematch 2 (7 games),12.23,Flaaffy Lv100 (Static): Tackle/Growl/Thunder Shock/Thunder Wave | Psyduck Lv100 (Damp): Water Gun/Tail Whip/Disable/Confusion
446,twins_clea_gil_0499,Twins Clea & Gil,Trainerclass Twins,232,425,0.353,587,973,1326.5,D-,Lass Laura (Elo 1747.3),Pokefan Marigold (Elo 975.7),Swimmer Randall (7 games),4.17,Dratini Lv100 (Shed Skin): Thunder Wave/Twister/Thunderbolt/Headbutt | Dratini Lv100 (Shed Skin): Thunder Wave/Twister/Surf/Headbutt
447,school_kid_m_alan_0024,School Kid Alan,Trainerclass School Kid M,230,427,0.35,608,1003,1346.5,D-,Double Team Zac & Jen (Elo 1857.8),Picnicker Kim (Elo 926.8),Poke Maniac Brent (7 games),9.17,Tangela Lv100 (Chlorophyll): Sleep Powder/Absorb/Growth/Poison Powder
448,scientist_gs_garett_0471,Scientist Garett,Trainerclass Scientist Gs,229,428,0.349,552,947,1407.3,D,Fisherman Barney (Elo 1889.5),Youngster Gordon (Elo 926.9),Hiker Eoin (7 games),18.35,Magnemite Lv100 (Sturdy): Sonic Boom/Thunder Wave/Spark/Lock On | Magnemite Lv100 (Sturdy): Sonic Boom/Thunder Wave/Spark/Lock On | Magnemite Lv100 (Sturdy): Sonic Boom/Thunder Wave/Spark/Lock On
449,bird_keeper_gs_bret_0421,Bird Keeper Bret,Trainerclass Bird Keeper Gs,227,430,0.346,614,1021,1326.2,D-,Ace Trainer Gaven (Elo 1930.0),Skier Diana (Elo 1008.7),Team Rocket Grunt Underground 4 (7 games),10.15,Taillow Lv100 (Guts): Wing Attack/Double Team/Endeavor/Aerial Ace | Fearow Lv100 (Keen Eye): Mirror Move/Agility/Assurance/Roost
450,school_kid_m_dudley_0329,School Kid Dudley,Trainerclass School Kid M,226,431,0.344,566,981,1310.6,E+,Double Team Zac & Jen (Elo 1857.8),Rival Silver Cyndaquil (Elo 837.3),Biker Dale (7 games),5.5,Oddish @ Sitrus Berry Lv100 (Chlorophyll): Natural Gift/Moonlight/Giga Drain/Petal Dance
451,sailor_garrett_0240,Sailor Garrett,Trainerclass Sailor,225,432,0.342,667,1080,1326.8,D-,Ace Trainer Jamie Rematch 3 (Elo 1900.5),Pokefan Derek (Elo 891.2),Team Rocket Grunt Underground 4 (7 games),6.18,Kingler Lv100 (Hyper Cutter): Metal Claw/Stomp/Protect/Guillotine
452,bug_catcher_doug_0140,Bug Catcher Doug,Trainerclass Bug Catcher,224,433,0.341,582,1003,1319.9,D-,Psychic Herman (Elo 1856.7),Fisherman Ralph (Elo 915.6),Picnicker Gina (7 games),10.53,Butterfree Lv100 (Compound Eyes): Silver Wind/Tailwind/Safeguard/Captivate | Ariados Lv100 (Swarm): Fury Swipes/Sucker Punch/Spider Web/Agility
453,team_rocket_grunt_hideout_5_0222,Team Rocket Grunt Hideout 5,Trainerclass Team Rocket,223,434,0.339,600,1020,1318.7,D-,Firebreather Walt Rematch 3 (Elo 1873.1),Scientist Mitch (Elo 955.8),Biker Harris (7 games),5.42,Raticate Lv100 (Guts): Bite/Pursuit/Hyper Fang/Sucker Punch
454,pokefan_m_william_0181,Pokefan William,Trainerclass Pokefan M,222,435,0.338,588,1015,1339.4,D-,Fisherman Tully Rematch 3 (Elo 1826.2),Picnicker Selina (Elo 962.2),Psychic Mark (7 games),5.26,Raichu Lv100 (Static): Thunder Shock/Tail Whip/Quick Attack/Thunderbolt
455,ace_trainer_m_brian_0104,Ace Trainer Brian,Trainerclass Ace Trainer M,222,435,0.338,561,990,1334.3,D-,Fisherman Kyle Rematch 1 (Elo 1728.8),Pokefan Marigold (Elo 975.7),Beauty Valerie (7 games),4.11,Mareep Lv100 (Static): Discharge/Signal Beam/Cotton Spore/Tackle
456,biker_teddy_0575,Biker Teddy,Trainerclass Biker,222,435,0.338,601,1024,1313.0,D-,School Kid Tommy (Elo 1838.4),Picnicker Liz (Elo 866.0),Lass Krise Rematch 2 (7 games),5.85,Seviper Lv100 (Shed Skin): Poison Fang/Swagger/Haze/Night Slash
457,picnicker_erin_0151,Picnicker Erin,Trainerclass Picnicker,219,438,0.333,600,1038,1309.5,E+,Beauty Julia (Elo 1756.0),Lass Connie (Elo 938.1),Beauty Samantha (7 games),8.32,Ponyta Lv100 (Flash Fire): Tackle/Tail Whip/Ember/Flame Wheel | Oddish Lv100 (Chlorophyll): Absorb/Sweet Scent/Acid/Poison Powder
458,fisherman_ralph_0462,Fisherman Ralph Rematch 1,Trainerclass Fisherman,218,439,0.332,604,1044,1348.1,D-,Hiker Kenny Rematch 3 (Elo 1837.2),Sage Jin (Elo 1008.2),Picnicker Hope (7 games),7.17,Seaking Lv100 (Swift Swim): Flail/Aqua Ring/Fury Attack/Waterfall
459,lass_krise_0184,Lass Krise,Trainerclass Lass,216,441,0.329,550,999,1326.6,D-,Double Team Zac & Jen (Elo 1857.8),Teacher Colette (Elo 1058.0),Biker Harris (7 games),8.75,Oddish Lv100 (Chlorophyll): Absorb/Sweet Scent/Acid/Poison Powder | Cubone Lv100 (Rock Head): Bone Club/Headbutt/Leer/Focus Energy
460,hiker_jim_0359,Hiker Jim,Trainerclass Hiker,216,441,0.329,579,1030,1294.0,E+,Juggler Fritz (Elo 1826.5),Bug Catcher Wade (Elo 910.3),Policeman Dirk (7 games),6.16,Machamp Lv100 (No Guard): Submission/Wake Up Slap/Cross Chop/Scary Face
461,burglar_orson_0283,Burglar Orson,Trainerclass Burglar,214,443,0.326,568,1024,1293.1,E+,School Kid Billy Rematch 1 (Elo 1616.8),Fisherman Henry (Elo 979.1),Bug Catcher Rob Rematch 2 (7 games),9.69,Growlithe Lv100 (Intimidate): Roar/Flame Wheel/Leer/Bite | Koffing Lv100 (Levitate): Tackle/Smog/Sludge/Smoke Screen
462,black_belt_nob_0251,Black Belt Nob,Trainerclass Black Belt,210,447,0.32,579,1052,1310.0,E+,Bird Keeper Easton (Elo 1647.6),Camper Todd (Elo 977.2),Bug Catcher Dane (7 games),7.38,Machop Lv100 (No Guard): Vital Throw/Focus Energy/Karate Chop/Seismic Toss | Machoke Lv100 (No Guard): Leer/Karate Chop/Seismic Toss/Rock Slide
463,gentleman_edward_0231,Gentleman Edward,Trainerclass Gentleman,208,449,0.317,549,1029,1314.2,D-,Leader Morty (Elo 1902.8),Pokefan Rex (Elo 1019.5),Scientist Daniel (7 games),6.52,Persian Lv100 (Limber): Faint Attack/Taunt/Power Gem/Slash
464,poke_maniac_brent_0131,Poke Maniac Brent,Trainerclass Poke Maniac,206,451,0.314,515,1001,1318.9,D-,Ace Trainer Cybil (Elo 1609.7),Team Rocket Grunt Slowpoke Well 2 (Elo 1063.9),School Kid Alan (7 games),10.29,Nidorina Lv100 (Poison Point): Tail Whip/Double Kick/Poison Sting/Fury Swipes | Nidorino Lv100 (Poison Point): Double Kick/Poison Sting/Fury Attack/Horn Attack
465,black_belt_kenji_0017,Black Belt Kenji,Trainerclass Black Belt,206,451,0.314,544,1031,1309.8,E+,Boarder Bryce (Elo 1785.5),Pokefan Trevor (Elo 1034.6),Young Couple Tim & Sue Rematch 1 (7 games),5.07,Machoke Lv100 (Guts): Foresight/Seismic Toss/Revenge/Vital Throw
466,bug_catcher_dion_0688,Bug Catcher Dion,Trainerclass Bug Catcher,206,451,0.314,558,1053,1302.7,E+,Picnicker Erin Rematch 3 (Elo 1813.3),Pokefan Beverly (Elo 1005.1),Bird Keeper Ernie (7 games),5.66,Ariados Lv100 (Swarm): Agility/Pin Missile/Psychic/Poison Jab
467,pokefan_georgia_0352,Pokefan Georgia,Trainerclass Pokefan,204,453,0.311,563,1056,1284.8,E+,Ace Trainer Megan (Elo 1897.7),Picnicker Tiffany Rematch 1 (Elo 1040.1),Biker Zeke (7 games),21.42,Sentret Lv100 (Keen Eye): Follow Me/Slam/Rest/Sucker Punch | Sentret Lv100 (Keen Eye): Follow Me/Slam/Rest/Sucker Punch | Sentret Lv100 (Keen Eye): Follow Me/Slam/Rest/Sucker Punch | Furret Lv100 (Keen Eye): Follow Me/Slam/Rest/Sucker Punch | Sentret Lv100 (Keen Eye): Follow Me/Slam/Rest/Sucker Punch
468,team_rocket_f_grunt_radio_tower_9_0198,Team Rocket Grunt Radio Tower 9,Trainerclass Team Rocket F,204,453,0.311,570,1074,1283.9,E+,Camper Tanner Rematch 1 (Elo 1730.5),Scientist Mitch (Elo 955.8),Ace Trainer Kobe (7 games),7.28,Arbok Lv100 (Intimidate): Glare/Screech/Acid/Crunch
469,policeman_dirk_0080,Policeman Dirk,Trainerclass Policeman,202,455,0.307,509,1010,1321.0,D-,Beauty Julia (Elo 1756.0),Picnicker Kim (Elo 926.8),Hiker Jim (7 games),8.27,Growlithe Lv100 (Intimidate): Roar/Ember/Leer/Odor Sleuth | Growlithe Lv100 (Intimidate): Roar/Ember/Leer/Odor Sleuth
470,pokefan_m_jeremy_0423,Pokefan Jeremy,Trainerclass Pokefan M,202,455,0.307,501,1010,1286.9,E+,Biker Aiden Rematch 1 (Elo 1782.3),Pokefan Marigold (Elo 975.7),Team Rocket Grunt Hideout 9 (7 games),7.66,Meowth Lv100 (Technician): Faint Attack/Taunt/Pay Day/Slash | Meowth Lv100 (Technician): Faint Attack/Taunt/Pay Day/Slash | Meowth Lv100 (Technician): Faint Attack/Taunt/Pay Day/Slash
471,beauty_callie_0671,Beauty Callie,Trainerclass Beauty,199,458,0.303,536,1055,1311.1,E+,Ace Trainer Ryan (Elo 1796.4),Lass Carrie (Elo 1018.3),Fisherman Arnold (7 games),20.41,Clefable Lv100 (Cute Charm): Growl/Encore/Double Slap/Metronome | Wigglytuff Lv100 (Cute Charm): Sing/Defense Curl/Pound/Disable
472,picnicker_hope_0152,Picnicker Hope,Trainerclass Picnicker,199,458,0.303,580,1096,1304.1,E+,Biker Jacob (Elo 1814.2),Firebreather Ray (Elo 938.5),Fisherman Ralph Rematch 1 (7 games),5.81,Flaaffy Lv100 (Static): Charge/Discharge/Signal Beam/Light Screen
473,biker_ernest_0576,Biker Ernest,Trainerclass Biker,199,458,0.303,540,1058,1291.2,E+,Juggler Fritz (Elo 1826.5),Tower Tycoon Palmer (Elo 928.3),Hiker Leonard (7 games),11.61,Teddiursa Lv100 (Quick Feet): Slash/Charm/Rest/Snore | Marill Lv100 (Huge Power): Double Edge/Rain Dance/Aqua Tail/Hydro Pump
474,team_rocket_grunt_hideout_8_0496,Team Rocket Grunt Hideout 8,Trainerclass Team Rocket,199,458,0.303,543,1055,1287.0,E+,Rival Silver Bayleef (Burned Tower) (Elo 1818.9),Picnicker Piper (Elo 980.3),Bug Catcher Wade Rematch 1 (7 games),12.85,Drowzee Lv100 (Insomnia): Hypnosis/Disable/Confusion/Headbutt | Grimer Lv100 (Stench): Sludge/Disable/Mud Slap/Minimize
475,picnicker_liz_0276,Picnicker Liz Rematch 1,Trainerclass Picnicker,198,459,0.301,526,1046,1320.3,D-,Young Couple Vic & Tara (Elo 1673.8),Boarder Patton (Elo 1051.7),Bird Keeper Bert (7 games),10.85,Weepinbell Lv100 (Chlorophyll): Acid/Knock Off/Sweet Scent/Gastro Acid | Nidorina Lv100 (Rivalry): Bite/Helping Hand/Toxic Spikes/Flatter
476,hiker_noland_0235,Hiker Noland,Trainerclass Hiker,197,460,0.3,621,1148,1301.5,E+,Double Team Thom & Kae (Elo 1936.6),Fisherman Kyler Rematch 2 (Elo 824.6),Bird Keeper Josh Rematch 3 (7 games),21.19,Bronzor Lv100 (Levitate): Iron Defense/Safeguard/Gyro Ball/Future Sight | Golem Lv100 (Sturdy): Rollout/Rock Blast/Earthquake/Explosion
477,team_rocket_grunt_radio_tower_4_0188,Team Rocket Grunt Radio Tower 4,Trainerclass Team Rocket,197,460,0.3,511,1040,1285.1,E+,Picnicker Gina Rematch 2 (Elo 1679.9),School Kid Chad (Elo 852.9),Black Belt Wai (7 games),7.65,Zubat Lv100 (Inner Focus): Bite/Wing Attack/Confuse Ray/Air Cutter | Zubat Lv100 (Inner Focus): Bite/Wing Attack/Confuse Ray/Air Cutter
478,leader_falkner_falkner,Leader Falkner,Trainerclass Leader Falkner,197,460,0.3,480,1002,1274.7,E+,Sailor Kenneth (Elo 1676.1),Teacher Colette (Elo 1058.0),Swimmer Susie (7 games),11.62,Pidgey Lv100 (Keen Eye): Tackle/Sand Attack | Pidgeotto Lv100 (Keen Eye): Tackle/Roost/Gust
479,camper_grant_0724,Camper Grant,Trainerclass Camper,196,461,0.298,560,1086,1289.6,E+,Fisherman Kyle Rematch 1 (Elo 1728.8),Juggler Irwin (Elo 1019.3),Hiker Phillip (7 games),11.53,Skiploom Lv100 (Chlorophyll): Poison Powder/Stun Spore/Sleep Powder/Bullet Seed | Marill Lv100 (Huge Power): Tail Whip/Water Gun/Rollout/Bubble Beam
480,poke_maniac_shane_0129,Poke Maniac Shane,Trainerclass Poke Maniac,196,461,0.298,486,1018,1283.0,E+,Beauty Julia (Elo 1756.0),Youngster Ian (Elo 901.8),Pokefan Beverly Rematch 2 (7 games),10.39,Nidorina Lv100 (Poison Point): Scratch/Tail Whip/Double Kick/Poison Sting | Nidorino Lv100 (Poison Point): Peck/Focus Energy/Double Kick/Poison Sting
481,swimmer_m_randall_0086,Swimmer Randall,Trainerclass Swimmer M,195,462,0.297,523,1056,1264.4,E+,Picnicker Gina Rematch 2 (Elo 1679.9),Picnicker Selina (Elo 962.2),Young Couple Duff & Eda (7 games),15.15,Shellder Lv100 (Shell Armor): Supersonic/Icicle Spear/Withdraw/Tackle | Wartortle Lv100 (Torrent): Rapid Spin/Bite/Water Gun/Tail Whip | Shellder Lv100 (Skill Link): Supersonic/Icicle Spear/Withdraw/Tackle
482,team_rocket_grunt_hideout_4_0220,Team Rocket Grunt Hideout 4,Trainerclass Team Rocket,193,464,0.294,526,1072,1287.5,E+,Picnicker Gina Rematch 3 (Elo 1753.1),Bird Keeper Abe (Elo 893.0),Bug Catcher Doug Rematch 1 (7 games),9.89,Venonat Lv100 (Compound Eyes): Supersonic/Confusion/Poison Powder/Leech Life | Venonat Lv100 (Tinted Lens): Supersonic/Confusion/Poison Powder/Leech Life
483,twins_meg_peg_0426,Twins Meg & Peg Rematch,Trainerclass Twins,191,466,0.291,513,1068,1288.9,E+,Ace Trainer Gwen (Elo 1944.4),Swimmer Denise (Elo 966.0),Bug Catcher Rob Rematch 3 (7 games),5.81,Phanpy Lv100 (Pickup): Slam/Endure/Charm/Last Resort | Teddiursa Lv100 (Quick Feet): Faint Attack/Sweet Scent/Slash/Charm
484,team_rocket_grunt_hideout_3_0219,Team Rocket Grunt Hideout 3,Trainerclass Team Rocket,191,466,0.291,477,1030,1256.9,E+,Biker Charles (Elo 1672.3),Fisherman Ralph (Elo 915.6),Bug Catcher Ellis (7 games),9.46,Rattata Lv100 (Guts): Focus Energy/Bite/Pursuit/Hyper Fang | Zubat Lv100 (Inner Focus): Supersonic/Astonish/Bite/Wing Attack | Rattata Lv100 (Guts): Focus Energy/Bite/Pursuit/Hyper Fang
485,poke_maniac_andrew_0201,Poke Maniac Andrew,Trainerclass Poke Maniac,190,467,0.289,517,1078,1260.6,E+,Double Team Zac & Jen (Elo 1857.8),Picnicker Selina (Elo 962.2),Team Rocket Grunt Hideout 6 (7 games),12.25,Marowak Lv100 (Rock Head): Leer/Focus Energy/Bonemerang/Rage | Marowak Lv100 (Rock Head): Leer/Focus Energy/Bonemerang/Rage
486,scientist_gs_ross_0468,Scientist Ross,Trainerclass Scientist Gs,187,470,0.285,486,1052,1261.8,E+,Camper Barry (Elo 1643.3),Pokefan Rex (Elo 1019.5),Bird Keeper Jose Rematch 2 (7 games),8.97,Koffing Lv100 (Levitate): Smog/Smoke Screen/Assurance/Selfdestruct | Koffing Lv100 (Levitate): Smog/Smoke Screen/Assurance/Selfdestruct
487,bird_keeper_gs_gail_0553,Bird Keeper Gail,Trainerclass Bird Keeper Gs,185,472,0.282,482,1058,1270.2,E+,Leader Morty (Elo 1902.8),Juggler Irwin (Elo 1019.3),Twins Kay & Tia (7 games),10.98,Fearow Lv100 (Keen Eye): Mirror Move/Agility/Assurance/Roost | Spearow Lv100 (Keen Eye): Agility/Assurance/Roost/Drill Peck
488,sailor_roberto_0214,Sailor Roberto,Trainerclass Sailor,183,474,0.279,489,1068,1276.4,E+,Hiker Kenny Rematch 3 (Elo 1837.2),Sage Neal (Elo 1019.8),Camper Jerry (7 games),12.45,Machop Lv100 (Guts): Leer/Focus Energy/Karate Chop/Foresight | Machop Lv100 (No Guard): Leer/Focus Energy/Karate Chop/Foresight | Poliwhirl Lv100 (Damp): Hypnosis/Water Gun/Double Slap/Rain Dance
489,beauty_kassandra_0672,Beauty Kassandra,Trainerclass Beauty,183,474,0.279,508,1091,1247.4,E,Young Couple Tim & Sue Rematch 2 (Elo 1722.7),Swimmer Denise (Elo 966.0),Medium Rebecca (7 games),20.43,Wigglytuff Lv100 (Cute Charm): Sing/Defense Curl/Pound/Disable | Clefable Lv100 (Cute Charm): Growl/Encore/Double Slap/Metronome
490,youngster_samuel_0062,Youngster Samuel,Trainerclass Youngster,180,477,0.274,472,1064,1249.4,E,Kimono Girl Sayo (Elo 1755.5),Camper Todd (Elo 977.2),Camper Grant (7 games),15.25,Rattata Lv100 (Guts): Tackle/Tail Whip/Quick Attack/Focus Energy | Sandshrew Lv100 (Sand Veil): Scratch/Defense Curl/Sand Attack/Poison Sting | Spearow Lv100 (Keen Eye): Peck/Growl/Leer | Spearow Lv100 (Keen Eye): Peck/Growl/Leer
491,hiker_parry_0451,Hiker Parry Rematch 1,Trainerclass Hiker,179,478,0.272,532,1128,1265.9,E+,School Kid Jack Rematch 3 (Elo 1966.8),Bug Catcher Al (Elo 844.9),Sailor Harry (7 games),12.0,Onix Lv100 (Rock Head): Slam/Rock Polish/Dragon Breath/Curse | Graveler Lv100 (Rock Head): Selfdestruct/Rollout/Rock Blast/Earthquake
492,sage_edmond_0052,Sage Edmond,Trainerclass Sage,178,479,0.271,420,1024,1254.8,E,Camper Tanner Rematch 1 (Elo 1730.5),Firebreather Ray (Elo 938.5),Hiker Michael (7 games),8.98,Bellsprout Lv100 (Chlorophyll): Vine Whip | Bellsprout Lv100 (Chlorophyll): Vine Whip | Bellsprout Lv100 (Chlorophyll): Vine Whip
493,sage_nico_0051,Sage Nico,Trainerclass Sage,178,479,0.271,439,1037,1236.3,E,Boarder Bryce (Elo 1785.5),Twins Amy & Mimi Rematch (Elo 912.9),Medium Georgina (7 games),8.98,Bellsprout Lv100 (Chlorophyll): Vine Whip | Bellsprout Lv100 (Chlorophyll): Vine Whip | Bellsprout Lv100 (Chlorophyll): Vine Whip
494,super_nerd_eric_0233,Super Nerd Eric,Trainerclass Super Nerd,176,481,0.268,454,1063,1257.0,E+,Black Belt Ander (Elo 1640.2),Picnicker Piper (Elo 980.3),Lass Krise Rematch 1 (7 games),14.16,Grimer Lv100 (Stench): Poison Gas/Pound/Harden/Mud Slap | Grimer Lv100 (Stench): Poison Gas/Pound/Harden/Mud Slap
495,sage_chow_0043,Sage Chow,Trainerclass Sage,175,482,0.266,436,1047,1239.7,E,Camper Tanner Rematch 1 (Elo 1730.5),Twins Amy & Mimi (Elo 944.0),Swimmer Nikki (7 games),9.0,Bellsprout Lv100 (Chlorophyll): Vine Whip | Bellsprout Lv100 (Chlorophyll): Vine Whip | Bellsprout Lv100 (Chlorophyll): Vine Whip
496,poke_maniac_ron_0132,Poke Maniac Ron,Trainerclass Poke Maniac,174,483,0.265,464,1086,1216.9,E,Rival Silver Quilava (Burned Tower) (Elo 1770.4),Swimmer Denise (Elo 966.0),Bug Catcher Doug Rematch 2 (7 games),6.69,Nidoking Lv100 (Rivalry): Peck/Focus Energy/Double Kick/Poison Sting
497,twins_meg_peg_0425,Twins Meg & Peg,Trainerclass Twins,173,484,0.263,460,1080,1253.8,E,Rival Silver Croconaw (Burned Tower) (Elo 1762.7),Scientist Mitch (Elo 955.8),Bug Catcher Dane (7 games),5.57,Teddiursa Lv100 (Quick Feet): Faint Attack/Sweet Scent/Slash/Charm | Phanpy Lv100 (Pickup): Slam/Endure/Charm/Last Resort
498,bird_keeper_gs_josh_0562,Bird Keeper Josh,Trainerclass Bird Keeper Gs,171,486,0.26,506,1130,1261.9,E+,Twins Jo & Zoe (Elo 1728.6),Poke Maniac Larry (Elo 1004.2),Psychic Vernon (7 games),5.94,Fearow Lv100 (Keen Eye): Aerial Ace/Mirror Move/Agility/Assurance
499,bird_keeper_gs_jose_0303,Bird Keeper Jose Rematch 1,Trainerclass Bird Keeper Gs,169,488,0.257,469,1109,1247.0,E,Biker Aiden Rematch 2 (Elo 1712.7),Picnicker Brooke (Elo 958.6),Biker Dale (7 games),5.29,Farfetchd Lv100 (Keen Eye): Agility/Night Slash/Air Slash/Feint
500,swimmer_f_susie_0091,Swimmer Susie,Trainerclass Swimmer F,168,489,0.256,465,1106,1259.7,E+,Camper Barry (Elo 1643.3),Picnicker Selina (Elo 962.2),Scientist Daniel (7 games),8.41,Psyduck Lv100 (Damp): Scratch/Water Gun/Disable/Confusion | Goldeen Lv100 (Swift Swim): Flail/Water Pulse/Supersonic/Horn Attack
501,scientist_gs_trenton_0472,Scientist Trenton,Trainerclass Scientist Gs,168,489,0.256,479,1121,1219.8,E,Pokemon Trainer Lance (Rocket HQ) (Elo 1874.6),Picnicker Tiffany (Elo 796.1),Skier Diana (7 games),9.86,Porygon Lv100 (Download): Conversion/Conversion 2/Recover/Charge Beam
502,bug_catcher_arnie_0360,Bug Catcher Arnie Rematch 1,Trainerclass Bug Catcher,167,490,0.254,483,1135,1207.3,E,Beauty Julia (Elo 1756.0),Swimmer Leona (Elo 825.9),Fisherman Tully (7 games),6.96,Venonat Lv100 (Compound Eyes): Stun Spore/Psybeam/Sleep Powder/Signal Beam
503,bug_catcher_ellis_0690,Bug Catcher Ellis,Trainerclass Bug Catcher,166,491,0.253,484,1132,1247.7,E,Picnicker Gina Rematch 3 (Elo 1753.1),Tower Tycoon Palmer (Elo 928.3),Fisherman Edgar (7 games),11.91,Weedle Lv100 (Shield Dust): Poison Sting/String Shot/Bug Bite | Kakuna Lv100 (Shed Skin): Harden | Beedrill Lv100 (Swarm): Agility/Assurance/Poison Jab/Endeavor
504,team_rocket_grunt_hideout_6_0223,Team Rocket Grunt Hideout 6,Trainerclass Team Rocket,166,491,0.253,444,1087,1240.7,E,Camper Tanner Rematch 1 (Elo 1730.5),Pokefan Ruth (Elo 930.4),Hiker Bailey (7 games),9.85,Drowzee Lv100 (Insomnia): Hypnosis/Disable/Confusion/Headbutt | Zubat Lv100 (Inner Focus): Supersonic/Astonish/Bite/Wing Attack
505,super_nerd_waldo_0682,Super Nerd Waldo,Trainerclass Super Nerd,164,493,0.25,459,1115,1274.0,E+,Leader Jasmine (Elo 1958.2),Swimmer Elaine (Elo 889.1),Biker Zeke (7 games),4.16,Numel Lv100 (Simple): Overheat/Amnesia/Earth Power/Magnitude
506,biker_theron_0573,Biker Theron,Trainerclass Biker,163,494,0.248,478,1135,1246.8,E,Leader Chuck (Elo 1922.0),Youngster Joey (Elo 874.1),Pokefan Rex (7 games),4.6,Croagunk Lv100 (Dry Skin): Nasty Plot/Poison Jab/Sludge Bomb/Flatter
507,bird_keeper_gs_bert_0580,Bird Keeper Bert,Trainerclass Bird Keeper Gs,163,494,0.248,442,1103,1235.5,E,Leader Morty (Elo 1902.8),Pokefan Ruth (Elo 930.4),Hiker Noland (7 games),12.61,Wingull Lv100 (Keen Eye): Roost/Pursuit/Agility/Aerial Ace | Fearow Lv100 (Keen Eye): Mirror Move/Agility/Assurance/Roost
508,hiker_timothy_0146,Hiker Timothy,Trainerclass Hiker,163,494,0.248,465,1121,1231.9,E,Mystery Man Eusine (Elo 1810.6),Pokefan Ruth (Elo 930.4),Gentleman Alfred Rematch 3 (7 games),10.36,Diglett Lv100 (Sand Veil): Earth Power/Dig/Sand Attack/Sucker Punch | Dugtrio Lv100 (Sand Veil): Earth Power/Dig/Sand Attack/Sucker Punch
509,beauty_charlotte_0720,Beauty Charlotte,Trainerclass Beauty,162,495,0.247,432,1100,1255.9,E+,Fisherman Kyle Rematch 1 (Elo 1728.8),Bug Catcher Al (Elo 844.9),Swimmer Esteban (7 games),10.81,Bellossom Lv100 (Chlorophyll): Mega Drain/Sweet Scent/Stun Spore/Sunny Day
510,team_rocket_f_grunt_hideout_9_0404,Team Rocket Grunt Hideout 9,Trainerclass Team Rocket F,162,495,0.247,448,1109,1247.9,E,Sailor Huey Rematch 3 (Elo 1702.4),Youngster Albert (Elo 1008.5),Pokefan Jeremy (7 games),13.9,Ekans Lv100 (Intimidate): Wrap/Leer/Poison Sting/Bite | Gloom Lv100 (Chlorophyll): Absorb/Sweet Scent/Stun Spore/Sleep Powder
511,picnicker_adrian_0578,Picnicker Adrian,Trainerclass Picnicker,162,495,0.247,446,1113,1234.7,E,Young Couple Tim & Sue Rematch 3 (Elo 1808.5),Bug Catcher Wade (Elo 910.3),Fisherman Tully Rematch 1 (7 games),7.21,Shroomish Lv100 (Effect Spore): Growth/Giga Drain/Seed Bomb/Spore
512,pokefan_m_derek_0438,Pokefan Derek Rematch 1,Trainerclass Pokefan M,161,496,0.245,478,1150,1225.8,E,Boarder Bryce (Elo 1785.5),Scientist Mitch (Elo 955.8),Rival Silver Quilava (Azalea) (7 games),7.71,Teddiursa Lv100 (Pickup): Fake Tears/Fury Swipes/Faint Attack/Sweet Scent | Pikachu Lv100 (Static): Double Team/Slam/Thunderbolt/Feint
513,school_kid_m_jack_0178,School Kid Jack,Trainerclass School Kid M,160,497,0.244,445,1117,1231.2,E,School Kid Billy (Elo 1638.6),Picnicker Piper (Elo 980.3),Gentleman Alfred Rematch 3 (7 games),8.63,Oddish Lv100 (Chlorophyll): Absorb/Sweet Scent/Acid | Voltorb Lv100 (Soundproof): Tackle/Sonic Boom/Spark/Rollout
514,bird_keeper_gs_bryan_0072,Bird Keeper Bryan,Trainerclass Bird Keeper Gs,160,497,0.244,427,1103,1217.8,E,Hiker Michael (Elo 1634.3),Lass Connie (Elo 938.1),Picnicker Gina Rematch 1 (7 games),10.52,Pidgey Lv100 (Keen Eye): Tackle/Sand Attack/Gust | Pidgeotto Lv100 (Keen Eye): Tackle/Sand Attack/Gust/Quick Attack
515,fisherman_edgar_0125,Fisherman Edgar,Trainerclass Fisherman,160,497,0.244,460,1129,1188.8,E-,Pokemon Trainer Lance (Rocket HQ) (Elo 1874.6),School Kid Chad (Elo 852.9),Bug Catcher Ellis (7 games),5.95,Remoraid Lv100 (Hustle): Lock On/Psybeam/Aurora Beam/Bubble Beam | Remoraid Lv100 (Sniper): Lock On/Psybeam/Aurora Beam/Bubble Beam
516,bird_keeper_gs_vance_0137,Bird Keeper Vance,Trainerclass Bird Keeper Gs,159,498,0.242,409,1085,1201.7,E,Biker Aiden Rematch 2 (Elo 1712.7),Swimmer Denise (Elo 966.0),Hiker Clarke (7 games),9.39,Hoothoot Lv100 (Insomnia): Uproar/Reflect/Confusion/Take Down | Pidgeotto Lv100 (Keen Eye): Quick Attack/Whirlwind/Twister/Feather Dance
517,bird_keeper_gs_perry_0420,Bird Keeper Perry,Trainerclass Bird Keeper Gs,158,499,0.24,438,1121,1221.6,E,Psychic Herman (Elo 1856.7),Youngster Joey (Elo 874.1),Team Rocket Grunt Radio Tower 4 (7 games),5.24,Farfetchd Lv100 (Inner Focus): Swords Dance/Agility/Night Slash/Air Slash
518,team_rocket_grunt_hideout_7_0224,Team Rocket Grunt Hideout 7,Trainerclass Team Rocket,158,499,0.24,424,1101,1184.8,E-,Swimmer Nicole (Elo 1631.4),Sailor Terrell (Elo 1022.6),Picnicker Edna (7 games),18.85,Zubat Lv100 (Inner Focus): Leech Life/Supersonic/Astonish/Bite | Grimer Lv100 (Stench): Harden/Mud Slap/Disable/Minimize | Rattata Lv100 (Guts): Focus Energy/Bite/Pursuit/Hyper Fang
519,biker_dale_0569,Biker Dale,Trainerclass Biker,157,500,0.239,393,1075,1210.3,E,Lass Michelle (Elo 1653.1),Pokefan Trevor (Elo 1034.6),School Kid Dudley (7 games),5.98,Gulpin @ Black Sludge Lv100 (Sticky Hold): Spit Up/Swallow/Sludge Bomb/Gastro Acid
520,psychic_m_greg_0386,Psychic Greg,Trainerclass Psychic M,157,500,0.239,495,1177,1206.2,E,Ace Trainer Arabella (Elo 1803.3),Swimmer Leona (Elo 825.9),Ace Trainer Emma (7 games),7.85,Drowzee Lv100 (Insomnia): Hypnosis/Disable/Dream Eater
521,youngster_owen_0380,Youngster Owen,Trainerclass Youngster,156,501,0.237,452,1150,1214.1,E,Psychic Vernon (Elo 1718.9),Youngster Joey (Elo 874.1),Poke Maniac Beckett (7 games),4.5,Growlithe Lv100 (Intimidate): Take Down/Flamethrower/Agility/Crunch
522,picnicker_tiffany_0467,Picnicker Tiffany Rematch 2,Trainerclass Picnicker,154,503,0.234,414,1108,1210.9,E,Leader Whitney (Elo 1757.7),Fisherman Kyler Rematch 2 (Elo 824.6),Swimmer Joy (7 games),16.93,Clefable Lv100 (Cute Charm): Gravity/Sing/Wake Up Slap/Moonlight
523,teacher_hillary_0382,Teacher Hillary,Trainerclass Teacher,153,504,0.233,422,1127,1210.8,E,Camper Todd Rematch 2 (Elo 1797.2),School Kid Chad (Elo 852.9),Medium Rebecca (7 games),7.74,Sunkern Lv100 (Solar Power): Razor Leaf/Synthesis/Sunny Day/Giga Drain | Aipom Lv100 (Pickup): Fury Swipes/Swift/Screech/Agility
524,youngster_joey_0507,Youngster Joey Rematch 3,Trainerclass Youngster,152,505,0.231,449,1153,1202.9,E,Kimono Girl Zuki (Elo 1747.8),Scientist Mitch (Elo 955.8),Psychic Mark (7 games),6.19,Raticate Lv100 (Run Away): Hyper Fang/Quick Attack/Substitute/Endeavor
525,school_kid_m_ricky_0429,School Kid Ricky,Trainerclass School Kid M,151,506,0.23,438,1152,1241.1,E,Hiker Anthony Rematch 3 (Elo 1724.5),Fisherman Raymond (Elo 805.8),Poke Maniac Zach (7 games),11.3,Aipom @ Hard Stone Lv100 (Run Away): Agility/Double Hit/Fling/Nasty Plot | Ditto Lv100 (Limber): Transform
526,camper_ted_0147,Camper Ted,Trainerclass Camper,151,506,0.23,418,1129,1230.0,E,Hiker Kenny Rematch 3 (Elo 1837.2),Sage Jin (Elo 1008.2),Bug Catcher Ellis (7 games),3.54,Mankey Lv100 (Anger Point): Focus Energy/Fury Swipes/Karate Chop/Seismic Toss
527,black_belt_yoshi_0156,Black Belt Yoshi,Trainerclass Black Belt,151,506,0.23,505,1213,1223.8,E,Kimono Girl Sayo (Elo 1755.5),Bird Keeper Abe (Elo 893.0),Skier Jill (7 games),5.65,Hitmonlee Lv100 (Reckless): Double Kick/Meditate/Jump Kick/Focus Energy
528,hiker_bailey_0154,Hiker Bailey,Trainerclass Hiker,150,507,0.228,373,1086,1160.3,E-,Swimmer Ronald (Elo 1786.5),Swimmer Elaine (Elo 889.1),Team Rocket Grunt Hideout 6 (7 games),25.46,Geodude Lv100 (Sturdy): Defense Curl/Mud Sport/Rock Polish/Rock Throw | Geodude Lv100 (Sturdy): Defense Curl/Mud Sport/Rock Polish/Rock Throw | Geodude Lv100 (Sturdy): Defense Curl/Mud Sport/Rock Polish/Rock Throw | Geodude Lv100 (Sturdy): Defense Curl/Mud Sport/Rock Polish/Rock Throw | Geodude Lv100 (Sturdy): Defense Curl/Mud Sport/Rock Polish/Rock Throw
529,twins_dara_dia_0385,Twins Dara & Dia,Trainerclass Twins,149,508,0.227,411,1127,1200.5,E-,Leader Bugsy (Elo 1626.8),Pokefan Ruth (Elo 930.4),Picnicker Cheyenne (7 games),6.34,Mareep Lv100 (Static): Tackle/Growl/Thunder Shock/Thunder Wave | Marill Lv100 (Thick Fat): Defense Curl/Tail Whip/Water Gun/Rollout
530,medium_bethany_0175,Medium Bethany,Trainerclass Medium,147,510,0.224,390,1116,1238.1,E,Fisherman Stephen (Elo 1773.3),Swimmer Elaine (Elo 889.1),Sage Troy (7 games),7.9,Haunter Lv100 (Levitate): Night Shade/Confuse Ray/Sucker Punch/Shadow Punch
531,swimmer_m_simon_0016,Swimmer Simon,Trainerclass Swimmer M,147,510,0.224,400,1124,1209.4,E,Ace Trainer Lois (Elo 1712.2),Youngster Joey (Elo 874.1),Super Nerd Pat (7 games),8.03,Tentacool Lv100 (Clear Body): Constrict/Acid/Toxic Spikes/Bubble Beam | Tentacool Lv100 (Liquid Ooze): Constrict/Acid/Toxic Spikes/Bubble Beam
532,gentleman_preston_0037,Gentleman Preston,Trainerclass Gentleman,147,510,0.224,373,1096,1198.9,E-,Team Rocket Grunt Radio Tower 10 (Elo 1666.6),Picnicker Kim (Elo 926.8),Team Rocket Grunt Radio Tower 9 (7 games),11.03,Growlithe Lv100 (Intimidate): Ember/Leer/Odor Sleuth/Helping Hand | Growlithe Lv100 (Intimidate): Ember/Leer/Odor Sleuth/Helping Hand
533,bird_keeper_gs_jose_0414,Bird Keeper Jose,Trainerclass Bird Keeper Gs,146,511,0.222,424,1152,1178.7,E-,Firebreather Walt Rematch 3 (Elo 1873.1),Youngster Joey (Elo 874.1),Lass Krise Rematch 1 (7 games),5.37,Farfetchd Lv100 (Keen Eye): Swords Dance/Agility/Night Slash/Air Slash
534,sailor_kent_0213,Sailor Kent,Trainerclass Sailor,145,512,0.221,389,1122,1190.6,E-,Camper Dean (Elo 1710.4),School Kid Chad (Elo 852.9),Picnicker Brooke (7 games),9.17,Krabby Lv100 (Hyper Cutter): Bubble Beam/Leer/Vice Grip/Harden | Krabby Lv100 (Shell Armor): Bubble Beam/Mud Shot/Vice Grip/Harden
535,firebreather_bill_0319,Firebreather Bill,Trainerclass Firebreather,145,512,0.221,372,1105,1187.6,E-,Black Belt Ander (Elo 1640.2),Swimmer Denise (Elo 966.0),Hiker Edwin (7 games),10.07,Koffing Lv100 (Levitate): Poison Gas/Tackle/Smog | Koffing Lv100 (Levitate): Poison Gas/Tackle/Smog
536,super_nerd_markus_0536,Super Nerd Markus,Trainerclass Super Nerd,142,515,0.216,398,1142,1187.4,E-,Leader Chuck (Elo 1922.0),Scientist Mitch (Elo 955.8),Pokefan Eleanor (7 games),7.86,Slowpoke Lv100 (Own Tempo): Curse/Water Gun/Growl/Strength
537,pokefan_m_brandon_0409,Pokefan Brandon,Trainerclass Pokefan M,140,517,0.213,382,1132,1182.8,E-,Scientist Linden (Elo 1530.3),Fisherman Henry (Elo 979.1),Hiker Anthony (7 games),10.75,Snubbull Lv100 (Intimidate): Tail Whip/Charm/Bite/Lick | Mareep Lv100 (Static): Tackle/Growl/Thunder Shock
538,poke_maniac_donald_0392,Poke Maniac Donald,Trainerclass Poke Maniac,140,517,0.213,377,1132,1166.2,E-,Black Belt Wai (Elo 1646.1),Twins Amy & Mimi Rematch (Elo 912.9),Team Rocket Grunt Slowpoke Well 2 (7 games),22.23,Slowpoke Lv100 (Own Tempo): Yawn/Tackle/Growl/Water Gun | Slowpoke Lv100 (Own Tempo): Yawn/Tackle/Growl/Water Gun
539,beauty_kimberly_0531,Beauty Kimberly,Trainerclass Beauty,140,517,0.213,349,1106,1164.1,E-,Leader Whitney (Elo 1757.7),Swimmer Leona (Elo 825.9),Poke Maniac Morgan (7 games),18.9,Corsola Lv100 (Hustle): Harden/Bubble/Recover/Refresh
540,medium_margaret_0176,Medium Margaret,Trainerclass Medium,139,518,0.212,382,1134,1144.7,E-,School Kid Chad Rematch 2 (Elo 1774.2),Swimmer Elaine (Elo 889.1),Sailor Roberto (7 games),7.93,Haunter Lv100 (Levitate): Night Shade/Confuse Ray/Sucker Punch/Shadow Punch
541,medium_ethel_0177,Medium Ethel,Trainerclass Medium,138,519,0.21,376,1138,1198.1,E-,Camper Sid (Elo 1847.8),School Kid Chad (Elo 852.9),Poke Maniac Beckett (7 games),8.14,Haunter Lv100 (Levitate): Night Shade/Confuse Ray/Sucker Punch/Shadow Punch
542,medium_edith_0493,Medium Edith,Trainerclass Medium,138,519,0.21,397,1158,1162.4,E-,Biker Glenn (Elo 1813.8),Swimmer Elaine (Elo 889.1),Biker Markey (7 games),5.68,Haunter Lv100 (Levitate): Curse/Night Shade/Confuse Ray/Sucker Punch
543,picnicker_heidi_0332,Picnicker Heidi,Trainerclass Picnicker,138,519,0.21,348,1109,1145.1,E-,Ace Trainer Piper (Elo 1669.1),Bird Keeper Abe (Elo 893.0),Lass Dana (7 games),10.6,Skiploom Lv100 (Leaf Guard): Mega Drain/Cotton Spore/U Turn/Worry Seed | Skiploom Lv100 (Leaf Guard): Mega Drain/Cotton Spore/U Turn/Worry Seed
544,camper_ivan_0074,Camper Ivan,Trainerclass Camper,137,520,0.209,381,1145,1198.1,E-,Kimono Girl Sayo (Elo 1755.5),Arcade Star Dahlia (Elo 943.4),Hall Matron Argenta (7 games),13.32,Diglett Lv100 (Sand Veil): Scratch/Sand Attack/Growl/Astonish | Zubat Lv100 (Inner Focus): Leech Life/Supersonic/Astonish | Diglett Lv100 (Sand Veil): Sand Attack/Growl/Astonish/Magnitude
545,bird_keeper_gs_vance_0447,Bird Keeper Vance Rematch 1,Trainerclass Bird Keeper Gs,137,520,0.209,384,1146,1184.9,E-,Picnicker Erin Rematch 1 (Elo 1596.9),Swimmer Leona (Elo 825.9),Twins Meg & Peg Rematch (7 games),8.95,Hoothoot Lv100 (Insomnia): Confusion/Take Down/Air Slash/Zen Headbutt | Pidgeotto Lv100 (Keen Eye): Whirlwind/Twister/Feather Dance/Agility
546,picnicker_gina_0065,Picnicker Gina,Trainerclass Picnicker,136,521,0.207,437,1202,1201.1,E-,Kimono Girl Sayo (Elo 1755.5),Youngster Joey (Elo 874.1),Team Rocket Grunt Hideout 9 (7 games),19.89,Hoppip Lv100 (Chlorophyll): Splash/Synthesis/Tail Whip | Hoppip Lv100 (Chlorophyll): Splash/Synthesis/Tail Whip | Bulbasaur Lv100 (Overgrow): Tackle/Growl/Leech Seed/Vine Whip
547,beauty_samantha_0070,Beauty Samantha,Trainerclass Beauty,136,521,0.207,341,1108,1180.4,E-,Biker Aiden Rematch 1 (Elo 1782.3),Team Rocket Grunt Kimono Theatre (Elo 1020.0),Picnicker Erin (7 games),7.84,Meowth Lv100 (Technician): Scratch/Growl/Bite/Pay Day | Meowth Lv100 (Technician): Scratch/Growl/Bite/Slash
548,bird_keeper_gs_peter_0383,Bird Keeper Peter,Trainerclass Bird Keeper Gs,136,521,0.207,356,1126,1173.9,E-,Youngster Ian Rematch 3 (Elo 1602.8),Pokefan Derek (Elo 891.2),Poke Maniac Donald (7 games),15.32,Pidgey Lv100 (Keen Eye): Tackle/Sand Attack | Pidgey Lv100 (Tangled Feet): Tackle/Sand Attack | Spearow Lv100 (Keen Eye): Peck/Growl/Leer
549,school_kid_m_travis_0565,School Kid Travis,Trainerclass School Kid M,134,523,0.204,382,1157,1180.7,E-,Picnicker Gina Rematch 2 (Elo 1679.9),Youngster Joey (Elo 874.1),Picnicker Gina Rematch 2 (7 games),5.01,Budew Lv100 (Poison Point): Stun Spore/Giga Drain/Sludge Bomb/Nature Power
550,swimmer_f_wendy_0094,Swimmer Wendy,Trainerclass Swimmer F,134,523,0.204,379,1158,1170.1,E-,Hiker Bruce (Elo 1667.9),Pokefan Derek (Elo 891.2),Bug Catcher Arnie (7 games),8.61,Horsea Lv100 (Swift Swim): Bubble/Smoke Screen/Leer/Bubble Beam | Horsea Lv100 (Sniper): Focus Energy/Smoke Screen/Leer/Bubble Beam
551,executive_proton_proton_slowpoke_well,Executive Proton Proton (Slowpoke Well),Trainerclass Executive Proton,133,524,0.202,351,1132,1161.3,E-,Camper Lloyd (Elo 1562.1),Team Rocket Grunt Kimono Theatre (Elo 1020.0),Camper Grant (7 games),13.3,Zubat Lv100 (Inner Focus): Leech Life/Supersonic | Koffing Lv100 (Levitate): Poison Gas/Tackle/Smog/Smoke Screen
552,psychic_m_fidel_0317,Psychic Fidel,Trainerclass Psychic M,131,526,0.199,393,1185,1125.5,E-,Psychic Vernon (Elo 1718.9),Bird Keeper Abe (Elo 893.0),Team Rocket Grunt Hideout 6 (7 games),7.33,Xatu Lv100 (Early Bird): Future Sight/Psycho Shift/Confuse Ray/Me First
553,bug_catcher_arnie_0449,Bug Catcher Arnie Rematch 2,Trainerclass Bug Catcher,130,527,0.198,352,1148,1163.4,E-,Executive Proton Proton (Radio Tower) (Elo 1781.3),School Kid Chad (Elo 852.9),Sailor Huey (7 games),7.59,Venomoth Lv100 (Shield Dust): Disable/Supersonic/Confusion/Leech Life
554,beauty_valerie_0398,Beauty Valerie,Trainerclass Beauty,124,533,0.189,319,1141,1121.4,F+,Picnicker Gina Rematch 3 (Elo 1753.1),Bug Catcher Al (Elo 844.9),Ace Trainer Brian (7 games),9.81,Hoppip Lv100 (Chlorophyll): Mega Drain/Tail Whip/Tackle/Poison Powder | Skiploom Lv100 (Leaf Guard): Mega Drain/Tail Whip/Tackle/Stun Spore
555,biker_markey_0574,Biker Markey,Trainerclass Biker,123,534,0.187,350,1177,1139.4,E-,Twins Day & Dani (Elo 1672.2),Picnicker Kim (Elo 926.8),Medium Edith (7 games),5.57,Skorupi Lv100 (Sniper): Toxic Spikes/Bug Bite/Poison Fang/Crunch
556,twins_tori_til_0081,Twins Tori & Til,Trainerclass Twins,122,535,0.186,356,1182,1143.3,E-,Bird Keeper Josh Rematch 2 (Elo 1714.4),Pokefan Derek (Elo 891.2),Bird Keeper Josh (7 games),6.21,Marill Lv100 (Thick Fat): Defense Curl/Tail Whip/Water Gun/Rollout | Mareep Lv100 (Static): Tackle/Growl/Thunder Shock/Thunder Wave
557,elder_li_0290,Elder Li,Trainerclass Elder,122,535,0.186,325,1148,1143.0,E-,Hiker Michael (Elo 1634.3),Bird Keeper Abe (Elo 893.0),School Kid Connor (7 games),12.57,Bellsprout Lv100 (Chlorophyll): Vine Whip/Growth | Bellsprout Lv100 (Chlorophyll): Vine Whip/Growth | Hoothoot Lv100 (Insomnia): Growl/Foresight/Hypnosis/Peck
558,pokefan_m_colin_0424,Pokefan Colin,Trainerclass Pokefan M,120,537,0.183,360,1191,1161.4,E-,Biker Aiden Rematch 2 (Elo 1712.7),School Kid Chad (Elo 852.9),Team Rocket Grunt Slowpoke Well 2 (7 games),4.03,Delibird Lv100 (Hustle): Present/Aerial Ace/Avalanche
559,camper_clark_0557,Camper Clark,Trainerclass Camper,120,537,0.183,305,1137,1139.0,E-,Poke Maniac Morgan (Elo 1508.7),Pokefan Derek (Elo 891.2),Fisherman Edgar (7 games),4.2,Buizel Lv100 (Swift Swim): Swift/Aqua Jet/Agility/Whirlpool
560,poke_maniac_beckett_0130,Poke Maniac Beckett,Trainerclass Poke Maniac,119,538,0.181,317,1158,1135.9,E-,Black Belt Lao (Elo 1545.8),Pokefan Derek (Elo 891.2),Medium Ethel (7 games),11.24,Slowbro Lv100 (Oblivious): Growl/Water Gun/Confusion/Disable
561,bug_catcher_benny_0067,Bug Catcher Benny,Trainerclass Bug Catcher,113,544,0.172,319,1183,1103.1,F+,Hiker Eoin (Elo 1572.8),Pokefan Derek (Elo 891.2),Black Belt Kenji (7 games),12.46,Weedle Lv100 (Shield Dust): Poison Sting/String Shot | Kakuna Lv100 (Shed Skin): Harden | Beedrill Lv100 (Swarm): Fury Attack
562,sailor_huey_0211,Sailor Huey,Trainerclass Sailor,110,547,0.167,329,1196,1099.8,F+,Hiker Kenny Rematch 2 (Elo 1755.3),Youngster Gordon (Elo 926.9),Pokefan Trevor (7 games),13.57,Poliwag Lv100 (Water Absorb): Hypnosis/Water Gun/Double Slap/Rain Dance | Poliwhirl Lv100 (Water Absorb): Hypnosis/Water Gun/Double Slap/Rain Dance
563,team_rocket_grunt_slowpoke_well_1_0012,Team Rocket Grunt Slowpoke Well 1,Trainerclass Team Rocket,110,547,0.167,315,1188,1090.4,F+,Black Belt Wai (Elo 1646.1),Youngster Joey (Elo 874.1),Bird Keeper Rod (7 games),11.92,Rattata Lv100 (Guts): Tackle/Tail Whip/Quick Attack/Focus Energy | Zubat Lv100 (Inner Focus): Leech Life/Supersonic/Astonish | Zubat Lv100 (Inner Focus): Leech Life/Supersonic/Astonish
564,fisherman_arnold_0058,Fisherman Arnold,Trainerclass Fisherman,108,549,0.164,307,1192,1084.3,F+,Hiker Bruce (Elo 1667.9),Pokefan Derek (Elo 891.2),Camper Elliot (7 games),6.15,Shellder Lv100 (Shell Armor): Aurora Beam/Whirlpool/Iron Defense/Brine
565,picnicker_cheyenne_0579,Picnicker Cheyenne,Trainerclass Picnicker,107,550,0.163,351,1241,1128.3,E-,Swimmer Elmo (Elo 1586.7),Swimmer Leona (Elo 825.9),Bird Keeper Josh (7 games),4.24,Shinx Lv100 (Intimidate): Thunder Fang/Crunch/Scary Face/Discharge
566,poke_maniac_issac_0391,Poke Maniac Issac,Trainerclass Poke Maniac,107,550,0.163,312,1198,1110.8,F+,Youngster Ian Rematch 3 (Elo 1602.8),Twins Amy & Mimi (Elo 944.0),Bug Catcher Wayne (7 games),9.65,Lickitung Lv100 (Own Tempo): Lick/Supersonic/Cut
567,poke_maniac_zach_0406,Poke Maniac Zach,Trainerclass Poke Maniac,105,552,0.16,294,1184,1123.1,F+,Kimono Girl Sayo (Elo 1755.5),Swimmer Elaine (Elo 889.1),Lass Connie (7 games),7.14,Rhyhorn Lv100 (Lightning Rod): Stomp/Fury Attack/Scary Face/Rock Blast
568,camper_elliot_0075,Camper Elliot,Trainerclass Camper,104,553,0.158,310,1206,1123.3,F+,Kimono Girl Sayo (Elo 1755.5),Firebreather Ray (Elo 938.5),Fisherman Edgar (7 games),16.33,Sandshrew Lv100 (Sand Veil): Defense Curl/Sand Attack/Poison Sting/Rapid Spin | Marill Lv100 (Thick Fat): Defense Curl/Tail Whip/Water Gun/Rollout
569,pokefan_m_andy_0538,Pokefan Andy,Trainerclass Pokefan M,104,553,0.158,316,1210,1104.6,F+,Guitarist Clyde (Elo 1528.9),Picnicker Liz (Elo 866.0),Tower Tycoon Palmer (7 games),9.14,Teddiursa Lv100 (Quick Feet): Slash/Charm/Rest/Snore
570,swimmer_f_debbie_0291,Swimmer Debbie,Trainerclass Swimmer F,104,553,0.158,283,1180,1071.2,F+,Hiker Eoin (Elo 1572.8),Swimmer Elaine (Elo 889.1),Pokefan Trevor (7 games),6.68,Clamperl Lv100 (Shell Armor): Clamp/Water Gun/Whirlpool/Iron Defense
571,policeman_keith_0006,Policeman Keith,Trainerclass Policeman,103,554,0.157,302,1202,1081.1,F+,School Kid Johnny (Elo 1534.8),Swimmer Elaine (Elo 889.1),Young Couple Moe & Lulu (7 games),5.28,Growlithe Lv100 (Intimidate): Ember/Leer/Odor Sleuth/Helping Hand
572,young_couple_moe_lulu_0550,Young Couple Moe & Lulu,Trainerclass Young Couple,103,554,0.157,276,1179,1078.3,F+,Twins Kay & Tia Rematch 2 (Elo 1662.2),School Kid Chad (Elo 852.9),Policeman Keith (7 games),4.81,Lotad Lv100 (Rain Dish): Mega Drain/Bubble Beam/Zen Headbutt/Rain Dance | Seedot Lv100 (Early Bird): Nature Power/Synthesis/Sunny Day/Explosion
573,hiker_parry_0145,Hiker Parry,Trainerclass Hiker,102,555,0.155,284,1191,1107.8,F+,Kimono Girl Sayo (Elo 1755.5),Swimmer Elaine (Elo 889.1),Bird Keeper Bret (7 games),8.35,Onix Lv100 (Rock Head): Rock Tomb/Sandstorm/Slam/Rock Polish
574,hiker_russel_0025,Hiker Russel,Trainerclass Hiker,102,555,0.155,233,1138,1072.4,F+,Kimono Girl Sayo (Elo 1755.5),Swimmer Elaine (Elo 889.1),Teacher Colette (7 games),19.43,Geodude Lv100 (Sturdy): Tackle/Defense Curl/Mud Sport | Geodude Lv100 (Sturdy): Tackle/Defense Curl/Mud Sport | Geodude Lv100 (Sturdy): Tackle/Defense Curl/Mud Sport/Rock Polish
575,firebreather_richard_0281,Firebreather Richard,Trainerclass Firebreather,101,556,0.154,305,1215,1104.7,F+,Lass Michelle (Elo 1653.1),Swimmer Elaine (Elo 889.1),Youngster Ian (7 games),7.48,Charmeleon Lv100 (Blaze): Growl/Ember/Smoke Screen/Dragon Rage
576,youngster_joey_0280,Youngster Joey Rematch 2,Trainerclass Youngster,101,556,0.154,305,1212,1097.9,F+,Firebreather Walt Rematch 2 (Elo 1669.0),Pokefan Derek (Elo 891.2),Pokefan Derek Rematch 1 (7 games),5.83,Raticate Lv100 (Run Away): Super Fang/Quick Attack/Hyper Fang/Scary Face
577,boarder_patton_0483,Boarder Patton,Trainerclass Boarder,100,557,0.152,263,1179,1051.7,F+,Kimono Girl Sayo (Elo 1755.5),School Kid Chad (Elo 852.9),Super Nerd Tyrone (7 games),8.04,Swinub Lv100 (Oblivious): Mud Slap/Endure/Mud Bomb/Icy Wind | Swinub Lv100 (Oblivious): Mud Slap/Endure/Mud Bomb/Icy Wind
578,hiker_daniel_0384,Hiker Daniel,Trainerclass Hiker,97,560,0.148,265,1191,1083.1,F+,Swimmer Ronald (Elo 1786.5),Swimmer Elaine (Elo 889.1),Camper Tanner (7 games),10.63,Onix Lv100 (Sturdy): Harden/Bind/Screech/Rock Throw
579,swimmer_f_paula_0085,Swimmer Paula,Trainerclass Swimmer F,97,560,0.148,275,1197,1049.8,F+,Hiker Parry Rematch 3 (Elo 1588.5),Pokefan Derek (Elo 891.2),Hiker Benjamin (7 games),12.52,Staryu Lv100 (Natural Cure): Water Gun/Rapid Spin/Recover/Camouflage | Shellder Lv100 (Skill Link): Withdraw/Supersonic/Icicle Spear/Protect
580,bug_catcher_arnie_0078,Bug Catcher Arnie,Trainerclass Bug Catcher,95,562,0.145,296,1226,1110.3,F+,Kimono Girl Sayo (Elo 1755.5),School Kid Chad (Elo 852.9),Hall Matron Argenta (7 games),6.33,Venonat Lv100 (Compound Eyes): Foresight/Supersonic/Confusion/Poison Powder
581,pokefan_beverly_0436,Pokefan Beverly Rematch 1,Trainerclass Pokefan,95,562,0.145,270,1204,1064.3,F+,Twins Day & Dani (Elo 1672.2),Swimmer Leona (Elo 825.9),Pokefan Rex (7 games),5.04,Snubbull Lv100 (Intimidate): Lick/Headbutt/Roar/Rage
582,beauty_victoria_0005,Beauty Victoria,Trainerclass Beauty,93,564,0.142,268,1208,1082.6,F+,Young Couple Tim & Sue (Elo 1495.1),Tower Tycoon Palmer (Elo 928.3),Lass Cathy (7 games),10.83,Sentret Lv100 (Keen Eye): Scratch/Foresight/Defense Curl/Quick Attack | Sentret Lv100 (Keen Eye): Foresight/Defense Curl/Quick Attack/Fury Swipes | Sentret Lv100 (Keen Eye): Defense Curl/Quick Attack/Fury Swipes/Helping Hand
583,bird_keeper_gs_rod_0029,Bird Keeper Rod,Trainerclass Bird Keeper Gs,93,564,0.142,248,1192,1065.9,F+,Super Nerd Pat (Elo 1474.6),Bug Catcher Wade (Elo 910.3),Team Rocket Grunt Slowpoke Well 1 (7 games),12.07,Pidgey Lv100 (Keen Eye): Tackle/Sand Attack | Pidgey Lv100 (Keen Eye): Tackle/Sand Attack
584,teacher_colette_0038,Teacher Colette,Trainerclass Teacher,93,564,0.142,270,1215,1058.0,F+,Bird Keeper Justin (Elo 1541.6),Fisherman Justin (Elo 789.3),Beauty Victoria (7 games),10.4,Clefairy Lv100 (Magic Guard): Gravity/Moonlight/Light Screen/Meteor Mash
585,hiker_anthony_0061,Hiker Anthony,Trainerclass Hiker,91,566,0.139,262,1213,1090.6,F+,Kimono Girl Sayo (Elo 1755.5),Swimmer Elaine (Elo 889.1),Pokefan Brandon (7 games),12.96,Geodude Lv100 (Rock Head): Defense Curl/Mud Sport/Rock Polish/Rock Throw | Machop Lv100 (No Guard): Low Kick/Leer/Focus Energy/Karate Chop
586,bird_keeper_gs_ernie_0581,Bird Keeper Ernie,Trainerclass Bird Keeper Gs,89,568,0.135,267,1225,1044.1,F+,School Kid Nate (Elo 1541.7),Picnicker Tiffany (Elo 796.1),Sage Nico (7 games),3.15,Starly Lv100 (Keen Eye): Aerial Ace/Take Down/Agility/Brave Bird
587,team_rocket_f_grunt_slowpoke_well_2_0013,Team Rocket Grunt Slowpoke Well 2,Trainerclass Team Rocket F,88,569,0.134,282,1239,1063.9,F+,Picnicker Tanya (Elo 1484.9),Rival Silver Cyndaquil (Elo 837.3),Poke Maniac Donald (7 games),10.73,Zubat Lv100 (Inner Focus): Leech Life/Supersonic/Astonish | Ekans Lv100 (Intimidate): Wrap/Leer/Poison Sting/Bite
588,camper_virgil_0596,Camper Virgil,Trainerclass Camper,87,570,0.132,295,1266,1070.3,F+,Hiker Parry Rematch 3 (Elo 1588.5),Rival Silver Cyndaquil (Elo 837.3),Scientist Linden (7 games),6.12,Slakoth Lv100 (Truant): Amnesia/Covet/Counter/Flail
589,team_rocket_grunt_slowpoke_well_3_0101,Team Rocket Grunt Slowpoke Well 3,Trainerclass Team Rocket,84,573,0.128,238,1212,1062.0,F+,Ace Trainer Kobe (Elo 1558.9),Tower Tycoon Palmer (Elo 928.3),Camper Ivan (7 games),7.1,Rattata Lv100 (Guts): Tackle/Tail Whip/Quick Attack/Focus Energy | Rattata Lv100 (Guts): Tackle/Tail Whip/Quick Attack/Focus Energy
590,sage_troy_0054,Sage Troy,Trainerclass Sage,83,574,0.126,219,1203,1034.5,F,Hiker Michael (Elo 1634.3),Twins Amy & Mimi Rematch (Elo 912.9),Medium Bethany (7 games),9.97,Bellsprout Lv100 (Chlorophyll): Vine Whip/Growth | Hoothoot Lv100 (Keen Eye): Tackle/Growl/Foresight/Hypnosis
591,lass_cathy_0071,Lass Cathy,Trainerclass Lass,81,576,0.123,234,1220,1047.2,F+,Hiker Eoin (Elo 1572.8),Youngster Joey (Elo 874.1),Beauty Victoria (7 games),18.03,Jigglypuff Lv100 (Cute Charm): Sing/Defense Curl/Pound/Disable | Jigglypuff Lv100 (Cute Charm): Sing/Defense Curl/Pound/Disable | Jigglypuff Lv100 (Cute Charm): Sing/Defense Curl/Pound/Disable
592,school_kid_m_connor_0563,School Kid Connor,Trainerclass School Kid M,80,577,0.122,260,1257,1055.7,F+,Team Rocket Grunt Radio Tower 5 (Elo 1574.9),Swimmer Leona (Elo 825.9),Elder Li (7 games),4.85,Zigzagoon @ Chesto Berry Lv100 (Gluttony): Belly Drum/Rest/Flail/Secret Power
593,camper_roland_0026,Camper Roland,Trainerclass Camper,80,577,0.122,228,1219,1044.5,F+,Super Nerd Tyrone (Elo 1500.5),Picnicker Liz (Elo 866.0),Bug Catcher Dane (7 games),4.61,Nidoran M Lv100 (Rivalry): Leer/Peck/Focus Energy/Double Kick
594,youngster_mikey_0047,Youngster Mikey,Trainerclass Youngster,80,577,0.122,214,1212,1021.8,F,Pokefan Robert (Elo 1392.6),Tower Tycoon Palmer (Elo 928.3),Psychic Greg (7 games),6.8,Pidgey Lv100 (Keen Eye): Tackle | Rattata Lv100 (Guts): Tackle/Tail Whip/Quick Attack
595,bug_catcher_wayne_0530,Bug Catcher Wayne,Trainerclass Bug Catcher,77,580,0.117,239,1239,1050.4,F+,Sailor Huey Rematch 2 (Elo 1572.6),Bird Keeper Abe (Elo 893.0),Poke Maniac Issac (7 games),10.77,Ledyba Lv100 (Swarm): Tackle/Supersonic | Paras Lv100 (Effect Spore): Scratch/Stun Spore/Poison Powder
596,team_rocket_grunt_kimono_theatre_0598,Team Rocket Grunt Kimono Theatre,Trainerclass Team Rocket,77,580,0.117,227,1237,1020.0,F,Young Couple Tim & Sue Rematch 1 (Elo 1559.8),Swimmer Elaine (Elo 889.1),Pokefan Beverly (7 games),7.92,Koffing Lv100 (Levitate): Poison Gas/Tackle/Smog/Smoke Screen
597,lass_carrie_0022,Lass Carrie,Trainerclass Lass,76,581,0.116,227,1235,1018.3,F,Young Couple Tim & Sue (Elo 1495.1),Bug Catcher Al (Elo 844.9),Bird Keeper Rod (7 games),6.45,Snubbull Lv100 (Intimidate): Scary Face/Charm/Bite/Lick
598,youngster_joey_0279,Youngster Joey Rematch 1,Trainerclass Youngster,75,582,0.114,247,1259,1021.5,F,Psychic Nathan (Elo 1578.6),Rival Silver Chikorita (Elo 849.7),Team Rocket Grunt Radio Tower 4 (7 games),6.08,Raticate Lv100 (Run Away): Scary Face/Crunch/Assurance/Super Fang
599,bug_catcher_josh_0069,Bug Catcher Josh,Trainerclass Bug Catcher,74,583,0.113,210,1227,1021.2,F,Guitarist Clyde (Elo 1528.9),Picnicker Liz (Elo 866.0),Pokefan Trevor (7 games),6.0,Paras Lv100 (Effect Spore): Scratch/Stun Spore/Poison Powder/Leech Life
600,swimmer_m_matthew_0099,Swimmer Matthew,Trainerclass Swimmer M,73,584,0.111,229,1253,989.3,F,Poke Maniac Morgan (Elo 1508.7),Swimmer Leona (Elo 825.9),Team Rocket Grunt Slowpoke Well 1 (7 games),5.72,Krabby Lv100 (Hyper Cutter): Harden/Bubble Beam/Mud Shot/Metal Claw
601,juggler_irwin_0007,Juggler Irwin,Trainerclass Juggler,72,585,0.11,211,1235,1019.3,F,Hiker Michael (Elo 1634.3),Swimmer Elaine (Elo 889.1),Bird Keeper Bryan (7 games),22.21,Voltorb Lv100 (Soundproof): Charge | Voltorb Lv100 (Static): Charge/Tackle | Voltorb Lv100 (Static): Charge/Tackle/Sonic Boom | Voltorb Lv100 (Static): Charge/Tackle/Sonic Boom/Spark
602,pokefan_m_trevor_0351,Pokefan Trevor,Trainerclass Pokefan M,71,586,0.108,219,1253,1034.6,F,Black Belt Kenji Rematch 3 (Elo 1587.6),Swimmer Leona (Elo 825.9),Sailor Huey (7 games),5.6,Psyduck Lv100 (Cloud Nine): Fury Swipes/Screech/Psych Up/Zen Headbutt
603,sailor_terrell_0212,Sailor Terrell,Trainerclass Sailor,71,586,0.108,227,1255,1022.6,F,Hiker Parry Rematch 3 (Elo 1588.5),Rival Silver Cyndaquil (Elo 837.3),Camper Virgil (7 games),9.21,Poliwhirl Lv100 (Water Absorb): Hypnosis/Water Gun/Double Slap/Rain Dance
604,youngster_albert_0049,Youngster Albert,Trainerclass Youngster,71,586,0.108,192,1224,1008.5,F,Black Belt Ander (Elo 1640.2),Youngster Ian (Elo 901.8),Pokefan Andy (7 games),8.4,Rattata Lv100 (Run Away): Tackle/Tail Whip/Quick Attack | Zubat Lv100 (Inner Focus): Leech Life/Supersonic
605,camper_todd_0066,Camper Todd,Trainerclass Camper,71,586,0.108,184,1215,977.2,F,Hiker Michael (Elo 1634.3),Picnicker Tiffany (Elo 796.1),Hall Matron Argenta (7 games),5.04,Psyduck Lv100 (Damp): Scratch/Tail Whip/Water Gun/Disable
606,picnicker_tiffany_0466,Picnicker Tiffany Rematch 1,Trainerclass Picnicker,70,587,0.107,221,1252,1040.1,F,Psychic Phil (Elo 1505.3),Skier Cady (Elo 763.6),Camper Virgil (7 games),8.35,Clefairy Lv100 (Cute Charm): Gravity/Sing/Wake Up Slap/Metronome
607,pokefan_marigold_0532,Pokefan Marigold,Trainerclass Pokefan,69,588,0.105,205,1241,975.7,F,Young Couple Tim & Sue (Elo 1495.1),Swimmer Leona (Elo 825.9),Medium Martha (7 games),4.61,Meowth Lv100 (Technician): Growl/Bite/Fake Out/Fury Swipes
608,skier_diana_0480,Skier Diana,Trainerclass Skier,68,589,0.104,231,1273,1008.7,F,Young Couple Tim & Sue Rematch 3 (Elo 1808.5),Rival Silver Cyndaquil (Elo 837.3),Sage Neal (7 games),5.71,Jynx Lv100 (Oblivious): Ice Punch/Mean Look/Fake Tears/Wake Up Slap
609,pokefan_m_rex_0537,Pokefan Rex,Trainerclass Pokefan M,67,590,0.102,213,1251,1019.5,F,Kimono Girl Sayo (Elo 1755.5),Fisherman Kyler Rematch 3 (Elo 850.9),Biker Theron (7 games),6.21,Phanpy Lv100 (Pickup): Endure/Charm/Last Resort/Double Edge
610,team_rocket_grunt_underground_2_0195,Team Rocket Grunt Underground 2,Trainerclass Team Rocket,66,591,0.1,201,1248,1013.1,F,Psychic Phil (Elo 1505.3),Picnicker Tiffany (Elo 796.1),Camper Ivan (7 games),3.83,Rattata Lv100 (Guts): Hyper Fang/Sucker Punch/Crunch/Assurance
611,sage_neal_0055,Sage Neal,Trainerclass Sage,65,592,0.099,181,1231,1019.8,F,Fisherman Murphy (Elo 1704.0),Bug Catcher Stacey (Elo 849.7),Skier Diana (7 games),4.14,Bellsprout Lv100 (Chlorophyll): Vine Whip
612,pokefan_beverly_0182,Pokefan Beverly,Trainerclass Pokefan,65,592,0.099,186,1240,1005.1,F,Young Couple Tim & Sue (Elo 1495.1),Rival Silver Cyndaquil (Elo 837.3),Twins Amy & Mimi (7 games),6.54,Snubbull Lv100 (Intimidate): Tail Whip/Charm/Bite/Lick
613,poke_maniac_larry_0023,Poke Maniac Larry,Trainerclass Poke Maniac,65,592,0.099,199,1250,1004.2,F,Scientist Linden (Elo 1530.3),Rival Silver Cyndaquil (Elo 837.3),Bug Catcher Al (7 games),13.5,Slowpoke Lv100 (Own Tempo): Yawn/Tackle/Growl/Water Gun
614,sailor_harry_0410,Sailor Harry,Trainerclass Sailor,64,593,0.097,164,1223,962.8,F,Kimono Girl Sayo (Elo 1755.5),Swimmer Leona (Elo 825.9),Hiker Parry Rematch 1 (7 games),5.32,Wooper Lv100 (Water Absorb): Water Gun/Mud Bomb/Slam/Mud Shot
615,sage_jin_0053,Sage Jin,Trainerclass Sage,63,594,0.096,176,1236,1008.2,F,Fisherman Murphy (Elo 1704.0),Picnicker Tiffany (Elo 796.1),Black Belt Yoshi (7 games),4.09,Bellsprout Lv100 (Chlorophyll): Vine Whip
616,fisherman_henry_0060,Fisherman Henry,Trainerclass Fisherman,58,599,0.088,165,1247,979.1,F,Firebreather Burt (Elo 1633.9),Rival Silver Chikorita (Elo 849.7),Pokefan Ruth (7 games),13.76,Poliwag Lv100 (Water Absorb): Water Sport/Bubble/Hypnosis | Poliwag Lv100 (Damp): Water Sport/Bubble/Hypnosis
617,lass_connie_0215,Lass Connie,Trainerclass Lass,57,600,0.087,167,1253,938.1,F-,Bird Keeper Justin (Elo 1541.6),School Kid Chad (Elo 852.9),Poke Maniac Zach (7 games),5.85,Marill Lv100 (Thick Fat): Tail Whip/Water Gun/Rollout/Bubble Beam
618,picnicker_piper_0559,Picnicker Piper,Trainerclass Picnicker,55,602,0.084,166,1257,980.3,F,Young Couple Tim & Sue (Elo 1495.1),Rival Silver Cyndaquil (Elo 837.3),Bird Keeper Abe (7 games),8.13,Spoink Lv100 (Thick Fat): Zen Headbutt/Rest/Snore/Payback
619,picnicker_selina_0597,Picnicker Selina,Trainerclass Picnicker,55,602,0.084,175,1270,962.2,F,Poke Maniac Morgan (Elo 1508.7),Bug Catcher Don (Elo 818.5),Poke Maniac Morgan (7 games),4.6,Cherubi Lv100 (Chlorophyll): Worry Seed/Take Down/Solar Beam/Lucky Chant
620,swimmer_f_denise_0092,Swimmer Denise,Trainerclass Swimmer F,53,604,0.081,159,1264,966.0,F,Bird Keeper Theo (Elo 1424.9),Swimmer Leona (Elo 825.9),School Kid Alan (7 games),11.92,Seel Lv100 (Thick Fat): Icy Wind/Encore/Ice Shard/Rest
621,rival_silver_totodile,Rival Silver Totodile,Trainerclass Rival,51,606,0.078,133,1243,934.4,F-,Skier Jill (Elo 1416.6),Rival Silver Cyndaquil (Elo 837.3),Castle Valet Darach (7 games),6.08,Totodile Lv100 (Torrent): Scratch/Leer
622,hall_matron_argenta_0700,Hall Matron Argenta,Trainerclass Hall Matron,50,607,0.076,161,1274,944.9,F,Bug Catcher Dane (Elo 1415.7),Swimmer Leona (Elo 825.9),Camper Ivan (7 games),3.73,Rattata Lv100 (Run Away): Tackle/Tail Whip/Quick Attack
623,arcade_star_dahlia_0702,Arcade Star Dahlia,Trainerclass Arcade Star,50,607,0.076,157,1268,943.4,F,Twins Day & Dani (Elo 1672.2),Picnicker Tiffany (Elo 796.1),Sailor Huey (7 games),3.92,Rattata Lv100 (Run Away): Tackle/Tail Whip/Quick Attack
624,castle_valet_darach_0703,Castle Valet Darach,Trainerclass Castle Valet,49,608,0.075,141,1259,959.5,F,Super Nerd Waldo (Elo 1274.0),Swimmer Leona (Elo 825.9),Rival Silver Totodile (7 games),4.17,Rattata Lv100 (Run Away): Tackle/Tail Whip/Quick Attack
625,factory_head_thorton_0701,Factory Head Thorton,Trainerclass Factory Head,48,609,0.073,141,1266,945.1,F,Psychic Phil (Elo 1505.3),Picnicker Tiffany (Elo 796.1),Bug Catcher Arnie (7 games),3.7,Rattata Lv100 (Run Away): Tackle/Tail Whip/Quick Attack
626,tower_tycoon_palmer_0699,Tower Tycoon Palmer,Trainerclass Tower Tycoon,47,610,0.072,149,1272,928.3,F-,Young Couple Tim & Sue (Elo 1495.1),Picnicker Tiffany (Elo 796.1),Swimmer Leona (7 games),3.8,Rattata Lv100 (Run Away): Tackle/Tail Whip/Quick Attack
627,picnicker_brooke_0076,Picnicker Brooke,Trainerclass Picnicker,44,613,0.067,159,1298,958.6,F,Swimmer Joy (Elo 1503.5),Swimmer Leona (Elo 825.9),Sailor Kent (7 games),6.28,Pikachu Lv100 (Static): Thunder Shock/Growl/Quick Attack/Double Team
628,twins_amy_mimi_0010,Twins Amy & Mimi,Trainerclass Twins,42,615,0.064,141,1283,944.0,F,Hiker Anthony Rematch 1 (Elo 1576.5),Bug Catcher Don (Elo 818.5),Pokefan Beverly (7 games),5.51,Spinarak Lv100 (Insomnia): Poison Sting/String Shot/Scary Face/Constrict | Ledyba Lv100 (Early Bird): Tackle/Supersonic/Comet Punch
629,picnicker_kim_0077,Picnicker Kim,Trainerclass Picnicker,40,617,0.061,142,1296,926.8,F-,Biker Joel (Elo 1768.4),Bug Catcher Don (Elo 818.5),Fisherman Kyler Rematch 3 (7 games),5.88,Vulpix Lv100 (Flash Fire): Tail Whip/Roar/Quick Attack/Will O Wisp
630,bug_catcher_wade_0004,Bug Catcher Wade,Trainerclass Bug Catcher,40,617,0.061,113,1265,910.3,F-,Hiker Michael (Elo 1634.3),Youngster Joey (Elo 874.1),Firebreather Ray (7 games),13.55,Caterpie Lv100 (Shield Dust): Tackle/String Shot | Caterpie Lv100 (Shield Dust): Tackle/String Shot | Weedle Lv100 (Shield Dust): Poison Sting/String Shot | Caterpie Lv100 (Shield Dust): Tackle/String Shot
631,firebreather_ray_0390,Firebreather Ray,Trainerclass Firebreather,38,619,0.058,129,1288,938.5,F-,Lass Shannon (Elo 1512.0),Picnicker Tiffany (Elo 796.1),Bug Catcher Wade (7 games),5.46,Vulpix Lv100 (Flash Fire): Ember/Tail Whip/Roar
632,youngster_gordon_0056,Youngster Gordon,Trainerclass Youngster,38,619,0.058,96,1255,926.9,F-,Kimono Girl Sayo (Elo 1755.5),Swimmer Leona (Elo 825.9),School Kid Chad (7 games),6.42,Wooper Lv100 (Water Absorb): Water Gun/Tail Whip/Mud Sport/Mud Shot
633,youngster_ian_0064,Youngster Ian,Trainerclass Youngster,36,621,0.055,107,1275,901.8,F-,Kimono Girl Sayo (Elo 1755.5),Youngster Joey (Elo 874.1),Firebreather Richard (7 games),7.68,Mankey Lv100 (Vital Spirit): Focus Energy/Scratch/Low Kick/Leer | Diglett Lv100 (Sand Veil): Astonish/Growl/Scratch/Sand Attack
634,pokefan_ruth_0045,Pokefan Ruth,Trainerclass Pokefan,35,622,0.053,118,1292,930.4,F-,Black Belt Manford (Elo 1530.3),Swimmer Leona (Elo 825.9),Pokefan Colin (7 games),5.22,Pikachu Lv100 (Static): Double Team/Quick Attack/Tail Whip/Thunder Shock
635,twins_amy_mimi_0387,Twins Amy & Mimi Rematch,Trainerclass Twins,35,622,0.053,112,1284,912.9,F-,Hiker Anthony Rematch 1 (Elo 1576.5),Fisherman Kyler Rematch 2 (Elo 824.6),Skier Diana (7 games),5.5,Ledyba Lv100 (Early Bird): Tackle/Supersonic/Comet Punch | Spinarak Lv100 (Insomnia): Poison Sting/String Shot/Scary Face/Constrict
636,swimmer_f_elaine_0009,Swimmer Elaine,Trainerclass Swimmer F,35,622,0.053,119,1291,889.1,F-,Hiker Eoin (Elo 1572.8),Rival Silver Cyndaquil (Elo 837.3),Poke Maniac Morgan (7 games),6.66,Staryu Lv100 (Natural Cure): Water Gun/Rapid Spin/Recover/Camouflage
637,scientist_gs_mitch_0469,Scientist Mitch,Trainerclass Scientist Gs,33,624,0.05,146,1330,955.8,F,Leader Chuck (Elo 1922.0),Fisherman Justin (Elo 789.3),Black Belt Manford (7 games),7.58,Ditto Lv100 (Limber): Transform
638,fisherman_ralph_0057,Fisherman Ralph,Trainerclass Fisherman,33,624,0.05,119,1301,915.6,F-,Lass Shannon (Elo 1512.0),Rival Silver Chikorita (Elo 849.7),Psychic Fidel (7 games),6.59,Goldeen Lv100 (Swift Swim): Peck/Tail Whip/Water Sport/Supersonic
639,bird_keeper_gs_abe_0050,Bird Keeper Abe,Trainerclass Bird Keeper Gs,33,624,0.05,106,1288,893.0,F-,Bug Catcher Dane (Elo 1415.7),Picnicker Tiffany (Elo 796.1),Picnicker Piper (7 games),4.32,Spearow Lv100 (Keen Eye): Peck/Growl/Leer/Fury Attack
640,pokefan_m_derek_0044,Pokefan Derek,Trainerclass Pokefan M,31,626,0.047,104,1294,891.2,F-,Youngster Ian Rematch 2 (Elo 1458.9),Swimmer Leona (Elo 825.9),Lass Cathy (6 games),5.34,Pikachu Lv100 (Static): Double Team/Quick Attack/Tail Whip/Thunder Shock
641,youngster_joey_0008,Youngster Joey,Trainerclass Youngster,29,628,0.044,105,1303,874.1,F-,Twins Day & Dani (Elo 1672.2),Picnicker Tiffany (Elo 796.1),Pokefan Ruth (7 games),3.91,Rattata Lv100 (Run Away): Tackle/Tail Whip/Quick Attack
642,fisherman_kyler_0663,Fisherman Kyler Rematch 3,Trainerclass Fisherman,22,635,0.033,59,1284,850.9,F-,School Kid Ricky (Elo 1241.1),Fisherman Kyler Rematch 2 (Elo 824.6),Picnicker Kim (7 games),23.16,Magikarp Lv100 (Swift Swim): Splash/Tackle | Magikarp Lv100 (Swift Swim): Splash/Tackle | Magikarp Lv100 (Swift Swim): Splash/Tackle | Magikarp Lv100 (Swift Swim): Splash/Tackle | Magikarp Lv100 (Swift Swim): Splash/Tackle | Magikarp Lv100 (Swift Swim): Splash/Tackle
643,picnicker_liz_0027,Picnicker Liz,Trainerclass Picnicker,21,636,0.032,68,1296,866.0,F-,Biker Teddy (Elo 1313.0),Bug Catcher Don (Elo 818.5),Camper Roland (7 games),7.27,Nidoran F Lv100 (Rivalry): Growl/Scratch/Tail Whip
644,bug_catcher_al_0068,Bug Catcher Al,Trainerclass Bug Catcher,21,636,0.032,53,1284,844.9,F-,Hiker Parry Rematch 1 (Elo 1265.9),Bug Catcher Don (Elo 818.5),Poke Maniac Larry (7 games),8.05,Caterpie Lv100 (Shield Dust): Tackle/String Shot | Weedle Lv100 (Shield Dust): Poison Sting/String Shot
645,rival_silver_chikorita,Rival Silver Chikorita,Trainerclass Rival,20,637,0.03,57,1290,849.7,F-,Scientist Trenton (Elo 1219.8),Rival Silver Cyndaquil (Elo 837.3),Tower Tycoon Palmer (7 games),8.21,Chikorita Lv100 (Overgrow): Tackle/Growl
646,school_kid_m_chad_0397,School Kid Chad,Trainerclass School Kid M,17,640,0.026,80,1329,852.9,F-,Young Couple Tim & Sue (Elo 1495.1),Fisherman Justin (Elo 789.3),Youngster Gordon (7 games),9.59,Mr Mime Lv100 (Soundproof): Meditate/Encore/Double Slap/Mimic
647,fisherman_kyler_0662,Fisherman Kyler Rematch 2,Trainerclass Fisherman,17,640,0.026,43,1289,824.6,F-,Hiker Michael (Elo 1634.3),Rival Silver Cyndaquil (Elo 837.3),Fisherman Kyler Rematch 3 (6 games),20.74,Magikarp Lv100 (Swift Swim): Splash/Tackle | Magikarp Lv100 (Swift Swim): Splash/Tackle | Magikarp Lv100 (Swift Swim): Splash/Tackle | Magikarp Lv100 (Swift Swim): Splash/Tackle | Magikarp Lv100 (Swift Swim): Splash/Tackle
648,bug_catcher_stacey_0689,Bug Catcher Stacey,Trainerclass Bug Catcher,16,641,0.024,44,1293,849.7,F-,Hiker Michael (Elo 1634.3),Fisherman Justin (Elo 789.3),Hiker Eoin (7 games),20.48,Metapod Lv100 (Shed Skin): Harden | Metapod Lv100 (Shed Skin): Harden | Metapod Lv100 (Shed Skin): Harden
649,swimmer_f_leona_0584,Swimmer Leona,Trainerclass Swimmer F,16,641,0.024,59,1310,825.9,F-,Bug Catcher Arnie Rematch 1 (Elo 1207.3),Fisherman Justin (Elo 789.3),Tower Tycoon Palmer (7 games),4.37,Bidoof Lv100 (Simple): Amnesia/Take Down/Super Fang/Superpower
650,rival_silver_cyndaquil,Rival Silver Cyndaquil,Trainerclass Rival,14,643,0.021,63,1317,837.3,F-,Skier Jill (Elo 1416.6),Picnicker Tiffany (Elo 796.1),Scientist Mitch (7 games),6.47,Cyndaquil Lv100 (Blaze): Tackle/Leer/Smoke Screen
651,bug_catcher_don_0249,Bug Catcher Don,Trainerclass Bug Catcher,13,644,0.02,35,1297,818.5,F-,Picnicker Tiffany Rematch 3 (Elo 1437.3),Fisherman Kyler Rematch 2 (Elo 824.6),Picnicker Selina (4 games),8.01,Caterpie Lv100 (Shield Dust): Tackle/String Shot | Caterpie Lv100 (Shield Dust): Tackle/String Shot
652,fisherman_raymond_0127,Fisherman Raymond,Trainerclass Fisherman,12,645,0.018,26,1293,805.8,F-,School Kid Ricky (Elo 1241.1),Fisherman Kyler Rematch 1 (Elo 810.0),Fisherman Kyler Rematch 1 (7 games),16.91,Magikarp Lv100 (Swift Swim): Splash/Tackle | Magikarp Lv100 (Swift Swim): Splash/Tackle | Magikarp Lv100 (Swift Swim): Splash/Tackle | Magikarp Lv100 (Swift Swim): Splash/Tackle
653,fisherman_kyler_0661,Fisherman Kyler Rematch 1,Trainerclass Fisherman,10,647,0.015,28,1300,810.0,F-,Hiker Eoin (Elo 1572.8),Fisherman Raymond (Elo 805.8),Hiker Eoin (7 games),16.45,Magikarp Lv100 (Swift Swim): Splash/Tackle | Magikarp Lv100 (Swift Swim): Splash/Tackle | Magikarp Lv100 (Swift Swim): Splash/Tackle | Magikarp Lv100 (Swift Swim): Splash/Tackle
654,fisherman_kyler_0555,Fisherman Kyler,Trainerclass Fisherman,8,649,0.012,17,1299,803.9,F-,Hiker Phillip (Elo 1375.6),Fisherman Raymond (Elo 805.8),Hiker Phillip (4 games),12.8,Magikarp Lv100 (Swift Swim): Splash/Tackle | Magikarp Lv100 (Swift Swim): Splash/Tackle | Magikarp Lv100 (Swift Swim): Splash/Tackle
655,fisherman_justin_0018,Fisherman Justin,Trainerclass Fisherman,7,650,0.011,18,1304,789.3,F-,Hiker Phillip (Elo 1375.6),Fisherman Kyler (Elo 803.9),School Kid Chad (6 games),16.39,Magikarp Lv100 (Swift Swim): Splash | Magikarp Lv100 (Swift Swim): Splash | Magikarp Lv100 (Swift Swim): Splash/Tackle | Magikarp Lv100 (Swift Swim): Splash
656,picnicker_tiffany_0402,Picnicker Tiffany,Trainerclass Picnicker,6,651,0.009,30,1321,796.1,F-,Scientist Trenton (Elo 1219.8),Fisherman Justin (Elo 789.3),Firebreather Ray (7 games),18.29,Clefairy Lv100 (Cute Charm): Encore/Sing/Double Slap/Minimize
657,picnicker_ginger_0560,Picnicker Ginger,Trainerclass Picnicker,1,656,0.002,3,1313,765.6,F-,Skier Cady (Elo 763.6),Skier Cady (Elo 763.6),Skier Cady (4 games),5.6,Whismur Lv100 (Soundproof): Screech/Roar/Rest/Sleep Talk
658,skier_cady_0680,Skier Cady,Trainerclass Skier,0,657,0.0,2,1316,763.6,F-,Picnicker Tiffany Rematch 1 (Elo 1040.1),Picnicker Ginger (Elo 765.6),Picnicker Tiffany Rematch 1 (4 games),4.86,Delibird Lv100 (Vital Spirit): Present
