Rank,Trainer_Key,Display_Name,Class,Match_Wins,Match_Losses,Match_Win_Rate,Game_Wins,Game_Losses,Elo,Tier,Greatest_Win,Worst_Loss,Longest_Match_Vs,Average_Turns,Team_and_Movesets
1,rival_survival_area_turtwig_rematch,Rival Survival Area Infernape Rematch,Rival,719,1,0.999,1439,3,2298.6,S+,Rival Survival Area Torterra Rematch (Elo 2305.1),Rival Survival Area Empoleon Rematch (Elo 2294.2),Rival Survival Area Empoleon Rematch (4 games),2.61,Staraptor Lv81 (Intimidate): Close Combat/Brave Bird/Quick Attack/U Turn | Floatzel Lv79 (Swift Swim): Aqua Jet/Crunch/Ice Fang/Brick Break | Heracross Lv81 (Swarm): Megahorn/Close Combat/Night Slash/Stone Edge | Roserade Lv79 (Natural Cure): Sludge Bomb/Giga Drain/Shadow Ball/Grass Whistle | Snorlax Lv83 (Immunity): Giga Impact/Crunch/Earthquake/Zen Headbutt | Infernape @ Sitrus Berry Lv85 (Blaze): Flare Blitz/Focus Blast/Shadow Claw/Aerial Ace
2,rival_survival_area_chimchar_rematch,Rival Survival Area Empoleon Rematch,Rival,719,1,0.999,1439,3,2294.2,S+,Rival Survival Area Infernape Rematch (Elo 2298.6),Rival Survival Area Infernape Rematch (Elo 2298.6),Rival Survival Area Infernape Rematch (4 games),2.54,Staraptor Lv81 (Intimidate): Close Combat/Brave Bird/Quick Attack/U Turn | Roserade Lv79 (Natural Cure): Sludge Bomb/Giga Drain/Shadow Ball/Grass Whistle | Heracross Lv81 (Swarm): Megahorn/Close Combat/Night Slash/Stone Edge | Rapidash Lv79 (Run Away): Fire Blast/Sunny Day/Megahorn/Will O Wisp | Snorlax Lv83 (Immunity): Giga Impact/Crunch/Earthquake/Zen Headbutt | Empoleon @ Sitrus Berry Lv85 (Torrent): Hydro Pump/Metal Claw/Drill Peck/Ice Beam
3,rival_survival_area_piplup_rematch,Rival Survival Area Torterra Rematch,Rival,718,2,0.997,1437,5,2305.1,S+,Rival Survival Area Empoleon Rematch (Elo 2294.2),Champion Cynthia Rematch (Elo 2286.0),Champion Cynthia Rematch (4 games),2.62,Staraptor Lv81 (Intimidate): Close Combat/Brave Bird/Quick Attack/U Turn | Floatzel Lv79 (Swift Swim): Aqua Jet/Crunch/Ice Fang/Brick Break | Heracross Lv81 (Swarm): Megahorn/Close Combat/Night Slash/Stone Edge | Rapidash Lv79 (Run Away): Fire Blast/Sunny Day/Megahorn/Will O Wisp | Snorlax Lv83 (Immunity): Giga Impact/Crunch/Earthquake/Zen Headbutt | Torterra @ Sitrus Berry Lv85 (Overgrow): Leaf Storm/Earthquake/Crunch/Stone Edge
4,champion_cynthia_rematch,Champion Cynthia Rematch,Champion Cynthia,718,2,0.997,1437,5,2286.0,S+,Rival Survival Area Torterra Rematch (Elo 2305.1),Rival Survival Area Empoleon Rematch (Elo 2294.2),Rival Survival Area Torterra Rematch (4 games),3.14,Spiritomb Lv74 (Pressure): Dark Pulse/Psychic/Silver Wind/Ominous Wind | Roserade Lv74 (Natural Cure): Energy Ball/Sludge Bomb/Shadow Ball/Extrasensory | Togekiss Lv76 (Hustle): Air Slash/Aura Sphere/Water Pulse/Psychic | Lucario Lv76 (Steadfast): Aura Sphere/Dragon Pulse/Psychic/Earthquake | Milotic Lv74 (Marvel Scale): Surf/Ice Beam/Mirror Coat/Aqua Ring | Garchomp @ Sitrus Berry Lv78 (Sand Veil): Dragon Rush/Earthquake/Brick Break/Giga Impact
5,elite_four_lucian_rematch,Elite Four Lucian Rematch,Elite Four Lucian,715,5,0.993,1432,13,2278.2,S+,Rival Survival Area Torterra (Elo 2279.9),Elite Four Aaron Rematch (Elo 2270.3),Elite Four Aaron Rematch (7 games),3.43,Mr Mime Lv69 (Soundproof): Psychic/Thunderbolt/Reflect/Light Screen | Espeon Lv71 (Synchronize): Psychic/Shadow Ball/Quick Attack/Signal Beam | Bronzong Lv70 (Levitate): Psychic/Gyro Ball/Earthquake/Calm Mind | Alakazam Lv72 (Synchronize): Psychic/Energy Ball/Focus Blast/Recover | Gallade @ Sitrus Berry Lv75 (Steadfast): Drain Punch/Psycho Cut/Leaf Blade/Stone Edge
6,elite_four_flint_rematch,Elite Four Flint Rematch,Elite Four Flint,714,6,0.992,1429,13,2275.3,S+,Rival Survival Area Torterra (Elo 2279.9),Elite Four Bertha (Elo 2189.1),Elite Four Bertha (4 games),2.95,Houndoom Lv68 (Early Bird): Flamethrower/Sludge Bomb/Dark Pulse/Sunny Day | Flareon Lv71 (Flash Fire): Overheat/Giga Impact/Quick Attack/Will O Wisp | Rapidash Lv69 (Run Away): Flare Blitz/Solar Beam/Bounce/Sunny Day | Infernape Lv71 (Blaze): Flare Blitz/Thunder Punch/Mach Punch/Earthquake | Magmortar @ Sitrus Berry Lv73 (Flame Body): Flamethrower/Thunderbolt/Solar Beam/Hyper Beam
7,champion_cynthia,Champion Cynthia,Champion Cynthia,711,9,0.988,1430,25,2271.7,S+,Rival Survival Area Torterra (Elo 2279.9),Leader Candice Rematch (Elo 2230.5),Rival Survival Area Torterra (7 games),4.12,Spiritomb Lv58 (Pressure): Dark Pulse/Psychic/Silver Wind/Shadow Ball | Roserade Lv58 (Natural Cure): Energy Ball/Sludge Bomb/Toxic/Extrasensory | Togekiss Lv60 (Hustle): Air Slash/Aura Sphere/Water Pulse/Shock Wave | Lucario Lv60 (Steadfast): Aura Sphere/Extreme Speed/Shadow Ball/Stone Edge | Milotic Lv58 (Marvel Scale): Surf/Ice Beam/Mirror Coat/Dragon Pulse | Garchomp @ Sitrus Berry Lv62 (Sand Veil): Dragon Rush/Earthquake/Flamethrower/Giga Impact
8,rival_survival_area_turtwig,Rival Survival Area Infernape,Rival,711,9,0.988,1427,23,2267.5,S,Rival Survival Area Torterra (Elo 2279.9),Leader Maylene Rematch (Elo 2236.2),Mira Battleground (6 games),3.46,Staraptor Lv61 (Intimidate): Close Combat/Aerial Ace/Steel Wing/U Turn | Floatzel Lv59 (Swift Swim): Aqua Jet/Crunch/Ice Fang/Brick Break | Heracross Lv61 (Swarm): Megahorn/Close Combat/Night Slash/Rock Slide | Roserade Lv59 (Natural Cure): Poison Jab/Giga Drain/Shadow Ball/Grass Whistle | Snorlax Lv63 (Immunity): Body Slam/Crunch/Earthquake/Rest | Infernape @ Sitrus Berry Lv65 (Blaze): Flamethrower/Focus Blast/Shadow Claw/Aerial Ace
9,elite_four_bertha_rematch,Elite Four Bertha Rematch,Elite Four Bertha,711,9,0.988,1424,20,2263.9,S,Rival Survival Area Torterra (Elo 2279.9),Leader Candice Rematch (Elo 2230.5),Rival Survival Area Infernape (4 games),3.71,Whiscash Lv66 (Oblivious): Earth Power/Aqua Tail/Zen Headbutt/Sandstorm | Gliscor Lv69 (Hyper Cutter): Earthquake/Ice Fang/Fire Fang/Thunder Fang | Hippowdon Lv68 (Sand Stream): Earthquake/Stone Edge/Crunch/Yawn | Golem Lv68 (Rock Head): Earthquake/Fire Punch/Thunder Punch/Sandstorm | Rhyperior @ Sitrus Berry Lv71 (Lightning Rod): Earthquake/Rock Wrecker/Megahorn/Avalanche
10,rival_survival_area_piplup,Rival Survival Area Torterra,Rival,710,10,0.986,1427,27,2279.9,S+,Champion Cynthia (Elo 2271.7),Marley Battleground (Elo 2256.6),Marley Battleground (7 games),3.5,Staraptor Lv61 (Intimidate): Close Combat/Aerial Ace/Steel Wing/U Turn | Floatzel Lv59 (Swift Swim): Aqua Jet/Crunch/Ice Fang/Brick Break | Heracross Lv61 (Swarm): Megahorn/Close Combat/Night Slash/Rock Slide | Rapidash Lv59 (Run Away): Fire Blast/Sunny Day/Bounce/Will O Wisp | Snorlax Lv63 (Immunity): Body Slam/Crunch/Earthquake/Rest | Torterra @ Sitrus Berry Lv65 (Overgrow): Leaf Storm/Earthquake/Crunch/Leech Seed
11,elite_four_aaron_rematch,Elite Four Aaron Rematch,Elite Four Aaron,710,10,0.986,1425,24,2270.3,S,Rival Survival Area Torterra (Elo 2279.9),Leader Byron Rematch (Elo 2208.1),Elite Four Lucian Rematch (7 games),3.54,Yanmega Lv65 (Speed Boost): Air Slash/Bug Buzz/U Turn/Double Team | Scizor Lv65 (Swarm): Iron Head/X Scissor/Night Slash/Quick Attack | Vespiquen Lv66 (Pressure): Attack Order/Defend Order/Heal Order/Power Gem | Heracross Lv67 (Swarm): Megahorn/Close Combat/Night Slash/Stone Edge | Drapion @ Sitrus Berry Lv69 (Battle Armor): X Scissor/Cross Poison/Ice Fang/Aerial Ace
12,mira_battleground,Mira Battleground,Trainer Mira,709,11,0.985,1429,33,2262.6,S,Rival Survival Area Torterra (Elo 2279.9),Leader Roark Rematch (Elo 2236.3),Rival Survival Area Infernape (6 games),3.21,Porygon Z Lv61 (Adaptability): Tri Attack/Psychic/Thunderbolt/Dark Pulse | Gengar Lv61 (Levitate): Shadow Ball/Psychic/Sludge Bomb/Energy Ball | Magnezone Lv62 (Magnet Pull): Thunder/Flash Cannon/Thunder Wave/Hyper Beam | Togekiss Lv63 (Hustle): Extreme Speed/Air Slash/Aura Sphere/Psychic | Alakazam @ Sitrus Berry Lv65 (Synchronize): Psychic/Focus Blast/Calm Mind/Hyper Beam
13,rival_survival_area_chimchar,Rival Survival Area Empoleon,Rival,708,12,0.983,1418,26,2262.2,S,Marley Battleground (Elo 2256.6),Cheryl Battleground (Elo 2221.4),Marley Battleground (4 games),3.61,Staraptor Lv61 (Intimidate): Close Combat/Aerial Ace/Steel Wing/U Turn | Roserade Lv59 (Natural Cure): Poison Jab/Giga Drain/Shadow Ball/Grass Whistle | Heracross Lv61 (Swarm): Megahorn/Close Combat/Night Slash/Rock Slide | Rapidash Lv59 (Run Away): Fire Blast/Sunny Day/Bounce/Will O Wisp | Snorlax Lv63 (Immunity): Body Slam/Crunch/Earthquake/Rest | Empoleon @ Sitrus Berry Lv65 (Torrent): Hydro Pump/Metal Claw/Drill Peck/Shadow Claw
14,marley_battleground,Marley Battleground,Trainer Marley,704,16,0.978,1417,42,2256.6,S,Rival Survival Area Torterra (Elo 2279.9),Elite Four Bertha (Elo 2189.1),Rival Survival Area Torterra (7 games),3.93,Ninjask Lv61 (Speed Boost): X Scissor/Aerial Ace/Swords Dance/Slash | Electrode Lv61 (Soundproof): Hyper Beam/Thunder/Thunder Wave/Double Team | Crobat Lv62 (Inner Focus): Air Slash/Poison Fang/Confuse Ray/Double Team | Weavile Lv63 (Pressure): Ice Shard/Night Slash/Ice Punch/Aerial Ace | Arcanine @ Sitrus Berry Lv65 (Intimidate): Extreme Speed/Flare Blitz/Crunch/Thunder Fang
15,riley_battleground,Riley Battleground,Trainer Riley,704,16,0.978,1415,39,2251.5,S,Champion Cynthia (Elo 2271.7),Elite Four Flint (Elo 2200.4),Champion Cynthia (6 games),3.37,Absol Lv61 (Pressure): Psycho Cut/Night Slash/Swords Dance/Quick Attack | Ursaring Lv61 (Guts): Avalanche/Slash/Aerial Ace/Shadow Claw | Metagross Lv62 (Clear Body): Meteor Mash/Zen Headbutt/Hammer Arm/Bullet Punch | Salamence Lv63 (Intimidate): Dragon Claw/Crunch/Fire Fang/Thunder Fang | Lucario @ Sitrus Berry Lv65 (Steadfast): Extreme Speed/Close Combat/Bone Rush/Blaze Kick
16,leader_volkner_rematch,Leader Volkner Rematch,Leader Volkner,703,17,0.976,1412,40,2240.8,S,Elite Four Aaron Rematch (Elo 2270.3),Veteran Armando Rematch (Elo 2162.7),Leader Wake Rematch (6 games),4.17,Jolteon Lv61 (Volt Absorb): Pin Missile/Charge Beam/Double Kick/Quick Attack | Raichu Lv61 (Static): Charge Beam/Brick Break/Thunder Wave/Light Screen | Luxray Lv62 (Rivalry): Ice Fang/Thunder Fang/Crunch/Fire Fang | Lanturn Lv63 (Volt Absorb): Discharge/Signal Beam/Surf/Ice Beam | Electivire @ Sitrus Berry Lv65 (Motor Drive): Thunder Punch/Fire Punch/Brick Break/Giga Impact
17,leader_maylene_rematch,Leader Maylene Rematch,Leader Maylene,703,17,0.976,1411,39,2236.2,S,Rival Survival Area Infernape (Elo 2267.5),Elite Four Aaron (Elo 2207.1),Leader Candice Rematch (4 games),5.0,Hitmontop Lv62 (Intimidate): Triple Kick/Aerial Ace/Quick Attack/Fake Out | Medicham Lv63 (Pure Power): Fire Punch/Ice Punch/Thunder Punch/Hi Jump Kick | Breloom Lv62 (Effect Spore): Stone Edge/Spore/Mach Punch/Seed Bomb | Machamp Lv64 (Guts): Cross Chop/Rock Climb/Earthquake/Stone Edge | Lucario Lv66 (Steadfast): Drain Punch/Close Combat/Extreme Speed/Bone Rush
18,leader_wake_rematch,Leader Wake Rematch,Leader Wake,702,18,0.975,1412,44,2238.2,S,Elite Four Bertha Rematch (Elo 2263.9),Leader Byron Rematch (Elo 2208.1),Buck Battleground (6 games),3.65,Sharpedo Lv61 (Rough Skin): Aqua Jet/Night Slash/Slash/Endure | Quagsire Lv61 (Damp): Earthquake/Stone Edge/Yawn/Surf | Gyarados Lv62 (Intimidate): Aqua Tail/Avalanche/Bite/Giga Impact | Floatzel Lv63 (Swift Swim): Brine/Ice Fang/Crunch/Aqua Jet | Ludicolo @ Sitrus Berry Lv65 (Swift Swim): Surf/Ice Beam/Energy Ball/Focus Blast
19,leader_candice_rematch,Leader Candice Rematch,Leader Candice,702,18,0.975,1414,45,2230.5,S,Champion Cynthia (Elo 2271.7),Elite Four Flint Fight Area (Elo 2172.1),Rival Fight Area Torterra (7 games),3.86,Weavile Lv62 (Pressure): Avalanche/Slash/Faint Attack/Taunt | Mamoswine Lv61 (Oblivious): Avalanche/Ancient Power/Earthquake/Hail | Abomasnow Lv61 (Snow Warning): Avalanche/Wood Hammer/Grass Whistle/Ingrain | Froslass Lv63 (Snow Cloak): Blizzard/Confuse Ray/Ominous Wind/Hail | Glaceon @ Sitrus Berry Lv65 (Snow Cloak): Blizzard/Mirror Coat/Shadow Ball/Water Pulse
20,elite_four_lucian,Elite Four Lucian,Elite Four Lucian,701,19,0.974,1405,41,2235.7,S,Leader Roark Rematch (Elo 2236.3),Elite Four Bertha (Elo 2189.1),Leader Byron Rematch (4 games),4.48,Mr Mime Lv53 (Soundproof): Psychic/Thunderbolt/Reflect/Light Screen | Espeon Lv55 (Synchronize): Psychic/Shadow Ball/Quick Attack/Signal Beam | Bronzong Lv54 (Levitate): Psychic/Gyro Ball/Earthquake/Calm Mind | Alakazam Lv56 (Synchronize): Psychic/Energy Ball/Focus Blast/Recover | Gallade @ Sitrus Berry Lv59 (Steadfast): Drain Punch/Psycho Cut/Leaf Blade/Stone Edge
21,leader_fantina_rematch,Leader Fantina Rematch,Leader Fantina,700,20,0.972,1404,43,2238.0,S,Leader Wake Rematch (Elo 2238.2),Veteran Brian Rematch 2 (Elo 2165.3),Leader Byron Rematch (7 games),3.93,Banette Lv61 (Insomnia): Shadow Claw/Faint Attack/Thunderbolt/Will O Wisp | Drifblim Lv61 (Aftermath): Ominous Wind/Psychic/Silver Wind/Baton Pass | Dusknoir Lv62 (Pressure): Rock Slide/Shadow Punch/Double Team/Protect | Mismagius Lv63 (Levitate): Shadow Ball/Psychic/Magical Leaf/Thunderbolt | Gengar @ Sitrus Berry Lv65 (Levitate): Shadow Ball/Psychic/Focus Blast/Thunder
22,buck_battleground,Buck Battleground,Trainer Buck,699,21,0.971,1404,48,2224.2,S,Marley Battleground (Elo 2256.6),Ace Trainer Maya Rematch 2 (Elo 2108.2),Leader Wake Rematch (6 games),12.36,Shuckle Lv61 (Sturdy): Rest/Toxic/Protect/Sandstorm | Umbreon Lv62 (Synchronize): Dark Pulse/Psychic/Confuse Ray/Double Team | Torkoal Lv61 (White Smoke): Earthquake/Will O Wisp/Eruption/Protect | Dusknoir Lv63 (Pressure): Fire Punch/Ice Punch/Thunder Punch/Shadow Ball | Claydol @ Sitrus Berry Lv65 (Levitate): Earth Power/Psychic/Ancient Power/Calm Mind
23,leader_roark_rematch,Leader Roark Rematch,Leader Roark,698,22,0.969,1405,53,2236.3,S,Elite Four Flint Rematch (Elo 2275.3),Elite Four Bertha (Elo 2189.1),Mira Battleground (6 games),3.47,Aerodactyl Lv62 (Rock Head): Stone Edge/Aerial Ace/Earthquake/Dragon Claw | Probopass Lv61 (Sturdy): Earth Power/Stealth Rock/Discharge/Stone Edge | Golem Lv61 (Rock Head): Stone Edge/Earthquake/Brick Break/Flamethrower | Rampardos Lv63 (Mold Breaker): Head Smash/Zen Headbutt/Avalanche/Earthquake | Tyranitar @ Sitrus Berry Lv65 (Sand Stream): Stone Edge/Crunch/Aerial Ace/Fire Fang
24,rival_fight_area_turtwig,Rival Fight Area Infernape,Rival,697,23,0.968,1402,55,2224.4,S,Leader Roark Rematch (Elo 2236.3),Rival Pokemon League Torterra (Elo 2173.2),Elite Four Flint (7 games),4.09,Staraptor Lv53 (Intimidate): Close Combat/Aerial Ace/Steel Wing/U Turn | Floatzel Lv52 (Swift Swim): Aqua Jet/Crunch/Ice Fang/Brick Break | Heracross Lv53 (Swarm): Close Combat/Rock Slide/Night Slash/Aerial Ace | Roserade Lv52 (Natural Cure): Poison Jab/Giga Drain/Shadow Ball/Grass Whistle | Snorlax Lv54 (Immunity): Body Slam/Crunch/Earthquake/Rest | Infernape Lv56 (Blaze): Flamethrower/Focus Blast/Shadow Claw/Aerial Ace
25,rival_fight_area_piplup,Rival Fight Area Torterra,Rival,696,24,0.967,1402,59,2210.5,S,Leader Wake Rematch (Elo 2238.2),Rival Pokemon League Torterra (Elo 2173.2),Leader Candice Rematch (7 games),4.08,Staraptor Lv53 (Intimidate): Close Combat/Aerial Ace/Steel Wing/U Turn | Floatzel Lv52 (Swift Swim): Aqua Jet/Crunch/Ice Fang/Brick Break | Heracross Lv53 (Swarm): Close Combat/Rock Slide/Night Slash/Aerial Ace | Rapidash Lv52 (Run Away): Fire Blast/Sunny Day/Bounce/Will O Wisp | Snorlax Lv54 (Immunity): Body Slam/Crunch/Earthquake/Rest | Torterra Lv56 (Overgrow): Leaf Storm/Earthquake/Crunch/Synthesis
26,leader_byron_rematch,Leader Byron Rematch,Leader Byron,696,24,0.967,1402,60,2208.1,S,Elite Four Aaron Rematch (Elo 2270.3),Ace Trainer Ruben (Elo 2042.6),Leader Fantina Rematch (7 games),4.83,Skarmory Lv61 (Keen Eye): Night Slash/Drill Peck/Rock Tomb/Stealth Rock | Steelix Lv61 (Rock Head): Gyro Ball/Ice Fang/Dragon Breath/Sandstorm | Magnezone Lv62 (Magnet Pull): Flash Cannon/Thunderbolt/Supersonic/Thunder Wave | Bastiodon Lv63 (Sturdy): Metal Burst/Ancient Power/Iron Defense/Rest | Aggron @ Sitrus Berry Lv65 (Sturdy): Metal Burst/Stone Edge/Earthquake/Avalanche
27,cheryl_battleground,Cheryl Battleground,Trainer Cheryl,695,25,0.965,1403,65,2221.4,S,Rival Survival Area Empoleon (Elo 2262.2),Dragon Tamer Darien (Elo 2024.6),Ace Trainer Monique Postgame (7 games),21.37,Wobbuffet Lv61 (Shadow Tag): Counter/Mirror Coat/Safeguard/Encore | Drifblim Lv61 (Aftermath): Toxic/Ominous Wind/Fly/Protect | Hariyama Lv62 (Thick Fat): Close Combat/Earthquake/Bullet Punch/Stone Edge | Wailord Lv63 (Water Veil): Water Spout/Brine/Earthquake/Avalanche | Blissey @ Sitrus Berry Lv65 (Natural Cure): Softboiled/Counter/Psychic/Toxic
28,rival_fight_area_chimchar,Rival Fight Area Empoleon,Rival,694,26,0.964,1395,58,2212.9,S,Leader Fantina Rematch (Elo 2238.0),Ace Trainer Rodolfo Rematch Postgame (Elo 2156.3),Leader Byron Rematch (7 games),4.16,Staraptor Lv53 (Intimidate): Close Combat/Aerial Ace/Steel Wing/U Turn | Roserade Lv52 (Natural Cure): Poison Jab/Giga Drain/Shadow Ball/Grass Whistle | Heracross Lv53 (Swarm): Close Combat/Rock Slide/Night Slash/Aerial Ace | Rapidash Lv52 (Run Away): Fire Blast/Sunny Day/Bounce/Will O Wisp | Snorlax Lv54 (Immunity): Body Slam/Crunch/Earthquake/Rest | Empoleon Lv56 (Torrent): Brine/Aerial Ace/Metal Claw/Shadow Claw
29,elite_four_flint,Elite Four Flint,Elite Four Flint,691,29,0.96,1390,65,2200.4,S,Marley Battleground (Elo 2256.6),Dragon Tamer Geoffrey Rematch Postgame (Elo 2101.2),Rival Fight Area Infernape (7 games),3.85,Houndoom Lv52 (Early Bird): Flamethrower/Sludge Bomb/Dark Pulse/Sunny Day | Flareon Lv55 (Flash Fire): Overheat/Giga Impact/Quick Attack/Will O Wisp | Rapidash Lv53 (Run Away): Flare Blitz/Solar Beam/Bounce/Sunny Day | Infernape Lv55 (Blaze): Flare Blitz/Thunder Punch/Mach Punch/Earthquake | Magmortar @ Sitrus Berry Lv57 (Flame Body): Flamethrower/Thunderbolt/Solar Beam/Hyper Beam
30,leader_gardenia_rematch,Leader Gardenia Rematch,Leader Gardenia,690,30,0.958,1386,67,2204.8,S,Leader Volkner Rematch (Elo 2240.8),Dragon Tamer Darien (Elo 2024.6),Leader Volkner Fight Area (7 games),8.08,Jumpluff Lv61 (Chlorophyll): Silver Wind/Toxic/Sunny Day/Bounce | Cherrim Lv62 (Flower Gift): Solar Beam/Toxic/Sunny Day/Leech Seed | Bellossom Lv61 (Chlorophyll): Drain Punch/Giga Drain/Ingrain/Sunny Day | Torterra Lv63 (Overgrow): Wood Hammer/Crunch/Earthquake/Stone Edge | Roserade @ Sitrus Berry Lv65 (Natural Cure): Shadow Ball/Leaf Storm/Sludge Bomb/Hyper Beam
31,elite_four_bertha,Elite Four Bertha,Elite Four Bertha,690,30,0.958,1395,75,2189.1,S,Elite Four Flint Rematch (Elo 2275.3),Dragon Tamer Hayden (Elo 1932.3),Dragon Tamer Hayden (6 games),4.73,Whiscash Lv50 (Oblivious): Earth Power/Aqua Tail/Zen Headbutt/Sandstorm | Gliscor Lv53 (Hyper Cutter): Earthquake/Ice Fang/Fire Fang/Thunder Fang | Hippowdon Lv52 (Sand Stream): Earthquake/Stone Edge/Crunch/Yawn | Golem Lv52 (Rock Head): Earthquake/Fire Punch/Thunder Punch/Sandstorm | Rhyperior @ Sitrus Berry Lv55 (Lightning Rod): Earthquake/Rock Wrecker/Megahorn/Avalanche
32,rival_pokemon_league_turtwig,Rival Pokemon League Infernape,Rival,688,32,0.956,1386,74,2183.6,S,Leader Candice Rematch (Elo 2230.5),Ace Trainer Abel Postgame (Elo 2043.6),Ace Trainer Abel Postgame (6 games),4.24,Staraptor Lv48 (Intimidate): Close Combat/Aerial Ace/Steel Wing/U Turn | Floatzel Lv47 (Swift Swim): Aqua Jet/Crunch/Ice Fang/Brick Break | Heracross Lv48 (Swarm): Close Combat/Rock Slide/Night Slash/Aerial Ace | Roserade Lv47 (Natural Cure): Poison Jab/Giga Drain/Shadow Ball/Grass Whistle | Snorlax Lv49 (Immunity): Body Slam/Crunch/Earthquake/Rest | Infernape Lv51 (Blaze): Flamethrower/Focus Blast/Shadow Claw/Aerial Ace
33,elite_four_aaron,Elite Four Aaron,Elite Four Aaron,686,34,0.953,1384,79,2207.1,S,Leader Roark Rematch (Elo 2236.3),Commander Jupiter Stark Mountain (Elo 2146.4),Commander Jupiter Stark Mountain (7 games),4.68,Yanmega Lv49 (Speed Boost): Air Slash/Bug Buzz/U Turn/Double Team | Scizor Lv49 (Swarm): Iron Head/X Scissor/Night Slash/Quick Attack | Vespiquen Lv50 (Pressure): Attack Order/Defend Order/Heal Order/Power Gem | Heracross Lv51 (Swarm): Megahorn/Close Combat/Night Slash/Stone Edge | Drapion @ Sitrus Berry Lv53 (Battle Armor): X Scissor/Cross Poison/Ice Fang/Aerial Ace
34,galactic_boss_cyrus_distortion_world,Galactic Boss Cyrus Distortion World,Galactic Boss,685,35,0.951,1376,76,2197.8,S,Rival Fight Area Torterra (Elo 2210.5),Ace Trainer Arthur (Elo 2068.0),Rival Fight Area Torterra (4 games),4.26,Houndoom Lv45 (Early Bird): Flamethrower/Dark Pulse/Will O Wisp/Thunder Fang | Honchkrow Lv47 (Insomnia): Drill Peck/Night Slash/Heat Wave/Psychic | Crobat Lv46 (Inner Focus): Cross Poison/Air Slash/Toxic/Confuse Ray | Gyarados Lv46 (Intimidate): Giga Impact/Waterfall/Ice Fang/Earthquake | Weavile @ Sitrus Berry Lv48 (Pressure): Night Slash/Ice Punch/Fake Out/X Scissor
35,rival_pokemon_league_chimchar,Rival Pokemon League Empoleon,Rival,685,35,0.951,1374,74,2175.6,S,Rival Fight Area Torterra (Elo 2210.5),Ace Trainer Rodolfo Rematch Postgame (Elo 2156.3),Elite Four Flint Fight Area (6 games),4.48,Staraptor Lv48 (Intimidate): Close Combat/Aerial Ace/Steel Wing/U Turn | Roserade Lv47 (Natural Cure): Poison Jab/Giga Drain/Shadow Ball/Grass Whistle | Heracross Lv48 (Swarm): Close Combat/Rock Slide/Night Slash/Aerial Ace | Rapidash Lv47 (Run Away): Fire Blast/Sunny Day/Bounce/Will O Wisp | Snorlax Lv49 (Immunity): Body Slam/Crunch/Earthquake/Rest | Empoleon Lv51 (Torrent): Brine/Aerial Ace/Metal Claw/Shadow Claw
36,rival_pokemon_league_piplup,Rival Pokemon League Torterra,Rival,684,36,0.95,1377,82,2173.2,S,Rival Fight Area Infernape (Elo 2224.4),Dragon Tamer Darien (Elo 2024.6),Dragon Tamer Darien (7 games),4.41,Staraptor Lv48 (Intimidate): Close Combat/Aerial Ace/Steel Wing/U Turn | Floatzel Lv47 (Swift Swim): Aqua Jet/Crunch/Ice Fang/Brick Break | Heracross Lv48 (Swarm): Close Combat/Rock Slide/Night Slash/Aerial Ace | Rapidash Lv47 (Run Away): Fire Blast/Sunny Day/Bounce/Will O Wisp | Snorlax Lv49 (Immunity): Body Slam/Crunch/Earthquake/Rest | Torterra Lv51 (Overgrow): Leaf Storm/Earthquake/Crunch/Synthesis
37,veteran_brian_rematch_2,Veteran Brian Rematch 2,Veteran,684,36,0.95,1381,86,2165.3,S-,Leader Fantina Rematch (Elo 2238.0),Leader Candice (Elo 2042.1),Leader Volkner (7 games),3.75,Floatzel Lv60 (Swift Swim): Waterfall/Ice Fang/Quick Attack/Crunch | Rapidash Lv60 (Run Away): Quick Attack/Stomp/Flare Blitz/Bounce | Tangrowth Lv60 (Chlorophyll): Ingrain/Sleep Powder/Ancient Power/Power Whip
38,leader_volkner_fight_area,Leader Volkner Fight Area,Leader Volkner,680,40,0.944,1376,93,2173.9,S,Cheryl Battleground (Elo 2221.4),Ace Trainer Sandra Postgame (Elo 2003.2),Leader Gardenia Rematch (7 games),3.51,Luxray Lv56 (Rivalry): Ice Fang/Thunder Fang/Crunch/Fire Fang | Jolteon Lv56 (Volt Absorb): Pin Missile/Charge Beam/Double Kick/Quick Attack | Electivire @ Sitrus Berry Lv58 (Motor Drive): Thunder Punch/Fire Punch/Brick Break/Giga Impact
39,elite_four_flint_fight_area,Elite Four Flint Fight Area,Elite Four Flint,680,40,0.944,1374,94,2172.1,S-,Leader Candice Rematch (Elo 2230.5),Ace Trainer Saul Rematch Postgame (Elo 1980.0),Leader Candice Rematch (6 games),3.39,Houndoom Lv56 (Early Bird): Flamethrower/Sludge Bomb/Dark Pulse/Sunny Day | Flareon Lv56 (Flash Fire): Overheat/Giga Impact/Quick Attack/Will O Wisp | Magmortar @ Sitrus Berry Lv58 (Flame Body): Flamethrower/Thunderbolt/Solar Beam/Hyper Beam
40,veteran_armando_rematch,Veteran Armando Rematch,Veteran,680,40,0.944,1371,91,2162.7,S-,Leader Volkner Rematch (Elo 2240.8),Picnicker Karina Rematch 3 (Elo 1912.7),Veteran Brian Rematch 2 (6 games),3.92,Ninjask Lv59 (Speed Boost): Baton Pass/X Scissor/Swords Dance/Silver Wind | Absol Lv59 (Pressure): Psycho Cut/Taunt/Night Slash/Quick Attack | Slaking Lv62 (Truant): Counter/Giga Impact/Shadow Claw/Aerial Ace
41,commander_jupiter_stark_mountain,Commander Jupiter Stark Mountain,Commander Jupiter,679,41,0.943,1370,95,2146.4,S-,Elite Four Aaron (Elo 2207.1),Ace Trainer Arthur (Elo 2068.0),Elite Four Aaron (7 games),4.8,Bronzong Lv58 (Levitate): Gyro Ball/Extrasensory/Rock Slide/Reflect | Golbat Lv58 (Inner Focus): Sludge Bomb/Air Cutter/Giga Drain/Mean Look | Skuntank @ Sitrus Berry Lv60 (Stench): Night Slash/Poison Jab/Flamethrower/Smoke Screen
42,ace_trainer_monique_postgame,Ace Trainer Monique Postgame,Ace Trainer Female,676,44,0.939,1366,101,2146.4,S-,Cheryl Battleground (Elo 2221.4),Youngster Dallas Rematch 3 (Elo 2020.4),Cheryl Battleground (7 games),4.13,Luxray Lv58 (Rivalry): Discharge/Crunch/Thunder Wave/Facade | Ursaring Lv59 (Guts): Hammer Arm/Stone Edge/Swords Dance/Giga Impact | Gliscor Lv58 (Hyper Cutter): Aerial Ace/X Scissor/Earthquake/Quick Attack
43,commander_mars_stark_mountain,Commander Mars Stark Mountain,Commander Mars,676,44,0.939,1376,111,2144.5,S-,Rival Pokemon League Infernape (Elo 2183.6),Swimmer Joanna Rematch Postgame (Elo 1882.8),Veteran Terrell (7 games),7.43,Bronzong Lv58 (Levitate): Gyro Ball/Extrasensory/Light Screen/Confuse Ray | Golbat Lv58 (Inner Focus): Air Cutter/Bite/Poison Fang/Confuse Ray | Purugly @ Sitrus Berry Lv60 (Thick Fat): Slash/Shadow Claw/Aerial Ace/Hypnosis
44,veteran_brenden,Veteran Brenden,Veteran,673,47,0.935,1375,122,2157.0,S-,Buck Battleground (Elo 2224.2),Battle Girl Helen Rematch 3 (Elo 1764.9),Ace Trainer Olivia Rematch (7 games),5.93,Forretress Lv54 (Sturdy): Flash Cannon/Rock Slide/Stealth Rock/Toxic Spikes | Gyarados Lv54 (Intimidate): Earthquake/Aqua Tail/Ice Fang/Dragon Pulse | Hippowdon Lv54 (Sand Stream): Dig/Crunch/Protect/Rest
45,ace_trainer_dennis_rematch_2,Ace Trainer Dennis Rematch 2,Ace Trainer Male,673,47,0.935,1361,110,2135.6,S-,Veteran Brenden (Elo 2157.0),Reporter Kinsey Rematch 4 (Elo 1903.8),Ace Trainer Stefan Postgame (7 games),3.86,Gliscor Lv61 (Hyper Cutter): Thunder Fang/X Scissor/Quick Attack/Aerial Ace | Floatzel Lv61 (Swift Swim): Aqua Jet/Swift/Crunch/Quick Attack | Drifblim Lv59 (Aftermath): Swallow/Gust/Stockpile/Shadow Ball
46,ace_trainer_rodolfo_rematch_postgame,Ace Trainer Rodolfo Rematch Postgame,Ace Trainer Male,672,48,0.933,1357,108,2156.3,S-,Rival Fight Area Empoleon (Elo 2212.9),Psychic Daisy Postgame (Elo 1829.4),Leader Candice (7 games),3.34,Starmie Lv61 (Illuminate): Water Pulse/Recover/Psychic/Swift | Flygon Lv62 (Levitate): Dragon Claw/Earthquake/Faint Attack/Screech
47,ranger_taylor_rematch_3,Ranger Taylor Rematch 3,Ranger Male,669,51,0.929,1364,128,2133.6,S-,Veteran Brian Rematch 2 (Elo 2165.3),Lady Melissa Rematch 3 (Elo 1917.8),Ace Trainer Maya Rematch 2 (7 games),4.07,Carnivine Lv60 (Levitate): Swallow/Crunch/Wring Out/Power Whip | Luxray Lv62 (Rivalry): Thunder Fang/Crunch/Scary Face/Discharge | Dewgong Lv58 (Thick Fat): Dive/Aqua Tail/Ice Beam/Safeguard
48,leader_volkner,Leader Volkner,Leader Volkner,668,52,0.928,1360,129,2149.6,S-,Leader Byron Rematch (Elo 2208.1),Dragon Tamer Joe (Elo 1851.1),Ace Trainer Brandi (7 games),5.48,Jolteon Lv46 (Volt Absorb): Thunder Wave/Charge Beam/Iron Tail/Quick Attack | Raichu Lv46 (Static): Charge Beam/Focus Blast/Signal Beam/Quick Attack | Luxray Lv48 (Rivalry): Ice Fang/Thunder Fang/Crunch/Fire Fang | Electivire @ Sitrus Berry Lv50 (Motor Drive): Thunder Punch/Fire Punch/Quick Attack/Giga Impact
49,dragon_tamer_geoffrey_rematch_postgame,Dragon Tamer Geoffrey Rematch Postgame,Dragon Tamer,667,53,0.926,1372,144,2101.2,S-,Elite Four Flint (Elo 2200.4),Skier Madison Rematch 2 (Elo 1648.7),Ace Trainer Ruben (7 games),5.25,Altaria Lv59 (Natural Cure): Dragon Breath/Dragon Dance/Refresh/Dragon Pulse | Garchomp Lv61 (Sand Veil): Dragon Claw/Dig/Crunch/Dragon Rush
50,ace_trainer_moira_rematch_postgame,Ace Trainer Moira Rematch Postgame,Ace Trainer Female,665,55,0.924,1352,129,2120.4,S-,Leader Volkner Fight Area (Elo 2173.9),Ace Trainer Dana Postgame (Elo 1889.3),Ace Trainer Meagan Postgame (7 games),5.71,Sandslash Lv59 (Sand Veil): Slash/Gyro Ball/Dig/X Scissor | Gastrodon Lv59 (Sticky Hold): Muddy Water/Recover/Body Slam/Protect | Claydol Lv60 (Levitate): Earthquake/Psychic/Ancient Power/Cosmic Power
51,veteran_harlan_postgame,Veteran Harlan Postgame,Veteran,664,56,0.922,1358,143,2125.2,S-,Veteran Brenden (Elo 2157.0),Fisherman Miguel Rematch (Elo 1853.3),Ace Trainer Jamie (7 games),5.91,Raticate Lv57 (Run Away): Endeavor/Super Fang/Crunch/Quick Attack | Drifblim Lv58 (Aftermath): Explosion/Shadow Ball/Toxic/Fly | Shiftry Lv59 (Chlorophyll): Leaf Storm/Faint Attack/Extrasensory/Quick Attack
52,ace_trainer_maya_rematch_2,Ace Trainer Maya Rematch 2,Ace Trainer Female,664,56,0.922,1366,149,2108.2,S-,Buck Battleground (Elo 2224.2),Pi Carlos Rematch 2 (Elo 1809.3),Dragon Tamer Patrick Rematch 2 (7 games),5.13,Roserade Lv59 (Natural Cure): Toxic Spikes/Giga Drain/Leech Seed/Toxic | Gardevoir Lv61 (Synchronize): Psychic/Magical Leaf/Calm Mind/Double Team | Lickilicky Lv61 (Own Tempo): Supersonic/Stomp/Screech/Power Whip
53,ace_trainer_natasha_postgame,Ace Trainer Natasha Postgame,Ace Trainer Female,662,58,0.919,1355,152,2118.4,S-,Elite Four Flint Fight Area (Elo 2172.1),Clown Lee Rematch 4 (Elo 1841.7),Rival Spear Pillar Empoleon (7 games),4.98,Wigglytuff Lv58 (Cute Charm): Hyper Voice/Reflect/Light Screen/Shadow Ball | Gardevoir Lv59 (Synchronize): Psychic/Magical Leaf/Calm Mind/Focus Blast | Medicham Lv58 (Pure Power): Recover/Force Palm/Psychic/Rock Slide
54,dragon_tamer_patrick_rematch_2,Dragon Tamer Patrick Rematch 2,Dragon Tamer,662,58,0.919,1348,143,2116.4,S-,Galactic Boss Cyrus Distortion World (Elo 2197.8),Ace Trainer Anton (Elo 1699.9),Ace Trainer Maya Rematch 2 (7 games),4.33,Shelgon Lv61 (Rock Head): Scary Face/Crunch/Dragon Claw/Double Edge | Gabite Lv61 (Sand Veil): Slash/Dragon Claw/Dig/Dragon Rush | Dragonair Lv61 (Shed Skin): Dragon Rush/Safeguard/Dragon Dance/Outrage
55,ace_trainer_clarice,Ace Trainer Clarice,Ace Trainer Female,660,60,0.917,1348,149,2085.0,S-,Veteran Armando Rematch (Elo 2162.7),Pi Carlos Rematch 2 (Elo 1809.3),Dragon Tamer Joe (7 games),7.17,Swalot Lv53 (Liquid Ooze): Gunk Shot/Yawn/Body Slam/Protect | Ninetales Lv54 (Flash Fire): Will O Wisp/Flamethrower/Dark Pulse/Extrasensory | Magnezone Lv56 (Magnet Pull): Flash Cannon/Mirror Coat/Discharge/Hyper Beam
56,ace_trainer_jose_postgame,Ace Trainer Jose Postgame,Ace Trainer Male,659,61,0.915,1353,157,2108.8,S-,Galactic Boss Cyrus Distortion World (Elo 2197.8),Psychic Daisy Postgame (Elo 1829.4),Psychic Daisy Rematch Postgame (7 games),4.3,Golduck Lv56 (Damp): Hydro Pump/Brick Break/Zen Headbutt/Screech | Sandslash Lv56 (Sand Veil): Earthquake/Crush Claw/Poison Jab/Sand Tomb | Manectric Lv57 (Static): Thunder Fang/Fire Fang/Quick Attack/Giga Impact
57,commander_jupiter_spear_pillar_and_commander_mars_spear_pillar,Commander Jupiter & Mars (Spear Pillar),Commander Jupiter,658,62,0.914,1343,148,2104.4,S-,Veteran Armando Rematch (Elo 2162.7),Ace Trainer Omar (Elo 1888.9),Dragon Tamer Hayden Rematch (7 games),6.22,Bronzor Lv44 (Levitate): Gyro Ball/Extrasensory/Rock Slide/Reflect | Bronzor Lv44 (Levitate): Gyro Ball/Extrasensory/Light Screen/Confuse Ray | Golbat Lv44 (Inner Focus): Sludge Bomb/Air Cutter/Giga Drain/Mean Look | Golbat Lv44 (Inner Focus): Air Cutter/Bite/Poison Fang/Confuse Ray | Skuntank @ Sitrus Berry Lv46 (Stench): Night Slash/Poison Jab/Flamethrower/Smoke Screen | Purugly @ Sitrus Berry Lv46 (Thick Fat): Slash/Shadow Claw/Aerial Ace/Hypnosis
58,ace_trainer_deanna_rematch_postgame,Ace Trainer Deanna Rematch Postgame,Ace Trainer Female,658,62,0.914,1346,156,2084.4,S-,Elite Four Flint Fight Area (Elo 2172.1),Twins Teri And Tia Rematch 2 (Elo 1861.5),Ace Trainer Stefan Postgame (7 games),3.38,Ampharos Lv61 (Static): Discharge/Power Gem/Signal Beam/Fire Punch | Tropius Lv62 (Chlorophyll): Leaf Storm/Air Slash/Earthquake/Silver Wind
59,rival_spear_pillar_piplup,Rival Spear Pillar Torterra,Rival,655,65,0.91,1343,165,2083.2,S-,Veteran Brenden (Elo 2157.0),Buck Stark Mountain Postgame (Elo 1857.5),Veteran Terrell (7 games),7.93,Munchlax Lv40 (Pickup): Body Slam/Stockpile/Swallow/Screech | Staraptor Lv42 (Intimidate): Close Combat/Aerial Ace/Take Down/Quick Attack | Floatzel Lv40 (Swift Swim): Aqua Jet/Pursuit/Brick Break/Iron Tail | Heracross Lv42 (Swarm): Close Combat/Brick Break/Night Slash/Aerial Ace | Rapidash Lv40 (Run Away): Fire Blast/Will O Wisp/Stomp/Take Down | Torterra Lv44 (Overgrow): Giga Drain/Bite/Leech Seed/Synthesis
60,veteran_terrell,Veteran Terrell,Veteran,655,65,0.91,1351,173,2079.9,S-,Leader Volkner Fight Area (Elo 2173.9),Swimmer Lydia Postgame (Elo 1699.8),Rival Spear Pillar Torterra (7 games),4.67,Parasect Lv53 (Effect Spore): X Scissor/Giga Drain/Spore/Slash | Rhydon Lv54 (Lightning Rod): Hammer Arm/Stone Edge/Earthquake/Megahorn | Magmar Lv55 (Flame Body): Fire Blast/Confuse Ray/Iron Tail/Focus Blast
61,ace_trainer_moira_postgame,Ace Trainer Moira Postgame,Ace Trainer Female,652,68,0.906,1337,172,2086.4,S-,Leader Volkner Fight Area (Elo 2173.9),Tuber Jared Rematch 2 (Elo 1868.2),Ace Trainer Deanna Postgame (7 games),6.05,Sandslash Lv56 (Sand Veil): Slash/Gyro Ball/Dig/X Scissor | Gastrodon Lv56 (Sticky Hold): Muddy Water/Recover/Body Slam/Protect | Claydol Lv57 (Levitate): Earthquake/Psychic/Ancient Power/Cosmic Power
62,dragon_tamer_hayden_rematch,Dragon Tamer Hayden Rematch,Dragon Tamer,652,68,0.906,1357,193,2069.7,S-,Elite Four Bertha (Elo 2189.1),Clown Lee Rematch 3 (Elo 1761.8),Commander Jupiter & Mars (Spear Pillar) (7 games),5.04,Altaria Lv60 (Natural Cure): Dragon Breath/Dragon Dance/Refresh/Dragon Pulse | Kingdra Lv60 (Swift Swim): Brine/Hydro Pump/Dragon Dance/Dragon Pulse
63,rival_spear_pillar_chimchar,Rival Spear Pillar Empoleon,Rival,648,72,0.9,1335,182,2075.6,S-,Veteran Harlan Postgame (Elo 2125.2),Bird Keeper Audrey Rematch Postgame (Elo 1880.6),Ace Trainer Jake Rematch (7 games),8.4,Munchlax Lv40 (Pickup): Body Slam/Stockpile/Swallow/Screech | Staraptor Lv42 (Intimidate): Close Combat/Aerial Ace/Take Down/Quick Attack | Roserade Lv40 (Natural Cure): Giga Drain/Toxic/Ingrain/Grass Whistle | Heracross Lv42 (Swarm): Close Combat/Brick Break/Night Slash/Aerial Ace | Rapidash Lv40 (Run Away): Fire Blast/Will O Wisp/Stomp/Take Down | Empoleon Lv44 (Torrent): Aqua Jet/Aerial Ace/Metal Claw/Swagger
64,ace_trainer_arthur,Ace Trainer Arthur,Ace Trainer Male,648,72,0.9,1335,185,2068.0,S-,Galactic Boss Cyrus Distortion World (Elo 2197.8),Ace Trainer Jonah (Elo 1748.4),Psychic Brittney Rematch (7 games),5.25,Gastrodon Lv54 (Sticky Hold): Muddy Water/Recover/Toxic/Water Pulse | Beedrill Lv54 (Swarm): Poison Jab/U Turn/Aerial Ace/Swords Dance | Electrode Lv55 (Soundproof): Thunderbolt/Hyper Beam/Endure/Explosion
65,rival_spear_pillar_turtwig,Rival Spear Pillar Infernape,Rival,647,73,0.899,1332,183,2078.8,S-,Ranger Taylor Rematch 3 (Elo 2133.6),Psychic Daisy Postgame (Elo 1829.4),Ace Trainer Natasha Postgame (7 games),7.91,Munchlax Lv40 (Pickup): Body Slam/Stockpile/Swallow/Screech | Staraptor Lv42 (Intimidate): Close Combat/Aerial Ace/Take Down/Quick Attack | Floatzel Lv40 (Swift Swim): Aqua Jet/Pursuit/Brick Break/Iron Tail | Heracross Lv42 (Swarm): Close Combat/Brick Break/Night Slash/Aerial Ace | Roserade Lv40 (Natural Cure): Giga Drain/Toxic/Ingrain/Grass Whistle | Infernape Lv44 (Blaze): Close Combat/Punishment/Flame Wheel/Will O Wisp
66,ace_trainer_kassandra_postgame,Ace Trainer Kassandra Postgame,Ace Trainer Female,647,73,0.899,1336,190,2057.8,S-,Leader Volkner (Elo 2149.6),Rival Route 209 Empoleon (Elo 1493.3),Ace Trainer Quinn Postgame (7 games),6.75,Jumpluff Lv58 (Chlorophyll): Memento/Giga Drain/Toxic/Bounce | Onix Lv58 (Rock Head): Stone Edge/Earthquake/Iron Tail/Dragon Breath | Ampharos Lv59 (Static): Thunder Punch/Power Gem/Signal Beam/Fire Punch
67,ranger_kyler_rematch_postgame,Ranger Kyler Rematch Postgame,Ranger Male,646,74,0.897,1330,187,2053.2,S-,Veteran Brenden (Elo 2157.0),Psychic Maxwell (Elo 1823.2),Ranger Allison Rematch 3 (7 games),4.72,Zangoose Lv58 (Immunity): Detect/False Swipe/X Scissor/Close Combat | Exeggutor Lv60 (Chlorophyll): Stomp/Egg Bomb/Wood Hammer/Leaf Storm | Poliwrath Lv62 (Water Absorb): Double Slap/Submission/Dynamic Punch/Mind Reader
68,ace_trainer_quinn_postgame,Ace Trainer Quinn Postgame,Ace Trainer Male,645,75,0.896,1340,200,2061.9,S-,Elite Four Bertha (Elo 2189.1),Psychic Maxwell (Elo 1823.2),Ranger Allison Rematch 3 (7 games),3.69,Pinsir Lv55 (Hyper Cutter): Superpower/X Scissor/Swords Dance/Rock Tomb | Lanturn Lv56 (Volt Absorb): Discharge/Signal Beam/Surf/Confuse Ray
69,ace_trainer_abel_postgame,Ace Trainer Abel Postgame,Ace Trainer Male,644,76,0.894,1340,208,2043.6,A+,Elite Four Bertha (Elo 2189.1),Idol Grace Rematch 3 (Elo 1733.4),Galactic Boss Cyrus Galactic Hq (7 games),4.05,Glalie Lv59 (Inner Focus): Hail/Ice Beam/Sheer Cold/Crunch | Crobat Lv60 (Inner Focus): Air Slash/Poison Fang/Confuse Ray/Shadow Ball
70,rancher_marco_rematch_2,Rancher Marco Rematch 2,Rancher,642,78,0.892,1352,223,2053.9,S-,Veteran Brenden (Elo 2157.0),Rival Pastoria City Torterra (Elo 1642.4),Commander Jupiter & Mars (Spear Pillar) (7 games),7.15,Ponyta Lv56 (Run Away): Agility/Fire Blast/Bounce/Flare Blitz | Miltank Lv57 (Thick Fat): Captivate/Gyro Ball/Heal Bell/Wake Up Slap | Tauros Lv57 (Intimidate): Take Down/Swagger/Thrash/Giga Impact | Rapidash Lv58 (Run Away): Fire Blast/Fury Attack/Bounce/Flare Blitz
71,ace_trainer_felix_postgame,Ace Trainer Felix Postgame,Ace Trainer Male,641,79,0.89,1318,194,2051.9,S-,Ace Trainer Monique Postgame (Elo 2146.4),Ace Trainer Ernest (Elo 1689.7),Ranger Dwayne Postgame (7 games),5.37,Dusclops Lv55 (Pressure): Shadow Sneak/Payback/Curse/Will O Wisp | Salamence Lv56 (Intimidate): Dragon Claw/Aerial Ace/Zen Headbutt/Crunch
72,bird_keeper_brianna_rematch_2,Bird Keeper Brianna Rematch 2,Bird Keeper,640,80,0.889,1326,208,2048.1,A+,Ace Trainer Moira Rematch Postgame (Elo 2120.4),Ace Trainer Dalton (Elo 1766.1),Dragon Tamer Darien (7 games),7.06,Skarmory Lv59 (Keen Eye): Night Slash/Slash/Air Slash/Steel Wing | Noctowl Lv59 (Insomnia): Hypnosis/Psychic/Roost/Air Slash | Noctowl Lv59 (Insomnia): Hypnosis/Psychic/Roost/Air Slash
73,ace_trainer_skylar_postgame,Ace Trainer Skylar Postgame,Ace Trainer Male,639,81,0.887,1344,229,2043.1,A+,Veteran Brian Rematch 2 (Elo 2165.3),Ranger Taylor Rematch 2 (Elo 1826.1),Rancher Marco Rematch 2 (7 games),4.99,Loudred Lv58 (Soundproof): Hyper Voice/Bite/Supersonic/Screech | Rampardos Lv59 (Mold Breaker): Head Smash/Zen Headbutt/Ancient Power/Screech | Pelipper Lv58 (Keen Eye): Air Slash/Water Pulse/Roost/Quick Attack
74,ace_trainer_olivia_rematch,Ace Trainer Olivia Rematch,Ace Trainer Snow Female,637,83,0.885,1309,202,2061.8,S-,Veteran Brenden (Elo 2157.0),Reporter Kinsey Rematch 3 (Elo 1788.0),Ace Trainer Ruben (7 games),4.38,Gardevoir Lv52 (Synchronize): Future Sight/Psychic/Magical Leaf/Calm Mind | Seaking Lv56 (Swift Swim): Megahorn/Horn Drill/Water Pulse/Poison Jab | Lopunny Lv52 (Cute Charm): Dizzy Punch/Quick Attack/Drain Punch/Shadow Ball
75,psychic_mitchell_rematch_2,Psychic Mitchell Rematch 2,Psychic Male,636,84,0.883,1328,227,2049.2,S-,Leader Volkner (Elo 2149.6),Idol Grace Rematch 3 (Elo 1733.4),Ace Trainer Jake Rematch (7 games),5.4,Grumpig Lv59 (Thick Fat): Snore/Payback/Psychic/Power Gem | Alakazam Lv59 (Synchronize): Calm Mind/Psychic/Future Sight/Trick | Dusknoir Lv59 (Pressure): Will O Wisp/Shadow Punch/Mean Look/Payback
76,ace_trainer_ruben,Ace Trainer Ruben,Ace Trainer Male,636,84,0.883,1319,214,2042.6,A+,Leader Byron Rematch (Elo 2208.1),Black Belt Carl (Elo 1562.3),Swimmer Francisco Rematch (7 games),4.73,Nuzleaf Lv56 (Chlorophyll): Extrasensory/Fake Out/Faint Attack/Razor Leaf | Gyarados Lv57 (Intimidate): Aqua Tail/Hydro Pump/Dragon Dance/Ice Fang
77,leader_candice,Leader Candice,Leader Candice,636,84,0.883,1324,222,2042.1,A+,Veteran Brian Rematch 2 (Elo 2165.3),Double Team Jo And Pat (Elo 1784.2),Camper Zackary Rematch 3 (7 games),5.42,Sneasel Lv40 (Inner Focus): Slash/Aerial Ace/Faint Attack/Ice Shard | Piloswine Lv40 (Oblivious): Avalanche/Stone Edge/Earthquake/Hail | Abomasnow Lv42 (Snow Warning): Avalanche/Wood Hammer/Water Pulse/Focus Blast | Froslass @ Sitrus Berry Lv44 (Snow Cloak): Blizzard/Double Team/Shadow Ball/Psychic
78,ace_trainer_stefan_postgame,Ace Trainer Stefan Postgame,Ace Trainer Male,632,88,0.878,1308,218,2018.5,A+,Ace Trainer Dennis Rematch 2 (Elo 2135.6),Battle Girl Helen Rematch 3 (Elo 1764.9),Ace Trainer Deanna Rematch Postgame (7 games),3.67,Pupitar Lv58 (Shed Skin): Payback/Crunch/Earthquake/Stone Edge | Torterra Lv61 (Overgrow): Synthesis/Crunch/Giga Drain/Leaf Storm
79,ranger_dwayne_postgame,Ranger Dwayne Postgame,Ranger Male,631,89,0.876,1306,218,2040.4,A+,Leader Volkner Fight Area (Elo 2173.9),Psychic Daisy Postgame (Elo 1829.4),Ace Trainer Felix Postgame (7 games),5.82,Skarmory Lv54 (Keen Eye): Steel Wing/Air Slash/Slash/Night Slash | Golduck Lv54 (Damp): Screech/Psych Up/Zen Headbutt/Amnesia | Donphan Lv54 (Sturdy): Assurance/Scary Face/Earthquake/Giga Impact
80,youngster_dallas_rematch_3,Youngster Dallas Rematch 3,Youngster,631,89,0.876,1303,220,2020.4,A+,Veteran Armando Rematch (Elo 2162.7),Dragon Tamer Patrick Rematch 1 (Elo 1644.4),Ace Trainer Mariah (7 games),6.57,Luxray Lv50 (Rivalry): Swagger/Thunder Fang/Crunch/Scary Face | Bibarel Lv50 (Simple): Amnesia/Take Down/Super Fang/Superpower | Golem Lv50 (Rock Head): Earthquake/Explosion/Double Edge/Stone Edge | Staraptor Lv50 (Intimidate): Take Down/Close Combat/Agility/Brave Bird
81,ranger_ashlee_rematch_postgame,Ranger Ashlee Rematch Postgame,Ranger Female,631,89,0.876,1322,239,2012.4,A+,Ace Trainer Natasha Postgame (Elo 2118.4),Skier Madison Rematch 2 (Elo 1648.7),Ace Trainer Shannon Rematch (7 games),5.83,Linoone Lv60 (Pickup): Slash/Rest/Belly Drum/Fling | Butterfree Lv60 (Compound Eyes): Tailwind/Safeguard/Captivate/Bug Buzz | Arbok Lv60 (Intimidate): Mud Bomb/Gastro Acid/Haze/Gunk Shot
82,ace_trainer_mikayla_postgame,Ace Trainer Mikayla Postgame,Ace Trainer Female,630,90,0.875,1300,220,2050.0,S-,Ace Trainer Dennis Rematch 2 (Elo 2135.6),Ace Trainer Graham Postgame (Elo 1827.0),Ace Trainer Henry (7 games),4.86,Seviper Lv56 (Shed Skin): Night Slash/Poison Fang/Wring Out/Glare | Persian Lv56 (Limber): Night Slash/Power Gem/Faint Attack/Fake Out | Absol Lv56 (Pressure): Night Slash/Psycho Cut/Slash/Quick Attack
83,ace_trainer_jamie,Ace Trainer Jamie,Ace Trainer Female,630,90,0.875,1310,231,2044.6,A+,Commander Mars Stark Mountain (Elo 2144.5),Swimmer Troy (Elo 1623.6),Sailor Zachariah Rematch (7 games),3.33,Metagross Lv60 (Clear Body): Meteor Mash/Hammer Arm/Psychic/Magnet Rise
84,ace_trainer_dalton_rematch,Ace Trainer Dalton Rematch,Ace Trainer Snow Male,630,90,0.875,1299,219,2037.3,A+,Ranger Taylor Rematch 3 (Elo 2133.6),Battle Girl Helen Rematch 3 (Elo 1764.9),Rival Spear Pillar Empoleon (7 games),4.11,Electivire Lv54 (Motor Drive): Thunderbolt/Swift/Quick Attack/Thunder Wave | Magmortar Lv54 (Flame Body): Flamethrower/Faint Attack/Smog/Will O Wisp
85,dragon_tamer_darien,Dragon Tamer Darien,Dragon Tamer,630,90,0.875,1342,260,2024.6,A+,Cheryl Battleground (Elo 2221.4),Reporter Kinsey Rematch 1 (Elo 1367.7),Bird Keeper Brianna Rematch 2 (7 games),3.42,Dragonite Lv60 (Inner Focus): Dragon Rush/Safeguard/Dragon Dance/Wing Attack
86,veteran_edgar,Veteran Edgar,Veteran,629,91,0.874,1307,229,2028.0,A+,Veteran Brenden (Elo 2157.0),Poke Kid Ariel Rematch 4 Postgame (Elo 1730.6),Double Team Al And Kay (7 games),4.12,Porygon Z Lv46 (Adaptability): Hyper Beam/Signal Beam/Psychic/Thunderbolt | Tangrowth Lv46 (Chlorophyll): Power Whip/Mega Drain/Toxic/Slam | Empoleon Lv46 (Torrent): Brine/Drill Peck/Metal Claw/Growl
87,ranger_kyler_postgame,Ranger Kyler Postgame,Ranger Male,626,94,0.869,1287,223,2004.8,A+,Veteran Harlan Postgame (Elo 2125.2),Ranger Ashlee Postgame (Elo 1801.0),Psychic Corbin Rematch Postgame (7 games),6.31,Exeggcute Lv55 (Chlorophyll): Worry Seed/Natural Gift/Solar Beam/Psychic | Zangoose Lv55 (Immunity): Detect/False Swipe/X Scissor/Close Combat | Empoleon Lv58 (Torrent): Aqua Jet/Whirlpool/Mist/Drill Peck
88,ace_trainer_jake_rematch,Ace Trainer Jake Rematch,Ace Trainer Male,624,96,0.867,1293,238,2026.5,A+,Dragon Tamer Patrick Rematch 2 (Elo 2116.4),Breeder Albert Rematch 2 (Elo 1738.2),Psychic Mitchell Rematch 2 (7 games),3.27,Staraptor Lv54 (Intimidate): Brave Bird/Take Down/Endeavor/Quick Attack | Girafarig Lv55 (Inner Focus): Psychic/Double Hit/Crunch/Thunder Wave
89,ace_trainer_sandra_postgame,Ace Trainer Sandra Postgame,Ace Trainer Female,623,97,0.865,1301,250,2003.2,A+,Leader Volkner Fight Area (Elo 2173.9),Dragon Tamer Clinton (Elo 1759.0),Dragon Tamer Joe (7 games),4.91,Dugtrio Lv55 (Sand Veil): Mud Bomb/Slash/Earthquake/Fissure | Raichu Lv54 (Static): Thunder Shock/Tail Whip/Quick Attack/Thunderbolt | Ninetales Lv54 (Flash Fire): Ember/Quick Attack/Confuse Ray/Safeguard
90,ace_trainer_saul_rematch_postgame,Ace Trainer Saul Rematch Postgame,Ace Trainer Male,623,97,0.865,1324,267,1980.0,A+,Elite Four Flint Fight Area (Elo 2172.1),Sailor Zachariah (Elo 1685.7),Hiker Theodore Rematch 3 (7 games),3.38,Tauros Lv63 (Intimidate): Giga Impact/Zen Headbutt/Earthquake/Stone Edge
91,psychic_brittney_rematch,Psychic Brittney Rematch,Psychic Female,622,98,0.864,1310,267,1988.0,A+,Ace Trainer Natasha Postgame (Elo 2118.4),Camper Lawrence (Elo 1527.2),Rich Boy Trey Rematch 2 (7 games),6.76,Hypno Lv59 (Insomnia): Hypnosis/Psychic/Shadow Ball/Dream Eater | Alakazam Lv61 (Synchronize): Recover/Psychic/Calm Mind/Shadow Ball
92,ranger_allison_rematch_3,Ranger Allison Rematch 3,Ranger Female,620,100,0.861,1309,269,2009.9,A+,Elite Four Bertha (Elo 2189.1),Swimmer Miranda Rematch (Elo 1721.0),Ranger Kyler Rematch Postgame (7 games),5.73,Azumarill Lv61 (Thick Fat): Double Edge/Rain Dance/Aqua Tail/Hydro Pump | Leafeon Lv61 (Leaf Guard): Magical Leaf/Giga Drain/Last Resort/Grass Whistle
93,ace_trainer_micah,Ace Trainer Micah,Ace Trainer Male,620,100,0.861,1299,257,2007.7,A+,Ace Trainer Moira Postgame (Elo 2086.4),Psychic Valencia (Elo 1780.7),Psychic Kendra (7 games),4.84,Metang Lv55 (Clear Body): Bullet Punch/Zen Headbutt/Pursuit/Meteor Mash | Ludicolo Lv56 (Swift Swim): Water Pulse/Zen Headbutt/Energy Ball/Fake Out
94,ace_trainer_shannon_rematch,Ace Trainer Shannon Rematch,Ace Trainer Female,620,100,0.861,1297,258,2005.6,A+,Ace Trainer Moira Rematch Postgame (Elo 2120.4),Psychic Brittney (Elo 1777.3),Ranger Ashlee Rematch Postgame (7 games),6.61,Cherrim Lv52 (Flower Gift): Solar Beam/Magical Leaf/Petal Dance/Sunny Day | Azumarill Lv52 (Thick Fat): Ice Beam/Double Edge/Aqua Tail/Aqua Ring | Lopunny Lv56 (Cute Charm): Dizzy Punch/Jump Kick/Quick Attack/Bounce
95,sailor_marc_rematch_2,Sailor Marc Rematch 2,Sailor,619,101,0.86,1298,261,2008.3,A+,Commander Mars Stark Mountain (Elo 2144.5),Clown Lee Rematch 3 (Elo 1761.8),Cyclist John Rematch 3 (7 games),9.14,Mantine Lv58 (Swift Swim): Confuse Ray/Bounce/Aqua Ring/Hydro Pump | Machoke Lv58 (Guts): Wake Up Slap/Cross Chop/Scary Face/Dynamic Punch | Lanturn Lv58 (Volt Absorb): Discharge/Aqua Ring/Hydro Pump/Charge
96,galactic_boss_cyrus_galactic_hq,Galactic Boss Cyrus Galactic Hq,Galactic Boss,619,101,0.86,1282,245,1997.2,A+,Veteran Harlan Postgame (Elo 2125.2),Swimmer Kurt Postgame (Elo 1728.9),Ace Trainer Abel Postgame (7 games),5.03,Sneasel Lv44 (Inner Focus): Slash/Ice Punch/Quick Attack/Screech | Crobat Lv44 (Inner Focus): Poison Fang/Air Cutter/Bite/Supersonic | Honchkrow @ Sitrus Berry Lv46 (Insomnia): Drill Peck/Night Shade/Astonish/Faint Attack
97,hiker_theodore_rematch_3,Hiker Theodore Rematch 3,Hiker,619,101,0.86,1280,247,1989.8,A+,Veteran Armando Rematch (Elo 2162.7),Swimmer Troy (Elo 1623.6),Ace Trainer Saul Rematch Postgame (7 games),4.83,Camerupt Lv56 (Magma Armor): Lava Plume/Rock Slide/Earth Power/Earthquake | Steelix Lv59 (Rock Head): Iron Tail/Crunch/Double Edge/Stone Edge | Donphan Lv59 (Sturdy): Assurance/Scary Face/Earthquake/Giga Impact
98,ace_trainer_rodolfo_postgame,Ace Trainer Rodolfo Postgame,Ace Trainer Male,618,102,0.858,1282,251,1992.1,A+,Ace Trainer Jose Postgame (Elo 2108.8),Ace Trainer Garrett (Elo 1758.3),Ace Trainer Kassandra Postgame (7 games),3.45,Starmie Lv55 (Illuminate): Water Pulse/Recover/Psychic/Swift | Vibrava Lv56 (Levitate): Dragon Breath/Earthquake/Faint Attack/Screech
99,ace_trainer_keenan_postgame,Ace Trainer Keenan Postgame,Ace Trainer Male,617,103,0.857,1307,282,1986.9,A+,Veteran Armando Rematch (Elo 2162.7),Rival Pastoria City Torterra (Elo 1642.4),Lady Melissa Rematch 3 (7 games),5.05,Primeape Lv58 (Vital Spirit): Swagger/Cross Chop/Thrash/Punishment | Electabuzz Lv58 (Static): Discharge/Thunderbolt/Screech/Thunder | Banette Lv59 (Insomnia): Sucker Punch/Embargo/Snatch/Grudge
100,ace_trainer_meagan_postgame,Ace Trainer Meagan Postgame,Ace Trainer Female,617,103,0.857,1294,272,1982.9,A+,Ace Trainer Rodolfo Rematch Postgame (Elo 2156.3),Idol Grace Rematch 3 (Elo 1733.4),Ace Trainer Moira Rematch Postgame (7 games),4.04,Delcatty Lv57 (Cute Charm): Fake Out/Captivate/Faint Attack/Double Edge | Abomasnow Lv58 (Snow Warning): Ice Shard/Avalanche/Razor Leaf/Water Pulse
101,dragon_tamer_drake_postgame,Dragon Tamer Drake Postgame,Dragon Tamer,615,105,0.854,1295,280,1982.0,A+,Elite Four Flint Fight Area (Elo 2172.1),Skier Madison Rematch 2 (Elo 1648.7),Bug Catcher Brandon Rematch 3 (7 games),5.69,Gible Lv57 (Sand Veil): Slash/Dragon Claw/Dig/Dragon Rush | Gabite Lv57 (Sand Veil): Slash/Dragon Claw/Dig/Dragon Rush | Dragonair Lv57 (Shed Skin): Aqua Tail/Dragon Rush/Safeguard/Dragon Dance
102,cameraman_tevin_rematch_4,Cameraman Tevin Rematch 4,Cameraman,613,107,0.851,1277,268,1982.6,A+,Veteran Harlan Postgame (Elo 2125.2),Interviewers Roxy And Oli Rematch 2 (Elo 1724.5),Dragon Tamer Hayden Rematch (7 games),7.88,Magneton Lv54 (Magnet Pull): Discharge/Mirror Shot/Magnet Rise/Gyro Ball | Magneton Lv54 (Magnet Pull): Discharge/Mirror Shot/Magnet Rise/Gyro Ball | Mr Mime Lv55 (Soundproof): Psychic/Role Play/Baton Pass/Safeguard | Machamp Lv57 (Guts): Wake Up Slap/Cross Chop/Scary Face/Dynamic Punch
103,veteran_armando,Veteran Armando,Veteran,612,108,0.85,1268,260,1985.2,A+,Ace Trainer Dennis Rematch 2 (Elo 2135.6),Double Team Jo And Pat (Elo 1784.2),Ranger Kyler Rematch Postgame (6 games),6.14,Muk Lv53 (Stench): Acid Armor/Toxic/Sludge Bomb/Dark Pulse | Mightyena Lv53 (Intimidate): Sucker Punch/Taunt/Assurance/Take Down | Lickitung Lv56 (Own Tempo): Power Whip/Giga Impact/Surf/Fire Blast
104,ace_trainer_mariah,Ace Trainer Mariah,Ace Trainer Female,611,109,0.849,1288,282,1963.4,A,Ace Trainer Dennis Rematch 2 (Elo 2135.6),Pi Carlos Rematch 1 (Elo 1554.3),Youngster Dallas Rematch 3 (7 games),11.93,Blissey Lv45 (Natural Cure): Double Edge/Sing/Softboiled/Light Screen | Glalie Lv46 (Inner Focus): Ice Beam/Crunch/Headbutt/Shadow Ball | Magnezone Lv48 (Magnet Pull): Discharge/Flash Cannon/Thunder Wave/Barrier
105,ace_trainer_jasmin_postgame,Ace Trainer Jasmin Postgame,Ace Trainer Female,610,110,0.847,1258,257,1991.5,A+,Veteran Harlan Postgame (Elo 2125.2),Hiker Theodore Rematch 2 (Elo 1492.7),Ace Trainer Saul Postgame (7 games),3.32,Drapion Lv61 (Battle Armor): Cross Poison/Crunch/X Scissor/Aerial Ace
106,jogger_craig_rematch_2,Jogger Craig Rematch 2,Jogger,609,111,0.846,1279,280,1980.6,A+,Rival Spear Pillar Empoleon (Elo 2075.6),Hiker Theodore Rematch 2 (Elo 1492.7),Dragon Tamer Hayden Rematch (7 games),5.23,Luxray Lv59 (Rivalry): Thunder Fang/Crunch/Scary Face/Discharge | Luxray Lv59 (Rivalry): Thunder Fang/Crunch/Scary Face/Discharge
107,psychic_abigail_rematch_2,Psychic Abigail Rematch 2,Psychic Female,607,113,0.843,1273,287,1967.3,A,Veteran Brenden (Elo 2157.0),Galactic Grunt Mt Coronet Tunnel Room 3 (Elo 1536.4),Ranger Deshawn Postgame (7 games),6.85,Chimecho Lv57 (Levitate): Heal Bell/Safeguard/Extrasensory/Healing Wish | Drifblim Lv59 (Aftermath): Ominous Wind/Baton Pass/Shadow Ball/Explosion | Gardevoir Lv61 (Synchronize): Imprison/Future Sight/Captivate/Hypnosis
108,psychic_corbin_rematch_postgame,Psychic Corbin Rematch Postgame,Psychic Male,606,114,0.842,1279,291,1976.4,A+,Veteran Brenden (Elo 2157.0),Psychic Valencia (Elo 1780.7),Commander Saturn Galactic Hq (7 games),4.79,Xatu Lv60 (Synchronize): Ominous Wind/Power Swap/Guard Swap/Psychic | Gallade Lv60 (Steadfast): Feint/False Swipe/Protect/Close Combat
109,breeder_albert_rematch_3,Breeder Albert Rematch 3,Breeder Male,606,114,0.842,1277,293,1973.7,A+,Ace Trainer Rodolfo Rematch Postgame (Elo 2156.3),Black Belt Davon Postgame (Elo 1652.1),Psychic Mitchell Rematch 2 (7 games),8.03,Roserade Lv51 (Natural Cure): Poison Sting/Mega Drain/Magical Leaf/Sweet Scent | Sudowoodo Lv51 (Sturdy): Slam/Sucker Punch/Double Edge/Hammer Arm | Raichu Lv51 (Static): Thunder Shock/Tail Whip/Quick Attack/Thunderbolt | Umbreon Lv51 (Synchronize): Confuse Ray/Faint Attack/Assurance/Last Resort
110,parasol_lady_alexa_rematch_3,Parasol Lady Alexa Rematch 3,Parasol Lady,606,114,0.842,1256,273,1952.3,A,Ace Trainer Kassandra Postgame (Elo 2057.8),Socialite Reina Rematch 2 (Elo 1660.6),Ranger Ashlee Rematch Postgame (7 games),5.87,Hippowdon Lv50 (Sand Stream): Sand Tomb/Crunch/Earthquake/Double Edge | Bibarel Lv50 (Simple): Amnesia/Take Down/Super Fang/Superpower | Mantine Lv50 (Swift Swim): Confuse Ray/Bounce/Aqua Ring/Hydro Pump | Seaking Lv50 (Swift Swim): Aqua Ring/Fury Attack/Waterfall/Horn Drill
111,ace_trainer_brandi,Ace Trainer Brandi,Ace Trainer Female,605,115,0.84,1281,298,1952.5,A,Leader Volkner (Elo 2149.6),Black Belt Carl (Elo 1562.3),Swimmer Joanna Postgame (7 games),4.91,Marowak Lv54 (Rock Head): Bone Rush/Stone Edge/Swords Dance/Endeavor | Kangaskhan Lv57 (Early Bird): Dizzy Punch/Crunch/Outrage/Earthquake
112,cyclist_john_rematch_3,Cyclist John Rematch 3,Cyclist Male,604,116,0.839,1279,307,1975.6,A+,Dragon Tamer Patrick Rematch 2 (Elo 2116.4),Poke Kid Danielle Rematch 3 (Elo 1606.9),Sailor Marc Rematch 2 (7 games),5.61,Farfetchd Lv57 (Keen Eye): Night Slash/Air Slash/Feint/False Swipe | Dodrio Lv58 (Run Away): Tri Attack/Agility/Drill Peck/Endeavor | Staraptor Lv59 (Intimidate): Take Down/Close Combat/Agility/Brave Bird
113,cameraman_tevin_rematch_3,Cameraman Tevin Rematch 3,Cameraman,604,116,0.839,1281,313,1945.8,A,Veteran Harlan Postgame (Elo 2125.2),Interviewers Roxy And Oli Rematch 2 (Elo 1724.5),Ace Trainer Dalton (7 games),7.3,Magneton Lv48 (Magnet Pull): Magnet Bomb/Screech/Discharge/Mirror Shot | Magneton Lv48 (Magnet Pull): Magnet Bomb/Screech/Discharge/Mirror Shot | Mr Mime Lv49 (Soundproof): Trick/Psychic/Role Play/Baton Pass | Machamp Lv51 (Guts): Wake Up Slap/Cross Chop/Scary Face/Dynamic Punch
114,skier_bjorn_rematch_2,Skier Bjorn Rematch 2,Skier Male,603,117,0.838,1275,300,1950.2,A,Veteran Harlan Postgame (Elo 2125.2),Black Belt Philip Rematch (Elo 1583.8),Ace Trainer Abel Postgame (7 games),10.93,Delibird Lv56 (Vital Spirit): Present | Weavile Lv58 (Pressure): Night Slash/Fling/Metal Claw/Dark Pulse | Mamoswine Lv60 (Oblivious): Double Hit/Earthquake/Mist/Blizzard
115,black_belt_ray_postgame,Black Belt Ray Postgame,Black Belt,602,118,0.836,1284,315,1948.5,A,Ace Trainer Jose Postgame (Elo 2108.8),Galactic Grunt Iron Island 1 (Elo 1484.4),Dragon Tamer Hayden (7 games),5.38,Breloom Lv58 (Effect Spore): Seed Bomb/Mach Punch/Sky Uppercut/Spore | Toxicroak Lv58 (Anticipation): Sludge Bomb/Nasty Plot/Focus Blast/Dark Pulse
116,psychic_maxwell_rematch,Psychic Maxwell Rematch,Psychic Male,601,119,0.835,1270,303,1968.6,A+,Veteran Brenden (Elo 2157.0),Swimmer Troy (Elo 1623.6),Clown Lee Rematch 4 (7 games),5.17,Misdreavus Lv58 (Levitate): Shadow Ball/Perish Song/Grudge/Power Gem | Gengar Lv62 (Levitate): Dream Eater/Dark Pulse/Destiny Bond/Nightmare
117,swimmer_francisco_rematch,Swimmer Francisco Rematch,Swimmer Male,600,120,0.833,1271,310,1960.6,A,Ace Trainer Natasha Postgame (Elo 2118.4),Hiker Theodore Rematch 2 (Elo 1492.7),Ace Trainer Ruben (7 games),10.07,Golduck Lv52 (Damp): Screech/Psych Up/Zen Headbutt/Amnesia | Relicanth Lv58 (Swift Swim): Mud Sport/Ancient Power/Double Edge/Dive | Tentacruel Lv60 (Clear Body): Poison Jab/Screech/Hydro Pump/Wring Out
118,swimmer_crystal_rematch,Swimmer Crystal Rematch,Swimmer Female,599,121,0.832,1252,299,1959.8,A,Veteran Brenden (Elo 2157.0),Aroma Lady Elizabeth Rematch 3 (Elo 1670.7),Psychic Kendra (7 games),8.44,Wailmer Lv56 (Water Veil): Amnesia/Dive/Bounce/Hydro Pump | Seaking Lv59 (Swift Swim): Fury Attack/Waterfall/Horn Drill/Agility | Pelipper Lv59 (Keen Eye): Spit Up/Fling/Tailwind/Hydro Pump
119,swimmer_wesley_rematch,Swimmer Wesley Rematch,Swimmer Male,598,122,0.831,1273,317,1929.4,A,Ace Trainer Moira Postgame (Elo 2086.4),Rich Boy Trey Rematch 1 (Elo 1679.8),Clown Lee Rematch 4 (7 games),5.75,Qwilfish Lv57 (Poison Point): Aqua Tail/Poison Jab/Destiny Bond/Hydro Pump | Floatzel Lv57 (Swift Swim): Crunch/Agility/Whirlpool/Razor Wind | Tentacruel Lv57 (Clear Body): Poison Jab/Screech/Hydro Pump/Wring Out
120,ace_trainer_deanna_postgame,Ace Trainer Deanna Postgame,Ace Trainer Female,597,123,0.829,1264,316,1949.6,A,Veteran Harlan Postgame (Elo 2125.2),Hiker Alexander (Elo 1596.9),Ace Trainer Moira Postgame (7 games),5.05,Flaaffy Lv55 (Static): Discharge/Power Gem/Signal Beam/Light Screen | Tropius Lv56 (Chlorophyll): Solar Beam/Air Slash/Synthesis/Sunny Day
121,sailor_zachariah_rematch,Sailor Zachariah Rematch,Sailor,597,123,0.829,1272,324,1939.2,A,Leader Volkner (Elo 2149.6),Ninja Boy Nick (Elo 1258.1),Breeder Jennifer Rematch 3 (7 games),21.31,Pelipper Lv56 (Keen Eye): Swallow/Spit Up/Fling/Tailwind | Machamp Lv60 (Guts): Wake Up Slap/Cross Chop/Scary Face/Dynamic Punch | Gastrodon Lv58 (Sticky Hold): Rain Dance/Body Slam/Muddy Water/Recover
122,black_belt_griffin_postgame,Black Belt Griffin Postgame,Black Belt,596,124,0.828,1256,312,1960.1,A,Elite Four Bertha (Elo 2189.1),Ninja Boy Ethan (Elo 1477.3),Collector Ivan Rematch (7 games),5.93,Breloom Lv58 (Effect Spore): Spore/Mach Punch/Seed Bomb/Sky Uppercut | Medicham Lv58 (Pure Power): Detect/Psychic/Hi Jump Kick/Ice Punch
123,dragon_tamer_geoffrey_postgame,Dragon Tamer Geoffrey Postgame,Dragon Tamer,594,126,0.825,1261,321,1950.9,A,Leader Volkner (Elo 2149.6),Rival Route 209 Torterra (Elo 1425.6),Clown Lee Rematch 4 (7 games),5.41,Gabite Lv53 (Sand Veil): Slash/Dragon Claw/Dig/Dragon Rush | Altaria Lv55 (Natural Cure): Dragon Breath/Dragon Dance/Refresh/Dragon Pulse
124,ace_trainer_zachery,Ace Trainer Zachery,Ace Trainer Male,594,126,0.825,1258,321,1938.6,A,Ace Trainer Felix Postgame (Elo 2051.9),Socialite Reina Rematch 2 (Elo 1660.6),Policeman Danny Rematch 3 (7 games),3.87,Electabuzz Lv47 (Static): Thunderbolt/Shock Wave/Quick Attack/Iron Tail | Magneton Lv48 (Magnet Pull): Thunderbolt/Tri Attack/Mirror Shot
125,interviewers_roxy_and_oli_rematch_4,Interviewers Roxy And Oli Rematch 4,Interviewers,591,129,0.821,1254,331,1923.5,A,Ace Trainer Jamie (Elo 2044.6),Galactic Grunt Lake Verity 3 (Elo 1394.0),Bird Keeper Geneva Postgame (7 games),4.22,Magnezone Lv59 (Magnet Pull): Discharge/Mirror Shot/Magnet Rise/Gyro Ball | Gardevoir Lv59 (Synchronize): Psychic/Imprison/Future Sight/Captivate
126,psychic_kendra,Psychic Kendra,Psychic Female,589,131,0.818,1255,341,1934.1,A,Veteran Harlan Postgame (Elo 2125.2),Bird Keeper Autumn (Elo 1680.9),Swimmer Wade Postgame (7 games),5.21,Chimecho Lv52 (Levitate): Extrasensory/Shadow Ball/Energy Ball/Charge Beam | Haunter Lv52 (Levitate): Shadow Punch/Dark Pulse/Confuse Ray/Toxic | Gengar Lv55 (Levitate): Shadow Ball/Dark Pulse/Frustration/Sludge Bomb
127,ranger_deshawn_postgame,Ranger Deshawn Postgame,Ranger Male,587,133,0.815,1227,318,1943.5,A,Ace Trainer Maya Rematch 2 (Elo 2108.2),Swimmer Miranda Rematch (Elo 1721.0),Psychic Abigail Rematch 2 (7 games),5.17,Spinda Lv54 (Own Tempo): Teeter Dance/Psych Up/Double Edge/Flail | Kecleon Lv54 (Color Change): Screech/Substitute/Sucker Punch/Shadow Claw | Granbull Lv54 (Intimidate): Roar/Rage/Take Down/Payback
128,dragon_tamer_hayden,Dragon Tamer Hayden,Dragon Tamer,587,133,0.815,1235,328,1932.3,A,Elite Four Bertha (Elo 2189.1),Swimmer Ricardo (Elo 1596.6),Black Belt Ray Postgame (7 games),5.38,Altaria Lv56 (Natural Cure): Dragon Breath/Dragon Dance/Refresh/Dragon Pulse | Seadra Lv56 (Poison Point): Twister/Brine/Hydro Pump/Dragon Dance
129,picnicker_karina_rematch_3,Picnicker Karina Rematch 3,Picnicker,587,133,0.815,1242,335,1912.7,A,Veteran Armando Rematch (Elo 2162.7),Black Belt Philip Rematch (Elo 1583.8),Psychic Corbin Rematch Postgame (7 games),3.56,Empoleon Lv54 (Torrent): Hydro Pump/Drill Peck/Metal Claw/Aqua Jet
130,commander_saturn_galactic_hq,Commander Saturn Galactic Hq,Commander Saturn,584,136,0.811,1237,338,1931.6,A,Ace Trainer Deanna Rematch Postgame (Elo 2084.4),Gentleman Jeremy Rematch 3 (Elo 1669.3),Psychic Corbin Rematch Postgame (7 games),6.6,Golbat Lv42 (Inner Focus): Air Cutter/Bite/Poison Fang/Confuse Ray | Bronzor Lv42 (Levitate): Gyro Ball/Extrasensory/Shadow Ball/Confuse Ray | Toxicroak @ Sitrus Berry Lv44 (Anticipation): Poison Jab/Brick Break/X Scissor/Faint Attack
131,lady_melissa_rematch_3,Lady Melissa Rematch 3,Lady,584,136,0.811,1242,348,1917.8,A,Ranger Taylor Rematch 3 (Elo 2133.6),Galactic Grunt Mt Coronet 5f 1 (Elo 1538.7),Dragon Tamer Drake Postgame (7 games),8.32,Hoppip Lv58 (Chlorophyll): Stun Spore/Sunny Day/Giga Drain/Aerial Ace | Cherrim Lv58 (Flower Gift): Solar Beam/Sunny Day/Leech Seed/Magical Leaf | Bellossom Lv58 (Chlorophyll): Petal Dance/Attract/Stun Spore/Magical Leaf
132,bird_keeper_krystal_postgame,Bird Keeper Krystal Postgame,Bird Keeper,581,139,0.807,1218,333,1924.3,A,Ace Trainer Quinn Postgame (Elo 2061.9),Galactic Grunt Mt Coronet 6f (Elo 1595.4),Ace Trainer Sydney (7 games),6.61,Staravia Lv55 (Intimidate): Aerial Ace/Take Down/Agility/Brave Bird | Fearow Lv57 (Keen Eye): Agility/Assurance/Roost/Drill Peck | Noctowl Lv59 (Insomnia): Extrasensory/Psycho Shift/Roost/Dream Eater
133,reporter_kinsey_rematch_4,Reporter Kinsey Rematch 4,Reporter,580,140,0.806,1235,359,1903.8,A,Ace Trainer Dennis Rematch 2 (Elo 2135.6),Twins Teri And Tia (Elo 1063.7),Ace Trainer Deanna Postgame (7 games),4.69,Drifblim Lv57 (Aftermath): Ominous Wind/Baton Pass/Shadow Ball/Explosion | Luxray Lv57 (Rivalry): Thunder Fang/Crunch/Scary Face/Discharge
134,rival_canalave_city_chimchar,Rival Canalave City Empoleon,Rival,578,142,0.803,1212,341,1926.0,A,Veteran Terrell (Elo 2079.9),Swimmer Kurt Postgame (Elo 1728.9),Dragon Tamer Clinton (7 games),7.45,Staraptor Lv36 (Intimidate): Aerial Ace/Take Down/Quick Attack/Double Team | Roserade Lv35 (Natural Cure): Giga Drain/Toxic Spikes/Leech Seed/Grass Whistle | Heracross Lv37 (Swarm): Brick Break/Aerial Ace/Night Slash/Horn Attack | Rapidash Lv35 (Run Away): Fire Spin/Take Down/Stomp/Tail Whip | Empoleon Lv38 (Torrent): Bubble Beam/Aerial Ace/Metal Claw/Fury Attack
135,swimmer_joanna_rematch_postgame,Swimmer Joanna Rematch Postgame,Swimmer Female,578,142,0.803,1217,351,1882.8,A-,Commander Mars Stark Mountain (Elo 2144.5),Hiker Alexander (Elo 1596.9),Psychic Maxwell (7 games),14.03,Luvdisc Lv57 (Swift Swim): Aqua Ring/Captivate/Flail/Safeguard | Corsola Lv58 (Hustle): Spike Cannon/Power Gem/Mirror Coat/Earth Power | Lapras Lv59 (Water Absorb): Brine/Safeguard/Hydro Pump/Sheer Cold
136,leader_byron,Leader Byron,Leader Byron,576,144,0.8,1199,336,1912.2,A,Ace Trainer Felix Postgame (Elo 2051.9),Battle Girl Helen Rematch 2 (Elo 1603.1),Ace Trainer Mariah (7 games),5.27,Magneton Lv37 (Magnet Pull): Flash Cannon/Thunderbolt/Tri Attack/Metal Sound | Steelix Lv38 (Rock Head): Flash Cannon/Ice Fang/Earthquake/Sandstorm | Bastiodon @ Sitrus Berry Lv41 (Sturdy): Metal Burst/Stone Edge/Iron Defense/Taunt
137,bug_catcher_brandon_rematch_3,Bug Catcher Brandon Rematch 3,Bug Catcher,576,144,0.8,1212,347,1893.7,A,Ace Trainer Moira Postgame (Elo 2086.4),Rancher Marco Rematch 1 (Elo 1609.2),Dragon Tamer Drake Postgame (7 games),7.34,Dustox Lv49 (Shield Dust): Light Screen/Silver Wind/Toxic/Bug Buzz | Kricketune Lv51 (Swarm): Taunt/Night Slash/Bug Buzz/Perish Song | Scizor Lv53 (Swarm): X Scissor/Night Slash/Double Hit/Iron Head
138,double_team_al_and_kay,Double Team Al And Kay,Double Team,575,145,0.799,1220,360,1905.5,A,Veteran Harlan Postgame (Elo 2125.2),Cyclist Kayla Rematch 3 (Elo 1623.0),Ace Trainer Anton (7 games),2.39,Staraptor Lv50 (Intimidate): Close Combat/Brave Bird/Growl/Quick Attack | Ambipom Lv50 (Technician): Double Hit/Aerial Ace/Shock Wave/Water Pulse
139,psychic_daisy_rematch_postgame,Psychic Daisy Rematch Postgame,Psychic Female,574,146,0.797,1228,371,1906.0,A,Ace Trainer Rodolfo Rematch Postgame (Elo 2156.3),Galactic Grunt Jubilife City 1 (Elo 827.5),Breeder Jennifer Rematch 2 (7 games),14.79,Slowbro Lv58 (Oblivious): Withdraw/Slack Off/Amnesia/Psychic | Slowking Lv62 (Oblivious): Swagger/Psychic/Trump Card/Psych Up
140,rival_canalave_city_turtwig,Rival Canalave City Infernape,Rival,573,147,0.796,1209,357,1916.3,A,Ace Trainer Quinn Postgame (Elo 2061.9),Bird Keeper Autumn (Elo 1680.9),Ace Trainer Saul Postgame (7 games),6.93,Staraptor Lv36 (Intimidate): Aerial Ace/Take Down/Quick Attack/Double Team | Floatzel Lv35 (Swift Swim): Aqua Jet/Pursuit/Quick Attack/Swift | Heracross Lv37 (Swarm): Brick Break/Aerial Ace/Night Slash/Horn Attack | Roserade Lv35 (Natural Cure): Giga Drain/Toxic Spikes/Leech Seed/Grass Whistle | Infernape Lv38 (Blaze): Brick Break/Flame Wheel/Mach Punch/Aerial Ace
141,dragon_tamer_kenny_postgame,Dragon Tamer Kenny Postgame,Dragon Tamer,573,147,0.796,1197,344,1882.8,A-,Veteran Edgar (Elo 2028.0),Guitarist Arturo Rematch 4 (Elo 1339.9),Ranger Allison Rematch 3 (7 games),5.04,Bagon Lv57 (Rock Head): Scary Face/Crunch/Dragon Claw/Double Edge | Shelgon Lv57 (Rock Head): Zen Headbutt/Scary Face/Crunch/Dragon Claw | Vibrava Lv57 (Levitate): Dragon Breath/Screech/Sandstorm/Hyper Beam
142,ace_trainer_omar,Ace Trainer Omar,Ace Trainer Male,572,148,0.794,1213,366,1888.9,A,Commander Jupiter & Mars (Spear Pillar) (Elo 2104.4),Swimmer Troy (Elo 1623.6),Psychic Daisy Postgame (7 games),4.56,Mamoswine Lv45 (Oblivious): Blizzard/Ice Fang/Rock Slide/Giga Impact | Mothim Lv46 (Swarm): Silver Wind/Air Slash/Psychic/Toxic | Rampardos Lv48 (Mold Breaker): Head Smash/Zen Headbutt/Ancient Power/Screech
143,ace_trainer_sydney,Ace Trainer Sydney,Ace Trainer Female,570,150,0.792,1222,383,1887.6,A,Ace Trainer Moira Postgame (Elo 2086.4),Hiker Theodore Rematch 2 (Elo 1492.7),Bird Keeper Krystal Postgame (7 games),7.22,Clefable Lv47 (Cute Charm): Meteor Mash/Reflect/Light Screen/Gravity | Torterra Lv48 (Overgrow): Earthquake/Crunch/Leech Seed/Synthesis
144,marley_victory_road,Marley Victory Road,Trainer Marley,568,152,0.789,1198,364,1894.0,A,Veteran Harlan Postgame (Elo 2125.2),Swimmer Troy (Elo 1623.6),Ace Trainer Dana Postgame (7 games),3.59,Arcanine Lv59 (Intimidate): Extreme Speed/Fire Fang/Helping Hand/Agility
145,veteran_clayton,Veteran Clayton,Veteran,568,152,0.789,1215,385,1888.4,A,Ace Trainer Arthur (Elo 2068.0),Hiker Theodore Rematch 2 (Elo 1492.7),Twins Teri And Tia Rematch 2 (7 games),4.28,Staraptor Lv47 (Intimidate): Brave Bird/Quick Attack/Double Team/Growl | Lickilicky Lv47 (Own Tempo): Slam/Power Whip/Earthquake/Brick Break
146,twins_teri_and_tia_rematch_2,Twins Teri And Tia Rematch 2,Twins,568,152,0.789,1213,380,1861.5,A-,Ace Trainer Deanna Rematch Postgame (Elo 2084.4),Hiker Damon (Elo 1446.7),Skier Andrea Rematch 2 (7 games),4.17,Raichu Lv60 (Static): Thunder Shock/Tail Whip/Quick Attack/Thunderbolt | Clefable Lv60 (Cute Charm): Sing/Double Slap/Minimize/Metronome
147,ranger_krista,Ranger Krista,Ranger Female,566,154,0.786,1180,361,1887.4,A-,Ace Trainer Felix Postgame (Elo 2051.9),Hiker Theodore Rematch 2 (Elo 1492.7),Fisherman Alec Rematch (7 games),4.9,Lairon Lv57 (Sturdy): Metal Sound/Iron Tail/Double Edge/Metal Burst | Marowak Lv57 (Rock Head): Fling/Bone Rush/Endeavor/Double Edge
148,psychic_chelsey_postgame,Psychic Chelsey Postgame,Psychic Female,566,154,0.786,1219,393,1877.3,A-,Ace Trainer Arthur (Elo 2068.0),Galactic Grunt Lake Verity 3 (Elo 1394.0),Battle Girl Helen Rematch 3 (7 games),5.49,Lunatone Lv57 (Levitate): Heal Block/Psychic/Future Sight/Explosion | Gardevoir Lv59 (Synchronize): Psychic/Imprison/Future Sight/Captivate
149,ruin_maniac_harry_rematch_2,Ruin Maniac Harry Rematch 2,Ruin Maniac,566,154,0.786,1194,371,1877.2,A-,Dragon Tamer Geoffrey Rematch Postgame (Elo 2101.2),Hiker Theodore Rematch 2 (Elo 1492.7),Fisherman Cole (7 games),10.33,Bastiodon Lv50 (Sturdy): Ancient Power/Block/Endure/Metal Burst | Rampardos Lv50 (Mold Breaker): Ancient Power/Endeavor/Zen Headbutt/Screech | Bronzong Lv53 (Levitate): Block/Gyro Ball/Future Sight/Faint Attack
150,ace_trainer_saul_postgame,Ace Trainer Saul Postgame,Ace Trainer Male,564,156,0.783,1212,394,1874.0,A-,Ace Trainer Maya Rematch 2 (Elo 2108.2),Ruin Maniac Ronald (Elo 1133.5),Ace Trainer Jasmin Postgame (7 games),3.53,Tauros Lv61 (Intimidate): Thrash/Zen Headbutt/Swagger/Payback
151,scientist_shaun_rematch_3,Scientist Shaun Rematch 3,Scientist,563,157,0.782,1215,400,1871.9,A-,Veteran Brenden (Elo 2157.0),Worker Conrad (Elo 1387.3),Swimmer Glenn Rematch Postgame (7 games),6.64,Magneton Lv55 (Magnet Pull): Discharge/Mirror Shot/Magnet Rise/Gyro Ball | Alakazam Lv51 (Synchronize): Calm Mind/Psychic/Future Sight/Trick
152,ace_trainer_destiny,Ace Trainer Destiny,Ace Trainer Female,563,157,0.782,1180,366,1871.5,A-,Ace Trainer Quinn Postgame (Elo 2061.9),Fisherman Walter (Elo 1404.9),Battle Girl Helen Rematch 3 (7 games),4.28,Electabuzz Lv47 (Static): Thunderbolt/Shock Wave/Quick Attack/Iron Tail | Raichu Lv48 (Static): Thunderbolt/Dig/Thunder Wave/Light Screen
153,dragon_tamer_stanley_postgame,Dragon Tamer Stanley Postgame,Dragon Tamer,562,158,0.781,1211,404,1872.7,A-,Ace Trainer Quinn Postgame (Elo 2061.9),Worker Braden (Elo 1383.9),Skier Madison Rematch 2 (7 games),4.54,Dratini Lv55 (Shed Skin): Safeguard/Dragon Dance/Outrage/Hyper Beam | Altaria Lv57 (Natural Cure): Dragon Breath/Dragon Dance/Refresh/Dragon Pulse
154,rival_canalave_city_piplup,Rival Canalave City Torterra,Rival,562,158,0.781,1188,383,1869.5,A-,Ace Trainer Sandra Postgame (Elo 2003.2),Gentleman Jeremy Rematch 3 (Elo 1669.3),Ace Trainer Sydney (7 games),7.33,Staraptor Lv36 (Intimidate): Aerial Ace/Take Down/Quick Attack/Double Team | Floatzel Lv35 (Swift Swim): Aqua Jet/Pursuit/Quick Attack/Swift | Heracross Lv37 (Swarm): Brick Break/Aerial Ace/Night Slash/Horn Attack | Rapidash Lv35 (Run Away): Fire Spin/Take Down/Stomp/Tail Whip | Torterra Lv38 (Overgrow): Razor Leaf/Bite/Mega Drain/Leech Seed
155,black_belt_jarrett_postgame,Black Belt Jarrett Postgame,Black Belt,562,158,0.781,1204,394,1865.8,A-,Dragon Tamer Geoffrey Rematch Postgame (Elo 2101.2),Tuber Chelsea Rematch 2 (Elo 1622.8),Psychic Brittney (7 games),3.29,Machamp Lv60 (Guts): Cross Chop/Fire Punch/Ice Punch/Thunder Punch
156,veteran_brian_rematch_1,Veteran Brian Rematch 1,Veteran,562,158,0.781,1197,383,1862.5,A-,Ace Trainer Jamie (Elo 2044.6),Cyclist Kayla Rematch 3 (Elo 1623.0),Ranger Taylor Rematch 2 (7 games),5.74,Tangela Lv44 (Chlorophyll): Ingrain/Giga Drain/Ancient Power/Toxic | Rapidash Lv44 (Run Away): Fire Spin/Stomp/Take Down/Fire Blast | Floatzel Lv44 (Swift Swim): Aqua Jet/Whirlpool/Pursuit/Quick Attack
157,camper_zackary_rematch_3,Camper Zackary Rematch 3,Camper,561,159,0.779,1191,382,1907.1,A,Ace Trainer Kassandra Postgame (Elo 2057.8),Black Belt Philip Rematch (Elo 1583.8),Leader Candice (7 games),3.97,Ambipom Lv52 (Technician): Baton Pass/Swift/Nasty Plot/Water Pulse | Bibarel Lv52 (Simple): Thunderbolt/Ice Beam/Surf/Shadow Ball
158,ace_trainer_dana_postgame,Ace Trainer Dana Postgame,Ace Trainer Female,560,160,0.778,1187,385,1889.3,A,Ace Trainer Moira Rematch Postgame (Elo 2120.4),Hiker Theodore Rematch 2 (Elo 1492.7),Marley Victory Road (7 games),3.97,Mightyena Lv55 (Intimidate): Crunch/Sucker Punch/Iron Tail/Scary Face | Kirlia Lv56 (Synchronize): Psychic/Magical Leaf/Shock Wave/Shadow Ball
159,tuber_jared_rematch_2,Tuber Jared Rematch 2,Tuber Male,560,160,0.778,1178,377,1868.2,A-,Ace Trainer Moira Postgame (Elo 2086.4),Socialite Reina Rematch 1 (Elo 1445.5),Aroma Lady Elizabeth Rematch 3 (7 games),7.22,Gastrodon Lv51 (Sticky Hold): Hidden Power/Rain Dance/Body Slam/Muddy Water | Gastrodon Lv51 (Sticky Hold): Hidden Power/Rain Dance/Body Slam/Muddy Water | Gastrodon Lv51 (Sticky Hold): Hidden Power/Rain Dance/Body Slam/Muddy Water
160,breeder_jennifer_rematch_3,Breeder Jennifer Rematch 3,Breeder Female,559,161,0.776,1188,391,1875.7,A-,Ace Trainer Quinn Postgame (Elo 2061.9),Skier Andrea Rematch 1 (Elo 1571.9),Sailor Zachariah Rematch (7 games),8.73,Roserade Lv50 (Natural Cure): Poison Sting/Mega Drain/Magical Leaf/Sweet Scent | Mr Mime Lv50 (Soundproof): Psychic/Role Play/Baton Pass/Safeguard | Clefable Lv50 (Cute Charm): Sing/Double Slap/Minimize/Metronome | Espeon Lv50 (Synchronize): Swift/Psybeam/Future Sight/Last Resort
161,dragon_tamer_joe,Dragon Tamer Joe,Dragon Tamer,559,161,0.776,1202,405,1851.1,A-,Leader Volkner (Elo 2149.6),Hiker Theodore Rematch 2 (Elo 1492.7),Ace Trainer Sandra Postgame (7 games),4.66,Dratini Lv52 (Shed Skin): Dragon Rush/Safeguard/Dragon Dance/Outrage | Gabite Lv56 (Sand Veil): Slash/Dragon Claw/Dig/Dragon Rush
162,idol_grace_rematch_4,Idol Grace Rematch 4,Idol,558,162,0.775,1172,380,1878.8,A-,Ace Trainer Felix Postgame (Elo 2051.9),Battle Girl Tyler (Elo 1292.4),Skier Bjorn Rematch 2 (7 games),16.9,Clefairy Lv53 (Cute Charm): Moonlight/Light Screen/Meteor Mash/Healing Wish | Clefairy Lv53 (Cute Charm): Moonlight/Light Screen/Meteor Mash/Healing Wish | Clefairy Lv53 (Cute Charm): Moonlight/Light Screen/Meteor Mash/Healing Wish | Clefairy Lv53 (Cute Charm): Moonlight/Light Screen/Meteor Mash/Healing Wish | Clefairy Lv53 (Cute Charm): Moonlight/Light Screen/Meteor Mash/Healing Wish | Clefairy Lv53 (Cute Charm): Moonlight/Light Screen/Meteor Mash/Healing Wish
163,swimmer_glenn_rematch_postgame,Swimmer Glenn Rematch Postgame,Swimmer Male,558,162,0.775,1196,405,1859.6,A-,Dragon Tamer Geoffrey Rematch Postgame (Elo 2101.2),Black Belt Carl (Elo 1562.3),Scientist Shaun Rematch 3 (7 games),5.05,Octillery Lv58 (Suction Cups): Wring Out/Signal Beam/Ice Beam/Hyper Beam | Politoed Lv60 (Water Absorb): Perish Song/Swagger/Bounce/Hyper Voice
164,buck_stark_mountain_postgame,Buck Stark Mountain Postgame,Trainer Buck,558,162,0.775,1199,403,1857.5,A-,Rival Spear Pillar Torterra (Elo 2083.2),Swimmer Oscar (Elo 1605.7),Psychic Bryce (7 games),4.83,Claydol Lv63 (Levitate): Psychic/Ancient Power/Light Screen/Reflect
165,psychic_desiree,Psychic Desiree,Psychic Female,556,164,0.772,1182,402,1854.0,A-,Dragon Tamer Hayden Rematch (Elo 2069.7),Ace Trainer Cesar (Elo 1678.2),Cameraman Tevin Rematch 3 (7 games),6.95,Mr Mime Lv54 (Soundproof): Psychic/Reflect/Light Screen/Drain Punch | Mismagius Lv54 (Levitate): Shadow Ball/Magical Leaf/Aerial Ace/Shock Wave
166,psychic_sterling_postgame,Psychic Sterling Postgame,Psychic Male,555,165,0.771,1180,405,1831.3,A-,Ace Trainer Stefan Postgame (Elo 2018.5),Ace Trainer Allen (Elo 1378.4),Battle Girl Helen Rematch 3 (7 games),5.81,Solrock Lv57 (Levitate): Heal Block/Rock Slide/Solar Beam/Explosion | Gallade Lv59 (Steadfast): Feint/False Swipe/Protect/Close Combat
167,ninja_boy_zach_rematch_3,Ninja Boy Zach Rematch 3,Ninja Boy,554,166,0.769,1158,380,1874.2,A-,Ranger Kyler Rematch Postgame (Elo 2053.2),Guitarist Lonnie (Elo 1552.7),Poke Kid Ariel Rematch 3 Postgame (7 games),7.06,Golbat Lv51 (Inner Focus): Mean Look/Poison Fang/Haze/Air Slash | Crobat Lv51 (Inner Focus): Mean Look/Poison Fang/Haze/Air Slash | Crobat Lv51 (Inner Focus): Mean Look/Poison Fang/Haze/Air Slash
168,rich_boy_trey_rematch_2,Rich Boy Trey Rematch 2,Rich Boy,553,167,0.768,1197,426,1857.9,A-,Psychic Mitchell Rematch 2 (Elo 2049.2),Guitarist Arturo Rematch 4 (Elo 1339.9),Psychic Maxwell (7 games),4.13,Luxray Lv61 (Rivalry): Thunder Fang/Crunch/Scary Face/Discharge
169,ranger_felicia_postgame,Ranger Felicia Postgame,Ranger Female,553,167,0.768,1189,416,1851.5,A-,Ace Trainer Kassandra Postgame (Elo 2057.8),School Kid Mackenzie (Elo 1160.0),Sailor Marc Rematch 1 (7 games),8.85,Skiploom Lv59 (Chlorophyll): Worry Seed/Giga Drain/Bounce/Memento | Lopunny Lv59 (Cute Charm): Dizzy Punch/Charm/Bounce/Healing Wish
170,bird_keeper_audrey_rematch_postgame,Bird Keeper Audrey Rematch Postgame,Bird Keeper,551,169,0.765,1185,422,1880.6,A-,Rival Spear Pillar Infernape (Elo 2078.8),Rival Route 209 Torterra (Elo 1425.6),Pi Carlos Rematch 2 (7 games),7.53,Farfetchd Lv57 (Keen Eye): Night Slash/Air Slash/Feint/False Swipe | Swellow Lv59 (Guts): Double Team/Endeavor/Aerial Ace/Agility | Pidgeot Lv61 (Keen Eye): Wing Attack/Roost/Tailwind/Mirror Move
171,fisherman_miguel_rematch,Fisherman Miguel Rematch,Fisherman,549,171,0.762,1166,411,1853.3,A-,Veteran Harlan Postgame (Elo 2125.2),Jogger Craig Rematch 1 (Elo 1580.3),Ranger Allison Rematch 3 (7 games),9.34,Gyarados Lv51 (Intimidate): Rain Dance/Hydro Pump/Dragon Dance/Hyper Beam | Gyarados Lv51 (Intimidate): Rain Dance/Hydro Pump/Dragon Dance/Hyper Beam | Octillery Lv51 (Suction Cups): Bullet Seed/Wring Out/Signal Beam/Ice Beam
172,ace_trainer_henry,Ace Trainer Henry,Ace Trainer Male,548,172,0.761,1179,420,1865.1,A-,Ace Trainer Mikayla Postgame (Elo 2050.0),Black Belt Philip Rematch (Elo 1583.8),Ace Trainer Mikayla Postgame (7 games),3.62,Rhydon Lv47 (Lightning Rod): Stone Edge/Earthquake/Hammer Arm/Take Down | Carnivine Lv48 (Levitate): Wring Out/Crunch/Faint Attack/Ingrain
173,ace_trainer_dennis_rematch_1,Ace Trainer Dennis Rematch 1,Ace Trainer Male,548,172,0.761,1147,396,1853.5,A-,Ranger Kyler Rematch Postgame (Elo 2053.2),Skier Andrea Rematch 1 (Elo 1571.9),Twins Teri And Tia Rematch 2 (7 games),7.25,Gligar Lv44 (Hyper Cutter): Screech/Faint Attack/Quick Attack/Poison Sting | Floatzel Lv44 (Swift Swim): Aqua Jet/Swift/Pursuit/Quick Attack | Drifblim Lv45 (Aftermath): Swallow/Gust/Stockpile/Shadow Ball
174,collector_ivan_rematch,Collector Ivan Rematch,Collector,548,172,0.761,1200,451,1843.4,A-,Ace Trainer Olivia Rematch (Elo 2061.8),Fisherman Miguel (Elo 1536.6),Leader Wake (7 games),3.76,Togekiss Lv54 (Hustle): Sky Attack/Extreme Speed/Aura Sphere/Air Slash
175,clown_lee_rematch_4,Clown Lee Rematch 4,Clown,548,172,0.761,1196,444,1841.7,A-,Ace Trainer Natasha Postgame (Elo 2118.4),Skier Edward Rematch 1 (Elo 1387.3),Dragon Tamer Geoffrey Postgame (7 games),7.55,Mr Mime Lv56 (Soundproof): Psychic/Role Play/Baton Pass/Safeguard | Alakazam Lv56 (Synchronize): Calm Mind/Psychic/Future Sight/Trick | Ambipom Lv56 (Technician): Double Hit/Fling/Nasty Plot/Last Resort
176,psychic_maxwell,Psychic Maxwell,Psychic Male,547,173,0.76,1174,426,1823.2,B+,Ace Trainer Quinn Postgame (Elo 2061.9),Galactic Grunt Galactic Hq 3f 3 (Elo 1419.0),Rich Boy Trey Rematch 2 (7 games),4.72,Misdreavus Lv58 (Levitate): Shadow Ball/Perish Song/Grudge/Power Gem | Haunter Lv54 (Levitate): Shadow Ball/Dream Eater/Dark Pulse/Destiny Bond
177,psychic_daisy_postgame,Psychic Daisy Postgame,Psychic Female,542,178,0.753,1169,441,1829.4,A-,Ace Trainer Rodolfo Rematch Postgame (Elo 2156.3),Galactic Grunt Jubilife City 1 (Elo 827.5),Ace Trainer Jamie (7 games),15.01,Slowpoke Lv52 (Oblivious): Zen Headbutt/Slack Off/Amnesia/Psychic | Slowbro Lv56 (Oblivious): Withdraw/Slack Off/Amnesia/Psychic
178,pi_carlos_rematch_2,Pi Carlos Rematch 2,Pi,541,179,0.751,1201,478,1809.3,B+,Dragon Tamer Patrick Rematch 2 (Elo 2116.4),School Kid Chance (Elo 1021.5),Bird Keeper Audrey Rematch Postgame (7 games),5.25,Seaking Lv64 (Swift Swim): Horn Drill/Flail
179,policeman_danny_rematch_3,Policeman Danny Rematch 3,Policeman,540,180,0.75,1137,415,1824.9,B+,Sailor Marc Rematch 2 (Elo 2008.3),Galactic Grunt Galactic Hq B2f 1 (Elo 1445.3),Ace Trainer Zachery (7 games),5.11,Noctowl Lv51 (Insomnia): Air Slash/Zen Headbutt/Extrasensory/Psycho Shift | Machamp Lv53 (Guts): Wake Up Slap/Cross Chop/Scary Face/Dynamic Punch
180,interviewers_roxy_and_oli_rematch_3,Interviewers Roxy And Oli Rematch 3,Interviewers,538,182,0.747,1164,450,1856.5,A-,Veteran Terrell (Elo 2079.9),Galactic Grunt Mt Coronet 5f 2 (Elo 1375.9),Ruin Maniac Harry Rematch 2 (7 games),4.28,Magnezone Lv53 (Magnet Pull): Screech/Discharge/Mirror Shot/Magnet Rise | Gardevoir Lv53 (Synchronize): Psychic/Imprison/Future Sight/Captivate
181,black_belt_davon_rematch,Black Belt Davon,Black Belt,537,183,0.746,1164,454,1854.1,A-,Ace Trainer Jose Postgame (Elo 2108.8),Lass Molly (Elo 1105.2),Dragon Tamer Hayden Rematch (7 games),15.06,Hitmontop Lv59 (Intimidate): Gyro Ball/Detect/Close Combat/Endeavor | Hariyama Lv59 (Thick Fat): Wake Up Slap/Endure/Close Combat/Reversal | Machamp Lv59 (Guts): Wake Up Slap/Cross Chop/Scary Face/Dynamic Punch
182,fisherman_cole,Fisherman Cole,Fisherman,537,183,0.746,1147,441,1837.0,A-,Veteran Terrell (Elo 2079.9),Picnicker Summer (Elo 1510.2),Clown Lee Rematch 3 (7 games),6.19,Gyarados Lv43 (Intimidate): Ice Fang/Aqua Tail/Rain Dance/Hydro Pump | Remoraid Lv40 (Hustle): Bullet Seed/Water Pulse/Signal Beam/Ice Beam | Gyarados Lv43 (Intimidate): Ice Fang/Aqua Tail/Rain Dance/Hydro Pump
183,artist_william_rematch_3,Artist William Rematch 3,Artist,537,183,0.746,1152,450,1806.6,B+,Sailor Marc Rematch 2 (Elo 2008.3),Black Belt David (Elo 1548.2),Ace Trainer Maya Rematch 1 (7 games),8.89,Smeargle Lv60 (Own Tempo): Ominous Wind/Ancient Power/Silver Wind/Baton Pass | Mr Mime Lv57 (Soundproof): Psychic/Light Screen/Reflect/Mimic | Sudowoodo Lv57 (Sturdy): Rock Throw/Flail/Sucker Punch/Mimic
184,psychic_landon,Psychic Landon,Psychic Male,537,183,0.746,1165,457,1800.3,B+,Leader Candice (Elo 2042.1),Guitarist Arturo Rematch 4 (Elo 1339.9),Commander Saturn Valor Cavern (7 games),6.66,Shuppet Lv53 (Insomnia): Shadow Ball/Will O Wisp/Sucker Punch/Confuse Ray | Alakazam Lv55 (Synchronize): Psychic/Future Sight/Recover/Focus Blast
185,ace_trainer_graham_postgame,Ace Trainer Graham Postgame,Ace Trainer Male,536,184,0.744,1132,430,1827.0,B+,Ace Trainer Mikayla Postgame (Elo 2050.0),Young Couple Mike And Nat (Elo 1253.8),Reporter Kinsey Rematch 3 (7 games),7.1,Tyrogue Lv55 (Guts): Tackle/Helping Hand/Fake Out/Foresight | Hitmonchan Lv59 (Keen Eye): Mega Punch/Detect/Counter/Close Combat
186,ranger_taylor_rematch_2,Ranger Taylor Rematch 2,Ranger Male,536,184,0.744,1155,450,1826.1,B+,Psychic Mitchell Rematch 2 (Elo 2049.2),Guitarist Arturo Rematch 4 (Elo 1339.9),Veteran Brian Rematch 1 (7 games),4.74,Carnivine Lv44 (Levitate): Spit Up/Swallow/Crunch/Wring Out | Luxray Lv46 (Rivalry): Roar/Swagger/Thunder Fang/Crunch
187,commander_mars_lake_verity,Commander Mars Lake Verity,Commander Mars,536,184,0.744,1144,439,1824.2,B+,Dragon Tamer Drake Postgame (Elo 1982.0),Pi Carlos Rematch 1 (Elo 1554.3),Poke Kid Ariel Rematch 4 Postgame (7 games),8.64,Golbat Lv38 (Inner Focus): Air Cutter/Bite/Toxic/Supersonic | Bronzor Lv38 (Levitate): Gyro Ball/Extrasensory/Iron Defense/Confuse Ray | Purugly @ Sitrus Berry Lv40 (Thick Fat): Slash/Faint Attack/Hypnosis/Fake Out
188,ranger_ashlee_postgame,Ranger Ashlee Postgame,Ranger Female,534,186,0.742,1134,443,1801.0,B+,Rancher Marco Rematch 2 (Elo 2053.9),School Kid Chance (Elo 1021.5),Dragon Tamer Ondrej (7 games),6.52,Linoone Lv55 (Pickup): Covet/Slash/Rest/Belly Drum | Arbok Lv55 (Intimidate): Spit Up/Mud Bomb/Gastro Acid/Haze
189,psychic_corbin_postgame,Psychic Corbin Postgame,Psychic Male,533,187,0.74,1120,429,1829.2,A-,Ace Trainer Sandra Postgame (Elo 2003.2),Rival Route 209 Torterra (Elo 1425.6),Swimmer Joanna Postgame (7 games),7.32,Xatu Lv56 (Synchronize): Future Sight/Ominous Wind/Power Swap/Guard Swap | Gallade Lv56 (Steadfast): Feint/False Swipe/Protect/Close Combat
190,commander_saturn_valor_cavern,Commander Saturn Valor Cavern,Commander Saturn,533,187,0.74,1132,441,1811.3,B+,Youngster Dallas Rematch 3 (Elo 2020.4),Ace Trainer Blake (Elo 1629.6),Psychic Landon (7 games),7.5,Golbat Lv38 (Inner Focus): Air Cutter/Bite/Toxic/Supersonic | Bronzor Lv38 (Levitate): Gyro Ball/Shadow Ball/Rock Tomb/Iron Defense | Toxicroak @ Sitrus Berry Lv40 (Anticipation): Poison Jab/Revenge/Mud Bomb/Faint Attack
191,leader_wake,Leader Wake,Leader Wake,529,191,0.735,1108,430,1830.1,A-,Ace Trainer Sandra Postgame (Elo 2003.2),Lucas Veilstone City Chimchar (Elo 1420.6),Collector Ivan Rematch (7 games),5.83,Gyarados Lv33 (Intimidate): Waterfall/Brine/Bite/Twister | Quagsire Lv34 (Damp): Mud Shot/Rock Tomb/Water Pulse/Yawn | Floatzel @ Sitrus Berry Lv37 (Swift Swim): Brine/Ice Fang/Crunch/Aqua Jet
192,swimmer_joanna_postgame,Swimmer Joanna Postgame,Swimmer Female,529,191,0.735,1155,472,1825.8,B+,Dragon Tamer Darien (Elo 2024.6),Ninja Boy Nick (Elo 1258.1),Psychic Corbin Postgame (7 games),14.01,Luvdisc Lv52 (Swift Swim): Aqua Ring/Captivate/Flail/Safeguard | Lapras Lv54 (Water Absorb): Ice Beam/Brine/Safeguard/Hydro Pump
193,sailor_marc_rematch_1,Sailor Marc Rematch 1,Sailor,529,191,0.735,1145,471,1796.0,B+,Ranger Allison Rematch 3 (Elo 2009.9),Ace Trainer Allen (Elo 1378.4),Fisherman Joseph Rematch 2 (7 games),8.94,Mantine Lv52 (Swift Swim): Confuse Ray/Bounce/Aqua Ring/Hydro Pump | Machoke Lv52 (Guts): Wake Up Slap/Cross Chop/Scary Face/Dynamic Punch
194,reporter_kinsey_rematch_3,Reporter Kinsey Rematch 3,Reporter,529,191,0.735,1164,486,1788.0,B+,Dragon Tamer Hayden Rematch (Elo 2069.7),Galactic Grunt Mt Coronet 5f 2 (Elo 1375.9),Youngster Dallas Rematch 2 (7 games),5.15,Drifblim Lv51 (Aftermath): Ominous Wind/Baton Pass/Shadow Ball/Explosion | Luxray Lv51 (Rivalry): Swagger/Thunder Fang/Crunch/Scary Face
195,double_team_jo_and_pat,Double Team Jo And Pat,Double Team,526,194,0.731,1129,468,1784.2,B+,Ace Trainer Jamie (Elo 2044.6),Black Belt Philip Rematch (Elo 1583.8),Rich Boy Trey (7 games),3.82,Lumineon Lv50 (Swift Swim): Water Pulse/Aqua Ring/Captivate/Silver Wind | Rapidash Lv50 (Run Away): Fire Blast/Stomp/Quick Attack/Iron Tail
196,psychic_deandre,Psychic Deandre,Psychic Male,522,198,0.725,1120,476,1809.7,B+,Sailor Marc Rematch 2 (Elo 2008.3),Galactic Grunt Iron Island 2 (Elo 1467.1),Scientist Shaun Rematch 3 (7 games),3.83,Dusknoir Lv56 (Pressure): Shadow Punch/Fire Punch/Ice Punch/Thunder Punch
197,cameraman_tevin_rematch_2,Cameraman Tevin Rematch 2,Cameraman,521,199,0.724,1101,461,1783.6,B+,Breeder Albert Rematch 3 (Elo 1973.7),Galactic Grunt Mt Coronet 4f 1 (Elo 1585.0),Battle Girl Helen Rematch 2 (7 games),8.85,Magnemite Lv42 (Magnet Pull): Lock On/Magnet Bomb/Screech/Discharge | Magneton Lv42 (Magnet Pull): Lock On/Magnet Bomb/Screech/Discharge | Mr Mime Lv43 (Soundproof): Recycle/Trick/Psychic/Role Play | Machoke Lv45 (Guts): Submission/Wake Up Slap/Cross Chop/Scary Face
198,psychic_brittney,Psychic Brittney,Psychic Female,520,200,0.722,1138,503,1777.3,B+,Dragon Tamer Darien (Elo 2024.6),Galactic Grunt Team Galactic Eterna Building 3f (Elo 1031.6),Rival Canalave City Torterra (7 games),6.09,Drowzee Lv55 (Insomnia): Psychic/Nasty Plot/Zen Headbutt/Future Sight | Alakazam Lv57 (Synchronize): Calm Mind/Psychic/Future Sight/Trick
199,swimmer_wade_postgame,Swimmer Wade Postgame,Swimmer Male,517,203,0.718,1122,495,1775.4,B+,Psychic Brittney Rematch (Elo 1988.0),Hiker Theodore Rematch 2 (Elo 1492.7),Psychic Kendra (7 games),5.22,Carvanha Lv53 (Rough Skin): Crunch/Aqua Jet/Agility/Take Down | Carvanha Lv53 (Rough Skin): Crunch/Aqua Jet/Agility/Take Down | Sharpedo Lv56 (Rough Skin): Taunt/Agility/Skull Bash/Night Slash
200,psychic_bryce,Psychic Bryce,Psychic Male,516,204,0.717,1079,455,1777.7,B+,Ace Trainer Mariah (Elo 1963.4),Guitarist Arturo Rematch 3 (Elo 1328.0),Buck Stark Mountain Postgame (7 games),6.51,Haunter Lv43 (Levitate): Shadow Punch/Payback/Shadow Ball/Dream Eater | Gardevoir Lv46 (Synchronize): Calm Mind/Psychic/Imprison/Future Sight | Gengar Lv46 (Levitate): Payback/Shadow Ball/Dream Eater/Dark Pulse
201,ruin_maniac_larry,Ruin Maniac Larry,Ruin Maniac,514,206,0.714,1101,483,1811.0,B+,Leader Candice (Elo 2042.1),Black Belt Kendal (Elo 1326.1),Rival Pastoria City Torterra (7 games),3.47,Aerodactyl Lv57 (Rock Head): Crunch/Take Down/Iron Head/Hyper Beam
202,ace_trainer_dalton,Ace Trainer Dalton,Ace Trainer Snow Male,514,206,0.714,1089,469,1766.1,B+,Bird Keeper Brianna Rematch 2 (Elo 2048.1),Black Belt Miles (Elo 1487.3),Cameraman Tevin Rematch 3 (7 games),4.33,Electabuzz Lv40 (Static): Thunderbolt/Swift/Quick Attack/Thunder Wave | Magmar Lv40 (Flame Body): Flamethrower/Faint Attack/Smog/Will O Wisp
203,skier_andrea_rematch_2,Skier Andrea Rematch 2,Skier Female,513,207,0.713,1121,514,1767.4,B+,Dragon Tamer Hayden Rematch (Elo 2069.7),Ranger Jeffrey (Elo 1283.4),Galactic Grunt Mt Coronet 5f 1 (7 games),3.5,Abomasnow Lv54 (Snow Warning): Ice Shard/Ingrain/Wood Hammer/Blizzard
204,dragon_tamer_ondrej,Dragon Tamer Ondrej,Dragon Tamer,513,207,0.713,1091,482,1765.0,B+,Sailor Marc Rematch 2 (Elo 2008.3),Guitarist Arturo Rematch 4 (Elo 1339.9),Swimmer Glenn Postgame (7 games),5.81,Altaria Lv45 (Natural Cure): Take Down/Natural Gift/Dragon Breath/Dragon Dance | Gabite Lv47 (Sand Veil): Sand Tomb/Slash/Dragon Claw/Dig
205,clown_lee_rematch_3,Clown Lee Rematch 3,Clown,511,209,0.71,1138,525,1761.8,B+,Dragon Tamer Hayden Rematch (Elo 2069.7),Swimmer Claire (Elo 1343.2),Fisherman Cole (7 games),7.41,Mr Mime Lv50 (Soundproof): Psychic/Role Play/Baton Pass/Safeguard | Alakazam Lv50 (Synchronize): Calm Mind/Psychic/Future Sight/Trick | Ambipom Lv50 (Technician): Double Hit/Fling/Nasty Plot/Last Resort
206,black_belt_eddie,Black Belt Eddie,Black Belt,511,209,0.71,1102,500,1761.3,B+,Psychic Brittney Rematch (Elo 1988.0),Black Belt Philip (Elo 1483.9),Lass Samantha Rematch 3 (7 games),6.42,Mankey Lv51 (Vital Spirit): Cross Chop/Thrash/Punishment/Close Combat | Machoke Lv53 (Guts): Wake Up Slap/Cross Chop/Scary Face/Dynamic Punch | Infernape Lv55 (Blaze): Punishment/Close Combat/Fire Spin/Calm Mind
207,bird_keeper_geneva_postgame,Bird Keeper Geneva Postgame,Bird Keeper,510,210,0.708,1096,498,1794.7,B+,Psychic Mitchell Rematch 2 (Elo 2049.2),Rival Route 209 Torterra (Elo 1425.6),Interviewers Roxy And Oli Rematch 4 (7 games),6.42,Fearow Lv55 (Keen Eye): Agility/Assurance/Roost/Drill Peck | Xatu Lv57 (Synchronize): Future Sight/Ominous Wind/Power Swap/Guard Swap
208,black_belt_willie,Black Belt Willie,Black Belt,510,210,0.708,1108,512,1779.9,B+,Ace Trainer Meagan Postgame (Elo 1982.9),School Kid Chance (Elo 1021.5),Swimmer Kurt Postgame (7 games),5.75,Heracross Lv54 (Swarm): Take Down/Close Combat/Reversal/Feint | Machamp Lv54 (Guts): Wake Up Slap/Cross Chop/Scary Face/Dynamic Punch
209,galactic_boss_cyrus_celestic_town_ruins,Galactic Boss Cyrus Celestic Town Ruins,Galactic Boss,510,210,0.708,1083,482,1778.3,B+,Psychic Abigail Rematch 2 (Elo 1967.3),Guitarist Arturo Rematch 4 (Elo 1339.9),Reporter Kinsey Rematch 3 (7 games),5.67,Sneasel Lv34 (Inner Focus): Slash/Ice Punch/Quick Attack/Screech | Golbat Lv34 (Inner Focus): Poison Fang/Air Cutter/Bite/Supersonic | Murkrow @ Sitrus Berry Lv36 (Insomnia): Drill Peck/Night Shade/Astonish/Faint Attack
210,battle_girl_helen_rematch_3,Battle Girl Helen Rematch 3,Battle Girl,510,210,0.708,1141,538,1764.9,B+,Veteran Brenden (Elo 2157.0),School Kid Chance (Elo 1021.5),Ace Trainer Saul Postgame (7 games),9.82,Medicham Lv60 (Pure Power): Psych Up/Power Trick/Reversal/Recover | Machamp Lv60 (Guts): Wake Up Slap/Cross Chop/Scary Face/Dynamic Punch
211,psychic_valencia,Psychic Valencia,Psychic Female,509,211,0.707,1104,513,1780.7,B+,Rancher Marco Rematch 2 (Elo 2053.9),Rival Route 209 Torterra (Elo 1425.6),Swimmer Wade Postgame (7 games),9.43,Chimecho Lv44 (Levitate): Psywave/Double Edge/Heal Bell/Safeguard | Absol Lv45 (Pressure): Double Team/Slash/Future Sight/Sucker Punch | Dusknoir Lv46 (Pressure): Curse/Will O Wisp/Shadow Punch/Mean Look
212,ace_trainer_garrett,Ace Trainer Garrett,Ace Trainer Snow Male,507,213,0.704,1074,485,1758.3,B+,Ace Trainer Rodolfo Postgame (Elo 1992.1),Cyclist Kayla Rematch 2 (Elo 1514.0),Artist William Rematch 2 (7 games),7.72,Mr Mime Lv37 (Soundproof): Psybeam/Mimic/Reflect/Light Screen | Dusclops Lv39 (Pressure): Will O Wisp/Shadow Punch/Pursuit/Confuse Ray | Scyther Lv39 (Swarm): Slash/X Scissor/Quick Attack/Fury Cutter
213,guitarist_tony_rematch,Guitarist Tony Rematch,Guitarist,507,213,0.704,1097,506,1757.6,B+,Ace Trainer Abel Postgame (Elo 2043.6),Black Belt Kendal (Elo 1326.1),Ace Trainer Ernest (7 games),6.12,Kricketune Lv52 (Swarm): Taunt/Night Slash/Bug Buzz/Perish Song | Magneton Lv52 (Magnet Pull): Screech/Discharge/Mirror Shot/Magnet Rise
214,swimmer_sam_postgame,Swimmer Sam Postgame,Swimmer Male,505,215,0.701,1114,536,1760.2,B+,Ace Trainer Arthur (Elo 2068.0),Rival Route 209 Torterra (Elo 1425.6),Interviewers Roxy And Oli Rematch 2 (7 games),10.41,Sealeo Lv53 (Thick Fat): Swagger/Rest/Snore/Blizzard | Gastrodon Lv53 (Sticky Hold): Hidden Power/Rain Dance/Body Slam/Muddy Water
215,dragon_tamer_clinton,Dragon Tamer Clinton,Dragon Tamer,504,216,0.7,1055,479,1759.0,B+,Dragon Tamer Darien (Elo 2024.6),Hiker Theodore Rematch 2 (Elo 1492.7),Rival Canalave City Empoleon (7 games),6.43,Gible Lv43 (Sand Veil): Slash/Dragon Claw/Dig/Dragon Rush | Swablu Lv45 (Natural Cure): Natural Gift/Mirror Move/Refresh/Dragon Pulse | Gabite Lv47 (Sand Veil): Sand Tomb/Slash/Dragon Claw/Dig
216,breeder_jennifer_rematch_2,Breeder Jennifer Rematch 2,Breeder Female,502,218,0.697,1073,503,1751.4,B+,Swimmer Francisco Rematch (Elo 1960.6),Galactic Grunt Galactic Hq B2f 2 (Elo 1450.4),Psychic Daisy Rematch Postgame (7 games),7.81,Roselia Lv41 (Natural Cure): Sweet Scent/Ingrain/Toxic/Petal Dance | Mr Mime Lv41 (Soundproof): Substitute/Recycle/Trick/Psychic | Clefairy Lv41 (Cute Charm): Metronome/Gravity/Moonlight/Light Screen | Espeon Lv41 (Synchronize): Confusion/Quick Attack/Swift/Psybeam
217,idol_grace_rematch_3,Idol Grace Rematch 3,Idol,502,218,0.697,1056,488,1733.4,B,Psychic Mitchell Rematch 2 (Elo 2049.2),Battle Girl Tyler (Elo 1292.4),Buck Stark Mountain Postgame (7 games),16.63,Clefairy Lv48 (Cute Charm): Moonlight/Light Screen/Meteor Mash/Healing Wish | Clefairy Lv48 (Cute Charm): Moonlight/Light Screen/Meteor Mash/Healing Wish | Clefairy Lv48 (Cute Charm): Moonlight/Light Screen/Meteor Mash/Healing Wish | Clefairy Lv48 (Cute Charm): Moonlight/Light Screen/Meteor Mash/Healing Wish | Clefairy Lv48 (Cute Charm): Moonlight/Light Screen/Meteor Mash/Healing Wish
218,reporter_kinsey_rematch_2,Reporter Kinsey Rematch 2,Reporter,500,220,0.694,1079,520,1769.5,B+,Ace Trainer Sandra Postgame (Elo 2003.2),Youngster Oliver (Elo 1158.3),Skier Madison Rematch 2 (7 games),6.44,Drifblim Lv45 (Aftermath): Spit Up/Ominous Wind/Baton Pass/Shadow Ball | Luxray Lv45 (Rivalry): Roar/Swagger/Thunder Fang/Crunch
219,parasol_lady_alexa_rematch_2,Parasol Lady Alexa Rematch 2,Parasol Lady,500,220,0.694,1074,509,1751.2,B,Ace Trainer Keenan Postgame (Elo 1986.9),Guitarist Arturo Rematch 3 (Elo 1328.0),Clown Lee Rematch 4 (7 games),5.67,Hippowdon Lv42 (Sand Stream): Take Down/Sand Tomb/Crunch/Earthquake | Bibarel Lv42 (Simple): Hyper Fang/Yawn/Amnesia/Take Down | Seaking Lv42 (Swift Swim): Flail/Aqua Ring/Fury Attack/Waterfall
220,breeder_albert_rematch_2,Breeder Albert Rematch 2,Breeder Male,499,221,0.693,1073,515,1738.2,B,Ace Trainer Jake Rematch (Elo 2026.5),Black Belt Carl (Elo 1562.3),Ace Trainer Brenna (7 games),9.33,Roselia Lv42 (Natural Cure): Sweet Scent/Ingrain/Toxic/Petal Dance | Sudowoodo Lv42 (Sturdy): Rock Tomb/Rock Slide/Slam/Sucker Punch | Pikachu Lv42 (Static): Feint/Agility/Discharge/Light Screen | Umbreon Lv42 (Synchronize): Pursuit/Quick Attack/Confuse Ray/Faint Attack
221,bird_keeper_audrey_postgame,Bird Keeper Audrey Postgame,Bird Keeper,499,221,0.693,1076,518,1732.3,B,Psychic Abigail Rematch 2 (Elo 1967.3),Rival Route 209 Infernape (Elo 1469.8),Rich Boy Trey Rematch 1 (7 games),9.64,Taillow Lv51 (Guts): Double Team/Endeavor/Aerial Ace/Agility | Farfetchd Lv53 (Keen Eye): Night Slash/Air Slash/Feint/False Swipe | Pidgeot Lv55 (Keen Eye): Agility/Wing Attack/Roost/Tailwind
222,swimmer_glenn_postgame,Swimmer Glenn Postgame,Swimmer Male,498,222,0.692,1074,524,1750.7,B,Swimmer Crystal Rematch (Elo 1959.8),Reporter Kinsey Rematch 1 (Elo 1367.7),Dragon Tamer Ondrej (7 games),4.92,Octillery Lv53 (Suction Cups): Bullet Seed/Wring Out/Signal Beam/Ice Beam | Poliwhirl Lv53 (Water Absorb): Belly Drum/Wake Up Slap/Hydro Pump/Mud Bomb
223,ranger_allison_rematch_2,Ranger Allison Rematch 2,Ranger Female,498,222,0.692,1055,504,1749.8,B,Hiker Theodore Rematch 3 (Elo 1989.8),Guitarist Arturo Rematch 4 (Elo 1339.9),Pi Carlos Rematch 1 (7 games),6.14,Azumarill Lv45 (Thick Fat): Bubble Beam/Aqua Ring/Double Edge/Rain Dance | Leafeon Lv45 (Leaf Guard): Quick Attack/Synthesis/Magical Leaf/Giga Drain
224,lass_samantha_rematch_3,Lass Samantha Rematch 3,Lass,498,222,0.692,1084,530,1743.3,B,Swimmer Crystal Rematch (Elo 1959.8),Camper Drew (Elo 1349.1),Black Belt Eddie (7 games),7.55,Combee Lv51 (Honey Gather): Sweet Scent/Gust/Bug Bite | Roselia Lv51 (Natural Cure): Toxic/Petal Dance/Aromatherapy/Synthesis | Beautifly Lv51 (Swarm): Attract/Silver Wind/Giga Drain/Bug Buzz
225,fisherman_alec_rematch,Fisherman Alec Rematch,Fisherman,498,222,0.692,1072,524,1739.9,B,Ace Trainer Jasmin Postgame (Elo 1991.5),Camper Drew (Elo 1349.1),Ranger Krista (7 games),8.68,Gyarados Lv50 (Intimidate): Rain Dance/Hydro Pump/Dragon Dance/Hyper Beam | Gyarados Lv54 (Intimidate): Rain Dance/Hydro Pump/Dragon Dance/Hyper Beam
226,ace_trainer_maria,Ace Trainer Maria,Ace Trainer Snow Female,496,224,0.689,1059,515,1747.5,B,Ace Trainer Jamie (Elo 2044.6),Guitarist Arturo Rematch 4 (Elo 1339.9),Breeder Jennifer Rematch 2 (7 games),6.81,Golduck Lv38 (Damp): Water Pulse/Confusion/Disable/Screech | Rapidash Lv39 (Run Away): Fire Blast/Take Down/Fury Attack/Will O Wisp | Sudowoodo Lv38 (Sturdy): Rock Slide/Low Kick/Flail/Endure
227,ace_trainer_maya_rematch_1,Ace Trainer Maya Rematch 1,Ace Trainer Female,495,225,0.688,1071,530,1744.2,B,Breeder Albert Rematch 3 (Elo 1973.7),Gentleman Jeremy Rematch 2 (Elo 1494.4),Artist William Rematch 3 (7 games),6.78,Roselia Lv44 (Natural Cure): Toxic Spikes/Giga Drain/Leech Seed/Toxic | Kirlia Lv44 (Synchronize): Psychic/Magical Leaf/Calm Mind/Double Team | Lickitung Lv45 (Own Tempo): Supersonic/Stomp/Rollout/Defense Curl
228,swimmer_kurt_postgame,Swimmer Kurt Postgame,Swimmer Male,494,226,0.686,1068,524,1728.9,B,Galactic Boss Cyrus Galactic Hq (Elo 1997.2),Gentleman Jeremy Rematch 2 (Elo 1494.4),Ace Trainer Shannon (7 games),6.31,Krabby Lv51 (Hyper Cutter): Slam/Brine/Crabhammer/Flail | Corphish Lv51 (Hyper Cutter): Night Slash/Crabhammer/Swords Dance/Crunch | Kingler Lv54 (Hyper Cutter): Protect/Guillotine/Slam/Brine
229,swimmer_miranda_rematch,Swimmer Miranda Rematch,Swimmer Female,493,227,0.685,1064,532,1721.0,B,Ranger Allison Rematch 3 (Elo 2009.9),Socialite Reina Rematch 1 (Elo 1445.5),Psychic Deandre (7 games),8.07,Shellder Lv59 (Shell Armor): Whirlpool/Iron Defense/Brine/Ice Beam | Lumineon Lv59 (Swift Swim): Whirlpool/U Turn/Bounce/Silver Wind
230,poke_kid_ariel_rematch_4_postgame,Poke Kid Ariel Rematch 4 Postgame,Poke Kid,491,229,0.682,1067,545,1730.6,B,Ace Trainer Ruben (Elo 2042.6),Hiker Theodore Rematch 1 (Elo 1351.8),Fisherman Walter (7 games),12.05,Pichu Lv55 (Static): Tail Whip/Thunder Wave/Sweet Kiss/Nasty Plot | Pikachu Lv55 (Static): Agility/Discharge/Light Screen/Thunder | Raichu Lv55 (Static): Thunder Shock/Tail Whip/Quick Attack/Thunderbolt
231,school_kid_forrest,School Kid Forrest,School Kid Male,490,230,0.681,1047,529,1729.6,B,Cyclist John Rematch 3 (Elo 1975.6),Fisherman Walter (Elo 1404.9),Bird Keeper Audrey Rematch Postgame (7 games),3.69,Magneton Lv47 (Magnet Pull): Thunderbolt/Tri Attack/Mirror Shot
232,psychic_abigail_rematch_1,Psychic Abigail Rematch 1,Psychic Female,489,231,0.679,1063,544,1732.1,B,Cameraman Tevin Rematch 4 (Elo 1982.6),Tuber Jacky (Elo 1268.7),Fisherman Cole (7 games),10.1,Chimecho Lv41 (Levitate): Psywave/Double Edge/Heal Bell/Safeguard | Drifblim Lv43 (Aftermath): Swallow/Spit Up/Ominous Wind/Baton Pass | Gardevoir Lv45 (Synchronize): Calm Mind/Psychic/Imprison/Future Sight
233,interviewers_roxy_and_oli_rematch_2,Interviewers Roxy And Oli Rematch 2,Interviewers,488,232,0.678,1071,560,1724.5,B,Cameraman Tevin Rematch 4 (Elo 1982.6),Tuber Jared Rematch 1 (Elo 1311.9),Swimmer Sam Postgame (7 games),3.88,Magneton Lv47 (Magnet Pull): Magnet Bomb/Screech/Discharge/Mirror Shot | Gardevoir Lv47 (Synchronize): Calm Mind/Psychic/Imprison/Future Sight
234,ace_trainer_jonah,Ace Trainer Jonah,Ace Trainer Male,486,234,0.675,1054,547,1748.4,B,Ace Trainer Arthur (Elo 2068.0),Guitarist Arturo Rematch 4 (Elo 1339.9),Ace Trainer Anton (7 games),7.76,Quagsire Lv35 (Damp): Slam/Mud Bomb/Amnesia/Yawn | Staraptor Lv36 (Intimidate): Whirlwind/Aerial Ace/Take Down/Close Combat | Hippopotas Lv38 (Sand Stream): Take Down/Sand Tomb/Crunch/Earthquake
235,dragon_tamer_keegan,Dragon Tamer Keegan,Dragon Tamer,485,235,0.674,1052,557,1739.5,B,Ace Trainer Deanna Postgame (Elo 1949.6),Black Belt Kendal (Elo 1326.1),Black Belt Davon Postgame (7 games),5.04,Trapinch Lv55 (Hyper Cutter): Sand Tomb/Crunch/Dig/Sandstorm | Vibrava Lv57 (Levitate): Dragon Breath/Screech/Sandstorm/Hyper Beam
236,ace_trainer_brenda,Ace Trainer Brenda,Ace Trainer Female,480,240,0.667,1025,545,1709.9,B,Skier Bjorn Rematch 2 (Elo 1950.2),Ace Trainer Catherine (Elo 1309.4),Clown Lee Rematch 3 (7 games),5.71,Lopunny Lv38 (Cute Charm): Jump Kick/Baton Pass/Agility/Dizzy Punch | Kirlia Lv36 (Synchronize): Magical Leaf/Calm Mind/Psychic/Imprison | Medicham Lv35 (Pure Power): Feint/Calm Mind/Force Palm/Hi Jump Kick
237,ace_trainer_brenna,Ace Trainer Brenna,Ace Trainer Snow Female,479,241,0.665,1032,552,1709.7,B,Psychic Brittney Rematch (Elo 1988.0),Ranger Jeffrey (Elo 1283.4),Breeder Albert Rematch 2 (7 games),5.31,Sneasel Lv40 (Inner Focus): Ice Shard/Slash/Faint Attack/Quick Attack | Snorunt Lv40 (Inner Focus): Ice Fang/Crunch/Hail | Snover Lv41 (Snow Warning): Ice Shard/Wood Hammer/Ingrain/Grass Whistle
238,cyclist_john_rematch_2,Cyclist John Rematch 2,Cyclist Male,477,243,0.662,1018,550,1683.4,B,Picnicker Karina Rematch 3 (Elo 1912.7),Ninja Boy Zach Rematch 1 (Elo 1490.4),Ranger Taylor Rematch 1 (7 games),4.66,Staraptor Lv43 (Intimidate): Aerial Ace/Take Down/Close Combat/Agility | Staraptor Lv43 (Intimidate): Aerial Ace/Take Down/Close Combat/Agility
239,scientist_shaun_rematch_2,Scientist Shaun Rematch 2,Scientist,476,244,0.661,1020,555,1692.7,B,Cyclist John Rematch 3 (Elo 1975.6),Fisherman Walter (Elo 1404.9),Artist William Rematch 3 (7 games),5.01,Magneton Lv46 (Magnet Pull): Magnet Bomb/Screech/Discharge/Mirror Shot | Kadabra Lv42 (Synchronize): Psycho Cut/Role Play/Psychic/Future Sight
240,guitarist_jerry,Guitarist Jerry,Guitarist,474,246,0.658,1025,571,1716.0,B,Commander Saturn Galactic Hq (Elo 1931.6),Black Belt Sean (Elo 1379.0),Rich Boy Trey Rematch 1 (7 games),6.49,Magnemite Lv44 (Magnet Pull): Magnet Bomb/Screech/Discharge/Mirror Shot | Luxio Lv44 (Rivalry): Swagger/Thunder Fang/Crunch/Scary Face | Luxio Lv44 (Rivalry): Swagger/Thunder Fang/Crunch/Scary Face
241,beauty_cyndy_rematch_2,Beauty Cyndy Rematch 2,Beauty,473,247,0.657,1028,576,1703.1,B,Psychic Kendra (Elo 1934.1),Guitarist Arturo Rematch 4 (Elo 1339.9),Fisherman Alec Rematch (7 games),7.21,Meowth Lv59 (Pickup): Assurance/Captivate/Night Slash/Feint | Skitty Lv59 (Cute Charm): Covet/Heal Bell/Double Edge/Captivate | Glameow Lv59 (Limber): Captivate/Slash/Sucker Punch/Attract
242,ace_trainer_alicia,Ace Trainer Alicia,Ace Trainer Snow Female,473,247,0.657,1014,563,1684.1,B,Psychic Brittney Rematch (Elo 1988.0),Guitarist Arturo Rematch 3 (Elo 1328.0),Swimmer Troy (7 games),4.37,Sneasel Lv40 (Inner Focus): Icy Wind/Slash/Screech/Faint Attack | Sneasel Lv43 (Inner Focus): Icy Wind/Slash/Screech/Faint Attack
243,ace_trainer_isaiah,Ace Trainer Isaiah,Ace Trainer Snow Male,472,248,0.656,1045,592,1704.1,B,Dragon Tamer Darien (Elo 2024.6),Collector Fernando (Elo 1232.1),Swimmer Sheltin (7 games),2.9,Piloswine Lv44 (Oblivious): Earthquake/Fury Attack/Ice Fang/Ancient Power
244,ninja_boy_zach_rematch_2,Ninja Boy Zach Rematch 2,Ninja Boy,472,248,0.656,1016,568,1701.8,B,Black Belt Ray Postgame (Elo 1948.5),Worker Gerardo (Elo 1396.5),Dragon Tamer Patrick Rematch 1 (7 games),8.36,Golbat Lv42 (Inner Focus): Confuse Ray/Air Cutter/Mean Look/Poison Fang | Golbat Lv42 (Inner Focus): Confuse Ray/Air Cutter/Mean Look/Poison Fang | Golbat Lv42 (Inner Focus): Confuse Ray/Air Cutter/Mean Look/Poison Fang
245,ace_trainer_anton,Ace Trainer Anton,Ace Trainer Snow Male,471,249,0.654,1002,560,1699.9,B,Dragon Tamer Patrick Rematch 2 (Elo 2116.4),Skier Edward Rematch 1 (Elo 1387.3),Double Team Al And Kay (7 games),3.22,Glalie Lv44 (Inner Focus): Ice Beam/Crunch
246,sailor_zachariah,Sailor Zachariah,Sailor,471,249,0.654,1028,581,1685.7,B,Ace Trainer Saul Rematch Postgame (Elo 1980.0),Aroma Lady Elizabeth Rematch 2 (Elo 1301.0),Pi Carlos Rematch 1 (7 games),14.14,Pelipper Lv40 (Keen Eye): Roost/Stockpile/Swallow/Spit Up | Machoke Lv42 (Guts): Vital Throw/Submission/Wake Up Slap/Cross Chop | Gastrodon Lv44 (Sticky Hold): Hidden Power/Rain Dance/Body Slam/Muddy Water
247,rich_boy_trey_rematch_1,Rich Boy Trey Rematch 1,Rich Boy,471,249,0.654,1076,636,1679.8,B-,Psychic Brittney Rematch (Elo 1988.0),Youngster Donny (Elo 1184.2),Tuber Chelsea Rematch 2 (7 games),5.08,Luxray Lv54 (Rivalry): Swagger/Thunder Fang/Crunch/Scary Face
248,swimmer_lydia_postgame,Swimmer Lydia Postgame,Swimmer Female,468,252,0.65,1001,569,1699.8,B,Veteran Terrell (Elo 2079.9),Poke Kid Janet (Elo 1387.7),Ace Trainer Sergio (7 games),8.89,Marill Lv54 (Thick Fat): Double Edge/Rain Dance/Aqua Tail/Hydro Pump | Spheal Lv54 (Thick Fat): Rest/Snore/Blizzard/Sheer Cold | Wailmer Lv54 (Water Veil): Amnesia/Dive/Bounce/Hydro Pump
249,ace_trainer_sergio,Ace Trainer Sergio,Ace Trainer Snow Male,467,253,0.649,1017,587,1715.3,B,Psychic Brittney Rematch (Elo 1988.0),Ranger Jeffrey (Elo 1283.4),Swimmer Lydia Postgame (7 games),3.89,Snover Lv41 (Snow Warning): Ice Shard/Swagger/Icy Wind/Wood Hammer | Sneasel Lv42 (Inner Focus): Icy Wind/Slash/Faint Attack/Quick Attack
250,swimmer_sophia_postgame,Swimmer Sophia Postgame,Swimmer Female,466,254,0.647,1061,640,1708.8,B,Hiker Theodore Rematch 3 (Elo 1989.8),Interviewers Roxy And Oli (Elo 1116.6),Clown Lee Rematch 2 (7 games),13.37,Delibird Lv53 (Vital Spirit): Present | Mantine Lv53 (Swift Swim): Confuse Ray/Bounce/Aqua Ring/Hydro Pump
251,ace_trainer_cesar,Ace Trainer Cesar,Ace Trainer Male,464,256,0.644,1023,609,1678.2,B-,Psychic Brittney Rematch (Elo 1988.0),Collector Fernando (Elo 1232.1),Black Belt Miles (7 games),3.52,Scizor Lv40 (Swarm): Metal Claw/X Scissor/Slash/Pursuit
252,ace_trainer_ernest,Ace Trainer Ernest,Ace Trainer Male,462,258,0.642,1007,603,1689.7,B,Ace Trainer Felix Postgame (Elo 2051.9),Worker Gerardo (Elo 1396.5),Guitarist Tony Rematch (7 games),8.04,Scyther Lv32 (Swarm): Slash/Wing Attack/Pursuit/Quick Attack | Probopass Lv31 (Sturdy): Thunder Wave/Rock Slide/Magnet Bomb/Iron Defense | Luxio Lv34 (Rivalry): Thunderbolt/Crunch/Swagger/Double Team
253,ace_trainer_savannah,Ace Trainer Savannah,Ace Trainer Snow Female,462,258,0.642,983,578,1685.1,B,Bird Keeper Audrey Rematch Postgame (Elo 1880.6),Skier Edward Rematch 1 (Elo 1387.3),Ace Trainer Blake (7 games),8.27,Snorunt Lv39 (Inner Focus): Ice Fang/Crunch/Hail/Protect | Snorunt Lv40 (Inner Focus): Ice Fang/Crunch/Hail/Protect | Glalie Lv42 (Inner Focus): Ice Fang/Crunch/Hail/Protect
254,fisherman_george,Fisherman George,Fisherman,459,261,0.637,978,580,1685.7,B,Marley Victory Road (Elo 1894.0),Poke Kid Janet (Elo 1387.7),Ace Trainer Shannon (7 games),10.96,Magikarp Lv41 (Swift Swim): Splash/Tackle/Flail | Finneon Lv41 (Swift Swim): Captivate/Safeguard/Aqua Ring/Whirlpool | Remoraid Lv41 (Hustle): Bullet Seed/Water Pulse/Signal Beam/Ice Beam | Gyarados Lv42 (Intimidate): Ice Fang/Aqua Tail/Rain Dance/Hydro Pump
255,bird_keeper_autumn,Bird Keeper Autumn,Bird Keeper,459,261,0.637,1005,608,1680.9,B,Psychic Kendra (Elo 1934.1),Black Belt Ricky (Elo 1178.5),Riley Iron Island (7 games),6.1,Murkrow Lv54 (Insomnia): Taunt/Faint Attack/Mean Look/Sucker Punch | Xatu Lv54 (Synchronize): Future Sight/Ominous Wind/Power Swap/Guard Swap
256,fisherman_joseph_rematch_2,Fisherman Joseph Rematch 2,Fisherman,458,262,0.636,1031,642,1669.5,B-,Interviewers Roxy And Oli Rematch 4 (Elo 1923.5),Ranger Taylor (Elo 1379.3),Sailor Marc Rematch 1 (7 games),4.67,Seaking Lv54 (Swift Swim): Aqua Ring/Fury Attack/Waterfall/Horn Drill
257,skier_madison_rematch_2,Skier Madison Rematch 2,Skier Female,458,262,0.636,1044,642,1648.7,B-,Dragon Tamer Geoffrey Rematch Postgame (Elo 2101.2),Ruin Maniac Ronald (Elo 1133.5),Jogger Craig Rematch 1 (7 games),4.95,Froslass Lv54 (Snow Cloak): Captivate/Ice Shard/Hail/Blizzard
258,veteran_grant,Veteran Grant,Veteran,457,263,0.635,978,592,1675.5,B-,Ranger Taylor Rematch 2 (Elo 1826.1),Ruin Maniac Harry (Elo 1437.6),Dragon Tamer Keegan (7 games),6.17,Riolu Lv34 (Steadfast): Force Palm/Quick Attack/Counter/Screech | Staraptor Lv34 (Intimidate): Aerial Ace/Take Down/Quick Attack/Growl | Graveler Lv34 (Rock Head): Earthquake/Rock Slide/Rock Polish/Defense Curl
259,ace_trainer_olivia,Ace Trainer Olivia,Ace Trainer Snow Female,456,264,0.633,990,610,1661.5,B-,Ace Trainer Omar (Elo 1888.9),Galactic Grunt Galactic Hq 3f 2 (Elo 1475.3),Skier Madison Rematch 2 (7 games),6.13,Kirlia Lv38 (Synchronize): Future Sight/Psychic/Magical Leaf/Lucky Chant | Seaking Lv39 (Swift Swim): Waterfall/Poison Jab/Supersonic/Aqua Ring | Buneary Lv38 (Run Away): Dizzy Punch/Quick Attack/Jump Kick/Shadow Ball
260,black_belt_davon_postgame,Black Belt Davon Postgame,Black Belt,455,265,0.632,1030,654,1652.1,B-,Ace Trainer Jamie (Elo 2044.6),Cyclist Nicole (Elo 1024.9),Galactic Grunt Lake Valor 1 (7 games),11.07,Tyrogue Lv54 (Guts): Tackle/Helping Hand/Fake Out/Foresight | Makuhita Lv54 (Thick Fat): Wake Up Slap/Endure/Close Combat/Reversal | Machamp Lv57 (Guts): Wake Up Slap/Cross Chop/Scary Face/Dynamic Punch
261,clown_lee_rematch_2,Clown Lee Rematch 2,Clown,454,266,0.631,980,600,1677.3,B-,Black Belt Davon (Elo 1854.1),Battle Girl Tyler (Elo 1292.4),Ace Trainer Jake (7 games),6.86,Mr Mime Lv44 (Soundproof): Recycle/Trick/Psychic/Role Play | Kadabra Lv44 (Synchronize): Psycho Cut/Role Play/Psychic/Future Sight | Ambipom Lv44 (Technician): Double Hit/Fling/Nasty Plot/Last Resort
262,gentleman_jeremy_rematch_3,Gentleman Jeremy Rematch 3,Gentleman,454,266,0.631,1001,626,1669.3,B-,Black Belt Ray Postgame (Elo 1948.5),Artist William (Elo 978.8),Black Belt Philip Rematch (7 games),5.75,Chatot Lv61 (Keen Eye): Roost/Uproar/Feather Dance/Hyper Voice
263,cyclist_kayla_rematch_3,Cyclist Kayla Rematch 3,Cyclist Female,453,267,0.629,1021,644,1623.0,B-,Lady Melissa Rematch 3 (Elo 1917.8),Beauty Gabriella (Elo 1039.6),Skier Lexie (7 games),12.37,Plusle Lv58 (Plus): Baton Pass/Agility/Last Resort/Nasty Plot | Minun Lv58 (Minus): Baton Pass/Agility/Trump Card/Nasty Plot | Raichu Lv58 (Static): Thunder Shock/Tail Whip/Quick Attack/Thunderbolt
264,sailor_luther,Sailor Luther,Sailor,451,269,0.626,981,619,1670.0,B-,Ace Trainer Brandi (Elo 1952.5),Battle Girl Tyler (Elo 1292.4),Beauty Cyndy Rematch 2 (7 games),10.53,Wingull Lv41 (Keen Eye): Quick Attack/Roost/Pursuit/Agility | Machoke Lv42 (Guts): Vital Throw/Submission/Wake Up Slap/Cross Chop | Gastrodon Lv43 (Sticky Hold): Hidden Power/Rain Dance/Body Slam/Muddy Water
265,ace_trainer_jake,Ace Trainer Jake,Ace Trainer Male,450,270,0.625,973,610,1655.1,B-,Black Belt Ray Postgame (Elo 1948.5),Fisherman Cody (Elo 1455.0),Clown Lee Rematch 2 (7 games),4.05,Staraptor Lv35 (Intimidate): Take Down/Aerial Ace/Endeavor/Quick Attack | Girafarig Lv36 (Inner Focus): Double Hit/Psychic
266,rival_pastoria_city_chimchar,Rival Pastoria City Empoleon,Rival,449,271,0.624,956,603,1662.6,B-,Skier Bjorn Rematch 2 (Elo 1950.2),Gentleman Jeremy Rematch 2 (Elo 1494.4),Skier Madison Rematch 2 (7 games),8.19,Staravia Lv34 (Intimidate): Wing Attack/Quick Attack/Endeavor/Double Team | Roselia Lv32 (Natural Cure): Mega Drain/Poison Sting/Leech Seed/Magical Leaf | Ponyta Lv32 (Run Away): Ember/Stomp/Tail Whip/Growl | Prinplup Lv36 (Torrent): Bubble Beam/Peck/Metal Claw/Growl
267,rival_pastoria_city_turtwig,Rival Pastoria City Infernape,Rival,449,271,0.624,965,610,1642.5,B-,Skier Bjorn Rematch 2 (Elo 1950.2),Clown Lee Rematch 1 (Elo 1458.8),Swimmer Sophia Postgame (7 games),7.71,Staravia Lv34 (Intimidate): Wing Attack/Quick Attack/Endeavor/Double Team | Buizel Lv32 (Swift Swim): Aqua Jet/Quick Attack/Pursuit/Growl | Roselia Lv32 (Natural Cure): Mega Drain/Poison Sting/Leech Seed/Magical Leaf | Monferno Lv36 (Blaze): Flame Wheel/Mach Punch/Fury Swipes/Leer
268,policeman_thomas,Policeman Thomas,Policeman,449,271,0.624,975,618,1638.6,B-,Swimmer Wade Postgame (Elo 1775.4),Black Belt Miles (Elo 1487.3),Galactic Grunt Mt Coronet 4f 2 (7 games),5.11,Noctowl Lv43 (Insomnia): Take Down/Air Slash/Zen Headbutt/Extrasensory | Machoke Lv43 (Guts): Vital Throw/Submission/Wake Up Slap/Cross Chop
269,ace_trainer_shannon,Ace Trainer Shannon,Ace Trainer Female,449,271,0.624,972,611,1632.3,B-,Reporter Kinsey Rematch 4 (Elo 1903.8),Guitarist Arturo Rematch 4 (Elo 1339.9),Pi Carlos Rematch 1 (7 games),6.95,Cherrim Lv34 (Flower Gift): Petal Dance/Magical Leaf/Leech Seed | Azumarill Lv34 (Thick Fat): Double Edge/Bubble Beam/Aqua Ring | Lopunny Lv35 (Cute Charm): Jump Kick/Quick Attack/Charm
270,double_team_zac_and_jen,Double Team Zac And Jen,Double Team,448,272,0.622,980,629,1655.6,B-,Ace Trainer Omar (Elo 1888.9),Socialite Reina (Elo 1247.8),Bird Keeper Geneva Postgame (7 games),3.54,Gyarados Lv36 (Intimidate): Leer/Twister/Ice Fang/Aqua Tail | Raichu Lv36 (Static): Thunder Shock/Tail Whip/Quick Attack/Thunderbolt
271,bird_keeper_hana,Bird Keeper Hana,Bird Keeper,447,273,0.621,956,605,1675.3,B-,Black Belt Ray Postgame (Elo 1948.5),Poke Kid Ariel Rematch 2 Postgame (Elo 1469.2),Leader Maylene (7 games),5.18,Noctowl Lv45 (Insomnia): Take Down/Air Slash/Zen Headbutt/Extrasensory | Togetic Lv47 (Hustle): Ancient Power/Safeguard/Baton Pass/Double Edge
272,bird_keeper_brianna_rematch_1,Bird Keeper Brianna Rematch 1,Bird Keeper,446,274,0.619,960,615,1667.9,B-,Black Belt Ray Postgame (Elo 1948.5),Swimmer Gabrielle (Elo 1455.6),Fisherman Alec (7 games),5.46,Noctowl Lv44 (Insomnia): Take Down/Air Slash/Zen Headbutt/Extrasensory | Noctowl Lv44 (Insomnia): Take Down/Air Slash/Zen Headbutt/Extrasensory
273,swimmer_wesley,Swimmer Wesley,Swimmer Male,446,274,0.619,966,621,1662.2,B-,Ranger Krista (Elo 1887.4),Guitarist Arturo Rematch 3 (Elo 1328.0),Jogger Craig Rematch 1 (7 games),6.88,Floatzel Lv43 (Swift Swim): Aqua Jet/Crunch/Agility/Whirlpool | Tentacruel Lv43 (Clear Body): Barrier/Water Pulse/Poison Jab/Screech
274,artist_william_rematch_2,Artist William Rematch 2,Artist,446,274,0.619,997,643,1643.6,B-,Ninja Boy Zach Rematch 3 (Elo 1874.2),Guitarist Arturo Rematch 1 (Elo 1293.1),Ace Trainer Garrett (7 games),6.1,Mr Mime Lv43 (Soundproof): Recycle/Trick/Psychic/Role Play | Sudowoodo Lv43 (Sturdy): Rock Tomb/Rock Slide/Slam/Sucker Punch
275,aroma_lady_elizabeth_rematch_3,Aroma Lady Elizabeth Rematch 3,Aroma Lady,445,275,0.618,976,637,1670.7,B-,Swimmer Crystal Rematch (Elo 1959.8),Youngster Donny (Elo 1184.2),Swimmer Crystal Rematch (7 games),4.46,Roserade Lv54 (Natural Cure): Poison Sting/Mega Drain/Magical Leaf/Sweet Scent
276,socialite_reina_rematch_2,Socialite Reina Rematch 2,Socialite,445,275,0.618,1006,672,1660.6,B-,Parasol Lady Alexa Rematch 3 (Elo 1952.3),Youngster Oliver (Elo 1158.3),Hiker Alexander (7 games),4.52,Roselia Lv61 (Natural Cure): Toxic/Petal Dance/Aromatherapy/Synthesis
277,rival_pastoria_city_piplup,Rival Pastoria City Torterra,Rival,445,275,0.618,981,638,1642.4,B-,Rancher Marco Rematch 2 (Elo 2053.9),Guitarist Arturo Rematch 4 (Elo 1339.9),Ruin Maniac Larry (7 games),8.31,Staravia Lv34 (Intimidate): Wing Attack/Quick Attack/Endeavor/Double Team | Buizel Lv32 (Swift Swim): Aqua Jet/Quick Attack/Pursuit/Growl | Ponyta Lv32 (Run Away): Ember/Stomp/Tail Whip/Growl | Grotle Lv36 (Overgrow): Razor Leaf/Bite/Mega Drain/Withdraw
278,fisherman_alec,Fisherman Alec,Fisherman,445,275,0.618,1038,700,1623.7,B-,Ace Trainer Mariah (Elo 1963.4),Cyclist Megan (Elo 967.0),Bird Keeper Brianna Rematch 1 (7 games),9.39,Magikarp Lv42 (Swift Swim): Splash/Tackle/Flail | Gyarados Lv45 (Intimidate): Aqua Tail/Rain Dance/Hydro Pump/Dragon Dance
279,ace_trainer_blake,Ace Trainer Blake,Ace Trainer Snow Male,444,276,0.617,947,610,1629.6,B-,Ace Trainer Dana Postgame (Elo 1889.3),Bug Catcher Brandon Rematch 2 (Elo 1479.5),Ace Trainer Savannah (7 games),6.7,Ambipom Lv39 (Technician): Double Hit/U Turn/Sand Attack/Screech | Porygon2 Lv40 (Trace): Psybeam/Signal Beam/Conversion 2/Recover
280,poke_kid_ariel_rematch_3_postgame,Poke Kid Ariel Rematch 3 Postgame,Poke Kid,443,277,0.615,976,644,1617.5,C+,Reporter Kinsey Rematch 4 (Elo 1903.8),Hiker Kevin (Elo 1157.1),Ninja Boy Zach Rematch 3 (7 games),11.49,Pichu Lv49 (Static): Tail Whip/Thunder Wave/Sweet Kiss/Nasty Plot | Pikachu Lv49 (Static): Agility/Discharge/Light Screen/Thunder | Raichu Lv49 (Static): Thunder Shock/Tail Whip/Quick Attack/Thunderbolt
281,dragon_tamer_patrick_rematch_1,Dragon Tamer Patrick Rematch 1,Dragon Tamer,440,280,0.611,943,622,1644.4,B-,Youngster Dallas Rematch 3 (Elo 2020.4),Guitarist Arturo Rematch 3 (Elo 1328.0),Ninja Boy Zach Rematch 2 (7 games),3.96,Gabite Lv46 (Sand Veil): Sand Tomb/Slash/Dragon Claw/Dig
282,rich_boy_trey,Rich Boy Trey,Rich Boy,439,281,0.61,964,654,1635.0,B-,Fisherman Miguel Rematch (Elo 1853.3),Policeman Danny (Elo 1186.8),Veteran Brian (7 games),4.4,Luxray Lv45 (Rivalry): Roar/Swagger/Thunder Fang/Crunch
283,tuber_chelsea_rematch_2,Tuber Chelsea Rematch 2,Tuber Female,439,281,0.61,971,656,1622.8,B-,Skier Bjorn Rematch 2 (Elo 1950.2),Youngster Donny (Elo 1184.2),Rich Boy Trey Rematch 1 (7 games),5.33,Azumarill Lv53 (Thick Fat): Aqua Ring/Double Edge/Rain Dance/Aqua Tail
284,riley_iron_island,Riley Iron Island,Trainer Riley,438,282,0.608,962,650,1600.5,C+,Picnicker Karina Rematch 3 (Elo 1912.7),Collector Fernando (Elo 1232.1),Black Belt Carl (7 games),3.53,Lucario Lv41 (Steadfast): Metal Claw/Force Palm/Quick Attack/Bone Rush
285,skier_bjorn_rematch_1,Skier Bjorn Rematch 1,Skier Male,437,283,0.607,952,646,1622.3,C+,Ace Trainer Deanna Postgame (Elo 1949.6),Lass Samantha Rematch 2 (Elo 1327.5),Policeman Thomas (7 games),4.87,Piloswine Lv43 (Oblivious): Ice Fang/Take Down/Fury Attack/Earthquake | Sneasel Lv43 (Inner Focus): Icy Wind/Slash/Beat Up/Metal Claw
286,policeman_danny_rematch_2,Policeman Danny Rematch 2,Policeman,436,284,0.606,941,638,1623.4,B-,Black Belt Griffin Postgame (Elo 1960.1),Ninja Boy Nathan (Elo 1438.7),Ace Trainer Breanna (7 games),5.38,Noctowl Lv42 (Insomnia): Take Down/Air Slash/Zen Headbutt/Extrasensory | Machoke Lv44 (Guts): Submission/Wake Up Slap/Cross Chop/Scary Face
287,leader_maylene,Leader Maylene,Leader Maylene,435,285,0.604,922,619,1637.6,B-,Ruin Maniac Harry Rematch 2 (Elo 1877.2),Battle Girl Tyler (Elo 1292.4),Bird Keeper Hana (7 games),6.28,Meditite Lv28 (Pure Power): Drain Punch/Confusion/Rock Tomb/Fake Out | Machoke Lv29 (Guts): Karate Chop/Rock Tomb/Strength/Focus Energy | Lucario Lv32 (Steadfast): Drain Punch/Force Palm/Metal Claw/Bone Rush
288,poke_kid_danielle_rematch_3,Poke Kid Danielle Rematch 3,Poke Kid,435,285,0.604,971,673,1606.9,C+,Cyclist John Rematch 3 (Elo 1975.6),Hiker Kevin (Elo 1157.1),Hiker Kevin (7 games),4.41,Raichu Lv53 (Static): Thunder Shock/Tail Whip/Quick Attack/Thunderbolt
289,swimmer_troy,Swimmer Troy,Swimmer Male,434,286,0.603,1023,729,1623.6,B-,Ace Trainer Jamie (Elo 2044.6),Scientist Travon (Elo 1079.8),Ace Trainer Alicia (7 games),4.99,Gyarados Lv45 (Intimidate): Aqua Tail/Rain Dance/Hydro Pump/Dragon Dance
290,ranger_allison_rematch_1,Ranger Allison Rematch 1,Ranger Female,432,288,0.6,923,633,1622.0,C+,Tuber Jared Rematch 2 (Elo 1868.2),Ninja Boy Matthew (Elo 1424.8),Galactic Grunt Mt Coronet 6f (7 games),6.53,Azumarill Lv35 (Thick Fat): Rollout/Bubble Beam/Aqua Ring/Double Edge | Leafeon Lv35 (Leaf Guard): Sand Attack/Razor Leaf/Quick Attack/Synthesis
291,battle_girl_helen_rematch_2,Battle Girl Helen Rematch 2,Battle Girl,432,288,0.6,965,680,1603.1,C+,Ace Trainer Mariah (Elo 1963.4),School Kid Chance (Elo 1021.5),Lass Madeline Rematch 3 (7 games),5.58,Medicham Lv44 (Pure Power): Force Palm/Hi Jump Kick/Psych Up/Power Trick | Machoke Lv44 (Guts): Submission/Wake Up Slap/Cross Chop/Scary Face
292,swimmer_sheltin,Swimmer Sheltin,Swimmer Male,430,290,0.597,944,664,1645.8,B-,Ace Trainer Graham Postgame (Elo 1827.0),Poke Kid Danielle Rematch 2 (Elo 1218.5),Ace Trainer Isaiah (7 games),9.21,Gyarados Lv32 (Intimidate): Dragon Rage/Leer/Twister/Ice Fang | Gyarados Lv32 (Intimidate): Dragon Rage/Leer/Twister/Ice Fang | Gyarados Lv32 (Intimidate): Dragon Rage/Leer/Twister/Ice Fang
293,swimmer_oscar,Swimmer Oscar,Swimmer Male,429,291,0.596,933,661,1605.7,C+,Dragon Tamer Hayden (Elo 1932.3),Guitarist Arturo Rematch 4 (Elo 1339.9),Lass Madeline Rematch 3 (7 games),9.72,Mantyke Lv41 (Swift Swim): Water Pulse/Take Down/Confuse Ray/Bounce | Remoraid Lv42 (Hustle): Bullet Seed/Water Pulse/Signal Beam/Ice Beam | Mantine Lv43 (Swift Swim): Water Pulse/Take Down/Confuse Ray/Bounce
294,swimmer_colton,Swimmer Colton,Swimmer Male,427,293,0.593,938,671,1597.4,C+,Double Team Jo And Pat (Elo 1784.2),Socialite Reina (Elo 1247.8),Galactic Grunt Spear Pillar 1 (7 games),11.65,Wingull Lv40 (Keen Eye): Quick Attack/Roost/Pursuit/Agility | Octillery Lv44 (Suction Cups): Octazooka/Bullet Seed/Wring Out/Signal Beam | Pelipper Lv44 (Keen Eye): Stockpile/Swallow/Spit Up/Fling
295,ruin_maniac_harry_rematch_1,Ruin Maniac Harry Rematch 1,Ruin Maniac,426,294,0.592,937,676,1626.7,B-,Ninja Boy Zach Rematch 3 (Elo 1874.2),Battle Girl Tyler (Elo 1292.4),Worker Brendon (7 games),11.57,Bronzor Lv44 (Levitate): Safeguard/Gyro Ball/Future Sight/Faint Attack | Shieldon Lv41 (Sturdy): Swagger/Ancient Power/Endure/Metal Burst | Cranidos Lv41 (Mold Breaker): Assurance/Ancient Power/Zen Headbutt/Screech
296,lass_madeline_rematch_3,Lass Madeline Rematch 3,Lass,425,295,0.59,956,689,1591.4,C+,Pi Carlos Rematch 2 (Elo 1809.3),Reporter Kinsey (Elo 1125.9),Ace Trainer Allen (7 games),7.96,Golduck Lv43 (Damp): Water Pulse/Fury Swipes/Screech/Psych Up | Lopunny Lv43 (Cute Charm): Baton Pass/Agility/Dizzy Punch/Charm
297,guitarist_preston,Guitarist Preston,Guitarist,423,297,0.588,945,697,1592.3,C+,Interviewers Roxy And Oli Rematch 4 (Elo 1923.5),Lass Samantha Rematch 2 (Elo 1327.5),Cyclist John Rematch 1 (7 games),5.44,Luxio Lv45 (Rivalry): Swagger/Thunder Fang/Crunch/Scary Face | Luxio Lv45 (Rivalry): Swagger/Thunder Fang/Crunch/Scary Face
298,galactic_grunt_galactic_hq_2f_2,Galactic Grunt Galactic Hq 2f 2,Galactic Grunt Male,422,298,0.586,901,654,1623.1,B-,Black Belt Davon (Elo 1854.1),Veteran Emanuel (Elo 1366.7),Scientist Darrius (7 games),6.9,Golbat Lv40 (Inner Focus): Confuse Ray/Air Cutter/Mean Look/Poison Fang | Golbat Lv38 (Inner Focus): Wing Attack/Confuse Ray/Air Cutter/Mean Look
299,scientist_darrius,Scientist Darrius,Scientist,421,299,0.585,912,667,1636.9,B-,Camper Zackary Rematch 3 (Elo 1907.1),Guitarist Tony (Elo 1376.9),Galactic Grunt Mt Coronet 5f 1 (7 games),3.52,Porygon2 Lv42 (Trace): Psychic/Signal Beam/Ice Beam/Tri Attack
300,ace_trainer_breanna,Ace Trainer Breanna,Ace Trainer Female,415,305,0.576,911,691,1602.4,C+,Ace Trainer Jonah (Elo 1748.4),Galactic Grunt Lake Verity 4 (Elo 1261.3),Policeman Danny Rematch 2 (7 games),12.06,Bronzor Lv35 (Levitate): Gyro Ball/Extrasensory/Confuse Ray | Bronzor Lv36 (Levitate): Gyro Ball/Extrasensory/Confuse Ray | Bronzor Lv38 (Levitate): Gyro Ball/Extrasensory/Confuse Ray
301,hiker_alexander,Hiker Alexander,Hiker,415,305,0.576,928,708,1596.9,C+,Ace Trainer Jasmin Postgame (Elo 1991.5),Cameraman Tevin (Elo 1029.1),Socialite Reina Rematch 2 (7 games),6.61,Graveler Lv38 (Rock Head): Rollout/Rock Blast/Earthquake/Explosion | Probopass Lv40 (Sturdy): Block/Thunder Wave/Rock Slide/Sandstorm
302,swimmer_ricardo,Swimmer Ricardo,Swimmer Male,415,305,0.576,938,721,1596.6,C+,Dragon Tamer Hayden (Elo 1932.3),Black Belt Derek (Elo 1107.7),Double Team Zac And Jen (7 games),5.77,Tentacruel Lv45 (Clear Body): Barrier/Water Pulse/Poison Jab/Screech
303,galactic_grunt_mt_coronet_6f,Galactic Grunt Mt Coronet 6f,Galactic Grunt Female,415,305,0.576,913,697,1595.4,C+,Bird Keeper Krystal Postgame (Elo 1924.3),Guitarist Arturo Rematch 3 (Elo 1328.0),Ranger Allison Rematch 1 (7 games),7.64,Golbat Lv39 (Inner Focus): Confuse Ray/Air Cutter/Mean Look/Poison Fang | Croagunk Lv40 (Anticipation): Mud Bomb/Sucker Punch/Nasty Plot/Poison Jab | Murkrow Lv41 (Insomnia): Assurance/Taunt/Faint Attack/Mean Look
304,rancher_marco_rematch_1,Rancher Marco Rematch 1,Rancher,414,306,0.575,905,688,1609.2,C+,Bug Catcher Brandon Rematch 3 (Elo 1893.7),Ranger Taylor (Elo 1379.3),Tuber Chelsea Rematch 1 (7 games),6.06,Ponyta Lv42 (Run Away): Take Down/Agility/Fire Blast/Bounce | Rapidash Lv44 (Run Away): Take Down/Agility/Fire Blast/Fury Attack
305,ace_trainer_laura,Ace Trainer Laura,Ace Trainer Snow Female,414,306,0.575,898,681,1594.7,C+,Black Belt Ray Postgame (Elo 1948.5),Skier Madison (Elo 1249.5),Skier Madison Rematch 1 (7 games),3.76,Tropius Lv42 (Chlorophyll): Air Slash/Body Slam/Magical Leaf/Sweet Scent
306,swimmer_francisco,Swimmer Francisco,Swimmer Male,414,306,0.575,925,708,1586.4,C+,Swimmer Joanna Postgame (Elo 1825.8),Black Belt Kendal (Elo 1326.1),Double Team Zac And Jen (7 games),6.33,Tentacool Lv41 (Clear Body): Water Pulse/Poison Jab/Screech/Hydro Pump | Golduck Lv45 (Damp): Fury Swipes/Screech/Psych Up/Zen Headbutt
307,youngster_tristan_rematch_3,Youngster Tristan Rematch 3,Youngster,413,307,0.574,940,730,1579.3,C+,Breeder Jennifer Rematch 3 (Elo 1875.7),Ruin Maniac Calvin (Elo 1187.1),Guitarist Arturo Rematch 4 (7 games),3.47,Staraptor Lv45 (Intimidate): Aerial Ace/Take Down/Close Combat/Agility
308,idol_grace_rematch_2,Idol Grace Rematch 2,Idol,412,308,0.572,876,670,1608.1,C+,Ace Trainer Dennis Rematch 1 (Elo 1853.5),Ace Trainer Catherine (Elo 1309.4),Rancher Marco Rematch 1 (7 games),15.48,Clefairy Lv43 (Cute Charm): Gravity/Moonlight/Light Screen/Meteor Mash | Clefairy Lv43 (Cute Charm): Gravity/Moonlight/Light Screen/Meteor Mash | Clefairy Lv43 (Cute Charm): Gravity/Moonlight/Light Screen/Meteor Mash | Clefairy Lv43 (Cute Charm): Gravity/Moonlight/Light Screen/Meteor Mash
309,ranger_taylor_rematch_1,Ranger Taylor Rematch 1,Ranger Male,411,309,0.571,909,697,1593.4,C+,Swimmer Glenn Rematch Postgame (Elo 1859.6),Hiker Theodore Rematch 1 (Elo 1351.8),Cyclist John Rematch 2 (7 games),6.67,Carnivine Lv34 (Levitate): Faint Attack/Stockpile/Spit Up/Swallow | Luxray Lv36 (Rivalry): Bite/Roar/Swagger/Thunder Fang
310,galactic_grunt_mt_coronet_4f_1,Galactic Grunt Mt Coronet 4f 1,Galactic Grunt Male,411,309,0.571,883,679,1585.0,C+,Interviewers Roxy And Oli Rematch 4 (Elo 1923.5),Tuber Jacky (Elo 1268.7),Swimmer Aubree (7 games),7.74,Houndour Lv40 (Early Bird): Beat Up/Fire Fang/Faint Attack/Embargo | Golbat Lv40 (Inner Focus): Confuse Ray/Air Cutter/Mean Look/Poison Fang | Houndour Lv40 (Early Bird): Beat Up/Fire Fang/Faint Attack/Embargo
311,skier_andrea_rematch_1,Skier Andrea Rematch 1,Skier Female,411,309,0.571,913,706,1571.9,C+,Sailor Zachariah Rematch (Elo 1939.2),Ninja Boy Brennan (Elo 1195.4),Galactic Grunt Mt Coronet 5f 2 (7 games),3.89,Abomasnow Lv45 (Snow Warning): Mist/Ice Shard/Ingrain/Wood Hammer
312,pi_carlos_rematch_1,Pi Carlos Rematch 1,Pi,411,309,0.571,931,727,1554.3,C+,Ace Trainer Mariah (Elo 1963.4),School Kid Chance (Elo 1021.5),Ace Trainer Shannon (7 games),5.33,Seaking Lv48 (Swift Swim): Horn Drill/Flail
313,swimmer_aubree,Swimmer Aubree,Swimmer Female,409,311,0.568,902,711,1554.0,C+,Ace Trainer Maria (Elo 1747.5),Youngster Donny (Elo 1184.2),Sailor Luther (7 games),8.79,Bibarel Lv43 (Simple): Yawn/Amnesia/Take Down/Super Fang | Azumarill Lv43 (Thick Fat): Bubble Beam/Aqua Ring/Double Edge/Rain Dance
314,worker_brendon,Worker Brendon,Worker,408,312,0.567,912,720,1572.2,C+,Collector Ivan Rematch (Elo 1843.4),Psychic Abigail (Elo 1270.1),Ruin Maniac Harry Rematch 1 (7 games),4.94,Geodude Lv33 (Rock Head): Rollout/Rock Blast/Earthquake/Explosion | Geodude Lv33 (Rock Head): Rollout/Rock Blast/Earthquake/Explosion | Machoke Lv36 (Guts): Revenge/Vital Throw/Submission/Wake Up Slap
315,black_belt_philip_rematch,Black Belt Philip Rematch,Black Belt,407,313,0.565,970,786,1583.8,C+,Ace Trainer Mariah (Elo 1963.4),School Kid Chance (Elo 1021.5),Gentleman Jeremy Rematch 3 (7 games),6.47,Machamp Lv55 (Guts): Wake Up Slap/Cross Chop/Scary Face/Dynamic Punch
316,jogger_craig_rematch_1,Jogger Craig Rematch 1,Jogger,407,313,0.565,925,742,1580.3,C+,Rich Boy Trey Rematch 2 (Elo 1857.9),Policeman Bobby (Elo 1165.0),Skier Madison Rematch 2 (7 games),5.66,Luxio Lv43 (Rivalry): Swagger/Thunder Fang/Crunch/Scary Face | Luxio Lv43 (Rivalry): Swagger/Thunder Fang/Crunch/Scary Face
317,guitarist_lonnie,Guitarist Lonnie,Guitarist,407,313,0.565,945,764,1552.7,C+,Bird Keeper Audrey Rematch Postgame (Elo 1880.6),Hiker Theodore (Elo 1093.2),Swimmer Sophia Postgame (7 games),4.36,Raichu Lv47 (Static): Thunderbolt/Slam/Thunder Wave/Quick Attack
318,black_belt_carl,Black Belt Carl,Black Belt,403,317,0.56,917,747,1562.3,C+,Ace Trainer Ruben (Elo 2042.6),Reporter Kinsey (Elo 1125.9),Galactic Grunt Celestic Town (7 games),8.68,Tyrogue Lv55 (Guts): Tackle/Helping Hand/Fake Out/Foresight | Hitmonlee Lv59 (Limber): Endure/Mega Kick/Close Combat/Reversal
319,psychic_mitchell_rematch_1,Psychic Mitchell Rematch 1,Psychic Male,403,317,0.56,872,701,1552.8,C+,Dragon Tamer Darien (Elo 2024.6),Parasol Lady Alexa (Elo 1266.9),Jogger Craig Rematch 1 (7 games),6.35,Dusclops Lv44 (Pressure): Curse/Will O Wisp/Shadow Punch/Mean Look | Kadabra Lv44 (Synchronize): Psycho Cut/Role Play/Psychic/Future Sight
320,black_belt_david,Black Belt David,Black Belt,399,321,0.554,907,755,1548.2,C,Bird Keeper Audrey Rematch Postgame (Elo 1880.6),School Kid Chance (Elo 1021.5),Bird Keeper Brianna Rematch 1 (7 games),9.91,Steelix Lv35 (Rock Head): Iron Tail/Rock Slide/Sandstorm/Screech | Steelix Lv37 (Rock Head): Iron Tail/Rock Slide/Sandstorm/Screech
321,veteran_brian,Veteran Brian,Veteran,397,323,0.551,872,722,1573.4,C+,Swimmer Wade Postgame (Elo 1775.4),Guitarist Arturo Rematch 3 (Elo 1328.0),Rich Boy Trey (7 games),6.1,Tangela Lv32 (Chlorophyll): Ingrain/Giga Drain/Ancient Power/Toxic | Ponyta Lv32 (Run Away): Fire Spin/Stomp/Take Down | Buizel Lv32 (Swift Swim): Aqua Jet/Whirlpool/Pursuit/Quick Attack
322,cameraman_tevin_rematch_1,Cameraman Tevin Rematch 1,Cameraman,397,323,0.551,865,718,1562.4,C+,Ace Trainer Ernest (Elo 1689.7),Black Belt Kendal (Elo 1326.1),Swimmer Paige (7 games),9.63,Magnemite Lv30 (Magnet Pull): Thunder Wave/Spark/Lock On/Magnet Bomb | Mr Mime Lv32 (Soundproof): Reflect/Psybeam/Substitute/Recycle | Machoke Lv34 (Guts): Seismic Toss/Revenge/Vital Throw/Submission
323,skier_lexie,Skier Lexie,Skier Female,394,326,0.547,870,730,1534.3,C,Dragon Tamer Ondrej (Elo 1765.0),Ninja Boy Fabian (Elo 1270.7),Cyclist Kayla Rematch 3 (7 games),5.85,Piloswine Lv37 (Oblivious): Icy Wind/Ice Fang/Take Down/Fury Attack | Glaceon Lv37 (Snow Cloak): Icy Wind/Quick Attack/Bite/Ice Shard
324,youngster_dallas_rematch_2,Youngster Dallas Rematch 2,Youngster,392,328,0.544,865,740,1541.0,C,Reporter Kinsey Rematch 4 (Elo 1903.8),Ruin Maniac Ronald (Elo 1133.5),Reporter Kinsey Rematch 3 (7 games),6.63,Luxio Lv32 (Rivalry): Spark/Bite/Roar/Swagger | Bibarel Lv32 (Simple): Water Gun/Headbutt/Hyper Fang/Yawn | Graveler Lv32 (Rock Head): Magnitude/Selfdestruct/Rollout/Rock Blast
325,galactic_grunt_lake_verity_2,Galactic Grunt Lake Verity 2,Galactic Grunt Female,391,329,0.543,847,718,1537.7,C,Psychic Daisy Rematch Postgame (Elo 1906.0),Ninja Boy Fabian (Elo 1270.7),Swimmer Cassandra (7 games),8.26,Glameow Lv33 (Limber): Fury Swipes/Faint Attack/Growl/Fake Out | Golbat Lv33 (Inner Focus): Air Cutter/Wing Attack/Bite/Supersonic | Murkrow Lv36 (Insomnia): Faint Attack/Night Shade/Wing Attack
326,skier_edward_rematch_2,Skier Edward Rematch 2,Skier Male,390,330,0.542,883,767,1556.9,C+,Psychic Abigail Rematch 2 (Elo 1967.3),Youngster Tristan Rematch 1 (Elo 1025.5),Galactic Grunt Spear Pillar 1 (7 games),4.06,Sneasel Lv54 (Inner Focus): Slash/Beat Up/Metal Claw/Ice Shard
327,fisherman_miguel,Fisherman Miguel,Fisherman,389,331,0.54,851,742,1536.6,C,Ace Trainer Sydney (Elo 1887.6),Camper Parker (Elo 1125.1),Black Belt Philip Rematch (7 games),7.63,Gyarados Lv33 (Intimidate): Dragon Rage/Leer/Twister/Ice Fang | Gyarados Lv33 (Intimidate): Dragon Rage/Leer/Twister/Ice Fang
328,galactic_grunt_mt_coronet_5f_1,Galactic Grunt Mt Coronet 5f 1,Galactic Grunt Male,387,333,0.537,873,761,1538.7,C,Lady Melissa Rematch 3 (Elo 1917.8),Poke Kid Danielle Rematch 2 (Elo 1218.5),Skier Andrea Rematch 2 (7 games),7.08,Glameow Lv41 (Limber): Assist/Captivate/Slash/Sucker Punch | Golbat Lv41 (Inner Focus): Confuse Ray/Air Cutter/Mean Look/Poison Fang
329,galactic_grunt_mt_coronet_tunnel_room_1,Galactic Grunt Mt Coronet Tunnel Room 1,Galactic Grunt Male,386,334,0.536,856,750,1577.5,C+,Psychic Daisy Rematch Postgame (Elo 1906.0),School Kid Mackenzie (Elo 1160.0),Youngster Dallas Rematch 2 (7 games),6.86,Croagunk Lv38 (Anticipation): Mud Bomb/Sucker Punch/Nasty Plot/Poison Jab | Stunky Lv40 (Stench): Slash/Toxic/Night Slash/Memento | Croagunk Lv42 (Anticipation): Mud Bomb/Sucker Punch/Nasty Plot/Poison Jab
330,galactic_grunt_mt_coronet_4f_2,Galactic Grunt Mt Coronet 4f 2,Galactic Grunt Male,385,335,0.535,871,769,1550.1,C+,Ace Trainer Graham Postgame (Elo 1827.0),Ruin Maniac Ronald (Elo 1133.5),Black Belt Davon Postgame (7 games),6.27,Stunky Lv42 (Stench): Slash/Toxic/Night Slash/Memento | Golbat Lv40 (Inner Focus): Confuse Ray/Air Cutter/Mean Look/Poison Fang
331,galactic_grunt_mt_coronet_tunnel_room_3,Galactic Grunt Mt Coronet Tunnel Room 3,Galactic Grunt Female,385,335,0.535,851,749,1536.4,C,Psychic Abigail Rematch 2 (Elo 1967.3),Guitarist Arturo Rematch 4 (Elo 1339.9),Skier Andrea Rematch 1 (7 games),6.12,Murkrow Lv39 (Insomnia): Night Shade/Assurance/Taunt/Faint Attack | Glameow Lv42 (Limber): Assist/Captivate/Slash/Sucker Punch | Murkrow Lv39 (Insomnia): Night Shade/Assurance/Taunt/Faint Attack
332,swimmer_paige,Swimmer Paige,Swimmer Female,385,335,0.535,873,774,1529.1,C,Ranger Krista (Elo 1887.4),Aroma Lady Elizabeth Rematch 2 (Elo 1301.0),Hiker Theodore Rematch 2 (7 games),10.51,Marill Lv41 (Thick Fat): Aqua Ring/Double Edge/Rain Dance/Aqua Tail | Wingull Lv42 (Keen Eye): Roost/Pursuit/Agility/Aerial Ace | Golduck Lv43 (Damp): Water Pulse/Fury Swipes/Screech/Psych Up
333,swimmer_mallory_postgame,Swimmer Mallory Postgame,Swimmer Female,384,336,0.533,848,755,1535.8,C,Ruin Maniac Larry (Elo 1811.0),Cyclist John (Elo 1043.3),Guitarist Jerry (7 games),6.77,Surskit Lv52 (Swift Swim): Agility/Mist/Haze/Baton Pass | Lombre Lv54 (Swift Swim): Bubble Beam/Zen Headbutt/Uproar/Hydro Pump
334,camper_lawrence,Camper Lawrence,Camper,380,340,0.528,838,762,1527.2,C,Psychic Brittney Rematch (Elo 1988.0),Black Belt Kendal (Elo 1326.1),Poke Kid Meghan (7 games),5.65,Aipom Lv34 (Run Away): Swift/Screech/Agility/Double Hit | Floatzel Lv36 (Swift Swim): Swift/Aqua Jet/Crunch/Agility
335,lady_melissa_rematch_2,Lady Melissa Rematch 2,Lady,379,341,0.526,864,791,1555.8,C+,Tuber Jared Rematch 2 (Elo 1868.2),Youngster Donny (Elo 1184.2),Galactic Grunt Galactic Hq B2f 2 (7 games),4.54,Cherrim Lv45 (Flower Gift): Solar Beam/Sunny Day/Leech Seed/Magical Leaf
336,swimmer_crystal,Swimmer Crystal,Swimmer Female,379,341,0.526,859,782,1522.7,C,Psychic Landon (Elo 1800.3),Guitarist Arturo Rematch 3 (Elo 1328.0),Fisherman Erick (7 games),8.14,Wingull Lv42 (Keen Eye): Roost/Pursuit/Agility/Aerial Ace | Seaking Lv44 (Swift Swim): Flail/Aqua Ring/Fury Attack/Waterfall
337,poke_kid_meghan,Poke Kid Meghan,Poke Kid,379,341,0.526,844,771,1497.7,C,Fisherman Alec Rematch (Elo 1739.9),Hiker Kevin (Elo 1157.1),Camper Lawrence (7 games),9.37,Pikachu Lv42 (Static): Feint/Agility/Discharge/Light Screen | Pikachu Lv42 (Static): Feint/Agility/Discharge/Light Screen | Pikachu Lv42 (Static): Feint/Agility/Discharge/Light Screen | Pikachu Lv42 (Static): Feint/Agility/Discharge/Light Screen
338,ace_trainer_alyssa,Ace Trainer Alyssa,Ace Trainer Female,378,342,0.525,816,747,1513.1,C,Ace Trainer Isaiah (Elo 1704.1),Guitarist Arturo Rematch 3 (Elo 1328.0),Swimmer Crystal (7 games),6.85,Aipom Lv32 (Run Away): Swift/Water Pulse/Shock Wave/Aerial Ace | Girafarig Lv32 (Inner Focus): Double Hit/Psybeam/Assurance/Light Screen | Grotle Lv33 (Overgrow): Mega Drain/Bite/Curse
339,picnicker_summer,Picnicker Summer,Picnicker,378,342,0.525,841,767,1510.2,C,Bird Keeper Audrey Rematch Postgame (Elo 1880.6),Hiker Reginald (Elo 1091.0),Swimmer Gabrielle (7 games),3.15,Raichu Lv37 (Static): Thunder Shock/Tail Whip/Quick Attack/Thunderbolt
340,sailor_paul,Sailor Paul,Sailor,377,343,0.524,840,772,1523.0,C,Swimmer Wade Postgame (Elo 1775.4),Aroma Lady Elizabeth Rematch 2 (Elo 1301.0),Tuber Chelsea Rematch 1 (7 games),9.3,Tentacool Lv31 (Clear Body): Bubble Beam/Wrap/Barrier/Water Pulse | Pelipper Lv31 (Keen Eye): Water Pulse/Payback/Protect/Roost | Machoke Lv34 (Guts): Seismic Toss/Revenge/Vital Throw/Submission
341,cyclist_kayla_rematch_2,Cyclist Kayla Rematch 2,Cyclist Female,376,344,0.522,882,818,1514.0,C,Fisherman Cole (Elo 1837.0),Hiker Justin (Elo 1082.6),Leader Fantina (7 games),4.4,Raichu Lv45 (Static): Thunder Shock/Tail Whip/Quick Attack/Thunderbolt
342,galactic_grunt_galactic_hq_2f_1,Galactic Grunt Galactic Hq 2f 1,Galactic Grunt Male,375,345,0.521,810,749,1536.4,C,Psychic Daisy Rematch Postgame (Elo 1906.0),Swimmer Erik (Elo 1334.0),Galactic Grunt Galactic Hq 3f 4 (7 games),7.67,Glameow Lv37 (Limber): Charm/Assist/Captivate/Slash | Murkrow Lv38 (Insomnia): Night Shade/Assurance/Taunt/Faint Attack | Croagunk Lv39 (Anticipation): Mud Bomb/Sucker Punch/Nasty Plot/Poison Jab
343,galactic_grunt_galactic_hq_2f_3,Galactic Grunt Galactic Hq 2f 3,Galactic Grunt Female,373,347,0.518,844,790,1500.0,C,Psychic Daisy Rematch Postgame (Elo 1906.0),Black Belt Derek (Elo 1107.7),Camper Lawrence (7 games),6.45,Golbat Lv39 (Inner Focus): Confuse Ray/Air Cutter/Mean Look/Poison Fang | Houndour Lv39 (Early Bird): Odor Sleuth/Beat Up/Fire Fang/Faint Attack
344,gentleman_jeremy_rematch_2,Gentleman Jeremy Rematch 2,Gentleman,372,348,0.517,822,777,1494.4,C,Ranger Allison Rematch 2 (Elo 1749.8),Artist William (Elo 978.8),Skier Shawn (7 games),5.23,Chatot Lv45 (Keen Eye): Roost/Uproar/Feather Dance/Hyper Voice
345,artist_william_rematch_1,Artist William Rematch 1,Artist,369,351,0.512,803,770,1504.7,C,Poke Kid Ariel Rematch 4 Postgame (Elo 1730.6),Black Belt Ricky (Elo 1178.5),Jogger Craig Rematch 1 (7 games),6.94,Mr Mime Lv33 (Soundproof): Reflect/Psybeam/Substitute/Recycle | Sudowoodo Lv33 (Sturdy): Block/Faint Attack/Rock Tomb/Rock Slide
346,worker_quentin,Worker Quentin,Worker,369,351,0.512,827,792,1502.9,C,Bird Keeper Audrey Rematch Postgame (Elo 1880.6),Aroma Lady Elizabeth Rematch 1 (Elo 1151.0),Picnicker Karina Rematch 2 (7 games),7.58,Magnemite Lv34 (Magnet Pull): Spark/Lock On/Magnet Bomb/Screech | Machop Lv34 (Guts): Revenge/Vital Throw/Submission/Wake Up Slap | Graveler Lv34 (Rock Head): Selfdestruct/Rollout/Rock Blast/Earthquake
347,galactic_grunt_mt_coronet_tunnel_room_2,Galactic Grunt Mt Coronet Tunnel Room 2,Galactic Grunt Male,367,353,0.51,832,803,1498.8,C,Swimmer Wade Postgame (Elo 1775.4),Black Belt Derek (Elo 1107.7),Fisherman Cody (7 games),5.15,Golbat Lv43 (Inner Focus): Confuse Ray/Air Cutter/Mean Look/Poison Fang
348,leader_fantina,Leader Fantina,Leader Fantina,366,354,0.508,813,782,1490.4,C,Black Belt Davon (Elo 1854.1),Socialite Rebecca (Elo 1143.8),Cyclist Kayla Rematch 2 (7 games),8.9,Duskull Lv24 (Levitate): Will O Wisp/Pursuit/Shadow Sneak/Future Sight | Haunter Lv24 (Levitate): Shadow Claw/Sucker Punch/Hypnosis/Confuse Ray | Mismagius @ Sitrus Berry Lv26 (Levitate): Shadow Ball/Psybeam/Magical Leaf/Confuse Ray
349,skier_shawn,Skier Shawn,Skier Male,365,355,0.507,836,813,1528.3,C,Swimmer Glenn Postgame (Elo 1750.7),Camper Anthony (Elo 973.1),Galactic Grunt Celestic Town (7 games),7.25,Snover Lv35 (Snow Warning): Swagger/Mist/Ice Shard/Ingrain | Snover Lv36 (Snow Warning): Mist/Ice Shard/Ingrain/Wood Hammer | Snover Lv37 (Snow Warning): Mist/Ice Shard/Ingrain/Wood Hammer
350,ninja_boy_zach_rematch_1,Ninja Boy Zach Rematch 1,Ninja Boy,364,356,0.506,790,772,1490.4,C,Psychic Maxwell (Elo 1823.2),Ruin Maniac Ronald (Elo 1133.5),Galactic Grunt Galactic Hq 2f 3 (7 games),8.4,Zubat Lv32 (Inner Focus): Wing Attack/Confuse Ray/Air Cutter/Mean Look | Golbat Lv32 (Inner Focus): Bite/Wing Attack/Confuse Ray/Air Cutter | Golbat Lv32 (Inner Focus): Bite/Wing Attack/Confuse Ray/Air Cutter
351,tuber_chelsea_rematch_1,Tuber Chelsea Rematch 1,Tuber Female,363,357,0.504,810,801,1482.5,C,Skier Madison Rematch 2 (Elo 1648.7),Poke Kid Danielle Rematch 1 (Elo 1146.8),Worker Jackson (7 games),5.29,Azumarill Lv44 (Thick Fat): Bubble Beam/Aqua Ring/Double Edge/Rain Dance
352,cyclist_john_rematch_1,Cyclist John Rematch 1,Cyclist Male,362,358,0.503,819,810,1498.9,C,Reporter Kinsey Rematch 4 (Elo 1903.8),Poke Kid Danielle Rematch 1 (Elo 1146.8),Guitarist Preston (7 games),6.95,Staravia Lv32 (Intimidate): Double Team/Endeavor/Whirlwind/Aerial Ace | Staraptor Lv34 (Intimidate): Whirlwind/Aerial Ace/Take Down/Close Combat
353,school_kid_tiera,School Kid Tiera,School Kid Female,361,359,0.501,817,812,1506.2,C,Rich Boy Trey Rematch 2 (Elo 1857.9),Hiker Lorenzo (Elo 1032.0),Galactic Grunt Lake Valor 2 (7 games),6.05,Pachirisu Lv47 (Run Away): Last Resort/Super Fang/Discharge/Sweet Kiss
354,scientist_fredrick,Scientist Fredrick,Scientist,361,359,0.501,801,794,1497.2,C,Ace Trainer Graham Postgame (Elo 1827.0),Galactic Grunt Veilstone City 1 (Elo 1141.3),Veteran Brian (7 games),5.45,Kirlia Lv40 (Synchronize): Psychic/Magical Leaf/Hypnosis/Future Sight | Kadabra Lv40 (Synchronize): Psychic/Psycho Cut/Thunder Wave/Recover
355,black_belt_luke,Black Belt Luke,Black Belt,361,359,0.501,813,815,1477.0,C-,Psychic Landon (Elo 1800.3),Lass Molly (Elo 1105.2),Beauty Nicola (7 games),8.19,Croagunk Lv37 (Anticipation): Swagger/Mud Bomb/Sucker Punch/Nasty Plot | Riolu Lv37 (Steadfast): Feint/Reversal/Screech/Copycat | Machoke Lv37 (Guts): Revenge/Vital Throw/Submission/Wake Up Slap
356,swimmer_cassandra,Swimmer Cassandra,Swimmer Female,359,361,0.499,789,790,1511.4,C,Ace Trainer Graham Postgame (Elo 1827.0),Collector Terry (Elo 1034.2),Galactic Grunt Lake Verity 2 (7 games),20.77,Lumineon Lv44 (Swift Swim): Captivate/Safeguard/Aqua Ring/Whirlpool | Pelipper Lv42 (Keen Eye): Roost/Stockpile/Swallow/Spit Up
357,bug_catcher_brandon_rematch_2,Bug Catcher Brandon Rematch 2,Bug Catcher,359,361,0.499,785,793,1479.5,C-,Beauty Cyndy Rematch 2 (Elo 1703.1),Collector Ivan (Elo 1158.8),Leader Fantina (7 games),11.84,Dustox Lv30 (Shield Dust): Protect/Moonlight/Psybeam/Whirlwind | Kricketune Lv32 (Swarm): Sing/Focus Energy/Slash/X Scissor | Scyther Lv34 (Swarm): Wing Attack/Fury Cutter/Slash/Razor Wind
358,fisherman_erick,Fisherman Erick,Fisherman,358,362,0.497,790,793,1478.8,C-,Psychic Maxwell (Elo 1823.2),Collector Ivan (Elo 1158.8),Ruin Maniac Harry (7 games),9.02,Goldeen Lv28 (Swift Swim): Water Pulse/Peck/Flail/Supersonic | Seaking Lv31 (Swift Swim): Water Pulse/Fury Attack/Flail/Supersonic | Gyarados Lv31 (Intimidate): Thrash/Bite
359,galactic_grunt_galactic_hq_3f_2,Galactic Grunt Galactic Hq 3f 2,Galactic Grunt Male,358,362,0.497,791,803,1475.3,C-,Psychic Daisy Rematch Postgame (Elo 1906.0),Black Belt Colby (Elo 1150.3),Worker Gerardo (7 games),5.13,Murkrow Lv39 (Insomnia): Night Shade/Assurance/Taunt/Faint Attack | Stunky Lv39 (Stench): Slash/Toxic/Night Slash/Memento
360,rival_route_209_chimchar,Rival Route 209 Empoleon,Rival,354,366,0.492,798,825,1493.3,C,Ace Trainer Kassandra Postgame (Elo 2057.8),Gentleman Jeremy Rematch 1 (Elo 1235.4),Swimmer Crystal (7 games),9.31,Staravia Lv25 (Intimidate): Wing Attack/Quick Attack/Endeavor/Double Team | Roselia Lv23 (Natural Cure): Mega Drain/Poison Sting/Leech Seed/Stun Spore | Ponyta Lv23 (Run Away): Ember/Tackle/Tail Whip/Growl | Prinplup Lv27 (Torrent): Bubble Beam/Peck/Metal Claw/Growl
361,galactic_grunt_iron_island_1,Galactic Grunt Iron Island 1,Galactic Grunt Male,353,367,0.49,780,812,1484.4,C,Black Belt Ray Postgame (Elo 1948.5),Scientist Emilio (Elo 1190.6),Skier Madison Rematch 1 (7 games),8.6,Zubat Lv34 (Inner Focus): Confuse Ray/Air Cutter/Mean Look/Poison Fang | Houndour Lv34 (Early Bird): Bite/Odor Sleuth/Beat Up/Fire Fang | Golbat Lv34 (Inner Focus): Wing Attack/Confuse Ray/Air Cutter/Mean Look
362,worker_jackson,Worker Jackson,Worker,353,367,0.49,783,813,1482.3,C-,Swimmer Sophia Postgame (Elo 1708.8),Black Belt Ricky (Elo 1178.5),Tuber Chelsea Rematch 1 (7 games),9.17,Magnemite Lv34 (Magnet Pull): Magnet Bomb/Spark/Thunder Wave | Magnemite Lv34 (Magnet Pull): Magnet Bomb/Spark/Thunder Wave | Magnemite Lv34 (Magnet Pull): Magnet Bomb/Spark/Thunder Wave
363,beauty_nicola,Beauty Nicola,Beauty,353,367,0.49,823,852,1458.3,C-,Sailor Marc Rematch 1 (Elo 1796.0),School Kid Chance (Elo 1021.5),Ace Trainer Maya (7 games),7.32,Lopunny Lv45 (Cute Charm): Baton Pass/Agility/Dizzy Punch/Charm
364,black_belt_miles,Black Belt Miles,Black Belt,352,368,0.489,807,845,1487.3,C,Ace Trainer Destiny (Elo 1871.5),Bug Catcher Phillip (Elo 936.8),Guitarist Arturo Rematch 4 (7 games),5.82,Machamp Lv48 (Guts): Submission/Wake Up Slap/Cross Chop/Scary Face
365,galactic_grunt_lake_valor_2,Galactic Grunt Lake Valor 2,Galactic Grunt Male,352,368,0.489,791,826,1483.5,C,Psychic Daisy Rematch Postgame (Elo 1906.0),Black Belt Jeffery (Elo 1175.9),School Kid Tiera (7 games),7.88,Croagunk Lv33 (Anticipation): Revenge/Swagger/Mud Bomb/Sucker Punch | Glameow Lv33 (Limber): Fury Swipes/Charm/Assist/Captivate | Stunky Lv33 (Stench): Feint/Slash/Toxic/Night Slash | Houndour Lv33 (Early Bird): Bite/Odor Sleuth/Beat Up/Fire Fang
366,swimmer_katelyn,Swimmer Katelyn,Swimmer Female,351,369,0.487,782,819,1478.7,C-,Swimmer Sam Postgame (Elo 1760.2),Battle Girl Tyler (Elo 1292.4),Picnicker Summer (7 games),8.63,Buizel Lv32 (Swift Swim): Aqua Jet/Sonic Boom/Quick Attack/Attract | Medicham Lv32 (Pure Power): Confusion/Brick Break/Meditate/Light Screen | Seaking Lv32 (Swift Swim): Water Pulse/Horn Attack/Aqua Ring/Captivate
367,hiker_theodore_rematch_2,Hiker Theodore Rematch 2,Hiker,350,370,0.486,838,874,1492.7,C,Ace Trainer Jasmin Postgame (Elo 1991.5),Lucas Jubilife City Piplup (Elo 865.2),Lass Madeline Rematch 2 (7 games),16.09,Steelix Lv42 (Rock Head): Rock Polish/Dragon Breath/Curse/Iron Tail | Steelix Lv44 (Rock Head): Rock Polish/Dragon Breath/Curse/Iron Tail
368,ninja_boy_ethan,Ninja Boy Ethan,Ninja Boy,347,373,0.482,792,848,1477.3,C-,Black Belt Griffin Postgame (Elo 1960.1),Jogger Craig (Elo 1174.5),Bird Keeper Katherine (7 games),9.27,Skorupi Lv37 (Battle Armor): Acupressure/Scary Face/Toxic Spikes/Bug Bite | Golbat Lv37 (Inner Focus): Wing Attack/Confuse Ray/Air Cutter/Mean Look
369,swimmer_gabrielle,Swimmer Gabrielle,Swimmer Female,346,374,0.481,804,857,1455.6,C-,Swimmer Sophia Postgame (Elo 1708.8),Jogger Raul (Elo 1021.0),Picnicker Summer (7 games),5.54,Golduck Lv45 (Damp): Fury Swipes/Screech/Psych Up/Zen Headbutt
370,rival_route_209_turtwig,Rival Route 209 Infernape,Rival,345,375,0.479,787,847,1469.8,C-,Reporter Kinsey Rematch 2 (Elo 1769.5),Scientist Emilio (Elo 1190.6),Picnicker Karina Rematch 2 (7 games),8.83,Staravia Lv25 (Intimidate): Wing Attack/Quick Attack/Endeavor/Double Team | Buizel Lv23 (Swift Swim): Water Gun/Quick Attack/Pursuit/Growl | Roselia Lv23 (Natural Cure): Mega Drain/Poison Sting/Leech Seed/Stun Spore | Monferno Lv27 (Blaze): Flame Wheel/Mach Punch/Fury Swipes/Leer
371,hiker_damon,Hiker Damon,Hiker,345,375,0.479,767,823,1446.7,C-,Twins Teri And Tia Rematch 2 (Elo 1861.5),Aroma Lady Elizabeth Rematch 1 (Elo 1151.0),Lady Celeste (7 games),12.73,Nosepass Lv35 (Sturdy): Rock Throw/Block/Thunder Wave/Rock Slide | Onix Lv33 (Rock Head): Sandstorm/Slam/Rock Polish/Dragon Breath | Steelix Lv34 (Rock Head): Sandstorm/Slam/Rock Polish/Dragon Breath
372,galactic_grunt_galactic_hq_b2f_2,Galactic Grunt Galactic Hq B2f 2,Galactic Grunt Male,342,378,0.475,780,855,1450.4,C-,Interviewers Roxy And Oli Rematch 4 (Elo 1923.5),Cyclist Kayla Rematch 1 (Elo 1149.7),Camper Zackary Rematch 2 (7 games),5.77,Houndour Lv38 (Early Bird): Odor Sleuth/Beat Up/Fire Fang/Faint Attack | Murkrow Lv40 (Insomnia): Night Shade/Assurance/Taunt/Faint Attack
373,galactic_grunt_iron_island_2,Galactic Grunt Iron Island 2,Galactic Grunt Male,341,379,0.474,775,849,1467.1,C-,Psychic Daisy Rematch Postgame (Elo 1906.0),Psychic Mitchell (Elo 1241.3),Camper Zackary Rematch 2 (7 games),8.42,Glameow Lv34 (Limber): Fury Swipes/Charm/Assist/Captivate | Stunky Lv34 (Stench): Feint/Slash/Toxic/Night Slash | Croagunk Lv34 (Anticipation): Revenge/Swagger/Mud Bomb/Sucker Punch
374,fisherman_cody,Fisherman Cody,Fisherman,341,379,0.474,779,857,1455.0,C-,Guitarist Tony Rematch (Elo 1757.6),Tuber Mariel (Elo 1201.7),Swimmer Vincent (7 games),8.44,Barboach Lv33 (Oblivious): Water Pulse/Magnitude/Rest/Snore | Gyarados Lv33 (Intimidate): Dragon Rage/Leer/Twister/Ice Fang
375,breeder_jennifer_rematch_1,Breeder Jennifer Rematch 1,Breeder Female,338,382,0.469,769,862,1463.8,C-,Psychic Valencia (Elo 1780.7),Ninja Boy Bruce (Elo 1209.8),Hiker Damon (7 games),11.94,Roselia Lv32 (Natural Cure): Grass Whistle/Giga Drain/Toxic Spikes/Sweet Scent | Mime Jr Lv32 (Soundproof): Reflect/Psybeam/Substitute/Recycle | Clefairy Lv32 (Cute Charm): Wake Up Slap/Cosmic Power/Lucky Chant/Metronome | Eevee Lv32 (Run Away): Sand Attack/Growl/Quick Attack/Bite
376,breeder_albert_rematch_1,Breeder Albert Rematch 1,Breeder Male,338,382,0.469,783,873,1456.4,C-,Sailor Zachariah Rematch (Elo 1939.2),Galactic Grunt Veilstone City 2 (Elo 1161.9),Lass Madeline Rematch 2 (7 games),11.41,Roselia Lv32 (Natural Cure): Grass Whistle/Giga Drain/Toxic Spikes/Sweet Scent | Bonsly Lv32 (Sturdy): Mimic/Block/Faint Attack/Rock Tomb | Pikachu Lv32 (Static): Double Team/Slam/Thunderbolt/Feint | Eevee Lv32 (Run Away): Sand Attack/Growl/Quick Attack/Bite
377,galactic_grunt_galactic_hq_3f_4,Galactic Grunt Galactic Hq 3f 4,Galactic Grunt Female,337,383,0.468,770,865,1466.7,C-,Psychic Chelsey Postgame (Elo 1877.3),School Kid Chance (Elo 1021.5),School Kid Chance (7 games),6.76,Croagunk Lv38 (Anticipation): Mud Bomb/Sucker Punch/Nasty Plot/Poison Jab | Stunky Lv38 (Stench): Slash/Toxic/Night Slash/Memento | Glameow Lv38 (Limber): Charm/Assist/Captivate/Slash
378,skier_bradley,Skier Bradley,Skier Male,337,383,0.468,772,866,1464.4,C-,Reporter Kinsey Rematch 3 (Elo 1788.0),Belle And Pa Beth And Bob (Elo 1229.3),Youngster Tristan Rematch 2 (7 games),7.64,Snorunt Lv36 (Inner Focus): Headbutt/Protect/Ice Fang/Crunch | Swinub Lv36 (Oblivious): Mud Bomb/Icy Wind/Ice Shard/Take Down | Snover Lv36 (Snow Warning): Mist/Ice Shard/Ingrain/Wood Hammer
379,clown_lee_rematch_1,Clown Lee Rematch 1,Clown,337,383,0.468,770,863,1458.8,C-,Black Belt Davon (Elo 1854.1),Skier Edward (Elo 1253.7),Poke Kid Ariel Rematch 2 Postgame (7 games),6.97,Mr Mime Lv33 (Soundproof): Reflect/Psybeam/Substitute/Recycle | Kadabra Lv33 (Synchronize): Miracle Eye/Psybeam/Reflect/Recover
380,galactic_grunt_galactic_hq_b2f_1,Galactic Grunt Galactic Hq B2f 1,Galactic Grunt Male,336,384,0.467,769,864,1445.3,C-,Policeman Danny Rematch 3 (Elo 1824.9),Maid Elena (Elo 1090.6),Beauty Cyndy Rematch 1 (7 games),5.21,Golbat Lv41 (Inner Focus): Confuse Ray/Air Cutter/Mean Look/Poison Fang
381,swimmer_vincent,Swimmer Vincent,Swimmer Male,336,384,0.467,767,858,1443.1,C-,Poke Kid Ariel Rematch 4 Postgame (Elo 1730.6),Aroma Lady Elizabeth Rematch 1 (Elo 1151.0),Fisherman Luc (7 games),9.18,Pelipper Lv33 (Keen Eye): Water Pulse/Payback/Protect/Roost | Gastrodon Lv33 (Sticky Hold): Mud Bomb/Hidden Power/Rain Dance/Body Slam
382,fisherman_luc,Fisherman Luc,Fisherman,335,385,0.465,760,856,1441.8,C-,Guitarist Tony Rematch (Elo 1757.6),Breeder Albert (Elo 1113.3),Youngster Tristan Rematch 3 (7 games),10.44,Remoraid Lv29 (Hustle): Aurora Beam/Bubble Beam/Focus Energy/Bullet Seed | Remoraid Lv29 (Hustle): Aurora Beam/Bubble Beam/Focus Energy/Bullet Seed | Remoraid Lv30 (Hustle): Aurora Beam/Bubble Beam/Focus Energy/Bullet Seed | Gyarados Lv31 (Intimidate): Bite/Dragon Rage/Leer/Twister | Remoraid Lv31 (Hustle): Aurora Beam/Bubble Beam/Focus Energy/Bullet Seed
383,poke_kid_ariel_rematch_2_postgame,Poke Kid Ariel Rematch 2 Postgame,Poke Kid,334,386,0.464,774,886,1469.2,C-,Swimmer Miranda Rematch (Elo 1721.0),Collector Terry (Elo 1034.2),Clown Lee Rematch 1 (7 games),10.84,Pichu Lv43 (Static): Tail Whip/Thunder Wave/Sweet Kiss/Nasty Plot | Pikachu Lv43 (Static): Feint/Agility/Discharge/Light Screen | Pikachu Lv43 (Static): Feint/Agility/Discharge/Light Screen
384,black_belt_philip,Black Belt Philip,Black Belt,333,387,0.463,756,857,1483.9,C,Skier Andrea Rematch 2 (Elo 1767.4),School Kid Chance (Elo 1021.5),Sailor Paul (7 games),3.45,Machoke Lv40 (Guts): Vital Throw/Submission/Wake Up Slap/Cross Chop
385,socialite_reina_rematch_1,Socialite Reina Rematch 1,Socialite,333,387,0.463,814,923,1445.5,C-,Tuber Jared Rematch 2 (Elo 1868.2),Jogger Raul (Elo 1021.0),Galactic Grunt Spear Pillar 2 (7 games),4.14,Roselia Lv45 (Natural Cure): Ingrain/Toxic/Petal Dance/Aromatherapy
386,swimmer_evan,Swimmer Evan,Swimmer Male,333,387,0.463,738,849,1434.0,C-,Dragon Tamer Keegan (Elo 1739.5),Socialite Reina (Elo 1247.8),Lass Samantha Rematch 2 (7 games),6.89,Golduck Lv32 (Damp): Confusion/Water Pulse/Fury Swipes/Screech | Golduck Lv34 (Damp): Confusion/Water Pulse/Fury Swipes/Screech
387,ruin_maniac_harry,Ruin Maniac Harry,Ruin Maniac,328,392,0.456,711,841,1437.6,C-,Sailor Marc Rematch 1 (Elo 1796.0),Reporter Valerie (Elo 986.6),Fisherman Erick (7 games),16.23,Bronzor Lv28 (Levitate): Imprison/Confuse Ray/Extrasensory/Iron Defense | Bronzor Lv30 (Levitate): Confuse Ray/Extrasensory/Iron Defense/Safeguard | Bronzor Lv32 (Levitate): Confuse Ray/Extrasensory/Iron Defense/Safeguard
388,sailor_skyler,Sailor Skyler,Sailor,327,393,0.454,737,867,1413.9,D+,Ace Trainer Sergio (Elo 1715.3),Reporter Kinsey (Elo 1125.9),Sailor Samson (7 games),6.65,Mantyke Lv32 (Swift Swim): Agility/Wing Attack/Water Pulse/Take Down | Machoke Lv34 (Guts): Seismic Toss/Revenge/Vital Throw/Submission
389,youngster_tristan_rematch_2,Youngster Tristan Rematch 2,Youngster,325,395,0.451,746,884,1417.2,D+,Lass Samantha Rematch 3 (Elo 1743.3),Interviewers Roxy And Oli (Elo 1116.6),Skier Bradley (7 games),3.16,Staraptor Lv35 (Intimidate): Whirlwind/Aerial Ace/Take Down/Close Combat
390,ninja_boy_nathan,Ninja Boy Nathan,Ninja Boy,324,396,0.45,732,875,1438.7,C-,Psychic Daisy Rematch Postgame (Elo 1906.0),Camper Parker (Elo 1125.1),Fisherman Kenneth (7 games),7.63,Stunky Lv31 (Stench): Smoke Screen/Feint/Slash/Toxic | Golbat Lv31 (Inner Focus): Bite/Wing Attack/Confuse Ray/Air Cutter
391,galactic_grunt_mt_coronet_3f_2,Galactic Grunt Mt Coronet 3f 2,Galactic Grunt Female,324,396,0.45,728,874,1433.5,C-,Psychic Daisy Rematch Postgame (Elo 1906.0),Black Belt Ricky (Elo 1178.5),Fisherman Kenneth (7 games),4.05,Stunky Lv43 (Stench): Slash/Toxic/Night Slash/Memento
392,worker_dillan,Worker Dillan,Worker,323,397,0.449,730,881,1423.4,C-,Guitarist Tony Rematch (Elo 1757.6),School Kid Chance (Elo 1021.5),Bird Keeper Katherine (7 games),4.56,Machop Lv33 (Guts): Seismic Toss/Revenge/Vital Throw/Submission | Machoke Lv33 (Guts): Seismic Toss/Revenge/Vital Throw/Submission
393,swimmer_haley,Swimmer Haley,Swimmer Female,322,398,0.447,715,870,1424.5,C-,Skier Madison Rematch 2 (Elo 1648.7),Aroma Lady Alison (Elo 1194.3),Tuber Caitlyn (7 games),7.09,Psyduck Lv31 (Damp): Confusion/Water Pulse/Fury Swipes/Screech | Azumarill Lv35 (Thick Fat): Rollout/Bubble Beam/Aqua Ring/Double Edge
394,ninja_boy_joel,Ninja Boy Joel,Ninja Boy,321,399,0.446,728,883,1423.2,C-,Psychic Daisy Rematch Postgame (Elo 1906.0),Gentleman Jeremy Rematch 1 (Elo 1235.4),Ninja Boy Matthew (7 games),10.24,Zubat Lv29 (Inner Focus): Wing Attack/Confuse Ray/Air Cutter/Mean Look | Skorupi Lv29 (Battle Armor): Pin Missile/Acupressure/Scary Face/Toxic Spikes | Stunky Lv29 (Stench): Smoke Screen/Feint/Slash/Toxic | Golbat Lv29 (Inner Focus): Bite/Wing Attack/Confuse Ray/Air Cutter
395,ninja_boy_matthew,Ninja Boy Matthew,Ninja Boy,320,400,0.444,752,910,1424.8,C-,Black Belt Willie (Elo 1779.9),Jogger Richard (Elo 1074.1),Black Belt Ricky (7 games),5.17,Golbat Lv39 (Inner Focus): Confuse Ray/Air Cutter/Mean Look/Poison Fang
396,swimmer_jessica,Swimmer Jessica,Swimmer Female,318,402,0.442,721,886,1437.1,C-,Socialite Reina Rematch 2 (Elo 1660.6),Aroma Lady Elizabeth Rematch 1 (Elo 1151.0),Swimmer Adrian (7 games),10.29,Goldeen Lv30 (Swift Swim): Horn Attack/Water Pulse/Flail/Aqua Ring | Goldeen Lv30 (Swift Swim): Horn Attack/Water Pulse/Flail/Aqua Ring | Goldeen Lv31 (Swift Swim): Water Pulse/Flail/Aqua Ring/Fury Attack | Seaking Lv33 (Swift Swim): Water Pulse/Flail/Aqua Ring/Fury Attack
397,galactic_grunt_lake_valor_1,Galactic Grunt Lake Valor 1,Galactic Grunt Male,318,402,0.442,718,891,1405.1,D+,Black Belt Willie (Elo 1779.9),Jogger Scott (Elo 1070.0),Black Belt Davon Postgame (7 games),5.08,Golbat Lv37 (Inner Focus): Wing Attack/Confuse Ray/Air Cutter/Mean Look
398,rival_route_209_piplup,Rival Route 209 Torterra,Rival,316,404,0.439,745,916,1425.6,C-,Dragon Tamer Geoffrey Postgame (Elo 1950.9),Gentleman Jeremy (Elo 1078.3),Fisherman Kenneth (7 games),9.11,Staravia Lv25 (Intimidate): Wing Attack/Quick Attack/Endeavor/Double Team | Buizel Lv23 (Swift Swim): Water Gun/Quick Attack/Pursuit/Growl | Ponyta Lv23 (Run Away): Ember/Tackle/Tail Whip/Growl | Grotle Lv27 (Overgrow): Razor Leaf/Tackle/Absorb/Withdraw
399,galactic_grunt_spear_pillar_1,Galactic Grunt Spear Pillar 1,Galactic Grunt Male,315,405,0.438,712,889,1429.5,C-,Ace Trainer Brenda (Elo 1709.9),Cyclist Kayla Rematch 1 (Elo 1149.7),Swimmer Colton (7 games),5.55,Croagunk Lv39 (Anticipation): Mud Bomb/Sucker Punch/Nasty Plot/Poison Jab | Croagunk Lv43 (Anticipation): Sucker Punch/Nasty Plot/Poison Jab/Sludge Bomb
400,fisherman_kenneth,Fisherman Kenneth,Fisherman,314,406,0.436,725,909,1412.6,D+,Skier Madison Rematch 2 (Elo 1648.7),Pi Carlos (Elo 1126.9),Rival Route 209 Torterra (7 games),7.07,Remoraid Lv25 (Hustle): Psybeam/Aurora Beam/Bubble Beam/Focus Energy | Remoraid Lv25 (Hustle): Psybeam/Aurora Beam/Bubble Beam/Focus Energy | Gyarados Lv28 (Intimidate): Thrash/Bite/Dragon Rage/Leer
401,sailor_samson,Sailor Samson,Sailor,314,406,0.436,723,904,1409.2,D+,Rich Boy Trey (Elo 1635.0),Poke Kid Danielle Rematch 2 (Elo 1218.5),Sailor Skyler (7 games),8.12,Wingull Lv29 (Keen Eye): Water Pulse/Wing Attack/Supersonic | Shellos Lv30 (Sticky Hold): Water Pulse/Mud Bomb/Rain Dance | Golduck Lv31 (Damp): Fury Swipes/Confusion/Water Pulse
402,fisherman_walter,Fisherman Walter,Fisherman,313,407,0.435,703,890,1404.9,D+,Ace Trainer Destiny (Elo 1871.5),Aroma Lady Alison (Elo 1194.3),Poke Kid Ariel Rematch 4 Postgame (7 games),3.86,Whiscash Lv33 (Oblivious): Water Pulse/Magnitude
403,lass_madeline_rematch_2,Lass Madeline Rematch 2,Lass,312,408,0.433,733,928,1420.9,D+,Swimmer Sophia Postgame (Elo 1708.8),Galactic Grunt Valor Lakefront (Elo 1183.0),Hiker Theodore Rematch 2 (7 games),6.27,Golduck Lv33 (Damp): Confusion/Water Pulse/Fury Swipes/Screech | Buneary Lv33 (Run Away): Quick Attack/Jump Kick/Baton Pass/Agility
404,camper_zackary_rematch_2,Camper Zackary Rematch 2,Camper,312,408,0.433,720,920,1401.3,D+,Bird Keeper Autumn (Elo 1680.9),Lass Molly (Elo 1105.2),Galactic Grunt Iron Island 2 (7 games),3.84,Ambipom Lv35 (Technician): Swift/Screech/Agility/Double Hit
405,ranger_allison,Ranger Allison,Ranger Female,311,409,0.432,710,906,1412.7,D+,Ruin Maniac Harry Rematch 1 (Elo 1626.7),Gentleman Leonardo (Elo 1045.2),Beauty Cyndy Rematch 1 (7 games),7.74,Marill Lv29 (Thick Fat): Rollout/Bubble Beam/Aqua Ring/Double Edge | Leafeon Lv29 (Leaf Guard): Sand Attack/Razor Leaf/Quick Attack/Synthesis
406,worker_gerardo,Worker Gerardo,Worker,310,410,0.431,731,925,1396.5,D+,Ruin Maniac Larry (Elo 1811.0),Battle Girl Helen Rematch 1 (Elo 1075.4),Fisherman Erick (7 games),7.93,Magnemite Lv35 (Magnet Pull): Supersonic/Magnet Bomb/Spark | Magnemite Lv35 (Magnet Pull): Thunder Wave/Magnet Bomb/Spark
407,lady_celeste,Lady Celeste,Lady,309,411,0.429,713,912,1407.7,D+,Lass Samantha Rematch 3 (Elo 1743.3),Youngster Tristan Rematch 1 (Elo 1025.5),Hiker Damon (7 games),7.21,Blissey @ Rare Candy Lv35 (Natural Cure): Fling/Softboiled/Egg Bomb/Psychic
408,swimmer_adrian,Swimmer Adrian,Swimmer Male,307,413,0.426,714,916,1423.5,C-,Skier Madison Rematch 2 (Elo 1648.7),Lady Melissa (Elo 1120.1),Swimmer Jessica (7 games),7.4,Remoraid Lv32 (Hustle): Bubble Beam/Focus Energy/Bullet Seed/Water Pulse | Tentacool Lv30 (Clear Body): Bubble Beam/Wrap/Barrier/Water Pulse | Octillery Lv34 (Suction Cups): Bubble Beam/Focus Energy/Octazooka/Bullet Seed
409,lucas_veilstone_city_chimchar,Lucas Veilstone City Chimchar,Dp Player Male,307,413,0.426,703,917,1420.6,D+,Leader Wake (Elo 1830.1),Black Belt Ricky (Elo 1178.5),Rival Route 209 Infernape (7 games),9.32,Clefairy Lv25 (Cute Charm): Metronome/Gravity/Wake Up Slap/Sing | Kadabra Lv25 (Synchronize): Psybeam/Psycho Cut/Reflect/Light Screen | Grotle Lv27 (Overgrow): Razor Leaf/Mega Drain/Bite/Curse
410,galactic_grunt_galactic_hq_3f_3,Galactic Grunt Galactic Hq 3f 3,Galactic Grunt Male,307,413,0.426,738,948,1419.0,D+,Psychic Daisy Rematch Postgame (Elo 1906.0),Battle Girl Helen Rematch 1 (Elo 1075.4),Ninja Boy Brennan (7 games),5.35,Stunky Lv38 (Stench): Slash/Toxic/Night Slash/Memento | Croagunk Lv40 (Anticipation): Mud Bomb/Sucker Punch/Nasty Plot/Poison Jab
411,dawn_veilstone_city_chimchar,Dawn Veilstone City Chimchar,Dp Player Female,306,414,0.425,697,910,1421.2,D+,Leader Wake (Elo 1830.1),Galactic Grunt Lake Verity 1 (Elo 1169.1),Worker Braden (7 games),9.25,Clefairy Lv25 (Cute Charm): Metronome/Gravity/Wake Up Slap/Sing | Kadabra Lv25 (Synchronize): Psybeam/Psycho Cut/Reflect/Light Screen | Grotle Lv27 (Overgrow): Razor Leaf/Mega Drain/Bite/Curse
412,swimmer_mary,Swimmer Mary,Swimmer Female,305,415,0.424,691,911,1401.9,D+,Ace Trainer Cesar (Elo 1678.2),School Kid Chance (Elo 1021.5),Galactic Grunt Spear Pillar 2 (7 games),10.28,Finneon Lv33 (Swift Swim): Water Pulse/Captivate/Safeguard/Aqua Ring | Pelipper Lv33 (Keen Eye): Water Pulse/Payback/Protect/Roost
413,galactic_grunt_galactic_hq_3f_1,Galactic Grunt Galactic Hq 3f 1,Galactic Grunt Male,305,415,0.424,687,911,1396.8,D+,Psychic Daisy Rematch Postgame (Elo 1906.0),Gentleman Leonardo (Elo 1045.2),Beauty Cyndy Rematch 1 (7 games),4.04,Stunky Lv41 (Stench): Slash/Toxic/Night Slash/Memento
414,skier_edward_rematch_1,Skier Edward Rematch 1,Skier Male,305,415,0.424,721,940,1387.3,D+,Psychic Daisy Rematch Postgame (Elo 1906.0),Roughneck Kirby (Elo 941.9),Battle Girl Tyler (7 games),4.49,Sneasel Lv45 (Inner Focus): Icy Wind/Slash/Beat Up/Metal Claw
415,policeman_danny_rematch_1,Policeman Danny Rematch 1,Policeman,304,416,0.422,686,915,1418.0,D+,Poke Kid Ariel Rematch 4 Postgame (Elo 1730.6),Lass Molly (Elo 1105.2),Veteran Emanuel (7 games),5.6,Hoothoot Lv32 (Insomnia): Reflect/Confusion/Take Down/Air Slash | Machoke Lv34 (Guts): Seismic Toss/Revenge/Vital Throw/Submission
416,fisherman_travis,Fisherman Travis,Fisherman,304,416,0.422,690,910,1398.9,D+,Black Belt Davon Postgame (Elo 1652.1),Parasol Lady Sabrina (Elo 1202.1),Galactic Grunt Galactic Hq 3f 3 (7 games),9.7,Barboach Lv24 (Oblivious): Water Gun/Mud Bomb/Amnesia/Water Pulse | Barboach Lv25 (Oblivious): Water Gun/Mud Bomb/Amnesia/Water Pulse | Gyarados Lv26 (Intimidate): Thrash/Bite/Dragon Rage/Leer | Barboach Lv25 (Oblivious): Water Gun/Mud Bomb/Amnesia/Water Pulse
417,scientist_shaun_rematch_1,Scientist Shaun Rematch 1,Scientist,304,416,0.422,699,925,1394.5,D+,Swimmer Ricardo (Elo 1596.6),Poke Kid Danielle Rematch 1 (Elo 1146.8),Picnicker Karina Rematch 2 (7 games),7.52,Magnemite Lv36 (Magnet Pull): Spark/Lock On/Magnet Bomb/Screech | Kadabra Lv32 (Synchronize): Miracle Eye/Psybeam/Reflect/Recover
418,ace_trainer_dennis,Ace Trainer Dennis,Ace Trainer Male,304,416,0.422,687,908,1391.4,D+,Black Belt Davon (Elo 1854.1),Socialite Rebecca (Elo 1143.8),Clown Lee Rematch 1 (7 games),9.15,Gligar Lv24 (Hyper Cutter): Screech/Faint Attack/Quick Attack/Poison Sting | Buizel Lv24 (Swift Swim): Aqua Jet/Swift/Pursuit/Quick Attack | Drifblim Lv25 (Aftermath): Swallow/Gust/Stockpile/Ominous Wind
419,parasol_lady_alexa_rematch_1,Parasol Lady Alexa Rematch 1,Parasol Lady,304,416,0.422,701,924,1387.5,D+,Fisherman Alec Rematch (Elo 1739.9),Lass Molly (Elo 1105.2),Bird Keeper Katherine (7 games),8.13,Goldeen Lv33 (Swift Swim): Water Pulse/Flail/Aqua Ring/Fury Attack | Bibarel Lv33 (Simple): Headbutt/Hyper Fang/Yawn/Amnesia
420,veteran_emanuel,Veteran Emanuel,Veteran,303,417,0.421,691,919,1366.7,D,Swimmer Wesley (Elo 1662.2),Pi Carlos (Elo 1126.9),Policeman Danny Rematch 1 (7 games),6.89,Machoke Lv28 (Guts): Seismic Toss/Low Kick/Foresight | Bronzor Lv28 (Levitate): Extrasensory/Tackle/Confuse Ray
421,skier_kaitlyn,Skier Kaitlyn,Skier Female,301,419,0.418,695,930,1403.7,D+,Dragon Tamer Patrick Rematch 1 (Elo 1644.4),Maid Clare (Elo 1115.2),Scientist Shaun Rematch 1 (7 games),5.26,Swinub Lv36 (Oblivious): Mud Bomb/Icy Wind/Ice Shard/Take Down | Snover Lv38 (Snow Warning): Mist/Ice Shard/Ingrain/Wood Hammer
422,ranger_taylor,Ranger Taylor,Ranger Male,301,419,0.418,710,942,1379.3,D+,Rich Boy Trey Rematch 2 (Elo 1857.9),Pi Carlos (Elo 1126.9),Guitarist Arturo Rematch 1 (7 games),6.41,Carnivine Lv28 (Levitate): Vine Whip/Sweet Scent/Ingrain/Faint Attack | Luxio Lv30 (Rivalry): Spark/Bite/Roar/Swagger
423,galactic_grunt_mt_coronet_5f_2,Galactic Grunt Mt Coronet 5f 2,Galactic Grunt Female,300,420,0.417,693,931,1375.9,D,Psychic Daisy Rematch Postgame (Elo 1906.0),Black Belt Derek (Elo 1107.7),Skier Andrea Rematch 1 (7 games),5.88,Houndour Lv40 (Early Bird): Beat Up/Fire Fang/Faint Attack/Embargo | Glameow Lv42 (Limber): Assist/Captivate/Slash/Sucker Punch
424,galactic_grunt_celestic_town,Galactic Grunt Celestic Town,Galactic Grunt Male,299,421,0.415,695,939,1413.5,D+,Psychic Daisy Postgame (Elo 1829.4),Collector Ivan (Elo 1158.8),Worker Conrad (7 games),6.67,Houndour Lv32 (Early Bird): Bite/Odor Sleuth/Beat Up/Fire Fang | Golbat Lv30 (Inner Focus): Bite/Wing Attack/Confuse Ray/Air Cutter
425,galactic_grunt_lake_verity_3,Galactic Grunt Lake Verity 3,Galactic Grunt Male,297,423,0.412,693,948,1394.0,D+,Interviewers Roxy And Oli Rematch 4 (Elo 1923.5),Ruin Maniac Ronald (Elo 1133.5),Socialite Reina Rematch 1 (7 games),5.53,Stunky Lv35 (Stench): Feint/Slash/Toxic/Night Slash | Houndour Lv35 (Early Bird): Odor Sleuth/Beat Up/Fire Fang/Faint Attack
426,bird_keeper_brianna,Bird Keeper Brianna,Bird Keeper,297,423,0.412,663,917,1387.1,D+,Ace Trainer Laura (Elo 1594.7),Collector Ivan (Elo 1158.8),Swimmer Vanessa (7 games),6.52,Hoothoot Lv31 (Insomnia): Reflect/Confusion/Take Down/Air Slash | Noctowl Lv33 (Insomnia): Reflect/Confusion/Take Down/Air Slash
427,worker_braden,Worker Braden,Worker,297,423,0.412,683,935,1383.9,D+,Dragon Tamer Stanley Postgame (Elo 1872.7),Aroma Lady Angela (Elo 985.0),Dawn Veilstone City Chimchar (7 games),7.97,Steelix Lv37 (Rock Head): Sandstorm/Slam/Rock Polish/Dragon Breath
428,guitarist_arturo_rematch_2,Guitarist Arturo Rematch 2,Guitarist,295,425,0.41,704,964,1407.8,D+,Psychic Brittney (Elo 1777.3),Pokefan Leonard (Elo 1026.5),Sailor Damian (7 games),4.76,Kricketune Lv47 (Swarm): Screech/Taunt/Night Slash/Bug Buzz
429,worker_conrad,Worker Conrad,Worker,295,425,0.41,694,958,1387.3,D+,Scientist Shaun Rematch 3 (Elo 1871.9),Cyclist John (Elo 1043.3),Galactic Grunt Celestic Town (7 games),4.25,Magmar Lv35 (Flame Body): Faint Attack/Fire Spin/Confuse Ray/Fire Punch
430,interviewers_roxy_and_oli_rematch_1,Interviewers Roxy And Oli Rematch 1,Interviewers,294,426,0.408,666,930,1379.6,D+,Swimmer Sophia Postgame (Elo 1708.8),Jogger Craig (Elo 1174.5),Tuber Holly (7 games),3.88,Magnemite Lv35 (Magnet Pull): Spark/Lock On/Magnet Bomb/Screech | Kirlia Lv35 (Synchronize): Lucky Chant/Magical Leaf/Calm Mind/Psychic
431,lucas_veilstone_city_turtwig,Lucas Veilstone City Turtwig,Dp Player Male,292,428,0.406,654,926,1355.1,D,Dragon Tamer Patrick Rematch 1 (Elo 1644.4),Pi Carlos (Elo 1126.9),Galactic Grunt Celestic Town (7 games),8.87,Clefairy Lv25 (Cute Charm): Metronome/Gravity/Wake Up Slap/Sing | Kadabra Lv25 (Synchronize): Psybeam/Psycho Cut/Reflect/Light Screen | Prinplup Lv27 (Torrent): Bubble Beam/Metal Claw/Peck/Growl
432,poke_kid_janet,Poke Kid Janet,Poke Kid,291,429,0.404,691,964,1387.7,D+,Swimmer Lydia Postgame (Elo 1699.8),Hiker Jonathan (Elo 1035.0),Policeman Danny Rematch 1 (7 games),6.34,Pikachu Lv42 (Static): Feint/Agility/Discharge/Light Screen | Pikachu Lv42 (Static): Feint/Agility/Discharge/Light Screen
433,guitarist_tony,Guitarist Tony,Guitarist,291,429,0.404,669,947,1376.9,D,Scientist Darrius (Elo 1636.9),Maid Elena (Elo 1090.6),Collector Douglas (7 games),6.42,Kricketune Lv33 (Swarm): Sing/Focus Energy/Slash/X Scissor | Magnemite Lv33 (Magnet Pull): Spark/Lock On/Magnet Bomb/Screech
434,galactic_grunt_lake_valor_3,Galactic Grunt Lake Valor 3,Galactic Grunt Female,289,431,0.401,658,944,1382.2,D+,Psychic Daisy Rematch Postgame (Elo 1906.0),Beauty Gabriella (Elo 1039.6),Bird Keeper Katherine (7 games),7.1,Glameow Lv35 (Limber): Fury Swipes/Charm/Assist/Captivate | Murkrow Lv35 (Insomnia): Night Shade/Assurance/Taunt/Faint Attack
435,worker_holden,Worker Holden,Worker,289,431,0.401,671,958,1379.5,D+,Swimmer Sophia Postgame (Elo 1708.8),Rancher Marco (Elo 1104.5),Galactic Grunt Celestic Town (7 games),10.48,Magnemite Lv32 (Magnet Pull): Thunder Wave/Spark/Lock On/Magnet Bomb | Magnemite Lv32 (Magnet Pull): Thunder Wave/Spark/Lock On/Magnet Bomb | Magnemite Lv32 (Magnet Pull): Thunder Wave/Spark/Lock On/Magnet Bomb
436,lucas_veilstone_city_piplup,Lucas Veilstone City Piplup,Dp Player Male,289,431,0.401,649,926,1367.2,D,Aroma Lady Elizabeth Rematch 3 (Elo 1670.7),Cyclist John (Elo 1043.3),Socialite Reina Rematch 1 (7 games),8.41,Clefairy Lv25 (Cute Charm): Metronome/Gravity/Wake Up Slap/Sing | Kadabra Lv25 (Synchronize): Psybeam/Psycho Cut/Reflect/Light Screen | Monferno Lv27 (Blaze): Flame Wheel/Mach Punch/Fury Swipes/Torment
437,twins_teri_and_tia_rematch_1,Twins Teri And Tia Rematch 1,Twins,288,432,0.4,653,940,1352.9,D,Ruin Maniac Harry Rematch 1 (Elo 1626.7),Maid Elena (Elo 1090.6),Aroma Lady Elizabeth Rematch 2 (7 games),4.97,Pikachu Lv44 (Static): Feint/Agility/Discharge/Light Screen | Clefairy Lv44 (Cute Charm): Gravity/Moonlight/Light Screen/Meteor Mash
438,dawn_veilstone_city_piplup,Dawn Veilstone City Piplup,Dp Player Female,287,433,0.399,661,953,1369.7,D,Galactic Grunt Galactic Hq 2f 2 (Elo 1623.1),Scientist Stefano (Elo 1169.0),Bird Keeper Katherine (7 games),8.51,Clefairy Lv25 (Cute Charm): Metronome/Gravity/Wake Up Slap/Sing | Kadabra Lv25 (Synchronize): Psybeam/Psycho Cut/Reflect/Light Screen | Monferno Lv27 (Blaze): Flame Wheel/Mach Punch/Fury Swipes/Torment
439,hiker_theodore_rematch_1,Hiker Theodore Rematch 1,Hiker,286,434,0.397,672,961,1351.8,D,Pi Carlos Rematch 2 (Elo 1809.3),Picnicker Tori (Elo 1051.4),Guitarist Preston (7 games),11.29,Onix Lv32 (Rock Head): Rock Tomb/Sandstorm/Slam/Rock Polish | Steelix Lv34 (Rock Head): Sandstorm/Slam/Rock Polish/Dragon Breath
440,black_belt_sean,Black Belt Sean,Black Belt,285,435,0.396,670,973,1379.0,D+,Guitarist Jerry (Elo 1716.0),Scientist Travon (Elo 1079.8),Collector Fernando (7 games),7.57,Croagunk Lv31 (Anticipation): Revenge/Swagger/Mud Bomb/Sucker Punch | Meditite Lv31 (Pure Power): Mind Reader/Feint/Calm Mind/Force Palm | Machoke Lv31 (Guts): Foresight/Seismic Toss/Revenge/Vital Throw
441,ace_trainer_allen,Ace Trainer Allen,Ace Trainer Male,285,435,0.396,667,966,1378.4,D+,Black Belt Davon (Elo 1854.1),Cyclist John (Elo 1043.3),Tuber Chelsea Rematch 1 (7 games),7.42,Gastly Lv21 (Levitate): Night Shade/Sucker Punch/Curse/Confuse Ray | Gastly Lv22 (Levitate): Night Shade/Sucker Punch/Hypnosis/Confuse Ray | Haunter Lv24 (Levitate): Shadow Ball/Confuse Ray/Curse/Mean Look
442,hiker_maurice,Hiker Maurice,Hiker,284,436,0.394,675,978,1375.6,D,Psychic Landon (Elo 1800.3),Lass Samantha Rematch 1 (Elo 956.0),Youngster Wayne (7 games),4.14,Graveler Lv35 (Rock Head): Selfdestruct/Rollout/Rock Blast/Earthquake | Rhyhorn Lv35 (Lightning Rod): Fury Attack/Scary Face/Rock Blast/Take Down
443,reporter_kinsey_rematch_1,Reporter Kinsey Rematch 1,Reporter,284,436,0.394,683,984,1367.7,D,Dragon Tamer Darien (Elo 2024.6),Gentleman Leonardo (Elo 1045.2),Ace Trainer Maya (7 games),8.11,Drifloon Lv33 (Aftermath): Swallow/Spit Up/Ominous Wind/Baton Pass | Luxio Lv33 (Rivalry): Bite/Roar/Swagger/Thunder Fang
444,dawn_veilstone_city_turtwig,Dawn Veilstone City Turtwig,Dp Player Female,284,436,0.394,639,941,1353.9,D,Ruin Maniac Larry (Elo 1811.0),Pi Carlos (Elo 1126.9),Worker Brendon (7 games),8.84,Clefairy Lv25 (Cute Charm): Metronome/Gravity/Wake Up Slap/Sing | Kadabra Lv25 (Synchronize): Psybeam/Psycho Cut/Reflect/Light Screen | Prinplup Lv27 (Torrent): Bubble Beam/Metal Claw/Peck/Growl
445,swimmer_erik,Swimmer Erik,Swimmer Male,284,436,0.394,675,979,1334.0,D,Leader Maylene (Elo 1637.6),Cyclist Ryan (Elo 951.5),Tuber Jared Rematch 1 (7 games),5.99,Tentacruel Lv35 (Clear Body): Bubble Beam/Wrap/Barrier/Water Pulse
446,swimmer_dillon,Swimmer Dillon,Swimmer Male,283,437,0.393,665,974,1361.7,D,Swimmer Troy (Elo 1623.6),Collector Ivan (Elo 1158.8),Socialite Reina (7 games),5.46,Remoraid Lv33 (Hustle): Bubble Beam/Focus Energy/Bullet Seed/Water Pulse | Floatzel Lv33 (Swift Swim): Swift/Aqua Jet/Crunch/Agility
447,swimmer_vanessa,Swimmer Vanessa,Swimmer Female,282,438,0.392,656,974,1335.9,D,Tuber Chelsea Rematch 2 (Elo 1622.8),Galactic Grunt Team Galactic Eterna Building 3f (Elo 1031.6),Bird Keeper Brianna (7 games),4.53,Golduck Lv35 (Damp): Confusion/Water Pulse/Fury Swipes/Screech
448,black_belt_adam,Black Belt Adam,Black Belt,281,439,0.39,623,940,1366.0,D,Ace Trainer Alicia (Elo 1684.1),Bird Keeper Alexandra (Elo 941.5),Black Belt Jeffery (7 games),3.15,Machoke Lv34 (Guts): Seismic Toss/Revenge/Vital Throw/Submission
449,bird_keeper_katherine,Bird Keeper Katherine,Bird Keeper,281,439,0.39,663,976,1364.9,D,Swimmer Ricardo (Elo 1596.6),Cyclist Megan (Elo 967.0),Tuber Conner (7 games),4.4,Noctowl Lv34 (Insomnia): Reflect/Confusion/Take Down/Air Slash
450,sailor_marc,Sailor Marc,Sailor,281,439,0.39,665,978,1352.6,D,Ace Trainer Isaiah (Elo 1704.1),Jogger Richard (Elo 1074.1),Tuber Trenton (7 games),5.85,Mantyke Lv45 (Swift Swim): Water Pulse/Take Down/Confuse Ray/Bounce
451,picnicker_karina_rematch_2,Picnicker Karina Rematch 2,Picnicker,276,444,0.383,624,954,1349.0,D,Hiker Alexander (Elo 1596.9),Rich Boy Jason (Elo 1094.0),Collector Douglas (7 games),4.07,Prinplup Lv35 (Torrent): Bubble Beam/Metal Claw/Fury Attack/Growl
452,beauty_cyndy_rematch_1,Beauty Cyndy Rematch 1,Beauty,273,447,0.379,659,997,1343.7,D,Swimmer Troy (Elo 1623.6),Bug Catcher Jack & Lass Briana (Elo 1023.6),Ranger Allison (7 games),4.7,Glameow Lv45 (Limber): Captivate/Slash/Sucker Punch/Attract
453,galactic_grunt_spear_pillar_2,Galactic Grunt Spear Pillar 2,Galactic Grunt Female,273,447,0.379,708,1059,1313.6,D-,Reporter Kinsey Rematch 2 (Elo 1769.5),Youngster Logan (Elo 703.0),Swimmer Mary (7 games),4.81,Stunky Lv41 (Stench): Slash/Toxic/Night Slash/Memento | Glameow Lv41 (Limber): Assist/Captivate/Slash/Sucker Punch
454,skier_bjorn,Skier Bjorn,Skier Male,272,448,0.378,628,988,1311.8,D-,Jogger Craig Rematch 1 (Elo 1580.3),Tuber Chelsea (Elo 1030.6),Collector Fernando (7 games),6.08,Swinub Lv36 (Oblivious): Mud Bomb/Icy Wind/Ice Shard/Take Down | Sneasel Lv38 (Inner Focus): Agility/Icy Wind/Slash/Beat Up
455,ace_trainer_maya,Ace Trainer Maya,Ace Trainer Female,271,449,0.376,659,1018,1365.1,D,Black Belt Davon Postgame (Elo 1652.1),Gentleman Leonardo (Elo 1045.2),Reporter Kinsey Rematch 1 (7 games),7.95,Roselia Lv24 (Natural Cure): Toxic Spikes/Giga Drain/Leech Seed | Ralts Lv24 (Synchronize): Psychic/Magical Leaf/Calm Mind/Double Team | Lickitung Lv25 (Own Tempo): Supersonic/Stomp/Rollout/Defense Curl
456,lady_melissa_rematch_1,Lady Melissa Rematch 1,Lady,271,449,0.376,641,996,1363.6,D,Tuber Chelsea Rematch 2 (Elo 1622.8),Collector Edwin (Elo 962.8),Worker Noel (7 games),4.03,Cherrim Lv35 (Flower Gift): Sunny Day/Petal Dance/Worry Seed/Take Down
457,tuber_holly,Tuber Holly,Tuber Female,271,449,0.376,662,1018,1336.1,D,Swimmer Troy (Elo 1623.6),Lady Kylie (Elo 1054.4),Fisherman Walter (7 games),3.32,Remoraid Lv44 (Hustle): Bullet Seed/Water Pulse/Signal Beam/Ice Beam
458,tuber_conner,Tuber Conner,Tuber Male,269,451,0.374,639,1002,1332.0,D,Cyclist Kayla Rematch 3 (Elo 1623.0),Rich Boy Jason (Elo 1094.0),Bird Keeper Katherine (7 games),3.14,Remoraid Lv44 (Hustle): Bullet Seed/Water Pulse/Signal Beam/Ice Beam
459,guitarist_arturo_rematch_4,Guitarist Arturo Rematch 4,Guitarist,267,453,0.371,750,1122,1339.9,D,Dragon Tamer Kenny Postgame (Elo 1882.8),Youngster Sebastian (Elo 704.4),Policeman Dylan (7 games),3.56,Kricketune Lv59 (Swarm): Taunt/Night Slash/Bug Buzz/Perish Song
460,dragon_tamer_patrick,Dragon Tamer Patrick,Dragon Tamer,267,453,0.371,600,975,1334.7,D,Rich Boy Trey Rematch 1 (Elo 1679.8),Youngster Tristan Rematch 1 (Elo 1025.5),Swimmer Erik (7 games),3.62,Gible Lv34 (Sand Veil): Sand Tomb/Slash/Dragon Claw/Dig
461,fisherman_joseph_rematch_1,Fisherman Joseph Rematch 1,Fisherman,267,453,0.371,615,982,1332.8,D,Black Belt David (Elo 1548.2),Maid Belinda (Elo 1023.7),Reporter Kinsey Rematch 1 (7 games),5.45,Seaking Lv35 (Swift Swim): Water Pulse/Flail/Aqua Ring/Fury Attack
462,picnicker_cheyenne,Picnicker Cheyenne,Picnicker,267,453,0.371,624,993,1332.3,D,Black Belt Davon (Elo 1854.1),Collector Jamal (Elo 1117.1),Skier Andrea (7 games),9.15,Drifloon Lv28 (Aftermath): Spit Up/Swallow/Stockpile | Misdreavus Lv28 (Levitate): Psybeam/Astonish/Confuse Ray
463,tuber_caitlyn,Tuber Caitlyn,Tuber Female,266,454,0.369,626,1001,1343.5,D,Idol Grace Rematch 2 (Elo 1608.1),Cyclist Kayla Rematch 1 (Elo 1149.7),Swimmer Haley (7 games),10.93,Azurill Lv27 (Thick Fat): Water Gun/Slam/Charm | Marill Lv29 (Thick Fat): Bubble Beam/Rollout/Defense Curl/Aqua Ring | Azumarill Lv31 (Thick Fat): Bubble Beam/Double Edge/Rollout/Aqua Ring
464,collector_douglas,Collector Douglas,Collector,266,454,0.369,605,981,1324.5,D-,Swimmer Sophia Postgame (Elo 1708.8),Twins Teri And Tia (Elo 1063.7),Picnicker Karina Rematch 2 (7 games),11.3,Jolteon Lv24 (Volt Absorb): Helping Hand/Sand Attack/Thunder Shock/Quick Attack | Vaporeon Lv24 (Water Absorb): Helping Hand/Sand Attack/Water Gun/Quick Attack | Flareon Lv24 (Flash Fire): Helping Hand/Sand Attack/Ember/Quick Attack
465,collector_dean,Collector Dean,Collector,265,455,0.368,600,982,1360.4,D,Poke Kid Danielle Rematch 3 (Elo 1606.9),Artist Ismael (Elo 1124.1),Fisherman Travis (7 games),11.05,Umbreon Lv27 (Synchronize): Helping Hand/Sand Attack/Pursuit/Quick Attack | Espeon Lv27 (Synchronize): Helping Hand/Sand Attack/Confusion/Quick Attack
466,galactic_grunt_mt_coronet_3f_1,Galactic Grunt Mt Coronet 3f 1,Galactic Grunt Male,265,455,0.368,620,998,1345.5,D,Psychic Daisy Rematch Postgame (Elo 1906.0),Cyclist John (Elo 1043.3),Black Belt Jeffery (7 games),3.95,Murkrow Lv43 (Insomnia): Assurance/Taunt/Faint Attack/Mean Look
467,skier_madison_rematch_1,Skier Madison Rematch 1,Skier Female,265,455,0.368,639,1014,1318.1,D-,Aroma Lady Elizabeth Rematch 3 (Elo 1670.7),Battle Girl Helen Rematch 1 (Elo 1075.4),Galactic Grunt Lake Valor 1 (7 games),3.74,Snorunt Lv45 (Inner Focus): Ice Fang/Crunch/Ice Shard/Hail
468,sailor_damian,Sailor Damian,Sailor,264,456,0.367,619,1007,1340.1,D,Youngster Tristan Rematch 3 (Elo 1579.3),Breeder Kahlil (Elo 1014.7),Guitarist Arturo Rematch 2 (7 games),6.05,Wingull Lv31 (Keen Eye): Water Pulse/Wing Attack/Quick Attack | Pelipper Lv31 (Keen Eye): Water Pulse/Wing Attack/Quick Attack
469,lass_samantha_rematch_2,Lass Samantha Rematch 2,Lass,264,456,0.367,624,1008,1327.5,D,Fisherman Alec (Elo 1623.7),Cyclist Megan (Elo 967.0),Swimmer Evan (7 games),10.41,Beautifly Lv33 (Swarm): Morning Sun/Mega Drain/Whirlwind/Attract | Roselia Lv33 (Natural Cure): Grass Whistle/Giga Drain/Toxic Spikes/Sweet Scent
470,camper_drew,Camper Drew,Camper,263,457,0.365,598,988,1349.1,D,Black Belt Davon (Elo 1854.1),Jogger Raul (Elo 1021.0),Poke Kid Ariel Rematch 1 Postgame (7 games),9.19,Gastly Lv27 (Levitate): Payback/Sucker Punch/Confuse Ray | Gastly Lv27 (Levitate): Sucker Punch/Night Shade/Confuse Ray | Gastly Lv27 (Levitate): Night Shade/Payback/Confuse Ray
471,guitarist_arturo_rematch_3,Guitarist Arturo Rematch 3,Guitarist,263,457,0.365,730,1125,1328.0,D,Ranger Felicia Postgame (Elo 1851.5),Youngster Michael (Elo 759.0),Ruin Maniac Calvin (7 games),3.49,Kricketune Lv53 (Swarm): Taunt/Night Slash/Bug Buzz/Perish Song
472,worker_noel,Worker Noel,Worker,262,458,0.364,605,996,1333.2,D,Swimmer Wesley (Elo 1662.2),School Kid Chance (Elo 1021.5),Lady Melissa Rematch 1 (7 games),7.88,Magnemite Lv34 (Magnet Pull): Spark/Lock On/Magnet Bomb/Screech | Magnemite Lv36 (Magnet Pull): Spark/Lock On/Magnet Bomb/Screech
473,swimmer_claire,Swimmer Claire,Swimmer Female,259,461,0.36,607,1010,1343.2,D,Clown Lee Rematch 3 (Elo 1761.8),Beauty Gabriella (Elo 1039.6),Gentleman Jeremy Rematch 1 (7 games),4.05,Floatzel Lv35 (Swift Swim): Swift/Aqua Jet/Crunch/Agility
474,fisherman_cory,Fisherman Cory,Fisherman,259,461,0.36,573,981,1310.5,D-,Hiker Alexander (Elo 1596.9),Pi Carlos (Elo 1126.9),Twins Teri And Tia Rematch 1 (7 games),9.48,Finneon Lv30 (Swift Swim): Gust/Water Pulse/Captivate/Safeguard | Finneon Lv32 (Swift Swim): Gust/Water Pulse/Captivate/Safeguard | Finneon Lv34 (Swift Swim): Water Pulse/Captivate/Safeguard/Aqua Ring
475,tuber_jared_rematch_1,Tuber Jared Rematch 1,Tuber Male,258,462,0.358,606,1015,1311.9,D-,Interviewers Roxy And Oli Rematch 2 (Elo 1724.5),School Kid Chance (Elo 1021.5),Swimmer Erik (7 games),9.74,Shellos Lv32 (Sticky Hold): Mud Bomb/Hidden Power/Rain Dance/Body Slam | Shellos Lv32 (Sticky Hold): Mud Bomb/Hidden Power/Rain Dance/Body Slam | Shellos Lv32 (Sticky Hold): Mud Bomb/Hidden Power/Rain Dance/Body Slam
476,commander_jupiter_team_galactic_eterna_building,Commander Jupiter Team Galactic Eterna Building,Commander Jupiter,254,466,0.353,583,1004,1305.3,D-,Psychic Daisy Rematch Postgame (Elo 1906.0),Pi Carlos (Elo 1126.9),Tuber Jared Rematch 1 (7 games),6.23,Zubat Lv21 (Inner Focus): Giga Drain/Wing Attack/Bite | Skuntank @ Sitrus Berry Lv23 (Stench): Night Slash/Poison Gas/Screech/Smoke Screen
477,guitarist_arturo_rematch_1,Guitarist Arturo Rematch 1,Guitarist,252,468,0.35,620,1058,1293.1,D-,Artist William Rematch 2 (Elo 1643.6),Pokefan Leonard (Elo 1026.5),Tuber Caitlyn (7 games),3.86,Kricketune Lv35 (Swarm): Focus Energy/Slash/X Scissor/Screech
478,black_belt_kendal,Black Belt Kendal,Black Belt,251,469,0.349,664,1098,1326.1,D-,Black Belt Davon (Elo 1854.1),Bird Keeper Alexandra (Elo 941.5),Guitarist Arturo Rematch 3 (7 games),5.95,Toxicroak Lv38 (Anticipation): Swagger/Mud Bomb/Sucker Punch/Nasty Plot
479,ace_trainer_catherine,Ace Trainer Catherine,Ace Trainer Female,251,469,0.349,577,1010,1309.4,D-,Black Belt Davon (Elo 1854.1),Beauty Cyndy (Elo 1004.7),Black Belt David (7 games),6.04,Haunter Lv23 (Levitate): Night Shade/Confuse Ray/Sucker Punch/Curse | Misdreavus Lv24 (Levitate): Psybeam/Pain Split/Confuse Ray/Spite
480,leader_gardenia,Leader Gardenia,Leader Gardenia,250,470,0.347,575,1010,1321.3,D-,Rich Boy Trey Rematch 1 (Elo 1679.8),Cyclist James (Elo 997.7),Socialite Reina (7 games),8.41,Turtwig Lv20 (Overgrow): Grass Knot/Razor Leaf/Sunny Day/Reflect | Cherrim Lv20 (Flower Gift): Grass Knot/Leech Seed/Magical Leaf/Safeguard | Roserade @ Sitrus Berry Lv22 (Natural Cure): Grass Knot/Magical Leaf/Poison Sting/Stun Spore
481,black_belt_darren,Black Belt Darren,Black Belt,250,470,0.347,573,1011,1294.4,D-,Hiker Alexander (Elo 1596.9),Bug Catcher Brandon Rematch 1 (Elo 1066.9),Fisherman Joseph Rematch 1 (7 games),6.91,Machop Lv25 (Guts): Karate Chop/Foresight | Meditite Lv25 (Pure Power): Confusion/Force Palm | Machoke Lv25 (Guts): Karate Chop/Foresight
482,idol_grace_rematch_1,Idol Grace Rematch 1,Idol,248,472,0.344,572,1018,1308.3,D-,Rich Boy Trey (Elo 1635.0),Black Belt Kyle (Elo 1051.9),Galactic Grunt Galactic Hq B2f 2 (7 games),13.87,Clefairy Lv32 (Cute Charm): Wake Up Slap/Cosmic Power/Lucky Chant/Metronome | Clefairy Lv32 (Cute Charm): Wake Up Slap/Cosmic Power/Lucky Chant/Metronome | Clefairy Lv32 (Cute Charm): Wake Up Slap/Cosmic Power/Lucky Chant/Metronome
483,skier_andrea,Skier Andrea,Skier Female,248,472,0.344,577,1025,1302.3,D-,Rich Boy Trey Rematch 1 (Elo 1679.8),Camper Anthony (Elo 973.1),Picnicker Cheyenne (7 games),3.64,Snover Lv39 (Snow Warning): Mist/Ice Shard/Ingrain/Wood Hammer
484,poke_kid_ariel_rematch_1_postgame,Poke Kid Ariel Rematch 1 Postgame,Poke Kid,248,472,0.344,606,1053,1300.3,D-,Socialite Reina Rematch 2 (Elo 1660.6),Collector Terry (Elo 1034.2),Swimmer Erik (7 games),9.57,Pichu Lv31 (Static): Tail Whip/Thunder Wave/Sweet Kiss/Nasty Plot | Pikachu Lv31 (Static): Double Team/Slam/Thunderbolt/Feint | Pikachu Lv31 (Static): Double Team/Slam/Thunderbolt/Feint
485,ranger_jeffrey,Ranger Jeffrey,Ranger Male,246,474,0.342,572,1031,1283.4,D-,Skier Andrea Rematch 2 (Elo 1767.4),Youngster Tristan Rematch 1 (Elo 1025.5),Scientist Stefano (7 games),3.37,Monferno Lv31 (Blaze): Fury Swipes/Flame Wheel/Feint/Torment
486,cameraman_darryl,Cameraman Darryl,Cameraman,243,477,0.338,606,1066,1294.3,D-,Gentleman Jeremy Rematch 3 (Elo 1669.3),Cowgirl Shelley (Elo 1064.6),Ninja Boy Ethan (7 games),8.14,Magnemite Lv26 (Magnet Pull): Supersonic/Sonic Boom/Thunder Wave/Spark | Mr Mime Lv26 (Soundproof): Mimic/Light Screen/Reflect/Psybeam
487,galactic_grunt_lake_verity_4,Galactic Grunt Lake Verity 4,Galactic Grunt Female,239,481,0.332,560,1045,1261.3,D-,Psychic Daisy Rematch Postgame (Elo 1906.0),Cyclist Megan (Elo 967.0),Poke Kid Danielle Rematch 2 (7 games),6.23,Houndour Lv34 (Early Bird): Bite/Odor Sleuth/Beat Up/Fire Fang | Glameow Lv36 (Limber): Fury Swipes/Charm/Assist/Captivate
488,aroma_lady_elizabeth_rematch_2,Aroma Lady Elizabeth Rematch 2,Aroma Lady,238,482,0.331,565,1057,1301.0,D-,Sailor Zachariah (Elo 1685.7),Rich Boy Liam (Elo 869.8),Ruin Maniac Bryan (7 games),6.13,Roselia Lv35 (Natural Cure): Giga Drain/Toxic Spikes/Sweet Scent/Ingrain
489,fisherman_juan,Fisherman Juan,Fisherman,237,483,0.329,561,1058,1267.8,D-,Hiker Theodore Rematch 2 (Elo 1492.7),Breeder Kahlil (Elo 1014.7),Picnicker Cheyenne (7 games),5.01,Gyarados Lv29 (Intimidate): Bite/Dragon Rage/Leer/Twister
490,battle_girl_tyler,Battle Girl Tyler,Battle Girl,236,484,0.328,625,1116,1292.4,D-,Idol Grace Rematch 4 (Elo 1878.8),Poke Kid Danielle (Elo 765.3),Skier Edward Rematch 1 (7 games),6.59,Medicham Lv38 (Pure Power): Calm Mind/Force Palm/Hi Jump Kick/Psych Up
491,ninja_boy_fabian,Ninja Boy Fabian,Ninja Boy,236,484,0.328,571,1072,1270.7,D-,Skier Madison Rematch 2 (Elo 1648.7),Jogger Raul (Elo 1021.0),Twins Teri And Tia Rematch 1 (7 games),5.06,Croagunk Lv31 (Anticipation): Revenge/Swagger/Mud Bomb/Sucker Punch | Croagunk Lv31 (Anticipation): Revenge/Swagger/Mud Bomb/Sucker Punch
492,young_couple_mike_and_nat,Young Couple Mike And Nat,Young Couple,236,484,0.328,532,1029,1253.8,D-,Psychic Daisy Rematch Postgame (Elo 1906.0),Breeder Kahlil (Elo 1014.7),Lass Samantha Rematch 2 (7 games),3.82,Murkrow Lv23 (Insomnia): Pursuit/Haze/Wing Attack/Night Shade | Misdreavus Lv23 (Levitate): Astonish/Confuse Ray/Mean Look/Psybeam
493,swimmer_miranda,Swimmer Miranda,Swimmer Female,234,486,0.325,528,1030,1286.1,D-,Skier Lexie (Elo 1534.3),Aroma Lady Elizabeth (Elo 928.6),Ninja Boy Brennan (7 games),13.45,Lumineon Lv45 (Swift Swim): Captivate/Safeguard/Aqua Ring/Whirlpool
494,collector_brady,Collector Brady,Collector,233,487,0.324,536,1043,1272.9,D-,Fisherman Alec (Elo 1623.7),Youngster Tristan Rematch 1 (Elo 1025.5),Skier Edward (7 games),15.4,Skorupi Lv21 (Battle Armor): Leer/Knock Off/Pin Missile/Acupressure | Tangela Lv21 (Chlorophyll): Absorb/Growth/Poison Powder/Vine Whip | Yanma Lv21 (Speed Boost): Quick Attack/Double Team/Sonic Boom/Detect | Carnivine Lv21 (Levitate): Bite/Vine Whip/Sweet Scent/Ingrain | Croagunk Lv21 (Anticipation): Poison Sting/Taunt/Pursuit/Faint Attack | Tropius Lv21 (Chlorophyll): Growth/Razor Leaf/Stomp/Sweet Scent
495,worker_gary,Worker Gary,Worker,231,489,0.321,524,1038,1274.8,D-,Swimmer Ricardo (Elo 1596.6),Picnicker Siena (Elo 863.8),Ace Trainer Catherine (7 games),4.8,Magnemite Lv37 (Magnet Pull): Spark/Magnet Bomb
496,tuber_jacky,Tuber Jacky,Tuber Male,231,489,0.321,579,1097,1268.7,D-,Psychic Abigail Rematch 1 (Elo 1732.1),Hiker Louis (Elo 978.1),Scientist Shaun (7 games),4.19,Bibarel Lv32 (Simple): Water Gun/Rollout/Hyper Fang/Yawn
497,belle_and_pa_ava_and_matt,Belle And Pa Ava And Matt,Belle And Pa,230,490,0.319,529,1047,1273.6,D-,Skier Andrea Rematch 1 (Elo 1571.9),Cyclist Megan (Elo 967.0),Worker Holden (7 games),3.26,Ponyta Lv24 (Run Away): Ember/Flame Wheel/Stomp/Fire Spin | Rapidash Lv24 (Run Away): Ember/Flame Wheel/Stomp/Fire Spin
498,black_belt_gregory,Black Belt Gregory,Black Belt,230,490,0.319,529,1052,1254.0,D-,Hiker Alexander (Elo 1596.9),Picnicker Tori (Elo 1051.4),Skier Andrea (7 games),6.21,Machop Lv23 (Guts): Karate Chop/Foresight/Seismic Toss/Revenge | Machop Lv23 (Guts): Karate Chop/Foresight/Seismic Toss/Revenge | Machop Lv23 (Guts): Karate Chop/Foresight/Seismic Toss/Revenge
499,ninja_boy_davido,Ninja Boy Davido,Ninja Boy,230,490,0.319,520,1041,1248.2,E+,Socialite Reina Rematch 2 (Elo 1660.6),Youngster Tristan Rematch 1 (Elo 1025.5),Black Belt Kendal (7 games),3.34,Mothim Lv33 (Swarm): Confusion/Gust/Poison Powder/Psybeam
500,parasol_lady_alexa,Parasol Lady Alexa,Parasol Lady,229,491,0.318,559,1080,1266.9,D-,Psychic Mitchell Rematch 1 (Elo 1552.8),Beauty Gabriella (Elo 1039.6),Mira Wayward Cave (7 games),6.22,Goldeen Lv27 (Swift Swim): Horn Attack/Water Pulse/Flail/Aqua Ring | Bibarel Lv27 (Simple): Rollout/Water Gun/Headbutt/Hyper Fang
501,psychic_abigail,Psychic Abigail,Psychic Female,227,493,0.315,515,1045,1270.1,D-,Black Belt Davon (Elo 1854.1),Collector Edwin (Elo 962.8),Worker Brendon (7 games),8.56,Chingling Lv23 (Levitate): Astonish/Confusion/Uproar/Last Resort | Drifloon Lv25 (Aftermath): Gust/Focus Energy/Payback/Stockpile | Kirlia Lv27 (Synchronize): Teleport/Lucky Chant/Magical Leaf/Calm Mind
502,scientist_shaun,Scientist Shaun,Scientist,224,496,0.311,514,1061,1256.7,D-,Galactic Grunt Mt Coronet 4f 2 (Elo 1550.1),Cyclist James (Elo 997.7),Breeder Kaylee (7 games),6.5,Magnemite Lv30 (Magnet Pull): Spark/Magnet Bomb | Kadabra Lv26 (Synchronize): Psybeam/Disable/Kinesis/Thunder Punch
503,collector_fernando,Collector Fernando,Collector,223,497,0.31,528,1076,1232.1,E+,Ace Trainer Isaiah (Elo 1704.1),Picnicker Ana (Elo 941.1),Skier Bjorn (7 games),3.81,Heracross Lv25 (Swarm): Fury Attack/Aerial Ace/Brick Break/Counter
504,fisherman_brett,Fisherman Brett,Fisherman,222,498,0.308,510,1066,1259.6,D-,Hiker Theodore Rematch 2 (Elo 1492.7),Jogger Richard (Elo 1074.1),Black Belt Rafael (7 games),12.72,Magikarp Lv43 (Swift Swim): Splash/Tackle/Flail | Finneon Lv42 (Swift Swim): Safeguard/Aqua Ring/Whirlpool/U Turn | Feebas Lv42 (Swift Swim): Splash/Tackle/Flail
505,ninja_boy_nick,Ninja Boy Nick,Ninja Boy,222,498,0.308,529,1078,1258.1,D-,Sailor Zachariah Rematch (Elo 1939.2),Bird Keeper Alexandra (Elo 941.5),Gentleman Jeremy (7 games),8.67,Skorupi Lv32 (Battle Armor): Pin Missile/Acupressure/Scary Face/Toxic Spikes | Croagunk Lv30 (Anticipation): Faint Attack/Revenge/Swagger/Mud Bomb
506,ruin_maniac_bryan,Ruin Maniac Bryan,Ruin Maniac,221,499,0.307,518,1070,1254.9,D-,Ace Trainer Isaiah (Elo 1704.1),Lady Kylie (Elo 1054.4),Aroma Lady Elizabeth Rematch 2 (7 games),9.7,Bronzor Lv24 (Levitate): Hypnosis/Imprison/Confuse Ray/Extrasensory | Cranidos Lv26 (Mold Breaker): Pursuit/Take Down/Scary Face/Assurance
507,tuber_trenton,Tuber Trenton,Tuber Male,221,499,0.307,508,1065,1254.4,D-,Hiker Theodore Rematch 2 (Elo 1492.7),Reporter Valerie (Elo 986.6),Aroma Lady Hannah (7 games),7.45,Shellos Lv31 (Sticky Hold): Mud Bomb/Hidden Power/Rain Dance/Body Slam | Shellos Lv33 (Sticky Hold): Mud Bomb/Hidden Power/Rain Dance/Body Slam
508,psychic_mitchell,Psychic Mitchell,Psychic Male,219,501,0.304,519,1082,1241.3,E+,Black Belt Davon (Elo 1854.1),Collector Edwin (Elo 962.8),Hiker Justin (7 games),8.78,Duskull Lv26 (Levitate): Astonish/Confuse Ray/Shadow Sneak/Pursuit | Kadabra Lv26 (Synchronize): Confusion/Disable/Miracle Eye/Psybeam
509,tuber_jared,Tuber Jared,Tuber Male,219,501,0.304,508,1073,1228.7,E+,Swimmer Troy (Elo 1623.6),Lass Samantha Rematch 1 (Elo 956.0),Skier Madison Rematch 1 (7 games),8.49,Shellos Lv25 (Sticky Hold): Water Pulse/Mud Bomb/Hidden Power/Rain Dance | Shellos Lv25 (Sticky Hold): Water Pulse/Mud Bomb/Hidden Power/Rain Dance | Shellos Lv26 (Sticky Hold): Water Pulse/Mud Bomb/Hidden Power/Rain Dance
510,parasol_lady_sabrina,Parasol Lady Sabrina,Parasol Lady,219,501,0.304,509,1074,1202.1,E+,Picnicker Summer (Elo 1510.2),Lass Samantha Rematch 1 (Elo 956.0),Guitarist Arturo Rematch 3 (7 games),8.32,Wooper Lv26 (Damp): Mud Shot/Slam/Mud Bomb/Amnesia | Quagsire Lv28 (Damp): Mud Shot/Slam/Mud Bomb/Amnesia
511,socialite_reina,Socialite Reina,Socialite,218,502,0.303,529,1095,1247.8,E+,Double Team Zac And Jen (Elo 1655.6),Cyclist James (Elo 997.7),Leader Gardenia (7 games),4.14,Roselia Lv27 (Natural Cure): Leech Seed/Magical Leaf/Grass Whistle/Giga Drain
512,skier_madison,Skier Madison,Skier Female,217,503,0.301,516,1084,1249.5,E+,Ace Trainer Laura (Elo 1594.7),Cameraman Tevin (Elo 1029.1),Galactic Grunt Lake Valor 1 (7 games),4.33,Snorunt Lv39 (Inner Focus): Protect/Ice Fang/Crunch/Ice Shard
513,black_belt_rafael,Black Belt Rafael,Black Belt,217,503,0.301,512,1086,1248.6,E+,Skier Madison Rematch 2 (Elo 1648.7),Cyclist Megan (Elo 967.0),Poke Kid Ariel Rematch 1 Postgame (7 games),5.46,Croagunk Lv26 (Anticipation): Swagger/Revenge/Faint Attack | Machoke Lv26 (Guts): Karate Chop/Foresight
514,beauty_devon,Beauty Devon,Beauty,215,505,0.299,498,1080,1241.8,E+,Lady Melissa Rematch 2 (Elo 1555.8),Guitarist Arturo (Elo 952.2),Reporter Kinsey Rematch 1 (7 games),10.9,Wormadam Lv24 (Anticipation): Protect/Bug Bite/Hidden Power/Confusion | Wormadam Lv24 (Anticipation): Protect/Bug Bite/Hidden Power/Confusion | Wormadam Lv24 (Anticipation): Protect/Bug Bite/Hidden Power/Confusion
515,gentleman_jeremy_rematch_1,Gentleman Jeremy Rematch 1,Gentleman,215,505,0.299,507,1086,1235.4,E+,Rival Route 209 Empoleon (Elo 1493.3),Cyclist Ryan (Elo 951.5),Swimmer Claire (7 games),5.2,Chatot Lv35 (Keen Eye): Chatter/Taunt/Mimic/Roost
516,skier_edward,Skier Edward,Skier Male,214,506,0.297,519,1104,1253.7,E+,Scientist Fredrick (Elo 1497.2),Psychic Lindsey (Elo 943.9),Young Couple Ty And Sue (7 games),4.9,Sneasel Lv39 (Inner Focus): Agility/Icy Wind/Slash/Beat Up
517,belle_and_pa_beth_and_bob,Belle And Pa Beth And Bob,Belle And Pa,214,506,0.297,503,1087,1229.3,E+,Skier Madison Rematch 2 (Elo 1648.7),Artist William (Elo 978.8),Artist William (7 games),3.09,Ponyta Lv23 (Run Away): Tail Whip/Ember/Flame Wheel/Stomp | Ponyta Lv23 (Run Away): Tail Whip/Ember/Flame Wheel/Stomp
518,ninja_boy_bruce,Ninja Boy Bruce,Ninja Boy,214,506,0.297,497,1081,1209.8,E+,Psychic Daisy Rematch Postgame (Elo 1906.0),Cyclist James (Elo 997.7),Tuber Mariel (7 games),4.07,Stunky Lv33 (Stench): Feint/Slash/Toxic/Night Slash
519,mira_wayward_cave,Mira Wayward Cave,Trainer Mira,213,507,0.296,504,1090,1223.9,E+,Swimmer Sheltin (Elo 1645.8),Guitarist Arturo (Elo 952.2),Parasol Lady Alexa (7 games),3.23,Kadabra Lv26 (Synchronize): Confusion/Shock Wave/Flash/Kinesis
520,ruin_maniac_karl,Ruin Maniac Karl,Ruin Maniac,212,508,0.294,483,1074,1223.0,E+,Fisherman Alec (Elo 1623.7),Psychic Lindsey (Elo 943.9),Fisherman Josh (7 games),9.74,Geodude Lv19 (Rock Head): Rock Polish/Rock Throw/Magnitude/Selfdestruct | Geodude Lv21 (Rock Head): Rock Polish/Rock Throw/Magnitude/Selfdestruct | Bronzor Lv23 (Levitate): Hypnosis/Imprison/Confuse Ray/Extrasensory
521,poke_kid_danielle_rematch_2,Poke Kid Danielle Rematch 2,Poke Kid,212,508,0.294,519,1111,1218.5,E+,Swimmer Sheltin (Elo 1645.8),Hiker Louis (Elo 978.1),Galactic Grunt Lake Verity 4 (7 games),4.23,Pikachu Lv44 (Static): Feint/Agility/Discharge/Light Screen
522,tuber_mariel,Tuber Mariel,Tuber Female,203,517,0.282,453,1079,1201.7,E+,Fisherman Cody (Elo 1455.0),Lass Samantha Rematch 1 (Elo 956.0),Pi Carlos (7 games),7.71,Marill Lv31 (Thick Fat): Rollout/Bubble Beam/Aqua Ring/Double Edge | Marill Lv33 (Thick Fat): Bubble Beam/Aqua Ring/Double Edge/Rain Dance
523,policeman_danny,Policeman Danny,Policeman,199,521,0.276,478,1120,1186.8,E+,Rich Boy Trey (Elo 1635.0),Cyclist John (Elo 1043.3),Parasol Lady Sabrina (7 games),5.7,Hoothoot Lv26 (Insomnia): Uproar/Reflect/Confusion/Take Down | Machop Lv28 (Guts): Foresight/Seismic Toss/Revenge/Vital Throw
524,swimmer_erica,Swimmer Erica,Swimmer Female,198,522,0.275,472,1125,1208.2,E+,Skier Edward Rematch 2 (Elo 1556.9),Lass Samantha Rematch 1 (Elo 956.0),Pokefan Meredith (7 games),5.52,Finneon Lv35 (Swift Swim): Water Pulse/Captivate/Safeguard/Aqua Ring
525,ninja_boy_brennan,Ninja Boy Brennan,Ninja Boy,197,523,0.274,484,1135,1195.4,E+,Skier Andrea Rematch 1 (Elo 1571.9),Jogger Wyatt (Elo 932.9),Galactic Grunt Galactic Hq 3f 3 (7 games),7.42,Zubat Lv30 (Inner Focus): Wing Attack/Confuse Ray/Air Cutter/Mean Look | Skorupi Lv32 (Battle Armor): Pin Missile/Acupressure/Scary Face/Toxic Spikes
526,policeman_alex,Policeman Alex,Policeman,194,526,0.269,455,1118,1197.1,E+,Hiker Alexander (Elo 1596.9),Maid Sophie (Elo 1005.1),Artist Ismael (7 games),5.51,Hoothoot Lv25 (Insomnia): Uproar/Reflect/Confusion/Take Down | Machop Lv25 (Guts): Foresight/Seismic Toss/Revenge/Vital Throw
527,ruin_maniac_calvin,Ruin Maniac Calvin,Ruin Maniac,194,526,0.269,474,1139,1187.1,E+,Black Belt Davon Postgame (Elo 1652.1),Waitress Kati (Elo 968.8),Guitarist Arturo Rematch 3 (7 games),11.42,Bronzor Lv23 (Levitate): Hypnosis/Imprison/Confuse Ray/Extrasensory | Shieldon Lv23 (Sturdy): Taunt/Metal Sound/Take Down/Iron Defense
528,aroma_lady_alison,Aroma Lady Alison,Aroma Lady,191,529,0.265,458,1133,1194.3,E+,Psychic Daisy Postgame (Elo 1829.4),Cyclist James (Elo 997.7),Reporter Kinsey (7 games),4.48,Roselia Lv28 (Natural Cure): Magical Leaf/Grass Whistle/Giga Drain/Toxic Spikes
529,scientist_emilio,Scientist Emilio,Scientist,191,529,0.265,443,1117,1190.6,E+,School Kid Tiera (Elo 1506.2),Cheryl Eterna Forest (Elo 891.7),Cheryl Eterna Forest (7 games),2.93,Kadabra Lv27 (Synchronize): Confusion/Disable/Miracle Eye/Psybeam
530,breeder_kaylee,Breeder Kaylee,Breeder Female,191,529,0.265,450,1129,1177.9,E+,Worker Conrad (Elo 1387.3),Cyclist Nicole (Elo 1024.9),Scientist Shaun (7 games),9.69,Aipom Lv26 (Run Away): Tickle/Fury Swipes/Swift/Screech | Marill Lv26 (Thick Fat): Water Gun/Rollout/Bubble Beam/Aqua Ring | Swablu Lv26 (Natural Cure): Sing/Fury Attack/Safeguard/Mist
531,pi_kendrick,Pi Kendrick,Pi,190,530,0.264,480,1162,1202.2,E+,Guitarist Lonnie (Elo 1552.7),Dawn Jubilife City Chimchar (Elo 859.7),Cyclist Kayla Rematch 2 (7 games),4.36,Rhyhorn Lv31 (Lightning Rod): Horn Drill/Reversal
532,youngster_dallas_rematch_1,Youngster Dallas Rematch 1,Youngster,190,530,0.264,470,1153,1189.4,E+,Swimmer Cassandra (Elo 1511.4),Cyclist Ryan (Elo 951.5),Galactic Grunt Veilstone City 1 (7 games),6.34,Luxio Lv22 (Rivalry): Leer/Charge/Spark/Bite | Bibarel Lv22 (Simple): Defense Curl/Rollout/Water Gun/Headbutt
533,pokefan_meredith,Pokefan Meredith,Pokefan Female,190,530,0.264,447,1127,1182.7,E+,Cyclist Kayla Rematch 3 (Elo 1623.0),Collector Edwin (Elo 962.8),Swimmer Erica (7 games),9.37,Pichu @ Sitrus Berry Lv26 (Static): Tail Whip/Thunder Wave/Sweet Kiss/Nasty Plot | Pachirisu @ Sitrus Berry Lv26 (Run Away): Spark/Endure/Swift/Sweet Kiss
534,galactic_grunt_lake_verity_1,Galactic Grunt Lake Verity 1,Galactic Grunt Male,189,531,0.263,507,1188,1169.1,E,Skier Edward Rematch 2 (Elo 1556.9),Galactic Grunt Team Galactic Eterna Building 1f 2 (Elo 939.8),Youngster Wayne (7 games),4.52,Croagunk Lv37 (Anticipation): Swagger/Mud Bomb/Sucker Punch/Nasty Plot
535,school_kid_esteban,School Kid Esteban,School Kid Male,188,532,0.261,439,1129,1199.6,E+,School Kid Tiera (Elo 1506.2),Aroma Lady Elizabeth (Elo 928.6),Lass Caroline (7 games),5.39,Quagsire Lv26 (Damp): Mud Bomb/Slam/Water Gun/Amnesia
536,fisherman_josh,Fisherman Josh,Fisherman,188,532,0.261,432,1120,1164.3,E,Guitarist Arturo Rematch 2 (Elo 1407.8),Collector Edwin (Elo 962.8),Ruin Maniac Karl (7 games),6.78,Goldeen Lv27 (Swift Swim): Horn Attack/Water Pulse/Flail/Aqua Ring | Goldeen Lv27 (Swift Swim): Horn Attack/Water Pulse/Flail/Aqua Ring
537,galactic_grunt_galactic_hq_1f,Galactic Grunt Galactic Hq 1f,Galactic Grunt Female,187,533,0.26,467,1161,1180.9,E+,Scientist Fredrick (Elo 1497.2),Hiker Robert (Elo 911.2),Aroma Lady Elizabeth Rematch 2 (7 games),4.5,Glameow Lv41 (Limber): Assist/Captivate/Slash/Sucker Punch
538,jogger_craig,Jogger Craig,Jogger,187,533,0.26,430,1121,1174.5,E,Swimmer Troy (Elo 1623.6),Hiker Louis (Elo 978.1),Collector Fernando (7 games),5.66,Luxio Lv22 (Rivalry): Leer/Charge/Spark/Bite | Luxio Lv24 (Rivalry): Charge/Spark/Bite/Roar
539,black_belt_ricky,Black Belt Ricky,Black Belt,186,534,0.258,482,1173,1178.5,E+,Bird Keeper Autumn (Elo 1680.9),Aroma Lady Taylor (Elo 814.7),Ninja Boy Matthew (7 games),11.65,Steelix Lv38 (Rock Head): Iron Tail/Taunt/Torment/Screech
540,galactic_grunt_valor_lakefront,Galactic Grunt Valor Lakefront,Galactic Grunt Male,185,535,0.257,468,1166,1183.0,E+,Cyclist Kayla Rematch 3 (Elo 1623.0),Bird Keeper Alexandra (Elo 941.5),Policeman Bobby (7 games),3.47,Croagunk Lv31 (Anticipation): Revenge/Swagger/Mud Bomb/Sucker Punch
541,policeman_bobby,Policeman Bobby,Policeman,185,535,0.257,438,1136,1165.0,E,Jogger Craig Rematch 1 (Elo 1580.3),Maid Sophie (Elo 1005.1),Black Belt Jeffery (7 games),5.88,Hoothoot Lv24 (Insomnia): Peck/Uproar/Reflect/Confusion | Machop Lv26 (Guts): Foresight/Seismic Toss/Revenge/Vital Throw
542,youngster_wayne,Youngster Wayne,Youngster,184,536,0.256,420,1125,1184.2,E+,Guitarist Arturo Rematch 2 (Elo 1407.8),Tuber Chelsea (Elo 1030.6),Galactic Grunt Lake Verity 1 (7 games),9.25,Staravia Lv17 (Intimidate): Growl/Quick Attack/Wing Attack/Double Team | Shellos Lv20 (Sticky Hold): Harden/Water Pulse/Mud Bomb/Hidden Power | Ponyta Lv20 (Run Away): Tail Whip/Ember/Flame Wheel/Stomp
543,ruin_maniac_gerald,Ruin Maniac Gerald,Ruin Maniac,182,538,0.253,435,1147,1195.6,E+,Black Belt Philip Rematch (Elo 1583.8),Psychic Lindsey (Elo 943.9),School Kid Mackenzie (7 games),8.5,Geodude Lv19 (Rock Head): Rock Polish/Rock Throw/Magnitude/Selfdestruct | Bronzor Lv21 (Levitate): Hypnosis/Imprison/Confuse Ray/Extrasensory
544,school_kid_mackenzie,School Kid Mackenzie,School Kid Female,181,539,0.251,423,1138,1160.0,E,Ranger Felicia Postgame (Elo 1851.5),Hiker Robert (Elo 911.2),Bug Catcher Jack & Lass Briana (7 games),9.18,Drifloon Lv21 (Aftermath): Payback/Gust/Astonish/Minimize | Drifloon Lv21 (Aftermath): Spit Up/Swallow/Stockpile
545,black_belt_jeffery,Black Belt Jeffery,Black Belt,180,540,0.25,487,1204,1175.9,E+,Cyclist Kayla Rematch 3 (Elo 1623.0),Jogger Wyatt (Elo 932.9),Galactic Grunt Mt Coronet 3f 1 (7 games),4.67,Heracross Lv28 (Swarm): Brick Break/Aerial Ace/Leer
546,policeman_caleb,Policeman Caleb,Policeman,180,540,0.25,442,1162,1158.2,E,Hiker Alexander (Elo 1596.9),Cyclist Megan (Elo 967.0),Policeman Alex (7 games),5.7,Hoothoot Lv23 (Insomnia): Peck/Uproar/Reflect/Confusion | Machop Lv27 (Guts): Foresight/Seismic Toss/Revenge/Vital Throw
547,aroma_lady_elizabeth_rematch_1,Aroma Lady Elizabeth Rematch 1,Aroma Lady,180,540,0.25,460,1183,1151.0,E,School Kid Tiera (Elo 1506.2),Ninja Boy Zach (Elo 927.8),Black Belt Derek (7 games),4.34,Roselia Lv24 (Natural Cure): Mega Drain/Leech Seed/Magical Leaf/Grass Whistle
548,scientist_stefano,Scientist Stefano,Scientist,179,541,0.249,453,1175,1169.0,E,Socialite Reina Rematch 1 (Elo 1445.5),Galactic Grunt Team Galactic Eterna Building 1f 2 (Elo 939.8),Ranger Jeffrey (7 games),3.74,Kadabra Lv30 (Synchronize): Psybeam/Disable/Kinesis/Ice Punch
549,youngster_donny,Youngster Donny,Youngster,177,543,0.246,441,1172,1184.2,E+,Black Belt Davon (Elo 1854.1),Bird Keeper Alexandra (Elo 941.5),Lass Caroline (7 games),6.02,Gastly Lv20 (Levitate): Sucker Punch/Night Shade/Confuse Ray/Curse | Drifloon Lv22 (Aftermath): Spit Up/Swallow/Stockpile
550,collector_ivan,Collector Ivan,Collector,177,543,0.246,428,1163,1158.8,E,Galactic Grunt Mt Coronet Tunnel Room 2 (Elo 1498.8),Fisherman Zachary (Elo 848.5),Artist Ismael (7 games),9.15,Togetic Lv35 (Hustle): Encore/Follow Me/Wish/Ancient Power
551,cyclist_kayla_rematch_1,Cyclist Kayla Rematch 1,Cyclist Female,176,544,0.244,427,1164,1149.7,E,Fisherman Miguel (Elo 1536.6),Psychic Rachael (Elo 919.9),Camper Drew (7 games),3.42,Pikachu Lv35 (Static): Slam/Thunderbolt/Feint/Agility
552,policeman_dylan,Policeman Dylan,Policeman,175,545,0.243,409,1149,1146.0,E,Worker Conrad (Elo 1387.3),Psychic Elijah (Elo 949.2),Guitarist Arturo Rematch 4 (7 games),5.56,Hoothoot Lv26 (Insomnia): Uproar/Reflect/Confusion/Take Down | Machop Lv24 (Guts): Karate Chop/Foresight/Seismic Toss/Revenge
553,galactic_grunt_veilstone_city_2,Galactic Grunt Veilstone City 2,Galactic Grunt Male,174,546,0.242,429,1174,1161.9,E,Cyclist Kayla Rematch 3 (Elo 1623.0),Cyclist James (Elo 997.7),Lass Samantha Rematch 2 (7 games),5.64,Zubat Lv24 (Inner Focus): Astonish/Bite/Wing Attack/Confuse Ray | Croagunk Lv26 (Anticipation): Pursuit/Faint Attack/Revenge/Swagger
554,black_belt_colby,Black Belt Colby,Black Belt,173,547,0.24,403,1151,1150.3,E,Hiker Alexander (Elo 1596.9),School Kid Chance (Elo 1021.5),Maid Clare (7 games),9.74,Machoke Lv23 (Guts): Karate Chop/Leer/Foresight | Machoke Lv25 (Guts): Low Kick/Foresight | Machoke Lv27 (Guts): Submission/Leer/Foresight
555,youngster_oliver,Youngster Oliver,Youngster,171,549,0.237,400,1158,1158.3,E,Reporter Kinsey Rematch 2 (Elo 1769.5),Bird Keeper Alexandra (Elo 941.5),Picnicker Lauren (7 games),7.94,Mothim Lv20 (Swarm): Tackle/Protect/Bug Bite/Hidden Power | Barboach Lv19 (Oblivious): Water Sport/Water Gun/Mud Bomb/Amnesia | Chatot Lv21 (Keen Eye): Mirror Move/Sing/Fury Attack/Chatter
556,hiker_kevin,Hiker Kevin,Hiker,171,549,0.237,420,1175,1157.1,E,Cyclist Kayla Rematch 3 (Elo 1623.0),Dawn Jubilife City Chimchar (Elo 859.7),Beauty Lindsay (7 games),9.27,Geodude Lv17 (Rock Head): Mud Sport/Rock Polish/Rock Throw/Magnitude | Geodude Lv17 (Rock Head): Mud Sport/Rock Polish/Rock Throw/Magnitude | Onix Lv19 (Rock Head): Screech/Rock Throw/Rage/Rock Tomb | Geodude Lv19 (Rock Head): Rock Polish/Rock Throw/Magnitude/Selfdestruct
557,galactic_grunt_veilstone_city_1,Galactic Grunt Veilstone City 1,Galactic Grunt Male,171,549,0.237,414,1164,1141.3,E,Scientist Fredrick (Elo 1497.2),Cyclist Megan (Elo 967.0),Breeder Albert (7 games),7.83,Zubat Lv24 (Inner Focus): Astonish/Bite/Wing Attack/Confuse Ray | Stunky Lv26 (Stench): Fury Swipes/Smoke Screen/Feint/Slash
558,poke_kid_danielle_rematch_1,Poke Kid Danielle Rematch 1,Poke Kid,167,553,0.232,422,1197,1146.8,E,Fisherman Miguel (Elo 1536.6),Cyclist Axel (Elo 923.6),Maid Elena (7 games),3.47,Pikachu Lv34 (Static): Slam/Thunderbolt/Feint/Agility
559,pi_carlos,Pi Carlos,Pi,167,553,0.232,432,1209,1126.9,E,Rival Route 209 Torterra (Elo 1425.6),Rich Boy Liam (Elo 869.8),Interviewers Roxy And Oli (7 games),4.19,Goldeen Lv30 (Swift Swim): Horn Drill/Flail
560,socialite_rebecca,Socialite Rebecca,Socialite,163,557,0.226,416,1200,1143.8,E,Leader Fantina (Elo 1490.4),Psychic Elijah (Elo 949.2),Breeder Kahlil (7 games),6.12,Purugly Lv27 (Thick Fat): Hypnosis/Faint Attack/Fury Swipes/Charm
561,reporter_kinsey,Reporter Kinsey,Reporter,162,558,0.225,390,1182,1125.9,E,Black Belt Davon (Elo 1854.1),Hiker Robert (Elo 911.2),Aroma Lady Alison (7 games),7.32,Shinx Lv22 (Rivalry): Charge/Spark/Bite/Roar | Drifloon Lv22 (Aftermath): Gust/Focus Energy/Payback/Stockpile
562,breeder_amber,Breeder Amber,Breeder Female,161,559,0.224,427,1222,1146.2,E,Swimmer Troy (Elo 1623.6),Lucas Jubilife City Turtwig (Elo 844.2),Swimmer Gabrielle (7 games),7.08,Magby Lv23 (Flame Body): Ember/Smoke Screen/Faint Attack/Fire Spin | Togepi Lv23 (Hustle): Metronome/Sweet Kiss/Yawn/Encore
563,artist_ismael,Artist Ismael,Artist,161,559,0.224,410,1202,1124.1,E,Skier Kaitlyn (Elo 1403.7),Camper Jacob (Elo 887.2),Policeman Alex (7 games),5.08,Kricketune Lv28 (Swarm): Leech Life/Sing/Focus Energy/Slash
564,lass_blythe,Lass Blythe,Lass,161,559,0.224,394,1186,1119.1,E,Tuber Jacky (Elo 1268.7),Guitarist Arturo (Elo 952.2),Youngster Austin (7 games),5.76,Chingling Lv25 (Levitate): Astonish/Confusion/Uproar/Last Resort | Buneary Lv25 (Run Away): Endure/Frustration/Quick Attack/Jump Kick
565,maid_clare,Maid Clare,Maid,160,560,0.222,414,1215,1115.2,E,Skier Kaitlyn (Elo 1403.7),Youngster Tristan (Elo 724.0),Twins Teri And Tia (7 games),5.19,Clefairy Lv33 (Cute Charm): Metronome/Bounce/Meteor Mash/Endure
566,camper_parker,Camper Parker,Camper,159,561,0.221,362,1169,1125.1,E,Swimmer Troy (Elo 1623.6),Aroma Lady Elizabeth (Elo 928.6),Pi Carlos (7 games),4.49,Buizel Lv20 (Swift Swim): Water Gun/Swift/Quick Attack | Shinx Lv20 (Rivalry): Spark/Bite
567,collector_jamal,Collector Jamal,Collector,158,562,0.219,390,1195,1117.1,E,Ace Trainer Allen (Elo 1378.4),Clown Lee (Elo 757.4),Ace Trainer Allen (7 games),6.97,Porygon Lv27 (Trace): Psybeam/Agility/Recover/Magnet Rise
568,interviewers_roxy_and_oli,Interviewers Roxy And Oli,Interviewers,155,565,0.215,384,1208,1116.6,E,Swimmer Sophia Postgame (Elo 1708.8),Camper Jacob (Elo 887.2),Pi Carlos (7 games),3.88,Magnemite Lv23 (Magnet Pull): Supersonic/Sonic Boom/Thunder Wave/Spark | Ralts Lv23 (Synchronize): Teleport/Lucky Chant/Magical Leaf/Calm Mind
569,black_belt_nathaniel,Black Belt Nathaniel,Black Belt,154,566,0.214,359,1190,1108.4,E,Hiker Alexander (Elo 1596.9),Cyclist Megan (Elo 967.0),Cyclist Nicole (7 games),8.62,Croagunk Lv21 (Anticipation): Poison Sting/Taunt/Pursuit/Faint Attack | Meditite Lv24 (Pure Power): Detect/Hidden Power/Mind Reader/Feint | Machop Lv24 (Guts): Karate Chop/Foresight/Seismic Toss/Revenge
570,ruin_maniac_ronald,Ruin Maniac Ronald,Ruin Maniac,153,567,0.212,392,1222,1133.5,E,Ace Trainer Saul Postgame (Elo 1874.0),Hiker Robert (Elo 911.2),Galactic Grunt Valor Lakefront (7 games),6.37,Shieldon Lv27 (Sturdy): Metal Sound/Take Down/Iron Defense/Swagger
571,breeder_albert,Breeder Albert,Breeder Male,153,567,0.212,374,1201,1113.3,E,Fisherman Luc (Elo 1441.8),Beauty Cyndy (Elo 1004.7),Bug Catcher Brandon Rematch 1 (7 games),12.8,Budew Lv20 (Natural Cure): Water Sport/Stun Spore/Mega Drain/Worry Seed | Bonsly Lv20 (Sturdy): Flail/Low Kick/Rock Throw/Mimic | Pichu Lv20 (Static): Tail Whip/Thunder Wave/Sweet Kiss/Nasty Plot | Eevee Lv20 (Run Away): Tackle/Helping Hand/Sand Attack/Growl
572,lass_molly,Lass Molly,Lass,153,567,0.212,403,1232,1105.2,E,Black Belt Davon (Elo 1854.1),Clown Lee (Elo 757.4),Youngster Dallas Rematch 1 (7 games),6.78,Misdreavus Lv23 (Levitate): Pain Split/Psybeam/Confuse Ray
573,young_couple_ty_and_sue,Young Couple Ty And Sue,Young Couple,152,568,0.211,342,1174,1117.8,E,Camper Drew (Elo 1349.1),Waitress Kati (Elo 968.8),Skier Edward (7 games),3.09,Buneary Lv23 (Run Away): Foresight/Jump Kick/Quick Attack/Defense Curl | Buizel Lv23 (Swift Swim): Aqua Jet/Swift/Pursuit/Sonic Boom
574,youngster_austin,Youngster Austin,Youngster,151,569,0.21,368,1209,1094.9,E-,Galactic Grunt Mt Coronet 3f 1 (Elo 1345.5),Aroma Lady Elizabeth (Elo 928.6),Lass Blythe (7 games),8.63,Buizel Lv18 (Swift Swim): Quick Attack/Water Gun/Pursuit/Swift | Luxio Lv18 (Rivalry): Leer/Charge/Spark/Bite | Gligar Lv21 (Hyper Cutter): Harden/Knock Off/Quick Attack/Fury Cutter
575,lady_melissa,Lady Melissa,Lady,149,571,0.207,357,1200,1120.1,E,Hiker Theodore Rematch 2 (Elo 1492.7),Aroma Lady Elizabeth (Elo 928.6),Breeder Amber (7 games),3.7,Cherubi Lv27 (Chlorophyll): Leech Seed/Helping Hand/Magical Leaf/Sunny Day
576,commander_mars_valley_windworks,Commander Mars Valley Windworks,Commander Mars,149,571,0.207,348,1192,1105.7,E,Black Belt Philip Rematch (Elo 1583.8),Beauty Cyndy (Elo 1004.7),Breeder Albert (7 games),5.87,Zubat Lv15 (Inner Focus): Bite/Leech Life/Toxic | Purugly @ Oran Berry Lv17 (Thick Fat): Faint Attack/Scratch/Fake Out
577,gentleman_jeremy,Gentleman Jeremy,Gentleman,148,572,0.206,385,1236,1078.3,E-,Rival Route 209 Torterra (Elo 1425.6),Hiker Robert (Elo 911.2),Ninja Boy Nick (7 games),4.12,Chatot Lv27 (Keen Eye): Sing/Fury Attack/Chatter/Taunt
578,aroma_lady_hannah,Aroma Lady Hannah,Aroma Lady,147,573,0.204,363,1213,1127.8,E,School Kid Tiera (Elo 1506.2),Dawn Jubilife City Piplup (Elo 863.8),Youngster Austin (7 games),5.92,Roselia Lv18 (Natural Cure): Poison Sting/Stun Spore/Mega Drain/Leech Seed | Combee Lv22 (Honey Gather): Sweet Scent/Gust/Bug Bite
579,scientist_travon,Scientist Travon,Scientist,147,573,0.204,354,1206,1079.8,E-,Swimmer Troy (Elo 1623.6),Galactic Grunt Jubilife City 1 (Elo 827.5),Cyclist James (7 games),2.66,Kadabra Lv20 (Synchronize): Confusion
580,rich_boy_jason,Rich Boy Jason,Rich Boy,145,575,0.201,366,1225,1094.0,E-,Beauty Nicola (Elo 1458.3),Roughneck Kirby (Elo 941.9),Youngster Austin (7 games),4.65,Prinplup Lv27 (Torrent): Peck/Metal Claw/Bubble Beam/Bide
581,hiker_reginald,Hiker Reginald,Hiker,145,575,0.201,379,1245,1091.0,E-,Cyclist Kayla Rematch 2 (Elo 1514.0),Youngster Michael (Elo 759.0),Bug Catcher Jack & Lass Briana (7 games),3.88,Geodude Lv20 (Rock Head): Rock Polish/Rock Throw/Magnitude/Selfdestruct | Geodude Lv20 (Rock Head): Rock Polish/Rock Throw/Magnitude/Selfdestruct
582,picnicker_karina_rematch_1,Picnicker Karina Rematch 1,Picnicker,142,578,0.197,332,1203,1088.6,E-,Hiker Theodore Rematch 2 (Elo 1492.7),Fisherman Zachary (Elo 848.5),Youngster Austin (7 games),3.53,Piplup Lv24 (Torrent): Bubble Beam/Peck/Pound/Growl
583,picnicker_lauren,Picnicker Lauren,Picnicker,142,578,0.197,335,1211,1076.7,E-,Galactic Grunt Lake Valor 1 (Elo 1405.1),Youngster Darius (Elo 838.3),Cyclist Rachel (7 games),5.1,Pachirisu Lv22 (Run Away): Spark/Quick Attack/Charm
584,black_belt_derek,Black Belt Derek,Black Belt,140,580,0.194,365,1249,1107.7,E,Fisherman Alec (Elo 1623.7),Jogger Wyatt (Elo 932.9),Aroma Lady Elizabeth Rematch 1 (7 games),3.41,Croagunk Lv26 (Anticipation): Pursuit/Faint Attack/Revenge/Swagger
585,maid_elena,Maid Elena,Maid,139,581,0.193,372,1251,1090.6,E-,Gentleman Jeremy Rematch 2 (Elo 1494.4),Poke Kid Danielle (Elo 765.3),Guitarist Arturo Rematch 3 (7 games),4.66,Clefairy Lv31 (Cute Charm): Metronome/Swagger/Meteor Mash/Endure
586,breeder_jennifer,Breeder Jennifer,Breeder Female,137,583,0.19,320,1212,1069.8,E-,Hiker Maurice (Elo 1375.6),Cyclist Megan (Elo 967.0),Cyclist James (7 games),14.55,Budew Lv20 (Natural Cure): Water Sport/Stun Spore/Mega Drain/Worry Seed | Mime Jr Lv20 (Soundproof): Meditate/Encore/Double Slap/Mimic | Cleffa Lv20 (Cute Charm): Sing/Sweet Kiss/Copycat/Magical Leaf | Eevee Lv20 (Run Away): Tackle/Helping Hand/Sand Attack/Growl
587,hiker_theodore,Hiker Theodore,Hiker,136,584,0.189,330,1222,1093.2,E-,Guitarist Lonnie (Elo 1552.7),Lucas Jubilife City Turtwig (Elo 844.2),Cyclist Kayla Rematch 2 (7 games),6.48,Onix Lv18 (Rock Head): Screech/Rock Throw/Rage/Rock Tomb | Onix Lv20 (Rock Head): Screech/Rock Throw/Rage/Rock Tomb
588,beauty_harley,Beauty Harley,Beauty,135,585,0.188,331,1231,1081.0,E-,Hiker Theodore Rematch 2 (Elo 1492.7),Cheryl Eterna Forest (Elo 891.7),Waitress Kati (7 games),3.65,Psyduck Lv26 (Damp): Water Gun/Disable/Confusion/Water Pulse
589,cowgirl_shelley,Cowgirl Shelley,Cowgirl,134,586,0.186,339,1239,1064.6,E-,Socialite Reina Rematch 1 (Elo 1445.5),Hiker Robert (Elo 911.2),Rich Boy Jason (7 games),3.27,Ponyta Lv23 (Run Away): Tail Whip/Ember/Flame Wheel/Stomp
590,rancher_marco,Rancher Marco,Rancher,133,587,0.185,344,1254,1104.5,E-,Hiker Theodore Rematch 2 (Elo 1492.7),Fisherman Joseph (Elo 912.7),Galactic Grunt Veilstone City 2 (7 games),3.31,Ponyta Lv24 (Run Away): Ember/Flame Wheel/Stomp/Fire Spin
591,cyclist_rachel,Cyclist Rachel,Cyclist Female,133,587,0.185,325,1231,1069.0,E-,Black Belt Miles (Elo 1487.3),Bird Keeper Alexandra (Elo 941.5),Picnicker Lauren (7 games),4.8,Ponyta Lv20 (Run Away): Tail Whip/Ember/Flame Wheel/Stomp | Shinx Lv18 (Rivalry): Leer/Charge/Spark/Bite
592,jogger_richard,Jogger Richard,Jogger,131,589,0.182,345,1262,1074.1,E-,Ninja Boy Matthew (Elo 1424.8),Camper Jacob (Elo 887.2),Artist William (7 games),3.55,Luxio Lv23 (Rivalry): Charge/Spark/Bite/Roar
593,battle_girl_helen_rematch_1,Battle Girl Helen Rematch 1,Battle Girl,130,590,0.181,322,1242,1075.4,E-,Galactic Grunt Galactic Hq 3f 3 (Elo 1419.0),Aroma Lady Elizabeth (Elo 928.6),Galactic Grunt Team Galactic Eterna Building 1f 1 (7 games),7.37,Meditite Lv23 (Pure Power): Detect/Hidden Power/Mind Reader/Feint | Machop Lv23 (Guts): Karate Chop/Foresight/Seismic Toss/Revenge
594,bug_catcher_brandon_rematch_1,Bug Catcher Brandon Rematch 1,Bug Catcher,130,590,0.181,312,1231,1066.9,E-,Guitarist Arturo Rematch 4 (Elo 1339.9),Cyclist Kayla (Elo 912.6),Breeder Albert (7 games),9.94,Dustox Lv21 (Shield Dust): Confusion/Gust/Protect/Moonlight | Kricketune Lv23 (Swarm): Fury Cutter/Leech Life/Sing/Focus Energy
595,rich_boy_roman,Rich Boy Roman,Rich Boy,129,591,0.179,320,1247,1048.4,E-,Reporter Kinsey Rematch 1 (Elo 1367.7),Waitress Kati (Elo 968.8),Cyclist Nicole (7 games),5.12,Lickitung Lv26 (Own Tempo): Knock Off/Wrap/Stomp/Disable
596,hiker_justin,Hiker Justin,Hiker,127,593,0.176,318,1250,1082.6,E-,Cyclist Kayla Rematch 2 (Elo 1514.0),Aroma Lady Taylor (Elo 814.7),Psychic Mitchell (7 games),6.07,Geodude Lv20 (Rock Head): Rock Polish/Rock Throw/Magnitude/Selfdestruct | Nosepass Lv20 (Sturdy): Tackle/Harden/Rock Throw/Block
597,jogger_scott,Jogger Scott,Jogger,126,594,0.175,333,1267,1070.0,E-,Battle Girl Helen Rematch 2 (Elo 1603.1),Galactic Grunt Floaroma Meadow 2 (Elo 814.1),Lady Kylie (7 games),4.69,Staravia Lv25 (Intimidate): Wing Attack/Double Team/Endeavor/Whirlwind
598,black_belt_kyle,Black Belt Kyle,Black Belt,126,594,0.175,315,1248,1051.9,E-,Hiker Theodore Rematch 2 (Elo 1492.7),Poke Kid Danielle (Elo 765.3),Maid Elena (7 games),3.08,Machop Lv23 (Guts): Karate Chop/Foresight/Seismic Toss/Revenge
599,beauty_gabriella,Beauty Gabriella,Beauty,126,594,0.175,319,1254,1039.6,E-,Cyclist Kayla Rematch 3 (Elo 1623.0),Picnicker Siena (Elo 863.8),Cyclist Axel (7 games),4.03,Finneon Lv26 (Swift Swim): Rain Dance/Gust/Water Pulse/Captivate
600,lass_madeline_rematch_1,Lass Madeline Rematch 1,Lass,125,595,0.174,306,1242,1057.1,E-,Hiker Theodore Rematch 1 (Elo 1351.8),Guitarist Arturo (Elo 952.2),Pokefan Leonard (7 games),5.46,Psyduck Lv22 (Damp): Water Gun/Disable/Confusion/Water Pulse | Buneary Lv22 (Run Away): Foresight/Endure/Frustration/Quick Attack
601,lady_kylie,Lady Kylie,Lady,125,595,0.174,323,1265,1054.4,E-,Guitarist Arturo Rematch 4 (Elo 1339.9),Galactic Grunt Team Galactic Eterna Building 2f 1 (Elo 891.6),Jogger Scott (7 games),11.72,Cleffa Lv24 (Cute Charm): Sing/Sweet Kiss/Copycat/Magical Leaf | Clefairy Lv26 (Cute Charm): Follow Me/Minimize/Wake Up Slap/Cosmic Power
602,twins_teri_and_tia,Twins Teri And Tia,Twins,123,597,0.171,308,1251,1063.7,E-,Reporter Kinsey Rematch 4 (Elo 1903.8),Fisherman Zachary (Elo 848.5),Maid Clare (7 games),4.99,Pikachu Lv23 (Static): Thunder Wave/Quick Attack/Double Team/Slam | Clefairy Lv23 (Cute Charm): Defense Curl/Follow Me/Minimize/Wake Up Slap
603,collector_terry,Collector Terry,Collector,123,597,0.171,312,1261,1034.2,E-,Swimmer Cassandra (Elo 1511.4),Cheryl Eterna Forest (Elo 891.7),Maid Belinda (7 games),3.13,Gible Lv22 (Sand Veil): Dragon Rage/Sandstorm/Take Down/Sand Tomb
604,cameraman_tevin,Cameraman Tevin,Cameraman,122,598,0.169,319,1271,1029.1,F+,Gentleman Jeremy Rematch 3 (Elo 1669.3),Aroma Lady Elizabeth (Elo 928.6),Battle Girl Helen (7 games),7.65,Mime Jr Lv20 (Soundproof): Meditate/Encore/Double Slap/Mimic | Machop Lv22 (Guts): Karate Chop/Foresight/Seismic Toss/Revenge
605,picnicker_tori,Picnicker Tori,Picnicker,121,599,0.168,292,1251,1051.4,E-,Hiker Theodore Rematch 2 (Elo 1492.7),Cheryl Eterna Forest (Elo 891.7),Black Belt Derek (7 games),3.24,Psyduck Lv22 (Damp): Water Gun/Disable/Confusion/Water Pulse
606,tuber_chelsea,Tuber Chelsea,Tuber Female,121,599,0.168,306,1260,1030.6,F+,Socialite Reina Rematch 1 (Elo 1445.5),Aroma Lady Elizabeth (Elo 928.6),Black Belt Derek (7 games),4.4,Marill Lv28 (Thick Fat): Rollout/Bubble Beam/Aqua Ring/Double Edge
607,galactic_grunt_team_galactic_eterna_building_3f,Galactic Grunt Team Galactic Eterna Building 3f,Galactic Grunt Female,120,600,0.167,302,1261,1031.6,E-,Psychic Daisy Rematch Postgame (Elo 1906.0),Cyclist Axel (Elo 923.6),Cyclist Axel (7 games),9.3,Stunky Lv16 (Stench): Poison Gas/Screech/Fury Swipes/Smoke Screen | Croagunk Lv16 (Anticipation): Mud Slap/Poison Sting/Taunt/Pursuit | Glameow Lv16 (Limber): Fake Out/Scratch/Growl/Hypnosis
608,gentleman_leonardo,Gentleman Leonardo,Gentleman,119,601,0.165,312,1271,1045.2,E-,Ranger Allison (Elo 1412.7),Idol Grace (Elo 892.4),Scientist Travon (7 games),6.94,Chatot Lv27 (Keen Eye): Mimic/Sing/Fury Attack/Roost
609,cyclist_john,Cyclist John,Cyclist Male,119,601,0.165,324,1287,1043.3,E-,Swimmer Mallory Postgame (Elo 1535.8),Hiker Daniel (Elo 866.7),Waitress Kati (7 games),6.24,Starly Lv18 (Keen Eye): Quick Attack/Wing Attack/Double Team/Endeavor | Staravia Lv20 (Intimidate): Quick Attack/Wing Attack/Double Team/Endeavor
610,youngster_tristan_rematch_1,Youngster Tristan Rematch 1,Youngster,119,601,0.165,330,1296,1025.5,F+,Skier Edward Rematch 2 (Elo 1556.9),Poke Kid Danielle (Elo 765.3),Galactic Grunt Valor Lakefront (7 games),4.44,Staravia Lv24 (Intimidate): Wing Attack/Double Team/Endeavor/Whirlwind
611,maid_emily,Maid Emily,Maid,118,602,0.164,311,1277,1037.2,E-,Camper Drew (Elo 1349.1),Bug Catcher Brandon (Elo 807.0),Camper Zackary Rematch 1 (7 games),5.26,Clefairy Lv29 (Cute Charm): Metronome/Encore/Meteor Mash/Endure
612,hiker_jonathan,Hiker Jonathan,Hiker,116,604,0.161,271,1247,1035.0,E-,School Kid Tiera (Elo 1506.2),Dawn Jubilife City Turtwig (Elo 827.6),Hiker Reginald (7 games),4.52,Onix Lv22 (Rock Head): Rock Throw/Rage/Rock Tomb/Sandstorm
613,maid_belinda,Maid Belinda,Maid,116,604,0.161,306,1281,1023.7,F+,Lady Melissa Rematch 1 (Elo 1363.6),Clown Lee (Elo 757.4),Beauty Lindsay (7 games),5.57,Clefairy Lv25 (Cute Charm): Metronome/Minimize/Meteor Mash/Endure
614,leader_roark,Leader Roark,Leader Roark,114,606,0.158,271,1251,1047.6,E-,Galactic Grunt Spear Pillar 2 (Elo 1313.6),Lucas Jubilife City Turtwig (Elo 844.2),Camper Zackary Rematch 1 (7 games),7.77,Geodude Lv12 (Rock Head): Stealth Rock/Rock Throw | Onix Lv12 (Rock Head): Stealth Rock/Rock Throw/Screech | Cranidos Lv14 (Mold Breaker): Headbutt/Pursuit/Leer
615,camper_zackary_rematch_1,Camper Zackary Rematch 1,Camper,114,606,0.158,290,1272,1031.4,F+,Black Belt Kendal (Elo 1326.1),Roughneck Kirby (Elo 941.9),Maid Emily (7 games),3.75,Aipom Lv24 (Run Away): Baton Pass/Tickle/Fury Swipes/Swift
616,breeder_kahlil,Breeder Kahlil,Breeder Male,112,608,0.156,266,1261,1014.7,F+,Sailor Damian (Elo 1340.1),Cheryl Eterna Forest (Elo 891.7),Camper Anthony (7 games),6.2,Elekid Lv23 (Static): Thunder Shock/Low Kick/Swift/Shock Wave | Happiny Lv23 (Natural Cure): Charm/Copycat/Refresh/Sweet Kiss
617,hiker_lorenzo,Hiker Lorenzo,Hiker,111,609,0.154,264,1260,1032.0,E-,School Kid Tiera (Elo 1506.2),Lucas Jubilife City Turtwig (Elo 844.2),Fisherman Joseph (7 games),4.58,Onix Lv22 (Rock Head): Rock Throw/Rage/Rock Tomb/Sandstorm
618,lass_caroline,Lass Caroline,Lass,110,610,0.153,277,1277,1033.2,E-,Hiker Theodore Rematch 2 (Elo 1492.7),Lass Cassidy (Elo 875.7),Youngster Donny (7 games),5.99,Cherubi Lv17 (Chlorophyll): Tackle/Leech Seed | Roselia Lv17 (Natural Cure): Mega Drain/Poison Sting/Stun Spore
619,camper_diego,Camper Diego,Camper,110,610,0.153,269,1266,1032.4,E-,Galactic Grunt Spear Pillar 2 (Elo 1313.6),Picnicker Siena (Elo 863.8),Galactic Grunt Galactic Hq 1f (7 games),3.75,Aipom Lv22 (Run Away): Baton Pass/Tickle/Fury Swipes/Swift
620,pokefan_leonard,Pokefan Leonard,Pokefan Male,110,610,0.153,302,1304,1026.5,F+,Black Belt Miles (Elo 1487.3),Galactic Grunt Valley Windworks 1 (Elo 827.9),Lass Madeline Rematch 1 (7 games),10.43,Pichu @ Sitrus Berry Lv19 (Static): Tail Whip/Thunder Wave/Sweet Kiss/Nasty Plot | Pichu @ Sitrus Berry Lv19 (Static): Tail Whip/Thunder Wave/Sweet Kiss/Nasty Plot | Pikachu @ Sitrus Berry Lv22 (Static): Thunder Wave/Quick Attack/Double Team/Slam
621,beauty_cyndy,Beauty Cyndy,Beauty,110,610,0.153,283,1282,1004.7,F+,Ace Trainer Catherine (Elo 1309.4),Galactic Grunt Valley Windworks 3 (Elo 858.0),Maid Emily (7 games),4.31,Glameow Lv29 (Limber): Faint Attack/Fury Swipes/Charm/Assist
622,cyclist_nicole,Cyclist Nicole,Cyclist Female,109,611,0.151,292,1293,1024.9,F+,Black Belt Davon Postgame (Elo 1652.1),Hiker Daniel (Elo 866.7),Cyclist John (7 games),7.1,Starly Lv17 (Keen Eye): Quick Attack/Wing Attack/Double Team/Endeavor | Starly Lv18 (Keen Eye): Quick Attack/Wing Attack/Double Team/Endeavor | Starly Lv19 (Keen Eye): Quick Attack/Wing Attack/Double Team/Endeavor
623,bug_catcher_jack_and_lass_briana,Bug Catcher Jack & Lass Briana,Bug Catcher,109,611,0.151,286,1289,1023.6,F+,Battle Girl Helen Rematch 2 (Elo 1603.1),Cyclist Kayla (Elo 912.6),Hiker Reginald (7 games),6.48,Wurmple Lv11 (Shield Dust): Tackle/String Shot/Poison Sting | Pachirisu Lv16 (Run Away): Bide/Quick Attack/Charm/Spark | Silcoon Lv13 (Shed Skin): Tackle/String Shot/Poison Sting/Harden | Beautifly Lv15 (Swarm): Tackle/Poison Sting/Absorb/Gust
624,cyclist_james,Cyclist James,Cyclist Male,109,611,0.151,282,1289,997.7,F+,Leader Gardenia (Elo 1321.3),Hiker Nicholas (Elo 888.9),Cameraman Tevin (7 games),3.21,Ponyta Lv21 (Run Away): Tail Whip/Ember/Flame Wheel/Stomp
625,battle_girl_helen,Battle Girl Helen,Battle Girl,108,612,0.15,268,1275,1026.7,F+,Guitarist Arturo Rematch 4 (Elo 1339.9),Fisherman Joseph (Elo 912.7),Cameraman Tevin (7 games),6.41,Machop Lv21 (Guts): Focus Energy/Karate Chop/Foresight/Seismic Toss | Meditite Lv21 (Pure Power): Confusion/Detect/Hidden Power/Mind Reader
626,maid_sophie,Maid Sophie,Maid,108,612,0.15,284,1296,1005.1,F+,Black Belt Kendal (Elo 1326.1),Collector Eugene (Elo 767.2),Galactic Grunt Team Galactic Eterna Building 3f (7 games),5.58,Clefairy Lv27 (Cute Charm): Metronome/Sing/Meteor Mash/Endure
627,twins_emma_and_lil,Twins Emma And Lil,Twins,104,616,0.144,260,1285,1015.7,F+,Guitarist Arturo Rematch 3 (Elo 1328.0),Dawn Jubilife City Chimchar (Elo 859.7),Dawn Jubilife City Chimchar (7 games),4.63,Bonsly Lv22 (Sturdy): Low Kick/Rock Throw/Mimic/Block | Mime Jr Lv22 (Soundproof): Double Slap/Mimic/Light Screen/Reflect
628,jogger_raul,Jogger Raul,Jogger,101,619,0.14,273,1310,1021.0,F+,Swimmer Gabrielle (Elo 1455.6),Twins Liv And Liz (Elo 874.0),Artist William (7 games),4.73,Staravia Lv23 (Intimidate): Wing Attack/Double Team/Endeavor/Whirlwind
629,reporter_valerie,Reporter Valerie,Reporter,101,619,0.14,255,1286,986.6,F+,Ruin Maniac Harry (Elo 1437.6),Galactic Grunt Floaroma Meadow 2 (Elo 814.1),Picnicker Karina Rematch 1 (7 games),3.77,Kirlia Lv26 (Synchronize): Teleport/Lucky Chant/Magical Leaf/Calm Mind
630,beauty_lindsay,Beauty Lindsay,Beauty,99,621,0.138,262,1305,972.6,F+,Tuber Jared (Elo 1228.7),Bug Catcher Brandon (Elo 807.0),Hiker Kevin (7 games),4.35,Roselia Lv19 (Natural Cure): Mega Drain/Poison Sting/Stun Spore
631,cyclist_megan,Cyclist Megan,Cyclist Female,99,621,0.138,262,1308,967.0,F+,Fisherman Alec (Elo 1623.7),Psychic Kody (Elo 878.7),Cyclist Nicole (7 games),4.15,Staravia Lv21 (Intimidate): Quick Attack/Wing Attack/Double Team/Endeavor
632,school_kid_chance,School Kid Chance,School Kid Male,97,623,0.135,245,1298,1021.5,F+,Pi Carlos Rematch 2 (Elo 1809.3),Poke Kid Danielle (Elo 765.3),Poke Kid Ariel Postgame (7 games),7.01,Gastly Lv23 (Levitate): Night Shade/Sucker Punch/Confuse Ray/Hypnosis
633,pokefan_rebekah,Pokefan Rebekah,Pokefan Female,96,624,0.133,242,1301,1000.6,F+,Galactic Grunt Spear Pillar 2 (Elo 1313.6),Dawn Jubilife City Turtwig (Elo 827.6),Beauty Lindsay (7 games),5.21,Bonsly @ Sitrus Berry Lv23 (Sturdy): Low Kick/Rock Throw/Mimic/Block
634,camper_anthony,Camper Anthony,Camper,94,626,0.131,219,1281,973.1,F+,Skier Shawn (Elo 1528.3),Hiker Daniel (Elo 866.7),Breeder Kahlil (7 games),2.64,Chimchar Lv22 (Blaze): Ember/Taunt/Fury Swipes/Flame Wheel
635,galactic_grunt_team_galactic_eterna_building_1f_1,Galactic Grunt Team Galactic Eterna Building 1f 1,Galactic Grunt Male,93,627,0.129,226,1294,980.7,F+,Psychic Daisy Rematch Postgame (Elo 1906.0),Camper Jacob (Elo 887.2),Battle Girl Helen Rematch 1 (7 games),6.58,Zubat Lv17 (Inner Focus): Supersonic/Astonish/Bite/Wing Attack | Stunky Lv17 (Stench): Poison Gas/Screech/Fury Swipes/Smoke Screen
636,poke_kid_ariel_postgame,Poke Kid Ariel Postgame,Poke Kid,92,628,0.128,260,1332,989.8,F+,Guitarist Arturo Rematch 4 (Elo 1339.9),Hiker Daniel (Elo 866.7),School Kid Chance (7 games),10.69,Pichu Lv19 (Static): Tail Whip/Thunder Wave/Sweet Kiss/Nasty Plot | Pikachu Lv19 (Static): Tail Whip/Thunder Wave/Quick Attack/Double Team | Pikachu Lv19 (Static): Tail Whip/Thunder Wave/Quick Attack/Double Team
637,aroma_lady_angela,Aroma Lady Angela,Aroma Lady,92,628,0.128,229,1300,985.0,F+,Worker Braden (Elo 1383.9),Galactic Grunt Valley Windworks 2 (Elo 819.0),Lass Cassidy (7 games),4.21,Roselia Lv19 (Natural Cure): Mega Drain/Poison Sting/Stun Spore
638,waitress_kati,Waitress Kati,Waitress,90,630,0.125,243,1318,968.8,F+,Skier Edward (Elo 1253.7),Battle Girl Kelsey (Elo 862.2),Beauty Harley (7 games),10.41,Clefairy Lv25 (Cute Charm): Follow Me/Minimize/Wake Up Slap/Cosmic Power
639,artist_william,Artist William,Artist,89,631,0.124,231,1314,978.8,F+,Gentleman Jeremy Rematch 3 (Elo 1669.3),Dawn Jubilife City Chimchar (Elo 859.7),Belle And Pa Beth And Bob (7 games),8.25,Mime Jr Lv20 (Soundproof): Meditate/Encore/Double Slap/Mimic | Bonsly Lv20 (Sturdy): Flail/Low Kick/Rock Throw/Mimic
640,hiker_louis,Hiker Louis,Hiker,88,632,0.122,214,1303,978.1,F+,Tuber Jacky (Elo 1268.7),Lass Samantha (Elo 747.5),Cowgirl Shelley (7 games),8.37,Geodude Lv14 (Rock Head): Defense Curl/Mud Sport/Rock Polish/Rock Throw | Onix Lv18 (Rock Head): Screech/Rock Throw/Rage/Rock Tomb
641,aroma_lady_jenna,Aroma Lady Jenna,Aroma Lady,87,633,0.121,200,1291,972.4,F+,Guitarist Arturo Rematch 4 (Elo 1339.9),Bug Catcher Donald (Elo 811.1),Camper Jacob (7 games),11.24,Budew Lv15 (Natural Cure): Absorb/Stun Spore/Water Sport | Budew Lv16 (Natural Cure): Absorb/Stun Spore/Water Sport | Budew Lv17 (Natural Cure): Absorb/Stun Spore/Water Sport
642,cyclist_ryan,Cyclist Ryan,Cyclist Male,86,634,0.119,237,1331,951.5,F+,Swimmer Erik (Elo 1334.0),Poke Kid Danielle (Elo 765.3),Gentleman Jeremy (7 games),3.02,Shinx Lv21 (Rivalry): Charge/Spark/Bite/Roar
643,picnicker_ana,Picnicker Ana,Picnicker,84,636,0.117,195,1297,941.1,F,Collector Fernando (Elo 1232.1),Twins Liv And Liz (Elo 874.0),Lass Cassidy (7 games),3.49,Hoothoot Lv22 (Insomnia): Peck/Uproar/Reflect/Confusion
644,collector_edwin,Collector Edwin,Collector,83,637,0.115,210,1314,962.8,F+,Lady Melissa Rematch 1 (Elo 1363.6),Lass Kaitlin (Elo 765.7),Swimmer Erica (7 games),7.86,Munchlax Lv25 (Pickup): Lick/Recycle/Screech/Stockpile
645,lass_samantha_rematch_1,Lass Samantha Rematch 1,Lass,83,637,0.115,209,1314,956.0,F+,Hiker Maurice (Elo 1375.6),Dawn Jubilife City Piplup (Elo 863.8),Tuber Jared (7 games),5.27,Budew Lv24 (Natural Cure): Water Sport/Stun Spore/Mega Drain/Worry Seed
646,guitarist_arturo,Guitarist Arturo,Guitarist,83,637,0.115,216,1324,952.2,F+,Beauty Devon (Elo 1241.8),Dawn Jubilife City Piplup (Elo 863.8),Poke Kid Ariel Postgame (7 games),5.33,Kricketune Lv23 (Swarm): Fury Cutter/Leech Life/Sing/Focus Energy
647,bird_keeper_alexandra,Bird Keeper Alexandra,Bird Keeper,83,637,0.115,216,1324,941.5,F+,Black Belt Adam (Elo 1366.0),Camper Jacob (Elo 887.2),Cyclist Kayla (7 games),5.66,Starly Lv17 (Keen Eye): Quick Attack/Wing Attack/Double Team/Endeavor | Hoothoot Lv17 (Insomnia): Hypnosis/Peck/Uproar/Reflect
648,galactic_grunt_team_galactic_eterna_building_1f_2,Galactic Grunt Team Galactic Eterna Building 1f 2,Galactic Grunt Female,83,637,0.115,193,1304,939.8,F,Black Belt Jeffery (Elo 1175.9),Lass Cassidy (Elo 875.7),Bug Catcher Phillip (7 games),6.1,Zubat Lv16 (Inner Focus): Leech Life/Supersonic/Astonish/Bite | Glameow Lv18 (Limber): Scratch/Growl/Hypnosis/Faint Attack
649,psychic_elijah,Psychic Elijah,Psychic Male,80,640,0.111,187,1307,949.2,F+,Hiker Theodore Rematch 2 (Elo 1492.7),Clown Lee (Elo 757.4),Maid Emily (7 games),2.24,Abra Lv17 (Synchronize): Hidden Power
650,jogger_wyatt,Jogger Wyatt,Jogger,79,641,0.11,192,1313,932.9,F,Battle Girl Tyler (Elo 1292.4),Twins Liv And Liz (Elo 874.0),Galactic Grunt Team Galactic Eterna Building 1f 2 (7 games),4.65,Pikachu Lv24 (Static): Thunder Wave/Quick Attack/Double Team/Slam
651,psychic_lindsey,Psychic Lindsey,Psychic Female,78,642,0.108,178,1305,943.9,F+,Skier Edward (Elo 1253.7),Galactic Grunt Floaroma Meadow 2 (Elo 814.1),Cyclist Axel (7 games),2.25,Abra Lv17 (Synchronize): Hidden Power
652,bug_catcher_phillip,Bug Catcher Phillip,Bug Catcher,76,644,0.106,194,1326,936.8,F,Black Belt Miles (Elo 1487.3),Galactic Grunt Floaroma Meadow 1 (Elo 859.5),Lass Caroline (7 games),7.7,Wurmple Lv11 (Shield Dust): Tackle/String Shot/Poison Sting | Cascoon Lv13 (Shed Skin): Tackle/String Shot/Poison Sting/Harden | Dustox Lv15 (Shield Dust): Tackle/Poison Sting/Confusion/Gust
653,aroma_lady_elizabeth,Aroma Lady Elizabeth,Aroma Lady,76,644,0.106,197,1332,928.6,F,Galactic Grunt Spear Pillar 2 (Elo 1313.6),Camper Zackary (Elo 818.4),Battle Girl Helen Rematch 1 (7 games),3.4,Roselia Lv14 (Natural Cure): Growth/Mega Drain
654,roughneck_kirby,Roughneck Kirby,Roughneck,75,645,0.104,190,1331,941.9,F+,Skier Edward Rematch 1 (Elo 1387.3),Galactic Grunt Jubilife City 1 (Elo 827.5),Artist William (7 games),4.88,Cleffa Lv23 (Cute Charm): Sing/Sweet Kiss/Copycat/Magical Leaf
655,galactic_grunt_team_galactic_eterna_building_2f_2,Galactic Grunt Team Galactic Eterna Building 2f 2,Galactic Grunt Female,70,650,0.097,167,1329,928.0,F,Jogger Richard (Elo 1074.1),Fisherman Zachary (Elo 848.5),Fisherman Joseph (7 games),4.06,Glameow Lv19 (Limber): Scratch/Growl/Hypnosis/Faint Attack
656,cyclist_axel,Cyclist Axel,Cyclist Male,68,652,0.094,183,1347,923.6,F,Battle Girl Tyler (Elo 1292.4),Picnicker Siena (Elo 863.8),Psychic Elijah (7 games),4.22,Pikachu Lv21 (Static): Thunder Wave/Quick Attack/Double Team/Slam
657,psychic_rachael,Psychic Rachael,Psychic Female,67,653,0.093,164,1339,919.9,F,Pi Kendrick (Elo 1202.2),Clown Lee (Elo 757.4),Hiker Theodore (7 games),3.0,Psyduck Lv17 (Damp): Confusion/Water Gun/Scratch
658,hiker_robert,Hiker Robert,Hiker,67,653,0.093,163,1335,911.2,F,Galactic Grunt Galactic Hq 1f (Elo 1180.9),Galactic Grunt Jubilife City 1 (Elo 827.5),Cyclist James (7 games),7.49,Nosepass Lv22 (Sturdy): Tackle/Harden/Rock Throw/Block
659,ninja_boy_zach,Ninja Boy Zach,Ninja Boy,66,654,0.092,151,1327,927.8,F,Guitarist Arturo Rematch 4 (Elo 1339.9),Galactic Grunt Floaroma Meadow 1 (Elo 859.5),Camper Jacob (7 games),7.76,Zubat Lv14 (Inner Focus): Leech Life/Supersonic/Astonish/Bite | Zubat Lv14 (Inner Focus): Leech Life/Supersonic/Astonish/Bite | Zubat Lv14 (Inner Focus): Leech Life/Supersonic/Astonish/Bite
660,idol_grace,Idol Grace,Idol,66,654,0.092,165,1343,892.4,F,Galactic Grunt Spear Pillar 2 (Elo 1313.6),Aroma Lady Taylor (Elo 814.7),Cyclist Ryan (7 games),18.54,Clefairy Lv21 (Cute Charm): Double Slap/Defense Curl/Follow Me/Minimize | Clefairy Lv21 (Cute Charm): Double Slap/Defense Curl/Follow Me/Minimize
661,fisherman_joseph,Fisherman Joseph,Fisherman,65,655,0.09,169,1348,912.7,F,Hiker Kevin (Elo 1157.1),Fisherman Zachary (Elo 848.5),Galactic Grunt Team Galactic Eterna Building 2f 2 (7 games),3.63,Goldeen Lv17 (Swift Swim): Water Sport/Supersonic/Horn Attack/Water Pulse
662,cyclist_kayla,Cyclist Kayla,Cyclist Female,65,655,0.09,173,1350,912.6,F,Battle Girl Tyler (Elo 1292.4),Lucas Jubilife City Piplup (Elo 865.2),Bird Keeper Alexandra (7 games),4.72,Pikachu Lv21 (Static): Thunder Wave/Quick Attack/Double Team/Slam
663,cheryl_eterna_forest,Cheryl Eterna Forest,Trainer Cheryl,63,657,0.087,146,1334,891.7,F,Scientist Emilio (Elo 1190.6),Fisherman Andrew (Elo 767.6),Scientist Emilio (7 games),7.24,Chansey Lv20 (Natural Cure): Egg Bomb/Softboiled/Refresh
664,camper_jacob,Camper Jacob,Camper,62,658,0.086,154,1349,887.2,F,Guitarist Arturo Rematch 4 (Elo 1339.9),Dawn Jubilife City Turtwig (Elo 827.6),Aroma Lady Jenna (7 games),2.86,Ponyta Lv14 (Run Away): Ember/Tackle
665,lass_cassidy,Lass Cassidy,Lass,60,660,0.083,170,1370,875.7,F,Scientist Travon (Elo 1079.8),Rival Route 203 Torterra (Elo 790.7),Battle Girl Kelsey (7 games),4.28,Buneary Lv22 (Run Away): Foresight/Endure/Frustration/Quick Attack
666,galactic_grunt_team_galactic_eterna_building_2f_1,Galactic Grunt Team Galactic Eterna Building 2f 1,Galactic Grunt Male,57,663,0.079,144,1356,891.6,F,Artist Ismael (Elo 1124.1),Galactic Grunt Jubilife City 1 (Elo 827.5),Hiker Daniel (7 games),3.3,Croagunk Lv19 (Anticipation): Poison Sting/Taunt/Pursuit/Faint Attack
667,hiker_nicholas,Hiker Nicholas,Hiker,56,664,0.078,145,1359,888.9,F,Lass Molly (Elo 1105.2),Bug Catcher Brandon (Elo 807.0),Galactic Grunt Team Galactic Eterna Building 2f 2 (7 games),4.63,Onix Lv14 (Rock Head): Bind/Screech/Rock Throw/Rage
668,galactic_grunt_valley_windworks_3,Galactic Grunt Valley Windworks 3,Galactic Grunt Male,55,665,0.076,136,1357,858.0,F,Psychic Daisy Postgame (Elo 1829.4),Poke Kid Danielle (Elo 765.3),Picnicker Siena (7 games),6.41,Glameow Lv11 (Limber): Fake Out/Scratch/Growl | Stunky Lv11 (Stench): Focus Energy/Poison Gas/Screech/Fury Swipes
669,twins_liv_and_liz,Twins Liv And Liz,Twins,54,666,0.075,135,1357,874.0,F,Guitarist Arturo Rematch 4 (Elo 1339.9),Galactic Grunt Valley Windworks 1 (Elo 827.9),Psychic Kody (7 games),3.95,Pachirisu Lv11 (Run Away): Growl/Bide/Quick Attack/Charm | Pachirisu Lv11 (Run Away): Growl/Bide/Quick Attack/Charm
670,picnicker_siena,Picnicker Siena,Picnicker,54,666,0.075,136,1361,863.8,F,Guitarist Arturo Rematch 3 (Elo 1328.0),Aroma Lady Taylor (Elo 814.7),Galactic Grunt Valley Windworks 3 (7 games),6.55,Bidoof Lv12 (Simple): Tackle/Growl/Defense Curl | Pachirisu Lv12 (Run Away): Growl/Bide/Quick Attack/Charm
671,psychic_kody,Psychic Kody,Psychic Male,52,668,0.072,135,1366,878.7,F,Guitarist Arturo Rematch 4 (Elo 1339.9),Clown Lee (Elo 757.4),Twins Liv And Liz (7 games),3.44,Meditite Lv17 (Pure Power): Confusion/Bide/Meditate
672,rich_boy_liam,Rich Boy Liam,Rich Boy,52,668,0.072,127,1359,869.8,F,Guitarist Arturo Rematch 4 (Elo 1339.9),Poke Kid Danielle (Elo 765.3),Rival Route 203 Infernape (7 games),32.43,Blissey @ Rare Candy Lv35 (Natural Cure): Sing/Fling/Defense Curl/Light Screen
673,hiker_daniel,Hiker Daniel,Hiker,52,668,0.072,118,1348,866.7,F,Guitarist Arturo Rematch 4 (Elo 1339.9),Lass Samantha (Elo 747.5),Galactic Grunt Team Galactic Eterna Building 2f 1 (7 games),11.53,Geodude Lv10 (Rock Head): Tackle/Defense Curl/Mud Sport/Rock Polish | Geodude Lv11 (Rock Head): Defense Curl/Mud Sport/Rock Polish/Rock Throw | Geodude Lv12 (Rock Head): Defense Curl/Mud Sport/Rock Polish/Rock Throw
674,lucas_jubilife_city_piplup,Lucas Jubilife City Piplup,Dp Player Male,50,670,0.069,124,1362,865.2,F,Hiker Theodore Rematch 2 (Elo 1492.7),Clown Lee (Elo 757.4),Fisherman Zachary (7 games),2.6,Chimchar Lv13 (Blaze): Ember/Scratch
675,picnicker_karina,Picnicker Karina,Picnicker,49,671,0.068,110,1356,885.0,F,Hiker Theodore (Elo 1093.2),Bug Catcher Brandon (Elo 807.0),Galactic Grunt Valley Windworks 2 (7 games),3.16,Piplup Lv14 (Torrent): Bubble/Peck
676,dawn_jubilife_city_piplup,Dawn Jubilife City Piplup,Dp Player Female,49,671,0.068,115,1358,863.8,F,Black Belt Ricky (Elo 1178.5),Clown Lee (Elo 757.4),Clown Lee (7 games),2.47,Chimchar Lv13 (Blaze): Ember/Scratch
677,lucas_jubilife_city_chimchar,Lucas Jubilife City Chimchar,Dp Player Male,49,671,0.068,114,1357,859.8,F,Guitarist Arturo Rematch 4 (Elo 1339.9),Clown Lee (Elo 757.4),Pokefan Rebekah (7 games),3.16,Turtwig Lv13 (Overgrow): Absorb/Tackle
678,dawn_jubilife_city_chimchar,Dawn Jubilife City Chimchar,Dp Player Female,48,672,0.067,117,1363,859.7,F,Pi Kendrick (Elo 1202.2),Rival Route 203 Infernape (Elo 800.3),Twins Emma And Lil (7 games),3.35,Turtwig Lv13 (Overgrow): Absorb/Tackle
679,galactic_grunt_floaroma_meadow_1,Galactic Grunt Floaroma Meadow 1,Galactic Grunt Male,48,672,0.067,120,1369,859.5,F,Psychic Daisy Rematch Postgame (Elo 1906.0),Camper Curtis (Elo 785.7),Twins Liv And Liz (7 games),3.65,Stunky Lv13 (Stench): Focus Energy/Poison Gas/Screech/Fury Swipes
680,fisherman_zachary,Fisherman Zachary,Fisherman,48,672,0.067,125,1375,848.5,F,Collector Ivan (Elo 1158.8),Worker Mason (Elo 773.0),Lucas Jubilife City Piplup (7 games),8.99,Magikarp Lv14 (Swift Swim): Splash | Goldeen Lv16 (Swift Swim): Tail Whip/Water Sport/Supersonic/Horn Attack | Magikarp Lv14 (Swift Swim): Splash
681,lucas_jubilife_city_turtwig,Lucas Jubilife City Turtwig,Dp Player Male,47,673,0.065,117,1369,844.2,F,Breeder Amber (Elo 1146.2),Clown Lee (Elo 757.4),Dawn Jubilife City Turtwig (7 games),3.05,Piplup Lv13 (Torrent): Bubble/Pound
682,battle_girl_kelsey,Battle Girl Kelsey,Battle Girl,46,674,0.064,121,1378,862.2,F,Guitarist Arturo Rematch 4 (Elo 1339.9),Poke Kid Danielle (Elo 765.3),Lass Cassidy (7 games),3.57,Machop Lv15 (Guts): Leer/Focus Energy/Karate Chop/Foresight
683,dawn_jubilife_city_turtwig,Dawn Jubilife City Turtwig,Dp Player Female,44,676,0.061,103,1368,827.6,F,Guitarist Arturo Rematch 3 (Elo 1328.0),Clown Lee (Elo 757.4),Lucas Jubilife City Turtwig (7 games),3.08,Piplup Lv13 (Torrent): Bubble/Pound
684,youngster_darius,Youngster Darius,Youngster,43,677,0.06,98,1366,838.3,F,Guitarist Arturo Rematch 4 (Elo 1339.9),Lass Samantha (Elo 747.5),Guitarist Arturo Rematch 4 (7 games),7.85,Geodude Lv9 (Rock Head): Tackle/Defense Curl | Onix Lv9 (Rock Head): Rock Throw/Tackle/Harden
685,galactic_grunt_jubilife_city_1,Galactic Grunt Jubilife City 1,Galactic Grunt Male,41,679,0.057,102,1378,827.5,F-,Psychic Daisy Rematch Postgame (Elo 1906.0),Poke Kid Danielle (Elo 765.3),Bug Catcher Donald (7 games),3.39,Stunky Lv11 (Stench): Focus Energy/Poison Gas/Screech/Fury Swipes
686,aroma_lady_taylor,Aroma Lady Taylor,Aroma Lady,38,682,0.053,92,1380,814.7,F-,Guitarist Arturo Rematch 3 (Elo 1328.0),Collector Eugene (Elo 767.2),Galactic Grunt Valley Windworks 2 (6 games),5.18,Budew Lv9 (Natural Cure): Absorb/Growth/Water Sport | Cherubi Lv11 (Chlorophyll): Tackle/Growth/Leech Seed
687,galactic_grunt_valley_windworks_1,Galactic Grunt Valley Windworks 1,Galactic Grunt Male,37,683,0.051,102,1390,827.9,F,Guitarist Arturo Rematch 4 (Elo 1339.9),Poke Kid Danielle (Elo 765.3),Picnicker Siena (7 games),5.08,Glameow Lv13 (Limber): Fake Out/Scratch/Growl/Hypnosis
688,galactic_grunt_valley_windworks_2,Galactic Grunt Valley Windworks 2,Galactic Grunt Male,36,684,0.05,103,1400,819.0,F-,Reporter Valerie (Elo 986.6),Collector Eugene (Elo 767.2),Bug Catcher Donald (7 games),3.48,Zubat Lv13 (Inner Focus): Leech Life/Supersonic/Astonish/Bite
689,galactic_grunt_floaroma_meadow_2,Galactic Grunt Floaroma Meadow 2,Galactic Grunt Male,34,686,0.047,88,1391,814.1,F-,Guitarist Arturo Rematch 4 (Elo 1339.9),Collector Eugene (Elo 767.2),Guitarist Arturo Rematch 3 (7 games),5.63,Zubat Lv11 (Inner Focus): Leech Life/Supersonic/Astonish | Zubat Lv11 (Inner Focus): Leech Life/Supersonic/Astonish
690,bug_catcher_donald,Bug Catcher Donald,Bug Catcher,34,686,0.047,83,1389,811.1,F-,Guitarist Arturo Rematch 4 (Elo 1339.9),Worker Mason (Elo 773.0),Galactic Grunt Valley Windworks 2 (7 games),7.73,Burmy Lv14 (Shed Skin): Protect/Tackle | Burmy Lv14 (Shed Skin): Protect/Tackle
691,camper_zackary,Camper Zackary,Camper,33,687,0.046,76,1384,818.4,F-,Lass Molly (Elo 1105.2),Lass Natalie (Elo 716.0),Lucas Jubilife City Turtwig (6 games),4.43,Aipom Lv14 (Run Away): Tail Whip/Sand Attack/Astonish/Baton Pass
692,youngster_jonathon,Youngster Jonathon,Youngster,31,689,0.043,75,1391,800.5,F-,Cheryl Eterna Forest (Elo 891.7),Lass Samantha (Elo 747.5),Poke Kid Danielle (7 games),4.79,Geodude Lv11 (Rock Head): Tackle/Defense Curl
693,galactic_grunt_jubilife_city_2,Galactic Grunt Jubilife City 2,Galactic Grunt Male,31,689,0.043,78,1394,787.3,F-,School Kid Chance (Elo 1021.5),Clown Lee (Elo 757.4),Worker Mason (7 games),3.71,Glameow Lv11 (Limber): Fake Out/Scratch/Growl
694,bug_catcher_brandon,Bug Catcher Brandon,Bug Catcher,29,691,0.04,88,1409,807.0,F-,Maid Emily (Elo 1037.2),Youngster Michael (Elo 759.0),Galactic Grunt Valley Windworks 2 (7 games),5.28,Wurmple Lv10 (Shield Dust): Tackle/String Shot/Poison Sting | Kricketot Lv11 (Shed Skin): Bide
695,rival_route_203_chimchar,Rival Route 203 Empoleon,Rival,28,692,0.039,70,1398,777.6,F-,Galactic Grunt Spear Pillar 2 (Elo 1313.6),Clown Lee (Elo 757.4),Worker Mason (7 games),6.04,Starly Lv7 (Keen Eye): Quick Attack/Growl | Piplup Lv9 (Torrent): Pound/Growl
696,rival_route_203_turtwig,Rival Route 203 Infernape,Rival,27,693,0.037,71,1401,800.3,F-,School Kid Chance (Elo 1021.5),Clown Lee (Elo 757.4),Rich Boy Liam (7 games),6.12,Starly Lv7 (Keen Eye): Quick Attack/Growl | Chimchar Lv9 (Blaze): Scratch/Leer
697,rival_route_203_piplup,Rival Route 203 Torterra,Rival,27,693,0.037,66,1399,790.7,F-,Guitarist Arturo Rematch 4 (Elo 1339.9),Youngster Michael (Elo 759.0),Bug Catcher Brandon (7 games),6.71,Starly Lv7 (Keen Eye): Quick Attack/Growl | Turtwig Lv9 (Overgrow): Tackle/Withdraw
698,camper_curtis,Camper Curtis,Camper,26,694,0.036,61,1398,785.7,F-,Guitarist Arturo Rematch 4 (Elo 1339.9),Lass Madeline (Elo 745.5),Rival Route 203 Infernape (7 games),4.75,Starly Lv7 (Keen Eye): Tackle/Growl/Quick Attack | Shinx Lv7 (Rivalry): Tackle/Leer
699,picnicker_diana,Picnicker Diana,Picnicker,24,696,0.033,55,1399,778.4,F-,School Kid Chance (Elo 1021.5),School Kid Christine (Elo 716.9),Worker Colin (6 games),3.8,Bidoof Lv9 (Simple): Tackle/Growl/Defense Curl
700,worker_mason,Worker Mason,Worker,24,696,0.033,61,1404,773.0,F-,Cheryl Eterna Forest (Elo 891.7),Lass Samantha (Elo 747.5),Rival Route 203 Empoleon (7 games),4.55,Geodude Lv9 (Rock Head): Tackle/Defense Curl/Mud Sport/Rock Polish
701,collector_eugene,Collector Eugene,Collector,24,696,0.033,54,1398,767.2,F-,Maid Sophie (Elo 1005.1),Lass Madeline (Elo 745.5),Maid Sophie (4 games),3.9,Feebas Lv28 (Swift Swim): Splash/Tackle
702,worker_colin,Worker Colin,Worker,23,697,0.032,54,1403,779.2,F-,Guitarist Arturo Rematch 4 (Elo 1339.9),Lass Samantha (Elo 747.5),Bug Catcher Brandon (7 games),6.36,Geodude Lv6 (Rock Head): Tackle/Defense Curl/Mud Sport | Machop Lv8 (Guts): Low Kick/Leer/Focus Energy
703,clown_lee,Clown Lee,Clown,21,699,0.029,65,1420,757.4,F-,Guitarist Arturo Rematch 4 (Elo 1339.9),Rival Route 201 Torterra (Elo 718.9),Guitarist Arturo Rematch 4 (7 games),5.78,Mime Jr Lv23 (Soundproof): Double Slap/Mimic/Light Screen/Reflect
704,fisherman_andrew,Fisherman Andrew,Fisherman,20,700,0.028,43,1403,767.6,F-,Guitarist Arturo Rematch 4 (Elo 1339.9),Rival Route 201 Infernape (Elo 721.3),Rival Route 201 Infernape (4 games),14.87,Magikarp Lv8 (Swift Swim): Splash | Magikarp Lv10 (Swift Swim): Splash | Magikarp Lv12 (Swift Swim): Splash | Magikarp Lv12 (Swift Swim): Splash | Magikarp Lv14 (Swift Swim): Splash | Magikarp Lv16 (Swift Swim): Splash/Tackle
705,lass_kaitlin,Lass Kaitlin,Lass,20,700,0.028,57,1418,765.7,F-,Guitarist Arturo Rematch 4 (Elo 1339.9),School Kid Christine (Elo 716.9),Youngster Michael (7 games),8.09,Bidoof Lv4 (Simple): Tackle | Budew Lv4 (Natural Cure): Absorb/Growth | Starly Lv4 (Keen Eye): Tackle/Growl | Abra Lv4 (Synchronize): Teleport
706,poke_kid_danielle,Poke Kid Danielle,Poke Kid,20,700,0.028,72,1430,765.3,F-,Battle Girl Tyler (Elo 1292.4),Rival Route 201 Infernape (Elo 721.3),Youngster Jonathon (7 games),4.55,Pichu Lv22 (Static): Tail Whip/Thunder Wave/Sweet Kiss/Nasty Plot
707,youngster_michael,Youngster Michael,Youngster,17,703,0.024,57,1427,759.0,F-,Guitarist Arturo Rematch 4 (Elo 1339.9),Rival Route 201 Infernape (Elo 721.3),Hiker Reginald (7 games),5.7,Kricketot Lv7 (Shed Skin): Growl/Bide | Zubat Lv6 (Inner Focus): Leech Life/Supersonic
708,lass_samantha,Lass Samantha,Lass,17,703,0.024,43,1417,747.5,F-,Hiker Louis (Elo 978.1),Youngster Logan (Elo 703.0),Youngster Logan (7 games),2.79,Budew Lv7 (Natural Cure): Absorb/Growth/Water Sport
709,lass_madeline,Lass Madeline,Lass,14,706,0.019,38,1421,745.5,F-,Camper Curtis (Elo 785.7),Lass Samantha (Elo 747.5),Lass Samantha (7 games),2.7,Psyduck Lv8 (Damp): Water Sport/Scratch/Tail Whip
710,school_kid_harrison,School Kid Harrison,School Kid Male,14,706,0.019,32,1416,744.6,F-,Camper Zackary (Elo 818.4),School Kid Christine (Elo 716.9),Youngster Tristan (6 games),2.28,Starly Lv6 (Keen Eye): Quick Attack
711,youngster_tristan,Youngster Tristan,Youngster,10,710,0.014,33,1435,724.0,F-,Maid Clare (Elo 1115.2),Lass Natalie (Elo 716.0),Rival Route 201 Empoleon (7 games),2.74,Starly Lv5 (Keen Eye): Tackle/Growl/Quick Attack
712,lass_sarah,Lass Sarah,Lass,9,711,0.013,25,1429,726.8,F-,Galactic Grunt Spear Pillar 2 (Elo 1313.6),School Kid Christine (Elo 716.9),Lass Kaitlin (6 games),2.43,Shinx Lv7 (Rivalry): Tackle/Leer
713,youngster_dallas,Youngster Dallas,Youngster,9,711,0.013,23,1427,723.5,F-,Guitarist Arturo Rematch 4 (Elo 1339.9),Youngster Tristan (Elo 724.0),Lass Samantha (6 games),2.52,Shinx Lv8 (Rivalry): Tackle/Leer
714,school_kid_christine,School Kid Christine,School Kid Female,8,712,0.011,24,1432,716.9,F-,Galactic Grunt Spear Pillar 2 (Elo 1313.6),Lass Natalie (Elo 716.0),Rival Route 201 Infernape (4 games),2.79,Bidoof Lv6 (Simple): Tackle/Growl
715,rival_route_201_turtwig,Rival Route 201 Infernape,Rival,7,713,0.01,21,1433,721.3,F-,Fisherman Andrew (Elo 767.6),Youngster Logan (Elo 703.0),Youngster Michael (6 games),2.48,Chimchar Lv5 (Blaze): Scratch/Leer
716,rival_route_201_chimchar,Rival Route 201 Empoleon,Rival,6,714,0.008,18,1433,721.5,F-,Youngster Tristan (Elo 724.0),Lass Natalie (Elo 716.0),Youngster Tristan (7 games),2.84,Piplup Lv5 (Torrent): Pound/Growl
717,rival_route_201_piplup,Rival Route 201 Torterra,Rival,6,714,0.008,22,1437,718.9,F-,Clown Lee (Elo 757.4),Youngster Logan (Elo 703.0),Youngster Tristan (7 games),3.23,Turtwig Lv5 (Overgrow): Tackle/Withdraw
718,lass_natalie,Lass Natalie,Lass,5,715,0.007,14,1434,716.0,F-,Camper Zackary (Elo 818.4),Youngster Sebastian (Elo 704.4),Youngster Sebastian (4 games),2.62,Bidoof Lv5 (Simple): Tackle/Growl
719,youngster_sebastian,Youngster Sebastian,Youngster,2,718,0.003,9,1441,704.4,F-,Guitarist Arturo Rematch 4 (Elo 1339.9),Youngster Logan (Elo 703.0),Rival Route 201 Torterra (6 games),3.18,Machop Lv8 (Guts): Low Kick/Leer
720,youngster_logan,Youngster Logan,Youngster,2,718,0.003,11,1442,703.0,F-,Galactic Grunt Spear Pillar 2 (Elo 1313.6),Lass Natalie (Elo 716.0),Lass Samantha (7 games),2.35,Burmy Lv5 (Shed Skin): Tackle
721,youngster_tyler,Youngster Tyler,Youngster,0,720,0.0,0,1440,694.0,F-,None,Youngster Logan (Elo 703.0),Collector Terry (2 games),2.73,Magikarp Lv8 (Swift Swim): Splash
