Rank,Trainer_Key,Display_Name,Class,Match_Wins,Match_Losses,Match_Win_Rate,Game_Wins,Game_Losses,Elo,Tier,Greatest_Win,Worst_Loss,Longest_Match_Vs,Average_Turns,Team_and_Movesets
1,pkmn_trainer_red_red_0260,Pokemon Trainer Red,Trainerclass Pkmn Trainer Red,657,0,1.0,1314,0,2268.5,S+,Leader Clair & Champion Lance (DD) (Elo 2270.0),None,Bird Keeper Josh Rematch 3 (2 games),2.79,Pikachu @ Light Ball Lv88 (Static): Volt Tackle/Iron Tail/Quick Attack/Thunderbolt | Lapras Lv80 (Shell Armor): Blizzard/Brine/Psychic/Body Slam | Snorlax Lv82 (Thick Fat): Shadow Ball/Crunch/Blizzard/Giga Impact | Venusaur Lv84 (Overgrow): Sludge Bomb/Giga Drain/Sleep Powder/Frenzy Plant | Charizard Lv84 (Blaze): Flare Blitz/Air Slash/Blast Burn/Dragon Pulse | Blastoise Lv84 (Torrent): Focus Blast/Hydro Cannon/Blizzard/Flash Cannon
2,champion_lance_rematch_1,Champion Lance Rematch,Trainerclass Champion,656,1,0.998,1313,3,2266.2,S+,Leader Clair & Champion Lance (DD) (Elo 2270.0),Leader Blue Rematch (Elo 2252.5),Leader Blue Rematch (4 games),2.88,Salamence @ Lum Berry Lv72 (Intimidate): Flamethrower/Shadow Claw/Dragon Claw/Rest | Gyarados Lv68 (Intimidate): Thunder Wave/Ice Fang/Waterfall/Dragon Dance | Garchomp Lv72 (Sand Veil): Swords Dance/Outrage/Earthquake/Roar | Altaria Lv73 (Natural Cure): Perish Song/Dragon Breath/Double Team/Hyper Beam | Charizard Lv68 (Blaze): Flamethrower/Air Slash/Dragon Claw/Hyper Beam | Dragonite @ Sitrus Berry Lv75 (Inner Focus): Fire Blast/Safeguard/Draco Meteor/Hyper Beam
3,leader_blue_blue_rematch_1,Leader Blue Rematch,Trainerclass Leader Blue,655,2,0.997,1312,6,2252.5,S+,Leader Clair & Champion Lance (DD) (Elo 2270.0),Champion Lance Rematch (Elo 2266.2),Leader Clair & Champion Lance (DD) (4 games),3.1,Exeggutor Lv67 (Chlorophyll): Leaf Storm/Psychic/Explosion/Trick Room | Machamp @ Iron Ball Lv69 (No Guard): Dynamic Punch/Stone Edge/Fling/Attract | Rhyperior Lv70 (Solid Rock): Megahorn/Stone Edge/Thunder Fang/Earthquake | Arcanine Lv68 (Flash Fire): Flare Blitz/Extreme Speed/Thunder Fang/Crunch | Tyranitar Lv70 (Sand Stream): Low Kick/Fire Fang/Rock Slide/Earthquake | Pidgeot @ Sitrus Berry Lv72 (Tangled Feet): Return/Double Team/Air Slash/Steel Wing
4,leader_clair_clair_dd_and_champion_lance_dd,Leader Clair & Champion Lance (DD),Trainerclass Leader Clair,654,3,0.995,1309,7,2270.0,S+,Leader Blue Rematch (Elo 2252.5),Leader Blue Rematch (Elo 2252.5),Leader Blue Rematch (4 games),2.39,Dragonair Lv52 (Shed Skin): Thunder Wave/Dragon Rush/Thunderbolt/Flamethrower | Gyarados Lv68 (Intimidate): Thunder Wave/Ice Fang/Waterfall/Dragon Dance | Kingdra Lv56 (Sniper): Yawn/Hydro Pump/Ice Beam/Dragon Breath | Charizard Lv68 (Blaze): Flamethrower/Air Slash/Dragon Claw/Hyper Beam | Dragonite Lv60 (Inner Focus): Thunder/Protect/Dragon Breath/Hyper Beam | Dragonite Lv75 (Inner Focus): Fire Punch/Safeguard/Draco Meteor/Hyper Beam
5,elite_four_karen_karen_rematch_1,Elite Four Karen Rematch,Trainerclass Elite Four Karen,651,6,0.991,1306,16,2244.9,S+,Leader Sabrina Rematch (Elo 2234.0),Leader Chuck Rematch (Elo 2174.5),Elite Four Will Rematch (4 games),3.48,Weavile Lv62 (Pressure): Ice Shard/Night Slash/Ice Punch/Low Kick | Spiritomb Lv62 (Pressure): Curse/Confuse Ray/Pain Split/Sucker Punch | Absol Lv62 (Super Luck): Night Slash/Psycho Cut/Detect/Perish Song | Honchkrow Lv64 (Super Luck): Drill Peck/Whirlwind/Sucker Punch/Thunder Wave | Houndoom Lv63 (Flash Fire): Nasty Plot/Dark Pulse/Flamethrower/Sludge Bomb | Umbreon @ Sitrus Berry Lv64 (Synchronize): Curse/Payback/Confuse Ray/Sucker Punch
6,elite_four_bruno_bruno_rematch_1,Elite Four Bruno Rematch,Trainerclass Elite Four Bruno,650,7,0.989,1303,18,2250.3,S+,Elite Four Karen Rematch (Elo 2244.9),Elite Four Koga Rematch (Elo 2199.5),Elite Four Koga Rematch (7 games),4.1,Hitmontop Lv62 (Technician): Counter/Quick Attack/Close Combat/Earthquake | Hitmonlee Lv61 (Reckless): Swagger/Close Combat/Reversal/Blaze Kick | Hitmonchan Lv61 (Iron Fist): Substitute/Drain Punch/Close Combat/Bullet Punch | Hariyama @ Sitrus Berry Lv62 (Guts): Low Kick/Payback/Bullet Punch/Bulk Up | Machamp Lv64 (No Guard): Bullet Punch/Foresight/Stone Edge/Dynamic Punch | Lucario Lv64 (Inner Focus): Extreme Speed/Close Combat/Counter/Iron Tail
7,leader_blue_blue,Leader Blue,Trainerclass Leader Blue,647,10,0.985,1304,29,2231.8,S,Elite Four Bruno Rematch (Elo 2250.3),Rival Silver Feraligatr (Mt. Moon) (Elo 2133.0),Leader Morty Rematch (7 games),3.89,Exeggutor Lv55 (Chlorophyll): Leaf Storm/Psychic/Hypnosis/Trick Room | Arcanine Lv58 (Intimidate): Roar/Dragon Pulse/Flare Blitz/Extreme Speed | Rhydon Lv58 (Rock Head): Megahorn/Stone Edge/Thunder Fang/Earthquake | Gyarados Lv52 (Intimidate): Ice Fang/Waterfall/Dragon Dance/Return | Machamp Lv56 (No Guard): Dynamic Punch/Earthquake/Stone Edge/Thunder Punch | Pidgeot @ Sitrus Berry Lv60 (Tangled Feet): Return/Whirlwind/Air Slash/Mirror Move
8,leader_pryce_pryce_rematch_1,Leader Pryce Rematch,Trainerclass Leader Pryce,647,10,0.985,1302,29,2230.3,S,Elite Four Karen Rematch (Elo 2244.9),Leader Lt. Surge Rematch (Elo 2195.1),Leader Lt. Surge Rematch (7 games),3.6,Abomasnow Lv56 (Snow Warning): Ice Shard/Wood Hammer/Earthquake/Blizzard | Dewgong @ Lum Berry Lv58 (Thick Fat): Dive/Sheer Cold/Sleep Talk/Rest | Glalie Lv52 (Inner Focus): Payback/Torment/Attract/Blizzard | Froslass Lv52 (Snow Cloak): Ice Shard/Confuse Ray/Attract/Blizzard | Walrein Lv54 (Ice Body): Hail/Body Slam/Swagger/Blizzard | Mamoswine @ Sitrus Berry Lv60 (Snow Cloak): Earthquake/Avalanche/Stone Edge/Double Team
9,elite_four_will_will_rematch_1,Elite Four Will Rematch,Trainerclass Elite Four Will,647,10,0.985,1300,26,2223.6,S,Elite Four Bruno Rematch (Elo 2250.3),Leader Brock Rematch (Elo 2208.2),Leader Pryce Rematch (6 games),4.48,Bronzong Lv58 (Heatproof): Reflect/Payback/Gravity/Psychic | Jynx Lv60 (Forewarn): Fake Tears/Lovely Kiss/Blizzard/Dream Eater | Grumpig Lv59 (Own Tempo): Confuse Ray/Signal Beam/Power Gem/Psychic | Slowbro Lv60 (Own Tempo): Curse/Amnesia/Body Slam/Psychic | Gardevoir Lv61 (Trace): Focus Blast/Charge Beam/Calm Mind/Psychic | Xatu @ Sitrus Berry Lv62 (Early Bird): Quick Attack/Shadow Ball/Confuse Ray/Psychic
10,leader_sabrina_sabrina_rematch_1,Leader Sabrina Rematch,Trainerclass Leader Sabrina,646,11,0.983,1302,32,2234.0,S+,Leader Clair Rematch (Elo 2226.6),Leader Jasmine Rematch (Elo 2185.3),Leader Morty Rematch (6 games),3.54,Alakazam Lv60 (Synchronize): Gravity/Focus Blast/Energy Ball/Psychic | Espeon Lv58 (Synchronize): Calm Mind/Baton Pass/Shadow Ball/Psychic | Mr Mime Lv56 (Filter): Reflect/Skill Swap/Thunder/Psychic | Jynx Lv54 (Forewarn): Blizzard/Perish Song/Psychic/Focus Blast | Wobbuffet Lv53 (Shadow Tag): Counter/Mirror Coat/Destiny Bond/Encore | Gallade @ Sitrus Berry Lv53 (Steadfast): Close Combat/Psycho Cut/Night Slash/Stone Edge
11,rival_silver_feraligatr_pkmn_league,Rival Silver Feraligatr (PKMN League),Trainerclass Rival,646,11,0.983,1299,29,2225.5,S,Leader Pryce Rematch (Elo 2230.3),Elite Four Koga Rematch (Elo 2199.5),Leader Bugsy Rematch (6 games),4.4,Sneasel Lv55 (Inner Focus): Icy Wind/Shadow Claw/Faint Attack/Metal Claw | Crobat Lv58 (Inner Focus): Toxic/Bite/Confuse Ray/Air Cutter | Magneton Lv55 (Magnet Pull): Discharge/Mirror Shot/Thunder Wave/Magnet Bomb | Gengar Lv56 (Levitate): Dark Pulse/Sludge Bomb/Shadow Ball/Confuse Ray | Alakazam Lv56 (Synchronize): Recover/Focus Blast/Psychic/Reflect | Feraligatr Lv60 (Torrent): Crunch/Aqua Tail/Slash/Ice Fang
12,leader_clair_clair_rematch_1,Leader Clair Rematch,Trainerclass Leader Clair,645,12,0.982,1299,34,2226.6,S,Elite Four Karen Rematch (Elo 2244.9),Leader Morty Rematch (Elo 2185.4),Leader Bugsy Rematch (7 games),3.97,Gyarados @ Wacan Berry Lv56 (Intimidate): Dragon Dance/Earthquake/Waterfall/Dragon Pulse | Dragonair Lv52 (Shed Skin): Thunder Wave/Dragon Rush/Thunderbolt/Flamethrower | Aerodactyl Lv52 (Rock Head): Earthquake/Thunder Fang/Rock Slide/Roar | Kingdra Lv56 (Sniper): Yawn/Hydro Pump/Ice Beam/Dragon Breath | Charizard Lv52 (Blaze): Shadow Claw/Air Slash/Dragon Claw/Fire Fang | Dragonite @ Sitrus Berry Lv60 (Inner Focus): Thunder/Safeguard/Dragon Breath/Hyper Beam
13,leader_misty_misty_rematch_1,Leader Misty Rematch,Trainerclass Leader Misty,645,12,0.982,1296,30,2225.6,S,Leader Blue (Elo 2231.8),Leader Erika Rematch (Elo 2165.8),Rival Silver Meganium (PKMN League) (6 games),3.43,Starmie @ Colbur Berry Lv60 (Natural Cure): Thunderbolt/Psychic/Ice Beam/Surf | Quagsire Lv56 (Water Absorb): Water Pulse/Amnesia/Earthquake/Rain Dance | Lapras Lv56 (Shell Armor): Surf/Perish Song/Blizzard/Rain Dance | Lanturn Lv54 (Illuminate): Confuse Ray/Thunderbolt/Surf/Thunder Wave | Floatzel Lv54 (Swift Swim): Agility/Ice Fang/Waterfall/Baton Pass | Milotic Lv60 (Marvel Scale): Hydro Pump/Ice Beam/Rest/Sleep Talk
14,rival_silver_meganium_pkmn_league,Rival Silver Meganium (PKMN League),Trainerclass Rival,644,13,0.98,1297,35,2220.4,S,Leader Blue (Elo 2231.8),Leader Erika Rematch (Elo 2165.8),Leader Lt. Surge Rematch (6 games),4.55,Sneasel Lv55 (Inner Focus): Icy Wind/Shadow Claw/Faint Attack/Metal Claw | Crobat Lv58 (Inner Focus): Toxic/Bite/Confuse Ray/Air Cutter | Magneton Lv55 (Magnet Pull): Discharge/Mirror Shot/Thunder Wave/Magnet Bomb | Gengar Lv56 (Levitate): Dark Pulse/Sludge Bomb/Shadow Ball/Confuse Ray | Alakazam Lv56 (Synchronize): Recover/Focus Blast/Psychic/Reflect | Meganium Lv60 (Overgrow): Petal Dance/Body Slam/Light Screen/Synthesis
15,rival_silver_typhlosion_pkmn_league,Rival Silver Typhlosion (PKMN League),Trainerclass Rival,644,13,0.98,1294,31,2213.5,S,Elite Four Bruno Rematch (Elo 2250.3),Leader Jasmine Rematch (Elo 2185.3),Elite Four Koga Rematch (7 games),4.49,Sneasel Lv55 (Inner Focus): Icy Wind/Shadow Claw/Faint Attack/Metal Claw | Crobat Lv58 (Inner Focus): Toxic/Bite/Confuse Ray/Air Cutter | Magneton Lv55 (Magnet Pull): Discharge/Mirror Shot/Thunder Wave/Magnet Bomb | Gengar Lv56 (Levitate): Dark Pulse/Sludge Bomb/Shadow Ball/Confuse Ray | Alakazam Lv56 (Synchronize): Recover/Focus Blast/Psychic/Reflect | Typhlosion Lv60 (Blaze): Rollout/Flamethrower/Will O Wisp/Swift
16,leader_blaine_blaine_rematch_1,Leader Blaine Rematch,Trainerclass Leader Blaine,643,14,0.979,1292,35,2214.2,S,Leader Sabrina Rematch (Elo 2234.0),Leader Chuck Rematch (Elo 2174.5),Leader Morty Rematch (7 games),4.72,Torkoal Lv54 (White Smoke): Sunny Day/Yawn/Body Slam/Overheat | Camerupt Lv57 (Solid Rock): Earthquake/Eruption/Solar Beam/Sunny Day | Rapidash Lv60 (Flash Fire): Megahorn/Quick Attack/Overheat/Flare Blitz | Magcargo Lv58 (Flame Body): Curse/Gyro Ball/Overheat/Stone Edge | Houndoom Lv54 (Flash Fire): Shadow Ball/Dark Pulse/Flamethrower/Sucker Punch | Magmortar Lv62 (Flame Body): Thunderbolt/Low Kick/Flamethrower/Confuse Ray
17,elite_four_koga_koga_rematch_1,Elite Four Koga Rematch,Trainerclass Elite Four Koga,642,15,0.977,1299,45,2199.5,S,Elite Four Bruno Rematch (Elo 2250.3),Leader Jasmine Rematch (Elo 2185.3),Rival Silver Typhlosion (PKMN League) (7 games),8.06,Skuntank Lv61 (Aftermath): Sucker Punch/Dig/Toxic/Explosion | Venomoth Lv63 (Tinted Lens): Double Team/Baton Pass/Psychic/Silver Wind | Toxicroak Lv60 (Dry Skin): Cross Chop/X Scissor/Swagger/Gunk Shot | Muk @ Black Sludge Lv62 (Sticky Hold): Minimize/Screech/Swagger/Toxic | Crobat Lv64 (Inner Focus): Toxic/Mean Look/Fly/Cross Poison | Swalot @ Leftovers Lv62 (Sticky Hold): Yawn/Amnesia/Pain Split/Sludge Bomb
18,leader_janine_janine_rematch_1,Leader Janine Rematch,Trainerclass Leader Janine,638,19,0.971,1277,39,2191.9,S,Leader Clair Rematch (Elo 2226.6),Rival Silver Typhlosion (DD) (Elo 2186.9),Rival Silver Typhlosion (DD) (4 games),4.66,Crobat Lv52 (Inner Focus): Heat Wave/Cross Poison/Confuse Ray/U Turn | Weezing Lv56 (Levitate): Thunderbolt/Sludge Bomb/Toxic/Explosion | Toxicroak Lv52 (Dry Skin): Cross Chop/Poison Jab/Attract/Substitute | Ariados Lv58 (Insomnia): Toxic/Bounce/Swagger/Night Shade | Venomoth @ Sitrus Berry Lv59 (Tinted Lens): Sleep Powder/Double Team/Bug Buzz/Psychic | Drapion Lv55 (Sniper): Cross Poison/Confuse Ray/Crunch/Swords Dance
19,leader_bugsy_bugsy_rematch_1,Leader Bugsy Rematch,Trainerclass Leader Bugsy,637,20,0.97,1290,56,2210.8,S,Leader Sabrina Rematch (Elo 2234.0),Ace Trainer Jamie Rematch 3 (Elo 2088.1),Champion Lance (7 games),3.95,Scizor @ Sitrus Berry Lv56 (Technician): Bullet Punch/X Scissor/Swords Dance/Superpower | Shedinja Lv48 (Wonder Guard): Toxic/X Scissor/Shadow Sneak/Swagger | Yanmega Lv52 (Tinted Lens): Detect/Bug Buzz/Air Slash/Ancient Power | Pinsir Lv55 (Mold Breaker): Earthquake/Guillotine/X Scissor/Rock Tomb | Heracross Lv54 (Guts): Close Combat/Megahorn/Stone Edge/Counter | Vespiquen @ Sitrus Berry Lv52 (Pressure): Protect/Confuse Ray/Attack Order/Defend Order
20,leader_brock_brock_rematch_1,Leader Brock Rematch,Trainerclass Leader Brock,637,20,0.97,1281,47,2208.2,S,Elite Four Will Rematch (Elo 2223.6),Leader Erika (Elo 2118.1),Leader Sabrina (6 games),3.88,Golem Lv55 (Sturdy): Sandstorm/Rock Slide/Rock Polish/Earthquake | Relicanth @ Lum Berry Lv54 (Rock Head): Head Smash/Aqua Tail/Earthquake/Rest | Omastar Lv56 (Shell Armor): Ancient Power/Brine/Protect/Sandstorm | Onix @ Sitrus Berry Lv61 (Sturdy): Stealth Rock/Rock Slide/Rock Polish/Sandstorm | Kabutops Lv55 (Battle Armor): Rock Slide/Aqua Jet/Endure/Giga Drain | Rampardos Lv57 (Mold Breaker): Earthquake/Stone Edge/Avalanche/Rock Polish
21,leader_lt_surge_lt_surge_rematch_1,Leader Lt. Surge Rematch,Trainerclass Leader Lt Surge,637,20,0.97,1284,49,2195.1,S,Leader Pryce Rematch (Elo 2230.3),Leader Chuck Rematch (Elo 2174.5),Leader Pryce Rematch (7 games),4.68,Raichu Lv60 (Static): Thunder Wave/Quick Attack/Thunderbolt/Grass Knot | Manectric @ Pinap Berry Lv52 (Static): Thunder Wave/Natural Gift/Discharge/Overheat | Magnezone Lv52 (Magnet Pull): Thunderbolt/Double Team/Magnet Rise/Mirror Shot | Electrode Lv52 (Static): Thunder Wave/Double Team/Thunderbolt/Explosion | Pachirisu Lv58 (Pickup): Quick Attack/Super Fang/Discharge/Sweet Kiss | Electivire @ Sitrus Berry Lv56 (Motor Drive): Thunderbolt/Cross Chop/Ice Punch/Earthquake
22,champion_lance,Champion Lance,Trainerclass Champion,636,21,0.968,1288,57,2201.4,S,Elite Four Bruno Rematch (Elo 2250.3),Leader Brock (Elo 2121.7),Leader Bugsy Rematch (7 games),4.78,Gyarados Lv46 (Intimidate): Flail/Dragon Pulse/Waterfall/Ice Fang | Dragonite Lv49 (Inner Focus): Thunder Wave/Dragon Rush/Thunder/Hyper Beam | Dragonite Lv49 (Inner Focus): Thunder Wave/Dragon Rush/Blizzard/Hyper Beam | Aerodactyl Lv48 (Pressure): Aerial Ace/Crunch/Rock Slide/Thunder Fang | Charizard Lv48 (Blaze): Shadow Claw/Air Slash/Dragon Claw/Fire Fang | Dragonite @ Sitrus Berry Lv50 (Inner Focus): Fire Blast/Safeguard/Outrage/Hyper Beam
23,leader_whitney_whitney_rematch_1,Leader Whitney Rematch,Trainerclass Leader Whitney,634,23,0.965,1281,60,2186.6,S,Leader Sabrina Rematch (Elo 2234.0),Rival Silver Feraligatr (Mt. Moon) (Elo 2133.0),Elite Four Koga Rematch (7 games),4.75,Girafarig Lv52 (Inner Focus): Psychic/Shadow Ball/Calm Mind/Baton Pass | Lickilicky Lv50 (Own Tempo): Wring Out/Flamethrower/Ice Beam/Thunderbolt | Bibarel Lv54 (Simple): Double Team/Charge Beam/Surf/Ice Beam | Delcatty Lv54 (Normalize): Fake Out/Assist/Calm Mind/Baton Pass | Clefable Lv52 (Magic Guard): Blizzard/Thunder/Fire Blast/Calm Mind | Miltank @ Lum Berry Lv58 (Scrappy): Body Slam/Attract/Sleep Talk/Rest
24,leader_jasmine_jasmine_rematch_1,Leader Jasmine Rematch,Trainerclass Leader Jasmine,634,23,0.965,1283,60,2185.3,S,Elite Four Karen Rematch (Elo 2244.9),Firebreather Walt Rematch 3 (Elo 2034.8),Elite Four Koga Rematch (7 games),5.53,Metagross Lv52 (Clear Body): Meteor Mash/Bullet Punch/Gravity/Explosion | Magnezone Lv56 (Sturdy): Zap Cannon/Lock On/Mirror Coat/Metal Sound | Skarmory Lv52 (Sturdy): Air Slash/Spikes/Night Slash/Steel Wing | Bronzong Lv50 (Heatproof): Gyro Ball/Hypnosis/Dream Eater/Gravity | Empoleon Lv52 (Torrent): Hydro Pump/Blizzard/Aqua Jet/Roar | Steelix Lv62 (Sturdy): Stone Edge/Stealth Rock/Roar/Iron Tail
25,leader_morty_morty_rematch_1,Leader Morty Rematch,Trainerclass Leader Morty,633,24,0.963,1284,67,2185.4,S,Leader Sabrina Rematch (Elo 2234.0),Rival Silver Typhlosion (Mt. Moon) (Elo 2131.7),Leader Blue (7 games),4.86,Drifblim @ Sitrus Berry Lv52 (Unburden): Destiny Bond/Substitute/Thunderbolt/Shadow Ball | Dusknoir Lv52 (Pressure): Pain Split/Will O Wisp/Substitute/Payback | Sableye Lv52 (Stall): Sucker Punch/Brick Break/Ice Punch/Fake Out | Mismagius Lv54 (Levitate): Perish Song/Mean Look/Confuse Ray/Astonish | Gengar Lv57 (Levitate): Hypnosis/Confuse Ray/Shadow Ball/Focus Blast | Gengar Lv57 (Levitate): Substitute/Shadow Ball/Thunderbolt/Destiny Bond
26,rival_silver_typhlosion_dd,Rival Silver Typhlosion (DD),Trainerclass Rival,631,26,0.96,1269,59,2186.9,S,Leader Bugsy Rematch (Elo 2210.8),Ace Trainer Salma (Elo 2101.4),Leader Jasmine Rematch (6 games),3.61,Typhlosion Lv60 (Blaze): Rollout/Flamethrower/Will O Wisp/Swift | Crobat Lv58 (Inner Focus): Toxic/Bite/Confuse Ray/Air Cutter | Gengar Lv56 (Levitate): Dark Pulse/Sludge Bomb/Shadow Ball/Confuse Ray
27,leader_chuck_chuck_rematch_1,Leader Chuck Rematch,Trainerclass Leader Chuck,631,26,0.96,1277,66,2174.5,S,Elite Four Karen Rematch (Elo 2244.9),Ace Trainer Reena Rematch 3 (Elo 2146.1),Rival Silver Meganium (DD) (7 games),4.51,Medicham @ Sitrus Berry Lv54 (Pure Power): Hi Jump Kick/Psycho Cut/Attract/Thunder Punch | Hitmonchan Lv52 (Iron Fist): Mach Punch/Swagger/Focus Punch/Double Team | Hitmonlee Lv55 (Reckless): Hi Jump Kick/Fake Out/Blaze Kick/Bulk Up | Breloom @ Toxic Orb Lv54 (Poison Heal): Substitute/Focus Punch/Drain Punch/Stone Edge | Primeape Lv56 (Anger Point): Close Combat/Payback/Thunder Punch/Swagger | Poliwrath @ Sitrus Berry Lv60 (Damp): Double Team/Waterfall/Focus Punch/Substitute
28,rival_silver_feraligatr_dd,Rival Silver Feraligatr (DD),Trainerclass Rival,631,26,0.96,1269,58,2172.6,S,Leader Morty Rematch (Elo 2185.4),Rival Silver Feraligatr (Mt. Moon) (Elo 2133.0),Rival Silver Feraligatr (Mt. Moon) (7 games),3.65,Feraligatr Lv60 (Torrent): Crunch/Aqua Tail/Slash/Ice Fang | Crobat Lv58 (Inner Focus): Toxic/Bite/Confuse Ray/Air Cutter | Gengar Lv56 (Levitate): Dark Pulse/Sludge Bomb/Shadow Ball/Confuse Ray
29,leader_erika_erika_rematch_1,Leader Erika Rematch,Trainerclass Leader Erika,631,26,0.96,1272,62,2165.8,S,Leader Misty Rematch (Elo 2225.6),Leader Janine (Elo 2119.6),Leader Morty Rematch (6 games),5.23,Shiftry Lv54 (Chlorophyll): Leaf Storm/Sucker Punch/Explosion/Sunny Day | Jumpluff Lv53 (Chlorophyll): U Turn/Memento/Sleep Powder/Giga Drain | Victreebel @ Kelpsy Berry Lv56 (Chlorophyll): Natural Gift/Sludge Bomb/Leaf Storm/Leaf Blade | Bellossom Lv56 (Chlorophyll): Sunny Day/Solar Beam/Giga Drain/Attract | Tangrowth Lv60 (Chlorophyll): Swords Dance/Power Whip/Rock Slide/Earthquake | Roserade Lv55 (Natural Cure): Weather Ball/Energy Ball/Sludge Bomb/Stun Spore
30,rival_silver_meganium_dd,Rival Silver Meganium (DD),Trainerclass Rival,631,26,0.96,1272,62,2161.5,S,Leader Brock Rematch (Elo 2208.2),Rival Silver Feraligatr (Mt. Moon) (Elo 2133.0),Leader Chuck Rematch (7 games),4.45,Meganium Lv60 (Overgrow): Petal Dance/Body Slam/Light Screen/Synthesis | Crobat Lv58 (Inner Focus): Toxic/Bite/Confuse Ray/Air Cutter | Gengar Lv56 (Levitate): Dark Pulse/Sludge Bomb/Shadow Ball/Confuse Ray
31,leader_falkner_falkner_rematch_1,Leader Falkner Rematch,Trainerclass Leader Falkner,626,31,0.953,1261,71,2157.9,S,Leader Bugsy Rematch (Elo 2210.8),Leader Lt. Surge (Elo 2100.4),Leader Misty (4 games),3.59,Staraptor Lv50 (Intimidate): Attract/Brave Bird/Close Combat/U Turn | Noctowl Lv52 (Insomnia): Roost/Air Slash/Shadow Ball/Feather Dance | Swellow @ Flame Orb Lv52 (Guts): Facade/Protect/Double Team/Endeavor | Honchkrow Lv54 (Insomnia): Night Slash/Sucker Punch/Thunder Wave/Dark Pulse | Pelipper Lv48 (Keen Eye): Surf/Tailwind/Ice Beam/Hidden Power | Pidgeot Lv56 (Keen Eye): Return/Double Team/Swagger/Roost
32,leader_blaine_blaine,Leader Blaine,Trainerclass Leader Blaine,625,32,0.951,1265,80,2161.7,S,Leader Bugsy Rematch (Elo 2210.8),Medium Darcy (Elo 1841.4),Camper Todd Rematch 3 (7 games),4.25,Magcargo @ White Herb Lv54 (Flame Body): Sunny Day/Smog/Overheat/Rock Slide | Magmar @ White Herb Lv54 (Flame Body): Thunder Punch/Overheat/Sunny Day/Confuse Ray | Rapidash @ White Herb Lv59 (Flash Fire): Quick Attack/Flare Blitz/Bounce/Overheat
33,leader_misty_misty,Leader Misty,Trainerclass Leader Misty,624,33,0.95,1256,74,2154.3,S,Champion Lance (Elo 2201.4),Double Team Elan & Ida (Elo 2080.4),Rival Silver Meganium (Mt. Moon) (6 games),4.95,Golduck Lv49 (Damp): Water Pulse/Disable/Psych Up/Psychic | Quagsire Lv49 (Water Absorb): Water Pulse/Amnesia/Earthquake/Rain Dance | Lapras Lv52 (Shell Armor): Water Pulse/Sing/Ice Beam/Body Slam | Starmie @ Sitrus Berry Lv54 (Natural Cure): Water Pulse/Confuse Ray/Recover/Ice Beam
34,ace_trainer_f_reena_0604,Ace Trainer Reena Rematch 3,Trainerclass Ace Trainer F,624,33,0.95,1260,78,2146.1,S-,Leader Brock Rematch (Elo 2208.2),Fisherman Wilton Rematch 3 (Elo 1964.9),Leader Sabrina (7 games),3.84,Arcanine Lv54 (Intimidate): Flare Blitz/Extreme Speed/Crunch/Roar | Nidoqueen Lv53 (Poison Point): Captivate/Poison Fang/Earth Power/Body Slam | Starmie Lv56 (Natural Cure): Surf/Minimize/Cosmic Power/Psychic
35,leader_sabrina_sabrina,Leader Sabrina,Trainerclass Leader Sabrina,622,35,0.947,1253,80,2147.6,S-,Leader Brock Rematch (Elo 2208.2),Rocket Boss Giovanni (Elo 2060.7),Ace Trainer Reena Rematch 3 (7 games),3.22,Espeon Lv53 (Synchronize): Shadow Ball/Skill Swap/Calm Mind/Psychic | Mr Mime Lv53 (Filter): Mimic/Light Screen/Skill Swap/Psychic | Alakazam @ Sitrus Berry Lv55 (Inner Focus): Skill Swap/Psychic/Energy Ball/Reflect
36,rival_silver_typhlosion_mt_moon,Rival Silver Typhlosion (Mt. Moon),Trainerclass Rival,622,35,0.947,1253,79,2131.7,S-,Leader Bugsy Rematch (Elo 2210.8),Camper Todd Rematch 3 (Elo 2068.1),Rival Silver Feraligatr (Mt. Moon) (7 games),5.31,Sneasel Lv46 (Inner Focus): Quick Attack/Icy Wind/Faint Attack/Shadow Claw | Golbat Lv47 (Inner Focus): Poison Fang/Bite/Confuse Ray/Air Cutter | Magneton Lv46 (Magnet Pull): Discharge/Supersonic/Thunder Wave/Magnet Bomb | Gengar Lv48 (Levitate): Mean Look/Curse/Shadow Ball/Confuse Ray | Alakazam Lv48 (Synchronize): Disable/Recover/Reflect/Psychic | Typhlosion Lv50 (Blaze): Flamethrower/Quick Attack/Flame Wheel/Swift
37,rival_silver_meganium_mt_moon,Rival Silver Meganium (Mt. Moon),Trainerclass Rival,621,36,0.945,1248,78,2147.0,S-,Leader Morty Rematch (Elo 2185.4),Firebreather Walt Rematch 3 (Elo 2034.8),Leader Misty (6 games),5.38,Sneasel Lv46 (Inner Focus): Quick Attack/Icy Wind/Faint Attack/Shadow Claw | Golbat Lv47 (Inner Focus): Poison Fang/Bite/Confuse Ray/Air Cutter | Magneton Lv46 (Magnet Pull): Discharge/Supersonic/Thunder Wave/Magnet Bomb | Gengar Lv48 (Levitate): Mean Look/Curse/Shadow Ball/Confuse Ray | Alakazam Lv48 (Synchronize): Disable/Recover/Reflect/Psychic | Meganium Lv50 (Overgrow): Petal Dance/Poison Powder/Synthesis/Light Screen
38,elite_four_karen_karen,Elite Four Karen,Trainerclass Elite Four Karen,621,36,0.945,1254,83,2145.9,S-,Rival Silver Meganium (DD) (Elo 2161.5),Poke Maniac Brent Rematch 3 (Elo 2026.6),Leader Brock (7 games),8.88,Umbreon Lv42 (Synchronize): Double Team/Confuse Ray/Faint Attack/Payback | Vileplume Lv42 (Chlorophyll): Stun Spore/Acid/Moonlight/Petal Dance | Gengar Lv45 (Levitate): Lick/Spite/Focus Blast/Destiny Bond | Murkrow Lv44 (Super Luck): Pluck/Whirlwind/Sucker Punch/Faint Attack | Houndoom @ Sitrus Berry Lv47 (Flash Fire): Nasty Plot/Dark Pulse/Flamethrower/Crunch
39,rival_silver_feraligatr_mt_moon,Rival Silver Feraligatr (Mt. Moon),Trainerclass Rival,621,36,0.945,1258,88,2133.0,S-,Leader Blue (Elo 2231.8),Leader Lt. Surge (Elo 2100.4),Rival Silver Typhlosion (Mt. Moon) (7 games),5.37,Sneasel Lv46 (Inner Focus): Quick Attack/Icy Wind/Faint Attack/Shadow Claw | Golbat Lv47 (Inner Focus): Poison Fang/Bite/Confuse Ray/Air Cutter | Magneton Lv46 (Magnet Pull): Discharge/Supersonic/Thunder Wave/Magnet Bomb | Gengar Lv48 (Levitate): Mean Look/Curse/Shadow Ball/Confuse Ray | Alakazam Lv48 (Synchronize): Disable/Recover/Reflect/Psychic | Feraligatr Lv50 (Torrent): Waterfall/Ice Fang/Crunch/Slash
40,leader_brock_brock,Leader Brock,Trainerclass Leader Brock,620,37,0.944,1249,84,2121.7,S-,Champion Lance (Elo 2201.4),School Kid Alan Rematch 3 (Elo 2055.1),Elite Four Karen (7 games),4.26,Graveler Lv51 (Sturdy): Defense Curl/Rock Slide/Rollout/Earthquake | Rhyhorn Lv51 (Rock Head): Sandstorm/Scary Face/Earthquake/Horn Drill | Omastar Lv53 (Shell Armor): Ancient Power/Brine/Protect/Spike Cannon | Onix @ Sitrus Berry Lv54 (Sturdy): Iron Tail/Rock Slide/Screech/Sandstorm | Kabutops Lv52 (Battle Armor): Rock Slide/Aqua Jet/Endure/Giga Drain
41,leader_janine_janine,Leader Janine,Trainerclass Leader Janine,615,42,0.936,1243,98,2119.6,S-,Leader Erika Rematch (Elo 2165.8),Hiker Parry Rematch 3 (Elo 1884.5),Elite Four Will (7 games),6.34,Crobat Lv47 (Inner Focus): Screech/Supersonic/Confuse Ray/Wing Attack | Weezing Lv44 (Levitate): Double Hit/Sludge Bomb/Toxic/Explosion | Ariados Lv47 (Insomnia): Scary Face/Poison Jab/Pin Missile/Psychic | Ariados Lv47 (Insomnia): Pin Missile/Poison Jab/Swagger/Night Shade | Venomoth @ Sitrus Berry Lv50 (Tinted Lens): Sludge Bomb/Double Team/Signal Beam/Psychic
42,leader_erika_erika,Leader Erika,Trainerclass Leader Erika,614,43,0.935,1248,105,2118.1,S-,Leader Brock Rematch (Elo 2208.2),Twins Jo & Zoe Rematch (Elo 1910.1),Ace Trainer Salma (7 games),6.69,Jumpluff Lv51 (Chlorophyll): U Turn/Leech Seed/Sunny Day/Giga Drain | Tangela Lv52 (Chlorophyll): Ancient Power/Wring Out/Giga Drain/Sleep Powder | Victreebel Lv56 (Chlorophyll): Sunny Day/Synthesis/Grass Knot/Leaf Storm | Bellossom @ Sitrus Berry Lv56 (Chlorophyll): Sunny Day/Synthesis/Giga Drain/Solar Beam
43,elite_four_bruno_bruno,Elite Four Bruno,Trainerclass Elite Four Bruno,611,46,0.93,1236,107,2126.0,S-,Leader Blaine (Elo 2161.7),Young Couple Tim & Sue Rematch 2 (Elo 1947.9),Firebreather Walt Rematch 3 (7 games),7.5,Hitmontop Lv42 (Technician): Counter/Quick Attack/Dig/Triple Kick | Hitmonlee Lv42 (Reckless): Swagger/Focus Energy/Hi Jump Kick/Blaze Kick | Hitmonchan Lv42 (Iron Fist): Thunder Punch/Ice Punch/Fire Punch/Bullet Punch | Onix Lv43 (Sturdy): Dragon Breath/Earthquake/Sandstorm/Rock Slide | Machamp @ Sitrus Berry Lv46 (No Guard): Rock Slide/Foresight/Revenge/Cross Chop
44,ace_trainer_f_salma_0675,Ace Trainer Salma,Trainerclass Ace Trainer F,611,46,0.93,1236,106,2101.4,S-,Rival Silver Typhlosion (DD) (Elo 2186.9),Hiker Anthony Rematch 3 (Elo 1938.8),Leader Erika (7 games),3.66,Slowking @ Oran Berry Lv50 (Oblivious): Surf/Psychic/Flamethrower/Trick Room | Lickilicky Lv53 (Own Tempo): Wring Out/Thunderbolt/Earthquake/Ice Beam
45,elite_four_will_will,Elite Four Will,Trainerclass Elite Four Will,610,47,0.928,1232,106,2107.8,S-,Elite Four Bruno (Elo 2126.0),Kimono Girl Sayo (Elo 1691.7),Leader Janine (7 games),5.39,Xatu Lv40 (Synchronize): U Turn/Me First/Confuse Ray/Psychic | Jynx Lv41 (Oblivious): Double Slap/Lovely Kiss/Ice Punch/Psychic | Exeggutor Lv41 (Chlorophyll): Reflect/Hypnosis/Egg Bomb/Psychic | Slowbro Lv41 (Own Tempo): Curse/Amnesia/Water Pulse/Psychic | Xatu @ Sitrus Berry Lv42 (Early Bird): Aerial Ace/Ominous Wind/Confuse Ray/Psychic
46,leader_lt_surge_lt_surge,Leader Lt. Surge,Trainerclass Leader Lt Surge,606,51,0.922,1236,124,2100.4,S-,Leader Blaine (Elo 2161.7),Camper Lloyd (Elo 1738.1),Picnicker Liz Rematch 3 (7 games),8.38,Raichu Lv51 (Static): Thunder Wave/Quick Attack/Shock Wave/Double Team | Electrode Lv47 (Static): Thunder Wave/Double Team/Shock Wave/Light Screen | Magneton Lv47 (Sturdy): Supersonic/Double Team/Shock Wave/Mirror Shot | Electrode Lv47 (Static): Screech/Double Team/Selfdestruct/Charge Beam | Electabuzz @ Sitrus Berry Lv53 (Static): Quick Attack/Shock Wave/Light Screen/Low Kick
47,elite_four_koga_koga,Elite Four Koga,Trainerclass Elite Four Koga,605,52,0.921,1232,126,2102.0,S-,Leader Blaine (Elo 2161.7),Camper Jerry (Elo 1808.0),Camper Todd Rematch 3 (6 games),7.77,Ariados Lv40 (Insomnia): Poison Jab/Spider Web/Baton Pass/Giga Drain | Venomoth Lv41 (Tinted Lens): Supersonic/Gust/Psychic/Toxic | Forretress Lv43 (Sturdy): Protect/Swift/Explosion/Toxic Spikes | Muk @ Black Sludge Lv42 (Sticky Hold): Minimize/Screech/Gunk Shot/Toxic | Crobat @ Sitrus Berry Lv44 (Inner Focus): Double Team/Quick Attack/Wing Attack/Poison Fang
48,ace_trainer_f_jamie_0606,Ace Trainer Jamie Rematch 3,Trainerclass Ace Trainer F,605,52,0.921,1223,117,2088.1,S-,Leader Bugsy Rematch (Elo 2210.8),Hiker Anthony Rematch 3 (Elo 1938.8),Fisherman Kyle Rematch 3 (6 games),5.19,Rapidash Lv56 (Flash Fire): Bounce/Fire Spin/Flare Blitz/Ember | Ampharos Lv59 (Static): Power Gem/Thunder/Signal Beam/Charge
49,biker_aiden_0630,Biker Aiden Rematch 3,Trainerclass Biker,603,54,0.918,1226,128,2075.0,S-,Elite Four Karen (Elo 2145.9),Hiker Edwin (Elo 1570.1),Rival Silver Typhlosion (VR) (6 games),5.93,Tentacruel Lv55 (Clear Body): Poison Jab/Screech/Hydro Pump/Wring Out | Hypno Lv58 (Insomnia): Psych Up/Swagger/Psychic/Nasty Plot | Tentacruel Lv58 (Clear Body): Poison Jab/Screech/Hydro Pump/Wring Out
50,leader_clair_clair,Leader Clair,Trainerclass Leader Clair,603,54,0.918,1219,122,2068.5,S-,Leader Janine (Elo 2119.6),School Kid Sherman (Elo 1778.4),Double Team Elan & Ida (7 games),6.1,Gyarados Lv38 (Intimidate): Twister/Dragon Rage/Bite/Dragon Pulse | Dragonair Lv38 (Shed Skin): Thunder Wave/Fire Blast/Slam/Dragon Pulse | Dragonair Lv38 (Shed Skin): Thunder Wave/Aqua Tail/Slam/Dragon Pulse | Kingdra @ Sitrus Berry Lv41 (Sniper): Smoke Screen/Hydro Pump/Hyper Beam/Dragon Pulse
51,school_kid_m_alan_0502,School Kid Alan Rematch 3,Trainerclass School Kid M,603,54,0.918,1236,138,2055.1,S-,Elite Four Karen (Elo 2145.9),School Kid Sherman (Elo 1778.4),Bird Keeper Vance Rematch 3 (7 games),10.91,Xatu Lv47 (Synchronize): Wish/Psycho Shift/Future Sight/Ominous Wind | Tangrowth Lv54 (Chlorophyll): Slam/Tickle/Wring Out/Power Whip | Quagsire Lv47 (Damp): Amnesia/Yawn/Earthquake/Rain Dance | Yanmega Lv54 (Speed Boost): Slash/Screech/U Turn/Air Slash
52,ace_trainer_m_gaven_0601,Ace Trainer Gaven Rematch 3,Trainerclass Ace Trainer M,602,55,0.916,1226,136,2079.3,S-,Elite Four Bruno (Elo 2126.0),Biker Aiden Rematch 1 (Elo 1943.9),Picnicker Liz Rematch 3 (7 games),4.06,Victreebel Lv52 (Chlorophyll): Leaf Storm/Toxic/Acid/Leaf Blade | Kingler Lv49 (Hyper Cutter): Brine/Crabhammer/X Scissor/Protect | Flareon Lv50 (Flash Fire): Overheat/Quick Attack/Will O Wisp/Attract
53,ace_trainer_m_french_0542,Ace Trainer French,Trainerclass Ace Trainer M,599,58,0.912,1237,155,2065.7,S-,Elite Four Bruno (Elo 2126.0),Bug Catcher Dane (Elo 1642.2),Rival Silver Typhlosion (VR) (7 games),3.6,Absol Lv47 (Super Luck): Psycho Cut/Night Slash/Slash/Quick Attack | Alakazam Lv47 (Inner Focus): Psychic/Focus Blast/Energy Ball/Charge Beam
54,school_kid_m_jack_0500,School Kid Jack Rematch 3,Trainerclass School Kid M,598,59,0.91,1222,143,2076.8,S-,Leader Erika (Elo 2118.1),Hiker Kenny Rematch 2 (Elo 1779.3),Ace Trainer Carol (7 games),7.11,Electrode Lv43 (Soundproof): Charge/Charge Beam/Swift/Rollout | Vileplume Lv52 (Chlorophyll): Solar Beam/Giga Drain/Moonlight/Sunny Day | Arcanine Lv52 (Intimidate): Extreme Speed/Flamethrower/Crunch/Reversal
55,school_kid_m_billy_0639,School Kid Billy Rematch 3,Trainerclass School Kid M,598,59,0.91,1213,135,2076.5,S-,Elite Four Bruno (Elo 2126.0),Leader Morty (Elo 1568.0),Ace Trainer Shaye (6 games),5.77,Mr Mime Lv50 (Soundproof): Trick Room/Psychic/Substitute | Parasect Lv55 (Effect Spore): Spore/Giga Drain/X Scissor/Slash | Poliwrath Lv53 (Water Absorb): Wake Up Slap/Belly Drum/Dynamic Punch/Hypnosis | Ditto Lv51 (Limber): Transform
56,camper_tanner_0657,Camper Tanner Rematch 3,Trainerclass Camper,598,59,0.91,1220,143,2070.9,S-,Leader Blaine (Elo 2161.7),Black Belt Manford (Elo 1759.1),Firebreather Walt Rematch 3 (7 games),5.34,Sudowoodo Lv52 (Sturdy): Slam/Sucker Punch/Double Edge/Hammer Arm | Jumpluff Lv52 (Chlorophyll): Worry Seed/Giga Drain/Bounce/Memento | Lanturn Lv52 (Volt Absorb): Signal Beam/Discharge/Aqua Ring/Hydro Pump
57,rival_silver_feraligatr_vr,Rival Silver Feraligatr (VR),Trainerclass Rival,597,60,0.909,1204,130,2070.4,S-,Double Team Elan & Ida (Elo 2080.4),Bird Keeper Josh Rematch 3 (Elo 1969.9),Biker Aiden Rematch 3 (6 games),6.64,Sneasel Lv36 (Inner Focus): Quick Attack/Icy Wind/Faint Attack/Fury Swipes | Golbat Lv38 (Inner Focus): Astonish/Bite/Confuse Ray/Air Cutter | Magneton Lv37 (Magnet Pull): Spark/Supersonic/Thunder Wave/Magnet Bomb | Haunter Lv37 (Levitate): Mean Look/Curse/Shadow Ball/Confuse Ray | Kadabra Lv37 (Synchronize): Disable/Psybeam/Recover/Reflect | Feraligatr Lv40 (Torrent): Waterfall/Ice Fang/Crunch/Slash
58,camper_todd_0522,Camper Todd Rematch 3,Trainerclass Camper,596,61,0.907,1219,147,2068.1,S-,Leader Blaine (Elo 2161.7),Black Belt Manford (Elo 1759.1),Fisherman Kyle Rematch 3 (7 games),5.78,Graveler Lv36 (Rock Head): Selfdestruct/Rollout/Rock Blast/Earthquake | Graveler Lv44 (Rock Head): Rock Blast/Earthquake/Explosion/Double Edge | Magcargo Lv54 (Magma Armor): Amnesia/Lava Plume/Rock Slide/Body Slam | Golduck Lv56 (Damp): Psych Up/Zen Headbutt/Amnesia/Hydro Pump
59,double_team_elan_ida_0676,Double Team Elan & Ida,Trainerclass Double Team,595,62,0.906,1221,153,2080.4,S-,Leader Misty (Elo 2154.3),Twins Day & Dani (Elo 1745.9),Leader Clair (7 games),2.77,Porygon2 Lv52 (Download): Tri Attack/Charge Beam/Protect/Trick Room | Azumarill Lv50 (Huge Power): Waterfall/Aqua Jet/Superpower/Attract
60,young_couple_tim_sue_0651,Young Couple Tim & Sue Rematch 3,Trainerclass Young Couple,595,62,0.906,1231,166,2060.7,S-,Elite Four Bruno (Elo 2126.0),Swimmer Chelan (Elo 1574.0),Ace Trainer Kevin (7 games),3.23,Alakazam Lv54 (Synchronize): Psychic/Calm Mind/Reflect/Recover | Golduck Lv56 (Damp): Hydro Pump/Amnesia/Aqua Jet/Blizzard
61,picnicker_liz_0515,Picnicker Liz Rematch 3,Trainerclass Picnicker,595,62,0.906,1228,164,2055.0,S-,Elite Four Karen (Elo 2145.9),Scientist Linden (Elo 1746.0),Ace Trainer Gaven Rematch 3 (7 games),6.11,Victreebel Lv47 (Chlorophyll): Sweet Scent/Razor Leaf/Leaf Storm/Leaf Blade | Nidoking Lv58 (Poison Point): Poison Sting/Thrash/Earth Power/Megahorn | Nidoqueen Lv60 (Rivalry): Poison Sting/Body Slam/Earth Power/Superpower
62,ace_trainer_f_reena_0445,Ace Trainer Reena Rematch 2,Trainerclass Ace Trainer F,594,63,0.904,1215,152,2073.4,S-,Elite Four Will (Elo 2107.8),Medium Darcy (Elo 1841.4),Poke Maniac Brent Rematch 3 (7 games),4.56,Arcanine Lv47 (Intimidate): Roar/Fire Fang/Odor Sleuth/Extreme Speed | Nidoqueen Lv43 (Poison Point): Double Kick/Poison Sting/Body Slam/Earth Power | Starmie Lv47 (Natural Cure): Rapid Spin/Recover/Swift/Confuse Ray
63,rocket_boss_giovanni,Rocket Boss Giovanni,Trainerclass Rocket Boss,593,64,0.903,1206,148,2060.7,S-,Leader Sabrina (Elo 2147.6),Camper Pedro (Elo 1738.3),Gentleman Alfred Rematch 3 (6 games),6.03,Nidoking Lv42 (Poison Point): Focus Energy/Fury Attack/Double Kick/Shadow Claw | Kangaskhan Lv40 (Scrappy): Dizzy Punch/Sucker Punch/Leer/Outrage | Honchkrow Lv43 (Super Luck): Dark Pulse/Nasty Plot/Swagger/Shadow Ball | Nidoqueen Lv46 (Rivalry): Earth Power/Superpower/Crunch/Roar
64,ace_trainer_f_carol_0237,Ace Trainer Carol,Trainerclass Ace Trainer F,593,64,0.903,1214,157,2051.7,S-,Leader Janine (Elo 2119.6),Twins Day & Dani (Elo 1745.9),Ace Trainer Shaye (7 games),5.17,Electrode Lv43 (Static): Thunder/Selfdestruct/Swift/Rain Dance | Starmie Lv43 (Natural Cure): Recover/Brine/Thunder/Psychic | Ninetales Lv43 (Flash Fire): Nasty Plot/Fire Blast/Confuse Ray/Will O Wisp
65,rival_silver_typhlosion_vr,Rival Silver Typhlosion (VR),Trainerclass Rival,593,64,0.903,1206,150,2041.5,A+,Leader Erika (Elo 2118.1),Camper Pedro (Elo 1738.3),Ace Trainer French (7 games),6.86,Sneasel Lv36 (Inner Focus): Quick Attack/Icy Wind/Faint Attack/Fury Swipes | Golbat Lv38 (Inner Focus): Astonish/Bite/Confuse Ray/Air Cutter | Magneton Lv37 (Magnet Pull): Spark/Supersonic/Thunder Wave/Magnet Bomb | Haunter Lv37 (Levitate): Mean Look/Curse/Shadow Ball/Confuse Ray | Kadabra Lv37 (Synchronize): Disable/Psybeam/Recover/Reflect | Typhlosion Lv40 (Blaze): Lava Plume/Swift/Quick Attack/Flame Wheel
66,rival_silver_meganium_vr,Rival Silver Meganium (VR),Trainerclass Rival,591,66,0.9,1202,155,2074.5,S-,Elite Four Koga (Elo 2102.0),Biker Joel (Elo 1843.9),Boarder Bryce (7 games),7.5,Sneasel Lv36 (Inner Focus): Quick Attack/Icy Wind/Faint Attack/Fury Swipes | Golbat Lv38 (Inner Focus): Astonish/Bite/Confuse Ray/Air Cutter | Magneton Lv37 (Magnet Pull): Spark/Supersonic/Thunder Wave/Magnet Bomb | Haunter Lv37 (Levitate): Mean Look/Curse/Shadow Ball/Confuse Ray | Kadabra Lv37 (Synchronize): Disable/Psybeam/Recover/Reflect | Meganium Lv40 (Overgrow): Reflect/Petal Dance/Poison Powder/Synthesis
67,ace_trainer_m_shaye_0236,Ace Trainer Shaye,Trainerclass Ace Trainer M,590,67,0.898,1207,161,2060.2,S-,Ace Trainer Salma (Elo 2101.4),Super Nerd Merle (Elo 1731.5),Ace Trainer Carol (7 games),4.96,Jolteon Lv43 (Volt Absorb): Double Kick/Thunderbolt/Quick Attack/Sand Attack | Tangela Lv43 (Chlorophyll): Ancient Power/Stun Spore/Giga Drain/Ingrain | Tauros Lv43 (Anger Point): Take Down/Zen Headbutt/Payback/Scary Face
68,poke_maniac_brent_0527,Poke Maniac Brent Rematch 3,Trainerclass Poke Maniac,586,71,0.892,1200,170,2026.6,A+,Elite Four Karen (Elo 2145.9),School Kid Billy Rematch 2 (Elo 1791.8),Ace Trainer Reena Rematch 2 (7 games),10.87,Gyarados Lv48 (Intimidate): Rain Dance/Hydro Pump/Dragon Dance/Hyper Beam | Lickitung Lv40 (Own Tempo): Disable/Slam/Rollout/Me First | Nidoqueen Lv58 (Poison Point): Poison Sting/Body Slam/Earth Power/Superpower | Nidoking Lv58 (Poison Point): Poison Sting/Thrash/Earth Power/Megahorn
69,firebreather_walt_0618,Firebreather Walt Rematch 3,Trainerclass Firebreather,583,74,0.887,1199,180,2034.8,A+,Leader Jasmine Rematch (Elo 2185.3),Ace Trainer Lois (Elo 1471.6),Camper Tanner Rematch 3 (7 games),8.07,Magby Lv26 (Flame Body): Smoke Screen/Faint Attack/Fire Spin/Confuse Ray | Magmar Lv49 (Flame Body): Fire Punch/Lava Plume/Flamethrower/Sunny Day | Magmortar Lv58 (Flame Body): Lava Plume/Flamethrower/Sunny Day/Fire Blast
70,fisherman_kyle_0660,Fisherman Kyle Rematch 3,Trainerclass Fisherman,582,75,0.886,1209,194,2025.7,A+,Elite Four Koga (Elo 2102.0),Picnicker Gina Rematch 2 (Elo 1585.0),Camper Todd Rematch 3 (7 games),7.56,Seaking Lv48 (Swift Swim): Aqua Ring/Fury Attack/Waterfall/Horn Drill | Qwilfish Lv49 (Poison Point): Pin Missile/Take Down/Aqua Tail/Poison Jab | Seaking Lv52 (Swift Swim): Aqua Ring/Fury Attack/Waterfall/Horn Drill | Kingler Lv51 (Hyper Cutter): Protect/Guillotine/Slam/Brine
71,fisherman_tully_0514,Fisherman Tully Rematch 3,Trainerclass Fisherman,581,76,0.884,1217,206,2007.7,A+,Leader Janine (Elo 2119.6),Lass Shannon (Elo 1565.0),Ace Trainer Bonita (7 games),8.09,Seaking Lv41 (Swift Swim): Water Pulse/Rain Dance/Waterfall/Aqua Ring | Seaking Lv50 (Swift Swim): Water Pulse/Rain Dance/Waterfall/Megahorn | Qwilfish Lv53 (Poison Point): Rollout/Surf/Aqua Tail/Minimize
72,ace_trainer_f_quinn_0362,Ace Trainer Quinn,Trainerclass Ace Trainer F,580,77,0.883,1214,213,2009.6,A+,Elite Four Bruno (Elo 2126.0),Picnicker Edna (Elo 1651.1),Camper Todd Rematch 3 (7 games),4.5,Ivysaur Lv47 (Overgrow): Solar Beam/Double Edge/Synthesis/Sludge Bomb | Starmie Lv47 (Natural Cure): Blizzard/Confuse Ray/Thunderbolt/Water Pulse
73,biker_ernest_0633,Biker Ernest Rematch 3,Trainerclass Biker,579,78,0.881,1211,211,2012.5,A+,Ace Trainer Jamie Rematch 3 (Elo 2088.1),Medium Georgina (Elo 1283.0),Black Belt Manford (7 games),6.82,Ursaring Lv58 (Guts): Scary Face/Rest/Snore/Thrash | Azumarill Lv54 (Huge Power): Double Edge/Rain Dance/Aqua Tail/Hydro Pump
74,boarder_bryce_0678,Boarder Bryce,Trainerclass Boarder,578,79,0.88,1186,186,2023.4,A+,Rival Silver Meganium (VR) (Elo 2074.5),Guitarist Clyde (Elo 1545.1),Rival Silver Meganium (VR) (7 games),6.23,Dewgong Lv55 (Thick Fat): Dive/Aqua Tail/Ice Beam/Safeguard | Lapras Lv50 (Water Absorb): Ice Beam/Brine/Safeguard/Hydro Pump
75,lass_dana_0525,Lass Dana Rematch 3,Trainerclass Lass,576,81,0.877,1192,202,2003.5,A+,Double Team Elan & Ida (Elo 2080.4),Pokefan Robert (Elo 1486.8),Fisherman Ralph Rematch 3 (7 games),7.23,Golduck Lv51 (Damp): Water Pulse/Amnesia/Confusion/Screech | Ampharos Lv54 (Static): Thunder/Discharge/Thunder Wave/Signal Beam
76,ace_trainer_m_arabella_0673,Ace Trainer Arabella,Trainerclass Ace Trainer M,575,82,0.875,1182,197,1993.4,A+,Elite Four Will (Elo 2107.8),Hiker Parry Rematch 2 (Elo 1505.4),Scientist Daniel (7 games),5.28,Stantler Lv53 (Intimidate): Zen Headbutt/Return/Me First/Trick Room | Tauros Lv52 (Intimidate): Take Down/Thunder/Surf/Fire Blast
77,picnicker_erin_0600,Picnicker Erin Rematch 3,Trainerclass Picnicker,574,83,0.874,1193,213,2002.2,A+,Double Team Elan & Ida (Elo 2080.4),Bug Catcher Wade Rematch 2 (Elo 1603.3),Fisherman Wilton Rematch 3 (7 games),8.24,Cherrim Lv42 (Flower Gift): Sunny Day/Petal Dance/Worry Seed/Take Down | Sunflora Lv46 (Solar Power): Petal Dance/Sunny Day/Solar Beam/Leaf Storm | Bellossom Lv49 (Chlorophyll): Sweet Scent/Stun Spore/Sunny Day/Magical Leaf | Rapidash Lv53 (Flash Fire): Agility/Fire Blast/Fury Attack/Bounce
78,camper_tanner_0656,Camper Tanner Rematch 2,Trainerclass Camper,574,83,0.874,1182,199,1994.2,A+,School Kid Billy Rematch 3 (Elo 2076.5),Twins Jo & Zoe (Elo 1689.7),Ace Trainer Carol (7 games),5.17,Sudowoodo Lv48 (Sturdy): Rock Slide/Slam/Sucker Punch/Double Edge | Lanturn Lv47 (Volt Absorb): Bubble Beam/Signal Beam/Discharge/Aqua Ring | Skiploom Lv44 (Chlorophyll): Cotton Spore/U Turn/Worry Seed/Giga Drain
79,ace_trainer_m_kevin_0361,Ace Trainer Kevin,Trainerclass Ace Trainer M,573,84,0.872,1189,210,1991.6,A+,Ace Trainer Gaven Rematch 3 (Elo 2079.3),Leader Chuck (Elo 1666.2),Young Couple Tim & Sue Rematch 3 (7 games),4.74,Rhyhorn Lv48 (Rock Head): Take Down/Stone Edge/Horn Drill/Earthquake | Charmeleon Lv46 (Blaze): Flamethrower/Slash/Scary Face/Aerial Ace | Wartortle Lv46 (Torrent): Hydro Pump/Ice Beam/Bite/Swagger
80,biker_aiden_0629,Biker Aiden Rematch 2,Trainerclass Biker,572,85,0.871,1219,243,1983.0,A+,Elite Four Koga (Elo 2102.0),Pokefan Robert (Elo 1486.8),Double Team Zac & Jen (7 games),7.37,Hypno Lv55 (Insomnia): Psych Up/Swagger/Psychic/Nasty Plot | Tentacruel Lv55 (Clear Body): Poison Jab/Screech/Hydro Pump/Wring Out
81,fisherman_wilton_0605,Fisherman Wilton Rematch 3,Trainerclass Fisherman,572,85,0.871,1215,241,1964.9,A+,Leader Blaine (Elo 2161.7),Hiker Noland (Elo 1411.5),Biker Aiden Rematch 2 (7 games),8.12,Seaking Lv42 (Swift Swim): Flail/Aqua Ring/Fury Attack/Waterfall | Seaking Lv46 (Swift Swim): Flail/Aqua Ring/Fury Attack/Waterfall | Seaking Lv63 (Swift Swim): Waterfall/Horn Drill/Agility/Megahorn
82,hiker_kenny_0654,Hiker Kenny Rematch 3,Trainerclass Hiker,571,86,0.869,1181,211,1986.1,A+,Leader Lt. Surge (Elo 2100.4),Rival Silver Quilava (Burned Tower) (Elo 1422.0),Ace Trainer Gaven Rematch 2 (7 games),8.23,Sandslash Lv46 (Sand Veil): Fury Cutter/Sand Tomb/Slash/Gyro Ball | Graveler Lv44 (Rock Head): Rock Blast/Earthquake/Explosion/Double Edge | Golem Lv49 (Rock Head): Earthquake/Explosion/Double Edge/Stone Edge | Steelix Lv54 (Rock Head): Iron Tail/Crunch/Double Edge/Stone Edge
83,swimmer_f_lori_0294,Swimmer Lori,Trainerclass Swimmer F,567,90,0.863,1171,217,1977.0,A+,Ace Trainer Reena Rematch 2 (Elo 2073.4),Guitarist Clyde (Elo 1545.1),Lass Shannon (6 games),5.07,Starmie Lv42 (Natural Cure): Thunderbolt/Surf/Ice Beam/Recover | Starmie Lv42 (Natural Cure): Thunderbolt/Surf/Ice Beam/Recover | Starmie Lv42 (Natural Cure): Recover/Water Pulse/Thunder/Blizzard
84,bird_keeper_gs_vance_0609,Bird Keeper Vance Rematch 3,Trainerclass Bird Keeper Gs,564,93,0.858,1173,231,1977.1,A+,Elite Four Koga (Elo 2102.0),Hiker Parry Rematch 2 (Elo 1505.4),Double Team Zac & Jen (7 games),10.62,Pidgeot Lv56 (Keen Eye): Wing Attack/Roost/Tailwind/Mirror Move | Pidgeot Lv44 (Keen Eye): Feather Dance/Agility/Wing Attack/Roost | Noctowl Lv54 (Insomnia): Zen Headbutt/Extrasensory/Psycho Shift/Roost
85,lass_krise_0612,Lass Krise Rematch 3,Trainerclass Lass,563,94,0.857,1159,224,1979.6,A+,Fisherman Kyle Rematch 3 (Elo 2025.7),Rival Silver Bayleef (Burned Tower) (Elo 1448.8),Biker Aiden Rematch 1 (7 games),5.9,Vileplume Lv53 (Chlorophyll): Aromatherapy/Stun Spore/Poison Powder/Petal Dance | Marowak Lv54 (Rock Head): Fling/Bone Rush/Endeavor/Double Edge
86,ace_trainer_m_bonita_0674,Ace Trainer Bonita,Trainerclass Ace Trainer M,563,94,0.857,1192,251,1963.5,A+,Leader Blaine (Elo 2161.7),Rival Silver Bayleef (Burned Tower) (Elo 1448.8),Fisherman Tully Rematch 3 (7 games),10.38,Spinda Lv50 (Own Tempo): Flail/Fake Out/Teeter Dance/Trick Room | Sudowoodo Lv52 (Rock Head): Wood Hammer/Hammer Arm/Earthquake/Stone Edge
87,bird_keeper_gs_josh_0645,Bird Keeper Josh Rematch 3,Trainerclass Bird Keeper Gs,561,96,0.854,1165,234,1969.9,A+,Elite Four Koga (Elo 2102.0),Picnicker Hope (Elo 1468.3),Rival Silver Meganium (VR) (7 games),5.6,Skarmory Lv55 (Keen Eye): Steel Wing/Air Slash/Slash/Night Slash | Fearow Lv55 (Keen Eye): Agility/Assurance/Roost/Drill Peck
88,biker_aiden_0628,Biker Aiden Rematch 1,Trainerclass Biker,558,99,0.849,1184,269,1943.9,A+,Ace Trainer Gaven Rematch 3 (Elo 2079.3),Picnicker Debra (Elo 1494.6),Sailor Huey Rematch 3 (7 games),5.8,Hypno Lv50 (Insomnia): Psybeam/Psych Up/Swagger/Psychic | Tentacruel Lv49 (Clear Body): Water Pulse/Poison Jab/Screech/Hydro Pump
89,biker_reese_0627,Biker Reese Rematch 3,Trainerclass Biker,558,99,0.849,1166,251,1923.4,A+,Rival Silver Meganium (VR) (Elo 2074.5),Rival Silver Bayleef (Burned Tower) (Elo 1448.8),Camper Sid (7 games),6.1,Arbok Lv56 (Intimidate): Gunk Shot/Mud Bomb/Gastro Acid/Crunch | Weezing Lv55 (Levitate): Sludge Bomb/Double Hit/Smoke Screen/Thunder
90,double_team_zac_jen_0546,Double Team Zac & Jen,Trainerclass Double Team,557,100,0.848,1162,250,1914.1,A+,Elite Four Koga (Elo 2102.0),Hiker Noland (Elo 1411.5),Biker Aiden Rematch 2 (7 games),2.84,Electabuzz Lv47 (Static): Discharge/Quick Attack/Thunderbolt/Low Kick | Dugtrio Lv47 (Arena Trap): Dig/Mud Bomb/Growl/Night Slash
91,young_couple_tim_sue_0650,Young Couple Tim & Sue Rematch 2,Trainerclass Young Couple,554,103,0.843,1158,256,1947.9,A+,Elite Four Bruno (Elo 2126.0),Guitarist Clyde (Elo 1545.1),Youngster Ian Rematch 3 (7 games),3.2,Kadabra Lv48 (Synchronize): Recover/Psychic/Role Play/Reflect | Golduck Lv52 (Damp): Water Pulse/Amnesia/Zen Headbutt/Blizzard
92,hiker_anthony_0520,Hiker Anthony Rematch 3,Trainerclass Hiker,554,103,0.843,1178,274,1938.8,A+,Ace Trainer Salma (Elo 2101.4),Young Couple Tim & Sue (Elo 1616.9),Ace Trainer Megan (7 games),4.45,Graveler Lv41 (Rock Head): Rollout/Rock Blast/Earthquake/Explosion | Golem Lv49 (Rock Head): Earthquake/Explosion/Double Edge/Stone Edge | Machamp Lv55 (No Guard): Wake Up Slap/Cross Chop/Scary Face/Dynamic Punch
93,fisherman_ralph_0512,Fisherman Ralph Rematch 3,Trainerclass Fisherman,554,103,0.843,1194,287,1930.3,A+,Double Team Elan & Ida (Elo 2080.4),Picnicker Gina Rematch 1 (Elo 1353.7),Teacher Hillary Rematch 3 (7 games),5.33,Qwilfish Lv53 (Poison Point): Take Down/Aqua Tail/Poison Jab/Destiny Bond | Seaking Lv56 (Swift Swim): Fury Attack/Waterfall/Horn Drill/Agility
94,firebreather_otis_0015,Firebreather Otis,Trainerclass Firebreather,553,104,0.842,1158,263,1928.8,A+,Ace Trainer Shaye (Elo 2060.2),Fisherman Liam (Elo 1491.6),Black Belt Manford (7 games),5.31,Magmar Lv43 (Flame Body): Confuse Ray/Fire Punch/Lava Plume/Flamethrower | Weezing Lv40 (Levitate): Sludge/Haze/Double Hit/Explosion | Camerupt Lv47 (Magma Armor): Amnesia/Lava Plume/Rock Slide/Earth Power
95,boarder_shaun_0679,Boarder Shaun,Trainerclass Boarder,551,106,0.839,1153,259,1930.3,A+,Picnicker Liz Rematch 3 (Elo 2055.0),Picnicker Tanya (Elo 1673.3),Biker Reese Rematch 3 (7 games),7.14,Cloyster Lv55 (Shell Armor): Aurora Beam/Protect/Spikes/Spike Cannon | Dewgong Lv50 (Thick Fat): Take Down/Dive/Aqua Tail/Ice Beam
96,school_kid_m_torin_0648,School Kid Torin Rematch 3,Trainerclass School Kid M,549,108,0.836,1146,263,1960.8,A+,Ace Trainer Shaye (Elo 2060.2),Poke Maniac Morgan (Elo 1514.0),Rival Silver Meganium (Goldenrod) (7 games),8.12,Sandslash Lv52 (Sand Veil): Sand Tomb/Slash/Gyro Ball/Sandstorm | Golbat Lv53 (Inner Focus): Mean Look/Poison Fang/Haze/Air Slash | Vulpix Lv52 (Flash Fire): Captivate/Grudge/Extrasensory/Fire Blast
97,rival_silver_meganium_goldenrod,Rival Silver Meganium (Goldenrod),Trainerclass Rival,549,108,0.836,1158,278,1929.9,A+,Picnicker Liz Rematch 3 (Elo 2055.0),Firebreather Walt Rematch 2 (Elo 1623.6),Fisherman Kyle Rematch 2 (7 games),9.08,Golbat Lv32 (Inner Focus): Astonish/Bite/Confuse Ray/Air Cutter | Magnemite Lv30 (Magnet Pull): Supersonic/Spark/Sonic Boom/Thunder Wave | Haunter Lv32 (Levitate): Confuse Ray/Mean Look/Curse/Shadow Ball | Sneasel Lv34 (Inner Focus): Icy Wind/Quick Attack/Fury Swipes/Faint Attack | Meganium Lv34 (Overgrow): Reflect/Synthesis/Poison Powder/Petal Dance
98,school_kid_m_danny_0327,School Kid Danny,Trainerclass School Kid M,547,110,0.833,1164,292,1908.9,A,Fisherman Kyle Rematch 3 (Elo 2025.7),Pokefan Robert (Elo 1486.8),Ace Trainer Jamie Rematch 2 (7 games),7.13,Jynx Lv43 (Forewarn): Fake Tears/Wake Up Slap/Avalanche/Body Slam | Electabuzz Lv43 (Static): Light Screen/Thunder Punch/Discharge/Thunderbolt | Magmar Lv43 (Flame Body): Confuse Ray/Fire Punch/Lava Plume/Flamethrower
99,sailor_huey_0506,Sailor Huey Rematch 3,Trainerclass Sailor,544,113,0.828,1169,304,1908.4,A,Double Team Elan & Ida (Elo 2080.4),School Kid Dudley (Elo 1553.2),Biker Aiden Rematch 1 (7 games),6.4,Politoed Lv48 (Water Absorb): Whirlpool/Rain Dance/Body Slam/Perish Song | Poliwrath Lv52 (Water Absorb): Surf/Strength/Ice Punch/Submission
100,ace_trainer_m_gaven_0457,Ace Trainer Gaven Rematch 2,Trainerclass Ace Trainer M,541,116,0.823,1126,279,1949.7,A+,School Kid Jack Rematch 3 (Elo 2076.8),Ace Trainer Lola (Elo 1590.8),Hiker Kenny Rematch 3 (7 games),5.95,Victreebel Lv38 (Chlorophyll): Wrap/Toxic/Acid/Razor Leaf | Kingler Lv39 (Hyper Cutter): Brine/Stomp/X Scissor/Protect | Flareon Lv38 (Flash Fire): Fire Blast/Quick Attack/Sand Attack/Fire Spin
101,ace_trainer_f_jamie_0459,Ace Trainer Jamie Rematch 2,Trainerclass Ace Trainer F,541,116,0.823,1140,288,1889.5,A,Ace Trainer French (Elo 2065.7),Pokefan Robert (Elo 1486.8),School Kid Danny (7 games),4.49,Rapidash Lv42 (Flash Fire): Stomp/Fire Spin/Fire Blast/Ember | Ampharos Lv40 (Static): Discharge/Signal Beam/Charge/Thunder Wave
102,lass_alice_0183,Lass Alice,Trainerclass Lass,539,118,0.82,1146,309,1899.4,A,School Kid Jack Rematch 3 (Elo 2076.8),Hiker Noland (Elo 1411.5),Bird Keeper Josh Rematch 1 (7 games),7.75,Gloom Lv41 (Chlorophyll): Toxic/Sludge Bomb/Sweet Scent/Drain Punch | Arbok Lv45 (Intimidate): Poison Jab/Screech/Crunch/Mud Bomb | Vileplume Lv41 (Chlorophyll): Toxic/Sludge Bomb/Attract/Drain Punch
103,school_kid_m_chad_0504,School Kid Chad Rematch 3,Trainerclass School Kid M,539,118,0.82,1165,319,1896.2,A,Elite Four Koga (Elo 2102.0),Youngster Owen (Elo 1438.0),Hiker Kenny Rematch 3 (7 games),10.32,Mr Mime Lv46 (Soundproof): Baton Pass/Double Team/Light Screen/Psychic | Magneton Lv56 (Magnet Pull): Gyro Ball/Mirror Shot/Thunder Wave/Magnet Bomb
104,youngster_ian_0615,Youngster Ian Rematch 3,Trainerclass Youngster,537,120,0.817,1161,328,1900.9,A,Ace Trainer Reena Rematch 2 (Elo 2073.4),Medium Edith (Elo 1080.9),Twins Kay & Tia Rematch 1 (7 games),5.46,Primeape Lv47 (Vital Spirit): Rage/Swagger/Cross Chop/Thrash | Dugtrio Lv58 (Sand Veil): Mud Bomb/Slash/Earthquake/Fissure
105,rival_silver_quilava_goldenrod,Rival Silver Quilava (Goldenrod),Trainerclass Rival,534,123,0.813,1121,305,1905.5,A,Picnicker Erin Rematch 3 (Elo 2002.2),Hiker Noland (Elo 1411.5),Fisherman Murphy (7 games),9.02,Golbat Lv32 (Inner Focus): Astonish/Bite/Confuse Ray/Air Cutter | Magnemite Lv30 (Magnet Pull): Supersonic/Spark/Sonic Boom/Thunder Wave | Haunter Lv32 (Levitate): Confuse Ray/Mean Look/Curse/Shadow Ball | Sneasel Lv34 (Inner Focus): Icy Wind/Quick Attack/Fury Swipes/Faint Attack | Quilava Lv34 (Blaze): Smoke Screen/Swift/Quick Attack/Flame Wheel
106,hiker_parry_0603,Hiker Parry Rematch 3,Trainerclass Hiker,533,124,0.811,1141,323,1884.5,A,Leader Janine (Elo 2119.6),Camper Virgil (Elo 1319.7),School Kid Danny (7 games),4.85,Steelix Lv56 (Rock Head): Iron Tail/Crunch/Double Edge/Stone Edge | Golem Lv52 (Rock Head): Earthquake/Explosion/Double Edge/Stone Edge
107,bird_keeper_gs_jose_0599,Bird Keeper Jose Rematch 3,Trainerclass Bird Keeper Gs,533,124,0.811,1106,288,1881.1,A,Ace Trainer Quinn (Elo 2009.6),Hiker Kenny (Elo 1493.9),Hiker Eoin (7 games),5.62,Farfetchd Lv50 (Keen Eye): Night Slash/Air Slash/Feint/False Swipe | Farfetchd Lv52 (Keen Eye): Night Slash/Air Slash/Feint/False Swipe | Farfetchd Lv53 (Keen Eye): Night Slash/Air Slash/Feint/False Swipe
108,twins_jo_zoe_0326,Twins Jo & Zoe Rematch,Trainerclass Twins,532,125,0.81,1123,310,1910.1,A+,Leader Erika (Elo 2118.1),Team Rocket Grunt Nugget Bridge (Elo 1449.1),Picnicker Erin Rematch 2 (7 games),3.54,Victreebel Lv47 (Chlorophyll): Giga Drain/Sleep Powder/Sludge Bomb/Protect | Vileplume Lv47 (Chlorophyll): Giga Drain/Stun Spore/Drain Punch/Attract
109,teacher_hillary_0636,Teacher Hillary Rematch 3,Trainerclass Teacher,532,125,0.81,1139,326,1884.3,A,Rival Silver Meganium (VR) (Elo 2074.5),Medium Georgina (Elo 1283.0),Fisherman Ralph Rematch 3 (7 games),6.47,Ambipom Lv55 (Technician): Double Hit/Fling/Nasty Plot/Last Resort | Sunflora Lv55 (Chlorophyll): Petal Dance/Sunny Day/Solar Beam/Leaf Storm
110,bird_keeper_gs_josh_0644,Bird Keeper Josh Rematch 2,Trainerclass Bird Keeper Gs,531,126,0.808,1119,308,1903.4,A,Biker Aiden Rematch 3 (Elo 2075.0),Hiker Noland (Elo 1411.5),Executive Archer (7 games),6.04,Skarmory Lv48 (Keen Eye): Steel Wing/Air Slash/Slash/Night Slash | Fearow Lv51 (Keen Eye): Agility/Assurance/Roost/Drill Peck
111,psychic_m_jared_0415,Psychic Jared,Trainerclass Psychic M,529,128,0.805,1101,301,1894.8,A,School Kid Jack Rematch 3 (Elo 2076.8),Executive Ariana Ariana (Rocket HQ) (Elo 1581.7),Ace Trainer Gaven Rematch 1 (7 games),5.73,Mr Mime Lv42 (Filter): Skill Swap/Psychic/Reflect/Light Screen | Exeggcute Lv42 (Chlorophyll): Skill Swap/Psychic/Sleep Powder/Leech Seed | Exeggcute Lv45 (Chlorophyll): Skill Swap/Psychic/Hypnosis/Grass Knot
112,picnicker_tiffany_0519,Picnicker Tiffany Rematch 3,Trainerclass Picnicker,529,128,0.805,1151,349,1868.7,A,Rocket Boss Giovanni (Elo 2060.7),Bird Keeper Peter (Elo 872.3),Camper Dean (7 games),4.94,Clefable Lv61 (Cute Charm): Gravity/Metronome/Blizzard/Thunder
113,lass_linda_0136,Lass Linda,Trainerclass Lass,527,130,0.802,1097,303,1893.5,A,Camper Tanner Rematch 3 (Elo 2070.9),Hiker Noland (Elo 1411.5),Lass Alice (7 games),6.34,Bulbasaur Lv41 (Overgrow): Toxic/Sludge Bomb/Leech Seed/Double Edge | Ivysaur Lv43 (Overgrow): Toxic/Sludge Bomb/Leech Seed/Double Edge | Venusaur Lv45 (Overgrow): Toxic/Sludge Bomb/Leech Seed/Double Edge
114,school_kid_m_torin_0647,School Kid Torin Rematch 2,Trainerclass School Kid M,527,130,0.802,1122,328,1891.5,A,Firebreather Walt Rematch 3 (Elo 2034.8),Hiker Noland (Elo 1411.5),Hiker Kenny Rematch 2 (7 games),8.27,Sandslash Lv48 (Sand Veil): Fury Cutter/Sand Tomb/Slash/Gyro Ball | Golbat Lv51 (Inner Focus): Mean Look/Poison Fang/Haze/Air Slash | Vulpix Lv48 (Flash Fire): Captivate/Grudge/Extrasensory/Fire Blast
115,picnicker_gina_0517,Picnicker Gina Rematch 3,Trainerclass Picnicker,527,130,0.802,1128,337,1875.6,A,Double Team Elan & Ida (Elo 2080.4),Swimmer Esteban (Elo 1526.6),Biker Ernest Rematch 3 (7 games),11.14,Skiploom Lv30 (Chlorophyll): Sleep Powder/Bullet Seed/Leech Seed/Mega Drain | Jumpluff Lv36 (Chlorophyll): Leech Seed/Mega Drain/Cotton Spore/U Turn | Venusaur Lv55 (Overgrow): Petal Dance/Worry Seed/Synthesis/Solar Beam
116,pkmn_trainer_lance_lance_rocket_hq_0667,Pokemon Trainer Lance (Rocket HQ),Trainerclass Pkmn Trainer Lance,527,130,0.802,1136,343,1846.6,A,Young Couple Tim & Sue Rematch 3 (Elo 2060.7),Rival Silver Bayleef (Azalea) (Elo 1205.1),Super Nerd Shawn (7 games),5.73,Dragonite Lv40 (Inner Focus): Fly/Twister/Thunder/Hyper Beam
117,rival_silver_feraligatr_goldenrod,Rival Silver Feraligatr (Goldenrod),Trainerclass Rival,525,132,0.799,1105,317,1888.2,A,Picnicker Liz Rematch 3 (Elo 2055.0),Swimmer Frankie (Elo 1574.5),Kimono Girl Kuni (7 games),8.85,Golbat Lv30 (Inner Focus): Astonish/Bite/Confuse Ray/Air Cutter | Magnemite Lv28 (Magnet Pull): Supersonic/Spark/Sonic Boom/Thunder Wave | Haunter Lv30 (Levitate): Confuse Ray/Mean Look/Curse/Shadow Ball | Sneasel Lv32 (Inner Focus): Icy Wind/Quick Attack/Fury Swipes/Faint Attack | Feraligatr Lv32 (Torrent): Ice Fang/Water Gun/Crunch/Thrash
118,twins_kay_tia_0641,Twins Kay & Tia Rematch 2,Trainerclass Twins,524,133,0.798,1095,313,1855.1,A,Leader Lt. Surge (Elo 2100.4),Young Couple Moe & Lulu (Elo 1360.0),Swimmer Briana (7 games),3.91,Quagsire Lv53 (Damp): Rain Dance/Surf/Muddy Water/Earthquake | Quagsire Lv53 (Damp): Amnesia/Surf/Muddy Water/Protect
119,twins_kay_tia_0642,Twins Kay & Tia Rematch 3,Trainerclass Twins,523,134,0.796,1117,340,1881.8,A,Leader Lt. Surge (Elo 2100.4),School Kid Jack Rematch 1 (Elo 1322.2),Ace Trainer Gaven (7 games),6.1,Quagsire Lv55 (Damp): Amnesia/Surf/Yawn/Protect | Quagsire Lv55 (Damp): Rain Dance/Surf/Muddy Water/Earthquake
120,school_kid_m_tommy_0328,School Kid Tommy,Trainerclass School Kid M,523,134,0.796,1129,355,1868.4,A,Picnicker Liz Rematch 3 (Elo 2055.0),Pokefan Colin (Elo 1351.3),Twins Kay & Tia Rematch 1 (7 games),7.73,Xatu Lv41 (Synchronize): Confuse Ray/Night Shade/Fly/Psychic | Alakazam Lv43 (Inner Focus): Psychic/Calm Mind/Reflect/Focus Blast
121,gentleman_alfred_0666,Gentleman Alfred Rematch 3,Trainerclass Gentleman,523,134,0.796,1148,369,1853.4,A,School Kid Billy Rematch 3 (Elo 2076.5),Rival Silver Quilava (Azalea) (Elo 1181.8),Lass Alice (7 games),6.74,Noctowl Lv58 (Insomnia): Hypnosis/Dream Eater/Air Slash/Reflect
122,camper_barry_0084,Camper Barry,Trainerclass Camper,523,134,0.796,1119,339,1850.8,A,Leader Lt. Surge (Elo 2100.4),Medium Grace (Elo 1231.2),Swimmer Diana (7 games),3.4,Nidoking Lv48 (Rivalry): Poison Jab/Focus Energy/Earth Power/Focus Blast
123,fisherman_gideon_0588,Fisherman Gideon,Trainerclass Fisherman,522,135,0.795,1124,350,1876.2,A,Fisherman Tully Rematch 3 (Elo 2007.7),Teacher Clarice (Elo 1603.1),Psychic Franklin (7 games),6.46,Lanturn Lv44 (Volt Absorb): Discharge/Signal Beam/Bubble Beam/Confuse Ray | Mantine Lv40 (Swift Swim): Water Pulse/Wing Attack/Psybeam/Confuse Ray
124,fisherman_barney_0322,Fisherman Barney,Trainerclass Fisherman,522,135,0.795,1114,343,1872.9,A,Rocket Boss Giovanni (Elo 2060.7),Picnicker Hope (Elo 1468.3),Super Nerd Cary (7 games),8.01,Gyarados Lv40 (Intimidate): Twister/Ice Fang/Aqua Tail/Rain Dance | Gyarados Lv37 (Intimidate): Leer/Twister/Ice Fang/Aqua Tail | Gyarados Lv37 (Intimidate): Leer/Twister/Ice Fang/Aqua Tail
125,biker_jacob_0570,Biker Jacob,Trainerclass Biker,520,137,0.791,1111,347,1854.8,A,Boarder Bryce (Elo 2023.4),Medium Georgina (Elo 1283.0),Hiker Clarke (7 games),5.72,Magmar Lv43 (Flame Body): Confuse Ray/Fire Punch/Lava Plume/Flamethrower | Tentacruel Lv43 (Liquid Ooze): Barrier/Water Pulse/Poison Jab/Screech
126,poke_maniac_brent_0173,Poke Maniac Brent Rematch 2,Trainerclass Poke Maniac,519,138,0.79,1118,359,1885.2,A,Picnicker Erin Rematch 3 (Elo 2002.2),Psychic Phil (Elo 1356.8),Biker Ernest Rematch 2 (7 games),8.41,Gyarados Lv41 (Intimidate): Ice Fang/Aqua Tail/Rain Dance/Hydro Pump | Lickitung Lv38 (Own Tempo): Disable/Slam/Rollout/Me First | Nidorina Lv38 (Poison Point): Bite/Helping Hand/Toxic Spikes/Flatter | Nidorino Lv43 (Poison Point): Helping Hand/Toxic Spikes/Flatter/Poison Jab
127,fisherman_kyle_0659,Fisherman Kyle Rematch 2,Trainerclass Fisherman,518,139,0.788,1102,346,1835.9,A-,Young Couple Tim & Sue Rematch 3 (Elo 2060.7),Pokefan Robert (Elo 1486.8),Camper Lloyd (7 games),8.42,Seaking Lv43 (Swift Swim): Flail/Aqua Ring/Fury Attack/Waterfall | Qwilfish Lv41 (Poison Point): Revenge/Brine/Pin Missile/Take Down | Seaking Lv47 (Swift Swim): Aqua Ring/Fury Attack/Waterfall/Horn Drill | Krabby Lv39 (Hyper Cutter): Protect/Guillotine/Slam/Brine
128,camper_sid_0150,Camper Sid,Trainerclass Camper,516,141,0.785,1098,346,1841.0,A-,Camper Tanner Rematch 2 (Elo 1994.2),Pokefan Robert (Elo 1486.8),Biker Reese Rematch 3 (7 games),5.87,Dugtrio Lv43 (Sand Veil): Sand Tomb/Earth Power/Mud Bomb/Slash | Primeape Lv40 (Anger Point): Screech/Assurance/Rage/Swagger | Poliwrath Lv40 (Damp): Bubble Beam/Hypnosis/Double Slap/Submission
129,bug_catcher_arnie_0510,Bug Catcher Arnie Rematch 3,Trainerclass Bug Catcher,515,142,0.784,1101,360,1847.8,A,Ace Trainer Shaye (Elo 2060.2),Gentleman Milton (Elo 1472.3),Picnicker Erin Rematch 2 (7 games),7.68,Nincada Lv45 (Compound Eyes): Dig/Metal Claw/Mud Slap/Leech Life | Venomoth Lv56 (Shield Dust): Gust/Psychic/Poison Fang/Signal Beam
130,scientist_gs_lowell_0684,Scientist Lowell,Trainerclass Scientist Gs,515,142,0.784,1110,365,1843.4,A,Young Couple Tim & Sue Rematch 3 (Elo 2060.7),Ace Trainer Ryan (Elo 1448.4),Ace Trainer Megan (7 games),4.03,Arcanine Lv50 (Intimidate): Overheat/Extreme Speed/Fire Fang/Thunder Fang
131,medium_darcy_0369,Medium Darcy,Trainerclass Medium,515,142,0.784,1117,376,1841.4,A,Leader Blaine (Elo 2161.7),Hiker Parry Rematch 1 (Elo 1300.9),School Kid Billy Rematch 2 (7 games),10.65,Slowpoke Lv44 (Own Tempo): Skill Swap/Amnesia/Disable/Psychic | Slowbro Lv46 (Own Tempo): Skill Swap/Slack Off/Psychic/Yawn
132,psychic_m_herman_0316,Psychic Herman,Trainerclass Psychic M,514,143,0.782,1095,356,1865.2,A,Biker Ernest Rematch 3 (Elo 2012.5),Gentleman Alfred Rematch 1 (Elo 1393.4),Camper Jerry (7 games),6.68,Exeggcute Lv39 (Chlorophyll): Psychic/Hypnosis/Barrage/Dream Eater | Exeggcute Lv39 (Chlorophyll): Psychic/Hypnosis/Barrage/Dream Eater | Exeggutor Lv39 (Chlorophyll): Psychic/Hypnosis/Wood Hammer/Dream Eater
133,picnicker_erin_0453,Picnicker Erin Rematch 2,Trainerclass Picnicker,514,143,0.782,1113,365,1830.8,A-,Firebreather Walt Rematch 3 (Elo 2034.8),Biker Dale (Elo 1471.3),Bug Catcher Arnie Rematch 3 (7 games),10.65,Bellossom Lv46 (Chlorophyll): Sweet Scent/Stun Spore/Sunny Day/Magical Leaf | Sunflora Lv39 (Chlorophyll): Worry Seed/Razor Leaf/Petal Dance/Sunny Day | Rapidash Lv48 (Flash Fire): Agility/Fire Blast/Fury Attack/Bounce
134,ace_trainer_f_jamie_0458,Ace Trainer Jamie Rematch 1,Trainerclass Ace Trainer F,512,145,0.779,1087,355,1828.1,A-,Firebreather Walt Rematch 3 (Elo 2034.8),Hiker Noland (Elo 1411.5),Biker Ernest Rematch 2 (7 games),4.7,Rapidash Lv38 (Flash Fire): Stomp/Fire Spin/Flame Wheel/Ember | Ampharos Lv37 (Static): Discharge/Signal Beam/Charge/Thunder Punch
135,school_kid_m_joe_0330,School Kid Joe,Trainerclass School Kid M,510,147,0.776,1078,350,1839.5,A-,Fisherman Ralph Rematch 3 (Elo 1930.3),Guitarist Clyde (Elo 1545.1),Fisherman Kyle Rematch 1 (7 games),5.88,Tangela @ Sitrus Berry Lv44 (Chlorophyll): Ancient Power/Knock Off/Natural Gift/Slam | Vaporeon Lv42 (Water Absorb): Water Gun/Quick Attack/Bite/Aurora Beam
136,biker_joel_0314,Biker Joel,Trainerclass Biker,509,148,0.775,1096,373,1843.9,A,Rival Silver Meganium (VR) (Elo 2074.5),Ace Trainer Gwen (Elo 1468.9),Hiker Clarke (7 games),5.36,Magmar Lv43 (Flame Body): Confuse Ray/Fire Punch/Lava Plume/Flamethrower | Magmar Lv43 (Flame Body): Confuse Ray/Fire Punch/Lava Plume/Flamethrower
137,ace_trainer_m_jake_0028,Ace Trainer Jake,Trainerclass Ace Trainer M,509,148,0.775,1086,368,1835.3,A-,Hiker Kenny Rematch 3 (Elo 1986.1),School Kid Ricky (Elo 1404.3),Biker Reese Rematch 3 (7 games),7.58,Parasect Lv33 (Dry Skin): Leech Life/Spore/Slash/Swords Dance | Golduck Lv35 (Cloud Nine): Psychic/Screech/Water Pulse/Fury Swipes | Vaporeon Lv33 (Water Absorb): Bite/Quick Attack/Sand Attack/Surf
138,black_belt_kenji_0602,Black Belt Kenji Rematch 3,Trainerclass Black Belt,509,148,0.775,1132,412,1827.7,A-,Boarder Bryce (Elo 2023.4),Medium Edith (Elo 1080.9),Fisherman Gideon (7 games),17.2,Onix Lv41 (Rock Head): Rock Polish/Dragon Breath/Curse/Iron Tail | Machamp Lv53 (Guts): Wake Up Slap/Cross Chop/Scary Face/Dynamic Punch | Onix Lv49 (Rock Head): Curse/Iron Tail/Sand Tomb/Double Edge | Hitmonlee Lv53 (Limber): Blaze Kick/Endure/Mega Kick/Close Combat
139,biker_glenn_0315,Biker Glenn,Trainerclass Biker,507,150,0.772,1074,358,1841.2,A-,Boarder Bryce (Elo 2023.4),Hiker Noland (Elo 1411.5),Pokemon Trainer Lance (Rocket HQ) (7 games),5.71,Koffing Lv39 (Levitate): Sludge/Haze/Gyro Ball/Explosion | Magmar Lv41 (Flame Body): Confuse Ray/Fire Punch/Lava Plume/Flamethrower | Weezing Lv43 (Levitate): Sludge/Haze/Double Hit/Explosion
140,psychic_m_franklin_0230,Psychic Franklin,Trainerclass Psychic M,506,151,0.77,1097,383,1836.5,A-,Ace Trainer Gaven Rematch 2 (Elo 1949.7),Bug Catcher Rob (Elo 1470.7),Fisherman Gideon (7 games),3.92,Kadabra Lv44 (Inner Focus): Headbutt/Skill Swap/Psychic/Disable | Girafarig Lv47 (Early Bird): Crunch/Skill Swap/Double Hit/Psychic
141,kimono_girl_naoko_0160,Kimono Girl Naoko,Trainerclass Kimono Girl,501,156,0.763,1070,384,1832.4,A-,Ace Trainer Arabella (Elo 1993.4),Bug Catcher Doug (Elo 1435.5),School Kid Billy Rematch 2 (7 games),3.05,Espeon Lv38 (Synchronize): Last Resort/Psychic/Psych Up/Swift
142,beauty_julia_0346,Beauty Julia,Trainerclass Beauty,499,158,0.76,1068,388,1838.2,A-,Ace Trainer French (Elo 2065.7),Bird Keeper Ernie (Elo 1379.2),Picnicker Cindy (7 games),9.29,Paras Lv44 (Effect Spore): Giga Drain/Spore/Slash/Attract | Carnivine Lv44 (Levitate): Giga Drain/Wring Out/Ingrain/Attract | Parasect Lv47 (Effect Spore): Giga Drain/Spore/Attract/X Scissor
143,school_kid_m_billy_0638,School Kid Billy Rematch 2,Trainerclass School Kid M,499,158,0.76,1103,420,1791.8,A-,Poke Maniac Brent Rematch 3 (Elo 2026.6),Bug Catcher Doug (Elo 1435.5),Medium Darcy (7 games),9.02,Parasect Lv46 (Effect Spore): Spore/Slash/Growth/Giga Drain | Poliwhirl Lv47 (Water Absorb): Bubble Beam/Mud Shot/Belly Drum/Wake Up Slap | Ditto Lv46 (Limber): Transform
144,ace_trainer_m_gaven_0456,Ace Trainer Gaven Rematch 1,Trainerclass Ace Trainer M,497,160,0.756,1069,395,1818.0,A-,Firebreather Walt Rematch 3 (Elo 2034.8),Ace Trainer Jamie (Elo 1576.5),Psychic Jared (7 games),6.6,Victreebel Lv34 (Chlorophyll): Wrap/Toxic/Acid/Razor Leaf | Kingler Lv34 (Hyper Cutter): Bubble Beam/Stomp/Guillotine/Protect | Flareon Lv34 (Flash Fire): Sand Attack/Quick Attack/Bite/Fire Blast
145,biker_reese_0626,Biker Reese Rematch 2,Trainerclass Biker,496,161,0.755,1079,410,1808.3,A-,Ace Trainer Quinn (Elo 2009.6),Medium Georgina (Elo 1283.0),Firebreather Burt (7 games),10.83,Arbok Lv48 (Intimidate): Mud Bomb/Swallow/Stockpile/Spit Up | Weezing Lv50 (Levitate): Sludge Bomb/Double Hit/Smoke Screen/Assurance
146,ace_trainer_m_blake_0103,Ace Trainer Blake,Trainerclass Ace Trainer M,495,162,0.753,1081,419,1810.2,A-,Bird Keeper Josh Rematch 3 (Elo 1969.9),Pokefan Robert (Elo 1486.8),Camper Lloyd (7 games),6.6,Magneton Lv33 (Sturdy): Thunderbolt/Supersonic/Magnet Bomb/Screech | Quagsire Lv31 (Water Absorb): Water Gun/Slam/Yawn/Earthquake | Exeggcute Lv31 (Chlorophyll): Leech Seed/Confusion/Sleep Powder/Solar Beam
147,biker_ernest_0632,Biker Ernest Rematch 2,Trainerclass Biker,493,164,0.75,1095,441,1805.3,A-,Young Couple Tim & Sue Rematch 3 (Elo 2060.7),Medium Martha (Elo 1268.5),Poke Maniac Brent Rematch 2 (7 games),9.96,Teddiursa Lv48 (Pickup): Slash/Charm/Rest/Snore | Azumarill Lv49 (Huge Power): Aqua Ring/Double Edge/Rain Dance/Aqua Tail
148,executive_archer_archer,Executive Archer,Trainerclass Executive Archer,493,164,0.75,1061,408,1796.4,A-,Ace Trainer Quinn (Elo 2009.6),Hiker Noland (Elo 1411.5),Biker Reese Rematch 1 (7 games),6.23,Houndour Lv35 (Early Bird): Fire Fang/Roar/Bite/Faint Attack | Koffing Lv35 (Levitate): Tackle/Sludge/Smoke Screen/Haze | Houndoom Lv38 (Early Bird): Fire Fang/Smog/Bite/Faint Attack
149,juggler_irwin_0524,Juggler Irwin Rematch 3,Trainerclass Juggler,492,165,0.749,1087,428,1841.6,A,Ace Trainer French (Elo 2065.7),Hiker Parry (Elo 1140.3),Lass Michelle (7 games),11.93,Voltorb Lv40 (Soundproof): Rollout/Spark/Sonic Boom/Charge | Voltorb Lv40 (Static): Charge Beam/Charge/Light Screen/Swift | Electrode Lv46 (Static): Thunder/Screech/Charge Beam/Rain Dance | Electrode Lv51 (Static): Thunder/Mirror Coat/Magnet Rise/Thunder Wave
150,swimmer_f_briana_0298,Swimmer Briana,Trainerclass Swimmer F,491,166,0.747,1110,458,1797.6,A-,Ace Trainer Kevin (Elo 1991.6),Picnicker Hope (Elo 1468.3),Super Nerd Sam (7 games),7.52,Seaking Lv46 (Water Veil): Water Pulse/Aqua Ring/Supersonic/Poison Jab | Seaking Lv46 (Water Veil): Water Pulse/Aqua Ring/Supersonic/Poison Jab
151,kimono_girl_kuni_0163,Kimono Girl Kuni,Trainerclass Kimono Girl,490,167,0.746,1057,415,1827.4,A-,Ace Trainer Arabella (Elo 1993.4),Picnicker Adrian (Elo 1470.4),Rival Silver Feraligatr (Goldenrod) (7 games),3.9,Vaporeon Lv38 (Water Absorb): Last Resort/Surf/Quick Attack/Aurora Beam
152,young_couple_tim_sue_0649,Young Couple Tim & Sue Rematch 1,Trainerclass Young Couple,489,168,0.744,1060,414,1791.3,A-,Ace Trainer Quinn (Elo 2009.6),Bird Keeper Ernie (Elo 1379.2),Lass Alice (7 games),3.58,Kadabra Lv45 (Synchronize): Psycho Cut/Role Play/Psychic/Future Sight | Golduck Lv50 (Damp): Screech/Psych Up/Zen Headbutt/Amnesia
153,camper_dean_0149,Camper Dean,Trainerclass Camper,488,169,0.743,1046,408,1790.6,A-,Biker Reese Rematch 3 (Elo 1923.4),Mystery Man Eusine (Elo 1540.1),Camper Lloyd (7 games),5.98,Golduck Lv44 (Cloud Nine): Fury Swipes/Screech/Psych Up/Zen Headbutt | Sandslash Lv42 (Sand Veil): Crush Claw/Fury Cutter/Sand Tomb/Slash
154,swimmer_m_tyson_0374,Swimmer Tyson,Trainerclass Swimmer M,488,169,0.743,1070,429,1779.2,A-,Ace Trainer Carol (Elo 2051.7),Bug Catcher Rob (Elo 1470.7),Biker Reese Rematch 3 (7 games),7.43,Quagsire Lv42 (Water Absorb): Earthquake/Yawn/Surf/Amnesia | Octillery Lv42 (Sniper): Signal Beam/Wring Out/Octazooka/Aurora Beam
155,camper_jerry_0308,Camper Jerry,Trainerclass Camper,487,170,0.741,1064,428,1808.0,A-,Elite Four Koga (Elo 2102.0),Picnicker Selina (Elo 1244.3),Swimmer Katie (7 games),3.06,Rhydon Lv50 (Rock Head): Rock Slide/Avalanche/Hammer Arm/Take Down
156,hiker_kenny_0653,Hiker Kenny Rematch 2,Trainerclass Hiker,487,170,0.741,1089,457,1779.3,A-,School Kid Jack Rematch 3 (Elo 2076.8),Rival Silver Croconaw (Burned Tower) (Elo 1429.8),Bug Catcher Doug Rematch 3 (7 games),7.65,Sandslash Lv42 (Sand Veil): Crush Claw/Fury Cutter/Sand Tomb/Slash | Graveler Lv37 (Rock Head): Selfdestruct/Rollout/Rock Blast/Earthquake | Golem Lv44 (Rock Head): Rock Blast/Earthquake/Explosion/Double Edge | Onix Lv46 (Rock Head): Dragon Breath/Curse/Iron Tail/Sand Tomb
157,bug_catcher_doug_0621,Bug Catcher Doug Rematch 3,Trainerclass Bug Catcher,486,171,0.74,1070,441,1786.4,A-,Picnicker Erin Rematch 3 (Elo 2002.2),School Kid Chad Rematch 1 (Elo 1401.2),Hiker Kenny Rematch 2 (7 games),6.74,Butterfree Lv52 (Compound Eyes): Tailwind/Safeguard/Captivate/Bug Buzz | Ariados Lv50 (Swarm): Agility/Pin Missile/Psychic/Poison Jab
158,leader_jasmine_jasmine,Leader Jasmine,Trainerclass Leader Jasmine,485,172,0.738,1045,419,1796.5,A-,Young Couple Tim & Sue Rematch 3 (Elo 2060.7),Ace Trainer Allen (Elo 1393.7),Lass Laura (7 games),7.51,Magnemite Lv30 (Magnet Pull): Thunderbolt/Supersonic/Sonic Boom/Thunder Wave | Magnemite Lv30 (Sturdy): Thunderbolt/Supersonic/Sonic Boom/Thunder Wave | Steelix @ Sitrus Berry Lv35 (Sturdy): Screech/Sandstorm/Rock Throw/Iron Tail
159,fisherman_stephen_0321,Fisherman Stephen,Trainerclass Fisherman,485,172,0.738,1073,445,1778.5,A-,Leader Lt. Surge (Elo 2100.4),Bird Keeper Jose (Elo 1368.6),School Kid Danny (7 games),14.31,Quagsire Lv43 (Damp): Amnesia/Yawn/Earthquake/Rain Dance | Qwilfish Lv38 (Poison Point): Spit Up/Revenge/Brine/Pin Missile | Tentacruel Lv38 (Clear Body): Wrap/Barrier/Water Pulse/Poison Jab
160,twins_kay_tia_0640,Twins Kay & Tia Rematch 1,Trainerclass Twins,485,172,0.738,1066,445,1756.2,B+,Leader Lt. Surge (Elo 2100.4),Rival Silver Croconaw (Azalea) (Elo 1183.1),Youngster Ian Rematch 3 (7 games),4.3,Quagsire Lv48 (Damp): Rain Dance/Surf/Earthquake | Quagsire Lv48 (Damp): Amnesia/Surf/Yawn
161,teacher_hillary_0635,Teacher Hillary Rematch 2,Trainerclass Teacher,484,173,0.737,1056,434,1789.2,A-,Boarder Bryce (Elo 2023.4),Rival Silver Croconaw (Burned Tower) (Elo 1429.8),Hiker Parry Rematch 2 (7 games),6.55,Ambipom Lv49 (Technician): Double Hit/Fling/Nasty Plot/Last Resort | Sunflora Lv49 (Chlorophyll): Petal Dance/Sunny Day/Solar Beam/Leaf Storm
162,juggler_horton_0396,Juggler Horton,Trainerclass Juggler,484,173,0.737,1051,427,1789.1,A-,Boarder Bryce (Elo 2023.4),Hiker Michael (Elo 1425.9),Hiker Michael (7 games),7.05,Electrode Lv43 (Static): Swift/Shock Wave/Screech/Explosion | Electrode Lv43 (Static): Swift/Shock Wave/Double Team/Light Screen | Electrode Lv43 (Static): Swift/Shock Wave/Screech/Rollout
163,biker_reese_0625,Biker Reese Rematch 1,Trainerclass Biker,483,174,0.735,1073,457,1809.8,A-,Ace Trainer Gaven Rematch 2 (Elo 1949.7),Rival Silver Bayleef (Burned Tower) (Elo 1448.8),Executive Archer (7 games),8.47,Arbok Lv42 (Intimidate): Glare/Screech/Mud Bomb/Crunch | Weezing Lv48 (Levitate): Sludge Bomb/Double Hit/Smoke Screen/Assurance
164,bug_catcher_rob_0624,Bug Catcher Rob Rematch 3,Trainerclass Bug Catcher,482,175,0.734,1072,456,1788.5,A-,Young Couple Tim & Sue Rematch 3 (Elo 2060.7),Hiker Phillip (Elo 1267.0),Sailor Eddie (7 games),7.37,Beedrill Lv56 (Swarm): Agility/Assurance/Poison Jab/Endeavor | Butterfree Lv56 (Compound Eyes): Tailwind/Safeguard/Captivate/Bug Buzz
165,bird_keeper_gs_josh_0643,Bird Keeper Josh Rematch 1,Trainerclass Bird Keeper Gs,479,178,0.729,1044,436,1790.8,A-,School Kid Alan Rematch 3 (Elo 2055.1),Hiker Noland (Elo 1411.5),Lass Alice (7 games),7.7,Fearow Lv47 (Keen Eye): Agility/Assurance/Roost/Drill Peck | Skarmory Lv44 (Keen Eye): Metal Sound/Steel Wing/Air Slash/Slash
166,lass_michelle_0356,Lass Michelle,Trainerclass Lass,478,179,0.728,1049,450,1777.0,B+,Fisherman Kyle Rematch 3 (Elo 2025.7),Team Rocket Grunt Radio Tower 2 (Elo 1369.1),Bird Keeper Kinsley (7 games),11.21,Skiploom Lv44 (Chlorophyll): Giga Drain/U Turn/Leech Seed/Sunny Day | Hoppip Lv45 (Chlorophyll): Giga Drain/U Turn/Stun Spore/Bounce | Jumpluff Lv46 (Chlorophyll): Giga Drain/U Turn/Sleep Powder/Sunny Day
167,school_kid_m_sherman_0543,School Kid Sherman,Trainerclass School Kid M,476,181,0.725,1039,449,1778.4,B+,Leader Clair (Elo 2068.5),Medium Grace (Elo 1231.2),School Kid Torin Rematch 1 (7 games),11.62,Furret Lv43 (Run Away): Double Team/Baton Pass/Amnesia/Slam | Pidgeot Lv43 (Keen Eye): Roost/Wing Attack/Steel Wing/Return
168,school_kid_m_torin_0646,School Kid Torin Rematch 1,Trainerclass School Kid M,476,181,0.725,1034,441,1736.3,B+,Firebreather Walt Rematch 3 (Elo 2034.8),Hiker Noland (Elo 1411.5),Hiker Eoin (7 games),8.7,Sandslash Lv46 (Sand Veil): Fury Cutter/Sand Tomb/Slash/Gyro Ball | Golbat Lv45 (Inner Focus): Air Cutter/Mean Look/Poison Fang/Haze | Vulpix Lv41 (Flash Fire): Payback/Fire Spin/Captivate/Grudge
169,black_belt_ander_0547,Black Belt Ander,Trainerclass Black Belt,475,182,0.723,1073,486,1754.9,B+,Ace Trainer Quinn (Elo 2009.6),Team Rocket Grunt Radio Tower 5 (Elo 1305.1),Ace Trainer Gaven (7 games),7.07,Primeape Lv43 (Vital Spirit): Assurance/Rage/Swagger/Cross Chop | Graveler Lv39 (Rock Head): Rollout/Rock Blast/Earthquake/Explosion | Machoke Lv44 (Guts): Submission/Wake Up Slap/Cross Chop/Scary Face
170,lass_laura_0354,Lass Laura,Trainerclass Lass,475,182,0.723,1029,444,1728.4,B+,Fisherman Wilton Rematch 3 (Elo 1964.9),Bird Keeper Bert (Elo 1442.1),Leader Jasmine (7 games),10.98,Gloom @ Sitrus Berry Lv38 (Chlorophyll): Sleep Powder/Mega Drain/Lucky Chant/Natural Gift | Pidgeotto Lv41 (Tangled Feet): Twister/Feather Dance/Agility/Wing Attack | Bellossom Lv41 (Chlorophyll): Sweet Scent/Stun Spore/Sunny Day/Magical Leaf
171,young_couple_vic_tara_0554,Young Couple Vic & Tara,Trainerclass Young Couple,474,183,0.721,1039,454,1776.3,B+,Ace Trainer Quinn (Elo 2009.6),Bug Catcher Arnie Rematch 1 (Elo 1324.5),Biker Reese Rematch 1 (7 games),3.33,Magmar Lv44 (Flame Body): Sunny Day/Flamethrower/Confuse Ray/Fire Spin | Sunflora Lv43 (Solar Power): Solar Beam/Razor Leaf/Ingrain/Mega Drain
172,camper_tanner_0655,Camper Tanner Rematch 1,Trainerclass Camper,473,184,0.72,1035,461,1774.8,B+,Fisherman Tully Rematch 3 (Elo 2007.7),Ace Trainer Nick (Elo 1387.7),Pokefan Robert (7 games),5.1,Sudowoodo Lv41 (Sturdy): Rock Tomb/Rock Slide/Slam/Sucker Punch | Chinchou Lv41 (Volt Absorb): Bubble Beam/Signal Beam/Discharge/Aqua Ring
173,school_kid_m_alan_0433,School Kid Alan Rematch 2,Trainerclass School Kid M,471,186,0.717,1026,455,1770.3,B+,Fisherman Kyle Rematch 3 (Elo 2025.7),Picnicker Adrian (Elo 1470.4),Bug Catcher Dane (7 games),15.64,Xatu Lv32 (Synchronize): Me First/Confuse Ray/Tailwind/Wish | Tangrowth Lv36 (Chlorophyll): Mega Drain/Stun Spore/Ancient Power/Knock Off | Quagsire Lv32 (Damp): Slam/Mud Bomb/Amnesia/Yawn | Yanmega Lv34 (Speed Boost): Supersonic/Uproar/Pursuit/Ancient Power
174,leader_pryce_pryce,Leader Pryce,Trainerclass Leader Pryce,470,187,0.715,1047,480,1740.1,B+,Bird Keeper Vance Rematch 3 (Elo 1977.1),Teacher Colette (Elo 1391.0),Fisherman Wilton Rematch 2 (7 games),12.02,Seel Lv30 (Thick Fat): Snore/Hail/Icy Wind/Rest | Dewgong Lv32 (Thick Fat): Sleep Talk/Ice Shard/Aurora Beam/Rest | Piloswine @ Sitrus Berry Lv34 (Snow Cloak): Hail/Ice Fang/Mud Bomb/Blizzard
175,hiker_bruce_0544,Hiker Bruce,Trainerclass Hiker,470,187,0.715,1049,483,1736.0,B+,School Kid Torin Rematch 3 (Elo 1960.8),Fisherman Arnold (Elo 1304.8),Pokefan Eleanor (7 games),6.87,Graveler Lv39 (Rock Head): Rollout/Rock Blast/Earthquake/Explosion | Rhydon Lv44 (Lightning Rod): Rock Blast/Take Down/Horn Drill/Hammer Arm | Clefairy Lv45 (Cute Charm): Gravity/Moonlight/Light Screen/Meteor Mash
176,fisherman_kyle_0658,Fisherman Kyle Rematch 1,Trainerclass Fisherman,468,189,0.712,1025,467,1764.3,B+,Rival Silver Quilava (Goldenrod) (Elo 1905.5),Ace Trainer Allen (Elo 1393.7),School Kid Joe (7 games),8.5,Seaking Lv40 (Swift Swim): Flail/Aqua Ring/Fury Attack/Waterfall | Qwilfish Lv38 (Poison Point): Spit Up/Revenge/Brine/Pin Missile | Seaking Lv43 (Swift Swim): Flail/Aqua Ring/Fury Attack/Waterfall
177,bug_catcher_wade_0509,Bug Catcher Wade Rematch 3,Trainerclass Bug Catcher,468,189,0.712,1053,502,1760.2,B+,Young Couple Tim & Sue Rematch 3 (Elo 2060.7),Hiker Phillip (Elo 1267.0),Firebreather Walt Rematch 2 (7 games),11.16,Butterfree Lv36 (Compound Eyes): Bug Bite/Gust/Supersonic/Whirlwind | Butterfree Lv52 (Compound Eyes): Bug Buzz/Stun Spore/Captivate/Tailwind | Beedrill Lv43 (Swarm): Endeavor/Focus Energy/Pin Missile/Bug Bite | Butterfree Lv36 (Compound Eyes): Stun Spore/Sleep Powder/Captivate/Tailwind
178,firebreather_burt_0318,Firebreather Burt,Trainerclass Firebreather,468,189,0.712,1060,500,1760.0,B+,Firebreather Walt Rematch 3 (Elo 2034.8),Ace Trainer Kelly (Elo 1323.6),Biker Reese Rematch 2 (7 games),5.41,Weezing Lv42 (Levitate): Flamethrower/Explosion/Double Hit/Sludge | Magcargo Lv45 (Magma Armor): Lava Plume/Amnesia/Ancient Power/Recover
179,black_belt_manford_0545,Black Belt Manford,Trainerclass Black Belt,467,190,0.711,1101,548,1759.1,B+,Camper Tanner Rematch 3 (Elo 2070.9),Firebreather Bill (Elo 871.7),Biker Ernest Rematch 3 (7 games),8.82,Poliwrath Lv47 (Water Absorb): Hydro Pump/Dynamic Punch/Mud Shot/Hypnosis
180,scientist_gs_linden_0685,Scientist Linden,Trainerclass Scientist Gs,467,190,0.711,1044,488,1746.0,B+,Picnicker Liz Rematch 3 (Elo 2055.0),Hiker Noland (Elo 1411.5),Swimmer Harold (7 games),4.25,Magmar Lv50 (Flame Body): Overheat/Fire Punch/Confuse Ray/Faint Attack
181,juggler_fritz_0242,Juggler Fritz,Trainerclass Juggler,467,190,0.711,1042,484,1745.5,B+,Hiker Kenny Rematch 3 (Elo 1986.1),Medium Martha (Elo 1268.5),Fisherman Liam (7 games),8.41,Mr Mime Lv37 (Filter): Substitute/Psychic/Encore/Double Slap | Magmar Lv37 (Flame Body): Lava Plume/Fire Punch/Confuse Ray/Faint Attack | Machoke Lv37 (No Guard): Focus Energy/Karate Chop/Seismic Toss/Revenge
182,school_kid_m_chad_0435,School Kid Chad Rematch 2,Trainerclass School Kid M,465,192,0.708,995,448,1792.5,A-,School Kid Torin Rematch 3 (Elo 1960.8),Medium Martha (Elo 1268.5),Hiker Kenny Rematch 2 (7 games),5.5,Mr Mime Lv39 (Soundproof): Substitute/Recycle/Trick/Psychic | Magneton Lv38 (Magnet Pull): Spark/Lock On/Magnet Bomb/Screech
183,youngster_jimmy_0379,Youngster Jimmy,Trainerclass Youngster,465,192,0.708,1031,490,1766.6,B+,Biker Aiden Rematch 2 (Elo 1983.0),Pokefan Colin (Elo 1351.3),Bug Catcher Rob (7 games),8.22,Raticate Lv42 (Run Away): Crunch/Assurance/Super Fang/Double Edge | Arbok Lv42 (Intimidate): Swallow/Spit Up/Mud Bomb/Gastro Acid | Parasect Lv42 (Effect Spore): Spore/Slash/Growth/Giga Drain
184,executive_ariana_ariana_radio_tower,Executive Ariana Ariana (Radio Tower),Trainerclass Executive Ariana,464,193,0.706,996,455,1743.9,B+,Camper Tanner Rematch 2 (Elo 1994.2),Hiker Noland (Elo 1411.5),Pokefan Derek Rematch 3 (7 games),8.9,Arbok Lv32 (Intimidate): Wrap/Poison Sting/Crunch/Glare | Vileplume Lv32 (Chlorophyll): Mega Drain/Sweet Scent/Sleep Powder/Acid | Murkrow Lv32 (Super Luck): Wing Attack/Pursuit/Astonish/Night Shade
185,biker_charles_0312,Biker Charles,Trainerclass Biker,464,193,0.706,1035,495,1721.4,B+,Biker Ernest Rematch 3 (Elo 2012.5),Hiker Noland (Elo 1411.5),Lass Dana Rematch 2 (7 games),5.91,Koffing Lv41 (Levitate): Sludge/Haze/Gyro Ball/Explosion | Charmeleon Lv41 (Blaze): Scary Face/Fire Fang/Slash/Flamethrower | Weezing Lv42 (Levitate): Sludge/Haze/Double Hit/Explosion
186,camper_lloyd_0148,Camper Lloyd,Trainerclass Camper,463,194,0.705,1037,501,1738.1,B+,Leader Lt. Surge (Elo 2100.4),Medium Edith (Elo 1080.9),Fisherman Kyle Rematch 2 (7 games),3.7,Nidoking Lv46 (Poison Point): Double Kick/Poison Sting/Thrash/Earth Power
187,bird_keeper_gs_bob_0302,Bird Keeper Bob,Trainerclass Bird Keeper Gs,462,195,0.703,1025,490,1706.1,B,Ace Trainer Gaven Rematch 2 (Elo 1949.7),Pokefan Colin (Elo 1351.3),Fisherman Murphy (7 games),4.21,Noctowl Lv48 (Insomnia): Air Slash/Zen Headbutt/Extrasensory/Psycho Shift
188,biker_ernest_0631,Biker Ernest Rematch 1,Trainerclass Biker,461,196,0.702,1028,496,1717.3,B,Ace Trainer Kevin (Elo 1991.6),Medium Martha (Elo 1268.5),Young Couple Tim & Sue Rematch 1 (7 games),9.79,Teddiursa Lv46 (Pickup): Slash/Charm/Rest/Snore | Azumarill Lv47 (Huge Power): Aqua Ring/Double Edge/Rain Dance/Aqua Tail
189,swimmer_m_jerome_0370,Swimmer Jerome,Trainerclass Swimmer M,459,198,0.699,1021,498,1761.0,B+,Biker Ernest Rematch 3 (Elo 2012.5),Ace Trainer Brian (Elo 1414.0),School Kid Nate (7 games),9.49,Seadra Lv36 (Sniper): Bubble Beam/Agility/Twister/Brine | Tentacool Lv38 (Liquid Ooze): Barrier/Water Pulse/Poison Jab/Screech | Tentacruel Lv40 (Liquid Ooze): Wrap/Barrier/Water Pulse/Poison Jab | Goldeen Lv38 (Water Veil): Flail/Aqua Ring/Fury Attack/Waterfall
190,picnicker_cindy_0083,Picnicker Cindy,Trainerclass Picnicker,459,198,0.699,1020,502,1748.4,B+,Firebreather Otis (Elo 1928.8),Psychic Fidel (Elo 1377.1),Bird Keeper Bob (7 games),4.55,Nidoqueen Lv48 (Rivalry): Poison Jab/Earth Power/Body Slam/Double Kick
191,camper_pedro_0577,Camper Pedro,Trainerclass Camper,458,199,0.697,1026,508,1738.3,B+,Rocket Boss Giovanni (Elo 2060.7),Boarder Gerardo (Elo 1323.3),Poke Maniac Brent Rematch 2 (7 games),4.6,Linoone @ Sitrus Berry Lv45 (Gluttony): Belly Drum/Slash/Dig/Surf
192,executive_petrel_petrel_radio_tower,Executive Petrel Petrel (Radio Tower),Trainerclass Executive Petrel,458,199,0.697,1006,487,1736.1,B+,Ace Trainer Bonita (Elo 1963.5),Psychic Nathan (Elo 1327.8),Ace Trainer Fran (7 games),11.19,Koffing Lv30 (Levitate): Tackle/Selfdestruct/Sludge/Smoke Screen | Koffing Lv30 (Levitate): Tackle/Selfdestruct/Sludge/Smoke Screen | Koffing Lv30 (Levitate): Tackle/Selfdestruct/Sludge/Smoke Screen | Weezing Lv32 (Levitate): Tackle/Explosion/Sludge/Smoke Screen | Koffing Lv30 (Levitate): Tackle/Selfdestruct/Sludge/Smoke Screen | Koffing Lv30 (Levitate): Tackle/Smog/Sludge/Smoke Screen
193,ace_trainer_f_joyce_0036,Ace Trainer Joyce,Trainerclass Ace Trainer F,457,200,0.696,988,476,1746.1,B+,Hiker Kenny Rematch 3 (Elo 1986.1),Psychic Fidel (Elo 1377.1),Swimmer Chelan (7 games),6.74,Pikachu Lv36 (Static): Quick Attack/Double Team/Thunderbolt/Thunder Wave | Blastoise Lv36 (Torrent): Bite/Aqua Tail/Surf/Rain Dance
194,fisherman_ralph_0463,Fisherman Ralph Rematch 2,Trainerclass Fisherman,454,203,0.691,1003,499,1732.5,B+,Firebreather Otis (Elo 1928.8),Hiker Noland (Elo 1411.5),Biker Joel (7 games),5.74,Qwilfish Lv45 (Poison Point): Brine/Pin Missile/Take Down/Aqua Tail | Seaking Lv42 (Swift Swim): Flail/Aqua Ring/Fury Attack/Waterfall
195,kimono_girl_zuki_0162,Kimono Girl Zuki,Trainerclass Kimono Girl,454,203,0.691,998,495,1713.5,B,Ace Trainer Quinn (Elo 2009.6),Picnicker Hope (Elo 1468.3),Hiker Eoin (7 games),5.45,Umbreon Lv38 (Synchronize): Last Resort/Dark Pulse/Confuse Ray/Shadow Ball
196,swimmer_m_luis_0583,Swimmer Luis,Trainerclass Swimmer M,453,204,0.689,1008,510,1760.8,B+,Camper Todd Rematch 3 (Elo 2068.1),Medium Georgina (Elo 1283.0),Leader Pryce (7 games),7.27,Seadra Lv46 (Sniper): Agility/Twister/Brine/Hydro Pump | Quagsire Lv42 (Water Absorb): Amnesia/Yawn/Earthquake/Rain Dance
197,hiker_anthony_0155,Hiker Anthony Rematch 2,Trainerclass Hiker,452,205,0.688,1024,531,1740.3,B+,Fisherman Tully Rematch 3 (Elo 2007.7),Team Rocket Grunt Radio Tower 8 (Elo 1295.8),Kimono Girl Zuki (7 games),3.99,Graveler Lv37 (Rock Head): Selfdestruct/Rollout/Rock Blast/Earthquake | Graveler Lv38 (Rock Head): Rollout/Rock Blast/Earthquake/Explosion | Machoke Lv40 (No Guard): Vital Throw/Submission/Wake Up Slap/Cross Chop
198,swimmer_f_joy_0670,Swimmer Joy,Trainerclass Swimmer F,452,205,0.688,1016,518,1707.7,B,Young Couple Tim & Sue Rematch 2 (Elo 1947.9),Picnicker Hope (Elo 1468.3),Medium Rebecca (7 games),4.34,Cloyster Lv48 (Skill Link): Water Pulse/Spike Cannon/Aurora Beam/Attract
199,sailor_eddie_0669,Sailor Eddie,Trainerclass Sailor,452,205,0.688,991,500,1706.3,B,Boarder Shaun (Elo 1930.3),Camper Virgil (Elo 1319.7),Bug Catcher Rob Rematch 3 (7 games),4.36,Azumarill Lv48 (Huge Power): Water Pulse/Aqua Ring/Double Edge/Aqua Tail
200,guitarist_vincent_0232,Guitarist Vincent,Trainerclass Guitarist,452,205,0.688,993,498,1700.9,B,Swimmer Lori (Elo 1977.0),Hiker Michael (Elo 1425.9),Firebreather Lyle (7 games),7.97,Jolteon Lv45 (Volt Absorb): Shock Wave/Quick Attack/Pin Missile/Helping Hand | Voltorb Lv43 (Static): Shock Wave/Swift/Gyro Ball/Screech | Magnemite Lv42 (Sturdy): Shock Wave/Supersonic/Thunder Wave/Magnet Bomb
201,twins_day_dani_0595,Twins Day & Dani,Trainerclass Twins,451,206,0.686,1012,528,1745.9,B+,Double Team Elan & Ida (Elo 2080.4),Hiker Parry (Elo 1140.3),School Kid Alan Rematch 2 (7 games),3.53,Plusle Lv41 (Plus): Copycat/Swift/Charge/Thunder | Minun Lv41 (Minus): Swift/Fake Tears/Charge/Thunder
202,school_kid_m_billy_0637,School Kid Billy Rematch 1,Trainerclass School Kid M,451,206,0.686,1018,526,1740.1,B+,Fisherman Wilton Rematch 3 (Elo 1964.9),Bug Catcher Arnie Rematch 1 (Elo 1324.5),Biker Theron (7 games),8.69,Parasect Lv42 (Effect Spore): Spore/Slash/Growth/Giga Drain | Poliwhirl Lv43 (Water Absorb): Bubble Beam/Mud Shot/Belly Drum/Wake Up Slap | Ditto Lv40 (Limber): Transform
203,bird_keeper_gs_vance_0448,Bird Keeper Vance Rematch 2,Trainerclass Bird Keeper Gs,450,207,0.685,997,510,1714.8,B,Biker Aiden Rematch 2 (Elo 1983.0),Hiker Parry Rematch 1 (Elo 1300.9),Psychic Vernon (7 games),10.63,Pidgeotto Lv37 (Keen Eye): Twister/Feather Dance/Agility/Wing Attack | Pidgeot Lv38 (Keen Eye): Twister/Feather Dance/Agility/Wing Attack | Noctowl Lv42 (Insomnia): Take Down/Air Slash/Zen Headbutt/Extrasensory
204,super_nerd_merle_0683,Super Nerd Merle,Trainerclass Super Nerd,448,209,0.682,995,522,1731.5,B+,Ace Trainer French (Elo 2065.7),Sailor Eugene (Elo 1156.9),Fisherman Kyle (7 games),6.07,Magcargo Lv53 (Flame Body): Overheat/Rock Slide/Yawn/Recover
205,super_nerd_sam_0364,Super Nerd Sam,Trainerclass Super Nerd,448,209,0.682,994,516,1717.8,B+,Picnicker Erin Rematch 3 (Elo 2002.2),Super Nerd Teru (Elo 994.9),Swimmer Briana (7 games),9.01,Grimer Lv44 (Stench): Screech/Sludge Bomb/Acid Armor/Gunk Shot | Muk @ Toxic Orb Lv44 (Stench): Fling/Screech/Sludge Bomb/Acid Armor
206,ace_trainer_f_reena_0444,Ace Trainer Reena Rematch 1,Trainerclass Ace Trainer F,447,210,0.68,994,522,1717.6,B,Hiker Kenny Rematch 3 (Elo 1986.1),Bird Keeper Boris (Elo 1473.8),Super Nerd Pat (7 games),6.21,Growlithe Lv38 (Intimidate): Reversal/Fire Fang/Take Down/Flamethrower | Nidorina Lv36 (Poison Point): Fury Swipes/Bite/Helping Hand/Toxic Spikes | Staryu Lv38 (Natural Cure): Swift/Bubble Beam/Minimize/Gyro Ball
207,super_nerd_shawn_0367,Super Nerd Shawn,Trainerclass Super Nerd,443,214,0.674,983,529,1712.7,B,Lass Dana Rematch 3 (Elo 2003.5),Ace Trainer Allen (Elo 1393.7),Pokemon Trainer Lance (Rocket HQ) (7 games),9.4,Magnemite Lv39 (Sturdy): Lock On/Magnet Bomb/Screech/Discharge | Muk @ Nugget Lv41 (Sticky Hold): Mud Bomb/Fling/Screech/Sludge Bomb | Magnemite Lv39 (Sturdy): Lock On/Magnet Bomb/Screech/Discharge
208,swimmer_m_elmo_0582,Swimmer Elmo,Trainerclass Swimmer M,443,214,0.674,1001,544,1704.7,B,Ace Trainer Arabella (Elo 1993.4),Picnicker Gina Rematch 1 (Elo 1353.7),Swimmer Briana (7 games),7.04,Poliwhirl Lv46 (Water Absorb): Bubble Beam/Mud Shot/Belly Drum/Wake Up Slap | Tentacruel Lv42 (Clear Body): Barrier/Water Pulse/Poison Jab/Screech
209,youngster_jason_0381,Youngster Jason,Trainerclass Youngster,443,214,0.674,1003,545,1702.8,B,Sailor Huey Rematch 3 (Elo 1908.4),Medium Martha (Elo 1268.5),Hiker Dwight (7 games),8.27,Sandslash Lv42 (Sand Veil): Crush Claw/Fury Cutter/Sand Tomb/Slash | Crobat Lv42 (Inner Focus): Confuse Ray/Air Cutter/Mean Look/Poison Fang
210,lass_dana_0465,Lass Dana Rematch 2,Trainerclass Lass,441,216,0.671,1005,554,1706.5,B,Ace Trainer Arabella (Elo 1993.4),Team Rocket Grunt Underground 1 (Elo 1332.9),Biker Charles (7 games),8.15,Golduck Lv36 (Damp): Water Pulse/Disable/Confusion/Screech | Ampharos Lv38 (Static): Signal Beam/Discharge/Thunder Wave/Cotton Spore
211,ace_trainer_f_megan_0115,Ace Trainer Megan,Trainerclass Ace Trainer F,440,217,0.67,981,537,1707.3,B,Biker Aiden Rematch 2 (Elo 1983.0),Pokefan Colin (Elo 1351.3),Scientist Lowell (7 games),7.65,Bulbasaur Lv32 (Overgrow): Growl/Leech Seed/Take Down/Razor Leaf | Ivysaur Lv32 (Overgrow): Giga Drain/Leech Seed/Poison Powder/Petal Dance | Venusaur Lv32 (Overgrow): Petal Dance/Sleep Powder/Double Edge/Leech Seed
212,black_belt_kenji_0278,Black Belt Kenji Rematch 2,Trainerclass Black Belt,439,218,0.668,957,517,1707.2,B,Sailor Huey Rematch 3 (Elo 1908.4),Swimmer George (Elo 1215.4),Super Nerd Hugh (7 games),12.27,Onix Lv30 (Rock Head): Rock Tomb/Sandstorm/Slam/Rock Polish | Machamp Lv37 (Guts): Revenge/Vital Throw/Submission/Wake Up Slap | Onix Lv33 (Rock Head): Sandstorm/Slam/Rock Polish/Dragon Breath | Hitmonlee Lv41 (Limber): Hi Jump Kick/Mind Reader/Foresight/Blaze Kick
213,camper_todd_0275,Camper Todd Rematch 2,Trainerclass Camper,439,218,0.668,981,545,1677.4,B,Ace Trainer Bonita (Elo 1963.5),Bug Catcher Arnie Rematch 1 (Elo 1324.5),Ace Trainer Fran (7 games),8.74,Geodude Lv23 (Rock Head): Rock Throw/Magnitude/Selfdestruct/Rollout | Graveler Lv33 (Rock Head): Selfdestruct/Rollout/Rock Blast/Earthquake | Golduck Lv36 (Damp): Confusion/Water Pulse/Fury Swipes/Screech | Slugma Lv32 (Magma Armor): Harden/Recover/Ancient Power/Amnesia
214,swimmer_f_nicole_0293,Swimmer Nicole,Trainerclass Swimmer F,437,220,0.665,995,560,1677.0,B,Ace Trainer Gaven Rematch 2 (Elo 1949.7),Pokefan Trevor (Elo 1286.2),Hiker Dwight (7 games),8.32,Marill Lv39 (Huge Power): Aqua Ring/Double Edge/Rain Dance/Aqua Tail | Marill Lv39 (Huge Power): Aqua Ring/Double Edge/Rain Dance/Aqua Tail | Lapras Lv42 (Shell Armor): Rain Dance/Perish Song/Ice Beam/Brine
215,gentleman_gregory_0337,Gentleman Gregory,Trainerclass Gentleman,437,220,0.665,995,562,1673.3,B,Boarder Bryce (Elo 2023.4),Picnicker Hope (Elo 1468.3),Pokemon Trainer Lance (Rocket HQ) (7 games),11.22,Pikachu Lv46 (Static): Discharge/Light Screen/Thunder Wave/Double Team | Flaaffy Lv43 (Static): Shock Wave/Signal Beam/Charge Beam/Double Team | Electrike Lv42 (Static): Shock Wave/Roar/Thunder Wave/Thunder Fang
216,ace_trainer_m_gaven_0102,Ace Trainer Gaven,Trainerclass Ace Trainer M,436,221,0.664,994,565,1701.2,B,Firebreather Walt Rematch 3 (Elo 2034.8),Psychic Fidel (Elo 1377.1),Twins Kay & Tia Rematch 3 (7 games),7.61,Victreebel Lv32 (Chlorophyll): Wrap/Toxic/Acid/Razor Leaf | Kingler Lv32 (Hyper Cutter): Bubble Beam/Stomp/Guillotine/Protect | Flareon Lv32 (Flash Fire): Sand Attack/Quick Attack/Bite/Ember
217,picnicker_tanya_0336,Picnicker Tanya,Trainerclass Picnicker,436,221,0.664,1006,577,1673.3,B,Fisherman Wilton Rematch 3 (Elo 1964.9),Team Rocket Grunt Hideout 4 (Elo 1114.9),Pokefan Boone (7 games),6.03,Exeggutor Lv49 (Chlorophyll): Giga Drain/Light Screen/Egg Bomb/Hypnosis
218,bug_catcher_rob_0623,Bug Catcher Rob Rematch 2,Trainerclass Bug Catcher,435,222,0.662,977,554,1662.8,B-,Young Couple Tim & Sue Rematch 3 (Elo 2060.7),Swimmer Berke (Elo 1187.7),Bird Keeper Bret (7 games),7.26,Beedrill Lv52 (Swarm): Agility/Assurance/Poison Jab/Endeavor | Butterfree Lv48 (Compound Eyes): Tailwind/Safeguard/Captivate/Bug Buzz
219,juggler_irwin_0455,Juggler Irwin Rematch 2,Trainerclass Juggler,434,223,0.661,961,544,1696.2,B,Biker Ernest Rematch 3 (Elo 2012.5),Hiker Parry Rematch 1 (Elo 1300.9),Black Belt Kiyo (7 games),7.78,Voltorb Lv34 (Soundproof): Light Screen/Charge Beam/Selfdestruct/Swift | Voltorb Lv36 (Static): Charge Beam/Selfdestruct/Swift/Magnet Rise | Voltorb Lv38 (Static): Charge Beam/Selfdestruct/Swift/Magnet Rise | Electrode Lv42 (Static): Charge Beam/Selfdestruct/Swift/Magnet Rise
220,teacher_hillary_0634,Teacher Hillary Rematch 1,Trainerclass Teacher,434,223,0.661,953,532,1694.8,B,Ace Trainer Bonita (Elo 1963.5),Medium Georgina (Elo 1283.0),Camper Tanner Rematch 1 (7 games),6.57,Ambipom Lv43 (Technician): Double Hit/Fling/Nasty Plot/Last Resort | Sunflora Lv43 (Chlorophyll): Petal Dance/Sunny Day/Solar Beam/Leaf Storm
221,twins_jo_zoe_0416,Twins Jo & Zoe,Trainerclass Twins,434,223,0.661,952,526,1689.7,B,Camper Tanner Rematch 2 (Elo 1994.2),School Kid Travis (Elo 1372.2),Super Nerd Waldo (7 games),4.01,Vileplume Lv37 (Chlorophyll): Giga Drain/Stun Spore/Drain Punch/Attract | Victreebel Lv37 (Chlorophyll): Giga Drain/Sleep Powder/Sludge Bomb/Protect
222,super_nerd_cary_0681,Super Nerd Cary,Trainerclass Super Nerd,434,223,0.661,1002,578,1687.8,B,Bird Keeper Vance Rematch 3 (Elo 1977.1),Rival Silver Quilava (Azalea) (Elo 1181.8),Burglar Corey (7 games),5.82,Torkoal Lv53 (White Smoke): Overheat/Iron Tail/Body Slam/Iron Defense
223,burglar_corey_0284,Burglar Corey,Trainerclass Burglar,433,224,0.659,995,579,1701.6,B,Picnicker Erin Rematch 3 (Elo 2002.2),Hiker Parry Rematch 1 (Elo 1300.9),Super Nerd Cary (7 games),6.93,Koffing Lv33 (Levitate): Selfdestruct/Sludge/Haze/Gyro Ball | Magmar Lv36 (Flame Body): Fire Spin/Confuse Ray/Fire Punch/Lava Plume | Koffing Lv33 (Levitate): Selfdestruct/Sludge/Haze/Gyro Ball | Koffing Lv38 (Levitate): Sludge/Haze/Gyro Ball/Explosion
224,kimono_girl_miki_0164,Kimono Girl Miki,Trainerclass Kimono Girl,432,225,0.658,991,576,1702.6,B,Firebreather Walt Rematch 3 (Elo 2034.8),Medium Martha (Elo 1268.5),Bird Keeper Justin (7 games),3.6,Flareon Lv38 (Flash Fire): Last Resort/Fire Blast/Quick Attack/Will O Wisp
225,black_belt_wai_0339,Black Belt Wai,Trainerclass Black Belt,429,228,0.653,930,532,1667.8,B-,Biker Aiden Rematch 2 (Elo 1983.0),Medium Edith (Elo 1080.9),Picnicker Liz Rematch 2 (7 games),6.14,Machoke Lv38 (No Guard): Revenge/Vital Throw/Submission/Wake Up Slap | Machoke Lv40 (No Guard): Vital Throw/Submission/Wake Up Slap/Cross Chop | Meditite Lv42 (Pure Power): Force Palm/Hi Jump Kick/Psych Up/Power Trick
226,pokefan_beverly_0608,Pokefan Beverly Rematch 3,Trainerclass Pokefan,427,230,0.65,961,566,1701.0,B,Ace Trainer Gaven Rematch 2 (Elo 1949.7),Medium Georgina (Elo 1283.0),Lass Laura (7 games),4.2,Granbull Lv53 (Intimidate): Roar/Rage/Take Down/Payback
227,kimono_girl_sayo_0161,Kimono Girl Sayo,Trainerclass Kimono Girl,425,232,0.647,960,573,1691.7,B,Elite Four Will (Elo 2107.8),Hiker Daniel (Elo 875.9),Fisherman Gideon (7 games),6.53,Jolteon Lv38 (Volt Absorb): Last Resort/Thunderbolt/Double Team/Thunder Wave
228,biker_dwayne_0309,Biker Dwayne,Trainerclass Biker,425,232,0.647,950,565,1689.9,B,Fisherman Wilton Rematch 3 (Elo 1964.9),Hiker Parry Rematch 1 (Elo 1300.9),Bug Catcher Doug Rematch 3 (7 games),6.84,Koffing Lv38 (Levitate): Sludge/Haze/Gyro Ball/Explosion | Koffing Lv39 (Levitate): Sludge/Haze/Gyro Ball/Explosion | Koffing Lv40 (Levitate): Sludge/Haze/Gyro Ball/Explosion | Koffing Lv41 (Levitate): Sludge/Haze/Gyro Ball/Explosion
229,youngster_regis_0549,Youngster Regis,Trainerclass Youngster,423,234,0.644,960,580,1681.5,B,Ace Trainer Gaven Rematch 2 (Elo 1949.7),Hiker Parry Rematch 1 (Elo 1300.9),Swimmer Joy (7 games),7.6,Golbat Lv40 (Inner Focus): Confuse Ray/Air Cutter/Mean Look/Poison Fang | Electrode Lv40 (Soundproof): Charge Beam/Selfdestruct/Swift/Magnet Rise
230,ace_trainer_m_paulo_0110,Ace Trainer Paulo,Trainerclass Ace Trainer M,423,234,0.644,942,563,1677.9,B,School Kid Chad Rematch 3 (Elo 1896.2),Bug Catcher Doug (Elo 1435.5),Bird Keeper Jose Rematch 1 (7 games),6.55,Dratini Lv35 (Shed Skin): Slam/Agility/Aqua Tail/Dragon Rush | Seadra Lv35 (Sniper): Bubble Beam/Agility/Twister/Brine | Dratini Lv35 (Shed Skin): Slam/Agility/Aqua Tail/Dragon Rush
231,leader_chuck_chuck,Leader Chuck,Trainerclass Leader Chuck,422,235,0.642,966,589,1666.2,B-,Boarder Bryce (Elo 2023.4),Team Rocket Grunt Underground 6 (Elo 1311.7),Swimmer Kendra (7 games),8.01,Primeape Lv29 (Vital Spirit): Leer/Double Team/Focus Punch/Rock Slide | Poliwrath @ Sitrus Berry Lv31 (Water Absorb): Hypnosis/Surf/Focus Punch/Body Slam
232,bug_catcher_abner_0691,Bug Catcher Abner,Trainerclass Bug Catcher,420,237,0.639,957,597,1674.8,B,Biker Ernest Rematch 3 (Elo 2012.5),Black Belt Lao (Elo 1338.6),Swimmer Kendra (7 games),8.49,Butterfree Lv44 (Compound Eyes): Tailwind/Safeguard/Captivate/Bug Buzz | Beedrill Lv44 (Swarm): Agility/Assurance/Poison Jab/Endeavor | Pikachu Lv44 (Static): Feint/Agility/Discharge/Light Screen
233,biker_aiden_0571,Biker Aiden,Trainerclass Biker,420,237,0.639,963,599,1663.5,B-,Bird Keeper Vance Rematch 3 (Elo 1977.1),Rival Silver Quilava (Azalea) (Elo 1181.8),School Kid Billy (7 games),6.49,Tentacruel Lv45 (Liquid Ooze): Barrier/Water Pulse/Poison Jab/Screech
234,picnicker_edna_0333,Picnicker Edna,Trainerclass Picnicker,420,237,0.639,946,580,1651.1,B-,Ace Trainer Quinn (Elo 2009.6),Hiker Phillip (Elo 1267.0),Swimmer Harold (7 games),8.5,Nidorina Lv41 (Rivalry): Bite/Helping Hand/Toxic Spikes/Flatter | Raichu Lv45 (Static): Thunder Shock/Tail Whip/Quick Attack/Thunderbolt
235,swimmer_f_diana_0297,Swimmer Diana,Trainerclass Swimmer F,418,239,0.636,943,583,1654.6,B-,School Kid Torin Rematch 3 (Elo 1960.8),Rival Silver Quilava (Azalea) (Elo 1181.8),Camper Barry (7 games),5.29,Golduck Lv48 (Cloud Nine): Water Pulse/Zen Headbutt/Psych Up/Disable
236,school_kid_m_kipp_0179,School Kid Kipp,Trainerclass School Kid M,415,242,0.632,935,590,1677.6,B,Bird Keeper Vance Rematch 3 (Elo 1977.1),Bird Keeper Perry (Elo 1369.8),Swimmer Diana (7 games),10.0,Voltorb Lv36 (Static): Charge Beam/Selfdestruct/Swift/Magnet Rise | Magnemite Lv36 (Sturdy): Spark/Lock On/Magnet Bomb/Screech | Voltorb Lv40 (Static): Selfdestruct/Swift/Magnet Rise/Gyro Ball | Magneton Lv40 (Sturdy): Lock On/Magnet Bomb/Screech/Discharge
237,fisherman_murphy_0586,Fisherman Murphy,Trainerclass Fisherman,414,243,0.63,896,556,1690.4,B,School Kid Torin Rematch 3 (Elo 1960.8),School Kid Jack Rematch 1 (Elo 1322.2),Bird Keeper Bob (7 games),9.32,Corsola Lv32 (Hustle): Rock Blast/Bubble Beam/Lucky Chant/Ancient Power | Corsola Lv34 (Hustle): Rock Blast/Bubble Beam/Lucky Chant/Ancient Power | Corsola Lv36 (Hustle): Rock Blast/Bubble Beam/Lucky Chant/Ancient Power | Corsola Lv38 (Hustle): Bubble Beam/Lucky Chant/Ancient Power/Aqua Ring
238,biker_dan_0572,Biker Dan,Trainerclass Biker,414,243,0.63,928,584,1664.1,B-,Sailor Huey Rematch 3 (Elo 1908.4),Scientist Garett (Elo 1357.0),Bird Keeper Jose Rematch 2 (7 games),8.97,Gulpin Lv39 (Liquid Ooze): Stockpile/Spit Up/Swallow/Sludge Bomb | Weezing Lv37 (Levitate): Selfdestruct/Sludge/Haze/Double Hit | Weezing Lv37 (Levitate): Selfdestruct/Sludge/Haze/Double Hit
239,sailor_kenneth_0241,Sailor Kenneth,Trainerclass Sailor,413,244,0.629,897,560,1656.7,B-,Scientist Lowell (Elo 1843.4),Medium Grace (Elo 1231.2),Fisherman Martin (7 games),7.74,Machop Lv36 (Guts): Revenge/Vital Throw/Submission/Wake Up Slap | Machop Lv36 (No Guard): Revenge/Vital Throw/Submission/Wake Up Slap | Poliwrath Lv36 (Damp): Bubble Beam/Hypnosis/Double Slap/Submission | Machop Lv36 (No Guard): Revenge/Vital Throw/Submission/Wake Up Slap
240,hiker_kenny_0652,Hiker Kenny Rematch 1,Trainerclass Hiker,412,245,0.627,937,606,1668.9,B-,Biker Reese Rematch 3 (Elo 1923.4),Camper Todd Rematch 1 (Elo 1307.1),Fisherman Kyle Rematch 1 (7 games),8.41,Onix Lv16 (Rock Head): Bind/Screech/Rock Throw/Rage | Graveler Lv33 (Rock Head): Selfdestruct/Rollout/Rock Blast/Earthquake | Golem Lv37 (Rock Head): Selfdestruct/Rollout/Rock Blast/Earthquake | Sandslash Lv32 (Sand Veil): Fury Swipes/Rollout/Crush Claw/Fury Cutter
241,psychic_m_eli_0412,Psychic Eli,Trainerclass Psychic M,412,245,0.627,928,595,1647.5,B-,Hiker Anthony Rematch 3 (Elo 1938.8),Bug Catcher Arnie Rematch 2 (Elo 1344.9),Poke Maniac Brent Rematch 2 (7 games),8.11,Starmie Lv30 (Illuminate): Rapid Spin/Recover/Swift/Confuse Ray | Exeggcute Lv30 (Chlorophyll): Stun Spore/Poison Powder/Sleep Powder/Confusion | Girafarig Lv34 (Inner Focus): Psybeam/Baton Pass/Assurance/Double Hit
242,bug_catcher_dane_0687,Bug Catcher Dane,Trainerclass Bug Catcher,412,245,0.627,936,603,1642.2,B-,Ace Trainer French (Elo 2065.7),Fisherman Tully (Elo 1134.8),Biker Harris (7 games),7.29,Beedrill Lv44 (Swarm): Agility/Assurance/Poison Jab/Endeavor | Butterfree Lv48 (Compound Eyes): Tailwind/Safeguard/Captivate/Bug Buzz
243,sailor_stanly_0238,Sailor Stanly,Trainerclass Sailor,411,246,0.626,909,581,1650.3,B-,Juggler Irwin Rematch 3 (Elo 1841.6),Medium Georgina (Elo 1283.0),Hiker Kenny Rematch 1 (7 games),5.88,Machop Lv39 (No Guard): Vital Throw/Submission/Wake Up Slap/Cross Chop | Machoke Lv41 (No Guard): Vital Throw/Submission/Wake Up Slap/Cross Chop | Psyduck Lv34 (Cloud Nine): Confusion/Water Pulse/Fury Swipes/Screech
244,medium_rebecca_0368,Medium Rebecca,Trainerclass Medium,411,246,0.626,958,624,1650.3,B-,Ace Trainer Gaven Rematch 2 (Elo 1949.7),Bird Keeper Perry (Elo 1369.8),Youngster Ian Rematch 2 (7 games),13.82,Bronzor Lv45 (Heatproof): Faint Attack/Skill Swap/Safeguard/Gyro Ball | Hypno Lv45 (Forewarn): Swagger/Skill Swap/Psybeam/Hypnosis
245,school_kid_m_johnny_0135,School Kid Johnny,Trainerclass School Kid M,409,248,0.623,892,573,1667.0,B-,Biker Ernest Rematch 3 (Elo 2012.5),Bug Catcher Wade Rematch 1 (Elo 1289.9),Lass Dana Rematch 2 (7 games),9.83,Bellsprout Lv39 (Chlorophyll): Knock Off/Sweet Scent/Gastro Acid/Razor Leaf | Weepinbell Lv40 (Chlorophyll): Knock Off/Sweet Scent/Gastro Acid/Razor Leaf | Victreebel Lv42 (Chlorophyll): Vine Whip/Sleep Powder/Sweet Scent/Razor Leaf
246,hiker_eoin_0234,Hiker Eoin,Trainerclass Hiker,409,248,0.623,985,674,1641.9,B-,Firebreather Otis (Elo 1928.8),Bug Catcher Wade (Elo 757.0),School Kid Torin Rematch 1 (7 games),3.46,Graveler Lv42 (Sturdy): Rollout/Rock Blast/Earthquake/Explosion | Graveler Lv42 (Sturdy): Rollout/Rock Blast/Earthquake/Explosion | Graveler Lv42 (Sturdy): Rollout/Rock Blast/Earthquake/Explosion
247,bug_catcher_doug_0620,Bug Catcher Doug Rematch 2,Trainerclass Bug Catcher,408,249,0.621,932,614,1642.5,B-,Rival Silver Meganium (Goldenrod) (Elo 1929.9),Gentleman Alfred Rematch 1 (Elo 1393.4),Youngster Joey Rematch 3 (7 games),6.98,Butterfree Lv47 (Compound Eyes): Tailwind/Safeguard/Captivate/Bug Buzz | Ariados Lv46 (Swarm): Spider Web/Agility/Pin Missile/Psychic
248,pokefan_eleanor_0568,Pokefan Eleanor,Trainerclass Pokefan,408,249,0.621,937,622,1634.1,B-,Youngster Ian Rematch 3 (Elo 1900.9),Bird Keeper Josh (Elo 1349.9),Hiker Bruce (7 games),8.31,Spinda Lv43 (Own Tempo): Dizzy Punch/Sucker Punch/Teeter Dance/Psych Up | Illumise Lv41 (Oblivious): Flatter/Helping Hand/Zen Headbutt/Bug Buzz
249,super_nerd_pat_0366,Super Nerd Pat,Trainerclass Super Nerd,407,250,0.619,938,624,1688.2,B,Fisherman Ralph Rematch 3 (Elo 1930.3),Ace Trainer Allen (Elo 1393.7),Ace Trainer Reena Rematch 1 (7 games),4.07,Porygon Lv47 (Download): Charge Beam/Signal Beam/Ice Beam/Solar Beam
250,psychic_m_vernon_0411,Psychic Vernon,Trainerclass Psychic M,406,251,0.618,900,594,1647.8,B-,Twins Jo & Zoe Rematch (Elo 1910.1),Pokefan Georgia (Elo 1349.5),Bird Keeper Vance Rematch 2 (7 games),3.32,Espeon Lv36 (Synchronize): Confusion/Quick Attack/Swift/Psybeam
251,school_kid_m_billy_0331,School Kid Billy,Trainerclass School Kid M,404,253,0.615,947,644,1637.7,B-,Swimmer Lori (Elo 1977.0),Team Rocket Grunt Underground 3 (Elo 1311.0),Ace Trainer Lola (7 games),9.41,Parasect Lv39 (Dry Skin): Spore/Slash/Growth/Giga Drain | Poliwhirl Lv37 (Damp): Body Slam/Bubble Beam/Mud Shot/Belly Drum | Ditto Lv35 (Limber): Transform
252,bug_catcher_ken_0079,Bug Catcher Ken,Trainerclass Bug Catcher,402,255,0.612,949,651,1656.4,B-,Youngster Ian Rematch 3 (Elo 1900.9),Bug Catcher Stacey (Elo 1040.1),Lass Shannon (7 games),8.37,Ariados Lv39 (Insomnia): Fury Swipes/Sucker Punch/Spider Web/Agility | Pinsir Lv40 (Mold Breaker): Vital Throw/X Scissor/Thrash/Swords Dance
253,school_kid_m_torin_0564,School Kid Torin,Trainerclass School Kid M,402,255,0.612,897,609,1634.5,B-,Twins Jo & Zoe Rematch (Elo 1910.1),Hiker Parry Rematch 1 (Elo 1300.9),Picnicker Erin Rematch 1 (7 games),7.03,Sandslash Lv41 (Sand Veil): Crush Claw/Fury Cutter/Sand Tomb/Slash | Golbat Lv39 (Inner Focus): Confuse Ray/Air Cutter/Mean Look/Poison Fang
254,picnicker_liz_0277,Picnicker Liz Rematch 2,Trainerclass Picnicker,402,255,0.612,921,628,1631.5,B-,Double Team Zac & Jen (Elo 1914.1),Hiker Noland (Elo 1411.5),Hiker Eoin (7 games),10.73,Weepinbell Lv39 (Chlorophyll): Knock Off/Sweet Scent/Gastro Acid/Razor Leaf | Nidorino Lv38 (Poison Point): Horn Attack/Helping Hand/Toxic Spikes/Flatter | Nidoqueen Lv40 (Rivalry): Tail Whip/Double Kick/Poison Sting/Body Slam
255,school_kid_m_nate_0428,School Kid Nate,Trainerclass School Kid M,399,258,0.607,917,637,1639.2,B-,Biker Aiden Rematch 1 (Elo 1943.9),Team Rocket Grunt Underground 4 (Elo 1240.1),Firebreather Lyle (7 games),8.57,Ledian Lv40 (Swarm): Mach Punch/Baton Pass/Silver Wind/Agility | Exeggutor Lv40 (Chlorophyll): Confusion/Stomp/Egg Bomb/Wood Hammer
256,ace_trainer_f_reena_0114,Ace Trainer Reena,Trainerclass Ace Trainer F,396,261,0.603,896,627,1643.5,B-,Picnicker Tiffany Rematch 3 (Elo 1868.7),Fisherman Tully Rematch 1 (Elo 1327.9),Swimmer Katie (7 games),6.43,Growlithe Lv36 (Intimidate): Reversal/Fire Fang/Take Down/Flamethrower | Nidorina Lv33 (Poison Point): Poison Sting/Fury Swipes/Bite/Helping Hand | Staryu Lv36 (Illuminate): Camouflage/Swift/Bubble Beam/Minimize
257,sailor_huey_0441,Sailor Huey Rematch 2,Trainerclass Sailor,396,261,0.603,901,638,1608.6,C+,Biker Aiden Rematch 2 (Elo 1983.0),Medium Georgina (Elo 1283.0),Fisherman Jonah (7 games),7.4,Poliwhirl Lv38 (Water Absorb): Body Slam/Bubble Beam/Mud Shot/Belly Drum | Poliwrath Lv41 (Water Absorb): Bubble Beam/Hypnosis/Double Slap/Submission
258,bird_keeper_gs_justin_0552,Bird Keeper Justin,Trainerclass Bird Keeper Gs,393,264,0.598,887,622,1641.4,B-,Psychic Herman (Elo 1865.2),Hiker Parry Rematch 1 (Elo 1300.9),Kimono Girl Miki (7 games),12.8,Xatu Lv44 (Synchronize): Tailwind/Wish/Psycho Shift/Future Sight | Noctowl Lv39 (Insomnia): Confusion/Take Down/Air Slash/Zen Headbutt
259,swimmer_m_duane_0592,Swimmer Duane,Trainerclass Swimmer M,393,264,0.598,903,638,1624.6,B-,Rival Silver Feraligatr (Goldenrod) (Elo 1888.2),Teacher Hillary (Elo 1305.0),Bug Catcher Rob Rematch 1 (7 games),7.51,Seaking Lv40 (Swift Swim): Flail/Aqua Ring/Fury Attack/Waterfall | Kabutops Lv40 (Swift Swim): Endure/Aqua Jet/Mega Drain/Slash
260,firebreather_walt_0617,Firebreather Walt Rematch 2,Trainerclass Firebreather,393,264,0.598,907,644,1623.6,B-,Rival Silver Meganium (Goldenrod) (Elo 1929.9),Hiker Parry Rematch 1 (Elo 1300.9),Bird Keeper Easton (7 games),6.5,Magmar Lv34 (Flame Body): Faint Attack/Fire Spin/Confuse Ray/Fire Punch | Magmar Lv37 (Flame Body): Fire Spin/Confuse Ray/Fire Punch/Lava Plume
261,camper_bertrand_0533,Camper Bertrand,Trainerclass Camper,393,264,0.598,884,625,1622.4,B-,Picnicker Erin Rematch 3 (Elo 2002.2),Hiker Parry Rematch 1 (Elo 1300.9),Camper Tanner Rematch 1 (7 games),7.56,Fearow Lv30 (Keen Eye): Pursuit/Aerial Ace/Mirror Move/Agility | Primeape Lv30 (Vital Spirit): Seismic Toss/Screech/Assurance/Rage | Tauros Lv30 (Intimidate): Pursuit/Rest/Payback/Zen Headbutt
262,swimmer_f_nikki_0296,Swimmer Nikki,Trainerclass Swimmer F,393,264,0.598,909,648,1613.8,C+,Biker Aiden Rematch 2 (Elo 1983.0),School Kid Jack Rematch 1 (Elo 1322.2),Hiker Noland (7 games),7.76,Seel Lv37 (Thick Fat): Aurora Beam/Aqua Jet/Brine/Take Down | Dewgong Lv42 (Thick Fat): Brine/Sheer Cold/Take Down/Dive
263,swimmer_f_mina_0585,Swimmer Mina,Trainerclass Swimmer F,392,265,0.597,912,664,1629.3,B-,School Kid Torin Rematch 3 (Elo 1960.8),Teacher Hillary (Elo 1305.0),Hiker Kenny Rematch 2 (7 games),14.44,Luvdisc Lv38 (Swift Swim): Attract/Sweet Kiss/Water Pulse/Aqua Ring | Luvdisc Lv39 (Swift Swim): Attract/Sweet Kiss/Water Pulse/Aqua Ring | Luvdisc Lv41 (Swift Swim): Sweet Kiss/Water Pulse/Aqua Ring/Captivate
264,teacher_clarice_0561,Teacher Clarice,Trainerclass Teacher,390,267,0.594,865,616,1603.1,C+,Ace Trainer Bonita (Elo 1963.5),School Kid Connor (Elo 1318.8),Executive Petrel Petrel (Radio Tower) (7 games),5.57,Zigzagoon @ Sitrus Berry Lv41 (Gluttony): Belly Drum/Flail/Return/Iron Tail | Roselia Lv43 (Poison Point): Ingrain/Synthesis/Toxic/Petal Dance
265,pokefan_m_derek_0607,Pokefan Derek Rematch 3,Trainerclass Pokefan M,389,268,0.592,911,663,1623.7,B-,Ace Trainer Arabella (Elo 1993.4),Hiker Phillip (Elo 1267.0),Bug Catcher Wade Rematch 2 (7 games),12.98,Pichu Lv18 (Static): Tail Whip/Thunder Wave/Sweet Kiss/Nasty Plot | Teddiursa Lv22 (Pickup): Fake Tears/Fury Swipes/Faint Attack/Sweet Scent | Pikachu Lv39 (Static): Thunderbolt/Feint/Agility/Discharge | Ursaring Lv47 (Guts): Sweet Scent/Slash/Scary Face/Rest
266,scientist_gs_daniel_0686,Scientist Daniel,Trainerclass Scientist Gs,388,269,0.591,888,645,1620.7,B-,Firebreather Walt Rematch 3 (Elo 2034.8),Team Rocket Grunt Hideout 4 (Elo 1114.9),School Kid Billy (7 games),5.6,Ninetales Lv50 (Flash Fire): Overheat/Will O Wisp/Quick Attack/Roar
267,pokefan_m_boone_0567,Pokefan Boone,Trainerclass Pokefan M,387,270,0.589,888,660,1618.2,C+,Teacher Hillary Rematch 3 (Elo 1884.3),Rival Silver Quilava (Azalea) (Elo 1181.8),Young Couple Tim & Sue (7 games),8.34,Spinda Lv43 (Own Tempo): Dizzy Punch/Sucker Punch/Teeter Dance/Psych Up | Volbeat Lv41 (Swarm): Protect/Helping Hand/Zen Headbutt/Bug Buzz
268,firebreather_lyle_0399,Firebreather Lyle,Trainerclass Firebreather,386,271,0.588,878,647,1601.1,C+,Firebreather Walt Rematch 3 (Elo 2034.8),Swimmer Kaylee (Elo 1209.0),School Kid Nate (7 games),6.58,Koffing Lv36 (Levitate): Selfdestruct/Sludge/Haze/Gyro Ball | Flareon Lv39 (Flash Fire): Ember/Quick Attack/Bite/Fire Spin | Koffing Lv36 (Levitate): Selfdestruct/Sludge/Haze/Gyro Ball
269,bug_catcher_dion_0688,Bug Catcher Dion,Trainerclass Bug Catcher,386,271,0.588,881,652,1586.5,C+,Fisherman Ralph Rematch 3 (Elo 1930.3),Medium Grace (Elo 1231.2),Biker Aiden (7 games),4.86,Ariados Lv50 (Swarm): Agility/Pin Missile/Psychic/Poison Jab
270,fisherman_jonah_0128,Fisherman Jonah,Trainerclass Fisherman,384,273,0.584,870,649,1625.4,B-,Hiker Parry Rematch 3 (Elo 1884.5),School Kid Connor (Elo 1318.8),Camper Jerry (7 games),10.39,Shellder Lv33 (Shell Armor): Leer/Clamp/Ice Shard/Aurora Beam | Octillery Lv37 (Sniper): Focus Energy/Octazooka/Bullet Seed/Wring Out | Remoraid Lv33 (Sniper): Bubble Beam/Focus Energy/Bullet Seed/Water Pulse | Cloyster Lv37 (Skill Link): Supersonic/Aurora Beam/Protect/Spikes
271,ace_trainer_m_cody_0112,Ace Trainer Cody,Trainerclass Ace Trainer M,384,273,0.584,855,632,1597.3,C+,Ace Trainer Bonita (Elo 1963.5),Teacher Hillary (Elo 1305.0),Picnicker Liz Rematch 2 (7 games),4.9,Horsea Lv35 (Swift Swim): Agility/Twister/Brine/Hydro Pump | Seadra Lv37 (Sniper): Bubble Beam/Agility/Twister/Brine
272,bug_catcher_rob_0622,Bug Catcher Rob Rematch 1,Trainerclass Bug Catcher,383,274,0.583,908,689,1603.4,C+,Twins Jo & Zoe Rematch (Elo 1910.1),Hiker Devin (Elo 1183.8),Swimmer Duane (7 games),7.23,Beedrill Lv45 (Swarm): Agility/Assurance/Poison Jab/Endeavor | Butterfree Lv42 (Compound Eyes): Tailwind/Safeguard/Captivate/Bug Buzz
273,biker_harris_0310,Biker Harris,Trainerclass Biker,383,274,0.583,889,668,1599.2,C+,Firebreather Walt Rematch 3 (Elo 2034.8),Poke Maniac Zach (Elo 1150.6),Bug Catcher Dane (7 games),4.14,Flareon Lv45 (Flash Fire): Quick Attack/Bite/Fire Spin/Fire Fang
274,lass_ellen_0419,Lass Ellen,Trainerclass Lass,382,275,0.581,872,658,1596.2,C+,Psychic Franklin (Elo 1836.5),Medium Grace (Elo 1231.2),Burglar Corey (7 games),18.92,Wigglytuff Lv40 (Cute Charm): Sing/Disable/Defense Curl/Double Slap | Granbull Lv44 (Intimidate): Headbutt/Roar/Rage/Take Down
275,youngster_joey_0507,Youngster Joey Rematch 3,Trainerclass Youngster,380,277,0.578,908,704,1617.6,C+,Young Couple Tim & Sue Rematch 3 (Elo 2060.7),Medium Edith (Elo 1080.9),Bug Catcher Doug Rematch 2 (7 games),5.7,Raticate Lv54 (Run Away): Hyper Fang/Quick Attack/Substitute/Endeavor
276,young_couple_tim_sue_0556,Young Couple Tim & Sue,Trainerclass Young Couple,380,277,0.578,890,681,1616.9,C+,Hiker Anthony Rematch 3 (Elo 1938.8),Team Rocket Grunt Radio Tower 9 (Elo 1196.7),Pokefan Boone (7 games),3.44,Kadabra Lv41 (Synchronize): Recover/Psycho Cut/Role Play/Psychic | Psyduck Lv46 (Damp): Screech/Psych Up/Zen Headbutt/Amnesia
277,executive_proton_proton_radio_tower,Executive Proton Proton (Radio Tower),Trainerclass Executive Proton,380,277,0.578,854,645,1599.5,C+,Picnicker Gina Rematch 3 (Elo 1875.6),Hiker Parry Rematch 1 (Elo 1300.9),Picnicker Liz Rematch 2 (7 games),6.99,Golbat Lv28 (Inner Focus): Leech Life/Bite/Confuse Ray/Wing Attack | Weezing Lv33 (Levitate): Double Hit/Sludge/Smoke Screen/Smog
278,ace_trainer_f_lola_0117,Ace Trainer Lola,Trainerclass Ace Trainer F,380,277,0.578,866,663,1590.8,C+,Ace Trainer Gaven Rematch 2 (Elo 1949.7),Bug Catcher Arnie Rematch 2 (Elo 1344.9),School Kid Billy (7 games),5.67,Dratini Lv35 (Shed Skin): Slam/Agility/Aqua Tail/Dragon Rush | Dragonair Lv37 (Shed Skin): Dragon Rage/Slam/Agility/Aqua Tail
279,bug_catcher_wade_0460,Bug Catcher Wade Rematch 2,Trainerclass Bug Catcher,379,278,0.577,883,679,1603.3,C+,Picnicker Erin Rematch 3 (Elo 2002.2),Swimmer Berke (Elo 1187.7),Super Nerd Shawn (7 games),9.52,Butterfree Lv28 (Compound Eyes): Bug Bite/Silver Wind/Confusion/Gust | Butterfree Lv40 (Compound Eyes): Bug Buzz/Tailwind/Captivate/Safeguard | Beedrill Lv37 (Swarm): Bug Bite/Twineedle/Poison Jab/Focus Energy | Butterfree Lv28 (Compound Eyes): Bug Bite/Gust/Sleep Powder/Stun Spore
280,fisherman_wilton_0450,Fisherman Wilton Rematch 2,Trainerclass Fisherman,379,278,0.577,857,664,1597.7,C+,Twins Kay & Tia Rematch 3 (Elo 1881.8),Bird Keeper Perry (Elo 1369.8),Leader Pryce (7 games),10.45,Goldeen Lv32 (Swift Swim): Water Pulse/Flail/Aqua Ring/Fury Attack | Seaking Lv36 (Swift Swim): Water Pulse/Flail/Aqua Ring/Fury Attack | Seaking Lv40 (Swift Swim): Flail/Aqua Ring/Fury Attack/Waterfall
281,bird_keeper_gs_jose_0446,Bird Keeper Jose Rematch 2,Trainerclass Bird Keeper Gs,378,279,0.575,880,673,1612.4,C+,Twins Kay & Tia Rematch 3 (Elo 1881.8),Boarder Gerardo (Elo 1323.3),Biker Dan (7 games),6.62,Farfetchd Lv38 (Keen Eye): Swords Dance/Agility/Night Slash/Air Slash | Farfetchd Lv45 (Keen Eye): Night Slash/Air Slash/Feint/False Swipe
282,swimmer_f_kendra_0590,Swimmer Kendra,Trainerclass Swimmer F,377,280,0.574,920,723,1565.8,C,Biker Ernest Rematch 3 (Elo 2012.5),Rival Silver Croconaw (Azalea) (Elo 1183.1),Bug Catcher Wade Rematch 2 (7 games),5.2,Slowking Lv43 (Oblivious): Water Pulse/Zen Headbutt/Nasty Plot/Swagger
283,bug_catcher_ed_0248,Bug Catcher Ed,Trainerclass Bug Catcher,376,281,0.572,867,669,1593.1,C+,Picnicker Gina Rematch 3 (Elo 1875.6),Fisherman Tully (Elo 1134.8),Fisherman Scott (7 games),10.82,Burmy Lv43 (Shed Skin): Protect/Tackle/Bug Bite/Hidden Power | Butterfree Lv43 (Compound Eyes): Tailwind/Safeguard/Captivate/Bug Buzz | Beedrill Lv43 (Swarm): Agility/Assurance/Poison Jab/Endeavor
284,swimmer_m_tucker_0371,Swimmer Tucker,Trainerclass Swimmer M,375,282,0.571,860,674,1586.1,C+,Black Belt Kenji Rematch 3 (Elo 1827.7),Swimmer George (Elo 1215.4),Boarder Gerardo (7 games),8.89,Shellder Lv40 (Shell Armor): Ice Shard/Aurora Beam/Whirlpool/Iron Defense | Cloyster Lv44 (Skill Link): Aurora Beam/Protect/Spikes/Spike Cannon
285,picnicker_erin_0335,Picnicker Erin Rematch 1,Trainerclass Picnicker,374,283,0.569,863,683,1582.3,C+,Firebreather Walt Rematch 3 (Elo 2034.8),Camper Virgil (Elo 1319.7),Teacher Shirley (7 games),9.54,Gloom Lv32 (Chlorophyll): Stun Spore/Sleep Powder/Mega Drain/Lucky Chant | Rapidash Lv41 (Flash Fire): Take Down/Agility/Fire Blast/Fury Attack
286,swimmer_m_frankie_0373,Swimmer Frankie,Trainerclass Swimmer M,374,283,0.569,875,698,1574.5,C,Young Couple Tim & Sue Rematch 2 (Elo 1947.9),Rival Silver Bayleef (Azalea) (Elo 1205.1),Super Nerd Cary (7 games),5.06,Azumarill Lv44 (Huge Power): Bubble Beam/Aqua Ring/Double Edge/Rain Dance
287,hiker_edwin_0677,Hiker Edwin,Trainerclass Hiker,374,283,0.569,892,709,1570.1,C,Biker Aiden Rematch 3 (Elo 2075.0),Bug Catcher Wade (Elo 757.0),Pokefan Derek Rematch 3 (7 games),6.96,Golem Lv50 (Rock Head): Double Edge/Rock Slide/Sandstorm/Roar
288,hiker_clarke_0357,Hiker Clarke,Trainerclass Hiker,373,284,0.568,903,719,1581.8,C+,School Kid Torin Rematch 3 (Elo 1960.8),Swimmer Paula (Elo 1026.6),Biker Joel (7 games),11.36,Onix Lv43 (Sturdy): Rock Polish/Dragon Breath/Curse/Iron Tail | Dugtrio Lv45 (Arena Trap): Earth Power/Mud Bomb/Slash/Earthquake
289,super_nerd_tyrone_0365,Super Nerd Tyrone,Trainerclass Super Nerd,371,286,0.565,856,682,1601.0,C+,Bird Keeper Josh Rematch 3 (Elo 1969.9),Medium Edith (Elo 1080.9),Hiker Phillip (7 games),9.38,Magnemite Lv40 (Sturdy): Lock On/Magnet Bomb/Screech/Discharge | Magnemite Lv40 (Sturdy): Lock On/Magnet Bomb/Screech/Discharge | Magnemite Lv40 (Sturdy): Lock On/Magnet Bomb/Screech/Discharge
290,black_belt_kenji_0250,Black Belt Kenji Rematch 1,Trainerclass Black Belt,371,286,0.565,837,665,1598.3,C+,Juggler Irwin Rematch 3 (Elo 1841.6),Hiker Parry Rematch 1 (Elo 1300.9),Swimmer Nicole (7 games),10.79,Onix Lv27 (Rock Head): Rage/Rock Tomb/Sandstorm/Slam | Hitmonlee Lv32 (Limber): Brick Break/Focus Energy/Feint/Hi Jump Kick | Onix Lv27 (Rock Head): Rage/Rock Tomb/Sandstorm/Slam | Machoke Lv32 (Guts): Seismic Toss/Revenge/Vital Throw/Submission
291,ace_trainer_f_jamie_0113,Ace Trainer Jamie,Trainerclass Ace Trainer F,371,286,0.565,847,679,1576.5,C,Firebreather Walt Rematch 3 (Elo 2034.8),Young Couple Duff & Eda (Elo 1223.1),Psychic Rodney (7 games),6.22,Rapidash Lv36 (Flash Fire): Stomp/Fire Spin/Will O Wisp/Agility | Flaaffy Lv31 (Static): Discharge/Cotton Spore/Thunder Wave/Charge
292,ace_trainer_f_piper_0498,Ace Trainer Piper,Trainerclass Ace Trainer F,370,287,0.563,827,666,1603.7,C+,Hiker Parry Rematch 3 (Elo 1884.5),Team Rocket Grunt Radio Tower 10 (Elo 1338.8),Fisherman Liam (7 games),7.6,Horsea Lv33 (Sniper): Smoke Screen/Leer/Brine/Twister | Horsea Lv33 (Sniper): Smoke Screen/Leer/Brine/Twister | Seadra Lv35 (Sniper): Agility/Leer/Waterfall/Twister
293,lass_shannon_0355,Lass Shannon,Trainerclass Lass,370,287,0.563,861,698,1565.0,C,Fisherman Tully Rematch 3 (Elo 2007.7),Medium Bethany (Elo 1137.3),Ace Trainer Mike (7 games),9.3,Paras Lv38 (Effect Spore): Slash/Growth/Giga Drain/Aromatherapy | Paras Lv38 (Dry Skin): Slash/Growth/Giga Drain/Aromatherapy | Parasect Lv42 (Dry Skin): Spore/Slash/Growth/Giga Drain
294,guitarist_clyde_0041,Guitarist Clyde,Trainerclass Guitarist,370,287,0.563,828,664,1545.1,C,Boarder Bryce (Elo 2023.4),Youngster Ian (Elo 863.7),Ace Trainer Reena Rematch 1 (7 games),5.13,Electabuzz Lv42 (Static): Shock Wave/Light Screen/Thunder Punch/Discharge
295,ace_trainer_m_kobe_0497,Ace Trainer Kobe,Trainerclass Ace Trainer M,369,288,0.562,841,679,1603.2,C+,School Kid Tommy (Elo 1868.4),Youngster Joey Rematch 2 (Elo 1298.5),Swimmer Katie (7 games),3.8,Dragonair Lv37 (Shed Skin): Thunder/Surf/Dragon Rage/Iron Tail
296,picnicker_sharon_0153,Picnicker Sharon,Trainerclass Picnicker,369,288,0.562,840,676,1587.6,C+,Firebreather Walt Rematch 3 (Elo 2034.8),Poke Maniac Andrew (Elo 1157.2),Hiker Kenny (7 games),10.45,Furret Lv41 (Keen Eye): Follow Me/Slam/Rest/Sucker Punch | Rapidash Lv43 (Flash Fire): Take Down/Agility/Fire Blast/Fury Attack
297,swimmer_m_harold_0252,Swimmer Harold,Trainerclass Swimmer M,369,288,0.562,855,691,1541.2,C,Hiker Kenny Rematch 3 (Elo 1986.1),Picnicker Selina (Elo 1244.3),Picnicker Edna (7 games),5.43,Remoraid Lv42 (Sniper): Bullet Seed/Water Pulse/Signal Beam/Ice Beam | Seadra Lv40 (Sniper): Agility/Twister/Brine/Hydro Pump
298,school_kid_m_jack_0431,School Kid Jack Rematch 2,Trainerclass School Kid M,367,290,0.559,811,657,1554.3,C,Twins Kay & Tia Rematch 3 (Elo 1881.8),Team Rocket Grunt Radio Tower 8 (Elo 1295.8),Bug Catcher Arnie Rematch 2 (7 games),10.18,Vileplume Lv38 (Chlorophyll): Mega Drain/Aromatherapy/Stun Spore/Poison Powder | Electrode Lv31 (Soundproof): Screech/Light Screen/Charge Beam/Selfdestruct
299,bird_keeper_gs_easton_0594,Bird Keeper Easton,Trainerclass Bird Keeper Gs,366,291,0.557,833,683,1557.8,C,Biker Reese Rematch 2 (Elo 1808.3),Scientist Trenton (Elo 1224.1),Firebreather Walt Rematch 2 (7 games),10.01,Doduo Lv35 (Run Away): Pursuit/Uproar/Acupressure/Double Hit | Doduo Lv35 (Run Away): Pursuit/Uproar/Acupressure/Double Hit | Dodrio Lv35 (Run Away): Pursuit/Uproar/Acupressure/Tri Attack | Dodrio Lv36 (Run Away): Pursuit/Uproar/Acupressure/Tri Attack
300,bird_keeper_gs_hank_0299,Bird Keeper Hank,Trainerclass Bird Keeper Gs,365,292,0.556,846,702,1575.2,C,Twins Jo & Zoe Rematch (Elo 1910.1),Fisherman Tully (Elo 1134.8),Bird Keeper Boris (7 games),12.54,Pidgey Lv13 (Keen Eye): Tackle/Sand Attack/Gust/Quick Attack | Pidgeot Lv44 (Tangled Feet): Feather Dance/Agility/Wing Attack/Roost
301,super_nerd_waldo_0682,Super Nerd Waldo,Trainerclass Super Nerd,365,292,0.556,828,690,1561.8,C,Lass Dana Rematch 3 (Elo 2003.5),Bird Keeper Theo (Elo 1150.7),Twins Jo & Zoe (7 games),4.22,Numel Lv53 (Simple): Overheat/Amnesia/Earth Power/Magnitude
302,picnicker_gina_0334,Picnicker Gina Rematch 2,Trainerclass Picnicker,364,293,0.554,844,699,1585.0,C+,Fisherman Kyle Rematch 3 (Elo 2025.7),School Kid Connor (Elo 1318.8),Biker Markey (7 games),10.73,Skiploom Lv26 (Chlorophyll): Stun Spore/Sleep Powder/Bullet Seed/Leech Seed | Skiploom Lv26 (Chlorophyll): Stun Spore/Sleep Powder/Bullet Seed/Leech Seed | Ivysaur Lv44 (Overgrow): Double Edge/Worry Seed/Synthesis/Solar Beam
303,biker_reese_0313,Biker Reese,Trainerclass Biker,363,294,0.553,825,690,1587.1,C+,Fisherman Ralph Rematch 3 (Elo 1930.3),Bug Catcher Arnie Rematch 2 (Elo 1344.9),Picnicker Hope (7 games),5.38,Weezing Lv45 (Levitate): Sludge/Haze/Double Hit/Explosion
304,swimmer_f_chelan_0589,Swimmer Chelan,Trainerclass Swimmer F,362,295,0.551,851,715,1574.0,C,Young Couple Tim & Sue Rematch 3 (Elo 2060.7),Picnicker Selina (Elo 1244.3),Ace Trainer Joyce (7 games),5.61,Azumarill Lv40 (Huge Power): Waterfall/Rollout/Defense Curl/Dig
305,fisherman_martin_0320,Fisherman Martin,Trainerclass Fisherman,361,296,0.549,832,703,1602.8,C+,Hiker Parry Rematch 3 (Elo 1884.5),Bug Catcher Arnie Rematch 2 (Elo 1344.9),Sailor Kenneth (7 games),6.07,Remoraid Lv36 (Hustle): Focus Energy/Bullet Seed/Water Pulse/Signal Beam | Octillery Lv42 (Suction Cups): Octazooka/Bullet Seed/Wring Out/Signal Beam
306,biker_teddy_0575,Biker Teddy,Trainerclass Biker,361,296,0.549,826,695,1580.8,C+,Biker Aiden Rematch 2 (Elo 1983.0),Hiker Phillip (Elo 1267.0),Hiker Dwight (7 games),4.91,Seviper Lv46 (Shed Skin): Poison Fang/Swagger/Haze/Night Slash
307,youngster_warren_0378,Youngster Warren,Trainerclass Youngster,361,296,0.549,815,688,1560.8,C,School Kid Billy Rematch 2 (Elo 1791.8),Hiker Parry Rematch 1 (Elo 1300.9),Bird Keeper Kinsley (7 games),6.7,Fearow Lv38 (Keen Eye): Aerial Ace/Mirror Move/Agility/Assurance | Raticate Lv42 (Run Away): Crunch/Assurance/Super Fang/Double Edge
308,gentleman_alfred_0665,Gentleman Alfred Rematch 2,Trainerclass Gentleman,359,298,0.546,822,704,1538.9,C,Bug Catcher Arnie Rematch 3 (Elo 1847.8),Hiker Phillip (Elo 1267.0),Fisherman Liam (7 games),4.29,Noctowl Lv42 (Insomnia): Take Down/Air Slash/Zen Headbutt/Extrasensory
309,psychic_m_rodney_0422,Psychic Rodney,Trainerclass Psychic M,357,300,0.543,832,712,1581.8,C+,Youngster Ian Rematch 3 (Elo 1900.9),Picnicker Piper (Elo 1275.3),Ace Trainer Jamie (7 games),6.71,Chingling Lv37 (Levitate): Astonish/Confusion/Uproar/Last Resort | Hypno Lv41 (Forewarn): Poison Gas/Meditate/Psybeam/Psych Up
310,hiker_dwight_0548,Hiker Dwight,Trainerclass Hiker,356,301,0.542,836,724,1584.2,C+,Hiker Kenny Rematch 3 (Elo 1986.1),Medium Edith (Elo 1080.9),Hiker Anthony Rematch 1 (7 games),13.53,Magneton Lv44 (Magnet Pull): Lock On/Magnet Bomb/Screech/Discharge | Steelix Lv44 (Rock Head): Rock Polish/Dragon Breath/Curse/Iron Tail
311,ace_trainer_f_fran_0119,Ace Trainer Fran,Trainerclass Ace Trainer F,355,302,0.54,797,692,1529.7,C,Hiker Parry Rematch 3 (Elo 1884.5),Picnicker Selina (Elo 1244.3),Executive Petrel Petrel (Radio Tower) (7 games),3.52,Seadra Lv38 (Sniper): Bubble Beam/Agility/Twister/Brine
312,swimmer_f_katie_0243,Swimmer Katie,Trainerclass Swimmer F,355,302,0.54,849,751,1521.6,C-,Pokemon Trainer Lance (Rocket HQ) (Elo 1846.6),Rival Silver Bayleef (Azalea) (Elo 1205.1),Ace Trainer Reena (7 games),5.48,Dewgong Lv41 (Thick Fat): Brine/Sheer Cold/Take Down/Dive
313,teacher_shirley_0427,Teacher Shirley,Trainerclass Teacher,354,303,0.539,806,709,1566.8,C,Ace Trainer Jamie Rematch 1 (Elo 1828.1),Medium Grace (Elo 1231.2),Picnicker Erin Rematch 1 (7 games),6.24,Chatot Lv43 (Tangled Feet): Mimic/Roost/Uproar/Feather Dance | Jigglypuff Lv43 (Cute Charm): Body Slam/Gyro Ball/Wake Up Slap/Mimic
314,bird_keeper_gs_roy_0300,Bird Keeper Roy,Trainerclass Bird Keeper Gs,354,303,0.539,824,723,1561.5,C,Twins Jo & Zoe Rematch (Elo 1910.1),Scientist Trenton (Elo 1224.1),Picnicker Debra (7 games),8.44,Fearow Lv38 (Keen Eye): Aerial Ace/Mirror Move/Agility/Assurance | Fearow Lv44 (Keen Eye): Mirror Move/Agility/Assurance/Roost
315,leader_morty_morty,Leader Morty,Trainerclass Leader Morty,353,304,0.537,818,719,1568.0,C,School Kid Billy Rematch 3 (Elo 2076.5),Team Rocket Grunt Radio Tower 3 (Elo 1228.6),Ace Trainer Mike (7 games),10.32,Gastly Lv21 (Levitate): Lick/Spite/Mean Look/Curse | Haunter Lv21 (Levitate): Hypnosis/Dream Eater/Curse/Nightmare | Gengar @ Sitrus Berry Lv25 (Levitate): Hypnosis/Shadow Ball/Mean Look/Sucker Punch | Haunter Lv23 (Levitate): Curse/Mean Look/Sucker Punch/Night Shade
316,fisherman_kyle_0059,Fisherman Kyle,Trainerclass Fisherman,351,306,0.534,801,705,1560.3,C,Camper Jerry (Elo 1808.0),Hiker Parry Rematch 1 (Elo 1300.9),Sailor Parker (7 games),8.89,Goldeen Lv39 (Swift Swim): Flail/Aqua Ring/Fury Attack/Waterfall | Qwilfish Lv35 (Poison Point): Stockpile/Spit Up/Revenge/Brine | Goldeen Lv39 (Swift Swim): Flail/Aqua Ring/Fury Attack/Waterfall
317,camper_tanner_0558,Camper Tanner,Trainerclass Camper,350,307,0.533,791,709,1542.6,C,Bird Keeper Jose Rematch 3 (Elo 1881.1),Firebreather Richard (Elo 1082.2),Ace Trainer Jamie (7 games),3.94,Sudowoodo Lv38 (Sturdy): Faint Attack/Rock Tomb/Rock Slide/Slam
318,twins_kay_tia_0566,Twins Kay & Tia,Trainerclass Twins,349,308,0.531,806,726,1569.9,C,Firebreather Otis (Elo 1928.8),Sailor Huey (Elo 1075.6),Youngster Ian Rematch 2 (7 games),8.17,Quagsire Lv41 (Damp): Rain Dance/Surf/Yawn | Quagsire Lv41 (Damp): Amnesia/Surf/Yawn
319,swimmer_m_esteban_0591,Swimmer Esteban,Trainerclass Swimmer M,348,309,0.53,824,746,1526.6,C,Picnicker Gina Rematch 3 (Elo 1875.6),Lass Krise Rematch 1 (Elo 1269.9),Sailor Huey Rematch 1 (7 games),7.27,Golduck Lv38 (Damp): Water Pulse/Fury Swipes/Screech/Psych Up | Poliwhirl Lv38 (Water Absorb): Body Slam/Bubble Beam/Mud Shot/Belly Drum
320,black_belt_kiyo_0158,Black Belt Kiyo,Trainerclass Black Belt,347,310,0.528,809,733,1541.4,C,Biker Aiden Rematch 2 (Elo 1983.0),Psychic Greg (Elo 1066.3),Juggler Irwin Rematch 2 (7 games),6.92,Hitmonlee Lv34 (Reckless): Focus Energy/Feint/Hi Jump Kick/Mind Reader | Hitmonchan Lv34 (Iron Fist): Vacuum Wave/Thunder Punch/Ice Punch/Fire Punch
321,executive_ariana_ariana_rocket_hq,Executive Ariana Ariana (Rocket HQ),Trainerclass Executive Ariana,346,311,0.527,789,718,1581.7,C+,Psychic Jared (Elo 1894.8),Pokefan Georgia (Elo 1349.5),Pokefan Carter (7 games),8.85,Arbok Lv25 (Intimidate): Wrap/Poison Sting/Crunch/Glare | Gloom Lv25 (Chlorophyll): Mega Drain/Sweet Scent/Sleep Powder/Acid | Murkrow Lv27 (Super Luck): Wing Attack/Pursuit/Astonish/Night Shade
322,school_kid_m_dudley_0329,School Kid Dudley,Trainerclass School Kid M,346,311,0.527,778,707,1553.2,C,Sailor Huey Rematch 3 (Elo 1908.4),Medium Georgina (Elo 1283.0),Gentleman Gregory (7 games),4.2,Oddish @ Sitrus Berry Lv45 (Chlorophyll): Natural Gift/Moonlight/Giga Drain/Petal Dance
323,youngster_ian_0614,Youngster Ian Rematch 2,Trainerclass Youngster,345,312,0.525,813,749,1561.6,C,School Kid Danny (Elo 1908.9),Medium Martha (Elo 1268.5),Fisherman Scott (7 games),6.67,Primeape Lv38 (Vital Spirit): Screech/Assurance/Rage/Swagger | Dugtrio Lv40 (Sand Veil): Sand Tomb/Earth Power/Mud Bomb/Slash
324,ace_trainer_m_mike_0111,Ace Trainer Mike,Trainerclass Ace Trainer M,345,312,0.525,798,730,1547.9,C,School Kid Danny (Elo 1908.9),Team Rocket Grunt Underground 4 (Elo 1240.1),Swimmer Chelan (7 games),4.26,Dragonair Lv38 (Shed Skin): Dragon Rage/Slam/Agility/Aqua Tail
325,biker_zeke_0311,Biker Zeke,Trainerclass Biker,342,315,0.521,808,752,1548.9,C,Fisherman Stephen (Elo 1778.5),Super Nerd Teru (Elo 994.9),Swimmer Harold (7 games),5.2,Koffing Lv43 (Levitate): Haze/Gyro Ball/Explosion/Sludge Bomb | Koffing Lv43 (Levitate): Haze/Gyro Ball/Explosion/Sludge Bomb
326,mystery_man_eusine_0495,Mystery Man Eusine,Trainerclass Mystery Man,342,315,0.521,768,715,1540.1,C,Youngster Ian Rematch 3 (Elo 1900.9),Hiker Phillip (Elo 1267.0),Hiker Parry Rematch 2 (7 games),9.27,Drowzee Lv25 (Insomnia): Dream Eater/Hypnosis/Disable/Confusion | Haunter Lv25 (Levitate): Lick/Hypnosis/Mean Look/Curse | Electrode Lv27 (Static): Screech/Sonic Boom/Thunder/Rollout
327,pokefan_m_carter_0350,Pokefan Carter,Trainerclass Pokefan M,342,315,0.521,778,723,1525.1,C-,Twins Kay & Tia Rematch 3 (Elo 1881.8),Bird Keeper Josh (Elo 1349.9),Executive Ariana Ariana (Rocket HQ) (7 games),7.66,Bulbasaur Lv38 (Overgrow): Double Edge/Worry Seed/Synthesis/Seed Bomb | Charmander Lv38 (Blaze): Fire Fang/Slash/Flamethrower/Fire Spin | Squirtle Lv38 (Torrent): Aqua Tail/Skull Bash/Iron Defense/Rain Dance
328,hiker_jim_0359,Hiker Jim,Trainerclass Hiker,341,316,0.519,799,750,1526.7,C,Biker Joel (Elo 1843.9),Medium Edith (Elo 1080.9),Fisherman Tully Rematch 2 (7 games),5.76,Machamp Lv45 (No Guard): Submission/Wake Up Slap/Cross Chop/Scary Face
329,beauty_cassie_0209,Beauty Cassie,Trainerclass Beauty,340,317,0.518,797,746,1553.4,C,Teacher Hillary Rematch 3 (Elo 1884.3),Rival Silver Croconaw (Azalea) (Elo 1183.1),Twins Jo & Zoe (7 games),10.2,Vileplume Lv36 (Chlorophyll): Mega Drain/Aromatherapy/Stun Spore/Poison Powder | Butterfree Lv42 (Compound Eyes): Tailwind/Safeguard/Captivate/Bug Buzz
330,biker_ernest_0576,Biker Ernest,Trainerclass Biker,337,320,0.513,775,741,1542.1,C,Ace Trainer Bonita (Elo 1963.5),Medium Grace (Elo 1231.2),Psychic Vernon (7 games),9.71,Teddiursa Lv45 (Quick Feet): Slash/Charm/Rest/Snore | Marill Lv44 (Huge Power): Double Edge/Rain Dance/Aqua Tail/Hydro Pump
331,poke_maniac_morgan_0133,Poke Maniac Morgan,Trainerclass Poke Maniac,337,320,0.513,794,754,1514.0,C-,School Kid Torin Rematch 3 (Elo 1960.8),Team Rocket Grunt Hideout 4 (Elo 1114.9),Youngster Ian Rematch 2 (7 games),8.19,Rhyhorn Lv39 (Rock Head): Scary Face/Rock Blast/Take Down/Horn Drill | Rhydon Lv39 (Rock Head): Scary Face/Rock Blast/Take Down/Horn Drill
332,hiker_parry_0452,Hiker Parry Rematch 2,Trainerclass Hiker,337,320,0.513,816,775,1505.4,C-,Ace Trainer Arabella (Elo 1993.4),Gentleman Preston (Elo 1017.1),Hiker Erik (7 games),13.31,Steelix Lv41 (Rock Head): Rock Polish/Dragon Breath/Curse/Iron Tail | Graveler Lv37 (Rock Head): Selfdestruct/Rollout/Rock Blast/Earthquake
333,swimmer_m_parker_0377,Swimmer Parker,Trainerclass Swimmer M,336,321,0.511,789,755,1524.1,C-,Scientist Lowell (Elo 1843.4),Picnicker Selina (Elo 1244.3),Pokefan Boone (7 games),6.94,Horsea Lv43 (Sniper): Water Pulse/Focus Energy/Twister/Agility | Seadra Lv43 (Sniper): Water Pulse/Focus Energy/Twister/Agility
334,sailor_jeff_0239,Sailor Jeff,Trainerclass Sailor,334,323,0.508,779,758,1516.5,C-,Young Couple Vic & Tara (Elo 1776.3),Medium Grace (Elo 1231.2),Firebreather Walt Rematch 2 (7 games),5.49,Makuhita Lv40 (Thick Fat): Seismic Toss/Wake Up Slap/Endure/Close Combat | Raticate Lv40 (Guts): Crunch/Assurance/Super Fang/Double Edge
335,sailor_parker_0668,Sailor Parker,Trainerclass Sailor,333,324,0.507,788,768,1527.5,C,School Kid Torin Rematch 3 (Elo 1960.8),Scientist Trenton (Elo 1224.1),Fisherman Kyle (7 games),6.83,Horsea Lv43 (Sniper): Water Pulse/Focus Energy/Twister/Agility | Seadra Lv43 (Sniper): Water Pulse/Focus Energy/Twister/Agility
336,double_team_thom_kae_0722,Double Team Thom & Kae,Trainerclass Double Team,331,326,0.504,756,749,1525.7,C,Poke Maniac Brent Rematch 2 (Elo 1885.2),Hiker Phillip (Elo 1267.0),Hiker Jim (7 games),3.7,Electabuzz Lv25 (Static): Thunderbolt/Light Screen/Swift/Thunder Wave | Magmar Lv25 (Flame Body): Flamethrower/Confuse Ray/Faint Attack/Protect
337,pokefan_m_joshua_0349,Pokefan Joshua,Trainerclass Pokefan M,330,327,0.502,744,738,1508.3,C-,Fisherman Barney (Elo 1872.9),Hiker Phillip (Elo 1267.0),Ace Trainer Jamie (7 games),11.74,Pikachu Lv32 (Static): Double Team/Slam/Thunderbolt/Feint | Pikachu Lv32 (Static): Double Team/Slam/Thunderbolt/Feint | Pikachu Lv32 (Static): Double Team/Slam/Thunderbolt/Feint | Pikachu Lv32 (Static): Double Team/Slam/Thunderbolt/Feint | Pikachu Lv32 (Static): Double Team/Slam/Thunderbolt/Feint | Pikachu Lv32 (Static): Double Team/Slam/Thunderbolt/Feint
338,pokefan_beverly_0437,Pokefan Beverly Rematch 2,Trainerclass Pokefan,329,328,0.501,757,760,1482.8,C-,Psychic Franklin (Elo 1836.5),Medium Edith (Elo 1080.9),Biker Harris (7 games),4.42,Granbull Lv43 (Intimidate): Headbutt/Roar/Rage/Take Down
339,gentleman_milton_0551,Gentleman Milton,Trainerclass Gentleman,329,328,0.501,764,762,1472.3,C-,School Kid Chad Rematch 3 (Elo 1896.2),Swimmer Berke (Elo 1187.7),Biker Reese (7 games),3.88,Growlithe Lv45 (Intimidate): Flamethrower/Agility/Crunch/Heat Wave
340,picnicker_debra_0139,Picnicker Debra,Trainerclass Picnicker,327,330,0.498,757,766,1494.6,C-,Biker Aiden Rematch 1 (Elo 1943.9),Poke Maniac Zach (Elo 1150.6),Sailor Parker (7 games),5.6,Seaking Lv41 (Water Veil): Flail/Aqua Ring/Fury Attack/Waterfall
341,beauty_caroline_0210,Beauty Caroline,Trainerclass Beauty,325,332,0.495,734,748,1517.0,C-,Firebreather Burt (Elo 1760.0),Swimmer Berke (Elo 1187.7),Hiker Dwight (7 games),9.84,Marill Lv38 (Thick Fat): Aqua Ring/Double Edge/Rain Dance/Aqua Tail | Seel Lv40 (Thick Fat): Aurora Beam/Aqua Jet/Brine/Take Down | Marill Lv38 (Huge Power): Aqua Ring/Double Edge/Rain Dance/Aqua Tail
342,bug_catcher_doug_0619,Bug Catcher Doug Rematch 1,Trainerclass Bug Catcher,324,333,0.493,750,768,1500.5,C-,Psychic Herman (Elo 1865.2),Leader Whitney (Elo 1262.3),Lass Dana Rematch 2 (7 games),7.48,Butterfree Lv40 (Compound Eyes): Tailwind/Safeguard/Captivate/Bug Buzz | Ariados Lv40 (Swarm): Fury Swipes/Sucker Punch/Spider Web/Agility
343,bird_keeper_gs_bret_0421,Bird Keeper Bret,Trainerclass Bird Keeper Gs,323,334,0.492,762,784,1510.1,C-,Lass Linda (Elo 1893.5),Young Couple Duff & Eda (Elo 1223.1),Bug Catcher Rob Rematch 2 (7 games),7.74,Taillow Lv41 (Guts): Wing Attack/Double Team/Endeavor/Aerial Ace | Fearow Lv41 (Keen Eye): Mirror Move/Agility/Assurance/Roost
344,sailor_garrett_0240,Sailor Garrett,Trainerclass Sailor,321,336,0.489,778,807,1518.7,C-,Fisherman Barney (Elo 1872.9),Pokefan Derek Rematch 1 (Elo 1226.4),Medium Martha (7 games),5.32,Kingler Lv42 (Hyper Cutter): Metal Claw/Stomp/Protect/Guillotine
345,bird_keeper_gs_kinsley_0593,Bird Keeper Kinsley,Trainerclass Bird Keeper Gs,320,337,0.487,734,765,1510.1,C-,Fisherman Stephen (Elo 1778.5),Hiker Phillip (Elo 1267.0),Lass Michelle (7 games),9.11,Farfetchd Lv36 (Keen Eye): Air Cutter/Swords Dance/Agility/Night Slash | Fearow Lv36 (Keen Eye): Aerial Ace/Mirror Move/Agility/Assurance | Pidgeotto Lv37 (Keen Eye): Twister/Feather Dance/Agility/Wing Attack
346,hiker_anthony_0100,Hiker Anthony Rematch 1,Trainerclass Hiker,320,337,0.487,743,771,1500.2,C-,School Kid Chad Rematch 3 (Elo 1896.2),Twins Tori & Til (Elo 1025.0),Hiker Dwight (7 games),3.56,Graveler Lv33 (Rock Head): Selfdestruct/Rollout/Rock Blast/Earthquake | Machoke Lv32 (No Guard): Seismic Toss/Revenge/Vital Throw/Submission
347,fisherman_scott_0413,Fisherman Scott,Trainerclass Fisherman,320,337,0.487,761,793,1486.6,C-,Hiker Kenny Rematch 2 (Elo 1779.3),Youngster Joey Rematch 2 (Elo 1298.5),Twins Clea & Gil (7 games),8.83,Qwilfish Lv30 (Swift Swim): Water Gun/Revenge/Rollout/Poison Sting | Qwilfish Lv30 (Swift Swim): Water Gun/Revenge/Stockpile/Spit Up | Seaking Lv34 (Water Veil): Fury Attack/Aqua Ring/Flail/Water Pulse
348,lass_krise_0611,Lass Krise Rematch 2,Trainerclass Lass,317,340,0.482,726,775,1493.2,C-,Juggler Irwin Rematch 3 (Elo 1841.6),Medium Grace (Elo 1231.2),Bird Keeper Perry (7 games),10.84,Gloom Lv32 (Chlorophyll): Stun Spore/Sleep Powder/Mega Drain/Lucky Chant | Marowak Lv38 (Rock Head): Rage/False Swipe/Thrash/Fling
349,pokefan_m_robert_0348,Pokefan Robert,Trainerclass Pokefan M,316,341,0.481,730,785,1486.8,C-,Lass Dana Rematch 3 (Elo 2003.5),Youngster Albert (Elo 832.0),Camper Tanner Rematch 1 (7 games),10.3,Quagsire Lv43 (Water Absorb): Amnesia/Yawn/Earthquake/Rain Dance
350,super_nerd_hugh_0535,Super Nerd Hugh,Trainerclass Super Nerd,315,342,0.479,728,779,1508.8,C-,Hiker Parry Rematch 3 (Elo 1884.5),Scientist Mitch (Elo 947.6),Black Belt Kenji Rematch 2 (7 games),4.26,Seadra Lv39 (Poison Point): Smoke Screen/Twister/Surf/Waterfall
351,fisherman_liam_0587,Fisherman Liam,Trainerclass Fisherman,315,342,0.479,736,786,1491.6,C-,Firebreather Otis (Elo 1928.8),Rival Silver Bayleef (Azalea) (Elo 1205.1),Ace Trainer Piper (7 games),4.56,Seadra Lv42 (Poison Point): Agility/Twister/Brine/Hydro Pump
352,fisherman_tully_0324,Fisherman Tully Rematch 2,Trainerclass Fisherman,315,342,0.479,728,784,1480.5,C-,School Kid Billy Rematch 2 (Elo 1791.8),School Kid Jack Rematch 1 (Elo 1322.2),Twins Clea & Gil (7 games),8.91,Goldeen Lv30 (Swift Swim): Horn Attack/Water Pulse/Flail/Aqua Ring | Goldeen Lv30 (Swift Swim): Horn Attack/Water Pulse/Flail/Aqua Ring | Qwilfish Lv38 (Poison Point): Spit Up/Revenge/Brine/Pin Missile
353,bug_catcher_rob_0048,Bug Catcher Rob,Trainerclass Bug Catcher,315,342,0.479,762,814,1470.7,D+,Psychic Herman (Elo 1865.2),Camper Grant (Elo 1174.5),Youngster Jimmy (7 games),7.74,Beedrill Lv40 (Swarm): Agility/Assurance/Poison Jab/Endeavor | Butterfree Lv39 (Compound Eyes): Silver Wind/Tailwind/Safeguard/Captivate
354,poke_maniac_brent_0172,Poke Maniac Brent Rematch 1,Trainerclass Poke Maniac,313,344,0.476,722,787,1479.3,C-,Scientist Lowell (Elo 1843.4),Young Couple Duff & Eda (Elo 1223.1),Bug Catcher Ellis (7 games),10.3,Nidorina Lv32 (Poison Point): Poison Sting/Fury Swipes/Bite/Helping Hand | Nidorino Lv34 (Poison Point): Poison Sting/Fury Attack/Horn Attack/Helping Hand | Gyarados Lv32 (Intimidate): Dragon Rage/Leer/Twister/Ice Fang
355,sailor_huey_0440,Sailor Huey Rematch 1,Trainerclass Sailor,313,344,0.476,711,774,1479.1,C-,Scientist Linden (Elo 1746.0),Picnicker Selina (Elo 1244.3),Biker Harris (7 games),6.94,Poliwhirl Lv34 (Water Absorb): Rain Dance/Body Slam/Bubble Beam/Mud Shot | Poliwhirl Lv36 (Water Absorb): Rain Dance/Body Slam/Bubble Beam/Mud Shot
356,biker_dale_0569,Biker Dale,Trainerclass Biker,310,347,0.472,722,795,1471.3,C-,Picnicker Erin Rematch 2 (Elo 1830.8),Hiker Timothy (Elo 1213.1),Team Rocket Grunt Radio Tower 2 (7 games),5.52,Gulpin @ Black Sludge Lv47 (Sticky Hold): Spit Up/Swallow/Sludge Bomb/Gastro Acid
357,hiker_kenny_0358,Hiker Kenny,Trainerclass Hiker,309,348,0.47,765,835,1493.9,C-,School Kid Danny (Elo 1908.9),Young Couple Duff & Eda (Elo 1223.1),Super Nerd Merle (7 games),6.62,Sandslash Lv27 (Sand Veil): Swift/Fury Swipes/Rollout/Crush Claw | Graveler Lv29 (Rock Head): Magnitude/Selfdestruct/Rollout/Rock Blast | Golem Lv33 (Rock Head): Selfdestruct/Rollout/Rock Blast/Earthquake
358,fisherman_ralph_0462,Fisherman Ralph Rematch 1,Trainerclass Fisherman,309,348,0.47,732,808,1481.1,C-,Kimono Girl Kuni (Elo 1827.4),Firebreather Walt (Elo 1084.0),Rival Silver Quilava (Burned Tower) (7 games),5.55,Seaking Lv40 (Swift Swim): Flail/Aqua Ring/Fury Attack/Waterfall
359,pokefan_m_alex_0492,Pokefan Alex,Trainerclass Pokefan M,309,348,0.47,703,785,1472.5,C-,Camper Jerry (Elo 1808.0),Team Rocket Grunt Radio Tower 6 (Elo 1224.5),Skier Jill (7 games),9.43,Nidoking Lv29 (Rivalry): Focus Energy/Double Kick/Poison Sting/Thrash | Slowking Lv29 (Own Tempo): Confusion/Disable/Headbutt/Water Pulse | Magikarp Lv65 (Swift Swim): Splash/Tackle/Flail
360,ace_trainer_f_gwen_0206,Ace Trainer Gwen,Trainerclass Ace Trainer F,308,349,0.469,694,779,1468.9,D+,Biker Joel (Elo 1843.9),Picnicker Piper (Elo 1275.3),Bird Keeper Jose Rematch 1 (7 games),12.9,Eevee Lv26 (Adaptability): Helping Hand/Sand Attack/Growl/Quick Attack | Flareon Lv22 (Flash Fire): Helping Hand/Sand Attack/Ember/Quick Attack | Vaporeon Lv22 (Water Absorb): Helping Hand/Sand Attack/Water Gun/Quick Attack | Jolteon Lv22 (Volt Absorb): Helping Hand/Sand Attack/Thunder Shock/Quick Attack
361,picnicker_hope_0152,Picnicker Hope,Trainerclass Picnicker,307,350,0.467,753,841,1468.3,D+,Bird Keeper Josh Rematch 3 (Elo 1969.9),Poke Maniac Ron (Elo 1098.4),Biker Reese (7 games),5.46,Flaaffy Lv44 (Static): Charge/Discharge/Signal Beam/Light Screen
362,bird_keeper_gs_boris_0301,Bird Keeper Boris,Trainerclass Bird Keeper Gs,305,352,0.464,718,809,1473.8,C-,Lass Michelle (Elo 1777.0),Fisherman Tully (Elo 1134.8),Bird Keeper Hank (7 games),9.69,Doduo Lv39 (Early Bird): Uproar/Acupressure/Double Hit/Agility | Doduo Lv37 (Early Bird): Uproar/Acupressure/Double Hit/Agility | Dodrio Lv41 (Early Bird): Uproar/Acupressure/Tri Attack/Agility
363,biker_theron_0573,Biker Theron,Trainerclass Biker,305,352,0.464,769,864,1473.6,C-,Poke Maniac Brent Rematch 2 (Elo 1885.2),Super Nerd Teru (Elo 994.9),Fisherman Wilton Rematch 2 (7 games),4.59,Croagunk Lv45 (Dry Skin): Nasty Plot/Poison Jab/Sludge Bomb/Flatter
364,bird_keeper_gs_bert_0580,Bird Keeper Bert,Trainerclass Bird Keeper Gs,305,352,0.464,704,801,1442.1,D+,Camper Lloyd (Elo 1738.1),Fisherman Tully (Elo 1134.8),Bug Catcher Dane (7 games),10.24,Wingull Lv46 (Keen Eye): Roost/Pursuit/Agility/Aerial Ace | Fearow Lv43 (Keen Eye): Mirror Move/Agility/Assurance/Roost
365,picnicker_adrian_0578,Picnicker Adrian,Trainerclass Picnicker,301,356,0.458,708,817,1470.4,D+,Juggler Irwin Rematch 3 (Elo 1841.6),Team Rocket Grunt Hideout 4 (Elo 1114.9),Bird Keeper Boris (7 games),6.6,Shroomish Lv45 (Effect Spore): Growth/Giga Drain/Seed Bomb/Spore
366,rival_silver_bayleef_burned_tower,Rival Silver Bayleef (Burned Tower),Trainerclass Rival,301,356,0.458,725,833,1448.8,D+,Lass Krise Rematch 3 (Elo 1979.6),Burglar Orson (Elo 1212.0),Swimmer Diana (7 games),10.41,Gastly Lv20 (Levitate): Lick/Confuse Ray/Mean Look/Curse | Magnemite Lv18 (Magnet Pull): Thunder Wave/Thunder Shock/Supersonic/Sonic Boom | Zubat Lv20 (Inner Focus): Astonish/Supersonic/Bite/Wing Attack | Bayleef Lv22 (Overgrow): Synthesis/Reflect/Magical Leaf/Poison Powder
367,firebreather_walt_0616,Firebreather Walt Rematch 1,Trainerclass Firebreather,297,360,0.452,695,825,1454.2,D+,Leader Jasmine (Elo 1796.5),Camper Grant (Elo 1174.5),Lass Dana Rematch 1 (7 games),8.13,Magmar Lv25 (Flame Body): Smoke Screen/Faint Attack/Fire Spin/Confuse Ray | Magmar Lv32 (Flame Body): Faint Attack/Fire Spin/Confuse Ray/Fire Punch
368,team_rocket_grunt_nugget_bridge_0353,Team Rocket Grunt Nugget Bridge,Trainerclass Team Rocket,297,360,0.452,697,823,1449.1,D+,Twins Jo & Zoe Rematch (Elo 1910.1),Firebreather Richard (Elo 1082.2),Twins Jo & Zoe (7 games),5.56,Golbat Lv39 (Inner Focus): Confuse Ray/Air Cutter/Mean Look/Poison Fang
369,biker_markey_0574,Biker Markey,Trainerclass Biker,296,361,0.451,663,790,1444.3,D+,Medium Darcy (Elo 1841.4),Poke Maniac Zach (Elo 1150.6),Pokefan Colin (7 games),4.74,Skorupi Lv47 (Sniper): Toxic Spikes/Bug Bite/Poison Fang/Crunch
370,bird_keeper_gs_gail_0553,Bird Keeper Gail,Trainerclass Bird Keeper Gs,296,361,0.451,696,827,1437.9,D+,Fisherman Stephen (Elo 1778.5),Black Belt Yoshi (Elo 1156.8),Picnicker Sharon (7 games),9.35,Fearow Lv42 (Keen Eye): Mirror Move/Agility/Assurance/Roost | Spearow Lv39 (Keen Eye): Agility/Assurance/Roost/Drill Peck
371,bug_catcher_ellis_0690,Bug Catcher Ellis,Trainerclass Bug Catcher,295,362,0.449,743,875,1474.9,C-,Poke Maniac Brent Rematch 2 (Elo 1885.2),Gentleman Preston (Elo 1017.1),Poke Maniac Brent Rematch 1 (7 games),10.19,Weedle Lv28 (Shield Dust): Poison Sting/String Shot/Bug Bite | Kakuna Lv38 (Shed Skin): Harden | Beedrill Lv46 (Swarm): Agility/Assurance/Poison Jab/Endeavor
372,ace_trainer_f_lois_0116,Ace Trainer Lois,Trainerclass Ace Trainer F,295,362,0.449,697,827,1471.6,C-,Firebreather Walt Rematch 3 (Elo 2034.8),Swimmer Leona (Elo 1136.3),School Kid Connor (7 games),7.42,Mareep Lv25 (Static): Thunder Shock/Cotton Spore/Thunder Wave/Charge | Ninetales Lv25 (Flash Fire): Flamethrower/Quick Attack/Confuse Ray/Nasty Plot
373,ace_trainer_m_ryan_0108,Ace Trainer Ryan,Trainerclass Ace Trainer M,295,362,0.449,675,806,1448.4,D+,Scientist Lowell (Elo 1843.4),Hiker Parry (Elo 1140.3),Poke Maniac Brent Rematch 1 (7 games),6.46,Pidgeot Lv25 (Keen Eye): Sand Attack/Quick Attack/Whirlwind/Wing Attack | Electabuzz Lv27 (Static): Thunder Punch/Light Screen/Swift/Screech
374,hiker_michael_0144,Hiker Michael,Trainerclass Hiker,293,364,0.446,698,837,1425.9,D+,Juggler Irwin Rematch 3 (Elo 1841.6),Bug Catcher Wade (Elo 757.0),School Kid Ricky (7 games),4.47,Geodude Lv25 (Sturdy): Magnitude/Selfdestruct/Rollout/Rock Blast | Graveler Lv25 (Sturdy): Rock Throw/Magnitude/Selfdestruct/Rollout | Golem Lv25 (Sturdy): Rock Throw/Magnitude/Selfdestruct/Rollout
375,bird_keeper_gs_jose_0303,Bird Keeper Jose Rematch 1,Trainerclass Bird Keeper Gs,291,366,0.443,713,861,1451.2,D+,Young Couple Tim & Sue Rematch 1 (Elo 1791.3),Fisherman Tully (Elo 1134.8),School Kid Ricky (7 games),4.6,Farfetchd Lv44 (Keen Eye): Agility/Night Slash/Air Slash/Feint
376,youngster_owen_0380,Youngster Owen,Trainerclass Youngster,291,366,0.443,675,828,1438.0,D+,School Kid Chad Rematch 3 (Elo 1896.2),Hiker Devin (Elo 1183.8),Fisherman Andre (7 games),3.88,Growlithe Lv44 (Intimidate): Take Down/Flamethrower/Agility/Crunch
377,bug_catcher_doug_0140,Bug Catcher Doug,Trainerclass Bug Catcher,291,366,0.443,673,826,1435.5,D+,Psychic Herman (Elo 1865.2),Black Belt Yoshi (Elo 1156.8),Fisherman Martin (7 games),8.31,Butterfree Lv39 (Compound Eyes): Silver Wind/Tailwind/Safeguard/Captivate | Ariados Lv37 (Swarm): Fury Swipes/Sucker Punch/Spider Web/Agility
378,fisherman_wilton_0325,Fisherman Wilton Rematch 1,Trainerclass Fisherman,289,368,0.44,658,818,1430.2,D+,Fisherman Ralph Rematch 2 (Elo 1732.5),Scientist Trenton (Elo 1224.1),Pokefan Derek Rematch 2 (7 games),10.18,Goldeen Lv32 (Swift Swim): Water Pulse/Flail/Aqua Ring/Fury Attack | Goldeen Lv32 (Swift Swim): Water Pulse/Flail/Aqua Ring/Fury Attack | Seaking Lv36 (Swift Swim): Water Pulse/Flail/Aqua Ring/Fury Attack
379,rival_silver_quilava_burned_tower,Rival Silver Quilava (Burned Tower),Trainerclass Rival,289,368,0.44,679,833,1422.0,D+,Hiker Kenny Rematch 3 (Elo 1986.1),Team Rocket Grunt Hideout 8 (Elo 1119.4),Twins Meg & Peg (7 games),10.31,Gastly Lv20 (Levitate): Lick/Confuse Ray/Mean Look/Curse | Magnemite Lv18 (Magnet Pull): Thunder Wave/Thunder Shock/Supersonic/Sonic Boom | Zubat Lv20 (Inner Focus): Astonish/Supersonic/Bite/Wing Attack | Quilava Lv22 (Blaze): Flame Wheel/Smoke Screen/Ember/Quick Attack
380,ace_trainer_f_cybil_0408,Ace Trainer Cybil,Trainerclass Ace Trainer F,288,369,0.438,668,828,1441.0,D+,Camper Jerry (Elo 1808.0),Camper Spencer (Elo 1178.7),Twins Kay & Tia (7 games),6.96,Mareep Lv29 (Static): Discharge/Cotton Spore/Charge/Tackle | Bellossom Lv29 (Chlorophyll): Mega Drain/Stun Spore/Acid/Magical Leaf
381,twins_meg_peg_0426,Twins Meg & Peg Rematch,Trainerclass Twins,285,372,0.434,651,828,1424.5,D+,Juggler Irwin Rematch 3 (Elo 1841.6),Young Couple Duff & Eda (Elo 1223.1),Rival Silver Quilava (Burned Tower) (7 games),4.62,Phanpy Lv39 (Pickup): Slam/Endure/Charm/Last Resort | Teddiursa Lv39 (Quick Feet): Faint Attack/Sweet Scent/Slash/Charm
382,rival_silver_croconaw_burned_tower,Rival Silver Croconaw (Burned Tower),Trainerclass Rival,283,374,0.431,665,853,1429.8,D+,Teacher Hillary Rematch 3 (Elo 1884.3),Team Rocket Grunt Hideout 8 (Elo 1119.4),Ace Trainer Jenn (7 games),9.81,Gastly Lv20 (Levitate): Lick/Confuse Ray/Mean Look/Curse | Magnemite Lv18 (Magnet Pull): Thunder Wave/Thunder Shock/Supersonic/Sonic Boom | Zubat Lv20 (Inner Focus): Astonish/Supersonic/Bite/Wing Attack | Croconaw Lv22 (Torrent): Scary Face/Ice Fang/Water Gun/Bite
383,gentleman_edward_0231,Gentleman Edward,Trainerclass Gentleman,281,376,0.428,629,818,1396.0,D,Psychic Eli (Elo 1647.5),Picnicker Tiffany Rematch 1 (Elo 1186.8),Ace Trainer Jamie (7 games),4.3,Persian Lv41 (Limber): Faint Attack/Taunt/Power Gem/Slash
384,twins_meg_peg_0425,Twins Meg & Peg,Trainerclass Twins,276,381,0.42,621,832,1425.9,D+,Juggler Irwin Rematch 3 (Elo 1841.6),Black Belt Lung (Elo 1261.4),Teacher Shirley (7 games),4.29,Teddiursa Lv39 (Quick Feet): Faint Attack/Sweet Scent/Slash/Charm | Phanpy Lv39 (Pickup): Slam/Endure/Charm/Last Resort
385,school_kid_m_ricky_0429,School Kid Ricky,Trainerclass School Kid M,276,381,0.42,678,889,1404.3,D+,Youngster Ian Rematch 3 (Elo 1900.9),Hiker Bailey (Elo 970.5),Bird Keeper Jose Rematch 1 (7 games),8.98,Aipom @ Hard Stone Lv40 (Run Away): Agility/Double Hit/Fling/Nasty Plot | Ditto Lv40 (Limber): Transform
386,gentleman_alfred_0664,Gentleman Alfred Rematch 1,Trainerclass Gentleman,275,382,0.419,632,850,1393.4,D,Psychic Herman (Elo 1865.2),Skier Diana (Elo 1140.8),Pokefan Georgia (7 games),4.74,Noctowl Lv36 (Insomnia): Reflect/Confusion/Take Down/Air Slash
387,ace_trainer_m_alton_0109,Ace Trainer Alton,Trainerclass Ace Trainer M,274,383,0.417,616,834,1421.8,D+,Firebreather Burt (Elo 1760.0),Black Belt Yoshi (Elo 1156.8),Bird Keeper Josh (7 games),9.15,Ivysaur Lv24 (Overgrow): Sleep Powder/Take Down/Razor Leaf/Sweet Scent | Charmeleon Lv24 (Blaze): Ember/Smoke Screen/Dragon Rage/Scary Face | Wartortle Lv24 (Torrent): Water Gun/Bite/Rapid Spin/Protect
388,pokefan_m_jeremy_0423,Pokefan Jeremy,Trainerclass Pokefan M,273,384,0.416,598,823,1396.8,D+,Young Couple Tim & Sue Rematch 1 (Elo 1791.3),Hiker Parry (Elo 1140.3),Teacher Colette (7 games),5.96,Meowth Lv36 (Technician): Faint Attack/Taunt/Pay Day/Slash | Meowth Lv36 (Technician): Faint Attack/Taunt/Pay Day/Slash | Meowth Lv36 (Technician): Faint Attack/Taunt/Pay Day/Slash
389,hiker_noland_0235,Hiker Noland,Trainerclass Hiker,272,385,0.414,777,994,1411.5,D+,Fisherman Wilton Rematch 3 (Elo 1964.9),Picnicker Gina (Elo 930.5),Swimmer Nikki (7 games),18.5,Bronzor Lv39 (Levitate): Iron Defense/Safeguard/Gyro Ball/Future Sight | Golem Lv42 (Sturdy): Rollout/Rock Blast/Earthquake/Explosion
390,picnicker_heidi_0332,Picnicker Heidi,Trainerclass Picnicker,272,385,0.414,616,840,1399.2,D+,Twins Kay & Tia Rematch 3 (Elo 1881.8),Team Rocket Grunt Hideout 4 (Elo 1114.9),Lass Krise Rematch 2 (7 games),9.33,Skiploom Lv43 (Leaf Guard): Mega Drain/Cotton Spore/U Turn/Worry Seed | Skiploom Lv43 (Leaf Guard): Mega Drain/Cotton Spore/U Turn/Worry Seed
391,ace_trainer_m_brian_0104,Ace Trainer Brian,Trainerclass Ace Trainer M,271,386,0.412,609,843,1414.0,D+,Swimmer Jerome (Elo 1761.0),Hiker Timothy (Elo 1213.1),Ace Trainer Ryan (7 games),3.29,Mareep Lv35 (Static): Discharge/Signal Beam/Cotton Spore/Tackle
392,twins_clea_gil_0499,Twins Clea & Gil,Trainerclass Twins,269,388,0.409,601,845,1405.9,D+,Swimmer Luis (Elo 1760.8),Swimmer Leona (Elo 1136.3),Fisherman Tully Rematch 2 (7 games),3.26,Dratini Lv35 (Shed Skin): Thunder Wave/Twister/Thunderbolt/Headbutt | Dratini Lv35 (Shed Skin): Thunder Wave/Twister/Surf/Headbutt
393,ace_trainer_m_allen_0407,Ace Trainer Allen,Trainerclass Ace Trainer M,269,388,0.409,621,863,1393.7,D,Leader Jasmine (Elo 1796.5),Hiker Parry (Elo 1140.3),Psychic Phil (7 games),8.0,Charmeleon Lv29 (Blaze): Ember/Smoke Screen/Fire Fang/Scary Face | Magnemite Lv29 (Magnet Pull): Spark/Thunder Wave/Supersonic/Metal Sound
394,scientist_gs_gregg_0470,Scientist Gregg,Trainerclass Scientist Gs,268,389,0.408,628,867,1416.8,D+,Super Nerd Sam (Elo 1717.8),Boarder Patton (Elo 1170.2),Picnicker Adrian (7 games),9.53,Magnemite Lv20 (Magnet Pull): Thunder Shock/Supersonic/Sonic Boom/Thunder Wave | Magnemite Lv20 (Sturdy): Thunder Shock/Supersonic/Sonic Boom/Thunder Wave | Magnemite Lv20 (Sturdy): Thunder Shock/Supersonic/Sonic Boom/Thunder Wave
395,bird_keeper_gs_ernie_0581,Bird Keeper Ernie,Trainerclass Bird Keeper Gs,268,389,0.408,613,857,1379.2,D,Beauty Julia (Elo 1838.2),Hiker Devin (Elo 1183.8),Bird Keeper Jose Rematch 1 (7 games),3.03,Starly Lv48 (Keen Eye): Aerial Ace/Take Down/Agility/Brave Bird
396,picnicker_cheyenne_0579,Picnicker Cheyenne,Trainerclass Picnicker,266,391,0.405,626,877,1407.6,D+,Biker Aiden (Elo 1663.5),Gentleman Preston (Elo 1017.1),Bug Catcher Wade Rematch 1 (7 games),3.7,Shinx Lv45 (Intimidate): Thunder Fang/Crunch/Scary Face/Discharge
397,picnicker_tiffany_0467,Picnicker Tiffany Rematch 2,Trainerclass Picnicker,266,391,0.405,633,881,1401.4,D+,Ace Trainer Joyce (Elo 1746.1),Bug Catcher Stacey (Elo 1040.1),Picnicker Adrian (7 games),13.13,Clefable Lv41 (Cute Charm): Gravity/Sing/Wake Up Slap/Moonlight
398,school_kid_m_chad_0434,School Kid Chad Rematch 1,Trainerclass School Kid M,266,391,0.405,621,871,1401.2,D+,Bug Catcher Doug Rematch 3 (Elo 1786.4),Black Belt Yoshi (Elo 1156.8),Camper Clark (7 games),8.47,Mr Mime Lv29 (Soundproof): Light Screen/Reflect/Psybeam/Substitute | Magnemite Lv30 (Magnet Pull): Thunder Wave/Spark/Lock On/Magnet Bomb
399,picnicker_liz_0276,Picnicker Liz Rematch 1,Trainerclass Picnicker,264,393,0.402,601,857,1382.0,D,Fisherman Murphy (Elo 1690.4),Poke Maniac Andrew (Elo 1157.2),Biker Zeke (7 games),9.03,Weepinbell Lv35 (Chlorophyll): Acid/Knock Off/Sweet Scent/Gastro Acid | Nidorina Lv38 (Rivalry): Bite/Helping Hand/Toxic Spikes/Flatter
400,lass_dana_0464,Lass Dana Rematch 1,Trainerclass Lass,263,394,0.4,626,889,1421.3,D+,Gentleman Alfred Rematch 3 (Elo 1853.4),Hiker Parry (Elo 1140.3),Hiker Parry Rematch 1 (7 games),8.65,Flaaffy Lv32 (Static): Cotton Spore/Charge/Discharge/Thunder Wave | Psyduck Lv31 (Damp): Water Pulse/Screech/Disable/Confusion
401,pokefan_m_derek_0439,Pokefan Derek Rematch 2,Trainerclass Pokefan M,263,394,0.4,628,882,1395.4,D,Black Belt Manford (Elo 1759.1),Poke Maniac Zach (Elo 1150.6),Fisherman Wilton Rematch 1 (7 games),10.46,Pichu Lv13 (Static): Charm/Tail Whip/Thunder Wave/Sweet Kiss | Teddiursa Lv15 (Pickup): Lick/Fake Tears/Fury Swipes/Faint Attack | Pikachu Lv37 (Static): Thunderbolt/Feint/Agility/Discharge | Teddiursa Lv29 (Pickup): Fury Swipes/Faint Attack/Sweet Scent/Slash
402,teacher_colette_0038,Teacher Colette,Trainerclass Teacher,263,394,0.4,617,880,1391.0,D,Leader Pryce (Elo 1740.1),Camper Ivan (Elo 955.3),Pokefan Jeremy (7 games),7.74,Clefairy Lv45 (Magic Guard): Gravity/Moonlight/Light Screen/Meteor Mash
403,school_kid_m_travis_0565,School Kid Travis,Trainerclass School Kid M,261,396,0.397,638,906,1372.2,D,Twins Kay & Tia Rematch 2 (Elo 1855.1),Swimmer Leona (Elo 1136.3),Hiker Anthony Rematch 1 (7 games),4.46,Budew Lv42 (Poison Point): Stun Spore/Giga Drain/Sludge Bomb/Nature Power
404,ace_trainer_m_nick_0205,Ace Trainer Nick,Trainerclass Ace Trainer M,258,399,0.393,581,864,1387.7,D,Fisherman Stephen (Elo 1778.5),Pokefan Derek Rematch 1 (Elo 1226.4),Fisherman Tully Rematch 1 (7 games),7.76,Charmander Lv26 (Blaze): Fire Fang/Smoke Screen/Dragon Rage/Scary Face | Squirtle Lv26 (Torrent): Withdraw/Water Gun/Bite/Curse | Bulbasaur Lv26 (Overgrow): Leech Seed/Poison Powder/Sleep Powder/Razor Leaf
405,psychic_m_fidel_0317,Psychic Fidel,Trainerclass Psychic M,258,399,0.393,615,892,1377.1,D,Picnicker Cindy (Elo 1748.4),Picnicker Kim (Elo 898.5),Fisherman Wilton Rematch 1 (7 games),6.49,Xatu Lv43 (Early Bird): Future Sight/Psycho Shift/Confuse Ray/Me First
406,bird_keeper_gs_perry_0420,Bird Keeper Perry,Trainerclass Bird Keeper Gs,258,399,0.393,621,902,1369.8,D,School Kid Kipp (Elo 1677.6),Camper Spencer (Elo 1178.7),Lass Krise Rematch 2 (7 games),4.72,Farfetchd Lv42 (Inner Focus): Swords Dance/Agility/Night Slash/Air Slash
407,team_rocket_grunt_radio_tower_2_0186,Team Rocket Grunt Radio Tower 2,Trainerclass Team Rocket,257,400,0.391,605,891,1369.1,D,Lass Michelle (Elo 1777.0),Medium Bethany (Elo 1137.3),Biker Dale (7 games),12.74,Grimer Lv23 (Stench): Disable/Minimize/Sludge/Mud Bomb | Grimer Lv23 (Stench): Disable/Minimize/Sludge/Mud Bomb | Muk Lv25 (Stench): Disable/Minimize/Sludge/Mud Bomb
408,juggler_irwin_0454,Juggler Irwin Rematch 1,Trainerclass Juggler,256,401,0.39,600,890,1378.9,D,Twins Day & Dani (Elo 1745.9),Hiker Benjamin (Elo 1112.6),Ace Trainer Jenn (7 games),10.74,Voltorb Lv22 (Soundproof): Spark/Rollout/Screech/Light Screen | Voltorb Lv26 (Static): Rollout/Screech/Light Screen/Charge Beam | Voltorb Lv28 (Static): Rollout/Screech/Light Screen/Charge Beam | Voltorb Lv34 (Static): Light Screen/Charge Beam/Selfdestruct/Swift
409,bug_catcher_arnie_0449,Bug Catcher Arnie Rematch 2,Trainerclass Bug Catcher,256,401,0.39,618,910,1344.9,D,Bug Catcher Rob Rematch 3 (Elo 1788.5),Psychic Greg (Elo 1066.3),Fisherman Scott (7 games),7.05,Venomoth Lv43 (Shield Dust): Disable/Supersonic/Confusion/Leech Life
410,youngster_ian_0613,Youngster Ian Rematch 1,Trainerclass Youngster,255,402,0.388,588,881,1395.5,D,Kimono Girl Sayo (Elo 1691.7),Swimmer Leona (Elo 1136.3),Bird Keeper Vance (7 games),5.44,Mankey Lv27 (Vital Spirit): Karate Chop/Seismic Toss/Screech/Assurance | Dugtrio Lv33 (Sand Veil): Sucker Punch/Sand Tomb/Earth Power/Mud Bomb
411,hiker_erik_0143,Hiker Erik,Trainerclass Hiker,254,403,0.387,586,882,1377.6,D,Twins Day & Dani (Elo 1745.9),Leader Bugsy (Elo 1175.6),Hiker Parry Rematch 2 (7 games),6.19,Machop Lv24 (Guts): Karate Chop/Foresight/Seismic Toss/Revenge | Graveler Lv27 (Sturdy): Magnitude/Selfdestruct/Rollout/Rock Blast | Machop Lv27 (No Guard): Foresight/Seismic Toss/Revenge/Vital Throw
412,bird_keeper_gs_jose_0414,Bird Keeper Jose,Trainerclass Bird Keeper Gs,254,403,0.387,618,917,1368.6,D,Fisherman Stephen (Elo 1778.5),Fisherman Ralph (Elo 841.2),Picnicker Adrian (7 games),4.74,Farfetchd Lv40 (Keen Eye): Swords Dance/Agility/Night Slash/Air Slash
413,young_couple_moe_lulu_0550,Young Couple Moe & Lulu,Trainerclass Young Couple,252,405,0.384,581,888,1360.0,D,Twins Kay & Tia Rematch 2 (Elo 1855.1),Medium Ethel (Elo 1160.9),Hiker Clarke (7 games),4.1,Lotad Lv43 (Rain Dish): Mega Drain/Bubble Beam/Zen Headbutt/Rain Dance | Seedot Lv43 (Early Bird): Nature Power/Synthesis/Sunny Day/Explosion
414,ace_trainer_f_kate_0118,Ace Trainer Kate,Trainerclass Ace Trainer F,250,407,0.381,562,880,1377.5,D,Picnicker Tiffany Rematch 3 (Elo 1868.7),Swimmer Simon (Elo 1100.7),Team Rocket Grunt Underground 1 (7 games),9.05,Shellder Lv26 (Shell Armor): Icicle Spear/Protect/Leer/Clamp | Cloyster Lv28 (Shell Armor): Supersonic/Aurora Beam/Protect/Spikes
415,swimmer_f_debbie_0291,Swimmer Debbie,Trainerclass Swimmer F,250,407,0.381,576,886,1358.1,D,Camper Jerry (Elo 1808.0),Fisherman Henry (Elo 812.7),Bug Catcher Ken (7 games),6.68,Clamperl Lv46 (Shell Armor): Clamp/Water Gun/Whirlpool/Iron Defense
416,scientist_gs_garett_0471,Scientist Garett,Trainerclass Scientist Gs,250,407,0.381,548,859,1357.0,D,Super Nerd Sam (Elo 1717.8),Black Belt Yoshi (Elo 1156.8),Psychic Fidel (7 games),12.14,Magnemite Lv27 (Sturdy): Sonic Boom/Thunder Wave/Spark/Lock On | Magnemite Lv27 (Sturdy): Sonic Boom/Thunder Wave/Spark/Lock On | Magnemite Lv27 (Sturdy): Sonic Boom/Thunder Wave/Spark/Lock On
417,camper_clark_0557,Camper Clark,Trainerclass Camper,248,409,0.377,545,866,1374.6,D,Scientist Daniel (Elo 1620.7),Gentleman Alfred (Elo 1152.6),School Kid Chad Rematch 1 (7 games),3.34,Buizel Lv40 (Swift Swim): Swift/Aqua Jet/Agility/Whirlpool
418,team_rocket_f_grunt_underground_5_0199,Team Rocket Grunt Underground 5,Trainerclass Team Rocket F,248,409,0.377,564,885,1368.0,D,Black Belt Manford (Elo 1759.1),Team Rocket Grunt Hideout 2 (Elo 1128.9),Black Belt Manford (7 games),9.89,Gloom Lv25 (Chlorophyll): Poison Powder/Stun Spore/Sleep Powder/Mega Drain | Gloom Lv25 (Chlorophyll): Poison Powder/Stun Spore/Sleep Powder/Mega Drain
419,pokefan_m_andy_0538,Pokefan Andy,Trainerclass Pokefan M,248,409,0.377,566,888,1359.8,D,School Kid Sherman (Elo 1778.4),Youngster Samuel (Elo 945.1),Executive Ariana Ariana (Rocket HQ) (7 games),8.26,Teddiursa Lv44 (Quick Feet): Slash/Charm/Rest/Snore
420,pokefan_m_colin_0424,Pokefan Colin,Trainerclass Pokefan M,246,411,0.374,589,923,1351.3,D,School Kid Tommy (Elo 1868.4),Twins Dara & Dia (Elo 1000.5),Biker Markey (7 games),3.59,Delibird Lv40 (Hustle): Present/Aerial Ace/Avalanche
421,psychic_m_phil_0405,Psychic Phil,Trainerclass Psychic M,245,412,0.373,558,890,1356.8,D,Poke Maniac Brent Rematch 2 (Elo 1885.2),Skier Diana (Elo 1140.8),Ace Trainer Allen (7 games),6.42,Natu Lv27 (Synchronize): Leer/Night Shade/Me First/Confuse Ray | Kadabra Lv29 (Synchronize): Disable/Psybeam/Reflect/Charge Beam
422,pokefan_georgia_0352,Pokefan Georgia,Trainerclass Pokefan,245,412,0.373,573,907,1349.5,D,Psychic Vernon (Elo 1647.8),Fisherman Tully (Elo 1134.8),Hiker Kenny (7 games),16.3,Sentret Lv31 (Keen Eye): Follow Me/Slam/Rest/Sucker Punch | Sentret Lv31 (Keen Eye): Follow Me/Slam/Rest/Sucker Punch | Sentret Lv31 (Keen Eye): Follow Me/Slam/Rest/Sucker Punch | Furret Lv36 (Keen Eye): Follow Me/Slam/Rest/Sucker Punch | Sentret Lv31 (Keen Eye): Follow Me/Slam/Rest/Sucker Punch
423,school_kid_m_alan_0432,School Kid Alan Rematch 1,Trainerclass School Kid M,245,412,0.373,558,890,1344.3,D,Twins Kay & Tia Rematch 1 (Elo 1756.2),Team Rocket Grunt Hideout 8 (Elo 1119.4),Fisherman Arnold (7 games),9.33,Tangela Lv32 (Chlorophyll): Vine Whip/Bind/Mega Drain/Stun Spore | Yanma Lv30 (Speed Boost): Detect/Supersonic/Uproar/Pursuit
424,team_rocket_f_grunt_radio_tower_10_0200,Team Rocket Grunt Radio Tower 10,Trainerclass Team Rocket F,243,414,0.37,569,908,1338.8,D,Biker Dwayne (Elo 1689.9),Team Rocket Grunt Hideout 8 (Elo 1119.4),Juggler Irwin Rematch 1 (7 games),13.37,Ekans Lv21 (Intimidate): Bite/Glare/Screech/Acid | Oddish Lv23 (Chlorophyll): Poison Powder/Stun Spore/Sleep Powder/Mega Drain | Ekans Lv21 (Shed Skin): Bite/Glare/Screech/Acid | Gloom Lv24 (Chlorophyll): Poison Powder/Stun Spore/Sleep Powder/Mega Drain
425,boarder_gerardo_0484,Boarder Gerardo,Trainerclass Boarder,242,415,0.368,560,907,1323.3,D-,Camper Pedro (Elo 1738.3),Fisherman Tully (Elo 1134.8),Swimmer Tucker (7 games),10.77,Shellder Lv25 (Shell Armor): Ice Shard/Supersonic/Icicle Spear/Leer | Cloyster Lv26 (Shell Armor): Ice Shard/Aurora Beam/Supersonic/Toxic Spikes | Seel Lv25 (Thick Fat): Ice Shard/Aqua Ring/Encore/Icy Wind
426,black_belt_lao_0157,Black Belt Lao,Trainerclass Black Belt,241,416,0.367,558,905,1338.6,D-,Bug Catcher Abner (Elo 1674.8),Pokefan Beverly Rematch 1 (Elo 1191.0),Youngster Joey Rematch 2 (7 games),3.56,Hitmonchan Lv27 (Iron Fist): Mach Punch/Thunder Punch/Ice Punch/Fire Punch
427,fisherman_wilton_0124,Fisherman Wilton,Trainerclass Fisherman,239,418,0.364,534,893,1331.6,D-,Youngster Regis (Elo 1681.5),Swimmer Berke (Elo 1187.7),Firebreather Walt Rematch 1 (7 games),9.18,Goldeen Lv26 (Swift Swim): Supersonic/Horn Attack/Water Pulse/Flail | Goldeen Lv26 (Swift Swim): Supersonic/Horn Attack/Water Pulse/Flail | Seaking Lv28 (Swift Swim): Horn Attack/Water Pulse/Flail/Aqua Ring
428,bird_keeper_gs_josh_0562,Bird Keeper Josh,Trainerclass Bird Keeper Gs,238,419,0.362,569,936,1349.9,D,Bug Catcher Abner (Elo 1674.8),Team Rocket Grunt Hideout 4 (Elo 1114.9),Ace Trainer Alton (7 games),5.1,Fearow Lv37 (Keen Eye): Aerial Ace/Mirror Move/Agility/Assurance
429,fisherman_andre_0126,Fisherman Andre,Trainerclass Fisherman,237,420,0.361,560,923,1347.4,D,Swimmer Mina (Elo 1629.3),Bug Catcher Stacey (Elo 1040.1),Youngster Owen (7 games),4.67,Gyarados Lv27 (Intimidate): Thrash/Bite/Dragon Rage/Leer
430,fisherman_tully_0323,Fisherman Tully Rematch 1,Trainerclass Fisherman,237,420,0.361,547,913,1327.9,D-,Super Nerd Cary (Elo 1687.8),Psychic Greg (Elo 1066.3),Fisherman Edgar (7 games),4.7,Qwilfish Lv33 (Poison Point): Stockpile/Spit Up/Revenge/Brine
431,executive_petrel_petrel_rocket_hq,Executive Petrel Petrel (Rocket HQ),Trainerclass Executive Petrel,236,421,0.359,533,902,1336.7,D-,Biker Aiden (Elo 1663.5),Young Couple Duff & Eda (Elo 1223.1),School Kid Travis (7 games),8.35,Zubat Lv22 (Inner Focus): Astonish/Bite/Wing Attack/Confuse Ray | Raticate Lv24 (Guts): Hyper Fang/Sucker Punch/Scary Face/Crunch | Koffing Lv22 (Levitate): Smog/Smoke Screen/Assurance/Selfdestruct
432,bug_catcher_arnie_0360,Bug Catcher Arnie Rematch 1,Trainerclass Bug Catcher,236,421,0.359,534,905,1324.5,D-,Young Couple Vic & Tara (Elo 1776.3),Swimmer Leona (Elo 1136.3),Hiker Parry Rematch 2 (7 games),5.52,Venonat Lv36 (Compound Eyes): Stun Spore/Psybeam/Sleep Powder/Signal Beam
433,team_rocket_grunt_underground_1_0193,Team Rocket Grunt Underground 1,Trainerclass Team Rocket,235,422,0.358,563,933,1332.9,D-,Super Nerd Merle (Elo 1731.5),Bug Catcher Stacey (Elo 1040.1),Ace Trainer Kate (7 games),9.13,Muk Lv23 (Stench): Disable/Minimize/Sludge/Mud Bomb | Koffing Lv23 (Levitate): Smog/Smoke Screen/Assurance/Selfdestruct | Rattata Lv25 (Guts): Hyper Fang/Sucker Punch/Crunch/Assurance
434,team_rocket_grunt_underground_3_0196,Team Rocket Grunt Underground 3,Trainerclass Team Rocket,231,426,0.352,517,912,1311.0,D-,Hiker Anthony Rematch 2 (Elo 1740.3),Hiker Parry (Elo 1140.3),Fisherman Andre (7 games),7.19,Raticate Lv24 (Guts): Hyper Fang/Sucker Punch/Scary Face/Crunch | Golbat Lv24 (Inner Focus): Astonish/Bite/Wing Attack/Confuse Ray
435,picnicker_gina_0142,Picnicker Gina Rematch 1,Trainerclass Picnicker,230,427,0.35,539,929,1353.7,D,Fisherman Ralph Rematch 3 (Elo 1930.3),Firebreather Richard (Elo 1082.2),Medium Martha (7 games),10.15,Hoppip Lv24 (Chlorophyll): Stun Spore/Sleep Powder/Bullet Seed/Leech Seed | Hoppip Lv24 (Chlorophyll): Stun Spore/Sleep Powder/Bullet Seed/Leech Seed | Ivysaur Lv32 (Overgrow): Razor Leaf/Sweet Scent/Growth/Double Edge
436,psychic_m_nathan_0042,Psychic Nathan,Trainerclass Psychic M,230,427,0.35,520,914,1327.8,D-,Black Belt Manford (Elo 1759.1),Youngster Joey Rematch 1 (Elo 1190.1),Ace Trainer Nick (7 games),3.14,Girafarig Lv26 (Inner Focus): Stomp/Agility/Psybeam/Baton Pass
437,ace_trainer_f_kelly_0121,Ace Trainer Kelly,Trainerclass Ace Trainer F,229,428,0.349,495,891,1323.6,D-,Firebreather Burt (Elo 1760.0),School Kid Alan (Elo 1081.0),Executive Petrel Petrel (Rocket HQ) (7 games),9.6,Marill Lv27 (Thick Fat): Rollout/Bubble Beam/Aqua Ring/Double Edge | Wartortle Lv24 (Torrent): Water Gun/Bite/Rapid Spin/Protect | Wartortle Lv24 (Torrent): Water Gun/Bite/Rapid Spin/Protect
438,fisherman_arnold_0058,Fisherman Arnold,Trainerclass Fisherman,228,429,0.347,522,922,1304.8,D-,Hiker Bruce (Elo 1736.0),Psychic Greg (Elo 1066.3),Lass Krise Rematch 1 (7 games),5.28,Shellder Lv44 (Shell Armor): Aurora Beam/Whirlpool/Iron Defense/Brine
439,ace_trainer_f_jenn_0417,Ace Trainer Jenn,Trainerclass Ace Trainer F,226,431,0.344,512,925,1351.1,D,Camper Jerry (Elo 1808.0),Swimmer Leona (Elo 1136.3),Juggler Irwin Rematch 1 (7 games),6.55,Staryu Lv24 (Illuminate): Rapid Spin/Recover/Camouflage/Swift | Starmie Lv26 (Illuminate): Water Gun/Rapid Spin/Recover/Swift
440,pokefan_m_rex_0537,Pokefan Rex,Trainerclass Pokefan M,224,433,0.341,525,946,1324.1,D-,Kimono Girl Sayo (Elo 1691.7),Beauty Kimberly (Elo 1034.7),Scientist Garett (7 games),5.87,Phanpy Lv45 (Pickup): Endure/Charm/Last Resort/Double Edge
441,school_kid_m_jack_0430,School Kid Jack Rematch 1,Trainerclass School Kid M,224,433,0.341,510,932,1322.2,D-,Twins Kay & Tia Rematch 3 (Elo 1881.8),Firebreather Richard (Elo 1082.2),Teacher Hillary (7 games),9.34,Gloom Lv29 (Chlorophyll): Stun Spore/Sleep Powder/Mega Drain/Lucky Chant | Voltorb Lv17 (Soundproof): Tackle/Sonic Boom/Spark/Rollout
442,school_kid_m_connor_0563,School Kid Connor,Trainerclass School Kid M,224,433,0.341,516,933,1318.8,D-,Twins Day & Dani (Elo 1745.9),Twins Amy & Mimi (Elo 877.6),Ace Trainer Lois (7 games),4.18,Zigzagoon @ Chesto Berry Lv42 (Gluttony): Belly Drum/Rest/Flail/Secret Power
443,burglar_duncan_0014,Burglar Duncan,Trainerclass Burglar,223,434,0.339,522,942,1332.5,D-,Gentleman Alfred Rematch 3 (Elo 1853.4),Psychic Mark (Elo 1139.4),Ace Trainer Allen (7 games),8.02,Koffing Lv23 (Levitate): Smog/Smoke Screen/Assurance/Selfdestruct | Magmar Lv25 (Flame Body): Smoke Screen/Faint Attack/Fire Spin/Confuse Ray | Koffing Lv23 (Levitate): Smog/Smoke Screen/Assurance/Selfdestruct
444,hiker_parry_0451,Hiker Parry Rematch 1,Trainerclass Hiker,223,434,0.339,618,1034,1300.9,D-,Medium Darcy (Elo 1841.4),Bug Catcher Wade (Elo 757.0),School Kid Torin (7 games),11.04,Onix Lv38 (Rock Head): Slam/Rock Polish/Dragon Breath/Curse | Graveler Lv35 (Rock Head): Selfdestruct/Rollout/Rock Blast/Earthquake
445,teacher_hillary_0382,Teacher Hillary,Trainerclass Teacher,222,435,0.338,492,919,1305.0,D-,Swimmer Mina (Elo 1629.3),Skier Diana (Elo 1140.8),School Kid Jack Rematch 1 (7 games),5.91,Sunkern Lv41 (Solar Power): Razor Leaf/Synthesis/Sunny Day/Giga Drain | Aipom Lv31 (Pickup): Fury Swipes/Swift/Screech/Agility
446,team_rocket_grunt_underground_6_0228,Team Rocket Grunt Underground 6,Trainerclass Team Rocket,221,436,0.336,528,957,1311.7,D-,Black Belt Manford (Elo 1759.1),Bug Catcher Stacey (Elo 1040.1),Poke Maniac Andrew (7 games),8.01,Koffing Lv24 (Levitate): Smoke Screen/Assurance/Selfdestruct/Sludge | Muk Lv24 (Stench): Disable/Minimize/Sludge/Mud Bomb
447,team_rocket_grunt_radio_tower_5_0189,Team Rocket Grunt Radio Tower 5,Trainerclass Team Rocket,221,436,0.336,513,939,1305.1,D-,Black Belt Manford (Elo 1759.1),Hiker Parry (Elo 1140.3),Hiker Kenny (7 games),9.69,Koffing Lv23 (Levitate): Smog/Smoke Screen/Assurance/Selfdestruct | Grimer Lv23 (Stench): Disable/Minimize/Sludge/Mud Bomb | Zubat Lv23 (Inner Focus): Astonish/Bite/Wing Attack/Confuse Ray | Rattata Lv23 (Guts): Pursuit/Hyper Fang/Sucker Punch/Crunch
448,swimmer_m_ronald_0098,Swimmer Ronald,Trainerclass Swimmer M,221,436,0.336,483,913,1296.8,D-,Young Couple Tim & Sue (Elo 1616.9),Bug Catcher Stacey (Elo 1040.1),Team Rocket Grunt Radio Tower 10 (7 games),6.42,Gyarados Lv20 (Intimidate): Thrash/Bite | Gyarados Lv20 (Intimidate): Thrash/Bite
449,team_rocket_grunt_radio_tower_8_0192,Team Rocket Grunt Radio Tower 8,Trainerclass Team Rocket,221,436,0.336,492,922,1295.8,D-,Hiker Anthony Rematch 2 (Elo 1740.3),Fisherman Tully (Elo 1134.8),Fisherman Andre (7 games),9.76,Zubat Lv22 (Inner Focus): Astonish/Bite/Wing Attack/Confuse Ray | Golbat Lv24 (Inner Focus): Astonish/Bite/Wing Attack/Confuse Ray | Grimer Lv22 (Stench): Mud Slap/Disable/Minimize/Sludge
450,ace_trainer_f_irene_0120,Ace Trainer Irene,Trainerclass Ace Trainer F,219,438,0.333,505,942,1312.7,D-,Scientist Daniel (Elo 1620.7),Swimmer Leona (Elo 1136.3),Rival Silver Quilava (Burned Tower) (7 games),6.33,Goldeen Lv22 (Swift Swim): Supersonic/Horn Attack/Water Pulse/Flail | Seaking Lv24 (Swift Swim): Supersonic/Horn Attack/Water Pulse/Flail
451,camper_virgil_0596,Camper Virgil,Trainerclass Camper,218,439,0.332,534,976,1319.7,D-,Hiker Parry Rematch 3 (Elo 1884.5),Beauty Callie (Elo 1025.2),Camper Todd Rematch 1 (7 games),6.23,Slakoth Lv43 (Truant): Amnesia/Covet/Counter/Flail
452,youngster_joey_0280,Youngster Joey Rematch 2,Trainerclass Youngster,215,442,0.327,509,961,1298.5,D-,Biker Aiden (Elo 1663.5),Super Nerd Eric (Elo 968.3),Bug Catcher Arnie Rematch 2 (7 games),5.32,Raticate Lv40 (Run Away): Super Fang/Quick Attack/Hyper Fang/Scary Face
453,skier_jill_0481,Skier Jill,Trainerclass Skier,213,444,0.324,498,960,1275.0,D-,Bird Keeper Roy (Elo 1561.5),Lass Connie (Elo 1017.5),Executive Petrel Petrel (Rocket HQ) (7 games),9.7,Dewgong Lv29 (Thick Fat): Ice Shard/Rest/Aqua Ring/Aurora Beam
454,camper_todd_0274,Camper Todd Rematch 1,Trainerclass Camper,212,445,0.323,503,968,1307.1,D-,Camper Jerry (Elo 1808.0),School Kid Alan (Elo 1081.0),Camper Virgil (7 games),8.36,Geodude Lv17 (Rock Head): Mud Sport/Rock Polish/Rock Throw/Magnitude | Geodude Lv17 (Rock Head): Mud Sport/Rock Polish/Rock Throw/Magnitude | Psyduck Lv31 (Damp): Confusion/Water Pulse/Fury Swipes/Screech
455,ace_trainer_f_emma_0363,Ace Trainer Emma,Trainerclass Ace Trainer F,212,445,0.323,492,955,1297.1,D-,Super Nerd Merle (Elo 1731.5),Psychic Greg (Elo 1066.3),Pokefan Derek Rematch 1 (7 games),4.16,Poliwhirl Lv28 (Water Absorb): Double Slap/Rain Dance/Body Slam/Bubble Beam
456,bug_catcher_wade_0461,Bug Catcher Wade Rematch 1,Trainerclass Bug Catcher,212,445,0.323,502,967,1289.9,D-,School Kid Johnny (Elo 1667.0),Gentleman Preston (Elo 1017.1),Medium Grace (7 games),10.17,Metapod Lv18 (Shed Skin): Bug Bite/String Shot | Butterfree Lv29 (Compound Eyes): Psybeam/Silver Wind/Supersonic/Whirlwind | Kakuna Lv22 (Shed Skin): Bug Bite/Poison Sting/String Shot | Metapod Lv18 (Shed Skin): Bug Bite/String Shot
457,poke_maniac_calvin_0202,Poke Maniac Calvin,Trainerclass Poke Maniac,212,445,0.323,485,950,1281.5,D-,Twins Day & Dani (Elo 1745.9),Swimmer Leona (Elo 1136.3),Rival Silver Croconaw (Burned Tower) (7 games),4.41,Kangaskhan Lv26 (Scrappy): Bite/Mega Punch/Rage/Dizzy Punch
458,pokefan_m_trevor_0351,Pokefan Trevor,Trainerclass Pokefan M,210,447,0.32,491,969,1286.2,D-,Swimmer Nicole (Elo 1677.0),Executive Proton Proton (Slowpoke Well) (Elo 958.5),Picnicker Piper (7 games),5.2,Psyduck Lv42 (Cloud Nine): Fury Swipes/Screech/Psych Up/Zen Headbutt
459,team_rocket_grunt_radio_tower_1_0185,Team Rocket Grunt Radio Tower 1,Trainerclass Team Rocket,206,451,0.314,463,952,1285.6,D-,Leader Morty (Elo 1568.0),Bug Catcher Stacey (Elo 1040.1),Team Rocket Grunt Radio Tower 2 (7 games),6.08,Raticate Lv24 (Guts): Hyper Fang/Sucker Punch/Scary Face/Crunch | Raticate Lv24 (Guts): Hyper Fang/Sucker Punch/Scary Face/Crunch
460,bird_keeper_gs_vance_0447,Bird Keeper Vance Rematch 1,Trainerclass Bird Keeper Gs,203,454,0.309,442,946,1257.9,E+,Leader Morty (Elo 1568.0),Swimmer Leona (Elo 1136.3),Black Belt Kenji (7 games),6.31,Hoothoot Lv33 (Insomnia): Confusion/Take Down/Air Slash/Zen Headbutt | Pidgeotto Lv32 (Keen Eye): Whirlwind/Twister/Feather Dance/Agility
461,medium_georgina_0494,Medium Georgina,Trainerclass Medium,200,457,0.304,503,1015,1283.0,D-,Biker Ernest Rematch 3 (Elo 2012.5),Camper Ivan (Elo 955.3),Hiker Anthony Rematch 1 (7 games),9.78,Gastly Lv16 (Levitate): Spite/Mean Look/Curse/Night Shade | Gastly Lv16 (Levitate): Spite/Mean Look/Curse/Night Shade | Gastly Lv16 (Levitate): Spite/Mean Look/Curse/Night Shade | Gastly Lv16 (Levitate): Spite/Mean Look/Curse/Night Shade | Gastly Lv16 (Levitate): Spite/Mean Look/Curse/Night Shade
462,hiker_phillip_0203,Hiker Phillip,Trainerclass Hiker,199,458,0.303,537,1053,1267.0,E+,Juggler Irwin Rematch 3 (Elo 1841.6),Youngster Albert (Elo 832.0),Scientist Mitch (7 games),3.79,Geodude Lv23 (Sturdy): Rock Throw/Magnitude/Selfdestruct/Rollout | Graveler Lv25 (Sturdy): Rock Throw/Magnitude/Selfdestruct/Rollout
463,medium_martha_0046,Medium Martha,Trainerclass Medium,198,459,0.301,497,1020,1268.5,E+,Gentleman Alfred Rematch 3 (Elo 1853.4),Camper Ivan (Elo 955.3),Sailor Garrett (7 games),7.52,Gastly Lv18 (Levitate): Spite/Mean Look/Curse/Night Shade | Haunter Lv20 (Levitate): Mean Look/Curse/Night Shade/Confuse Ray | Gastly Lv20 (Levitate): Mean Look/Curse/Night Shade/Confuse Ray
464,black_belt_lung_0159,Black Belt Lung,Trainerclass Black Belt,198,459,0.301,452,971,1261.4,E+,Hiker Eoin (Elo 1641.9),Medium Edith (Elo 1080.9),Ace Trainer Irene (7 games),7.83,Mankey Lv23 (Vital Spirit): Fury Swipes/Karate Chop/Seismic Toss/Screech | Mankey Lv23 (Anger Point): Fury Swipes/Karate Chop/Seismic Toss/Screech | Primeape Lv25 (Anger Point): Karate Chop/Seismic Toss/Screech/Assurance
465,picnicker_piper_0559,Picnicker Piper,Trainerclass Picnicker,196,461,0.298,459,986,1275.3,D-,Psychic Rodney (Elo 1581.8),Bug Catcher Stacey (Elo 1040.1),Hiker Parry (7 games),7.35,Spoink Lv40 (Thick Fat): Zen Headbutt/Rest/Snore/Payback
466,team_rocket_grunt_radio_tower_7_0191,Team Rocket Grunt Radio Tower 7,Trainerclass Team Rocket,196,461,0.298,440,970,1265.4,E+,Leader Morty (Elo 1568.0),School Kid Alan (Elo 1081.0),Scientist Trenton (7 games),7.03,Raticate Lv24 (Guts): Hyper Fang/Sucker Punch/Scary Face/Crunch | Koffing Lv26 (Levitate): Smoke Screen/Assurance/Selfdestruct/Sludge
467,black_belt_kenji_0017,Black Belt Kenji,Trainerclass Black Belt,196,461,0.298,449,976,1249.6,E+,Youngster Joey Rematch 3 (Elo 1617.6),Poke Maniac Beckett (Elo 1010.8),Bird Keeper Vance Rematch 1 (7 games),4.05,Machoke Lv28 (Guts): Foresight/Seismic Toss/Revenge/Vital Throw
468,leader_whitney_whitney,Leader Whitney,Trainerclass Leader Whitney,195,462,0.297,445,979,1262.3,E+,Bug Catcher Rob Rematch 1 (Elo 1603.4),Skier Cady (Elo 980.4),Picnicker Gina Rematch 1 (7 games),9.82,Clefairy Lv17 (Cute Charm): Double Slap/Mimic/Encore/Metronome | Miltank @ Lum Berry Lv19 (Scrappy): Rollout/Attract/Stomp/Milk Drink
469,team_rocket_grunt_radio_tower_6_0190,Team Rocket Grunt Radio Tower 6,Trainerclass Team Rocket,194,463,0.295,441,975,1224.5,E+,Black Belt Manford (Elo 1759.1),Psychic Greg (Elo 1066.3),Hiker Leonard (7 games),5.39,Weezing Lv26 (Levitate): Smoke Screen/Assurance/Selfdestruct/Sludge
470,team_rocket_grunt_underground_7_0227,Team Rocket Grunt Underground 7,Trainerclass Team Rocket,193,464,0.294,445,986,1245.3,E+,Black Belt Manford (Elo 1759.1),Juggler Irwin (Elo 1002.9),Fisherman Arnold (7 games),5.48,Koffing Lv25 (Levitate): Smoke Screen/Assurance/Selfdestruct/Sludge | Koffing Lv25 (Levitate): Smoke Screen/Assurance/Selfdestruct/Sludge
471,lass_krise_0610,Lass Krise Rematch 1,Trainerclass Lass,191,466,0.291,447,997,1269.9,E+,Juggler Irwin Rematch 3 (Elo 1841.6),Bug Catcher Stacey (Elo 1040.1),Fisherman Arnold (7 games),8.58,Oddish Lv21 (Chlorophyll): Poison Powder/Stun Spore/Sleep Powder/Mega Drain | Cubone Lv31 (Rock Head): Bonemerang/Rage/False Swipe/Thrash
472,boarder_deandre_0482,Boarder Deandre,Trainerclass Boarder,190,467,0.289,425,978,1222.6,E+,Rival Silver Croconaw (Burned Tower) (Elo 1429.8),Poke Maniac Shane (Elo 1050.8),Rival Silver Croconaw (Burned Tower) (7 games),21.4,Seel Lv25 (Thick Fat): Encore/Ice Shard/Rest/Aqua Ring | Dewgong Lv26 (Thick Fat): Encore/Ice Shard/Rest/Aqua Ring | Seel Lv25 (Thick Fat): Encore/Ice Shard/Rest/Aqua Ring
473,team_rocket_grunt_radio_tower_4_0188,Team Rocket Grunt Radio Tower 4,Trainerclass Team Rocket,190,467,0.289,419,974,1221.8,E+,Youngster Joey Rematch 3 (Elo 1617.6),Twins Tori & Til (Elo 1025.0),Bug Catcher Arnie Rematch 2 (7 games),5.84,Zubat Lv26 (Inner Focus): Bite/Wing Attack/Confuse Ray/Air Cutter | Zubat Lv26 (Inner Focus): Bite/Wing Attack/Confuse Ray/Air Cutter
474,hiker_leonard_0204,Hiker Leonard,Trainerclass Hiker,189,468,0.288,465,1024,1250.2,E+,Hiker Dwight (Elo 1584.2),Twins Amy & Mimi Rematch (Elo 841.2),Team Rocket Grunt Radio Tower 6 (7 games),3.93,Geodude Lv23 (Sturdy): Rock Throw/Magnitude/Selfdestruct/Rollout | Machop Lv25 (No Guard): Foresight/Seismic Toss/Revenge/Vital Throw
475,team_rocket_grunt_underground_4_0197,Team Rocket Grunt Underground 4,Trainerclass Team Rocket,189,468,0.288,438,1000,1240.1,E+,School Kid Nate (Elo 1639.2),Skier Cady (Elo 980.4),Hiker Parry Rematch 2 (7 games),9.11,Grimer Lv26 (Stench): Disable/Minimize/Sludge/Mud Bomb | Weezing Lv23 (Levitate): Smog/Smoke Screen/Assurance/Selfdestruct
476,team_rocket_grunt_radio_tower_3_0187,Team Rocket Grunt Radio Tower 3,Trainerclass Team Rocket,189,468,0.288,413,972,1228.6,E+,Leader Morty (Elo 1568.0),Beauty Kimberly (Elo 1034.7),Hiker Devin (7 games),8.98,Rattata Lv21 (Guts): Bite/Pursuit/Hyper Fang/Sucker Punch | Rattata Lv21 (Guts): Bite/Pursuit/Hyper Fang/Sucker Punch | Rattata Lv23 (Guts): Pursuit/Hyper Fang/Sucker Punch/Crunch | Rattata Lv23 (Guts): Pursuit/Hyper Fang/Sucker Punch/Crunch | Rattata Lv23 (Guts): Pursuit/Hyper Fang/Sucker Punch/Crunch
477,young_couple_duff_eda_0721,Young Couple Duff & Eda,Trainerclass Young Couple,189,468,0.288,432,992,1223.1,E+,Ace Trainer Jamie (Elo 1576.5),Poke Maniac Beckett (Elo 1010.8),Picnicker Tiffany Rematch 1 (7 games),4.72,Onix Lv22 (Sturdy): Rock Throw/Rage/Rock Tomb/Sandstorm | Cloyster Lv22 (Skill Link): Withdraw/Supersonic/Aurora Beam/Protect
478,bird_keeper_gs_vance_0137,Bird Keeper Vance,Trainerclass Bird Keeper Gs,188,469,0.286,419,988,1219.2,E+,Pokefan Robert (Elo 1486.8),Team Rocket Grunt Hideout 8 (Elo 1119.4),Hiker Parry (7 games),6.66,Hoothoot Lv28 (Insomnia): Uproar/Reflect/Confusion/Take Down | Pidgeotto Lv28 (Keen Eye): Quick Attack/Whirlwind/Twister/Feather Dance
479,fisherman_edgar_0125,Fisherman Edgar,Trainerclass Fisherman,187,470,0.285,418,980,1225.6,E+,Camper Tanner (Elo 1542.6),Team Rocket Grunt Hideout 5 (Elo 1111.9),Fisherman Tully Rematch 1 (7 games),4.72,Remoraid Lv28 (Hustle): Lock On/Psybeam/Aurora Beam/Bubble Beam | Remoraid Lv28 (Sniper): Lock On/Psybeam/Aurora Beam/Bubble Beam
480,picnicker_selina_0597,Picnicker Selina,Trainerclass Picnicker,185,472,0.282,442,1022,1244.3,E+,Camper Jerry (Elo 1808.0),Medium Edith (Elo 1080.9),Hiker Timothy (7 games),4.84,Cherubi Lv42 (Chlorophyll): Worry Seed/Take Down/Solar Beam/Lucky Chant
481,black_belt_nob_0251,Black Belt Nob,Trainerclass Black Belt,184,473,0.28,404,982,1243.5,E+,Hiker Dwight (Elo 1584.2),Psychic Greg (Elo 1066.3),Poke Maniac Calvin (6 games),5.51,Machop Lv25 (No Guard): Vital Throw/Focus Energy/Karate Chop/Seismic Toss | Machoke Lv25 (No Guard): Leer/Karate Chop/Seismic Toss/Rock Slide
482,medium_grace_0089,Medium Grace,Trainerclass Medium,184,473,0.28,474,1049,1231.2,E+,Youngster Ian Rematch 3 (Elo 1900.9),Youngster Samuel (Elo 945.1),Bug Catcher Wade Rematch 1 (7 games),5.98,Haunter Lv20 (Levitate): Mean Look/Curse/Night Shade/Confuse Ray | Haunter Lv20 (Levitate): Mean Look/Curse/Night Shade/Confuse Ray
483,pokefan_m_derek_0438,Pokefan Derek Rematch 1,Trainerclass Pokefan M,180,477,0.274,418,1013,1226.4,E+,Swimmer Frankie (Elo 1574.5),Scientist Mitch (Elo 947.6),Ace Trainer Emma (7 games),6.29,Teddiursa Lv24 (Pickup): Fake Tears/Fury Swipes/Faint Attack/Sweet Scent | Pikachu Lv30 (Static): Double Team/Slam/Thunderbolt/Feint
484,fisherman_marvin_0122,Fisherman Marvin,Trainerclass Fisherman,178,479,0.271,394,995,1228.3,E+,Hiker Kenny (Elo 1493.9),Bug Catcher Stacey (Elo 1040.1),Hiker Phillip (7 games),8.02,Magikarp Lv10 (Swift Swim): Splash/Tackle | Gyarados Lv20 (Intimidate): Thrash/Surf | Magikarp Lv15 (Swift Swim): Splash/Tackle
485,scientist_gs_trenton_0472,Scientist Trenton,Trainerclass Scientist Gs,178,479,0.271,428,1028,1224.1,E+,Bird Keeper Roy (Elo 1561.5),Youngster Ian (Elo 863.7),Rival Silver Quilava (Azalea) (7 games),7.56,Porygon Lv30 (Download): Conversion/Conversion 2/Recover/Charge Beam
486,swimmer_m_berke_0097,Swimmer Berke,Trainerclass Swimmer M,178,479,0.271,420,1019,1187.7,E,Twins Day & Dani (Elo 1745.9),Juggler Irwin (Elo 1002.9),Scientist Ross (7 games),4.78,Qwilfish Lv23 (Poison Point): Minimize/Water Gun/Rollout/Toxic Spikes
487,hiker_timothy_0146,Hiker Timothy,Trainerclass Hiker,177,480,0.269,424,1024,1213.1,E+,Kimono Girl Sayo (Elo 1691.7),Pokefan Derek (Elo 927.4),Picnicker Selina (7 games),9.01,Diglett Lv27 (Sand Veil): Earth Power/Dig/Sand Attack/Sucker Punch | Dugtrio Lv27 (Sand Veil): Earth Power/Dig/Sand Attack/Sucker Punch
488,swimmer_f_kaylee_0090,Swimmer Kaylee,Trainerclass Swimmer F,177,480,0.269,397,1005,1209.0,E+,Firebreather Lyle (Elo 1601.1),Beauty Charlotte (Elo 1011.1),Hiker Parry Rematch 1 (7 games),8.29,Goldeen Lv18 (Water Veil): Water Pulse/Horn Attack/Supersonic/Peck | Goldeen Lv20 (Water Veil): Water Pulse/Horn Attack/Supersonic/Peck | Seaking Lv20 (Water Veil): Water Pulse/Horn Attack/Supersonic/Peck
489,rival_silver_bayleef_azalea,Rival Silver Bayleef (Azalea),Trainerclass Rival,174,483,0.265,414,1030,1205.1,E+,Pokemon Trainer Lance (Rocket HQ) (Elo 1846.6),Policeman Dirk (Elo 1032.6),Fisherman Tully (7 games),8.8,Gastly Lv14 (Levitate): Lick/Spite/Mean Look/Curse | Zubat Lv16 (Inner Focus): Leech Life/Supersonic/Astonish/Bite | Bayleef Lv18 (Overgrow): Razor Leaf/Poison Powder/Synthesis/Reflect
490,burglar_orson_0283,Burglar Orson,Trainerclass Burglar,173,484,0.263,403,1026,1212.0,E+,Pokefan Robert (Elo 1486.8),Sailor Huey (Elo 1075.6),Pokefan Colin (7 games),7.12,Growlithe Lv26 (Intimidate): Roar/Flame Wheel/Leer/Bite | Koffing Lv24 (Levitate): Tackle/Smog/Sludge/Smoke Screen
491,youngster_joey_0279,Youngster Joey Rematch 1,Trainerclass Youngster,171,486,0.26,397,1027,1190.1,E+,Rival Silver Croconaw (Burned Tower) (Elo 1429.8),Super Nerd Eric (Elo 968.3),Ace Trainer Emma (7 games),5.19,Raticate Lv34 (Run Away): Scary Face/Crunch/Assurance/Super Fang
492,swimmer_m_charlie_0095,Swimmer Charlie,Trainerclass Swimmer M,170,487,0.259,381,1014,1202.0,E+,Hiker Eoin (Elo 1641.9),Pokefan William (Elo 1047.4),Pokefan Rex (7 games),10.39,Shellder Lv21 (Skill Link): Supersonic/Icicle Spear/Protect/Leer | Tentacool Lv19 (Liquid Ooze): Constrict/Acid/Toxic Spikes/Bubble Beam | Tentacruel Lv19 (Liquid Ooze): Constrict/Acid/Toxic Spikes/Bubble Beam
493,team_rocket_f_grunt_radio_tower_9_0198,Team Rocket Grunt Radio Tower 9,Trainerclass Team Rocket F,170,487,0.259,397,1030,1196.7,E+,Young Couple Tim & Sue (Elo 1616.9),Scientist Mitch (Elo 947.6),Teacher Hillary (7 games),5.5,Arbok Lv26 (Intimidate): Glare/Screech/Acid/Crunch
494,rival_silver_croconaw_azalea,Rival Silver Croconaw (Azalea),Trainerclass Rival,169,488,0.257,400,1037,1183.1,E,Black Belt Manford (Elo 1759.1),Juggler Irwin (Elo 1002.9),Hiker Michael (7 games),7.78,Gastly Lv14 (Levitate): Lick/Spite/Mean Look/Curse | Zubat Lv16 (Inner Focus): Leech Life/Supersonic/Astonish/Bite | Croconaw Lv18 (Torrent): Water Gun/Rage/Bite/Scary Face
495,swimmer_m_george_0096,Swimmer George,Trainerclass Swimmer M,167,490,0.254,386,1031,1215.4,E+,Black Belt Kenji Rematch 2 (Elo 1707.2),Camper Ted (Elo 1044.5),Swimmer Leona (7 games),12.95,Tentacool Lv16 (Clear Body): Supersonic/Constrict/Acid/Toxic Spikes | Tentacool Lv17 (Liquid Ooze): Supersonic/Constrict/Acid/Toxic Spikes | Tentacool Lv16 (Liquid Ooze): Supersonic/Constrict/Acid/Toxic Spikes | Staryu Lv19 (Natural Cure): Water Gun/Rapid Spin/Recover/Camouflage | Tentacool Lv17 (Liquid Ooze): Supersonic/Constrict/Acid/Toxic Spikes | Remoraid Lv19 (Sniper): Lock On/Psybeam/Aurora Beam/Bubble Beam
496,pokefan_beverly_0436,Pokefan Beverly Rematch 1,Trainerclass Pokefan,166,491,0.253,379,1030,1191.0,E+,Biker Theron (Elo 1473.6),Poke Maniac Shane (Elo 1050.8),Bird Keeper Theo (7 games),4.07,Snubbull Lv31 (Intimidate): Lick/Headbutt/Roar/Rage
497,hiker_devin_0723,Hiker Devin,Trainerclass Hiker,165,492,0.251,399,1049,1183.8,E,Bug Catcher Rob Rematch 1 (Elo 1603.4),Beauty Callie (Elo 1025.2),Team Rocket Grunt Radio Tower 3 (7 games),14.29,Dunsparce Lv19 (Serene Grace): Defense Curl/Yawn/Glare/Rollout | Dunsparce Lv19 (Serene Grace): Defense Curl/Yawn/Glare/Rollout | Dunsparce Lv19 (Serene Grace): Defense Curl/Yawn/Glare/Rollout
498,camper_spencer_0403,Camper Spencer,Trainerclass Camper,165,492,0.251,373,1026,1178.7,E,Kimono Girl Sayo (Elo 1691.7),Swimmer Denise (Elo 1024.4),Medium Bethany (7 games),10.51,Sandshrew Lv18 (Sand Veil): Sand Attack/Poison Sting/Rapid Spin/Swift | Sandslash Lv18 (Sand Veil): Sand Attack/Poison Sting/Rapid Spin/Swift | Zubat Lv20 (Inner Focus): Supersonic/Astonish/Bite/Wing Attack
499,bird_keeper_gs_denis_0217,Bird Keeper Denis,Trainerclass Bird Keeper Gs,162,495,0.247,351,1017,1176.0,E,Twins Kay & Tia (Elo 1569.9),Beauty Kimberly (Elo 1034.7),Picnicker Selina (7 games),6.84,Spearow Lv18 (Keen Eye): Leer/Fury Attack/Pursuit/Aerial Ace | Fearow Lv20 (Keen Eye): Leer/Fury Attack/Pursuit/Aerial Ace | Spearow Lv18 (Keen Eye): Leer/Fury Attack/Pursuit/Aerial Ace
500,leader_bugsy_bugsy,Leader Bugsy,Trainerclass Leader Bugsy,160,497,0.244,367,1042,1175.6,E,Hiker Eoin (Elo 1641.9),Scientist Mitch (Elo 947.6),Swimmer Charlie (7 games),7.59,Scyther @ Sitrus Berry Lv17 (Technician): Quick Attack/Leer/U Turn/Focus Energy | Kakuna Lv15 (Shed Skin): Poison Sting | Metapod Lv15 (Shed Skin): Tackle
501,picnicker_tiffany_0466,Picnicker Tiffany Rematch 1,Trainerclass Picnicker,159,498,0.242,399,1075,1186.8,E,Youngster Joey Rematch 3 (Elo 1617.6),Twins Amy & Mimi Rematch (Elo 841.2),Skier Diana (7 games),6.74,Clefairy Lv34 (Cute Charm): Gravity/Sing/Wake Up Slap/Metronome
502,camper_grant_0724,Camper Grant,Trainerclass Camper,159,498,0.242,375,1054,1174.5,E,Hiker Edwin (Elo 1570.1),Poke Maniac Beckett (Elo 1010.8),Bug Catcher Rob (7 games),7.67,Skiploom Lv21 (Chlorophyll): Poison Powder/Stun Spore/Sleep Powder/Bullet Seed | Marill Lv21 (Huge Power): Tail Whip/Water Gun/Rollout/Bubble Beam
503,swimmer_f_kara_0093,Swimmer Kara,Trainerclass Swimmer F,157,500,0.239,364,1051,1145.2,E,Boarder Gerardo (Elo 1323.3),Skier Cady (Elo 980.4),Medium Grace (7 games),8.02,Staryu Lv20 (Natural Cure): Water Gun/Rapid Spin/Recover/Camouflage | Starmie Lv20 (Natural Cure): Water Gun/Rapid Spin/Recover/Swift
504,rival_silver_quilava_azalea,Rival Silver Quilava (Azalea),Trainerclass Rival,156,501,0.237,399,1084,1181.8,E,Gentleman Alfred Rematch 3 (Elo 1853.4),Twins Dara & Dia (Elo 1000.5),Scientist Trenton (7 games),8.71,Gastly Lv14 (Levitate): Lick/Spite/Mean Look/Curse | Zubat Lv16 (Inner Focus): Leech Life/Supersonic/Astonish/Bite | Quilava Lv18 (Blaze): Leer/Smoke Screen/Ember/Quick Attack
505,poke_maniac_brent_0131,Poke Maniac Brent,Trainerclass Poke Maniac,153,504,0.233,338,1040,1173.3,E,Picnicker Tiffany Rematch 2 (Elo 1401.4),Psychic Greg (Elo 1066.3),Burglar Orson (7 games),7.45,Nidorina Lv20 (Poison Point): Tail Whip/Double Kick/Poison Sting/Fury Swipes | Nidorino Lv24 (Poison Point): Double Kick/Poison Sting/Fury Attack/Horn Attack
506,boarder_patton_0483,Boarder Patton,Trainerclass Boarder,153,504,0.233,360,1062,1170.2,E,Kimono Girl Sayo (Elo 1691.7),Beauty Charlotte (Elo 1011.1),Hiker Parry Rematch 1 (7 games),6.72,Swinub Lv27 (Oblivious): Mud Slap/Endure/Mud Bomb/Icy Wind | Swinub Lv27 (Oblivious): Mud Slap/Endure/Mud Bomb/Icy Wind
507,fisherman_tully_0123,Fisherman Tully,Trainerclass Fisherman,152,505,0.231,376,1085,1134.8,E,Bug Catcher Dane (Elo 1642.2),Pokefan Derek (Elo 927.4),Beauty Charlotte (7 games),5.06,Qwilfish Lv19 (Poison Point): Harden/Minimize/Water Gun/Rollout
508,poke_maniac_andrew_0201,Poke Maniac Andrew,Trainerclass Poke Maniac,151,506,0.23,364,1071,1157.2,E,Juggler Irwin Rematch 3 (Elo 1841.6),Picnicker Erin (Elo 1049.2),Firebreather Richard (7 games),9.89,Marowak Lv24 (Rock Head): Leer/Focus Energy/Bonemerang/Rage | Marowak Lv24 (Rock Head): Leer/Focus Energy/Bonemerang/Rage
509,medium_margaret_0176,Medium Margaret,Trainerclass Medium,150,507,0.228,347,1063,1168.8,E,Camper Lloyd (Elo 1738.1),Fisherman Ralph (Elo 841.2),Pokefan Beverly (7 games),6.96,Haunter Lv25 (Levitate): Night Shade/Confuse Ray/Sucker Punch/Shadow Punch
510,medium_bethany_0175,Medium Bethany,Trainerclass Medium,150,507,0.228,350,1064,1137.3,E,Youngster Ian Rematch 3 (Elo 1900.9),Picnicker Ginger (Elo 799.6),Team Rocket Grunt Underground 2 (7 games),7.21,Haunter Lv25 (Levitate): Night Shade/Confuse Ray/Sucker Punch/Shadow Punch
511,scientist_gs_ross_0468,Scientist Ross,Trainerclass Scientist Gs,150,507,0.228,355,1067,1128.1,E,Pokefan Robert (Elo 1486.8),Swimmer Elaine (Elo 980.4),Swimmer Berke (7 games),6.97,Koffing Lv22 (Levitate): Smog/Smoke Screen/Assurance/Selfdestruct | Koffing Lv22 (Levitate): Smog/Smoke Screen/Assurance/Selfdestruct
512,black_belt_yoshi_0156,Black Belt Yoshi,Trainerclass Black Belt,149,508,0.227,375,1093,1156.8,E,Juggler Irwin Rematch 3 (Elo 1841.6),Bug Catcher Wayne (Elo 872.1),Team Rocket Grunt Radio Tower 3 (7 games),4.8,Hitmonlee Lv27 (Reckless): Double Kick/Meditate/Jump Kick/Focus Energy
513,poke_maniac_zach_0406,Poke Maniac Zach,Trainerclass Poke Maniac,149,508,0.227,364,1084,1150.6,E,Kimono Girl Sayo (Elo 1691.7),Poke Maniac Donald (Elo 919.8),Sailor Harry (7 games),6.08,Rhyhorn Lv30 (Lightning Rod): Stomp/Fury Attack/Scary Face/Rock Blast
514,sailor_eugene_0039,Sailor Eugene,Trainerclass Sailor,148,509,0.225,331,1054,1156.9,E,Super Nerd Merle (Elo 1731.5),Beauty Charlotte (Elo 1011.1),Team Rocket Grunt Hideout 5 (7 games),10.38,Poliwhirl Lv17 (Water Absorb): Bubble/Hypnosis/Water Gun/Double Slap | Raticate Lv17 (Guts): Focus Energy/Bite/Pursuit/Hyper Fang | Krabby Lv19 (Shell Armor): Leer/Harden/Bubble Beam/Mud Shot
515,gentleman_alfred_0401,Gentleman Alfred,Trainerclass Gentleman,148,509,0.225,333,1055,1152.6,E,Pokefan Robert (Elo 1486.8),Beauty Kassandra (Elo 1019.9),Firebreather Richard (7 games),4.57,Noctowl Lv22 (Insomnia): Peck/Uproar/Reflect/Confusion
516,bird_keeper_gs_theo_0073,Bird Keeper Theo,Trainerclass Bird Keeper Gs,147,510,0.224,337,1066,1150.7,E,Super Nerd Waldo (Elo 1561.8),Swimmer Denise (Elo 1024.4),Pokefan Beverly Rematch 1 (7 games),12.59,Pidgey Lv17 (Keen Eye): Sand Attack/Gust/Quick Attack/Whirlwind | Pidgey Lv15 (Tangled Feet): Tackle/Sand Attack/Gust/Quick Attack | Pidgey Lv19 (Tangled Feet): Sand Attack/Gust/Quick Attack/Whirlwind | Pidgey Lv15 (Tangled Feet): Tackle/Sand Attack/Gust/Quick Attack | Pidgey Lv15 (Tangled Feet): Tackle/Sand Attack/Gust/Quick Attack
517,team_rocket_grunt_underground_2_0195,Team Rocket Grunt Underground 2,Trainerclass Team Rocket,147,510,0.224,336,1063,1149.7,E,Pokefan Andy (Elo 1359.8),Team Rocket Grunt Slowpoke Well 1 (Elo 889.5),Medium Bethany (7 games),3.15,Rattata Lv27 (Guts): Hyper Fang/Sucker Punch/Crunch/Assurance
518,swimmer_m_randall_0086,Swimmer Randall,Trainerclass Swimmer M,147,510,0.224,331,1056,1147.3,E,Hiker Eoin (Elo 1641.9),Beauty Charlotte (Elo 1011.1),Medium Grace (7 games),9.9,Shellder Lv18 (Shell Armor): Supersonic/Icicle Spear/Withdraw/Tackle | Wartortle Lv20 (Torrent): Rapid Spin/Bite/Water Gun/Tail Whip | Shellder Lv18 (Skill Link): Supersonic/Icicle Spear/Withdraw/Tackle
519,medium_ethel_0177,Medium Ethel,Trainerclass Medium,146,511,0.222,338,1065,1160.9,E,Black Belt Wai (Elo 1667.8),Picnicker Ginger (Elo 799.6),Pokefan Brandon (7 games),7.04,Haunter Lv25 (Levitate): Night Shade/Confuse Ray/Sucker Punch/Shadow Punch
520,psychic_m_nelson_0389,Psychic Nelson,Trainerclass Psychic M,146,511,0.222,336,1061,1145.8,E,Picnicker Tiffany Rematch 2 (Elo 1401.4),Skier Cady (Elo 980.4),Team Rocket Grunt Hideout 9 (7 games),7.12,Slowpoke Lv17 (Oblivious): Tackle/Growl/Water Gun | Slowpoke Lv20 (Own Tempo): Curse/Headbutt/Water Gun/Confusion
521,swimmer_f_susie_0091,Swimmer Susie,Trainerclass Swimmer F,145,512,0.221,330,1065,1135.3,E,Pokefan Colin (Elo 1351.3),Skier Cady (Elo 980.4),Skier Diana (7 games),6.02,Psyduck Lv20 (Damp): Scratch/Water Gun/Disable/Confusion | Goldeen Lv22 (Swift Swim): Flail/Water Pulse/Supersonic/Horn Attack
522,swimmer_f_leona_0584,Swimmer Leona,Trainerclass Swimmer F,140,517,0.213,356,1108,1136.3,E,Ace Trainer Lois (Elo 1471.6),Team Rocket Grunt Kimono Theatre (Elo 902.2),Swimmer George (7 games),5.03,Bidoof Lv44 (Simple): Amnesia/Take Down/Super Fang/Superpower
523,skier_diana_0480,Skier Diana,Trainerclass Skier,139,518,0.212,351,1104,1140.8,E,Gentleman Alfred Rematch 1 (Elo 1393.4),Poke Maniac Donald (Elo 919.8),Swimmer Susie (7 games),4.69,Jynx Lv29 (Oblivious): Ice Punch/Mean Look/Fake Tears/Wake Up Slap
524,psychic_m_mark_0395,Psychic Mark,Trainerclass Psychic M,139,518,0.212,339,1094,1139.4,E,Black Belt Manford (Elo 1759.1),Pokefan Beverly (Elo 927.4),Sailor Huey (7 games),11.24,Abra Lv14 (Synchronize): Teleport/Flash | Abra Lv14 (Synchronize): Teleport/Flash | Kadabra Lv16 (Synchronize): Teleport/Kinesis/Confusion
525,lass_dana_0400,Lass Dana,Trainerclass Lass,138,519,0.21,314,1079,1125.7,E,Pokefan Colin (Elo 1351.3),Juggler Irwin (Elo 1002.9),Poke Maniac Harrison (7 games),7.59,Flaaffy Lv19 (Static): Tackle/Growl/Thunder Shock/Thunder Wave | Psyduck Lv19 (Damp): Water Gun/Tail Whip/Disable/Confusion
526,hiker_parry_0145,Hiker Parry,Trainerclass Hiker,136,521,0.207,338,1107,1140.3,E,Juggler Irwin Rematch 3 (Elo 1841.6),Twins Amy & Mimi (Elo 877.6),Bird Keeper Vance (7 games),7.16,Onix Lv30 (Rock Head): Rock Tomb/Sandstorm/Slam/Rock Polish
527,team_rocket_grunt_hideout_2_0218,Team Rocket Grunt Hideout 2,Trainerclass Team Rocket,135,522,0.205,312,1086,1128.9,E,Pokefan Robert (Elo 1486.8),Bug Catcher Arnie (Elo 965.2),Juggler Irwin (7 games),4.62,Golbat Lv18 (Inner Focus): Supersonic/Astonish/Bite/Wing Attack
528,team_rocket_grunt_hideout_8_0496,Team Rocket Grunt Hideout 8,Trainerclass Team Rocket,134,523,0.204,312,1093,1119.4,E-,Rival Silver Croconaw (Burned Tower) (Elo 1429.8),Camper Ivan (Elo 955.3),Rival Silver Quilava (Azalea) (7 games),8.1,Drowzee Lv18 (Insomnia): Hypnosis/Disable/Confusion/Headbutt | Grimer Lv20 (Stench): Sludge/Disable/Mud Slap/Minimize
529,swimmer_f_wendy_0094,Swimmer Wendy,Trainerclass Swimmer F,132,525,0.201,313,1105,1125.4,E-,Hiker Parry Rematch 2 (Elo 1505.4),Youngster Gordon (Elo 813.9),Skier Cady (7 games),6.8,Horsea Lv21 (Swift Swim): Bubble/Smoke Screen/Leer/Bubble Beam | Horsea Lv21 (Sniper): Focus Energy/Smoke Screen/Leer/Bubble Beam
530,team_rocket_grunt_hideout_5_0222,Team Rocket Grunt Hideout 5,Trainerclass Team Rocket,132,525,0.201,312,1098,1111.9,E-,Medium Georgina (Elo 1283.0),School Kid Chad (Elo 910.9),Rival Silver Quilava (Azalea) (7 games),3.75,Raticate Lv19 (Guts): Bite/Pursuit/Hyper Fang/Sucker Punch
531,swimmer_m_simon_0016,Swimmer Simon,Trainerclass Swimmer M,129,528,0.196,295,1093,1100.7,E-,Hiker Edwin (Elo 1570.1),Camper Ivan (Elo 955.3),Rival Silver Bayleef (Azalea) (7 games),5.97,Tentacool Lv20 (Clear Body): Constrict/Acid/Toxic Spikes/Bubble Beam | Tentacool Lv20 (Liquid Ooze): Constrict/Acid/Toxic Spikes/Bubble Beam
532,bird_keeper_gs_toby_0082,Bird Keeper Toby,Trainerclass Bird Keeper Gs,128,529,0.195,304,1109,1083.1,E-,Hiker Eoin (Elo 1641.9),Hiker Bailey (Elo 970.5),Swimmer Denise (7 games),8.42,Doduo Lv16 (Early Bird): Growl/Quick Attack/Rage/Fury Attack | Doduo Lv17 (Early Bird): Growl/Quick Attack/Rage/Fury Attack | Doduo Lv18 (Early Bird): Growl/Quick Attack/Rage/Fury Attack
533,team_rocket_grunt_hideout_4_0220,Team Rocket Grunt Hideout 4,Trainerclass Team Rocket,126,531,0.192,308,1118,1114.9,E-,Black Belt Manford (Elo 1759.1),Scientist Mitch (Elo 947.6),Picnicker Tiffany Rematch 1 (7 games),6.5,Venonat Lv18 (Compound Eyes): Supersonic/Confusion/Poison Powder/Leech Life | Venonat Lv18 (Tinted Lens): Supersonic/Confusion/Poison Powder/Leech Life
534,hiker_benjamin_0134,Hiker Benjamin,Trainerclass Hiker,126,531,0.192,299,1109,1112.6,E-,Kimono Girl Sayo (Elo 1691.7),Swimmer Elaine (Elo 980.4),Poke Maniac Beckett (7 games),8.55,Diglett Lv15 (Sand Veil): Growl/Astonish/Magnitude/Mud Slap | Geodude Lv15 (Sturdy): Mud Sport/Rock Polish/Rock Throw/Magnitude | Dugtrio Lv17 (Arena Trap): Growl/Astonish/Magnitude/Mud Slap
535,team_rocket_grunt_hideout_1_0216,Team Rocket Grunt Hideout 1,Trainerclass Team Rocket,126,531,0.192,279,1090,1086.5,E-,Hiker Michael (Elo 1425.9),Beauty Callie (Elo 1025.2),Bug Catcher Stacey (7 games),8.29,Rattata Lv16 (Guts): Focus Energy/Bite/Pursuit/Hyper Fang | Rattata Lv16 (Guts): Focus Energy/Bite/Pursuit/Hyper Fang | Rattata Lv16 (Guts): Focus Energy/Bite/Pursuit/Hyper Fang | Rattata Lv16 (Guts): Focus Energy/Bite/Pursuit/Hyper Fang
536,medium_edith_0493,Medium Edith,Trainerclass Medium,125,532,0.19,317,1130,1080.9,E-,Youngster Ian Rematch 3 (Elo 1900.9),Youngster Mikey (Elo 758.5),Firebreather Richard (7 games),4.82,Haunter Lv22 (Levitate): Curse/Night Shade/Confuse Ray/Sucker Punch
537,poke_maniac_ron_0132,Poke Maniac Ron,Trainerclass Poke Maniac,124,533,0.189,292,1111,1098.4,E-,Kimono Girl Sayo (Elo 1691.7),Bug Catcher Arnie (Elo 965.2),Hiker Noland (7 games),4.64,Nidoking Lv20 (Rivalry): Peck/Focus Energy/Double Kick/Poison Sting
538,firebreather_ned_0282,Firebreather Ned,Trainerclass Firebreather,123,534,0.187,293,1112,1102.3,E-,Black Belt Manford (Elo 1759.1),Twins Dara & Dia (Elo 1000.5),Psychic Greg (7 games),9.92,Koffing Lv16 (Levitate): Tackle/Smog/Smoke Screen/Assurance | Growlithe Lv17 (Intimidate): Ember/Leer/Odor Sleuth/Helping Hand | Koffing Lv16 (Levitate): Tackle/Smog/Smoke Screen/Assurance
539,sailor_roberto_0214,Sailor Roberto,Trainerclass Sailor,123,534,0.187,277,1101,1096.5,E-,Hiker Edwin (Elo 1570.1),Poke Maniac Beckett (Elo 1010.8),Rival Silver Quilava (Azalea) (7 games),9.23,Machop Lv18 (Guts): Leer/Focus Energy/Karate Chop/Foresight | Machop Lv18 (No Guard): Leer/Focus Energy/Karate Chop/Foresight | Poliwhirl Lv18 (Damp): Hypnosis/Water Gun/Double Slap/Rain Dance
540,sailor_kent_0213,Sailor Kent,Trainerclass Sailor,123,534,0.187,290,1112,1094.6,E-,Hiker Parry Rematch 1 (Elo 1300.9),School Kid Chad (Elo 910.9),Hiker Phillip (7 games),6.77,Krabby Lv18 (Hyper Cutter): Bubble Beam/Leer/Vice Grip/Harden | Krabby Lv20 (Shell Armor): Bubble Beam/Mud Shot/Vice Grip/Harden
541,school_kid_m_alan_0024,School Kid Alan,Trainerclass School Kid M,123,534,0.187,302,1126,1081.0,E-,Pokefan Robert (Elo 1486.8),Firebreather Ray (Elo 820.9),Bird Keeper Toby (7 games),5.82,Tangela Lv17 (Chlorophyll): Sleep Powder/Absorb/Growth/Poison Powder
542,firebreather_walt_0388,Firebreather Walt,Trainerclass Firebreather,122,535,0.186,287,1113,1084.0,E-,Fisherman Ralph Rematch 1 (Elo 1481.1),Camper Ivan (Elo 955.3),Sailor Terrell (7 games),7.04,Magmar Lv11 (Flame Body): Smog/Leer/Ember/Smoke Screen | Magmar Lv16 (Flame Body): Leer/Ember/Smoke Screen/Faint Attack
543,team_rocket_grunt_hideout_7_0224,Team Rocket Grunt Hideout 7,Trainerclass Team Rocket,120,537,0.183,271,1107,1094.8,E-,Hiker Eoin (Elo 1641.9),Hiker Bailey (Elo 970.5),Swimmer Leona (7 games),11.53,Zubat Lv16 (Inner Focus): Leech Life/Supersonic/Astonish/Bite | Grimer Lv17 (Stench): Harden/Mud Slap/Disable/Minimize | Rattata Lv18 (Guts): Focus Energy/Bite/Pursuit/Hyper Fang
544,sailor_huey_0211,Sailor Huey,Trainerclass Sailor,119,538,0.181,280,1120,1075.6,E-,Twins Kay & Tia (Elo 1569.9),Pokefan Ruth (Elo 936.1),Psychic Mark (7 games),9.45,Poliwag Lv18 (Water Absorb): Hypnosis/Water Gun/Double Slap/Rain Dance | Poliwhirl Lv20 (Water Absorb): Hypnosis/Water Gun/Double Slap/Rain Dance
545,team_rocket_grunt_hideout_3_0219,Team Rocket Grunt Hideout 3,Trainerclass Team Rocket,118,539,0.18,269,1112,1085.2,E-,Hiker Eoin (Elo 1641.9),Swimmer Elaine (Elo 980.4),Rival Silver Bayleef (Azalea) (7 games),7.42,Rattata Lv17 (Guts): Focus Energy/Bite/Pursuit/Hyper Fang | Zubat Lv17 (Inner Focus): Supersonic/Astonish/Bite/Wing Attack | Rattata Lv17 (Guts): Focus Energy/Bite/Pursuit/Hyper Fang
546,team_rocket_f_grunt_hideout_9_0404,Team Rocket Grunt Hideout 9,Trainerclass Team Rocket F,118,539,0.18,266,1109,1078.7,E-,Hiker Parry Rematch 1 (Elo 1300.9),Bug Catcher Benny (Elo 927.5),Psychic Nelson (7 games),8.39,Ekans Lv18 (Intimidate): Wrap/Leer/Poison Sting/Bite | Gloom Lv18 (Chlorophyll): Absorb/Sweet Scent/Stun Spore/Sleep Powder
547,poke_maniac_harrison_0534,Poke Maniac Harrison,Trainerclass Poke Maniac,118,539,0.18,280,1117,1075.7,E-,Kimono Girl Sayo (Elo 1691.7),Poke Maniac Beckett (Elo 1010.8),Lass Dana (7 games),7.15,Nidoking Lv17 (Rivalry): Peck/Focus Energy/Double Kick/Poison Sting | Nidoqueen Lv17 (Rivalry): Scratch/Tail Whip/Double Kick/Poison Sting
548,firebreather_richard_0281,Firebreather Richard,Trainerclass Firebreather,117,540,0.178,277,1127,1082.2,E-,Black Belt Manford (Elo 1759.1),Team Rocket Grunt Slowpoke Well 1 (Elo 889.5),Medium Edith (7 games),3.75,Charmeleon Lv18 (Blaze): Growl/Ember/Smoke Screen/Dragon Rage
549,lass_krise_0184,Lass Krise,Trainerclass Lass,116,541,0.177,263,1110,1074.9,E-,Kimono Girl Sayo (Elo 1691.7),Leader Falkner (Elo 994.1),Policeman Dirk (7 games),5.81,Oddish Lv14 (Chlorophyll): Absorb/Sweet Scent/Acid/Poison Powder | Cubone Lv17 (Rock Head): Bone Club/Headbutt/Leer/Focus Energy
550,psychic_m_greg_0386,Psychic Greg,Trainerclass Psychic M,112,545,0.17,282,1151,1066.3,E-,Black Belt Kiyo (Elo 1541.4),Twins Amy & Mimi Rematch (Elo 841.2),Firebreather Ned (7 games),5.13,Drowzee Lv17 (Insomnia): Hypnosis/Disable/Dream Eater
551,pokefan_m_william_0181,Pokefan William,Trainerclass Pokefan M,111,546,0.169,263,1136,1047.4,E-,Bird Keeper Jose (Elo 1368.6),Picnicker Tiffany (Elo 893.0),Juggler Irwin (7 games),3.55,Raichu Lv16 (Static): Thunder Shock/Tail Whip/Quick Attack/Thunderbolt
552,swimmer_m_matthew_0099,Swimmer Matthew,Trainerclass Swimmer M,109,548,0.166,248,1127,1060.0,E-,Hiker Parry Rematch 1 (Elo 1300.9),Picnicker Brooke (Elo 928.6),Twins Dara & Dia (7 games),4.26,Krabby Lv23 (Hyper Cutter): Harden/Bubble Beam/Mud Shot/Metal Claw
553,super_nerd_markus_0536,Super Nerd Markus,Trainerclass Super Nerd,108,549,0.164,269,1151,1060.2,E-,Hiker Parry Rematch 1 (Elo 1300.9),Team Rocket Grunt Kimono Theatre (Elo 902.2),Poke Maniac Harrison (7 games),5.49,Slowpoke Lv19 (Own Tempo): Curse/Water Gun/Growl/Strength
554,team_rocket_grunt_hideout_6_0223,Team Rocket Grunt Hideout 6,Trainerclass Team Rocket,108,549,0.164,262,1143,1053.0,E-,Pokefan Robert (Elo 1486.8),School Kid Chad (Elo 910.9),Medium Grace (7 games),6.99,Drowzee Lv17 (Insomnia): Hypnosis/Disable/Confusion/Headbutt | Zubat Lv19 (Inner Focus): Supersonic/Astonish/Bite/Wing Attack
555,poke_maniac_shane_0129,Poke Maniac Shane,Trainerclass Poke Maniac,107,550,0.163,250,1134,1050.8,E-,Boarder Deandre (Elo 1222.6),Twins Dara & Dia (Elo 1000.5),Youngster Joey Rematch 1 (7 games),7.01,Nidorina Lv17 (Poison Point): Scratch/Tail Whip/Double Kick/Poison Sting | Nidorino Lv17 (Poison Point): Peck/Focus Energy/Double Kick/Poison Sting
556,picnicker_erin_0151,Picnicker Erin,Trainerclass Picnicker,107,550,0.163,245,1130,1049.2,E-,Bug Catcher Wade Rematch 1 (Elo 1289.9),Scientist Mitch (Elo 947.6),Team Rocket Grunt Hideout 6 (7 games),5.7,Ponyta Lv17 (Flash Fire): Tackle/Tail Whip/Ember/Flame Wheel | Oddish Lv14 (Chlorophyll): Absorb/Sweet Scent/Acid/Poison Powder
557,camper_ted_0147,Camper Ted,Trainerclass Camper,107,550,0.163,248,1133,1044.5,E-,Picnicker Tiffany Rematch 3 (Elo 1868.7),Twins Amy & Mimi Rematch (Elo 841.2),Sailor Terrell (7 games),2.76,Mankey Lv17 (Anger Point): Focus Energy/Fury Swipes/Karate Chop/Seismic Toss
558,beauty_valerie_0398,Beauty Valerie,Trainerclass Beauty,105,552,0.16,232,1125,1062.3,E-,Pokefan Robert (Elo 1486.8),Elder Li (Elo 884.0),Psychic Nelson (7 games),6.65,Hoppip Lv18 (Chlorophyll): Mega Drain/Tail Whip/Tackle/Poison Powder | Skiploom Lv18 (Leaf Guard): Mega Drain/Tail Whip/Tackle/Stun Spore
559,bug_catcher_stacey_0689,Bug Catcher Stacey,Trainerclass Bug Catcher,102,555,0.155,240,1143,1040.1,E-,Bug Catcher Ken (Elo 1656.4),Twins Amy & Mimi Rematch (Elo 841.2),Twins Amy & Mimi Rematch (7 games),34.97,Metapod Lv52 (Shed Skin): Harden | Metapod Lv56 (Shed Skin): Harden | Metapod Lv60 (Shed Skin): Harden
560,beauty_kimberly_0531,Beauty Kimberly,Trainerclass Beauty,102,555,0.155,236,1142,1034.7,F+,Hiker Noland (Elo 1411.5),Sage Jin (Elo 778.7),Lass Carrie (7 games),10.63,Corsola Lv19 (Hustle): Harden/Bubble/Recover/Refresh
561,beauty_callie_0671,Beauty Callie,Trainerclass Beauty,102,555,0.155,249,1152,1025.2,F+,Camper Virgil (Elo 1319.7),Pokefan Derek (Elo 927.4),Psychic Greg (7 games),12.29,Clefable Lv16 (Cute Charm): Growl/Encore/Double Slap/Metronome | Wigglytuff Lv16 (Cute Charm): Sing/Defense Curl/Pound/Disable
562,sailor_harry_0410,Sailor Harry,Trainerclass Sailor,101,556,0.154,235,1142,1040.4,E-,Kimono Girl Sayo (Elo 1691.7),Elder Li (Elo 884.0),Poke Maniac Zach (7 games),4.39,Wooper Lv20 (Water Absorb): Water Gun/Mud Bomb/Slam/Mud Shot
563,beauty_samantha_0070,Beauty Samantha,Trainerclass Beauty,101,556,0.154,233,1141,1037.7,F+,Medium Georgina (Elo 1283.0),Hiker Bailey (Elo 970.5),Swimmer Simon (7 games),5.52,Meowth Lv16 (Technician): Scratch/Growl/Bite/Pay Day | Meowth Lv16 (Technician): Scratch/Growl/Bite/Slash
564,lass_connie_0215,Lass Connie,Trainerclass Lass,98,559,0.149,235,1157,1017.5,F+,Skier Jill (Elo 1275.0),Picnicker Tiffany (Elo 893.0),Poke Maniac Zach (7 games),4.27,Marill Lv21 (Thick Fat): Tail Whip/Water Gun/Rollout/Bubble Beam
565,twins_tori_til_0081,Twins Tori & Til,Trainerclass Twins,96,561,0.146,235,1170,1025.0,F+,Hiker Anthony Rematch 1 (Elo 1500.2),Hiker Daniel (Elo 875.9),Team Rocket Grunt Hideout 2 (7 games),4.0,Marill Lv16 (Thick Fat): Defense Curl/Tail Whip/Water Gun/Rollout | Mareep Lv16 (Static): Tackle/Growl/Thunder Shock/Thunder Wave
566,beauty_kassandra_0672,Beauty Kassandra,Trainerclass Beauty,95,562,0.145,231,1166,1019.9,F+,Psychic Fidel (Elo 1377.1),Twins Amy & Mimi Rematch (Elo 841.2),Poke Maniac Beckett (7 games),11.3,Wigglytuff Lv16 (Cute Charm): Sing/Defense Curl/Pound/Disable | Clefable Lv16 (Cute Charm): Growl/Encore/Double Slap/Metronome
567,gentleman_preston_0037,Gentleman Preston,Trainerclass Gentleman,95,562,0.145,217,1151,1017.1,F+,Hiker Parry Rematch 2 (Elo 1505.4),Picnicker Kim (Elo 898.5),Juggler Irwin (7 games),6.87,Growlithe Lv18 (Intimidate): Ember/Leer/Odor Sleuth/Helping Hand | Growlithe Lv18 (Intimidate): Ember/Leer/Odor Sleuth/Helping Hand
568,swimmer_f_paula_0085,Swimmer Paula,Trainerclass Swimmer F,93,564,0.142,225,1165,1026.6,F+,Hiker Clarke (Elo 1581.8),Team Rocket Grunt Kimono Theatre (Elo 902.2),Poke Maniac Zach (7 games),8.79,Staryu Lv19 (Natural Cure): Water Gun/Rapid Spin/Recover/Camouflage | Shellder Lv19 (Skill Link): Withdraw/Supersonic/Icicle Spear/Protect
569,sailor_terrell_0212,Sailor Terrell,Trainerclass Sailor,93,564,0.142,228,1167,1013.9,F+,Swimmer Debbie (Elo 1358.1),Bug Catcher Josh (Elo 902.4),Firebreather Walt (7 games),6.81,Poliwhirl Lv20 (Water Absorb): Hypnosis/Water Gun/Double Slap/Rain Dance
570,beauty_charlotte_0720,Beauty Charlotte,Trainerclass Beauty,93,564,0.142,207,1151,1011.1,F+,Hiker Parry Rematch 1 (Elo 1300.9),Picnicker Ginger (Elo 799.6),Fisherman Tully (7 games),5.82,Bellossom Lv16 (Chlorophyll): Mega Drain/Sweet Scent/Stun Spore/Sunny Day
571,poke_maniac_beckett_0130,Poke Maniac Beckett,Trainerclass Poke Maniac,93,564,0.142,234,1176,1010.8,F+,Black Belt Kenji (Elo 1249.6),Firebreather Bill (Elo 871.7),Beauty Kassandra (7 games),7.37,Slowbro Lv20 (Oblivious): Growl/Water Gun/Confusion/Disable
572,school_kid_m_jack_0178,School Kid Jack,Trainerclass School Kid M,92,565,0.14,223,1167,1032.2,F+,Hiker Parry Rematch 1 (Elo 1300.9),Poke Maniac Issac (Elo 910.4),Camper Ivan (7 games),6.06,Oddish Lv12 (Chlorophyll): Absorb/Sweet Scent/Acid | Voltorb Lv15 (Soundproof): Tackle/Sonic Boom/Spark/Rollout
573,twins_dara_dia_0385,Twins Dara & Dia,Trainerclass Twins,92,565,0.14,216,1160,1000.5,F+,Pokefan Colin (Elo 1351.3),Pokefan Derek (Elo 927.4),Fisherman Tully (7 games),3.96,Mareep Lv16 (Static): Tackle/Growl/Thunder Shock/Thunder Wave | Marill Lv16 (Thick Fat): Defense Curl/Tail Whip/Water Gun/Rollout
574,policeman_dirk_0080,Policeman Dirk,Trainerclass Policeman,89,568,0.135,215,1173,1032.6,F+,Hiker Edwin (Elo 1570.1),Fisherman Henry (Elo 812.7),Lass Krise (7 games),5.92,Growlithe Lv14 (Intimidate): Roar/Ember/Leer/Odor Sleuth | Growlithe Lv14 (Intimidate): Roar/Ember/Leer/Odor Sleuth
575,swimmer_f_denise_0092,Swimmer Denise,Trainerclass Swimmer F,89,568,0.135,223,1177,1024.4,F+,Hiker Noland (Elo 1411.5),Camper Todd (Elo 883.9),Bird Keeper Toby (7 games),8.9,Seel Lv22 (Thick Fat): Icy Wind/Encore/Ice Shard/Rest
576,juggler_irwin_0007,Juggler Irwin,Trainerclass Juggler,89,568,0.135,220,1177,1002.9,F+,Hiker Eoin (Elo 1641.9),Hiker Anthony (Elo 908.7),Team Rocket Grunt Hideout 2 (7 games),9.97,Voltorb Lv2 (Soundproof): Charge | Voltorb Lv6 (Static): Charge/Tackle | Voltorb Lv10 (Static): Charge/Tackle/Sonic Boom | Voltorb Lv14 (Static): Charge/Tackle/Sonic Boom/Spark
577,super_nerd_teru_0393,Super Nerd Teru,Trainerclass Super Nerd,89,568,0.135,197,1154,994.9,F+,Super Nerd Sam (Elo 1717.8),Hiker Anthony (Elo 908.7),Beauty Kassandra (7 games),9.87,Magnemite Lv7 (Magnet Pull): Metal Sound/Tackle/Thunder Shock | Voltorb Lv11 (Soundproof): Charge/Tackle/Sonic Boom | Magnemite Lv7 (Sturdy): Metal Sound/Tackle/Thunder Shock | Magnemite Lv9 (Sturdy): Metal Sound/Tackle/Thunder Shock
578,camper_elliot_0075,Camper Elliot,Trainerclass Camper,86,571,0.131,203,1172,986.5,F+,Kimono Girl Sayo (Elo 1691.7),Poke Maniac Donald (Elo 919.8),Skier Diana (7 games),9.11,Sandshrew Lv13 (Sand Veil): Defense Curl/Sand Attack/Poison Sting/Rapid Spin | Marill Lv15 (Thick Fat): Defense Curl/Tail Whip/Water Gun/Rollout
579,policeman_keith_0006,Policeman Keith,Trainerclass Policeman,79,578,0.12,181,1177,1000.6,F+,Picnicker Tiffany Rematch 1 (Elo 1186.8),Picnicker Ginger (Elo 799.6),Leader Falkner (7 games),3.86,Growlithe Lv17 (Intimidate): Ember/Leer/Odor Sleuth/Helping Hand
580,leader_falkner_falkner,Leader Falkner,Trainerclass Leader Falkner,79,578,0.12,196,1191,994.1,F+,Hiker Phillip (Elo 1267.0),Pokefan Derek (Elo 927.4),Swimmer Elaine (7 games),7.35,Pidgey Lv9 (Keen Eye): Tackle/Sand Attack | Pidgeotto Lv13 (Keen Eye): Tackle/Roost/Gust
581,skier_cady_0680,Skier Cady,Trainerclass Skier,79,578,0.12,186,1184,980.4,F+,Medium Martha (Elo 1268.5),Firebreather Ray (Elo 820.9),Poke Maniac Donald (7 games),7.82,Delibird Lv53 (Vital Spirit): Present
582,bug_catcher_arnie_0078,Bug Catcher Arnie,Trainerclass Bug Catcher,78,579,0.119,198,1203,965.2,F+,Hiker Parry Rematch 1 (Elo 1300.9),Fisherman Ralph (Elo 841.2),Pokefan Marigold (7 games),4.19,Venonat Lv15 (Compound Eyes): Foresight/Supersonic/Confusion/Poison Powder
583,swimmer_f_elaine_0009,Swimmer Elaine,Trainerclass Swimmer F,77,580,0.117,193,1199,980.4,F+,Hiker Parry Rematch 1 (Elo 1300.9),Camper Todd (Elo 883.9),Leader Falkner (7 games),5.23,Staryu Lv21 (Natural Cure): Water Gun/Rapid Spin/Recover/Camouflage
584,bird_keeper_gs_bryan_0072,Bird Keeper Bryan,Trainerclass Bird Keeper Gs,77,580,0.117,185,1190,973.8,F+,Medium Georgina (Elo 1283.0),Hiker Daniel (Elo 875.9),Medium Edith (7 games),7.07,Pidgey Lv12 (Keen Eye): Tackle/Sand Attack/Gust | Pidgeotto Lv14 (Keen Eye): Tackle/Sand Attack/Gust/Quick Attack
585,pokefan_m_brandon_0409,Pokefan Brandon,Trainerclass Pokefan M,77,580,0.117,193,1200,968.2,F+,Medium Georgina (Elo 1283.0),Picnicker Kim (Elo 898.5),Medium Ethel (7 games),6.9,Snubbull Lv13 (Intimidate): Tail Whip/Charm/Bite/Lick | Mareep Lv13 (Static): Tackle/Growl/Thunder Shock
586,hiker_bailey_0154,Hiker Bailey,Trainerclass Hiker,76,581,0.116,171,1184,970.5,F+,Kimono Girl Sayo (Elo 1691.7),Sage Edmond (Elo 804.5),Leader Falkner (7 games),17.84,Geodude Lv13 (Sturdy): Defense Curl/Mud Sport/Rock Polish/Rock Throw | Geodude Lv13 (Sturdy): Defense Curl/Mud Sport/Rock Polish/Rock Throw | Geodude Lv13 (Sturdy): Defense Curl/Mud Sport/Rock Polish/Rock Throw | Geodude Lv13 (Sturdy): Defense Curl/Mud Sport/Rock Polish/Rock Throw | Geodude Lv13 (Sturdy): Defense Curl/Mud Sport/Rock Polish/Rock Throw
587,lass_carrie_0022,Lass Carrie,Trainerclass Lass,75,582,0.114,182,1198,970.6,F+,Medium Margaret (Elo 1168.8),Picnicker Ginger (Elo 799.6),Beauty Kimberly (7 games),4.74,Snubbull Lv17 (Intimidate): Scary Face/Charm/Bite/Lick
588,super_nerd_eric_0233,Super Nerd Eric,Trainerclass Super Nerd,74,583,0.113,168,1188,968.3,F+,Youngster Joey Rematch 2 (Elo 1298.5),School Kid Chad (Elo 910.9),Super Nerd Markus (7 games),7.23,Grimer Lv11 (Stench): Poison Gas/Pound/Harden/Mud Slap | Grimer Lv11 (Stench): Poison Gas/Pound/Harden/Mud Slap
589,beauty_victoria_0005,Beauty Victoria,Trainerclass Beauty,72,585,0.11,171,1198,987.9,F+,Hiker Eoin (Elo 1641.9),Bug Catcher Wayne (Elo 872.1),Medium Grace (7 games),7.73,Sentret Lv9 (Keen Eye): Scratch/Foresight/Defense Curl/Quick Attack | Sentret Lv13 (Keen Eye): Foresight/Defense Curl/Quick Attack/Fury Swipes | Sentret Lv16 (Keen Eye): Defense Curl/Quick Attack/Fury Swipes/Helping Hand
590,lass_cathy_0071,Lass Cathy,Trainerclass Lass,70,587,0.107,161,1194,954.3,F+,Hiker Eoin (Elo 1641.9),Hiker Daniel (Elo 875.9),Sailor Terrell (7 games),11.55,Jigglypuff Lv15 (Cute Charm): Sing/Defense Curl/Pound/Disable | Jigglypuff Lv15 (Cute Charm): Sing/Defense Curl/Pound/Disable | Jigglypuff Lv15 (Cute Charm): Sing/Defense Curl/Pound/Disable
591,camper_ivan_0074,Camper Ivan,Trainerclass Camper,69,588,0.105,175,1218,955.3,F+,Hiker Eoin (Elo 1641.9),Sage Troy (Elo 838.4),Bird Keeper Peter (7 games),9.34,Diglett Lv10 (Sand Veil): Scratch/Sand Attack/Growl/Astonish | Zubat Lv10 (Inner Focus): Leech Life/Supersonic/Astonish | Diglett Lv14 (Sand Veil): Sand Attack/Growl/Astonish/Magnitude
592,youngster_samuel_0062,Youngster Samuel,Trainerclass Youngster,69,588,0.105,165,1203,945.1,F,Kimono Girl Sayo (Elo 1691.7),Camper Todd (Elo 883.9),Bug Catcher Benny (7 games),10.77,Rattata Lv7 (Guts): Tackle/Tail Whip/Quick Attack/Focus Energy | Sandshrew Lv10 (Sand Veil): Scratch/Defense Curl/Sand Attack/Poison Sting | Spearow Lv8 (Keen Eye): Peck/Growl/Leer | Spearow Lv8 (Keen Eye): Peck/Growl/Leer
593,pokefan_marigold_0532,Pokefan Marigold,Trainerclass Pokefan,69,588,0.105,166,1206,935.7,F,Psychic Mark (Elo 1139.4),Picnicker Ginger (Elo 799.6),Bug Catcher Arnie (7 games),3.68,Meowth Lv16 (Technician): Growl/Bite/Fake Out/Fury Swipes
594,pokefan_m_derek_0044,Pokefan Derek,Trainerclass Pokefan M,67,590,0.102,176,1220,927.4,F,Hiker Timothy (Elo 1213.1),Twins Amy & Mimi Rematch (Elo 841.2),Poke Maniac Issac (7 games),4.6,Pikachu Lv18 (Static): Double Team/Quick Attack/Tail Whip/Thunder Shock
595,executive_proton_proton_slowpoke_well,Executive Proton Proton (Slowpoke Well),Trainerclass Executive Proton,64,593,0.097,153,1210,958.5,F+,Hiker Edwin (Elo 1570.1),Camper Todd (Elo 883.9),Camper Ivan (7 games),7.25,Zubat Lv8 (Inner Focus): Leech Life/Supersonic | Koffing Lv12 (Levitate): Poison Gas/Tackle/Smog/Smoke Screen
596,pokefan_beverly_0182,Pokefan Beverly,Trainerclass Pokefan,62,595,0.094,145,1211,927.4,F,Medium Margaret (Elo 1168.8),Firebreather Bill (Elo 871.7),Medium Margaret (7 games),4.46,Snubbull Lv16 (Intimidate): Tail Whip/Charm/Bite/Lick
597,scientist_gs_mitch_0469,Scientist Mitch,Trainerclass Scientist Gs,61,596,0.093,165,1236,947.6,F+,Super Nerd Hugh (Elo 1508.8),Fisherman Justin (Elo 764.2),Hiker Phillip (7 games),6.47,Ditto Lv24 (Limber): Transform
598,pokefan_ruth_0045,Pokefan Ruth,Trainerclass Pokefan,61,596,0.093,157,1225,936.1,F,Swimmer Wendy (Elo 1125.4),Youngster Gordon (Elo 813.9),Picnicker Tiffany (7 games),4.59,Pikachu Lv17 (Static): Double Team/Quick Attack/Tail Whip/Thunder Shock
599,picnicker_gina_0065,Picnicker Gina,Trainerclass Picnicker,60,597,0.091,155,1229,930.5,F,Hiker Edwin (Elo 1570.1),Bird Keeper Rod (Elo 840.8),Hiker Edwin (7 games),10.96,Hoppip Lv9 (Chlorophyll): Splash/Synthesis/Tail Whip | Hoppip Lv9 (Chlorophyll): Splash/Synthesis/Tail Whip | Bulbasaur Lv12 (Overgrow): Tackle/Growl/Leech Seed/Vine Whip
600,bug_catcher_benny_0067,Bug Catcher Benny,Trainerclass Bug Catcher,60,597,0.091,147,1220,927.5,F,Hiker Edwin (Elo 1570.1),Bug Catcher Wayne (Elo 872.1),Youngster Samuel (7 games),8.26,Weedle Lv7 (Shield Dust): Poison Sting/String Shot | Kakuna Lv9 (Shed Skin): Harden | Beedrill Lv12 (Swarm): Fury Attack
601,poke_maniac_donald_0392,Poke Maniac Donald,Trainerclass Poke Maniac,60,597,0.091,143,1217,919.8,F,Poke Maniac Zach (Elo 1150.6),Twins Amy & Mimi Rematch (Elo 841.2),Skier Cady (7 games),11.55,Slowpoke Lv11 (Own Tempo): Yawn/Tackle/Growl/Water Gun | Slowpoke Lv11 (Own Tempo): Yawn/Tackle/Growl/Water Gun
602,fisherman_raymond_0127,Fisherman Raymond,Trainerclass Fisherman,59,598,0.09,132,1208,935.4,F,Hiker Phillip (Elo 1267.0),Poke Maniac Larry (Elo 844.5),Hiker Phillip (7 games),13.84,Magikarp Lv22 (Swift Swim): Splash/Tackle | Magikarp Lv22 (Swift Swim): Splash/Tackle | Magikarp Lv22 (Swift Swim): Splash/Tackle | Magikarp Lv22 (Swift Swim): Splash/Tackle
603,picnicker_brooke_0076,Picnicker Brooke,Trainerclass Picnicker,57,600,0.087,142,1226,928.6,F,Swimmer Matthew (Elo 1060.0),Youngster Gordon (Elo 813.9),Bug Catcher Josh (7 games),4.64,Pikachu Lv16 (Static): Thunder Shock/Growl/Quick Attack/Double Team
604,fisherman_kyler_0663,Fisherman Kyler Rematch 3,Trainerclass Fisherman,56,601,0.085,125,1214,901.4,F,Camper Ted (Elo 1044.5),Bug Catcher Josh (Elo 902.4),Bug Catcher Arnie (7 games),17.08,Magikarp Lv18 (Swift Swim): Splash/Tackle | Magikarp Lv18 (Swift Swim): Splash/Tackle | Magikarp Lv18 (Swift Swim): Splash/Tackle | Magikarp Lv18 (Swift Swim): Splash/Tackle | Magikarp Lv18 (Swift Swim): Splash/Tackle | Magikarp Lv18 (Swift Swim): Splash/Tackle
605,camper_todd_0066,Camper Todd,Trainerclass Camper,55,602,0.084,125,1220,883.9,F,Hiker Parry (Elo 1140.3),Poke Maniac Larry (Elo 844.5),Poke Maniac Larry (7 games),3.5,Psyduck Lv14 (Damp): Scratch/Tail Whip/Water Gun/Disable
606,fisherman_kyler_0662,Fisherman Kyler Rematch 2,Trainerclass Fisherman,54,603,0.082,116,1214,917.4,F,Skier Cady (Elo 980.4),Hiker Russel (Elo 836.9),Pokefan Marigold (6 games),14.96,Magikarp Lv18 (Swift Swim): Splash/Tackle | Magikarp Lv18 (Swift Swim): Splash/Tackle | Magikarp Lv18 (Swift Swim): Splash/Tackle | Magikarp Lv18 (Swift Swim): Splash/Tackle | Magikarp Lv18 (Swift Swim): Splash/Tackle
607,poke_maniac_issac_0391,Poke Maniac Issac,Trainerclass Poke Maniac,52,605,0.079,130,1237,910.4,F,Black Belt Yoshi (Elo 1156.8),Bug Catcher Al (Elo 826.4),Pokefan Derek (7 games),5.14,Lickitung Lv12 (Own Tempo): Lick/Supersonic/Cut
608,bug_catcher_josh_0069,Bug Catcher Josh,Trainerclass Bug Catcher,52,605,0.079,144,1250,902.4,F,Black Belt Yoshi (Elo 1156.8),Bird Keeper Abe (Elo 818.2),Twins Amy & Mimi (7 games),3.9,Paras Lv13 (Effect Spore): Scratch/Stun Spore/Poison Powder/Leech Life
609,hiker_anthony_0061,Hiker Anthony,Trainerclass Hiker,51,606,0.078,126,1235,908.7,F,Kimono Girl Sayo (Elo 1691.7),Sage Jin (Elo 778.7),Sage Jin (7 games),8.41,Geodude Lv11 (Rock Head): Defense Curl/Mud Sport/Rock Polish/Rock Throw | Machop Lv11 (No Guard): Low Kick/Leer/Focus Energy/Karate Chop
610,school_kid_m_chad_0397,School Kid Chad,Trainerclass School Kid M,50,607,0.076,133,1245,910.9,F,Medium Bethany (Elo 1137.3),Youngster Albert (Elo 832.0),Poke Maniac Larry (7 games),6.89,Mr Mime Lv20 (Soundproof): Meditate/Encore/Double Slap/Mimic
611,fisherman_kyler_0661,Fisherman Kyler Rematch 1,Trainerclass Fisherman,49,608,0.075,103,1221,905.1,F,Hiker Phillip (Elo 1267.0),Hiker Russel (Elo 836.9),Youngster Samuel (4 games),12.15,Magikarp Lv18 (Swift Swim): Splash/Tackle | Magikarp Lv18 (Swift Swim): Splash/Tackle | Magikarp Lv18 (Swift Swim): Splash/Tackle | Magikarp Lv18 (Swift Swim): Splash/Tackle
612,team_rocket_f_grunt_slowpoke_well_2_0013,Team Rocket Grunt Slowpoke Well 2,Trainerclass Team Rocket F,49,608,0.075,123,1240,903.8,F,Pokefan Robert (Elo 1486.8),Team Rocket Grunt Slowpoke Well 3 (Elo 849.8),Scientist Mitch (7 games),6.54,Zubat Lv9 (Inner Focus): Leech Life/Supersonic/Astonish | Ekans Lv11 (Intimidate): Wrap/Leer/Poison Sting/Bite
613,team_rocket_grunt_kimono_theatre_0598,Team Rocket Grunt Kimono Theatre,Trainerclass Team Rocket,49,608,0.075,131,1247,902.2,F,Pokefan Robert (Elo 1486.8),Fisherman Henry (Elo 812.7),Beauty Charlotte (7 games),4.84,Koffing Lv12 (Levitate): Poison Gas/Tackle/Smog/Smoke Screen
614,elder_li_0290,Elder Li,Trainerclass Elder,48,609,0.073,114,1237,884.0,F,Hiker Eoin (Elo 1641.9),Bird Keeper Abe (Elo 818.2),Camper Roland (7 games),8.41,Bellsprout Lv7 (Chlorophyll): Vine Whip/Growth | Bellsprout Lv7 (Chlorophyll): Vine Whip/Growth | Hoothoot Lv10 (Insomnia): Growl/Foresight/Hypnosis/Peck
615,picnicker_tiffany_0402,Picnicker Tiffany,Trainerclass Picnicker,47,610,0.072,110,1236,893.0,F,Psychic Greg (Elo 1066.3),Picnicker Ginger (Elo 799.6),Pokefan Ruth (7 games),12.47,Clefairy Lv21 (Cute Charm): Encore/Sing/Double Slap/Minimize
616,picnicker_kim_0077,Picnicker Kim,Trainerclass Picnicker,46,611,0.07,130,1259,898.5,F,Psychic Fidel (Elo 1377.1),Bug Catcher Wade (Elo 757.0),Swimmer Denise (7 games),4.0,Vulpix Lv15 (Flash Fire): Tail Whip/Roar/Quick Attack/Will O Wisp
617,hiker_daniel_0384,Hiker Daniel,Trainerclass Hiker,45,612,0.068,106,1241,875.9,F,Kimono Girl Sayo (Elo 1691.7),Sage Jin (Elo 778.7),Bird Keeper Rod (7 games),6.37,Onix Lv11 (Sturdy): Harden/Bind/Screech/Rock Throw
618,bird_keeper_gs_peter_0383,Bird Keeper Peter,Trainerclass Bird Keeper Gs,44,613,0.067,103,1240,872.3,F,Picnicker Tiffany Rematch 3 (Elo 1868.7),Bird Keeper Abe (Elo 818.2),Camper Ivan (7 games),9.44,Pidgey Lv6 (Keen Eye): Tackle/Sand Attack | Pidgey Lv6 (Tangled Feet): Tackle/Sand Attack | Spearow Lv8 (Keen Eye): Peck/Growl/Leer
619,team_rocket_grunt_slowpoke_well_1_0012,Team Rocket Grunt Slowpoke Well 1,Trainerclass Team Rocket,43,614,0.065,110,1253,889.5,F,Pokefan Robert (Elo 1486.8),Sage Troy (Elo 838.4),Team Rocket Grunt Kimono Theatre (7 games),7.9,Rattata Lv7 (Guts): Tackle/Tail Whip/Quick Attack/Focus Energy | Zubat Lv9 (Inner Focus): Leech Life/Supersonic/Astonish | Zubat Lv9 (Inner Focus): Leech Life/Supersonic/Astonish
620,bug_catcher_wayne_0530,Bug Catcher Wayne,Trainerclass Bug Catcher,43,614,0.065,115,1259,872.1,F,Pokefan Robert (Elo 1486.8),Bug Catcher Al (Elo 826.4),Picnicker Tiffany (7 games),6.28,Ledyba Lv8 (Swarm): Tackle/Supersonic | Paras Lv10 (Effect Spore): Scratch/Stun Spore/Poison Powder
621,firebreather_bill_0319,Firebreather Bill,Trainerclass Firebreather,41,616,0.062,104,1253,871.7,F,Black Belt Manford (Elo 1759.1),Fisherman Henry (Elo 812.7),Hiker Bailey (7 games),5.45,Koffing Lv6 (Levitate): Poison Gas/Tackle/Smog | Koffing Lv6 (Levitate): Poison Gas/Tackle/Smog
622,youngster_ian_0064,Youngster Ian,Trainerclass Youngster,41,616,0.062,103,1253,863.7,F,Guitarist Clyde (Elo 1545.1),Sage Neal (Elo 799.7),Team Rocket Grunt Kimono Theatre (6 games),6.29,Mankey Lv10 (Vital Spirit): Focus Energy/Scratch/Low Kick/Leer | Diglett Lv12 (Sand Veil): Astonish/Growl/Scratch/Sand Attack
623,fisherman_kyler_0555,Fisherman Kyler,Trainerclass Fisherman,41,616,0.062,87,1237,853.0,F,Hiker Eoin (Elo 1641.9),Bug Catcher Al (Elo 826.4),Firebreather Bill (4 games),10.1,Magikarp Lv18 (Swift Swim): Splash/Tackle | Magikarp Lv18 (Swift Swim): Splash/Tackle | Magikarp Lv18 (Swift Swim): Splash/Tackle
624,team_rocket_grunt_slowpoke_well_3_0101,Team Rocket Grunt Slowpoke Well 3,Trainerclass Team Rocket,41,616,0.062,96,1245,849.8,F,Hiker Phillip (Elo 1267.0),Hiker Russel (Elo 836.9),Bug Catcher Josh (7 games),4.97,Rattata Lv9 (Guts): Tackle/Tail Whip/Quick Attack/Focus Energy | Rattata Lv9 (Guts): Tackle/Tail Whip/Quick Attack/Focus Energy
625,twins_amy_mimi_0010,Twins Amy & Mimi,Trainerclass Twins,39,618,0.059,99,1260,877.6,F,Pokefan Robert (Elo 1486.8),Picnicker Liz (Elo 786.4),School Kid Alan (7 games),3.6,Spinarak Lv10 (Insomnia): Poison Sting/String Shot/Scary Face/Constrict | Ledyba Lv10 (Early Bird): Tackle/Supersonic/Comet Punch
626,camper_roland_0026,Camper Roland,Trainerclass Camper,33,624,0.05,77,1258,864.3,F,Hiker Bailey (Elo 970.5),Fisherman Henry (Elo 812.7),Elder Li (7 games),2.9,Nidoran M Lv9 (Rivalry): Leer/Peck/Focus Energy/Double Kick
627,twins_amy_mimi_0387,Twins Amy & Mimi Rematch,Trainerclass Twins,33,624,0.05,99,1280,841.2,F-,Pokefan Robert (Elo 1486.8),Picnicker Liz (Elo 786.4),Bug Catcher Stacey (7 games),3.74,Ledyba Lv10 (Early Bird): Tackle/Supersonic/Comet Punch | Spinarak Lv10 (Insomnia): Poison Sting/String Shot/Scary Face/Constrict
628,poke_maniac_larry_0023,Poke Maniac Larry,Trainerclass Poke Maniac,32,625,0.049,85,1270,844.5,F-,Hiker Bailey (Elo 970.5),Picnicker Ginger (Elo 799.6),School Kid Chad (7 games),6.7,Slowpoke Lv11 (Own Tempo): Yawn/Tackle/Growl/Water Gun
629,bird_keeper_gs_rod_0029,Bird Keeper Rod,Trainerclass Bird Keeper Gs,28,629,0.043,75,1274,840.8,F-,Hiker Phillip (Elo 1267.0),Picnicker Ginger (Elo 799.6),Bird Keeper Abe (7 games),7.36,Pidgey Lv7 (Keen Eye): Tackle/Sand Attack | Pidgey Lv7 (Keen Eye): Tackle/Sand Attack
630,hiker_russel_0025,Hiker Russel,Trainerclass Hiker,28,629,0.043,66,1268,836.9,F-,Hiker Eoin (Elo 1641.9),Sage Jin (Elo 778.7),Hiker Eoin (6 games),11.13,Geodude Lv4 (Sturdy): Tackle/Defense Curl/Mud Sport | Geodude Lv6 (Sturdy): Tackle/Defense Curl/Mud Sport | Geodude Lv8 (Sturdy): Tackle/Defense Curl/Mud Sport/Rock Polish
631,youngster_albert_0049,Youngster Albert,Trainerclass Youngster,28,629,0.043,69,1271,832.0,F-,Pokefan Robert (Elo 1486.8),Fisherman Henry (Elo 812.7),Fisherman Ralph (6 games),5.52,Rattata Lv6 (Run Away): Tackle/Tail Whip/Quick Attack | Zubat Lv8 (Inner Focus): Leech Life/Supersonic
632,bug_catcher_al_0068,Bug Catcher Al,Trainerclass Bug Catcher,28,629,0.043,73,1273,826.4,F-,Lass Carrie (Elo 970.6),Fisherman Henry (Elo 812.7),Fisherman Henry (7 games),5.84,Caterpie Lv12 (Shield Dust): Tackle/String Shot | Weedle Lv12 (Shield Dust): Poison Sting/String Shot
633,bird_keeper_gs_abe_0050,Bird Keeper Abe,Trainerclass Bird Keeper Gs,28,629,0.043,67,1270,818.2,F-,Bug Catcher Josh (Elo 902.4),Fisherman Justin (Elo 764.2),Bird Keeper Rod (7 games),3.01,Spearow Lv9 (Keen Eye): Peck/Growl/Leer/Fury Attack
634,youngster_gordon_0056,Youngster Gordon,Trainerclass Youngster,28,629,0.043,68,1270,813.9,F-,Swimmer Wendy (Elo 1125.4),Tower Tycoon Palmer (Elo 771.1),Picnicker Brooke (6 games),4.56,Wooper Lv10 (Water Absorb): Water Gun/Tail Whip/Mud Sport/Mud Shot
635,fisherman_ralph_0057,Fisherman Ralph,Trainerclass Fisherman,27,630,0.041,74,1280,841.2,F-,Bird Keeper Jose (Elo 1368.6),Arcade Star Dahlia (Elo 761.0),Sage Chow (7 games),3.76,Goldeen Lv10 (Swift Swim): Peck/Tail Whip/Water Sport/Supersonic
636,sage_troy_0054,Sage Troy,Trainerclass Sage,27,630,0.041,63,1268,838.4,F-,Hiker Phillip (Elo 1267.0),Picnicker Ginger (Elo 799.6),Poke Maniac Larry (7 games),6.32,Bellsprout Lv7 (Chlorophyll): Vine Whip/Growth | Hoothoot Lv7 (Keen Eye): Tackle/Growl/Foresight/Hypnosis
637,fisherman_henry_0060,Fisherman Henry,Trainerclass Fisherman,24,633,0.037,60,1279,812.7,F-,Swimmer Debbie (Elo 1358.1),Rival Silver Totodile (Elo 763.1),Bug Catcher Al (7 games),7.94,Poliwag Lv8 (Water Absorb): Water Sport/Bubble/Hypnosis | Poliwag Lv8 (Damp): Water Sport/Bubble/Hypnosis
638,firebreather_ray_0390,Firebreather Ray,Trainerclass Firebreather,23,634,0.035,65,1286,820.9,F-,School Kid Alan (Elo 1081.0),Rival Silver Cyndaquil (Elo 730.5),Fisherman Justin (7 games),3.51,Vulpix Lv9 (Flash Fire): Ember/Tail Whip/Roar
639,sage_edmond_0052,Sage Edmond,Trainerclass Sage,23,634,0.035,58,1280,804.5,F-,Hiker Eoin (Elo 1641.9),Fisherman Justin (Elo 764.2),Sage Jin (7 games),6.3,Bellsprout Lv3 (Chlorophyll): Vine Whip | Bellsprout Lv3 (Chlorophyll): Vine Whip | Bellsprout Lv3 (Chlorophyll): Vine Whip
640,sage_neal_0055,Sage Neal,Trainerclass Sage,21,636,0.032,51,1281,799.7,F-,Hiker Anthony (Elo 908.7),Rival Silver Cyndaquil (Elo 730.5),Rival Silver Cyndaquil (6 games),2.69,Bellsprout Lv6 (Chlorophyll): Vine Whip
641,picnicker_ginger_0560,Picnicker Ginger,Trainerclass Picnicker,21,636,0.032,49,1280,799.6,F-,Medium Ethel (Elo 1160.9),Rival Silver Cyndaquil (Elo 730.5),Bird Keeper Rod (7 games),14.75,Whismur Lv41 (Soundproof): Screech/Roar/Rest/Sleep Talk
642,sage_jin_0053,Sage Jin,Trainerclass Sage,20,637,0.03,50,1285,778.7,F-,Beauty Kimberly (Elo 1034.7),Rival Silver Cyndaquil (Elo 730.5),Sage Chow (7 games),2.78,Bellsprout Lv6 (Chlorophyll): Vine Whip
643,picnicker_liz_0027,Picnicker Liz,Trainerclass Picnicker,17,640,0.026,43,1288,786.4,F-,Twins Amy & Mimi (Elo 877.6),Rival Silver Totodile (Elo 763.1),Factory Head Thorton (7 games),3.8,Nidoran F Lv8 (Rivalry): Growl/Scratch/Tail Whip
644,sage_chow_0043,Sage Chow,Trainerclass Sage,16,641,0.024,45,1295,787.5,F-,Hiker Eoin (Elo 1641.9),Rival Silver Chikorita (Elo 747.0),Sage Jin (7 games),6.2,Bellsprout Lv3 (Chlorophyll): Vine Whip | Bellsprout Lv3 (Chlorophyll): Vine Whip | Bellsprout Lv3 (Chlorophyll): Vine Whip
645,sage_nico_0051,Sage Nico,Trainerclass Sage,15,642,0.023,39,1293,796.4,F-,Hiker Eoin (Elo 1641.9),Rival Silver Chikorita (Elo 747.0),Hiker Eoin (7 games),6.05,Bellsprout Lv3 (Chlorophyll): Vine Whip | Bellsprout Lv3 (Chlorophyll): Vine Whip | Bellsprout Lv3 (Chlorophyll): Vine Whip
646,hall_matron_argenta_0700,Hall Matron Argenta,Trainerclass Hall Matron,13,644,0.02,33,1294,781.9,F-,Picnicker Ginger (Elo 799.6),Rival Silver Totodile (Elo 763.1),Castle Valet Darach (7 games),2.45,Rattata Lv5 (Run Away): Tackle/Tail Whip/Quick Attack
647,factory_head_thorton_0701,Factory Head Thorton,Trainerclass Factory Head,13,644,0.02,31,1293,768.9,F-,Picnicker Ginger (Elo 799.6),Fisherman Justin (Elo 764.2),Sage Nico (7 games),2.42,Rattata Lv5 (Run Away): Tackle/Tail Whip/Quick Attack
648,fisherman_justin_0018,Fisherman Justin,Trainerclass Fisherman,13,644,0.02,42,1306,764.2,F-,Hiker Eoin (Elo 1641.9),Rival Silver Cyndaquil (Elo 730.5),Arcade Star Dahlia (7 games),10.3,Magikarp Lv5 (Swift Swim): Splash | Magikarp Lv5 (Swift Swim): Splash | Magikarp Lv15 (Swift Swim): Splash/Tackle | Magikarp Lv5 (Swift Swim): Splash
649,castle_valet_darach_0703,Castle Valet Darach,Trainerclass Castle Valet,12,645,0.018,29,1296,769.5,F-,Picnicker Ginger (Elo 799.6),Fisherman Justin (Elo 764.2),Hall Matron Argenta (7 games),2.63,Rattata Lv5 (Run Away): Tackle/Tail Whip/Quick Attack
650,tower_tycoon_palmer_0699,Tower Tycoon Palmer,Trainerclass Tower Tycoon,10,647,0.015,29,1304,771.1,F-,Youngster Gordon (Elo 813.9),Rival Silver Totodile (Elo 763.1),Rival Silver Totodile (7 games),2.47,Rattata Lv5 (Run Away): Tackle/Tail Whip/Quick Attack
651,arcade_star_dahlia_0702,Arcade Star Dahlia,Trainerclass Arcade Star,10,647,0.015,27,1300,761.0,F-,Fisherman Ralph (Elo 841.2),Youngster Mikey (Elo 758.5),Fisherman Justin (7 games),2.5,Rattata Lv5 (Run Away): Tackle/Tail Whip/Quick Attack
652,rival_silver_totodile,Rival Silver Totodile,Trainerclass Rival,7,650,0.011,24,1309,763.1,F-,Firebreather Ray (Elo 820.9),Bug Catcher Wade (Elo 757.0),Tower Tycoon Palmer (7 games),2.97,Totodile Lv5 (Torrent): Scratch/Leer
653,youngster_mikey_0047,Youngster Mikey,Trainerclass Youngster,6,651,0.009,15,1305,758.5,F-,Medium Edith (Elo 1080.9),Arcade Star Dahlia (Elo 761.0),Fisherman Justin (4 games),4.58,Pidgey Lv2 (Keen Eye): Tackle | Rattata Lv4 (Guts): Tackle/Tail Whip/Quick Attack
654,bug_catcher_wade_0004,Bug Catcher Wade,Trainerclass Bug Catcher,6,651,0.009,29,1318,757.0,F-,Hiker Eoin (Elo 1641.9),Rival Silver Cyndaquil (Elo 730.5),Hiker Eoin (7 games),7.93,Caterpie Lv2 (Shield Dust): Tackle/String Shot | Caterpie Lv2 (Shield Dust): Tackle/String Shot | Weedle Lv3 (Shield Dust): Poison Sting/String Shot | Caterpie Lv2 (Shield Dust): Tackle/String Shot
655,rival_silver_cyndaquil,Rival Silver Cyndaquil,Trainerclass Rival,4,653,0.006,18,1316,730.5,F-,Firebreather Ray (Elo 820.9),Rival Silver Chikorita (Elo 747.0),Sage Neal (6 games),3.25,Cyndaquil Lv5 (Blaze): Tackle/Leer/Smoke Screen
656,youngster_joey_0008,Youngster Joey,Trainerclass Youngster,3,654,0.005,9,1310,750.3,F-,Picnicker Ginger (Elo 799.6),Rival Silver Chikorita (Elo 747.0),Bug Catcher Wade (7 games),2.42,Rattata Lv4 (Run Away): Tackle/Tail Whip/Quick Attack
657,rival_silver_chikorita,Rival Silver Chikorita,Trainerclass Rival,3,654,0.005,12,1314,747.0,F-,Sage Nico (Elo 796.4),Rival Silver Cyndaquil (Elo 730.5),Fisherman Justin (6 games),3.27,Chikorita Lv5 (Overgrow): Tackle/Growl
658,bug_catcher_don_0249,Bug Catcher Don,Trainerclass Bug Catcher,0,657,0.0,0,1314,726.3,F-,None,Rival Silver Cyndaquil (Elo 730.5),Executive Proton Proton (Radio Tower) (2 games),4.45,Caterpie Lv3 (Shield Dust): Tackle/String Shot | Caterpie Lv3 (Shield Dust): Tackle/String Shot
