Rank,Trainer_Key,Display_Name,Class,Match_Wins,Match_Losses,Match_Win_Rate,Game_Wins,Game_Losses,Elo,Tier,Greatest_Win,Worst_Loss,Longest_Match_Vs,Average_Turns,Team_and_Movesets
1,ace_trainer_f_reena_0607,Ace Trainer Reena,Trainerclass Ace Trainer F,545,2,0.996,1097,11,2163.9,S+,Ace Trainer Salma (Elo 2128.1),Juggler Irwin (Elo 1732.5),Double Team Elan & Ida (4 games),4.37,Arcanine Lv50 (Intimidate): Flare Blitz/Extreme Speed/Crunch/Roar | Nidoqueen Lv50 (Poison Point): Captivate/Poison Fang/Earth Power/Body Slam | Starmie Lv50 (Natural Cure): Surf/Minimize/Cosmic Power/Psychic
2,ace_trainer_f_salma_0678,Ace Trainer Salma,Trainerclass Ace Trainer F,540,7,0.987,1102,36,2128.1,S+,Ace Trainer Reena (Elo 2163.9),Psychic Phil (Elo 1561.7),Camper Sid (6 games),4.38,Slowking @ Oran Berry Lv50 (Oblivious): Surf/Psychic/Flamethrower/Trick Room | Lickilicky Lv50 (Own Tempo): Wring Out/Thunderbolt/Earthquake/Ice Beam
3,ace_trainer_f_carol_0237,Ace Trainer Carol,Trainerclass Ace Trainer F,538,9,0.984,1091,34,2127.7,S+,Ace Trainer Reena (Elo 2163.9),Swimmer Luis (Elo 1658.4),Ace Trainer Gaven (7 games),5.67,Electrode Lv50 (Static): Thunder/Selfdestruct/Swift/Rain Dance | Starmie Lv50 (Natural Cure): Recover/Brine/Thunder/Psychic | Ninetales Lv50 (Flash Fire): Nasty Plot/Fire Blast/Confuse Ray/Will O Wisp
4,ace_trainer_f_reena_0445,Ace Trainer Reena,Trainerclass Ace Trainer F,538,9,0.984,1086,28,2124.5,S+,Ace Trainer Reena (Elo 2163.9),Medium Darcy (Elo 1791.8),Ace Trainer Jake (6 games),5.29,Arcanine Lv50 (Intimidate): Roar/Fire Fang/Odor Sleuth/Extreme Speed | Nidoqueen Lv50 (Poison Point): Double Kick/Poison Sting/Body Slam/Earth Power | Starmie Lv50 (Natural Cure): Rapid Spin/Recover/Swift/Confuse Ray
5,ace_trainer_m_shaye_0236,Ace Trainer Shaye,Trainerclass Ace Trainer M,534,13,0.976,1091,50,2106.2,S+,Ace Trainer Carol (Elo 2127.7),Firebreather Walt (Elo 1707.6),Twins Jo & Zoe (7 games),5.48,Jolteon Lv50 (Volt Absorb): Double Kick/Thunderbolt/Quick Attack/Sand Attack | Tangela Lv50 (Chlorophyll): Ancient Power/Stun Spore/Giga Drain/Ingrain | Tauros Lv50 (Anger Point): Take Down/Zen Headbutt/Payback/Scary Face
6,school_kid_m_alan_0505,School Kid Alan,Trainerclass School Kid M,534,13,0.976,1097,56,2088.1,S,Ace Trainer Reena (Elo 2124.5),Youngster Regis (Elo 1639.8),Bird Keeper Vance (7 games),12.3,Xatu Lv50 (Synchronize): Wish/Psycho Shift/Future Sight/Ominous Wind | Tangrowth Lv50 (Chlorophyll): Slam/Tickle/Wring Out/Power Whip | Quagsire Lv50 (Damp): Amnesia/Yawn/Earthquake/Rain Dance | Yanmega Lv50 (Speed Boost): Slash/Screech/U Turn/Air Slash
7,ace_trainer_m_gaven_0604,Ace Trainer Gaven,Trainerclass Ace Trainer M,533,14,0.974,1090,54,2098.6,S+,Ace Trainer Salma (Elo 2128.1),Ace Trainer Reena (Elo 1741.8),Ace Trainer Megan (7 games),4.83,Victreebel Lv50 (Chlorophyll): Leaf Storm/Toxic/Acid/Leaf Blade | Kingler Lv50 (Hyper Cutter): Brine/Crabhammer/X Scissor/Protect | Flareon Lv50 (Flash Fire): Overheat/Quick Attack/Will O Wisp/Attract
8,ace_trainer_m_french_0545,Ace Trainer French,Trainerclass Ace Trainer M,532,15,0.973,1101,67,2094.2,S,Ace Trainer Salma (Elo 2128.1),Scientist Linden (Elo 1549.8),Swimmer Ronald (6 games),4.0,Absol Lv50 (Super Luck): Psycho Cut/Night Slash/Slash/Quick Attack | Alakazam Lv50 (Inner Focus): Psychic/Focus Blast/Energy Ball/Charge Beam
9,camper_tanner_0660,Camper Tanner,Trainerclass Camper,531,16,0.971,1104,76,2083.2,S,Ace Trainer Carol (Elo 2127.7),Sailor Jeff (Elo 1451.3),Lass Linda (7 games),7.14,Sudowoodo Lv50 (Sturdy): Slam/Sucker Punch/Double Edge/Hammer Arm | Jumpluff Lv50 (Chlorophyll): Worry Seed/Giga Drain/Bounce/Memento | Lanturn Lv50 (Volt Absorb): Signal Beam/Discharge/Aqua Ring/Hydro Pump
10,ace_trainer_m_gaven_0457,Ace Trainer Gaven,Trainerclass Ace Trainer M,525,22,0.96,1091,86,2053.2,S,Ace Trainer Salma (Elo 2128.1),Swimmer Berke (Elo 1489.6),Fisherman Kyle (7 games),6.35,Victreebel Lv50 (Chlorophyll): Wrap/Toxic/Acid/Razor Leaf | Kingler Lv50 (Hyper Cutter): Brine/Stomp/X Scissor/Protect | Flareon Lv50 (Flash Fire): Fire Blast/Quick Attack/Sand Attack/Fire Spin
11,swimmer_f_lori_0294,Swimmer Lori,Trainerclass Swimmer F,524,23,0.958,1082,81,2055.6,S,Ace Trainer Reena (Elo 2163.9),Teacher Clarice (Elo 1530.5),Lass Shannon (7 games),5.38,Starmie Lv50 (Natural Cure): Thunderbolt/Surf/Ice Beam/Recover | Starmie Lv50 (Natural Cure): Thunderbolt/Surf/Ice Beam/Recover | Starmie Lv50 (Natural Cure): Recover/Water Pulse/Thunder/Blizzard
12,school_kid_m_billy_0642,School Kid Billy,Trainerclass School Kid M,524,23,0.958,1090,86,2054.9,S,Ace Trainer Gaven (Elo 2098.6),Hiker Parry (Elo 1633.0),Firebreather Walt (7 games),7.53,Mr Mime Lv50 (Soundproof): Trick Room/Psychic/Substitute | Parasect Lv50 (Effect Spore): Spore/Giga Drain/X Scissor/Slash | Poliwrath Lv50 (Water Absorb): Wake Up Slap/Belly Drum/Dynamic Punch/Hypnosis | Ditto Lv50 (Limber): Transform
13,ace_trainer_f_gwen_0206,Ace Trainer Gwen,Trainerclass Ace Trainer F,522,25,0.954,1079,84,2059.2,S,Ace Trainer Salma (Elo 2128.1),Twins Kay & Tia (Elo 1650.5),Black Belt Kenji (7 games),12.47,Eevee Lv50 (Adaptability): Helping Hand/Sand Attack/Growl/Quick Attack | Flareon Lv50 (Flash Fire): Helping Hand/Sand Attack/Ember/Quick Attack | Vaporeon Lv50 (Water Absorb): Helping Hand/Sand Attack/Water Gun/Quick Attack | Jolteon Lv50 (Volt Absorb): Helping Hand/Sand Attack/Thunder Shock/Quick Attack
14,ace_trainer_m_jake_0028,Ace Trainer Jake,Trainerclass Ace Trainer M,522,25,0.954,1076,86,2032.2,S,Ace Trainer Carol (Elo 2127.7),Fisherman Tully (Elo 1464.7),Fisherman Gideon (7 games),7.91,Parasect Lv50 (Dry Skin): Leech Life/Spore/Slash/Swords Dance | Golduck Lv50 (Cloud Nine): Psychic/Screech/Water Pulse/Fury Swipes | Vaporeon Lv50 (Water Absorb): Bite/Quick Attack/Sand Attack/Surf
15,ace_trainer_m_gaven_0456,Ace Trainer Gaven,Trainerclass Ace Trainer M,520,27,0.951,1072,88,2058.2,S,Ace Trainer Shaye (Elo 2106.2),Firebreather Walt (Elo 1649.4),School Kid Alan (7 games),6.31,Victreebel Lv50 (Chlorophyll): Wrap/Toxic/Acid/Razor Leaf | Kingler Lv50 (Hyper Cutter): Bubble Beam/Stomp/Guillotine/Protect | Flareon Lv50 (Flash Fire): Sand Attack/Quick Attack/Bite/Fire Blast
16,ace_trainer_m_blake_0103,Ace Trainer Blake,Trainerclass Ace Trainer M,520,27,0.951,1088,101,2046.3,S,Ace Trainer Shaye (Elo 2106.2),Hiker Parry (Elo 1451.5),Camper Sid (7 games),5.91,Magneton Lv50 (Sturdy): Thunderbolt/Supersonic/Magnet Bomb/Screech | Quagsire Lv50 (Water Absorb): Water Gun/Slam/Yawn/Earthquake | Exeggcute Lv50 (Chlorophyll): Leech Seed/Confusion/Sleep Powder/Solar Beam
17,school_kid_m_jack_0503,School Kid Jack,Trainerclass School Kid M,520,27,0.951,1097,109,2030.7,S,Ace Trainer Salma (Elo 2128.1),Swimmer Chelan (Elo 1560.7),Fisherman Barney (7 games),8.89,Electrode Lv50 (Soundproof): Charge/Charge Beam/Swift/Rollout | Vileplume Lv50 (Chlorophyll): Solar Beam/Giga Drain/Moonlight/Sunny Day | Arcanine Lv50 (Intimidate): Extreme Speed/Flamethrower/Crunch/Reversal
18,ace_trainer_f_quinn_0362,Ace Trainer Quinn,Trainerclass Ace Trainer F,514,33,0.94,1081,122,2025.9,S,Ace Trainer Carol (Elo 2127.7),Bug Catcher Rob (Elo 1474.6),Juggler Horton (7 games),5.72,Ivysaur Lv50 (Overgrow): Solar Beam/Double Edge/Synthesis/Sludge Bomb | Starmie Lv50 (Natural Cure): Blizzard/Confuse Ray/Thunderbolt/Water Pulse
19,double_team_elan_ida_0679,Double Team Elan & Ida,Trainerclass Double Team,513,34,0.938,1076,117,2008.9,S,Ace Trainer Reena (Elo 2163.9),Hiker Jim (Elo 1329.0),Poke Maniac Brent (7 games),3.38,Porygon2 Lv50 (Download): Tri Attack/Charge Beam/Protect/Trick Room | Azumarill Lv50 (Huge Power): Waterfall/Aqua Jet/Superpower/Attract
20,school_kid_m_alan_0433,School Kid Alan,Trainerclass School Kid M,511,36,0.934,1086,135,1992.3,S,Ace Trainer French (Elo 2094.2),Hiker Noland (Elo 1363.6),Beauty Julia (7 games),17.48,Xatu Lv50 (Synchronize): Me First/Confuse Ray/Tailwind/Wish | Tangrowth Lv50 (Chlorophyll): Mega Drain/Stun Spore/Ancient Power/Knock Off | Quagsire Lv50 (Damp): Slam/Mud Bomb/Amnesia/Yawn | Yanmega Lv50 (Speed Boost): Supersonic/Uproar/Pursuit/Ancient Power
21,camper_tanner_0659,Camper Tanner,Trainerclass Camper,511,36,0.934,1064,118,1991.5,S,Ace Trainer Carol (Elo 2127.7),Hiker Clarke (Elo 1444.1),Biker Dan (7 games),6.75,Sudowoodo Lv50 (Sturdy): Rock Slide/Slam/Sucker Punch/Double Edge | Lanturn Lv50 (Volt Absorb): Bubble Beam/Signal Beam/Discharge/Aqua Ring | Skiploom Lv50 (Chlorophyll): Cotton Spore/U Turn/Worry Seed/Giga Drain
22,camper_todd_0525,Camper Todd,Trainerclass Camper,510,37,0.932,1071,124,1993.9,S,Ace Trainer Reena (Elo 2124.5),Ace Trainer Emma (Elo 1455.5),Poke Maniac Brent (7 games),6.03,Graveler Lv50 (Rock Head): Selfdestruct/Rollout/Rock Blast/Earthquake | Graveler Lv50 (Rock Head): Rock Blast/Earthquake/Explosion/Double Edge | Magcargo Lv50 (Magma Armor): Amnesia/Lava Plume/Rock Slide/Body Slam | Golduck Lv50 (Damp): Psych Up/Zen Headbutt/Amnesia/Hydro Pump
23,ace_trainer_m_gaven_0102,Ace Trainer Gaven,Trainerclass Ace Trainer M,509,38,0.931,1071,130,1998.3,S,Ace Trainer French (Elo 2094.2),Bird Keeper Boris (Elo 1432.1),Kimono Girl Naoko (7 games),6.74,Victreebel Lv50 (Chlorophyll): Wrap/Toxic/Acid/Razor Leaf | Kingler Lv50 (Hyper Cutter): Bubble Beam/Stomp/Guillotine/Protect | Flareon Lv50 (Flash Fire): Sand Attack/Quick Attack/Bite/Ember
24,ace_trainer_f_jamie_0459,Ace Trainer Jamie,Trainerclass Ace Trainer F,507,40,0.927,1059,127,1982.6,S,Ace Trainer Shaye (Elo 2106.2),Hiker Noland (Elo 1363.6),School Kid Danny (7 games),5.12,Rapidash Lv50 (Flash Fire): Stomp/Fire Spin/Fire Blast/Ember | Ampharos Lv50 (Static): Discharge/Signal Beam/Charge/Thunder Wave
25,kimono_girl_naoko_0160,Kimono Girl Naoko,Trainerclass Kimono Girl,506,41,0.925,1078,147,1991.6,S,Ace Trainer Reena (Elo 2124.5),Camper Ivan (Elo 1240.2),Camper Bertrand (7 games),3.39,Espeon Lv50 (Synchronize): Last Resort/Psychic/Psych Up/Swift
26,ace_trainer_m_kevin_0361,Ace Trainer Kevin,Trainerclass Ace Trainer M,506,41,0.925,1091,165,1990.1,S,Ace Trainer Shaye (Elo 2106.2),Swimmer Harold (Elo 1490.2),Fisherman Wilton (7 games),5.63,Rhyhorn Lv50 (Rock Head): Take Down/Stone Edge/Horn Drill/Earthquake | Charmeleon Lv50 (Blaze): Flamethrower/Slash/Scary Face/Aerial Ace | Wartortle Lv50 (Torrent): Hydro Pump/Ice Beam/Bite/Swagger
27,ace_trainer_f_jamie_0458,Ace Trainer Jamie,Trainerclass Ace Trainer F,504,43,0.921,1043,124,1994.2,S,Ace Trainer Carol (Elo 2127.7),Sailor Garrett (Elo 1390.9),Fisherman Wilton (7 games),5.26,Rapidash Lv50 (Flash Fire): Stomp/Fire Spin/Flame Wheel/Ember | Ampharos Lv50 (Static): Discharge/Signal Beam/Charge/Thunder Punch
28,double_team_thom_kae_0725,Double Team Thom & Kae,Trainerclass Double Team,503,44,0.92,1071,156,1965.5,S,Ace Trainer Carol (Elo 2127.7),Poke Maniac Andrew (Elo 1315.6),Camper Jerry (7 games),3.35,Electabuzz Lv50 (Static): Thunderbolt/Light Screen/Swift/Thunder Wave | Magmar Lv50 (Flame Body): Flamethrower/Confuse Ray/Faint Attack/Protect
29,biker_aiden_0633,Biker Aiden,Trainerclass Biker,499,48,0.912,1095,189,1950.3,S-,Camper Tanner (Elo 2083.2),Hiker Noland (Elo 1363.6),Fisherman Kyle (7 games),8.43,Tentacruel Lv50 (Clear Body): Poison Jab/Screech/Hydro Pump/Wring Out | Hypno Lv50 (Insomnia): Psych Up/Swagger/Psychic/Nasty Plot | Tentacruel Lv50 (Clear Body): Poison Jab/Screech/Hydro Pump/Wring Out
30,camper_bertrand_0536,Camper Bertrand,Trainerclass Camper,498,49,0.91,1057,158,1965.4,S-,Ace Trainer Gaven (Elo 2098.6),Hiker Noland (Elo 1363.6),Kimono Girl Naoko (7 games),7.57,Fearow Lv50 (Keen Eye): Pursuit/Aerial Ace/Mirror Move/Agility | Primeape Lv50 (Vital Spirit): Seismic Toss/Screech/Assurance/Rage | Tauros Lv50 (Intimidate): Pursuit/Rest/Payback/Zen Headbutt
31,fisherman_kyle_0663,Fisherman Kyle,Trainerclass Fisherman,496,51,0.907,1062,171,1939.5,S-,School Kid Alan (Elo 2088.1),Picnicker Adrian (Elo 1283.7),Youngster Jimmy (7 games),9.68,Seaking Lv50 (Swift Swim): Aqua Ring/Fury Attack/Waterfall/Horn Drill | Qwilfish Lv50 (Poison Point): Pin Missile/Take Down/Aqua Tail/Poison Jab | Seaking Lv50 (Swift Swim): Aqua Ring/Fury Attack/Waterfall/Horn Drill | Kingler Lv50 (Hyper Cutter): Protect/Guillotine/Slam/Brine
32,ace_trainer_f_jamie_0609,Ace Trainer Jamie,Trainerclass Ace Trainer F,495,52,0.905,1047,161,1961.2,S-,Ace Trainer Shaye (Elo 2106.2),Pokefan Robert (Elo 1465.3),Poke Maniac Brent (7 games),6.2,Rapidash Lv50 (Flash Fire): Bounce/Fire Spin/Flare Blitz/Ember | Ampharos Lv50 (Static): Power Gem/Thunder/Signal Beam/Charge
33,ace_trainer_f_megan_0115,Ace Trainer Megan,Trainerclass Ace Trainer F,494,53,0.903,1051,172,1947.6,S-,Ace Trainer Salma (Elo 2128.1),Gentleman Alfred (Elo 1425.9),Ace Trainer Arabella (7 games),8.29,Bulbasaur Lv50 (Overgrow): Growl/Leech Seed/Take Down/Razor Leaf | Ivysaur Lv50 (Overgrow): Giga Drain/Leech Seed/Poison Powder/Petal Dance | Venusaur Lv50 (Overgrow): Petal Dance/Sleep Powder/Double Edge/Leech Seed
34,psychic_m_jared_0415,Psychic Jared,Trainerclass Psychic M,493,54,0.901,1055,179,1939.9,S-,Ace Trainer Gaven (Elo 2098.6),Picnicker Tanya (Elo 1537.5),Ace Trainer Joyce (7 games),7.2,Mr Mime Lv50 (Filter): Skill Swap/Psychic/Reflect/Light Screen | Exeggcute Lv50 (Chlorophyll): Skill Swap/Psychic/Sleep Powder/Leech Seed | Exeggcute Lv50 (Chlorophyll): Skill Swap/Psychic/Hypnosis/Grass Knot
35,double_team_zac_jen_0549,Double Team Zac & Jen,Trainerclass Double Team,492,55,0.899,1035,163,1926.2,S-,Ace Trainer Salma (Elo 2128.1),Poke Maniac Andrew (Elo 1315.6),Lass Alice (7 games),3.29,Electabuzz Lv50 (Static): Discharge/Quick Attack/Thunderbolt/Low Kick | Dugtrio Lv50 (Arena Trap): Dig/Mud Bomb/Growl/Night Slash
36,psychic_m_eli_0412,Psychic Eli,Trainerclass Psychic M,490,57,0.896,1050,184,1933.8,S-,Ace Trainer Gwen (Elo 2059.2),Bug Catcher Doug (Elo 1363.6),Camper Bertrand (7 games),8.93,Starmie Lv50 (Illuminate): Rapid Spin/Recover/Swift/Confuse Ray | Exeggcute Lv50 (Chlorophyll): Stun Spore/Poison Powder/Sleep Powder/Confusion | Girafarig Lv50 (Inner Focus): Psybeam/Baton Pass/Assurance/Double Hit
37,fisherman_barney_0322,Fisherman Barney,Trainerclass Fisherman,488,59,0.892,1057,195,1946.8,S-,Ace Trainer Gaven (Elo 2058.2),Hiker Noland (Elo 1363.6),School Kid Jack (7 games),9.42,Gyarados Lv50 (Intimidate): Twister/Ice Fang/Aqua Tail/Rain Dance | Gyarados Lv50 (Intimidate): Leer/Twister/Ice Fang/Aqua Tail | Gyarados Lv50 (Intimidate): Leer/Twister/Ice Fang/Aqua Tail
38,psychic_m_herman_0316,Psychic Herman,Trainerclass Psychic M,487,60,0.89,1034,178,1956.3,S-,Ace Trainer Salma (Elo 2128.1),Bug Catcher Doug (Elo 1363.6),Boarder Bryce (7 games),7.71,Exeggcute Lv50 (Chlorophyll): Psychic/Hypnosis/Barrage/Dream Eater | Exeggcute Lv50 (Chlorophyll): Psychic/Hypnosis/Barrage/Dream Eater | Exeggutor Lv50 (Chlorophyll): Psychic/Hypnosis/Wood Hammer/Dream Eater
39,camper_sid_0150,Camper Sid,Trainerclass Camper,487,60,0.89,1058,205,1917.6,S-,Ace Trainer Salma (Elo 2128.1),Bug Catcher Wade (Elo 1445.8),Sailor Stanly (7 games),7.11,Dugtrio Lv50 (Sand Veil): Sand Tomb/Earth Power/Mud Bomb/Slash | Primeape Lv50 (Anger Point): Screech/Assurance/Rage/Swagger | Poliwrath Lv50 (Damp): Bubble Beam/Hypnosis/Double Slap/Submission
40,firebreather_otis_0015,Firebreather Otis,Trainerclass Firebreather,487,60,0.89,1044,188,1911.5,S-,Ace Trainer Gaven (Elo 2098.6),Youngster Joey (Elo 1303.9),Ace Trainer Jenn (7 games),6.15,Magmar Lv50 (Flame Body): Confuse Ray/Fire Punch/Lava Plume/Flamethrower | Weezing Lv50 (Levitate): Sludge/Haze/Double Hit/Explosion | Camerupt Lv50 (Magma Armor): Amnesia/Lava Plume/Rock Slide/Earth Power
41,picnicker_erin_0603,Picnicker Erin,Trainerclass Picnicker,486,61,0.888,1056,206,1920.7,S-,Ace Trainer Carol (Elo 2127.7),Picnicker Liz (Elo 1352.7),Lass Linda (7 games),10.39,Cherrim Lv50 (Flower Gift): Sunny Day/Petal Dance/Worry Seed/Take Down | Sunflora Lv50 (Solar Power): Petal Dance/Sunny Day/Solar Beam/Leaf Storm | Bellossom Lv50 (Chlorophyll): Sweet Scent/Stun Spore/Sunny Day/Magical Leaf | Rapidash Lv50 (Flash Fire): Agility/Fire Blast/Fury Attack/Bounce
42,school_kid_m_danny_0327,School Kid Danny,Trainerclass School Kid M,485,62,0.887,1039,195,1940.6,S-,Ace Trainer Salma (Elo 2128.1),Hiker Parry (Elo 1326.4),Ace Trainer Jamie (7 games),8.79,Jynx Lv50 (Forewarn): Fake Tears/Wake Up Slap/Avalanche/Body Slam | Electabuzz Lv50 (Static): Light Screen/Thunder Punch/Discharge/Thunderbolt | Magmar Lv50 (Flame Body): Confuse Ray/Fire Punch/Lava Plume/Flamethrower
43,school_kid_m_tommy_0328,School Kid Tommy,Trainerclass School Kid M,485,62,0.887,1085,243,1896.4,S-,Ace Trainer Salma (Elo 2128.1),Hiker Daniel (Elo 1160.4),Swimmer Jerome (7 games),9.29,Xatu Lv50 (Synchronize): Confuse Ray/Night Shade/Fly/Psychic | Alakazam Lv50 (Inner Focus): Psychic/Calm Mind/Reflect/Focus Blast
44,young_couple_tim_sue_0654,Young Couple Tim & Sue,Trainerclass Young Couple,484,63,0.885,1077,235,1893.3,S-,Ace Trainer Reena (Elo 2124.5),Pokefan Brandon (Elo 1232.2),Hiker Kenny (7 games),4.02,Alakazam Lv50 (Synchronize): Psychic/Calm Mind/Reflect/Recover | Golduck Lv50 (Damp): Hydro Pump/Amnesia/Aqua Jet/Blizzard
45,picnicker_liz_0518,Picnicker Liz,Trainerclass Picnicker,479,68,0.876,1031,205,1926.3,S-,Ace Trainer Gwen (Elo 2059.2),Bird Keeper Hank (Elo 1487.2),Medium Grace (7 games),7.6,Victreebel Lv50 (Chlorophyll): Sweet Scent/Razor Leaf/Leaf Storm/Leaf Blade | Nidoking Lv50 (Poison Point): Poison Sting/Thrash/Earth Power/Megahorn | Nidoqueen Lv50 (Rivalry): Poison Sting/Body Slam/Earth Power/Superpower
46,fisherman_tully_0517,Fisherman Tully,Trainerclass Fisherman,478,69,0.874,1042,224,1911.7,S-,Ace Trainer French (Elo 2094.2),Picnicker Adrian (Elo 1283.7),Lass Linda (7 games),9.51,Seaking Lv50 (Swift Swim): Water Pulse/Rain Dance/Waterfall/Aqua Ring | Seaking Lv50 (Swift Swim): Water Pulse/Rain Dance/Waterfall/Megahorn | Qwilfish Lv50 (Poison Point): Rollout/Surf/Aqua Tail/Minimize
47,firebreather_walt_0621,Firebreather Walt,Trainerclass Firebreather,476,71,0.87,1033,225,1896.1,S-,Ace Trainer Salma (Elo 2128.1),Picnicker Erin (Elo 1361.6),Hiker Eoin (7 games),9.68,Magby Lv50 (Flame Body): Smoke Screen/Faint Attack/Fire Spin/Confuse Ray | Magmar Lv50 (Flame Body): Fire Punch/Lava Plume/Flamethrower/Sunny Day | Magmortar Lv50 (Flame Body): Lava Plume/Flamethrower/Sunny Day/Fire Blast
48,lass_alice_0183,Lass Alice,Trainerclass Lass,476,71,0.87,1021,209,1890.0,S-,Ace Trainer Shaye (Elo 2106.2),Hiker Noland (Elo 1363.6),Burglar Corey (7 games),8.84,Gloom Lv50 (Chlorophyll): Toxic/Sludge Bomb/Sweet Scent/Drain Punch | Arbok Lv50 (Intimidate): Poison Jab/Screech/Crunch/Mud Bomb | Vileplume Lv50 (Chlorophyll): Toxic/Sludge Bomb/Attract/Drain Punch
49,poke_maniac_brent_0530,Poke Maniac Brent,Trainerclass Poke Maniac,475,72,0.868,1042,235,1902.2,S-,Camper Tanner (Elo 2083.2),Hiker Clarke (Elo 1444.1),Twins Jo & Zoe (7 games),13.69,Gyarados Lv50 (Intimidate): Rain Dance/Hydro Pump/Dragon Dance/Hyper Beam | Lickitung Lv50 (Own Tempo): Disable/Slam/Rollout/Me First | Nidoqueen Lv50 (Poison Point): Poison Sting/Body Slam/Earth Power/Superpower | Nidoking Lv50 (Poison Point): Poison Sting/Thrash/Earth Power/Megahorn
50,poke_maniac_brent_0173,Poke Maniac Brent,Trainerclass Poke Maniac,475,72,0.868,1045,245,1874.7,A+,Ace Trainer French (Elo 2094.2),Biker Theron (Elo 1316.2),Camper Todd (7 games),9.85,Gyarados Lv50 (Intimidate): Ice Fang/Aqua Tail/Rain Dance/Hydro Pump | Lickitung Lv50 (Own Tempo): Disable/Slam/Rollout/Me First | Nidorina Lv50 (Poison Point): Bite/Helping Hand/Toxic Spikes/Flatter | Nidorino Lv50 (Poison Point): Helping Hand/Toxic Spikes/Flatter/Poison Jab
51,kimono_girl_kuni_0163,Kimono Girl Kuni,Trainerclass Kimono Girl,472,75,0.863,1045,252,1878.6,S-,Ace Trainer Reena (Elo 2163.9),Pokefan Beverly (Elo 1393.8),Biker Aiden (7 games),4.72,Vaporeon Lv50 (Water Absorb): Last Resort/Surf/Quick Attack/Aurora Beam
52,ace_trainer_m_arabella_0676,Ace Trainer Arabella,Trainerclass Ace Trainer M,471,76,0.861,1055,271,1875.5,S-,Ace Trainer Carol (Elo 2127.7),Poke Maniac Andrew (Elo 1315.6),Ace Trainer Megan (7 games),8.25,Stantler Lv50 (Intimidate): Zen Headbutt/Return/Me First/Trick Room | Tauros Lv50 (Intimidate): Take Down/Thunder/Surf/Fire Blast
53,juggler_fritz_0242,Juggler Fritz,Trainerclass Juggler,471,76,0.861,1067,279,1873.8,A+,Ace Trainer French (Elo 2094.2),Bird Keeper Perry (Elo 1258.2),Biker Jacob (7 games),9.12,Mr Mime Lv50 (Filter): Substitute/Psychic/Encore/Double Slap | Magmar Lv50 (Flame Body): Lava Plume/Fire Punch/Confuse Ray/Faint Attack | Machoke Lv50 (No Guard): Focus Energy/Karate Chop/Seismic Toss/Revenge
54,hiker_kenny_0657,Hiker Kenny,Trainerclass Hiker,470,77,0.859,1017,233,1867.2,A+,Ace Trainer French (Elo 2094.2),Swimmer Simon (Elo 1253.8),Young Couple Tim & Sue (7 games),9.52,Sandslash Lv50 (Sand Veil): Fury Cutter/Sand Tomb/Slash/Gyro Ball | Graveler Lv50 (Rock Head): Rock Blast/Earthquake/Explosion/Double Edge | Golem Lv50 (Rock Head): Earthquake/Explosion/Double Edge/Stone Edge | Steelix Lv50 (Rock Head): Iron Tail/Crunch/Double Edge/Stone Edge
55,fisherman_stephen_0321,Fisherman Stephen,Trainerclass Fisherman,469,78,0.857,1040,258,1864.1,A+,Ace Trainer Gwen (Elo 2059.2),School Kid Ricky (Elo 1260.0),Ace Trainer Jamie (7 games),14.43,Quagsire Lv50 (Damp): Amnesia/Yawn/Earthquake/Rain Dance | Qwilfish Lv50 (Poison Point): Spit Up/Revenge/Brine/Pin Missile | Tentacruel Lv50 (Clear Body): Wrap/Barrier/Water Pulse/Poison Jab
56,lass_linda_0136,Lass Linda,Trainerclass Lass,468,79,0.856,1020,241,1907.4,S-,School Kid Alan (Elo 2088.1),Gentleman Milton (Elo 1350.6),Fisherman Tully (7 games),7.59,Bulbasaur Lv50 (Overgrow): Toxic/Sludge Bomb/Leech Seed/Double Edge | Ivysaur Lv50 (Overgrow): Toxic/Sludge Bomb/Leech Seed/Double Edge | Venusaur Lv50 (Overgrow): Toxic/Sludge Bomb/Leech Seed/Double Edge
57,biker_aiden_0631,Biker Aiden,Trainerclass Biker,468,79,0.856,1066,295,1864.8,A+,School Kid Billy (Elo 2054.9),Twins Meg & Peg (Elo 1309.1),Biker Ernest (7 games),7.36,Hypno Lv50 (Insomnia): Psybeam/Psych Up/Swagger/Psychic | Tentacruel Lv50 (Clear Body): Water Pulse/Poison Jab/Screech/Hydro Pump
58,mystery_man_eusine_0498,Mystery Man Eusine,Trainerclass Mystery Man,467,80,0.854,1035,260,1859.3,A+,Ace Trainer Carol (Elo 2127.7),Hiker Parry (Elo 1326.4),Ace Trainer Jamie (7 games),10.8,Drowzee Lv50 (Insomnia): Dream Eater/Hypnosis/Disable/Confusion | Haunter Lv50 (Levitate): Lick/Hypnosis/Mean Look/Curse | Electrode Lv50 (Static): Screech/Sonic Boom/Thunder/Rollout
59,ace_trainer_m_paulo_0110,Ace Trainer Paulo,Trainerclass Ace Trainer M,467,80,0.854,1014,241,1856.0,A+,Camper Tanner (Elo 2083.2),Bird Keeper Bret (Elo 1385.9),Young Couple Tim & Sue (7 games),7.64,Dratini Lv50 (Shed Skin): Slam/Agility/Aqua Tail/Dragon Rush | Seadra Lv50 (Sniper): Bubble Beam/Agility/Twister/Brine | Dratini Lv50 (Shed Skin): Slam/Agility/Aqua Tail/Dragon Rush
60,fisherman_gideon_0591,Fisherman Gideon,Trainerclass Fisherman,466,81,0.852,1051,287,1850.6,A+,School Kid Alan (Elo 2088.1),Hiker Noland (Elo 1363.6),Ace Trainer Reena (7 games),7.52,Lanturn Lv50 (Volt Absorb): Discharge/Signal Beam/Bubble Beam/Confuse Ray | Mantine Lv50 (Swift Swim): Water Pulse/Wing Attack/Psybeam/Confuse Ray
61,boarder_bryce_0681,Boarder Bryce,Trainerclass Boarder,465,82,0.85,1011,242,1861.1,A+,Ace Trainer Reena (Elo 2124.5),Bird Keeper Bret (Elo 1385.9),Fisherman Tully (7 games),9.26,Dewgong Lv50 (Thick Fat): Dive/Aqua Tail/Ice Beam/Safeguard | Lapras Lv50 (Water Absorb): Ice Beam/Brine/Safeguard/Hydro Pump
62,swimmer_m_ronald_0098,Swimmer Ronald,Trainerclass Swimmer M,465,82,0.85,1007,241,1859.5,A+,Ace Trainer French (Elo 2094.2),Hiker Daniel (Elo 1160.4),Fisherman Kyle (7 games),6.87,Gyarados Lv50 (Intimidate): Thrash/Bite | Gyarados Lv50 (Intimidate): Thrash/Bite
63,biker_glenn_0315,Biker Glenn,Trainerclass Biker,464,83,0.848,1026,265,1880.7,S-,School Kid Alan (Elo 2088.1),Swimmer Kara (Elo 1417.9),Ace Trainer Bonita (7 games),6.32,Koffing Lv50 (Levitate): Sludge/Haze/Gyro Ball/Explosion | Magmar Lv50 (Flame Body): Confuse Ray/Fire Punch/Lava Plume/Flamethrower | Weezing Lv50 (Levitate): Sludge/Haze/Double Hit/Explosion
64,ace_trainer_f_joyce_0036,Ace Trainer Joyce,Trainerclass Ace Trainer F,463,84,0.846,999,237,1914.5,S-,Ace Trainer Gaven (Elo 2058.2),Beauty Charlotte (Elo 1294.0),Psychic Jared (7 games),8.14,Pikachu Lv50 (Static): Quick Attack/Double Team/Thunderbolt/Thunder Wave | Blastoise Lv50 (Torrent): Bite/Aqua Tail/Surf/Rain Dance
65,ace_trainer_m_ryan_0108,Ace Trainer Ryan,Trainerclass Ace Trainer M,462,85,0.845,1019,269,1869.5,A+,Ace Trainer French (Elo 2094.2),Hiker Edwin (Elo 1416.2),Fisherman Murphy (7 games),7.95,Pidgeot Lv50 (Keen Eye): Sand Attack/Quick Attack/Whirlwind/Wing Attack | Electabuzz Lv50 (Static): Thunder Punch/Light Screen/Swift/Screech
66,camper_todd_0275,Camper Todd,Trainerclass Camper,461,86,0.843,1017,267,1881.2,S-,Ace Trainer Reena (Elo 2124.5),Picnicker Adrian (Elo 1283.7),Lass Krise (7 games),9.25,Geodude Lv50 (Rock Head): Rock Throw/Magnitude/Selfdestruct/Rollout | Graveler Lv50 (Rock Head): Selfdestruct/Rollout/Rock Blast/Earthquake | Golduck Lv50 (Damp): Confusion/Water Pulse/Fury Swipes/Screech | Slugma Lv50 (Magma Armor): Harden/Recover/Ancient Power/Amnesia
67,biker_jacob_0573,Biker Jacob,Trainerclass Biker,459,88,0.839,1006,268,1866.6,A+,Ace Trainer Gaven (Elo 2098.6),Swimmer Diana (Elo 1450.0),Juggler Fritz (7 games),6.49,Magmar Lv50 (Flame Body): Confuse Ray/Fire Punch/Lava Plume/Flamethrower | Tentacruel Lv50 (Liquid Ooze): Barrier/Water Pulse/Poison Jab/Screech
68,swimmer_m_jerome_0370,Swimmer Jerome,Trainerclass Swimmer M,459,88,0.839,1039,300,1854.8,A+,School Kid Jack (Elo 2030.7),Biker Theron (Elo 1316.2),School Kid Tommy (7 games),11.17,Seadra Lv50 (Sniper): Bubble Beam/Agility/Twister/Brine | Tentacool Lv50 (Liquid Ooze): Barrier/Water Pulse/Poison Jab/Screech | Tentacruel Lv50 (Liquid Ooze): Wrap/Barrier/Water Pulse/Poison Jab | Goldeen Lv50 (Water Veil): Flail/Aqua Ring/Fury Attack/Waterfall
69,school_kid_m_joe_0330,School Kid Joe,Trainerclass School Kid M,458,89,0.837,989,254,1860.3,A+,School Kid Jack (Elo 2030.7),Boarder Deandre (Elo 1400.8),School Kid Chad (7 games),8.06,Tangela @ Sitrus Berry Lv50 (Chlorophyll): Ancient Power/Knock Off/Natural Gift/Slam | Vaporeon Lv50 (Water Absorb): Water Gun/Quick Attack/Bite/Aurora Beam
70,fisherman_kyle_0662,Fisherman Kyle,Trainerclass Fisherman,456,91,0.834,1014,282,1840.4,A+,Double Team Elan & Ida (Elo 2008.9),Picnicker Adrian (Elo 1283.7),Swimmer Ronald (7 games),10.97,Seaking Lv50 (Swift Swim): Flail/Aqua Ring/Fury Attack/Waterfall | Qwilfish Lv50 (Poison Point): Revenge/Brine/Pin Missile/Take Down | Seaking Lv50 (Swift Swim): Aqua Ring/Fury Attack/Waterfall/Horn Drill | Krabby Lv50 (Hyper Cutter): Protect/Guillotine/Slam/Brine
71,school_kid_m_chad_0435,School Kid Chad,Trainerclass School Kid M,455,92,0.832,992,264,1856.7,A+,School Kid Billy (Elo 2054.9),Camper Ivan (Elo 1240.2),Kimono Girl Miki (7 games),6.18,Mr Mime Lv50 (Soundproof): Substitute/Recycle/Trick/Psychic | Magneton Lv50 (Magnet Pull): Spark/Lock On/Magnet Bomb/Screech
72,lass_dana_0528,Lass Dana,Trainerclass Lass,454,93,0.83,1029,306,1843.7,A+,Swimmer Lori (Elo 2055.6),Black Belt Yoshi (Elo 1272.1),School Kid Chad (7 games),9.61,Golduck Lv50 (Damp): Water Pulse/Amnesia/Confusion/Screech | Ampharos Lv50 (Static): Thunder/Discharge/Thunder Wave/Signal Beam
73,kimono_girl_zuki_0162,Kimono Girl Zuki,Trainerclass Kimono Girl,453,94,0.828,1030,315,1829.0,A+,Ace Trainer Salma (Elo 2128.1),Picnicker Tiffany (Elo 1265.0),Firebreather Walt (7 games),6.72,Umbreon Lv50 (Synchronize): Last Resort/Dark Pulse/Confuse Ray/Shadow Ball
74,ace_trainer_m_alton_0109,Ace Trainer Alton,Trainerclass Ace Trainer M,450,97,0.823,997,295,1823.4,A+,School Kid Billy (Elo 2054.9),Swimmer Diana (Elo 1450.0),Youngster Warren (7 games),11.22,Ivysaur Lv50 (Overgrow): Sleep Powder/Take Down/Razor Leaf/Sweet Scent | Charmeleon Lv50 (Blaze): Ember/Smoke Screen/Dragon Rage/Scary Face | Wartortle Lv50 (Torrent): Water Gun/Bite/Rapid Spin/Protect
75,burglar_corey_0284,Burglar Corey,Trainerclass Burglar,449,98,0.821,1015,310,1850.6,A+,Ace Trainer French (Elo 2094.2),Camper Ivan (Elo 1240.2),Lass Alice (7 games),7.41,Koffing Lv50 (Levitate): Selfdestruct/Sludge/Haze/Gyro Ball | Magmar Lv50 (Flame Body): Fire Spin/Confuse Ray/Fire Punch/Lava Plume | Koffing Lv50 (Levitate): Selfdestruct/Sludge/Haze/Gyro Ball | Koffing Lv50 (Levitate): Sludge/Haze/Gyro Ball/Explosion
76,black_belt_kenji_0250,Black Belt Kenji,Trainerclass Black Belt,449,98,0.821,987,291,1809.0,A,Ace Trainer Shaye (Elo 2106.2),Black Belt Yoshi (Elo 1272.1),Ace Trainer Paulo (7 games),12.41,Onix Lv50 (Rock Head): Rage/Rock Tomb/Sandstorm/Slam | Hitmonlee Lv50 (Limber): Brick Break/Focus Energy/Feint/Hi Jump Kick | Onix Lv50 (Rock Head): Rage/Rock Tomb/Sandstorm/Slam | Machoke Lv50 (Guts): Seismic Toss/Revenge/Vital Throw/Submission
77,hiker_anthony_0523,Hiker Anthony,Trainerclass Hiker,447,100,0.817,1000,303,1833.6,A+,Ace Trainer French (Elo 2094.2),Hiker Parry (Elo 1326.4),Swimmer Nikki (7 games),4.75,Graveler Lv50 (Rock Head): Rollout/Rock Blast/Earthquake/Explosion | Golem Lv50 (Rock Head): Earthquake/Explosion/Double Edge/Stone Edge | Machamp Lv50 (No Guard): Wake Up Slap/Cross Chop/Scary Face/Dynamic Punch
78,picnicker_erin_0453,Picnicker Erin,Trainerclass Picnicker,447,100,0.817,1030,337,1819.2,A+,Camper Tanner (Elo 2083.2),Biker Dale (Elo 1296.8),Black Belt Kiyo (7 games),12.69,Bellossom Lv50 (Chlorophyll): Sweet Scent/Stun Spore/Sunny Day/Magical Leaf | Sunflora Lv50 (Chlorophyll): Worry Seed/Razor Leaf/Petal Dance/Sunny Day | Rapidash Lv50 (Flash Fire): Agility/Fire Blast/Fury Attack/Bounce
79,young_couple_tim_sue_0653,Young Couple Tim & Sue,Trainerclass Young Couple,446,101,0.815,1030,341,1829.0,A+,Ace Trainer Blake (Elo 2046.3),Bird Keeper Josh (Elo 1245.7),Fisherman Gideon (7 games),4.39,Kadabra Lv50 (Synchronize): Recover/Psychic/Role Play/Reflect | Golduck Lv50 (Damp): Water Pulse/Amnesia/Zen Headbutt/Blizzard
80,ace_trainer_f_reena_0444,Ace Trainer Reena,Trainerclass Ace Trainer F,446,101,0.815,1008,315,1828.1,A+,Ace Trainer Gaven (Elo 2058.2),Swimmer Parker (Elo 1373.7),Swimmer Luis (7 games),7.46,Growlithe Lv50 (Intimidate): Reversal/Fire Fang/Take Down/Flamethrower | Nidorina Lv50 (Poison Point): Fury Swipes/Bite/Helping Hand/Toxic Spikes | Staryu Lv50 (Natural Cure): Swift/Bubble Beam/Minimize/Gyro Ball
81,lass_dana_0465,Lass Dana,Trainerclass Lass,445,102,0.814,1011,330,1827.7,A+,Ace Trainer Reena (Elo 2163.9),Black Belt Yoshi (Elo 1272.1),Hiker Eoin (7 games),9.58,Golduck Lv50 (Damp): Water Pulse/Disable/Confusion/Screech | Ampharos Lv50 (Static): Signal Beam/Discharge/Thunder Wave/Cotton Spore
82,hiker_kenny_0655,Hiker Kenny,Trainerclass Hiker,444,103,0.812,1003,320,1799.7,A,School Kid Jack (Elo 2030.7),Sailor Terrell (Elo 1097.7),Poke Maniac Morgan (7 games),10.18,Onix Lv50 (Rock Head): Bind/Screech/Rock Throw/Rage | Graveler Lv50 (Rock Head): Selfdestruct/Rollout/Rock Blast/Earthquake | Golem Lv50 (Rock Head): Selfdestruct/Rollout/Rock Blast/Earthquake | Sandslash Lv50 (Sand Veil): Fury Swipes/Rollout/Crush Claw/Fury Cutter
83,twins_jo_zoe_0326,Twins Jo & Zoe,Trainerclass Twins,442,105,0.808,979,308,1828.8,A+,Ace Trainer Shaye (Elo 2106.2),Bug Catcher Arnie (Elo 1108.5),Ace Trainer Shaye (7 games),4.52,Victreebel Lv50 (Chlorophyll): Giga Drain/Sleep Powder/Sludge Bomb/Protect | Vileplume Lv50 (Chlorophyll): Giga Drain/Stun Spore/Drain Punch/Attract
84,picnicker_gina_0520,Picnicker Gina,Trainerclass Picnicker,440,107,0.804,988,323,1833.9,A+,School Kid Alan (Elo 2088.1),Bug Catcher Arnie (Elo 1199.7),Bug Catcher Rob (7 games),14.06,Skiploom Lv50 (Chlorophyll): Sleep Powder/Bullet Seed/Leech Seed/Mega Drain | Jumpluff Lv50 (Chlorophyll): Leech Seed/Mega Drain/Cotton Spore/U Turn | Venusaur Lv50 (Overgrow): Petal Dance/Worry Seed/Synthesis/Solar Beam
85,lass_krise_0615,Lass Krise,Trainerclass Lass,440,107,0.804,981,316,1811.5,A,Swimmer Lori (Elo 2055.6),Bird Keeper Roy (Elo 1409.8),Camper Todd (7 games),7.59,Vileplume Lv50 (Chlorophyll): Aromatherapy/Stun Spore/Poison Powder/Petal Dance | Marowak Lv50 (Rock Head): Fling/Bone Rush/Endeavor/Double Edge
86,ace_trainer_m_bonita_0677,Ace Trainer Bonita,Trainerclass Ace Trainer M,438,109,0.801,987,324,1828.1,A+,Ace Trainer French (Elo 2094.2),Swimmer Paula (Elo 1129.9),Biker Glenn (7 games),10.61,Spinda Lv50 (Own Tempo): Flail/Fake Out/Teeter Dance/Trick Room | Sudowoodo Lv50 (Rock Head): Wood Hammer/Hammer Arm/Earthquake/Stone Edge
87,medium_darcy_0369,Medium Darcy,Trainerclass Medium,438,109,0.801,984,332,1791.8,A,Ace Trainer Reena (Elo 2124.5),Pokefan Derek (Elo 1250.5),Biker Reese (7 games),12.5,Slowpoke Lv50 (Own Tempo): Skill Swap/Amnesia/Disable/Psychic | Slowbro Lv50 (Own Tempo): Skill Swap/Slack Off/Psychic/Yawn
88,beauty_julia_0346,Beauty Julia,Trainerclass Beauty,436,111,0.797,985,338,1786.2,A,Camper Tanner (Elo 2083.2),Policeman Keith (Elo 1152.0),School Kid Alan (7 games),11.85,Paras Lv50 (Effect Spore): Giga Drain/Spore/Slash/Attract | Carnivine Lv50 (Levitate): Giga Drain/Wring Out/Ingrain/Attract | Parasect Lv50 (Effect Spore): Giga Drain/Spore/Attract/X Scissor
89,fisherman_wilton_0608,Fisherman Wilton,Trainerclass Fisherman,436,111,0.797,1015,366,1782.0,A,Ace Trainer Carol (Elo 2127.7),Super Nerd Markus (Elo 1193.1),Camper Pedro (7 games),11.01,Seaking Lv50 (Swift Swim): Flail/Aqua Ring/Fury Attack/Waterfall | Seaking Lv50 (Swift Swim): Flail/Aqua Ring/Fury Attack/Waterfall | Seaking Lv50 (Swift Swim): Waterfall/Horn Drill/Agility/Megahorn
90,twins_jo_zoe_0416,Twins Jo & Zoe,Trainerclass Twins,435,112,0.795,965,321,1805.4,A,School Kid Alan (Elo 2088.1),Bug Catcher Dion (Elo 1341.2),Poke Maniac Brent (7 games),4.41,Vileplume Lv50 (Chlorophyll): Giga Drain/Stun Spore/Drain Punch/Attract | Victreebel Lv50 (Chlorophyll): Giga Drain/Sleep Powder/Sludge Bomb/Protect
91,ace_trainer_f_lois_0116,Ace Trainer Lois,Trainerclass Ace Trainer F,435,112,0.795,991,348,1803.5,A,Ace Trainer Gaven (Elo 2098.6),Super Nerd Waldo (Elo 1307.6),Hiker Devin (7 games),9.35,Mareep Lv50 (Static): Thunder Shock/Cotton Spore/Thunder Wave/Charge | Ninetales Lv50 (Flash Fire): Flamethrower/Quick Attack/Confuse Ray/Nasty Plot
92,juggler_horton_0396,Juggler Horton,Trainerclass Juggler,434,113,0.793,992,348,1796.0,A,Ace Trainer French (Elo 2094.2),Bug Catcher Ellis (Elo 1276.6),Biker Aiden (7 games),9.06,Electrode Lv50 (Static): Swift/Shock Wave/Screech/Explosion | Electrode Lv50 (Static): Swift/Shock Wave/Double Team/Light Screen | Electrode Lv50 (Static): Swift/Shock Wave/Screech/Rollout
93,biker_joel_0314,Biker Joel,Trainerclass Biker,433,114,0.792,964,329,1809.4,A,School Kid Billy (Elo 2054.9),Picnicker Kim (Elo 983.2),Biker Aiden (7 games),6.39,Magmar Lv50 (Flame Body): Confuse Ray/Fire Punch/Lava Plume/Flamethrower | Magmar Lv50 (Flame Body): Confuse Ray/Fire Punch/Lava Plume/Flamethrower
94,biker_ernest_0636,Biker Ernest,Trainerclass Biker,432,115,0.79,1024,391,1736.1,A-,School Kid Alan (Elo 2088.1),School Kid Alan (Elo 1359.4),Biker Charles (7 games),8.71,Ursaring Lv50 (Guts): Scary Face/Rest/Snore/Thrash | Azumarill Lv50 (Huge Power): Double Edge/Rain Dance/Aqua Tail/Hydro Pump
95,swimmer_m_tyson_0374,Swimmer Tyson,Trainerclass Swimmer M,431,116,0.788,996,369,1787.5,A,Ace Trainer Jamie (Elo 1994.2),Picnicker Adrian (Elo 1283.7),Juggler Horton (7 games),8.82,Quagsire Lv50 (Water Absorb): Earthquake/Yawn/Surf/Amnesia | Octillery Lv50 (Sniper): Signal Beam/Wring Out/Octazooka/Aurora Beam
96,psychic_m_vernon_0411,Psychic Vernon,Trainerclass Psychic M,431,116,0.788,988,361,1779.2,A,Camper Tanner (Elo 2083.2),Skier Diana (Elo 1102.5),Fisherman Wilton (7 games),3.91,Espeon Lv50 (Synchronize): Confusion/Quick Attack/Swift/Psybeam
97,fisherman_kyle_0661,Fisherman Kyle,Trainerclass Fisherman,430,117,0.786,968,344,1793.5,A,Ace Trainer Gwen (Elo 2059.2),Black Belt Yoshi (Elo 1272.1),Black Belt Ander (7 games),10.24,Seaking Lv50 (Swift Swim): Flail/Aqua Ring/Fury Attack/Waterfall | Qwilfish Lv50 (Poison Point): Spit Up/Revenge/Brine/Pin Missile | Seaking Lv50 (Swift Swim): Flail/Aqua Ring/Fury Attack/Waterfall
98,hiker_anthony_0155,Hiker Anthony,Trainerclass Hiker,430,117,0.786,958,333,1790.1,A,Ace Trainer French (Elo 2094.2),Hiker Leonard (Elo 1389.9),Twins Jo & Zoe (7 games),4.16,Graveler Lv50 (Rock Head): Selfdestruct/Rollout/Rock Blast/Earthquake | Graveler Lv50 (Rock Head): Rollout/Rock Blast/Earthquake/Explosion | Machoke Lv50 (No Guard): Vital Throw/Submission/Wake Up Slap/Cross Chop
99,bug_catcher_wade_0460,Bug Catcher Wade,Trainerclass Bug Catcher,430,117,0.786,965,344,1785.4,A,Ace Trainer Jake (Elo 2032.2),Bird Keeper Josh (Elo 1245.7),Hiker Kenny (7 games),10.19,Butterfree Lv50 (Compound Eyes): Bug Bite/Silver Wind/Confusion/Gust | Butterfree Lv50 (Compound Eyes): Bug Buzz/Tailwind/Captivate/Safeguard | Beedrill Lv50 (Swarm): Bug Bite/Twineedle/Poison Jab/Focus Energy | Butterfree Lv50 (Compound Eyes): Bug Bite/Gust/Sleep Powder/Stun Spore
100,lass_laura_0354,Lass Laura,Trainerclass Lass,429,118,0.784,934,310,1774.1,A,Camper Tanner (Elo 2083.2),Biker Teddy (Elo 1419.3),Black Belt Kenji (7 games),14.22,Gloom @ Sitrus Berry Lv50 (Chlorophyll): Sleep Powder/Mega Drain/Lucky Chant/Natural Gift | Pidgeotto Lv50 (Tangled Feet): Twister/Feather Dance/Agility/Wing Attack | Bellossom Lv50 (Chlorophyll): Sweet Scent/Stun Spore/Sunny Day/Magical Leaf
101,bird_keeper_gs_vance_0612,Bird Keeper Vance,Trainerclass Bird Keeper Gs,429,118,0.784,946,327,1762.2,A,School Kid Alan (Elo 2088.1),Hiker Anthony (Elo 1119.8),Fisherman Stephen (7 games),16.0,Pidgeot Lv50 (Keen Eye): Wing Attack/Roost/Tailwind/Mirror Move | Pidgeot Lv50 (Keen Eye): Feather Dance/Agility/Wing Attack/Roost | Noctowl Lv50 (Insomnia): Zen Headbutt/Extrasensory/Psycho Shift/Roost
102,hiker_kenny_0656,Hiker Kenny,Trainerclass Hiker,428,119,0.782,953,334,1779.2,A,Double Team Elan & Ida (Elo 2008.9),Sailor Huey (Elo 1197.2),School Kid Billy (7 games),8.23,Sandslash Lv50 (Sand Veil): Crush Claw/Fury Cutter/Sand Tomb/Slash | Graveler Lv50 (Rock Head): Selfdestruct/Rollout/Rock Blast/Earthquake | Golem Lv50 (Rock Head): Rock Blast/Earthquake/Explosion/Double Edge | Onix Lv50 (Rock Head): Dragon Breath/Curse/Iron Tail/Sand Tomb
103,black_belt_kenji_0278,Black Belt Kenji,Trainerclass Black Belt,426,121,0.779,970,362,1776.4,A,Ace Trainer Gwen (Elo 2059.2),Medium Edith (Elo 1232.1),Lass Laura (7 games),13.7,Onix Lv50 (Rock Head): Rock Tomb/Sandstorm/Slam/Rock Polish | Machamp Lv50 (Guts): Revenge/Vital Throw/Submission/Wake Up Slap | Onix Lv50 (Rock Head): Sandstorm/Slam/Rock Polish/Dragon Breath | Hitmonlee Lv50 (Limber): Hi Jump Kick/Mind Reader/Foresight/Blaze Kick
104,biker_aiden_0632,Biker Aiden,Trainerclass Biker,420,127,0.768,1027,447,1750.8,A,Ace Trainer Jake (Elo 2032.2),Pokefan Rex (Elo 1078.5),Ace Trainer Reena (7 games),8.2,Hypno Lv50 (Insomnia): Psych Up/Swagger/Psychic/Nasty Plot | Tentacruel Lv50 (Clear Body): Poison Jab/Screech/Hydro Pump/Wring Out
105,camper_dean_0149,Camper Dean,Trainerclass Camper,415,132,0.759,961,398,1768.4,A,Double Team Elan & Ida (Elo 2008.9),School Kid Alan (Elo 1359.4),Super Nerd Cary (7 games),7.9,Golduck Lv50 (Cloud Nine): Fury Swipes/Screech/Psych Up/Zen Headbutt | Sandslash Lv50 (Sand Veil): Crush Claw/Fury Cutter/Sand Tomb/Slash
106,psychic_m_franklin_0230,Psychic Franklin,Trainerclass Psychic M,414,133,0.757,945,382,1777.3,A,Ace Trainer Gaven (Elo 2098.6),Youngster Joey (Elo 1099.7),Pokefan Robert (7 games),4.74,Kadabra Lv50 (Inner Focus): Headbutt/Skill Swap/Psychic/Disable | Girafarig Lv50 (Early Bird): Crunch/Skill Swap/Double Hit/Psychic
107,school_kid_m_chad_0507,School Kid Chad,Trainerclass School Kid M,414,133,0.757,947,388,1773.1,A,Kimono Girl Naoko (Elo 1991.6),Camper Ivan (Elo 1240.2),Hiker Kenny (7 games),11.86,Mr Mime Lv50 (Soundproof): Baton Pass/Double Team/Light Screen/Psychic | Magneton Lv50 (Magnet Pull): Gyro Ball/Mirror Shot/Thunder Wave/Magnet Bomb
108,ace_trainer_f_reena_0114,Ace Trainer Reena,Trainerclass Ace Trainer F,414,133,0.757,937,378,1741.8,A-,Ace Trainer Reena (Elo 2163.9),Boarder Deandre (Elo 1400.8),Fisherman Murphy (7 games),7.23,Growlithe Lv50 (Intimidate): Reversal/Fire Fang/Take Down/Flamethrower | Nidorina Lv50 (Poison Point): Poison Sting/Fury Swipes/Bite/Helping Hand | Staryu Lv50 (Illuminate): Camouflage/Swift/Bubble Beam/Minimize
109,ace_trainer_f_jamie_0113,Ace Trainer Jamie,Trainerclass Ace Trainer F,413,134,0.755,933,379,1730.0,A-,Camper Bertrand (Elo 1965.4),Hiker Parry (Elo 1116.0),Mystery Man Eusine (7 games),7.84,Rapidash Lv50 (Flash Fire): Stomp/Fire Spin/Will O Wisp/Agility | Flaaffy Lv50 (Static): Discharge/Cotton Spore/Thunder Wave/Charge
110,sailor_kenneth_0241,Sailor Kenneth,Trainerclass Sailor,411,136,0.751,940,392,1755.2,A,Camper Todd (Elo 1993.9),Medium Edith (Elo 1232.1),Bird Keeper Justin (7 games),9.42,Machop Lv50 (Guts): Revenge/Vital Throw/Submission/Wake Up Slap | Machop Lv50 (No Guard): Revenge/Vital Throw/Submission/Wake Up Slap | Poliwrath Lv50 (Damp): Bubble Beam/Hypnosis/Double Slap/Submission | Machop Lv50 (No Guard): Revenge/Vital Throw/Submission/Wake Up Slap
111,kimono_girl_sayo_0161,Kimono Girl Sayo,Trainerclass Kimono Girl,410,137,0.75,922,372,1769.2,A,Ace Trainer Salma (Elo 2128.1),Youngster Gordon (Elo 987.3),Juggler Irwin (7 games),7.1,Jolteon Lv50 (Volt Absorb): Last Resort/Thunderbolt/Double Team/Thunder Wave
112,twins_day_dani_0598,Twins Day & Dani,Trainerclass Twins,406,141,0.742,959,435,1704.6,B+,Ace Trainer Salma (Elo 2128.1),Passerby Boy (Elo 966.8),School Kid Billy (7 games),3.86,Plusle Lv50 (Plus): Copycat/Swift/Charge/Thunder | Minun Lv50 (Minus): Swift/Fake Tears/Charge/Thunder
113,boarder_shaun_0682,Boarder Shaun,Trainerclass Boarder,404,143,0.739,959,439,1729.0,A-,Ace Trainer French (Elo 2094.2),Teacher Hillary (Elo 1283.5),Young Couple Vic & Tara (7 games),9.84,Cloyster Lv50 (Shell Armor): Aurora Beam/Protect/Spikes/Spike Cannon | Dewgong Lv50 (Thick Fat): Take Down/Dive/Aqua Tail/Ice Beam
114,bird_keeper_gs_vance_0448,Bird Keeper Vance,Trainerclass Bird Keeper Gs,404,143,0.739,930,413,1720.5,A-,Psychic Herman (Elo 1956.3),Scientist Trenton (Elo 1270.3),Hiker Eoin (7 games),12.42,Pidgeotto Lv50 (Keen Eye): Twister/Feather Dance/Agility/Wing Attack | Pidgeot Lv50 (Keen Eye): Twister/Feather Dance/Agility/Wing Attack | Noctowl Lv50 (Insomnia): Take Down/Air Slash/Zen Headbutt/Extrasensory
115,juggler_irwin_0455,Juggler Irwin,Trainerclass Juggler,403,144,0.737,929,407,1732.5,A-,Ace Trainer Reena (Elo 2163.9),Pokefan Georgia (Elo 1349.1),Kimono Girl Sayo (7 games),8.72,Voltorb Lv50 (Soundproof): Light Screen/Charge Beam/Selfdestruct/Swift | Voltorb Lv50 (Static): Charge Beam/Selfdestruct/Swift/Magnet Rise | Voltorb Lv50 (Static): Charge Beam/Selfdestruct/Swift/Magnet Rise | Electrode Lv50 (Static): Charge Beam/Selfdestruct/Swift/Magnet Rise
116,camper_tanner_0658,Camper Tanner,Trainerclass Camper,402,145,0.735,915,399,1755.2,A,Ace Trainer Quinn (Elo 2025.9),Hiker Jim (Elo 1329.0),Black Belt Lao (7 games),6.37,Sudowoodo Lv50 (Sturdy): Rock Tomb/Rock Slide/Slam/Sucker Punch | Chinchou Lv50 (Volt Absorb): Bubble Beam/Signal Beam/Discharge/Aqua Ring
117,bird_keeper_gs_josh_0647,Bird Keeper Josh,Trainerclass Bird Keeper Gs,402,145,0.735,908,396,1748.6,A-,School Kid Billy (Elo 2054.9),Camper Virgil (Elo 1152.0),Sailor Stanly (7 games),8.53,Skarmory Lv50 (Keen Eye): Steel Wing/Air Slash/Slash/Night Slash | Fearow Lv50 (Keen Eye): Agility/Assurance/Roost/Drill Peck
118,bird_keeper_gs_josh_0648,Bird Keeper Josh,Trainerclass Bird Keeper Gs,401,146,0.733,910,403,1746.7,A-,School Kid Alan (Elo 2088.1),Swimmer Wendy (Elo 1201.0),Hiker Eoin (7 games),8.38,Skarmory Lv50 (Keen Eye): Steel Wing/Air Slash/Slash/Night Slash | Fearow Lv50 (Keen Eye): Agility/Assurance/Roost/Drill Peck
119,fisherman_murphy_0589,Fisherman Murphy,Trainerclass Fisherman,400,147,0.731,895,388,1732.4,A-,Ace Trainer Kevin (Elo 1990.1),School Kid Travis (Elo 1253.5),Ace Trainer Ryan (7 games),9.45,Corsola Lv50 (Hustle): Rock Blast/Bubble Beam/Lucky Chant/Ancient Power | Corsola Lv50 (Hustle): Rock Blast/Bubble Beam/Lucky Chant/Ancient Power | Corsola Lv50 (Hustle): Rock Blast/Bubble Beam/Lucky Chant/Ancient Power | Corsola Lv50 (Hustle): Bubble Beam/Lucky Chant/Ancient Power/Aqua Ring
120,lass_michelle_0356,Lass Michelle,Trainerclass Lass,400,147,0.731,934,422,1723.0,A-,Ace Trainer Jake (Elo 2032.2),Teacher Colette (Elo 1096.4),Super Nerd Pat (7 games),13.94,Skiploom Lv50 (Chlorophyll): Giga Drain/U Turn/Leech Seed/Sunny Day | Hoppip Lv50 (Chlorophyll): Giga Drain/U Turn/Stun Spore/Bounce | Jumpluff Lv50 (Chlorophyll): Giga Drain/U Turn/Sleep Powder/Sunny Day
121,school_kid_m_sherman_0546,School Kid Sherman,Trainerclass School Kid M,399,148,0.729,925,427,1735.6,A-,Ace Trainer Salma (Elo 2128.1),Super Nerd Markus (Elo 1193.1),Youngster Jason (7 games),13.25,Furret Lv50 (Run Away): Double Team/Baton Pass/Amnesia/Slam | Pidgeot Lv50 (Keen Eye): Roost/Wing Attack/Steel Wing/Return
122,biker_reese_0630,Biker Reese,Trainerclass Biker,399,148,0.729,941,440,1724.5,A-,Ace Trainer Blake (Elo 2046.3),Hiker Noland (Elo 1363.6),Medium Darcy (7 games),8.23,Arbok Lv50 (Intimidate): Gunk Shot/Mud Bomb/Gastro Acid/Crunch | Weezing Lv50 (Levitate): Sludge Bomb/Double Hit/Smoke Screen/Thunder
123,camper_barry_0084,Camper Barry,Trainerclass Camper,397,150,0.726,927,432,1750.0,A,Ace Trainer Shaye (Elo 2106.2),Swimmer Wendy (Elo 1201.0),Fisherman Marvin (7 games),3.94,Nidoking Lv50 (Rivalry): Poison Jab/Focus Energy/Earth Power/Focus Blast
124,kimono_girl_miki_0164,Kimono Girl Miki,Trainerclass Kimono Girl,396,151,0.724,903,414,1704.4,B+,Ace Trainer Gaven (Elo 2053.2),Swimmer Simon (Elo 1253.8),School Kid Chad (7 games),3.92,Flareon Lv50 (Flash Fire): Last Resort/Fire Blast/Quick Attack/Will O Wisp
125,youngster_jimmy_0379,Youngster Jimmy,Trainerclass Youngster,395,152,0.722,931,447,1749.1,A-,Ace Trainer Gwen (Elo 2059.2),Bird Keeper Josh (Elo 1245.7),Swimmer Mina (7 games),10.58,Raticate Lv50 (Run Away): Crunch/Assurance/Super Fang/Double Edge | Arbok Lv50 (Intimidate): Swallow/Spit Up/Mud Bomb/Gastro Acid | Parasect Lv50 (Effect Spore): Spore/Slash/Growth/Giga Drain
126,biker_charles_0312,Biker Charles,Trainerclass Biker,395,152,0.722,922,438,1709.9,A-,School Kid Jack (Elo 2030.7),Medium Margaret (Elo 1222.0),Biker Ernest (7 games),6.88,Koffing Lv50 (Levitate): Sludge/Haze/Gyro Ball/Explosion | Charmeleon Lv50 (Blaze): Scary Face/Fire Fang/Slash/Flamethrower | Weezing Lv50 (Levitate): Sludge/Haze/Double Hit/Explosion
127,pokefan_m_alex_0492,Pokefan Alex,Trainerclass Pokefan M,395,152,0.722,924,439,1682.3,B+,Double Team Thom & Kae (Elo 1965.5),Medium Margaret (Elo 1222.0),Hiker Kenny (7 games),9.61,Nidoking Lv50 (Rivalry): Focus Energy/Double Kick/Poison Sting/Thrash | Slowking Lv50 (Own Tempo): Confusion/Disable/Headbutt/Water Pulse | Magikarp Lv50 (Swift Swim): Splash/Tackle/Flail
128,fisherman_jonah_0128,Fisherman Jonah,Trainerclass Fisherman,394,153,0.72,911,429,1729.1,A-,Camper Todd (Elo 1993.9),Camper Ted (Elo 1289.3),Fisherman Wilton (7 games),12.29,Shellder Lv50 (Shell Armor): Leer/Clamp/Ice Shard/Aurora Beam | Octillery Lv50 (Sniper): Focus Energy/Octazooka/Bullet Seed/Wring Out | Remoraid Lv50 (Sniper): Bubble Beam/Focus Energy/Bullet Seed/Water Pulse | Cloyster Lv50 (Skill Link): Supersonic/Aurora Beam/Protect/Spikes
129,sailor_huey_0509,Sailor Huey,Trainerclass Sailor,394,153,0.72,923,442,1723.0,A-,Ace Trainer Kevin (Elo 1990.1),Beauty Kassandra (Elo 1284.7),Black Belt Kenji (7 games),7.68,Politoed Lv50 (Water Absorb): Whirlpool/Rain Dance/Body Slam/Perish Song | Poliwrath Lv50 (Water Absorb): Surf/Strength/Ice Punch/Submission
130,juggler_irwin_0527,Juggler Irwin,Trainerclass Juggler,393,154,0.718,917,445,1694.4,B+,Ace Trainer Quinn (Elo 2025.9),Pokefan Rex (Elo 1078.5),Ace Trainer Ryan (7 games),14.65,Voltorb Lv50 (Soundproof): Rollout/Spark/Sonic Boom/Charge | Voltorb Lv50 (Static): Charge Beam/Charge/Light Screen/Swift | Electrode Lv50 (Static): Thunder/Screech/Charge Beam/Rain Dance | Electrode Lv50 (Static): Thunder/Mirror Coat/Magnet Rise/Thunder Wave
131,ace_trainer_f_piper_0501,Ace Trainer Piper,Trainerclass Ace Trainer F,392,155,0.717,898,424,1708.3,A-,Camper Todd (Elo 1993.9),Picnicker Heidi (Elo 1232.4),Teacher Clarice (7 games),9.94,Horsea Lv50 (Sniper): Smoke Screen/Leer/Brine/Twister | Horsea Lv50 (Sniper): Smoke Screen/Leer/Brine/Twister | Seadra Lv50 (Sniper): Agility/Leer/Waterfall/Twister
132,firebreather_walt_0620,Firebreather Walt,Trainerclass Firebreather,392,155,0.717,923,454,1707.6,A-,Ace Trainer Shaye (Elo 2106.2),Beauty Kimberly (Elo 1229.7),Kimono Girl Sayo (7 games),7.7,Magmar Lv50 (Flame Body): Faint Attack/Fire Spin/Confuse Ray/Fire Punch | Magmar Lv50 (Flame Body): Fire Spin/Confuse Ray/Fire Punch/Lava Plume
133,twins_kay_tia_0644,Twins Kay & Tia,Trainerclass Twins,392,155,0.717,880,404,1707.3,A-,Ace Trainer Jamie (Elo 1994.2),Picnicker Selina (Elo 1050.6),Camper Bertrand (7 games),5.16,Quagsire Lv50 (Damp): Rain Dance/Surf/Muddy Water/Earthquake | Quagsire Lv50 (Damp): Amnesia/Surf/Muddy Water/Protect
134,school_kid_m_billy_0331,School Kid Billy,Trainerclass School Kid M,392,155,0.717,960,489,1702.0,B+,Swimmer Lori (Elo 2055.6),School Kid Connor (Elo 1134.7),Twins Day & Dani (7 games),10.92,Parasect Lv50 (Dry Skin): Spore/Slash/Growth/Giga Drain | Poliwhirl Lv50 (Damp): Body Slam/Bubble Beam/Mud Shot/Belly Drum | Ditto Lv50 (Limber): Transform
135,fisherman_scott_0413,Fisherman Scott,Trainerclass Fisherman,390,157,0.713,904,449,1727.1,A-,Fisherman Kyle (Elo 1939.5),Biker Theron (Elo 1316.2),Black Belt Manford (7 games),10.07,Qwilfish Lv50 (Swift Swim): Water Gun/Revenge/Rollout/Poison Sting | Qwilfish Lv50 (Swift Swim): Water Gun/Revenge/Stockpile/Spit Up | Seaking Lv50 (Water Veil): Fury Attack/Aqua Ring/Flail/Water Pulse
136,biker_dan_0575,Biker Dan,Trainerclass Biker,390,157,0.713,893,428,1700.2,B+,Ace Trainer Quinn (Elo 2025.9),Medium Bethany (Elo 1249.2),Youngster Regis (7 games),11.15,Gulpin Lv50 (Liquid Ooze): Stockpile/Spit Up/Swallow/Sludge Bomb | Weezing Lv50 (Levitate): Selfdestruct/Sludge/Haze/Double Hit | Weezing Lv50 (Levitate): Selfdestruct/Sludge/Haze/Double Hit
137,fisherman_ralph_0515,Fisherman Ralph,Trainerclass Fisherman,389,158,0.711,951,486,1715.4,A-,Ace Trainer Gaven (Elo 2058.2),School Kid Ricky (Elo 1260.0),Black Belt Manford (7 games),6.94,Qwilfish Lv50 (Poison Point): Take Down/Aqua Tail/Poison Jab/Destiny Bond | Seaking Lv50 (Swift Swim): Fury Attack/Waterfall/Horn Drill/Agility
138,super_nerd_shawn_0367,Super Nerd Shawn,Trainerclass Super Nerd,389,158,0.711,888,433,1696.7,B+,Ace Trainer Quinn (Elo 2025.9),Camper Ivan (Elo 1240.2),Youngster Ian (7 games),10.69,Magnemite Lv50 (Sturdy): Lock On/Magnet Bomb/Screech/Discharge | Muk @ Nugget Lv50 (Sticky Hold): Mud Bomb/Fling/Screech/Sludge Bomb | Magnemite Lv50 (Sturdy): Lock On/Magnet Bomb/Screech/Discharge
139,black_belt_ander_0550,Black Belt Ander,Trainerclass Black Belt,388,159,0.709,946,484,1694.1,B+,Ace Trainer French (Elo 2094.2),Pokefan Trevor (Elo 1076.9),Ace Trainer Ryan (7 games),7.8,Primeape Lv50 (Vital Spirit): Assurance/Rage/Swagger/Cross Chop | Graveler Lv50 (Rock Head): Rollout/Rock Blast/Earthquake/Explosion | Machoke Lv50 (Guts): Submission/Wake Up Slap/Cross Chop/Scary Face
140,black_belt_wai_0339,Black Belt Wai,Trainerclass Black Belt,387,160,0.707,876,420,1732.0,A-,Double Team Thom & Kae (Elo 1965.5),Medium Margaret (Elo 1222.0),Ace Trainer Piper (7 games),6.97,Machoke Lv50 (No Guard): Revenge/Vital Throw/Submission/Wake Up Slap | Machoke Lv50 (No Guard): Vital Throw/Submission/Wake Up Slap/Cross Chop | Meditite Lv50 (Pure Power): Force Palm/Hi Jump Kick/Psych Up/Power Trick
141,pokefan_m_joshua_0349,Pokefan Joshua,Trainerclass Pokefan M,387,160,0.707,892,443,1729.0,A-,Ace Trainer Quinn (Elo 2025.9),Hiker Russel (Elo 1087.7),Bug Catcher Rob (7 games),13.9,Pikachu Lv50 (Static): Double Team/Slam/Thunderbolt/Feint | Pikachu Lv50 (Static): Double Team/Slam/Thunderbolt/Feint | Pikachu Lv50 (Static): Double Team/Slam/Thunderbolt/Feint | Pikachu Lv50 (Static): Double Team/Slam/Thunderbolt/Feint | Pikachu Lv50 (Static): Double Team/Slam/Thunderbolt/Feint | Pikachu Lv50 (Static): Double Team/Slam/Thunderbolt/Feint
142,ace_trainer_f_irene_0120,Ace Trainer Irene,Trainerclass Ace Trainer F,386,161,0.706,912,468,1689.3,B+,School Kid Billy (Elo 2054.9),School Kid Travis (Elo 1253.5),Swimmer Briana (7 games),8.33,Goldeen Lv50 (Swift Swim): Supersonic/Horn Attack/Water Pulse/Flail | Seaking Lv50 (Swift Swim): Supersonic/Horn Attack/Water Pulse/Flail
143,black_belt_kiyo_0158,Black Belt Kiyo,Trainerclass Black Belt,385,162,0.704,900,451,1717.4,A-,Ace Trainer Gaven (Elo 2058.2),Super Nerd Markus (Elo 1193.1),Picnicker Erin (7 games),7.9,Hitmonlee Lv50 (Reckless): Focus Energy/Feint/Hi Jump Kick/Mind Reader | Hitmonchan Lv50 (Iron Fist): Vacuum Wave/Thunder Punch/Ice Punch/Fire Punch
144,school_kid_m_torin_0651,School Kid Torin,Trainerclass School Kid M,385,162,0.704,905,456,1712.7,A-,School Kid Billy (Elo 2054.9),Medium Margaret (Elo 1222.0),Fisherman Kyle (7 games),11.14,Sandslash Lv50 (Sand Veil): Sand Tomb/Slash/Gyro Ball/Sandstorm | Golbat Lv50 (Inner Focus): Mean Look/Poison Fang/Haze/Air Slash | Vulpix Lv50 (Flash Fire): Captivate/Grudge/Extrasensory/Fire Blast
145,hiker_bruce_0547,Hiker Bruce,Trainerclass Hiker,385,162,0.704,927,482,1701.6,B+,Ace Trainer Salma (Elo 2128.1),Scientist Mitch (Elo 1003.3),Sage Edmond (7 games),7.2,Graveler Lv50 (Rock Head): Rollout/Rock Blast/Earthquake/Explosion | Rhydon Lv50 (Lightning Rod): Rock Blast/Take Down/Horn Drill/Hammer Arm | Clefairy Lv50 (Cute Charm): Gravity/Moonlight/Light Screen/Meteor Mash
146,school_kid_m_torin_0650,School Kid Torin,Trainerclass School Kid M,385,162,0.704,918,472,1674.9,B+,School Kid Billy (Elo 2054.9),Medium Margaret (Elo 1222.0),Medium Martha (7 games),11.4,Sandslash Lv50 (Sand Veil): Fury Cutter/Sand Tomb/Slash/Gyro Ball | Golbat Lv50 (Inner Focus): Mean Look/Poison Fang/Haze/Air Slash | Vulpix Lv50 (Flash Fire): Captivate/Grudge/Extrasensory/Fire Blast
147,school_kid_m_kipp_0179,School Kid Kipp,Trainerclass School Kid M,384,163,0.702,880,441,1679.0,B+,Poke Maniac Brent (Elo 1874.7),Scientist Trenton (Elo 1270.3),Psychic Vernon (7 games),11.66,Voltorb Lv50 (Static): Charge Beam/Selfdestruct/Swift/Magnet Rise | Magnemite Lv50 (Sturdy): Spark/Lock On/Magnet Bomb/Screech | Voltorb Lv50 (Static): Selfdestruct/Swift/Magnet Rise/Gyro Ball | Magneton Lv50 (Sturdy): Lock On/Magnet Bomb/Screech/Discharge
148,school_kid_m_billy_0640,School Kid Billy,Trainerclass School Kid M,383,164,0.7,916,478,1712.6,A-,Picnicker Liz (Elo 1926.3),Bird Keeper Ernie (Elo 1120.5),Bird Keeper Josh (7 games),10.63,Parasect Lv50 (Effect Spore): Spore/Slash/Growth/Giga Drain | Poliwhirl Lv50 (Water Absorb): Bubble Beam/Mud Shot/Belly Drum/Wake Up Slap | Ditto Lv50 (Limber): Transform
149,young_couple_vic_tara_0557,Young Couple Vic & Tara,Trainerclass Young Couple,383,164,0.7,904,468,1706.2,A-,School Kid Billy (Elo 2054.9),Scientist Mitch (Elo 1003.3),Boarder Shaun (7 games),3.97,Magmar Lv50 (Flame Body): Sunny Day/Flamethrower/Confuse Ray/Fire Spin | Sunflora Lv50 (Solar Power): Solar Beam/Razor Leaf/Ingrain/Mega Drain
150,ace_trainer_f_lola_0117,Ace Trainer Lola,Trainerclass Ace Trainer F,382,165,0.698,915,487,1713.0,A-,Ace Trainer Gaven (Elo 2058.2),Bird Keeper Josh (Elo 1245.7),Lass Dana (7 games),7.09,Dratini Lv50 (Shed Skin): Slam/Agility/Aqua Tail/Dragon Rush | Dragonair Lv50 (Shed Skin): Dragon Rage/Slam/Agility/Aqua Tail
151,hiker_kenny_0358,Hiker Kenny,Trainerclass Hiker,382,165,0.698,914,480,1689.4,B+,Ace Trainer Jamie (Elo 1994.2),Poke Maniac Beckett (Elo 1178.9),Bug Catcher Wade (7 games),7.02,Sandslash Lv50 (Sand Veil): Swift/Fury Swipes/Rollout/Crush Claw | Graveler Lv50 (Rock Head): Magnitude/Selfdestruct/Rollout/Rock Blast | Golem Lv50 (Rock Head): Selfdestruct/Rollout/Rock Blast/Earthquake
152,ace_trainer_m_cody_0112,Ace Trainer Cody,Trainerclass Ace Trainer M,377,170,0.689,872,468,1674.4,B+,Camper Bertrand (Elo 1965.4),Young Couple Moe & Lulu (Elo 1163.8),Bug Catcher Arnie (7 games),5.84,Horsea Lv50 (Swift Swim): Agility/Twister/Brine/Hydro Pump | Seadra Lv50 (Sniper): Bubble Beam/Agility/Twister/Brine
153,school_kid_m_jack_0431,School Kid Jack,Trainerclass School Kid M,376,171,0.687,887,473,1663.1,B,Camper Tanner (Elo 1991.5),Bug Catcher Wayne (Elo 1095.4),Camper Sid (7 games),14.53,Vileplume Lv50 (Chlorophyll): Mega Drain/Aromatherapy/Stun Spore/Poison Powder | Electrode Lv50 (Soundproof): Screech/Light Screen/Charge Beam/Selfdestruct
154,bird_keeper_gs_josh_0646,Bird Keeper Josh,Trainerclass Bird Keeper Gs,375,172,0.686,859,455,1705.0,B+,School Kid Alan (Elo 2088.1),Hiker Daniel (Elo 1160.4),Hiker Parry (7 games),10.58,Fearow Lv50 (Keen Eye): Agility/Assurance/Roost/Drill Peck | Skarmory Lv50 (Keen Eye): Metal Sound/Steel Wing/Air Slash/Slash
155,biker_reese_0628,Biker Reese,Trainerclass Biker,375,172,0.686,887,477,1683.1,B+,Ace Trainer Gaven (Elo 2058.2),Psychic Greg (Elo 1290.0),Biker Ernest (7 games),10.1,Arbok Lv50 (Intimidate): Glare/Screech/Mud Bomb/Crunch | Weezing Lv50 (Levitate): Sludge Bomb/Double Hit/Smoke Screen/Assurance
156,bird_keeper_gs_easton_0597,Bird Keeper Easton,Trainerclass Bird Keeper Gs,374,173,0.684,883,480,1681.0,B+,Biker Aiden (Elo 1950.3),Twins Tori & Til (Elo 1221.9),Boarder Deandre (7 games),12.94,Doduo Lv50 (Run Away): Pursuit/Uproar/Acupressure/Double Hit | Doduo Lv50 (Run Away): Pursuit/Uproar/Acupressure/Double Hit | Dodrio Lv50 (Run Away): Pursuit/Uproar/Acupressure/Tri Attack | Dodrio Lv50 (Run Away): Pursuit/Uproar/Acupressure/Tri Attack
157,firebreather_burt_0318,Firebreather Burt,Trainerclass Firebreather,374,173,0.684,900,498,1680.6,B+,Ace Trainer Gwen (Elo 2059.2),Camper Elliot (Elo 1172.0),Teacher Hillary (7 games),6.25,Weezing Lv50 (Levitate): Flamethrower/Explosion/Double Hit/Sludge | Magcargo Lv50 (Magma Armor): Lava Plume/Amnesia/Ancient Power/Recover
158,scientist_gs_gregg_0470,Scientist Gregg,Trainerclass Scientist Gs,373,174,0.682,849,457,1689.2,B+,Camper Bertrand (Elo 1965.4),Sailor Harry (Elo 1027.2),Teacher Clarice (7 games),12.42,Magnemite Lv50 (Magnet Pull): Thunder Shock/Supersonic/Sonic Boom/Thunder Wave | Magnemite Lv50 (Sturdy): Thunder Shock/Supersonic/Sonic Boom/Thunder Wave | Magnemite Lv50 (Sturdy): Thunder Shock/Supersonic/Sonic Boom/Thunder Wave
159,sailor_stanly_0238,Sailor Stanly,Trainerclass Sailor,373,174,0.682,871,468,1664.7,B,School Kid Danny (Elo 1940.6),Medium Margaret (Elo 1222.0),Camper Sid (7 games),7.21,Machop Lv50 (No Guard): Vital Throw/Submission/Wake Up Slap/Cross Chop | Machoke Lv50 (No Guard): Vital Throw/Submission/Wake Up Slap/Cross Chop | Psyduck Lv50 (Cloud Nine): Confusion/Water Pulse/Fury Swipes/Screech
160,swimmer_f_briana_0298,Swimmer Briana,Trainerclass Swimmer F,373,174,0.682,916,520,1653.2,B,Double Team Elan & Ida (Elo 2008.9),Elder Li (Elo 1218.5),Ace Trainer Irene (7 games),9.26,Seaking Lv50 (Water Veil): Water Pulse/Aqua Ring/Supersonic/Poison Jab | Seaking Lv50 (Water Veil): Water Pulse/Aqua Ring/Supersonic/Poison Jab
161,hiker_michael_0144,Hiker Michael,Trainerclass Hiker,371,176,0.678,923,535,1639.6,B,School Kid Jack (Elo 2030.7),Fisherman Justin (Elo 856.1),Biker Glenn (7 games),4.31,Geodude Lv50 (Sturdy): Magnitude/Selfdestruct/Rollout/Rock Blast | Graveler Lv50 (Sturdy): Rock Throw/Magnitude/Selfdestruct/Rollout | Golem Lv50 (Sturdy): Rock Throw/Magnitude/Selfdestruct/Rollout
162,ace_trainer_f_kelly_0121,Ace Trainer Kelly,Trainerclass Ace Trainer F,370,177,0.676,833,443,1694.3,B+,Camper Todd (Elo 1993.9),Scientist Trenton (Elo 1270.3),School Kid Alan (7 games),13.19,Marill Lv50 (Thick Fat): Rollout/Bubble Beam/Aqua Ring/Double Edge | Wartortle Lv50 (Torrent): Water Gun/Bite/Rapid Spin/Protect | Wartortle Lv50 (Torrent): Water Gun/Bite/Rapid Spin/Protect
163,swimmer_f_nicole_0293,Swimmer Nicole,Trainerclass Swimmer F,370,177,0.676,915,528,1679.8,B+,Camper Todd (Elo 1993.9),Pokefan Beverly (Elo 1111.2),Hiker Kenny (7 games),10.22,Marill Lv50 (Huge Power): Aqua Ring/Double Edge/Rain Dance/Aqua Tail | Marill Lv50 (Huge Power): Aqua Ring/Double Edge/Rain Dance/Aqua Tail | Lapras Lv50 (Shell Armor): Rain Dance/Perish Song/Ice Beam/Brine
164,bird_keeper_gs_jose_0602,Bird Keeper Jose,Trainerclass Bird Keeper Gs,369,178,0.675,848,470,1676.1,B+,Psychic Herman (Elo 1956.3),Scientist Trenton (Elo 1270.3),Swimmer Tucker (7 games),8.46,Farfetchd Lv50 (Keen Eye): Night Slash/Air Slash/Feint/False Swipe | Farfetchd Lv50 (Keen Eye): Night Slash/Air Slash/Feint/False Swipe | Farfetchd Lv50 (Keen Eye): Night Slash/Air Slash/Feint/False Swipe
165,twins_kay_tia_0645,Twins Kay & Tia,Trainerclass Twins,369,178,0.675,861,479,1650.5,B,Ace Trainer Gwen (Elo 2059.2),Youngster Albert (Elo 1070.6),Skier Jill (7 games),8.38,Quagsire Lv50 (Damp): Amnesia/Surf/Yawn/Protect | Quagsire Lv50 (Damp): Rain Dance/Surf/Muddy Water/Earthquake
166,picnicker_gina_0334,Picnicker Gina,Trainerclass Picnicker,369,178,0.675,879,498,1640.4,B,Ace Trainer French (Elo 2094.2),Skier Diana (Elo 1102.5),Picnicker Liz (7 games),14.62,Skiploom Lv50 (Chlorophyll): Stun Spore/Sleep Powder/Bullet Seed/Leech Seed | Skiploom Lv50 (Chlorophyll): Stun Spore/Sleep Powder/Bullet Seed/Leech Seed | Ivysaur Lv50 (Overgrow): Double Edge/Worry Seed/Synthesis/Solar Beam
167,ace_trainer_f_cybil_0408,Ace Trainer Cybil,Trainerclass Ace Trainer F,368,179,0.673,849,476,1669.2,B+,Swimmer Lori (Elo 2055.6),Camper Ivan (Elo 1240.2),Gentleman Alfred (7 games),8.63,Mareep Lv50 (Static): Discharge/Cotton Spore/Charge/Tackle | Bellossom Lv50 (Chlorophyll): Mega Drain/Stun Spore/Acid/Magical Leaf
168,picnicker_erin_0335,Picnicker Erin,Trainerclass Picnicker,366,181,0.669,887,527,1672.6,B+,Kimono Girl Naoko (Elo 1991.6),Picnicker Gina (Elo 1214.0),Camper Pedro (7 games),13.13,Gloom Lv50 (Chlorophyll): Stun Spore/Sleep Powder/Mega Drain/Lucky Chant | Rapidash Lv50 (Flash Fire): Take Down/Agility/Fire Blast/Fury Attack
169,youngster_regis_0552,Youngster Regis,Trainerclass Youngster,366,181,0.669,876,504,1639.8,B,School Kid Alan (Elo 2088.1),School Kid Travis (Elo 1253.5),Biker Dan (7 games),8.78,Golbat Lv50 (Inner Focus): Confuse Ray/Air Cutter/Mean Look/Poison Fang | Electrode Lv50 (Soundproof): Charge Beam/Selfdestruct/Swift/Magnet Rise
170,school_kid_m_billy_0641,School Kid Billy,Trainerclass School Kid M,366,181,0.669,903,531,1634.1,B,Double Team Zac & Jen (Elo 1926.2),Medium Margaret (Elo 1222.0),Black Belt Kiyo (7 games),10.85,Parasect Lv50 (Effect Spore): Spore/Slash/Growth/Giga Drain | Poliwhirl Lv50 (Water Absorb): Bubble Beam/Mud Shot/Belly Drum/Wake Up Slap | Ditto Lv50 (Limber): Transform
171,firebreather_lyle_0399,Firebreather Lyle,Trainerclass Firebreather,365,182,0.667,882,513,1664.5,B,School Kid Alan (Elo 1992.3),Medium Edith (Elo 1232.1),Swimmer Mina (7 games),7.31,Koffing Lv50 (Levitate): Selfdestruct/Sludge/Haze/Gyro Ball | Flareon Lv50 (Flash Fire): Ember/Quick Attack/Bite/Fire Spin | Koffing Lv50 (Levitate): Selfdestruct/Sludge/Haze/Gyro Ball
172,biker_dwayne_0309,Biker Dwayne,Trainerclass Biker,365,182,0.667,868,496,1657.6,B,Ace Trainer Gaven (Elo 2053.2),Medium Margaret (Elo 1222.0),Sailor Huey (7 games),7.7,Koffing Lv50 (Levitate): Sludge/Haze/Gyro Ball/Explosion | Koffing Lv50 (Levitate): Sludge/Haze/Gyro Ball/Explosion | Koffing Lv50 (Levitate): Sludge/Haze/Gyro Ball/Explosion | Koffing Lv50 (Levitate): Sludge/Haze/Gyro Ball/Explosion
173,swimmer_m_luis_0586,Swimmer Luis,Trainerclass Swimmer M,364,183,0.665,883,524,1658.4,B,Ace Trainer Carol (Elo 2127.7),Picnicker Selina (Elo 1050.6),Ace Trainer Reena (7 games),9.45,Seadra Lv50 (Sniper): Agility/Twister/Brine/Hydro Pump | Quagsire Lv50 (Water Absorb): Amnesia/Yawn/Earthquake/Rain Dance
174,firebreather_walt_0619,Firebreather Walt,Trainerclass Firebreather,364,183,0.665,878,521,1649.4,B,School Kid Alan (Elo 2088.1),Hiker Bailey (Elo 1230.6),Bird Keeper Kinsley (7 games),10.3,Magmar Lv50 (Flame Body): Smoke Screen/Faint Attack/Fire Spin/Confuse Ray | Magmar Lv50 (Flame Body): Faint Attack/Fire Spin/Confuse Ray/Fire Punch
175,scientist_gs_lowell_0687,Scientist Lowell,Trainerclass Scientist Gs,364,183,0.665,885,521,1635.9,B,Ace Trainer French (Elo 2094.2),Fisherman Arnold (Elo 1140.3),Swimmer Harold (7 games),5.12,Arcanine Lv50 (Intimidate): Overheat/Extreme Speed/Fire Fang/Thunder Fang
176,youngster_jason_0381,Youngster Jason,Trainerclass Youngster,363,184,0.664,867,510,1668.8,B+,Ace Trainer Gaven (Elo 2053.2),Medium Edith (Elo 1232.1),School Kid Sherman (7 games),10.33,Sandslash Lv50 (Sand Veil): Crush Claw/Fury Cutter/Sand Tomb/Slash | Crobat Lv50 (Inner Focus): Confuse Ray/Air Cutter/Mean Look/Poison Fang
177,youngster_ian_0618,Youngster Ian,Trainerclass Youngster,362,185,0.662,918,565,1653.9,B,Ace Trainer Jamie (Elo 1994.2),Bird Keeper Ernie (Elo 1120.5),Swimmer Parker (7 games),6.35,Primeape Lv50 (Vital Spirit): Rage/Swagger/Cross Chop/Thrash | Dugtrio Lv50 (Sand Veil): Mud Bomb/Slash/Earthquake/Fissure
178,twins_kay_tia_0643,Twins Kay & Tia,Trainerclass Twins,361,186,0.66,847,501,1673.3,B+,Ace Trainer Gwen (Elo 2059.2),Sage Neal (Elo 1051.7),Poke Maniac Morgan (7 games),4.82,Quagsire Lv50 (Damp): Rain Dance/Surf/Earthquake | Quagsire Lv50 (Damp): Amnesia/Surf/Yawn
179,ace_trainer_m_nick_0205,Ace Trainer Nick,Trainerclass Ace Trainer M,356,191,0.651,846,512,1668.2,B+,Ace Trainer Jamie (Elo 1982.6),Bird Keeper Perry (Elo 1258.2),Bug Catcher Ken (7 games),11.12,Charmander Lv50 (Blaze): Fire Fang/Smoke Screen/Dragon Rage/Scary Face | Squirtle Lv50 (Torrent): Withdraw/Water Gun/Bite/Curse | Bulbasaur Lv50 (Overgrow): Leech Seed/Poison Powder/Sleep Powder/Razor Leaf
180,school_kid_m_torin_0649,School Kid Torin,Trainerclass School Kid M,356,191,0.651,839,510,1648.3,B,Ace Trainer Megan (Elo 1947.6),Pokefan Colin (Elo 1229.5),Hiker Clarke (7 games),11.04,Sandslash Lv50 (Sand Veil): Fury Cutter/Sand Tomb/Slash/Gyro Ball | Golbat Lv50 (Inner Focus): Air Cutter/Mean Look/Poison Fang/Haze | Vulpix Lv50 (Flash Fire): Payback/Fire Spin/Captivate/Grudge
181,fisherman_ralph_0463,Fisherman Ralph,Trainerclass Fisherman,356,191,0.651,867,533,1620.5,B-,Ace Trainer Kevin (Elo 1990.1),Medium Edith (Elo 1232.1),School Kid Alan (7 games),7.7,Qwilfish Lv50 (Poison Point): Brine/Pin Missile/Take Down/Aqua Tail | Seaking Lv50 (Swift Swim): Flail/Aqua Ring/Fury Attack/Waterfall
182,guitarist_vincent_0232,Guitarist Vincent,Trainerclass Guitarist,354,193,0.647,825,503,1651.2,B,Swimmer Lori (Elo 2055.6),Hiker Bailey (Elo 1230.6),Boarder Shaun (7 games),10.15,Jolteon Lv50 (Volt Absorb): Shock Wave/Quick Attack/Pin Missile/Helping Hand | Voltorb Lv50 (Static): Shock Wave/Swift/Gyro Ball/Screech | Magnemite Lv50 (Sturdy): Shock Wave/Supersonic/Thunder Wave/Magnet Bomb
183,super_nerd_sam_0364,Super Nerd Sam,Trainerclass Super Nerd,354,193,0.647,815,494,1650.7,B,School Kid Alan (Elo 2088.1),Camper Ivan (Elo 1240.2),Ace Trainer Ryan (7 games),10.24,Grimer Lv50 (Stench): Screech/Sludge Bomb/Acid Armor/Gunk Shot | Muk @ Toxic Orb Lv50 (Stench): Fling/Screech/Sludge Bomb/Acid Armor
184,school_kid_m_chad_0434,School Kid Chad,Trainerclass School Kid M,354,193,0.647,861,545,1633.2,B,Fisherman Barney (Elo 1946.8),Sailor Terrell (Elo 1097.7),Guitarist Clyde (7 games),9.89,Mr Mime Lv50 (Soundproof): Light Screen/Reflect/Psybeam/Substitute | Magnemite Lv50 (Magnet Pull): Thunder Wave/Spark/Lock On/Magnet Bomb
185,young_couple_tim_sue_0652,Young Couple Tim & Sue,Trainerclass Young Couple,353,194,0.645,890,570,1590.2,C+,Camper Tanner (Elo 2083.2),Pokefan Beverly (Elo 1057.6),Ace Trainer Paulo (7 games),4.39,Kadabra Lv50 (Synchronize): Psycho Cut/Role Play/Psychic/Future Sight | Golduck Lv50 (Damp): Screech/Psych Up/Zen Headbutt/Amnesia
186,fisherman_wilton_0450,Fisherman Wilton,Trainerclass Fisherman,350,197,0.64,842,539,1634.3,B,Ace Trainer Kevin (Elo 1990.1),Picnicker Adrian (Elo 1283.7),Ace Trainer Kevin (7 games),12.66,Goldeen Lv50 (Swift Swim): Water Pulse/Flail/Aqua Ring/Fury Attack | Seaking Lv50 (Swift Swim): Water Pulse/Flail/Aqua Ring/Fury Attack | Seaking Lv50 (Swift Swim): Flail/Aqua Ring/Fury Attack/Waterfall
187,hiker_parry_0606,Hiker Parry,Trainerclass Hiker,350,197,0.64,855,546,1633.0,B,School Kid Billy (Elo 2054.9),Sailor Terrell (Elo 1097.7),Camper Pedro (7 games),6.86,Steelix Lv50 (Rock Head): Iron Tail/Crunch/Double Edge/Stone Edge | Golem Lv50 (Rock Head): Earthquake/Explosion/Double Edge/Stone Edge
188,camper_pedro_0580,Camper Pedro,Trainerclass Camper,350,197,0.64,872,567,1615.0,B-,Ace Trainer French (Elo 2094.2),Pokefan Beverly (Elo 1111.2),Hiker Parry (7 games),5.52,Linoone @ Sitrus Berry Lv50 (Gluttony): Belly Drum/Slash/Dig/Surf
189,burglar_duncan_0014,Burglar Duncan,Trainerclass Burglar,350,197,0.64,841,534,1601.4,B-,Ace Trainer Megan (Elo 1947.6),Bug Catcher Arnie (Elo 1108.5),Black Belt Manford (7 games),10.07,Koffing Lv50 (Levitate): Smog/Smoke Screen/Assurance/Selfdestruct | Magmar Lv50 (Flame Body): Smoke Screen/Faint Attack/Fire Spin/Confuse Ray | Koffing Lv50 (Levitate): Smog/Smoke Screen/Assurance/Selfdestruct
190,black_belt_kenji_0605,Black Belt Kenji,Trainerclass Black Belt,347,200,0.634,886,589,1608.7,B-,Camper Tanner (Elo 1991.5),Fisherman Arnold (Elo 1140.3),Sailor Huey (7 games),18.54,Onix Lv50 (Rock Head): Rock Polish/Dragon Breath/Curse/Iron Tail | Machamp Lv50 (Guts): Wake Up Slap/Cross Chop/Scary Face/Dynamic Punch | Onix Lv50 (Rock Head): Curse/Iron Tail/Sand Tomb/Double Edge | Hitmonlee Lv50 (Limber): Blaze Kick/Endure/Mega Kick/Close Combat
191,picnicker_liz_0277,Picnicker Liz,Trainerclass Picnicker,346,201,0.633,852,560,1638.9,B,Camper Tanner (Elo 2083.2),Medium Margaret (Elo 1222.0),School Kid Johnny (7 games),13.27,Weepinbell Lv50 (Chlorophyll): Knock Off/Sweet Scent/Gastro Acid/Razor Leaf | Nidorino Lv50 (Poison Point): Horn Attack/Helping Hand/Toxic Spikes/Flatter | Nidoqueen Lv50 (Rivalry): Tail Whip/Double Kick/Poison Sting/Body Slam
192,ace_trainer_m_kobe_0500,Ace Trainer Kobe,Trainerclass Ace Trainer M,346,201,0.633,858,572,1626.1,B-,Camper Todd (Elo 1993.9),Youngster Joey (Elo 1118.5),Boarder Gerardo (7 games),4.51,Dragonair Lv50 (Shed Skin): Thunder/Surf/Dragon Rage/Iron Tail
193,gentleman_gregory_0337,Gentleman Gregory,Trainerclass Gentleman,345,202,0.631,855,571,1624.9,B-,Ace Trainer Jake (Elo 2032.2),Hiker Anthony (Elo 1119.8),Picnicker Gina (7 games),11.99,Pikachu Lv50 (Static): Discharge/Light Screen/Thunder Wave/Double Team | Flaaffy Lv50 (Static): Shock Wave/Signal Beam/Charge Beam/Double Team | Electrike Lv50 (Static): Shock Wave/Roar/Thunder Wave/Thunder Fang
194,camper_jerry_0308,Camper Jerry,Trainerclass Camper,345,202,0.631,829,547,1608.9,B-,Camper Tanner (Elo 2083.2),Fisherman Henry (Elo 996.9),Camper Todd (7 games),3.57,Rhydon Lv50 (Rock Head): Rock Slide/Avalanche/Hammer Arm/Take Down
195,bug_catcher_ken_0079,Bug Catcher Ken,Trainerclass Bug Catcher,345,202,0.631,852,566,1602.8,B-,Ace Trainer Gaven (Elo 1998.3),Hiker Russel (Elo 1087.7),Policeman Dirk (7 games),9.88,Ariados Lv50 (Insomnia): Fury Swipes/Sucker Punch/Spider Web/Agility | Pinsir Lv50 (Mold Breaker): Vital Throw/X Scissor/Thrash/Swords Dance
196,swimmer_m_elmo_0585,Swimmer Elmo,Trainerclass Swimmer M,343,204,0.627,861,585,1618.8,B-,Double Team Elan & Ida (Elo 2008.9),Beauty Samantha (Elo 1212.9),Fisherman Ralph (7 games),8.96,Poliwhirl Lv50 (Water Absorb): Bubble Beam/Mud Shot/Belly Drum/Wake Up Slap | Tentacruel Lv50 (Clear Body): Barrier/Water Pulse/Poison Jab/Screech
197,biker_reese_0629,Biker Reese,Trainerclass Biker,342,205,0.625,838,567,1618.7,B-,Ace Trainer Quinn (Elo 2025.9),Swimmer Wendy (Elo 1201.0),Picnicker Edna (7 games),13.22,Arbok Lv50 (Intimidate): Mud Bomb/Swallow/Stockpile/Spit Up | Weezing Lv50 (Levitate): Sludge Bomb/Double Hit/Smoke Screen/Assurance
198,swimmer_f_mina_0588,Swimmer Mina,Trainerclass Swimmer F,341,206,0.623,847,581,1617.4,B-,Camper Todd (Elo 1993.9),Picnicker Selina (Elo 1050.6),Firebreather Lyle (7 games),17.64,Luvdisc Lv50 (Swift Swim): Attract/Sweet Kiss/Water Pulse/Aqua Ring | Luvdisc Lv50 (Swift Swim): Attract/Sweet Kiss/Water Pulse/Aqua Ring | Luvdisc Lv50 (Swift Swim): Sweet Kiss/Water Pulse/Aqua Ring/Captivate
199,camper_lloyd_0148,Camper Lloyd,Trainerclass Camper,340,207,0.622,810,541,1635.8,B,Camper Tanner (Elo 1991.5),Medium Margaret (Elo 1222.0),Black Belt Kenji (7 games),4.21,Nidoking Lv50 (Poison Point): Double Kick/Poison Sting/Thrash/Earth Power
200,school_kid_m_torin_0567,School Kid Torin,Trainerclass School Kid M,340,207,0.622,826,552,1632.7,B,Ace Trainer Quinn (Elo 2025.9),Medium Margaret (Elo 1222.0),Fisherman Scott (7 games),9.03,Sandslash Lv50 (Sand Veil): Crush Claw/Fury Cutter/Sand Tomb/Slash | Golbat Lv50 (Inner Focus): Confuse Ray/Air Cutter/Mean Look/Poison Fang
201,teacher_hillary_0639,Teacher Hillary,Trainerclass Teacher,340,207,0.622,830,561,1594.9,C+,Camper Tanner (Elo 2083.2),Medium Ethel (Elo 1235.9),Firebreather Burt (7 games),8.72,Ambipom Lv50 (Technician): Double Hit/Fling/Nasty Plot/Last Resort | Sunflora Lv50 (Chlorophyll): Petal Dance/Sunny Day/Solar Beam/Leaf Storm
202,black_belt_manford_0548,Black Belt Manford,Trainerclass Black Belt,339,208,0.62,881,623,1615.1,B-,Camper Tanner (Elo 1991.5),Bug Catcher Josh (Elo 1066.5),Fisherman Ralph (7 games),10.01,Poliwrath Lv50 (Water Absorb): Hydro Pump/Dynamic Punch/Mud Shot/Hypnosis
203,swimmer_m_george_0096,Swimmer George,Trainerclass Swimmer M,337,210,0.616,813,563,1608.6,B-,School Kid Tommy (Elo 1896.4),School Kid Connor (Elo 1134.7),Gentleman Alfred (7 games),17.42,Tentacool Lv50 (Clear Body): Supersonic/Constrict/Acid/Toxic Spikes | Tentacool Lv50 (Liquid Ooze): Supersonic/Constrict/Acid/Toxic Spikes | Tentacool Lv50 (Liquid Ooze): Supersonic/Constrict/Acid/Toxic Spikes | Staryu Lv50 (Natural Cure): Water Gun/Rapid Spin/Recover/Camouflage | Tentacool Lv50 (Liquid Ooze): Supersonic/Constrict/Acid/Toxic Spikes | Remoraid Lv50 (Sniper): Lock On/Psybeam/Aurora Beam/Bubble Beam
204,ace_trainer_f_jenn_0417,Ace Trainer Jenn,Trainerclass Ace Trainer F,336,211,0.614,798,540,1615.7,B-,Ace Trainer Kevin (Elo 1990.1),Swimmer Simon (Elo 1253.8),Pokefan Derek (7 games),9.03,Staryu Lv50 (Illuminate): Rapid Spin/Recover/Camouflage/Swift | Starmie Lv50 (Illuminate): Water Gun/Rapid Spin/Recover/Swift
205,teacher_hillary_0638,Teacher Hillary,Trainerclass Teacher,336,211,0.614,804,555,1612.3,B-,Swimmer Lori (Elo 2055.6),Bug Catcher Josh (Elo 1066.5),Medium Martha (7 games),8.66,Ambipom Lv50 (Technician): Double Hit/Fling/Nasty Plot/Last Resort | Sunflora Lv50 (Chlorophyll): Petal Dance/Sunny Day/Solar Beam/Leaf Storm
206,school_kid_m_johnny_0135,School Kid Johnny,Trainerclass School Kid M,335,212,0.612,776,530,1629.5,B-,Camper Tanner (Elo 2083.2),Bug Catcher Arnie (Elo 1108.5),Picnicker Liz (7 games),11.65,Bellsprout Lv50 (Chlorophyll): Knock Off/Sweet Scent/Gastro Acid/Razor Leaf | Weepinbell Lv50 (Chlorophyll): Knock Off/Sweet Scent/Gastro Acid/Razor Leaf | Victreebel Lv50 (Chlorophyll): Vine Whip/Sleep Powder/Sweet Scent/Razor Leaf
207,swimmer_m_duane_0595,Swimmer Duane,Trainerclass Swimmer M,335,212,0.612,793,548,1622.7,B-,Fisherman Barney (Elo 1946.8),Psychic Fidel (Elo 1231.2),Psychic Franklin (7 games),9.23,Seaking Lv50 (Swift Swim): Flail/Aqua Ring/Fury Attack/Waterfall | Kabutops Lv50 (Swift Swim): Endure/Aqua Jet/Mega Drain/Slash
208,sailor_huey_0441,Sailor Huey,Trainerclass Sailor,334,213,0.611,848,609,1634.6,B,Double Team Elan & Ida (Elo 2008.9),Fisherman Ralph (Elo 984.2),Swimmer Joy (7 games),8.6,Poliwhirl Lv50 (Water Absorb): Body Slam/Bubble Beam/Mud Shot/Belly Drum | Poliwrath Lv50 (Water Absorb): Bubble Beam/Hypnosis/Double Slap/Submission
209,hiker_eoin_0234,Hiker Eoin,Trainerclass Hiker,334,213,0.611,850,598,1634.2,B,School Kid Jack (Elo 2030.7),Fisherman Justin (Elo 856.1),Lass Dana (7 games),3.66,Graveler Lv50 (Sturdy): Rollout/Rock Blast/Earthquake/Explosion | Graveler Lv50 (Sturdy): Rollout/Rock Blast/Earthquake/Explosion | Graveler Lv50 (Sturdy): Rollout/Rock Blast/Earthquake/Explosion
210,psychic_m_nathan_0042,Psychic Nathan,Trainerclass Psychic M,334,213,0.611,804,562,1618.5,B-,Fisherman Kyle (Elo 1939.5),Picnicker Tiffany (Elo 1073.2),Swimmer Mina (7 games),4.28,Girafarig Lv50 (Inner Focus): Stomp/Agility/Psybeam/Baton Pass
211,school_kid_m_nate_0428,School Kid Nate,Trainerclass School Kid M,334,213,0.611,818,580,1617.7,B-,School Kid Alan (Elo 1992.3),Policeman Keith (Elo 1152.0),Bird Keeper Bret (7 games),9.82,Ledian Lv50 (Swarm): Mach Punch/Baton Pass/Silver Wind/Agility | Exeggutor Lv50 (Chlorophyll): Confusion/Stomp/Egg Bomb/Wood Hammer
212,fisherman_kyle_0059,Fisherman Kyle,Trainerclass Fisherman,333,214,0.609,811,572,1615.7,B-,Firebreather Otis (Elo 1911.5),Super Nerd Markus (Elo 1193.1),Hiker Parry (7 games),11.44,Goldeen Lv50 (Swift Swim): Flail/Aqua Ring/Fury Attack/Waterfall | Qwilfish Lv50 (Poison Point): Stockpile/Spit Up/Revenge/Brine | Goldeen Lv50 (Swift Swim): Flail/Aqua Ring/Fury Attack/Waterfall
213,bug_catcher_wade_0512,Bug Catcher Wade,Trainerclass Bug Catcher,333,214,0.609,805,566,1599.6,B-,School Kid Alan (Elo 1992.3),Medium Margaret (Elo 1222.0),Bug Catcher Arnie (7 games),14.26,Butterfree Lv50 (Compound Eyes): Bug Bite/Gust/Supersonic/Whirlwind | Butterfree Lv50 (Compound Eyes): Bug Buzz/Stun Spore/Captivate/Tailwind | Beedrill Lv50 (Swarm): Endeavor/Focus Energy/Pin Missile/Bug Bite | Butterfree Lv50 (Compound Eyes): Stun Spore/Sleep Powder/Captivate/Tailwind
214,biker_ernest_0635,Biker Ernest,Trainerclass Biker,332,215,0.607,861,630,1616.1,B-,Camper Todd (Elo 1993.9),Super Nerd Markus (Elo 1193.1),Biker Reese (7 games),12.2,Teddiursa Lv50 (Pickup): Slash/Charm/Rest/Snore | Azumarill Lv50 (Huge Power): Aqua Ring/Double Edge/Rain Dance/Aqua Tail
215,teacher_hillary_0637,Teacher Hillary,Trainerclass Teacher,332,215,0.607,816,579,1586.1,C+,Ace Trainer Joyce (Elo 1914.5),Bug Catcher Arnie (Elo 1199.7),Black Belt Nob (7 games),8.74,Ambipom Lv50 (Technician): Double Hit/Fling/Nasty Plot/Last Resort | Sunflora Lv50 (Chlorophyll): Petal Dance/Sunny Day/Solar Beam/Leaf Storm
216,hiker_anthony_0100,Hiker Anthony,Trainerclass Hiker,331,216,0.605,786,561,1632.2,B,Ace Trainer Ryan (Elo 1869.5),Twins Amy & Mimi (Elo 970.6),Sailor Parker (7 games),3.96,Graveler Lv50 (Rock Head): Selfdestruct/Rollout/Rock Blast/Earthquake | Machoke Lv50 (No Guard): Seismic Toss/Revenge/Vital Throw/Submission
217,biker_ernest_0634,Biker Ernest,Trainerclass Biker,330,217,0.603,855,616,1634.9,B,Double Team Thom & Kae (Elo 1965.5),Pokefan Derek (Elo 1250.5),Lass Dana (7 games),11.49,Teddiursa Lv50 (Pickup): Slash/Charm/Rest/Snore | Azumarill Lv50 (Huge Power): Aqua Ring/Double Edge/Rain Dance/Aqua Tail
218,fisherman_tully_0324,Fisherman Tully,Trainerclass Fisherman,330,217,0.603,824,605,1618.0,B-,Young Couple Tim & Sue (Elo 1893.3),Scientist Trenton (Elo 1270.3),Twins Clea & Gil (7 games),11.03,Goldeen Lv50 (Swift Swim): Horn Attack/Water Pulse/Flail/Aqua Ring | Goldeen Lv50 (Swift Swim): Horn Attack/Water Pulse/Flail/Aqua Ring | Qwilfish Lv50 (Poison Point): Spit Up/Revenge/Brine/Pin Missile
219,fisherman_marvin_0122,Fisherman Marvin,Trainerclass Fisherman,330,217,0.603,818,591,1595.2,B-,Camper Todd (Elo 1993.9),Hiker Anthony (Elo 1119.8),Camper Barry (7 games),10.63,Magikarp Lv50 (Swift Swim): Splash/Tackle | Gyarados Lv50 (Intimidate): Thrash/Surf | Magikarp Lv50 (Swift Swim): Splash/Tackle
220,lass_krise_0614,Lass Krise,Trainerclass Lass,329,218,0.601,789,566,1603.9,B-,Camper Tanner (Elo 1991.5),Picnicker Gina (Elo 1214.0),Boarder Deandre (7 games),14.7,Gloom Lv50 (Chlorophyll): Stun Spore/Sleep Powder/Mega Drain/Lucky Chant | Marowak Lv50 (Rock Head): Rage/False Swipe/Thrash/Fling
221,ace_trainer_m_allen_0407,Ace Trainer Allen,Trainerclass Ace Trainer M,329,218,0.601,782,568,1575.3,C+,Fisherman Barney (Elo 1946.8),Beauty Kimberly (Elo 1229.7),Hiker Phillip (7 games),9.59,Charmeleon Lv50 (Blaze): Ember/Smoke Screen/Fire Fang/Scary Face | Magnemite Lv50 (Magnet Pull): Spark/Thunder Wave/Supersonic/Metal Sound
222,boarder_gerardo_0484,Boarder Gerardo,Trainerclass Boarder,327,220,0.598,796,583,1595.6,B-,Picnicker Liz (Elo 1926.3),Super Nerd Markus (Elo 1193.1),Ace Trainer Kobe (7 games),13.01,Shellder Lv50 (Shell Armor): Ice Shard/Supersonic/Icicle Spear/Leer | Cloyster Lv50 (Shell Armor): Ice Shard/Aurora Beam/Supersonic/Toxic Spikes | Seel Lv50 (Thick Fat): Ice Shard/Aqua Ring/Encore/Icy Wind
223,black_belt_lao_0157,Black Belt Lao,Trainerclass Black Belt,327,220,0.598,818,609,1578.7,C+,Lass Linda (Elo 1907.4),Camper Virgil (Elo 1152.0),Swimmer Mina (7 games),4.36,Hitmonchan Lv50 (Iron Fist): Mach Punch/Thunder Punch/Ice Punch/Fire Punch
224,fisherman_wilton_0124,Fisherman Wilton,Trainerclass Fisherman,325,222,0.594,796,592,1621.2,B-,Camper Todd (Elo 1993.9),Scientist Trenton (Elo 1270.3),Fisherman Wilton (7 games),11.81,Goldeen Lv50 (Swift Swim): Supersonic/Horn Attack/Water Pulse/Flail | Goldeen Lv50 (Swift Swim): Supersonic/Horn Attack/Water Pulse/Flail | Seaking Lv50 (Swift Swim): Horn Attack/Water Pulse/Flail/Aqua Ring
225,swimmer_f_nikki_0296,Swimmer Nikki,Trainerclass Swimmer F,325,222,0.594,825,617,1570.6,C+,Ace Trainer Kevin (Elo 1990.1),Picnicker Tiffany (Elo 1265.0),Sailor Huey (7 games),9.33,Seel Lv50 (Thick Fat): Aurora Beam/Aqua Jet/Brine/Take Down | Dewgong Lv50 (Thick Fat): Brine/Sheer Cold/Take Down/Dive
226,bird_keeper_gs_justin_0555,Bird Keeper Justin,Trainerclass Bird Keeper Gs,324,223,0.592,803,603,1581.6,C+,Psychic Herman (Elo 1956.3),Pokefan Ruth (Elo 957.7),Sailor Kenneth (7 games),14.36,Xatu Lv50 (Synchronize): Tailwind/Wish/Psycho Shift/Future Sight | Noctowl Lv50 (Insomnia): Confusion/Take Down/Air Slash/Zen Headbutt
227,hiker_devin_0726,Hiker Devin,Trainerclass Hiker,323,224,0.59,827,630,1591.9,C+,Fisherman Barney (Elo 1946.8),Picnicker Brooke (Elo 987.6),Ace Trainer Ryan (7 games),20.78,Dunsparce Lv50 (Serene Grace): Defense Curl/Yawn/Glare/Rollout | Dunsparce Lv50 (Serene Grace): Defense Curl/Yawn/Glare/Rollout | Dunsparce Lv50 (Serene Grace): Defense Curl/Yawn/Glare/Rollout
228,poke_maniac_brent_0172,Poke Maniac Brent,Trainerclass Poke Maniac,320,227,0.585,748,560,1593.5,C+,School Kid Tommy (Elo 1896.4),Twins Tori & Til (Elo 1221.9),Ace Trainer Kate (7 games),13.02,Nidorina Lv50 (Poison Point): Poison Sting/Fury Swipes/Bite/Helping Hand | Nidorino Lv50 (Poison Point): Poison Sting/Fury Attack/Horn Attack/Helping Hand | Gyarados Lv50 (Intimidate): Dragon Rage/Leer/Twister/Ice Fang
229,pokefan_m_derek_0610,Pokefan Derek,Trainerclass Pokefan M,318,229,0.581,802,624,1593.7,C+,Double Team Thom & Kae (Elo 1965.5),Hiker Anthony (Elo 1119.8),Ace Trainer Jenn (7 games),15.86,Pichu Lv50 (Static): Tail Whip/Thunder Wave/Sweet Kiss/Nasty Plot | Teddiursa Lv50 (Pickup): Fake Tears/Fury Swipes/Faint Attack/Sweet Scent | Pikachu Lv50 (Static): Thunderbolt/Feint/Agility/Discharge | Ursaring Lv50 (Guts): Sweet Scent/Slash/Scary Face/Rest
230,swimmer_f_kaylee_0090,Swimmer Kaylee,Trainerclass Swimmer F,318,229,0.581,799,622,1573.0,C+,Ace Trainer Kevin (Elo 1990.1),Picnicker Adrian (Elo 1283.7),Pokefan Derek (7 games),11.57,Goldeen Lv50 (Water Veil): Water Pulse/Horn Attack/Supersonic/Peck | Goldeen Lv50 (Water Veil): Water Pulse/Horn Attack/Supersonic/Peck | Seaking Lv50 (Water Veil): Water Pulse/Horn Attack/Supersonic/Peck
231,juggler_irwin_0454,Juggler Irwin,Trainerclass Juggler,315,232,0.576,780,610,1600.2,B-,Fisherman Barney (Elo 1946.8),Hiker Russel (Elo 1087.7),Swimmer Elmo (7 games),12.62,Voltorb Lv50 (Soundproof): Spark/Rollout/Screech/Light Screen | Voltorb Lv50 (Static): Rollout/Screech/Light Screen/Charge Beam | Voltorb Lv50 (Static): Rollout/Screech/Light Screen/Charge Beam | Voltorb Lv50 (Static): Light Screen/Charge Beam/Selfdestruct/Swift
232,hiker_erik_0143,Hiker Erik,Trainerclass Hiker,314,233,0.574,769,609,1573.3,C+,School Kid Danny (Elo 1940.6),Medium Edith (Elo 1232.1),Swimmer Harold (7 games),7.16,Machop Lv50 (Guts): Karate Chop/Foresight/Seismic Toss/Revenge | Graveler Lv50 (Sturdy): Magnitude/Selfdestruct/Rollout/Rock Blast | Machop Lv50 (No Guard): Foresight/Seismic Toss/Revenge/Vital Throw
233,lass_shannon_0355,Lass Shannon,Trainerclass Lass,314,233,0.574,795,632,1546.5,C,Swimmer Lori (Elo 2055.6),Firebreather Ray (Elo 999.8),Ace Trainer Brian (7 games),11.04,Paras Lv50 (Effect Spore): Slash/Growth/Giga Drain/Aromatherapy | Paras Lv50 (Dry Skin): Slash/Growth/Giga Drain/Aromatherapy | Parasect Lv50 (Dry Skin): Spore/Slash/Growth/Giga Drain
234,psychic_m_phil_0405,Psychic Phil,Trainerclass Psychic M,309,238,0.565,792,648,1561.7,C+,Ace Trainer Salma (Elo 2128.1),Sailor Terrell (Elo 1097.7),Poke Maniac Brent (7 games),8.04,Natu Lv50 (Synchronize): Leer/Night Shade/Me First/Confuse Ray | Kadabra Lv50 (Synchronize): Disable/Psybeam/Reflect/Charge Beam
235,swimmer_m_esteban_0594,Swimmer Esteban,Trainerclass Swimmer M,308,239,0.563,792,655,1545.0,C,Poke Maniac Brent (Elo 1902.2),Youngster Albert (Elo 1070.6),Picnicker Adrian (7 games),8.63,Golduck Lv50 (Damp): Water Pulse/Fury Swipes/Screech/Psych Up | Poliwhirl Lv50 (Water Absorb): Body Slam/Bubble Beam/Mud Shot/Belly Drum
236,ace_trainer_f_fran_0119,Ace Trainer Fran,Trainerclass Ace Trainer F,307,240,0.561,733,601,1591.9,C+,Ace Trainer Kevin (Elo 1990.1),Beauty Valerie (Elo 1228.7),Sailor Stanly (7 games),4.35,Seadra Lv50 (Sniper): Bubble Beam/Agility/Twister/Brine
237,picnicker_edna_0333,Picnicker Edna,Trainerclass Picnicker,307,240,0.561,781,644,1551.1,C,Swimmer Lori (Elo 2055.6),Hiker Russel (Elo 1087.7),Super Nerd Tyrone (7 games),10.24,Nidorina Lv50 (Rivalry): Bite/Helping Hand/Toxic Spikes/Flatter | Raichu Lv50 (Static): Thunder Shock/Tail Whip/Quick Attack/Thunderbolt
238,pokefan_eleanor_0571,Pokefan Eleanor,Trainerclass Pokefan,306,241,0.559,748,614,1578.0,C+,Double Team Thom & Kae (Elo 1965.5),Bird Keeper Ernie (Elo 1120.5),Fisherman Wilton (7 games),9.91,Spinda Lv50 (Own Tempo): Dizzy Punch/Sucker Punch/Teeter Dance/Psych Up | Illumise Lv50 (Oblivious): Flatter/Helping Hand/Zen Headbutt/Bug Buzz
239,bug_catcher_arnie_0513,Bug Catcher Arnie,Trainerclass Bug Catcher,306,241,0.559,784,646,1537.4,C,Lass Alice (Elo 1890.0),Teacher Colette (Elo 1096.4),Ace Trainer Cody (7 games),10.11,Nincada Lv50 (Compound Eyes): Dig/Metal Claw/Mud Slap/Leech Life | Venomoth Lv50 (Shield Dust): Gust/Psychic/Poison Fang/Signal Beam
240,sailor_eddie_0672,Sailor Eddie,Trainerclass Sailor,305,242,0.558,785,663,1573.4,C+,Camper Todd (Elo 1993.9),Twins Tori & Til (Elo 1221.9),Juggler Irwin (7 games),5.56,Azumarill Lv50 (Huge Power): Water Pulse/Aqua Ring/Double Edge/Aqua Tail
241,ace_trainer_f_kate_0118,Ace Trainer Kate,Trainerclass Ace Trainer F,305,242,0.558,721,594,1568.7,C+,Picnicker Gina (Elo 1833.9),Young Couple Moe & Lulu (Elo 1163.8),Scientist Lowell (7 games),11.42,Shellder Lv50 (Shell Armor): Icicle Spear/Protect/Leer/Clamp | Cloyster Lv50 (Shell Armor): Supersonic/Aurora Beam/Protect/Spikes
242,super_nerd_teru_0393,Super Nerd Teru,Trainerclass Super Nerd,305,242,0.558,726,598,1561.7,C+,Kimono Girl Naoko (Elo 1991.6),Sailor Harry (Elo 1027.2),Ace Trainer Allen (7 games),13.51,Magnemite Lv50 (Magnet Pull): Metal Sound/Tackle/Thunder Shock | Voltorb Lv50 (Soundproof): Charge/Tackle/Sonic Boom | Magnemite Lv50 (Sturdy): Metal Sound/Tackle/Thunder Shock | Magnemite Lv50 (Sturdy): Metal Sound/Tackle/Thunder Shock
243,pokefan_m_boone_0570,Pokefan Boone,Trainerclass Pokefan M,304,243,0.556,778,655,1568.3,C+,Kimono Girl Naoko (Elo 1991.6),Hiker Anthony (Elo 1119.8),Gentleman Gregory (7 games),10.76,Spinda Lv50 (Own Tempo): Dizzy Punch/Sucker Punch/Teeter Dance/Psych Up | Volbeat Lv50 (Swarm): Protect/Helping Hand/Zen Headbutt/Bug Buzz
244,pokefan_m_derek_0439,Pokefan Derek,Trainerclass Pokefan M,304,243,0.556,762,635,1564.4,C+,Young Couple Tim & Sue (Elo 1893.3),Hiker Russel (Elo 1087.7),Swimmer Kaylee (7 games),13.84,Pichu Lv50 (Static): Charm/Tail Whip/Thunder Wave/Sweet Kiss | Teddiursa Lv50 (Pickup): Lick/Fake Tears/Fury Swipes/Faint Attack | Pikachu Lv50 (Static): Thunderbolt/Feint/Agility/Discharge | Teddiursa Lv50 (Pickup): Fury Swipes/Faint Attack/Sweet Scent/Slash
245,bird_keeper_gs_kinsley_0596,Bird Keeper Kinsley,Trainerclass Bird Keeper Gs,304,243,0.556,753,630,1558.5,C+,School Kid Tommy (Elo 1896.4),Picnicker Cheyenne (Elo 1156.0),Firebreather Walt (7 games),10.72,Farfetchd Lv50 (Keen Eye): Air Cutter/Swords Dance/Agility/Night Slash | Fearow Lv50 (Keen Eye): Aerial Ace/Mirror Move/Agility/Assurance | Pidgeotto Lv50 (Keen Eye): Twister/Feather Dance/Agility/Wing Attack
246,swimmer_m_charlie_0095,Swimmer Charlie,Trainerclass Swimmer M,304,243,0.556,789,664,1558.4,C+,Ace Trainer Joyce (Elo 1914.5),School Kid Connor (Elo 1134.7),Pokefan William (7 games),14.53,Shellder Lv50 (Skill Link): Supersonic/Icicle Spear/Protect/Leer | Tentacool Lv50 (Liquid Ooze): Constrict/Acid/Toxic Spikes/Bubble Beam | Tentacruel Lv50 (Liquid Ooze): Constrict/Acid/Toxic Spikes/Bubble Beam
247,pokefan_m_carter_0350,Pokefan Carter,Trainerclass Pokefan M,303,244,0.554,759,639,1553.1,C,Picnicker Erin (Elo 1920.7),Medium Margaret (Elo 1222.0),Picnicker Erin (7 games),9.68,Bulbasaur Lv50 (Overgrow): Double Edge/Worry Seed/Synthesis/Seed Bomb | Charmander Lv50 (Blaze): Fire Fang/Slash/Flamethrower/Fire Spin | Squirtle Lv50 (Torrent): Aqua Tail/Skull Bash/Iron Defense/Rain Dance
248,bug_catcher_doug_0624,Bug Catcher Doug,Trainerclass Bug Catcher,303,244,0.554,751,630,1517.2,C-,Psychic Herman (Elo 1956.3),Policeman Keith (Elo 1152.0),Firebreather Walt (7 games),8.0,Butterfree Lv50 (Compound Eyes): Tailwind/Safeguard/Captivate/Bug Buzz | Ariados Lv50 (Swarm): Agility/Pin Missile/Psychic/Poison Jab
249,guitarist_clyde_0041,Guitarist Clyde,Trainerclass Guitarist,301,246,0.55,733,620,1561.4,C+,Swimmer Lori (Elo 2055.6),Youngster Gordon (Elo 987.3),School Kid Chad (7 games),5.2,Electabuzz Lv50 (Static): Shock Wave/Light Screen/Thunder Punch/Discharge
250,scientist_gs_linden_0688,Scientist Linden,Trainerclass Scientist Gs,300,247,0.548,735,626,1549.8,C,Ace Trainer French (Elo 2094.2),Scientist Mitch (Elo 1003.3),Youngster Jimmy (7 games),4.98,Magmar Lv50 (Flame Body): Overheat/Fire Punch/Confuse Ray/Faint Attack
251,camper_todd_0274,Camper Todd,Trainerclass Camper,298,249,0.545,702,604,1561.4,C+,School Kid Tommy (Elo 1896.4),Camper Todd (Elo 1073.7),Picnicker Gina (7 games),8.58,Geodude Lv50 (Rock Head): Mud Sport/Rock Polish/Rock Throw/Magnitude | Geodude Lv50 (Rock Head): Mud Sport/Rock Polish/Rock Throw/Magnitude | Psyduck Lv50 (Damp): Confusion/Water Pulse/Fury Swipes/Screech
252,medium_georgina_0494,Medium Georgina,Trainerclass Medium,298,249,0.545,734,634,1559.5,C+,Camper Tanner (Elo 2083.2),Pokefan Marigold (Elo 1071.2),Picnicker Liz (7 games),10.86,Gastly Lv50 (Levitate): Spite/Mean Look/Curse/Night Shade | Gastly Lv50 (Levitate): Spite/Mean Look/Curse/Night Shade | Gastly Lv50 (Levitate): Spite/Mean Look/Curse/Night Shade | Gastly Lv50 (Levitate): Spite/Mean Look/Curse/Night Shade | Gastly Lv50 (Levitate): Spite/Mean Look/Curse/Night Shade
253,picnicker_tanya_0336,Picnicker Tanya,Trainerclass Picnicker,298,249,0.545,795,692,1537.5,C,Kimono Girl Naoko (Elo 1991.6),Scientist Mitch (Elo 1003.3),Teacher Shirley (7 games),7.54,Exeggutor Lv50 (Chlorophyll): Giga Drain/Light Screen/Egg Bomb/Hypnosis
254,beauty_cassie_0209,Beauty Cassie,Trainerclass Beauty,296,251,0.541,730,646,1523.5,C,Psychic Herman (Elo 1956.3),Bird Keeper Abe (Elo 999.3),Ace Trainer Irene (7 games),12.73,Vileplume Lv50 (Chlorophyll): Mega Drain/Aromatherapy/Stun Spore/Poison Powder | Butterfree Lv50 (Compound Eyes): Tailwind/Safeguard/Captivate/Bug Buzz
255,poke_maniac_calvin_0202,Poke Maniac Calvin,Trainerclass Poke Maniac,296,251,0.541,748,651,1511.6,C-,Ace Trainer Quinn (Elo 2025.9),Hiker Daniel (Elo 1160.4),Teacher Shirley (7 games),6.28,Kangaskhan Lv50 (Scrappy): Bite/Mega Punch/Rage/Dizzy Punch
256,picnicker_cindy_0083,Picnicker Cindy,Trainerclass Picnicker,294,253,0.537,736,648,1554.3,C+,Ace Trainer Jamie (Elo 1994.2),Scientist Mitch (Elo 1003.3),Fisherman Tully (7 games),5.87,Nidoqueen Lv50 (Rivalry): Poison Jab/Earth Power/Body Slam/Double Kick
257,swimmer_f_joy_0673,Swimmer Joy,Trainerclass Swimmer F,294,253,0.537,737,654,1541.4,C,Poke Maniac Brent (Elo 1902.2),Bug Catcher Arnie (Elo 1199.7),Swimmer Kara (7 games),5.15,Cloyster Lv50 (Skill Link): Water Pulse/Spike Cannon/Aurora Beam/Attract
258,teacher_clarice_0564,Teacher Clarice,Trainerclass Teacher,292,255,0.534,737,667,1530.5,C,Swimmer Lori (Elo 2055.6),Sage Jin (Elo 1036.5),Ace Trainer Piper (7 games),6.78,Zigzagoon @ Sitrus Berry Lv50 (Gluttony): Belly Drum/Flail/Return/Iron Tail | Roselia Lv50 (Poison Point): Ingrain/Synthesis/Toxic/Petal Dance
259,fisherman_andre_0126,Fisherman Andre,Trainerclass Fisherman,292,255,0.534,755,684,1519.9,C-,School Kid Tommy (Elo 1896.4),Picnicker Cheyenne (Elo 1156.0),Hiker Clarke (7 games),6.33,Gyarados Lv50 (Intimidate): Thrash/Bite/Dragon Rage/Leer
260,black_belt_lung_0159,Black Belt Lung,Trainerclass Black Belt,292,255,0.534,709,637,1497.5,C-,Kimono Girl Kuni (Elo 1878.6),Camper Virgil (Elo 1152.0),Hiker Parry (7 games),9.57,Mankey Lv50 (Vital Spirit): Fury Swipes/Karate Chop/Seismic Toss/Screech | Mankey Lv50 (Anger Point): Fury Swipes/Karate Chop/Seismic Toss/Screech | Primeape Lv50 (Anger Point): Karate Chop/Seismic Toss/Screech/Assurance
261,bird_keeper_gs_denis_0217,Bird Keeper Denis,Trainerclass Bird Keeper Gs,291,256,0.532,711,640,1526.5,C,Picnicker Erin (Elo 1920.7),Hiker Russel (Elo 1087.7),Twins Jo & Zoe (7 games),8.9,Spearow Lv50 (Keen Eye): Leer/Fury Attack/Pursuit/Aerial Ace | Fearow Lv50 (Keen Eye): Leer/Fury Attack/Pursuit/Aerial Ace | Spearow Lv50 (Keen Eye): Leer/Fury Attack/Pursuit/Aerial Ace
262,psychic_m_rodney_0422,Psychic Rodney,Trainerclass Psychic M,290,257,0.53,721,652,1534.9,C,Camper Todd (Elo 1881.2),Teacher Colette (Elo 1096.4),Pokefan Beverly (7 games),8.59,Chingling Lv50 (Levitate): Astonish/Confusion/Uproar/Last Resort | Hypno Lv50 (Forewarn): Poison Gas/Meditate/Psybeam/Psych Up
263,swimmer_f_chelan_0592,Swimmer Chelan,Trainerclass Swimmer F,289,258,0.528,759,701,1560.7,C+,School Kid Jack (Elo 2030.7),Pokefan Beverly (Elo 1111.2),Camper Pedro (7 games),6.55,Azumarill Lv50 (Huge Power): Waterfall/Rollout/Defense Curl/Dig
264,bug_catcher_abner_0694,Bug Catcher Abner,Trainerclass Bug Catcher,289,258,0.528,742,677,1533.3,C,Psychic Eli (Elo 1933.8),Teacher Colette (Elo 1096.4),Firebreather Walt (7 games),10.12,Butterfree Lv50 (Compound Eyes): Tailwind/Safeguard/Captivate/Bug Buzz | Beedrill Lv50 (Swarm): Agility/Assurance/Poison Jab/Endeavor | Pikachu Lv50 (Static): Feint/Agility/Discharge/Light Screen
265,sailor_huey_0440,Sailor Huey,Trainerclass Sailor,288,259,0.527,698,642,1539.4,C,Ace Trainer Kevin (Elo 1990.1),Picnicker Gina (Elo 1214.0),Ace Trainer Kevin (7 games),8.79,Poliwhirl Lv50 (Water Absorb): Rain Dance/Body Slam/Bubble Beam/Mud Shot | Poliwhirl Lv50 (Water Absorb): Rain Dance/Body Slam/Bubble Beam/Mud Shot
266,camper_tanner_0561,Camper Tanner,Trainerclass Camper,288,259,0.527,721,663,1521.1,C-,Double Team Thom & Kae (Elo 1965.5),Boarder Patton (Elo 1124.3),Hiker Bailey (7 games),4.9,Sudowoodo Lv50 (Sturdy): Faint Attack/Rock Tomb/Rock Slide/Slam
267,youngster_ian_0617,Youngster Ian,Trainerclass Youngster,287,260,0.525,750,697,1538.8,C,Double Team Thom & Kae (Elo 1965.5),Lass Cathy (Elo 1087.5),Swimmer Chelan (7 games),7.78,Primeape Lv50 (Vital Spirit): Screech/Assurance/Rage/Swagger | Dugtrio Lv50 (Sand Veil): Sand Tomb/Earth Power/Mud Bomb/Slash
268,super_nerd_tyrone_0365,Super Nerd Tyrone,Trainerclass Super Nerd,285,262,0.521,687,642,1529.4,C,Fisherman Kyle (Elo 1939.5),Youngster Gordon (Elo 987.3),Picnicker Edna (7 games),11.0,Magnemite Lv50 (Sturdy): Lock On/Magnet Bomb/Screech/Discharge | Magnemite Lv50 (Sturdy): Lock On/Magnet Bomb/Screech/Discharge | Magnemite Lv50 (Sturdy): Lock On/Magnet Bomb/Screech/Discharge
269,super_nerd_merle_0686,Super Nerd Merle,Trainerclass Super Nerd,285,262,0.521,690,642,1524.5,C,Double Team Thom & Kae (Elo 1965.5),Youngster Gordon (Elo 987.3),Picnicker Gina (7 games),7.79,Magcargo Lv50 (Flame Body): Overheat/Rock Slide/Yawn/Recover
270,firebreather_walt_0388,Firebreather Walt,Trainerclass Firebreather,284,263,0.519,713,673,1540.9,C,Ace Trainer Arabella (Elo 1875.5),Fisherman Henry (Elo 996.9),Bug Catcher Abner (7 games),11.42,Magmar Lv50 (Flame Body): Smog/Leer/Ember/Smoke Screen | Magmar Lv50 (Flame Body): Leer/Ember/Smoke Screen/Faint Attack
271,gentleman_alfred_0669,Gentleman Alfred,Trainerclass Gentleman,283,264,0.517,742,705,1538.3,C,Psychic Herman (Elo 1956.3),Youngster Joey (Elo 1099.7),Black Belt Kenji (7 games),7.52,Noctowl Lv50 (Insomnia): Hypnosis/Dream Eater/Air Slash/Reflect
272,medium_grace_0089,Medium Grace,Trainerclass Medium,282,265,0.516,743,703,1516.8,C-,Ace Trainer Quinn (Elo 2025.9),Pokefan Trevor (Elo 1076.9),Fisherman Liam (7 games),7.24,Haunter Lv50 (Levitate): Mean Look/Curse/Night Shade/Confuse Ray | Haunter Lv50 (Levitate): Mean Look/Curse/Night Shade/Confuse Ray
273,lass_dana_0464,Lass Dana,Trainerclass Lass,282,265,0.516,702,666,1487.9,C-,Fisherman Barney (Elo 1946.8),Twins Amy & Mimi (Elo 1012.0),Scientist Gregg (7 games),9.41,Flaaffy Lv50 (Static): Cotton Spore/Charge/Discharge/Thunder Wave | Psyduck Lv50 (Damp): Water Pulse/Screech/Disable/Confusion
274,bird_keeper_gs_bob_0302,Bird Keeper Bob,Trainerclass Bird Keeper Gs,281,266,0.514,700,669,1510.3,C-,Psychic Herman (Elo 1956.3),Skier Diana (Elo 1102.5),Bird Keeper Bret (7 games),5.28,Noctowl Lv50 (Insomnia): Air Slash/Zen Headbutt/Extrasensory/Psycho Shift
275,medium_rebecca_0368,Medium Rebecca,Trainerclass Medium,280,267,0.512,758,726,1545.0,C,Ace Trainer Quinn (Elo 2025.9),Youngster Joey (Elo 1099.7),Picnicker Sharon (7 games),17.54,Bronzor Lv50 (Heatproof): Faint Attack/Skill Swap/Safeguard/Gyro Ball | Hypno Lv50 (Forewarn): Swagger/Skill Swap/Psybeam/Hypnosis
276,medium_martha_0046,Medium Martha,Trainerclass Medium,280,267,0.512,707,688,1493.9,C-,Picnicker Liz (Elo 1926.3),Pokefan Beverly (Elo 1057.6),Teacher Hillary (7 games),8.84,Gastly Lv50 (Levitate): Spite/Mean Look/Curse/Night Shade | Haunter Lv50 (Levitate): Mean Look/Curse/Night Shade/Confuse Ray | Gastly Lv50 (Levitate): Mean Look/Curse/Night Shade/Confuse Ray
277,young_couple_tim_sue_0559,Young Couple Tim & Sue,Trainerclass Young Couple,279,268,0.51,752,726,1521.4,C,Poke Maniac Brent (Elo 1902.2),Picnicker Piper (Elo 1001.4),Gentleman Alfred (7 games),4.05,Kadabra Lv50 (Synchronize): Recover/Psycho Cut/Role Play/Psychic | Psyduck Lv50 (Damp): Screech/Psych Up/Zen Headbutt/Amnesia
278,picnicker_gina_0142,Picnicker Gina,Trainerclass Picnicker,278,269,0.508,726,712,1546.5,C,Fisherman Tully (Elo 1911.7),Bug Catcher Josh (Elo 1066.5),Gentleman Gregory (7 games),13.47,Hoppip Lv50 (Chlorophyll): Stun Spore/Sleep Powder/Bullet Seed/Leech Seed | Hoppip Lv50 (Chlorophyll): Stun Spore/Sleep Powder/Bullet Seed/Leech Seed | Ivysaur Lv50 (Overgrow): Razor Leaf/Sweet Scent/Growth/Double Edge
279,fisherman_wilton_0325,Fisherman Wilton,Trainerclass Fisherman,278,269,0.508,695,675,1533.2,C,Camper Todd (Elo 1881.2),Medium Ethel (Elo 1235.9),Fisherman Wilton (7 games),13.12,Goldeen Lv50 (Swift Swim): Water Pulse/Flail/Aqua Ring/Fury Attack | Goldeen Lv50 (Swift Swim): Water Pulse/Flail/Aqua Ring/Fury Attack | Seaking Lv50 (Swift Swim): Water Pulse/Flail/Aqua Ring/Fury Attack
280,swimmer_m_tucker_0371,Swimmer Tucker,Trainerclass Swimmer M,275,272,0.503,701,694,1525.9,C,Fisherman Kyle (Elo 1939.5),Picnicker Brooke (Elo 987.6),Picnicker Sharon (7 games),10.82,Shellder Lv50 (Shell Armor): Ice Shard/Aurora Beam/Whirlpool/Iron Defense | Cloyster Lv50 (Skill Link): Aurora Beam/Protect/Spikes/Spike Cannon
281,poke_maniac_morgan_0133,Poke Maniac Morgan,Trainerclass Poke Maniac,273,274,0.499,735,736,1516.7,C-,Camper Bertrand (Elo 1965.4),Swimmer Elaine (Elo 991.4),Biker Reese (7 games),8.99,Rhyhorn Lv50 (Rock Head): Scary Face/Rock Blast/Take Down/Horn Drill | Rhydon Lv50 (Rock Head): Scary Face/Rock Blast/Take Down/Horn Drill
282,super_nerd_pat_0366,Super Nerd Pat,Trainerclass Super Nerd,273,274,0.499,726,718,1502.3,C-,Psychic Herman (Elo 1956.3),Picnicker Tiffany (Elo 1073.2),Fisherman Wilton (7 games),4.53,Porygon Lv50 (Download): Charge Beam/Signal Beam/Ice Beam/Solar Beam
283,swimmer_f_kendra_0593,Swimmer Kendra,Trainerclass Swimmer F,272,275,0.497,744,745,1528.1,C,School Kid Tommy (Elo 1896.4),Scientist Mitch (Elo 1003.3),Scientist Mitch (7 games),6.12,Slowking Lv50 (Oblivious): Water Pulse/Zen Headbutt/Nasty Plot/Swagger
284,twins_kay_tia_0569,Twins Kay & Tia,Trainerclass Twins,272,275,0.497,667,677,1500.9,C-,Ace Trainer Jamie (Elo 1994.2),Youngster Gordon (Elo 987.3),Lass Krise (7 games),9.42,Quagsire Lv50 (Damp): Rain Dance/Surf/Yawn | Quagsire Lv50 (Damp): Amnesia/Surf/Yawn
285,young_couple_duff_eda_0724,Young Couple Duff & Eda,Trainerclass Young Couple,270,277,0.494,669,684,1521.9,C,Poke Maniac Brent (Elo 1902.2),Youngster Gordon (Elo 987.3),Youngster Ian (7 games),6.32,Onix Lv50 (Sturdy): Rock Throw/Rage/Rock Tomb/Sandstorm | Cloyster Lv50 (Skill Link): Withdraw/Supersonic/Aurora Beam/Protect
286,school_kid_m_jack_0430,School Kid Jack,Trainerclass School Kid M,270,277,0.494,710,726,1513.0,C-,Fisherman Kyle (Elo 1939.5),Pokefan Marigold (Elo 1071.2),Swimmer Berke (7 games),14.06,Gloom Lv50 (Chlorophyll): Stun Spore/Sleep Powder/Mega Drain/Lucky Chant | Voltorb Lv50 (Soundproof): Tackle/Sonic Boom/Spark/Rollout
287,ace_trainer_m_mike_0111,Ace Trainer Mike,Trainerclass Ace Trainer M,269,278,0.492,695,713,1506.1,C-,Juggler Fritz (Elo 1873.8),Bug Catcher Wayne (Elo 1095.4),Kimono Girl Sayo (7 games),5.47,Dragonair Lv50 (Shed Skin): Dragon Rage/Slam/Agility/Aqua Tail
288,youngster_warren_0378,Youngster Warren,Trainerclass Youngster,269,278,0.492,667,688,1504.0,C-,School Kid Tommy (Elo 1896.4),Hiker Russel (Elo 1087.7),Sailor Garrett (7 games),8.22,Fearow Lv50 (Keen Eye): Aerial Ace/Mirror Move/Agility/Assurance | Raticate Lv50 (Run Away): Crunch/Assurance/Super Fang/Double Edge
289,swimmer_m_berke_0097,Swimmer Berke,Trainerclass Swimmer M,268,279,0.49,720,747,1489.6,C-,Ace Trainer Gaven (Elo 2053.2),Fisherman Ralph (Elo 984.2),School Kid Jack (7 games),6.64,Qwilfish Lv50 (Poison Point): Minimize/Water Gun/Rollout/Toxic Spikes
290,fisherman_martin_0320,Fisherman Martin,Trainerclass Fisherman,268,279,0.49,676,707,1488.2,C-,Hiker Kenny (Elo 1867.2),Bird Keeper Rod (Elo 1094.3),Lass Shannon (7 games),7.11,Remoraid Lv50 (Hustle): Focus Energy/Bullet Seed/Water Pulse/Signal Beam | Octillery Lv50 (Suction Cups): Octazooka/Bullet Seed/Wring Out/Signal Beam
291,picnicker_sharon_0153,Picnicker Sharon,Trainerclass Picnicker,268,279,0.49,706,725,1487.5,C-,Firebreather Walt (Elo 1896.1),Picnicker Brooke (Elo 987.6),Swimmer Tucker (7 games),12.9,Furret Lv50 (Keen Eye): Follow Me/Slam/Rest/Sucker Punch | Rapidash Lv50 (Flash Fire): Take Down/Agility/Fire Blast/Fury Attack
292,biker_aiden_0574,Biker Aiden,Trainerclass Biker,267,280,0.488,721,744,1529.6,C,Young Couple Tim & Sue (Elo 1893.3),Scientist Mitch (Elo 1003.3),Bird Keeper Bob (7 games),7.58,Tentacruel Lv50 (Liquid Ooze): Barrier/Water Pulse/Poison Jab/Screech
293,swimmer_m_harold_0252,Swimmer Harold,Trainerclass Swimmer M,263,284,0.481,692,737,1490.2,C-,Ace Trainer Kevin (Elo 1990.1),Sage Jin (Elo 1036.5),Scientist Lowell (7 games),6.65,Remoraid Lv50 (Sniper): Bullet Seed/Water Pulse/Signal Beam/Ice Beam | Seadra Lv50 (Sniper): Agility/Twister/Brine/Hydro Pump
294,fisherman_tully_0123,Fisherman Tully,Trainerclass Fisherman,263,284,0.481,722,763,1464.7,D+,Ace Trainer Jake (Elo 2032.2),Pokefan Ruth (Elo 957.7),Boarder Bryce (7 games),7.39,Qwilfish Lv50 (Poison Point): Harden/Minimize/Water Gun/Rollout
295,psychic_m_mark_0395,Psychic Mark,Trainerclass Psychic M,262,285,0.479,696,740,1525.9,C,Camper Tanner (Elo 1991.5),Swimmer Leona (Elo 921.8),Picnicker Heidi (7 games),13.83,Abra Lv50 (Synchronize): Teleport/Flash | Abra Lv50 (Synchronize): Teleport/Flash | Kadabra Lv50 (Synchronize): Teleport/Kinesis/Confusion
296,picnicker_tiffany_0522,Picnicker Tiffany,Trainerclass Picnicker,262,285,0.479,698,749,1490.7,C-,Ace Trainer Kevin (Elo 1990.1),Picnicker Tiffany (Elo 1073.2),Camper Spencer (7 games),5.88,Clefable Lv50 (Cute Charm): Gravity/Metronome/Blizzard/Thunder
297,bird_keeper_gs_jose_0446,Bird Keeper Jose,Trainerclass Bird Keeper Gs,262,285,0.479,643,687,1473.8,D+,Picnicker Erin (Elo 1920.7),Hiker Parry (Elo 1116.0),Twins Kay & Tia (7 games),7.57,Farfetchd Lv50 (Keen Eye): Swords Dance/Agility/Night Slash/Air Slash | Farfetchd Lv50 (Keen Eye): Night Slash/Air Slash/Feint/False Swipe
298,sailor_eugene_0039,Sailor Eugene,Trainerclass Sailor,260,287,0.475,656,710,1489.9,C-,Kimono Girl Kuni (Elo 1878.6),Super Nerd Markus (Elo 1193.1),School Kid Dudley (7 games),15.45,Poliwhirl Lv50 (Water Absorb): Bubble/Hypnosis/Water Gun/Double Slap | Raticate Lv50 (Guts): Focus Energy/Bite/Pursuit/Hyper Fang | Krabby Lv50 (Shell Armor): Leer/Harden/Bubble Beam/Mud Shot
299,bug_catcher_rob_0625,Bug Catcher Rob,Trainerclass Bug Catcher,259,288,0.473,709,760,1480.4,C-,Psychic Herman (Elo 1956.3),Pokefan Beverly (Elo 1057.6),Bug Catcher Abner (7 games),8.65,Beedrill Lv50 (Swarm): Agility/Assurance/Poison Jab/Endeavor | Butterfree Lv50 (Compound Eyes): Tailwind/Safeguard/Captivate/Bug Buzz
300,camper_spencer_0403,Camper Spencer,Trainerclass Camper,258,289,0.472,612,676,1490.8,C-,Hiker Anthony (Elo 1833.6),Bug Catcher Arnie (Elo 1108.5),Bug Catcher Ken (7 games),14.82,Sandshrew Lv50 (Sand Veil): Sand Attack/Poison Sting/Rapid Spin/Swift | Sandslash Lv50 (Sand Veil): Sand Attack/Poison Sting/Rapid Spin/Swift | Zubat Lv50 (Inner Focus): Supersonic/Astonish/Bite/Wing Attack
301,bug_catcher_rob_0627,Bug Catcher Rob,Trainerclass Bug Catcher,258,289,0.472,690,748,1477.9,D+,Psychic Herman (Elo 1956.3),School Kid Chad (Elo 900.1),Hiker Anthony (7 games),8.65,Beedrill Lv50 (Swarm): Agility/Assurance/Poison Jab/Endeavor | Butterfree Lv50 (Compound Eyes): Tailwind/Safeguard/Captivate/Bug Buzz
302,bug_catcher_rob_0626,Bug Catcher Rob,Trainerclass Bug Catcher,257,290,0.47,679,749,1474.6,D+,Ace Trainer Quinn (Elo 2025.9),Pokefan Beverly (Elo 1111.2),Bird Keeper Bob (7 games),8.43,Beedrill Lv50 (Swarm): Agility/Assurance/Poison Jab/Endeavor | Butterfree Lv50 (Compound Eyes): Tailwind/Safeguard/Captivate/Bug Buzz
303,hiker_phillip_0203,Hiker Phillip,Trainerclass Hiker,256,291,0.468,702,774,1474.8,D+,School Kid Danny (Elo 1940.6),Fisherman Raymond (Elo 878.9),Ace Trainer Allen (7 games),3.82,Geodude Lv50 (Sturdy): Rock Throw/Magnitude/Selfdestruct/Rollout | Graveler Lv50 (Sturdy): Rock Throw/Magnitude/Selfdestruct/Rollout
304,bird_keeper_gs_theo_0073,Bird Keeper Theo,Trainerclass Bird Keeper Gs,256,291,0.468,619,687,1462.2,D+,Young Couple Tim & Sue (Elo 1829.0),Hiker Bailey (Elo 1230.6),Picnicker Liz (7 games),16.63,Pidgey Lv50 (Keen Eye): Sand Attack/Gust/Quick Attack/Whirlwind | Pidgey Lv50 (Tangled Feet): Tackle/Sand Attack/Gust/Quick Attack | Pidgey Lv50 (Tangled Feet): Sand Attack/Gust/Quick Attack/Whirlwind | Pidgey Lv50 (Tangled Feet): Tackle/Sand Attack/Gust/Quick Attack | Pidgey Lv50 (Tangled Feet): Tackle/Sand Attack/Gust/Quick Attack
305,bug_catcher_ed_0248,Bug Catcher Ed,Trainerclass Bug Catcher,255,292,0.466,672,741,1510.1,C-,Psychic Herman (Elo 1956.3),Teacher Colette (Elo 1096.4),Bug Catcher Dion (7 games),12.66,Burmy Lv50 (Shed Skin): Protect/Tackle/Bug Bite/Hidden Power | Butterfree Lv50 (Compound Eyes): Tailwind/Safeguard/Captivate/Bug Buzz | Beedrill Lv50 (Swarm): Agility/Assurance/Poison Jab/Endeavor
306,lass_ellen_0419,Lass Ellen,Trainerclass Lass,255,292,0.466,668,737,1491.3,C-,Ace Trainer Ryan (Elo 1869.5),Picnicker Brooke (Elo 987.6),Pokefan Georgia (7 games),21.17,Wigglytuff Lv50 (Cute Charm): Sing/Disable/Defense Curl/Double Slap | Granbull Lv50 (Intimidate): Headbutt/Roar/Rage/Take Down
307,bird_keeper_gs_hank_0299,Bird Keeper Hank,Trainerclass Bird Keeper Gs,254,293,0.464,672,756,1487.2,C-,Picnicker Liz (Elo 1926.3),Lass Connie (Elo 1043.4),Swimmer Parker (7 games),15.0,Pidgey Lv50 (Keen Eye): Tackle/Sand Attack/Gust/Quick Attack | Pidgeot Lv50 (Tangled Feet): Feather Dance/Agility/Wing Attack/Roost
308,hiker_clarke_0357,Hiker Clarke,Trainerclass Hiker,254,293,0.464,662,742,1444.1,D+,Camper Tanner (Elo 1991.5),Swimmer Denise (Elo 1058.7),Fisherman Andre (7 games),12.89,Onix Lv50 (Sturdy): Rock Polish/Dragon Breath/Curse/Iron Tail | Dugtrio Lv50 (Arena Trap): Earth Power/Mud Bomb/Slash/Earthquake
309,bug_catcher_dane_0690,Bug Catcher Dane,Trainerclass Bug Catcher,251,296,0.459,667,763,1464.8,D+,Psychic Herman (Elo 1956.3),Pokefan Beverly (Elo 1111.2),Pokefan Georgia (7 games),9.12,Beedrill Lv50 (Swarm): Agility/Assurance/Poison Jab/Endeavor | Butterfree Lv50 (Compound Eyes): Tailwind/Safeguard/Captivate/Bug Buzz
310,hiker_dwight_0551,Hiker Dwight,Trainerclass Hiker,251,296,0.459,620,708,1453.5,D+,Double Team Elan & Ida (Elo 2008.9),Youngster Gordon (Elo 987.3),Young Couple Vic & Tara (7 games),14.38,Magneton Lv50 (Magnet Pull): Lock On/Magnet Bomb/Screech/Discharge | Steelix Lv50 (Rock Head): Rock Polish/Dragon Breath/Curse/Iron Tail
311,ace_trainer_f_emma_0363,Ace Trainer Emma,Trainerclass Ace Trainer F,249,298,0.455,654,756,1455.5,D+,Camper Todd (Elo 1993.9),Skier Diana (Elo 1102.5),Bug Catcher Dane (7 games),5.56,Poliwhirl Lv50 (Water Absorb): Double Slap/Rain Dance/Body Slam/Bubble Beam
312,hiker_parry_0452,Hiker Parry,Trainerclass Hiker,249,298,0.455,670,763,1451.5,D+,Ace Trainer Blake (Elo 2046.3),Fisherman Henry (Elo 996.9),Fisherman Kyle (7 games),13.71,Steelix Lv50 (Rock Head): Rock Polish/Dragon Breath/Curse/Iron Tail | Graveler Lv50 (Rock Head): Selfdestruct/Rollout/Rock Blast/Earthquake
313,super_nerd_hugh_0538,Super Nerd Hugh,Trainerclass Super Nerd,248,299,0.453,664,757,1466.6,D+,Firebreather Otis (Elo 1911.5),Picnicker Selina (Elo 1050.6),Hiker Bruce (7 games),5.12,Seadra Lv50 (Poison Point): Smoke Screen/Twister/Surf/Waterfall
314,lass_krise_0613,Lass Krise,Trainerclass Lass,243,304,0.444,627,743,1478.5,D+,Camper Sid (Elo 1917.6),Skier Diana (Elo 1102.5),Medium Margaret (7 games),12.25,Oddish Lv50 (Chlorophyll): Poison Powder/Stun Spore/Sleep Powder/Mega Drain | Cubone Lv50 (Rock Head): Bonemerang/Rage/False Swipe/Thrash
315,sailor_jeff_0239,Sailor Jeff,Trainerclass Sailor,243,304,0.444,626,747,1451.3,D+,Camper Tanner (Elo 2083.2),Camper Roland (Elo 1088.8),Swimmer Randall (7 games),6.54,Makuhita Lv50 (Thick Fat): Seismic Toss/Wake Up Slap/Endure/Close Combat | Raticate Lv50 (Guts): Crunch/Assurance/Super Fang/Double Edge
316,bug_catcher_doug_0622,Bug Catcher Doug,Trainerclass Bug Catcher,243,304,0.444,626,747,1445.5,D+,Psychic Herman (Elo 1956.3),School Kid Chad (Elo 900.1),Picnicker Erin (7 games),8.4,Butterfree Lv50 (Compound Eyes): Tailwind/Safeguard/Captivate/Bug Buzz | Ariados Lv50 (Swarm): Fury Swipes/Sucker Punch/Spider Web/Agility
317,school_kid_m_alan_0432,School Kid Alan,Trainerclass School Kid M,242,305,0.442,619,752,1445.0,D+,Camper Tanner (Elo 1991.5),Bug Catcher Wayne (Elo 1095.4),Fisherman Ralph (7 games),11.91,Tangela Lv50 (Chlorophyll): Vine Whip/Bind/Mega Drain/Stun Spore | Yanma Lv50 (Speed Boost): Detect/Supersonic/Uproar/Pursuit
318,super_nerd_cary_0684,Super Nerd Cary,Trainerclass Super Nerd,242,305,0.442,626,753,1430.9,D,Young Couple Tim & Sue (Elo 1893.3),Youngster Gordon (Elo 987.3),Firebreather Walt (7 games),6.55,Torkoal Lv50 (White Smoke): Overheat/Iron Tail/Body Slam/Iron Defense
319,bird_keeper_gs_roy_0300,Bird Keeper Roy,Trainerclass Bird Keeper Gs,242,305,0.442,636,760,1409.8,D,Lass Linda (Elo 1907.4),Pokefan Beverly (Elo 1057.6),Twins Meg & Peg (7 games),10.36,Fearow Lv50 (Keen Eye): Aerial Ace/Mirror Move/Agility/Assurance | Fearow Lv50 (Keen Eye): Mirror Move/Agility/Assurance/Roost
320,biker_harris_0310,Biker Harris,Trainerclass Biker,241,306,0.441,644,771,1405.7,D,Firebreather Walt (Elo 1896.1),Lass Cathy (Elo 1087.5),Fisherman Martin (7 games),5.28,Flareon Lv50 (Flash Fire): Quick Attack/Bite/Fire Spin/Fire Fang
321,scientist_gs_garett_0471,Scientist Garett,Trainerclass Scientist Gs,240,307,0.439,582,715,1486.7,C-,School Kid Tommy (Elo 1896.4),Sailor Harry (Elo 1027.2),Super Nerd Tyrone (7 games),17.53,Magnemite Lv50 (Sturdy): Sonic Boom/Thunder Wave/Spark/Lock On | Magnemite Lv50 (Sturdy): Sonic Boom/Thunder Wave/Spark/Lock On | Magnemite Lv50 (Sturdy): Sonic Boom/Thunder Wave/Spark/Lock On
322,beauty_caroline_0210,Beauty Caroline,Trainerclass Beauty,238,309,0.435,570,713,1466.7,D+,Young Couple Tim & Sue (Elo 1829.0),Super Nerd Markus (Elo 1193.1),Swimmer Parker (7 games),13.04,Marill Lv50 (Thick Fat): Aqua Ring/Double Edge/Rain Dance/Aqua Tail | Seel Lv50 (Thick Fat): Aurora Beam/Aqua Jet/Brine/Take Down | Marill Lv50 (Huge Power): Aqua Ring/Double Edge/Rain Dance/Aqua Tail
323,swimmer_f_katie_0243,Swimmer Katie,Trainerclass Swimmer F,236,311,0.431,672,820,1418.0,D,Kimono Girl Kuni (Elo 1878.6),School Kid Chad (Elo 900.1),Camper Spencer (7 games),6.58,Dewgong Lv50 (Thick Fat): Brine/Sheer Cold/Take Down/Dive
324,pokefan_m_robert_0348,Pokefan Robert,Trainerclass Pokefan M,235,312,0.43,604,754,1465.3,D+,Ace Trainer Jamie (Elo 1994.2),Bug Catcher Stacey (Elo 887.0),Bug Catcher Ellis (7 games),9.73,Quagsire Lv50 (Water Absorb): Amnesia/Yawn/Earthquake/Rain Dance
325,swimmer_m_frankie_0373,Swimmer Frankie,Trainerclass Swimmer M,235,312,0.43,619,774,1421.2,D,Fisherman Tully (Elo 1911.7),Fisherman Ralph (Elo 984.2),Bug Catcher Arnie (7 games),5.78,Azumarill Lv50 (Huge Power): Bubble Beam/Aqua Ring/Double Edge/Rain Dance
326,skier_jill_0481,Skier Jill,Trainerclass Skier,234,313,0.428,602,769,1439.9,D+,School Kid Alan (Elo 1992.3),Passerby Boy (Elo 894.6),Scientist Garett (7 games),14.74,Dewgong Lv50 (Thick Fat): Ice Shard/Rest/Aqua Ring/Aurora Beam
327,gentleman_alfred_0668,Gentleman Alfred,Trainerclass Gentleman,234,313,0.428,596,754,1425.9,D,Ace Trainer Megan (Elo 1947.6),School Kid Chad (Elo 900.1),Swimmer George (7 games),5.22,Noctowl Lv50 (Insomnia): Take Down/Air Slash/Zen Headbutt/Extrasensory
328,gentleman_alfred_0667,Gentleman Alfred,Trainerclass Gentleman,231,316,0.422,583,752,1436.1,D+,Psychic Herman (Elo 1956.3),Skier Diana (Elo 1102.5),Picnicker Tiffany (7 games),5.97,Noctowl Lv50 (Insomnia): Reflect/Confusion/Take Down/Air Slash
329,hiker_benjamin_0134,Hiker Benjamin,Trainerclass Hiker,230,317,0.42,593,767,1449.5,D+,Ace Trainer Jamie (Elo 1994.2),Poke Maniac Larry (Elo 1067.5),Sailor Roberto (7 games),10.36,Diglett Lv50 (Sand Veil): Growl/Astonish/Magnitude/Mud Slap | Geodude Lv50 (Sturdy): Mud Sport/Rock Polish/Rock Throw/Magnitude | Dugtrio Lv50 (Arena Trap): Growl/Astonish/Magnitude/Mud Slap
330,biker_zeke_0311,Biker Zeke,Trainerclass Biker,229,318,0.419,586,760,1437.9,D+,Picnicker Erin (Elo 1920.7),Bug Catcher Benny (Elo 1168.5),School Kid Billy (7 games),5.98,Koffing Lv50 (Levitate): Haze/Gyro Ball/Explosion/Sludge Bomb | Koffing Lv50 (Levitate): Haze/Gyro Ball/Explosion/Sludge Bomb
331,swimmer_f_diana_0297,Swimmer Diana,Trainerclass Swimmer F,227,320,0.415,614,797,1450.0,D+,Kimono Girl Kuni (Elo 1878.6),Picnicker Brooke (Elo 987.6),Psychic Greg (7 games),6.37,Golduck Lv50 (Cloud Nine): Water Pulse/Zen Headbutt/Psych Up/Disable
332,bug_catcher_wade_0461,Bug Catcher Wade,Trainerclass Bug Catcher,227,320,0.415,595,784,1445.8,D+,Camper Sid (Elo 1917.6),Youngster Mikey (Elo 1077.6),Swimmer Tucker (7 games),13.99,Metapod Lv50 (Shed Skin): Bug Bite/String Shot | Butterfree Lv50 (Compound Eyes): Psybeam/Silver Wind/Supersonic/Whirlwind | Kakuna Lv50 (Shed Skin): Bug Bite/Poison Sting/String Shot | Metapod Lv50 (Shed Skin): Bug Bite/String Shot
333,poke_maniac_harrison_0537,Poke Maniac Harrison,Trainerclass Poke Maniac,227,320,0.415,586,770,1406.1,D,Ace Trainer Bonita (Elo 1828.1),Poke Maniac Larry (Elo 1067.5),School Kid Dudley (7 games),10.41,Nidoking Lv50 (Rivalry): Peck/Focus Energy/Double Kick/Poison Sting | Nidoqueen Lv50 (Rivalry): Scratch/Tail Whip/Double Kick/Poison Sting
334,bug_catcher_doug_0623,Bug Catcher Doug,Trainerclass Bug Catcher,226,321,0.413,590,776,1421.1,D,Psychic Herman (Elo 1956.3),Lass Connie (Elo 1043.4),Medium Bethany (7 games),8.58,Butterfree Lv50 (Compound Eyes): Tailwind/Safeguard/Captivate/Bug Buzz | Ariados Lv50 (Swarm): Spider Web/Agility/Pin Missile/Psychic
335,youngster_ian_0616,Youngster Ian,Trainerclass Youngster,226,321,0.413,598,790,1417.9,D,Mystery Man Eusine (Elo 1859.3),Bug Catcher Wayne (Elo 1095.4),Young Couple Duff & Eda (7 games),6.66,Mankey Lv50 (Vital Spirit): Karate Chop/Seismic Toss/Screech/Assurance | Dugtrio Lv50 (Sand Veil): Sucker Punch/Sand Tomb/Earth Power/Mud Bomb
336,fisherman_liam_0590,Fisherman Liam,Trainerclass Fisherman,224,323,0.41,593,795,1435.1,D+,Lass Dana (Elo 1827.7),Picnicker Selina (Elo 1050.6),Medium Grace (7 games),5.01,Seadra Lv50 (Poison Point): Agility/Twister/Brine/Hydro Pump
337,bird_keeper_gs_boris_0301,Bird Keeper Boris,Trainerclass Bird Keeper Gs,224,323,0.41,590,791,1432.1,D+,Ace Trainer Gaven (Elo 1998.3),Teacher Colette (Elo 1096.4),Fisherman Kyle (7 games),12.0,Doduo Lv50 (Early Bird): Uproar/Acupressure/Double Hit/Agility | Doduo Lv50 (Early Bird): Uproar/Acupressure/Double Hit/Agility | Dodrio Lv50 (Early Bird): Uproar/Acupressure/Tri Attack/Agility
338,teacher_shirley_0427,Teacher Shirley,Trainerclass Teacher,223,324,0.408,581,777,1441.3,D+,Picnicker Erin (Elo 1920.7),Hiker Parry (Elo 1116.0),Hiker Noland (7 games),8.43,Chatot Lv50 (Tangled Feet): Mimic/Roost/Uproar/Feather Dance | Jigglypuff Lv50 (Cute Charm): Body Slam/Gyro Ball/Wake Up Slap/Mimic
339,fisherman_tully_0323,Fisherman Tully,Trainerclass Fisherman,223,324,0.408,559,766,1407.7,D,Boarder Bryce (Elo 1861.1),Pokefan Ruth (Elo 957.7),Ace Trainer Allen (7 games),6.17,Qwilfish Lv50 (Poison Point): Stockpile/Spit Up/Revenge/Brine
340,twins_clea_gil_0502,Twins Clea & Gil,Trainerclass Twins,221,326,0.404,563,772,1421.5,D,Poke Maniac Brent (Elo 1874.7),Swimmer Denise (Elo 1058.7),Fisherman Tully (7 games),4.51,Dratini Lv50 (Shed Skin): Thunder Wave/Twister/Thunderbolt/Headbutt | Dratini Lv50 (Shed Skin): Thunder Wave/Twister/Surf/Headbutt
341,picnicker_debra_0139,Picnicker Debra,Trainerclass Picnicker,221,326,0.404,585,797,1396.4,D,Biker Aiden (Elo 1864.8),Sage Neal (Elo 1051.7),Bird Keeper Theo (7 games),7.08,Seaking Lv50 (Water Veil): Flail/Aqua Ring/Fury Attack/Waterfall
342,bug_catcher_rob_0048,Bug Catcher Rob,Trainerclass Bug Catcher,220,327,0.402,591,802,1394.2,D,Psychic Herman (Elo 1956.3),Hiker Parry (Elo 1116.0),Policeman Dirk (7 games),9.23,Beedrill Lv50 (Swarm): Agility/Assurance/Poison Jab/Endeavor | Butterfree Lv50 (Compound Eyes): Silver Wind/Tailwind/Safeguard/Captivate
343,bird_keeper_gs_toby_0082,Bird Keeper Toby,Trainerclass Bird Keeper Gs,219,328,0.4,564,786,1400.5,D,Biker Aiden (Elo 1864.8),Hiker Russel (Elo 1087.7),Bug Catcher Abner (7 games),10.76,Doduo Lv50 (Early Bird): Growl/Quick Attack/Rage/Fury Attack | Doduo Lv50 (Early Bird): Growl/Quick Attack/Rage/Fury Attack | Doduo Lv50 (Early Bird): Growl/Quick Attack/Rage/Fury Attack
344,hiker_leonard_0204,Hiker Leonard,Trainerclass Hiker,216,331,0.395,560,789,1389.9,D,Lass Linda (Elo 1907.4),Twins Amy & Mimi (Elo 970.6),Ace Trainer Jamie (7 games),4.48,Geodude Lv50 (Sturdy): Rock Throw/Magnitude/Selfdestruct/Rollout | Machop Lv50 (No Guard): Foresight/Seismic Toss/Revenge/Vital Throw
345,firebreather_ned_0282,Firebreather Ned,Trainerclass Firebreather,213,334,0.389,553,790,1420.2,D,Lass Michelle (Elo 1723.0),Policeman Keith (Elo 1152.0),Camper Ted (7 games),14.62,Koffing Lv50 (Levitate): Tackle/Smog/Smoke Screen/Assurance | Growlithe Lv50 (Intimidate): Ember/Leer/Odor Sleuth/Helping Hand | Koffing Lv50 (Levitate): Tackle/Smog/Smoke Screen/Assurance
346,biker_reese_0313,Biker Reese,Trainerclass Biker,213,334,0.389,529,765,1394.8,D,Young Couple Tim & Sue (Elo 1893.3),Pokefan Trevor (Elo 1076.9),School Kid Nate (7 games),6.7,Weezing Lv50 (Levitate): Sludge/Haze/Double Hit/Explosion
347,biker_teddy_0578,Biker Teddy,Trainerclass Biker,212,335,0.388,593,827,1419.3,D,Picnicker Gina (Elo 1833.9),Swimmer Leona (Elo 921.8),Fisherman Edgar (7 games),5.79,Seviper Lv50 (Shed Skin): Poison Fang/Swagger/Haze/Night Slash
348,boarder_deandre_0482,Boarder Deandre,Trainerclass Boarder,212,335,0.388,584,822,1400.8,D,Young Couple Tim & Sue (Elo 1893.3),Youngster Joey (Elo 950.6),Lass Krise (7 games),35.47,Seel Lv50 (Thick Fat): Encore/Ice Shard/Rest/Aqua Ring | Dewgong Lv50 (Thick Fat): Encore/Ice Shard/Rest/Aqua Ring | Seel Lv50 (Thick Fat): Encore/Ice Shard/Rest/Aqua Ring
349,psychic_m_nelson_0389,Psychic Nelson,Trainerclass Psychic M,211,336,0.386,547,800,1407.0,D,Boarder Bryce (Elo 1861.1),Pokefan Ruth (Elo 957.7),Bird Keeper Roy (7 games),10.37,Slowpoke Lv50 (Oblivious): Tackle/Growl/Water Gun | Slowpoke Lv50 (Own Tempo): Curse/Headbutt/Water Gun/Confusion
350,scientist_gs_daniel_0689,Scientist Daniel,Trainerclass Scientist Gs,211,336,0.386,554,802,1400.3,D,Firebreather Walt (Elo 1896.1),Picnicker Tiffany (Elo 1073.2),Lass Krise (7 games),6.7,Ninetales Lv50 (Flash Fire): Overheat/Will O Wisp/Quick Attack/Roar
351,swimmer_f_kara_0093,Swimmer Kara,Trainerclass Swimmer F,209,338,0.382,546,801,1417.9,D,Biker Glenn (Elo 1880.7),Bug Catcher Josh (Elo 1066.5),Bug Catcher Dion (7 games),12.63,Staryu Lv50 (Natural Cure): Water Gun/Rapid Spin/Recover/Camouflage | Starmie Lv50 (Natural Cure): Water Gun/Rapid Spin/Recover/Swift
352,pokefan_beverly_0437,Pokefan Beverly,Trainerclass Pokefan,209,338,0.382,553,811,1393.8,D,Kimono Girl Kuni (Elo 1878.6),Bug Catcher Wade (Elo 992.0),Burglar Orson (7 games),5.46,Granbull Lv50 (Intimidate): Headbutt/Roar/Rage/Take Down
353,hiker_edwin_0680,Hiker Edwin,Trainerclass Hiker,208,339,0.38,524,782,1416.2,D,Ace Trainer Ryan (Elo 1869.5),Bug Catcher Wade (Elo 992.0),Bug Catcher Benny (7 games),7.12,Golem Lv50 (Rock Head): Double Edge/Rock Slide/Sandstorm/Roar
354,school_kid_m_alan_0024,School Kid Alan,Trainerclass School Kid M,207,340,0.378,541,808,1359.4,D-,Ace Trainer Arabella (Elo 1875.5),Bird Keeper Abe (Elo 999.3),Black Belt Nob (7 games),9.19,Tangela Lv50 (Chlorophyll): Sleep Powder/Absorb/Growth/Poison Powder
355,school_kid_m_dudley_0329,School Kid Dudley,Trainerclass School Kid M,206,341,0.377,536,802,1404.9,D,Fisherman Stephen (Elo 1864.1),Twins Amy & Mimi (Elo 970.6),Poke Maniac Harrison (7 games),5.34,Oddish @ Sitrus Berry Lv50 (Chlorophyll): Natural Gift/Moonlight/Giga Drain/Petal Dance
356,bird_keeper_gs_bret_0421,Bird Keeper Bret,Trainerclass Bird Keeper Gs,205,342,0.375,549,828,1385.9,D-,Fisherman Stephen (Elo 1864.1),Scientist Mitch (Elo 1003.3),Bird Keeper Bob (7 games),9.8,Taillow Lv50 (Guts): Wing Attack/Double Team/Endeavor/Aerial Ace | Fearow Lv50 (Keen Eye): Mirror Move/Agility/Assurance/Roost
357,sailor_parker_0671,Sailor Parker,Trainerclass Sailor,205,342,0.375,544,818,1363.8,D-,School Kid Tommy (Elo 1896.4),Pokefan Derek (Elo 969.4),Hiker Anthony (7 games),8.27,Horsea Lv50 (Sniper): Water Pulse/Focus Energy/Twister/Agility | Seadra Lv50 (Sniper): Water Pulse/Focus Energy/Twister/Agility
358,fisherman_ralph_0462,Fisherman Ralph,Trainerclass Fisherman,204,343,0.373,575,852,1402.4,D,Kimono Girl Kuni (Elo 1878.6),Pokefan Ruth (Elo 957.7),Picnicker Hope (7 games),7.34,Seaking Lv50 (Swift Swim): Flail/Aqua Ring/Fury Attack/Waterfall
359,ace_trainer_m_brian_0104,Ace Trainer Brian,Trainerclass Ace Trainer M,204,343,0.373,526,805,1389.3,D-,Medium Darcy (Elo 1791.8),Picnicker Selina (Elo 1050.6),Lass Shannon (7 games),4.21,Mareep Lv50 (Static): Discharge/Signal Beam/Cotton Spore/Tackle
360,pokefan_m_william_0181,Pokefan William,Trainerclass Pokefan M,203,344,0.371,552,830,1386.7,D-,Ace Trainer Joyce (Elo 1914.5),Pokefan Rex (Elo 1078.5),Swimmer Charlie (7 games),5.46,Raichu Lv50 (Static): Thunder Shock/Tail Whip/Quick Attack/Thunderbolt
361,picnicker_erin_0151,Picnicker Erin,Trainerclass Picnicker,202,345,0.369,533,825,1361.6,D-,Firebreather Walt (Elo 1896.1),Scientist Mitch (Elo 1003.3),Bug Catcher Doug (7 games),8.56,Ponyta Lv50 (Flash Fire): Tackle/Tail Whip/Ember/Flame Wheel | Oddish Lv50 (Chlorophyll): Absorb/Sweet Scent/Acid/Poison Powder
362,bug_catcher_doug_0140,Bug Catcher Doug,Trainerclass Bug Catcher,200,347,0.366,537,826,1363.6,D-,Psychic Herman (Elo 1956.3),Teacher Colette (Elo 1096.4),Swimmer Tucker (7 games),10.3,Butterfree Lv50 (Compound Eyes): Silver Wind/Tailwind/Safeguard/Captivate | Ariados Lv50 (Swarm): Fury Swipes/Sucker Punch/Spider Web/Agility
363,swimmer_m_parker_0377,Swimmer Parker,Trainerclass Swimmer M,199,348,0.364,518,811,1373.7,D-,Ace Trainer Reena (Elo 1828.1),Pokefan Derek (Elo 969.4),Bird Keeper Hank (7 games),8.45,Horsea Lv50 (Sniper): Water Pulse/Focus Energy/Twister/Agility | Seadra Lv50 (Sniper): Water Pulse/Focus Energy/Twister/Agility
364,lass_dana_0400,Lass Dana,Trainerclass Lass,198,349,0.362,514,819,1383.0,D-,Bird Keeper Josh (Elo 1746.7),Hiker Anthony (Elo 1119.8),Super Nerd Cary (7 games),11.14,Flaaffy Lv50 (Static): Tackle/Growl/Thunder Shock/Thunder Wave | Psyduck Lv50 (Damp): Water Gun/Tail Whip/Disable/Confusion
365,sailor_garrett_0240,Sailor Garrett,Trainerclass Sailor,197,350,0.36,582,894,1390.9,D,Double Team Elan & Ida (Elo 2008.9),Picnicker Kim (Elo 983.2),Youngster Warren (7 games),6.25,Kingler Lv50 (Hyper Cutter): Metal Claw/Stomp/Protect/Guillotine
366,lass_krise_0184,Lass Krise,Trainerclass Lass,195,352,0.356,509,828,1392.7,D,Kimono Girl Sayo (Elo 1769.2),Scientist Mitch (Elo 1003.3),Bird Keeper Vance (7 games),8.75,Oddish Lv50 (Chlorophyll): Absorb/Sweet Scent/Acid/Poison Powder | Cubone Lv50 (Rock Head): Bone Club/Headbutt/Leer/Focus Energy
367,pokefan_beverly_0611,Pokefan Beverly,Trainerclass Pokefan,195,352,0.356,517,823,1376.1,D-,Biker Aiden (Elo 1864.8),Picnicker Tiffany (Elo 1073.2),Bug Catcher Dane (7 games),5.28,Granbull Lv50 (Intimidate): Roar/Rage/Take Down/Payback
368,pokefan_m_jeremy_0423,Pokefan Jeremy,Trainerclass Pokefan M,194,353,0.355,499,813,1378.1,D-,Pokefan Joshua (Elo 1729.0),Hiker Russel (Elo 1087.7),Hiker Parry (7 games),7.74,Meowth Lv50 (Technician): Faint Attack/Taunt/Pay Day/Slash | Meowth Lv50 (Technician): Faint Attack/Taunt/Pay Day/Slash | Meowth Lv50 (Technician): Faint Attack/Taunt/Pay Day/Slash
369,camper_grant_0727,Camper Grant,Trainerclass Camper,193,354,0.353,516,837,1383.7,D-,Fisherman Gideon (Elo 1850.6),Pokefan Derek (Elo 969.4),Bird Keeper Gail (7 games),12.03,Skiploom Lv50 (Chlorophyll): Poison Powder/Stun Spore/Sleep Powder/Bullet Seed | Marill Lv50 (Huge Power): Tail Whip/Water Gun/Rollout/Bubble Beam
370,biker_ernest_0579,Biker Ernest,Trainerclass Biker,192,355,0.351,505,832,1362.1,D-,Biker Charles (Elo 1709.9),Picnicker Brooke (Elo 987.6),School Kid Ricky (7 games),11.46,Teddiursa Lv50 (Quick Feet): Slash/Charm/Rest/Snore | Marill Lv50 (Huge Power): Double Edge/Rain Dance/Aqua Tail/Hydro Pump
371,poke_maniac_brent_0131,Poke Maniac Brent,Trainerclass Poke Maniac,192,355,0.351,488,811,1353.4,D-,Sailor Stanly (Elo 1664.7),Hiker Russel (Elo 1087.7),Bug Catcher Rob (7 games),10.32,Nidorina Lv50 (Poison Point): Tail Whip/Double Kick/Poison Sting/Fury Swipes | Nidorino Lv50 (Poison Point): Double Kick/Poison Sting/Fury Attack/Horn Attack
372,burglar_orson_0283,Burglar Orson,Trainerclass Burglar,189,358,0.346,488,821,1355.3,D-,Camper Lloyd (Elo 1635.8),Youngster Mikey (Elo 1077.6),Pokefan Beverly (7 games),9.52,Growlithe Lv50 (Intimidate): Roar/Flame Wheel/Leer/Bite | Koffing Lv50 (Levitate): Tackle/Smog/Sludge/Smoke Screen
373,gentleman_milton_0554,Gentleman Milton,Trainerclass Gentleman,189,358,0.346,523,856,1350.6,D-,Lass Linda (Elo 1907.4),Swimmer Leona (Elo 921.8),Psychic Greg (7 games),4.53,Growlithe Lv50 (Intimidate): Flamethrower/Agility/Crunch/Heat Wave
374,pokefan_georgia_0352,Pokefan Georgia,Trainerclass Pokefan,189,358,0.346,514,849,1349.1,D-,Kimono Girl Naoko (Elo 1991.6),Swimmer Matthew (Elo 1080.0),Bug Catcher Dane (7 games),21.1,Sentret Lv50 (Keen Eye): Follow Me/Slam/Rest/Sucker Punch | Sentret Lv50 (Keen Eye): Follow Me/Slam/Rest/Sucker Punch | Sentret Lv50 (Keen Eye): Follow Me/Slam/Rest/Sucker Punch | Furret Lv50 (Keen Eye): Follow Me/Slam/Rest/Sucker Punch | Sentret Lv50 (Keen Eye): Follow Me/Slam/Rest/Sucker Punch
375,black_belt_kenji_0017,Black Belt Kenji,Trainerclass Black Belt,188,359,0.344,508,846,1350.9,D-,Kimono Girl Zuki (Elo 1829.0),Twins Amy & Mimi (Elo 970.6),Camper Ivan (7 games),5.17,Machoke Lv50 (Guts): Foresight/Seismic Toss/Revenge/Vital Throw
376,hiker_jim_0359,Hiker Jim,Trainerclass Hiker,188,359,0.344,496,840,1329.0,E+,Double Team Elan & Ida (Elo 2008.9),Fisherman Ralph (Elo 984.2),Pokefan Robert (7 games),6.15,Machamp Lv50 (No Guard): Submission/Wake Up Slap/Cross Chop/Scary Face
377,bug_catcher_dion_0691,Bug Catcher Dion,Trainerclass Bug Catcher,187,360,0.342,512,853,1341.2,D-,Biker Aiden (Elo 1864.8),Fisherman Ralph (Elo 984.2),Bug Catcher Ed (7 games),5.64,Ariados Lv50 (Swarm): Agility/Pin Missile/Psychic/Poison Jab
378,black_belt_nob_0251,Black Belt Nob,Trainerclass Black Belt,186,361,0.34,521,868,1340.4,D-,Ace Trainer Bonita (Elo 1828.1),Fisherman Ralph (Elo 984.2),School Kid Alan (7 games),7.34,Machop Lv50 (No Guard): Vital Throw/Focus Energy/Karate Chop/Seismic Toss | Machoke Lv50 (No Guard): Leer/Karate Chop/Seismic Toss/Rock Slide
379,bird_keeper_gs_gail_0556,Bird Keeper Gail,Trainerclass Bird Keeper Gs,184,363,0.336,486,848,1355.2,D-,Youngster Jimmy (Elo 1749.1),Fisherman Ralph (Elo 984.2),Camper Grant (7 games),12.13,Fearow Lv50 (Keen Eye): Mirror Move/Agility/Assurance/Roost | Spearow Lv50 (Keen Eye): Agility/Assurance/Roost/Drill Peck
380,picnicker_liz_0276,Picnicker Liz,Trainerclass Picnicker,183,364,0.335,495,863,1352.7,D-,Picnicker Erin (Elo 1920.7),Camper Todd (Elo 1073.7),Medium Georgina (7 games),11.03,Weepinbell Lv50 (Chlorophyll): Acid/Knock Off/Sweet Scent/Gastro Acid | Nidorina Lv50 (Rivalry): Bite/Helping Hand/Toxic Spikes/Flatter
381,swimmer_m_randall_0086,Swimmer Randall,Trainerclass Swimmer M,182,365,0.333,472,837,1339.5,D-,Ace Trainer Arabella (Elo 1875.5),Sage Jin (Elo 1036.5),Sailor Jeff (7 games),15.61,Shellder Lv50 (Shell Armor): Supersonic/Icicle Spear/Withdraw/Tackle | Wartortle Lv50 (Torrent): Rapid Spin/Bite/Water Gun/Tail Whip | Shellder Lv50 (Skill Link): Supersonic/Icicle Spear/Withdraw/Tackle
382,policeman_dirk_0080,Policeman Dirk,Trainerclass Policeman,182,365,0.333,457,828,1322.2,E+,Bird Keeper Josh (Elo 1748.6),Picnicker Kim (Elo 983.2),Bug Catcher Ken (7 games),8.59,Growlithe Lv50 (Intimidate): Roar/Ember/Leer/Odor Sleuth | Growlithe Lv50 (Intimidate): Roar/Ember/Leer/Odor Sleuth
383,sage_edmond_0052,Sage Edmond,Trainerclass Sage,178,369,0.325,445,824,1368.5,D-,Fisherman Wilton (Elo 1782.0),Bird Keeper Abe (Elo 999.3),Hiker Bruce (7 games),9.33,Bellsprout Lv50 (Chlorophyll): Vine Whip | Bellsprout Lv50 (Chlorophyll): Vine Whip | Bellsprout Lv50 (Chlorophyll): Vine Whip
384,hiker_noland_0235,Hiker Noland,Trainerclass Hiker,178,369,0.325,597,981,1363.6,D-,School Kid Alan (Elo 1992.3),Fisherman Kyler (Elo 891.6),Teacher Shirley (7 games),20.32,Bronzor Lv50 (Levitate): Iron Defense/Safeguard/Gyro Ball/Future Sight | Golem Lv50 (Sturdy): Rollout/Rock Blast/Earthquake/Explosion
385,poke_maniac_shane_0129,Poke Maniac Shane,Trainerclass Poke Maniac,178,369,0.325,456,843,1333.9,E+,Biker Aiden (Elo 1750.8),Bug Catcher Wayne (Elo 1095.4),Hiker Leonard (7 games),10.55,Nidorina Lv50 (Poison Point): Scratch/Tail Whip/Double Kick/Poison Sting | Nidorino Lv50 (Poison Point): Peck/Focus Energy/Double Kick/Poison Sting
386,sage_nico_0051,Sage Nico,Trainerclass Sage,177,370,0.324,426,808,1368.6,D-,Hiker Kenny (Elo 1799.7),Bug Catcher Josh (Elo 1066.5),Youngster Ian (7 games),9.49,Bellsprout Lv50 (Chlorophyll): Vine Whip | Bellsprout Lv50 (Chlorophyll): Vine Whip | Bellsprout Lv50 (Chlorophyll): Vine Whip
387,beauty_callie_0674,Beauty Callie,Trainerclass Beauty,174,373,0.318,491,893,1312.7,E+,Psychic Vernon (Elo 1779.2),Youngster Ian (Elo 992.8),Bug Catcher Rob (7 games),19.7,Clefable Lv50 (Cute Charm): Growl/Encore/Double Slap/Metronome | Wigglytuff Lv50 (Cute Charm): Sing/Defense Curl/Pound/Disable
388,picnicker_hope_0152,Picnicker Hope,Trainerclass Picnicker,173,374,0.316,490,890,1334.3,E+,Medium Darcy (Elo 1791.8),Youngster Ian (Elo 992.8),Fisherman Ralph (7 games),5.77,Flaaffy Lv50 (Static): Charge/Discharge/Signal Beam/Light Screen
389,youngster_samuel_0062,Youngster Samuel,Trainerclass Youngster,172,375,0.314,450,855,1329.3,E+,Kimono Girl Sayo (Elo 1769.2),Hiker Russel (Elo 1087.7),Gentleman Alfred (7 games),15.35,Rattata Lv50 (Guts): Tackle/Tail Whip/Quick Attack/Focus Energy | Sandshrew Lv50 (Sand Veil): Scratch/Defense Curl/Sand Attack/Poison Sting | Spearow Lv50 (Keen Eye): Peck/Growl/Leer | Spearow Lv50 (Keen Eye): Peck/Growl/Leer
390,poke_maniac_andrew_0201,Poke Maniac Andrew,Trainerclass Poke Maniac,171,376,0.313,474,881,1315.6,E+,Double Team Thom & Kae (Elo 1965.5),Fisherman Henry (Elo 996.9),School Kid Jack (7 games),12.03,Marowak Lv50 (Rock Head): Leer/Focus Energy/Bonemerang/Rage | Marowak Lv50 (Rock Head): Leer/Focus Energy/Bonemerang/Rage
391,scientist_gs_ross_0468,Scientist Ross,Trainerclass Scientist Gs,169,378,0.309,454,872,1318.9,E+,Camper Barry (Elo 1750.0),Pokefan Trevor (Elo 1076.9),Hiker Benjamin (7 games),8.96,Koffing Lv50 (Levitate): Smog/Smoke Screen/Assurance/Selfdestruct | Koffing Lv50 (Levitate): Smog/Smoke Screen/Assurance/Selfdestruct
392,twins_meg_peg_0426,Twins Meg & Peg,Trainerclass Twins,169,378,0.309,479,892,1309.1,E+,School Kid Tommy (Elo 1896.4),Swimmer Elaine (Elo 991.4),Policeman Keith (7 games),5.99,Phanpy Lv50 (Pickup): Slam/Endure/Charm/Last Resort | Teddiursa Lv50 (Quick Feet): Faint Attack/Sweet Scent/Slash/Charm
393,gentleman_alfred_0401,Gentleman Alfred,Trainerclass Gentleman,169,378,0.309,456,875,1303.3,E+,Youngster Jimmy (Elo 1749.1),Pokefan Ruth (Elo 957.7),Youngster Samuel (7 games),6.76,Noctowl Lv50 (Insomnia): Peck/Uproar/Reflect/Confusion
394,sage_chow_0043,Sage Chow,Trainerclass Sage,168,379,0.307,415,836,1356.9,D-,Camper Tanner (Elo 1755.2),Bug Catcher Josh (Elo 1066.5),Swimmer Harold (7 games),9.55,Bellsprout Lv50 (Chlorophyll): Vine Whip | Bellsprout Lv50 (Chlorophyll): Vine Whip | Bellsprout Lv50 (Chlorophyll): Vine Whip
395,super_nerd_eric_0233,Super Nerd Eric,Trainerclass Super Nerd,163,384,0.298,421,865,1302.8,E+,Picnicker Erin (Elo 1672.6),Picnicker Tiffany (Elo 1073.2),Bird Keeper Vance (7 games),13.53,Grimer Lv50 (Stench): Poison Gas/Pound/Harden/Mud Slap | Grimer Lv50 (Stench): Poison Gas/Pound/Harden/Mud Slap
396,poke_maniac_ron_0132,Poke Maniac Ron,Trainerclass Poke Maniac,162,385,0.296,425,875,1294.7,E+,Black Belt Kenji (Elo 1776.4),Picnicker Brooke (Elo 987.6),Swimmer Simon (7 games),6.69,Nidoking Lv50 (Rivalry): Peck/Focus Energy/Double Kick/Poison Sting
397,hiker_parry_0451,Hiker Parry,Trainerclass Hiker,161,386,0.294,485,931,1326.4,E+,School Kid Danny (Elo 1940.6),Bug Catcher Al (Elo 913.1),Bird Keeper Josh (7 games),12.03,Onix Lv50 (Rock Head): Slam/Rock Polish/Dragon Breath/Curse | Graveler Lv50 (Rock Head): Selfdestruct/Rollout/Rock Blast/Earthquake
398,biker_dale_0572,Biker Dale,Trainerclass Biker,160,387,0.293,422,876,1296.8,E+,Picnicker Erin (Elo 1819.2),Youngster Joey (Elo 1118.5),Swimmer Susie (7 games),6.04,Gulpin @ Black Sludge Lv50 (Sticky Hold): Spit Up/Swallow/Sludge Bomb/Gastro Acid
399,biker_theron_0576,Biker Theron,Trainerclass Biker,159,388,0.291,473,934,1316.2,E+,Ace Trainer Joyce (Elo 1914.5),Pokefan Ruth (Elo 957.7),School Kid Alan (7 games),5.12,Croagunk Lv50 (Dry Skin): Nasty Plot/Poison Jab/Sludge Bomb/Flatter
400,bug_catcher_arnie_0360,Bug Catcher Arnie,Trainerclass Bug Catcher,159,388,0.291,429,894,1286.2,E+,Beauty Julia (Elo 1786.2),School Kid Chad (Elo 900.1),Bird Keeper Abe (7 games),6.91,Venonat Lv50 (Compound Eyes): Stun Spore/Psybeam/Sleep Powder/Signal Beam
401,super_nerd_waldo_0685,Super Nerd Waldo,Trainerclass Super Nerd,158,389,0.289,467,929,1307.6,E+,Biker Joel (Elo 1809.4),Pokefan Ruth (Elo 957.7),Hiker Noland (7 games),4.23,Numel Lv50 (Simple): Overheat/Amnesia/Earth Power/Magnitude
402,school_kid_m_jack_0178,School Kid Jack,Trainerclass School Kid M,157,390,0.287,440,902,1308.3,E+,Picnicker Gina (Elo 1833.9),Scientist Mitch (Elo 1003.3),Poke Maniac Issac (7 games),8.78,Oddish Lv50 (Chlorophyll): Absorb/Sweet Scent/Acid | Voltorb Lv50 (Soundproof): Tackle/Sonic Boom/Spark/Rollout
403,bird_keeper_gs_bryan_0072,Bird Keeper Bryan,Trainerclass Bird Keeper Gs,157,390,0.287,425,891,1302.6,E+,Youngster Regis (Elo 1639.8),Picnicker Tiffany (Elo 1073.2),Sailor Parker (7 games),11.15,Pidgey Lv50 (Keen Eye): Tackle/Sand Attack/Gust | Pidgeotto Lv50 (Keen Eye): Tackle/Sand Attack/Gust/Quick Attack
404,sailor_roberto_0214,Sailor Roberto,Trainerclass Sailor,157,390,0.287,426,892,1297.6,E+,Hiker Kenny (Elo 1867.2),Sage Neal (Elo 1051.7),Hiker Benjamin (7 games),12.65,Machop Lv50 (Guts): Leer/Focus Energy/Karate Chop/Foresight | Machop Lv50 (No Guard): Leer/Focus Energy/Karate Chop/Foresight | Poliwhirl Lv50 (Damp): Hypnosis/Water Gun/Double Slap/Rain Dance
405,twins_meg_peg_0425,Twins Meg & Peg,Trainerclass Twins,156,391,0.285,445,912,1274.4,E,Kimono Girl Sayo (Elo 1769.2),Poke Maniac Larry (Elo 1067.5),School Kid Chad (7 games),5.54,Teddiursa Lv50 (Quick Feet): Faint Attack/Sweet Scent/Slash/Charm | Phanpy Lv50 (Pickup): Slam/Endure/Charm/Last Resort
406,picnicker_adrian_0581,Picnicker Adrian,Trainerclass Picnicker,155,392,0.283,439,914,1283.7,E+,Fisherman Kyle (Elo 1939.5),Twins Amy & Mimi (Elo 970.6),Swimmer Esteban (7 games),7.68,Shroomish Lv50 (Effect Spore): Growth/Giga Drain/Seed Bomb/Spore
407,fisherman_edgar_0125,Fisherman Edgar,Trainerclass Fisherman,155,392,0.283,419,896,1275.4,E,Black Belt Kenji (Elo 1809.0),Pokefan Ruth (Elo 957.7),Bird Keeper Jose (7 games),6.21,Remoraid Lv50 (Hustle): Lock On/Psybeam/Aurora Beam/Bubble Beam | Remoraid Lv50 (Sniper): Lock On/Psybeam/Aurora Beam/Bubble Beam
408,swimmer_f_susie_0091,Swimmer Susie,Trainerclass Swimmer F,153,394,0.28,416,899,1331.3,E+,Hiker Bruce (Elo 1701.6),Pokefan Beverly (Elo 1057.6),Biker Dale (7 games),8.64,Psyduck Lv50 (Damp): Scratch/Water Gun/Disable/Confusion | Goldeen Lv50 (Swift Swim): Flail/Water Pulse/Supersonic/Horn Attack
409,hiker_timothy_0146,Hiker Timothy,Trainerclass Hiker,153,394,0.28,424,909,1278.3,E,School Kid Chad (Elo 1856.7),Youngster Joey (Elo 950.6),Biker Markey (7 games),10.33,Diglett Lv50 (Sand Veil): Earth Power/Dig/Sand Attack/Sucker Punch | Dugtrio Lv50 (Sand Veil): Earth Power/Dig/Sand Attack/Sucker Punch
410,bird_keeper_gs_jose_0303,Bird Keeper Jose,Trainerclass Bird Keeper Gs,153,394,0.28,429,913,1272.0,E,Camper Barry (Elo 1750.0),Pokefan Ruth (Elo 957.7),Fisherman Edgar (7 games),5.61,Farfetchd Lv50 (Keen Eye): Agility/Night Slash/Air Slash/Feint
411,beauty_kassandra_0675,Beauty Kassandra,Trainerclass Beauty,152,395,0.278,448,924,1284.7,E+,Psychic Franklin (Elo 1777.3),Hiker Russel (Elo 1087.7),Bug Catcher Rob (7 games),20.41,Wigglytuff Lv50 (Cute Charm): Sing/Defense Curl/Pound/Disable | Clefable Lv50 (Cute Charm): Growl/Encore/Double Slap/Metronome
412,bird_keeper_gs_bert_0583,Bird Keeper Bert,Trainerclass Bird Keeper Gs,150,397,0.274,411,906,1273.8,E,School Kid Billy (Elo 1702.0),Picnicker Brooke (Elo 987.6),Bird Keeper Bob (7 games),12.39,Wingull Lv50 (Keen Eye): Roost/Pursuit/Agility/Aerial Ace | Fearow Lv50 (Keen Eye): Mirror Move/Agility/Assurance/Roost
413,beauty_charlotte_0723,Beauty Charlotte,Trainerclass Beauty,148,399,0.271,389,886,1294.0,E+,Ace Trainer Joyce (Elo 1914.5),Bug Catcher Al (Elo 913.1),Pokefan Brandon (7 games),10.66,Bellossom Lv50 (Chlorophyll): Mega Drain/Sweet Scent/Stun Spore/Sunny Day
414,pokefan_m_derek_0438,Pokefan Derek,Trainerclass Pokefan M,146,401,0.267,437,947,1250.5,E,Young Couple Tim & Sue (Elo 1829.0),Sage Jin (Elo 1036.5),Bird Keeper Jose (7 games),7.89,Teddiursa Lv50 (Pickup): Fake Tears/Fury Swipes/Faint Attack/Sweet Scent | Pikachu Lv50 (Static): Double Team/Slam/Thunderbolt/Feint
415,psychic_m_greg_0386,Psychic Greg,Trainerclass Psychic M,145,402,0.265,462,973,1290.0,E+,Fisherman Stephen (Elo 1864.1),Skier Cady (Elo 829.3),Twins Amy & Mimi (7 games),7.9,Drowzee Lv50 (Insomnia): Hypnosis/Disable/Dream Eater
416,scientist_gs_trenton_0472,Scientist Trenton,Trainerclass Scientist Gs,145,402,0.265,409,919,1270.3,E,Medium Darcy (Elo 1791.8),School Kid Chad (Elo 900.1),Firebreather Richard (7 games),10.04,Porygon Lv50 (Download): Conversion/Conversion 2/Recover/Charge Beam
417,teacher_hillary_0382,Teacher Hillary,Trainerclass Teacher,144,403,0.263,376,895,1283.5,E+,Boarder Shaun (Elo 1729.0),Twins Amy & Mimi (Elo 970.6),Camper Virgil (7 games),7.89,Sunkern Lv50 (Solar Power): Razor Leaf/Synthesis/Sunny Day/Giga Drain | Aipom Lv50 (Pickup): Fury Swipes/Swift/Screech/Agility
418,bird_keeper_gs_vance_0137,Bird Keeper Vance,Trainerclass Bird Keeper Gs,144,403,0.263,384,903,1263.8,E,Twins Kay & Tia (Elo 1673.3),Swimmer Denise (Elo 1058.7),Lass Krise (7 games),9.74,Hoothoot Lv50 (Insomnia): Uproar/Reflect/Confusion/Take Down | Pidgeotto Lv50 (Keen Eye): Quick Attack/Whirlwind/Twister/Feather Dance
419,swimmer_m_simon_0016,Swimmer Simon,Trainerclass Swimmer M,142,405,0.26,380,902,1253.8,E,Hiker Kenny (Elo 1867.2),Passerby Boy (Elo 966.8),Poke Maniac Ron (7 games),8.12,Tentacool Lv50 (Clear Body): Constrict/Acid/Toxic Spikes/Bubble Beam | Tentacool Lv50 (Liquid Ooze): Constrict/Acid/Toxic Spikes/Bubble Beam
420,youngster_joey_0510,Youngster Joey,Trainerclass Youngster,141,406,0.258,455,977,1303.9,E+,Kimono Girl Naoko (Elo 1991.6),Swimmer Leona (Elo 921.8),Picnicker Cheyenne (7 games),6.38,Raticate Lv50 (Run Away): Hyper Fang/Quick Attack/Substitute/Endeavor
421,picnicker_tiffany_0467,Picnicker Tiffany,Trainerclass Picnicker,141,406,0.258,385,917,1265.0,E,Kimono Girl Zuki (Elo 1829.0),Bug Catcher Stacey (Elo 887.0),Bug Catcher Arnie (7 games),17.22,Clefable Lv50 (Cute Charm): Gravity/Sing/Wake Up Slap/Moonlight
422,camper_ted_0147,Camper Ted,Trainerclass Camper,140,407,0.256,389,926,1289.3,E+,Fisherman Jonah (Elo 1729.1),Fisherman Ralph (Elo 984.2),Bird Keeper Vance (7 games),3.68,Mankey Lv50 (Anger Point): Focus Energy/Fury Swipes/Karate Chop/Seismic Toss
423,gentleman_edward_0231,Gentleman Edward,Trainerclass Gentleman,139,408,0.254,380,918,1275.9,E,Pokefan Joshua (Elo 1729.0),Pokefan Rex (Elo 1078.5),Picnicker Adrian (7 games),5.18,Persian Lv50 (Limber): Faint Attack/Taunt/Power Gem/Slash
424,medium_bethany_0175,Medium Bethany,Trainerclass Medium,139,408,0.254,389,924,1249.2,E,Picnicker Gina (Elo 1833.9),Fisherman Ralph (Elo 984.2),Pokefan Colin (7 games),8.5,Haunter Lv50 (Levitate): Night Shade/Confuse Ray/Sucker Punch/Shadow Punch
425,bird_keeper_gs_josh_0565,Bird Keeper Josh,Trainerclass Bird Keeper Gs,139,408,0.254,407,943,1245.7,E,Young Couple Tim & Sue (Elo 1829.0),Picnicker Kim (Elo 983.2),Swimmer Simon (7 games),6.17,Fearow Lv50 (Keen Eye): Aerial Ace/Mirror Move/Agility/Assurance
426,bird_keeper_gs_jose_0414,Bird Keeper Jose,Trainerclass Bird Keeper Gs,138,409,0.252,407,942,1274.0,E,School Kid Tommy (Elo 1896.4),Swimmer Leona (Elo 921.8),Sailor Kent (7 games),5.52,Farfetchd Lv50 (Keen Eye): Swords Dance/Agility/Night Slash/Air Slash
427,school_kid_m_ricky_0429,School Kid Ricky,Trainerclass School Kid M,138,409,0.252,423,967,1260.0,E,School Kid Tommy (Elo 1896.4),Fisherman Kyler (Elo 877.8),Black Belt Yoshi (7 games),11.55,Aipom @ Hard Stone Lv50 (Run Away): Agility/Double Hit/Fling/Nasty Plot | Ditto Lv50 (Limber): Transform
428,camper_ivan_0074,Camper Ivan,Trainerclass Camper,137,410,0.25,389,934,1240.2,E,Kimono Girl Naoko (Elo 1991.6),Fisherman Henry (Elo 996.9),Black Belt Kenji (7 games),13.38,Diglett Lv50 (Sand Veil): Scratch/Sand Attack/Growl/Astonish | Zubat Lv50 (Inner Focus): Leech Life/Supersonic/Astonish | Diglett Lv50 (Sand Veil): Sand Attack/Growl/Astonish/Magnitude
429,black_belt_yoshi_0156,Black Belt Yoshi,Trainerclass Black Belt,136,411,0.249,438,987,1272.1,E,Lass Dana (Elo 1843.7),Bug Catcher Al (Elo 913.1),School Kid Ricky (7 games),5.91,Hitmonlee Lv50 (Reckless): Double Kick/Meditate/Jump Kick/Focus Energy
430,bird_keeper_gs_perry_0420,Bird Keeper Perry,Trainerclass Bird Keeper Gs,136,411,0.249,404,953,1258.2,E,Juggler Fritz (Elo 1873.8),Picnicker Brooke (Elo 987.6),Scientist Mitch (7 games),5.37,Farfetchd Lv50 (Inner Focus): Swords Dance/Agility/Night Slash/Air Slash
431,pokefan_m_brandon_0409,Pokefan Brandon,Trainerclass Pokefan M,136,411,0.249,368,913,1232.2,E,Young Couple Tim & Sue (Elo 1893.3),Sage Jin (Elo 1036.5),Policeman Keith (7 games),10.72,Snubbull Lv50 (Intimidate): Tail Whip/Charm/Bite/Lick | Mareep Lv50 (Static): Tackle/Growl/Thunder Shock
432,youngster_owen_0380,Youngster Owen,Trainerclass Youngster,135,412,0.247,391,947,1242.0,E,School Kid Tommy (Elo 1896.4),Youngster Joey (Elo 950.6),Hiker Noland (7 games),4.62,Growlithe Lv50 (Intimidate): Take Down/Flamethrower/Agility/Crunch
433,bug_catcher_ellis_0693,Bug Catcher Ellis,Trainerclass Bug Catcher,132,415,0.241,415,980,1276.6,E,Picnicker Gina (Elo 1833.9),Picnicker Piper (Elo 1001.4),Pokefan Robert (7 games),12.62,Weedle Lv50 (Shield Dust): Poison Sting/String Shot/Bug Bite | Kakuna Lv50 (Shed Skin): Harden | Beedrill Lv50 (Swarm): Agility/Assurance/Poison Jab/Endeavor
434,picnicker_heidi_0332,Picnicker Heidi,Trainerclass Picnicker,132,415,0.241,341,908,1232.4,E,Ace Trainer Piper (Elo 1708.3),Twins Amy & Mimi (Elo 970.6),Skier Diana (7 games),10.74,Skiploom Lv50 (Leaf Guard): Mega Drain/Cotton Spore/U Turn/Worry Seed | Skiploom Lv50 (Leaf Guard): Mega Drain/Cotton Spore/U Turn/Worry Seed
435,twins_dara_dia_0385,Twins Dara & Dia,Trainerclass Twins,131,416,0.239,360,930,1236.0,E,Bird Keeper Easton (Elo 1681.0),Picnicker Brooke (Elo 987.6),School Kid Ricky (7 games),6.53,Mareep Lv50 (Static): Tackle/Growl/Thunder Shock/Thunder Wave | Marill Lv50 (Thick Fat): Defense Curl/Tail Whip/Water Gun/Rollout
436,school_kid_m_travis_0568,School Kid Travis,Trainerclass School Kid M,130,417,0.238,377,948,1253.5,E,Picnicker Gina (Elo 1833.9),Youngster Joey (Elo 950.6),Hiker Timothy (7 games),5.15,Budew Lv50 (Poison Point): Stun Spore/Giga Drain/Sludge Bomb/Nature Power
437,sailor_kent_0213,Sailor Kent,Trainerclass Sailor,130,417,0.238,339,913,1235.6,E,Camper Jerry (Elo 1608.9),Pokefan Ruth (Elo 957.7),Bug Catcher Arnie (7 games),9.05,Krabby Lv50 (Hyper Cutter): Bubble Beam/Leer/Vice Grip/Harden | Krabby Lv50 (Shell Armor): Bubble Beam/Mud Shot/Vice Grip/Harden
438,firebreather_bill_0319,Firebreather Bill,Trainerclass Firebreather,129,418,0.236,341,920,1240.5,E,Lass Michelle (Elo 1723.0),Pokefan Derek (Elo 969.4),Super Nerd Waldo (7 games),10.26,Koffing Lv50 (Levitate): Poison Gas/Tackle/Smog | Koffing Lv50 (Levitate): Poison Gas/Tackle/Smog
439,medium_margaret_0176,Medium Margaret,Trainerclass Medium,128,419,0.234,345,929,1222.0,E-,Camper Barry (Elo 1750.0),Swimmer Elaine (Elo 991.4),Bug Catcher Dane (7 games),8.76,Haunter Lv50 (Levitate): Night Shade/Confuse Ray/Sucker Punch/Shadow Punch
440,hiker_bailey_0154,Hiker Bailey,Trainerclass Hiker,127,420,0.232,312,897,1230.6,E-,Swimmer Ronald (Elo 1859.5),Picnicker Kim (Elo 983.2),Camper Tanner (7 games),25.0,Geodude Lv50 (Sturdy): Defense Curl/Mud Sport/Rock Polish/Rock Throw | Geodude Lv50 (Sturdy): Defense Curl/Mud Sport/Rock Polish/Rock Throw | Geodude Lv50 (Sturdy): Defense Curl/Mud Sport/Rock Polish/Rock Throw | Geodude Lv50 (Sturdy): Defense Curl/Mud Sport/Rock Polish/Rock Throw | Geodude Lv50 (Sturdy): Defense Curl/Mud Sport/Rock Polish/Rock Throw
441,beauty_samantha_0070,Beauty Samantha,Trainerclass Beauty,127,420,0.232,328,914,1212.9,E-,Twins Day & Dani (Elo 1704.6),Swimmer Matthew (Elo 1080.0),Swimmer Kendra (7 games),8.17,Meowth Lv50 (Technician): Scratch/Growl/Bite/Pay Day | Meowth Lv50 (Technician): Scratch/Growl/Bite/Slash
442,medium_edith_0493,Medium Edith,Trainerclass Medium,126,421,0.23,357,949,1232.1,E-,Black Belt Kenji (Elo 1776.4),Youngster Ian (Elo 992.8),Fisherman Henry (7 games),6.09,Haunter Lv50 (Levitate): Curse/Night Shade/Confuse Ray/Sucker Punch
443,poke_maniac_donald_0392,Poke Maniac Donald,Trainerclass Poke Maniac,126,421,0.23,336,922,1217.9,E-,Twins Kay & Tia (Elo 1673.3),Twins Amy & Mimi (Elo 970.6),Bug Catcher Josh (7 games),22.96,Slowpoke Lv50 (Own Tempo): Yawn/Tackle/Growl/Water Gun | Slowpoke Lv50 (Own Tempo): Yawn/Tackle/Growl/Water Gun
444,elder_li_0290,Elder Li,Trainerclass Elder,125,422,0.229,354,946,1218.5,E-,Twins Kay & Tia (Elo 1707.3),Youngster Joey (Elo 950.6),Bird Keeper Rod (7 games),13.29,Bellsprout Lv50 (Chlorophyll): Vine Whip/Growth | Bellsprout Lv50 (Chlorophyll): Vine Whip/Growth | Hoothoot Lv50 (Insomnia): Growl/Foresight/Hypnosis/Peck
445,medium_ethel_0177,Medium Ethel,Trainerclass Medium,124,423,0.227,360,958,1235.9,E,Sailor Kenneth (Elo 1755.2),School Kid Chad (Elo 900.1),Bug Catcher Arnie (7 games),8.31,Haunter Lv50 (Levitate): Night Shade/Confuse Ray/Sucker Punch/Shadow Punch
446,swimmer_f_wendy_0094,Swimmer Wendy,Trainerclass Swimmer F,124,423,0.227,349,950,1201.0,E-,Camper Barry (Elo 1750.0),Pokefan Derek (Elo 969.4),Firebreather Ned (7 games),9.09,Horsea Lv50 (Swift Swim): Bubble/Smoke Screen/Leer/Bubble Beam | Horsea Lv50 (Sniper): Focus Energy/Smoke Screen/Leer/Bubble Beam
447,super_nerd_markus_0539,Super Nerd Markus,Trainerclass Super Nerd,124,423,0.227,344,943,1193.1,E-,Fisherman Wilton (Elo 1782.0),Pokefan Ruth (Elo 957.7),Pokefan Derek (7 games),7.82,Slowpoke Lv50 (Own Tempo): Curse/Water Gun/Growl/Strength
448,bird_keeper_gs_vance_0447,Bird Keeper Vance,Trainerclass Bird Keeper Gs,123,424,0.225,319,916,1226.5,E-,Medium Georgina (Elo 1559.5),School Kid Chad (Elo 900.1),Camper Ted (7 games),9.05,Hoothoot Lv50 (Insomnia): Confusion/Take Down/Air Slash/Zen Headbutt | Pidgeotto Lv50 (Keen Eye): Whirlwind/Twister/Feather Dance/Agility
449,bird_keeper_gs_peter_0383,Bird Keeper Peter,Trainerclass Bird Keeper Gs,123,424,0.225,330,932,1225.0,E-,Hiker Kenny (Elo 1689.4),Pokefan Derek (Elo 969.4),Swimmer Debbie (7 games),15.91,Pidgey Lv50 (Keen Eye): Tackle/Sand Attack | Pidgey Lv50 (Tangled Feet): Tackle/Sand Attack | Spearow Lv50 (Keen Eye): Peck/Growl/Leer
450,beauty_kimberly_0534,Beauty Kimberly,Trainerclass Beauty,120,427,0.219,314,929,1229.7,E-,Firebreather Walt (Elo 1707.6),Swimmer Leona (Elo 921.8),Bird Keeper Bryan (7 games),19.01,Corsola Lv50 (Hustle): Harden/Bubble/Recover/Refresh
451,twins_tori_til_0081,Twins Tori & Til,Trainerclass Twins,119,428,0.218,318,936,1221.9,E-,Bird Keeper Easton (Elo 1681.0),School Kid Chad (Elo 900.1),Bird Keeper Justin (7 games),6.12,Marill Lv50 (Thick Fat): Defense Curl/Tail Whip/Water Gun/Rollout | Mareep Lv50 (Static): Tackle/Growl/Thunder Shock/Thunder Wave
452,psychic_m_fidel_0317,Psychic Fidel,Trainerclass Psychic M,117,430,0.214,382,1003,1231.2,E-,School Kid Tommy (Elo 1896.4),School Kid Chad (Elo 900.1),Fisherman Edgar (7 games),7.38,Xatu Lv50 (Early Bird): Future Sight/Psycho Shift/Confuse Ray/Me First
453,beauty_valerie_0398,Beauty Valerie,Trainerclass Beauty,116,431,0.212,304,935,1228.7,E-,Twins Kay & Tia (Elo 1707.3),Twins Amy & Mimi (Elo 970.6),Swimmer Kara (7 games),10.24,Hoppip Lv50 (Chlorophyll): Mega Drain/Tail Whip/Tackle/Poison Powder | Skiploom Lv50 (Leaf Guard): Mega Drain/Tail Whip/Tackle/Stun Spore
454,bug_catcher_arnie_0449,Bug Catcher Arnie,Trainerclass Bug Catcher,114,433,0.208,321,960,1199.7,E-,Picnicker Gina (Elo 1833.9),Passerby Boy (Elo 894.6),Picnicker Tiffany (7 games),8.17,Venomoth Lv50 (Shield Dust): Disable/Supersonic/Confusion/Leech Life
455,bug_catcher_benny_0067,Bug Catcher Benny,Trainerclass Bug Catcher,114,433,0.208,320,964,1168.5,E-,Black Belt Manford (Elo 1615.1),Youngster Joey (Elo 950.6),Camper Elliot (7 games),12.96,Weedle Lv50 (Shield Dust): Poison Sting/String Shot | Kakuna Lv50 (Shed Skin): Harden | Beedrill Lv50 (Swarm): Fury Attack
456,picnicker_gina_0065,Picnicker Gina,Trainerclass Picnicker,113,434,0.207,328,973,1214.0,E-,Twins Kay & Tia (Elo 1707.3),Pokefan Derek (Elo 969.4),Poke Maniac Issac (7 games),19.91,Hoppip Lv50 (Chlorophyll): Splash/Synthesis/Tail Whip | Hoppip Lv50 (Chlorophyll): Splash/Synthesis/Tail Whip | Bulbasaur Lv50 (Overgrow): Tackle/Growl/Leech Seed/Vine Whip
457,biker_markey_0577,Biker Markey,Trainerclass Biker,113,434,0.207,324,966,1213.3,E-,Twins Day & Dani (Elo 1704.6),Firebreather Ray (Elo 999.8),Hiker Timothy (7 games),5.95,Skorupi Lv50 (Sniper): Toxic Spikes/Bug Bite/Poison Fang/Crunch
458,gentleman_preston_0037,Gentleman Preston,Trainerclass Gentleman,111,436,0.203,301,951,1191.6,E-,School Kid Johnny (Elo 1629.5),Picnicker Kim (Elo 983.2),Hiker Parry (7 games),9.84,Growlithe Lv50 (Intimidate): Ember/Leer/Odor Sleuth/Helping Hand | Growlithe Lv50 (Intimidate): Ember/Leer/Odor Sleuth/Helping Hand
459,pokefan_m_colin_0424,Pokefan Colin,Trainerclass Pokefan M,107,440,0.196,339,1009,1229.5,E-,Picnicker Gina (Elo 1833.9),School Kid Chad (Elo 900.1),Medium Bethany (7 games),4.13,Delibird Lv50 (Hustle): Present/Aerial Ace/Avalanche
460,firebreather_richard_0281,Firebreather Richard,Trainerclass Firebreather,106,441,0.194,322,990,1208.7,E-,Young Couple Vic & Tara (Elo 1706.2),Swimmer Leona (Elo 921.8),Sage Edmond (7 games),7.24,Charmeleon Lv50 (Blaze): Growl/Ember/Smoke Screen/Dragon Rage
461,sailor_huey_0211,Sailor Huey,Trainerclass Sailor,106,441,0.194,299,969,1197.2,E-,Hiker Kenny (Elo 1779.2),Youngster Gordon (Elo 987.3),Camper Ted (7 games),13.9,Poliwag Lv50 (Water Absorb): Hypnosis/Water Gun/Double Slap/Rain Dance | Poliwhirl Lv50 (Water Absorb): Hypnosis/Water Gun/Double Slap/Rain Dance
462,camper_clark_0560,Camper Clark,Trainerclass Camper,106,441,0.194,295,965,1159.5,F+,Twins Day & Dani (Elo 1704.6),Picnicker Tiffany (Elo 852.7),Picnicker Selina (7 games),4.28,Buizel Lv50 (Swift Swim): Swift/Aqua Jet/Agility/Whirlpool
463,picnicker_cheyenne_0582,Picnicker Cheyenne,Trainerclass Picnicker,104,443,0.19,314,990,1156.0,F+,Biker Aiden (Elo 1750.8),Passerby Boy (Elo 909.2),Youngster Joey (7 games),4.51,Shinx Lv50 (Intimidate): Thunder Fang/Crunch/Scary Face/Discharge
464,poke_maniac_beckett_0130,Poke Maniac Beckett,Trainerclass Poke Maniac,99,448,0.181,273,969,1178.9,E-,Hiker Kenny (Elo 1689.4),Pokefan Derek (Elo 969.4),Poke Maniac Issac (7 games),11.33,Slowbro Lv50 (Oblivious): Growl/Water Gun/Confusion/Disable
465,swimmer_f_debbie_0291,Swimmer Debbie,Trainerclass Swimmer F,98,449,0.179,273,979,1170.5,E-,Hiker Parry (Elo 1633.0),Pokefan Ruth (Elo 957.7),Bird Keeper Peter (7 games),7.18,Clamperl Lv50 (Shell Armor): Clamp/Water Gun/Whirlpool/Iron Defense
466,poke_maniac_zach_0406,Poke Maniac Zach,Trainerclass Poke Maniac,98,449,0.179,253,957,1163.6,F+,Kimono Girl Sayo (Elo 1769.2),Pokefan Derek (Elo 969.4),Bird Keeper Bret (7 games),7.1,Rhyhorn Lv50 (Lightning Rod): Stomp/Fury Attack/Scary Face/Rock Blast
467,pokefan_m_andy_0541,Pokefan Andy,Trainerclass Pokefan M,98,449,0.179,311,1014,1150.7,F+,Swimmer Nicole (Elo 1679.8),Youngster Joey (Elo 950.6),Teacher Hillary (7 games),10.21,Teddiursa Lv50 (Quick Feet): Slash/Charm/Rest/Snore
468,policeman_keith_0006,Policeman Keith,Trainerclass Policeman,97,450,0.177,280,985,1152.0,F+,Beauty Julia (Elo 1786.2),Passerby Boy (Elo 894.6),Twins Meg & Peg (7 games),5.45,Growlithe Lv50 (Intimidate): Ember/Leer/Odor Sleuth/Helping Hand
469,camper_elliot_0075,Camper Elliot,Trainerclass Camper,96,451,0.176,261,970,1172.0,E-,Kimono Girl Sayo (Elo 1769.2),Pokefan Ruth (Elo 957.7),Bug Catcher Benny (7 games),16.02,Sandshrew Lv50 (Sand Veil): Defense Curl/Sand Attack/Poison Sting/Rapid Spin | Marill Lv50 (Thick Fat): Defense Curl/Tail Whip/Water Gun/Rollout
470,poke_maniac_issac_0391,Poke Maniac Issac,Trainerclass Poke Maniac,95,452,0.174,288,1002,1164.0,E-,School Kid Chad (Elo 1633.2),Swimmer Leona (Elo 921.8),Poke Maniac Beckett (7 games),9.69,Lickitung Lv50 (Own Tempo): Lick/Supersonic/Cut
471,fisherman_arnold_0058,Fisherman Arnold,Trainerclass Fisherman,95,452,0.174,262,978,1140.3,F+,Scientist Lowell (Elo 1635.9),Pokefan Ruth (Elo 957.7),Youngster Gordon (7 games),6.14,Shellder Lv50 (Shell Armor): Aurora Beam/Whirlpool/Iron Defense/Brine
472,boarder_patton_0483,Boarder Patton,Trainerclass Boarder,93,454,0.17,262,981,1124.3,F+,Kimono Girl Sayo (Elo 1769.2),Youngster Joey (Elo 950.6),Sailor Kent (7 games),8.19,Swinub Lv50 (Oblivious): Mud Slap/Endure/Mud Bomb/Icy Wind | Swinub Lv50 (Oblivious): Mud Slap/Endure/Mud Bomb/Icy Wind
473,young_couple_moe_lulu_0553,Young Couple Moe & Lulu,Trainerclass Young Couple,92,455,0.168,257,983,1163.8,E-,Twins Kay & Tia (Elo 1707.3),School Kid Chad (Elo 900.1),Hiker Timothy (7 games),4.92,Lotad Lv50 (Rain Dish): Mega Drain/Bubble Beam/Zen Headbutt/Rain Dance | Seedot Lv50 (Early Bird): Nature Power/Synthesis/Sunny Day/Explosion
474,beauty_victoria_0005,Beauty Victoria,Trainerclass Beauty,92,455,0.168,245,972,1130.4,F+,Pokefan Derek (Elo 1564.4),Swimmer Elaine (Elo 991.4),Psychic Greg (7 games),11.05,Sentret Lv50 (Keen Eye): Scratch/Foresight/Defense Curl/Quick Attack | Sentret Lv50 (Keen Eye): Foresight/Defense Curl/Quick Attack/Fury Swipes | Sentret Lv50 (Keen Eye): Defense Curl/Quick Attack/Fury Swipes/Helping Hand
475,juggler_irwin_0007,Juggler Irwin,Trainerclass Juggler,90,457,0.165,268,999,1159.8,F+,School Kid Jack (Elo 1663.1),Picnicker Brooke (Elo 987.6),Hiker Phillip (7 games),22.4,Voltorb Lv50 (Soundproof): Charge | Voltorb Lv50 (Static): Charge/Tackle | Voltorb Lv50 (Static): Charge/Tackle/Sonic Boom | Voltorb Lv50 (Static): Charge/Tackle/Sonic Boom/Spark
476,hiker_parry_0145,Hiker Parry,Trainerclass Hiker,90,457,0.165,247,986,1116.0,F+,Kimono Girl Sayo (Elo 1769.2),Fisherman Ralph (Elo 984.2),Gentleman Preston (7 games),8.58,Onix Lv50 (Rock Head): Rock Tomb/Sandstorm/Slam/Rock Polish
477,swimmer_f_paula_0085,Swimmer Paula,Trainerclass Swimmer F,87,460,0.159,243,987,1129.9,F+,Ace Trainer Bonita (Elo 1828.1),Pokefan Ruth (Elo 957.7),Bird Keeper Roy (7 games),13.25,Staryu Lv50 (Natural Cure): Water Gun/Rapid Spin/Recover/Camouflage | Shellder Lv50 (Skill Link): Withdraw/Supersonic/Icicle Spear/Protect
478,hiker_daniel_0384,Hiker Daniel,Trainerclass Hiker,86,461,0.157,252,998,1160.4,F+,School Kid Tommy (Elo 1896.4),Bug Catcher Al (Elo 913.1),Hiker Noland (7 games),11.66,Onix Lv50 (Sturdy): Harden/Bind/Screech/Rock Throw
479,hiker_russel_0025,Hiker Russel,Trainerclass Hiker,86,461,0.157,200,949,1087.7,F+,Kimono Girl Sayo (Elo 1769.2),Picnicker Kim (Elo 983.2),Lass Carrie (7 games),20.37,Geodude Lv50 (Sturdy): Tackle/Defense Curl/Mud Sport | Geodude Lv50 (Sturdy): Tackle/Defense Curl/Mud Sport | Geodude Lv50 (Sturdy): Tackle/Defense Curl/Mud Sport/Rock Polish
480,school_kid_m_connor_0566,School Kid Connor,Trainerclass School Kid M,85,462,0.155,260,1013,1134.7,F+,School Kid Billy (Elo 1702.0),Swimmer Leona (Elo 921.8),Youngster Albert (7 games),5.19,Zigzagoon @ Chesto Berry Lv50 (Gluttony): Belly Drum/Rest/Flail/Secret Power
481,youngster_joey_0280,Youngster Joey,Trainerclass Youngster,85,462,0.155,263,1011,1118.5,F+,Ace Trainer Kobe (Elo 1626.1),Swimmer Leona (Elo 921.8),Pokefan Andy (7 games),6.0,Raticate Lv50 (Run Away): Super Fang/Quick Attack/Hyper Fang/Scary Face
482,camper_virgil_0599,Camper Virgil,Trainerclass Camper,84,463,0.154,278,1039,1152.0,F+,Bird Keeper Josh (Elo 1748.6),School Kid Chad (Elo 900.1),Teacher Hillary (7 games),7.11,Slakoth Lv50 (Truant): Amnesia/Covet/Counter/Flail
483,bug_catcher_arnie_0078,Bug Catcher Arnie,Trainerclass Bug Catcher,83,464,0.152,254,1016,1108.5,F+,Twins Jo & Zoe (Elo 1828.8),Passerby Boy (Elo 894.6),Medium Ethel (7 games),6.52,Venonat Lv50 (Compound Eyes): Foresight/Supersonic/Confusion/Poison Powder
484,hiker_anthony_0061,Hiker Anthony,Trainerclass Hiker,82,465,0.15,233,999,1119.8,F+,Kimono Girl Sayo (Elo 1769.2),Twins Amy & Mimi (Elo 970.6),Bug Catcher Rob (7 games),12.74,Geodude Lv50 (Rock Head): Defense Curl/Mud Sport/Rock Polish/Rock Throw | Machop Lv50 (No Guard): Low Kick/Leer/Focus Energy/Karate Chop
485,bird_keeper_gs_ernie_0584,Bird Keeper Ernie,Trainerclass Bird Keeper Gs,81,466,0.148,232,1003,1120.5,F+,School Kid Billy (Elo 1712.6),Fisherman Raymond (Elo 878.9),Lass Shannon (7 games),3.29,Starly Lv50 (Keen Eye): Aerial Ace/Take Down/Agility/Brave Bird
486,pokefan_beverly_0436,Pokefan Beverly,Trainerclass Pokefan,80,467,0.146,233,1005,1111.2,F+,Swimmer Nicole (Elo 1679.8),Youngster Ian (Elo 992.8),Pokefan Beverly (7 games),5.14,Snubbull Lv50 (Intimidate): Lick/Headbutt/Roar/Rage
487,bug_catcher_wayne_0533,Bug Catcher Wayne,Trainerclass Bug Catcher,76,471,0.139,229,1018,1095.4,F+,School Kid Jack (Elo 1663.1),Twins Amy & Mimi (Elo 970.6),Camper Roland (7 games),11.57,Ledyba Lv50 (Swarm): Tackle/Supersonic | Paras Lv50 (Effect Spore): Scratch/Stun Spore/Poison Powder
488,bird_keeper_gs_rod_0029,Bird Keeper Rod,Trainerclass Bird Keeper Gs,76,471,0.139,210,1002,1094.3,F+,Hiker Michael (Elo 1639.6),Pokefan Derek (Elo 969.4),Elder Li (7 games),12.6,Pidgey Lv50 (Keen Eye): Tackle/Sand Attack | Pidgey Lv50 (Keen Eye): Tackle/Sand Attack
489,lass_cathy_0071,Lass Cathy,Trainerclass Lass,74,473,0.135,221,1019,1087.5,F+,Youngster Ian (Elo 1538.8),Picnicker Brooke (Elo 987.6),School Kid Ricky (7 games),18.58,Jigglypuff Lv50 (Cute Charm): Sing/Defense Curl/Pound/Disable | Jigglypuff Lv50 (Cute Charm): Sing/Defense Curl/Pound/Disable | Jigglypuff Lv50 (Cute Charm): Sing/Defense Curl/Pound/Disable
490,sage_troy_0054,Sage Troy,Trainerclass Sage,74,473,0.135,205,1003,1069.1,F,Black Belt Manford (Elo 1615.1),Passerby Boy (Elo 909.2),Picnicker Piper (7 games),10.58,Bellsprout Lv50 (Chlorophyll): Vine Whip/Growth | Hoothoot Lv50 (Keen Eye): Tackle/Growl/Foresight/Hypnosis
491,sailor_terrell_0212,Sailor Terrell,Trainerclass Sailor,72,475,0.132,238,1046,1097.7,F+,Hiker Kenny (Elo 1799.7),Passerby Boy (Elo 909.2),Camper Virgil (7 games),9.9,Poliwhirl Lv50 (Water Absorb): Hypnosis/Water Gun/Double Slap/Rain Dance
492,lass_carrie_0022,Lass Carrie,Trainerclass Lass,72,475,0.132,199,1007,1081.9,F,Pokefan Robert (Elo 1465.3),Pokefan Ruth (Elo 957.7),Hiker Russel (7 games),6.97,Snubbull Lv50 (Intimidate): Scary Face/Charm/Bite/Lick
493,camper_todd_0066,Camper Todd,Trainerclass Camper,72,475,0.132,198,1002,1073.7,F,Hiker Bruce (Elo 1701.6),Youngster Joey (Elo 950.6),Camper Jerry (7 games),5.46,Psyduck Lv50 (Damp): Scratch/Tail Whip/Water Gun/Disable
494,teacher_colette_0038,Teacher Colette,Trainerclass Teacher,71,476,0.13,218,1022,1096.4,F+,Lass Michelle (Elo 1723.0),Fisherman Justin (Elo 856.1),Bug Catcher Arnie (7 games),10.47,Clefairy Lv50 (Magic Guard): Gravity/Moonlight/Light Screen/Meteor Mash
495,youngster_mikey_0047,Youngster Mikey,Trainerclass Youngster,71,476,0.13,195,1004,1077.6,F,Swimmer Berke (Elo 1489.6),Swimmer Elaine (Elo 991.4),Bird Keeper Josh (7 games),7.23,Pidgey Lv50 (Keen Eye): Tackle | Rattata Lv50 (Guts): Tackle/Tail Whip/Quick Attack
496,bug_catcher_josh_0069,Bug Catcher Josh,Trainerclass Bug Catcher,70,477,0.128,189,1008,1066.5,F,Black Belt Manford (Elo 1615.1),Picnicker Tiffany (Elo 852.7),Poke Maniac Donald (7 games),6.4,Paras Lv50 (Effect Spore): Scratch/Stun Spore/Poison Powder/Leech Life
497,youngster_joey_0279,Youngster Joey,Trainerclass Youngster,67,480,0.122,213,1041,1099.7,F+,Psychic Franklin (Elo 1777.3),Passerby Boy (Elo 909.2),Poke Maniac Beckett (7 games),6.42,Raticate Lv50 (Run Away): Scary Face/Crunch/Assurance/Super Fang
498,youngster_albert_0049,Youngster Albert,Trainerclass Youngster,67,480,0.122,182,1005,1070.6,F,Twins Kay & Tia (Elo 1650.5),Picnicker Kim (Elo 983.2),Bug Catcher Arnie (7 games),8.61,Rattata Lv50 (Run Away): Tackle/Tail Whip/Quick Attack | Zubat Lv50 (Inner Focus): Leech Life/Supersonic
499,skier_diana_0480,Skier Diana,Trainerclass Skier,66,481,0.121,223,1051,1102.5,F+,Psychic Vernon (Elo 1779.2),Passerby Boy (Elo 894.6),Picnicker Heidi (7 games),6.08,Jynx Lv50 (Oblivious): Ice Punch/Mean Look/Fake Tears/Wake Up Slap
500,picnicker_tiffany_0466,Picnicker Tiffany,Trainerclass Picnicker,64,483,0.117,230,1069,1073.2,F,Psychic Nathan (Elo 1618.5),Fisherman Kyler (Elo 877.8),Swimmer Matthew (7 games),8.48,Clefairy Lv50 (Cute Charm): Gravity/Sing/Wake Up Slap/Metronome
501,camper_roland_0026,Camper Roland,Trainerclass Camper,63,484,0.115,196,1034,1088.8,F+,Super Nerd Tyrone (Elo 1529.4),Passerby Boy (Elo 894.6),Bug Catcher Wayne (7 games),4.81,Nidoran M Lv50 (Rivalry): Leer/Peck/Focus Energy/Double Kick
502,swimmer_m_matthew_0099,Swimmer Matthew,Trainerclass Swimmer M,62,485,0.113,198,1043,1080.0,F,Hiker Michael (Elo 1639.6),Pokefan Ruth (Elo 957.7),Picnicker Tiffany (7 games),5.85,Krabby Lv50 (Hyper Cutter): Harden/Bubble Beam/Mud Shot/Metal Claw
503,pokefan_beverly_0182,Pokefan Beverly,Trainerclass Pokefan,62,485,0.113,185,1033,1057.6,F,Young Couple Tim & Sue (Elo 1590.2),Passerby Boy (Elo 909.2),Pokefan Beverly (7 games),7.08,Snubbull Lv50 (Intimidate): Tail Whip/Charm/Bite/Lick
504,sage_neal_0055,Sage Neal,Trainerclass Sage,62,485,0.113,181,1028,1051.7,F,Twins Kay & Tia (Elo 1707.3),Picnicker Tiffany (Elo 852.7),Bug Catcher Al (7 games),4.52,Bellsprout Lv50 (Chlorophyll): Vine Whip
505,pokefan_m_rex_0540,Pokefan Rex,Trainerclass Pokefan M,61,486,0.112,182,1028,1078.5,F,Kimono Girl Sayo (Elo 1769.2),Passerby Boy (Elo 966.8),Sage Jin (7 games),6.12,Phanpy Lv50 (Pickup): Endure/Charm/Last Resort/Double Edge
506,sailor_harry_0410,Sailor Harry,Trainerclass Sailor,59,488,0.108,166,1021,1027.2,F,Kimono Girl Sayo (Elo 1769.2),Youngster Joey (Elo 950.6),Pokefan Beverly (7 games),5.78,Wooper Lv50 (Water Absorb): Water Gun/Mud Bomb/Slam/Mud Shot
507,swimmer_f_denise_0092,Swimmer Denise,Trainerclass Swimmer F,58,489,0.106,167,1030,1058.7,F,Hiker Phillip (Elo 1474.8),Passerby Boy (Elo 894.6),Sailor Terrell (7 games),12.52,Seel Lv50 (Thick Fat): Icy Wind/Encore/Ice Shard/Rest
508,lass_connie_0215,Lass Connie,Trainerclass Lass,58,489,0.106,179,1041,1043.4,F,Super Nerd Merle (Elo 1524.5),Picnicker Tiffany (Elo 852.7),Poke Maniac Zach (7 games),6.08,Marill Lv50 (Thick Fat): Tail Whip/Water Gun/Rollout/Bubble Beam
509,pokefan_marigold_0535,Pokefan Marigold,Trainerclass Pokefan,57,490,0.104,194,1057,1071.2,F,Medium Georgina (Elo 1559.5),Youngster Joey (Elo 950.6),Pokefan Colin (7 games),5.14,Meowth Lv50 (Technician): Growl/Bite/Fake Out/Fury Swipes
510,poke_maniac_larry_0023,Poke Maniac Larry,Trainerclass Poke Maniac,57,490,0.104,160,1024,1067.5,F,Poke Maniac Morgan (Elo 1516.7),Pokefan Ruth (Elo 957.7),Super Nerd Cary (7 games),13.62,Slowpoke Lv50 (Own Tempo): Yawn/Tackle/Growl/Water Gun
511,sage_jin_0053,Sage Jin,Trainerclass Sage,56,491,0.102,152,1024,1036.5,F,Teacher Clarice (Elo 1530.5),Bug Catcher Stacey (Elo 887.0),Super Nerd Markus (7 games),4.51,Bellsprout Lv50 (Chlorophyll): Vine Whip
512,pokefan_m_trevor_0351,Pokefan Trevor,Trainerclass Pokefan M,53,494,0.097,198,1071,1076.9,F,Black Belt Ander (Elo 1694.1),School Kid Chad (Elo 900.1),Bug Catcher Dion (7 games),5.75,Psyduck Lv50 (Cloud Nine): Fury Swipes/Screech/Psych Up/Zen Headbutt
513,picnicker_selina_0600,Picnicker Selina,Trainerclass Picnicker,52,495,0.095,165,1049,1050.6,F,Twins Kay & Tia (Elo 1707.3),Fisherman Kyler (Elo 891.6),Camper Clark (7 games),4.71,Cherubi Lv50 (Chlorophyll): Worry Seed/Take Down/Solar Beam/Lucky Chant
514,picnicker_piper_0562,Picnicker Piper,Trainerclass Picnicker,49,498,0.09,148,1044,1001.4,F,Young Couple Tim & Sue (Elo 1521.4),Bug Catcher Stacey (Elo 887.0),Hiker Noland (7 games),9.08,Spoink Lv50 (Thick Fat): Zen Headbutt/Rest/Snore/Payback
515,fisherman_henry_0060,Fisherman Henry,Trainerclass Fisherman,49,498,0.09,138,1035,996.9,F,Camper Jerry (Elo 1608.9),Passerby Boy (Elo 909.2),Young Couple Duff & Eda (7 games),14.3,Poliwag Lv50 (Water Absorb): Water Sport/Bubble/Hypnosis | Poliwag Lv50 (Damp): Water Sport/Bubble/Hypnosis
516,twins_amy_mimi_0010,Twins Amy & Mimi,Trainerclass Twins,45,502,0.082,153,1068,1012.0,F,Hiker Anthony (Elo 1632.2),Passerby Boy (Elo 894.6),Psychic Greg (7 games),5.99,Spinarak Lv50 (Insomnia): Poison Sting/String Shot/Scary Face/Constrict | Ledyba Lv50 (Early Bird): Tackle/Supersonic/Comet Punch
517,youngster_ian_0064,Youngster Ian,Trainerclass Youngster,43,504,0.079,135,1057,992.8,F,Kimono Girl Sayo (Elo 1769.2),Passerby Boy (Elo 894.6),Skier Diana (7 games),8.04,Mankey Lv50 (Vital Spirit): Focus Energy/Scratch/Low Kick/Leer | Diglett Lv50 (Sand Veil): Astonish/Growl/Scratch/Sand Attack
518,bug_catcher_wade_0004,Bug Catcher Wade,Trainerclass Bug Catcher,40,507,0.073,111,1046,992.0,F,Hiker Phillip (Elo 1474.8),Youngster Joey (Elo 950.6),Hiker Phillip (7 games),14.49,Caterpie Lv50 (Shield Dust): Tackle/String Shot | Caterpie Lv50 (Shield Dust): Tackle/String Shot | Weedle Lv50 (Shield Dust): Poison Sting/String Shot | Caterpie Lv50 (Shield Dust): Tackle/String Shot
519,passerby_boy_0497,Passerby Boy,Trainerclass Passerby,40,507,0.073,116,1050,966.8,F-,Twins Day & Dani (Elo 1704.6),Picnicker Tiffany (Elo 852.7),Pokefan Trevor (7 games),6.22,Totodile Lv50 (Torrent): Scratch/Leer
520,swimmer_f_elaine_0009,Swimmer Elaine,Trainerclass Swimmer F,39,508,0.071,114,1053,991.4,F-,Hiker Michael (Elo 1639.6),School Kid Chad (Elo 900.1),Pokefan Ruth (7 games),7.14,Staryu Lv50 (Natural Cure): Water Gun/Rapid Spin/Recover/Camouflage
521,picnicker_brooke_0076,Picnicker Brooke,Trainerclass Picnicker,37,510,0.068,127,1068,987.6,F-,Hiker Devin (Elo 1591.9),Passerby Boy (Elo 909.2),Twins Dara & Dia (7 games),6.8,Pikachu Lv50 (Static): Thunder Shock/Growl/Quick Attack/Double Team
522,youngster_gordon_0056,Youngster Gordon,Trainerclass Youngster,37,510,0.068,106,1051,987.3,F-,Kimono Girl Sayo (Elo 1769.2),Bug Catcher Don (Elo 868.1),Fisherman Arnold (7 games),6.7,Wooper Lv50 (Water Absorb): Water Gun/Tail Whip/Mud Sport/Mud Shot
523,fisherman_ralph_0057,Fisherman Ralph,Trainerclass Fisherman,37,510,0.068,131,1079,984.2,F-,Sailor Huey (Elo 1634.6),Picnicker Tiffany (Elo 852.7),Medium Ethel (7 games),7.07,Goldeen Lv50 (Swift Swim): Peck/Tail Whip/Water Sport/Supersonic
524,picnicker_kim_0077,Picnicker Kim,Trainerclass Picnicker,37,510,0.068,125,1071,983.2,F-,Biker Joel (Elo 1809.4),Picnicker Tiffany (Elo 852.7),Swimmer Matthew (7 games),5.78,Vulpix Lv50 (Flash Fire): Tail Whip/Roar/Quick Attack/Will O Wisp
525,firebreather_ray_0390,Firebreather Ray,Trainerclass Firebreather,36,511,0.066,125,1076,999.8,F,Lass Shannon (Elo 1546.5),Fisherman Raymond (Elo 878.9),Youngster Joey (7 games),5.56,Vulpix Lv50 (Flash Fire): Ember/Tail Whip/Roar
526,scientist_gs_mitch_0469,Scientist Mitch,Trainerclass Scientist Gs,35,512,0.064,152,1102,1003.3,F,Young Couple Vic & Tara (Elo 1706.2),Fisherman Kyler (Elo 851.5),Bird Keeper Perry (7 games),8.2,Ditto Lv50 (Limber): Transform
527,bird_keeper_gs_abe_0050,Bird Keeper Abe,Trainerclass Bird Keeper Gs,35,512,0.064,111,1064,999.3,F,Beauty Cassie (Elo 1523.5),Picnicker Tiffany (Elo 852.7),Bug Catcher Arnie (7 games),4.63,Spearow Lv50 (Keen Eye): Peck/Growl/Leer/Fury Attack
528,twins_amy_mimi_0387,Twins Amy & Mimi,Trainerclass Twins,33,514,0.06,110,1071,970.6,F-,Hiker Anthony (Elo 1632.2),Bug Catcher Don (Elo 868.1),Fisherman Kyler (7 games),5.89,Ledyba Lv50 (Early Bird): Tackle/Supersonic/Comet Punch | Spinarak Lv50 (Insomnia): Poison Sting/String Shot/Scary Face/Constrict
529,pokefan_m_derek_0044,Pokefan Derek,Trainerclass Pokefan M,33,514,0.06,115,1076,969.4,F-,Camper Grant (Elo 1383.7),Picnicker Tiffany (Elo 852.7),Super Nerd Markus (7 games),5.7,Pikachu Lv50 (Static): Double Team/Quick Attack/Tail Whip/Thunder Shock
530,pokefan_ruth_0045,Pokefan Ruth,Trainerclass Pokefan,28,519,0.051,120,1099,957.7,F-,Bird Keeper Justin (Elo 1581.6),Passerby Boy (Elo 894.6),Picnicker Liz (7 games),5.54,Pikachu Lv50 (Static): Double Team/Quick Attack/Tail Whip/Thunder Shock
531,youngster_joey_0008,Youngster Joey,Trainerclass Youngster,26,521,0.048,100,1091,950.6,F-,Boarder Deandre (Elo 1400.8),Picnicker Tiffany (Elo 852.7),Firebreather Ray (7 games),4.14,Rattata Lv50 (Run Away): Tackle/Tail Whip/Quick Attack
532,fisherman_kyler_0666,Fisherman Kyler,Trainerclass Fisherman,24,523,0.044,64,1064,911.8,F-,Hiker Michael (Elo 1639.6),Bug Catcher Don (Elo 868.1),Twins Amy & Mimi (7 games),23.7,Magikarp Lv50 (Swift Swim): Splash/Tackle | Magikarp Lv50 (Swift Swim): Splash/Tackle | Magikarp Lv50 (Swift Swim): Splash/Tackle | Magikarp Lv50 (Swift Swim): Splash/Tackle | Magikarp Lv50 (Swift Swim): Splash/Tackle | Magikarp Lv50 (Swift Swim): Splash/Tackle
533,picnicker_liz_0027,Picnicker Liz,Trainerclass Picnicker,21,526,0.038,67,1074,914.7,F-,Beauty Charlotte (Elo 1294.0),Passerby Boy (Elo 894.6),Pokefan Ruth (7 games),7.97,Nidoran F Lv50 (Rivalry): Growl/Scratch/Tail Whip
534,bug_catcher_al_0068,Bug Catcher Al,Trainerclass Bug Catcher,21,526,0.038,62,1071,913.1,F-,Hiker Phillip (Elo 1474.8),Bug Catcher Don (Elo 868.1),Sage Neal (7 games),8.48,Caterpie Lv50 (Shield Dust): Tackle/String Shot | Weedle Lv50 (Shield Dust): Poison Sting/String Shot
535,passerby_boy_0495,Passerby Boy,Trainerclass Passerby,21,526,0.038,57,1067,909.2,F-,Picnicker Cheyenne (Elo 1156.0),Bug Catcher Stacey (Elo 887.0),Fisherman Kyler (6 games),9.25,Chikorita Lv50 (Overgrow): Tackle/Growl
536,passerby_boy_0496,Passerby Boy,Trainerclass Passerby,19,528,0.035,53,1071,894.6,F-,Skier Jill (Elo 1439.9),Picnicker Tiffany (Elo 852.7),Fisherman Ralph (6 games),7.24,Cyndaquil Lv50 (Blaze): Tackle/Leer/Smoke Screen
537,fisherman_kyler_0665,Fisherman Kyler,Trainerclass Fisherman,18,529,0.033,48,1068,891.6,F-,Hiker Noland (Elo 1363.6),Passerby Boy (Elo 894.6),Picnicker Tiffany (7 games),21.25,Magikarp Lv50 (Swift Swim): Splash/Tackle | Magikarp Lv50 (Swift Swim): Splash/Tackle | Magikarp Lv50 (Swift Swim): Splash/Tackle | Magikarp Lv50 (Swift Swim): Splash/Tackle | Magikarp Lv50 (Swift Swim): Splash/Tackle
538,swimmer_f_leona_0587,Swimmer Leona,Trainerclass Swimmer F,17,530,0.031,75,1101,921.8,F-,Psychic Mark (Elo 1525.9),Fisherman Kyler (Elo 851.5),Hiker Noland (7 games),4.66,Bidoof Lv50 (Simple): Amnesia/Take Down/Super Fang/Superpower
539,bug_catcher_stacey_0692,Bug Catcher Stacey,Trainerclass Bug Catcher,17,530,0.031,39,1065,887.0,F-,Hiker Michael (Elo 1639.6),Fisherman Kyler (Elo 851.5),Hiker Michael (6 games),21.28,Metapod Lv50 (Shed Skin): Harden | Metapod Lv50 (Shed Skin): Harden | Metapod Lv50 (Shed Skin): Harden
540,school_kid_m_chad_0397,School Kid Chad,Trainerclass School Kid M,14,533,0.026,68,1105,900.1,F-,Bug Catcher Rob (Elo 1477.9),Fisherman Kyler (Elo 851.5),Firebreather Ray (7 games),10.27,Mr Mime Lv50 (Soundproof): Meditate/Encore/Double Slap/Mimic
541,fisherman_kyler_0664,Fisherman Kyler,Trainerclass Fisherman,12,535,0.022,27,1073,877.8,F-,Hiker Eoin (Elo 1634.2),Bug Catcher Don (Elo 868.1),Hiker Eoin (6 games),17.26,Magikarp Lv50 (Swift Swim): Splash/Tackle | Magikarp Lv50 (Swift Swim): Splash/Tackle | Magikarp Lv50 (Swift Swim): Splash/Tackle | Magikarp Lv50 (Swift Swim): Splash/Tackle
542,bug_catcher_don_0249,Bug Catcher Don,Trainerclass Bug Catcher,12,535,0.022,32,1079,868.1,F-,Scientist Mitch (Elo 1003.3),Fisherman Raymond (Elo 878.9),Fisherman Raymond (7 games),8.99,Caterpie Lv50 (Shield Dust): Tackle/String Shot | Caterpie Lv50 (Shield Dust): Tackle/String Shot
543,fisherman_raymond_0127,Fisherman Raymond,Trainerclass Fisherman,11,536,0.02,34,1082,878.9,F-,Hiker Eoin (Elo 1634.2),Bug Catcher Don (Elo 868.1),Firebreather Ray (7 games),17.1,Magikarp Lv50 (Swift Swim): Splash/Tackle | Magikarp Lv50 (Swift Swim): Splash/Tackle | Magikarp Lv50 (Swift Swim): Splash/Tackle | Magikarp Lv50 (Swift Swim): Splash/Tackle
544,fisherman_justin_0018,Fisherman Justin,Trainerclass Fisherman,9,538,0.016,24,1083,856.1,F-,Hiker Michael (Elo 1639.6),Fisherman Kyler (Elo 851.5),Hiker Eoin (7 games),17.36,Magikarp Lv50 (Swift Swim): Splash | Magikarp Lv50 (Swift Swim): Splash | Magikarp Lv50 (Swift Swim): Splash/Tackle | Magikarp Lv50 (Swift Swim): Splash
545,fisherman_kyler_0558,Fisherman Kyler,Trainerclass Fisherman,8,539,0.015,17,1079,851.5,F-,Scientist Mitch (Elo 1003.3),Bug Catcher Don (Elo 868.1),School Kid Chad (4 games),13.21,Magikarp Lv50 (Swift Swim): Splash/Tackle | Magikarp Lv50 (Swift Swim): Splash/Tackle | Magikarp Lv50 (Swift Swim): Splash/Tackle
546,picnicker_tiffany_0402,Picnicker Tiffany,Trainerclass Picnicker,7,540,0.013,24,1090,852.7,F-,Camper Clark (Elo 1159.5),Fisherman Kyler (Elo 851.5),Camper Clark (6 games),18.99,Clefairy Lv50 (Cute Charm): Encore/Sing/Double Slap/Minimize
547,skier_cady_0683,Skier Cady,Trainerclass Skier,2,545,0.004,4,1090,829.3,F-,Psychic Greg (Elo 1290.0),Fisherman Kyler (Elo 851.5),Swimmer Leona (2 games),5.04,Delibird Lv50 (Vital Spirit): Present
548,picnicker_ginger_0563,Picnicker Ginger,Trainerclass Picnicker,0,547,0.0,0,1094,819.9,F-,None,Skier Cady (Elo 829.3),Lass Krise (2 games),6.4,Whismur Lv50 (Soundproof): Screech/Roar/Rest/Sleep Talk
