Rank,Trainer_Key,Display_Name,Class,Match_Wins,Match_Losses,Match_Win_Rate,Game_Wins,Game_Losses,Elo,Tier,Greatest_Win,Worst_Loss,Longest_Match_Vs,Average_Turns,Team_and_Movesets
1,ace_trainer_f_reena_0604,Ace Trainer Reena Rematch 3,Trainerclass Ace Trainer F,541,3,0.994,1093,18,2145.3,S+,Ace Trainer Carol (Elo 2125.0),Lass Dana Rematch 2 (Elo 1871.5),Ace Trainer French (7 games),4.5,Arcanine Lv50 (Intimidate): Flare Blitz/Extreme Speed/Crunch/Roar | Nidoqueen Lv50 (Poison Point): Captivate/Poison Fang/Earth Power/Body Slam | Starmie Lv50 (Natural Cure): Surf/Minimize/Cosmic Power/Psychic
2,ace_trainer_f_carol_0237,Ace Trainer Carol,Trainerclass Ace Trainer F,539,5,0.991,1102,34,2125.0,S+,Ace Trainer Reena Rematch 3 (Elo 2145.3),Swimmer Luis (Elo 1632.8),School Kid Danny (6 games),5.68,Electrode Lv50 (Static): Thunder/Selfdestruct/Swift/Rain Dance | Starmie Lv50 (Natural Cure): Recover/Brine/Thunder/Psychic | Ninetales Lv50 (Flash Fire): Nasty Plot/Fire Blast/Confuse Ray/Will O Wisp
3,ace_trainer_m_french_0542,Ace Trainer French,Trainerclass Ace Trainer M,534,10,0.982,1105,56,2104.8,S+,Ace Trainer Reena Rematch 3 (Elo 2145.3),Sailor Eugene (Elo 1462.2),Ace Trainer Reena Rematch 3 (7 games),4.22,Absol Lv50 (Super Luck): Psycho Cut/Night Slash/Slash/Quick Attack | Alakazam Lv50 (Inner Focus): Psychic/Focus Blast/Energy Ball/Charge Beam
4,ace_trainer_f_reena_0445,Ace Trainer Reena Rematch 2,Trainerclass Ace Trainer F,533,11,0.98,1085,42,2107.3,S+,Ace Trainer Reena Rematch 3 (Elo 2145.3),Picnicker Gina Rematch 2 (Elo 1745.0),Mystery Man Eusine (7 games),5.35,Arcanine Lv50 (Intimidate): Roar/Fire Fang/Odor Sleuth/Extreme Speed | Nidoqueen Lv50 (Poison Point): Double Kick/Poison Sting/Body Slam/Earth Power | Starmie Lv50 (Natural Cure): Rapid Spin/Recover/Swift/Confuse Ray
5,ace_trainer_f_salma_0675,Ace Trainer Salma,Trainerclass Ace Trainer F,532,12,0.978,1084,42,2105.6,S+,Ace Trainer Carol (Elo 2125.0),Juggler Irwin Rematch 3 (Elo 1747.0),Hiker Kenny Rematch 2 (7 games),4.41,Slowking @ Oran Berry Lv50 (Oblivious): Surf/Psychic/Flamethrower/Trick Room | Lickilicky Lv50 (Own Tempo): Wring Out/Thunderbolt/Earthquake/Ice Beam
6,ace_trainer_m_shaye_0236,Ace Trainer Shaye,Trainerclass Ace Trainer M,530,14,0.974,1084,54,2100.8,S+,Ace Trainer Carol (Elo 2125.0),Super Nerd Merle (Elo 1508.6),Double Team Zac & Jen (7 games),5.63,Jolteon Lv50 (Volt Absorb): Double Kick/Thunderbolt/Quick Attack/Sand Attack | Tangela Lv50 (Chlorophyll): Ancient Power/Stun Spore/Giga Drain/Ingrain | Tauros Lv50 (Anger Point): Take Down/Zen Headbutt/Payback/Scary Face
7,ace_trainer_m_gaven_0601,Ace Trainer Gaven Rematch 3,Trainerclass Ace Trainer M,526,18,0.967,1087,71,2075.9,S,Ace Trainer Reena Rematch 2 (Elo 2107.3),Youngster Regis (Elo 1677.4),Firebreather Otis (7 games),4.87,Victreebel Lv50 (Chlorophyll): Leaf Storm/Toxic/Acid/Leaf Blade | Kingler Lv50 (Hyper Cutter): Brine/Crabhammer/X Scissor/Protect | Flareon Lv50 (Flash Fire): Overheat/Quick Attack/Will O Wisp/Attract
8,ace_trainer_f_gwen_0206,Ace Trainer Gwen,Trainerclass Ace Trainer F,525,19,0.965,1084,70,2083.5,S,Ace Trainer Reena Rematch 3 (Elo 2145.3),Camper Pedro (Elo 1638.6),Lass Alice (7 games),12.8,Eevee Lv50 (Adaptability): Helping Hand/Sand Attack/Growl/Quick Attack | Flareon Lv50 (Flash Fire): Helping Hand/Sand Attack/Ember/Quick Attack | Vaporeon Lv50 (Water Absorb): Helping Hand/Sand Attack/Water Gun/Quick Attack | Jolteon Lv50 (Volt Absorb): Helping Hand/Sand Attack/Thunder Shock/Quick Attack
9,ace_trainer_m_gaven_0457,Ace Trainer Gaven Rematch 2,Trainerclass Ace Trainer M,525,19,0.965,1106,96,2055.7,S,Ace Trainer Salma (Elo 2105.6),Camper Lloyd (Elo 1614.5),Ace Trainer Jamie Rematch 2 (7 games),6.58,Victreebel Lv50 (Chlorophyll): Wrap/Toxic/Acid/Razor Leaf | Kingler Lv50 (Hyper Cutter): Brine/Stomp/X Scissor/Protect | Flareon Lv50 (Flash Fire): Fire Blast/Quick Attack/Sand Attack/Fire Spin
10,swimmer_f_lori_0294,Swimmer Lori,Trainerclass Swimmer F,524,20,0.963,1081,73,2077.4,S,Ace Trainer Reena Rematch 3 (Elo 2145.3),Teacher Hillary Rematch 2 (Elo 1549.3),Lass Dana Rematch 2 (7 games),5.63,Starmie Lv50 (Natural Cure): Thunderbolt/Surf/Ice Beam/Recover | Starmie Lv50 (Natural Cure): Thunderbolt/Surf/Ice Beam/Recover | Starmie Lv50 (Natural Cure): Recover/Water Pulse/Thunder/Blizzard
11,ace_trainer_m_jake_0028,Ace Trainer Jake,Trainerclass Ace Trainer M,524,20,0.963,1091,86,2061.1,S,Ace Trainer Carol (Elo 2125.0),Camper Pedro (Elo 1638.6),Twins Jo & Zoe Rematch (7 games),7.96,Parasect Lv50 (Dry Skin): Leech Life/Spore/Slash/Swords Dance | Golduck Lv50 (Cloud Nine): Psychic/Screech/Water Pulse/Fury Swipes | Vaporeon Lv50 (Water Absorb): Bite/Quick Attack/Sand Attack/Surf
12,school_kid_m_alan_0502,School Kid Alan Rematch 3,Trainerclass School Kid M,522,22,0.96,1079,82,2054.0,S,Ace Trainer Reena Rematch 3 (Elo 2145.3),Fisherman Tully (Elo 1533.3),Ace Trainer Jamie Rematch 3 (7 games),13.39,Xatu Lv50 (Synchronize): Wish/Psycho Shift/Future Sight/Ominous Wind | Tangrowth Lv50 (Chlorophyll): Slam/Tickle/Wring Out/Power Whip | Quagsire Lv50 (Damp): Amnesia/Yawn/Earthquake/Rain Dance | Yanmega Lv50 (Speed Boost): Slash/Screech/U Turn/Air Slash
13,camper_tanner_0657,Camper Tanner Rematch 3,Trainerclass Camper,520,24,0.956,1080,91,2028.7,S,Ace Trainer Carol (Elo 2125.0),Swimmer Berke (Elo 1507.4),Picnicker Erin Rematch 2 (7 games),7.47,Sudowoodo Lv50 (Sturdy): Slam/Sucker Punch/Double Edge/Hammer Arm | Jumpluff Lv50 (Chlorophyll): Worry Seed/Giga Drain/Bounce/Memento | Lanturn Lv50 (Volt Absorb): Signal Beam/Discharge/Aqua Ring/Hydro Pump
14,school_kid_m_billy_0639,School Kid Billy Rematch 3,Trainerclass School Kid M,519,25,0.954,1090,106,2036.8,S,Ace Trainer Gwen (Elo 2083.5),Bird Keeper Hank (Elo 1447.6),Biker Joel (7 games),7.79,Mr Mime Lv50 (Soundproof): Trick Room/Psychic/Substitute | Parasect Lv50 (Effect Spore): Spore/Giga Drain/X Scissor/Slash | Poliwrath Lv50 (Water Absorb): Wake Up Slap/Belly Drum/Dynamic Punch/Hypnosis | Ditto Lv50 (Limber): Transform
15,ace_trainer_m_blake_0103,Ace Trainer Blake,Trainerclass Ace Trainer M,519,25,0.954,1078,89,2032.1,S,Ace Trainer Salma (Elo 2105.6),Teacher Hillary Rematch 2 (Elo 1549.3),Firebreather Otis (7 games),5.89,Magneton Lv50 (Sturdy): Thunderbolt/Supersonic/Magnet Bomb/Screech | Quagsire Lv50 (Water Absorb): Water Gun/Slam/Yawn/Earthquake | Exeggcute Lv50 (Chlorophyll): Leech Seed/Confusion/Sleep Powder/Solar Beam
16,ace_trainer_m_gaven_0456,Ace Trainer Gaven Rematch 1,Trainerclass Ace Trainer M,515,29,0.947,1082,111,2036.5,S,Ace Trainer Carol (Elo 2125.0),Scientist Linden (Elo 1514.1),Fisherman Kyle Rematch 3 (7 games),6.43,Victreebel Lv50 (Chlorophyll): Wrap/Toxic/Acid/Razor Leaf | Kingler Lv50 (Hyper Cutter): Bubble Beam/Stomp/Guillotine/Protect | Flareon Lv50 (Flash Fire): Sand Attack/Quick Attack/Bite/Fire Blast
17,school_kid_m_jack_0500,School Kid Jack Rematch 3,Trainerclass School Kid M,513,31,0.943,1067,101,2031.1,S,Ace Trainer Carol (Elo 2125.0),Camper Lloyd (Elo 1614.5),Biker Aiden Rematch 3 (7 games),9.63,Electrode Lv50 (Soundproof): Charge/Charge Beam/Swift/Rollout | Vileplume Lv50 (Chlorophyll): Solar Beam/Giga Drain/Moonlight/Sunny Day | Arcanine Lv50 (Intimidate): Extreme Speed/Flamethrower/Crunch/Reversal
18,camper_todd_0522,Camper Todd Rematch 3,Trainerclass Camper,513,31,0.943,1072,110,2004.6,S,Ace Trainer Reena Rematch 2 (Elo 2107.3),Sailor Huey Rematch 1 (Elo 1511.0),Ace Trainer Arabella (7 games),6.18,Graveler Lv50 (Rock Head): Selfdestruct/Rollout/Rock Blast/Earthquake | Graveler Lv50 (Rock Head): Rock Blast/Earthquake/Explosion/Double Edge | Magcargo Lv50 (Magma Armor): Amnesia/Lava Plume/Rock Slide/Body Slam | Golduck Lv50 (Damp): Psych Up/Zen Headbutt/Amnesia/Hydro Pump
19,ace_trainer_m_gaven_0102,Ace Trainer Gaven,Trainerclass Ace Trainer M,513,31,0.943,1084,118,2001.8,S,Ace Trainer Salma (Elo 2105.6),Swimmer Katie (Elo 1437.5),Ace Trainer Reena Rematch 1 (7 games),7.0,Victreebel Lv50 (Chlorophyll): Wrap/Toxic/Acid/Razor Leaf | Kingler Lv50 (Hyper Cutter): Bubble Beam/Stomp/Guillotine/Protect | Flareon Lv50 (Flash Fire): Sand Attack/Quick Attack/Bite/Ember
20,ace_trainer_f_jamie_0459,Ace Trainer Jamie Rematch 2,Trainerclass Ace Trainer F,507,37,0.932,1066,126,2013.0,S,Ace Trainer Carol (Elo 2125.0),Hiker Noland (Elo 1362.9),Ace Trainer Gaven Rematch 2 (7 games),5.19,Rapidash Lv50 (Flash Fire): Stomp/Fire Spin/Fire Blast/Ember | Ampharos Lv50 (Static): Discharge/Signal Beam/Charge/Thunder Wave
21,double_team_elan_ida_0676,Double Team Elan & Ida,Trainerclass Double Team,506,38,0.93,1079,143,2019.6,S,Ace Trainer Reena Rematch 2 (Elo 2107.3),Hiker Dwight (Elo 1426.2),Lass Alice (7 games),3.76,Porygon2 Lv50 (Download): Tri Attack/Charge Beam/Protect/Trick Room | Azumarill Lv50 (Huge Power): Waterfall/Aqua Jet/Superpower/Attract
22,ace_trainer_f_quinn_0362,Ace Trainer Quinn,Trainerclass Ace Trainer F,505,39,0.928,1083,149,2005.1,S,Ace Trainer Reena Rematch 3 (Elo 2145.3),Pokefan Boone (Elo 1506.6),Juggler Horton (7 games),5.84,Ivysaur Lv50 (Overgrow): Solar Beam/Double Edge/Synthesis/Sludge Bomb | Starmie Lv50 (Natural Cure): Blizzard/Confuse Ray/Thunderbolt/Water Pulse
23,ace_trainer_m_kevin_0361,Ace Trainer Kevin,Trainerclass Ace Trainer M,503,41,0.925,1080,162,1977.5,S,Ace Trainer French (Elo 2104.8),Swimmer Susie (Elo 1258.3),Camper Lloyd (7 games),5.72,Rhyhorn Lv50 (Rock Head): Take Down/Stone Edge/Horn Drill/Earthquake | Charmeleon Lv50 (Blaze): Flamethrower/Slash/Scary Face/Aerial Ace | Wartortle Lv50 (Torrent): Hydro Pump/Ice Beam/Bite/Swagger
24,school_kid_m_alan_0433,School Kid Alan Rematch 2,Trainerclass School Kid M,503,41,0.925,1066,146,1975.9,S,Ace Trainer French (Elo 2104.8),Bug Catcher Rob Rematch 1 (Elo 1498.2),Medium Darcy (7 games),17.05,Xatu Lv50 (Synchronize): Me First/Confuse Ray/Tailwind/Wish | Tangrowth Lv50 (Chlorophyll): Mega Drain/Stun Spore/Ancient Power/Knock Off | Quagsire Lv50 (Damp): Slam/Mud Bomb/Amnesia/Yawn | Yanmega Lv50 (Speed Boost): Supersonic/Uproar/Pursuit/Ancient Power
25,camper_bertrand_0533,Camper Bertrand,Trainerclass Camper,502,42,0.923,1066,146,1978.1,S,Ace Trainer Reena Rematch 3 (Elo 2145.3),Hiker Noland (Elo 1362.9),Lass Dana Rematch 2 (7 games),7.67,Fearow Lv50 (Keen Eye): Pursuit/Aerial Ace/Mirror Move/Agility | Primeape Lv50 (Vital Spirit): Seismic Toss/Screech/Assurance/Rage | Tauros Lv50 (Intimidate): Pursuit/Rest/Payback/Zen Headbutt
26,ace_trainer_f_jamie_0606,Ace Trainer Jamie Rematch 3,Trainerclass Ace Trainer F,499,45,0.917,1086,180,1983.3,S,Ace Trainer Salma (Elo 2105.6),Hiker Parry Rematch 1 (Elo 1308.4),Fisherman Tully Rematch 3 (7 games),6.03,Rapidash Lv50 (Flash Fire): Bounce/Fire Spin/Flare Blitz/Ember | Ampharos Lv50 (Static): Power Gem/Thunder/Signal Beam/Charge
27,ace_trainer_f_jamie_0458,Ace Trainer Jamie Rematch 1,Trainerclass Ace Trainer F,499,45,0.917,1049,142,1976.4,S,Swimmer Lori (Elo 2077.4),Hiker Parry Rematch 1 (Elo 1308.4),Black Belt Kenji Rematch 2 (7 games),5.45,Rapidash Lv50 (Flash Fire): Stomp/Fire Spin/Flame Wheel/Ember | Ampharos Lv50 (Static): Discharge/Signal Beam/Charge/Thunder Punch
28,biker_aiden_0630,Biker Aiden Rematch 3,Trainerclass Biker,499,45,0.917,1109,203,1941.7,S-,Ace Trainer French (Elo 2104.8),Hiker Phillip (Elo 1433.7),Lass Krise Rematch 3 (7 games),8.55,Tentacruel Lv50 (Clear Body): Poison Jab/Screech/Hydro Pump/Wring Out | Hypno Lv50 (Insomnia): Psych Up/Swagger/Psychic/Nasty Plot | Tentacruel Lv50 (Clear Body): Poison Jab/Screech/Hydro Pump/Wring Out
29,camper_tanner_0656,Camper Tanner Rematch 2,Trainerclass Camper,496,48,0.912,1043,146,1962.1,S-,Ace Trainer Gwen (Elo 2083.5),Bug Catcher Ed (Elo 1484.1),School Kid Jack Rematch 1 (7 games),6.93,Sudowoodo Lv50 (Sturdy): Rock Slide/Slam/Sucker Punch/Double Edge | Lanturn Lv50 (Volt Absorb): Bubble Beam/Signal Beam/Discharge/Aqua Ring | Skiploom Lv50 (Chlorophyll): Cotton Spore/U Turn/Worry Seed/Giga Drain
30,ace_trainer_f_megan_0115,Ace Trainer Megan,Trainerclass Ace Trainer F,496,48,0.912,1068,172,1937.6,S-,Ace Trainer Salma (Elo 2105.6),Bird Keeper Bret (Elo 1362.1),Picnicker Erin Rematch 2 (7 games),9.04,Bulbasaur Lv50 (Overgrow): Growl/Leech Seed/Take Down/Razor Leaf | Ivysaur Lv50 (Overgrow): Giga Drain/Leech Seed/Poison Powder/Petal Dance | Venusaur Lv50 (Overgrow): Petal Dance/Sleep Powder/Double Edge/Leech Seed
31,double_team_thom_kae_0722,Double Team Thom & Kae,Trainerclass Double Team,495,49,0.91,1055,164,1966.3,S,Ace Trainer Carol (Elo 2125.0),Hiker Parry Rematch 1 (Elo 1308.4),Ace Trainer Jake (7 games),3.42,Electabuzz Lv50 (Static): Thunderbolt/Light Screen/Swift/Thunder Wave | Magmar Lv50 (Flame Body): Flamethrower/Confuse Ray/Faint Attack/Protect
32,kimono_girl_naoko_0160,Kimono Girl Naoko,Trainerclass Kimono Girl,495,49,0.91,1062,172,1962.7,S-,Ace Trainer Reena Rematch 3 (Elo 2145.3),Scientist Garett (Elo 1417.1),Lass Michelle (7 games),3.44,Espeon Lv50 (Synchronize): Last Resort/Psychic/Psych Up/Swift
33,fisherman_barney_0322,Fisherman Barney,Trainerclass Fisherman,492,52,0.904,1066,188,1945.5,S-,Ace Trainer Reena Rematch 2 (Elo 2107.3),Hiker Noland (Elo 1362.9),Ace Trainer Jamie (7 games),9.52,Gyarados Lv50 (Intimidate): Twister/Ice Fang/Aqua Tail/Rain Dance | Gyarados Lv50 (Intimidate): Leer/Twister/Ice Fang/Aqua Tail | Gyarados Lv50 (Intimidate): Leer/Twister/Ice Fang/Aqua Tail
34,psychic_m_jared_0415,Psychic Jared,Trainerclass Psychic M,491,53,0.903,1053,178,1944.6,S-,School Kid Billy Rematch 3 (Elo 2036.8),Picnicker Hope (Elo 1345.2),Beauty Julia (7 games),7.22,Mr Mime Lv50 (Filter): Skill Swap/Psychic/Reflect/Light Screen | Exeggcute Lv50 (Chlorophyll): Skill Swap/Psychic/Sleep Powder/Leech Seed | Exeggcute Lv50 (Chlorophyll): Skill Swap/Psychic/Hypnosis/Grass Knot
35,picnicker_erin_0600,Picnicker Erin Rematch 3,Trainerclass Picnicker,489,55,0.899,1082,219,1902.0,S-,Ace Trainer Salma (Elo 2105.6),Bug Catcher Dion (Elo 1357.8),School Kid Chad Rematch 3 (7 games),10.54,Cherrim Lv50 (Flower Gift): Sunny Day/Petal Dance/Worry Seed/Take Down | Sunflora Lv50 (Solar Power): Petal Dance/Sunny Day/Solar Beam/Leaf Storm | Bellossom Lv50 (Chlorophyll): Sweet Scent/Stun Spore/Sunny Day/Magical Leaf | Rapidash Lv50 (Flash Fire): Agility/Fire Blast/Fury Attack/Bounce
36,firebreather_otis_0015,Firebreather Otis,Trainerclass Firebreather,487,57,0.895,1055,192,1920.8,S-,Ace Trainer Shaye (Elo 2100.8),Hiker Noland (Elo 1362.9),Ace Trainer Gaven Rematch 3 (7 games),6.32,Magmar Lv50 (Flame Body): Confuse Ray/Fire Punch/Lava Plume/Flamethrower | Weezing Lv50 (Levitate): Sludge/Haze/Double Hit/Explosion | Camerupt Lv50 (Magma Armor): Amnesia/Lava Plume/Rock Slide/Earth Power
37,school_kid_m_danny_0327,School Kid Danny,Trainerclass School Kid M,486,58,0.893,1052,195,1914.8,S-,Ace Trainer Carol (Elo 2125.0),Super Nerd Waldo (Elo 1246.9),Sailor Stanly (7 games),8.75,Jynx Lv50 (Forewarn): Fake Tears/Wake Up Slap/Avalanche/Body Slam | Electabuzz Lv50 (Static): Light Screen/Thunder Punch/Discharge/Thunderbolt | Magmar Lv50 (Flame Body): Confuse Ray/Fire Punch/Lava Plume/Flamethrower
38,lass_dana_0525,Lass Dana Rematch 3,Trainerclass Lass,486,58,0.893,1077,223,1899.7,S-,Ace Trainer Reena Rematch 2 (Elo 2107.3),Super Nerd Waldo (Elo 1246.9),Boarder Bryce (7 games),10.37,Golduck Lv50 (Damp): Water Pulse/Amnesia/Confusion/Screech | Ampharos Lv50 (Static): Thunder/Discharge/Thunder Wave/Signal Beam
39,fisherman_kyle_0660,Fisherman Kyle Rematch 3,Trainerclass Fisherman,485,59,0.892,1059,206,1934.4,S-,Ace Trainer Reena Rematch 2 (Elo 2107.3),School Kid Alan (Elo 1357.7),Ace Trainer Gaven Rematch 1 (7 games),10.22,Seaking Lv50 (Swift Swim): Aqua Ring/Fury Attack/Waterfall/Horn Drill | Qwilfish Lv50 (Poison Point): Pin Missile/Take Down/Aqua Tail/Poison Jab | Seaking Lv50 (Swift Swim): Aqua Ring/Fury Attack/Waterfall/Horn Drill | Kingler Lv50 (Hyper Cutter): Protect/Guillotine/Slam/Brine
40,lass_alice_0183,Lass Alice,Trainerclass Lass,484,60,0.89,1043,197,1937.0,S-,Ace Trainer Gwen (Elo 2083.5),Hiker Noland (Elo 1362.9),Ace Trainer Gwen (7 games),8.98,Gloom Lv50 (Chlorophyll): Toxic/Sludge Bomb/Sweet Scent/Drain Punch | Arbok Lv50 (Intimidate): Poison Jab/Screech/Crunch/Mud Bomb | Vileplume Lv50 (Chlorophyll): Toxic/Sludge Bomb/Attract/Drain Punch
41,psychic_m_herman_0316,Psychic Herman,Trainerclass Psychic M,483,61,0.888,1008,165,1902.7,S-,Ace Trainer Carol (Elo 2125.0),Bug Catcher Doug (Elo 1357.1),Bug Catcher Rob (7 games),7.59,Exeggcute Lv50 (Chlorophyll): Psychic/Hypnosis/Barrage/Dream Eater | Exeggcute Lv50 (Chlorophyll): Psychic/Hypnosis/Barrage/Dream Eater | Exeggutor Lv50 (Chlorophyll): Psychic/Hypnosis/Wood Hammer/Dream Eater
42,fisherman_tully_0514,Fisherman Tully Rematch 3,Trainerclass Fisherman,481,63,0.884,1050,217,1913.6,S-,Ace Trainer Carol (Elo 2125.0),Biker Theron (Elo 1308.2),Juggler Irwin Rematch 3 (7 games),9.58,Seaking Lv50 (Swift Swim): Water Pulse/Rain Dance/Waterfall/Aqua Ring | Seaking Lv50 (Swift Swim): Water Pulse/Rain Dance/Waterfall/Megahorn | Qwilfish Lv50 (Poison Point): Rollout/Surf/Aqua Tail/Minimize
43,double_team_zac_jen_0546,Double Team Zac & Jen,Trainerclass Double Team,479,65,0.881,1017,184,1922.2,S-,Ace Trainer Carol (Elo 2125.0),Super Nerd Waldo (Elo 1246.9),Poke Maniac Andrew (7 games),3.32,Electabuzz Lv50 (Static): Discharge/Quick Attack/Thunderbolt/Low Kick | Dugtrio Lv50 (Arena Trap): Dig/Mud Bomb/Growl/Night Slash
44,school_kid_m_tommy_0328,School Kid Tommy,Trainerclass School Kid M,479,65,0.881,1074,242,1906.2,S-,Ace Trainer Salma (Elo 2105.6),Picnicker Cheyenne (Elo 1158.8),Hiker Anthony Rematch 2 (7 games),9.38,Xatu Lv50 (Synchronize): Confuse Ray/Night Shade/Fly/Psychic | Alakazam Lv50 (Inner Focus): Psychic/Calm Mind/Reflect/Focus Blast
45,firebreather_walt_0618,Firebreather Walt Rematch 3,Trainerclass Firebreather,478,66,0.879,1037,212,1883.6,S-,Ace Trainer Salma (Elo 2105.6),Scientist Daniel (Elo 1368.3),Hiker Eoin (7 games),9.79,Magby Lv50 (Flame Body): Smoke Screen/Faint Attack/Fire Spin/Confuse Ray | Magmar Lv50 (Flame Body): Fire Punch/Lava Plume/Flamethrower/Sunny Day | Magmortar Lv50 (Flame Body): Lava Plume/Flamethrower/Sunny Day/Fire Blast
46,psychic_m_eli_0412,Psychic Eli,Trainerclass Psychic M,478,66,0.879,1028,204,1882.2,S-,Ace Trainer Jake (Elo 2061.1),Bug Catcher Rob (Elo 1405.8),Hiker Kenny Rematch 3 (7 games),9.11,Starmie Lv50 (Illuminate): Rapid Spin/Recover/Swift/Confuse Ray | Exeggcute Lv50 (Chlorophyll): Stun Spore/Poison Powder/Sleep Powder/Confusion | Girafarig Lv50 (Inner Focus): Psybeam/Baton Pass/Assurance/Double Hit
47,camper_sid_0150,Camper Sid,Trainerclass Camper,477,67,0.877,1028,212,1907.9,S-,Ace Trainer Gaven Rematch 3 (Elo 2075.9),Bird Keeper Hank (Elo 1447.6),Black Belt Wai (7 games),7.05,Dugtrio Lv50 (Sand Veil): Sand Tomb/Earth Power/Mud Bomb/Slash | Primeape Lv50 (Anger Point): Screech/Assurance/Rage/Swagger | Poliwrath Lv50 (Damp): Bubble Beam/Hypnosis/Double Slap/Submission
48,lass_linda_0136,Lass Linda,Trainerclass Lass,476,68,0.875,1026,212,1897.5,S-,Ace Trainer Salma (Elo 2105.6),Hiker Noland (Elo 1362.9),Biker Aiden Rematch 1 (7 games),8.07,Bulbasaur Lv50 (Overgrow): Toxic/Sludge Bomb/Leech Seed/Double Edge | Ivysaur Lv50 (Overgrow): Toxic/Sludge Bomb/Leech Seed/Double Edge | Venusaur Lv50 (Overgrow): Toxic/Sludge Bomb/Leech Seed/Double Edge
49,young_couple_tim_sue_0651,Young Couple Tim & Sue Rematch 3,Trainerclass Young Couple,476,68,0.875,1080,269,1864.0,A+,Ace Trainer Reena Rematch 2 (Elo 2107.3),Youngster Joey Rematch 3 (Elo 1237.1),Pokefan Eleanor (7 games),4.26,Alakazam Lv50 (Synchronize): Psychic/Calm Mind/Reflect/Recover | Golduck Lv50 (Damp): Hydro Pump/Amnesia/Aqua Jet/Blizzard
50,picnicker_liz_0515,Picnicker Liz Rematch 3,Trainerclass Picnicker,473,71,0.869,1044,240,1901.9,S-,Ace Trainer Salma (Elo 2105.6),Bird Keeper Hank (Elo 1447.6),Biker Jacob (7 games),7.62,Victreebel Lv50 (Chlorophyll): Sweet Scent/Razor Leaf/Leaf Storm/Leaf Blade | Nidoking Lv50 (Poison Point): Poison Sting/Thrash/Earth Power/Megahorn | Nidoqueen Lv50 (Rivalry): Poison Sting/Body Slam/Earth Power/Superpower
51,poke_maniac_brent_0527,Poke Maniac Brent Rematch 3,Trainerclass Poke Maniac,469,75,0.862,1023,238,1894.0,S-,Ace Trainer Gaven Rematch 2 (Elo 2055.7),Sailor Parker (Elo 1423.1),Hiker Kenny Rematch 1 (7 games),14.36,Gyarados Lv50 (Intimidate): Rain Dance/Hydro Pump/Dragon Dance/Hyper Beam | Lickitung Lv50 (Own Tempo): Disable/Slam/Rollout/Me First | Nidoqueen Lv50 (Poison Point): Poison Sting/Body Slam/Earth Power/Superpower | Nidoking Lv50 (Poison Point): Poison Sting/Thrash/Earth Power/Megahorn
52,juggler_fritz_0242,Juggler Fritz,Trainerclass Juggler,468,76,0.86,1041,258,1869.1,A+,Ace Trainer Gaven Rematch 3 (Elo 2075.9),Youngster Joey Rematch 2 (Elo 1130.3),School Kid Billy Rematch 3 (7 games),9.64,Mr Mime Lv50 (Filter): Substitute/Psychic/Encore/Double Slap | Magmar Lv50 (Flame Body): Lava Plume/Fire Punch/Confuse Ray/Faint Attack | Machoke Lv50 (No Guard): Focus Energy/Karate Chop/Seismic Toss/Revenge
53,poke_maniac_brent_0173,Poke Maniac Brent Rematch 2,Trainerclass Poke Maniac,467,77,0.858,1030,249,1904.1,S-,Ace Trainer Gaven Rematch 2 (Elo 2055.7),Fisherman Tully Rematch 1 (Elo 1412.0),Juggler Irwin Rematch 2 (7 games),9.81,Gyarados Lv50 (Intimidate): Ice Fang/Aqua Tail/Rain Dance/Hydro Pump | Lickitung Lv50 (Own Tempo): Disable/Slam/Rollout/Me First | Nidorina Lv50 (Poison Point): Bite/Helping Hand/Toxic Spikes/Flatter | Nidorino Lv50 (Poison Point): Helping Hand/Toxic Spikes/Flatter/Poison Jab
54,hiker_kenny_0654,Hiker Kenny Rematch 3,Trainerclass Hiker,467,77,0.858,1008,227,1879.1,S-,Ace Trainer Reena Rematch 2 (Elo 2107.3),Swimmer Kara (Elo 1415.2),Psychic Eli (7 games),9.86,Sandslash Lv50 (Sand Veil): Fury Cutter/Sand Tomb/Slash/Gyro Ball | Graveler Lv50 (Rock Head): Rock Blast/Earthquake/Explosion/Double Edge | Golem Lv50 (Rock Head): Earthquake/Explosion/Double Edge/Stone Edge | Steelix Lv50 (Rock Head): Iron Tail/Crunch/Double Edge/Stone Edge
55,kimono_girl_kuni_0163,Kimono Girl Kuni,Trainerclass Kimono Girl,467,77,0.858,1025,243,1860.2,A+,Ace Trainer Carol (Elo 2125.0),Sailor Garrett (Elo 1357.2),Swimmer Katie (7 games),4.54,Vaporeon Lv50 (Water Absorb): Last Resort/Surf/Quick Attack/Aurora Beam
56,fisherman_gideon_0588,Fisherman Gideon,Trainerclass Fisherman,465,79,0.855,1021,252,1889.1,S-,School Kid Billy Rematch 3 (Elo 2036.8),Hiker Timothy (Elo 1312.6),Biker Aiden Rematch 1 (7 games),7.77,Lanturn Lv50 (Volt Absorb): Discharge/Signal Beam/Bubble Beam/Confuse Ray | Mantine Lv50 (Swift Swim): Water Pulse/Wing Attack/Psybeam/Confuse Ray
57,camper_todd_0275,Camper Todd Rematch 2,Trainerclass Camper,463,81,0.851,1029,264,1874.9,S-,Ace Trainer Reena Rematch 2 (Elo 2107.3),Picnicker Adrian (Elo 1260.8),Picnicker Tanya (7 games),9.23,Geodude Lv50 (Rock Head): Rock Throw/Magnitude/Selfdestruct/Rollout | Graveler Lv50 (Rock Head): Selfdestruct/Rollout/Rock Blast/Earthquake | Golduck Lv50 (Damp): Confusion/Water Pulse/Fury Swipes/Screech | Slugma Lv50 (Magma Armor): Harden/Recover/Ancient Power/Amnesia
58,mystery_man_eusine_0495,Mystery Man Eusine,Trainerclass Mystery Man,463,81,0.851,1018,255,1872.8,A+,Ace Trainer Reena Rematch 2 (Elo 2107.3),Camper Ivan (Elo 1250.3),School Kid Tommy (7 games),11.92,Drowzee Lv50 (Insomnia): Dream Eater/Hypnosis/Disable/Confusion | Haunter Lv50 (Levitate): Lick/Hypnosis/Mean Look/Curse | Electrode Lv50 (Static): Screech/Sonic Boom/Thunder/Rollout
59,ace_trainer_f_joyce_0036,Ace Trainer Joyce,Trainerclass Ace Trainer F,462,82,0.849,1014,251,1879.7,S-,Ace Trainer Reena Rematch 2 (Elo 2107.3),Beauty Charlotte (Elo 1225.9),Pokefan Robert (7 games),8.02,Pikachu Lv50 (Static): Quick Attack/Double Team/Thunderbolt/Thunder Wave | Blastoise Lv50 (Torrent): Bite/Aqua Tail/Surf/Rain Dance
60,fisherman_kyle_0659,Fisherman Kyle Rematch 2,Trainerclass Fisherman,462,82,0.849,1045,288,1830.5,A+,Ace Trainer Gwen (Elo 2083.5),Beauty Charlotte (Elo 1225.9),Poke Maniac Brent Rematch 2 (7 games),10.86,Seaking Lv50 (Swift Swim): Flail/Aqua Ring/Fury Attack/Waterfall | Qwilfish Lv50 (Poison Point): Revenge/Brine/Pin Missile/Take Down | Seaking Lv50 (Swift Swim): Aqua Ring/Fury Attack/Waterfall/Horn Drill | Krabby Lv50 (Hyper Cutter): Protect/Guillotine/Slam/Brine
61,biker_glenn_0315,Biker Glenn,Trainerclass Biker,461,83,0.847,1020,266,1852.9,A+,Ace Trainer French (Elo 2104.8),Hiker Parry Rematch 1 (Elo 1308.4),Burglar Duncan (7 games),6.56,Koffing Lv50 (Levitate): Sludge/Haze/Gyro Ball/Explosion | Magmar Lv50 (Flame Body): Confuse Ray/Fire Punch/Lava Plume/Flamethrower | Weezing Lv50 (Levitate): Sludge/Haze/Double Hit/Explosion
62,swimmer_m_ronald_0098,Swimmer Ronald,Trainerclass Swimmer M,461,83,0.847,1004,248,1850.5,A+,Ace Trainer Jake (Elo 2061.1),Hiker Bailey (Elo 1215.1),Bird Keeper Josh Rematch 3 (7 games),7.09,Gyarados Lv50 (Intimidate): Thrash/Bite | Gyarados Lv50 (Intimidate): Thrash/Bite
63,ace_trainer_m_arabella_0673,Ace Trainer Arabella,Trainerclass Ace Trainer M,460,84,0.846,1022,275,1864.5,A+,Ace Trainer Gaven Rematch 2 (Elo 2055.7),Picnicker Adrian (Elo 1260.8),Lass Laura (7 games),8.3,Stantler Lv50 (Intimidate): Zen Headbutt/Return/Me First/Trick Room | Tauros Lv50 (Intimidate): Take Down/Thunder/Surf/Fire Blast
64,ace_trainer_m_paulo_0110,Ace Trainer Paulo,Trainerclass Ace Trainer M,459,85,0.844,1027,277,1831.0,A+,Ace Trainer Gaven Rematch 3 (Elo 2075.9),Bird Keeper Bert (Elo 1296.5),Pokefan Boone (7 games),8.0,Dratini Lv50 (Shed Skin): Slam/Agility/Aqua Tail/Dragon Rush | Seadra Lv50 (Sniper): Bubble Beam/Agility/Twister/Brine | Dratini Lv50 (Shed Skin): Slam/Agility/Aqua Tail/Dragon Rush
65,ace_trainer_m_ryan_0108,Ace Trainer Ryan,Trainerclass Ace Trainer M,458,86,0.842,996,257,1868.6,A+,Swimmer Lori (Elo 2077.4),Hiker Parry Rematch 1 (Elo 1308.4),Picnicker Erin Rematch 2 (7 games),7.91,Pidgeot Lv50 (Keen Eye): Sand Attack/Quick Attack/Whirlwind/Wing Attack | Electabuzz Lv50 (Static): Thunder Punch/Light Screen/Swift/Screech
66,lass_dana_0465,Lass Dana Rematch 2,Trainerclass Lass,454,90,0.835,1029,303,1871.5,A+,Ace Trainer Reena Rematch 3 (Elo 2145.3),Black Belt Yoshi (Elo 1270.4),Black Belt Yoshi (7 games),10.91,Golduck Lv50 (Damp): Water Pulse/Disable/Confusion/Screech | Ampharos Lv50 (Static): Signal Beam/Discharge/Thunder Wave/Cotton Spore
67,biker_aiden_0628,Biker Aiden Rematch 1,Trainerclass Biker,454,90,0.835,1034,315,1826.0,A+,Ace Trainer Gaven Rematch 3 (Elo 2075.9),Hiker Parry Rematch 1 (Elo 1308.4),Lass Linda (7 games),7.39,Hypno Lv50 (Insomnia): Psybeam/Psych Up/Swagger/Psychic | Tentacruel Lv50 (Clear Body): Water Pulse/Poison Jab/Screech/Hydro Pump
68,fisherman_stephen_0321,Fisherman Stephen,Trainerclass Fisherman,453,91,0.833,1014,287,1839.3,A+,Ace Trainer Jamie Rematch 2 (Elo 2013.0),Medium Ethel (Elo 1221.1),Ace Trainer Alton (7 games),14.15,Quagsire Lv50 (Damp): Amnesia/Yawn/Earthquake/Rain Dance | Qwilfish Lv50 (Poison Point): Spit Up/Revenge/Brine/Pin Missile | Tentacruel Lv50 (Clear Body): Wrap/Barrier/Water Pulse/Poison Jab
69,swimmer_m_jerome_0370,Swimmer Jerome,Trainerclass Swimmer M,451,93,0.829,1007,292,1824.9,A+,School Kid Alan Rematch 3 (Elo 2054.0),Biker Theron (Elo 1308.2),Biker Ernest Rematch 3 (7 games),11.14,Seadra Lv50 (Sniper): Bubble Beam/Agility/Twister/Brine | Tentacool Lv50 (Liquid Ooze): Barrier/Water Pulse/Poison Jab/Screech | Tentacruel Lv50 (Liquid Ooze): Wrap/Barrier/Water Pulse/Poison Jab | Goldeen Lv50 (Water Veil): Flail/Aqua Ring/Fury Attack/Waterfall
70,biker_jacob_0570,Biker Jacob,Trainerclass Biker,450,94,0.827,1007,295,1824.9,A+,Ace Trainer French (Elo 2104.8),Super Nerd Waldo (Elo 1246.9),Bird Keeper Vance Rematch 3 (7 games),6.8,Magmar Lv50 (Flame Body): Confuse Ray/Fire Punch/Lava Plume/Flamethrower | Tentacruel Lv50 (Liquid Ooze): Barrier/Water Pulse/Poison Jab/Screech
71,boarder_bryce_0678,Boarder Bryce,Trainerclass Boarder,449,95,0.825,1000,290,1808.4,A+,School Kid Alan Rematch 3 (Elo 2054.0),Sage Edmond (Elo 1313.3),Lass Dana Rematch 3 (7 games),9.48,Dewgong Lv50 (Thick Fat): Dive/Aqua Tail/Ice Beam/Safeguard | Lapras Lv50 (Water Absorb): Ice Beam/Brine/Safeguard/Hydro Pump
72,burglar_corey_0284,Burglar Corey,Trainerclass Burglar,447,97,0.822,1009,310,1852.3,A+,Ace Trainer French (Elo 2104.8),Swimmer Kara (Elo 1415.2),Hiker Clarke (7 games),7.54,Koffing Lv50 (Levitate): Selfdestruct/Sludge/Haze/Gyro Ball | Magmar Lv50 (Flame Body): Fire Spin/Confuse Ray/Fire Punch/Lava Plume | Koffing Lv50 (Levitate): Selfdestruct/Sludge/Haze/Gyro Ball | Koffing Lv50 (Levitate): Sludge/Haze/Gyro Ball/Explosion
73,school_kid_m_joe_0330,School Kid Joe,Trainerclass School Kid M,447,97,0.822,979,278,1827.5,A+,Ace Trainer Reena Rematch 2 (Elo 2107.3),Black Belt Yoshi (Elo 1270.4),Pokefan Alex (7 games),8.1,Tangela @ Sitrus Berry Lv50 (Chlorophyll): Ancient Power/Knock Off/Natural Gift/Slam | Vaporeon Lv50 (Water Absorb): Water Gun/Quick Attack/Bite/Aurora Beam
74,lass_krise_0612,Lass Krise Rematch 3,Trainerclass Lass,446,98,0.82,978,281,1851.0,A+,Ace Trainer Jamie Rematch 3 (Elo 1983.3),Picnicker Liz Rematch 1 (Elo 1337.4),Biker Aiden Rematch 3 (7 games),7.87,Vileplume Lv50 (Chlorophyll): Aromatherapy/Stun Spore/Poison Powder/Petal Dance | Marowak Lv50 (Rock Head): Fling/Bone Rush/Endeavor/Double Edge
75,picnicker_erin_0453,Picnicker Erin Rematch 2,Trainerclass Picnicker,446,98,0.82,1023,333,1791.0,A,Ace Trainer Carol (Elo 2125.0),Black Belt Yoshi (Elo 1270.4),Ace Trainer Megan (7 games),12.8,Bellossom Lv50 (Chlorophyll): Sweet Scent/Stun Spore/Sunny Day/Magical Leaf | Sunflora Lv50 (Chlorophyll): Worry Seed/Razor Leaf/Petal Dance/Sunny Day | Rapidash Lv50 (Flash Fire): Agility/Fire Blast/Fury Attack/Bounce
76,kimono_girl_zuki_0162,Kimono Girl Zuki,Trainerclass Kimono Girl,444,100,0.816,999,307,1838.8,A+,Ace Trainer Reena Rematch 2 (Elo 2107.3),Scientist Mitch (Elo 1010.1),School Kid Sherman (7 games),6.71,Umbreon Lv50 (Synchronize): Last Resort/Dark Pulse/Confuse Ray/Shadow Ball
77,ace_trainer_m_bonita_0674,Ace Trainer Bonita,Trainerclass Ace Trainer M,444,100,0.816,1031,344,1826.1,A+,Ace Trainer French (Elo 2104.8),Swimmer Wendy (Elo 1187.6),Lass Dana Rematch 2 (7 games),10.74,Spinda Lv50 (Own Tempo): Flail/Fake Out/Teeter Dance/Trick Room | Sudowoodo Lv50 (Rock Head): Wood Hammer/Hammer Arm/Earthquake/Stone Edge
78,school_kid_m_chad_0435,School Kid Chad Rematch 2,Trainerclass School Kid M,443,101,0.814,984,304,1809.9,A+,Ace Trainer Quinn (Elo 2005.1),Picnicker Tiffany Rematch 2 (Elo 1264.8),Ace Trainer Jenn (7 games),6.2,Mr Mime Lv50 (Soundproof): Substitute/Recycle/Trick/Psychic | Magneton Lv50 (Magnet Pull): Spark/Lock On/Magnet Bomb/Screech
79,picnicker_gina_0517,Picnicker Gina Rematch 3,Trainerclass Picnicker,442,102,0.812,1009,328,1800.3,A+,Ace Trainer Carol (Elo 2125.0),Beauty Valerie (Elo 1154.0),Camper Spencer (7 games),14.72,Skiploom Lv50 (Chlorophyll): Sleep Powder/Bullet Seed/Leech Seed/Mega Drain | Jumpluff Lv50 (Chlorophyll): Leech Seed/Mega Drain/Cotton Spore/U Turn | Venusaur Lv50 (Overgrow): Petal Dance/Worry Seed/Synthesis/Solar Beam
80,black_belt_kenji_0250,Black Belt Kenji Rematch 1,Trainerclass Black Belt,441,103,0.811,977,304,1804.2,A+,Ace Trainer Gwen (Elo 2083.5),Super Nerd Markus (Elo 1230.2),Medium Grace (7 games),12.45,Onix Lv50 (Rock Head): Rage/Rock Tomb/Sandstorm/Slam | Hitmonlee Lv50 (Limber): Brick Break/Focus Energy/Feint/Hi Jump Kick | Onix Lv50 (Rock Head): Rage/Rock Tomb/Sandstorm/Slam | Machoke Lv50 (Guts): Seismic Toss/Revenge/Vital Throw/Submission
81,hiker_anthony_0520,Hiker Anthony Rematch 3,Trainerclass Hiker,440,104,0.809,991,322,1828.2,A+,Ace Trainer Salma (Elo 2105.6),School Kid Ricky (Elo 1262.9),Ace Trainer Fran (7 games),4.81,Graveler Lv50 (Rock Head): Rollout/Rock Blast/Earthquake/Explosion | Golem Lv50 (Rock Head): Earthquake/Explosion/Double Edge/Stone Edge | Machamp Lv50 (No Guard): Wake Up Slap/Cross Chop/Scary Face/Dynamic Punch
82,ace_trainer_m_alton_0109,Ace Trainer Alton,Trainerclass Ace Trainer M,440,104,0.809,976,306,1799.6,A,Ace Trainer Gaven Rematch 1 (Elo 2036.5),Gentleman Edward (Elo 1342.2),Gentleman Gregory (7 games),11.31,Ivysaur Lv50 (Overgrow): Sleep Powder/Take Down/Razor Leaf/Sweet Scent | Charmeleon Lv50 (Blaze): Ember/Smoke Screen/Dragon Rage/Scary Face | Wartortle Lv50 (Torrent): Water Gun/Bite/Rapid Spin/Protect
83,ace_trainer_f_lois_0116,Ace Trainer Lois,Trainerclass Ace Trainer F,438,106,0.805,1009,354,1798.9,A,Ace Trainer Carol (Elo 2125.0),Super Nerd Waldo (Elo 1246.9),Lass Dana Rematch 3 (7 games),9.31,Mareep Lv50 (Static): Thunder Shock/Cotton Spore/Thunder Wave/Charge | Ninetales Lv50 (Flash Fire): Flamethrower/Quick Attack/Confuse Ray/Nasty Plot
84,young_couple_tim_sue_0650,Young Couple Tim & Sue Rematch 2,Trainerclass Young Couple,436,108,0.801,1005,354,1783.3,A,Ace Trainer Gaven Rematch 1 (Elo 2036.5),Scientist Mitch (Elo 1010.1),Guitarist Vincent (7 games),4.25,Kadabra Lv50 (Synchronize): Recover/Psychic/Role Play/Reflect | Golduck Lv50 (Damp): Water Pulse/Amnesia/Zen Headbutt/Blizzard
85,twins_jo_zoe_0326,Twins Jo & Zoe Rematch,Trainerclass Twins,434,110,0.798,964,319,1790.9,A,Ace Trainer Salma (Elo 2105.6),Skier Diana (Elo 1065.7),Ace Trainer Jake (7 games),4.55,Victreebel Lv50 (Chlorophyll): Giga Drain/Sleep Powder/Sludge Bomb/Protect | Vileplume Lv50 (Chlorophyll): Giga Drain/Stun Spore/Drain Punch/Attract
86,beauty_julia_0346,Beauty Julia,Trainerclass Beauty,433,111,0.796,994,347,1789.1,A,Swimmer Lori (Elo 2077.4),Pokefan Colin (Elo 1202.3),Psychic Jared (7 games),11.81,Paras Lv50 (Effect Spore): Giga Drain/Spore/Slash/Attract | Carnivine Lv50 (Levitate): Giga Drain/Wring Out/Ingrain/Attract | Parasect Lv50 (Effect Spore): Giga Drain/Spore/Attract/X Scissor
87,hiker_kenny_0653,Hiker Kenny Rematch 2,Trainerclass Hiker,433,111,0.796,971,332,1788.2,A,Ace Trainer Salma (Elo 2105.6),Boarder Patton (Elo 1145.1),Swimmer Nicole (7 games),8.61,Sandslash Lv50 (Sand Veil): Crush Claw/Fury Cutter/Sand Tomb/Slash | Graveler Lv50 (Rock Head): Selfdestruct/Rollout/Rock Blast/Earthquake | Golem Lv50 (Rock Head): Rock Blast/Earthquake/Explosion/Double Edge | Onix Lv50 (Rock Head): Dragon Breath/Curse/Iron Tail/Sand Tomb
88,biker_joel_0314,Biker Joel,Trainerclass Biker,433,111,0.796,982,343,1783.5,A,Ace Trainer Gaven Rematch 2 (Elo 2055.7),Poke Maniac Zach (Elo 1154.7),School Kid Billy Rematch 3 (7 games),6.28,Magmar Lv50 (Flame Body): Confuse Ray/Fire Punch/Lava Plume/Flamethrower | Magmar Lv50 (Flame Body): Confuse Ray/Fire Punch/Lava Plume/Flamethrower
89,twins_jo_zoe_0416,Twins Jo & Zoe,Trainerclass Twins,432,112,0.794,963,320,1772.5,A,Ace Trainer Salma (Elo 2105.6),Gentleman Preston (Elo 1225.0),Biker Dwayne (7 games),4.63,Vileplume Lv50 (Chlorophyll): Giga Drain/Stun Spore/Drain Punch/Attract | Victreebel Lv50 (Chlorophyll): Giga Drain/Sleep Powder/Sludge Bomb/Protect
90,lass_laura_0354,Lass Laura,Trainerclass Lass,430,114,0.79,950,320,1794.3,A,Ace Trainer Shaye (Elo 2100.8),Pokefan Colin (Elo 1202.3),Ace Trainer Arabella (7 games),14.32,Gloom @ Sitrus Berry Lv50 (Chlorophyll): Sleep Powder/Mega Drain/Lucky Chant/Natural Gift | Pidgeotto Lv50 (Tangled Feet): Twister/Feather Dance/Agility/Wing Attack | Bellossom Lv50 (Chlorophyll): Sweet Scent/Stun Spore/Sunny Day/Magical Leaf
91,medium_darcy_0369,Medium Darcy,Trainerclass Medium,427,117,0.785,945,324,1815.2,A+,Camper Bertrand (Elo 1978.1),Scientist Trenton (Elo 1275.5),Firebreather Lyle (7 games),12.52,Slowpoke Lv50 (Own Tempo): Skill Swap/Amnesia/Disable/Psychic | Slowbro Lv50 (Own Tempo): Skill Swap/Slack Off/Psychic/Yawn
92,swimmer_m_tyson_0374,Swimmer Tyson,Trainerclass Swimmer M,427,117,0.785,1003,377,1757.9,A,School Kid Jack Rematch 3 (Elo 2031.1),Picnicker Gina (Elo 1239.1),Beauty Cassie (7 games),8.72,Quagsire Lv50 (Water Absorb): Earthquake/Yawn/Surf/Amnesia | Octillery Lv50 (Sniper): Signal Beam/Wring Out/Octazooka/Aurora Beam
93,ace_trainer_f_reena_0444,Ace Trainer Reena Rematch 1,Trainerclass Ace Trainer F,425,119,0.781,979,356,1805.6,A+,Ace Trainer Gaven Rematch 3 (Elo 2075.9),Swimmer Kara (Elo 1415.2),Twins Day & Dani (7 games),7.65,Growlithe Lv50 (Intimidate): Reversal/Fire Fang/Take Down/Flamethrower | Nidorina Lv50 (Poison Point): Fury Swipes/Bite/Helping Hand/Toxic Spikes | Staryu Lv50 (Natural Cure): Swift/Bubble Beam/Minimize/Gyro Ball
94,biker_ernest_0633,Biker Ernest Rematch 3,Trainerclass Biker,425,119,0.781,991,382,1785.4,A,School Kid Billy Rematch 3 (Elo 2036.8),Hiker Parry Rematch 1 (Elo 1308.4),Swimmer Jerome (7 games),8.52,Ursaring Lv50 (Guts): Scary Face/Rest/Snore/Thrash | Azumarill Lv50 (Huge Power): Double Edge/Rain Dance/Aqua Tail/Hydro Pump
95,hiker_kenny_0652,Hiker Kenny Rematch 1,Trainerclass Hiker,425,119,0.781,954,344,1763.7,A,School Kid Jack Rematch 3 (Elo 2031.1),Swimmer Wendy (Elo 1187.6),Swimmer Duane (7 games),10.08,Onix Lv50 (Rock Head): Bind/Screech/Rock Throw/Rage | Graveler Lv50 (Rock Head): Selfdestruct/Rollout/Rock Blast/Earthquake | Golem Lv50 (Rock Head): Selfdestruct/Rollout/Rock Blast/Earthquake | Sandslash Lv50 (Sand Veil): Fury Swipes/Rollout/Crush Claw/Fury Cutter
96,fisherman_wilton_0605,Fisherman Wilton Rematch 3,Trainerclass Fisherman,424,120,0.779,982,376,1733.9,A-,Swimmer Lori (Elo 2077.4),Beauty Charlotte (Elo 1225.9),Super Nerd Shawn (7 games),10.9,Seaking Lv50 (Swift Swim): Flail/Aqua Ring/Fury Attack/Waterfall | Seaking Lv50 (Swift Swim): Flail/Aqua Ring/Fury Attack/Waterfall | Seaking Lv50 (Swift Swim): Waterfall/Horn Drill/Agility/Megahorn
97,camper_dean_0149,Camper Dean,Trainerclass Camper,423,121,0.778,939,339,1774.0,A,Ace Trainer Gaven Rematch 2 (Elo 2055.7),Super Nerd Markus (Elo 1230.2),Swimmer Tucker (7 games),8.04,Golduck Lv50 (Cloud Nine): Fury Swipes/Screech/Psych Up/Zen Headbutt | Sandslash Lv50 (Sand Veil): Crush Claw/Fury Cutter/Sand Tomb/Slash
98,bird_keeper_gs_vance_0609,Bird Keeper Vance Rematch 3,Trainerclass Bird Keeper Gs,423,121,0.778,964,359,1768.7,A,School Kid Alan Rematch 3 (Elo 2054.0),Black Belt Yoshi (Elo 1270.4),Swimmer Briana (7 games),15.73,Pidgeot Lv50 (Keen Eye): Wing Attack/Roost/Tailwind/Mirror Move | Pidgeot Lv50 (Keen Eye): Feather Dance/Agility/Wing Attack/Roost | Noctowl Lv50 (Insomnia): Zen Headbutt/Extrasensory/Psycho Shift/Roost
99,bug_catcher_wade_0460,Bug Catcher Wade Rematch 2,Trainerclass Bug Catcher,422,122,0.776,962,361,1794.9,A,School Kid Alan Rematch 3 (Elo 2054.0),School Kid Jack (Elo 1328.3),Fisherman Wilton Rematch 3 (7 games),10.39,Butterfree Lv50 (Compound Eyes): Bug Bite/Silver Wind/Confusion/Gust | Butterfree Lv50 (Compound Eyes): Bug Buzz/Tailwind/Captivate/Safeguard | Beedrill Lv50 (Swarm): Bug Bite/Twineedle/Poison Jab/Focus Energy | Butterfree Lv50 (Compound Eyes): Bug Bite/Gust/Sleep Powder/Stun Spore
100,black_belt_kenji_0278,Black Belt Kenji Rematch 2,Trainerclass Black Belt,422,122,0.776,959,359,1758.5,A,School Kid Jack Rematch 3 (Elo 2031.1),Medium Bethany (Elo 1264.3),School Kid Torin Rematch 3 (7 games),13.96,Onix Lv50 (Rock Head): Rock Tomb/Sandstorm/Slam/Rock Polish | Machamp Lv50 (Guts): Revenge/Vital Throw/Submission/Wake Up Slap | Onix Lv50 (Rock Head): Sandstorm/Slam/Rock Polish/Dragon Breath | Hitmonlee Lv50 (Limber): Hi Jump Kick/Mind Reader/Foresight/Blaze Kick
101,psychic_m_franklin_0230,Psychic Franklin,Trainerclass Psychic M,422,122,0.776,970,366,1754.9,A,Ace Trainer Gaven Rematch 3 (Elo 2075.9),Picnicker Adrian (Elo 1260.8),Bug Catcher Rob Rematch 3 (7 games),4.75,Kadabra Lv50 (Inner Focus): Headbutt/Skill Swap/Psychic/Disable | Girafarig Lv50 (Early Bird): Crunch/Skill Swap/Double Hit/Psychic
102,juggler_horton_0396,Juggler Horton,Trainerclass Juggler,421,123,0.774,971,368,1778.3,A,Ace Trainer Jake (Elo 2061.1),Hiker Parry Rematch 1 (Elo 1308.4),Black Belt Ander (7 games),8.78,Electrode Lv50 (Static): Swift/Shock Wave/Screech/Explosion | Electrode Lv50 (Static): Swift/Shock Wave/Double Team/Light Screen | Electrode Lv50 (Static): Swift/Shock Wave/Screech/Rollout
103,fisherman_kyle_0658,Fisherman Kyle Rematch 1,Trainerclass Fisherman,419,125,0.77,957,367,1766.0,A,Ace Trainer Gwen (Elo 2083.5),Beauty Charlotte (Elo 1225.9),Psychic Nathan (7 games),10.31,Seaking Lv50 (Swift Swim): Flail/Aqua Ring/Fury Attack/Waterfall | Qwilfish Lv50 (Poison Point): Spit Up/Revenge/Brine/Pin Missile | Seaking Lv50 (Swift Swim): Flail/Aqua Ring/Fury Attack/Waterfall
104,psychic_m_vernon_0411,Psychic Vernon,Trainerclass Psychic M,418,126,0.768,958,372,1777.0,A,Ace Trainer Quinn (Elo 2005.1),Youngster Joey Rematch 1 (Elo 1045.6),Fisherman Marvin (7 games),3.97,Espeon Lv50 (Synchronize): Confusion/Quick Attack/Swift/Psybeam
105,biker_aiden_0629,Biker Aiden Rematch 2,Trainerclass Biker,418,126,0.768,1012,426,1775.5,A,Ace Trainer French (Elo 2104.8),Picnicker Cheyenne (Elo 1158.8),School Kid Kipp (7 games),8.38,Hypno Lv50 (Insomnia): Psych Up/Swagger/Psychic/Nasty Plot | Tentacruel Lv50 (Clear Body): Poison Jab/Screech/Hydro Pump/Wring Out
106,lass_michelle_0356,Lass Michelle,Trainerclass Lass,416,128,0.765,952,376,1748.4,A,Swimmer Lori (Elo 2077.4),Policeman Keith (Elo 1171.2),Kimono Girl Naoko (7 games),14.2,Skiploom Lv50 (Chlorophyll): Giga Drain/U Turn/Leech Seed/Sunny Day | Hoppip Lv50 (Chlorophyll): Giga Drain/U Turn/Stun Spore/Bounce | Jumpluff Lv50 (Chlorophyll): Giga Drain/U Turn/Sleep Powder/Sunny Day
107,fisherman_murphy_0586,Fisherman Murphy,Trainerclass Fisherman,411,133,0.756,919,364,1760.1,A,Ace Trainer Quinn (Elo 2005.1),Elder Li (Elo 1198.1),Picnicker Edna (7 games),10.17,Corsola Lv50 (Hustle): Rock Blast/Bubble Beam/Lucky Chant/Ancient Power | Corsola Lv50 (Hustle): Rock Blast/Bubble Beam/Lucky Chant/Ancient Power | Corsola Lv50 (Hustle): Rock Blast/Bubble Beam/Lucky Chant/Ancient Power | Corsola Lv50 (Hustle): Bubble Beam/Lucky Chant/Ancient Power/Aqua Ring
108,camper_tanner_0655,Camper Tanner Rematch 1,Trainerclass Camper,411,133,0.756,942,388,1739.1,A-,Ace Trainer Quinn (Elo 2005.1),Picnicker Tiffany Rematch 2 (Elo 1264.8),Picnicker Liz Rematch 2 (7 games),6.4,Sudowoodo Lv50 (Sturdy): Rock Tomb/Rock Slide/Slam/Sucker Punch | Chinchou Lv50 (Volt Absorb): Bubble Beam/Signal Beam/Discharge/Aqua Ring
109,twins_day_dani_0595,Twins Day & Dani,Trainerclass Twins,411,133,0.756,964,407,1734.8,A-,Ace Trainer Carol (Elo 2125.0),Youngster Joey Rematch 1 (Elo 1045.6),Ace Trainer Reena Rematch 1 (7 games),3.94,Plusle Lv50 (Plus): Copycat/Swift/Charge/Thunder | Minun Lv50 (Minus): Swift/Fake Tears/Charge/Thunder
110,ace_trainer_f_reena_0114,Ace Trainer Reena,Trainerclass Ace Trainer F,409,135,0.752,955,412,1743.1,A-,Ace Trainer Gaven Rematch 2 (Elo 2055.7),Gentleman Alfred (Elo 1411.8),Sailor Jeff (7 games),7.53,Growlithe Lv50 (Intimidate): Reversal/Fire Fang/Take Down/Flamethrower | Nidorina Lv50 (Poison Point): Poison Sting/Fury Swipes/Bite/Helping Hand | Staryu Lv50 (Illuminate): Camouflage/Swift/Bubble Beam/Minimize
111,bird_keeper_gs_josh_0644,Bird Keeper Josh Rematch 2,Trainerclass Bird Keeper Gs,409,135,0.752,953,413,1742.0,A-,Ace Trainer French (Elo 2104.8),Scientist Trenton (Elo 1275.5),Swimmer Nicole (7 games),8.31,Skarmory Lv50 (Keen Eye): Steel Wing/Air Slash/Slash/Night Slash | Fearow Lv50 (Keen Eye): Agility/Assurance/Roost/Drill Peck
112,hiker_anthony_0155,Hiker Anthony Rematch 2,Trainerclass Hiker,405,139,0.744,937,406,1723.7,A-,Ace Trainer Jamie Rematch 2 (Elo 2013.0),Psychic Greg (Elo 1277.8),Hiker Bruce (7 games),4.24,Graveler Lv50 (Rock Head): Selfdestruct/Rollout/Rock Blast/Earthquake | Graveler Lv50 (Rock Head): Rollout/Rock Blast/Earthquake/Explosion | Machoke Lv50 (No Guard): Vital Throw/Submission/Wake Up Slap/Cross Chop
113,sailor_kenneth_0241,Sailor Kenneth,Trainerclass Sailor,403,141,0.741,900,375,1773.4,A,Ace Trainer Gwen (Elo 2083.5),Medium Ethel (Elo 1221.1),Fisherman Jonah (7 games),9.48,Machop Lv50 (Guts): Revenge/Vital Throw/Submission/Wake Up Slap | Machop Lv50 (No Guard): Revenge/Vital Throw/Submission/Wake Up Slap | Poliwrath Lv50 (Damp): Bubble Beam/Hypnosis/Double Slap/Submission | Machop Lv50 (No Guard): Revenge/Vital Throw/Submission/Wake Up Slap
114,bird_keeper_gs_josh_0645,Bird Keeper Josh Rematch 3,Trainerclass Bird Keeper Gs,403,141,0.741,911,391,1738.6,A-,School Kid Billy Rematch 3 (Elo 2036.8),Camper Virgil (Elo 1112.5),Swimmer Duane (7 games),8.55,Skarmory Lv50 (Keen Eye): Steel Wing/Air Slash/Slash/Night Slash | Fearow Lv50 (Keen Eye): Agility/Assurance/Roost/Drill Peck
115,ace_trainer_f_jamie_0113,Ace Trainer Jamie,Trainerclass Ace Trainer F,403,141,0.741,905,378,1737.8,A-,Ace Trainer Jamie Rematch 3 (Elo 1983.3),Picnicker Gina (Elo 1239.1),Firebreather Lyle (7 games),7.95,Rapidash Lv50 (Flash Fire): Stomp/Fire Spin/Will O Wisp/Agility | Flaaffy Lv50 (Static): Discharge/Cotton Spore/Thunder Wave/Charge
116,picnicker_gina_0334,Picnicker Gina Rematch 2,Trainerclass Picnicker,402,142,0.739,950,425,1745.0,A,Ace Trainer Reena Rematch 2 (Elo 2107.3),Lass Cathy (Elo 1080.3),Fisherman Gideon (7 games),15.06,Skiploom Lv50 (Chlorophyll): Stun Spore/Sleep Powder/Bullet Seed/Leech Seed | Skiploom Lv50 (Chlorophyll): Stun Spore/Sleep Powder/Bullet Seed/Leech Seed | Ivysaur Lv50 (Overgrow): Double Edge/Worry Seed/Synthesis/Solar Beam
117,school_kid_m_chad_0504,School Kid Chad Rematch 3,Trainerclass School Kid M,402,142,0.739,956,432,1727.9,A-,School Kid Billy Rematch 3 (Elo 2036.8),Poke Maniac Donald (Elo 1190.3),Picnicker Erin Rematch 3 (7 games),11.94,Mr Mime Lv50 (Soundproof): Baton Pass/Double Team/Light Screen/Psychic | Magneton Lv50 (Magnet Pull): Gyro Ball/Mirror Shot/Thunder Wave/Magnet Bomb
118,youngster_jimmy_0379,Youngster Jimmy,Trainerclass Youngster,400,144,0.735,948,442,1710.5,A-,Ace Trainer Blake (Elo 2032.1),Bird Keeper Josh (Elo 1298.1),School Kid Billy (7 games),10.39,Raticate Lv50 (Run Away): Crunch/Assurance/Super Fang/Double Edge | Arbok Lv50 (Intimidate): Swallow/Spit Up/Mud Bomb/Gastro Acid | Parasect Lv50 (Effect Spore): Spore/Slash/Growth/Giga Drain
119,kimono_girl_sayo_0161,Kimono Girl Sayo,Trainerclass Kimono Girl,399,145,0.733,873,366,1708.1,A-,Ace Trainer Carol (Elo 2125.0),Youngster Gordon (Elo 972.2),School Kid Nate (7 games),7.01,Jolteon Lv50 (Volt Absorb): Last Resort/Thunderbolt/Double Team/Thunder Wave
120,biker_charles_0312,Biker Charles,Trainerclass Biker,398,146,0.732,938,434,1725.6,A-,Camper Bertrand (Elo 1978.1),Hiker Bailey (Elo 1215.1),Ace Trainer Irene (7 games),6.76,Koffing Lv50 (Levitate): Sludge/Haze/Gyro Ball/Explosion | Charmeleon Lv50 (Blaze): Scary Face/Fire Fang/Slash/Flamethrower | Weezing Lv50 (Levitate): Sludge/Haze/Double Hit/Explosion
121,bird_keeper_gs_vance_0448,Bird Keeper Vance Rematch 2,Trainerclass Bird Keeper Gs,396,148,0.728,915,422,1730.9,A-,Ace Trainer Jamie Rematch 2 (Elo 2013.0),Bird Keeper Jose (Elo 1272.5),Lass Krise Rematch 3 (7 games),12.57,Pidgeotto Lv50 (Keen Eye): Twister/Feather Dance/Agility/Wing Attack | Pidgeot Lv50 (Keen Eye): Twister/Feather Dance/Agility/Wing Attack | Noctowl Lv50 (Insomnia): Take Down/Air Slash/Zen Headbutt/Extrasensory
122,sailor_huey_0506,Sailor Huey Rematch 3,Trainerclass Sailor,396,148,0.728,953,460,1729.3,A-,Double Team Elan & Ida (Elo 2019.6),Lass Cathy (Elo 1080.3),Sailor Stanly (7 games),7.9,Politoed Lv50 (Water Absorb): Whirlpool/Rain Dance/Body Slam/Perish Song | Poliwrath Lv50 (Water Absorb): Surf/Strength/Ice Punch/Submission
123,school_kid_m_billy_0331,School Kid Billy,Trainerclass School Kid M,396,148,0.728,941,444,1728.8,A-,Fisherman Barney (Elo 1945.5),Bird Keeper Ernie (Elo 1098.0),Biker Zeke (7 games),10.74,Parasect Lv50 (Dry Skin): Spore/Slash/Growth/Giga Drain | Poliwhirl Lv50 (Damp): Body Slam/Bubble Beam/Mud Shot/Belly Drum | Ditto Lv50 (Limber): Transform
124,juggler_irwin_0455,Juggler Irwin Rematch 2,Trainerclass Juggler,396,148,0.728,911,418,1717.0,A-,Ace Trainer French (Elo 2104.8),Hiker Parry Rematch 1 (Elo 1308.4),Firebreather Lyle (7 games),8.76,Voltorb Lv50 (Soundproof): Light Screen/Charge Beam/Selfdestruct/Swift | Voltorb Lv50 (Static): Charge Beam/Selfdestruct/Swift/Magnet Rise | Voltorb Lv50 (Static): Charge Beam/Selfdestruct/Swift/Magnet Rise | Electrode Lv50 (Static): Charge Beam/Selfdestruct/Swift/Magnet Rise
125,camper_barry_0084,Camper Barry,Trainerclass Camper,395,149,0.726,920,422,1703.2,A-,Ace Trainer Gaven Rematch 2 (Elo 2055.7),Medium Ethel (Elo 1221.1),Black Belt Kiyo (7 games),3.97,Nidoking Lv50 (Rivalry): Poison Jab/Focus Energy/Earth Power/Focus Blast
126,boarder_shaun_0679,Boarder Shaun,Trainerclass Boarder,394,150,0.724,934,447,1721.7,A-,Ace Trainer Gaven Rematch 2 (Elo 2055.7),Picnicker Tiffany Rematch 2 (Elo 1264.8),Black Belt Manford (7 games),10.24,Cloyster Lv50 (Shell Armor): Aurora Beam/Protect/Spikes/Spike Cannon | Dewgong Lv50 (Thick Fat): Take Down/Dive/Aqua Tail/Ice Beam
127,pokefan_m_alex_0492,Pokefan Alex,Trainerclass Pokefan M,394,150,0.724,926,442,1689.5,B+,Double Team Thom & Kae (Elo 1966.3),Picnicker Adrian (Elo 1260.8),School Kid Joe (7 games),9.94,Nidoking Lv50 (Rivalry): Focus Energy/Double Kick/Poison Sting/Thrash | Slowking Lv50 (Own Tempo): Confusion/Disable/Headbutt/Water Pulse | Magikarp Lv50 (Swift Swim): Splash/Tackle/Flail
128,fisherman_scott_0413,Fisherman Scott,Trainerclass Fisherman,392,152,0.721,916,438,1712.2,A-,Camper Bertrand (Elo 1978.1),Picnicker Adrian (Elo 1260.8),Biker Dwayne (7 games),10.33,Qwilfish Lv50 (Swift Swim): Water Gun/Revenge/Rollout/Poison Sting | Qwilfish Lv50 (Swift Swim): Water Gun/Revenge/Stockpile/Spit Up | Seaking Lv50 (Water Veil): Fury Attack/Aqua Ring/Flail/Water Pulse
129,kimono_girl_miki_0164,Kimono Girl Miki,Trainerclass Kimono Girl,392,152,0.721,917,436,1705.3,A-,Ace Trainer Gaven Rematch 2 (Elo 2055.7),Boarder Patton (Elo 1145.1),Swimmer Charlie (7 games),4.12,Flareon Lv50 (Flash Fire): Last Resort/Fire Blast/Quick Attack/Will O Wisp
130,ace_trainer_f_piper_0498,Ace Trainer Piper,Trainerclass Ace Trainer F,391,153,0.719,903,418,1715.7,A-,Camper Todd Rematch 3 (Elo 2004.6),Young Couple Moe & Lulu (Elo 1153.9),Bird Keeper Jose Rematch 3 (7 games),9.95,Horsea Lv50 (Sniper): Smoke Screen/Leer/Brine/Twister | Horsea Lv50 (Sniper): Smoke Screen/Leer/Brine/Twister | Seadra Lv50 (Sniper): Agility/Leer/Waterfall/Twister
131,juggler_irwin_0524,Juggler Irwin Rematch 3,Trainerclass Juggler,390,154,0.717,934,460,1747.0,A,Ace Trainer Salma (Elo 2105.6),Hiker Anthony (Elo 1092.2),Biker Ernest Rematch 3 (7 games),14.24,Voltorb Lv50 (Soundproof): Rollout/Spark/Sonic Boom/Charge | Voltorb Lv50 (Static): Charge Beam/Charge/Light Screen/Swift | Electrode Lv50 (Static): Thunder/Screech/Charge Beam/Rain Dance | Electrode Lv50 (Static): Thunder/Mirror Coat/Magnet Rise/Thunder Wave
132,school_kid_m_sherman_0543,School Kid Sherman,Trainerclass School Kid M,389,155,0.715,937,468,1734.2,A-,Ace Trainer Jake (Elo 2061.1),Picnicker Tiffany Rematch 1 (Elo 1054.6),Sailor Huey Rematch 2 (7 games),13.99,Furret Lv50 (Run Away): Double Team/Baton Pass/Amnesia/Slam | Pidgeot Lv50 (Keen Eye): Roost/Wing Attack/Steel Wing/Return
133,black_belt_wai_0339,Black Belt Wai,Trainerclass Black Belt,388,156,0.713,888,422,1720.8,A-,Ace Trainer Jamie Rematch 3 (Elo 1983.3),Medium Ethel (Elo 1221.1),Camper Sid (7 games),7.15,Machoke Lv50 (No Guard): Revenge/Vital Throw/Submission/Wake Up Slap | Machoke Lv50 (No Guard): Vital Throw/Submission/Wake Up Slap/Cross Chop | Meditite Lv50 (Pure Power): Force Palm/Hi Jump Kick/Psych Up/Power Trick
134,school_kid_m_torin_0648,School Kid Torin Rematch 3,Trainerclass School Kid M,388,156,0.713,919,453,1707.1,A-,School Kid Billy Rematch 3 (Elo 2036.8),Medium Bethany (Elo 1264.3),Black Belt Kenji Rematch 2 (7 games),11.24,Sandslash Lv50 (Sand Veil): Sand Tomb/Slash/Gyro Ball/Sandstorm | Golbat Lv50 (Inner Focus): Mean Look/Poison Fang/Haze/Air Slash | Vulpix Lv50 (Flash Fire): Captivate/Grudge/Extrasensory/Fire Blast
135,twins_kay_tia_0641,Twins Kay & Tia Rematch 2,Trainerclass Twins,387,157,0.711,865,403,1748.2,A,Ace Trainer Jamie Rematch 2 (Elo 2013.0),Sage Neal (Elo 1041.8),School Kid Tommy (7 games),5.37,Quagsire Lv50 (Damp): Rain Dance/Surf/Muddy Water/Earthquake | Quagsire Lv50 (Damp): Amnesia/Surf/Muddy Water/Protect
136,firebreather_walt_0617,Firebreather Walt Rematch 2,Trainerclass Firebreather,387,157,0.711,914,460,1696.9,B+,Ace Trainer Gaven Rematch 2 (Elo 2055.7),Hiker Parry Rematch 1 (Elo 1308.4),Swimmer Charlie (7 games),7.78,Magmar Lv50 (Flame Body): Faint Attack/Fire Spin/Confuse Ray/Fire Punch | Magmar Lv50 (Flame Body): Fire Spin/Confuse Ray/Fire Punch/Lava Plume
137,school_kid_m_torin_0647,School Kid Torin Rematch 2,Trainerclass School Kid M,385,159,0.708,911,458,1705.7,A-,School Kid Alan Rematch 2 (Elo 1975.9),Medium Edith (Elo 1257.0),Guitarist Vincent (7 games),11.1,Sandslash Lv50 (Sand Veil): Fury Cutter/Sand Tomb/Slash/Gyro Ball | Golbat Lv50 (Inner Focus): Mean Look/Poison Fang/Haze/Air Slash | Vulpix Lv50 (Flash Fire): Captivate/Grudge/Extrasensory/Fire Blast
138,pokefan_m_joshua_0349,Pokefan Joshua,Trainerclass Pokefan M,384,160,0.706,878,424,1682.8,B+,Double Team Elan & Ida (Elo 2019.6),Hiker Parry (Elo 1109.6),Fisherman Gideon (7 games),13.74,Pikachu Lv50 (Static): Double Team/Slam/Thunderbolt/Feint | Pikachu Lv50 (Static): Double Team/Slam/Thunderbolt/Feint | Pikachu Lv50 (Static): Double Team/Slam/Thunderbolt/Feint | Pikachu Lv50 (Static): Double Team/Slam/Thunderbolt/Feint | Pikachu Lv50 (Static): Double Team/Slam/Thunderbolt/Feint | Pikachu Lv50 (Static): Double Team/Slam/Thunderbolt/Feint
139,school_kid_m_kipp_0179,School Kid Kipp,Trainerclass School Kid M,382,162,0.702,901,460,1703.0,B+,Fisherman Barney (Elo 1945.5),Swimmer Wendy (Elo 1187.6),Biker Aiden Rematch 2 (7 games),12.15,Voltorb Lv50 (Static): Charge Beam/Selfdestruct/Swift/Magnet Rise | Magnemite Lv50 (Sturdy): Spark/Lock On/Magnet Bomb/Screech | Voltorb Lv50 (Static): Selfdestruct/Swift/Magnet Rise/Gyro Ball | Magneton Lv50 (Sturdy): Lock On/Magnet Bomb/Screech/Discharge
140,bird_keeper_gs_josh_0643,Bird Keeper Josh Rematch 1,Trainerclass Bird Keeper Gs,382,162,0.702,862,425,1677.1,B+,Camper Bertrand (Elo 1978.1),Firebreather Richard (Elo 1215.3),Biker Aiden Rematch 2 (7 games),9.7,Fearow Lv50 (Keen Eye): Agility/Assurance/Roost/Drill Peck | Skarmory Lv50 (Keen Eye): Metal Sound/Steel Wing/Air Slash/Slash
141,biker_reese_0627,Biker Reese Rematch 3,Trainerclass Biker,381,163,0.7,895,454,1709.5,A-,School Kid Alan Rematch 3 (Elo 2054.0),Pokefan Georgia (Elo 1366.7),Scientist Lowell (7 games),8.54,Arbok Lv50 (Intimidate): Gunk Shot/Mud Bomb/Gastro Acid/Crunch | Weezing Lv50 (Levitate): Sludge Bomb/Double Hit/Smoke Screen/Thunder
142,biker_dan_0572,Biker Dan,Trainerclass Biker,381,163,0.7,880,447,1698.6,B+,Ace Trainer Quinn (Elo 2005.1),Medium Edith (Elo 1257.0),Swimmer Kaylee (7 games),10.88,Gulpin Lv50 (Liquid Ooze): Stockpile/Spit Up/Swallow/Sludge Bomb | Weezing Lv50 (Levitate): Selfdestruct/Sludge/Haze/Double Hit | Weezing Lv50 (Levitate): Selfdestruct/Sludge/Haze/Double Hit
143,hiker_bruce_0544,Hiker Bruce,Trainerclass Hiker,381,163,0.7,906,468,1684.5,B+,Ace Trainer French (Elo 2104.8),Fisherman Arnold (Elo 1164.7),Hiker Anthony Rematch 2 (7 games),7.72,Graveler Lv50 (Rock Head): Rollout/Rock Blast/Earthquake/Explosion | Rhydon Lv50 (Lightning Rod): Rock Blast/Take Down/Horn Drill/Hammer Arm | Clefairy Lv50 (Cute Charm): Gravity/Moonlight/Light Screen/Meteor Mash
144,fisherman_ralph_0512,Fisherman Ralph Rematch 3,Trainerclass Fisherman,380,164,0.699,911,482,1689.1,B+,Ace Trainer Carol (Elo 2125.0),Super Nerd Markus (Elo 1230.2),Black Belt Kenji Rematch 1 (7 games),7.18,Qwilfish Lv50 (Poison Point): Take Down/Aqua Tail/Poison Jab/Destiny Bond | Seaking Lv50 (Swift Swim): Fury Attack/Waterfall/Horn Drill/Agility
145,ace_trainer_f_irene_0120,Ace Trainer Irene,Trainerclass Ace Trainer F,380,164,0.699,902,472,1673.8,B+,Camper Todd Rematch 3 (Elo 2004.6),Picnicker Cheyenne (Elo 1158.8),Biker Charles (7 games),8.33,Goldeen Lv50 (Swift Swim): Supersonic/Horn Attack/Water Pulse/Flail | Seaking Lv50 (Swift Swim): Supersonic/Horn Attack/Water Pulse/Flail
146,black_belt_ander_0547,Black Belt Ander,Trainerclass Black Belt,379,165,0.697,929,502,1678.3,B+,Ace Trainer Gwen (Elo 2083.5),Pokefan Derek Rematch 1 (Elo 1264.4),Ace Trainer Kelly (7 games),8.21,Primeape Lv50 (Vital Spirit): Assurance/Rage/Swagger/Cross Chop | Graveler Lv50 (Rock Head): Rollout/Rock Blast/Earthquake/Explosion | Machoke Lv50 (Guts): Submission/Wake Up Slap/Cross Chop/Scary Face
147,young_couple_vic_tara_0554,Young Couple Vic & Tara,Trainerclass Young Couple,378,166,0.695,885,456,1689.5,B+,Ace Trainer Jake (Elo 2061.1),Fisherman Ralph (Elo 972.6),Bug Catcher Ellis (7 games),3.89,Magmar Lv50 (Flame Body): Sunny Day/Flamethrower/Confuse Ray/Fire Spin | Sunflora Lv50 (Solar Power): Solar Beam/Razor Leaf/Ingrain/Mega Drain
148,bird_keeper_gs_easton_0594,Bird Keeper Easton,Trainerclass Bird Keeper Gs,378,166,0.695,891,462,1669.1,B+,Psychic Jared (Elo 1944.6),Scientist Trenton (Elo 1275.5),Lass Dana Rematch 1 (7 games),12.08,Doduo Lv50 (Run Away): Pursuit/Uproar/Acupressure/Double Hit | Doduo Lv50 (Run Away): Pursuit/Uproar/Acupressure/Double Hit | Dodrio Lv50 (Run Away): Pursuit/Uproar/Acupressure/Tri Attack | Dodrio Lv50 (Run Away): Pursuit/Uproar/Acupressure/Tri Attack
149,black_belt_kiyo_0158,Black Belt Kiyo,Trainerclass Black Belt,377,167,0.693,912,486,1678.5,B+,Ace Trainer Blake (Elo 2032.1),Medium Ethel (Elo 1221.1),Camper Barry (7 games),8.0,Hitmonlee Lv50 (Reckless): Focus Energy/Feint/Hi Jump Kick/Mind Reader | Hitmonchan Lv50 (Iron Fist): Vacuum Wave/Thunder Punch/Ice Punch/Fire Punch
150,ace_trainer_m_cody_0112,Ace Trainer Cody,Trainerclass Ace Trainer M,377,167,0.693,869,446,1656.6,B,School Kid Jack Rematch 3 (Elo 2031.1),Young Couple Moe & Lulu (Elo 1153.9),School Kid Nate (7 games),6.08,Horsea Lv50 (Swift Swim): Agility/Twister/Brine/Hydro Pump | Seadra Lv50 (Sniper): Bubble Beam/Agility/Twister/Brine
151,super_nerd_shawn_0367,Super Nerd Shawn,Trainerclass Super Nerd,376,168,0.691,875,453,1689.5,B+,Ace Trainer Gaven Rematch 2 (Elo 2055.7),Medium Ethel (Elo 1221.1),Fisherman Wilton Rematch 3 (7 games),11.23,Magnemite Lv50 (Sturdy): Lock On/Magnet Bomb/Screech/Discharge | Muk @ Nugget Lv50 (Sticky Hold): Mud Bomb/Fling/Screech/Sludge Bomb | Magnemite Lv50 (Sturdy): Lock On/Magnet Bomb/Screech/Discharge
152,youngster_regis_0549,Youngster Regis,Trainerclass Youngster,376,168,0.691,896,481,1677.4,B+,Ace Trainer Gaven Rematch 3 (Elo 2075.9),Bird Keeper Gail (Elo 1310.5),Bug Catcher Arnie Rematch 3 (7 games),9.12,Golbat Lv50 (Inner Focus): Confuse Ray/Air Cutter/Mean Look/Poison Fang | Electrode Lv50 (Soundproof): Charge Beam/Selfdestruct/Swift/Magnet Rise
153,ace_trainer_f_lola_0117,Ace Trainer Lola,Trainerclass Ace Trainer F,374,170,0.688,873,460,1665.0,B+,Ace Trainer Gaven (Elo 2001.8),Poke Maniac Issac (Elo 1186.3),Swimmer Parker (7 games),7.04,Dratini Lv50 (Shed Skin): Slam/Agility/Aqua Tail/Dragon Rush | Dragonair Lv50 (Shed Skin): Dragon Rage/Slam/Agility/Aqua Tail
154,biker_dwayne_0309,Biker Dwayne,Trainerclass Biker,373,171,0.686,877,477,1714.8,A-,Camper Tanner Rematch 2 (Elo 1962.1),Bug Catcher Arnie (Elo 1139.5),Fisherman Scott (7 games),7.3,Koffing Lv50 (Levitate): Sludge/Haze/Gyro Ball/Explosion | Koffing Lv50 (Levitate): Sludge/Haze/Gyro Ball/Explosion | Koffing Lv50 (Levitate): Sludge/Haze/Gyro Ball/Explosion | Koffing Lv50 (Levitate): Sludge/Haze/Gyro Ball/Explosion
155,hiker_michael_0144,Hiker Michael,Trainerclass Hiker,373,171,0.686,913,512,1655.0,B,Ace Trainer Jamie Rematch 2 (Elo 2013.0),Bug Catcher Stacey (Elo 874.2),Bird Keeper Toby (7 games),4.25,Geodude Lv50 (Sturdy): Magnitude/Selfdestruct/Rollout/Rock Blast | Graveler Lv50 (Sturdy): Rock Throw/Magnitude/Selfdestruct/Rollout | Golem Lv50 (Sturdy): Rock Throw/Magnitude/Selfdestruct/Rollout
156,school_kid_m_billy_0637,School Kid Billy Rematch 1,Trainerclass School Kid M,372,172,0.684,906,503,1688.2,B+,School Kid Jack Rematch 3 (Elo 2031.1),School Kid Travis (Elo 1236.6),Youngster Ian Rematch 3 (7 games),10.66,Parasect Lv50 (Effect Spore): Spore/Slash/Growth/Giga Drain | Poliwhirl Lv50 (Water Absorb): Bubble Beam/Mud Shot/Belly Drum/Wake Up Slap | Ditto Lv50 (Limber): Transform
157,ace_trainer_f_cybil_0408,Ace Trainer Cybil,Trainerclass Ace Trainer F,372,172,0.684,865,462,1687.1,B+,Ace Trainer Blake (Elo 2032.1),School Kid Travis (Elo 1236.6),School Kid Johnny (7 games),8.84,Mareep Lv50 (Static): Discharge/Cotton Spore/Charge/Tackle | Bellossom Lv50 (Chlorophyll): Mega Drain/Stun Spore/Acid/Magical Leaf
158,fisherman_jonah_0128,Fisherman Jonah,Trainerclass Fisherman,371,173,0.682,875,477,1691.7,B+,School Kid Alan Rematch 3 (Elo 2054.0),School Kid Travis (Elo 1236.6),Bug Catcher Doug Rematch 1 (7 games),12.23,Shellder Lv50 (Shell Armor): Leer/Clamp/Ice Shard/Aurora Beam | Octillery Lv50 (Sniper): Focus Energy/Octazooka/Bullet Seed/Wring Out | Remoraid Lv50 (Sniper): Bubble Beam/Focus Energy/Bullet Seed/Water Pulse | Cloyster Lv50 (Skill Link): Supersonic/Aurora Beam/Protect/Spikes
159,school_kid_m_jack_0431,School Kid Jack Rematch 2,Trainerclass School Kid M,371,173,0.682,882,486,1689.8,B+,Swimmer Lori (Elo 2077.4),Teacher Colette (Elo 1091.7),Gentleman Alfred Rematch 3 (7 games),13.11,Vileplume Lv50 (Chlorophyll): Mega Drain/Aromatherapy/Stun Spore/Poison Powder | Electrode Lv50 (Soundproof): Screech/Light Screen/Charge Beam/Selfdestruct
160,scientist_gs_gregg_0470,Scientist Gregg,Trainerclass Scientist Gs,370,174,0.68,867,477,1669.7,B+,Camper Bertrand (Elo 1978.1),Sailor Harry (Elo 1070.7),Sailor Harry (7 games),12.55,Magnemite Lv50 (Magnet Pull): Thunder Shock/Supersonic/Sonic Boom/Thunder Wave | Magnemite Lv50 (Sturdy): Thunder Shock/Supersonic/Sonic Boom/Thunder Wave | Magnemite Lv50 (Sturdy): Thunder Shock/Supersonic/Sonic Boom/Thunder Wave
161,swimmer_f_nicole_0293,Swimmer Nicole,Trainerclass Swimmer F,370,174,0.68,891,503,1648.6,B,Camper Todd Rematch 3 (Elo 2004.6),Sage Chow (Elo 1297.2),Hiker Kenny Rematch 2 (7 games),10.21,Marill Lv50 (Huge Power): Aqua Ring/Double Edge/Rain Dance/Aqua Tail | Marill Lv50 (Huge Power): Aqua Ring/Double Edge/Rain Dance/Aqua Tail | Lapras Lv50 (Shell Armor): Rain Dance/Perish Song/Ice Beam/Brine
162,firebreather_burt_0318,Firebreather Burt,Trainerclass Firebreather,369,175,0.678,880,504,1654.2,B,Ace Trainer Gaven (Elo 2001.8),Camper Elliot (Elo 1184.5),Teacher Clarice (7 games),6.11,Weezing Lv50 (Levitate): Flamethrower/Explosion/Double Hit/Sludge | Magcargo Lv50 (Magma Armor): Lava Plume/Amnesia/Ancient Power/Recover
163,biker_reese_0625,Biker Reese Rematch 1,Trainerclass Biker,368,176,0.676,874,490,1672.8,B+,Ace Trainer Blake (Elo 2032.1),Sailor Garrett (Elo 1357.2),Youngster Jimmy (7 games),10.18,Arbok Lv50 (Intimidate): Glare/Screech/Mud Bomb/Crunch | Weezing Lv50 (Levitate): Sludge Bomb/Double Hit/Smoke Screen/Assurance
164,school_kid_m_billy_0638,School Kid Billy Rematch 2,Trainerclass School Kid M,368,176,0.676,887,509,1661.3,B,Camper Tanner Rematch 3 (Elo 2028.7),Super Nerd Waldo (Elo 1246.9),School Kid Torin Rematch 1 (7 games),10.63,Parasect Lv50 (Effect Spore): Spore/Slash/Growth/Giga Drain | Poliwhirl Lv50 (Water Absorb): Bubble Beam/Mud Shot/Belly Drum/Wake Up Slap | Ditto Lv50 (Limber): Transform
165,swimmer_f_briana_0298,Swimmer Briana,Trainerclass Swimmer F,368,176,0.676,885,498,1652.8,B,Ace Trainer French (Elo 2104.8),Bug Catcher Ellis (Elo 1252.8),Bug Catcher Doug Rematch 3 (7 games),9.09,Seaking Lv50 (Water Veil): Water Pulse/Aqua Ring/Supersonic/Poison Jab | Seaking Lv50 (Water Veil): Water Pulse/Aqua Ring/Supersonic/Poison Jab
166,hiker_kenny_0358,Hiker Kenny,Trainerclass Hiker,367,177,0.675,888,511,1677.6,B+,School Kid Jack Rematch 3 (Elo 2031.1),Sailor Terrell (Elo 1081.3),Hiker Kenny Rematch 1 (7 games),7.14,Sandslash Lv50 (Sand Veil): Swift/Fury Swipes/Rollout/Crush Claw | Graveler Lv50 (Rock Head): Magnitude/Selfdestruct/Rollout/Rock Blast | Golem Lv50 (Rock Head): Selfdestruct/Rollout/Rock Blast/Earthquake
167,sailor_stanly_0238,Sailor Stanly,Trainerclass Sailor,367,177,0.675,839,452,1638.7,B,Camper Todd Rematch 3 (Elo 2004.6),Poke Maniac Beckett (Elo 1189.3),Sailor Huey Rematch 3 (7 games),7.2,Machop Lv50 (No Guard): Vital Throw/Submission/Wake Up Slap/Cross Chop | Machoke Lv50 (No Guard): Vital Throw/Submission/Wake Up Slap/Cross Chop | Psyduck Lv50 (Cloud Nine): Confusion/Water Pulse/Fury Swipes/Screech
168,guitarist_vincent_0232,Guitarist Vincent,Trainerclass Guitarist,364,180,0.669,840,477,1685.6,B+,Ace Trainer French (Elo 2104.8),Hiker Bailey (Elo 1215.1),Young Couple Tim & Sue Rematch 2 (7 games),10.63,Jolteon Lv50 (Volt Absorb): Shock Wave/Quick Attack/Pin Missile/Helping Hand | Voltorb Lv50 (Static): Shock Wave/Swift/Gyro Ball/Screech | Magnemite Lv50 (Sturdy): Shock Wave/Supersonic/Thunder Wave/Magnet Bomb
169,bird_keeper_gs_jose_0599,Bird Keeper Jose Rematch 3,Trainerclass Bird Keeper Gs,363,181,0.667,856,487,1670.8,B+,School Kid Alan Rematch 3 (Elo 2054.0),Hiker Parry Rematch 1 (Elo 1308.4),Ace Trainer Allen (7 games),8.71,Farfetchd Lv50 (Keen Eye): Night Slash/Air Slash/Feint/False Swipe | Farfetchd Lv50 (Keen Eye): Night Slash/Air Slash/Feint/False Swipe | Farfetchd Lv50 (Keen Eye): Night Slash/Air Slash/Feint/False Swipe
170,ace_trainer_f_kelly_0121,Ace Trainer Kelly,Trainerclass Ace Trainer F,363,181,0.667,848,484,1658.8,B,Camper Todd Rematch 3 (Elo 2004.6),Beauty Charlotte (Elo 1225.9),Black Belt Ander (7 games),13.62,Marill Lv50 (Thick Fat): Rollout/Bubble Beam/Aqua Ring/Double Edge | Wartortle Lv50 (Torrent): Water Gun/Bite/Rapid Spin/Protect | Wartortle Lv50 (Torrent): Water Gun/Bite/Rapid Spin/Protect
171,gentleman_gregory_0337,Gentleman Gregory,Trainerclass Gentleman,362,182,0.665,855,496,1676.8,B+,Ace Trainer Gaven (Elo 2001.8),Hiker Parry (Elo 1109.6),Ace Trainer Alton (7 games),13.49,Pikachu Lv50 (Static): Discharge/Light Screen/Thunder Wave/Double Team | Flaaffy Lv50 (Static): Shock Wave/Signal Beam/Charge Beam/Double Team | Electrike Lv50 (Static): Shock Wave/Roar/Thunder Wave/Thunder Fang
172,twins_kay_tia_0642,Twins Kay & Tia Rematch 3,Trainerclass Twins,359,185,0.66,859,509,1664.1,B+,Camper Tanner Rematch 3 (Elo 2028.7),Sage Neal (Elo 1041.8),School Kid Alan Rematch 1 (7 games),8.35,Quagsire Lv50 (Damp): Amnesia/Surf/Yawn/Protect | Quagsire Lv50 (Damp): Rain Dance/Surf/Muddy Water/Earthquake
173,scientist_gs_lowell_0684,Scientist Lowell,Trainerclass Scientist Gs,359,185,0.66,863,526,1594.6,B-,School Kid Billy Rematch 3 (Elo 2036.8),Picnicker Tiffany Rematch 1 (Elo 1054.6),Poke Maniac Brent Rematch 1 (7 games),5.39,Arcanine Lv50 (Intimidate): Overheat/Extreme Speed/Fire Fang/Thunder Fang
174,young_couple_tim_sue_0649,Young Couple Tim & Sue Rematch 1,Trainerclass Young Couple,358,186,0.658,893,557,1644.5,B,Ace Trainer Jake (Elo 2061.1),Teacher Colette (Elo 1091.7),Scientist Daniel (7 games),4.42,Kadabra Lv50 (Synchronize): Psycho Cut/Role Play/Psychic/Future Sight | Golduck Lv50 (Damp): Screech/Psych Up/Zen Headbutt/Amnesia
175,swimmer_m_elmo_0582,Swimmer Elmo,Trainerclass Swimmer M,355,189,0.653,899,569,1641.7,B,Camper Todd Rematch 3 (Elo 2004.6),Beauty Charlotte (Elo 1225.9),Psychic Mark (7 games),9.22,Poliwhirl Lv50 (Water Absorb): Bubble Beam/Mud Shot/Belly Drum/Wake Up Slap | Tentacruel Lv50 (Clear Body): Barrier/Water Pulse/Poison Jab/Screech
176,youngster_jason_0381,Youngster Jason,Trainerclass Youngster,354,190,0.651,850,529,1645.9,B,Picnicker Erin Rematch 3 (Elo 1902.0),Medium Edith (Elo 1257.0),Gentleman Alfred Rematch 1 (7 games),10.5,Sandslash Lv50 (Sand Veil): Crush Claw/Fury Cutter/Sand Tomb/Slash | Crobat Lv50 (Inner Focus): Confuse Ray/Air Cutter/Mean Look/Poison Fang
177,youngster_ian_0615,Youngster Ian Rematch 3,Trainerclass Youngster,354,190,0.651,925,595,1632.9,B,Ace Trainer Jamie Rematch 2 (Elo 2013.0),Sage Jin (Elo 1069.2),Lass Krise Rematch 2 (7 games),6.48,Primeape Lv50 (Vital Spirit): Rage/Swagger/Cross Chop/Thrash | Dugtrio Lv50 (Sand Veil): Mud Bomb/Slash/Earthquake/Fissure
178,fisherman_ralph_0463,Fisherman Ralph Rematch 2,Trainerclass Fisherman,354,190,0.651,872,539,1627.7,B,Ace Trainer Kevin (Elo 1977.5),Biker Theron (Elo 1308.2),School Kid Dudley (7 games),7.77,Qwilfish Lv50 (Poison Point): Brine/Pin Missile/Take Down/Aqua Tail | Seaking Lv50 (Swift Swim): Flail/Aqua Ring/Fury Attack/Waterfall
179,super_nerd_sam_0364,Super Nerd Sam,Trainerclass Super Nerd,353,191,0.649,830,502,1662.3,B,Ace Trainer Quinn (Elo 2005.1),Medium Ethel (Elo 1221.1),Burglar Corey (7 games),10.56,Grimer Lv50 (Stench): Screech/Sludge Bomb/Acid Armor/Gunk Shot | Muk @ Toxic Orb Lv50 (Stench): Fling/Screech/Sludge Bomb/Acid Armor
180,hiker_parry_0603,Hiker Parry Rematch 3,Trainerclass Hiker,353,191,0.649,836,508,1617.7,B-,School Kid Jack Rematch 3 (Elo 2031.1),Scientist Mitch (Elo 1010.1),Swimmer Mina (7 games),6.86,Steelix Lv50 (Rock Head): Iron Tail/Crunch/Double Edge/Stone Edge | Golem Lv50 (Rock Head): Earthquake/Explosion/Double Edge/Stone Edge
181,swimmer_m_luis_0583,Swimmer Luis,Trainerclass Swimmer M,352,192,0.647,881,558,1632.8,B,Ace Trainer Carol (Elo 2125.0),Sage Troy (Elo 1073.6),Sailor Huey Rematch 3 (7 games),9.37,Seadra Lv50 (Sniper): Agility/Twister/Brine/Hydro Pump | Quagsire Lv50 (Water Absorb): Amnesia/Yawn/Earthquake/Rain Dance
182,firebreather_lyle_0399,Firebreather Lyle,Trainerclass Firebreather,348,196,0.64,852,548,1644.3,B,Double Team Zac & Jen (Elo 1922.2),Hiker Bailey (Elo 1215.1),Medium Darcy (7 games),7.4,Koffing Lv50 (Levitate): Selfdestruct/Sludge/Haze/Gyro Ball | Flareon Lv50 (Flash Fire): Ember/Quick Attack/Bite/Fire Spin | Koffing Lv50 (Levitate): Selfdestruct/Sludge/Haze/Gyro Ball
183,camper_pedro_0577,Camper Pedro,Trainerclass Camper,348,196,0.64,894,590,1638.6,B,Ace Trainer Gwen (Elo 2083.5),Poke Maniac Donald (Elo 1190.3),Ace Trainer Reena Rematch 1 (7 games),5.62,Linoone @ Sitrus Berry Lv50 (Gluttony): Belly Drum/Slash/Dig/Surf
184,firebreather_walt_0616,Firebreather Walt Rematch 1,Trainerclass Firebreather,347,197,0.638,845,542,1643.9,B,Ace Trainer Jamie Rematch 1 (Elo 1976.4),Hiker Parry (Elo 1109.6),Hiker Bruce (7 games),10.44,Magmar Lv50 (Flame Body): Smoke Screen/Faint Attack/Fire Spin/Confuse Ray | Magmar Lv50 (Flame Body): Faint Attack/Fire Spin/Confuse Ray/Fire Punch
185,ace_trainer_m_nick_0205,Ace Trainer Nick,Trainerclass Ace Trainer M,346,198,0.636,834,536,1658.7,B,Camper Todd Rematch 3 (Elo 2004.6),Picnicker Heidi (Elo 1207.1),Picnicker Erin Rematch 2 (7 games),11.28,Charmander Lv50 (Blaze): Fire Fang/Smoke Screen/Dragon Rage/Scary Face | Squirtle Lv50 (Torrent): Withdraw/Water Gun/Bite/Curse | Bulbasaur Lv50 (Overgrow): Leech Seed/Poison Powder/Sleep Powder/Razor Leaf
186,fisherman_wilton_0450,Fisherman Wilton Rematch 2,Trainerclass Fisherman,346,198,0.636,841,544,1623.6,B-,Camper Todd Rematch 3 (Elo 2004.6),Beauty Charlotte (Elo 1225.9),Camper Grant (7 games),13.06,Goldeen Lv50 (Swift Swim): Water Pulse/Flail/Aqua Ring/Fury Attack | Seaking Lv50 (Swift Swim): Water Pulse/Flail/Aqua Ring/Fury Attack | Seaking Lv50 (Swift Swim): Flail/Aqua Ring/Fury Attack/Waterfall
187,twins_kay_tia_0640,Twins Kay & Tia Rematch 1,Trainerclass Twins,345,199,0.634,831,542,1640.8,B,Ace Trainer Carol (Elo 2125.0),Sage Troy (Elo 1073.6),Fisherman Wilton Rematch 1 (7 games),5.02,Quagsire Lv50 (Damp): Rain Dance/Surf/Earthquake | Quagsire Lv50 (Damp): Amnesia/Surf/Yawn
188,bug_catcher_ken_0079,Bug Catcher Ken,Trainerclass Bug Catcher,345,199,0.634,886,602,1640.5,B,School Kid Billy Rematch 3 (Elo 2036.8),Hiker Anthony (Elo 1092.2),Scientist Daniel (7 games),9.74,Ariados Lv50 (Insomnia): Fury Swipes/Sucker Punch/Spider Web/Agility | Pinsir Lv50 (Mold Breaker): Vital Throw/X Scissor/Thrash/Swords Dance
189,black_belt_kenji_0602,Black Belt Kenji Rematch 3,Trainerclass Black Belt,345,199,0.634,851,564,1621.2,B-,Double Team Thom & Kae (Elo 1966.3),Swimmer Matthew (Elo 1059.6),Swimmer Mina (7 games),18.89,Onix Lv50 (Rock Head): Rock Polish/Dragon Breath/Curse/Iron Tail | Machamp Lv50 (Guts): Wake Up Slap/Cross Chop/Scary Face/Dynamic Punch | Onix Lv50 (Rock Head): Curse/Iron Tail/Sand Tomb/Double Edge | Hitmonlee Lv50 (Limber): Blaze Kick/Endure/Mega Kick/Close Combat
190,hiker_eoin_0234,Hiker Eoin,Trainerclass Hiker,345,199,0.634,854,559,1605.4,B-,Ace Trainer Jamie Rematch 2 (Elo 2013.0),Fisherman Raymond (Elo 869.8),Black Belt Lung (7 games),3.66,Graveler Lv50 (Sturdy): Rollout/Rock Blast/Earthquake/Explosion | Graveler Lv50 (Sturdy): Rollout/Rock Blast/Earthquake/Explosion | Graveler Lv50 (Sturdy): Rollout/Rock Blast/Earthquake/Explosion
191,camper_lloyd_0148,Camper Lloyd,Trainerclass Camper,344,200,0.632,845,556,1614.5,B-,Ace Trainer Gaven Rematch 2 (Elo 2055.7),Youngster Mikey (Elo 1088.2),Ace Trainer Mike (7 games),4.3,Nidoking Lv50 (Poison Point): Double Kick/Poison Sting/Thrash/Earth Power
192,school_kid_m_torin_0646,School Kid Torin Rematch 1,Trainerclass School Kid M,344,200,0.632,827,538,1601.2,B-,Lass Linda (Elo 1897.5),Sailor Huey (Elo 1166.0),School Kid Billy Rematch 2 (7 games),11.53,Sandslash Lv50 (Sand Veil): Fury Cutter/Sand Tomb/Slash/Gyro Ball | Golbat Lv50 (Inner Focus): Air Cutter/Mean Look/Poison Fang/Haze | Vulpix Lv50 (Flash Fire): Payback/Fire Spin/Captivate/Grudge
193,picnicker_liz_0277,Picnicker Liz Rematch 2,Trainerclass Picnicker,342,202,0.629,838,563,1637.9,B,Lass Alice (Elo 1937.0),Gentleman Preston (Elo 1225.0),Camper Tanner Rematch 1 (7 games),13.41,Weepinbell Lv50 (Chlorophyll): Knock Off/Sweet Scent/Gastro Acid/Razor Leaf | Nidorino Lv50 (Poison Point): Horn Attack/Helping Hand/Toxic Spikes/Flatter | Nidoqueen Lv50 (Rivalry): Tail Whip/Double Kick/Poison Sting/Body Slam
194,picnicker_erin_0335,Picnicker Erin Rematch 1,Trainerclass Picnicker,342,202,0.629,848,569,1601.4,B-,School Kid Alan Rematch 2 (Elo 1975.9),Biker Markey (Elo 1175.4),Youngster Jason (7 games),12.57,Gloom Lv50 (Chlorophyll): Stun Spore/Sleep Powder/Mega Drain/Lucky Chant | Rapidash Lv50 (Flash Fire): Take Down/Agility/Fire Blast/Fury Attack
195,ace_trainer_m_kobe_0497,Ace Trainer Kobe,Trainerclass Ace Trainer M,342,202,0.629,833,551,1574.4,C+,Camper Todd Rematch 3 (Elo 2004.6),Camper Virgil (Elo 1112.5),Fisherman Ralph Rematch 3 (7 games),4.74,Dragonair Lv50 (Shed Skin): Thunder/Surf/Dragon Rage/Iron Tail
196,swimmer_f_mina_0585,Swimmer Mina,Trainerclass Swimmer F,340,204,0.625,833,562,1598.0,B-,Camper Todd Rematch 3 (Elo 2004.6),Sage Neal (Elo 1041.8),Hiker Parry Rematch 3 (7 games),17.42,Luvdisc Lv50 (Swift Swim): Attract/Sweet Kiss/Water Pulse/Aqua Ring | Luvdisc Lv50 (Swift Swim): Attract/Sweet Kiss/Water Pulse/Aqua Ring | Luvdisc Lv50 (Swift Swim): Sweet Kiss/Water Pulse/Aqua Ring/Captivate
197,black_belt_manford_0545,Black Belt Manford,Trainerclass Black Belt,339,205,0.623,903,643,1629.9,B,Double Team Elan & Ida (Elo 2019.6),Twins Amy & Mimi (Elo 1005.7),Boarder Shaun (7 games),10.57,Poliwrath Lv50 (Water Absorb): Hydro Pump/Dynamic Punch/Mud Shot/Hypnosis
198,teacher_hillary_0634,Teacher Hillary Rematch 1,Trainerclass Teacher,339,205,0.623,821,554,1614.7,B-,Biker Aiden Rematch 3 (Elo 1941.7),Picnicker Heidi (Elo 1207.1),Hiker Parry Rematch 2 (7 games),8.87,Ambipom Lv50 (Technician): Double Hit/Fling/Nasty Plot/Last Resort | Sunflora Lv50 (Chlorophyll): Petal Dance/Sunny Day/Solar Beam/Leaf Storm
199,ace_trainer_f_jenn_0417,Ace Trainer Jenn,Trainerclass Ace Trainer F,338,206,0.621,791,522,1636.8,B,Camper Todd Rematch 3 (Elo 2004.6),Swimmer Simon (Elo 1234.9),Young Couple Tim & Sue Rematch 1 (7 games),9.09,Staryu Lv50 (Illuminate): Rapid Spin/Recover/Camouflage/Swift | Starmie Lv50 (Illuminate): Water Gun/Rapid Spin/Recover/Swift
200,school_kid_m_chad_0434,School Kid Chad Rematch 1,Trainerclass School Kid M,338,206,0.621,828,560,1611.9,B-,Picnicker Erin Rematch 3 (Elo 1902.0),Camper Ivan (Elo 1250.3),Firebreather Lyle (7 games),9.9,Mr Mime Lv50 (Soundproof): Light Screen/Reflect/Psybeam/Substitute | Magnemite Lv50 (Magnet Pull): Thunder Wave/Spark/Lock On/Magnet Bomb
201,school_kid_m_johnny_0135,School Kid Johnny,Trainerclass School Kid M,337,207,0.619,777,521,1628.2,B,Double Team Zac & Jen (Elo 1922.2),Bug Catcher Wayne (Elo 1099.6),Bird Keeper Roy (7 games),11.72,Bellsprout Lv50 (Chlorophyll): Knock Off/Sweet Scent/Gastro Acid/Razor Leaf | Weepinbell Lv50 (Chlorophyll): Knock Off/Sweet Scent/Gastro Acid/Razor Leaf | Victreebel Lv50 (Chlorophyll): Vine Whip/Sleep Powder/Sweet Scent/Razor Leaf
202,school_kid_m_torin_0564,School Kid Torin,Trainerclass School Kid M,336,208,0.618,805,552,1640.5,B,Camper Sid (Elo 1907.9),Medium Ethel (Elo 1221.1),Medium Edith (7 games),8.88,Sandslash Lv50 (Sand Veil): Crush Claw/Fury Cutter/Sand Tomb/Slash | Golbat Lv50 (Inner Focus): Confuse Ray/Air Cutter/Mean Look/Poison Fang
203,biker_ernest_0632,Biker Ernest Rematch 2,Trainerclass Biker,336,208,0.618,828,579,1585.1,C+,School Kid Tommy (Elo 1906.2),Youngster Joey Rematch 3 (Elo 1237.1),Bird Keeper Kinsley (7 games),11.38,Teddiursa Lv50 (Pickup): Slash/Charm/Rest/Snore | Azumarill Lv50 (Huge Power): Aqua Ring/Double Edge/Rain Dance/Aqua Tail
204,bug_catcher_wade_0509,Bug Catcher Wade Rematch 3,Trainerclass Bug Catcher,335,209,0.616,803,552,1612.3,B-,Ace Trainer French (Elo 2104.8),Hiker Parry (Elo 1109.6),Bird Keeper Bret (7 games),14.76,Butterfree Lv50 (Compound Eyes): Bug Bite/Gust/Supersonic/Whirlwind | Butterfree Lv50 (Compound Eyes): Bug Buzz/Stun Spore/Captivate/Tailwind | Beedrill Lv50 (Swarm): Endeavor/Focus Energy/Pin Missile/Bug Bite | Butterfree Lv50 (Compound Eyes): Stun Spore/Sleep Powder/Captivate/Tailwind
205,black_belt_lao_0157,Black Belt Lao,Trainerclass Black Belt,334,210,0.614,818,566,1626.1,B,Ace Trainer Jamie Rematch 3 (Elo 1983.3),Poke Maniac Donald (Elo 1190.3),Camper Tanner Rematch 1 (7 games),4.45,Hitmonchan Lv50 (Iron Fist): Mach Punch/Thunder Punch/Ice Punch/Fire Punch
206,camper_jerry_0308,Camper Jerry,Trainerclass Camper,334,210,0.614,788,541,1597.6,B-,Camper Bertrand (Elo 1978.1),Lass Connie (Elo 1029.1),Hiker Anthony Rematch 1 (7 games),3.52,Rhydon Lv50 (Rock Head): Rock Slide/Avalanche/Hammer Arm/Take Down
207,biker_reese_0626,Biker Reese Rematch 2,Trainerclass Biker,333,211,0.612,803,561,1600.4,B-,Ace Trainer Quinn (Elo 2005.1),Medium Edith (Elo 1257.0),Teacher Shirley (7 games),13.08,Arbok Lv50 (Intimidate): Mud Bomb/Swallow/Stockpile/Spit Up | Weezing Lv50 (Levitate): Sludge Bomb/Double Hit/Smoke Screen/Assurance
208,fisherman_wilton_0124,Fisherman Wilton,Trainerclass Fisherman,330,214,0.607,792,561,1623.5,B-,Ace Trainer Kevin (Elo 1977.5),Beauty Charlotte (Elo 1225.9),Burglar Corey (7 games),12.12,Goldeen Lv50 (Swift Swim): Supersonic/Horn Attack/Water Pulse/Flail | Goldeen Lv50 (Swift Swim): Supersonic/Horn Attack/Water Pulse/Flail | Seaking Lv50 (Swift Swim): Horn Attack/Water Pulse/Flail/Aqua Ring
209,biker_ernest_0631,Biker Ernest Rematch 1,Trainerclass Biker,330,214,0.607,802,575,1604.9,B-,Ace Trainer Kevin (Elo 1977.5),Twins Tori & Til (Elo 1218.1),Picnicker Hope (7 games),11.16,Teddiursa Lv50 (Pickup): Slash/Charm/Rest/Snore | Azumarill Lv50 (Huge Power): Aqua Ring/Double Edge/Rain Dance/Aqua Tail
210,sailor_huey_0441,Sailor Huey Rematch 2,Trainerclass Sailor,330,214,0.607,798,565,1580.9,C+,Ace Trainer Kevin (Elo 1977.5),Picnicker Heidi (Elo 1207.1),School Kid Sherman (7 games),8.74,Poliwhirl Lv50 (Water Absorb): Body Slam/Bubble Beam/Mud Shot/Belly Drum | Poliwrath Lv50 (Water Absorb): Bubble Beam/Hypnosis/Double Slap/Submission
211,hiker_anthony_0100,Hiker Anthony Rematch 1,Trainerclass Hiker,329,215,0.605,802,579,1621.7,B-,Lass Dana Rematch 2 (Elo 1871.5),Twins Amy & Mimi (Elo 1005.7),Camper Jerry (7 games),3.97,Graveler Lv50 (Rock Head): Selfdestruct/Rollout/Rock Blast/Earthquake | Machoke Lv50 (No Guard): Seismic Toss/Revenge/Vital Throw/Submission
212,swimmer_m_george_0096,Swimmer George,Trainerclass Swimmer M,328,216,0.603,811,590,1620.5,B-,Firebreather Walt Rematch 3 (Elo 1883.6),Picnicker Piper (Elo 1034.4),Ace Trainer Mike (7 games),18.12,Tentacool Lv50 (Clear Body): Supersonic/Constrict/Acid/Toxic Spikes | Tentacool Lv50 (Liquid Ooze): Supersonic/Constrict/Acid/Toxic Spikes | Tentacool Lv50 (Liquid Ooze): Supersonic/Constrict/Acid/Toxic Spikes | Staryu Lv50 (Natural Cure): Water Gun/Rapid Spin/Recover/Camouflage | Tentacool Lv50 (Liquid Ooze): Supersonic/Constrict/Acid/Toxic Spikes | Remoraid Lv50 (Sniper): Lock On/Psybeam/Aurora Beam/Bubble Beam
213,gentleman_alfred_0666,Gentleman Alfred Rematch 3,Trainerclass Gentleman,328,216,0.603,823,605,1600.4,B-,Psychic Jared (Elo 1944.6),Lass Carrie (Elo 1027.2),School Kid Jack Rematch 2 (7 games),9.67,Noctowl Lv50 (Insomnia): Hypnosis/Dream Eater/Air Slash/Reflect
214,hiker_erik_0143,Hiker Erik,Trainerclass Hiker,327,217,0.601,825,606,1602.2,B-,Double Team Elan & Ida (Elo 2019.6),Swimmer Wendy (Elo 1187.6),Biker Aiden (7 games),7.2,Machop Lv50 (Guts): Karate Chop/Foresight/Seismic Toss/Revenge | Graveler Lv50 (Sturdy): Magnitude/Selfdestruct/Rollout/Rock Blast | Machop Lv50 (No Guard): Foresight/Seismic Toss/Revenge/Vital Throw
215,teacher_hillary_0636,Teacher Hillary Rematch 3,Trainerclass Teacher,326,218,0.599,817,604,1576.9,C+,Double Team Elan & Ida (Elo 2019.6),Youngster Albert (Elo 1108.3),Bug Catcher Rob Rematch 2 (7 games),9.2,Ambipom Lv50 (Technician): Double Hit/Fling/Nasty Plot/Last Resort | Sunflora Lv50 (Chlorophyll): Petal Dance/Sunny Day/Solar Beam/Leaf Storm
216,burglar_duncan_0014,Burglar Duncan,Trainerclass Burglar,324,220,0.596,795,586,1603.4,B-,Ace Trainer Jamie Rematch 3 (Elo 1983.3),Camper Ivan (Elo 1250.3),Swimmer Briana (7 games),9.88,Koffing Lv50 (Levitate): Smog/Smoke Screen/Assurance/Selfdestruct | Magmar Lv50 (Flame Body): Smoke Screen/Faint Attack/Fire Spin/Confuse Ray | Koffing Lv50 (Levitate): Smog/Smoke Screen/Assurance/Selfdestruct
217,bird_keeper_gs_justin_0552,Bird Keeper Justin,Trainerclass Bird Keeper Gs,324,220,0.596,796,589,1574.5,C+,Psychic Herman (Elo 1902.7),Picnicker Cheyenne (Elo 1158.8),Black Belt Lung (7 games),14.34,Xatu Lv50 (Synchronize): Tailwind/Wish/Psycho Shift/Future Sight | Noctowl Lv50 (Insomnia): Confusion/Take Down/Air Slash/Zen Headbutt
218,fisherman_kyle_0059,Fisherman Kyle,Trainerclass Fisherman,322,222,0.592,794,593,1592.6,C+,Camper Todd Rematch 2 (Elo 1874.9),Pokefan Brandon (Elo 1214.4),Hiker Erik (7 games),11.35,Goldeen Lv50 (Swift Swim): Flail/Aqua Ring/Fury Attack/Waterfall | Qwilfish Lv50 (Poison Point): Stockpile/Spit Up/Revenge/Brine | Goldeen Lv50 (Swift Swim): Flail/Aqua Ring/Fury Attack/Waterfall
219,swimmer_m_duane_0592,Swimmer Duane,Trainerclass Swimmer M,321,223,0.59,811,610,1595.0,B-,Ace Trainer Kevin (Elo 1977.5),Sage Neal (Elo 1041.8),Bird Keeper Josh Rematch 3 (7 games),9.33,Seaking Lv50 (Swift Swim): Flail/Aqua Ring/Fury Attack/Waterfall | Kabutops Lv50 (Swift Swim): Endure/Aqua Jet/Mega Drain/Slash
220,psychic_m_nathan_0042,Psychic Nathan,Trainerclass Psychic M,321,223,0.59,798,601,1594.7,B-,Biker Aiden Rematch 3 (Elo 1941.7),Youngster Joey Rematch 1 (Elo 1045.6),Bug Catcher Doug Rematch 2 (7 games),4.38,Girafarig Lv50 (Inner Focus): Stomp/Agility/Psybeam/Baton Pass
221,teacher_hillary_0635,Teacher Hillary Rematch 2,Trainerclass Teacher,321,223,0.59,784,587,1549.3,C+,Swimmer Lori (Elo 2077.4),Youngster Albert (Elo 1108.3),Hiker Bruce (7 games),9.0,Ambipom Lv50 (Technician): Double Hit/Fling/Nasty Plot/Last Resort | Sunflora Lv50 (Chlorophyll): Petal Dance/Sunny Day/Solar Beam/Leaf Storm
222,boarder_gerardo_0484,Boarder Gerardo,Trainerclass Boarder,320,224,0.588,770,578,1616.4,B-,Poke Maniac Brent Rematch 2 (Elo 1904.1),Super Nerd Markus (Elo 1230.2),Biker Ernest Rematch 3 (7 games),13.65,Shellder Lv50 (Shell Armor): Ice Shard/Supersonic/Icicle Spear/Leer | Cloyster Lv50 (Shell Armor): Ice Shard/Aurora Beam/Supersonic/Toxic Spikes | Seel Lv50 (Thick Fat): Ice Shard/Aqua Ring/Encore/Icy Wind
223,swimmer_f_kaylee_0090,Swimmer Kaylee,Trainerclass Swimmer F,320,224,0.588,760,571,1562.9,C+,Ace Trainer Kevin (Elo 1977.5),Twins Tori & Til (Elo 1218.1),Biker Dan (7 games),11.38,Goldeen Lv50 (Water Veil): Water Pulse/Horn Attack/Supersonic/Peck | Goldeen Lv50 (Water Veil): Water Pulse/Horn Attack/Supersonic/Peck | Seaking Lv50 (Water Veil): Water Pulse/Horn Attack/Supersonic/Peck
224,fisherman_tully_0324,Fisherman Tully Rematch 2,Trainerclass Fisherman,319,225,0.586,749,562,1598.5,B-,Firebreather Otis (Elo 1920.8),Bug Catcher Arnie Rematch 2 (Elo 1190.1),Swimmer Harold (7 games),10.96,Goldeen Lv50 (Swift Swim): Horn Attack/Water Pulse/Flail/Aqua Ring | Goldeen Lv50 (Swift Swim): Horn Attack/Water Pulse/Flail/Aqua Ring | Qwilfish Lv50 (Poison Point): Spit Up/Revenge/Brine/Pin Missile
225,ace_trainer_m_allen_0407,Ace Trainer Allen,Trainerclass Ace Trainer M,319,225,0.586,777,590,1570.6,C+,Psychic Jared (Elo 1944.6),Sailor Terrell (Elo 1081.3),Bird Keeper Jose Rematch 3 (7 games),9.88,Charmeleon Lv50 (Blaze): Ember/Smoke Screen/Fire Fang/Scary Face | Magnemite Lv50 (Magnet Pull): Spark/Thunder Wave/Supersonic/Metal Sound
226,fisherman_marvin_0122,Fisherman Marvin,Trainerclass Fisherman,319,225,0.586,824,628,1570.1,C+,Ace Trainer Kevin (Elo 1977.5),Pokefan Derek (Elo 992.7),School Kid Torin Rematch 3 (7 games),10.87,Magikarp Lv50 (Swift Swim): Splash/Tackle | Gyarados Lv50 (Intimidate): Thrash/Surf | Magikarp Lv50 (Swift Swim): Splash/Tackle
227,lass_krise_0611,Lass Krise Rematch 2,Trainerclass Lass,319,225,0.586,776,589,1552.1,C+,Camper Tanner Rematch 2 (Elo 1962.1),Gentleman Preston (Elo 1225.0),Super Nerd Eric (7 games),13.74,Gloom Lv50 (Chlorophyll): Stun Spore/Sleep Powder/Mega Drain/Lucky Chant | Marowak Lv50 (Rock Head): Rage/False Swipe/Thrash/Fling
228,lass_shannon_0355,Lass Shannon,Trainerclass Lass,317,227,0.583,808,623,1604.2,B-,Fisherman Barney (Elo 1945.5),Bird Keeper Ernie (Elo 1098.0),Biker Aiden (7 games),10.86,Paras Lv50 (Effect Spore): Slash/Growth/Giga Drain/Aromatherapy | Paras Lv50 (Dry Skin): Slash/Growth/Giga Drain/Aromatherapy | Parasect Lv50 (Dry Skin): Spore/Slash/Growth/Giga Drain
229,school_kid_m_nate_0428,School Kid Nate,Trainerclass School Kid M,316,228,0.581,783,605,1579.9,C+,School Kid Alan Rematch 3 (Elo 2054.0),Bird Keeper Ernie (Elo 1098.0),Kimono Girl Sayo (7 games),9.91,Ledian Lv50 (Swarm): Mach Punch/Baton Pass/Silver Wind/Agility | Exeggutor Lv50 (Chlorophyll): Confusion/Stomp/Egg Bomb/Wood Hammer
230,hiker_devin_0723,Hiker Devin,Trainerclass Hiker,316,228,0.581,810,634,1558.8,C+,Fisherman Barney (Elo 1945.5),Camper Roland (Elo 1071.9),Young Couple Tim & Sue Rematch 1 (7 games),20.6,Dunsparce Lv50 (Serene Grace): Defense Curl/Yawn/Glare/Rollout | Dunsparce Lv50 (Serene Grace): Defense Curl/Yawn/Glare/Rollout | Dunsparce Lv50 (Serene Grace): Defense Curl/Yawn/Glare/Rollout
231,swimmer_f_nikki_0296,Swimmer Nikki,Trainerclass Swimmer F,313,231,0.575,798,631,1592.2,C+,Double Team Elan & Ida (Elo 2019.6),Beauty Charlotte (Elo 1225.9),Pokefan Alex (7 games),9.65,Seel Lv50 (Thick Fat): Aurora Beam/Aqua Jet/Brine/Take Down | Dewgong Lv50 (Thick Fat): Brine/Sheer Cold/Take Down/Dive
232,pokefan_m_derek_0607,Pokefan Derek Rematch 3,Trainerclass Pokefan M,313,231,0.575,800,636,1581.3,C+,School Kid Tommy (Elo 1906.2),Hiker Daniel (Elo 1133.6),Picnicker Cindy (7 games),15.44,Pichu Lv50 (Static): Tail Whip/Thunder Wave/Sweet Kiss/Nasty Plot | Teddiursa Lv50 (Pickup): Fake Tears/Fury Swipes/Faint Attack/Sweet Scent | Pikachu Lv50 (Static): Thunderbolt/Feint/Agility/Discharge | Ursaring Lv50 (Guts): Sweet Scent/Slash/Scary Face/Rest
233,pokefan_eleanor_0568,Pokefan Eleanor,Trainerclass Pokefan,313,231,0.575,822,650,1577.3,C+,Ace Trainer Quinn (Elo 2005.1),Hiker Parry (Elo 1109.6),Young Couple Tim & Sue Rematch 3 (7 games),10.63,Spinda Lv50 (Own Tempo): Dizzy Punch/Sucker Punch/Teeter Dance/Psych Up | Illumise Lv50 (Oblivious): Flatter/Helping Hand/Zen Headbutt/Bug Buzz
234,poke_maniac_brent_0172,Poke Maniac Brent Rematch 1,Trainerclass Poke Maniac,313,231,0.575,767,598,1549.0,C,Fisherman Kyle Rematch 3 (Elo 1934.4),Twins Tori & Til (Elo 1218.1),Scientist Lowell (7 games),13.47,Nidorina Lv50 (Poison Point): Poison Sting/Fury Swipes/Bite/Helping Hand | Nidorino Lv50 (Poison Point): Poison Sting/Fury Attack/Horn Attack/Helping Hand | Gyarados Lv50 (Intimidate): Dragon Rage/Leer/Twister/Ice Fang
235,ace_trainer_f_fran_0119,Ace Trainer Fran,Trainerclass Ace Trainer F,312,232,0.574,767,611,1615.9,B-,Hiker Kenny Rematch 3 (Elo 1879.1),Picnicker Selina (Elo 1052.8),Pokefan Derek Rematch 2 (7 games),4.5,Seadra Lv50 (Sniper): Bubble Beam/Agility/Twister/Brine
236,picnicker_edna_0333,Picnicker Edna,Trainerclass Picnicker,311,233,0.572,773,624,1562.6,C+,Double Team Elan & Ida (Elo 2019.6),Hiker Anthony (Elo 1092.2),Firebreather Walt (7 games),10.21,Nidorina Lv50 (Rivalry): Bite/Helping Hand/Toxic Spikes/Flatter | Raichu Lv50 (Static): Thunder Shock/Tail Whip/Quick Attack/Thunderbolt
237,pokefan_m_derek_0439,Pokefan Derek Rematch 2,Trainerclass Pokefan M,309,235,0.568,752,606,1569.4,C+,Lass Dana Rematch 2 (Elo 1871.5),Hiker Russel (Elo 1137.4),Ace Trainer Fran (7 games),13.41,Pichu Lv50 (Static): Charm/Tail Whip/Thunder Wave/Sweet Kiss | Teddiursa Lv50 (Pickup): Lick/Fake Tears/Fury Swipes/Faint Attack | Pikachu Lv50 (Static): Thunderbolt/Feint/Agility/Discharge | Teddiursa Lv50 (Pickup): Fury Swipes/Faint Attack/Sweet Scent/Slash
238,psychic_m_phil_0405,Psychic Phil,Trainerclass Psychic M,306,238,0.562,768,630,1582.7,C+,Kimono Girl Naoko (Elo 1962.7),Camper Virgil (Elo 1112.5),Bird Keeper Jose Rematch 2 (7 games),8.27,Natu Lv50 (Synchronize): Leer/Night Shade/Me First/Confuse Ray | Kadabra Lv50 (Synchronize): Disable/Psybeam/Reflect/Charge Beam
239,bug_catcher_abner_0691,Bug Catcher Abner,Trainerclass Bug Catcher,305,239,0.561,764,634,1582.4,C+,Kimono Girl Naoko (Elo 1962.7),Teacher Colette (Elo 1091.7),Biker Harris (7 games),9.98,Butterfree Lv50 (Compound Eyes): Tailwind/Safeguard/Captivate/Bug Buzz | Beedrill Lv50 (Swarm): Agility/Assurance/Poison Jab/Endeavor | Pikachu Lv50 (Static): Feint/Agility/Discharge/Light Screen
240,picnicker_tanya_0336,Picnicker Tanya,Trainerclass Picnicker,305,239,0.561,776,655,1510.1,C-,Double Team Elan & Ida (Elo 2019.6),Scientist Mitch (Elo 1010.1),Sailor Jeff (7 games),7.69,Exeggutor Lv50 (Chlorophyll): Giga Drain/Light Screen/Egg Bomb/Hypnosis
241,lass_dana_0464,Lass Dana Rematch 1,Trainerclass Lass,302,242,0.555,766,643,1546.3,C,Ace Trainer Jamie Rematch 3 (Elo 1983.3),Boarder Patton (Elo 1145.1),Beauty Caroline (7 games),11.19,Flaaffy Lv50 (Static): Cotton Spore/Charge/Discharge/Thunder Wave | Psyduck Lv50 (Damp): Water Pulse/Screech/Disable/Confusion
242,medium_georgina_0494,Medium Georgina,Trainerclass Medium,302,242,0.555,749,628,1533.0,C,Poke Maniac Brent Rematch 2 (Elo 1904.1),Pokefan Beverly (Elo 1008.9),Policeman Dirk (7 games),10.97,Gastly Lv50 (Levitate): Spite/Mean Look/Curse/Night Shade | Gastly Lv50 (Levitate): Spite/Mean Look/Curse/Night Shade | Gastly Lv50 (Levitate): Spite/Mean Look/Curse/Night Shade | Gastly Lv50 (Levitate): Spite/Mean Look/Curse/Night Shade | Gastly Lv50 (Levitate): Spite/Mean Look/Curse/Night Shade
243,juggler_irwin_0454,Juggler Irwin Rematch 1,Trainerclass Juggler,299,245,0.55,732,624,1565.1,C+,Double Team Elan & Ida (Elo 2019.6),Pokefan Rex (Elo 1067.4),Pokefan Derek Rematch 3 (7 games),12.85,Voltorb Lv50 (Soundproof): Spark/Rollout/Screech/Light Screen | Voltorb Lv50 (Static): Rollout/Screech/Light Screen/Charge Beam | Voltorb Lv50 (Static): Rollout/Screech/Light Screen/Charge Beam | Voltorb Lv50 (Static): Light Screen/Charge Beam/Selfdestruct/Swift
244,ace_trainer_f_kate_0118,Ace Trainer Kate,Trainerclass Ace Trainer F,299,245,0.55,698,595,1559.0,C+,Firebreather Otis (Elo 1920.8),Sailor Terrell (Elo 1081.3),Biker Ernest Rematch 3 (7 games),11.34,Shellder Lv50 (Shell Armor): Icicle Spear/Protect/Leer/Clamp | Cloyster Lv50 (Shell Armor): Supersonic/Aurora Beam/Protect/Spikes
245,bird_keeper_gs_kinsley_0593,Bird Keeper Kinsley,Trainerclass Bird Keeper Gs,298,246,0.548,739,636,1573.0,C+,Ace Trainer Megan (Elo 1937.6),Poke Maniac Zach (Elo 1154.7),Biker Ernest Rematch 2 (7 games),10.85,Farfetchd Lv50 (Keen Eye): Air Cutter/Swords Dance/Agility/Night Slash | Fearow Lv50 (Keen Eye): Aerial Ace/Mirror Move/Agility/Assurance | Pidgeotto Lv50 (Keen Eye): Twister/Feather Dance/Agility/Wing Attack
246,swimmer_m_esteban_0591,Swimmer Esteban,Trainerclass Swimmer M,298,246,0.548,765,661,1568.1,C+,Ace Trainer Jamie Rematch 3 (Elo 1983.3),Sage Jin (Elo 1069.2),Sailor Huey Rematch 1 (7 games),8.81,Golduck Lv50 (Damp): Water Pulse/Fury Swipes/Screech/Psych Up | Poliwhirl Lv50 (Water Absorb): Body Slam/Bubble Beam/Mud Shot/Belly Drum
247,picnicker_gina_0142,Picnicker Gina Rematch 1,Trainerclass Picnicker,298,246,0.548,761,656,1533.2,C,Camper Tanner Rematch 2 (Elo 1962.1),Bug Catcher Josh (Elo 1056.7),Psychic Rodney (7 games),15.09,Hoppip Lv50 (Chlorophyll): Stun Spore/Sleep Powder/Bullet Seed/Leech Seed | Hoppip Lv50 (Chlorophyll): Stun Spore/Sleep Powder/Bullet Seed/Leech Seed | Ivysaur Lv50 (Overgrow): Razor Leaf/Sweet Scent/Growth/Double Edge
248,teacher_clarice_0561,Teacher Clarice,Trainerclass Teacher,298,246,0.548,720,619,1527.2,C,Double Team Zac & Jen (Elo 1922.2),School Kid Chad (Elo 898.6),Firebreather Burt (7 games),6.71,Zigzagoon @ Sitrus Berry Lv50 (Gluttony): Belly Drum/Flail/Return/Iron Tail | Roselia Lv50 (Poison Point): Ingrain/Synthesis/Toxic/Petal Dance
249,bug_catcher_doug_0621,Bug Catcher Doug Rematch 3,Trainerclass Bug Catcher,297,247,0.546,731,633,1575.5,C+,Ace Trainer Quinn (Elo 2005.1),Bird Keeper Ernie (Elo 1098.0),Swimmer Briana (7 games),8.2,Butterfree Lv50 (Compound Eyes): Tailwind/Safeguard/Captivate/Bug Buzz | Ariados Lv50 (Swarm): Agility/Pin Missile/Psychic/Poison Jab
250,guitarist_clyde_0041,Guitarist Clyde,Trainerclass Guitarist,296,248,0.544,713,624,1598.9,B-,Fisherman Barney (Elo 1945.5),Youngster Gordon (Elo 972.2),Super Nerd Teru (7 games),5.03,Electabuzz Lv50 (Static): Shock Wave/Light Screen/Thunder Punch/Discharge
251,bug_catcher_arnie_0510,Bug Catcher Arnie Rematch 3,Trainerclass Bug Catcher,295,249,0.542,746,657,1561.0,C+,Lass Alice (Elo 1937.0),Lass Connie (Elo 1029.1),Youngster Regis (7 games),10.18,Nincada Lv50 (Compound Eyes): Dig/Metal Claw/Mud Slap/Leech Life | Venomoth Lv50 (Shield Dust): Gust/Psychic/Poison Fang/Signal Beam
252,poke_maniac_calvin_0202,Poke Maniac Calvin,Trainerclass Poke Maniac,294,250,0.54,718,630,1545.3,C,Young Couple Tim & Sue Rematch 3 (Elo 1864.0),Camper Virgil (Elo 1112.5),Youngster Warren (7 games),6.05,Kangaskhan Lv50 (Scrappy): Bite/Mega Punch/Rage/Dizzy Punch
253,pokefan_m_carter_0350,Pokefan Carter,Trainerclass Pokefan M,294,250,0.54,735,651,1523.1,C,Poke Maniac Brent Rematch 3 (Elo 1894.0),Pokefan Marigold (Elo 1048.2),Bird Keeper Theo (7 games),9.99,Bulbasaur Lv50 (Overgrow): Double Edge/Worry Seed/Synthesis/Seed Bomb | Charmander Lv50 (Blaze): Fire Fang/Slash/Flamethrower/Fire Spin | Squirtle Lv50 (Torrent): Aqua Tail/Skull Bash/Iron Defense/Rain Dance
254,super_nerd_teru_0393,Super Nerd Teru,Trainerclass Super Nerd,293,251,0.539,668,579,1551.3,C+,Kimono Girl Naoko (Elo 1962.7),Youngster Gordon (Elo 972.2),Teacher Hillary Rematch 1 (7 games),13.78,Magnemite Lv50 (Magnet Pull): Metal Sound/Tackle/Thunder Shock | Voltorb Lv50 (Soundproof): Charge/Tackle/Sonic Boom | Magnemite Lv50 (Sturdy): Metal Sound/Tackle/Thunder Shock | Magnemite Lv50 (Sturdy): Metal Sound/Tackle/Thunder Shock
255,swimmer_f_joy_0670,Swimmer Joy,Trainerclass Swimmer F,293,251,0.539,739,658,1533.6,C,Fisherman Barney (Elo 1945.5),Pokefan Derek (Elo 992.7),Bird Keeper Jose Rematch 2 (7 games),5.6,Cloyster Lv50 (Skill Link): Water Pulse/Spike Cannon/Aurora Beam/Attract
256,swimmer_m_charlie_0095,Swimmer Charlie,Trainerclass Swimmer M,292,252,0.537,724,644,1506.0,C-,Firebreather Walt Rematch 3 (Elo 1883.6),Poke Maniac Beckett (Elo 1189.3),Hiker Benjamin (7 games),14.57,Shellder Lv50 (Skill Link): Supersonic/Icicle Spear/Protect/Leer | Tentacool Lv50 (Liquid Ooze): Constrict/Acid/Toxic Spikes/Bubble Beam | Tentacruel Lv50 (Liquid Ooze): Constrict/Acid/Toxic Spikes/Bubble Beam
257,scientist_gs_linden_0685,Scientist Linden,Trainerclass Scientist Gs,290,254,0.533,707,642,1514.1,C,School Kid Billy Rematch 3 (Elo 2036.8),Camper Virgil (Elo 1112.5),Bird Keeper Theo (7 games),5.11,Magmar Lv50 (Flame Body): Overheat/Fire Punch/Confuse Ray/Faint Attack
258,picnicker_cindy_0083,Picnicker Cindy,Trainerclass Picnicker,289,255,0.531,722,653,1514.1,C,Ace Trainer Jamie Rematch 3 (Elo 1983.3),Boarder Patton (Elo 1145.1),Bug Catcher Rob Rematch 1 (7 games),5.96,Nidoqueen Lv50 (Rivalry): Poison Jab/Earth Power/Body Slam/Double Kick
259,poke_maniac_morgan_0133,Poke Maniac Morgan,Trainerclass Poke Maniac,288,256,0.529,759,696,1538.3,C,Double Team Elan & Ida (Elo 2019.6),Swimmer Elaine (Elo 965.3),Bird Keeper Boris (7 games),9.15,Rhyhorn Lv50 (Rock Head): Scary Face/Rock Blast/Take Down/Horn Drill | Rhydon Lv50 (Rock Head): Scary Face/Rock Blast/Take Down/Horn Drill
260,sailor_eddie_0669,Sailor Eddie,Trainerclass Sailor,287,257,0.528,728,671,1548.8,C,Double Team Thom & Kae (Elo 1966.3),Lass Cathy (Elo 1080.3),Sage Edmond (7 games),5.29,Azumarill Lv50 (Huge Power): Water Pulse/Aqua Ring/Double Edge/Aqua Tail
261,gentleman_alfred_0665,Gentleman Alfred Rematch 2,Trainerclass Gentleman,285,259,0.524,740,689,1528.7,C,Psychic Herman (Elo 1902.7),Pokefan Trevor (Elo 1063.2),Sailor Eugene (7 games),6.21,Noctowl Lv50 (Insomnia): Take Down/Air Slash/Zen Headbutt/Extrasensory
262,swimmer_f_chelan_0589,Swimmer Chelan,Trainerclass Swimmer F,285,259,0.524,741,694,1518.7,C,Ace Trainer Kevin (Elo 1977.5),Bug Catcher Josh (Elo 1056.7),Pokefan Boone (7 games),6.71,Azumarill Lv50 (Huge Power): Waterfall/Rollout/Defense Curl/Dig
263,medium_grace_0089,Medium Grace,Trainerclass Medium,285,259,0.524,732,682,1505.8,C-,Picnicker Liz Rematch 3 (Elo 1901.9),Youngster Joey Rematch 1 (Elo 1045.6),Swimmer Harold (7 games),7.44,Haunter Lv50 (Levitate): Mean Look/Curse/Night Shade/Confuse Ray | Haunter Lv50 (Levitate): Mean Look/Curse/Night Shade/Confuse Ray
264,fisherman_andre_0126,Fisherman Andre,Trainerclass Fisherman,284,260,0.522,733,689,1521.2,C,School Kid Tommy (Elo 1906.2),Fisherman Kyler Rematch 2 (Elo 898.1),School Kid Torin Rematch 2 (7 games),6.33,Gyarados Lv50 (Intimidate): Thrash/Bite/Dragon Rage/Leer
265,beauty_cassie_0209,Beauty Cassie,Trainerclass Beauty,284,260,0.522,716,661,1476.8,C-,Psychic Herman (Elo 1902.7),Swimmer Denise (Elo 1013.7),Swimmer Tyson (7 games),12.41,Vileplume Lv50 (Chlorophyll): Mega Drain/Aromatherapy/Stun Spore/Poison Powder | Butterfree Lv50 (Compound Eyes): Tailwind/Safeguard/Captivate/Bug Buzz
266,camper_todd_0274,Camper Todd Rematch 1,Trainerclass Camper,283,261,0.52,688,643,1531.6,C,Biker Aiden Rematch 3 (Elo 1941.7),Young Couple Moe & Lulu (Elo 1153.9),Bird Keeper Justin (7 games),8.7,Geodude Lv50 (Rock Head): Mud Sport/Rock Polish/Rock Throw/Magnitude | Geodude Lv50 (Rock Head): Mud Sport/Rock Polish/Rock Throw/Magnitude | Psyduck Lv50 (Damp): Confusion/Water Pulse/Fury Swipes/Screech
267,super_nerd_tyrone_0365,Super Nerd Tyrone,Trainerclass Super Nerd,283,261,0.52,677,633,1528.3,C,School Kid Tommy (Elo 1906.2),Sailor Harry (Elo 1070.7),Camper Ivan (7 games),10.87,Magnemite Lv50 (Sturdy): Lock On/Magnet Bomb/Screech/Discharge | Magnemite Lv50 (Sturdy): Lock On/Magnet Bomb/Screech/Discharge | Magnemite Lv50 (Sturdy): Lock On/Magnet Bomb/Screech/Discharge
268,youngster_ian_0614,Youngster Ian Rematch 2,Trainerclass Youngster,283,261,0.52,739,695,1517.6,C,Firebreather Otis (Elo 1920.8),Camper Virgil (Elo 1112.5),School Kid Alan (7 games),7.97,Primeape Lv50 (Vital Spirit): Screech/Assurance/Rage/Swagger | Dugtrio Lv50 (Sand Veil): Sand Tomb/Earth Power/Mud Bomb/Slash
269,bird_keeper_gs_denis_0217,Bird Keeper Denis,Trainerclass Bird Keeper Gs,282,262,0.518,717,683,1471.0,C-,Young Couple Tim & Sue Rematch 3 (Elo 1864.0),Hiker Anthony (Elo 1092.2),Scientist Linden (7 games),8.81,Spearow Lv50 (Keen Eye): Leer/Fury Attack/Pursuit/Aerial Ace | Fearow Lv50 (Keen Eye): Leer/Fury Attack/Pursuit/Aerial Ace | Spearow Lv50 (Keen Eye): Leer/Fury Attack/Pursuit/Aerial Ace
270,gentleman_alfred_0664,Gentleman Alfred Rematch 1,Trainerclass Gentleman,281,263,0.517,717,681,1523.4,C,Picnicker Erin Rematch 3 (Elo 1902.0),Skier Diana (Elo 1065.7),Youngster Jason (7 games),7.27,Noctowl Lv50 (Insomnia): Reflect/Confusion/Take Down/Air Slash
271,sailor_huey_0440,Sailor Huey Rematch 1,Trainerclass Sailor,281,263,0.517,667,629,1511.0,C-,Camper Todd Rematch 3 (Elo 2004.6),Beauty Charlotte (Elo 1225.9),Lass Ellen (7 games),8.7,Poliwhirl Lv50 (Water Absorb): Rain Dance/Body Slam/Bubble Beam/Mud Shot | Poliwhirl Lv50 (Water Absorb): Rain Dance/Body Slam/Bubble Beam/Mud Shot
272,psychic_m_rodney_0422,Psychic Rodney,Trainerclass Psychic M,280,264,0.515,676,643,1493.8,C-,Picnicker Liz Rematch 3 (Elo 1901.9),Picnicker Piper (Elo 1034.4),Picnicker Gina Rematch 1 (7 games),8.78,Chingling Lv50 (Levitate): Astonish/Confusion/Uproar/Last Resort | Hypno Lv50 (Forewarn): Poison Gas/Meditate/Psybeam/Psych Up
273,pokefan_m_boone_0567,Pokefan Boone,Trainerclass Pokefan M,279,265,0.513,728,701,1506.6,C-,Ace Trainer Quinn (Elo 2005.1),Picnicker Tiffany Rematch 1 (Elo 1054.6),Bird Keeper Bert (7 games),10.89,Spinda Lv50 (Own Tempo): Dizzy Punch/Sucker Punch/Teeter Dance/Psych Up | Volbeat Lv50 (Swarm): Protect/Helping Hand/Zen Headbutt/Bug Buzz
274,firebreather_walt_0388,Firebreather Walt,Trainerclass Firebreather,277,267,0.509,692,671,1533.2,C,Picnicker Erin Rematch 3 (Elo 1902.0),Sailor Huey (Elo 1166.0),Picnicker Edna (7 games),11.36,Magmar Lv50 (Flame Body): Smog/Leer/Ember/Smoke Screen | Magmar Lv50 (Flame Body): Leer/Ember/Smoke Screen/Faint Attack
275,school_kid_m_jack_0430,School Kid Jack Rematch 1,Trainerclass School Kid M,276,268,0.507,715,701,1506.6,C-,Camper Tanner Rematch 2 (Elo 1962.1),Bug Catcher Josh (Elo 1056.7),Black Belt Kenji (7 games),14.25,Gloom Lv50 (Chlorophyll): Stun Spore/Sleep Powder/Mega Drain/Lucky Chant | Voltorb Lv50 (Soundproof): Tackle/Sonic Boom/Spark/Rollout
276,black_belt_lung_0159,Black Belt Lung,Trainerclass Black Belt,275,269,0.506,685,670,1520.1,C,Kimono Girl Zuki (Elo 1838.8),Picnicker Heidi (Elo 1207.1),Bird Keeper Justin (7 games),9.62,Mankey Lv50 (Vital Spirit): Fury Swipes/Karate Chop/Seismic Toss/Screech | Mankey Lv50 (Anger Point): Fury Swipes/Karate Chop/Seismic Toss/Screech | Primeape Lv50 (Anger Point): Karate Chop/Seismic Toss/Screech/Assurance
277,super_nerd_merle_0683,Super Nerd Merle,Trainerclass Super Nerd,274,270,0.504,663,652,1508.6,C-,Ace Trainer Shaye (Elo 2100.8),Youngster Gordon (Elo 972.2),Hiker Parry Rematch 1 (7 games),7.76,Magcargo Lv50 (Flame Body): Overheat/Rock Slide/Yawn/Recover
278,bird_keeper_gs_bob_0302,Bird Keeper Bob,Trainerclass Bird Keeper Gs,274,270,0.504,672,661,1492.6,C-,Psychic Herman (Elo 1902.7),Skier Diana (Elo 1065.7),Super Nerd Pat (7 games),5.31,Noctowl Lv50 (Insomnia): Air Slash/Zen Headbutt/Extrasensory/Psycho Shift
279,youngster_warren_0378,Youngster Warren,Trainerclass Youngster,274,270,0.504,700,689,1490.1,C-,Ace Trainer Jamie Rematch 2 (Elo 2013.0),Hiker Russel (Elo 1137.4),Twins Kay & Tia Rematch 1 (7 games),8.41,Fearow Lv50 (Keen Eye): Aerial Ace/Mirror Move/Agility/Assurance | Raticate Lv50 (Run Away): Crunch/Assurance/Super Fang/Double Edge
280,medium_rebecca_0368,Medium Rebecca,Trainerclass Medium,273,271,0.502,721,713,1517.7,C,Ace Trainer Quinn (Elo 2005.1),Teacher Colette (Elo 1091.7),Pokefan Carter (7 games),17.51,Bronzor Lv50 (Heatproof): Faint Attack/Skill Swap/Safeguard/Gyro Ball | Hypno Lv50 (Forewarn): Swagger/Skill Swap/Psybeam/Hypnosis
281,young_couple_duff_eda_0721,Young Couple Duff & Eda,Trainerclass Young Couple,273,271,0.502,666,664,1513.9,C,Camper Bertrand (Elo 1978.1),Picnicker Selina (Elo 1052.8),Bird Keeper Josh Rematch 2 (7 games),6.22,Onix Lv50 (Sturdy): Rock Throw/Rage/Rock Tomb/Sandstorm | Cloyster Lv50 (Skill Link): Withdraw/Supersonic/Aurora Beam/Protect
282,fisherman_tully_0123,Fisherman Tully,Trainerclass Fisherman,272,272,0.5,753,758,1533.3,C,School Kid Alan Rematch 3 (Elo 2054.0),Pokefan Derek (Elo 992.7),Pokefan Derek Rematch 1 (7 games),7.33,Qwilfish Lv50 (Poison Point): Harden/Minimize/Water Gun/Rollout
283,fisherman_wilton_0325,Fisherman Wilton Rematch 1,Trainerclass Fisherman,271,273,0.498,682,680,1506.2,C-,Double Team Thom & Kae (Elo 1966.3),Young Couple Moe & Lulu (Elo 1153.9),Twins Kay & Tia Rematch 1 (7 games),13.16,Goldeen Lv50 (Swift Swim): Water Pulse/Flail/Aqua Ring/Fury Attack | Goldeen Lv50 (Swift Swim): Water Pulse/Flail/Aqua Ring/Fury Attack | Seaking Lv50 (Swift Swim): Water Pulse/Flail/Aqua Ring/Fury Attack
284,camper_tanner_0558,Camper Tanner,Trainerclass Camper,270,274,0.496,659,661,1476.6,C-,Firebreather Otis (Elo 1920.8),Pokefan Beverly (Elo 1008.9),School Kid Sherman (7 games),4.73,Sudowoodo Lv50 (Sturdy): Faint Attack/Rock Tomb/Rock Slide/Slam
285,swimmer_m_harold_0252,Swimmer Harold,Trainerclass Swimmer M,269,275,0.494,707,719,1516.4,C,Ace Trainer Jamie Rematch 3 (Elo 1983.3),Sage Neal (Elo 1041.8),Medium Grace (7 games),6.92,Remoraid Lv50 (Sniper): Bullet Seed/Water Pulse/Signal Beam/Ice Beam | Seadra Lv50 (Sniper): Agility/Twister/Brine/Hydro Pump
286,swimmer_f_kendra_0590,Swimmer Kendra,Trainerclass Swimmer F,269,275,0.494,741,749,1495.6,C-,Kimono Girl Naoko (Elo 1962.7),Picnicker Kim (Elo 970.3),Swimmer Katie (7 games),6.16,Slowking Lv50 (Oblivious): Water Pulse/Zen Headbutt/Nasty Plot/Swagger
287,medium_martha_0046,Medium Martha,Trainerclass Medium,269,275,0.494,660,674,1470.1,D+,School Kid Tommy (Elo 1906.2),Pokefan Beverly (Elo 1008.9),Bird Keeper Bret (7 games),8.84,Gastly Lv50 (Levitate): Spite/Mean Look/Curse/Night Shade | Haunter Lv50 (Levitate): Mean Look/Curse/Night Shade/Confuse Ray | Gastly Lv50 (Levitate): Mean Look/Curse/Night Shade/Confuse Ray
288,swimmer_m_tucker_0371,Swimmer Tucker,Trainerclass Swimmer M,268,276,0.493,689,704,1515.0,C,Hiker Kenny Rematch 3 (Elo 1879.1),Sailor Huey (Elo 1166.0),Camper Dean (7 games),10.75,Shellder Lv50 (Shell Armor): Ice Shard/Aurora Beam/Whirlpool/Iron Defense | Cloyster Lv50 (Skill Link): Aurora Beam/Protect/Spikes/Spike Cannon
289,super_nerd_pat_0366,Super Nerd Pat,Trainerclass Super Nerd,267,277,0.491,714,730,1509.6,C-,School Kid Alan Rematch 2 (Elo 1975.9),Pokefan Marigold (Elo 1048.2),Medium Grace (7 games),4.7,Porygon Lv50 (Download): Charge Beam/Signal Beam/Ice Beam/Solar Beam
290,ace_trainer_m_mike_0111,Ace Trainer Mike,Trainerclass Ace Trainer M,265,279,0.487,709,734,1495.7,C-,Double Team Thom & Kae (Elo 1966.3),Bug Catcher Wayne (Elo 1099.6),Camper Lloyd (7 games),5.58,Dragonair Lv50 (Shed Skin): Dragon Rage/Slam/Agility/Aqua Tail
291,picnicker_sharon_0153,Picnicker Sharon,Trainerclass Picnicker,265,279,0.487,706,727,1493.8,C-,Firebreather Walt Rematch 3 (Elo 1883.6),Swimmer Matthew (Elo 1059.6),Fisherman Ralph Rematch 1 (7 games),12.91,Furret Lv50 (Keen Eye): Follow Me/Slam/Rest/Sucker Punch | Rapidash Lv50 (Flash Fire): Take Down/Agility/Fire Blast/Fury Attack
292,swimmer_m_berke_0097,Swimmer Berke,Trainerclass Swimmer M,263,281,0.483,710,751,1507.4,C-,Camper Tanner Rematch 3 (Elo 2028.7),Pokefan Ruth (Elo 999.3),Scientist Trenton (7 games),6.93,Qwilfish Lv50 (Poison Point): Minimize/Water Gun/Rollout/Toxic Spikes
293,bird_keeper_gs_jose_0446,Bird Keeper Jose Rematch 2,Trainerclass Bird Keeper Gs,262,282,0.482,659,696,1504.0,C-,Double Team Elan & Ida (Elo 2019.6),Hiker Parry (Elo 1109.6),Swimmer Joy (7 games),8.0,Farfetchd Lv50 (Keen Eye): Swords Dance/Agility/Night Slash/Air Slash | Farfetchd Lv50 (Keen Eye): Night Slash/Air Slash/Feint/False Swipe
294,lass_ellen_0419,Lass Ellen,Trainerclass Lass,260,284,0.478,658,714,1466.1,D+,Double Team Thom & Kae (Elo 1966.3),Hiker Daniel (Elo 1133.6),Sailor Huey Rematch 1 (7 games),20.82,Wigglytuff Lv50 (Cute Charm): Sing/Disable/Defense Curl/Double Slap | Granbull Lv50 (Intimidate): Headbutt/Roar/Rage/Take Down
295,bird_keeper_gs_hank_0299,Bird Keeper Hank,Trainerclass Bird Keeper Gs,260,284,0.478,703,751,1447.6,D+,School Kid Billy Rematch 3 (Elo 2036.8),Lass Connie (Elo 1029.1),Black Belt Ander (7 games),15.21,Pidgey Lv50 (Keen Eye): Tackle/Sand Attack/Gust/Quick Attack | Pidgeot Lv50 (Tangled Feet): Feather Dance/Agility/Wing Attack/Roost
296,fisherman_martin_0320,Fisherman Martin,Trainerclass Fisherman,259,285,0.476,660,711,1491.5,C-,Ace Trainer Kevin (Elo 1977.5),Sage Troy (Elo 1073.6),Hiker Kenny Rematch 1 (7 games),7.26,Remoraid Lv50 (Hustle): Focus Energy/Bullet Seed/Water Pulse/Signal Beam | Octillery Lv50 (Suction Cups): Octazooka/Bullet Seed/Wring Out/Signal Beam
297,bug_catcher_ed_0248,Bug Catcher Ed,Trainerclass Bug Catcher,258,286,0.474,687,741,1484.1,C-,Camper Tanner Rematch 2 (Elo 1962.1),Teacher Colette (Elo 1091.7),Gentleman Edward (7 games),13.01,Burmy Lv50 (Shed Skin): Protect/Tackle/Bug Bite/Hidden Power | Butterfree Lv50 (Compound Eyes): Tailwind/Safeguard/Captivate/Bug Buzz | Beedrill Lv50 (Swarm): Agility/Assurance/Poison Jab/Endeavor
298,picnicker_tiffany_0519,Picnicker Tiffany Rematch 3,Trainerclass Picnicker,258,286,0.474,706,758,1461.0,D+,Fisherman Barney (Elo 1945.5),Bug Catcher Wade (Elo 985.6),Lass Krise Rematch 2 (7 games),5.63,Clefable Lv50 (Cute Charm): Gravity/Metronome/Blizzard/Thunder
299,biker_aiden_0571,Biker Aiden,Trainerclass Biker,257,287,0.472,716,769,1512.5,C,Picnicker Erin Rematch 3 (Elo 1902.0),Bird Keeper Ernie (Elo 1098.0),Hiker Erik (7 games),7.92,Tentacruel Lv50 (Liquid Ooze): Barrier/Water Pulse/Poison Jab/Screech
300,twins_kay_tia_0566,Twins Kay & Tia,Trainerclass Twins,257,287,0.472,644,706,1491.8,C-,Ace Trainer Jamie Rematch 2 (Elo 2013.0),Youngster Gordon (Elo 972.2),Biker Dwayne (7 games),9.08,Quagsire Lv50 (Damp): Rain Dance/Surf/Yawn | Quagsire Lv50 (Damp): Amnesia/Surf/Yawn
301,young_couple_tim_sue_0556,Young Couple Tim & Sue,Trainerclass Young Couple,256,288,0.471,694,763,1480.5,C-,Picnicker Liz Rematch 3 (Elo 1901.9),Swimmer Matthew (Elo 1059.6),Pokefan Derek Rematch 1 (7 games),4.06,Kadabra Lv50 (Synchronize): Recover/Psycho Cut/Role Play/Psychic | Psyduck Lv50 (Damp): Screech/Psych Up/Zen Headbutt/Amnesia
302,hiker_parry_0452,Hiker Parry Rematch 2,Trainerclass Hiker,253,291,0.465,691,758,1480.9,C-,Ace Trainer Jamie Rematch 3 (Elo 1983.3),Swimmer Elaine (Elo 965.3),Teacher Hillary Rematch 1 (7 games),13.65,Steelix Lv50 (Rock Head): Rock Polish/Dragon Breath/Curse/Iron Tail | Graveler Lv50 (Rock Head): Selfdestruct/Rollout/Rock Blast/Earthquake
303,camper_spencer_0403,Camper Spencer,Trainerclass Camper,253,291,0.465,620,699,1466.1,D+,Hiker Anthony Rematch 3 (Elo 1828.2),Camper Todd (Elo 1098.2),Hiker Noland (7 games),14.96,Sandshrew Lv50 (Sand Veil): Sand Attack/Poison Sting/Rapid Spin/Swift | Sandslash Lv50 (Sand Veil): Sand Attack/Poison Sting/Rapid Spin/Swift | Zubat Lv50 (Inner Focus): Supersonic/Astonish/Bite/Wing Attack
304,bug_catcher_rob_0622,Bug Catcher Rob Rematch 1,Trainerclass Bug Catcher,251,293,0.461,673,761,1498.2,C-,School Kid Alan Rematch 2 (Elo 1975.9),Teacher Colette (Elo 1091.7),Picnicker Cindy (7 games),8.52,Beedrill Lv50 (Swarm): Agility/Assurance/Poison Jab/Endeavor | Butterfree Lv50 (Compound Eyes): Tailwind/Safeguard/Captivate/Bug Buzz
305,sailor_jeff_0239,Sailor Jeff,Trainerclass Sailor,250,294,0.46,680,763,1462.5,D+,School Kid Tommy (Elo 1906.2),Teacher Colette (Elo 1091.7),Black Belt Manford (7 games),6.5,Makuhita Lv50 (Thick Fat): Seismic Toss/Wake Up Slap/Endure/Close Combat | Raticate Lv50 (Guts): Crunch/Assurance/Super Fang/Double Edge
306,bird_keeper_gs_theo_0073,Bird Keeper Theo,Trainerclass Bird Keeper Gs,249,295,0.458,595,687,1469.8,D+,Beauty Julia (Elo 1789.1),Twins Tori & Til (Elo 1218.1),Pokefan Carter (7 games),16.45,Pidgey Lv50 (Keen Eye): Sand Attack/Gust/Quick Attack/Whirlwind | Pidgey Lv50 (Tangled Feet): Tackle/Sand Attack/Gust/Quick Attack | Pidgey Lv50 (Tangled Feet): Sand Attack/Gust/Quick Attack/Whirlwind | Pidgey Lv50 (Tangled Feet): Tackle/Sand Attack/Gust/Quick Attack | Pidgey Lv50 (Tangled Feet): Tackle/Sand Attack/Gust/Quick Attack
307,sailor_eugene_0039,Sailor Eugene,Trainerclass Sailor,249,295,0.458,654,749,1462.2,D+,Ace Trainer French (Elo 2104.8),Youngster Joey Rematch 2 (Elo 1130.3),Gentleman Alfred Rematch 2 (7 games),15.04,Poliwhirl Lv50 (Water Absorb): Bubble/Hypnosis/Water Gun/Double Slap | Raticate Lv50 (Guts): Focus Energy/Bite/Pursuit/Hyper Fang | Krabby Lv50 (Shell Armor): Leer/Harden/Bubble Beam/Mud Shot
308,bug_catcher_doug_0620,Bug Catcher Doug Rematch 2,Trainerclass Bug Catcher,249,295,0.458,648,737,1446.0,D+,Psychic Herman (Elo 1902.7),Youngster Joey Rematch 2 (Elo 1130.3),Psychic Nathan (7 games),8.14,Butterfree Lv50 (Compound Eyes): Tailwind/Safeguard/Captivate/Bug Buzz | Ariados Lv50 (Swarm): Spider Web/Agility/Pin Missile/Psychic
309,hiker_phillip_0203,Hiker Phillip,Trainerclass Hiker,247,297,0.454,699,805,1433.7,D+,Ace Trainer Jamie Rematch 1 (Elo 1976.4),Fisherman Kyler (Elo 851.2),Biker Aiden Rematch 2 (7 games),3.87,Geodude Lv50 (Sturdy): Rock Throw/Magnitude/Selfdestruct/Rollout | Graveler Lv50 (Sturdy): Rock Throw/Magnitude/Selfdestruct/Rollout
310,hiker_dwight_0548,Hiker Dwight,Trainerclass Hiker,247,297,0.454,612,711,1426.2,D,Double Team Elan & Ida (Elo 2019.6),Youngster Gordon (Elo 972.2),Swimmer Debbie (7 games),14.72,Magneton Lv50 (Magnet Pull): Lock On/Magnet Bomb/Screech/Discharge | Steelix Lv50 (Rock Head): Rock Polish/Dragon Breath/Curse/Iron Tail
311,hiker_clarke_0357,Hiker Clarke,Trainerclass Hiker,244,300,0.449,645,766,1453.6,D+,School Kid Danny (Elo 1914.8),Scientist Mitch (Elo 1010.1),Burglar Corey (7 games),12.04,Onix Lv50 (Sturdy): Rock Polish/Dragon Breath/Curse/Iron Tail | Dugtrio Lv50 (Arena Trap): Earth Power/Mud Bomb/Slash/Earthquake
312,psychic_m_mark_0395,Psychic Mark,Trainerclass Psychic M,243,301,0.447,630,751,1445.1,D+,Poke Maniac Brent Rematch 2 (Elo 1904.1),Pokefan Beverly (Elo 1008.9),Swimmer Elmo (7 games),13.61,Abra Lv50 (Synchronize): Teleport/Flash | Abra Lv50 (Synchronize): Teleport/Flash | Kadabra Lv50 (Synchronize): Teleport/Kinesis/Confusion
313,lass_krise_0610,Lass Krise Rematch 1,Trainerclass Lass,241,303,0.443,650,772,1453.6,D+,School Kid Danny (Elo 1914.8),Bug Catcher Josh (Elo 1056.7),Bird Keeper Toby (7 games),11.62,Oddish Lv50 (Chlorophyll): Poison Powder/Stun Spore/Sleep Powder/Mega Drain | Cubone Lv50 (Rock Head): Bonemerang/Rage/False Swipe/Thrash
314,bird_keeper_gs_roy_0300,Bird Keeper Roy,Trainerclass Bird Keeper Gs,241,303,0.443,626,746,1443.5,D+,Picnicker Gina Rematch 3 (Elo 1800.3),Scientist Mitch (Elo 1010.1),School Kid Johnny (7 games),10.19,Fearow Lv50 (Keen Eye): Aerial Ace/Mirror Move/Agility/Assurance | Fearow Lv50 (Keen Eye): Mirror Move/Agility/Assurance/Roost
315,bug_catcher_dane_0687,Bug Catcher Dane,Trainerclass Bug Catcher,241,303,0.443,625,750,1425.5,D,School Kid Tommy (Elo 1906.2),Scientist Mitch (Elo 1010.1),Lass Shannon (7 games),8.36,Beedrill Lv50 (Swarm): Agility/Assurance/Poison Jab/Endeavor | Butterfree Lv50 (Compound Eyes): Tailwind/Safeguard/Captivate/Bug Buzz
316,school_kid_m_alan_0432,School Kid Alan Rematch 1,Trainerclass School Kid M,240,304,0.441,610,733,1488.5,C-,Ace Trainer French (Elo 2104.8),Twins Amy & Mimi (Elo 1005.7),Twins Kay & Tia Rematch 3 (7 games),12.02,Tangela Lv50 (Chlorophyll): Vine Whip/Bind/Mega Drain/Stun Spore | Yanma Lv50 (Speed Boost): Detect/Supersonic/Uproar/Pursuit
317,bug_catcher_doug_0619,Bug Catcher Doug Rematch 1,Trainerclass Bug Catcher,240,304,0.441,622,751,1433.1,D+,Psychic Herman (Elo 1902.7),Lass Cathy (Elo 1080.3),Fisherman Jonah (7 games),9.1,Butterfree Lv50 (Compound Eyes): Tailwind/Safeguard/Captivate/Bug Buzz | Ariados Lv50 (Swarm): Fury Swipes/Sucker Punch/Spider Web/Agility
318,swimmer_f_katie_0243,Swimmer Katie,Trainerclass Swimmer F,239,305,0.439,670,803,1437.5,D+,Ace Trainer Gaven (Elo 2001.8),Scientist Mitch (Elo 1010.1),Swimmer Kendra (7 games),6.45,Dewgong Lv50 (Thick Fat): Brine/Sheer Cold/Take Down/Dive
319,pokefan_m_robert_0348,Pokefan Robert,Trainerclass Pokefan M,238,306,0.438,585,725,1422.6,D,Ace Trainer Jamie Rematch 2 (Elo 2013.0),Bug Catcher Stacey (Elo 874.2),Ace Trainer Joyce (7 games),9.45,Quagsire Lv50 (Water Absorb): Amnesia/Yawn/Earthquake/Rain Dance
320,scientist_gs_garett_0471,Scientist Garett,Trainerclass Scientist Gs,238,306,0.438,601,739,1417.1,D,Kimono Girl Naoko (Elo 1962.7),Fisherman Henry (Elo 1042.8),Sailor Parker (7 games),17.3,Magnemite Lv50 (Sturdy): Sonic Boom/Thunder Wave/Spark/Lock On | Magnemite Lv50 (Sturdy): Sonic Boom/Thunder Wave/Spark/Lock On | Magnemite Lv50 (Sturdy): Sonic Boom/Thunder Wave/Spark/Lock On
321,beauty_caroline_0210,Beauty Caroline,Trainerclass Beauty,236,308,0.434,574,717,1447.5,D+,Firebreather Otis (Elo 1920.8),Psychic Fidel (Elo 1197.4),Bird Keeper Toby (7 games),13.0,Marill Lv50 (Thick Fat): Aqua Ring/Double Edge/Rain Dance/Aqua Tail | Seel Lv50 (Thick Fat): Aurora Beam/Aqua Jet/Brine/Take Down | Marill Lv50 (Huge Power): Aqua Ring/Double Edge/Rain Dance/Aqua Tail
322,super_nerd_hugh_0535,Super Nerd Hugh,Trainerclass Super Nerd,236,308,0.434,621,761,1427.7,D,Firebreather Walt Rematch 3 (Elo 1883.6),Boarder Patton (Elo 1145.1),Camper Pedro (7 games),5.21,Seadra Lv50 (Poison Point): Smoke Screen/Twister/Surf/Waterfall
323,hiker_benjamin_0134,Hiker Benjamin,Trainerclass Hiker,235,309,0.432,624,770,1455.9,D+,Ace Trainer Jamie Rematch 3 (Elo 1983.3),Bug Catcher Josh (Elo 1056.7),Swimmer Debbie (7 games),10.13,Diglett Lv50 (Sand Veil): Growl/Astonish/Magnitude/Mud Slap | Geodude Lv50 (Sturdy): Mud Sport/Rock Polish/Rock Throw/Magnitude | Dugtrio Lv50 (Arena Trap): Growl/Astonish/Magnitude/Mud Slap
324,lass_dana_0400,Lass Dana,Trainerclass Lass,234,310,0.43,597,754,1433.9,D+,Bird Keeper Josh Rematch 2 (Elo 1742.0),Teacher Colette (Elo 1091.7),Gentleman Alfred (7 games),12.84,Flaaffy Lv50 (Static): Tackle/Growl/Thunder Shock/Thunder Wave | Psyduck Lv50 (Damp): Water Gun/Tail Whip/Disable/Confusion
325,bug_catcher_rob_0623,Bug Catcher Rob Rematch 2,Trainerclass Bug Catcher,233,311,0.428,641,793,1467.4,D+,Biker Aiden Rematch 3 (Elo 1941.7),Scientist Mitch (Elo 1010.1),Teacher Hillary Rematch 3 (7 games),9.02,Beedrill Lv50 (Swarm): Agility/Assurance/Poison Jab/Endeavor | Butterfree Lv50 (Compound Eyes): Tailwind/Safeguard/Captivate/Bug Buzz
326,ace_trainer_f_emma_0363,Ace Trainer Emma,Trainerclass Ace Trainer F,231,313,0.425,588,752,1433.5,D+,Ace Trainer Kevin (Elo 1977.5),Beauty Victoria (Elo 1116.4),Picnicker Debra (7 games),5.5,Poliwhirl Lv50 (Water Absorb): Double Slap/Rain Dance/Body Slam/Bubble Beam
327,swimmer_m_frankie_0373,Swimmer Frankie,Trainerclass Swimmer M,230,314,0.423,594,762,1435.3,D+,Ace Trainer Joyce (Elo 1879.7),Sage Jin (Elo 1069.2),Gentleman Alfred Rematch 2 (7 games),5.93,Azumarill Lv50 (Huge Power): Bubble Beam/Aqua Ring/Double Edge/Rain Dance
328,biker_harris_0310,Biker Harris,Trainerclass Biker,230,314,0.423,605,772,1423.6,D,School Kid Danny (Elo 1914.8),Poke Maniac Larry (Elo 1046.3),Bug Catcher Wade Rematch 1 (7 games),5.21,Flareon Lv50 (Flash Fire): Quick Attack/Bite/Fire Spin/Fire Fang
329,poke_maniac_harrison_0534,Poke Maniac Harrison,Trainerclass Poke Maniac,230,314,0.423,569,739,1421.0,D,Biker Aiden Rematch 2 (Elo 1775.5),Camper Virgil (Elo 1112.5),Camper Clark (7 games),10.17,Nidoking Lv50 (Rivalry): Peck/Focus Energy/Double Kick/Poison Sting | Nidoqueen Lv50 (Rivalry): Scratch/Tail Whip/Double Kick/Poison Sting
330,bug_catcher_wade_0461,Bug Catcher Wade Rematch 1,Trainerclass Bug Catcher,229,315,0.421,587,755,1446.9,D+,Hiker Anthony Rematch 3 (Elo 1828.2),Youngster Mikey (Elo 1088.2),Biker Harris (7 games),13.61,Metapod Lv50 (Shed Skin): Bug Bite/String Shot | Butterfree Lv50 (Compound Eyes): Psybeam/Silver Wind/Supersonic/Whirlwind | Kakuna Lv50 (Shed Skin): Bug Bite/Poison Sting/String Shot | Metapod Lv50 (Shed Skin): Bug Bite/String Shot
331,biker_zeke_0311,Biker Zeke,Trainerclass Biker,229,315,0.421,597,764,1442.7,D+,School Kid Tommy (Elo 1906.2),Bug Catcher Arnie (Elo 1139.5),School Kid Billy (7 games),6.06,Koffing Lv50 (Levitate): Haze/Gyro Ball/Explosion/Sludge Bomb | Koffing Lv50 (Levitate): Haze/Gyro Ball/Explosion/Sludge Bomb
332,sailor_parker_0668,Sailor Parker,Trainerclass Sailor,229,315,0.421,599,774,1423.1,D,Poke Maniac Brent Rematch 3 (Elo 1894.0),Picnicker Tiffany Rematch 1 (Elo 1054.6),Psychic Greg (7 games),8.19,Horsea Lv50 (Sniper): Water Pulse/Focus Energy/Twister/Agility | Seadra Lv50 (Sniper): Water Pulse/Focus Energy/Twister/Agility
333,youngster_ian_0613,Youngster Ian Rematch 1,Trainerclass Youngster,228,316,0.419,620,801,1465.2,D+,Biker Aiden Rematch 3 (Elo 1941.7),Pokefan Trevor (Elo 1063.2),Boarder Deandre (7 games),7.0,Mankey Lv50 (Vital Spirit): Karate Chop/Seismic Toss/Screech/Assurance | Dugtrio Lv50 (Sand Veil): Sucker Punch/Sand Tomb/Earth Power/Mud Bomb
334,skier_jill_0481,Skier Jill,Trainerclass Skier,228,316,0.419,582,755,1412.2,D,Psychic Eli (Elo 1882.2),Youngster Joey (Elo 936.6),Lass Shannon (7 games),14.84,Dewgong Lv50 (Thick Fat): Ice Shard/Rest/Aqua Ring/Aurora Beam
335,teacher_shirley_0427,Teacher Shirley,Trainerclass Teacher,227,317,0.417,609,786,1441.5,D+,Biker Aiden Rematch 1 (Elo 1826.0),Hiker Parry (Elo 1109.6),Biker Reese Rematch 2 (7 games),8.45,Chatot Lv50 (Tangled Feet): Mimic/Roost/Uproar/Feather Dance | Jigglypuff Lv50 (Cute Charm): Body Slam/Gyro Ball/Wake Up Slap/Mimic
336,swimmer_f_diana_0297,Swimmer Diana,Trainerclass Swimmer F,225,319,0.414,620,809,1432.3,D+,Firebreather Otis (Elo 1920.8),School Kid Chad (Elo 898.6),Psychic Greg (7 games),6.6,Golduck Lv50 (Cloud Nine): Water Pulse/Zen Headbutt/Psych Up/Disable
337,bug_catcher_rob_0624,Bug Catcher Rob Rematch 3,Trainerclass Bug Catcher,224,320,0.412,608,801,1435.0,D+,Psychic Herman (Elo 1902.7),Teacher Colette (Elo 1091.7),Swimmer Harold (7 games),8.81,Beedrill Lv50 (Swarm): Agility/Assurance/Poison Jab/Endeavor | Butterfree Lv50 (Compound Eyes): Tailwind/Safeguard/Captivate/Bug Buzz
338,pokefan_beverly_0608,Pokefan Beverly Rematch 3,Trainerclass Pokefan,218,326,0.401,554,771,1392.2,D,Biker Aiden Rematch 1 (Elo 1826.0),Sailor Terrell (Elo 1081.3),Pokefan William (7 games),4.94,Granbull Lv50 (Intimidate): Roar/Rage/Take Down/Payback
339,twins_clea_gil_0499,Twins Clea & Gil,Trainerclass Twins,217,327,0.399,552,777,1416.8,D,Camper Todd Rematch 2 (Elo 1874.9),Bird Keeper Ernie (Elo 1098.0),Bird Keeper Justin (7 games),4.26,Dratini Lv50 (Shed Skin): Thunder Wave/Twister/Thunderbolt/Headbutt | Dratini Lv50 (Shed Skin): Thunder Wave/Twister/Surf/Headbutt
340,gentleman_alfred_0401,Gentleman Alfred,Trainerclass Gentleman,217,327,0.399,557,776,1411.8,D,Twins Jo & Zoe Rematch (Elo 1790.9),Picnicker Piper (Elo 1034.4),Lass Dana (7 games),8.72,Noctowl Lv50 (Insomnia): Peck/Uproar/Reflect/Confusion
341,super_nerd_cary_0681,Super Nerd Cary,Trainerclass Super Nerd,217,327,0.399,557,774,1397.0,D,Psychic Vernon (Elo 1777.0),Picnicker Brooke (Elo 980.9),Bug Catcher Rob (7 games),6.87,Torkoal Lv50 (White Smoke): Overheat/Iron Tail/Body Slam/Iron Defense
342,psychic_m_nelson_0389,Psychic Nelson,Trainerclass Psychic M,216,328,0.397,549,776,1396.5,D,Black Belt Kenji Rematch 1 (Elo 1804.2),Pokefan Marigold (Elo 1048.2),Burglar Orson (7 games),10.24,Slowpoke Lv50 (Oblivious): Tackle/Growl/Water Gun | Slowpoke Lv50 (Own Tempo): Curse/Headbutt/Water Gun/Confusion
343,swimmer_f_kara_0093,Swimmer Kara,Trainerclass Swimmer F,215,329,0.395,540,768,1415.2,D,Hiker Kenny Rematch 3 (Elo 1879.1),Sage Neal (Elo 1041.8),Firebreather Walt (7 games),12.68,Staryu Lv50 (Natural Cure): Water Gun/Rapid Spin/Recover/Camouflage | Starmie Lv50 (Natural Cure): Water Gun/Rapid Spin/Recover/Swift
344,pokefan_m_william_0181,Pokefan William,Trainerclass Pokefan M,215,329,0.395,579,811,1414.4,D,Medium Darcy (Elo 1815.2),Pokefan Derek (Elo 992.7),Bug Catcher Ellis (7 games),5.38,Raichu Lv50 (Static): Thunder Shock/Tail Whip/Quick Attack/Thunderbolt
345,fisherman_tully_0323,Fisherman Tully Rematch 1,Trainerclass Fisherman,214,330,0.393,545,777,1412.0,D,Poke Maniac Brent Rematch 2 (Elo 1904.1),Scientist Mitch (Elo 1010.1),Super Nerd Eric (7 games),6.12,Qwilfish Lv50 (Poison Point): Stockpile/Spit Up/Revenge/Brine
346,fisherman_liam_0587,Fisherman Liam,Trainerclass Fisherman,214,330,0.393,557,791,1383.4,D-,Ace Trainer Arabella (Elo 1864.5),Youngster Gordon (Elo 972.2),Camper Lloyd (7 games),5.14,Seadra Lv50 (Poison Point): Agility/Twister/Brine/Hydro Pump
347,bird_keeper_gs_toby_0082,Bird Keeper Toby,Trainerclass Bird Keeper Gs,213,331,0.392,538,772,1398.2,D,Lass Michelle (Elo 1748.4),Hiker Anthony (Elo 1092.2),Beauty Caroline (7 games),10.89,Doduo Lv50 (Early Bird): Growl/Quick Attack/Rage/Fury Attack | Doduo Lv50 (Early Bird): Growl/Quick Attack/Rage/Fury Attack | Doduo Lv50 (Early Bird): Growl/Quick Attack/Rage/Fury Attack
348,biker_reese_0313,Biker Reese,Trainerclass Biker,212,332,0.39,546,788,1396.2,D,Ace Trainer Bonita (Elo 1826.1),Fisherman Henry (Elo 1042.8),Sailor Garrett (7 games),6.92,Weezing Lv50 (Levitate): Sludge/Haze/Double Hit/Explosion
349,hiker_edwin_0677,Hiker Edwin,Trainerclass Hiker,212,332,0.39,533,769,1390.6,D-,Ace Trainer Jamie Rematch 3 (Elo 1983.3),Sage Troy (Elo 1073.6),Ace Trainer Lois (7 games),7.14,Golem Lv50 (Rock Head): Double Edge/Rock Slide/Sandstorm/Roar
350,bird_keeper_gs_boris_0301,Bird Keeper Boris,Trainerclass Bird Keeper Gs,211,333,0.388,566,810,1417.9,D,Fisherman Stephen (Elo 1839.3),Skier Diana (Elo 1065.7),Poke Maniac Morgan (7 games),12.27,Doduo Lv50 (Early Bird): Uproar/Acupressure/Double Hit/Agility | Doduo Lv50 (Early Bird): Uproar/Acupressure/Double Hit/Agility | Dodrio Lv50 (Early Bird): Uproar/Acupressure/Tri Attack/Agility
351,pokefan_beverly_0437,Pokefan Beverly Rematch 2,Trainerclass Pokefan,210,334,0.386,557,808,1409.8,D,Biker Aiden Rematch 2 (Elo 1775.5),Hiker Parry (Elo 1109.6),Bird Keeper Roy (7 games),5.43,Granbull Lv50 (Intimidate): Headbutt/Roar/Rage/Take Down
352,bug_catcher_rob_0048,Bug Catcher Rob,Trainerclass Bug Catcher,210,334,0.386,608,847,1405.8,D,Psychic Herman (Elo 1902.7),Lass Connie (Elo 1029.1),Super Nerd Cary (7 games),9.12,Beedrill Lv50 (Swarm): Agility/Assurance/Poison Jab/Endeavor | Butterfree Lv50 (Compound Eyes): Silver Wind/Tailwind/Safeguard/Captivate
353,picnicker_debra_0139,Picnicker Debra,Trainerclass Picnicker,208,336,0.382,569,822,1409.2,D,School Kid Tommy (Elo 1906.2),Pokefan Derek (Elo 992.7),Medium Martha (7 games),7.45,Seaking Lv50 (Water Veil): Flail/Aqua Ring/Fury Attack/Waterfall
354,firebreather_ned_0282,Firebreather Ned,Trainerclass Firebreather,208,336,0.382,529,784,1393.7,D,Lass Laura (Elo 1794.3),Fisherman Henry (Elo 1042.8),Hiker Michael (7 games),14.49,Koffing Lv50 (Levitate): Tackle/Smog/Smoke Screen/Assurance | Growlithe Lv50 (Intimidate): Ember/Leer/Odor Sleuth/Helping Hand | Koffing Lv50 (Levitate): Tackle/Smog/Smoke Screen/Assurance
355,boarder_deandre_0482,Boarder Deandre,Trainerclass Boarder,207,337,0.381,553,804,1423.5,D,Young Couple Tim & Sue Rematch 3 (Elo 1864.0),Lass Connie (Elo 1029.1),Youngster Ian Rematch 1 (7 games),35.55,Seel Lv50 (Thick Fat): Encore/Ice Shard/Rest/Aqua Ring | Dewgong Lv50 (Thick Fat): Encore/Ice Shard/Rest/Aqua Ring | Seel Lv50 (Thick Fat): Encore/Ice Shard/Rest/Aqua Ring
356,hiker_leonard_0204,Hiker Leonard,Trainerclass Hiker,207,337,0.381,553,813,1390.2,D-,Ace Trainer Bonita (Elo 1826.1),Twins Amy & Mimi (Elo 1005.7),Bird Keeper Kinsley (7 games),4.4,Geodude Lv50 (Sturdy): Rock Throw/Magnitude/Selfdestruct/Rollout | Machop Lv50 (No Guard): Foresight/Seismic Toss/Revenge/Vital Throw
357,school_kid_m_alan_0024,School Kid Alan,Trainerclass School Kid M,207,337,0.381,552,818,1357.7,D-,Fisherman Kyle Rematch 3 (Elo 1934.4),Firebreather Ray (Elo 956.6),Youngster Ian Rematch 2 (7 games),9.49,Tangela Lv50 (Chlorophyll): Sleep Powder/Absorb/Growth/Poison Powder
358,school_kid_m_dudley_0329,School Kid Dudley,Trainerclass School Kid M,204,340,0.375,511,783,1373.9,D-,Ace Trainer Joyce (Elo 1879.7),Firebreather Ray (Elo 956.6),Fisherman Ralph Rematch 2 (7 games),5.29,Oddish @ Sitrus Berry Lv50 (Chlorophyll): Natural Gift/Moonlight/Giga Drain/Petal Dance
359,scientist_gs_daniel_0686,Scientist Daniel,Trainerclass Scientist Gs,203,341,0.373,540,816,1368.3,D-,Firebreather Walt Rematch 3 (Elo 1883.6),Fisherman Henry (Elo 1042.8),Young Couple Tim & Sue Rematch 1 (7 games),6.7,Ninetales Lv50 (Flash Fire): Overheat/Will O Wisp/Quick Attack/Roar
360,bug_catcher_doug_0140,Bug Catcher Doug,Trainerclass Bug Catcher,202,342,0.371,537,817,1357.1,D-,Psychic Herman (Elo 1902.7),Teacher Colette (Elo 1091.7),Bug Catcher Arnie Rematch 2 (7 games),10.09,Butterfree Lv50 (Compound Eyes): Silver Wind/Tailwind/Safeguard/Captivate | Ariados Lv50 (Swarm): Fury Swipes/Sucker Punch/Spider Web/Agility
361,swimmer_m_parker_0377,Swimmer Parker,Trainerclass Swimmer M,201,343,0.369,538,815,1403.7,D,School Kid Tommy (Elo 1906.2),Pokefan Ruth (Elo 999.3),Picnicker Erin (7 games),8.39,Horsea Lv50 (Sniper): Water Pulse/Focus Energy/Twister/Agility | Seadra Lv50 (Sniper): Water Pulse/Focus Energy/Twister/Agility
362,gentleman_milton_0551,Gentleman Milton,Trainerclass Gentleman,199,345,0.366,547,833,1385.1,D-,School Kid Tommy (Elo 1906.2),Swimmer Elaine (Elo 965.3),School Kid Ricky (7 games),5.71,Growlithe Lv50 (Intimidate): Flamethrower/Agility/Crunch/Heat Wave
363,fisherman_ralph_0462,Fisherman Ralph Rematch 1,Trainerclass Fisherman,198,346,0.364,542,840,1374.2,D-,Ace Trainer Kevin (Elo 1977.5),Pokefan Beverly (Elo 1008.9),Picnicker Sharon (7 games),7.26,Seaking Lv50 (Swift Swim): Flail/Aqua Ring/Fury Attack/Waterfall
364,sailor_garrett_0240,Sailor Garrett,Trainerclass Sailor,197,347,0.362,581,875,1357.2,D-,Ace Trainer Jamie Rematch 3 (Elo 1983.3),Picnicker Brooke (Elo 980.9),Hiker Dwight (7 games),6.19,Kingler Lv50 (Hyper Cutter): Metal Claw/Stomp/Protect/Guillotine
365,pokefan_m_jeremy_0423,Pokefan Jeremy,Trainerclass Pokefan M,196,348,0.36,518,821,1382.6,D-,Biker Aiden Rematch 1 (Elo 1826.0),Hiker Anthony (Elo 1092.2),Burglar Orson (7 games),7.91,Meowth Lv50 (Technician): Faint Attack/Taunt/Pay Day/Slash | Meowth Lv50 (Technician): Faint Attack/Taunt/Pay Day/Slash | Meowth Lv50 (Technician): Faint Attack/Taunt/Pay Day/Slash
366,lass_krise_0184,Lass Krise,Trainerclass Lass,196,348,0.36,501,806,1350.4,D-,Double Team Zac & Jen (Elo 1922.2),Swimmer Paula (Elo 1159.3),School Kid Travis (7 games),8.54,Oddish Lv50 (Chlorophyll): Absorb/Sweet Scent/Acid/Poison Powder | Cubone Lv50 (Rock Head): Bone Club/Headbutt/Leer/Focus Energy
367,black_belt_nob_0251,Black Belt Nob,Trainerclass Black Belt,195,349,0.358,523,828,1380.0,D-,Ace Trainer Bonita (Elo 1826.1),Fisherman Ralph (Elo 972.6),Hiker Devin (7 games),7.39,Machop Lv50 (No Guard): Vital Throw/Focus Energy/Karate Chop/Seismic Toss | Machoke Lv50 (No Guard): Leer/Karate Chop/Seismic Toss/Rock Slide
368,bug_catcher_dion_0688,Bug Catcher Dion,Trainerclass Bug Catcher,194,350,0.357,511,830,1357.8,D-,Picnicker Erin Rematch 3 (Elo 1902.0),Bug Catcher Wayne (Elo 1099.6),Twins Meg & Peg (7 games),5.77,Ariados Lv50 (Swarm): Agility/Pin Missile/Psychic/Poison Jab
369,camper_grant_0724,Camper Grant,Trainerclass Camper,193,351,0.355,549,866,1374.2,D-,Swimmer Jerome (Elo 1824.9),Youngster Mikey (Elo 1088.2),Fisherman Wilton Rematch 2 (7 games),11.13,Skiploom Lv50 (Chlorophyll): Poison Powder/Stun Spore/Sleep Powder/Bullet Seed | Marill Lv50 (Huge Power): Tail Whip/Water Gun/Rollout/Bubble Beam
370,policeman_dirk_0080,Policeman Dirk,Trainerclass Policeman,188,356,0.346,479,823,1361.1,D-,Twins Jo & Zoe Rematch (Elo 1790.9),Firebreather Ray (Elo 956.6),Bird Keeper Vance (7 games),8.62,Growlithe Lv50 (Intimidate): Roar/Ember/Leer/Odor Sleuth | Growlithe Lv50 (Intimidate): Roar/Ember/Leer/Odor Sleuth
371,bird_keeper_gs_bret_0421,Bird Keeper Bret,Trainerclass Bird Keeper Gs,187,357,0.344,518,849,1362.1,D-,Ace Trainer Megan (Elo 1937.6),Pokefan Trevor (Elo 1063.2),Bug Catcher Wade Rematch 3 (7 games),10.12,Taillow Lv50 (Guts): Wing Attack/Double Team/Endeavor/Aerial Ace | Fearow Lv50 (Keen Eye): Mirror Move/Agility/Assurance/Roost
372,poke_maniac_brent_0131,Poke Maniac Brent,Trainerclass Poke Maniac,187,357,0.344,475,816,1343.0,D-,Super Nerd Shawn (Elo 1689.5),Sailor Huey (Elo 1166.0),Bug Catcher Dane (7 games),10.53,Nidorina Lv50 (Poison Point): Tail Whip/Double Kick/Poison Sting/Fury Swipes | Nidorino Lv50 (Poison Point): Double Kick/Poison Sting/Fury Attack/Horn Attack
373,biker_teddy_0575,Biker Teddy,Trainerclass Biker,185,359,0.34,516,860,1396.1,D,Picnicker Erin Rematch 2 (Elo 1791.0),Youngster Gordon (Elo 972.2),Beauty Kassandra (7 games),6.04,Seviper Lv50 (Shed Skin): Poison Fang/Swagger/Haze/Night Slash
374,picnicker_erin_0151,Picnicker Erin,Trainerclass Picnicker,184,360,0.338,505,854,1362.8,D-,Picnicker Gina Rematch 3 (Elo 1800.3),Scientist Mitch (Elo 1010.1),Swimmer Parker (7 games),8.56,Ponyta Lv50 (Flash Fire): Tackle/Tail Whip/Ember/Flame Wheel | Oddish Lv50 (Chlorophyll): Absorb/Sweet Scent/Acid/Poison Powder
375,ace_trainer_m_brian_0104,Ace Trainer Brian,Trainerclass Ace Trainer M,182,362,0.335,486,844,1359.3,D-,Medium Darcy (Elo 1815.2),Skier Diana (Elo 1065.7),Beauty Charlotte (7 games),4.22,Mareep Lv50 (Static): Discharge/Signal Beam/Cotton Spore/Tackle
376,black_belt_kenji_0017,Black Belt Kenji,Trainerclass Black Belt,182,362,0.335,484,847,1353.0,D-,Camper Tanner Rematch 1 (Elo 1739.1),Scientist Mitch (Elo 1010.1),Biker Theron (7 games),5.2,Machoke Lv50 (Guts): Foresight/Seismic Toss/Revenge/Vital Throw
377,burglar_orson_0283,Burglar Orson,Trainerclass Burglar,182,362,0.335,482,842,1339.3,E+,Twins Jo & Zoe (Elo 1772.5),Swimmer Matthew (Elo 1059.6),Pokefan Jeremy (7 games),9.81,Growlithe Lv50 (Intimidate): Roar/Flame Wheel/Leer/Bite | Koffing Lv50 (Levitate): Tackle/Smog/Sludge/Smoke Screen
378,pokefan_georgia_0352,Pokefan Georgia,Trainerclass Pokefan,181,363,0.333,487,852,1366.7,D-,Young Couple Tim & Sue Rematch 2 (Elo 1783.3),Pokefan Ruth (Elo 999.3),Ace Trainer Mike (7 games),21.22,Sentret Lv50 (Keen Eye): Follow Me/Slam/Rest/Sucker Punch | Sentret Lv50 (Keen Eye): Follow Me/Slam/Rest/Sucker Punch | Sentret Lv50 (Keen Eye): Follow Me/Slam/Rest/Sucker Punch | Furret Lv50 (Keen Eye): Follow Me/Slam/Rest/Sucker Punch | Sentret Lv50 (Keen Eye): Follow Me/Slam/Rest/Sucker Punch
379,hiker_noland_0235,Hiker Noland,Trainerclass Hiker,181,363,0.333,596,958,1362.9,D-,Ace Trainer Jamie Rematch 2 (Elo 2013.0),Fisherman Kyler Rematch 3 (Elo 916.2),Bird Keeper Vance Rematch 1 (7 games),20.65,Bronzor Lv50 (Levitate): Iron Defense/Safeguard/Gyro Ball/Future Sight | Golem Lv50 (Sturdy): Rollout/Rock Blast/Earthquake/Explosion
380,swimmer_m_randall_0086,Swimmer Randall,Trainerclass Swimmer M,181,363,0.333,479,844,1319.5,E+,Young Couple Tim & Sue Rematch 2 (Elo 1783.3),Pokefan Ruth (Elo 999.3),Picnicker Liz Rematch 1 (7 games),15.07,Shellder Lv50 (Shell Armor): Supersonic/Icicle Spear/Withdraw/Tackle | Wartortle Lv50 (Torrent): Rapid Spin/Bite/Water Gun/Tail Whip | Shellder Lv50 (Skill Link): Supersonic/Icicle Spear/Withdraw/Tackle
381,hiker_jim_0359,Hiker Jim,Trainerclass Hiker,180,364,0.331,483,848,1361.1,D-,Boarder Bryce (Elo 1808.4),Scientist Mitch (Elo 1010.1),Super Nerd Pat (7 games),6.03,Machamp Lv50 (No Guard): Submission/Wake Up Slap/Cross Chop/Scary Face
382,sage_chow_0043,Sage Chow,Trainerclass Sage,179,365,0.329,416,790,1297.2,E+,Fisherman Murphy (Elo 1760.1),Twins Amy & Mimi Rematch (Elo 950.8),Swimmer Mina (7 games),9.5,Bellsprout Lv50 (Chlorophyll): Vine Whip | Bellsprout Lv50 (Chlorophyll): Vine Whip | Bellsprout Lv50 (Chlorophyll): Vine Whip
383,picnicker_liz_0276,Picnicker Liz Rematch 1,Trainerclass Picnicker,177,367,0.325,481,858,1337.4,E+,Lass Krise Rematch 3 (Elo 1851.0),Youngster Mikey (Elo 1088.2),Swimmer Randall (7 games),11.46,Weepinbell Lv50 (Chlorophyll): Acid/Knock Off/Sweet Scent/Gastro Acid | Nidorina Lv50 (Rivalry): Bite/Helping Hand/Toxic Spikes/Flatter
384,gentleman_edward_0231,Gentleman Edward,Trainerclass Gentleman,175,369,0.322,494,877,1342.2,E+,Ace Trainer Alton (Elo 1799.6),Scientist Mitch (Elo 1010.1),Bird Keeper Gail (7 games),6.66,Persian Lv50 (Limber): Faint Attack/Taunt/Power Gem/Slash
385,biker_ernest_0576,Biker Ernest,Trainerclass Biker,173,371,0.318,466,859,1321.8,E+,Juggler Irwin Rematch 3 (Elo 1747.0),Scientist Mitch (Elo 1010.1),Biker Zeke (7 games),12.01,Teddiursa Lv50 (Quick Feet): Slash/Charm/Rest/Snore | Marill Lv50 (Huge Power): Double Edge/Rain Dance/Aqua Tail/Hydro Pump
386,youngster_samuel_0062,Youngster Samuel,Trainerclass Youngster,172,372,0.316,444,840,1328.2,E+,Kimono Girl Sayo (Elo 1708.1),Sailor Terrell (Elo 1081.3),Bird Keeper Hank (7 games),15.14,Rattata Lv50 (Guts): Tackle/Tail Whip/Quick Attack/Focus Energy | Sandshrew Lv50 (Sand Veil): Scratch/Defense Curl/Sand Attack/Poison Sting | Spearow Lv50 (Keen Eye): Peck/Growl/Leer | Spearow Lv50 (Keen Eye): Peck/Growl/Leer
387,poke_maniac_shane_0129,Poke Maniac Shane,Trainerclass Poke Maniac,170,374,0.312,446,849,1346.7,D-,Pokefan Derek Rematch 3 (Elo 1581.3),Teacher Colette (Elo 1091.7),Poke Maniac Harrison (7 games),10.96,Nidorina Lv50 (Poison Point): Scratch/Tail Whip/Double Kick/Poison Sting | Nidorino Lv50 (Poison Point): Peck/Focus Energy/Double Kick/Poison Sting
388,picnicker_hope_0152,Picnicker Hope,Trainerclass Picnicker,170,374,0.312,484,887,1345.2,D-,Psychic Jared (Elo 1944.6),Twins Amy & Mimi (Elo 1005.7),Teacher Hillary (7 games),5.88,Flaaffy Lv50 (Static): Charge/Discharge/Signal Beam/Light Screen
389,beauty_callie_0671,Beauty Callie,Trainerclass Beauty,169,375,0.311,476,886,1346.2,D-,Fisherman Wilton Rematch 3 (Elo 1733.9),Picnicker Kim (Elo 970.3),Bug Catcher Rob (7 games),20.63,Clefable Lv50 (Cute Charm): Growl/Encore/Double Slap/Metronome | Wigglytuff Lv50 (Cute Charm): Sing/Defense Curl/Pound/Disable
390,sage_edmond_0052,Sage Edmond,Trainerclass Sage,168,376,0.309,410,827,1313.3,E+,Hiker Anthony Rematch 3 (Elo 1828.2),Twins Amy & Mimi Rematch (Elo 950.8),Fisherman Wilton Rematch 2 (7 games),9.4,Bellsprout Lv50 (Chlorophyll): Vine Whip | Bellsprout Lv50 (Chlorophyll): Vine Whip | Bellsprout Lv50 (Chlorophyll): Vine Whip
391,sage_nico_0051,Sage Nico,Trainerclass Sage,167,377,0.307,402,821,1320.7,E+,Fisherman Murphy (Elo 1760.1),Twins Amy & Mimi Rematch (Elo 950.8),Picnicker Gina Rematch 1 (7 games),9.12,Bellsprout Lv50 (Chlorophyll): Vine Whip | Bellsprout Lv50 (Chlorophyll): Vine Whip | Bellsprout Lv50 (Chlorophyll): Vine Whip
392,twins_meg_peg_0426,Twins Meg & Peg Rematch,Trainerclass Twins,165,379,0.303,416,843,1319.8,E+,Juggler Irwin Rematch 3 (Elo 1747.0),Picnicker Tiffany Rematch 1 (Elo 1054.6),Picnicker Hope (7 games),5.99,Phanpy Lv50 (Pickup): Slam/Endure/Charm/Last Resort | Teddiursa Lv50 (Quick Feet): Faint Attack/Sweet Scent/Slash/Charm
393,scientist_gs_ross_0468,Scientist Ross,Trainerclass Scientist Gs,165,379,0.303,447,875,1301.1,E+,Lass Michelle (Elo 1748.4),Fisherman Henry (Elo 1042.8),Super Nerd Waldo (7 games),8.86,Koffing Lv50 (Levitate): Smog/Smoke Screen/Assurance/Selfdestruct | Koffing Lv50 (Levitate): Smog/Smoke Screen/Assurance/Selfdestruct
394,school_kid_m_jack_0178,School Kid Jack,Trainerclass School Kid M,164,380,0.301,470,899,1328.3,E+,Bug Catcher Wade Rematch 2 (Elo 1794.9),Pokefan Marigold (Elo 1048.2),School Kid Travis (7 games),8.68,Oddish Lv50 (Chlorophyll): Absorb/Sweet Scent/Acid | Voltorb Lv50 (Soundproof): Tackle/Sonic Boom/Spark/Rollout
395,poke_maniac_ron_0132,Poke Maniac Ron,Trainerclass Poke Maniac,163,381,0.3,428,865,1310.9,E+,Juggler Irwin Rematch 3 (Elo 1747.0),Pokefan Beverly (Elo 1008.9),Bug Catcher Arnie Rematch 1 (7 games),6.8,Nidoking Lv50 (Rivalry): Peck/Focus Energy/Double Kick/Poison Sting
396,bird_keeper_gs_gail_0553,Bird Keeper Gail,Trainerclass Bird Keeper Gs,159,385,0.292,467,919,1310.5,E+,Ace Trainer Paulo (Elo 1831.0),Hiker Anthony (Elo 1092.2),Youngster Joey Rematch 2 (7 games),11.33,Fearow Lv50 (Keen Eye): Mirror Move/Agility/Assurance/Roost | Spearow Lv50 (Keen Eye): Agility/Assurance/Roost/Drill Peck
397,beauty_kassandra_0672,Beauty Kassandra,Trainerclass Beauty,158,386,0.29,433,897,1289.8,E+,Ace Trainer Arabella (Elo 1864.5),Picnicker Selina (Elo 1052.8),Biker Teddy (7 games),19.64,Wigglytuff Lv50 (Cute Charm): Sing/Defense Curl/Pound/Disable | Clefable Lv50 (Cute Charm): Growl/Encore/Double Slap/Metronome
398,poke_maniac_andrew_0201,Poke Maniac Andrew,Trainerclass Poke Maniac,157,387,0.289,432,894,1279.3,E+,Double Team Zac & Jen (Elo 1922.2),Sage Neal (Elo 1041.8),Picnicker Sharon (7 games),12.16,Marowak Lv50 (Rock Head): Leer/Focus Energy/Bonemerang/Rage | Marowak Lv50 (Rock Head): Leer/Focus Energy/Bonemerang/Rage
399,bug_catcher_arnie_0360,Bug Catcher Arnie Rematch 1,Trainerclass Bug Catcher,156,388,0.287,421,884,1260.3,E,Juggler Irwin Rematch 3 (Elo 1747.0),Firebreather Ray (Elo 956.6),Firebreather Richard (7 games),7.18,Venonat Lv50 (Compound Eyes): Stun Spore/Psybeam/Sleep Powder/Signal Beam
400,sailor_roberto_0214,Sailor Roberto,Trainerclass Sailor,155,389,0.285,426,884,1338.7,E+,Biker Charles (Elo 1725.6),Picnicker Piper (Elo 1034.4),Hiker Clarke (7 games),13.12,Machop Lv50 (Guts): Leer/Focus Energy/Karate Chop/Foresight | Machop Lv50 (No Guard): Leer/Focus Energy/Karate Chop/Foresight | Poliwhirl Lv50 (Damp): Hypnosis/Water Gun/Double Slap/Rain Dance
401,super_nerd_eric_0233,Super Nerd Eric,Trainerclass Super Nerd,154,390,0.283,414,883,1337.5,E+,Bug Catcher Ken (Elo 1640.5),Beauty Victoria (Elo 1116.4),Lass Krise Rematch 2 (7 games),14.22,Grimer Lv50 (Stench): Poison Gas/Pound/Harden/Mud Slap | Grimer Lv50 (Stench): Poison Gas/Pound/Harden/Mud Slap
402,bird_keeper_gs_jose_0303,Bird Keeper Jose Rematch 1,Trainerclass Bird Keeper Gs,153,391,0.281,432,908,1284.0,E+,Beauty Julia (Elo 1789.1),Pokefan Beverly (Elo 1008.9),Sailor Huey (7 games),5.61,Farfetchd Lv50 (Keen Eye): Agility/Night Slash/Air Slash/Feint
403,bird_keeper_gs_bryan_0072,Bird Keeper Bryan,Trainerclass Bird Keeper Gs,153,391,0.281,400,879,1275.2,E,Youngster Ian Rematch 3 (Elo 1632.9),Picnicker Brooke (Elo 980.9),Lass Krise Rematch 1 (7 games),11.11,Pidgey Lv50 (Keen Eye): Tackle/Sand Attack/Gust | Pidgeotto Lv50 (Keen Eye): Tackle/Sand Attack/Gust/Quick Attack
404,twins_meg_peg_0425,Twins Meg & Peg,Trainerclass Twins,152,392,0.279,405,889,1265.4,E,Ace Trainer Jamie (Elo 1737.8),Fisherman Ralph (Elo 972.6),Bug Catcher Dion (7 games),5.72,Teddiursa Lv50 (Quick Feet): Faint Attack/Sweet Scent/Slash/Charm | Phanpy Lv50 (Pickup): Slam/Endure/Charm/Last Resort
405,bird_keeper_gs_bert_0580,Bird Keeper Bert,Trainerclass Bird Keeper Gs,151,393,0.278,429,910,1296.5,E+,Ace Trainer Paulo (Elo 1831.0),Bird Keeper Abe (Elo 958.2),Pokefan Boone (7 games),12.84,Wingull Lv50 (Keen Eye): Roost/Pursuit/Agility/Aerial Ace | Fearow Lv50 (Keen Eye): Mirror Move/Agility/Assurance/Roost
406,psychic_m_greg_0386,Psychic Greg,Trainerclass Psychic M,151,393,0.278,464,945,1277.8,E,School Kid Joe (Elo 1827.5),Skier Cady (Elo 836.9),Beauty Valerie (7 games),8.0,Drowzee Lv50 (Insomnia): Hypnosis/Disable/Dream Eater
407,hiker_parry_0451,Hiker Parry Rematch 1,Trainerclass Hiker,149,395,0.274,458,951,1308.4,E+,Ace Trainer Jamie Rematch 3 (Elo 1983.3),Swimmer Elaine (Elo 965.3),Scientist Ross (7 games),12.04,Onix Lv50 (Rock Head): Slam/Rock Polish/Dragon Breath/Curse | Graveler Lv50 (Rock Head): Selfdestruct/Rollout/Rock Blast/Earthquake
408,biker_theron_0573,Biker Theron,Trainerclass Biker,148,396,0.272,446,944,1308.2,E+,Fisherman Tully Rematch 3 (Elo 1913.6),Youngster Gordon (Elo 972.2),Black Belt Kenji (7 games),4.9,Croagunk Lv50 (Dry Skin): Nasty Plot/Poison Jab/Sludge Bomb/Flatter
409,biker_dale_0569,Biker Dale,Trainerclass Biker,148,396,0.272,400,897,1264.1,E,Beauty Julia (Elo 1789.1),Pokefan Trevor (Elo 1063.2),Swimmer Susie (7 games),6.15,Gulpin @ Black Sludge Lv50 (Sticky Hold): Spit Up/Swallow/Sludge Bomb/Gastro Acid
410,picnicker_adrian_0578,Picnicker Adrian,Trainerclass Picnicker,148,396,0.272,447,944,1260.8,E,Ace Trainer Joyce (Elo 1879.7),Bug Catcher Al (Elo 887.4),Pokefan Derek Rematch 1 (7 games),7.44,Shroomish Lv50 (Effect Spore): Growth/Giga Drain/Seed Bomb/Spore
411,fisherman_edgar_0125,Fisherman Edgar,Trainerclass Fisherman,147,397,0.27,406,903,1291.9,E+,Hiker Bruce (Elo 1684.5),School Kid Chad (Elo 898.6),Super Nerd Cary (7 games),6.24,Remoraid Lv50 (Hustle): Lock On/Psybeam/Aurora Beam/Bubble Beam | Remoraid Lv50 (Sniper): Lock On/Psybeam/Aurora Beam/Bubble Beam
412,super_nerd_waldo_0682,Super Nerd Waldo,Trainerclass Super Nerd,147,397,0.27,416,915,1246.9,E,Double Team Zac & Jen (Elo 1922.2),School Kid Chad (Elo 898.6),Scientist Ross (7 games),4.23,Numel Lv50 (Simple): Overheat/Amnesia/Earth Power/Magnitude
413,beauty_charlotte_0720,Beauty Charlotte,Trainerclass Beauty,147,397,0.27,392,891,1225.9,E-,Ace Trainer Joyce (Elo 1879.7),Twins Amy & Mimi Rematch (Elo 950.8),Beauty Callie (7 games),11.18,Bellossom Lv50 (Chlorophyll): Mega Drain/Sweet Scent/Stun Spore/Sunny Day
414,bird_keeper_gs_vance_0137,Bird Keeper Vance,Trainerclass Bird Keeper Gs,146,398,0.268,396,902,1283.7,E+,Swimmer Luis (Elo 1632.8),Swimmer Denise (Elo 1013.7),Policeman Dirk (7 games),9.86,Hoothoot Lv50 (Insomnia): Uproar/Reflect/Confusion/Take Down | Pidgeotto Lv50 (Keen Eye): Quick Attack/Whirlwind/Twister/Feather Dance
415,pokefan_m_derek_0438,Pokefan Derek Rematch 1,Trainerclass Pokefan M,146,398,0.268,436,941,1264.4,E,Black Belt Kiyo (Elo 1678.5),Youngster Joey Rematch 1 (Elo 1045.6),Picnicker Adrian (7 games),7.91,Teddiursa Lv50 (Pickup): Fake Tears/Fury Swipes/Faint Attack/Sweet Scent | Pikachu Lv50 (Static): Double Team/Slam/Thunderbolt/Feint
416,swimmer_f_susie_0091,Swimmer Susie,Trainerclass Swimmer F,146,398,0.268,405,905,1258.3,E,Ace Trainer Kevin (Elo 1977.5),Sage Neal (Elo 1041.8),Biker Dale (7 games),9.05,Psyduck Lv50 (Damp): Scratch/Water Gun/Disable/Confusion | Goldeen Lv50 (Swift Swim): Flail/Water Pulse/Supersonic/Horn Attack
417,hiker_timothy_0146,Hiker Timothy,Trainerclass Hiker,145,399,0.267,422,932,1312.6,E+,School Kid Tommy (Elo 1906.2),Bird Keeper Abe (Elo 958.2),Youngster Owen (7 games),10.69,Diglett Lv50 (Sand Veil): Earth Power/Dig/Sand Attack/Sucker Punch | Dugtrio Lv50 (Sand Veil): Earth Power/Dig/Sand Attack/Sucker Punch
418,bug_catcher_ellis_0690,Bug Catcher Ellis,Trainerclass Bug Catcher,145,399,0.267,414,922,1252.8,E,Young Couple Tim & Sue Rematch 3 (Elo 1864.0),Fisherman Ralph (Elo 972.6),Pokefan William (7 games),12.08,Weedle Lv50 (Shield Dust): Poison Sting/String Shot/Bug Bite | Kakuna Lv50 (Shed Skin): Harden | Beedrill Lv50 (Swarm): Agility/Assurance/Poison Jab/Endeavor
419,bird_keeper_gs_josh_0562,Bird Keeper Josh,Trainerclass Bird Keeper Gs,142,402,0.261,389,906,1298.1,E+,School Kid Tommy (Elo 1906.2),Pokefan Beverly (Elo 1008.9),Gentleman Alfred Rematch 2 (7 games),6.01,Fearow Lv50 (Keen Eye): Aerial Ace/Mirror Move/Agility/Assurance
420,picnicker_tiffany_0467,Picnicker Tiffany Rematch 2,Trainerclass Picnicker,141,403,0.259,391,914,1264.8,E,Kimono Girl Zuki (Elo 1838.8),Bug Catcher Stacey (Elo 874.2),Camper Roland (7 games),17.06,Clefable Lv50 (Cute Charm): Gravity/Sing/Wake Up Slap/Moonlight
421,scientist_gs_trenton_0472,Scientist Trenton,Trainerclass Scientist Gs,140,404,0.257,418,940,1275.5,E,Medium Darcy (Elo 1815.2),Swimmer Leona (Elo 884.3),Swimmer Berke (7 games),10.13,Porygon Lv50 (Download): Conversion/Conversion 2/Recover/Charge Beam
422,school_kid_m_ricky_0429,School Kid Ricky,Trainerclass School Kid M,138,406,0.254,408,945,1262.9,E,Hiker Anthony Rematch 3 (Elo 1828.2),Fisherman Raymond (Elo 869.8),Black Belt Yoshi (7 games),11.32,Aipom @ Hard Stone Lv50 (Run Away): Agility/Double Hit/Fling/Nasty Plot | Ditto Lv50 (Limber): Transform
423,twins_dara_dia_0385,Twins Dara & Dia,Trainerclass Twins,136,408,0.25,359,906,1278.1,E,Fisherman Kyle Rematch 1 (Elo 1766.0),Picnicker Brooke (Elo 980.9),Bird Keeper Boris (7 games),6.24,Mareep Lv50 (Static): Tackle/Growl/Thunder Shock/Thunder Wave | Marill Lv50 (Thick Fat): Defense Curl/Tail Whip/Water Gun/Rollout
424,teacher_hillary_0382,Teacher Hillary,Trainerclass Teacher,136,408,0.25,394,939,1251.4,E,Ace Trainer Piper (Elo 1715.7),Twins Amy & Mimi (Elo 1005.7),Picnicker Hope (7 games),8.02,Sunkern Lv50 (Solar Power): Razor Leaf/Synthesis/Sunny Day/Giga Drain | Aipom Lv50 (Pickup): Fury Swipes/Swift/Screech/Agility
425,gentleman_preston_0037,Gentleman Preston,Trainerclass Gentleman,136,408,0.25,371,920,1225.0,E-,Twins Jo & Zoe (Elo 1772.5),Firebreather Ray (Elo 956.6),Swimmer Tucker (7 games),11.48,Growlithe Lv50 (Intimidate): Ember/Leer/Odor Sleuth/Helping Hand | Growlithe Lv50 (Intimidate): Ember/Leer/Odor Sleuth/Helping Hand
426,black_belt_yoshi_0156,Black Belt Yoshi,Trainerclass Black Belt,135,409,0.248,440,991,1270.4,E,Lass Dana Rematch 2 (Elo 1871.5),Picnicker Tiffany (Elo 861.4),Youngster Joey (7 games),5.8,Hitmonlee Lv50 (Reckless): Double Kick/Meditate/Jump Kick/Focus Energy
427,camper_ted_0147,Camper Ted,Trainerclass Camper,135,409,0.248,397,940,1269.5,E,Kimono Girl Zuki (Elo 1838.8),Bird Keeper Abe (Elo 958.2),Camper Virgil (7 games),3.67,Mankey Lv50 (Anger Point): Focus Energy/Fury Swipes/Karate Chop/Seismic Toss
428,camper_ivan_0074,Camper Ivan,Trainerclass Camper,135,409,0.248,401,949,1250.3,E,School Kid Danny (Elo 1914.8),Pokefan Derek (Elo 992.7),Super Nerd Tyrone (7 games),14.11,Diglett Lv50 (Sand Veil): Scratch/Sand Attack/Growl/Astonish | Zubat Lv50 (Inner Focus): Leech Life/Supersonic/Astonish | Diglett Lv50 (Sand Veil): Sand Attack/Growl/Astonish/Magnitude
429,picnicker_gina_0065,Picnicker Gina,Trainerclass Picnicker,135,409,0.248,413,958,1239.1,E,Kimono Girl Zuki (Elo 1838.8),Bird Keeper Abe (Elo 958.2),Pokefan Marigold (7 games),20.7,Hoppip Lv50 (Chlorophyll): Splash/Synthesis/Tail Whip | Hoppip Lv50 (Chlorophyll): Splash/Synthesis/Tail Whip | Bulbasaur Lv50 (Overgrow): Tackle/Growl/Leech Seed/Vine Whip
430,youngster_joey_0507,Youngster Joey Rematch 3,Trainerclass Youngster,135,409,0.248,418,964,1237.1,E,Young Couple Tim & Sue Rematch 3 (Elo 1864.0),Pokefan Derek (Elo 992.7),Biker Theron (7 games),6.4,Raticate Lv50 (Run Away): Hyper Fang/Quick Attack/Substitute/Endeavor
431,firebreather_bill_0319,Firebreather Bill,Trainerclass Firebreather,134,410,0.246,348,903,1228.9,E-,Hiker Devin (Elo 1558.8),Swimmer Elaine (Elo 965.3),Picnicker Gina (7 games),10.42,Koffing Lv50 (Levitate): Poison Gas/Tackle/Smog | Koffing Lv50 (Levitate): Poison Gas/Tackle/Smog
432,bird_keeper_gs_perry_0420,Bird Keeper Perry,Trainerclass Bird Keeper Gs,132,412,0.243,378,943,1258.3,E,Lass Dana Rematch 3 (Elo 1899.7),Picnicker Kim (Elo 970.3),School Kid Ricky (7 games),5.43,Farfetchd Lv50 (Inner Focus): Swords Dance/Agility/Night Slash/Air Slash
433,bird_keeper_gs_jose_0414,Bird Keeper Jose,Trainerclass Bird Keeper Gs,131,413,0.241,419,982,1272.5,E,Fisherman Stephen (Elo 1839.3),Swimmer Leona (Elo 884.3),Psychic Mark (7 games),5.54,Farfetchd Lv50 (Keen Eye): Swords Dance/Agility/Night Slash/Air Slash
434,swimmer_m_simon_0016,Swimmer Simon,Trainerclass Swimmer M,130,414,0.239,343,907,1234.9,E,School Kid Kipp (Elo 1703.0),Swimmer Denise (Elo 1013.7),Sailor Roberto (7 games),8.26,Tentacool Lv50 (Clear Body): Constrict/Acid/Toxic Spikes/Bubble Beam | Tentacool Lv50 (Liquid Ooze): Constrict/Acid/Toxic Spikes/Bubble Beam
435,picnicker_heidi_0332,Picnicker Heidi,Trainerclass Picnicker,129,415,0.237,343,913,1207.1,E-,Twins Kay & Tia Rematch 2 (Elo 1748.2),Twins Amy & Mimi Rematch (Elo 950.8),Lass Krise Rematch 1 (7 games),11.11,Skiploom Lv50 (Leaf Guard): Mega Drain/Cotton Spore/U Turn/Worry Seed | Skiploom Lv50 (Leaf Guard): Mega Drain/Cotton Spore/U Turn/Worry Seed
436,medium_bethany_0175,Medium Bethany,Trainerclass Medium,128,416,0.235,355,931,1264.3,E,Fisherman Stephen (Elo 1839.3),School Kid Chad (Elo 898.6),Picnicker Liz Rematch 2 (7 games),8.36,Haunter Lv50 (Levitate): Night Shade/Confuse Ray/Sucker Punch/Shadow Punch
437,sailor_kent_0213,Sailor Kent,Trainerclass Sailor,127,417,0.233,348,927,1271.0,E,Hiker Bruce (Elo 1684.5),School Kid Chad (Elo 898.6),Sage Jin (7 games),9.27,Krabby Lv50 (Hyper Cutter): Bubble Beam/Leer/Vice Grip/Harden | Krabby Lv50 (Shell Armor): Bubble Beam/Mud Shot/Vice Grip/Harden
438,school_kid_m_travis_0565,School Kid Travis,Trainerclass School Kid M,127,417,0.233,366,941,1236.6,E,Beauty Julia (Elo 1789.1),Picnicker Tiffany (Elo 861.4),Swimmer Berke (7 games),5.14,Budew Lv50 (Poison Point): Stun Spore/Giga Drain/Sludge Bomb/Nature Power
439,beauty_samantha_0070,Beauty Samantha,Trainerclass Beauty,127,417,0.233,333,913,1215.0,E-,Swimmer George (Elo 1620.5),Hiker Anthony (Elo 1092.2),Poke Maniac Shane (7 games),8.0,Meowth Lv50 (Technician): Scratch/Growl/Bite/Pay Day | Meowth Lv50 (Technician): Scratch/Growl/Bite/Slash
440,medium_margaret_0176,Medium Margaret,Trainerclass Medium,126,418,0.232,345,929,1296.8,E+,Fisherman Stephen (Elo 1839.3),School Kid Chad (Elo 898.6),Fisherman Arnold (7 games),8.94,Haunter Lv50 (Levitate): Night Shade/Confuse Ray/Sucker Punch/Shadow Punch
441,medium_edith_0493,Medium Edith,Trainerclass Medium,126,418,0.232,353,935,1257.0,E,Sailor Kenneth (Elo 1773.4),School Kid Chad (Elo 898.6),School Kid Torin (7 games),5.93,Haunter Lv50 (Levitate): Curse/Night Shade/Confuse Ray/Sucker Punch
442,pokefan_m_brandon_0409,Pokefan Brandon,Trainerclass Pokefan M,126,418,0.232,320,905,1214.4,E-,Young Couple Tim & Sue Rematch 1 (Elo 1644.5),Lass Carrie (Elo 1027.2),Bird Keeper Bryan (7 games),10.59,Snubbull Lv50 (Intimidate): Tail Whip/Charm/Bite/Lick | Mareep Lv50 (Static): Tackle/Growl/Thunder Shock
443,bird_keeper_gs_vance_0447,Bird Keeper Vance Rematch 1,Trainerclass Bird Keeper Gs,125,419,0.23,343,930,1227.0,E-,School Kid Johnny (Elo 1628.2),School Kid Chad (Elo 898.6),Hiker Noland (7 games),9.32,Hoothoot Lv50 (Insomnia): Confusion/Take Down/Air Slash/Zen Headbutt | Pidgeotto Lv50 (Keen Eye): Whirlwind/Twister/Feather Dance/Agility
444,youngster_owen_0380,Youngster Owen,Trainerclass Youngster,124,420,0.228,365,952,1233.9,E,Biker Aiden Rematch 2 (Elo 1775.5),Twins Amy & Mimi Rematch (Elo 950.8),Youngster Mikey (7 games),4.57,Growlithe Lv50 (Intimidate): Take Down/Flamethrower/Agility/Crunch
445,poke_maniac_donald_0392,Poke Maniac Donald,Trainerclass Poke Maniac,123,421,0.226,303,898,1190.3,E-,Young Couple Tim & Sue Rematch 2 (Elo 1783.3),Twins Amy & Mimi Rematch (Elo 950.8),Beauty Callie (7 games),22.61,Slowpoke Lv50 (Own Tempo): Yawn/Tackle/Growl/Water Gun | Slowpoke Lv50 (Own Tempo): Yawn/Tackle/Growl/Water Gun
446,medium_ethel_0177,Medium Ethel,Trainerclass Medium,122,422,0.224,347,943,1221.1,E-,Fisherman Stephen (Elo 1839.3),School Kid Chad (Elo 898.6),Poke Maniac Larry (7 games),8.7,Haunter Lv50 (Levitate): Night Shade/Confuse Ray/Sucker Punch/Shadow Punch
447,hiker_bailey_0154,Hiker Bailey,Trainerclass Hiker,122,422,0.224,300,900,1215.1,E-,Swimmer Ronald (Elo 1850.5),Firebreather Ray (Elo 956.6),Bug Catcher Dane (7 games),24.46,Geodude Lv50 (Sturdy): Defense Curl/Mud Sport/Rock Polish/Rock Throw | Geodude Lv50 (Sturdy): Defense Curl/Mud Sport/Rock Polish/Rock Throw | Geodude Lv50 (Sturdy): Defense Curl/Mud Sport/Rock Polish/Rock Throw | Geodude Lv50 (Sturdy): Defense Curl/Mud Sport/Rock Polish/Rock Throw | Geodude Lv50 (Sturdy): Defense Curl/Mud Sport/Rock Polish/Rock Throw
448,pokefan_m_colin_0424,Pokefan Colin,Trainerclass Pokefan M,120,424,0.221,368,979,1202.3,E-,Lass Laura (Elo 1794.3),Swimmer Leona (Elo 884.3),Poke Maniac Zach (7 games),4.26,Delibird Lv50 (Hustle): Present/Aerial Ace/Avalanche
449,twins_tori_til_0081,Twins Tori & Til,Trainerclass Twins,119,425,0.219,323,936,1218.1,E-,Swimmer Luis (Elo 1632.8),Picnicker Brooke (Elo 980.9),Camper Virgil (7 games),6.39,Marill Lv50 (Thick Fat): Defense Curl/Tail Whip/Water Gun/Rollout | Mareep Lv50 (Static): Tackle/Growl/Thunder Shock/Thunder Wave
450,bird_keeper_gs_peter_0383,Bird Keeper Peter,Trainerclass Bird Keeper Gs,119,425,0.219,315,924,1209.8,E-,School Kid Johnny (Elo 1628.2),Picnicker Brooke (Elo 980.9),Skier Diana (7 games),16.16,Pidgey Lv50 (Keen Eye): Tackle/Sand Attack | Pidgey Lv50 (Tangled Feet): Tackle/Sand Attack | Spearow Lv50 (Keen Eye): Peck/Growl/Leer
451,elder_li_0290,Elder Li,Trainerclass Elder,119,425,0.219,325,935,1198.1,E-,Fisherman Murphy (Elo 1760.1),Bird Keeper Abe (Elo 958.2),Picnicker Cheyenne (7 games),13.05,Bellsprout Lv50 (Chlorophyll): Vine Whip/Growth | Bellsprout Lv50 (Chlorophyll): Vine Whip/Growth | Hoothoot Lv50 (Insomnia): Growl/Foresight/Hypnosis/Peck
452,super_nerd_markus_0536,Super Nerd Markus,Trainerclass Super Nerd,118,426,0.217,354,968,1230.2,E-,Black Belt Kenji Rematch 1 (Elo 1804.2),Picnicker Kim (Elo 970.3),Camper Ivan (7 games),8.11,Slowpoke Lv50 (Own Tempo): Curse/Water Gun/Growl/Strength
453,swimmer_f_wendy_0094,Swimmer Wendy,Trainerclass Swimmer F,118,426,0.217,330,941,1187.6,E-,Ace Trainer Bonita (Elo 1826.1),Youngster Gordon (Elo 972.2),Youngster Samuel (7 games),9.02,Horsea Lv50 (Swift Swim): Bubble/Smoke Screen/Leer/Bubble Beam | Horsea Lv50 (Sniper): Focus Energy/Smoke Screen/Leer/Bubble Beam
454,bug_catcher_benny_0067,Bug Catcher Benny,Trainerclass Bug Catcher,115,429,0.211,326,955,1222.2,E-,Hiker Michael (Elo 1655.0),Youngster Joey Rematch 1 (Elo 1045.6),Bird Keeper Vance Rematch 1 (7 games),12.59,Weedle Lv50 (Shield Dust): Poison Sting/String Shot | Kakuna Lv50 (Shed Skin): Harden | Beedrill Lv50 (Swarm): Fury Attack
455,biker_markey_0574,Biker Markey,Trainerclass Biker,114,430,0.21,314,949,1175.4,E-,Biker Aiden Rematch 2 (Elo 1775.5),Firebreather Ray (Elo 956.6),Teacher Clarice (7 games),5.68,Skorupi Lv50 (Sniper): Toxic Spikes/Bug Bite/Poison Fang/Crunch
456,beauty_kimberly_0531,Beauty Kimberly,Trainerclass Beauty,113,431,0.208,295,930,1227.2,E-,Swimmer Ronald (Elo 1850.5),Youngster Gordon (Elo 972.2),Picnicker Sharon (7 games),19.13,Corsola Lv50 (Hustle): Harden/Bubble/Recover/Refresh
457,bug_catcher_arnie_0449,Bug Catcher Arnie Rematch 2,Trainerclass Bug Catcher,112,432,0.206,320,960,1190.1,E-,Bug Catcher Ken (Elo 1640.5),School Kid Chad (Elo 898.6),Juggler Irwin (7 games),7.99,Venomoth Lv50 (Shield Dust): Disable/Supersonic/Confusion/Leech Life
458,firebreather_richard_0281,Firebreather Richard,Trainerclass Firebreather,110,434,0.202,328,977,1215.3,E-,Lass Michelle (Elo 1748.4),Bug Catcher Wade (Elo 985.6),Bug Catcher Arnie Rematch 1 (7 games),7.3,Charmeleon Lv50 (Blaze): Growl/Ember/Smoke Screen/Dragon Rage
459,beauty_valerie_0398,Beauty Valerie,Trainerclass Beauty,110,434,0.202,290,937,1154.0,F+,Picnicker Gina Rematch 3 (Elo 1800.3),Twins Amy & Mimi Rematch (Elo 950.8),Psychic Greg (7 games),10.28,Hoppip Lv50 (Chlorophyll): Mega Drain/Tail Whip/Tackle/Poison Powder | Skiploom Lv50 (Leaf Guard): Mega Drain/Tail Whip/Tackle/Stun Spore
460,sailor_huey_0211,Sailor Huey,Trainerclass Sailor,107,437,0.197,303,965,1166.0,F+,Hiker Michael (Elo 1655.0),Twins Amy & Mimi Rematch (Elo 950.8),Bird Keeper Jose Rematch 1 (7 games),13.66,Poliwag Lv50 (Water Absorb): Hypnosis/Water Gun/Double Slap/Rain Dance | Poliwhirl Lv50 (Water Absorb): Hypnosis/Water Gun/Double Slap/Rain Dance
461,psychic_m_fidel_0317,Psychic Fidel,Trainerclass Psychic M,106,438,0.195,336,992,1197.4,E-,Twins Kay & Tia Rematch 3 (Elo 1664.1),Bug Catcher Al (Elo 887.4),Bird Keeper Boris (7 games),7.44,Xatu Lv50 (Early Bird): Future Sight/Psycho Shift/Confuse Ray/Me First
462,poke_maniac_beckett_0130,Poke Maniac Beckett,Trainerclass Poke Maniac,106,438,0.195,293,960,1189.3,E-,Bug Catcher Ken (Elo 1640.5),Twins Amy & Mimi Rematch (Elo 950.8),Boarder Deandre (7 games),11.42,Slowbro Lv50 (Oblivious): Growl/Water Gun/Confusion/Disable
463,camper_clark_0557,Camper Clark,Trainerclass Camper,103,441,0.189,265,942,1158.4,F+,Kimono Girl Miki (Elo 1705.3),Picnicker Brooke (Elo 980.9),Poke Maniac Harrison (7 games),4.26,Buizel Lv50 (Swift Swim): Swift/Aqua Jet/Agility/Whirlpool
464,policeman_keith_0006,Policeman Keith,Trainerclass Policeman,98,446,0.18,262,956,1171.2,E-,Lass Michelle (Elo 1748.4),Firebreather Ray (Elo 956.6),Youngster Samuel (7 games),5.44,Growlithe Lv50 (Intimidate): Ember/Leer/Odor Sleuth/Helping Hand
465,young_couple_moe_lulu_0550,Young Couple Moe & Lulu,Trainerclass Young Couple,97,447,0.178,252,953,1153.9,F+,Ace Trainer Piper (Elo 1715.7),Fisherman Ralph (Elo 972.6),Picnicker Piper (7 games),4.88,Lotad Lv50 (Rain Dish): Mega Drain/Bubble Beam/Zen Headbutt/Rain Dance | Seedot Lv50 (Early Bird): Nature Power/Synthesis/Sunny Day/Explosion
466,juggler_irwin_0007,Juggler Irwin,Trainerclass Juggler,96,448,0.176,264,971,1170.0,E-,Black Belt Manford (Elo 1629.9),Pokefan Derek (Elo 992.7),Bug Catcher Arnie Rematch 2 (7 games),22.76,Voltorb Lv50 (Soundproof): Charge | Voltorb Lv50 (Static): Charge/Tackle | Voltorb Lv50 (Static): Charge/Tackle/Sonic Boom | Voltorb Lv50 (Static): Charge/Tackle/Sonic Boom/Spark
467,picnicker_cheyenne_0579,Picnicker Cheyenne,Trainerclass Picnicker,96,448,0.176,298,1004,1158.8,F+,School Kid Tommy (Elo 1906.2),Picnicker Kim (Elo 970.3),Elder Li (7 games),4.56,Shinx Lv50 (Intimidate): Thunder Fang/Crunch/Scary Face/Discharge
468,poke_maniac_issac_0391,Poke Maniac Issac,Trainerclass Poke Maniac,94,450,0.173,277,990,1186.3,E-,Twins Day & Dani (Elo 1734.8),Picnicker Liz (Elo 920.1),Twins Day & Dani (7 games),9.52,Lickitung Lv50 (Own Tempo): Lick/Supersonic/Cut
469,camper_elliot_0075,Camper Elliot,Trainerclass Camper,94,450,0.173,261,975,1184.5,E-,Kimono Girl Sayo (Elo 1708.1),Swimmer Elaine (Elo 965.3),Bug Catcher Arnie (7 games),16.67,Sandshrew Lv50 (Sand Veil): Defense Curl/Sand Attack/Poison Sting/Rapid Spin | Marill Lv50 (Thick Fat): Defense Curl/Tail Whip/Water Gun/Rollout
470,fisherman_arnold_0058,Fisherman Arnold,Trainerclass Fisherman,94,450,0.173,257,969,1164.7,F+,Hiker Bruce (Elo 1684.5),Youngster Gordon (Elo 972.2),Medium Margaret (7 games),6.19,Shellder Lv50 (Shell Armor): Aurora Beam/Whirlpool/Iron Defense/Brine
471,swimmer_f_paula_0085,Swimmer Paula,Trainerclass Swimmer F,91,453,0.167,254,981,1159.3,F+,Youngster Ian Rematch 3 (Elo 1632.9),Pokefan Ruth (Elo 999.3),Picnicker Tiffany Rematch 1 (7 games),13.59,Staryu Lv50 (Natural Cure): Water Gun/Rapid Spin/Recover/Camouflage | Shellder Lv50 (Skill Link): Withdraw/Supersonic/Icicle Spear/Protect
472,poke_maniac_zach_0406,Poke Maniac Zach,Trainerclass Poke Maniac,88,456,0.162,259,988,1154.7,F+,Biker Joel (Elo 1783.5),Swimmer Leona (Elo 884.3),Pokefan Georgia (7 games),7.12,Rhyhorn Lv50 (Lightning Rod): Stomp/Fury Attack/Scary Face/Rock Blast
473,boarder_patton_0483,Boarder Patton,Trainerclass Boarder,88,456,0.162,257,991,1145.1,F+,Hiker Kenny Rematch 2 (Elo 1788.2),School Kid Chad (Elo 898.6),Bird Keeper Vance (7 games),8.54,Swinub Lv50 (Oblivious): Mud Slap/Endure/Mud Bomb/Icy Wind | Swinub Lv50 (Oblivious): Mud Slap/Endure/Mud Bomb/Icy Wind
474,swimmer_f_debbie_0291,Swimmer Debbie,Trainerclass Swimmer F,87,457,0.16,249,990,1144.7,F+,Camper Jerry (Elo 1597.6),Youngster Gordon (Elo 972.2),Hiker Benjamin (7 games),7.0,Clamperl Lv50 (Shell Armor): Clamp/Water Gun/Whirlpool/Iron Defense
475,bug_catcher_arnie_0078,Bug Catcher Arnie,Trainerclass Bug Catcher,86,458,0.158,255,998,1139.5,F+,Biker Dwayne (Elo 1714.8),School Kid Chad (Elo 898.6),Camper Ted (7 games),6.51,Venonat Lv50 (Compound Eyes): Foresight/Supersonic/Confusion/Poison Powder
476,pokefan_m_andy_0538,Pokefan Andy,Trainerclass Pokefan M,86,458,0.158,250,988,1118.8,F+,Bug Catcher Abner (Elo 1582.4),Swimmer Leona (Elo 884.3),Picnicker Cheyenne (7 games),9.68,Teddiursa Lv50 (Quick Feet): Slash/Charm/Rest/Snore
477,hiker_russel_0025,Hiker Russel,Trainerclass Hiker,84,460,0.154,206,958,1137.4,F+,Juggler Irwin Rematch 3 (Elo 1747.0),Swimmer Elaine (Elo 965.3),School Kid Connor (7 games),20.33,Geodude Lv50 (Sturdy): Tackle/Defense Curl/Mud Sport | Geodude Lv50 (Sturdy): Tackle/Defense Curl/Mud Sport | Geodude Lv50 (Sturdy): Tackle/Defense Curl/Mud Sport/Rock Polish
478,beauty_victoria_0005,Beauty Victoria,Trainerclass Beauty,84,460,0.154,248,999,1116.4,F+,Psychic Phil (Elo 1582.7),Swimmer Elaine (Elo 965.3),Skier Diana (7 games),11.01,Sentret Lv50 (Keen Eye): Scratch/Foresight/Defense Curl/Quick Attack | Sentret Lv50 (Keen Eye): Foresight/Defense Curl/Quick Attack/Fury Swipes | Sentret Lv50 (Keen Eye): Defense Curl/Quick Attack/Fury Swipes/Helping Hand
479,pokefan_beverly_0436,Pokefan Beverly Rematch 1,Trainerclass Pokefan,83,461,0.153,239,995,1121.5,F+,Young Couple Tim & Sue Rematch 1 (Elo 1644.5),Firebreather Ray (Elo 956.6),Pokefan Rex (7 games),5.29,Snubbull Lv50 (Intimidate): Lick/Headbutt/Roar/Rage
480,hiker_daniel_0384,Hiker Daniel,Trainerclass Hiker,81,463,0.149,221,986,1133.6,F+,School Kid Sherman (Elo 1734.2),Swimmer Elaine (Elo 965.3),Picnicker Kim (7 games),11.01,Onix Lv50 (Sturdy): Harden/Bind/Screech/Rock Throw
481,hiker_parry_0145,Hiker Parry,Trainerclass Hiker,78,466,0.143,204,978,1109.6,F+,Juggler Irwin Rematch 3 (Elo 1747.0),Swimmer Elaine (Elo 965.3),Bird Keeper Roy (7 games),8.46,Onix Lv50 (Rock Head): Rock Tomb/Sandstorm/Slam/Rock Polish
482,camper_virgil_0596,Camper Virgil,Trainerclass Camper,77,467,0.142,258,1040,1112.5,F+,Bird Keeper Josh Rematch 3 (Elo 1738.6),Swimmer Elaine (Elo 965.3),Twins Tori & Til (7 games),6.6,Slakoth Lv50 (Truant): Amnesia/Covet/Counter/Flail
483,youngster_joey_0280,Youngster Joey Rematch 2,Trainerclass Youngster,75,469,0.138,253,1043,1130.3,F+,Juggler Fritz (Elo 1869.1),Bird Keeper Abe (Elo 958.2),Bird Keeper Gail (7 games),6.3,Raticate Lv50 (Run Away): Super Fang/Quick Attack/Hyper Fang/Scary Face
484,school_kid_m_connor_0563,School Kid Connor,Trainerclass School Kid M,74,470,0.136,246,1035,1120.5,F+,Juggler Irwin Rematch 3 (Elo 1747.0),Swimmer Leona (Elo 884.3),Hiker Russel (7 games),4.94,Zigzagoon @ Chesto Berry Lv50 (Gluttony): Belly Drum/Rest/Flail/Secret Power
485,hiker_anthony_0061,Hiker Anthony,Trainerclass Hiker,74,470,0.136,199,990,1092.2,F+,Juggler Irwin Rematch 3 (Elo 1747.0),Twins Amy & Mimi Rematch (Elo 950.8),Bug Catcher Ken (7 games),12.83,Geodude Lv50 (Rock Head): Defense Curl/Mud Sport/Rock Polish/Rock Throw | Machop Lv50 (No Guard): Low Kick/Leer/Focus Energy/Karate Chop
486,sage_troy_0054,Sage Troy,Trainerclass Sage,74,470,0.136,205,995,1073.6,F,Twins Kay & Tia Rematch 2 (Elo 1748.2),Picnicker Liz (Elo 920.1),Sailor Terrell (7 games),10.52,Bellsprout Lv50 (Chlorophyll): Vine Whip/Growth | Hoothoot Lv50 (Keen Eye): Tackle/Growl/Foresight/Hypnosis
487,bug_catcher_wayne_0530,Bug Catcher Wayne,Trainerclass Bug Catcher,73,471,0.134,210,1006,1099.6,F+,School Kid Johnny (Elo 1628.2),Twins Amy & Mimi Rematch (Elo 950.8),Hiker Jim (7 games),11.02,Ledyba Lv50 (Swarm): Tackle/Supersonic | Paras Lv50 (Effect Spore): Scratch/Stun Spore/Poison Powder
488,lass_cathy_0071,Lass Cathy,Trainerclass Lass,72,472,0.132,217,1017,1080.3,F,Picnicker Gina Rematch 2 (Elo 1745.0),Swimmer Elaine (Elo 965.3),Picnicker Selina (7 games),18.46,Jigglypuff Lv50 (Cute Charm): Sing/Defense Curl/Pound/Disable | Jigglypuff Lv50 (Cute Charm): Sing/Defense Curl/Pound/Disable | Jigglypuff Lv50 (Cute Charm): Sing/Defense Curl/Pound/Disable
489,bird_keeper_gs_rod_0029,Bird Keeper Rod,Trainerclass Bird Keeper Gs,71,473,0.131,218,1026,1098.5,F+,Camper Lloyd (Elo 1614.5),Picnicker Brooke (Elo 980.9),Bug Catcher Wade (7 games),13.05,Pidgey Lv50 (Keen Eye): Tackle/Sand Attack | Pidgey Lv50 (Keen Eye): Tackle/Sand Attack
490,teacher_colette_0038,Teacher Colette,Trainerclass Teacher,71,473,0.131,233,1034,1091.7,F+,School Kid Jack Rematch 2 (Elo 1689.8),Fisherman Justin (Elo 851.4),Youngster Joey Rematch 2 (7 games),10.56,Clefairy Lv50 (Magic Guard): Gravity/Moonlight/Light Screen/Meteor Mash
491,youngster_mikey_0047,Youngster Mikey,Trainerclass Youngster,71,473,0.131,202,1004,1088.2,F,Camper Lloyd (Elo 1614.5),Fisherman Ralph (Elo 972.6),Youngster Owen (7 games),7.54,Pidgey Lv50 (Keen Eye): Tackle | Rattata Lv50 (Guts): Tackle/Tail Whip/Quick Attack
492,camper_todd_0066,Camper Todd,Trainerclass Camper,70,474,0.129,192,1001,1098.2,F+,Hiker Michael (Elo 1655.0),Picnicker Tiffany (Elo 861.4),Twins Amy & Mimi (7 games),5.77,Psyduck Lv50 (Damp): Scratch/Tail Whip/Water Gun/Disable
493,camper_roland_0026,Camper Roland,Trainerclass Camper,70,474,0.129,200,1010,1071.9,F,Hiker Devin (Elo 1558.8),School Kid Chad (Elo 898.6),Picnicker Brooke (7 games),4.84,Nidoran M Lv50 (Rivalry): Leer/Peck/Focus Energy/Double Kick
494,bird_keeper_gs_ernie_0581,Bird Keeper Ernie,Trainerclass Bird Keeper Gs,68,476,0.125,216,1032,1098.0,F+,Twins Jo & Zoe Rematch (Elo 1790.9),Picnicker Tiffany (Elo 861.4),Picnicker Brooke (7 games),3.3,Starly Lv50 (Keen Eye): Aerial Ace/Take Down/Agility/Brave Bird
495,pokefan_m_rex_0537,Pokefan Rex,Trainerclass Pokefan M,66,478,0.121,188,1014,1067.4,F,Kimono Girl Sayo (Elo 1708.1),Swimmer Elaine (Elo 965.3),Picnicker Piper (7 games),6.37,Phanpy Lv50 (Pickup): Endure/Charm/Last Resort/Double Edge
496,youngster_albert_0049,Youngster Albert,Trainerclass Youngster,65,479,0.119,208,1034,1108.3,F+,Teacher Hillary Rematch 3 (Elo 1576.9),Picnicker Brooke (Elo 980.9),School Kid Dudley (7 games),8.63,Rattata Lv50 (Run Away): Tackle/Tail Whip/Quick Attack | Zubat Lv50 (Inner Focus): Leech Life/Supersonic
497,sailor_terrell_0212,Sailor Terrell,Trainerclass Sailor,64,480,0.118,202,1034,1081.3,F,Hiker Kenny (Elo 1677.6),Twins Amy & Mimi Rematch (Elo 950.8),Sage Troy (7 games),10.02,Poliwhirl Lv50 (Water Absorb): Hypnosis/Water Gun/Double Slap/Rain Dance
498,sage_jin_0053,Sage Jin,Trainerclass Sage,62,482,0.114,182,1021,1069.2,F,Twins Kay & Tia Rematch 2 (Elo 1748.2),Bug Catcher Stacey (Elo 874.2),Sailor Kent (7 games),4.36,Bellsprout Lv50 (Chlorophyll): Vine Whip
499,pokefan_m_trevor_0351,Pokefan Trevor,Trainerclass Pokefan M,62,482,0.114,197,1037,1063.2,F,Gentleman Alfred Rematch 2 (Elo 1528.7),Bird Keeper Abe (Elo 958.2),Biker Dale (7 games),5.84,Psyduck Lv50 (Cloud Nine): Fury Swipes/Screech/Psych Up/Zen Headbutt
500,sailor_harry_0410,Sailor Harry,Trainerclass Sailor,61,483,0.112,169,1012,1070.7,F,Kimono Girl Sayo (Elo 1708.1),Swimmer Leona (Elo 884.3),Scientist Gregg (7 games),5.74,Wooper Lv50 (Water Absorb): Water Gun/Mud Bomb/Slam/Mud Shot
501,picnicker_tiffany_0466,Picnicker Tiffany Rematch 1,Trainerclass Picnicker,61,483,0.112,214,1059,1054.6,F,School Kid Sherman (Elo 1734.2),Bug Catcher Stacey (Elo 874.2),Swimmer Paula (7 games),8.74,Clefairy Lv50 (Cute Charm): Gravity/Sing/Wake Up Slap/Metronome
502,youngster_joey_0279,Youngster Joey Rematch 1,Trainerclass Youngster,61,483,0.112,186,1027,1045.6,F,Psychic Vernon (Elo 1777.0),Swimmer Leona (Elo 884.3),School Kid Travis (7 games),6.26,Raticate Lv50 (Run Away): Scary Face/Crunch/Assurance/Super Fang
503,sage_neal_0055,Sage Neal,Trainerclass Sage,60,484,0.11,166,1011,1041.8,F,Twins Kay & Tia Rematch 2 (Elo 1748.2),Bug Catcher Stacey (Elo 874.2),Swimmer Kara (7 games),4.47,Bellsprout Lv50 (Chlorophyll): Vine Whip
504,lass_carrie_0022,Lass Carrie,Trainerclass Lass,60,484,0.11,179,1023,1027.2,F,Gentleman Alfred Rematch 3 (Elo 1600.4),Swimmer Leona (Elo 884.3),Youngster Ian (7 games),6.95,Snubbull Lv50 (Intimidate): Scary Face/Charm/Bite/Lick
505,skier_diana_0480,Skier Diana,Trainerclass Skier,59,485,0.108,212,1063,1065.7,F,Twins Jo & Zoe Rematch (Elo 1790.9),Picnicker Tiffany (Elo 861.4),Bird Keeper Peter (7 games),5.88,Jynx Lv50 (Oblivious): Ice Punch/Mean Look/Fake Tears/Wake Up Slap
506,swimmer_m_matthew_0099,Swimmer Matthew,Trainerclass Swimmer M,58,486,0.107,171,1027,1059.6,F,Black Belt Kenji Rematch 3 (Elo 1621.2),Swimmer Leona (Elo 884.3),Youngster Joey Rematch 2 (7 games),5.73,Krabby Lv50 (Hyper Cutter): Harden/Bubble Beam/Mud Shot/Metal Claw
507,bug_catcher_josh_0069,Bug Catcher Josh,Trainerclass Bug Catcher,57,487,0.105,178,1038,1056.7,F,Picnicker Gina Rematch 1 (Elo 1533.2),Picnicker Liz (Elo 920.1),Pokefan Beverly (7 games),6.51,Paras Lv50 (Effect Spore): Scratch/Stun Spore/Poison Powder/Leech Life
508,pokefan_beverly_0182,Pokefan Beverly,Trainerclass Pokefan,57,487,0.105,175,1039,1008.9,F,Medium Georgina (Elo 1533.0),Twins Amy & Mimi Rematch (Elo 950.8),Bird Keeper Josh (7 games),6.98,Snubbull Lv50 (Intimidate): Tail Whip/Charm/Bite/Lick
509,picnicker_selina_0597,Picnicker Selina,Trainerclass Picnicker,55,489,0.101,190,1056,1052.8,F,Black Belt Manford (Elo 1629.9),Bug Catcher Don (Elo 882.0),Picnicker Kim (7 games),4.97,Cherubi Lv50 (Chlorophyll): Worry Seed/Take Down/Solar Beam/Lucky Chant
510,picnicker_piper_0559,Picnicker Piper,Trainerclass Picnicker,55,489,0.101,164,1030,1034.4,F,Swimmer George (Elo 1620.5),Bug Catcher Stacey (Elo 874.2),Pokefan Rex (7 games),8.96,Spoink Lv50 (Thick Fat): Zen Headbutt/Rest/Snore/Payback
511,pokefan_marigold_0532,Pokefan Marigold,Trainerclass Pokefan,53,491,0.097,170,1041,1048.2,F,Young Couple Tim & Sue Rematch 2 (Elo 1783.3),Youngster Joey (Elo 936.6),Picnicker Gina (7 games),4.94,Meowth Lv50 (Technician): Growl/Bite/Fake Out/Fury Swipes
512,poke_maniac_larry_0023,Poke Maniac Larry,Trainerclass Poke Maniac,53,491,0.097,158,1034,1046.3,F,Super Nerd Merle (Elo 1508.6),Bug Catcher Al (Elo 887.4),Youngster Joey Rematch 2 (7 games),13.71,Slowpoke Lv50 (Own Tempo): Yawn/Tackle/Growl/Water Gun
513,fisherman_henry_0060,Fisherman Henry,Trainerclass Fisherman,51,493,0.094,140,1024,1042.8,F,Hiker Michael (Elo 1655.0),Picnicker Tiffany (Elo 861.4),Twins Amy & Mimi Rematch (7 games),14.27,Poliwag Lv50 (Water Absorb): Water Sport/Bubble/Hypnosis | Poliwag Lv50 (Damp): Water Sport/Bubble/Hypnosis
514,lass_connie_0215,Lass Connie,Trainerclass Lass,51,493,0.094,156,1040,1029.1,F,Camper Jerry (Elo 1597.6),Swimmer Leona (Elo 884.3),Swimmer Leona (7 games),6.25,Marill Lv50 (Thick Fat): Tail Whip/Water Gun/Rollout/Bubble Beam
515,swimmer_f_denise_0092,Swimmer Denise,Trainerclass Swimmer F,47,497,0.086,140,1039,1013.7,F,Black Belt Manford (Elo 1629.9),Swimmer Leona (Elo 884.3),Bug Catcher Josh (7 games),11.99,Seel Lv50 (Thick Fat): Icy Wind/Encore/Ice Shard/Rest
516,twins_amy_mimi_0010,Twins Amy & Mimi,Trainerclass Twins,41,503,0.075,143,1067,1005.7,F,Black Belt Manford (Elo 1629.9),Fisherman Kyler Rematch 1 (Elo 878.3),Black Belt Yoshi (7 games),5.94,Spinarak Lv50 (Insomnia): Poison Sting/String Shot/Scary Face/Constrict | Ledyba Lv50 (Early Bird): Tackle/Supersonic/Comet Punch
517,youngster_ian_0064,Youngster Ian,Trainerclass Youngster,40,504,0.074,139,1066,1006.7,F,Kimono Girl Sayo (Elo 1708.1),Fisherman Kyler Rematch 2 (Elo 898.1),Lass Carrie (7 games),8.57,Mankey Lv50 (Vital Spirit): Focus Energy/Scratch/Low Kick/Leer | Diglett Lv50 (Sand Veil): Astonish/Growl/Scratch/Sand Attack
518,youngster_gordon_0056,Youngster Gordon,Trainerclass Youngster,39,505,0.072,98,1030,972.2,F-,Kimono Girl Sayo (Elo 1708.1),Bug Catcher Don (Elo 882.0),Hiker Parry Rematch 1 (7 games),6.78,Wooper Lv50 (Water Absorb): Water Gun/Tail Whip/Mud Sport/Mud Shot
519,picnicker_kim_0077,Picnicker Kim,Trainerclass Picnicker,39,505,0.072,123,1057,970.3,F-,Swimmer Kendra (Elo 1495.6),Picnicker Tiffany (Elo 861.4),Hiker Daniel (7 games),5.79,Vulpix Lv50 (Flash Fire): Tail Whip/Roar/Quick Attack/Will O Wisp
520,pokefan_ruth_0045,Pokefan Ruth,Trainerclass Pokefan,37,507,0.068,126,1070,999.3,F-,Fisherman Tully (Elo 1533.3),Swimmer Leona (Elo 884.3),Swimmer Randall (7 games),5.8,Pikachu Lv50 (Static): Double Team/Quick Attack/Tail Whip/Thunder Shock
521,bug_catcher_wade_0004,Bug Catcher Wade,Trainerclass Bug Catcher,37,507,0.068,106,1045,985.6,F-,Hiker Eoin (Elo 1605.4),Youngster Joey (Elo 936.6),Bird Keeper Rod (7 games),14.41,Caterpie Lv50 (Shield Dust): Tackle/String Shot | Caterpie Lv50 (Shield Dust): Tackle/String Shot | Weedle Lv50 (Shield Dust): Poison Sting/String Shot | Caterpie Lv50 (Shield Dust): Tackle/String Shot
522,picnicker_brooke_0076,Picnicker Brooke,Trainerclass Picnicker,37,507,0.068,134,1075,980.9,F-,Super Nerd Cary (Elo 1397.0),Swimmer Leona (Elo 884.3),Pokefan Trevor (7 games),6.09,Pikachu Lv50 (Static): Thunder Shock/Growl/Quick Attack/Double Team
523,fisherman_ralph_0057,Fisherman Ralph,Trainerclass Fisherman,36,508,0.066,147,1093,972.6,F-,Young Couple Vic & Tara (Elo 1689.5),Picnicker Tiffany (Elo 861.4),Bird Keeper Abe (7 games),7.07,Goldeen Lv50 (Swift Swim): Peck/Tail Whip/Water Sport/Supersonic
524,swimmer_f_elaine_0009,Swimmer Elaine,Trainerclass Swimmer F,36,508,0.066,112,1054,965.3,F-,Poke Maniac Morgan (Elo 1538.3),Swimmer Leona (Elo 884.3),Hiker Parry Rematch 2 (7 games),7.02,Staryu Lv50 (Natural Cure): Water Gun/Rapid Spin/Recover/Camouflage
525,pokefan_m_derek_0044,Pokefan Derek,Trainerclass Pokefan M,33,511,0.061,114,1072,992.7,F-,Fisherman Marvin (Elo 1570.1),Swimmer Leona (Elo 884.3),Swimmer Wendy (7 games),5.6,Pikachu Lv50 (Static): Double Team/Quick Attack/Tail Whip/Thunder Shock
526,bird_keeper_gs_abe_0050,Bird Keeper Abe,Trainerclass Bird Keeper Gs,31,513,0.057,106,1070,958.2,F-,Pokefan Robert (Elo 1422.6),Youngster Joey (Elo 936.6),Fisherman Ralph (7 games),4.71,Spearow Lv50 (Keen Eye): Peck/Growl/Leer/Fury Attack
527,firebreather_ray_0390,Firebreather Ray,Trainerclass Firebreather,30,514,0.055,101,1068,956.6,F-,School Kid Dudley (Elo 1373.9),Fisherman Raymond (Elo 869.8),Picnicker Adrian (7 games),5.62,Vulpix Lv50 (Flash Fire): Ember/Tail Whip/Roar
528,twins_amy_mimi_0387,Twins Amy & Mimi Rematch,Trainerclass Twins,29,515,0.053,98,1068,950.8,F-,Pokefan Robert (Elo 1422.6),Bug Catcher Don (Elo 882.0),Fisherman Henry (7 games),5.72,Ledyba Lv50 (Early Bird): Tackle/Supersonic/Comet Punch | Spinarak Lv50 (Insomnia): Poison Sting/String Shot/Scary Face/Constrict
529,scientist_gs_mitch_0469,Scientist Mitch,Trainerclass Scientist Gs,28,516,0.051,145,1119,1010.1,F,Kimono Girl Zuki (Elo 1838.8),Fisherman Kyler (Elo 851.2),Picnicker Liz (7 games),8.08,Ditto Lv50 (Limber): Transform
530,youngster_joey_0008,Youngster Joey,Trainerclass Youngster,27,517,0.05,85,1069,936.6,F-,Skier Jill (Elo 1412.2),Picnicker Tiffany (Elo 861.4),Black Belt Yoshi (7 games),4.11,Rattata Lv50 (Run Away): Tackle/Tail Whip/Quick Attack
531,fisherman_kyler_0663,Fisherman Kyler Rematch 3,Trainerclass Fisherman,23,521,0.042,51,1047,916.2,F-,Hiker Eoin (Elo 1605.4),Picnicker Liz (Elo 920.1),Hiker Eoin (6 games),22.68,Magikarp Lv50 (Swift Swim): Splash/Tackle | Magikarp Lv50 (Swift Swim): Splash/Tackle | Magikarp Lv50 (Swift Swim): Splash/Tackle | Magikarp Lv50 (Swift Swim): Splash/Tackle | Magikarp Lv50 (Swift Swim): Splash/Tackle | Magikarp Lv50 (Swift Swim): Splash/Tackle
532,picnicker_liz_0027,Picnicker Liz,Trainerclass Picnicker,22,522,0.04,69,1067,920.1,F-,Picnicker Tiffany Rematch 2 (Elo 1264.8),School Kid Chad (Elo 898.6),Bug Catcher Josh (7 games),7.74,Nidoran F Lv50 (Rivalry): Growl/Scratch/Tail Whip
533,school_kid_m_chad_0397,School Kid Chad,Trainerclass School Kid M,18,526,0.033,73,1090,898.6,F-,Teacher Clarice (Elo 1527.2),Fisherman Kyler (Elo 851.2),Medium Ethel (7 games),9.75,Mr Mime Lv50 (Soundproof): Meditate/Encore/Double Slap/Mimic
534,fisherman_kyler_0662,Fisherman Kyler Rematch 2,Trainerclass Fisherman,17,527,0.031,45,1065,898.1,F-,Hiker Michael (Elo 1655.0),Bug Catcher Don (Elo 882.0),Hiker Michael (6 games),20.4,Magikarp Lv50 (Swift Swim): Splash/Tackle | Magikarp Lv50 (Swift Swim): Splash/Tackle | Magikarp Lv50 (Swift Swim): Splash/Tackle | Magikarp Lv50 (Swift Swim): Splash/Tackle | Magikarp Lv50 (Swift Swim): Splash/Tackle
535,bug_catcher_al_0068,Bug Catcher Al,Trainerclass Bug Catcher,15,529,0.028,47,1074,887.4,F-,Hiker Phillip (Elo 1433.7),Bug Catcher Don (Elo 882.0),School Kid Chad (7 games),8.41,Caterpie Lv50 (Shield Dust): Tackle/String Shot | Weedle Lv50 (Shield Dust): Poison Sting/String Shot
536,bug_catcher_don_0249,Bug Catcher Don,Trainerclass Bug Catcher,14,530,0.026,40,1073,882.0,F-,Picnicker Selina (Elo 1052.8),Picnicker Tiffany (Elo 861.4),Twins Amy & Mimi (7 games),8.9,Caterpie Lv50 (Shield Dust): Tackle/String Shot | Caterpie Lv50 (Shield Dust): Tackle/String Shot
537,bug_catcher_stacey_0689,Bug Catcher Stacey,Trainerclass Bug Catcher,14,530,0.026,34,1065,874.2,F-,Hiker Michael (Elo 1655.0),Fisherman Kyler (Elo 851.2),Hiker Eoin (7 games),21.0,Metapod Lv50 (Shed Skin): Harden | Metapod Lv50 (Shed Skin): Harden | Metapod Lv50 (Shed Skin): Harden
538,fisherman_kyler_0661,Fisherman Kyler Rematch 1,Trainerclass Fisherman,13,531,0.024,34,1070,878.3,F-,Hiker Eoin (Elo 1605.4),Bug Catcher Don (Elo 882.0),Bird Keeper Ernie (6 games),16.59,Magikarp Lv50 (Swift Swim): Splash/Tackle | Magikarp Lv50 (Swift Swim): Splash/Tackle | Magikarp Lv50 (Swift Swim): Splash/Tackle | Magikarp Lv50 (Swift Swim): Splash/Tackle
539,swimmer_f_leona_0584,Swimmer Leona,Trainerclass Swimmer F,11,533,0.02,52,1094,884.3,F-,Scientist Trenton (Elo 1275.5),Fisherman Kyler (Elo 851.2),Lass Connie (7 games),4.46,Bidoof Lv50 (Simple): Amnesia/Take Down/Super Fang/Superpower
540,fisherman_raymond_0127,Fisherman Raymond,Trainerclass Fisherman,11,533,0.02,27,1071,869.8,F-,Hiker Eoin (Elo 1605.4),Fisherman Kyler Rematch 1 (Elo 878.3),Firebreather Ray (6 games),16.98,Magikarp Lv50 (Swift Swim): Splash/Tackle | Magikarp Lv50 (Swift Swim): Splash/Tackle | Magikarp Lv50 (Swift Swim): Splash/Tackle | Magikarp Lv50 (Swift Swim): Splash/Tackle
541,fisherman_justin_0018,Fisherman Justin,Trainerclass Fisherman,8,536,0.015,18,1074,851.4,F-,Hiker Phillip (Elo 1433.7),Fisherman Kyler (Elo 851.2),School Kid Chad (4 games),17.35,Magikarp Lv50 (Swift Swim): Splash | Magikarp Lv50 (Swift Swim): Splash | Magikarp Lv50 (Swift Swim): Splash/Tackle | Magikarp Lv50 (Swift Swim): Splash
542,picnicker_tiffany_0402,Picnicker Tiffany,Trainerclass Picnicker,7,537,0.013,25,1084,861.4,F-,Black Belt Yoshi (Elo 1270.4),Fisherman Kyler (Elo 851.2),Camper Todd (7 games),18.23,Clefairy Lv50 (Cute Charm): Encore/Sing/Double Slap/Minimize
543,fisherman_kyler_0555,Fisherman Kyler,Trainerclass Fisherman,7,537,0.013,17,1077,851.2,F-,Hiker Phillip (Elo 1433.7),Fisherman Raymond (Elo 869.8),Hiker Phillip (6 games),13.19,Magikarp Lv50 (Swift Swim): Splash/Tackle | Magikarp Lv50 (Swift Swim): Splash/Tackle | Magikarp Lv50 (Swift Swim): Splash/Tackle
544,skier_cady_0680,Skier Cady,Trainerclass Skier,1,543,0.002,3,1087,836.9,F-,Psychic Greg (Elo 1277.8),Fisherman Kyler (Elo 851.2),Psychic Greg (4 games),5.15,Delibird Lv50 (Vital Spirit): Present
545,picnicker_ginger_0560,Picnicker Ginger,Trainerclass Picnicker,0,544,0.0,0,1088,817.9,F-,None,Skier Cady (Elo 836.9),Bird Keeper Theo (2 games),6.08,Whismur Lv50 (Soundproof): Screech/Roar/Rest/Sleep Talk
