Rank,Trainer_Key,Display_Name,Class,Match_Wins,Match_Losses,Match_Win_Rate,Game_Wins,Game_Losses,Elo,Tier,Greatest_Win,Worst_Loss,Longest_Match_Vs,Average_Turns,Team_and_Movesets
1,hgss_champion_lance_rematch_1,Champion Lance Rematch,Trainerclass Champion,1374,4,0.997,2765,26,2451.3,S+,Champion Cynthia (Elo 2471.2),Leader Misty (Elo 2262.6),Leader Misty (7 games),4.62,Salamence @ Lum Berry Lv50 (Intimidate): Flamethrower/Shadow Claw/Dragon Claw/Rest | Gyarados Lv50 (Intimidate): Thunder Wave/Ice Fang/Waterfall/Dragon Dance | Garchomp Lv50 (Sand Veil): Swords Dance/Outrage/Earthquake/Roar | Altaria Lv50 (Natural Cure): Perish Song/Dragon Breath/Double Team/Hyper Beam | Charizard Lv50 (Blaze): Flamethrower/Air Slash/Dragon Claw/Hyper Beam | Dragonite @ Sitrus Berry Lv50 (Inner Focus): Fire Blast/Safeguard/Draco Meteor/Hyper Beam
2,champion_cynthia,Champion Cynthia,Champion Cynthia,1373,5,0.996,2761,24,2471.2,S+,Rival Survival Area Infernape Rematch (Elo 2451.7),Leader Candice (Elo 2268.1),Leader Candice (7 games),5.48,Spiritomb Lv50 (Pressure): Dark Pulse/Psychic/Silver Wind/Shadow Ball | Roserade Lv50 (Natural Cure): Energy Ball/Sludge Bomb/Toxic/Extrasensory | Togekiss Lv50 (Hustle): Air Slash/Aura Sphere/Water Pulse/Shock Wave | Lucario Lv50 (Steadfast): Aura Sphere/Extreme Speed/Shadow Ball/Stone Edge | Milotic Lv50 (Marvel Scale): Surf/Ice Beam/Mirror Coat/Dragon Pulse | Garchomp @ Sitrus Berry Lv50 (Sand Veil): Dragon Rush/Earthquake/Flamethrower/Giga Impact
3,rival_survival_area_turtwig,Rival Survival Area Infernape,Rival,1369,9,0.993,2773,54,2450.2,S+,Rival Survival Area Infernape Rematch (Elo 2451.7),Elite Four Bruno (Elo 2310.7),Leader Sabrina Rematch (7 games),4.85,Staraptor Lv50 (Intimidate): Close Combat/Aerial Ace/Steel Wing/U Turn | Floatzel Lv50 (Swift Swim): Aqua Jet/Crunch/Ice Fang/Brick Break | Heracross Lv50 (Swarm): Megahorn/Close Combat/Night Slash/Rock Slide | Roserade Lv50 (Natural Cure): Poison Jab/Giga Drain/Shadow Ball/Grass Whistle | Snorlax Lv50 (Immunity): Body Slam/Crunch/Earthquake/Rest | Infernape @ Sitrus Berry Lv50 (Blaze): Flamethrower/Focus Blast/Shadow Claw/Aerial Ace
4,rival_survival_area_turtwig_rematch,Rival Survival Area Infernape Rematch,Rival,1368,10,0.993,2752,36,2451.7,S+,Champion Cynthia (Elo 2471.2),Leader Blaine Rematch (Elo 2336.6),Champion Cynthia (6 games),3.81,Staraptor Lv50 (Intimidate): Close Combat/Brave Bird/Quick Attack/U Turn | Floatzel Lv50 (Swift Swim): Aqua Jet/Crunch/Ice Fang/Brick Break | Heracross Lv50 (Swarm): Megahorn/Close Combat/Night Slash/Stone Edge | Roserade Lv50 (Natural Cure): Sludge Bomb/Giga Drain/Shadow Ball/Grass Whistle | Snorlax Lv50 (Immunity): Giga Impact/Crunch/Earthquake/Zen Headbutt | Infernape @ Sitrus Berry Lv50 (Blaze): Flare Blitz/Focus Blast/Shadow Claw/Aerial Ace
5,rival_survival_area_chimchar_rematch,Rival Survival Area Empoleon Rematch,Rival,1368,10,0.993,2751,35,2437.4,S+,Rival Survival Area Infernape Rematch (Elo 2451.7),Elite Four Koga (Elo 2209.9),Rival Pokemon League Infernape (6 games),3.79,Staraptor Lv50 (Intimidate): Close Combat/Brave Bird/Quick Attack/U Turn | Roserade Lv50 (Natural Cure): Sludge Bomb/Giga Drain/Shadow Ball/Grass Whistle | Heracross Lv50 (Swarm): Megahorn/Close Combat/Night Slash/Stone Edge | Rapidash Lv50 (Run Away): Fire Blast/Sunny Day/Megahorn/Will O Wisp | Snorlax Lv50 (Immunity): Giga Impact/Crunch/Earthquake/Zen Headbutt | Empoleon @ Sitrus Berry Lv50 (Torrent): Hydro Pump/Metal Claw/Drill Peck/Ice Beam
6,hgss_leader_blue_blue,Leader Blue,Trainerclass Leader Blue,1367,11,0.992,2768,59,2447.2,S+,Rival Survival Area Infernape Rematch (Elo 2451.7),Elite Four Will (Elo 2252.5),Leader Clair Rematch (7 games),5.28,Exeggutor Lv50 (Chlorophyll): Leaf Storm/Psychic/Hypnosis/Trick Room | Arcanine Lv50 (Intimidate): Roar/Dragon Pulse/Flare Blitz/Extreme Speed | Rhydon Lv50 (Rock Head): Megahorn/Stone Edge/Thunder Fang/Earthquake | Gyarados Lv50 (Intimidate): Ice Fang/Waterfall/Dragon Dance/Return | Machamp Lv50 (No Guard): Dynamic Punch/Earthquake/Stone Edge/Thunder Punch | Pidgeot @ Sitrus Berry Lv50 (Tangled Feet): Return/Whirlwind/Air Slash/Mirror Move
7,champion_cynthia_rematch,Champion Cynthia Rematch,Champion Cynthia,1365,13,0.991,2744,40,2434.7,S+,Rival Survival Area Infernape Rematch (Elo 2451.7),Elite Four Will Rematch (Elo 2324.6),Rival Survival Area Torterra (7 games),5.31,Spiritomb Lv50 (Pressure): Dark Pulse/Psychic/Silver Wind/Ominous Wind | Roserade Lv50 (Natural Cure): Energy Ball/Sludge Bomb/Shadow Ball/Extrasensory | Togekiss Lv50 (Hustle): Air Slash/Aura Sphere/Water Pulse/Psychic | Lucario Lv50 (Steadfast): Aura Sphere/Dragon Pulse/Psychic/Earthquake | Milotic Lv50 (Marvel Scale): Surf/Ice Beam/Mirror Coat/Aqua Ring | Garchomp @ Sitrus Berry Lv50 (Sand Veil): Dragon Rush/Earthquake/Brick Break/Giga Impact
8,hgss_champion_lance,Champion Lance,Trainerclass Champion,1365,13,0.991,2753,49,2417.6,S,Rival Survival Area Infernape Rematch (Elo 2451.7),Ace Trainer Ruben (Elo 1974.9),Leader Blue Rematch (7 games),5.44,Gyarados Lv50 (Intimidate): Flail/Dragon Pulse/Waterfall/Ice Fang | Dragonite Lv50 (Inner Focus): Thunder Wave/Dragon Rush/Thunder/Hyper Beam | Dragonite Lv50 (Inner Focus): Thunder Wave/Dragon Rush/Blizzard/Hyper Beam | Aerodactyl Lv50 (Pressure): Aerial Ace/Crunch/Rock Slide/Thunder Fang | Charizard Lv50 (Blaze): Shadow Claw/Air Slash/Dragon Claw/Fire Fang | Dragonite @ Sitrus Berry Lv50 (Inner Focus): Fire Blast/Safeguard/Outrage/Hyper Beam
9,hgss_leader_clair_clair_rematch_1,Leader Clair Rematch,Trainerclass Leader Clair,1364,14,0.99,2758,60,2427.8,S+,Rival Survival Area Infernape Rematch (Elo 2451.7),Rival Silver Feraligatr (DD) (Elo 2222.8),Rival Survival Area Torterra (7 games),5.0,Gyarados @ Wacan Berry Lv50 (Intimidate): Dragon Dance/Earthquake/Waterfall/Dragon Pulse | Dragonair Lv50 (Shed Skin): Thunder Wave/Dragon Rush/Thunderbolt/Flamethrower | Aerodactyl Lv50 (Rock Head): Earthquake/Thunder Fang/Rock Slide/Roar | Kingdra Lv50 (Sniper): Yawn/Hydro Pump/Ice Beam/Dragon Breath | Charizard Lv50 (Blaze): Shadow Claw/Air Slash/Dragon Claw/Fire Fang | Dragonite @ Sitrus Berry Lv50 (Inner Focus): Thunder/Safeguard/Dragon Breath/Hyper Beam
10,rival_fight_area_turtwig,Rival Fight Area Infernape,Rival,1363,15,0.989,2758,61,2438.0,S+,Champion Cynthia (Elo 2471.2),Leader Falkner Rematch (Elo 2314.3),Elite Four Bruno Rematch (7 games),4.86,Staraptor Lv50 (Intimidate): Close Combat/Aerial Ace/Steel Wing/U Turn | Floatzel Lv50 (Swift Swim): Aqua Jet/Crunch/Ice Fang/Brick Break | Heracross Lv50 (Swarm): Close Combat/Rock Slide/Night Slash/Aerial Ace | Roserade Lv50 (Natural Cure): Poison Jab/Giga Drain/Shadow Ball/Grass Whistle | Snorlax Lv50 (Immunity): Body Slam/Crunch/Earthquake/Rest | Infernape Lv50 (Blaze): Flamethrower/Focus Blast/Shadow Claw/Aerial Ace
11,rival_survival_area_piplup,Rival Survival Area Torterra,Rival,1363,15,0.989,2752,54,2433.5,S+,Champion Cynthia (Elo 2471.2),Leader Volkner (Elo 2321.3),Leader Clair Rematch (7 games),4.59,Staraptor Lv50 (Intimidate): Close Combat/Aerial Ace/Steel Wing/U Turn | Floatzel Lv50 (Swift Swim): Aqua Jet/Crunch/Ice Fang/Brick Break | Heracross Lv50 (Swarm): Megahorn/Close Combat/Night Slash/Rock Slide | Rapidash Lv50 (Run Away): Fire Blast/Sunny Day/Bounce/Will O Wisp | Snorlax Lv50 (Immunity): Body Slam/Crunch/Earthquake/Rest | Torterra @ Sitrus Berry Lv50 (Overgrow): Leaf Storm/Earthquake/Crunch/Leech Seed
12,hgss_leader_misty_misty_rematch_1,Leader Misty Rematch,Trainerclass Leader Misty,1362,16,0.988,2752,63,2427.7,S+,Champion Cynthia (Elo 2471.2),Ace Trainer Maya Rematch 2 (Elo 2092.1),Elite Four Karen Rematch (7 games),4.65,Starmie @ Colbur Berry Lv50 (Natural Cure): Thunderbolt/Psychic/Ice Beam/Surf | Quagsire Lv50 (Water Absorb): Water Pulse/Amnesia/Earthquake/Rain Dance | Lapras Lv50 (Shell Armor): Surf/Perish Song/Blizzard/Rain Dance | Lanturn Lv50 (Illuminate): Confuse Ray/Thunderbolt/Surf/Thunder Wave | Floatzel Lv50 (Swift Swim): Agility/Ice Fang/Waterfall/Baton Pass | Milotic Lv50 (Marvel Scale): Hydro Pump/Ice Beam/Rest/Sleep Talk
13,hgss_leader_blue_blue_rematch_1,Leader Blue Rematch,Trainerclass Leader Blue,1360,18,0.987,2737,55,2396.5,S,Rival Survival Area Infernape (Elo 2450.2),Leader Clair (Elo 2279.7),Champion Lance (7 games),4.62,Exeggutor Lv50 (Chlorophyll): Leaf Storm/Psychic/Explosion/Trick Room | Machamp @ Iron Ball Lv50 (No Guard): Dynamic Punch/Stone Edge/Fling/Attract | Rhyperior Lv50 (Solid Rock): Megahorn/Stone Edge/Thunder Fang/Earthquake | Arcanine Lv50 (Flash Fire): Flare Blitz/Extreme Speed/Thunder Fang/Crunch | Tyranitar Lv50 (Sand Stream): Low Kick/Fire Fang/Rock Slide/Earthquake | Pidgeot @ Sitrus Berry Lv50 (Tangled Feet): Return/Double Team/Air Slash/Steel Wing
14,hgss_leader_clair_clair_dd_and_hgss_champion_lance_dd,Leader Clair & Champion Lance (DD),Trainerclass Leader Clair,1359,19,0.986,2751,69,2425.0,S+,Rival Survival Area Infernape Rematch (Elo 2451.7),Leader Brock Rematch (Elo 2284.4),Rival Survival Area Empoleon (7 games),3.59,Dragonair Lv50 (Shed Skin): Thunder Wave/Dragon Rush/Thunderbolt/Flamethrower | Gyarados Lv50 (Intimidate): Thunder Wave/Ice Fang/Waterfall/Dragon Dance | Kingdra Lv50 (Sniper): Yawn/Hydro Pump/Ice Beam/Dragon Breath | Charizard Lv50 (Blaze): Flamethrower/Air Slash/Dragon Claw/Hyper Beam | Dragonite Lv50 (Inner Focus): Thunder/Protect/Dragon Breath/Hyper Beam | Dragonite Lv50 (Inner Focus): Fire Punch/Safeguard/Draco Meteor/Hyper Beam
15,rival_survival_area_piplup_rematch,Rival Survival Area Torterra Rematch,Rival,1357,21,0.985,2736,63,2399.6,S,Rival Fight Area Infernape (Elo 2438.0),Rival Silver Meganium (DD) (Elo 2234.3),Galactic Boss Cyrus Distortion World (7 games),3.92,Staraptor Lv50 (Intimidate): Close Combat/Brave Bird/Quick Attack/U Turn | Floatzel Lv50 (Swift Swim): Aqua Jet/Crunch/Ice Fang/Brick Break | Heracross Lv50 (Swarm): Megahorn/Close Combat/Night Slash/Stone Edge | Rapidash Lv50 (Run Away): Fire Blast/Sunny Day/Megahorn/Will O Wisp | Snorlax Lv50 (Immunity): Giga Impact/Crunch/Earthquake/Zen Headbutt | Torterra @ Sitrus Berry Lv50 (Overgrow): Leaf Storm/Earthquake/Crunch/Stone Edge
16,galactic_boss_cyrus_distortion_world,Galactic Boss Cyrus Distortion World,Galactic Boss,1357,21,0.985,2740,67,2394.7,S,Rival Survival Area Infernape Rematch (Elo 2451.7),Leader Brock (Elo 2147.0),Leader Blue (7 games),4.56,Houndoom Lv50 (Early Bird): Flamethrower/Dark Pulse/Will O Wisp/Thunder Fang | Honchkrow Lv50 (Insomnia): Drill Peck/Night Slash/Heat Wave/Psychic | Crobat Lv50 (Inner Focus): Cross Poison/Air Slash/Toxic/Confuse Ray | Gyarados Lv50 (Intimidate): Giga Impact/Waterfall/Ice Fang/Earthquake | Weavile @ Sitrus Berry Lv50 (Pressure): Night Slash/Ice Punch/Fake Out/X Scissor
17,elite_four_lucian,Elite Four Lucian,Elite Four Lucian,1356,22,0.984,2737,72,2395.9,S,Rival Survival Area Infernape Rematch (Elo 2451.7),Leader Volkner Fight Area (Elo 2227.5),Elite Four Bertha (7 games),5.69,Mr Mime Lv50 (Soundproof): Psychic/Thunderbolt/Reflect/Light Screen | Espeon Lv50 (Synchronize): Psychic/Shadow Ball/Quick Attack/Signal Beam | Bronzong Lv50 (Levitate): Psychic/Gyro Ball/Earthquake/Calm Mind | Alakazam Lv50 (Synchronize): Psychic/Energy Ball/Focus Blast/Recover | Gallade @ Sitrus Berry Lv50 (Steadfast): Drain Punch/Psycho Cut/Leaf Blade/Stone Edge
18,rival_pokemon_league_turtwig,Rival Pokemon League Infernape,Rival,1355,23,0.983,2740,77,2424.7,S+,Champion Cynthia (Elo 2471.2),Leader Sabrina (Elo 2199.7),Cheryl Battleground (7 games),4.72,Staraptor Lv50 (Intimidate): Close Combat/Aerial Ace/Steel Wing/U Turn | Floatzel Lv50 (Swift Swim): Aqua Jet/Crunch/Ice Fang/Brick Break | Heracross Lv50 (Swarm): Close Combat/Rock Slide/Night Slash/Aerial Ace | Roserade Lv50 (Natural Cure): Poison Jab/Giga Drain/Shadow Ball/Grass Whistle | Snorlax Lv50 (Immunity): Body Slam/Crunch/Earthquake/Rest | Infernape Lv50 (Blaze): Flamethrower/Focus Blast/Shadow Claw/Aerial Ace
19,rival_survival_area_chimchar,Rival Survival Area Empoleon,Rival,1355,23,0.983,2744,80,2419.2,S,Champion Lance Rematch (Elo 2451.3),Elite Four Bruno (Elo 2310.7),Leader Clair & Champion Lance (DD) (7 games),5.06,Staraptor Lv50 (Intimidate): Close Combat/Aerial Ace/Steel Wing/U Turn | Roserade Lv50 (Natural Cure): Poison Jab/Giga Drain/Shadow Ball/Grass Whistle | Heracross Lv50 (Swarm): Megahorn/Close Combat/Night Slash/Rock Slide | Rapidash Lv50 (Run Away): Fire Blast/Sunny Day/Bounce/Will O Wisp | Snorlax Lv50 (Immunity): Body Slam/Crunch/Earthquake/Rest | Empoleon @ Sitrus Berry Lv50 (Torrent): Hydro Pump/Metal Claw/Drill Peck/Shadow Claw
20,hgss_rival_silver_typhlosion_pkmn_league,Rival Silver Typhlosion (PKMN League),Trainerclass Rival,1354,24,0.983,2740,81,2422.7,S,Champion Cynthia (Elo 2471.2),Leader Brock Rematch (Elo 2284.4),Rival Pokemon League Torterra (7 games),6.42,Sneasel Lv50 (Inner Focus): Icy Wind/Shadow Claw/Faint Attack/Metal Claw | Crobat Lv50 (Inner Focus): Toxic/Bite/Confuse Ray/Air Cutter | Magneton Lv50 (Magnet Pull): Discharge/Mirror Shot/Thunder Wave/Magnet Bomb | Gengar Lv50 (Levitate): Dark Pulse/Sludge Bomb/Shadow Ball/Confuse Ray | Alakazam Lv50 (Synchronize): Recover/Focus Blast/Psychic/Reflect | Typhlosion Lv50 (Blaze): Rollout/Flamethrower/Will O Wisp/Swift
21,hgss_rival_silver_feraligatr_pkmn_league,Rival Silver Feraligatr (PKMN League),Trainerclass Rival,1353,25,0.982,2754,101,2409.6,S,Champion Cynthia (Elo 2471.2),Commander Jupiter & Mars (Spear Pillar) (Elo 2290.4),Elite Four Bertha (7 games),6.46,Sneasel Lv50 (Inner Focus): Icy Wind/Shadow Claw/Faint Attack/Metal Claw | Crobat Lv50 (Inner Focus): Toxic/Bite/Confuse Ray/Air Cutter | Magneton Lv50 (Magnet Pull): Discharge/Mirror Shot/Thunder Wave/Magnet Bomb | Gengar Lv50 (Levitate): Dark Pulse/Sludge Bomb/Shadow Ball/Confuse Ray | Alakazam Lv50 (Synchronize): Recover/Focus Blast/Psychic/Reflect | Feraligatr Lv50 (Torrent): Crunch/Aqua Tail/Slash/Ice Fang
22,rival_pokemon_league_piplup,Rival Pokemon League Torterra,Rival,1352,26,0.981,2734,79,2428.7,S+,Champion Cynthia (Elo 2471.2),Leader Jasmine Rematch (Elo 2324.5),Rival Survival Area Torterra (7 games),4.98,Staraptor Lv50 (Intimidate): Close Combat/Aerial Ace/Steel Wing/U Turn | Floatzel Lv50 (Swift Swim): Aqua Jet/Crunch/Ice Fang/Brick Break | Heracross Lv50 (Swarm): Close Combat/Rock Slide/Night Slash/Aerial Ace | Rapidash Lv50 (Run Away): Fire Blast/Sunny Day/Bounce/Will O Wisp | Snorlax Lv50 (Immunity): Body Slam/Crunch/Earthquake/Rest | Torterra Lv50 (Overgrow): Leaf Storm/Earthquake/Crunch/Synthesis
23,elite_four_flint_rematch,Elite Four Flint Rematch,Elite Four Flint,1351,27,0.98,2729,79,2390.2,S,Rival Survival Area Infernape (Elo 2450.2),Dragon Tamer Darien (Elo 1849.5),Leader Brock Rematch (7 games),4.55,Houndoom Lv50 (Early Bird): Flamethrower/Sludge Bomb/Dark Pulse/Sunny Day | Flareon Lv50 (Flash Fire): Overheat/Giga Impact/Quick Attack/Will O Wisp | Rapidash Lv50 (Run Away): Flare Blitz/Solar Beam/Bounce/Sunny Day | Infernape Lv50 (Blaze): Flare Blitz/Thunder Punch/Mach Punch/Earthquake | Magmortar @ Sitrus Berry Lv50 (Flame Body): Flamethrower/Thunderbolt/Solar Beam/Hyper Beam
24,elite_four_lucian_rematch,Elite Four Lucian Rematch,Elite Four Lucian,1350,28,0.98,2730,85,2403.6,S,Rival Fight Area Infernape (Elo 2438.0),Galactic Boss Cyrus Galactic Hq (Elo 2176.3),Rival Fight Area Torterra (7 games),5.52,Mr Mime Lv50 (Soundproof): Psychic/Thunderbolt/Reflect/Light Screen | Espeon Lv50 (Synchronize): Psychic/Shadow Ball/Quick Attack/Signal Beam | Bronzong Lv50 (Levitate): Psychic/Gyro Ball/Earthquake/Calm Mind | Alakazam Lv50 (Synchronize): Psychic/Energy Ball/Focus Blast/Recover | Gallade @ Sitrus Berry Lv50 (Steadfast): Drain Punch/Psycho Cut/Leaf Blade/Stone Edge
25,mira_battleground,Mira Battleground,Trainer Mira,1350,28,0.98,2740,94,2400.4,S,Leader Blue (Elo 2447.2),Cheryl Battleground (Elo 2309.1),Leader Sabrina Rematch (7 games),4.28,Porygon Z Lv50 (Adaptability): Tri Attack/Psychic/Thunderbolt/Dark Pulse | Gengar Lv50 (Levitate): Shadow Ball/Psychic/Sludge Bomb/Energy Ball | Magnezone Lv50 (Magnet Pull): Thunder/Flash Cannon/Thunder Wave/Hyper Beam | Togekiss Lv50 (Hustle): Extreme Speed/Air Slash/Aura Sphere/Psychic | Alakazam @ Sitrus Berry Lv50 (Synchronize): Psychic/Focus Blast/Calm Mind/Hyper Beam
26,hgss_pkmn_trainer_red_red_0260,Pokemon Trainer Red,Trainerclass Pkmn Trainer Red,1350,28,0.98,2744,101,2376.2,S,Champion Lance Rematch (Elo 2451.3),Leader Lt. Surge (Elo 2177.2),Mira Battleground (7 games),4.68,Pikachu @ Light Ball Lv50 (Static): Volt Tackle/Iron Tail/Quick Attack/Thunderbolt | Lapras Lv50 (Shell Armor): Blizzard/Brine/Psychic/Body Slam | Snorlax Lv50 (Thick Fat): Shadow Ball/Crunch/Blizzard/Giga Impact | Venusaur Lv50 (Overgrow): Sludge Bomb/Giga Drain/Sleep Powder/Frenzy Plant | Charizard Lv50 (Blaze): Flare Blitz/Air Slash/Blast Burn/Dragon Pulse | Blastoise Lv50 (Torrent): Focus Blast/Hydro Cannon/Blizzard/Flash Cannon
27,rival_fight_area_piplup,Rival Fight Area Torterra,Rival,1349,29,0.979,2728,89,2392.4,S,Rival Survival Area Infernape Rematch (Elo 2451.7),Leader Fantina Rematch (Elo 2294.5),Leader Fantina Rematch (7 games),4.91,Staraptor Lv50 (Intimidate): Close Combat/Aerial Ace/Steel Wing/U Turn | Floatzel Lv50 (Swift Swim): Aqua Jet/Crunch/Ice Fang/Brick Break | Heracross Lv50 (Swarm): Close Combat/Rock Slide/Night Slash/Aerial Ace | Rapidash Lv50 (Run Away): Fire Blast/Sunny Day/Bounce/Will O Wisp | Snorlax Lv50 (Immunity): Body Slam/Crunch/Earthquake/Rest | Torterra Lv50 (Overgrow): Leaf Storm/Earthquake/Crunch/Synthesis
28,rival_fight_area_chimchar,Rival Fight Area Empoleon,Rival,1347,31,0.978,2732,98,2387.6,S,Rival Fight Area Infernape (Elo 2438.0),Elite Four Koga (Elo 2209.9),Rival Pokemon League Infernape (7 games),5.17,Staraptor Lv50 (Intimidate): Close Combat/Aerial Ace/Steel Wing/U Turn | Roserade Lv50 (Natural Cure): Poison Jab/Giga Drain/Shadow Ball/Grass Whistle | Heracross Lv50 (Swarm): Close Combat/Rock Slide/Night Slash/Aerial Ace | Rapidash Lv50 (Run Away): Fire Blast/Sunny Day/Bounce/Will O Wisp | Snorlax Lv50 (Immunity): Body Slam/Crunch/Earthquake/Rest | Empoleon Lv50 (Torrent): Brine/Aerial Ace/Metal Claw/Shadow Claw
29,hgss_leader_pryce_pryce_rematch_1,Leader Pryce Rematch,Trainerclass Leader Pryce,1347,31,0.978,2720,90,2357.8,S,Champion Cynthia (Elo 2471.2),Leader Candice (Elo 2268.1),Cheryl Battleground (7 games),4.23,Abomasnow Lv50 (Snow Warning): Ice Shard/Wood Hammer/Earthquake/Blizzard | Dewgong @ Lum Berry Lv50 (Thick Fat): Dive/Sheer Cold/Sleep Talk/Rest | Glalie Lv50 (Inner Focus): Payback/Torment/Attract/Blizzard | Froslass Lv50 (Snow Cloak): Ice Shard/Confuse Ray/Attract/Blizzard | Walrein Lv50 (Ice Body): Hail/Body Slam/Swagger/Blizzard | Mamoswine @ Sitrus Berry Lv50 (Snow Cloak): Earthquake/Avalanche/Stone Edge/Double Team
30,rival_pokemon_league_chimchar,Rival Pokemon League Empoleon,Rival,1346,32,0.977,2718,89,2369.1,S,Rival Survival Area Infernape Rematch (Elo 2451.7),Elite Four Bruno (Elo 2310.7),Rival Fight Area Empoleon (7 games),5.08,Staraptor Lv50 (Intimidate): Close Combat/Aerial Ace/Steel Wing/U Turn | Roserade Lv50 (Natural Cure): Poison Jab/Giga Drain/Shadow Ball/Grass Whistle | Heracross Lv50 (Swarm): Close Combat/Rock Slide/Night Slash/Aerial Ace | Rapidash Lv50 (Run Away): Fire Blast/Sunny Day/Bounce/Will O Wisp | Snorlax Lv50 (Immunity): Body Slam/Crunch/Earthquake/Rest | Empoleon Lv50 (Torrent): Brine/Aerial Ace/Metal Claw/Shadow Claw
31,hgss_elite_four_karen_karen_rematch_1,Elite Four Karen Rematch,Trainerclass Elite Four Karen,1343,35,0.975,2722,104,2377.1,S,Rival Survival Area Infernape (Elo 2450.2),Leader Brock (Elo 2147.0),Leader Falkner Rematch (7 games),4.84,Weavile Lv50 (Pressure): Ice Shard/Night Slash/Ice Punch/Low Kick | Spiritomb Lv50 (Pressure): Curse/Confuse Ray/Pain Split/Sucker Punch | Absol Lv50 (Super Luck): Night Slash/Psycho Cut/Detect/Perish Song | Honchkrow Lv50 (Super Luck): Drill Peck/Whirlwind/Sucker Punch/Thunder Wave | Houndoom Lv50 (Flash Fire): Nasty Plot/Dark Pulse/Flamethrower/Sludge Bomb | Umbreon @ Sitrus Berry Lv50 (Synchronize): Curse/Payback/Confuse Ray/Sucker Punch
32,elite_four_aaron,Elite Four Aaron,Elite Four Aaron,1342,36,0.974,2712,99,2376.5,S,Rival Fight Area Infernape (Elo 2438.0),Ace Trainer Dalton Rematch (Elo 2046.3),Leader Volkner Rematch (7 games),5.47,Yanmega Lv50 (Speed Boost): Air Slash/Bug Buzz/U Turn/Double Team | Scizor Lv50 (Swarm): Iron Head/X Scissor/Night Slash/Quick Attack | Vespiquen Lv50 (Pressure): Attack Order/Defend Order/Heal Order/Power Gem | Heracross Lv50 (Swarm): Megahorn/Close Combat/Night Slash/Stone Edge | Drapion @ Sitrus Berry Lv50 (Battle Armor): X Scissor/Cross Poison/Ice Fang/Aerial Ace
33,elite_four_flint,Elite Four Flint,Elite Four Flint,1342,36,0.974,2706,97,2373.8,S,Rival Silver Typhlosion (PKMN League) (Elo 2422.7),Dragon Tamer Darien (Elo 1849.5),Rival Silver Feraligatr (PKMN League) (7 games),4.56,Houndoom Lv50 (Early Bird): Flamethrower/Sludge Bomb/Dark Pulse/Sunny Day | Flareon Lv50 (Flash Fire): Overheat/Giga Impact/Quick Attack/Will O Wisp | Rapidash Lv50 (Run Away): Flare Blitz/Solar Beam/Bounce/Sunny Day | Infernape Lv50 (Blaze): Flare Blitz/Thunder Punch/Mach Punch/Earthquake | Magmortar @ Sitrus Berry Lv50 (Flame Body): Flamethrower/Thunderbolt/Solar Beam/Hyper Beam
34,hgss_leader_sabrina_sabrina_rematch_1,Leader Sabrina Rematch,Trainerclass Leader Sabrina,1342,36,0.974,2722,110,2366.9,S,Rival Survival Area Infernape (Elo 2450.2),Veteran Armando Rematch (Elo 2138.5),Leader Erika Rematch (7 games),4.66,Alakazam Lv50 (Synchronize): Gravity/Focus Blast/Energy Ball/Psychic | Espeon Lv50 (Synchronize): Calm Mind/Baton Pass/Shadow Ball/Psychic | Mr Mime Lv50 (Filter): Reflect/Skill Swap/Thunder/Psychic | Jynx Lv50 (Forewarn): Blizzard/Perish Song/Psychic/Focus Blast | Wobbuffet Lv50 (Shadow Tag): Counter/Mirror Coat/Destiny Bond/Encore | Gallade @ Sitrus Berry Lv50 (Steadfast): Close Combat/Psycho Cut/Night Slash/Stone Edge
35,hgss_rival_silver_meganium_pkmn_league,Rival Silver Meganium (PKMN League),Trainerclass Rival,1339,39,0.972,2701,100,2359.3,S,Rival Survival Area Infernape (Elo 2450.2),Elite Four Will (Elo 2252.5),Leader Blaine Rematch (7 games),6.21,Sneasel Lv50 (Inner Focus): Icy Wind/Shadow Claw/Faint Attack/Metal Claw | Crobat Lv50 (Inner Focus): Toxic/Bite/Confuse Ray/Air Cutter | Magneton Lv50 (Magnet Pull): Discharge/Mirror Shot/Thunder Wave/Magnet Bomb | Gengar Lv50 (Levitate): Dark Pulse/Sludge Bomb/Shadow Ball/Confuse Ray | Alakazam Lv50 (Synchronize): Recover/Focus Blast/Psychic/Reflect | Meganium Lv50 (Overgrow): Petal Dance/Body Slam/Light Screen/Synthesis
36,elite_four_bertha_rematch,Elite Four Bertha Rematch,Elite Four Bertha,1339,39,0.972,2722,126,2354.3,S,Leader Clair & Champion Lance (DD) (Elo 2425.0),Lady Melissa Rematch 3 (Elo 1703.8),Elite Four Will Rematch (7 games),5.79,Whiscash Lv50 (Oblivious): Earth Power/Aqua Tail/Zen Headbutt/Sandstorm | Gliscor Lv50 (Hyper Cutter): Earthquake/Ice Fang/Fire Fang/Thunder Fang | Hippowdon Lv50 (Sand Stream): Earthquake/Stone Edge/Crunch/Yawn | Golem Lv50 (Rock Head): Earthquake/Fire Punch/Thunder Punch/Sandstorm | Rhyperior @ Sitrus Berry Lv50 (Lightning Rod): Earthquake/Rock Wrecker/Megahorn/Avalanche
37,hgss_leader_janine_janine_rematch_1,Leader Janine Rematch,Trainerclass Leader Janine,1336,42,0.97,2703,116,2374.7,S,Rival Survival Area Infernape Rematch (Elo 2451.7),Dragon Tamer Darien (Elo 1849.5),Marley Battleground (7 games),6.73,Crobat Lv50 (Inner Focus): Heat Wave/Cross Poison/Confuse Ray/U Turn | Weezing Lv50 (Levitate): Thunderbolt/Sludge Bomb/Toxic/Explosion | Toxicroak Lv50 (Dry Skin): Cross Chop/Poison Jab/Attract/Substitute | Ariados Lv50 (Insomnia): Toxic/Bounce/Swagger/Night Shade | Venomoth @ Sitrus Berry Lv50 (Tinted Lens): Sleep Powder/Double Team/Bug Buzz/Psychic | Drapion Lv50 (Sniper): Cross Poison/Confuse Ray/Crunch/Swords Dance
38,hgss_leader_bugsy_bugsy_rematch_1,Leader Bugsy Rematch,Trainerclass Leader Bugsy,1336,42,0.97,2699,112,2368.8,S,Champion Lance Rematch (Elo 2451.3),Marley Victory Road (Elo 1640.7),Cheryl Battleground (7 games),4.84,Scizor @ Sitrus Berry Lv50 (Technician): Bullet Punch/X Scissor/Swords Dance/Superpower | Shedinja Lv50 (Wonder Guard): Toxic/X Scissor/Shadow Sneak/Swagger | Yanmega Lv50 (Tinted Lens): Detect/Bug Buzz/Air Slash/Ancient Power | Pinsir Lv50 (Mold Breaker): Earthquake/Guillotine/X Scissor/Rock Tomb | Heracross Lv50 (Guts): Close Combat/Megahorn/Stone Edge/Counter | Vespiquen @ Sitrus Berry Lv50 (Pressure): Protect/Confuse Ray/Attack Order/Defend Order
39,hgss_elite_four_koga_koga_rematch_1,Elite Four Koga Rematch,Trainerclass Elite Four Koga,1336,42,0.97,2726,143,2345.7,S,Champion Cynthia (Elo 2471.2),Hiker Kenny Rematch 3 (Elo 1865.4),Leader Jasmine Rematch (7 games),10.56,Skuntank Lv50 (Aftermath): Sucker Punch/Dig/Toxic/Explosion | Venomoth Lv50 (Tinted Lens): Double Team/Baton Pass/Psychic/Silver Wind | Toxicroak Lv50 (Dry Skin): Cross Chop/X Scissor/Swagger/Gunk Shot | Muk @ Black Sludge Lv50 (Sticky Hold): Minimize/Screech/Swagger/Toxic | Crobat Lv50 (Inner Focus): Toxic/Mean Look/Fly/Cross Poison | Swalot @ Leftovers Lv50 (Sticky Hold): Yawn/Amnesia/Pain Split/Sludge Bomb
40,rival_spear_pillar_chimchar,Rival Spear Pillar Empoleon,Rival,1336,42,0.97,2715,129,2343.7,S,Rival Survival Area Torterra (Elo 2433.5),Leader Blaine (Elo 2179.9),Leader Lt. Surge Rematch (7 games),8.75,Munchlax Lv50 (Pickup): Body Slam/Stockpile/Swallow/Screech | Staraptor Lv50 (Intimidate): Close Combat/Aerial Ace/Take Down/Quick Attack | Roserade Lv50 (Natural Cure): Giga Drain/Toxic/Ingrain/Grass Whistle | Heracross Lv50 (Swarm): Close Combat/Brick Break/Night Slash/Aerial Ace | Rapidash Lv50 (Run Away): Fire Blast/Will O Wisp/Stomp/Take Down | Empoleon Lv50 (Torrent): Aqua Jet/Aerial Ace/Metal Claw/Swagger
41,hgss_leader_lt_surge_lt_surge_rematch_1,Leader Lt. Surge Rematch,Trainerclass Leader Lt Surge,1335,43,0.969,2711,130,2365.0,S,Rival Survival Area Infernape Rematch (Elo 2451.7),Pokefan Robert (Elo 1347.0),Rival Spear Pillar Empoleon (7 games),6.84,Raichu Lv50 (Static): Thunder Wave/Quick Attack/Thunderbolt/Grass Knot | Manectric @ Pinap Berry Lv50 (Static): Thunder Wave/Natural Gift/Discharge/Overheat | Magnezone Lv50 (Magnet Pull): Thunderbolt/Double Team/Magnet Rise/Mirror Shot | Electrode Lv50 (Static): Thunder Wave/Double Team/Thunderbolt/Explosion | Pachirisu Lv50 (Pickup): Quick Attack/Super Fang/Discharge/Sweet Kiss | Electivire @ Sitrus Berry Lv50 (Motor Drive): Thunderbolt/Cross Chop/Ice Punch/Earthquake
42,hgss_leader_blaine_blaine_rematch_1,Leader Blaine Rematch,Trainerclass Leader Blaine,1335,43,0.969,2713,127,2336.6,S,Rival Survival Area Infernape Rematch (Elo 2451.7),Ace Trainer Moira Postgame (Elo 2082.7),Leader Whitney Rematch (7 games),6.94,Torkoal Lv50 (White Smoke): Sunny Day/Yawn/Body Slam/Overheat | Camerupt Lv50 (Solid Rock): Earthquake/Eruption/Solar Beam/Sunny Day | Rapidash Lv50 (Flash Fire): Megahorn/Quick Attack/Overheat/Flare Blitz | Magcargo Lv50 (Flame Body): Curse/Gyro Ball/Overheat/Stone Edge | Houndoom Lv50 (Flash Fire): Shadow Ball/Dark Pulse/Flamethrower/Sucker Punch | Magmortar Lv50 (Flame Body): Thunderbolt/Low Kick/Flamethrower/Confuse Ray
43,elite_four_bertha,Elite Four Bertha,Elite Four Bertha,1334,44,0.968,2711,128,2343.3,S,Rival Fight Area Infernape (Elo 2438.0),Dragon Tamer Hayden (Elo 1787.8),Leader Candice (7 games),5.48,Whiscash Lv50 (Oblivious): Earth Power/Aqua Tail/Zen Headbutt/Sandstorm | Gliscor Lv50 (Hyper Cutter): Earthquake/Ice Fang/Fire Fang/Thunder Fang | Hippowdon Lv50 (Sand Stream): Earthquake/Stone Edge/Crunch/Yawn | Golem Lv50 (Rock Head): Earthquake/Fire Punch/Thunder Punch/Sandstorm | Rhyperior @ Sitrus Berry Lv50 (Lightning Rod): Earthquake/Rock Wrecker/Megahorn/Avalanche
44,leader_volkner_rematch,Leader Volkner Rematch,Leader Volkner,1333,45,0.967,2700,120,2363.3,S,Rival Survival Area Infernape (Elo 2450.2),Camper Barry (Elo 1674.1),Elite Four Aaron (7 games),6.15,Jolteon Lv50 (Volt Absorb): Pin Missile/Charge Beam/Double Kick/Quick Attack | Raichu Lv50 (Static): Charge Beam/Brick Break/Thunder Wave/Light Screen | Luxray Lv50 (Rivalry): Ice Fang/Thunder Fang/Crunch/Fire Fang | Lanturn Lv50 (Volt Absorb): Discharge/Signal Beam/Surf/Ice Beam | Electivire @ Sitrus Berry Lv50 (Motor Drive): Thunder Punch/Fire Punch/Brick Break/Giga Impact
45,elite_four_aaron_rematch,Elite Four Aaron Rematch,Elite Four Aaron,1333,45,0.967,2700,123,2362.0,S,Rival Fight Area Infernape (Elo 2438.0),Ace Trainer Lois (Elo 1807.7),Rival Silver Typhlosion (VR) (7 games),5.72,Yanmega Lv50 (Speed Boost): Air Slash/Bug Buzz/U Turn/Double Team | Scizor Lv50 (Swarm): Iron Head/X Scissor/Night Slash/Quick Attack | Vespiquen Lv50 (Pressure): Attack Order/Defend Order/Heal Order/Power Gem | Heracross Lv50 (Swarm): Megahorn/Close Combat/Night Slash/Stone Edge | Drapion @ Sitrus Berry Lv50 (Battle Armor): X Scissor/Cross Poison/Ice Fang/Aerial Ace
46,rival_spear_pillar_piplup,Rival Spear Pillar Torterra,Rival,1333,45,0.967,2705,126,2340.8,S,Rival Survival Area Infernape Rematch (Elo 2451.7),Ace Trainer Shaye (Elo 2129.9),Rival Survival Area Empoleon (7 games),8.5,Munchlax Lv50 (Pickup): Body Slam/Stockpile/Swallow/Screech | Staraptor Lv50 (Intimidate): Close Combat/Aerial Ace/Take Down/Quick Attack | Floatzel Lv50 (Swift Swim): Aqua Jet/Pursuit/Brick Break/Iron Tail | Heracross Lv50 (Swarm): Close Combat/Brick Break/Night Slash/Aerial Ace | Rapidash Lv50 (Run Away): Fire Blast/Will O Wisp/Stomp/Take Down | Torterra Lv50 (Overgrow): Giga Drain/Bite/Leech Seed/Synthesis
47,rival_spear_pillar_turtwig,Rival Spear Pillar Infernape,Rival,1332,46,0.967,2690,117,2330.6,S,Rival Survival Area Infernape (Elo 2450.2),Galactic Boss Cyrus Galactic Hq (Elo 2176.3),Leader Wake Rematch (7 games),8.26,Munchlax Lv50 (Pickup): Body Slam/Stockpile/Swallow/Screech | Staraptor Lv50 (Intimidate): Close Combat/Aerial Ace/Take Down/Quick Attack | Floatzel Lv50 (Swift Swim): Aqua Jet/Pursuit/Brick Break/Iron Tail | Heracross Lv50 (Swarm): Close Combat/Brick Break/Night Slash/Aerial Ace | Roserade Lv50 (Natural Cure): Giga Drain/Toxic/Ingrain/Grass Whistle | Infernape Lv50 (Blaze): Close Combat/Punishment/Flame Wheel/Will O Wisp
48,hgss_elite_four_bruno_bruno_rematch_1,Elite Four Bruno Rematch,Trainerclass Elite Four Bruno,1330,48,0.965,2690,126,2340.1,S,Rival Fight Area Infernape (Elo 2438.0),Medium Darcy (Elo 1679.0),Rival Fight Area Infernape (7 games),6.06,Hitmontop Lv50 (Technician): Counter/Quick Attack/Close Combat/Earthquake | Hitmonlee Lv50 (Reckless): Swagger/Close Combat/Reversal/Blaze Kick | Hitmonchan Lv50 (Iron Fist): Substitute/Drain Punch/Close Combat/Bullet Punch | Hariyama @ Sitrus Berry Lv50 (Guts): Low Kick/Payback/Bullet Punch/Bulk Up | Machamp Lv50 (No Guard): Bullet Punch/Foresight/Stone Edge/Dynamic Punch | Lucario Lv50 (Inner Focus): Extreme Speed/Close Combat/Counter/Iron Tail
49,riley_battleground,Riley Battleground,Trainer Riley,1330,48,0.965,2691,126,2334.5,S,Leader Clair Rematch (Elo 2427.8),Veteran Brian Rematch 1 (Elo 2087.6),Leader Lt. Surge Rematch (7 games),4.67,Absol Lv50 (Pressure): Psycho Cut/Night Slash/Swords Dance/Quick Attack | Ursaring Lv50 (Guts): Avalanche/Slash/Aerial Ace/Shadow Claw | Metagross Lv50 (Clear Body): Meteor Mash/Zen Headbutt/Hammer Arm/Bullet Punch | Salamence Lv50 (Intimidate): Dragon Claw/Crunch/Fire Fang/Thunder Fang | Lucario @ Sitrus Berry Lv50 (Steadfast): Extreme Speed/Close Combat/Bone Rush/Blaze Kick
50,marley_battleground,Marley Battleground,Trainer Marley,1329,49,0.964,2697,138,2353.0,S,Champion Lance Rematch (Elo 2451.3),Leader Byron (Elo 2162.5),Leader Janine Rematch (7 games),5.63,Ninjask Lv50 (Speed Boost): X Scissor/Aerial Ace/Swords Dance/Slash | Electrode Lv50 (Soundproof): Hyper Beam/Thunder/Thunder Wave/Double Team | Crobat Lv50 (Inner Focus): Air Slash/Poison Fang/Confuse Ray/Double Team | Weavile Lv50 (Pressure): Ice Shard/Night Slash/Ice Punch/Aerial Ace | Arcanine @ Sitrus Berry Lv50 (Intimidate): Extreme Speed/Flare Blitz/Crunch/Thunder Fang
51,hgss_rival_silver_typhlosion_mt_moon,Rival Silver Typhlosion (Mt. Moon),Trainerclass Rival,1328,50,0.964,2690,134,2348.6,S,Rival Silver Typhlosion (PKMN League) (Elo 2422.7),Leader Brock (Elo 2147.0),Leader Sabrina Rematch (7 games),6.85,Sneasel Lv50 (Inner Focus): Quick Attack/Icy Wind/Faint Attack/Shadow Claw | Golbat Lv50 (Inner Focus): Poison Fang/Bite/Confuse Ray/Air Cutter | Magneton Lv50 (Magnet Pull): Discharge/Supersonic/Thunder Wave/Magnet Bomb | Gengar Lv50 (Levitate): Mean Look/Curse/Shadow Ball/Confuse Ray | Alakazam Lv50 (Synchronize): Disable/Recover/Reflect/Psychic | Typhlosion Lv50 (Blaze): Flamethrower/Quick Attack/Flame Wheel/Swift
52,leader_roark_rematch,Leader Roark Rematch,Leader Roark,1328,50,0.964,2681,126,2338.4,S,Leader Clair Rematch (Elo 2427.8),Camper Zackary Rematch 3 (Elo 1822.0),Leader Clair (7 games),4.57,Aerodactyl Lv50 (Rock Head): Stone Edge/Aerial Ace/Earthquake/Dragon Claw | Probopass Lv50 (Sturdy): Earth Power/Stealth Rock/Discharge/Stone Edge | Golem Lv50 (Rock Head): Stone Edge/Earthquake/Brick Break/Flamethrower | Rampardos Lv50 (Mold Breaker): Head Smash/Zen Headbutt/Avalanche/Earthquake | Tyranitar @ Sitrus Berry Lv50 (Sand Stream): Stone Edge/Crunch/Aerial Ace/Fire Fang
53,hgss_elite_four_will_will_rematch_1,Elite Four Will Rematch,Trainerclass Elite Four Will,1328,50,0.964,2696,138,2324.6,S,Leader Blue (Elo 2447.2),Rival Silver Quilava (Goldenrod) (Elo 2135.9),Elite Four Bertha Rematch (7 games),7.73,Bronzong Lv50 (Heatproof): Reflect/Payback/Gravity/Psychic | Jynx Lv50 (Forewarn): Fake Tears/Lovely Kiss/Blizzard/Dream Eater | Grumpig Lv50 (Own Tempo): Confuse Ray/Signal Beam/Power Gem/Psychic | Slowbro Lv50 (Own Tempo): Curse/Amnesia/Body Slam/Psychic | Gardevoir Lv50 (Trace): Focus Blast/Charge Beam/Calm Mind/Psychic | Xatu @ Sitrus Berry Lv50 (Early Bird): Quick Attack/Shadow Ball/Confuse Ray/Psychic
54,hgss_leader_whitney_whitney_rematch_1,Leader Whitney Rematch,Trainerclass Leader Whitney,1327,51,0.963,2680,128,2327.5,S,Rival Pokemon League Torterra (Elo 2428.7),Rival Canalave City Torterra (Elo 2226.6),Leader Blaine Rematch (7 games),6.0,Girafarig Lv50 (Inner Focus): Psychic/Shadow Ball/Calm Mind/Baton Pass | Lickilicky Lv50 (Own Tempo): Wring Out/Flamethrower/Ice Beam/Thunderbolt | Bibarel Lv50 (Simple): Double Team/Charge Beam/Surf/Ice Beam | Delcatty Lv50 (Normalize): Fake Out/Assist/Calm Mind/Baton Pass | Clefable Lv50 (Magic Guard): Blizzard/Thunder/Fire Blast/Calm Mind | Miltank @ Lum Berry Lv50 (Scrappy): Body Slam/Attract/Sleep Talk/Rest
55,leader_wake_rematch,Leader Wake Rematch,Leader Wake,1325,53,0.962,2693,151,2343.7,S,Champion Cynthia (Elo 2471.2),Leader Erika (Elo 2094.6),Leader Candice (7 games),5.28,Sharpedo Lv50 (Rough Skin): Aqua Jet/Night Slash/Slash/Endure | Quagsire Lv50 (Damp): Earthquake/Stone Edge/Yawn/Surf | Gyarados Lv50 (Intimidate): Aqua Tail/Avalanche/Bite/Giga Impact | Floatzel Lv50 (Swift Swim): Brine/Ice Fang/Crunch/Aqua Jet | Ludicolo @ Sitrus Berry Lv50 (Swift Swim): Surf/Ice Beam/Energy Ball/Focus Blast
56,leader_volkner,Leader Volkner,Leader Volkner,1325,53,0.962,2703,162,2321.3,S,Rival Survival Area Torterra (Elo 2433.5),Dragon Tamer Clinton (Elo 1814.4),Rival Silver Feraligatr (PKMN League) (7 games),6.82,Jolteon Lv50 (Volt Absorb): Thunder Wave/Charge Beam/Iron Tail/Quick Attack | Raichu Lv50 (Static): Charge Beam/Focus Blast/Signal Beam/Quick Attack | Luxray Lv50 (Rivalry): Ice Fang/Thunder Fang/Crunch/Fire Fang | Electivire @ Sitrus Berry Lv50 (Motor Drive): Thunder Punch/Fire Punch/Quick Attack/Giga Impact
57,leader_candice_rematch,Leader Candice Rematch,Leader Candice,1324,54,0.961,2680,139,2333.4,S,Leader Clair Rematch (Elo 2427.8),Ace Trainer Lois (Elo 1807.7),Elite Four Karen (7 games),5.45,Weavile Lv50 (Pressure): Avalanche/Slash/Faint Attack/Taunt | Mamoswine Lv50 (Oblivious): Avalanche/Ancient Power/Earthquake/Hail | Abomasnow Lv50 (Snow Warning): Avalanche/Wood Hammer/Grass Whistle/Ingrain | Froslass Lv50 (Snow Cloak): Blizzard/Confuse Ray/Ominous Wind/Hail | Glaceon @ Sitrus Berry Lv50 (Snow Cloak): Blizzard/Mirror Coat/Shadow Ball/Water Pulse
58,hgss_leader_falkner_falkner_rematch_1,Leader Falkner Rematch,Trainerclass Leader Falkner,1323,55,0.96,2688,155,2314.3,S,Leader Blue (Elo 2447.2),Kimono Girl Sayo (Elo 1724.7),Elite Four Karen Rematch (7 games),4.58,Staraptor Lv50 (Intimidate): Attract/Brave Bird/Close Combat/U Turn | Noctowl Lv50 (Insomnia): Roost/Air Slash/Shadow Ball/Feather Dance | Swellow @ Flame Orb Lv50 (Guts): Facade/Protect/Double Team/Endeavor | Honchkrow Lv50 (Insomnia): Night Slash/Sucker Punch/Thunder Wave/Dark Pulse | Pelipper Lv50 (Keen Eye): Surf/Tailwind/Ice Beam/Hidden Power | Pidgeot Lv50 (Keen Eye): Return/Double Team/Swagger/Roost
59,hgss_leader_jasmine_jasmine_rematch_1,Leader Jasmine Rematch,Trainerclass Leader Jasmine,1322,56,0.959,2683,149,2324.5,S,Rival Pokemon League Torterra (Elo 2428.7),Cameraman Tevin Rematch 3 (Elo 2007.4),Elite Four Koga Rematch (7 games),7.35,Metagross Lv50 (Clear Body): Meteor Mash/Bullet Punch/Gravity/Explosion | Magnezone Lv50 (Sturdy): Zap Cannon/Lock On/Mirror Coat/Metal Sound | Skarmory Lv50 (Sturdy): Air Slash/Spikes/Night Slash/Steel Wing | Bronzong Lv50 (Heatproof): Gyro Ball/Hypnosis/Dream Eater/Gravity | Empoleon Lv50 (Torrent): Hydro Pump/Blizzard/Aqua Jet/Roar | Steelix Lv50 (Sturdy): Stone Edge/Stealth Rock/Roar/Iron Tail
60,hgss_leader_morty_morty_rematch_1,Leader Morty Rematch,Trainerclass Leader Morty,1322,56,0.959,2690,153,2322.2,S,Leader Blue (Elo 2447.2),Leader Jasmine (Elo 1988.5),Commander Jupiter & Mars (Spear Pillar) (7 games),6.78,Drifblim @ Sitrus Berry Lv50 (Unburden): Destiny Bond/Substitute/Thunderbolt/Shadow Ball | Dusknoir Lv50 (Pressure): Pain Split/Will O Wisp/Substitute/Payback | Sableye Lv50 (Stall): Sucker Punch/Brick Break/Ice Punch/Fake Out | Mismagius Lv50 (Levitate): Perish Song/Mean Look/Confuse Ray/Astonish | Gengar Lv50 (Levitate): Hypnosis/Confuse Ray/Shadow Ball/Focus Blast | Gengar Lv50 (Levitate): Substitute/Shadow Ball/Thunderbolt/Destiny Bond
61,hgss_rival_silver_feraligatr_mt_moon,Rival Silver Feraligatr (Mt. Moon),Trainerclass Rival,1322,56,0.959,2673,141,2316.4,S,Leader Blue (Elo 2447.2),Leader Byron (Elo 2162.5),Elite Four Bertha Rematch (7 games),6.64,Sneasel Lv50 (Inner Focus): Quick Attack/Icy Wind/Faint Attack/Shadow Claw | Golbat Lv50 (Inner Focus): Poison Fang/Bite/Confuse Ray/Air Cutter | Magneton Lv50 (Magnet Pull): Discharge/Supersonic/Thunder Wave/Magnet Bomb | Gengar Lv50 (Levitate): Mean Look/Curse/Shadow Ball/Confuse Ray | Alakazam Lv50 (Synchronize): Disable/Recover/Reflect/Psychic | Feraligatr Lv50 (Torrent): Waterfall/Ice Fang/Crunch/Slash
62,hgss_leader_brock_brock_rematch_1,Leader Brock Rematch,Trainerclass Leader Brock,1318,60,0.956,2676,160,2284.4,S-,Leader Clair Rematch (Elo 2427.8),Ranger Allison Rematch 2 (Elo 1781.7),Elite Four Flint Rematch (7 games),5.33,Golem Lv50 (Sturdy): Sandstorm/Rock Slide/Rock Polish/Earthquake | Relicanth @ Lum Berry Lv50 (Rock Head): Head Smash/Aqua Tail/Earthquake/Rest | Omastar Lv50 (Shell Armor): Ancient Power/Brine/Protect/Sandstorm | Onix @ Sitrus Berry Lv50 (Sturdy): Stealth Rock/Rock Slide/Rock Polish/Sandstorm | Kabutops Lv50 (Battle Armor): Rock Slide/Aqua Jet/Endure/Giga Drain | Rampardos Lv50 (Mold Breaker): Earthquake/Stone Edge/Avalanche/Rock Polish
63,leader_maylene_rematch,Leader Maylene Rematch,Leader Maylene,1317,61,0.956,2666,152,2296.6,S,Rival Survival Area Empoleon Rematch (Elo 2437.4),Leader Morty (Elo 1949.7),Leader Erika Rematch (7 games),7.77,Hitmontop Lv50 (Intimidate): Triple Kick/Aerial Ace/Quick Attack/Fake Out | Medicham Lv50 (Pure Power): Fire Punch/Ice Punch/Thunder Punch/Hi Jump Kick | Breloom Lv50 (Effect Spore): Stone Edge/Spore/Mach Punch/Seed Bomb | Machamp Lv50 (Guts): Cross Chop/Rock Climb/Earthquake/Stone Edge | Lucario Lv50 (Steadfast): Drain Punch/Close Combat/Extreme Speed/Bone Rush
64,hgss_elite_four_karen_karen,Elite Four Karen,Trainerclass Elite Four Karen,1317,61,0.956,2663,151,2288.2,S,Elite Four Lucian Rematch (Elo 2403.6),Dragon Tamer Darien (Elo 1849.5),Veteran Armando Rematch (7 games),11.34,Umbreon Lv50 (Synchronize): Double Team/Confuse Ray/Faint Attack/Payback | Vileplume Lv50 (Chlorophyll): Stun Spore/Acid/Moonlight/Petal Dance | Gengar Lv50 (Levitate): Lick/Spite/Focus Blast/Destiny Bond | Murkrow Lv50 (Super Luck): Pluck/Whirlwind/Sucker Punch/Faint Attack | Houndoom @ Sitrus Berry Lv50 (Flash Fire): Nasty Plot/Dark Pulse/Flamethrower/Crunch
65,buck_battleground,Buck Battleground,Trainer Buck,1316,62,0.955,2668,161,2310.8,S,Champion Lance (Elo 2417.6),Ace Trainer Maya Rematch 2 (Elo 2092.1),Leader Gardenia Rematch (7 games),13.41,Shuckle Lv50 (Sturdy): Rest/Toxic/Protect/Sandstorm | Umbreon Lv50 (Synchronize): Dark Pulse/Psychic/Confuse Ray/Double Team | Torkoal Lv50 (White Smoke): Earthquake/Will O Wisp/Eruption/Protect | Dusknoir Lv50 (Pressure): Fire Punch/Ice Punch/Thunder Punch/Shadow Ball | Claydol @ Sitrus Berry Lv50 (Levitate): Earth Power/Psychic/Ancient Power/Calm Mind
66,commander_jupiter_spear_pillar_and_commander_mars_spear_pillar,Commander Jupiter & Mars (Spear Pillar),Commander Jupiter,1316,62,0.955,2668,160,2290.4,S,Rival Silver Feraligatr (PKMN League) (Elo 2409.6),Kimono Girl Sayo (Elo 1724.7),Leader Morty Rematch (7 games),7.52,Bronzor Lv50 (Levitate): Gyro Ball/Extrasensory/Rock Slide/Reflect | Bronzor Lv50 (Levitate): Gyro Ball/Extrasensory/Light Screen/Confuse Ray | Golbat Lv50 (Inner Focus): Sludge Bomb/Air Cutter/Giga Drain/Mean Look | Golbat Lv50 (Inner Focus): Air Cutter/Bite/Poison Fang/Confuse Ray | Skuntank @ Sitrus Berry Lv50 (Stench): Night Slash/Poison Jab/Flamethrower/Smoke Screen | Purugly @ Sitrus Berry Lv50 (Thick Fat): Slash/Shadow Claw/Aerial Ace/Hypnosis
67,hgss_elite_four_bruno_bruno,Elite Four Bruno,Trainerclass Elite Four Bruno,1315,63,0.954,2664,159,2310.7,S,Rival Survival Area Infernape (Elo 2450.2),Psychic Daisy Rematch Postgame (Elo 1765.5),Rival Silver Typhlosion (DD) (7 games),9.46,Hitmontop Lv50 (Technician): Counter/Quick Attack/Dig/Triple Kick | Hitmonlee Lv50 (Reckless): Swagger/Focus Energy/Hi Jump Kick/Blaze Kick | Hitmonchan Lv50 (Iron Fist): Thunder Punch/Ice Punch/Fire Punch/Bullet Punch | Onix Lv50 (Sturdy): Dragon Breath/Earthquake/Sandstorm/Rock Slide | Machamp @ Sitrus Berry Lv50 (No Guard): Rock Slide/Foresight/Revenge/Cross Chop
68,cheryl_battleground,Cheryl Battleground,Trainer Cheryl,1315,63,0.954,2697,193,2309.1,S,Leader Misty Rematch (Elo 2427.7),School Kid Sherman (Elo 1632.5),Rival Pokemon League Infernape (7 games),15.17,Wobbuffet Lv50 (Shadow Tag): Counter/Mirror Coat/Safeguard/Encore | Drifblim Lv50 (Aftermath): Toxic/Ominous Wind/Fly/Protect | Hariyama Lv50 (Thick Fat): Close Combat/Earthquake/Bullet Punch/Stone Edge | Wailord Lv50 (Water Veil): Water Spout/Brine/Earthquake/Avalanche | Blissey @ Sitrus Berry Lv50 (Natural Cure): Softboiled/Counter/Psychic/Toxic
69,hgss_rival_silver_meganium_mt_moon,Rival Silver Meganium (Mt. Moon),Trainerclass Rival,1315,63,0.954,2661,156,2308.8,S,Rival Fight Area Torterra (Elo 2392.4),Ace Trainer Dalton Rematch (Elo 2046.3),Leader Volkner Fight Area (7 games),7.04,Sneasel Lv50 (Inner Focus): Quick Attack/Icy Wind/Faint Attack/Shadow Claw | Golbat Lv50 (Inner Focus): Poison Fang/Bite/Confuse Ray/Air Cutter | Magneton Lv50 (Magnet Pull): Discharge/Supersonic/Thunder Wave/Magnet Bomb | Gengar Lv50 (Levitate): Mean Look/Curse/Shadow Ball/Confuse Ray | Alakazam Lv50 (Synchronize): Disable/Recover/Reflect/Psychic | Meganium Lv50 (Overgrow): Petal Dance/Poison Powder/Synthesis/Light Screen
70,leader_fantina_rematch,Leader Fantina Rematch,Leader Fantina,1313,65,0.953,2671,171,2294.5,S,Leader Clair Rematch (Elo 2427.8),Commander Mars Lake Verity (Elo 2070.7),Rival Fight Area Torterra (7 games),6.22,Banette Lv50 (Insomnia): Shadow Claw/Faint Attack/Thunderbolt/Will O Wisp | Drifblim Lv50 (Aftermath): Ominous Wind/Psychic/Silver Wind/Baton Pass | Dusknoir Lv50 (Pressure): Rock Slide/Shadow Punch/Double Team/Protect | Mismagius Lv50 (Levitate): Shadow Ball/Psychic/Magical Leaf/Thunderbolt | Gengar @ Sitrus Berry Lv50 (Levitate): Shadow Ball/Psychic/Focus Blast/Thunder
71,hgss_leader_erika_erika_rematch_1,Leader Erika Rematch,Trainerclass Leader Erika,1312,66,0.952,2664,172,2266.9,S-,Leader Misty Rematch (Elo 2427.7),Ace Trainer Abel Postgame (Elo 1932.9),Leader Sabrina Rematch (7 games),7.01,Shiftry Lv50 (Chlorophyll): Leaf Storm/Sucker Punch/Explosion/Sunny Day | Jumpluff Lv50 (Chlorophyll): U Turn/Memento/Sleep Powder/Giga Drain | Victreebel @ Kelpsy Berry Lv50 (Chlorophyll): Natural Gift/Sludge Bomb/Leaf Storm/Leaf Blade | Bellossom Lv50 (Chlorophyll): Sunny Day/Solar Beam/Giga Drain/Attract | Tangrowth Lv50 (Chlorophyll): Swords Dance/Power Whip/Rock Slide/Earthquake | Roserade Lv50 (Natural Cure): Weather Ball/Energy Ball/Sludge Bomb/Stun Spore
72,elite_four_flint_fight_area,Elite Four Flint Fight Area,Elite Four Flint,1308,70,0.949,2665,186,2283.3,S-,Elite Four Lucian Rematch (Elo 2403.6),Firebreather Burt (Elo 1611.6),Ace Trainer Rodolfo Rematch Postgame (7 games),4.32,Houndoom Lv50 (Early Bird): Flamethrower/Sludge Bomb/Dark Pulse/Sunny Day | Flareon Lv50 (Flash Fire): Overheat/Giga Impact/Quick Attack/Will O Wisp | Magmortar @ Sitrus Berry Lv50 (Flame Body): Flamethrower/Thunderbolt/Solar Beam/Hyper Beam
73,hgss_leader_clair_clair,Leader Clair,Trainerclass Leader Clair,1307,71,0.948,2645,175,2279.7,S-,Leader Clair Rematch (Elo 2427.8),Dragon Tamer Darien (Elo 1849.5),Leader Roark Rematch (7 games),6.92,Gyarados Lv50 (Intimidate): Twister/Dragon Rage/Bite/Dragon Pulse | Dragonair Lv50 (Shed Skin): Thunder Wave/Fire Blast/Slam/Dragon Pulse | Dragonair Lv50 (Shed Skin): Thunder Wave/Aqua Tail/Slam/Dragon Pulse | Kingdra @ Sitrus Berry Lv50 (Sniper): Smoke Screen/Hydro Pump/Hyper Beam/Dragon Pulse
74,hgss_rival_silver_typhlosion_dd,Rival Silver Typhlosion (DD),Trainerclass Rival,1304,74,0.946,2639,181,2251.3,S-,Rival Survival Area Empoleon Rematch (Elo 2437.4),Twins Kay & Tia Rematch 2 (Elo 1675.7),Elite Four Flint Fight Area (7 games),5.03,Typhlosion Lv50 (Blaze): Rollout/Flamethrower/Will O Wisp/Swift | Crobat Lv50 (Inner Focus): Toxic/Bite/Confuse Ray/Air Cutter | Gengar Lv50 (Levitate): Dark Pulse/Sludge Bomb/Shadow Ball/Confuse Ray
75,leader_candice,Leader Candice,Leader Candice,1303,75,0.946,2644,190,2268.1,S-,Champion Cynthia (Elo 2471.2),Kimono Girl Miki (Elo 1643.4),Elite Four Bertha (7 games),5.57,Sneasel Lv50 (Inner Focus): Slash/Aerial Ace/Faint Attack/Ice Shard | Piloswine Lv50 (Oblivious): Avalanche/Stone Edge/Earthquake/Hail | Abomasnow Lv50 (Snow Warning): Avalanche/Wood Hammer/Water Pulse/Focus Blast | Froslass @ Sitrus Berry Lv50 (Snow Cloak): Blizzard/Double Team/Shadow Ball/Psychic
76,hgss_leader_misty_misty,Leader Misty,Trainerclass Leader Misty,1303,75,0.946,2656,200,2262.6,S-,Champion Lance Rematch (Elo 2451.3),Psychic Daisy Postgame (Elo 1726.9),Elite Four Flint Rematch (7 games),7.48,Golduck Lv50 (Damp): Water Pulse/Disable/Psych Up/Psychic | Quagsire Lv50 (Water Absorb): Water Pulse/Amnesia/Earthquake/Rain Dance | Lapras Lv50 (Shell Armor): Water Pulse/Sing/Ice Beam/Body Slam | Starmie @ Sitrus Berry Lv50 (Natural Cure): Water Pulse/Confuse Ray/Recover/Ice Beam
77,leader_byron_rematch,Leader Byron Rematch,Leader Byron,1302,76,0.945,2636,185,2287.2,S-,Rival Silver Typhlosion (PKMN League) (Elo 2422.7),Ace Trainer Lois (Elo 1807.7),Rival Canalave City Torterra (7 games),7.7,Skarmory Lv50 (Keen Eye): Night Slash/Drill Peck/Rock Tomb/Stealth Rock | Steelix Lv50 (Rock Head): Gyro Ball/Ice Fang/Dragon Breath/Sandstorm | Magnezone Lv50 (Magnet Pull): Flash Cannon/Thunderbolt/Supersonic/Thunder Wave | Bastiodon Lv50 (Sturdy): Metal Burst/Ancient Power/Iron Defense/Rest | Aggron @ Sitrus Berry Lv50 (Sturdy): Metal Burst/Stone Edge/Earthquake/Avalanche
78,hgss_leader_chuck_chuck_rematch_1,Leader Chuck Rematch,Trainerclass Leader Chuck,1302,76,0.945,2651,197,2252.4,S-,Leader Misty Rematch (Elo 2427.7),Dragon Tamer Darien (Elo 1849.5),Leader Janine (7 games),5.91,Medicham @ Sitrus Berry Lv50 (Pure Power): Hi Jump Kick/Psycho Cut/Attract/Thunder Punch | Hitmonchan Lv50 (Iron Fist): Mach Punch/Swagger/Focus Punch/Double Team | Hitmonlee Lv50 (Reckless): Hi Jump Kick/Fake Out/Blaze Kick/Bulk Up | Breloom @ Toxic Orb Lv50 (Poison Heal): Substitute/Focus Punch/Drain Punch/Stone Edge | Primeape Lv50 (Anger Point): Close Combat/Payback/Thunder Punch/Swagger | Poliwrath @ Sitrus Berry Lv50 (Damp): Double Team/Waterfall/Focus Punch/Substitute
79,hgss_rival_silver_typhlosion_vr,Rival Silver Typhlosion (VR),Trainerclass Rival,1300,78,0.943,2633,189,2268.2,S-,Leader Janine Rematch (Elo 2374.7),Ace Trainer French (Elo 2065.6),Elite Four Aaron Rematch (7 games),7.1,Sneasel Lv50 (Inner Focus): Quick Attack/Icy Wind/Faint Attack/Fury Swipes | Golbat Lv50 (Inner Focus): Astonish/Bite/Confuse Ray/Air Cutter | Magneton Lv50 (Magnet Pull): Spark/Supersonic/Thunder Wave/Magnet Bomb | Haunter Lv50 (Levitate): Mean Look/Curse/Shadow Ball/Confuse Ray | Kadabra Lv50 (Synchronize): Disable/Psybeam/Recover/Reflect | Typhlosion Lv50 (Blaze): Lava Plume/Swift/Quick Attack/Flame Wheel
80,hgss_elite_four_will_will,Elite Four Will,Trainerclass Elite Four Will,1298,80,0.942,2634,197,2252.5,S-,Leader Blue (Elo 2447.2),Kimono Girl Zuki (Elo 1799.1),Ace Trainer Reena Rematch 3 (7 games),6.44,Xatu Lv50 (Synchronize): U Turn/Me First/Confuse Ray/Psychic | Jynx Lv50 (Oblivious): Double Slap/Lovely Kiss/Ice Punch/Psychic | Exeggutor Lv50 (Chlorophyll): Reflect/Hypnosis/Egg Bomb/Psychic | Slowbro Lv50 (Own Tempo): Curse/Amnesia/Water Pulse/Psychic | Xatu @ Sitrus Berry Lv50 (Early Bird): Aerial Ace/Ominous Wind/Confuse Ray/Psychic
81,hgss_rival_silver_feraligatr_vr,Rival Silver Feraligatr (VR),Trainerclass Rival,1295,83,0.94,2624,201,2259.0,S-,Leader Bugsy Rematch (Elo 2368.8),Ace Trainer Shaye (Elo 2129.9),Rival Silver Feraligatr (DD) (7 games),6.95,Sneasel Lv50 (Inner Focus): Quick Attack/Icy Wind/Faint Attack/Fury Swipes | Golbat Lv50 (Inner Focus): Astonish/Bite/Confuse Ray/Air Cutter | Magneton Lv50 (Magnet Pull): Spark/Supersonic/Thunder Wave/Magnet Bomb | Haunter Lv50 (Levitate): Mean Look/Curse/Shadow Ball/Confuse Ray | Kadabra Lv50 (Synchronize): Disable/Psybeam/Recover/Reflect | Feraligatr Lv50 (Torrent): Waterfall/Ice Fang/Crunch/Slash
82,leader_volkner_fight_area,Leader Volkner Fight Area,Leader Volkner,1293,85,0.938,2643,231,2227.5,S-,Elite Four Lucian (Elo 2395.9),Twins Kay & Tia Rematch 1 (Elo 1575.8),Rival Silver Meganium (Mt. Moon) (7 games),4.5,Luxray Lv50 (Rivalry): Ice Fang/Thunder Fang/Crunch/Fire Fang | Jolteon Lv50 (Volt Absorb): Pin Missile/Charge Beam/Double Kick/Quick Attack | Electivire @ Sitrus Berry Lv50 (Motor Drive): Thunder Punch/Fire Punch/Brick Break/Giga Impact
83,rival_canalave_city_chimchar,Rival Canalave City Empoleon,Rival,1291,87,0.937,2616,207,2254.0,S-,Elite Four Bertha Rematch (Elo 2354.3),Dragon Tamer Darien (Elo 1849.5),Leader Sabrina (7 games),6.95,Staraptor Lv50 (Intimidate): Aerial Ace/Take Down/Quick Attack/Double Team | Roserade Lv50 (Natural Cure): Giga Drain/Toxic Spikes/Leech Seed/Grass Whistle | Heracross Lv50 (Swarm): Brick Break/Aerial Ace/Night Slash/Horn Attack | Rapidash Lv50 (Run Away): Fire Spin/Take Down/Stomp/Tail Whip | Empoleon Lv50 (Torrent): Bubble Beam/Aerial Ace/Metal Claw/Fury Attack
84,hgss_rival_silver_meganium_dd,Rival Silver Meganium (DD),Trainerclass Rival,1291,87,0.937,2628,222,2234.3,S-,Rival Survival Area Torterra Rematch (Elo 2399.6),Kimono Girl Sayo (Elo 1724.7),Elite Four Will (7 games),7.06,Meganium Lv50 (Overgrow): Petal Dance/Body Slam/Light Screen/Synthesis | Crobat Lv50 (Inner Focus): Toxic/Bite/Confuse Ray/Air Cutter | Gengar Lv50 (Levitate): Dark Pulse/Sludge Bomb/Shadow Ball/Confuse Ray
85,hgss_elite_four_koga_koga,Elite Four Koga,Trainerclass Elite Four Koga,1290,88,0.936,2633,232,2209.9,S-,Rival Survival Area Empoleon Rematch (Elo 2437.4),School Kid Forrest (Elo 1653.3),Ace Trainer Rodolfo Postgame (7 games),9.14,Ariados Lv50 (Insomnia): Poison Jab/Spider Web/Baton Pass/Giga Drain | Venomoth Lv50 (Tinted Lens): Supersonic/Gust/Psychic/Toxic | Forretress Lv50 (Sturdy): Protect/Swift/Explosion/Toxic Spikes | Muk @ Black Sludge Lv50 (Sticky Hold): Minimize/Screech/Gunk Shot/Toxic | Crobat @ Sitrus Berry Lv50 (Inner Focus): Double Team/Quick Attack/Wing Attack/Poison Fang
86,hgss_rival_silver_meganium_vr,Rival Silver Meganium (VR),Trainerclass Rival,1289,89,0.935,2610,209,2256.0,S-,Leader Blue (Elo 2447.2),Scientist Shaun Rematch 3 (Elo 1773.6),Rocket Boss Giovanni (7 games),7.63,Sneasel Lv50 (Inner Focus): Quick Attack/Icy Wind/Faint Attack/Fury Swipes | Golbat Lv50 (Inner Focus): Astonish/Bite/Confuse Ray/Air Cutter | Magneton Lv50 (Magnet Pull): Spark/Supersonic/Thunder Wave/Magnet Bomb | Haunter Lv50 (Levitate): Mean Look/Curse/Shadow Ball/Confuse Ray | Kadabra Lv50 (Synchronize): Disable/Psybeam/Recover/Reflect | Meganium Lv50 (Overgrow): Reflect/Petal Dance/Poison Powder/Synthesis
87,hgss_rival_silver_feraligatr_dd,Rival Silver Feraligatr (DD),Trainerclass Rival,1289,89,0.935,2625,226,2222.8,S-,Leader Clair Rematch (Elo 2427.8),Twins Day & Dani (Elo 1638.6),Galactic Boss Cyrus Galactic Hq (7 games),5.29,Feraligatr Lv50 (Torrent): Crunch/Aqua Tail/Slash/Ice Fang | Crobat Lv50 (Inner Focus): Toxic/Bite/Confuse Ray/Air Cutter | Gengar Lv50 (Levitate): Dark Pulse/Sludge Bomb/Shadow Ball/Confuse Ray
88,rival_canalave_city_turtwig,Rival Canalave City Infernape,Rival,1287,91,0.934,2608,214,2227.0,S-,Rival Pokemon League Infernape (Elo 2424.7),Dragon Tamer Darien (Elo 1849.5),Leader Volkner Fight Area (7 games),6.81,Staraptor Lv50 (Intimidate): Aerial Ace/Take Down/Quick Attack/Double Team | Floatzel Lv50 (Swift Swim): Aqua Jet/Pursuit/Quick Attack/Swift | Heracross Lv50 (Swarm): Brick Break/Aerial Ace/Night Slash/Horn Attack | Roserade Lv50 (Natural Cure): Giga Drain/Toxic Spikes/Leech Seed/Grass Whistle | Infernape Lv50 (Blaze): Brick Break/Flame Wheel/Mach Punch/Aerial Ace
89,rival_canalave_city_piplup,Rival Canalave City Torterra,Rival,1287,91,0.934,2620,228,2226.6,S-,Elite Four Bertha Rematch (Elo 2354.3),Ranger Ashlee Rematch Postgame (Elo 1905.2),Leader Byron Rematch (7 games),7.01,Staraptor Lv50 (Intimidate): Aerial Ace/Take Down/Quick Attack/Double Team | Floatzel Lv50 (Swift Swim): Aqua Jet/Pursuit/Quick Attack/Swift | Heracross Lv50 (Swarm): Brick Break/Aerial Ace/Night Slash/Horn Attack | Rapidash Lv50 (Run Away): Fire Spin/Take Down/Stomp/Tail Whip | Torterra Lv50 (Overgrow): Razor Leaf/Bite/Mega Drain/Leech Seed
90,leader_gardenia_rematch,Leader Gardenia Rematch,Leader Gardenia,1284,94,0.932,2612,235,2216.7,S-,Leader Wake Rematch (Elo 2343.7),School Kid Sherman (Elo 1632.5),Buck Battleground (7 games),10.72,Jumpluff Lv50 (Chlorophyll): Silver Wind/Toxic/Sunny Day/Bounce | Cherrim Lv50 (Flower Gift): Solar Beam/Toxic/Sunny Day/Leech Seed | Bellossom Lv50 (Chlorophyll): Drain Punch/Giga Drain/Ingrain/Sunny Day | Torterra Lv50 (Overgrow): Wood Hammer/Crunch/Earthquake/Stone Edge | Roserade @ Sitrus Berry Lv50 (Natural Cure): Shadow Ball/Leaf Storm/Sludge Bomb/Hyper Beam
91,hgss_leader_janine_janine,Leader Janine,Trainerclass Leader Janine,1282,96,0.93,2608,237,2218.8,S-,Galactic Boss Cyrus Distortion World (Elo 2394.7),Hiker Parry Rematch 3 (Elo 1608.5),Galactic Boss Cyrus Galactic Hq (7 games),8.52,Crobat Lv50 (Inner Focus): Screech/Supersonic/Confuse Ray/Wing Attack | Weezing Lv50 (Levitate): Double Hit/Sludge Bomb/Toxic/Explosion | Ariados Lv50 (Insomnia): Scary Face/Poison Jab/Pin Missile/Psychic | Ariados Lv50 (Insomnia): Pin Missile/Poison Jab/Swagger/Night Shade | Venomoth @ Sitrus Berry Lv50 (Tinted Lens): Sludge Bomb/Double Team/Signal Beam/Psychic
92,veteran_brenden,Veteran Brenden,Veteran,1281,97,0.93,2608,241,2183.5,S-,Elite Four Koga Rematch (Elo 2345.7),Hiker Dwight (Elo 1432.1),Ace Trainer Salma (7 games),7.83,Forretress Lv50 (Sturdy): Flash Cannon/Rock Slide/Stealth Rock/Toxic Spikes | Gyarados Lv50 (Intimidate): Earthquake/Aqua Tail/Ice Fang/Dragon Pulse | Hippowdon Lv50 (Sand Stream): Dig/Crunch/Protect/Rest
93,veteran_edgar,Veteran Edgar,Veteran,1277,101,0.927,2599,247,2215.2,S-,Elite Four Bertha (Elo 2343.3),Psychic Landon (Elo 1638.9),Galactic Boss Cyrus Galactic Hq (7 games),4.26,Porygon Z Lv50 (Adaptability): Hyper Beam/Signal Beam/Psychic/Thunderbolt | Tangrowth Lv50 (Chlorophyll): Power Whip/Mega Drain/Toxic/Slam | Empoleon Lv50 (Torrent): Brine/Drill Peck/Metal Claw/Growl
94,leader_wake,Leader Wake,Leader Wake,1276,102,0.926,2604,255,2208.2,S-,Elite Four Bertha Rematch (Elo 2354.3),Lady Melissa Rematch 3 (Elo 1703.8),Rival Silver Feraligatr (DD) (7 games),5.45,Gyarados Lv50 (Intimidate): Waterfall/Brine/Bite/Twister | Quagsire Lv50 (Damp): Mud Shot/Rock Tomb/Water Pulse/Yawn | Floatzel @ Sitrus Berry Lv50 (Swift Swim): Brine/Ice Fang/Crunch/Aqua Jet
95,hgss_leader_sabrina_sabrina,Leader Sabrina,Trainerclass Leader Sabrina,1276,102,0.926,2603,257,2199.7,S-,Rival Pokemon League Infernape (Elo 2424.7),Galactic Grunt Galactic Hq 3f 2 (Elo 1410.2),Galactic Grunt Mt Coronet Tunnel Room 3 (7 games),4.33,Espeon Lv50 (Synchronize): Shadow Ball/Skill Swap/Calm Mind/Psychic | Mr Mime Lv50 (Filter): Mimic/Light Screen/Skill Swap/Psychic | Alakazam @ Sitrus Berry Lv50 (Inner Focus): Skill Swap/Psychic/Energy Ball/Reflect
96,ace_trainer_monique_postgame,Ace Trainer Monique Postgame,Ace Trainer Female,1275,103,0.925,2601,258,2186.7,S-,Leader Bugsy Rematch (Elo 2368.8),Twins Kay & Tia Rematch 1 (Elo 1575.8),Ace Trainer Carol (7 games),6.08,Luxray Lv50 (Rivalry): Discharge/Crunch/Thunder Wave/Facade | Ursaring Lv50 (Guts): Hammer Arm/Stone Edge/Swords Dance/Giga Impact | Gliscor Lv50 (Hyper Cutter): Aerial Ace/X Scissor/Earthquake/Quick Attack
97,commander_jupiter_stark_mountain,Commander Jupiter Stark Mountain,Commander Jupiter,1275,103,0.925,2589,247,2177.6,S-,Rival Silver Meganium (Mt. Moon) (Elo 2308.8),Kimono Girl Sayo (Elo 1724.7),Ace Trainer Lois (7 games),6.56,Bronzong Lv50 (Levitate): Gyro Ball/Extrasensory/Rock Slide/Reflect | Golbat Lv50 (Inner Focus): Sludge Bomb/Air Cutter/Giga Drain/Mean Look | Skuntank @ Sitrus Berry Lv50 (Stench): Night Slash/Poison Jab/Flamethrower/Smoke Screen
98,veteran_brian_rematch_2,Veteran Brian Rematch 2,Veteran,1272,106,0.923,2605,275,2204.8,S-,Elite Four Flint (Elo 2373.8),Sailor Garrett (Elo 1310.5),Veteran Brian Rematch 1 (7 games),5.23,Floatzel Lv50 (Swift Swim): Waterfall/Ice Fang/Quick Attack/Crunch | Rapidash Lv50 (Run Away): Quick Attack/Stomp/Flare Blitz/Bounce | Tangrowth Lv50 (Chlorophyll): Ingrain/Sleep Powder/Ancient Power/Power Whip
99,hgss_rocket_boss_giovanni,Rocket Boss Giovanni,Trainerclass Rocket Boss,1272,106,0.923,2583,252,2198.8,S-,Rival Silver Typhlosion (Mt. Moon) (Elo 2348.6),Fisherman Alec (Elo 1487.4),Rival Silver Meganium (VR) (7 games),7.17,Nidoking Lv50 (Poison Point): Focus Energy/Fury Attack/Double Kick/Shadow Claw | Kangaskhan Lv50 (Scrappy): Dizzy Punch/Sucker Punch/Leer/Outrage | Honchkrow Lv50 (Super Luck): Dark Pulse/Nasty Plot/Swagger/Shadow Ball | Nidoqueen Lv50 (Rivalry): Earth Power/Superpower/Crunch/Roar
100,hgss_ace_trainer_f_reena_0604,Ace Trainer Reena Rematch 3,Trainerclass Ace Trainer F,1271,107,0.922,2591,263,2188.4,S-,Marley Battleground (Elo 2353.0),Psychic Abigail Rematch 1 (Elo 1702.7),School Kid Alan Rematch 3 (7 games),5.08,Arcanine Lv50 (Intimidate): Flare Blitz/Extreme Speed/Crunch/Roar | Nidoqueen Lv50 (Poison Point): Captivate/Poison Fang/Earth Power/Body Slam | Starmie Lv50 (Natural Cure): Surf/Minimize/Cosmic Power/Psychic
101,hgss_leader_blaine_blaine,Leader Blaine,Trainerclass Leader Blaine,1270,108,0.922,2613,289,2179.9,S-,Elite Four Aaron (Elo 2376.5),Super Nerd Merle (Elo 1443.9),Rival Silver Typhlosion (VR) (7 games),5.7,Magcargo @ White Herb Lv50 (Flame Body): Sunny Day/Smog/Overheat/Rock Slide | Magmar @ White Herb Lv50 (Flame Body): Thunder Punch/Overheat/Sunny Day/Confuse Ray | Rapidash @ White Herb Lv50 (Flash Fire): Quick Attack/Flare Blitz/Bounce/Overheat
102,hgss_leader_brock_brock,Leader Brock,Trainerclass Leader Brock,1270,108,0.922,2614,289,2147.0,S-,Galactic Boss Cyrus Distortion World (Elo 2394.7),Lady Melissa Rematch 1 (Elo 1321.9),Ranger Kyler Rematch Postgame (7 games),5.83,Graveler Lv50 (Sturdy): Defense Curl/Rock Slide/Rollout/Earthquake | Rhyhorn Lv50 (Rock Head): Sandstorm/Scary Face/Earthquake/Horn Drill | Omastar Lv50 (Shell Armor): Ancient Power/Brine/Protect/Spike Cannon | Onix @ Sitrus Berry Lv50 (Sturdy): Iron Tail/Rock Slide/Screech/Sandstorm | Kabutops Lv50 (Battle Armor): Rock Slide/Aqua Jet/Endure/Giga Drain
103,galactic_boss_cyrus_galactic_hq,Galactic Boss Cyrus Galactic Hq,Galactic Boss,1269,109,0.921,2601,278,2176.3,S-,Elite Four Lucian Rematch (Elo 2403.6),Hiker Parry Rematch 2 (Elo 1396.9),Ace Trainer Maria (7 games),5.75,Sneasel Lv50 (Inner Focus): Slash/Ice Punch/Quick Attack/Screech | Crobat Lv50 (Inner Focus): Poison Fang/Air Cutter/Bite/Supersonic | Honchkrow @ Sitrus Berry Lv50 (Insomnia): Drill Peck/Night Shade/Astonish/Faint Attack
104,leader_byron,Leader Byron,Leader Byron,1265,113,0.918,2589,290,2162.5,S-,Leader Lt. Surge Rematch (Elo 2365.0),Fisherman Walter (Elo 1478.8),Kimono Girl Kuni (7 games),4.58,Magneton Lv50 (Magnet Pull): Flash Cannon/Thunderbolt/Tri Attack/Metal Sound | Steelix Lv50 (Rock Head): Flash Cannon/Ice Fang/Earthquake/Sandstorm | Bastiodon @ Sitrus Berry Lv50 (Sturdy): Metal Burst/Stone Edge/Iron Defense/Taunt
105,hgss_ace_trainer_f_carol_0237,Ace Trainer Carol,Trainerclass Ace Trainer F,1264,114,0.917,2607,314,2155.8,S-,Leader Falkner Rematch (Elo 2314.3),Twins Day & Dani (Elo 1638.6),Ace Trainer Kassandra Postgame (7 games),6.11,Electrode Lv50 (Static): Thunder/Selfdestruct/Swift/Rain Dance | Starmie Lv50 (Natural Cure): Recover/Brine/Thunder/Psychic | Ninetales Lv50 (Flash Fire): Nasty Plot/Fire Blast/Confuse Ray/Will O Wisp
106,veteran_armando_rematch,Veteran Armando Rematch,Veteran,1264,114,0.917,2606,304,2138.5,S-,Leader Sabrina Rematch (Elo 2366.9),Black Belt Davon Postgame (Elo 1375.7),Veteran Brian Rematch 1 (7 games),5.42,Ninjask Lv50 (Speed Boost): Baton Pass/X Scissor/Swords Dance/Silver Wind | Absol Lv50 (Pressure): Psycho Cut/Taunt/Night Slash/Quick Attack | Slaking Lv50 (Truant): Counter/Giga Impact/Shadow Claw/Aerial Ace
107,hgss_rival_silver_feraligatr_goldenrod,Rival Silver Feraligatr (Goldenrod),Trainerclass Rival,1262,116,0.916,2581,286,2183.4,S-,Leader Fantina Rematch (Elo 2294.5),Ace Trainer Brandi (Elo 1891.3),Ace Trainer Destiny (7 games),8.5,Golbat Lv50 (Inner Focus): Astonish/Bite/Confuse Ray/Air Cutter | Magnemite Lv50 (Magnet Pull): Supersonic/Spark/Sonic Boom/Thunder Wave | Haunter Lv50 (Levitate): Confuse Ray/Mean Look/Curse/Shadow Ball | Sneasel Lv50 (Inner Focus): Icy Wind/Quick Attack/Fury Swipes/Faint Attack | Feraligatr Lv50 (Torrent): Ice Fang/Water Gun/Crunch/Thrash
108,hgss_leader_lt_surge_lt_surge,Leader Lt. Surge,Trainerclass Leader Lt Surge,1258,120,0.913,2585,305,2177.2,S-,Elite Four Aaron (Elo 2376.5),Pokefan Robert (Elo 1347.0),Picnicker Liz Rematch 3 (7 games),11.79,Raichu Lv50 (Static): Thunder Wave/Quick Attack/Shock Wave/Double Team | Electrode Lv50 (Static): Thunder Wave/Double Team/Shock Wave/Light Screen | Magneton Lv50 (Sturdy): Supersonic/Double Team/Shock Wave/Mirror Shot | Electrode Lv50 (Static): Screech/Double Team/Selfdestruct/Charge Beam | Electabuzz @ Sitrus Berry Lv50 (Static): Quick Attack/Shock Wave/Light Screen/Low Kick
109,hgss_rival_silver_meganium_goldenrod,Rival Silver Meganium (Goldenrod),Trainerclass Rival,1258,120,0.913,2567,289,2162.6,S-,Elite Four Will Rematch (Elo 2324.6),Leader Whitney (Elo 1719.5),Ace Trainer Mariah (7 games),8.7,Golbat Lv50 (Inner Focus): Astonish/Bite/Confuse Ray/Air Cutter | Magnemite Lv50 (Magnet Pull): Supersonic/Spark/Sonic Boom/Thunder Wave | Haunter Lv50 (Levitate): Confuse Ray/Mean Look/Curse/Shadow Ball | Sneasel Lv50 (Inner Focus): Icy Wind/Quick Attack/Fury Swipes/Faint Attack | Meganium Lv50 (Overgrow): Reflect/Synthesis/Poison Powder/Petal Dance
110,ace_trainer_clarice,Ace Trainer Clarice,Ace Trainer Female,1256,122,0.911,2582,316,2136.7,S-,Leader Candice Rematch (Elo 2333.4),Pi Carlos (Elo 1219.8),Ace Trainer French (7 games),9.88,Swalot Lv50 (Liquid Ooze): Gunk Shot/Yawn/Body Slam/Protect | Ninetales Lv50 (Flash Fire): Will O Wisp/Flamethrower/Dark Pulse/Extrasensory | Magnezone Lv50 (Magnet Pull): Flash Cannon/Mirror Coat/Discharge/Hyper Beam
111,commander_mars_stark_mountain,Commander Mars Stark Mountain,Commander Mars,1254,124,0.91,2557,296,2147.3,S-,Leader Volkner (Elo 2321.3),Hiker Bruce (Elo 1633.6),Ace Trainer Maya Rematch 2 (7 games),9.08,Bronzong Lv50 (Levitate): Gyro Ball/Extrasensory/Light Screen/Confuse Ray | Golbat Lv50 (Inner Focus): Air Cutter/Bite/Poison Fang/Confuse Ray | Purugly @ Sitrus Berry Lv50 (Thick Fat): Slash/Shadow Claw/Aerial Ace/Hypnosis
112,hgss_ace_trainer_f_reena_0445,Ace Trainer Reena Rematch 2,Trainerclass Ace Trainer F,1252,126,0.909,2583,335,2143.4,S-,Leader Byron Rematch (Elo 2287.2),Ace Trainer Catherine (Elo 1561.5),Ace Trainer Stefan Postgame (7 games),5.95,Arcanine Lv50 (Intimidate): Roar/Fire Fang/Odor Sleuth/Extreme Speed | Nidoqueen Lv50 (Poison Point): Double Kick/Poison Sting/Body Slam/Earth Power | Starmie Lv50 (Natural Cure): Rapid Spin/Recover/Swift/Confuse Ray
113,ace_trainer_natasha_postgame,Ace Trainer Natasha Postgame,Ace Trainer Female,1251,127,0.908,2594,350,2124.7,S-,Cheryl Battleground (Elo 2309.1),Pokefan Eleanor (Elo 1505.4),Ace Trainer Jake (7 games),7.37,Wigglytuff Lv50 (Cute Charm): Hyper Voice/Reflect/Light Screen/Shadow Ball | Gardevoir Lv50 (Synchronize): Psychic/Magical Leaf/Calm Mind/Focus Blast | Medicham Lv50 (Pure Power): Recover/Force Palm/Psychic/Rock Slide
114,ace_trainer_rodolfo_rematch_postgame,Ace Trainer Rodolfo Rematch Postgame,Ace Trainer Male,1246,132,0.904,2556,330,2144.2,S-,Elite Four Flint (Elo 2373.8),Skier Shawn (Elo 1513.9),Youngster Dallas Rematch 3 (7 games),4.3,Starmie Lv50 (Illuminate): Water Pulse/Recover/Psychic/Swift | Flygon Lv50 (Levitate): Dragon Claw/Earthquake/Faint Attack/Screech
115,hgss_rival_silver_quilava_goldenrod,Rival Silver Quilava (Goldenrod),Trainerclass Rival,1246,132,0.904,2550,326,2135.9,S-,Elite Four Will Rematch (Elo 2324.6),Hiker Devin (Elo 1549.4),Leader Maylene (7 games),8.9,Golbat Lv50 (Inner Focus): Astonish/Bite/Confuse Ray/Air Cutter | Magnemite Lv50 (Magnet Pull): Supersonic/Spark/Sonic Boom/Thunder Wave | Haunter Lv50 (Levitate): Confuse Ray/Mean Look/Curse/Shadow Ball | Sneasel Lv50 (Inner Focus): Icy Wind/Quick Attack/Fury Swipes/Faint Attack | Quilava Lv50 (Blaze): Smoke Screen/Swift/Quick Attack/Flame Wheel
116,commander_saturn_galactic_hq,Commander Saturn Galactic Hq,Commander Saturn,1246,132,0.904,2548,322,2130.0,S-,Elite Four Bruno (Elo 2310.7),Ace Trainer Saul Postgame (Elo 1621.9),Young Couple Tim & Sue Rematch 2 (7 games),7.63,Golbat Lv50 (Inner Focus): Air Cutter/Bite/Poison Fang/Confuse Ray | Bronzor Lv50 (Levitate): Gyro Ball/Extrasensory/Shadow Ball/Confuse Ray | Toxicroak @ Sitrus Berry Lv50 (Anticipation): Poison Jab/Brick Break/X Scissor/Faint Attack
117,hgss_ace_trainer_m_shaye_0236,Ace Trainer Shaye,Trainerclass Ace Trainer M,1246,132,0.904,2582,355,2129.9,S-,Elite Four Bertha Rematch (Elo 2354.3),Team Rocket Grunt Underground 1 (Elo 1561.6),Ace Trainer Gaven (7 games),6.14,Jolteon Lv50 (Volt Absorb): Double Kick/Thunderbolt/Quick Attack/Sand Attack | Tangela Lv50 (Chlorophyll): Ancient Power/Stun Spore/Giga Drain/Ingrain | Tauros Lv50 (Anger Point): Take Down/Zen Headbutt/Payback/Scary Face
118,ace_trainer_jose_postgame,Ace Trainer Jose Postgame,Ace Trainer Male,1246,132,0.904,2566,341,2103.5,S-,Leader Janine Rematch (Elo 2374.7),Twins Kay & Tia Rematch 1 (Elo 1575.8),Commander Mars Lake Verity (7 games),5.51,Golduck Lv50 (Damp): Hydro Pump/Brick Break/Zen Headbutt/Screech | Sandslash Lv50 (Sand Veil): Earthquake/Crush Claw/Poison Jab/Sand Tomb | Manectric Lv50 (Static): Thunder Fang/Fire Fang/Quick Attack/Giga Impact
119,hgss_leader_erika_erika,Leader Erika,Trainerclass Leader Erika,1244,134,0.903,2560,337,2094.6,S-,Elite Four Bertha Rematch (Elo 2354.3),Aroma Lady Elizabeth (Elo 1288.5),Veteran Brian Rematch 1 (7 games),9.77,Jumpluff Lv50 (Chlorophyll): U Turn/Leech Seed/Sunny Day/Giga Drain | Tangela Lv50 (Chlorophyll): Ancient Power/Wring Out/Giga Drain/Sleep Powder | Victreebel Lv50 (Chlorophyll): Sunny Day/Synthesis/Grass Knot/Leaf Storm | Bellossom @ Sitrus Berry Lv50 (Chlorophyll): Sunny Day/Synthesis/Giga Drain/Solar Beam
120,veteran_terrell,Veteran Terrell,Veteran,1242,136,0.901,2577,367,2129.2,S-,Elite Four Koga Rematch (Elo 2345.7),Swimmer Lydia Postgame (Elo 1430.6),Executive Petrel Petrel (Radio Tower) (7 games),6.09,Parasect Lv50 (Effect Spore): X Scissor/Giga Drain/Spore/Slash | Rhydon Lv50 (Lightning Rod): Hammer Arm/Stone Edge/Earthquake/Megahorn | Magmar Lv50 (Flame Body): Fire Blast/Confuse Ray/Iron Tail/Focus Blast
121,galactic_boss_cyrus_celestic_town_ruins,Galactic Boss Cyrus Celestic Town Ruins,Galactic Boss,1241,137,0.901,2530,323,2143.2,S-,Leader Erika Rematch (Elo 2266.9),Jogger Craig (Elo 1415.1),Leader Erika Rematch (7 games),5.62,Sneasel Lv50 (Inner Focus): Slash/Ice Punch/Quick Attack/Screech | Golbat Lv50 (Inner Focus): Poison Fang/Air Cutter/Bite/Supersonic | Murkrow @ Sitrus Berry Lv50 (Insomnia): Drill Peck/Night Shade/Astonish/Faint Attack
122,ace_trainer_olivia_rematch,Ace Trainer Olivia Rematch,Ace Trainer Snow Female,1241,137,0.901,2572,366,2116.2,S-,Rival Canalave City Torterra (Elo 2226.6),Leader Bugsy (Elo 1613.4),Ace Trainer Jake (7 games),5.18,Gardevoir Lv50 (Synchronize): Future Sight/Psychic/Magical Leaf/Calm Mind | Seaking Lv50 (Swift Swim): Megahorn/Horn Drill/Water Pulse/Poison Jab | Lopunny Lv50 (Cute Charm): Dizzy Punch/Quick Attack/Drain Punch/Shadow Ball
123,hgss_ace_trainer_m_french_0542,Ace Trainer French,Trainerclass Ace Trainer M,1239,139,0.899,2603,402,2065.6,S-,Leader Brock Rematch (Elo 2284.4),Lass Ellen (Elo 1399.1),Ace Trainer Clarice (7 games),4.34,Absol Lv50 (Super Luck): Psycho Cut/Night Slash/Slash/Quick Attack | Alakazam Lv50 (Inner Focus): Psychic/Focus Blast/Energy Ball/Charge Beam
124,ace_trainer_maya_rematch_2,Ace Trainer Maya Rematch 2,Ace Trainer Female,1237,141,0.898,2554,363,2092.1,S-,Leader Misty Rematch (Elo 2427.7),Firebreather Lyle (Elo 1558.9),Commander Mars Stark Mountain (7 games),7.6,Roserade Lv50 (Natural Cure): Toxic Spikes/Giga Drain/Leech Seed/Toxic | Gardevoir Lv50 (Synchronize): Psychic/Magical Leaf/Calm Mind/Double Team | Lickilicky Lv50 (Own Tempo): Supersonic/Stomp/Screech/Power Whip
125,hgss_ace_trainer_f_salma_0675,Ace Trainer Salma,Trainerclass Ace Trainer F,1237,141,0.898,2583,390,2077.9,S-,Leader Chuck Rematch (Elo 2252.4),Pi Carlos (Elo 1219.8),Executive Archer (7 games),4.97,Slowking @ Oran Berry Lv50 (Oblivious): Surf/Psychic/Flamethrower/Trick Room | Lickilicky Lv50 (Own Tempo): Wring Out/Thunderbolt/Earthquake/Ice Beam
126,ranger_taylor_rematch_3,Ranger Taylor Rematch 3,Ranger Male,1236,142,0.897,2532,343,2132.5,S-,Rival Silver Feraligatr (DD) (Elo 2222.8),Camper Pedro (Elo 1544.9),Ace Trainer Moira Postgame (7 games),5.44,Carnivine Lv50 (Levitate): Swallow/Crunch/Wring Out/Power Whip | Luxray Lv50 (Rivalry): Thunder Fang/Crunch/Scary Face/Discharge | Dewgong Lv50 (Thick Fat): Dive/Aqua Tail/Ice Beam/Safeguard
127,ace_trainer_dennis_rematch_2,Ace Trainer Dennis Rematch 2,Ace Trainer Male,1233,145,0.895,2523,348,2094.6,S-,Ace Trainer Monique Postgame (Elo 2186.7),Black Belt David (Elo 1555.0),Ace Trainer Mikayla Postgame (7 games),5.66,Gliscor Lv50 (Hyper Cutter): Thunder Fang/X Scissor/Quick Attack/Aerial Ace | Floatzel Lv50 (Swift Swim): Aqua Jet/Swift/Crunch/Quick Attack | Drifblim Lv50 (Aftermath): Swallow/Gust/Stockpile/Shadow Ball
128,ace_trainer_mariah,Ace Trainer Mariah,Ace Trainer Female,1229,149,0.892,2542,382,2104.4,S-,Leader Brock Rematch (Elo 2284.4),Pokefan Robert (Elo 1347.0),Leader Misty (7 games),15.35,Blissey Lv50 (Natural Cure): Double Edge/Sing/Softboiled/Light Screen | Glalie Lv50 (Inner Focus): Ice Beam/Crunch/Headbutt/Shadow Ball | Magnezone Lv50 (Magnet Pull): Discharge/Flash Cannon/Thunder Wave/Barrier
129,youngster_dallas_rematch_3,Youngster Dallas Rematch 3,Youngster,1227,151,0.89,2572,425,2078.6,S-,Leader Volkner Fight Area (Elo 2227.5),Jogger Craig Rematch 1 (Elo 1428.1),Leader Fantina (7 games),8.03,Luxray Lv50 (Rivalry): Swagger/Thunder Fang/Crunch/Scary Face | Bibarel Lv50 (Simple): Amnesia/Take Down/Super Fang/Superpower | Golem Lv50 (Rock Head): Earthquake/Explosion/Double Edge/Stone Edge | Staraptor Lv50 (Intimidate): Take Down/Close Combat/Agility/Brave Bird
130,ace_trainer_arthur,Ace Trainer Arthur,Ace Trainer Male,1226,152,0.89,2563,414,2090.9,S-,Leader Falkner Rematch (Elo 2314.3),Youngster Ian Rematch 3 (Elo 1570.5),Ace Trainer Jonah (7 games),7.12,Gastrodon Lv50 (Sticky Hold): Muddy Water/Recover/Toxic/Water Pulse | Beedrill Lv50 (Swarm): Poison Jab/U Turn/Aerial Ace/Swords Dance | Electrode Lv50 (Soundproof): Thunderbolt/Hyper Beam/Endure/Explosion
131,commander_mars_lake_verity,Commander Mars Lake Verity,Commander Mars,1220,158,0.885,2533,408,2070.7,S-,Leader Fantina Rematch (Elo 2294.5),Hiker Bruce (Elo 1633.6),Cameraman Tevin Rematch 2 (7 games),9.55,Golbat Lv50 (Inner Focus): Air Cutter/Bite/Toxic/Supersonic | Bronzor Lv50 (Levitate): Gyro Ball/Extrasensory/Iron Defense/Confuse Ray | Purugly @ Sitrus Berry Lv50 (Thick Fat): Slash/Faint Attack/Hypnosis/Fake Out
132,hgss_ace_trainer_m_gaven_0601,Ace Trainer Gaven Rematch 3,Trainerclass Ace Trainer M,1219,159,0.885,2543,425,2062.3,A+,Elite Four Bertha Rematch (Elo 2354.3),Pi Carlos Rematch 2 (Elo 1435.1),Ace Trainer Jake (7 games),5.42,Victreebel Lv50 (Chlorophyll): Leaf Storm/Toxic/Acid/Leaf Blade | Kingler Lv50 (Hyper Cutter): Brine/Crabhammer/X Scissor/Protect | Flareon Lv50 (Flash Fire): Overheat/Quick Attack/Will O Wisp/Attract
133,ace_trainer_moira_postgame,Ace Trainer Moira Postgame,Ace Trainer Female,1217,161,0.883,2539,430,2082.7,S-,Elite Four Koga Rematch (Elo 2345.7),Pi Carlos Rematch 1 (Elo 1407.1),Dragon Tamer Hayden Rematch (7 games),8.24,Sandslash Lv50 (Sand Veil): Slash/Gyro Ball/Dig/X Scissor | Gastrodon Lv50 (Sticky Hold): Muddy Water/Recover/Body Slam/Protect | Claydol Lv50 (Levitate): Earthquake/Psychic/Ancient Power/Cosmic Power
134,hgss_ace_trainer_m_jake_0028,Ace Trainer Jake,Trainerclass Ace Trainer M,1216,162,0.882,2549,445,2059.4,A+,Elite Four Bertha (Elo 2343.3),Picnicker Edna (Elo 1513.0),Leader Gardenia (7 games),8.15,Parasect Lv50 (Dry Skin): Leech Life/Spore/Slash/Swords Dance | Golduck Lv50 (Cloud Nine): Psychic/Screech/Water Pulse/Fury Swipes | Vaporeon Lv50 (Water Absorb): Bite/Quick Attack/Sand Attack/Surf
135,veteran_brian_rematch_1,Veteran Brian Rematch 1,Veteran,1215,163,0.882,2535,435,2087.6,S-,Elite Four Bertha Rematch (Elo 2354.3),Pi Carlos Rematch 1 (Elo 1407.1),Veteran Armando Rematch (7 games),6.59,Tangela Lv50 (Chlorophyll): Ingrain/Giga Drain/Ancient Power/Toxic | Rapidash Lv50 (Run Away): Fire Spin/Stomp/Take Down/Fire Blast | Floatzel Lv50 (Swift Swim): Aqua Jet/Whirlpool/Pursuit/Quick Attack
136,ace_trainer_moira_rematch_postgame,Ace Trainer Moira Rematch Postgame,Ace Trainer Female,1215,163,0.882,2536,430,2081.5,S-,Leader Lt. Surge Rematch (Elo 2365.0),Picnicker Tiffany Rematch 3 (Elo 1373.3),Psychic Daisy Postgame (7 games),8.13,Sandslash Lv50 (Sand Veil): Slash/Gyro Ball/Dig/X Scissor | Gastrodon Lv50 (Sticky Hold): Muddy Water/Recover/Body Slam/Protect | Claydol Lv50 (Levitate): Earthquake/Psychic/Ancient Power/Cosmic Power
137,ace_trainer_quinn_postgame,Ace Trainer Quinn Postgame,Ace Trainer Male,1215,163,0.882,2563,461,2060.8,A+,Leader Gardenia Rematch (Elo 2216.7),Fisherman Tully (Elo 1388.1),Breeder Jennifer Rematch 2 (7 games),4.77,Pinsir Lv50 (Hyper Cutter): Superpower/X Scissor/Swords Dance/Rock Tomb | Lanturn Lv50 (Volt Absorb): Discharge/Signal Beam/Surf/Confuse Ray
138,veteran_harlan_postgame,Veteran Harlan Postgame,Veteran,1214,164,0.881,2537,438,2073.1,S-,Leader Gardenia Rematch (Elo 2216.7),Hiker Parry Rematch 2 (Elo 1396.9),Camper Tanner Rematch 3 (7 games),8.41,Raticate Lv50 (Run Away): Endeavor/Super Fang/Crunch/Quick Attack | Drifblim Lv50 (Aftermath): Explosion/Shadow Ball/Toxic/Fly | Shiftry Lv50 (Chlorophyll): Leaf Storm/Faint Attack/Extrasensory/Quick Attack
139,dragon_tamer_geoffrey_rematch_postgame,Dragon Tamer Geoffrey Rematch Postgame,Dragon Tamer,1211,167,0.879,2569,486,2072.8,S-,Leader Volkner Fight Area (Elo 2227.5),Picnicker Tiffany Rematch 3 (Elo 1373.3),Interviewers Roxy And Oli Rematch 3 (7 games),7.86,Altaria Lv50 (Natural Cure): Dragon Breath/Dragon Dance/Refresh/Dragon Pulse | Garchomp Lv50 (Sand Veil): Dragon Claw/Dig/Crunch/Dragon Rush
140,commander_saturn_valor_cavern,Commander Saturn Valor Cavern,Commander Saturn,1211,167,0.879,2506,417,2046.5,A+,Leader Gardenia Rematch (Elo 2216.7),Ruin Maniac Bryan (Elo 1503.1),Firebreather Walt Rematch 3 (7 games),8.42,Golbat Lv50 (Inner Focus): Air Cutter/Bite/Toxic/Supersonic | Bronzor Lv50 (Levitate): Gyro Ball/Shadow Ball/Rock Tomb/Iron Defense | Toxicroak @ Sitrus Berry Lv50 (Anticipation): Poison Jab/Revenge/Mud Bomb/Faint Attack
141,ace_trainer_deanna_rematch_postgame,Ace Trainer Deanna Rematch Postgame,Ace Trainer Female,1210,168,0.878,2532,453,2048.5,A+,Rival Canalave City Torterra (Elo 2226.6),Pi Carlos Rematch 1 (Elo 1407.1),Ace Trainer Megan (7 games),4.43,Ampharos Lv50 (Static): Discharge/Power Gem/Signal Beam/Fire Punch | Tropius Lv50 (Chlorophyll): Leaf Storm/Air Slash/Earthquake/Silver Wind
142,leader_maylene,Leader Maylene,Leader Maylene,1209,169,0.877,2529,449,2063.1,S-,Veteran Edgar (Elo 2215.2),Ace Trainer Catherine (Elo 1561.5),Rival Silver Quilava (Goldenrod) (7 games),6.59,Meditite Lv50 (Pure Power): Drain Punch/Confusion/Rock Tomb/Fake Out | Machoke Lv50 (Guts): Karate Chop/Rock Tomb/Strength/Focus Energy | Lucario Lv50 (Steadfast): Drain Punch/Force Palm/Metal Claw/Bone Rush
143,hgss_swimmer_f_lori_0294,Swimmer Lori,Trainerclass Swimmer F,1208,170,0.877,2519,440,2062.2,A+,Elite Four Bertha Rematch (Elo 2354.3),Black Belt Kendal (Elo 1157.8),Leader Gardenia (7 games),5.82,Starmie Lv50 (Natural Cure): Thunderbolt/Surf/Ice Beam/Recover | Starmie Lv50 (Natural Cure): Thunderbolt/Surf/Ice Beam/Recover | Starmie Lv50 (Natural Cure): Recover/Water Pulse/Thunder/Blizzard
144,ace_trainer_omar,Ace Trainer Omar,Ace Trainer Male,1206,172,0.875,2518,453,2034.4,A+,Veteran Brian Rematch 2 (Elo 2204.8),Fisherman Alec (Elo 1487.4),Ace Trainer Quinn (7 games),4.93,Mamoswine Lv50 (Oblivious): Blizzard/Ice Fang/Rock Slide/Giga Impact | Mothim Lv50 (Swarm): Silver Wind/Air Slash/Psychic/Toxic | Rampardos Lv50 (Mold Breaker): Head Smash/Zen Headbutt/Ancient Power/Screech
145,ranger_dwayne_postgame,Ranger Dwayne Postgame,Ranger Male,1204,174,0.874,2510,453,2063.4,S-,Leader Volkner (Elo 2321.3),Swimmer Lydia Postgame (Elo 1430.6),Ace Trainer Omar (7 games),7.72,Skarmory Lv50 (Keen Eye): Steel Wing/Air Slash/Slash/Night Slash | Golduck Lv50 (Damp): Screech/Psych Up/Zen Headbutt/Amnesia | Donphan Lv50 (Sturdy): Assurance/Scary Face/Earthquake/Giga Impact
146,hgss_ace_trainer_m_blake_0103,Ace Trainer Blake,Trainerclass Ace Trainer M,1202,176,0.872,2521,472,2038.3,A+,Leader Jasmine Rematch (Elo 2324.5),Youngster Tristan Rematch 3 (Elo 1476.6),Camper Zackary Rematch 3 (7 games),6.45,Magneton Lv50 (Sturdy): Thunderbolt/Supersonic/Magnet Bomb/Screech | Quagsire Lv50 (Water Absorb): Water Gun/Slam/Yawn/Earthquake | Exeggcute Lv50 (Chlorophyll): Leech Seed/Confusion/Sleep Powder/Solar Beam
147,hgss_ace_trainer_f_gwen_0206,Ace Trainer Gwen,Trainerclass Ace Trainer F,1202,176,0.872,2518,469,2034.5,A+,Veteran Brian Rematch 2 (Elo 2204.8),Camper Pedro (Elo 1544.9),Ace Trainer Allen (7 games),12.81,Eevee Lv50 (Adaptability): Helping Hand/Sand Attack/Growl/Quick Attack | Flareon Lv50 (Flash Fire): Helping Hand/Sand Attack/Ember/Quick Attack | Vaporeon Lv50 (Water Absorb): Helping Hand/Sand Attack/Water Gun/Quick Attack | Jolteon Lv50 (Volt Absorb): Helping Hand/Sand Attack/Thunder Shock/Quick Attack
148,ace_trainer_kassandra_postgame,Ace Trainer Kassandra Postgame,Ace Trainer Female,1200,178,0.871,2525,484,2058.3,A+,Leader Blaine (Elo 2179.9),Team Rocket Grunt Underground 4 (Elo 1343.0),Ace Trainer Carol (7 games),8.29,Jumpluff Lv50 (Chlorophyll): Memento/Giga Drain/Toxic/Bounce | Onix Lv50 (Rock Head): Stone Edge/Earthquake/Iron Tail/Dragon Breath | Ampharos Lv50 (Static): Thunder Punch/Power Gem/Signal Beam/Fire Punch
149,hgss_leader_pryce_pryce,Leader Pryce,Trainerclass Leader Pryce,1200,178,0.871,2494,451,2051.2,A+,Veteran Brian Rematch 2 (Elo 2204.8),Swimmer Katie (Elo 1368.3),Ace Trainer Olivia (7 games),15.34,Seel Lv50 (Thick Fat): Snore/Hail/Icy Wind/Rest | Dewgong Lv50 (Thick Fat): Sleep Talk/Ice Shard/Aurora Beam/Rest | Piloswine @ Sitrus Berry Lv50 (Snow Cloak): Hail/Ice Fang/Mud Bomb/Blizzard
150,hgss_school_kid_m_alan_0502,School Kid Alan Rematch 3,Trainerclass School Kid M,1198,180,0.869,2545,514,2021.5,A+,Leader Chuck Rematch (Elo 2252.4),Hiker Noland (Elo 1284.2),Ace Trainer Kevin (7 games),13.39,Xatu Lv50 (Synchronize): Wish/Psycho Shift/Future Sight/Ominous Wind | Tangrowth Lv50 (Chlorophyll): Slam/Tickle/Wring Out/Power Whip | Quagsire Lv50 (Damp): Amnesia/Yawn/Earthquake/Rain Dance | Yanmega Lv50 (Speed Boost): Slash/Screech/U Turn/Air Slash
151,dragon_tamer_patrick_rematch_2,Dragon Tamer Patrick Rematch 2,Dragon Tamer,1196,182,0.868,2513,488,2028.5,A+,Elite Four Karen (Elo 2288.2),Hiker Theodore Rematch 2 (Elo 1373.3),Double Team Zac And Jen (7 games),6.79,Shelgon Lv50 (Rock Head): Scary Face/Crunch/Dragon Claw/Double Edge | Gabite Lv50 (Sand Veil): Slash/Dragon Claw/Dig/Dragon Rush | Dragonair Lv50 (Shed Skin): Dragon Rush/Safeguard/Dragon Dance/Outrage
152,hgss_school_kid_m_jack_0500,School Kid Jack Rematch 3,Trainerclass School Kid M,1196,182,0.868,2546,518,2011.1,A+,Rival Silver Feraligatr (Goldenrod) (Elo 2183.4),Hiker Parry Rematch 2 (Elo 1396.9),Bird Keeper Brianna Rematch 2 (7 games),9.07,Electrode Lv50 (Soundproof): Charge/Charge Beam/Swift/Rollout | Vileplume Lv50 (Chlorophyll): Solar Beam/Giga Drain/Moonlight/Sunny Day | Arcanine Lv50 (Intimidate): Extreme Speed/Flamethrower/Crunch/Reversal
153,veteran_clayton,Veteran Clayton,Veteran,1190,188,0.864,2505,500,2031.1,A+,Veteran Brian Rematch 2 (Elo 2204.8),Super Nerd Cary (Elo 1363.0),Rival Pastoria City Infernape (7 games),4.79,Staraptor Lv50 (Intimidate): Brave Bird/Quick Attack/Double Team/Growl | Lickilicky Lv50 (Own Tempo): Slam/Power Whip/Earthquake/Brick Break
154,ace_trainer_mikayla_postgame,Ace Trainer Mikayla Postgame,Ace Trainer Female,1189,189,0.863,2488,491,2027.5,A+,Leader Sabrina (Elo 2199.7),Hiker Theodore Rematch 2 (Elo 1373.3),Ace Trainer Ruben (7 games),7.21,Seviper Lv50 (Shed Skin): Night Slash/Poison Fang/Wring Out/Glare | Persian Lv50 (Limber): Night Slash/Power Gem/Faint Attack/Fake Out | Absol Lv50 (Pressure): Night Slash/Psycho Cut/Slash/Quick Attack
155,ace_trainer_maria,Ace Trainer Maria,Ace Trainer Snow Female,1187,191,0.861,2533,551,2026.9,A+,Commander Jupiter & Mars (Spear Pillar) (Elo 2290.4),Black Belt Philip Rematch (Elo 1284.9),Galactic Boss Cyrus Galactic Hq (7 games),8.34,Golduck Lv50 (Damp): Water Pulse/Confusion/Disable/Screech | Rapidash Lv50 (Run Away): Fire Blast/Take Down/Fury Attack/Will O Wisp | Sudowoodo Lv50 (Sturdy): Rock Slide/Low Kick/Flail/Endure
156,breeder_albert_rematch_3,Breeder Albert Rematch 3,Breeder Male,1187,191,0.861,2517,526,2012.1,A+,Rival Silver Meganium (DD) (Elo 2234.3),Aroma Lady Elizabeth (Elo 1288.5),Ranger Allison Rematch 3 (7 games),10.62,Roserade Lv50 (Natural Cure): Poison Sting/Mega Drain/Magical Leaf/Sweet Scent | Sudowoodo Lv50 (Sturdy): Slam/Sucker Punch/Double Edge/Hammer Arm | Raichu Lv50 (Static): Thunder Shock/Tail Whip/Quick Attack/Thunderbolt | Umbreon Lv50 (Synchronize): Confuse Ray/Faint Attack/Assurance/Last Resort
157,hgss_school_kid_m_billy_0639,School Kid Billy Rematch 3,Trainerclass School Kid M,1186,192,0.861,2543,558,2013.6,A+,Rival Canalave City Empoleon (Elo 2254.0),Team Rocket Grunt Hideout 2 (Elo 1367.4),Ace Trainer Felix Postgame (7 games),8.43,Mr Mime Lv50 (Soundproof): Trick Room/Psychic/Substitute | Parasect Lv50 (Effect Spore): Spore/Giga Drain/X Scissor/Slash | Poliwrath Lv50 (Water Absorb): Wake Up Slap/Belly Drum/Dynamic Punch/Hypnosis | Ditto Lv50 (Limber): Transform
158,ace_trainer_zachery,Ace Trainer Zachery,Ace Trainer Male,1186,192,0.861,2495,511,2003.3,A+,Commander Jupiter & Mars (Spear Pillar) (Elo 2290.4),Poke Maniac Andrew (Elo 1242.0),Leader Maylene (7 games),4.51,Electabuzz Lv50 (Static): Thunderbolt/Shock Wave/Quick Attack/Iron Tail | Magneton Lv50 (Magnet Pull): Thunderbolt/Tri Attack/Mirror Shot
159,ace_trainer_felix_postgame,Ace Trainer Felix Postgame,Ace Trainer Male,1185,193,0.86,2499,515,2028.0,A+,Leader Chuck Rematch (Elo 2252.4),Bug Catcher Brandon (Elo 928.3),School Kid Billy Rematch 3 (7 games),6.96,Dusclops Lv50 (Pressure): Shadow Sneak/Payback/Curse/Will O Wisp | Salamence Lv50 (Intimidate): Dragon Claw/Aerial Ace/Zen Headbutt/Crunch
160,ace_trainer_jake_rematch,Ace Trainer Jake Rematch,Ace Trainer Male,1184,194,0.859,2486,509,2020.3,A+,Veteran Brian Rematch 2 (Elo 2204.8),Cyclist Kayla Rematch 3 (Elo 1278.9),Young Couple Tim & Sue Rematch 3 (7 games),3.88,Staraptor Lv50 (Intimidate): Brave Bird/Take Down/Endeavor/Quick Attack | Girafarig Lv50 (Inner Focus): Psychic/Double Hit/Crunch/Thunder Wave
161,parasol_lady_alexa_rematch_3,Parasol Lady Alexa Rematch 3,Parasol Lady,1184,194,0.859,2513,537,2016.7,A+,Leader Sabrina (Elo 2199.7),Aroma Lady Elizabeth (Elo 1288.5),Beauty Julia (7 games),7.7,Hippowdon Lv50 (Sand Stream): Sand Tomb/Crunch/Earthquake/Double Edge | Bibarel Lv50 (Simple): Amnesia/Take Down/Super Fang/Superpower | Mantine Lv50 (Swift Swim): Confuse Ray/Bounce/Aqua Ring/Hydro Pump | Seaking Lv50 (Swift Swim): Aqua Ring/Fury Attack/Waterfall/Horn Drill
162,hgss_executive_ariana_ariana_radio_tower,Executive Ariana Ariana (Radio Tower),Trainerclass Executive Ariana,1184,194,0.859,2496,522,2006.7,A+,Veteran Edgar (Elo 2215.2),Picnicker Sharon (Elo 1412.7),Ace Trainer Ernest (7 games),9.15,Arbok Lv50 (Intimidate): Wrap/Poison Sting/Crunch/Glare | Vileplume Lv50 (Chlorophyll): Mega Drain/Sweet Scent/Sleep Powder/Acid | Murkrow Lv50 (Super Luck): Wing Attack/Pursuit/Astonish/Night Shade
163,ace_trainer_dalton_rematch,Ace Trainer Dalton Rematch,Ace Trainer Snow Male,1183,195,0.858,2485,506,2046.3,A+,Elite Four Aaron (Elo 2376.5),Pi Kendrick (Elo 1259.0),Ace Trainer Brandi (7 games),5.32,Electivire Lv50 (Motor Drive): Thunderbolt/Swift/Quick Attack/Thunder Wave | Magmortar Lv50 (Flame Body): Flamethrower/Faint Attack/Smog/Will O Wisp
164,hgss_camper_todd_0522,Camper Todd Rematch 3,Trainerclass Camper,1183,195,0.858,2480,506,2027.4,A+,Rival Silver Meganium (VR) (Elo 2256.0),Fisherman Ralph Rematch 1 (Elo 1304.9),Camper Tanner Rematch 1 (7 games),6.54,Graveler Lv50 (Rock Head): Selfdestruct/Rollout/Rock Blast/Earthquake | Graveler Lv50 (Rock Head): Rock Blast/Earthquake/Explosion/Double Edge | Magcargo Lv50 (Magma Armor): Amnesia/Lava Plume/Rock Slide/Body Slam | Golduck Lv50 (Damp): Psych Up/Zen Headbutt/Amnesia/Hydro Pump
165,hgss_ace_trainer_m_gaven_0457,Ace Trainer Gaven Rematch 2,Trainerclass Ace Trainer M,1182,196,0.858,2478,501,2028.0,A+,Leader Candice (Elo 2268.1),Camper Drew (Elo 1455.1),Ace Trainer Garrett (7 games),6.72,Victreebel Lv50 (Chlorophyll): Wrap/Toxic/Acid/Razor Leaf | Kingler Lv50 (Hyper Cutter): Brine/Stomp/X Scissor/Protect | Flareon Lv50 (Flash Fire): Fire Blast/Quick Attack/Sand Attack/Fire Spin
166,hgss_camper_tanner_0657,Camper Tanner Rematch 3,Trainerclass Camper,1182,196,0.858,2488,515,2003.9,A+,Leader Byron Rematch (Elo 2287.2),Lass Shannon (Elo 1504.2),Young Couple Tim & Sue Rematch 3 (7 games),7.72,Sudowoodo Lv50 (Sturdy): Slam/Sucker Punch/Double Edge/Hammer Arm | Jumpluff Lv50 (Chlorophyll): Worry Seed/Giga Drain/Bounce/Memento | Lanturn Lv50 (Volt Absorb): Signal Beam/Discharge/Aqua Ring/Hydro Pump
167,ace_trainer_jonah,Ace Trainer Jonah,Ace Trainer Male,1182,196,0.858,2498,524,1989.1,A+,Leader Chuck Rematch (Elo 2252.4),Swimmer Harold (Elo 1416.0),Ace Trainer Arthur (7 games),9.72,Quagsire Lv50 (Damp): Slam/Mud Bomb/Amnesia/Yawn | Staraptor Lv50 (Intimidate): Whirlwind/Aerial Ace/Take Down/Close Combat | Hippopotas Lv50 (Sand Stream): Take Down/Sand Tomb/Crunch/Earthquake
168,cameraman_tevin_rematch_3,Cameraman Tevin Rematch 3,Cameraman,1180,198,0.856,2528,561,2007.4,A+,Leader Jasmine Rematch (Elo 2324.5),Medium Bethany (Elo 1150.8),Hiker Theodore Rematch 3 (7 games),8.97,Magneton Lv50 (Magnet Pull): Magnet Bomb/Screech/Discharge/Mirror Shot | Magneton Lv50 (Magnet Pull): Magnet Bomb/Screech/Discharge/Mirror Shot | Mr Mime Lv50 (Soundproof): Trick/Psychic/Role Play/Baton Pass | Machamp Lv50 (Guts): Wake Up Slap/Cross Chop/Scary Face/Dynamic Punch
169,hgss_ace_trainer_m_gaven_0456,Ace Trainer Gaven Rematch 1,Trainerclass Ace Trainer M,1179,199,0.856,2489,533,1998.2,A+,Leader Byron Rematch (Elo 2287.2),Gentleman Alfred Rematch 2 (Elo 1392.5),Rival Route 209 Infernape (7 games),6.79,Victreebel Lv50 (Chlorophyll): Wrap/Toxic/Acid/Razor Leaf | Kingler Lv50 (Hyper Cutter): Bubble Beam/Stomp/Guillotine/Protect | Flareon Lv50 (Flash Fire): Sand Attack/Quick Attack/Bite/Fire Blast
170,hgss_double_team_elan_ida_0676,Double Team Elan & Ida,Trainerclass Double Team,1179,199,0.856,2509,550,1973.3,A+,Leader Sabrina (Elo 2199.7),Pi Carlos Rematch 2 (Elo 1435.1),Breeder Jennifer Rematch 1 (7 games),3.91,Porygon2 Lv50 (Download): Tri Attack/Charge Beam/Protect/Trick Room | Azumarill Lv50 (Huge Power): Waterfall/Aqua Jet/Superpower/Attract
171,ace_trainer_ernest,Ace Trainer Ernest,Ace Trainer Male,1177,201,0.854,2483,529,2004.7,A+,Leader Chuck Rematch (Elo 2252.4),Hiker Justin (Elo 1208.6),Ranger Krista (7 games),7.79,Scyther Lv50 (Swarm): Slash/Wing Attack/Pursuit/Quick Attack | Probopass Lv50 (Sturdy): Thunder Wave/Rock Slide/Magnet Bomb/Iron Defense | Luxio Lv50 (Rivalry): Thunderbolt/Crunch/Swagger/Double Team
172,leader_fantina,Leader Fantina,Leader Fantina,1177,201,0.854,2495,544,1998.1,A+,Elite Four Flint Fight Area (Elo 2283.3),Teacher Colette (Elo 981.9),Breeder Jennifer Rematch 3 (7 games),10.52,Duskull Lv50 (Levitate): Will O Wisp/Pursuit/Shadow Sneak/Future Sight | Haunter Lv50 (Levitate): Shadow Claw/Sucker Punch/Hypnosis/Confuse Ray | Mismagius @ Sitrus Berry Lv50 (Levitate): Shadow Ball/Psybeam/Magical Leaf/Confuse Ray
173,ace_trainer_garrett,Ace Trainer Garrett,Ace Trainer Snow Male,1175,203,0.853,2475,533,1958.5,A+,Leader Volkner Fight Area (Elo 2227.5),Hiker Theodore Rematch 2 (Elo 1373.3),Ace Trainer Gaven Rematch 2 (7 games),8.97,Mr Mime Lv50 (Soundproof): Psybeam/Mimic/Reflect/Light Screen | Dusclops Lv50 (Pressure): Will O Wisp/Shadow Punch/Pursuit/Confuse Ray | Scyther Lv50 (Swarm): Slash/X Scissor/Quick Attack/Fury Cutter
174,ace_trainer_sandra_postgame,Ace Trainer Sandra Postgame,Ace Trainer Female,1174,204,0.852,2485,546,1998.0,A+,Leader Lt. Surge Rematch (Elo 2365.0),Hiker Timothy (Elo 1209.2),Ace Trainer Felix Postgame (7 games),6.27,Dugtrio Lv50 (Sand Veil): Mud Bomb/Slash/Earthquake/Fissure | Raichu Lv50 (Static): Thunder Shock/Tail Whip/Quick Attack/Thunderbolt | Ninetales Lv50 (Flash Fire): Ember/Quick Attack/Confuse Ray/Safeguard
175,rancher_marco_rematch_2,Rancher Marco Rematch 2,Rancher,1173,205,0.851,2481,551,1979.8,A+,Elite Four Aaron Rematch (Elo 2362.0),Pi Kendrick (Elo 1259.0),Hiker Kenny Rematch 1 (7 games),9.49,Ponyta Lv50 (Run Away): Agility/Fire Blast/Bounce/Flare Blitz | Miltank Lv50 (Thick Fat): Captivate/Gyro Ball/Heal Bell/Wake Up Slap | Tauros Lv50 (Intimidate): Take Down/Swagger/Thrash/Giga Impact | Rapidash Lv50 (Run Away): Fire Blast/Fury Attack/Bounce/Flare Blitz
176,ace_trainer_shannon_rematch,Ace Trainer Shannon Rematch,Ace Trainer Female,1170,208,0.849,2490,565,1997.1,A+,Leader Brock (Elo 2147.0),Ruin Maniac Larry (Elo 1497.1),Commander Jupiter Team Galactic Eterna Building (7 games),8.94,Cherrim Lv50 (Flower Gift): Solar Beam/Magical Leaf/Petal Dance/Sunny Day | Azumarill Lv50 (Thick Fat): Ice Beam/Double Edge/Aqua Tail/Aqua Ring | Lopunny Lv50 (Cute Charm): Dizzy Punch/Jump Kick/Quick Attack/Bounce
177,hgss_double_team_thom_kae_0722,Double Team Thom & Kae,Trainerclass Double Team,1170,208,0.849,2473,546,1981.2,A+,Rival Silver Meganium (DD) (Elo 2234.3),Hiker Parry Rematch 1 (Elo 1144.4),Hiker Eoin (7 games),3.5,Electabuzz Lv50 (Static): Thunderbolt/Light Screen/Swift/Thunder Wave | Magmar Lv50 (Flame Body): Flamethrower/Confuse Ray/Faint Attack/Protect
178,ranger_kyler_rematch_postgame,Ranger Kyler Rematch Postgame,Ranger Male,1169,209,0.848,2452,532,1994.1,A+,Leader Wake (Elo 2208.2),School Kid Mackenzie (Elo 1330.4),Picnicker Cheyenne (7 games),6.95,Zangoose Lv50 (Immunity): Detect/False Swipe/X Scissor/Close Combat | Exeggutor Lv50 (Chlorophyll): Stomp/Egg Bomb/Wood Hammer/Leaf Storm | Poliwrath Lv50 (Water Absorb): Double Slap/Submission/Dynamic Punch/Mind Reader
179,hgss_leader_jasmine_jasmine,Leader Jasmine,Trainerclass Leader Jasmine,1169,209,0.848,2434,513,1988.5,A+,Leader Morty Rematch (Elo 2322.2),Parasol Lady Sabrina (Elo 1313.7),Veteran Armando (7 games),7.48,Magnemite Lv50 (Magnet Pull): Thunderbolt/Supersonic/Sonic Boom/Thunder Wave | Magnemite Lv50 (Sturdy): Thunderbolt/Supersonic/Sonic Boom/Thunder Wave | Steelix @ Sitrus Berry Lv50 (Sturdy): Screech/Sandstorm/Rock Throw/Iron Tail
180,veteran_armando,Veteran Armando,Veteran,1168,210,0.848,2470,556,1986.1,A+,Leader Sabrina (Elo 2199.7),Pi Carlos Rematch 1 (Elo 1407.1),Double Team Thom & Kae (7 games),8.6,Muk Lv50 (Stench): Acid Armor/Toxic/Sludge Bomb/Dark Pulse | Mightyena Lv50 (Intimidate): Sucker Punch/Taunt/Assurance/Take Down | Lickitung Lv50 (Own Tempo): Power Whip/Giga Impact/Surf/Fire Blast
181,hgss_ace_trainer_f_jamie_0459,Ace Trainer Jamie Rematch 2,Trainerclass Ace Trainer F,1168,210,0.848,2483,569,1982.9,A+,Leader Byron Rematch (Elo 2287.2),Poke Maniac Andrew (Elo 1242.0),Lucas Veilstone City Chimchar (7 games),5.33,Rapidash Lv50 (Flash Fire): Stomp/Fire Spin/Fire Blast/Ember | Ampharos Lv50 (Static): Discharge/Signal Beam/Charge/Thunder Wave
182,ace_trainer_ruben,Ace Trainer Ruben,Ace Trainer Male,1167,211,0.847,2522,610,1974.9,A+,Champion Lance (Elo 2417.6),Pokefan Meredith (Elo 1231.5),Ace Trainer Mikayla Postgame (7 games),6.52,Nuzleaf Lv50 (Chlorophyll): Extrasensory/Fake Out/Faint Attack/Razor Leaf | Gyarados Lv50 (Intimidate): Aqua Tail/Hydro Pump/Dragon Dance/Ice Fang
183,hgss_executive_ariana_ariana_rocket_hq,Executive Ariana Ariana (Rocket HQ),Trainerclass Executive Ariana,1164,214,0.845,2446,547,1996.9,A+,Leader Brock (Elo 2147.0),Team Rocket Grunt Underground 6 (Elo 1574.4),Kimono Girl Sayo (7 games),8.66,Arbok Lv50 (Intimidate): Wrap/Poison Sting/Crunch/Glare | Gloom Lv50 (Chlorophyll): Mega Drain/Sweet Scent/Sleep Powder/Acid | Murkrow Lv50 (Super Luck): Wing Attack/Pursuit/Astonish/Night Shade
184,ace_trainer_skylar_postgame,Ace Trainer Skylar Postgame,Ace Trainer Male,1163,215,0.844,2467,568,2016.9,A+,Veteran Edgar (Elo 2215.2),Super Nerd Pat (Elo 1436.0),School Kid Sherman (7 games),7.07,Loudred Lv50 (Soundproof): Hyper Voice/Bite/Supersonic/Screech | Rampardos Lv50 (Mold Breaker): Head Smash/Zen Headbutt/Ancient Power/Screech | Pelipper Lv50 (Keen Eye): Air Slash/Water Pulse/Roost/Quick Attack
185,bird_keeper_brianna_rematch_2,Bird Keeper Brianna Rematch 2,Bird Keeper,1162,216,0.843,2456,567,1958.3,A+,Rival Silver Meganium (DD) (Elo 2234.3),Pokefan William (Elo 1263.9),School Kid Jack Rematch 3 (7 games),10.2,Skarmory Lv50 (Keen Eye): Night Slash/Slash/Air Slash/Steel Wing | Noctowl Lv50 (Insomnia): Hypnosis/Psychic/Roost/Air Slash | Noctowl Lv50 (Insomnia): Hypnosis/Psychic/Roost/Air Slash
186,dragon_tamer_hayden_rematch,Dragon Tamer Hayden Rematch,Dragon Tamer,1162,216,0.843,2546,650,1937.8,A,Elite Four Bertha (Elo 2343.3),Beauty Nicola (Elo 1240.6),Ace Trainer Moira Postgame (7 games),7.68,Altaria Lv50 (Natural Cure): Dragon Breath/Dragon Dance/Refresh/Dragon Pulse | Kingdra Lv50 (Swift Swim): Brine/Hydro Pump/Dragon Dance/Dragon Pulse
187,ace_trainer_rodolfo_postgame,Ace Trainer Rodolfo Postgame,Ace Trainer Male,1158,220,0.84,2439,563,1986.1,A+,Veteran Edgar (Elo 2215.2),Picnicker Adrian (Elo 1194.6),Fisherman Barney (7 games),4.2,Starmie Lv50 (Illuminate): Water Pulse/Recover/Psychic/Swift | Vibrava Lv50 (Levitate): Dragon Breath/Earthquake/Faint Attack/Screech
188,hgss_ace_trainer_f_jamie_0606,Ace Trainer Jamie Rematch 3,Trainerclass Ace Trainer F,1158,220,0.84,2472,602,1955.0,A+,Galactic Boss Cyrus Celestic Town Ruins (Elo 2143.2),Pi Carlos (Elo 1219.8),Ruin Maniac Harry Rematch 2 (7 games),5.9,Rapidash Lv50 (Flash Fire): Bounce/Fire Spin/Flare Blitz/Ember | Ampharos Lv50 (Static): Power Gem/Thunder/Signal Beam/Charge
189,ranger_kyler_postgame,Ranger Kyler Postgame,Ranger Male,1157,221,0.84,2452,583,1975.8,A+,Rocket Boss Giovanni (Elo 2198.8),Bird Keeper Hank (Elo 1418.5),Fisherman Kyle Rematch 3 (7 games),8.88,Exeggcute Lv50 (Chlorophyll): Worry Seed/Natural Gift/Solar Beam/Psychic | Zangoose Lv50 (Immunity): Detect/False Swipe/X Scissor/Close Combat | Empoleon Lv50 (Torrent): Aqua Jet/Whirlpool/Mist/Drill Peck
190,hgss_ace_trainer_m_kevin_0361,Ace Trainer Kevin,Trainerclass Ace Trainer M,1157,221,0.84,2489,613,1950.3,A+,Ace Trainer Monique Postgame (Elo 2186.7),Psychic Nelson (Elo 1371.5),Ace Trainer Mariah (7 games),5.95,Rhyhorn Lv50 (Rock Head): Take Down/Stone Edge/Horn Drill/Earthquake | Charmeleon Lv50 (Blaze): Flamethrower/Slash/Scary Face/Aerial Ace | Wartortle Lv50 (Torrent): Hydro Pump/Ice Beam/Bite/Swagger
191,hgss_leader_chuck_chuck,Leader Chuck,Trainerclass Leader Chuck,1157,221,0.84,2496,630,1943.6,A+,Elite Four Bruno (Elo 2310.7),Scientist Mitch (Elo 802.1),Veteran Brian (7 games),7.79,Primeape Lv50 (Vital Spirit): Leer/Double Team/Focus Punch/Rock Slide | Poliwrath @ Sitrus Berry Lv50 (Water Absorb): Hypnosis/Surf/Focus Punch/Body Slam
192,hgss_fisherman_barney_0322,Fisherman Barney,Trainerclass Fisherman,1155,223,0.838,2477,617,1941.4,A+,Leader Sabrina (Elo 2199.7),Poke Kid Danielle Rematch 1 (Elo 920.5),Fisherman Gideon (7 games),9.2,Gyarados Lv50 (Intimidate): Twister/Ice Fang/Aqua Tail/Rain Dance | Gyarados Lv50 (Intimidate): Leer/Twister/Ice Fang/Aqua Tail | Gyarados Lv50 (Intimidate): Leer/Twister/Ice Fang/Aqua Tail
193,hgss_camper_bertrand_0533,Camper Bertrand,Trainerclass Camper,1154,224,0.837,2453,595,1986.3,A+,Rival Silver Feraligatr (Goldenrod) (Elo 2183.4),Hiker Theodore Rematch 2 (Elo 1373.3),Kimono Girl Naoko (7 games),7.8,Fearow Lv50 (Keen Eye): Pursuit/Aerial Ace/Mirror Move/Agility | Primeape Lv50 (Vital Spirit): Seismic Toss/Screech/Assurance/Rage | Tauros Lv50 (Intimidate): Pursuit/Rest/Payback/Zen Headbutt
194,rival_pastoria_city_chimchar,Rival Pastoria City Empoleon,Rival,1152,226,0.836,2466,618,1974.2,A+,Leader Clair (Elo 2279.7),Swimmer Ricardo (Elo 1420.6),Camper Zackary Rematch 3 (7 games),9.67,Staravia Lv50 (Intimidate): Wing Attack/Quick Attack/Endeavor/Double Team | Roselia Lv50 (Natural Cure): Mega Drain/Poison Sting/Leech Seed/Magical Leaf | Ponyta Lv50 (Run Away): Ember/Stomp/Tail Whip/Growl | Prinplup Lv50 (Torrent): Bubble Beam/Peck/Metal Claw/Growl
195,hgss_school_kid_m_alan_0433,School Kid Alan Rematch 2,Trainerclass School Kid M,1152,226,0.836,2462,612,1963.4,A+,Ace Trainer Rodolfo Rematch Postgame (Elo 2144.2),Aroma Lady Elizabeth (Elo 1288.5),Ace Trainer Deanna Postgame (7 games),16.45,Xatu Lv50 (Synchronize): Me First/Confuse Ray/Tailwind/Wish | Tangrowth Lv50 (Chlorophyll): Mega Drain/Stun Spore/Ancient Power/Knock Off | Quagsire Lv50 (Damp): Slam/Mud Bomb/Amnesia/Yawn | Yanmega Lv50 (Speed Boost): Supersonic/Uproar/Pursuit/Ancient Power
196,hgss_ace_trainer_m_gaven_0102,Ace Trainer Gaven,Trainerclass Ace Trainer M,1152,226,0.836,2478,632,1963.0,A+,Leader Wake (Elo 2208.2),Galactic Grunt Mt Coronet 4f 2 (Elo 1487.5),Ace Trainer Dalton Rematch (7 games),7.25,Victreebel Lv50 (Chlorophyll): Wrap/Toxic/Acid/Razor Leaf | Kingler Lv50 (Hyper Cutter): Bubble Beam/Stomp/Guillotine/Protect | Flareon Lv50 (Flash Fire): Sand Attack/Quick Attack/Bite/Ember
197,ace_trainer_dennis_rematch_1,Ace Trainer Dennis Rematch 1,Ace Trainer Male,1151,227,0.835,2414,562,1972.7,A+,Veteran Brian Rematch 2 (Elo 2204.8),Black Belt Manford (Elo 1494.8),Picnicker Erin Rematch 3 (7 games),9.08,Gligar Lv50 (Hyper Cutter): Screech/Faint Attack/Quick Attack/Poison Sting | Floatzel Lv50 (Swift Swim): Aqua Jet/Swift/Pursuit/Quick Attack | Drifblim Lv50 (Aftermath): Swallow/Gust/Stockpile/Shadow Ball
198,hgss_firebreather_walt_0618,Firebreather Walt Rematch 3,Trainerclass Firebreather,1151,227,0.835,2459,608,1957.4,A+,Leader Candice (Elo 2268.1),Hiker Noland (Elo 1284.2),Swimmer Wesley (7 games),9.09,Magby Lv50 (Flame Body): Smoke Screen/Faint Attack/Fire Spin/Confuse Ray | Magmar Lv50 (Flame Body): Fire Punch/Lava Plume/Flamethrower/Sunny Day | Magmortar Lv50 (Flame Body): Lava Plume/Flamethrower/Sunny Day/Fire Blast
199,veteran_grant,Veteran Grant,Veteran,1150,228,0.835,2476,634,1950.9,A+,Rival Silver Meganium (VR) (Elo 2256.0),Picnicker Karina Rematch 2 (Elo 1328.2),Swimmer Joy (7 games),7.36,Riolu Lv50 (Steadfast): Force Palm/Quick Attack/Counter/Screech | Staraptor Lv50 (Intimidate): Aerial Ace/Take Down/Quick Attack/Growl | Graveler Lv50 (Rock Head): Earthquake/Rock Slide/Rock Polish/Defense Curl
200,cameraman_tevin_rematch_4,Cameraman Tevin Rematch 4,Cameraman,1149,229,0.834,2492,654,1952.8,A+,Veteran Edgar (Elo 2215.2),Policeman Danny (Elo 1284.8),Fisherman Stephen (7 games),10.22,Magneton Lv50 (Magnet Pull): Discharge/Mirror Shot/Magnet Rise/Gyro Ball | Magneton Lv50 (Magnet Pull): Discharge/Mirror Shot/Magnet Rise/Gyro Ball | Mr Mime Lv50 (Soundproof): Psychic/Role Play/Baton Pass/Safeguard | Machamp Lv50 (Guts): Wake Up Slap/Cross Chop/Scary Face/Dynamic Punch
201,ace_trainer_brenda,Ace Trainer Brenda,Ace Trainer Female,1147,231,0.832,2440,605,1932.8,A,Veteran Edgar (Elo 2215.2),Lass Molly (Elo 1156.4),Firebreather Otis (7 games),6.78,Lopunny Lv50 (Cute Charm): Jump Kick/Baton Pass/Agility/Dizzy Punch | Kirlia Lv50 (Synchronize): Magical Leaf/Calm Mind/Psychic/Imprison | Medicham Lv50 (Pure Power): Feint/Calm Mind/Force Palm/Hi Jump Kick
202,hgss_leader_morty_morty,Leader Morty,Trainerclass Leader Morty,1146,232,0.832,2496,661,1949.7,A+,Leader Maylene Rematch (Elo 2296.6),Teacher Colette (Elo 981.9),Ace Trainer Carol (7 games),11.79,Gastly Lv50 (Levitate): Lick/Spite/Mean Look/Curse | Haunter Lv50 (Levitate): Hypnosis/Dream Eater/Curse/Nightmare | Gengar @ Sitrus Berry Lv50 (Levitate): Hypnosis/Shadow Ball/Mean Look/Sucker Punch | Haunter Lv50 (Levitate): Curse/Mean Look/Sucker Punch/Night Shade
203,ace_trainer_abel_postgame,Ace Trainer Abel Postgame,Ace Trainer Male,1146,232,0.832,2475,645,1932.9,A,Leader Erika Rematch (Elo 2266.9),Scientist Mitch (Elo 802.1),Fisherman Kyle Rematch 1 (7 games),5.67,Glalie Lv50 (Inner Focus): Hail/Ice Beam/Sheer Cold/Crunch | Crobat Lv50 (Inner Focus): Air Slash/Poison Fang/Confuse Ray/Shadow Ball
204,ace_trainer_jake,Ace Trainer Jake,Ace Trainer Male,1145,233,0.831,2431,608,1962.8,A+,Ranger Taylor Rematch 3 (Elo 2132.5),Ruin Maniac Calvin (Elo 1383.0),Ace Trainer Gaven Rematch 3 (7 games),4.64,Staraptor Lv50 (Intimidate): Take Down/Aerial Ace/Endeavor/Quick Attack | Girafarig Lv50 (Inner Focus): Double Hit/Psychic
205,hgss_executive_archer_archer,Executive Archer,Trainerclass Executive Archer,1143,235,0.829,2442,628,1962.6,A+,Leader Erika Rematch (Elo 2266.9),Hiker Noland (Elo 1284.2),Ace Trainer Felix Postgame (7 games),7.0,Houndour Lv50 (Early Bird): Fire Fang/Roar/Bite/Faint Attack | Koffing Lv50 (Levitate): Tackle/Sludge/Smoke Screen/Haze | Houndoom Lv50 (Early Bird): Fire Fang/Smog/Bite/Faint Attack
206,ace_trainer_dalton,Ace Trainer Dalton,Ace Trainer Snow Male,1143,235,0.829,2445,626,1956.4,A+,Leader Falkner Rematch (Elo 2314.3),Hiker Parry Rematch 1 (Elo 1144.4),Hiker Phillip (7 games),5.05,Electabuzz Lv50 (Static): Thunderbolt/Swift/Quick Attack/Thunder Wave | Magmar Lv50 (Flame Body): Flamethrower/Faint Attack/Smog/Will O Wisp
207,hgss_ace_trainer_f_jamie_0458,Ace Trainer Jamie Rematch 1,Trainerclass Ace Trainer F,1142,236,0.829,2426,613,1923.3,A,Commander Jupiter Stark Mountain (Elo 2177.6),School Kid Esteban (Elo 1294.2),Rival Route 209 Infernape (7 games),5.32,Rapidash Lv50 (Flash Fire): Stomp/Fire Spin/Flame Wheel/Ember | Ampharos Lv50 (Static): Discharge/Signal Beam/Charge/Thunder Punch
208,ace_trainer_micah,Ace Trainer Micah,Ace Trainer Male,1140,238,0.827,2447,646,1935.4,A,Elite Four Bertha (Elo 2343.3),Pi Carlos (Elo 1219.8),Bug Catcher Brandon Rematch 3 (7 games),6.37,Metang Lv50 (Clear Body): Bullet Punch/Zen Headbutt/Pursuit/Meteor Mash | Ludicolo Lv50 (Swift Swim): Water Pulse/Zen Headbutt/Energy Ball/Fake Out
209,hgss_camper_tanner_0656,Camper Tanner Rematch 2,Trainerclass Camper,1138,240,0.826,2434,640,1938.7,A+,Leader Blaine (Elo 2179.9),Aroma Lady Elizabeth (Elo 1288.5),Ace Trainer Micah (7 games),7.18,Sudowoodo Lv50 (Sturdy): Rock Slide/Slam/Sucker Punch/Double Edge | Lanturn Lv50 (Volt Absorb): Bubble Beam/Signal Beam/Discharge/Aqua Ring | Skiploom Lv50 (Chlorophyll): Cotton Spore/U Turn/Worry Seed/Giga Drain
210,fisherman_cole,Fisherman Cole,Fisherman,1137,241,0.825,2442,657,1922.8,A,Elite Four Koga (Elo 2209.9),Ace Trainer Brian (Elo 1273.0),Veteran Brian Rematch 1 (7 games),7.1,Gyarados Lv50 (Intimidate): Ice Fang/Aqua Tail/Rain Dance/Hydro Pump | Remoraid Lv50 (Hustle): Bullet Seed/Water Pulse/Signal Beam/Ice Beam | Gyarados Lv50 (Intimidate): Ice Fang/Aqua Tail/Rain Dance/Hydro Pump
211,hgss_ace_trainer_f_quinn_0362,Ace Trainer Quinn,Trainerclass Ace Trainer F,1136,242,0.824,2436,652,1906.7,A,Leader Blaine (Elo 2179.9),Biker Teddy (Elo 1247.1),Ace Trainer Omar (7 games),5.92,Ivysaur Lv50 (Overgrow): Solar Beam/Double Edge/Synthesis/Sludge Bomb | Starmie Lv50 (Natural Cure): Blizzard/Confuse Ray/Thunderbolt/Water Pulse
212,ace_trainer_stefan_postgame,Ace Trainer Stefan Postgame,Ace Trainer Male,1135,243,0.824,2420,633,1903.2,A,Leader Blaine (Elo 2179.9),Pi Carlos (Elo 1219.8),Lady Melissa Rematch 3 (7 games),4.88,Pupitar Lv50 (Shed Skin): Payback/Crunch/Earthquake/Stone Edge | Torterra Lv50 (Overgrow): Synthesis/Crunch/Giga Drain/Leaf Storm
213,rival_route_209_chimchar,Rival Route 209 Empoleon,Rival,1134,244,0.823,2444,669,1936.5,A,Leader Gardenia Rematch (Elo 2216.7),Pi Carlos Rematch 2 (Elo 1435.1),Ranger Deshawn Postgame (7 games),10.82,Staravia Lv50 (Intimidate): Wing Attack/Quick Attack/Endeavor/Double Team | Roselia Lv50 (Natural Cure): Mega Drain/Poison Sting/Leech Seed/Stun Spore | Ponyta Lv50 (Run Away): Ember/Tackle/Tail Whip/Growl | Prinplup Lv50 (Torrent): Bubble Beam/Peck/Metal Claw/Growl
214,hgss_school_kid_m_danny_0327,School Kid Danny,Trainerclass School Kid M,1134,244,0.823,2414,634,1918.9,A,Leader Janine (Elo 2218.8),Hiker Noland (Elo 1284.2),Swimmer Wade Postgame (7 games),8.26,Jynx Lv50 (Forewarn): Fake Tears/Wake Up Slap/Avalanche/Body Slam | Electabuzz Lv50 (Static): Light Screen/Thunder Punch/Discharge/Thunderbolt | Magmar Lv50 (Flame Body): Confuse Ray/Fire Punch/Lava Plume/Flamethrower
215,ace_trainer_destiny,Ace Trainer Destiny,Ace Trainer Female,1133,245,0.822,2417,645,1936.4,A,Rival Silver Feraligatr (DD) (Elo 2222.8),Hiker Bailey (Elo 1145.5),Leader Gardenia (7 games),5.44,Electabuzz Lv50 (Static): Thunderbolt/Shock Wave/Quick Attack/Iron Tail | Raichu Lv50 (Static): Thunderbolt/Dig/Thunder Wave/Light Screen
216,ace_trainer_shannon,Ace Trainer Shannon,Ace Trainer Female,1130,248,0.82,2409,640,1943.8,A+,Leader Byron (Elo 2162.5),Aroma Lady Elizabeth Rematch 2 (Elo 1217.0),Ace Trainer Stefan Postgame (7 games),8.49,Cherrim Lv50 (Flower Gift): Petal Dance/Magical Leaf/Leech Seed | Azumarill Lv50 (Thick Fat): Double Edge/Bubble Beam/Aqua Ring | Lopunny Lv50 (Cute Charm): Jump Kick/Quick Attack/Charm
217,dragon_tamer_drake_postgame,Dragon Tamer Drake Postgame,Dragon Tamer,1130,248,0.82,2477,718,1928.2,A,Elite Four Flint Fight Area (Elo 2283.3),Idol Grace Rematch 1 (Elo 1319.4),Ace Trainer Ernest (7 games),7.8,Gible Lv50 (Sand Veil): Slash/Dragon Claw/Dig/Dragon Rush | Gabite Lv50 (Sand Veil): Slash/Dragon Claw/Dig/Dragon Rush | Dragonair Lv50 (Shed Skin): Aqua Tail/Dragon Rush/Safeguard/Dragon Dance
218,double_team_zac_and_jen,Double Team Zac And Jen,Double Team,1130,248,0.82,2484,723,1879.1,A,Ace Trainer Rodolfo Rematch Postgame (Elo 2144.2),Skier Diana (Elo 990.7),School Kid Billy Rematch 3 (7 games),4.19,Gyarados Lv50 (Intimidate): Leer/Twister/Ice Fang/Aqua Tail | Raichu Lv50 (Static): Thunder Shock/Tail Whip/Quick Attack/Thunderbolt
219,ace_trainer_sydney,Ace Trainer Sydney,Ace Trainer Female,1129,249,0.819,2433,676,1938.7,A+,Leader Sabrina (Elo 2199.7),School Kid Alan (Elo 1327.7),Ace Trainer Deanna Rematch Postgame (7 games),9.8,Clefable Lv50 (Cute Charm): Meteor Mash/Reflect/Light Screen/Gravity | Torterra Lv50 (Overgrow): Earthquake/Crunch/Leech Seed/Synthesis
220,breeder_jennifer_rematch_2,Breeder Jennifer Rematch 2,Breeder Female,1128,250,0.819,2427,671,1944.1,A+,Ace Trainer Arthur (Elo 2090.9),Youngster Joey Rematch 3 (Elo 1221.1),Ace Trainer Quinn Postgame (7 games),9.04,Roselia Lv50 (Natural Cure): Sweet Scent/Ingrain/Toxic/Petal Dance | Mr Mime Lv50 (Soundproof): Substitute/Recycle/Trick/Psychic | Clefairy Lv50 (Cute Charm): Metronome/Gravity/Moonlight/Light Screen | Espeon Lv50 (Synchronize): Confusion/Quick Attack/Swift/Psybeam
221,rival_pastoria_city_turtwig,Rival Pastoria City Infernape,Rival,1128,250,0.819,2428,680,1926.6,A,Ranger Taylor Rematch 3 (Elo 2132.5),Scientist Emilio (Elo 1302.1),Dragon Tamer Darien (7 games),9.31,Staravia Lv50 (Intimidate): Wing Attack/Quick Attack/Endeavor/Double Team | Buizel Lv50 (Swift Swim): Aqua Jet/Quick Attack/Pursuit/Growl | Roselia Lv50 (Natural Cure): Mega Drain/Poison Sting/Leech Seed/Magical Leaf | Monferno Lv50 (Blaze): Flame Wheel/Mach Punch/Fury Swipes/Leer
222,psychic_mitchell_rematch_2,Psychic Mitchell Rematch 2,Psychic Male,1128,250,0.819,2441,687,1922.1,A,Leader Janine (Elo 2218.8),Galactic Grunt Galactic Hq 3f 1 (Elo 1208.1),Swimmer Sheltin (7 games),7.49,Grumpig Lv50 (Thick Fat): Snore/Payback/Psychic/Power Gem | Alakazam Lv50 (Synchronize): Calm Mind/Psychic/Future Sight/Trick | Dusknoir Lv50 (Pressure): Will O Wisp/Shadow Punch/Mean Look/Payback
223,hgss_executive_petrel_petrel_radio_tower,Executive Petrel Petrel (Radio Tower),Trainerclass Executive Petrel,1128,250,0.819,2384,626,1897.6,A,Veteran Brian Rematch 2 (Elo 2204.8),Mira Wayward Cave (Elo 1343.7),Ace Trainer Maya Rematch 1 (7 games),11.75,Koffing Lv50 (Levitate): Tackle/Selfdestruct/Sludge/Smoke Screen | Koffing Lv50 (Levitate): Tackle/Selfdestruct/Sludge/Smoke Screen | Koffing Lv50 (Levitate): Tackle/Selfdestruct/Sludge/Smoke Screen | Weezing Lv50 (Levitate): Tackle/Explosion/Sludge/Smoke Screen | Koffing Lv50 (Levitate): Tackle/Selfdestruct/Sludge/Smoke Screen | Koffing Lv50 (Levitate): Tackle/Smog/Sludge/Smoke Screen
224,hgss_fisherman_kyle_0660,Fisherman Kyle Rematch 3,Trainerclass Fisherman,1127,251,0.818,2439,694,1926.6,A,Leader Wake (Elo 2208.2),Cyclist Kayla Rematch 3 (Elo 1278.9),Ranger Kyler Postgame (7 games),9.85,Seaking Lv50 (Swift Swim): Aqua Ring/Fury Attack/Waterfall/Horn Drill | Qwilfish Lv50 (Poison Point): Pin Missile/Take Down/Aqua Tail/Poison Jab | Seaking Lv50 (Swift Swim): Aqua Ring/Fury Attack/Waterfall/Horn Drill | Kingler Lv50 (Hyper Cutter): Protect/Guillotine/Slam/Brine
225,hgss_pkmn_trainer_lance_lance_rocket_hq_0667,Pokemon Trainer Lance (Rocket HQ),Trainerclass Pkmn Trainer Lance,1127,251,0.818,2452,706,1895.4,A,Elite Four Flint Fight Area (Elo 2283.3),Skier Madison (Elo 1025.2),Kimono Girl Naoko (7 games),6.03,Dragonite Lv50 (Inner Focus): Fly/Twister/Thunder/Hyper Beam
226,rival_pastoria_city_piplup,Rival Pastoria City Torterra,Rival,1124,254,0.816,2447,709,1907.3,A,Rocket Boss Giovanni (Elo 2198.8),Hiker Theodore Rematch 2 (Elo 1373.3),Ace Trainer Shannon Rematch (7 games),9.92,Staravia Lv50 (Intimidate): Wing Attack/Quick Attack/Endeavor/Double Team | Buizel Lv50 (Swift Swim): Aqua Jet/Quick Attack/Pursuit/Growl | Ponyta Lv50 (Run Away): Ember/Stomp/Tail Whip/Growl | Grotle Lv50 (Overgrow): Razor Leaf/Bite/Mega Drain/Withdraw
227,hgss_ace_trainer_f_megan_0115,Ace Trainer Megan,Trainerclass Ace Trainer F,1123,255,0.815,2415,676,1896.5,A,Leader Wake (Elo 2208.2),Jogger Scott (Elo 1074.7),Psychic Desiree (7 games),8.98,Bulbasaur Lv50 (Overgrow): Growl/Leech Seed/Take Down/Razor Leaf | Ivysaur Lv50 (Overgrow): Giga Drain/Leech Seed/Poison Powder/Petal Dance | Venusaur Lv50 (Overgrow): Petal Dance/Sleep Powder/Double Edge/Leech Seed
228,hgss_kimono_girl_naoko_0160,Kimono Girl Naoko,Trainerclass Kimono Girl,1119,259,0.812,2414,692,1907.8,A,Elite Four Bruno (Elo 2310.7),Maid Sophie (Elo 897.0),Psychic Corbin Postgame (7 games),3.6,Espeon Lv50 (Synchronize): Last Resort/Psychic/Psych Up/Swift
229,psychic_kendra,Psychic Kendra,Psychic Female,1116,262,0.81,2425,716,1919.4,A,Veteran Brenden (Elo 2183.5),Ninja Boy Bruce (Elo 1129.8),Black Belt Eddie (7 games),6.58,Chimecho Lv50 (Levitate): Extrasensory/Shadow Ball/Energy Ball/Charge Beam | Haunter Lv50 (Levitate): Shadow Punch/Dark Pulse/Confuse Ray/Toxic | Gengar Lv50 (Levitate): Shadow Ball/Dark Pulse/Frustration/Sludge Bomb
230,hgss_firebreather_otis_0015,Firebreather Otis,Trainerclass Firebreather,1116,262,0.81,2442,738,1854.7,A,Veteran Brian Rematch 2 (Elo 2204.8),Pi Carlos (Elo 1219.8),School Kid Billy Rematch 3 (7 games),6.4,Magmar Lv50 (Flame Body): Confuse Ray/Fire Punch/Lava Plume/Flamethrower | Weezing Lv50 (Levitate): Sludge/Haze/Double Hit/Explosion | Camerupt Lv50 (Magma Armor): Amnesia/Lava Plume/Rock Slide/Earth Power
231,hiker_theodore_rematch_3,Hiker Theodore Rematch 3,Hiker,1114,264,0.808,2377,685,1918.3,A,Leader Lt. Surge (Elo 2177.2),Sailor Parker (Elo 1313.3),Cameraman Tevin Rematch 3 (7 games),6.25,Camerupt Lv50 (Magma Armor): Lava Plume/Rock Slide/Earth Power/Earthquake | Steelix Lv50 (Rock Head): Iron Tail/Crunch/Double Edge/Stone Edge | Donphan Lv50 (Sturdy): Assurance/Scary Face/Earthquake/Giga Impact
232,breeder_jennifer_rematch_3,Breeder Jennifer Rematch 3,Breeder Female,1113,265,0.808,2436,736,1891.4,A,Ace Trainer Clarice (Elo 2136.7),Reporter Kinsey (Elo 1259.1),Ace Trainer Arthur (7 games),11.3,Roserade Lv50 (Natural Cure): Poison Sting/Mega Drain/Magical Leaf/Sweet Scent | Mr Mime Lv50 (Soundproof): Psychic/Role Play/Baton Pass/Safeguard | Clefable Lv50 (Cute Charm): Sing/Double Slap/Minimize/Metronome | Espeon Lv50 (Synchronize): Swift/Psybeam/Future Sight/Last Resort
233,double_team_al_and_kay,Double Team Al And Kay,Double Team,1112,266,0.807,2415,718,1905.5,A,Leader Gardenia Rematch (Elo 2216.7),Psychic Greg (Elo 1206.4),Ace Trainer Felix Postgame (7 games),3.01,Staraptor Lv50 (Intimidate): Close Combat/Brave Bird/Growl/Quick Attack | Ambipom Lv50 (Technician): Double Hit/Aerial Ace/Shock Wave/Water Pulse
234,hgss_fisherman_tully_0514,Fisherman Tully Rematch 3,Trainerclass Fisherman,1106,272,0.803,2384,721,1922.5,A,Elite Four Flint Rematch (Elo 2390.2),Biker Theron (Elo 1200.5),Ranger Taylor Rematch 1 (7 games),8.94,Seaking Lv50 (Swift Swim): Water Pulse/Rain Dance/Waterfall/Aqua Ring | Seaking Lv50 (Swift Swim): Water Pulse/Rain Dance/Waterfall/Megahorn | Qwilfish Lv50 (Poison Point): Rollout/Surf/Aqua Tail/Minimize
235,cameraman_tevin_rematch_2,Cameraman Tevin Rematch 2,Cameraman,1106,272,0.803,2430,760,1880.3,A,Rival Silver Meganium (Goldenrod) (Elo 2162.6),Aroma Lady Elizabeth (Elo 1288.5),Commander Mars Lake Verity (7 games),10.68,Magnemite Lv50 (Magnet Pull): Lock On/Magnet Bomb/Screech/Discharge | Magneton Lv50 (Magnet Pull): Lock On/Magnet Bomb/Screech/Discharge | Mr Mime Lv50 (Soundproof): Recycle/Trick/Psychic/Role Play | Machoke Lv50 (Guts): Submission/Wake Up Slap/Cross Chop/Scary Face
236,hgss_biker_aiden_0630,Biker Aiden Rematch 3,Trainerclass Biker,1104,274,0.801,2431,774,1896.1,A,Ace Trainer Reena Rematch 2 (Elo 2143.4),Hiker Parry Rematch 1 (Elo 1144.4),Ace Trainer Micah (7 games),8.42,Tentacruel Lv50 (Clear Body): Poison Jab/Screech/Hydro Pump/Wring Out | Hypno Lv50 (Insomnia): Psych Up/Swagger/Psychic/Nasty Plot | Tentacruel Lv50 (Clear Body): Poison Jab/Screech/Hydro Pump/Wring Out
237,hgss_psychic_m_herman_0316,Psychic Herman,Trainerclass Psychic M,1103,275,0.8,2378,730,1862.7,A,Ace Trainer Shaye (Elo 2129.9),Guitarist Arturo Rematch 4 (Elo 1004.3),Ace Trainer Ernest (7 games),7.98,Exeggcute Lv50 (Chlorophyll): Psychic/Hypnosis/Barrage/Dream Eater | Exeggcute Lv50 (Chlorophyll): Psychic/Hypnosis/Barrage/Dream Eater | Exeggutor Lv50 (Chlorophyll): Psychic/Hypnosis/Wood Hammer/Dream Eater
238,ranger_ashlee_rematch_postgame,Ranger Ashlee Rematch Postgame,Ranger Female,1101,277,0.799,2404,762,1905.2,A,Rival Canalave City Torterra (Elo 2226.6),Medium Edith (Elo 1134.8),Fisherman Murphy (7 games),7.76,Linoone Lv50 (Pickup): Slash/Rest/Belly Drum/Fling | Butterfree Lv50 (Compound Eyes): Tailwind/Safeguard/Captivate/Bug Buzz | Arbok Lv50 (Intimidate): Mud Bomb/Gastro Acid/Haze/Gunk Shot
239,ace_trainer_brandi,Ace Trainer Brandi,Ace Trainer Female,1101,277,0.799,2420,777,1891.3,A,Rival Silver Feraligatr (Goldenrod) (Elo 2183.4),Swimmer Vanessa (Elo 1301.9),Ace Trainer Dalton Rematch (7 games),6.32,Marowak Lv50 (Rock Head): Bone Rush/Stone Edge/Swords Dance/Endeavor | Kangaskhan Lv50 (Early Bird): Dizzy Punch/Crunch/Outrage/Earthquake
240,ace_trainer_meagan_postgame,Ace Trainer Meagan Postgame,Ace Trainer Female,1100,278,0.798,2388,744,1862.9,A,Ace Trainer Rodolfo Rematch Postgame (Elo 2144.2),Hiker Parry Rematch 1 (Elo 1144.4),Hiker Theodore Rematch 3 (7 games),5.51,Delcatty Lv50 (Cute Charm): Fake Out/Captivate/Faint Attack/Double Edge | Abomasnow Lv50 (Snow Warning): Ice Shard/Avalanche/Razor Leaf/Water Pulse
241,parasol_lady_alexa_rematch_2,Parasol Lady Alexa Rematch 2,Parasol Lady,1099,279,0.798,2390,759,1865.3,A,Leader Volkner Fight Area (Elo 2227.5),Socialite Reina Rematch 1 (Elo 1228.8),Ace Trainer Henry (7 games),6.93,Hippowdon Lv50 (Sand Stream): Take Down/Sand Tomb/Crunch/Earthquake | Bibarel Lv50 (Simple): Hyper Fang/Yawn/Amnesia/Take Down | Seaking Lv50 (Swift Swim): Flail/Aqua Ring/Fury Attack/Waterfall
242,ranger_deshawn_postgame,Ranger Deshawn Postgame,Ranger Male,1098,280,0.797,2392,766,1863.5,A,Leader Sabrina (Elo 2199.7),Hiker Louis (Elo 1125.1),Hiker Kenny Rematch 1 (7 games),7.54,Spinda Lv50 (Own Tempo): Teeter Dance/Psych Up/Double Edge/Flail | Kecleon Lv50 (Color Change): Screech/Substitute/Sucker Punch/Shadow Claw | Granbull Lv50 (Intimidate): Roar/Rage/Take Down/Payback
243,psychic_brittney_rematch,Psychic Brittney Rematch,Psychic Female,1095,283,0.795,2432,811,1850.6,A,Leader Sabrina (Elo 2199.7),Collector Edwin (Elo 897.8),Youngster Dallas Rematch 2 (7 games),8.1,Hypno Lv50 (Insomnia): Hypnosis/Psychic/Shadow Ball/Dream Eater | Alakazam Lv50 (Synchronize): Recover/Psychic/Calm Mind/Shadow Ball
244,rival_route_209_turtwig,Rival Route 209 Infernape,Rival,1094,284,0.794,2375,759,1884.7,A,Veteran Terrell (Elo 2129.2),Scientist Emilio (Elo 1302.1),Ace Trainer Jamie Rematch 1 (7 games),10.24,Staravia Lv50 (Intimidate): Wing Attack/Quick Attack/Endeavor/Double Team | Buizel Lv50 (Swift Swim): Water Gun/Quick Attack/Pursuit/Growl | Roselia Lv50 (Natural Cure): Mega Drain/Poison Sting/Leech Seed/Stun Spore | Monferno Lv50 (Blaze): Flame Wheel/Mach Punch/Fury Swipes/Leer
245,hgss_double_team_zac_jen_0546,Double Team Zac & Jen,Trainerclass Double Team,1094,284,0.794,2333,705,1882.6,A,Elite Four Flint Fight Area (Elo 2283.3),Hiker Noland (Elo 1284.2),Rival Pastoria City Infernape (7 games),3.43,Electabuzz Lv50 (Static): Discharge/Quick Attack/Thunderbolt/Low Kick | Dugtrio Lv50 (Arena Trap): Dig/Mud Bomb/Growl/Night Slash
246,sailor_marc_rematch_2,Sailor Marc Rematch 2,Sailor,1092,286,0.792,2412,793,1889.9,A,Ace Trainer Reena Rematch 3 (Elo 2188.4),Lass Samantha Rematch 2 (Elo 1298.7),Ranger Allison (7 games),12.31,Mantine Lv50 (Swift Swim): Confuse Ray/Bounce/Aqua Ring/Hydro Pump | Machoke Lv50 (Guts): Wake Up Slap/Cross Chop/Scary Face/Dynamic Punch | Lanturn Lv50 (Volt Absorb): Discharge/Aqua Ring/Hydro Pump/Charge
247,ranger_taylor_rematch_2,Ranger Taylor Rematch 2,Ranger Male,1091,287,0.792,2362,754,1878.2,A,Galactic Boss Cyrus Celestic Town Ruins (Elo 2143.2),Hiker Edwin (Elo 1347.7),Scientist Gregg (7 games),5.8,Carnivine Lv50 (Levitate): Spit Up/Swallow/Crunch/Wring Out | Luxray Lv50 (Rivalry): Roar/Swagger/Thunder Fang/Crunch
248,swimmer_wesley_rematch,Swimmer Wesley Rematch,Swimmer Male,1091,287,0.792,2428,821,1824.7,A-,Ranger Taylor Rematch 3 (Elo 2132.5),School Kid Tiera (Elo 1287.0),Ace Trainer Jamie (7 games),7.73,Qwilfish Lv50 (Poison Point): Aqua Tail/Poison Jab/Destiny Bond/Hydro Pump | Floatzel Lv50 (Swift Swim): Crunch/Agility/Whirlpool/Razor Wind | Tentacruel Lv50 (Clear Body): Poison Jab/Screech/Hydro Pump/Wring Out
249,dragon_tamer_geoffrey_postgame,Dragon Tamer Geoffrey Postgame,Dragon Tamer,1090,288,0.791,2380,782,1876.1,A,Ace Trainer Monique Postgame (Elo 2186.7),Skier Bjorn (Elo 1283.3),Ranger Allison Rematch 3 (7 games),6.77,Gabite Lv50 (Sand Veil): Slash/Dragon Claw/Dig/Dragon Rush | Altaria Lv50 (Natural Cure): Dragon Breath/Dragon Dance/Refresh/Dragon Pulse
250,ace_trainer_keenan_postgame,Ace Trainer Keenan Postgame,Ace Trainer Male,1090,288,0.791,2411,804,1873.9,A,Galactic Boss Cyrus Galactic Hq (Elo 2176.3),Picnicker Gina (Elo 1137.7),Ace Trainer Alicia (7 games),6.92,Primeape Lv50 (Vital Spirit): Swagger/Cross Chop/Thrash/Punishment | Electabuzz Lv50 (Static): Discharge/Thunderbolt/Screech/Thunder | Banette Lv50 (Insomnia): Sucker Punch/Embargo/Snatch/Grudge
251,hgss_hiker_kenny_0654,Hiker Kenny Rematch 3,Trainerclass Hiker,1089,289,0.79,2363,757,1865.4,A,Elite Four Koga Rematch (Elo 2345.7),Beauty Harley (Elo 1009.1),Swimmer Francisco Rematch (7 games),9.86,Sandslash Lv50 (Sand Veil): Fury Cutter/Sand Tomb/Slash/Gyro Ball | Graveler Lv50 (Rock Head): Rock Blast/Earthquake/Explosion/Double Edge | Golem Lv50 (Rock Head): Earthquake/Explosion/Double Edge/Stone Edge | Steelix Lv50 (Rock Head): Iron Tail/Crunch/Double Edge/Stone Edge
252,hgss_psychic_m_jared_0415,Psychic Jared,Trainerclass Psychic M,1088,290,0.79,2357,763,1845.1,A,Elite Four Bruno Rematch (Elo 2340.1),Guitarist Arturo (Elo 965.9),Picnicker Tanya (7 games),8.0,Mr Mime Lv50 (Filter): Skill Swap/Psychic/Reflect/Light Screen | Exeggcute Lv50 (Chlorophyll): Skill Swap/Psychic/Sleep Powder/Leech Seed | Exeggcute Lv50 (Chlorophyll): Skill Swap/Psychic/Hypnosis/Grass Knot
253,ace_trainer_jamie,Ace Trainer Jamie,Ace Trainer Female,1087,291,0.789,2408,811,1887.2,A,Rocket Boss Giovanni (Elo 2198.8),Firebreather Richard (Elo 1062.1),Biker Aiden Rematch 2 (7 games),3.95,Metagross Lv50 (Clear Body): Meteor Mash/Hammer Arm/Psychic/Magnet Rise
254,hgss_lass_alice_0183,Lass Alice,Trainerclass Lass,1086,292,0.788,2352,753,1853.5,A,Ranger Taylor Rematch 3 (Elo 2132.5),Scientist Emilio (Elo 1302.1),Camper Barry (7 games),8.58,Gloom Lv50 (Chlorophyll): Toxic/Sludge Bomb/Sweet Scent/Drain Punch | Arbok Lv50 (Intimidate): Poison Jab/Screech/Crunch/Mud Bomb | Vileplume Lv50 (Chlorophyll): Toxic/Sludge Bomb/Attract/Drain Punch
255,hgss_poke_maniac_brent_0173,Poke Maniac Brent Rematch 2,Trainerclass Poke Maniac,1083,295,0.786,2397,823,1866.4,A,Galactic Boss Cyrus Galactic Hq (Elo 2176.3),Hiker Noland (Elo 1284.2),Rival Silver Quilava (Burned Tower) (7 games),9.87,Gyarados Lv50 (Intimidate): Ice Fang/Aqua Tail/Rain Dance/Hydro Pump | Lickitung Lv50 (Own Tempo): Disable/Slam/Rollout/Me First | Nidorina Lv50 (Poison Point): Bite/Helping Hand/Toxic Spikes/Flatter | Nidorino Lv50 (Poison Point): Helping Hand/Toxic Spikes/Flatter/Poison Jab
256,hgss_juggler_fritz_0242,Juggler Fritz,Trainerclass Juggler,1083,295,0.786,2426,853,1854.7,A,Commander Saturn Galactic Hq (Elo 2130.0),Black Belt Philip Rematch (Elo 1284.9),Ace Trainer Lois (7 games),9.48,Mr Mime Lv50 (Filter): Substitute/Psychic/Encore/Double Slap | Magmar Lv50 (Flame Body): Lava Plume/Fire Punch/Confuse Ray/Faint Attack | Machoke Lv50 (No Guard): Focus Energy/Karate Chop/Seismic Toss/Revenge
257,hgss_psychic_m_eli_0412,Psychic Eli,Trainerclass Psychic M,1082,296,0.785,2337,761,1874.1,A,Dragon Tamer Geoffrey Rematch Postgame (Elo 2072.8),Lass Molly (Elo 1156.4),Camper Sid (7 games),9.15,Starmie Lv50 (Illuminate): Rapid Spin/Recover/Swift/Confuse Ray | Exeggcute Lv50 (Chlorophyll): Stun Spore/Poison Powder/Sleep Powder/Confusion | Girafarig Lv50 (Inner Focus): Psybeam/Baton Pass/Assurance/Double Hit
258,dragon_tamer_darien,Dragon Tamer Darien,Dragon Tamer,1077,301,0.782,2424,877,1849.5,A,Elite Four Flint Rematch (Elo 2390.2),Medium Edith (Elo 1134.8),Rival Pastoria City Infernape (7 games),4.17,Dragonite Lv50 (Inner Focus): Dragon Rush/Safeguard/Dragon Dance/Wing Attack
259,hgss_camper_sid_0150,Camper Sid,Trainerclass Camper,1076,302,0.781,2351,803,1851.2,A,Leader Wake (Elo 2208.2),School Kid Mackenzie (Elo 1330.4),Psychic Eli (7 games),7.0,Dugtrio Lv50 (Sand Veil): Sand Tomb/Earth Power/Mud Bomb/Slash | Primeape Lv50 (Anger Point): Screech/Assurance/Rage/Swagger | Poliwrath Lv50 (Damp): Bubble Beam/Hypnosis/Double Slap/Submission
260,ace_trainer_henry,Ace Trainer Henry,Ace Trainer Male,1075,303,0.78,2348,802,1844.7,A,Leader Volkner Fight Area (Elo 2227.5),Tuber Holly (Elo 1016.9),Parasol Lady Alexa Rematch 2 (7 games),4.32,Rhydon Lv50 (Lightning Rod): Stone Edge/Earthquake/Hammer Arm/Take Down | Carnivine Lv50 (Levitate): Wring Out/Crunch/Faint Attack/Ingrain
261,psychic_bryce,Psychic Bryce,Psychic Male,1075,303,0.78,2370,830,1816.4,A-,Ace Trainer Reena Rematch 3 (Elo 2188.4),Youngster Joey Rematch 1 (Elo 953.7),Fisherman Kyle Rematch 2 (7 games),8.03,Haunter Lv50 (Levitate): Shadow Punch/Payback/Shadow Ball/Dream Eater | Gardevoir Lv50 (Synchronize): Calm Mind/Psychic/Imprison/Future Sight | Gengar Lv50 (Levitate): Payback/Shadow Ball/Dream Eater/Dark Pulse
262,hgss_ace_trainer_f_joyce_0036,Ace Trainer Joyce,Trainerclass Ace Trainer F,1074,304,0.779,2346,803,1877.3,A,Ace Trainer Reena Rematch 3 (Elo 2188.4),Aroma Lady Angela (Elo 1126.7),Biker Ernest Rematch 3 (7 games),7.63,Pikachu Lv50 (Static): Quick Attack/Double Team/Thunderbolt/Thunder Wave | Blastoise Lv50 (Torrent): Bite/Aqua Tail/Surf/Rain Dance
263,hgss_picnicker_liz_0515,Picnicker Liz Rematch 3,Trainerclass Picnicker,1074,304,0.779,2340,801,1865.8,A,Leader Lt. Surge (Elo 2177.2),Medium Ethel (Elo 1137.0),Mystery Man Eusine (7 games),7.71,Victreebel Lv50 (Chlorophyll): Sweet Scent/Razor Leaf/Leaf Storm/Leaf Blade | Nidoking Lv50 (Poison Point): Poison Sting/Thrash/Earth Power/Megahorn | Nidoqueen Lv50 (Rivalry): Poison Sting/Body Slam/Earth Power/Superpower
264,breeder_albert_rematch_2,Breeder Albert Rematch 2,Breeder Male,1072,306,0.778,2347,814,1856.5,A,Galactic Boss Cyrus Celestic Town Ruins (Elo 2143.2),Picnicker Adrian (Elo 1194.6),Kimono Girl Kuni (7 games),10.84,Roselia Lv50 (Natural Cure): Sweet Scent/Ingrain/Toxic/Petal Dance | Sudowoodo Lv50 (Sturdy): Rock Tomb/Rock Slide/Slam/Sucker Punch | Pikachu Lv50 (Static): Feint/Agility/Discharge/Light Screen | Umbreon Lv50 (Synchronize): Pursuit/Quick Attack/Confuse Ray/Faint Attack
265,swimmer_sheltin,Swimmer Sheltin,Swimmer Male,1072,306,0.778,2358,819,1827.5,A-,Ace Trainer Moira Postgame (Elo 2082.7),Pokefan Derek (Elo 809.9),Psychic Mitchell Rematch 2 (7 games),11.23,Gyarados Lv50 (Intimidate): Dragon Rage/Leer/Twister/Ice Fang | Gyarados Lv50 (Intimidate): Dragon Rage/Leer/Twister/Ice Fang | Gyarados Lv50 (Intimidate): Dragon Rage/Leer/Twister/Ice Fang
266,hgss_picnicker_erin_0600,Picnicker Erin Rematch 3,Trainerclass Picnicker,1071,307,0.777,2396,864,1862.2,A,Leader Byron (Elo 2162.5),Team Rocket Grunt Underground 7 (Elo 1309.6),Ace Trainer Dennis Rematch 1 (7 games),10.65,Cherrim Lv50 (Flower Gift): Sunny Day/Petal Dance/Worry Seed/Take Down | Sunflora Lv50 (Solar Power): Petal Dance/Sunny Day/Solar Beam/Leaf Storm | Bellossom Lv50 (Chlorophyll): Sweet Scent/Stun Spore/Sunny Day/Magical Leaf | Rapidash Lv50 (Flash Fire): Agility/Fire Blast/Fury Attack/Bounce
267,bug_catcher_brandon_rematch_3,Bug Catcher Brandon Rematch 3,Bug Catcher,1070,308,0.776,2375,855,1859.8,A,Ace Trainer Natasha Postgame (Elo 2124.7),Cyclist James (Elo 1188.7),Black Belt Lao (7 games),9.37,Dustox Lv50 (Shield Dust): Light Screen/Silver Wind/Toxic/Bug Buzz | Kricketune Lv50 (Swarm): Taunt/Night Slash/Bug Buzz/Perish Song | Scizor Lv50 (Swarm): X Scissor/Night Slash/Double Hit/Iron Head
268,ace_trainer_deanna_postgame,Ace Trainer Deanna Postgame,Ace Trainer Female,1066,312,0.774,2334,830,1836.8,A,Leader Erika (Elo 2094.6),Pi Carlos (Elo 1219.8),Biker Dan (7 games),7.02,Flaaffy Lv50 (Static): Discharge/Power Gem/Signal Beam/Light Screen | Tropius Lv50 (Chlorophyll): Solar Beam/Air Slash/Synthesis/Sunny Day
269,ace_trainer_olivia,Ace Trainer Olivia,Ace Trainer Snow Female,1065,313,0.773,2325,822,1853.6,A,Ace Trainer Moira Rematch Postgame (Elo 2081.5),Cyclist Kayla Rematch 3 (Elo 1278.9),Leader Pryce (7 games),7.27,Kirlia Lv50 (Synchronize): Future Sight/Psychic/Magical Leaf/Lucky Chant | Seaking Lv50 (Swift Swim): Waterfall/Poison Jab/Supersonic/Aqua Ring | Buneary Lv50 (Run Away): Dizzy Punch/Quick Attack/Jump Kick/Shadow Ball
270,hgss_school_kid_m_tommy_0328,School Kid Tommy,Trainerclass School Kid M,1065,313,0.773,2412,912,1834.8,A-,Leader Blaine (Elo 2179.9),Pokefan Derek Rematch 1 (Elo 1182.3),Ninja Boy Zach Rematch 3 (7 games),8.97,Xatu Lv50 (Synchronize): Confuse Ray/Night Shade/Fly/Psychic | Alakazam Lv50 (Inner Focus): Psychic/Calm Mind/Reflect/Focus Blast
271,hgss_young_couple_tim_sue_0651,Young Couple Tim & Sue Rematch 3,Trainerclass Young Couple,1062,316,0.771,2381,896,1781.4,A-,Ace Trainer Reena Rematch 2 (Elo 2143.4),Ninja Boy Bruce (Elo 1129.8),Camper Tanner Rematch 3 (7 games),4.18,Alakazam Lv50 (Synchronize): Psychic/Calm Mind/Reflect/Recover | Golduck Lv50 (Damp): Hydro Pump/Amnesia/Aqua Jet/Blizzard
272,rival_route_209_piplup,Rival Route 209 Torterra,Rival,1061,317,0.77,2346,856,1839.1,A,Ace Trainer Mariah (Elo 2104.4),Gentleman Jeremy Rematch 3 (Elo 1272.4),Biker Dan (7 games),10.33,Staravia Lv50 (Intimidate): Wing Attack/Quick Attack/Endeavor/Double Team | Buizel Lv50 (Swift Swim): Water Gun/Quick Attack/Pursuit/Growl | Ponyta Lv50 (Run Away): Ember/Tackle/Tail Whip/Growl | Grotle Lv50 (Overgrow): Razor Leaf/Tackle/Absorb/Withdraw
273,hgss_mystery_man_eusine_0495,Mystery Man Eusine,Trainerclass Mystery Man,1061,317,0.77,2381,885,1835.5,A,Leader Falkner Rematch (Elo 2314.3),Worker Braden (Elo 1319.7),Ace Trainer Shannon Rematch (7 games),11.38,Drowzee Lv50 (Insomnia): Dream Eater/Hypnosis/Disable/Confusion | Haunter Lv50 (Levitate): Lick/Hypnosis/Mean Look/Curse | Electrode Lv50 (Static): Screech/Sonic Boom/Thunder/Rollout
274,hgss_biker_glenn_0315,Biker Glenn,Trainerclass Biker,1059,319,0.769,2377,900,1863.9,A,Veteran Brian Rematch 2 (Elo 2204.8),Scientist Stefano (Elo 1134.9),Swimmer Oscar (7 games),6.57,Koffing Lv50 (Levitate): Sludge/Haze/Gyro Ball/Explosion | Magmar Lv50 (Flame Body): Confuse Ray/Fire Punch/Lava Plume/Flamethrower | Weezing Lv50 (Levitate): Sludge/Haze/Double Hit/Explosion
275,hgss_rival_silver_bayleef_burned_tower,Rival Silver Bayleef (Burned Tower),Trainerclass Rival,1058,320,0.768,2318,841,1848.2,A,Ace Trainer Shaye (Elo 2129.9),Cowgirl Shelley (Elo 1192.9),Double Team Elan & Ida (7 games),11.43,Gastly Lv50 (Levitate): Lick/Confuse Ray/Mean Look/Curse | Magnemite Lv50 (Magnet Pull): Thunder Wave/Thunder Shock/Supersonic/Sonic Boom | Zubat Lv50 (Inner Focus): Astonish/Supersonic/Bite/Wing Attack | Bayleef Lv50 (Overgrow): Synthesis/Reflect/Magical Leaf/Poison Powder
276,picnicker_karina_rematch_3,Picnicker Karina Rematch 3,Picnicker,1058,320,0.768,2379,899,1835.2,A,Leader Blaine (Elo 2179.9),Rich Boy Jason (Elo 1093.5),Cameraman Tevin Rematch 3 (7 games),4.56,Empoleon Lv50 (Torrent): Hydro Pump/Drill Peck/Metal Claw/Aqua Jet
277,hgss_kimono_girl_kuni_0163,Kimono Girl Kuni,Trainerclass Kimono Girl,1058,320,0.768,2340,861,1792.2,A-,Leader Byron (Elo 2162.5),Black Belt Kendal (Elo 1157.8),Breeder Albert Rematch 2 (7 games),4.47,Vaporeon Lv50 (Water Absorb): Last Resort/Surf/Quick Attack/Aurora Beam
278,ace_trainer_dennis,Ace Trainer Dennis,Ace Trainer Male,1057,321,0.767,2339,863,1817.1,A-,Ace Trainer Reena Rematch 2 (Elo 2143.4),Aroma Lady Alison (Elo 1255.6),Ace Trainer Meagan Postgame (7 games),10.01,Gligar Lv50 (Hyper Cutter): Screech/Faint Attack/Quick Attack/Poison Sting | Buizel Lv50 (Swift Swim): Aqua Jet/Swift/Pursuit/Quick Attack | Drifblim Lv50 (Aftermath): Swallow/Gust/Stockpile/Ominous Wind
279,hgss_lass_dana_0525,Lass Dana Rematch 3,Trainerclass Lass,1056,322,0.766,2351,890,1835.1,A,Veteran Brian Rematch 2 (Elo 2204.8),Black Belt Yoshi (Elo 1176.4),Aroma Lady Elizabeth Rematch 3 (7 games),8.91,Golduck Lv50 (Damp): Water Pulse/Amnesia/Confusion/Screech | Ampharos Lv50 (Static): Thunder/Discharge/Thunder Wave/Signal Beam
280,hgss_lass_linda_0136,Lass Linda,Trainerclass Lass,1056,322,0.766,2315,852,1823.0,A-,Ace Trainer Carol (Elo 2155.8),Scientist Stefano (Elo 1134.9),Ace Trainer Reena Rematch 1 (7 games),7.97,Bulbasaur Lv50 (Overgrow): Toxic/Sludge Bomb/Leech Seed/Double Edge | Ivysaur Lv50 (Overgrow): Toxic/Sludge Bomb/Leech Seed/Double Edge | Venusaur Lv50 (Overgrow): Toxic/Sludge Bomb/Leech Seed/Double Edge
281,ace_trainer_alyssa,Ace Trainer Alyssa,Ace Trainer Female,1055,323,0.766,2274,813,1855.6,A,Ace Trainer Reena Rematch 2 (Elo 2143.4),Bug Catcher Dane (Elo 1359.4),Ranger Taylor Rematch 2 (7 games),8.31,Aipom Lv50 (Run Away): Swift/Water Pulse/Shock Wave/Aerial Ace | Girafarig Lv50 (Inner Focus): Double Hit/Psybeam/Assurance/Light Screen | Grotle Lv50 (Overgrow): Mega Drain/Bite/Curse
282,swimmer_francisco_rematch,Swimmer Francisco Rematch,Swimmer Male,1055,323,0.766,2329,869,1825.8,A-,Commander Mars Stark Mountain (Elo 2147.3),Black Belt Yoshi (Elo 1176.4),Hiker Erik (7 games),12.08,Golduck Lv50 (Damp): Screech/Psych Up/Zen Headbutt/Amnesia | Relicanth Lv50 (Swift Swim): Mud Sport/Ancient Power/Double Edge/Dive | Tentacruel Lv50 (Clear Body): Poison Jab/Screech/Hydro Pump/Wring Out
283,hgss_swimmer_m_ronald_0098,Swimmer Ronald,Trainerclass Swimmer M,1054,324,0.765,2277,816,1836.0,A,Ace Trainer Moira Rematch Postgame (Elo 2081.5),Hiker Louis (Elo 1125.1),Hiker Noland (7 games),6.68,Gyarados Lv50 (Intimidate): Thrash/Bite | Gyarados Lv50 (Intimidate): Thrash/Bite
284,hgss_biker_joel_0314,Biker Joel,Trainerclass Biker,1053,325,0.764,2341,893,1810.3,A-,Leader Lt. Surge (Elo 2177.2),Hiker Reginald (Elo 1268.4),Ace Trainer Emma (7 games),6.05,Magmar Lv50 (Flame Body): Confuse Ray/Fire Punch/Lava Plume/Flamethrower | Magmar Lv50 (Flame Body): Confuse Ray/Fire Punch/Lava Plume/Flamethrower
285,ruin_maniac_harry_rematch_2,Ruin Maniac Harry Rematch 2,Ruin Maniac,1051,327,0.763,2316,868,1797.3,A-,Ace Trainer Moira Postgame (Elo 2082.7),Hiker Parry Rematch 1 (Elo 1144.4),Ace Trainer Jamie Rematch 3 (7 games),14.23,Bastiodon Lv50 (Sturdy): Ancient Power/Block/Endure/Metal Burst | Rampardos Lv50 (Mold Breaker): Ancient Power/Endeavor/Zen Headbutt/Screech | Bronzong Lv50 (Levitate): Block/Gyro Ball/Future Sight/Faint Attack
286,ranger_allison_rematch_1,Ranger Allison Rematch 1,Ranger Female,1051,327,0.763,2290,839,1795.0,A-,Leader Wake (Elo 2208.2),Picnicker Hope (Elo 1233.6),School Kid Joe (7 games),8.53,Azumarill Lv50 (Thick Fat): Rollout/Bubble Beam/Aqua Ring/Double Edge | Leafeon Lv50 (Leaf Guard): Sand Attack/Razor Leaf/Quick Attack/Synthesis
287,ranger_allison_rematch_3,Ranger Allison Rematch 3,Ranger Female,1050,328,0.762,2373,929,1835.9,A,Leader Brock Rematch (Elo 2284.4),Scientist Stefano (Elo 1134.9),Biker Reese Rematch 3 (7 games),8.49,Azumarill Lv50 (Thick Fat): Double Edge/Rain Dance/Aqua Tail/Hydro Pump | Leafeon Lv50 (Leaf Guard): Magical Leaf/Giga Drain/Last Resort/Grass Whistle
288,hgss_poke_maniac_brent_0527,Poke Maniac Brent Rematch 3,Trainerclass Poke Maniac,1050,328,0.762,2313,868,1796.0,A-,Ace Trainer Olivia Rematch (Elo 2116.2),Lass Molly (Elo 1156.4),Ruin Maniac Harry (7 games),14.27,Gyarados Lv50 (Intimidate): Rain Dance/Hydro Pump/Dragon Dance/Hyper Beam | Lickitung Lv50 (Own Tempo): Disable/Slam/Rollout/Me First | Nidoqueen Lv50 (Poison Point): Poison Sting/Body Slam/Earth Power/Superpower | Nidoking Lv50 (Poison Point): Poison Sting/Thrash/Earth Power/Megahorn
289,hgss_ace_trainer_m_arabella_0673,Ace Trainer Arabella,Trainerclass Ace Trainer M,1049,329,0.761,2352,917,1800.4,A-,Ranger Taylor Rematch 3 (Elo 2132.5),Picnicker Tiffany Rematch 2 (Elo 1231.7),Psychic Maxwell (7 games),7.93,Stantler Lv50 (Intimidate): Zen Headbutt/Return/Me First/Trick Room | Tauros Lv50 (Intimidate): Take Down/Thunder/Surf/Fire Blast
290,hgss_biker_jacob_0570,Biker Jacob,Trainerclass Biker,1047,331,0.76,2345,915,1814.4,A-,Leader Gardenia Rematch (Elo 2216.7),Poke Maniac Zach (Elo 1087.2),Psychic Sterling Postgame (7 games),6.59,Magmar Lv50 (Flame Body): Confuse Ray/Fire Punch/Lava Plume/Flamethrower | Tentacruel Lv50 (Liquid Ooze): Barrier/Water Pulse/Poison Jab/Screech
291,hgss_ace_trainer_m_paulo_0110,Ace Trainer Paulo,Trainerclass Ace Trainer M,1043,335,0.757,2302,899,1831.9,A-,Veteran Terrell (Elo 2129.2),Boarder Deandre (Elo 1314.2),Fisherman Luc (7 games),7.56,Dratini Lv50 (Shed Skin): Slam/Agility/Aqua Tail/Dragon Rush | Seadra Lv50 (Sniper): Bubble Beam/Agility/Twister/Brine | Dratini Lv50 (Shed Skin): Slam/Agility/Aqua Tail/Dragon Rush
292,hgss_fisherman_gideon_0588,Fisherman Gideon,Trainerclass Fisherman,1043,335,0.757,2312,898,1796.3,A-,Swimmer Lori (Elo 2062.2),Artist Ismael (Elo 1117.9),Twins Teri And Tia Rematch 2 (7 games),7.76,Lanturn Lv50 (Volt Absorb): Discharge/Signal Beam/Bubble Beam/Confuse Ray | Mantine Lv50 (Swift Swim): Water Pulse/Wing Attack/Psybeam/Confuse Ray
293,camper_zackary_rematch_3,Camper Zackary Rematch 3,Camper,1042,336,0.756,2322,909,1822.0,A-,Leader Roark Rematch (Elo 2338.4),Scientist Stefano (Elo 1134.9),Ace Trainer Blake (7 games),4.97,Ambipom Lv50 (Technician): Baton Pass/Swift/Nasty Plot/Water Pulse | Bibarel Lv50 (Simple): Thunderbolt/Ice Beam/Surf/Shadow Ball
294,hgss_camper_todd_0275,Camper Todd Rematch 2,Trainerclass Camper,1042,336,0.756,2290,877,1809.7,A-,Leader Blaine (Elo 2179.9),Reporter Valerie (Elo 932.2),Fisherman Ralph Rematch 2 (7 games),9.09,Geodude Lv50 (Rock Head): Rock Throw/Magnitude/Selfdestruct/Rollout | Graveler Lv50 (Rock Head): Selfdestruct/Rollout/Rock Blast/Earthquake | Golduck Lv50 (Damp): Confusion/Water Pulse/Fury Swipes/Screech | Slugma Lv50 (Magma Armor): Harden/Recover/Ancient Power/Amnesia
295,dragon_tamer_clinton,Dragon Tamer Clinton,Dragon Tamer,1041,337,0.755,2320,915,1814.4,A-,Leader Volkner (Elo 2321.3),Cyclist Megan (Elo 1114.5),Psychic Valencia (7 games),8.69,Gible Lv50 (Sand Veil): Slash/Dragon Claw/Dig/Dragon Rush | Swablu Lv50 (Natural Cure): Natural Gift/Mirror Move/Refresh/Dragon Pulse | Gabite Lv50 (Sand Veil): Sand Tomb/Slash/Dragon Claw/Dig
296,leader_gardenia,Leader Gardenia,Leader Gardenia,1040,338,0.755,2309,901,1805.2,A-,Elite Four Bertha Rematch (Elo 2354.3),Bug Catcher Arnie Rematch 2 (Elo 1095.2),Ace Trainer Savannah (7 games),11.4,Turtwig Lv50 (Overgrow): Grass Knot/Razor Leaf/Sunny Day/Reflect | Cherrim Lv50 (Flower Gift): Grass Knot/Leech Seed/Magical Leaf/Safeguard | Roserade @ Sitrus Berry Lv50 (Natural Cure): Grass Knot/Magical Leaf/Poison Sting/Stun Spore
297,psychic_abigail_rematch_2,Psychic Abigail Rematch 2,Psychic Female,1040,338,0.755,2285,876,1797.0,A-,Commander Saturn Galactic Hq (Elo 2130.0),Collector Edwin (Elo 897.8),Tuber Jared Rematch 2 (7 games),8.0,Chimecho Lv50 (Levitate): Heal Bell/Safeguard/Extrasensory/Healing Wish | Drifblim Lv50 (Aftermath): Ominous Wind/Baton Pass/Shadow Ball/Explosion | Gardevoir Lv50 (Synchronize): Imprison/Future Sight/Captivate/Hypnosis
298,hgss_fisherman_kyle_0659,Fisherman Kyle Rematch 2,Trainerclass Fisherman,1039,339,0.754,2317,919,1804.1,A-,Veteran Terrell (Elo 2129.2),Biker Theron (Elo 1200.5),Lass Shannon (7 games),10.24,Seaking Lv50 (Swift Swim): Flail/Aqua Ring/Fury Attack/Waterfall | Qwilfish Lv50 (Poison Point): Revenge/Brine/Pin Missile/Take Down | Seaking Lv50 (Swift Swim): Aqua Ring/Fury Attack/Waterfall/Horn Drill | Krabby Lv50 (Hyper Cutter): Protect/Guillotine/Slam/Brine
299,dragon_tamer_ondrej,Dragon Tamer Ondrej,Dragon Tamer,1039,339,0.754,2335,949,1794.6,A-,Ace Trainer Natasha Postgame (Elo 2124.7),Skier Madison (Elo 1025.2),Lass Krise Rematch 3 (7 games),7.86,Altaria Lv50 (Natural Cure): Take Down/Natural Gift/Dragon Breath/Dragon Dance | Gabite Lv50 (Sand Veil): Sand Tomb/Slash/Dragon Claw/Dig
300,hgss_ace_trainer_m_ryan_0108,Ace Trainer Ryan,Trainerclass Ace Trainer M,1038,340,0.753,2268,870,1798.6,A-,Ace Trainer Carol (Elo 2155.8),Pi Kendrick (Elo 1259.0),Dragon Tamer Ondrej (7 games),7.82,Pidgeot Lv50 (Keen Eye): Sand Attack/Quick Attack/Whirlwind/Wing Attack | Electabuzz Lv50 (Static): Thunder Punch/Light Screen/Swift/Screech
301,hgss_ace_trainer_f_lois_0116,Ace Trainer Lois,Trainerclass Ace Trainer F,1036,342,0.752,2351,973,1807.7,A-,Elite Four Aaron Rematch (Elo 2362.0),Twins Emma And Lil (Elo 1078.3),Psychic Brittney (7 games),8.86,Mareep Lv50 (Static): Thunder Shock/Cotton Spore/Thunder Wave/Charge | Ninetales Lv50 (Flash Fire): Flamethrower/Quick Attack/Confuse Ray/Nasty Plot
302,ninja_boy_zach_rematch_3,Ninja Boy Zach Rematch 3,Ninja Boy,1036,342,0.752,2262,873,1805.8,A-,Leader Gardenia Rematch (Elo 2216.7),Hiker Parry Rematch 1 (Elo 1144.4),Rich Boy Trey (7 games),9.64,Golbat Lv50 (Inner Focus): Mean Look/Poison Fang/Haze/Air Slash | Crobat Lv50 (Inner Focus): Mean Look/Poison Fang/Haze/Air Slash | Crobat Lv50 (Inner Focus): Mean Look/Poison Fang/Haze/Air Slash
303,ace_trainer_brenna,Ace Trainer Brenna,Ace Trainer Snow Female,1033,345,0.75,2270,892,1835.5,A,Ace Trainer Moira Postgame (Elo 2082.7),Guitarist Arturo Rematch 1 (Elo 1194.9),Firebreather Walt Rematch 1 (7 games),6.36,Sneasel Lv50 (Inner Focus): Ice Shard/Slash/Faint Attack/Quick Attack | Snorunt Lv50 (Inner Focus): Ice Fang/Crunch/Hail | Snover Lv50 (Snow Warning): Ice Shard/Wood Hammer/Ingrain/Grass Whistle
304,hgss_boarder_bryce_0678,Boarder Bryce,Trainerclass Boarder,1030,348,0.747,2291,932,1793.1,A-,Ace Trainer Clarice (Elo 2136.7),Battle Girl Tyler (Elo 1174.3),Guitarist Clyde (7 games),8.61,Dewgong Lv50 (Thick Fat): Dive/Aqua Tail/Ice Beam/Safeguard | Lapras Lv50 (Water Absorb): Ice Beam/Brine/Safeguard/Hydro Pump
305,jogger_craig_rematch_2,Jogger Craig Rematch 2,Jogger,1027,351,0.745,2259,912,1811.0,A-,Youngster Dallas Rematch 3 (Elo 2078.6),Ruin Maniac Ronald (Elo 1127.4),Black Belt Kiyo (7 games),7.03,Luxray Lv50 (Rivalry): Thunder Fang/Crunch/Scary Face/Discharge | Luxray Lv50 (Rivalry): Thunder Fang/Crunch/Scary Face/Discharge
306,hgss_fisherman_stephen_0321,Fisherman Stephen,Trainerclass Fisherman,1025,353,0.744,2305,952,1795.8,A-,Veteran Brian Rematch 2 (Elo 2204.8),Scientist Mitch (Elo 802.1),Cameraman Tevin Rematch 4 (7 games),14.21,Quagsire Lv50 (Damp): Amnesia/Yawn/Earthquake/Rain Dance | Qwilfish Lv50 (Poison Point): Spit Up/Revenge/Brine/Pin Missile | Tentacruel Lv50 (Clear Body): Wrap/Barrier/Water Pulse/Poison Jab
307,dragon_tamer_hayden,Dragon Tamer Hayden,Dragon Tamer,1025,353,0.744,2277,936,1787.8,A-,Elite Four Bertha Rematch (Elo 2354.3),Sailor Marc (Elo 1033.9),Artist William Rematch 3 (7 games),7.83,Altaria Lv50 (Natural Cure): Dragon Breath/Dragon Dance/Refresh/Dragon Pulse | Seadra Lv50 (Poison Point): Twister/Brine/Hydro Pump/Dragon Dance
308,cameraman_tevin_rematch_1,Cameraman Tevin Rematch 1,Cameraman,1025,353,0.744,2312,974,1786.6,A-,Ranger Dwayne Postgame (Elo 2063.4),Medium Ethel (Elo 1137.0),Ace Trainer Jenn (7 games),12.39,Magnemite Lv50 (Magnet Pull): Thunder Wave/Spark/Lock On/Magnet Bomb | Mr Mime Lv50 (Soundproof): Reflect/Psybeam/Substitute/Recycle | Machoke Lv50 (Guts): Seismic Toss/Revenge/Vital Throw/Submission
309,hgss_burglar_corey_0284,Burglar Corey,Trainerclass Burglar,1023,355,0.742,2316,990,1771.6,A-,Veteran Armando Rematch (Elo 2138.5),Camper Elliot (Elo 1075.4),Firebreather Lyle (7 games),7.43,Koffing Lv50 (Levitate): Selfdestruct/Sludge/Haze/Gyro Ball | Magmar Lv50 (Flame Body): Fire Spin/Confuse Ray/Fire Punch/Lava Plume | Koffing Lv50 (Levitate): Selfdestruct/Sludge/Haze/Gyro Ball | Koffing Lv50 (Levitate): Sludge/Haze/Gyro Ball/Explosion
310,dawn_veilstone_city_chimchar,Dawn Veilstone City Chimchar,Dp Player Female,1022,356,0.742,2287,953,1788.3,A-,Leader Wake (Elo 2208.2),Black Belt Carl (Elo 1215.9),Ace Trainer Alyssa (7 games),11.81,Clefairy Lv50 (Cute Charm): Metronome/Gravity/Wake Up Slap/Sing | Kadabra Lv50 (Synchronize): Psybeam/Psycho Cut/Reflect/Light Screen | Grotle Lv50 (Overgrow): Razor Leaf/Mega Drain/Bite/Curse
311,veteran_brian,Veteran Brian,Veteran,1022,356,0.742,2250,924,1782.9,A-,Leader Brock Rematch (Elo 2284.4),Biker Zeke (Elo 1342.9),Young Couple Tim & Sue Rematch 1 (7 games),7.18,Tangela Lv50 (Chlorophyll): Ingrain/Giga Drain/Ancient Power/Toxic | Ponyta Lv50 (Run Away): Fire Spin/Stomp/Take Down | Buizel Lv50 (Swift Swim): Aqua Jet/Whirlpool/Pursuit/Quick Attack
312,hgss_school_kid_m_joe_0330,School Kid Joe,Trainerclass School Kid M,1021,357,0.741,2270,942,1767.6,A-,Veteran Terrell (Elo 2129.2),Tuber Holly (Elo 1016.9),Ranger Allison Rematch 1 (7 games),7.9,Tangela @ Sitrus Berry Lv50 (Chlorophyll): Ancient Power/Knock Off/Natural Gift/Slam | Vaporeon Lv50 (Water Absorb): Water Gun/Quick Attack/Bite/Aurora Beam
313,hgss_swimmer_m_jerome_0370,Swimmer Jerome,Trainerclass Swimmer M,1020,358,0.74,2258,933,1778.5,A-,Leader Brock (Elo 2147.0),Pokefan William (Elo 1263.9),Lass Michelle (7 games),10.95,Seadra Lv50 (Sniper): Bubble Beam/Agility/Twister/Brine | Tentacool Lv50 (Liquid Ooze): Barrier/Water Pulse/Poison Jab/Screech | Tentacruel Lv50 (Liquid Ooze): Wrap/Barrier/Water Pulse/Poison Jab | Goldeen Lv50 (Water Veil): Flail/Aqua Ring/Fury Attack/Waterfall
314,hgss_kimono_girl_zuki_0162,Kimono Girl Zuki,Trainerclass Kimono Girl,1019,359,0.739,2295,973,1799.1,A-,Elite Four Will (Elo 2252.5),Cheryl Eterna Forest (Elo 676.3),Collector Ivan Rematch (7 games),6.69,Umbreon Lv50 (Synchronize): Last Resort/Dark Pulse/Confuse Ray/Shadow Ball
315,black_belt_griffin_postgame,Black Belt Griffin Postgame,Black Belt,1018,360,0.739,2319,1017,1779.2,A-,Leader Lt. Surge (Elo 2177.2),Pokefan Colin (Elo 1086.8),Bird Keeper Katherine (7 games),8.02,Breloom Lv50 (Effect Spore): Spore/Mach Punch/Seed Bomb/Sky Uppercut | Medicham Lv50 (Pure Power): Detect/Psychic/Hi Jump Kick/Ice Punch
316,ranger_taylor_rematch_1,Ranger Taylor Rematch 1,Ranger Male,1018,360,0.739,2281,972,1763.4,A-,Ranger Taylor Rematch 3 (Elo 2132.5),Black Belt Yoshi (Elo 1176.4),Fisherman Tully Rematch 3 (7 games),8.71,Carnivine Lv50 (Levitate): Faint Attack/Stockpile/Spit Up/Swallow | Luxray Lv50 (Rivalry): Bite/Roar/Swagger/Thunder Fang
317,psychic_daisy_rematch_postgame,Psychic Daisy Rematch Postgame,Psychic Female,1017,361,0.738,2264,958,1765.5,A-,Elite Four Bruno (Elo 2310.7),Galactic Grunt Jubilife City 1 (Elo 881.7),Bug Catcher Ed (7 games),16.35,Slowbro Lv50 (Oblivious): Withdraw/Slack Off/Amnesia/Psychic | Slowking Lv50 (Oblivious): Swagger/Psychic/Trump Card/Psych Up
318,tuber_jared_rematch_2,Tuber Jared Rematch 2,Tuber Male,1015,363,0.737,2237,940,1786.4,A-,Leader Blaine (Elo 2179.9),Lass Samantha (Elo 917.0),Psychic Abigail Rematch 2 (7 games),9.55,Gastrodon Lv50 (Sticky Hold): Hidden Power/Rain Dance/Body Slam/Muddy Water | Gastrodon Lv50 (Sticky Hold): Hidden Power/Rain Dance/Body Slam/Muddy Water | Gastrodon Lv50 (Sticky Hold): Hidden Power/Rain Dance/Body Slam/Muddy Water
319,psychic_abigail_rematch_1,Psychic Abigail Rematch 1,Psychic Female,1015,363,0.737,2298,994,1702.7,B+,Ace Trainer Reena Rematch 3 (Elo 2188.4),Bird Keeper Perry (Elo 1107.3),Psychic Abigail Rematch 2 (7 games),11.42,Chimecho Lv50 (Levitate): Psywave/Double Edge/Heal Bell/Safeguard | Drifblim Lv50 (Aftermath): Swallow/Spit Up/Ominous Wind/Baton Pass | Gardevoir Lv50 (Synchronize): Calm Mind/Psychic/Imprison/Future Sight
320,ace_trainer_blake,Ace Trainer Blake,Ace Trainer Snow Male,1014,364,0.736,2278,988,1808.4,A-,Veteran Brian Rematch 2 (Elo 2204.8),Ninja Boy Davido (Elo 1188.7),Sailor Paul (7 games),9.2,Ambipom Lv50 (Technician): Double Hit/U Turn/Sand Attack/Screech | Porygon2 Lv50 (Trace): Psybeam/Signal Beam/Conversion 2/Recover
321,cyclist_john_rematch_3,Cyclist John Rematch 3,Cyclist Male,1014,364,0.736,2292,995,1777.0,A-,Veteran Harlan Postgame (Elo 2073.1),Ace Trainer Brian (Elo 1273.0),Poke Kid Ariel Rematch 3 Postgame (7 games),7.99,Farfetchd Lv50 (Keen Eye): Night Slash/Air Slash/Feint/False Swipe | Dodrio Lv50 (Run Away): Tri Attack/Agility/Drill Peck/Endeavor | Staraptor Lv50 (Intimidate): Take Down/Close Combat/Agility/Brave Bird
322,dragon_tamer_kenny_postgame,Dragon Tamer Kenny Postgame,Dragon Tamer,1013,365,0.735,2264,968,1776.6,A-,Veteran Armando (Elo 1986.1),Worker Braden (Elo 1319.7),Burglar Corey (7 games),7.67,Bagon Lv50 (Rock Head): Scary Face/Crunch/Dragon Claw/Double Edge | Shelgon Lv50 (Rock Head): Zen Headbutt/Scary Face/Crunch/Dragon Claw | Vibrava Lv50 (Levitate): Dragon Breath/Screech/Sandstorm/Hyper Beam
323,psychic_maxwell_rematch,Psychic Maxwell Rematch,Psychic Male,1013,365,0.735,2305,1012,1768.8,A-,Ace Trainer Reena Rematch 2 (Elo 2143.4),Ruin Maniac Ronald (Elo 1127.4),Sailor Zachariah (7 games),6.47,Misdreavus Lv50 (Levitate): Shadow Ball/Perish Song/Grudge/Power Gem | Gengar Lv50 (Levitate): Dream Eater/Dark Pulse/Destiny Bond/Nightmare
324,fisherman_miguel_rematch,Fisherman Miguel Rematch,Fisherman,1012,366,0.734,2260,973,1757.5,A-,Ace Trainer Jose Postgame (Elo 2103.5),School Kid Chance (Elo 994.0),School Kid Johnny (7 games),11.46,Gyarados Lv50 (Intimidate): Rain Dance/Hydro Pump/Dragon Dance/Hyper Beam | Gyarados Lv50 (Intimidate): Rain Dance/Hydro Pump/Dragon Dance/Hyper Beam | Octillery Lv50 (Suction Cups): Bullet Seed/Wring Out/Signal Beam/Ice Beam
325,scientist_shaun_rematch_3,Scientist Shaun Rematch 3,Scientist,1011,367,0.734,2357,1074,1773.6,A-,Cheryl Battleground (Elo 2309.1),Black Belt Derek (Elo 1061.2),Youngster Ian Rematch 3 (7 games),7.93,Magneton Lv50 (Magnet Pull): Discharge/Mirror Shot/Magnet Rise/Gyro Ball | Alakazam Lv50 (Synchronize): Calm Mind/Psychic/Future Sight/Trick
326,lucas_veilstone_city_chimchar,Lucas Veilstone City Chimchar,Dp Player Male,1011,367,0.734,2295,1012,1756.3,A-,Ace Trainer Dennis Rematch 2 (Elo 2094.6),Galactic Grunt Valor Lakefront (Elo 1138.3),Ace Trainer Jamie Rematch 2 (7 games),11.94,Clefairy Lv50 (Cute Charm): Metronome/Gravity/Wake Up Slap/Sing | Kadabra Lv50 (Synchronize): Psybeam/Psycho Cut/Reflect/Light Screen | Grotle Lv50 (Overgrow): Razor Leaf/Mega Drain/Bite/Curse
327,psychic_corbin_rematch_postgame,Psychic Corbin Rematch Postgame,Psychic Male,1010,368,0.733,2268,986,1801.1,A-,Elite Four Koga (Elo 2209.9),Biker Teddy (Elo 1247.1),Collector Brady (7 games),6.19,Xatu Lv50 (Synchronize): Ominous Wind/Power Swap/Guard Swap/Psychic | Gallade Lv50 (Steadfast): Feint/False Swipe/Protect/Close Combat
328,hgss_rival_silver_croconaw_burned_tower,Rival Silver Croconaw (Burned Tower),Trainerclass Rival,1009,369,0.732,2233,960,1789.3,A-,Veteran Terrell (Elo 2129.2),Team Rocket Grunt Hideout 8 (Elo 1251.2),Cyclist John Rematch 2 (7 games),10.94,Gastly Lv50 (Levitate): Lick/Confuse Ray/Mean Look/Curse | Magnemite Lv50 (Magnet Pull): Thunder Wave/Thunder Shock/Supersonic/Sonic Boom | Zubat Lv50 (Inner Focus): Astonish/Supersonic/Bite/Wing Attack | Croconaw Lv50 (Torrent): Scary Face/Ice Fang/Water Gun/Bite
329,reporter_kinsey_rematch_2,Reporter Kinsey Rematch 2,Reporter,1008,370,0.731,2330,1065,1773.9,A-,Ace Trainer Rodolfo Rematch Postgame (Elo 2144.2),Camper Curtis (Elo 1024.0),Sailor Zachariah Rematch (7 games),8.57,Drifblim Lv50 (Aftermath): Spit Up/Ominous Wind/Baton Pass/Shadow Ball | Luxray Lv50 (Rivalry): Roar/Swagger/Thunder Fang/Crunch
330,lucas_veilstone_city_turtwig,Lucas Veilstone City Turtwig,Dp Player Male,1007,371,0.731,2259,993,1787.9,A-,Veteran Terrell (Elo 2129.2),Battle Girl Tyler (Elo 1174.3),School Kid Mackenzie (7 games),11.08,Clefairy Lv50 (Cute Charm): Metronome/Gravity/Wake Up Slap/Sing | Kadabra Lv50 (Synchronize): Psybeam/Psycho Cut/Reflect/Light Screen | Prinplup Lv50 (Torrent): Bubble Beam/Metal Claw/Peck/Growl
331,ace_trainer_maya_rematch_1,Ace Trainer Maya Rematch 1,Ace Trainer Female,1006,372,0.73,2233,954,1795.1,A-,Ace Trainer Arthur (Elo 2090.9),Bird Keeper Alexandra (Elo 1083.8),Burglar Duncan (7 games),9.07,Roselia Lv50 (Natural Cure): Toxic Spikes/Giga Drain/Leech Seed/Toxic | Kirlia Lv50 (Synchronize): Psychic/Magical Leaf/Calm Mind/Double Team | Lickitung Lv50 (Own Tempo): Supersonic/Stomp/Rollout/Defense Curl
332,hgss_executive_proton_proton_radio_tower,Executive Proton Proton (Radio Tower),Trainerclass Executive Proton,1005,373,0.729,2237,979,1806.5,A-,Ace Trainer Quinn Postgame (Elo 2060.8),Black Belt Ricky (Elo 1100.3),Youngster Dallas Rematch 2 (7 games),7.45,Golbat Lv50 (Inner Focus): Leech Life/Bite/Confuse Ray/Wing Attack | Weezing Lv50 (Levitate): Double Hit/Sludge/Smoke Screen/Smog
333,hgss_ace_trainer_m_bonita_0674,Ace Trainer Bonita,Trainerclass Ace Trainer M,1005,373,0.729,2325,1062,1749.0,B+,Elite Four Flint Fight Area (Elo 2283.3),Galactic Grunt Lake Verity 1 (Elo 978.0),Cyclist John Rematch 2 (7 games),10.26,Spinda Lv50 (Own Tempo): Flail/Fake Out/Teeter Dance/Trick Room | Sudowoodo Lv50 (Rock Head): Wood Hammer/Hammer Arm/Earthquake/Stone Edge
334,bird_keeper_krystal_postgame,Bird Keeper Krystal Postgame,Bird Keeper,1005,373,0.729,2241,984,1734.3,B+,Ace Trainer Gaven Rematch 3 (Elo 2062.3),Hiker Parry Rematch 1 (Elo 1144.4),Psychic Vernon (7 games),9.29,Staravia Lv50 (Intimidate): Aerial Ace/Take Down/Agility/Brave Bird | Fearow Lv50 (Keen Eye): Agility/Assurance/Roost/Drill Peck | Noctowl Lv50 (Insomnia): Extrasensory/Psycho Shift/Roost/Dream Eater
335,fisherman_erick,Fisherman Erick,Fisherman,1004,374,0.729,2246,989,1782.5,A-,Ace Trainer Gaven Rematch 3 (Elo 2062.3),Gentleman Jeremy (Elo 1102.0),Lass Laura (7 games),10.79,Goldeen Lv50 (Swift Swim): Water Pulse/Peck/Flail/Supersonic | Seaking Lv50 (Swift Swim): Water Pulse/Fury Attack/Flail/Supersonic | Gyarados Lv50 (Intimidate): Thrash/Bite
336,dawn_veilstone_city_turtwig,Dawn Veilstone City Turtwig,Dp Player Female,1004,374,0.729,2235,985,1764.3,A-,Rival Silver Feraligatr (DD) (Elo 2222.8),Reporter Valerie (Elo 932.2),Swimmer Nikki (7 games),11.57,Clefairy Lv50 (Cute Charm): Metronome/Gravity/Wake Up Slap/Sing | Kadabra Lv50 (Synchronize): Psybeam/Psycho Cut/Reflect/Light Screen | Prinplup Lv50 (Torrent): Bubble Beam/Metal Claw/Peck/Growl
337,skier_bjorn_rematch_2,Skier Bjorn Rematch 2,Skier Male,1003,375,0.728,2295,1046,1743.4,B+,Leader Sabrina (Elo 2199.7),Cameraman Tevin (Elo 1117.2),Battle Girl Helen Rematch 3 (7 games),10.62,Delibird Lv50 (Vital Spirit): Present | Weavile Lv50 (Pressure): Night Slash/Fling/Metal Claw/Dark Pulse | Mamoswine Lv50 (Oblivious): Double Hit/Earthquake/Mist/Blizzard
338,hgss_black_belt_kenji_0250,Black Belt Kenji Rematch 1,Trainerclass Black Belt,1002,376,0.727,2239,990,1733.5,B+,Ace Trainer Quinn Postgame (Elo 2060.8),Medium Edith (Elo 1134.8),Fisherman Ralph Rematch 3 (7 games),11.86,Onix Lv50 (Rock Head): Rage/Rock Tomb/Sandstorm/Slam | Hitmonlee Lv50 (Limber): Brick Break/Focus Energy/Feint/Hi Jump Kick | Onix Lv50 (Rock Head): Rage/Rock Tomb/Sandstorm/Slam | Machoke Lv50 (Guts): Seismic Toss/Revenge/Vital Throw/Submission
339,hgss_hiker_anthony_0520,Hiker Anthony Rematch 3,Trainerclass Hiker,998,380,0.724,2269,1034,1753.6,B+,Leader Volkner Fight Area (Elo 2227.5),Artist William (Elo 1061.4),Ace Trainer Zachery (7 games),4.89,Graveler Lv50 (Rock Head): Rollout/Rock Blast/Earthquake/Explosion | Golem Lv50 (Rock Head): Earthquake/Explosion/Double Edge/Stone Edge | Machamp Lv50 (No Guard): Wake Up Slap/Cross Chop/Scary Face/Dynamic Punch
340,ace_trainer_saul_rematch_postgame,Ace Trainer Saul Rematch Postgame,Ace Trainer Male,998,380,0.724,2273,1038,1746.8,B+,Ace Trainer Clarice (Elo 2136.7),Rich Boy Jason (Elo 1093.5),School Kid Billy Rematch 2 (7 games),4.26,Tauros Lv50 (Intimidate): Giga Impact/Zen Headbutt/Earthquake/Stone Edge
341,black_belt_ray_postgame,Black Belt Ray Postgame,Black Belt,997,381,0.724,2265,1035,1791.0,A-,Veteran Brian Rematch 2 (Elo 2204.8),Picnicker Ana (Elo 927.0),Young Couple Vic & Tara (7 games),7.08,Breloom Lv50 (Effect Spore): Seed Bomb/Mach Punch/Sky Uppercut/Spore | Toxicroak Lv50 (Anticipation): Sludge Bomb/Nasty Plot/Focus Blast/Dark Pulse
342,commander_jupiter_team_galactic_eterna_building,Commander Jupiter Team Galactic Eterna Building,Commander Jupiter,997,381,0.724,2230,1007,1745.9,B+,Leader Sabrina (Elo 2199.7),Cyclist Nicole (Elo 1209.6),Team Rocket Grunt Radio Tower 2 (7 games),7.32,Zubat Lv50 (Inner Focus): Giga Drain/Wing Attack/Bite | Skuntank @ Sitrus Berry Lv50 (Stench): Night Slash/Poison Gas/Screech/Smoke Screen
343,hgss_hiker_kenny_0653,Hiker Kenny Rematch 2,Trainerclass Hiker,996,382,0.723,2252,1033,1710.1,B+,Ace Trainer Arthur (Elo 2090.9),Beauty Harley (Elo 1009.1),Swimmer Kurt Postgame (7 games),8.53,Sandslash Lv50 (Sand Veil): Crush Claw/Fury Cutter/Sand Tomb/Slash | Graveler Lv50 (Rock Head): Selfdestruct/Rollout/Rock Blast/Earthquake | Golem Lv50 (Rock Head): Rock Blast/Earthquake/Explosion/Double Edge | Onix Lv50 (Rock Head): Dragon Breath/Curse/Iron Tail/Sand Tomb
344,ace_trainer_jasmin_postgame,Ace Trainer Jasmin Postgame,Ace Trainer Female,994,384,0.721,2207,985,1805.4,A-,Leader Sabrina (Elo 2199.7),Camper Virgil (Elo 1037.7),Swimmer Tucker (7 games),4.55,Drapion Lv50 (Battle Armor): Cross Poison/Crunch/X Scissor/Aerial Ace
345,hgss_biker_aiden_0628,Biker Aiden Rematch 1,Trainerclass Biker,994,384,0.721,2305,1086,1750.8,B+,Ranger Taylor Rematch 3 (Elo 2132.5),Team Rocket Grunt Underground 2 (Elo 931.2),Cyclist John Rematch 3 (7 games),7.41,Hypno Lv50 (Insomnia): Psybeam/Psych Up/Swagger/Psychic | Tentacruel Lv50 (Clear Body): Water Pulse/Poison Jab/Screech/Hydro Pump
346,hgss_rival_silver_quilava_burned_tower,Rival Silver Quilava (Burned Tower),Trainerclass Rival,993,385,0.721,2239,1020,1789.9,A-,Veteran Clayton (Elo 2031.1),Hiker Reginald (Elo 1268.4),Poke Maniac Brent Rematch 2 (7 games),11.77,Gastly Lv50 (Levitate): Lick/Confuse Ray/Mean Look/Curse | Magnemite Lv50 (Magnet Pull): Thunder Wave/Thunder Shock/Supersonic/Sonic Boom | Zubat Lv50 (Inner Focus): Astonish/Supersonic/Bite/Wing Attack | Quilava Lv50 (Blaze): Flame Wheel/Smoke Screen/Ember/Quick Attack
347,psychic_desiree,Psychic Desiree,Psychic Female,990,388,0.718,2234,1031,1739.1,B+,Ace Trainer Moira Postgame (Elo 2082.7),Galactic Grunt Spear Pillar 2 (Elo 1128.2),Youngster Regis (7 games),8.15,Mr Mime Lv50 (Soundproof): Psychic/Reflect/Light Screen/Drain Punch | Mismagius Lv50 (Levitate): Shadow Ball/Magical Leaf/Aerial Ace/Shock Wave
348,youngster_dallas_rematch_2,Youngster Dallas Rematch 2,Youngster,989,389,0.718,2251,1047,1746.1,B+,Ace Trainer Arthur (Elo 2090.9),Beauty Charlotte (Elo 1136.9),Psychic Brittney Rematch (7 games),8.13,Luxio Lv50 (Rivalry): Spark/Bite/Roar/Swagger | Bibarel Lv50 (Simple): Water Gun/Headbutt/Hyper Fang/Yawn | Graveler Lv50 (Rock Head): Magnitude/Selfdestruct/Rollout/Rock Blast
349,hgss_lass_dana_0465,Lass Dana Rematch 2,Trainerclass Lass,988,390,0.717,2257,1049,1743.6,B+,Ace Trainer Moira Postgame (Elo 2082.7),Swimmer Erica (Elo 990.8),Reporter Kinsey Rematch 4 (7 games),9.42,Golduck Lv50 (Damp): Water Pulse/Disable/Confusion/Screech | Ampharos Lv50 (Static): Signal Beam/Discharge/Thunder Wave/Cotton Spore
350,hgss_ace_trainer_m_alton_0109,Ace Trainer Alton,Trainerclass Ace Trainer M,988,390,0.717,2203,1006,1739.7,B+,Veteran Brian Rematch 2 (Elo 2204.8),Cyclist Megan (Elo 1114.5),Black Belt Ander (7 games),11.19,Ivysaur Lv50 (Overgrow): Sleep Powder/Take Down/Razor Leaf/Sweet Scent | Charmeleon Lv50 (Blaze): Ember/Smoke Screen/Dragon Rage/Scary Face | Wartortle Lv50 (Torrent): Water Gun/Bite/Rapid Spin/Protect
351,ace_trainer_cesar,Ace Trainer Cesar,Ace Trainer Male,986,392,0.716,2232,1052,1751.7,B+,Leader Gardenia Rematch (Elo 2216.7),Firebreather Ray (Elo 801.4),Firebreather Lyle (7 games),4.3,Scizor Lv50 (Swarm): Metal Claw/X Scissor/Slash/Pursuit
352,hgss_picnicker_gina_0517,Picnicker Gina Rematch 3,Trainerclass Picnicker,985,393,0.715,2225,1038,1747.5,B+,Elite Four Bertha Rematch (Elo 2354.3),Skier Andrea (Elo 1169.9),Galactic Grunt Mt Coronet 4f 2 (7 games),13.6,Skiploom Lv50 (Chlorophyll): Sleep Powder/Bullet Seed/Leech Seed/Mega Drain | Jumpluff Lv50 (Chlorophyll): Leech Seed/Mega Drain/Cotton Spore/U Turn | Venusaur Lv50 (Overgrow): Petal Dance/Worry Seed/Synthesis/Solar Beam
353,idol_grace_rematch_4,Idol Grace Rematch 4,Idol,984,394,0.714,2179,1000,1753.4,B+,Ranger Taylor Rematch 3 (Elo 2132.5),Super Nerd Markus (Elo 1116.9),Ruin Maniac Harry (7 games),26.68,Clefairy Lv50 (Cute Charm): Moonlight/Light Screen/Meteor Mash/Healing Wish | Clefairy Lv50 (Cute Charm): Moonlight/Light Screen/Meteor Mash/Healing Wish | Clefairy Lv50 (Cute Charm): Moonlight/Light Screen/Meteor Mash/Healing Wish | Clefairy Lv50 (Cute Charm): Moonlight/Light Screen/Meteor Mash/Healing Wish | Clefairy Lv50 (Cute Charm): Moonlight/Light Screen/Meteor Mash/Healing Wish | Clefairy Lv50 (Cute Charm): Moonlight/Light Screen/Meteor Mash/Healing Wish
354,psychic_daisy_postgame,Psychic Daisy Postgame,Psychic Female,984,394,0.714,2231,1054,1726.9,B+,Leader Misty (Elo 2262.6),Galactic Grunt Jubilife City 1 (Elo 881.7),Socialite Reina Rematch 2 (7 games),16.71,Slowpoke Lv50 (Oblivious): Zen Headbutt/Slack Off/Amnesia/Psychic | Slowbro Lv50 (Oblivious): Withdraw/Slack Off/Amnesia/Psychic
355,ace_trainer_sergio,Ace Trainer Sergio,Ace Trainer Snow Male,983,395,0.713,2203,1034,1759.6,A-,Ace Trainer Maya Rematch 2 (Elo 2092.1),Camper Anthony (Elo 999.0),School Kid Chad Rematch 2 (7 games),4.74,Snover Lv50 (Snow Warning): Ice Shard/Swagger/Icy Wind/Wood Hammer | Sneasel Lv50 (Inner Focus): Icy Wind/Slash/Faint Attack/Quick Attack
356,hgss_picnicker_erin_0453,Picnicker Erin Rematch 2,Trainerclass Picnicker,982,396,0.713,2284,1117,1732.4,B+,Leader Brock (Elo 2147.0),Black Belt Yoshi (Elo 1176.4),Bird Keeper Josh Rematch 1 (7 games),12.55,Bellossom Lv50 (Chlorophyll): Sweet Scent/Stun Spore/Sunny Day/Magical Leaf | Sunflora Lv50 (Chlorophyll): Worry Seed/Razor Leaf/Petal Dance/Sunny Day | Rapidash Lv50 (Flash Fire): Agility/Fire Blast/Fury Attack/Bounce
357,lucas_veilstone_city_piplup,Lucas Veilstone City Piplup,Dp Player Male,981,397,0.712,2203,1035,1694.5,B,Ace Trainer Mariah (Elo 2104.4),Picnicker Tiffany Rematch 1 (Elo 977.3),Fisherman Wilton Rematch 2 (7 games),11.24,Clefairy Lv50 (Cute Charm): Metronome/Gravity/Wake Up Slap/Sing | Kadabra Lv50 (Synchronize): Psybeam/Psycho Cut/Reflect/Light Screen | Monferno Lv50 (Blaze): Flame Wheel/Mach Punch/Fury Swipes/Torment
358,hgss_ace_trainer_f_reena_0444,Ace Trainer Reena Rematch 1,Trainerclass Ace Trainer F,980,398,0.711,2232,1069,1777.0,A-,Veteran Brenden (Elo 2183.5),Parasol Lady Sabrina (Elo 1313.7),Lass Linda (7 games),7.53,Growlithe Lv50 (Intimidate): Reversal/Fire Fang/Take Down/Flamethrower | Nidorina Lv50 (Poison Point): Fury Swipes/Bite/Helping Hand/Toxic Spikes | Staryu Lv50 (Natural Cure): Swift/Bubble Beam/Minimize/Gyro Ball
359,hgss_bird_keeper_gs_vance_0609,Bird Keeper Vance Rematch 3,Trainerclass Bird Keeper Gs,979,399,0.71,2171,1017,1768.4,A-,Ranger Dwayne Postgame (Elo 2063.4),Hiker Daniel (Elo 1029.3),Ace Trainer Maya Rematch 1 (7 games),15.1,Pidgeot Lv50 (Keen Eye): Wing Attack/Roost/Tailwind/Mirror Move | Pidgeot Lv50 (Keen Eye): Feather Dance/Agility/Wing Attack/Roost | Noctowl Lv50 (Insomnia): Zen Headbutt/Extrasensory/Psycho Shift/Roost
360,hgss_fisherman_kyle_0658,Fisherman Kyle Rematch 1,Trainerclass Fisherman,979,399,0.71,2230,1070,1749.1,B+,Leader Pryce (Elo 2051.2),Picnicker Adrian (Elo 1194.6),Psychic Franklin (7 games),9.68,Seaking Lv50 (Swift Swim): Flail/Aqua Ring/Fury Attack/Waterfall | Qwilfish Lv50 (Poison Point): Spit Up/Revenge/Brine/Pin Missile | Seaking Lv50 (Swift Swim): Flail/Aqua Ring/Fury Attack/Waterfall
361,ace_trainer_dana_postgame,Ace Trainer Dana Postgame,Ace Trainer Female,979,399,0.71,2180,1017,1727.9,B+,Ace Trainer Jake Rematch (Elo 2020.3),Gentleman Jeremy (Elo 1102.0),Ninja Boy Zach Rematch 1 (7 games),5.53,Mightyena Lv50 (Intimidate): Crunch/Sucker Punch/Iron Tail/Scary Face | Kirlia Lv50 (Synchronize): Psychic/Magical Leaf/Shock Wave/Shadow Ball
362,hgss_juggler_horton_0396,Juggler Horton,Trainerclass Juggler,978,400,0.71,2236,1085,1724.5,B+,Galactic Boss Cyrus Galactic Hq (Elo 2176.3),Swimmer Mallory Postgame (Elo 1137.5),Ace Trainer Jasmin Postgame (7 games),8.98,Electrode Lv50 (Static): Swift/Shock Wave/Screech/Explosion | Electrode Lv50 (Static): Swift/Shock Wave/Double Team/Light Screen | Electrode Lv50 (Static): Swift/Shock Wave/Screech/Rollout
363,lady_melissa_rematch_3,Lady Melissa Rematch 3,Lady,978,400,0.71,2201,1047,1703.8,B+,Elite Four Bertha Rematch (Elo 2354.3),Bug Catcher Benny (Elo 1076.9),Pokefan Boone (7 games),11.2,Hoppip Lv50 (Chlorophyll): Stun Spore/Sunny Day/Giga Drain/Aerial Ace | Cherrim Lv50 (Flower Gift): Solar Beam/Sunny Day/Leech Seed/Magical Leaf | Bellossom Lv50 (Chlorophyll): Petal Dance/Attract/Stun Spore/Magical Leaf
364,hgss_hiker_kenny_0652,Hiker Kenny Rematch 1,Trainerclass Hiker,977,401,0.709,2225,1076,1759.8,A-,Leader Volkner Fight Area (Elo 2227.5),Sailor Terrell (Elo 943.6),Ranger Deshawn Postgame (7 games),9.51,Onix Lv50 (Rock Head): Bind/Screech/Rock Throw/Rage | Graveler Lv50 (Rock Head): Selfdestruct/Rollout/Rock Blast/Earthquake | Golem Lv50 (Rock Head): Selfdestruct/Rollout/Rock Blast/Earthquake | Sandslash Lv50 (Sand Veil): Fury Swipes/Rollout/Crush Claw/Fury Cutter
365,reporter_kinsey_rematch_4,Reporter Kinsey Rematch 4,Reporter,977,401,0.709,2249,1107,1728.0,B+,Ace Trainer Natasha Postgame (Elo 2124.7),Camper Virgil (Elo 1037.7),Lass Dana Rematch 2 (7 games),6.04,Drifblim Lv50 (Aftermath): Ominous Wind/Baton Pass/Shadow Ball/Explosion | Luxray Lv50 (Rivalry): Thunder Fang/Crunch/Scary Face/Discharge
366,ranger_allison_rematch_2,Ranger Allison Rematch 2,Ranger Female,976,402,0.708,2153,1000,1781.7,A-,Leader Brock Rematch (Elo 2284.4),Guitarist Arturo Rematch 2 (Elo 1061.2),Medium Martha (7 games),8.69,Azumarill Lv50 (Thick Fat): Bubble Beam/Aqua Ring/Double Edge/Rain Dance | Leafeon Lv50 (Leaf Guard): Quick Attack/Synthesis/Magical Leaf/Giga Drain
367,hgss_fisherman_wilton_0605,Fisherman Wilton Rematch 3,Trainerclass Fisherman,976,402,0.708,2241,1093,1750.1,B+,Ace Trainer Carol (Elo 2155.8),Super Nerd Markus (Elo 1116.9),School Kid Billy Rematch 1 (7 games),10.13,Seaking Lv50 (Swift Swim): Flail/Aqua Ring/Fury Attack/Waterfall | Seaking Lv50 (Swift Swim): Flail/Aqua Ring/Fury Attack/Waterfall | Seaking Lv50 (Swift Swim): Waterfall/Horn Drill/Agility/Megahorn
368,hgss_school_kid_m_chad_0435,School Kid Chad Rematch 2,Trainerclass School Kid M,975,403,0.708,2194,1053,1781.9,A-,Ace Trainer Arthur (Elo 2090.9),Poke Maniac Beckett (Elo 1070.0),Ace Trainer Sergio (7 games),6.67,Mr Mime Lv50 (Soundproof): Substitute/Recycle/Trick/Psychic | Magneton Lv50 (Magnet Pull): Spark/Lock On/Magnet Bomb/Screech
369,ace_trainer_alicia,Ace Trainer Alicia,Ace Trainer Snow Female,975,403,0.708,2160,1022,1728.6,B+,Leader Sabrina (Elo 2199.7),Black Belt Kyle (Elo 1128.6),Ace Trainer Keenan Postgame (7 games),5.43,Sneasel Lv50 (Inner Focus): Icy Wind/Slash/Screech/Faint Attack | Sneasel Lv50 (Inner Focus): Icy Wind/Slash/Screech/Faint Attack
370,sailor_zachariah_rematch,Sailor Zachariah Rematch,Sailor,975,403,0.708,2237,1095,1716.9,B+,Ace Trainer Clarice (Elo 2136.7),School Kid Chance (Elo 994.0),Fisherman Kenneth (7 games),16.54,Pelipper Lv50 (Keen Eye): Swallow/Spit Up/Fling/Tailwind | Machamp Lv50 (Guts): Wake Up Slap/Cross Chop/Scary Face/Dynamic Punch | Gastrodon Lv50 (Sticky Hold): Rain Dance/Body Slam/Muddy Water/Recover
371,hgss_bird_keeper_gs_josh_0644,Bird Keeper Josh Rematch 2,Trainerclass Bird Keeper Gs,972,406,0.705,2189,1068,1745.5,B+,Ace Trainer French (Elo 2065.6),Dawn Jubilife City Piplup (Elo 1083.8),Burglar Duncan (7 games),8.21,Skarmory Lv50 (Keen Eye): Steel Wing/Air Slash/Slash/Night Slash | Fearow Lv50 (Keen Eye): Agility/Assurance/Roost/Drill Peck
372,hgss_lass_krise_0612,Lass Krise Rematch 3,Trainerclass Lass,971,407,0.705,2173,1042,1759.2,A-,Leader Volkner Fight Area (Elo 2227.5),Bird Keeper Alexandra (Elo 1083.8),Dragon Tamer Ondrej (7 games),7.74,Vileplume Lv50 (Chlorophyll): Aromatherapy/Stun Spore/Poison Powder/Petal Dance | Marowak Lv50 (Rock Head): Fling/Bone Rush/Endeavor/Double Edge
373,hgss_leader_whitney_whitney,Leader Whitney,Trainerclass Leader Whitney,971,407,0.705,2226,1100,1719.5,B+,Rival Silver Meganium (Goldenrod) (Elo 2162.6),Poke Maniac Beckett (Elo 1070.0),Hiker Bailey (7 games),12.64,Clefairy Lv50 (Cute Charm): Double Slap/Mimic/Encore/Metronome | Miltank @ Lum Berry Lv50 (Scrappy): Rollout/Attract/Stomp/Milk Drink
374,double_team_jo_and_pat,Double Team Jo And Pat,Double Team,970,408,0.704,2229,1102,1726.0,B+,Ace Trainer Carol (Elo 2155.8),Tuber Trenton (Elo 1217.2),Team Rocket Grunt Radio Tower 2 (7 games),4.95,Lumineon Lv50 (Swift Swim): Water Pulse/Aqua Ring/Captivate/Silver Wind | Rapidash Lv50 (Run Away): Fire Blast/Stomp/Quick Attack/Iron Tail
375,collector_douglas,Collector Douglas,Collector,969,409,0.703,2183,1062,1729.4,B+,Ace Trainer Shaye (Elo 2129.9),Twins Teri And Tia (Elo 1105.1),Biker Aiden Rematch 2 (7 games),14.06,Jolteon Lv50 (Volt Absorb): Helping Hand/Sand Attack/Thunder Shock/Quick Attack | Vaporeon Lv50 (Water Absorb): Helping Hand/Sand Attack/Water Gun/Quick Attack | Flareon Lv50 (Flash Fire): Helping Hand/Sand Attack/Ember/Quick Attack
376,hgss_black_belt_kenji_0278,Black Belt Kenji Rematch 2,Trainerclass Black Belt,968,410,0.702,2188,1076,1739.9,B+,Leader Lt. Surge (Elo 2177.2),Super Nerd Markus (Elo 1116.9),Lass Laura (7 games),13.1,Onix Lv50 (Rock Head): Rock Tomb/Sandstorm/Slam/Rock Polish | Machamp Lv50 (Guts): Revenge/Vital Throw/Submission/Wake Up Slap | Onix Lv50 (Rock Head): Sandstorm/Slam/Rock Polish/Dragon Breath | Hitmonlee Lv50 (Limber): Hi Jump Kick/Mind Reader/Foresight/Blaze Kick
377,sailor_zachariah,Sailor Zachariah,Sailor,967,411,0.702,2221,1112,1738.7,B+,Commander Jupiter Stark Mountain (Elo 2177.6),Medium Bethany (Elo 1150.8),Aroma Lady Elizabeth Rematch 1 (7 games),16.43,Pelipper Lv50 (Keen Eye): Roost/Stockpile/Swallow/Spit Up | Machoke Lv50 (Guts): Vital Throw/Submission/Wake Up Slap/Cross Chop | Gastrodon Lv50 (Sticky Hold): Hidden Power/Rain Dance/Body Slam/Muddy Water
378,ninja_boy_zach_rematch_2,Ninja Boy Zach Rematch 2,Ninja Boy,966,412,0.701,2147,1043,1758.4,A-,Veteran Armando Rematch (Elo 2138.5),Worker Gary (Elo 1177.1),Scientist Fredrick (7 games),10.56,Golbat Lv50 (Inner Focus): Confuse Ray/Air Cutter/Mean Look/Poison Fang | Golbat Lv50 (Inner Focus): Confuse Ray/Air Cutter/Mean Look/Poison Fang | Golbat Lv50 (Inner Focus): Confuse Ray/Air Cutter/Mean Look/Poison Fang
379,fisherman_travis,Fisherman Travis,Fisherman,965,413,0.7,2212,1117,1736.7,B+,Ace Trainer Dalton Rematch (Elo 2046.3),Black Belt Kendal (Elo 1157.8),Black Belt Lao (7 games),12.25,Barboach Lv50 (Oblivious): Water Gun/Mud Bomb/Amnesia/Water Pulse | Barboach Lv50 (Oblivious): Water Gun/Mud Bomb/Amnesia/Water Pulse | Gyarados Lv50 (Intimidate): Thrash/Bite/Dragon Rage/Leer | Barboach Lv50 (Oblivious): Water Gun/Mud Bomb/Amnesia/Water Pulse
380,ace_trainer_breanna,Ace Trainer Breanna,Ace Trainer Female,965,413,0.7,2154,1048,1734.9,B+,Dragon Tamer Geoffrey Rematch Postgame (Elo 2072.8),Galactic Grunt Mt Coronet 3f 1 (Elo 1044.4),Ace Trainer Gaven (7 games),14.12,Bronzor Lv50 (Levitate): Gyro Ball/Extrasensory/Confuse Ray | Bronzor Lv50 (Levitate): Gyro Ball/Extrasensory/Confuse Ray | Bronzor Lv50 (Levitate): Gyro Ball/Extrasensory/Confuse Ray
381,psychic_valencia,Psychic Valencia,Psychic Female,964,414,0.7,2241,1140,1760.7,A-,Leader Sabrina (Elo 2199.7),Cyclist Megan (Elo 1114.5),Dragon Tamer Clinton (7 games),11.62,Chimecho Lv50 (Levitate): Psywave/Double Edge/Heal Bell/Safeguard | Absol Lv50 (Pressure): Double Team/Slash/Future Sight/Sucker Punch | Dusknoir Lv50 (Pressure): Curse/Will O Wisp/Shadow Punch/Mean Look
382,hgss_lass_laura_0354,Lass Laura,Trainerclass Lass,964,414,0.7,2160,1064,1721.7,B+,Leader Brock (Elo 2147.0),Cyclist Megan (Elo 1114.5),Fisherman Erick (7 games),14.24,Gloom @ Sitrus Berry Lv50 (Chlorophyll): Sleep Powder/Mega Drain/Lucky Chant/Natural Gift | Pidgeotto Lv50 (Tangled Feet): Twister/Feather Dance/Agility/Wing Attack | Bellossom Lv50 (Chlorophyll): Sweet Scent/Stun Spore/Sunny Day/Magical Leaf
383,hgss_twins_jo_zoe_0326,Twins Jo & Zoe Rematch,Trainerclass Twins,962,416,0.698,2134,1042,1732.0,B+,Leader Brock (Elo 2147.0),Camper Anthony (Elo 999.0),Young Couple Tim & Sue (7 games),4.47,Victreebel Lv50 (Chlorophyll): Giga Drain/Sleep Powder/Sludge Bomb/Protect | Vileplume Lv50 (Chlorophyll): Giga Drain/Stun Spore/Drain Punch/Attract
384,ace_trainer_savannah,Ace Trainer Savannah,Ace Trainer Snow Female,962,416,0.698,2187,1100,1716.1,B+,Leader Erika (Elo 2094.6),Skier Edward Rematch 1 (Elo 1142.4),Leader Gardenia (7 games),10.77,Snorunt Lv50 (Inner Focus): Ice Fang/Crunch/Hail/Protect | Snorunt Lv50 (Inner Focus): Ice Fang/Crunch/Hail/Protect | Glalie Lv50 (Inner Focus): Ice Fang/Crunch/Hail/Protect
385,hgss_beauty_julia_0346,Beauty Julia,Trainerclass Beauty,961,417,0.697,2174,1084,1741.7,B+,Swimmer Lori (Elo 2062.2),Dawn Jubilife City Piplup (Elo 1083.8),Galactic Grunt Galactic Hq B2f 1 (7 games),11.52,Paras Lv50 (Effect Spore): Giga Drain/Spore/Slash/Attract | Carnivine Lv50 (Levitate): Giga Drain/Wring Out/Ingrain/Attract | Parasect Lv50 (Effect Spore): Giga Drain/Spore/Attract/X Scissor
386,swimmer_crystal_rematch,Swimmer Crystal Rematch,Swimmer Female,961,417,0.697,2227,1149,1737.0,B+,Veteran Brenden (Elo 2183.5),Pokefan Derek (Elo 809.9),Swimmer Esteban (7 games),11.97,Wailmer Lv50 (Water Veil): Amnesia/Dive/Bounce/Hydro Pump | Seaking Lv50 (Swift Swim): Fury Attack/Waterfall/Horn Drill/Agility | Pelipper Lv50 (Keen Eye): Spit Up/Fling/Tailwind/Hydro Pump
387,dawn_veilstone_city_piplup,Dawn Veilstone City Piplup,Dp Player Female,960,418,0.697,2185,1106,1744.1,B+,Rival Silver Meganium (Goldenrod) (Elo 2162.6),Bird Keeper Josh (Elo 1193.9),Juggler Irwin Rematch 3 (7 games),11.13,Clefairy Lv50 (Cute Charm): Metronome/Gravity/Wake Up Slap/Sing | Kadabra Lv50 (Synchronize): Psybeam/Psycho Cut/Reflect/Light Screen | Monferno Lv50 (Blaze): Flame Wheel/Mach Punch/Fury Swipes/Torment
388,fisherman_george,Fisherman George,Fisherman,957,421,0.694,2272,1214,1732.2,B+,Ace Trainer Moira Postgame (Elo 2082.7),Bug Catcher Benny (Elo 1076.9),Firebreather Otis (7 games),12.54,Magikarp Lv50 (Swift Swim): Splash/Tackle/Flail | Finneon Lv50 (Swift Swim): Captivate/Safeguard/Aqua Ring/Whirlpool | Remoraid Lv50 (Hustle): Bullet Seed/Water Pulse/Signal Beam/Ice Beam | Gyarados Lv50 (Intimidate): Ice Fang/Aqua Tail/Rain Dance/Hydro Pump
389,hgss_twins_jo_zoe_0416,Twins Jo & Zoe,Trainerclass Twins,955,423,0.693,2111,1048,1740.9,B+,Leader Wake (Elo 2208.2),Artist Ismael (Elo 1117.9),Belle And Pa Beth And Bob (7 games),4.55,Vileplume Lv50 (Chlorophyll): Giga Drain/Stun Spore/Drain Punch/Attract | Victreebel Lv50 (Chlorophyll): Giga Drain/Sleep Powder/Sludge Bomb/Protect
390,hgss_hiker_anthony_0155,Hiker Anthony Rematch 2,Trainerclass Hiker,953,425,0.692,2149,1089,1743.7,B+,Ace Trainer Monique Postgame (Elo 2186.7),Lass Madeline Rematch 1 (Elo 1172.8),Ninja Boy Zach Rematch 1 (7 games),4.18,Graveler Lv50 (Rock Head): Selfdestruct/Rollout/Rock Blast/Earthquake | Graveler Lv50 (Rock Head): Rollout/Rock Blast/Earthquake/Explosion | Machoke Lv50 (No Guard): Vital Throw/Submission/Wake Up Slap/Cross Chop
391,policeman_danny_rematch_3,Policeman Danny Rematch 3,Policeman,953,425,0.692,2171,1115,1706.8,B+,Ace Trainer Shaye (Elo 2129.9),Hiker Parry Rematch 1 (Elo 1144.4),Medium Georgina (7 games),6.87,Noctowl Lv50 (Insomnia): Air Slash/Zen Headbutt/Extrasensory/Psycho Shift | Machamp Lv50 (Guts): Wake Up Slap/Cross Chop/Scary Face/Dynamic Punch
392,dragon_tamer_joe,Dragon Tamer Joe,Dragon Tamer,952,426,0.691,2201,1148,1743.9,B+,Leader Lt. Surge (Elo 2177.2),Jogger Scott (Elo 1074.7),Sailor Luther (7 games),6.02,Dratini Lv50 (Shed Skin): Dragon Rush/Safeguard/Dragon Dance/Outrage | Gabite Lv50 (Sand Veil): Slash/Dragon Claw/Dig/Dragon Rush
393,hgss_biker_ernest_0633,Biker Ernest Rematch 3,Trainerclass Biker,952,426,0.691,2222,1166,1691.3,B,Veteran Brian Rematch 1 (Elo 2087.6),Hiker Daniel (Elo 1029.3),Ace Trainer Joyce (7 games),8.22,Ursaring Lv50 (Guts): Scary Face/Rest/Snore/Thrash | Azumarill Lv50 (Huge Power): Double Edge/Rain Dance/Aqua Tail/Hydro Pump
394,dragon_tamer_stanley_postgame,Dragon Tamer Stanley Postgame,Dragon Tamer,948,430,0.688,2195,1162,1734.1,B+,Ace Trainer Jose Postgame (Elo 2103.5),Black Belt Kendal (Elo 1157.8),Ace Trainer Deanna Postgame (7 games),6.39,Dratini Lv50 (Shed Skin): Safeguard/Dragon Dance/Outrage/Hyper Beam | Altaria Lv50 (Natural Cure): Dragon Breath/Dragon Dance/Refresh/Dragon Pulse
395,hgss_bug_catcher_wade_0460,Bug Catcher Wade Rematch 2,Trainerclass Bug Catcher,948,430,0.688,2135,1104,1713.8,B+,Ace Trainer Rodolfo Rematch Postgame (Elo 2144.2),Pokefan Colin (Elo 1086.8),Super Nerd Teru (7 games),10.23,Butterfree Lv50 (Compound Eyes): Bug Bite/Silver Wind/Confusion/Gust | Butterfree Lv50 (Compound Eyes): Bug Buzz/Tailwind/Captivate/Safeguard | Beedrill Lv50 (Swarm): Bug Bite/Twineedle/Poison Jab/Focus Energy | Butterfree Lv50 (Compound Eyes): Bug Bite/Gust/Sleep Powder/Stun Spore
396,hgss_kimono_girl_sayo_0161,Kimono Girl Sayo,Trainerclass Kimono Girl,947,431,0.687,2159,1126,1724.7,B+,Leader Falkner Rematch (Elo 2314.3),Youngster Gordon (Elo 807.9),Executive Ariana Ariana (Rocket HQ) (7 games),6.43,Jolteon Lv50 (Volt Absorb): Last Resort/Thunderbolt/Double Team/Thunder Wave
397,clown_lee_rematch_3,Clown Lee Rematch 3,Clown,947,431,0.687,2245,1214,1720.6,B+,Ace Trainer Kassandra Postgame (Elo 2058.3),Scientist Mitch (Elo 802.1),Marley Victory Road (7 games),8.49,Mr Mime Lv50 (Soundproof): Psychic/Role Play/Baton Pass/Safeguard | Alakazam Lv50 (Synchronize): Calm Mind/Psychic/Future Sight/Trick | Ambipom Lv50 (Technician): Double Hit/Fling/Nasty Plot/Last Resort
398,hgss_young_couple_tim_sue_0650,Young Couple Tim & Sue Rematch 2,Trainerclass Young Couple,947,431,0.687,2185,1144,1718.3,B+,Leader Blaine (Elo 2179.9),Collector Edwin (Elo 897.8),Swimmer Elmo (7 games),4.15,Kadabra Lv50 (Synchronize): Recover/Psychic/Role Play/Reflect | Golduck Lv50 (Damp): Water Pulse/Amnesia/Zen Headbutt/Blizzard
399,psychic_chelsey_postgame,Psychic Chelsey Postgame,Psychic Female,947,431,0.687,2168,1134,1695.7,B+,Elite Four Koga (Elo 2209.9),Guitarist Arturo Rematch 2 (Elo 1061.2),Swimmer Crystal Rematch (7 games),6.35,Lunatone Lv50 (Levitate): Heal Block/Psychic/Future Sight/Explosion | Gardevoir Lv50 (Synchronize): Psychic/Imprison/Future Sight/Captivate
400,cyclist_john_rematch_2,Cyclist John Rematch 2,Cyclist Male,946,432,0.687,2214,1182,1717.3,B+,Ace Trainer Skylar Postgame (Elo 2016.9),Ninja Boy Brennan (Elo 1098.1),Poke Maniac Brent Rematch 1 (7 games),5.89,Staraptor Lv50 (Intimidate): Aerial Ace/Take Down/Close Combat/Agility | Staraptor Lv50 (Intimidate): Aerial Ace/Take Down/Close Combat/Agility
401,hgss_executive_petrel_petrel_rocket_hq,Executive Petrel Petrel (Rocket HQ),Trainerclass Executive Petrel,945,433,0.686,2134,1114,1712.2,B+,Executive Ariana Ariana (Radio Tower) (Elo 2006.7),Hiker Louis (Elo 1125.1),Worker Braden (7 games),9.72,Zubat Lv50 (Inner Focus): Astonish/Bite/Wing Attack/Confuse Ray | Raticate Lv50 (Guts): Hyper Fang/Sucker Punch/Scary Face/Crunch | Koffing Lv50 (Levitate): Smog/Smoke Screen/Assurance/Selfdestruct
402,hgss_psychic_m_vernon_0411,Psychic Vernon,Trainerclass Psychic M,941,437,0.683,2169,1162,1693.8,B,Ranger Taylor Rematch 3 (Elo 2132.5),Jogger Richard (Elo 1152.8),Bird Keeper Krystal Postgame (7 games),3.89,Espeon Lv50 (Synchronize): Confusion/Quick Attack/Swift/Psybeam
403,ninja_boy_zach_rematch_1,Ninja Boy Zach Rematch 1,Ninja Boy,941,437,0.683,2130,1126,1685.3,B,Leader Erika (Elo 2094.6),Pokefan Colin (Elo 1086.8),Hiker Anthony Rematch 2 (7 games),10.43,Zubat Lv50 (Inner Focus): Wing Attack/Confuse Ray/Air Cutter/Mean Look | Golbat Lv50 (Inner Focus): Bite/Wing Attack/Confuse Ray/Air Cutter | Golbat Lv50 (Inner Focus): Bite/Wing Attack/Confuse Ray/Air Cutter
404,ace_trainer_allen,Ace Trainer Allen,Ace Trainer Male,941,437,0.683,2168,1149,1680.9,B,Ace Trainer Natasha Postgame (Elo 2124.7),Galactic Grunt Team Galactic Eterna Building 2f 2 (Elo 896.7),Ace Trainer Gwen (7 games),8.19,Gastly Lv50 (Levitate): Night Shade/Sucker Punch/Curse/Confuse Ray | Gastly Lv50 (Levitate): Night Shade/Sucker Punch/Hypnosis/Confuse Ray | Haunter Lv50 (Levitate): Shadow Ball/Confuse Ray/Curse/Mean Look
405,galactic_grunt_lake_verity_2,Galactic Grunt Lake Verity 2,Galactic Grunt Female,939,439,0.681,2105,1104,1708.3,B+,Leader Sabrina (Elo 2199.7),Hiker Louis (Elo 1125.1),Sailor Zachariah Rematch (7 games),10.43,Glameow Lv50 (Limber): Fury Swipes/Faint Attack/Growl/Fake Out | Golbat Lv50 (Inner Focus): Air Cutter/Wing Attack/Bite/Supersonic | Murkrow Lv50 (Insomnia): Faint Attack/Night Shade/Wing Attack
406,hgss_school_kid_m_chad_0504,School Kid Chad Rematch 3,Trainerclass School Kid M,939,439,0.681,2228,1241,1694.3,B,Commander Mars Stark Mountain (Elo 2147.3),Picnicker Tiffany Rematch 1 (Elo 977.3),Guitarist Vincent (7 games),12.12,Mr Mime Lv50 (Soundproof): Baton Pass/Double Team/Light Screen/Psychic | Magneton Lv50 (Magnet Pull): Gyro Ball/Mirror Shot/Thunder Wave/Magnet Bomb
407,hgss_bird_keeper_gs_josh_0645,Bird Keeper Josh Rematch 3,Trainerclass Bird Keeper Gs,936,442,0.679,2128,1134,1687.1,B,Veteran Terrell (Elo 2129.2),Picnicker Gina (Elo 1137.7),Ace Trainer Fran (7 games),8.47,Skarmory Lv50 (Keen Eye): Steel Wing/Air Slash/Slash/Night Slash | Fearow Lv50 (Keen Eye): Agility/Assurance/Roost/Drill Peck
408,clown_lee_rematch_4,Clown Lee Rematch 4,Clown,935,443,0.679,2219,1246,1708.0,B+,Ace Trainer Arthur (Elo 2090.9),Youngster Joey Rematch 2 (Elo 1019.2),Ace Trainer Kobe (7 games),8.77,Mr Mime Lv50 (Soundproof): Psychic/Role Play/Baton Pass/Safeguard | Alakazam Lv50 (Synchronize): Calm Mind/Psychic/Future Sight/Trick | Ambipom Lv50 (Technician): Double Hit/Fling/Nasty Plot/Last Resort
409,interviewers_roxy_and_oli_rematch_4,Interviewers Roxy And Oli Rematch 4,Interviewers,935,443,0.679,2184,1202,1705.5,B+,Ranger Dwayne Postgame (Elo 2063.4),Picnicker Tori (Elo 1126.7),Lass Michelle (7 games),5.4,Magnezone Lv50 (Magnet Pull): Discharge/Mirror Shot/Magnet Rise/Gyro Ball | Gardevoir Lv50 (Synchronize): Psychic/Imprison/Future Sight/Captivate
410,hgss_ace_trainer_f_reena_0114,Ace Trainer Reena,Trainerclass Ace Trainer F,934,444,0.678,2101,1122,1705.8,B+,Veteran Harlan Postgame (Elo 2073.1),Black Belt Kendal (Elo 1157.8),Swimmer Colton (7 games),7.24,Growlithe Lv50 (Intimidate): Reversal/Fire Fang/Take Down/Flamethrower | Nidorina Lv50 (Poison Point): Poison Sting/Fury Swipes/Bite/Helping Hand | Staryu Lv50 (Illuminate): Camouflage/Swift/Bubble Beam/Minimize
411,ace_trainer_maya,Ace Trainer Maya,Ace Trainer Female,933,445,0.677,2113,1139,1690.9,B,Ranger Dwayne Postgame (Elo 2063.4),Bird Keeper Josh (Elo 1193.9),Bird Keeper Josh (7 games),9.53,Roselia Lv50 (Natural Cure): Toxic Spikes/Giga Drain/Leech Seed | Ralts Lv50 (Synchronize): Psychic/Magical Leaf/Calm Mind/Double Team | Lickitung Lv50 (Own Tempo): Supersonic/Stomp/Rollout/Defense Curl
412,hgss_medium_darcy_0369,Medium Darcy,Trainerclass Medium,933,445,0.677,2116,1140,1679.0,B,Elite Four Bruno Rematch (Elo 2340.1),Galactic Grunt Jubilife City 1 (Elo 881.7),Fisherman Martin (7 games),12.98,Slowpoke Lv50 (Own Tempo): Skill Swap/Amnesia/Disable/Psychic | Slowbro Lv50 (Own Tempo): Skill Swap/Slack Off/Psychic/Yawn
413,hgss_swimmer_m_tyson_0374,Swimmer Tyson,Trainerclass Swimmer M,932,446,0.676,2172,1205,1707.3,B+,Leader Blaine (Elo 2179.9),Lady Melissa (Elo 1118.6),Cyclist John Rematch 2 (7 games),8.51,Quagsire Lv50 (Water Absorb): Earthquake/Yawn/Surf/Amnesia | Octillery Lv50 (Sniper): Signal Beam/Wring Out/Octazooka/Aurora Beam
414,hgss_camper_dean_0149,Camper Dean,Trainerclass Camper,930,448,0.675,2122,1166,1740.3,B+,Ace Trainer Arthur (Elo 2090.9),Super Nerd Markus (Elo 1116.9),Psychic Landon (7 games),7.66,Golduck Lv50 (Cloud Nine): Fury Swipes/Screech/Psych Up/Zen Headbutt | Sandslash Lv50 (Sand Veil): Crush Claw/Fury Cutter/Sand Tomb/Slash
415,hgss_psychic_m_franklin_0230,Psychic Franklin,Trainerclass Psychic M,930,448,0.675,2129,1168,1664.2,B,Leader Janine (Elo 2218.8),Youngster Joey Rematch 1 (Elo 953.7),Fisherman Kyle Rematch 1 (7 games),4.88,Kadabra Lv50 (Inner Focus): Headbutt/Skill Swap/Psychic/Disable | Girafarig Lv50 (Early Bird): Crunch/Skill Swap/Double Hit/Psychic
416,hgss_camper_tanner_0655,Camper Tanner Rematch 1,Trainerclass Camper,929,449,0.674,2144,1182,1725.8,B+,Swimmer Lori (Elo 2062.2),Battle Girl Tyler (Elo 1174.3),Black Belt Ander (7 games),6.21,Sudowoodo Lv50 (Sturdy): Rock Tomb/Rock Slide/Slam/Sucker Punch | Chinchou Lv50 (Volt Absorb): Bubble Beam/Signal Beam/Discharge/Aqua Ring
417,hgss_biker_aiden_0629,Biker Aiden Rematch 2,Trainerclass Biker,929,449,0.674,2248,1288,1675.0,B,Veteran Brenden (Elo 2183.5),Picnicker Piper (Elo 902.4),Psychic Phil (7 games),8.14,Hypno Lv50 (Insomnia): Psych Up/Swagger/Psychic/Nasty Plot | Tentacruel Lv50 (Clear Body): Poison Jab/Screech/Hydro Pump/Wring Out
418,sailor_paul,Sailor Paul,Sailor,927,451,0.673,2124,1172,1716.0,B+,Ace Trainer Kassandra Postgame (Elo 2058.3),Gentleman Jeremy (Elo 1102.0),Ace Trainer Blake (7 games),12.02,Tentacool Lv50 (Clear Body): Bubble Beam/Wrap/Barrier/Water Pulse | Pelipper Lv50 (Keen Eye): Water Pulse/Payback/Protect/Roost | Machoke Lv50 (Guts): Seismic Toss/Revenge/Vital Throw/Submission
419,swimmer_joanna_rematch_postgame,Swimmer Joanna Rematch Postgame,Swimmer Female,927,451,0.673,2175,1218,1695.4,B,Leader Sabrina (Elo 2199.7),Aroma Lady Taylor (Elo 1010.8),Sage Nico (7 games),13.66,Luvdisc Lv50 (Swift Swim): Aqua Ring/Captivate/Flail/Safeguard | Corsola Lv50 (Hustle): Spike Cannon/Power Gem/Mirror Coat/Earth Power | Lapras Lv50 (Water Absorb): Brine/Safeguard/Hydro Pump/Sheer Cold
420,interviewers_roxy_and_oli_rematch_3,Interviewers Roxy And Oli Rematch 3,Interviewers,925,453,0.671,2140,1202,1710.0,B+,Ace Trainer Shaye (Elo 2129.9),Galactic Grunt Mt Coronet 5f 2 (Elo 1147.0),Young Couple Tim & Sue Rematch 3 (7 games),5.31,Magnezone Lv50 (Magnet Pull): Screech/Discharge/Mirror Shot/Magnet Rise | Gardevoir Lv50 (Synchronize): Psychic/Imprison/Future Sight/Captivate
421,hgss_fisherman_murphy_0586,Fisherman Murphy,Trainerclass Fisherman,925,453,0.671,2063,1129,1708.1,B+,Ace Trainer Felix Postgame (Elo 2028.0),Lass Samantha Rematch 1 (Elo 895.9),Ranger Ashlee Rematch Postgame (7 games),10.01,Corsola Lv50 (Hustle): Rock Blast/Bubble Beam/Lucky Chant/Ancient Power | Corsola Lv50 (Hustle): Rock Blast/Bubble Beam/Lucky Chant/Ancient Power | Corsola Lv50 (Hustle): Rock Blast/Bubble Beam/Lucky Chant/Ancient Power | Corsola Lv50 (Hustle): Bubble Beam/Lucky Chant/Ancient Power/Aqua Ring
422,psychic_maxwell,Psychic Maxwell,Psychic Male,925,453,0.671,2128,1185,1704.4,B+,Ace Trainer Moira Rematch Postgame (Elo 2081.5),Youngster Joey Rematch 1 (Elo 953.7),Ace Trainer Arabella (7 games),5.82,Misdreavus Lv50 (Levitate): Shadow Ball/Perish Song/Grudge/Power Gem | Haunter Lv50 (Levitate): Shadow Ball/Dream Eater/Dark Pulse/Destiny Bond
423,ranger_krista,Ranger Krista,Ranger Female,922,456,0.669,2091,1163,1693.3,B,Galactic Boss Cyrus Celestic Town Ruins (Elo 2143.2),School Kid Chance (Elo 994.0),Biker Ernest Rematch 2 (7 games),7.21,Lairon Lv50 (Sturdy): Metal Sound/Iron Tail/Double Edge/Metal Burst | Marowak Lv50 (Rock Head): Fling/Bone Rush/Endeavor/Double Edge
424,hgss_ace_trainer_f_jamie_0113,Ace Trainer Jamie,Trainerclass Ace Trainer F,922,456,0.669,2083,1161,1679.3,B,Ace Trainer Mariah (Elo 2104.4),Boarder Patton (Elo 1024.0),Swimmer Wesley Rematch (7 games),7.41,Rapidash Lv50 (Flash Fire): Stomp/Fire Spin/Will O Wisp/Agility | Flaaffy Lv50 (Static): Discharge/Cotton Spore/Thunder Wave/Charge
425,worker_brendon,Worker Brendon,Worker,922,456,0.669,2089,1162,1647.2,B,Leader Lt. Surge (Elo 2177.2),Black Belt Derek (Elo 1061.2),Swimmer Wesley (7 games),5.42,Geodude Lv50 (Rock Head): Rollout/Rock Blast/Earthquake/Explosion | Geodude Lv50 (Rock Head): Rollout/Rock Blast/Earthquake/Explosion | Machoke Lv50 (Guts): Revenge/Vital Throw/Submission/Wake Up Slap
426,ace_trainer_anton,Ace Trainer Anton,Ace Trainer Snow Male,921,457,0.668,2160,1233,1662.8,B,Veteran Terrell (Elo 2129.2),Firebreather Richard (Elo 1062.1),Bug Catcher Brandon Rematch 2 (7 games),4.02,Glalie Lv50 (Inner Focus): Ice Beam/Crunch
427,reporter_kinsey_rematch_3,Reporter Kinsey Rematch 3,Reporter,920,458,0.668,2281,1362,1704.4,B+,Leader Sabrina (Elo 2199.7),Tower Tycoon Palmer (Elo 852.8),Bug Catcher Wade Rematch 3 (7 games),6.54,Drifblim Lv50 (Aftermath): Ominous Wind/Baton Pass/Shadow Ball/Explosion | Luxray Lv50 (Rivalry): Swagger/Thunder Fang/Crunch/Scary Face
428,interviewers_roxy_and_oli_rematch_2,Interviewers Roxy And Oli Rematch 2,Interviewers,919,459,0.667,2167,1255,1689.9,B,Leader Maylene (Elo 2063.1),Scientist Mitch (Elo 802.1),Juggler Irwin Rematch 3 (7 games),4.55,Magneton Lv50 (Magnet Pull): Magnet Bomb/Screech/Discharge/Mirror Shot | Gardevoir Lv50 (Synchronize): Calm Mind/Psychic/Imprison/Future Sight
429,collector_ivan_rematch,Collector Ivan Rematch,Collector,916,462,0.665,2203,1300,1686.0,B,Ace Trainer Gaven Rematch 2 (Elo 2028.0),Psychic Fidel (Elo 1153.9),Ace Trainer Kate (7 games),4.65,Togekiss Lv50 (Hustle): Sky Attack/Extreme Speed/Aura Sphere/Air Slash
430,hgss_juggler_irwin_0455,Juggler Irwin Rematch 2,Trainerclass Juggler,914,464,0.663,2073,1177,1691.2,B,Ace Trainer Rodolfo Rematch Postgame (Elo 2144.2),Black Belt Ricky (Elo 1100.3),Dragon Tamer Keegan (7 games),8.51,Voltorb Lv50 (Soundproof): Light Screen/Charge Beam/Selfdestruct/Swift | Voltorb Lv50 (Static): Charge Beam/Selfdestruct/Swift/Magnet Rise | Voltorb Lv50 (Static): Charge Beam/Selfdestruct/Swift/Magnet Rise | Electrode Lv50 (Static): Charge Beam/Selfdestruct/Swift/Magnet Rise
431,hgss_lass_michelle_0356,Lass Michelle,Trainerclass Lass,911,467,0.661,2146,1263,1731.2,B+,Ace Trainer Moira Postgame (Elo 2082.7),Twins Amy & Mimi (Elo 845.9),Swimmer Jerome (7 games),13.45,Skiploom Lv50 (Chlorophyll): Giga Drain/U Turn/Leech Seed/Sunny Day | Hoppip Lv50 (Chlorophyll): Giga Drain/U Turn/Stun Spore/Bounce | Jumpluff Lv50 (Chlorophyll): Giga Drain/U Turn/Sleep Powder/Sunny Day
432,hgss_boarder_shaun_0679,Boarder Shaun,Trainerclass Boarder,911,467,0.661,2132,1254,1684.9,B,Ace Trainer Moira Postgame (Elo 2082.7),Hiker Parry Rematch 1 (Elo 1144.4),School Kid Billy (7 games),9.79,Cloyster Lv50 (Shell Armor): Aurora Beam/Protect/Spikes/Spike Cannon | Dewgong Lv50 (Thick Fat): Take Down/Dive/Aqua Tail/Ice Beam
433,hgss_twins_day_dani_0595,Twins Day & Dani,Trainerclass Twins,911,467,0.661,2179,1298,1638.6,B,Rival Silver Feraligatr (DD) (Elo 2222.8),Arcade Star Dahlia (Elo 893.1),Psychic Corbin Rematch Postgame (7 games),4.08,Plusle Lv50 (Plus): Copycat/Swift/Charge/Thunder | Minun Lv50 (Minus): Swift/Fake Tears/Charge/Thunder
434,scientist_shaun_rematch_2,Scientist Shaun Rematch 2,Scientist,911,467,0.661,2144,1249,1636.8,B,Commander Mars Lake Verity (Elo 2070.7),Rancher Marco (Elo 1144.8),Black Belt Kenji Rematch 3 (7 games),6.16,Magneton Lv50 (Magnet Pull): Magnet Bomb/Screech/Discharge/Mirror Shot | Kadabra Lv50 (Synchronize): Psycho Cut/Role Play/Psychic/Future Sight
435,hgss_youngster_jimmy_0379,Youngster Jimmy,Trainerclass Youngster,910,468,0.66,2107,1236,1690.4,B,Dragon Tamer Geoffrey Rematch Postgame (Elo 2072.8),Poke Kid Ariel Postgame (Elo 1077.8),Skier Andrea Rematch 2 (7 games),10.09,Raticate Lv50 (Run Away): Crunch/Assurance/Super Fang/Double Edge | Arbok Lv50 (Intimidate): Swallow/Spit Up/Mud Bomb/Gastro Acid | Parasect Lv50 (Effect Spore): Spore/Slash/Growth/Giga Drain
436,hgss_kimono_girl_miki_0164,Kimono Girl Miki,Trainerclass Kimono Girl,908,470,0.659,2113,1242,1643.4,B,Leader Candice (Elo 2268.1),Collector Ivan (Elo 1010.7),Reporter Kinsey Rematch 4 (7 games),3.97,Flareon Lv50 (Flash Fire): Last Resort/Fire Blast/Quick Attack/Will O Wisp
437,hgss_sailor_kenneth_0241,Sailor Kenneth,Trainerclass Sailor,906,472,0.657,2039,1170,1671.9,B,Ace Trainer Kassandra Postgame (Elo 2058.3),School Kid Chance (Elo 994.0),Bird Keeper Brianna (7 games),9.06,Machop Lv50 (Guts): Revenge/Vital Throw/Submission/Wake Up Slap | Machop Lv50 (No Guard): Revenge/Vital Throw/Submission/Wake Up Slap | Poliwrath Lv50 (Damp): Bubble Beam/Hypnosis/Double Slap/Submission | Machop Lv50 (No Guard): Revenge/Vital Throw/Submission/Wake Up Slap
438,hgss_firebreather_walt_0617,Firebreather Walt Rematch 2,Trainerclass Firebreather,905,473,0.657,2105,1246,1664.5,B,Ace Trainer Natasha Postgame (Elo 2124.7),Twins Emma And Lil (Elo 1078.3),Youngster Ian Rematch 2 (7 games),7.4,Magmar Lv50 (Flame Body): Faint Attack/Fire Spin/Confuse Ray/Fire Punch | Magmar Lv50 (Flame Body): Fire Spin/Confuse Ray/Fire Punch/Lava Plume
439,guitarist_jerry,Guitarist Jerry,Guitarist,905,473,0.657,2128,1263,1650.2,B,School Kid Jack Rematch 3 (Elo 2011.1),Tuber Conner (Elo 1005.1),Belle And Pa Beth And Bob (7 games),8.32,Magnemite Lv50 (Magnet Pull): Magnet Bomb/Screech/Discharge/Mirror Shot | Luxio Lv50 (Rivalry): Swagger/Thunder Fang/Crunch/Scary Face | Luxio Lv50 (Rivalry): Swagger/Thunder Fang/Crunch/Scary Face
440,hgss_young_couple_vic_tara_0554,Young Couple Vic & Tara,Trainerclass Young Couple,905,473,0.657,2133,1275,1644.7,B,Ace Trainer Arthur (Elo 2090.9),Sailor Marc (Elo 1033.9),Black Belt Ray Postgame (7 games),3.73,Magmar Lv50 (Flame Body): Sunny Day/Flamethrower/Confuse Ray/Fire Spin | Sunflora Lv50 (Solar Power): Solar Beam/Razor Leaf/Ingrain/Mega Drain
441,ace_trainer_isaiah,Ace Trainer Isaiah,Ace Trainer Snow Male,904,474,0.656,2089,1229,1678.9,B,Leader Lt. Surge (Elo 2177.2),Swimmer Wendy (Elo 1120.5),Lass Ellen (7 games),3.3,Piloswine Lv50 (Oblivious): Earthquake/Fury Attack/Ice Fang/Ancient Power
442,fisherman_kenneth,Fisherman Kenneth,Fisherman,904,474,0.656,2105,1246,1659.3,B,Ace Trainer Ruben (Elo 1974.9),Galactic Grunt Lake Verity 1 (Elo 978.0),Sailor Zachariah Rematch (7 games),8.35,Remoraid Lv50 (Hustle): Psybeam/Aurora Beam/Bubble Beam/Focus Energy | Remoraid Lv50 (Hustle): Psybeam/Aurora Beam/Bubble Beam/Focus Energy | Gyarados Lv50 (Intimidate): Thrash/Bite/Dragon Rage/Leer
443,hgss_sailor_huey_0506,Sailor Huey Rematch 3,Trainerclass Sailor,902,476,0.655,2135,1282,1659.5,B,Ace Trainer Maria (Elo 2026.9),Elder Li (Elo 1117.8),Clown Lee Rematch 2 (7 games),7.43,Politoed Lv50 (Water Absorb): Whirlpool/Rain Dance/Body Slam/Perish Song | Poliwrath Lv50 (Water Absorb): Surf/Strength/Ice Punch/Submission
444,fisherman_miguel,Fisherman Miguel,Fisherman,902,476,0.655,2088,1228,1643.4,B,Ace Trainer Maya Rematch 2 (Elo 2092.1),Breeder Kahlil (Elo 1063.5),Commander Jupiter Team Galactic Eterna Building (7 games),9.97,Gyarados Lv50 (Intimidate): Dragon Rage/Leer/Twister/Ice Fang | Gyarados Lv50 (Intimidate): Dragon Rage/Leer/Twister/Ice Fang
445,hgss_pokefan_m_alex_0492,Pokefan Alex,Trainerclass Pokefan M,901,477,0.654,2069,1231,1681.6,B,Ace Trainer Arthur (Elo 2090.9),Team Rocket Grunt Hideout 9 (Elo 1206.4),Young Couple Mike And Nat (7 games),9.28,Nidoking Lv50 (Rivalry): Focus Energy/Double Kick/Poison Sting/Thrash | Slowking Lv50 (Own Tempo): Confusion/Disable/Headbutt/Water Pulse | Magikarp Lv50 (Swift Swim): Splash/Tackle/Flail
446,hgss_biker_charles_0312,Biker Charles,Trainerclass Biker,899,479,0.652,2074,1228,1667.3,B,Veteran Brian Rematch 2 (Elo 2204.8),Lady Kylie (Elo 1060.8),School Kid Torin Rematch 1 (7 games),6.74,Koffing Lv50 (Levitate): Sludge/Haze/Gyro Ball/Explosion | Charmeleon Lv50 (Blaze): Scary Face/Fire Fang/Slash/Flamethrower | Weezing Lv50 (Levitate): Sludge/Haze/Double Hit/Explosion
447,hgss_super_nerd_shawn_0367,Super Nerd Shawn,Trainerclass Super Nerd,895,483,0.649,2079,1258,1681.5,B,Ace Trainer Quinn Postgame (Elo 2060.8),Medium Margaret (Elo 1085.1),Psychic Rodney (7 games),10.74,Magnemite Lv50 (Sturdy): Lock On/Magnet Bomb/Screech/Discharge | Muk @ Nugget Lv50 (Sticky Hold): Mud Bomb/Fling/Screech/Sludge Bomb | Magnemite Lv50 (Sturdy): Lock On/Magnet Bomb/Screech/Discharge
448,idol_grace_rematch_3,Idol Grace Rematch 3,Idol,894,484,0.649,1995,1184,1677.8,B,Dragon Tamer Geoffrey Rematch Postgame (Elo 2072.8),Super Nerd Markus (Elo 1116.9),Biker Aiden (7 games),25.39,Clefairy Lv50 (Cute Charm): Moonlight/Light Screen/Meteor Mash/Healing Wish | Clefairy Lv50 (Cute Charm): Moonlight/Light Screen/Meteor Mash/Healing Wish | Clefairy Lv50 (Cute Charm): Moonlight/Light Screen/Meteor Mash/Healing Wish | Clefairy Lv50 (Cute Charm): Moonlight/Light Screen/Meteor Mash/Healing Wish | Clefairy Lv50 (Cute Charm): Moonlight/Light Screen/Meteor Mash/Healing Wish
449,bird_keeper_brianna_rematch_1,Bird Keeper Brianna Rematch 1,Bird Keeper,894,484,0.649,2030,1212,1676.8,B,School Kid Alan Rematch 3 (Elo 2021.5),Scientist Trenton (Elo 1197.9),Poke Maniac Morgan (7 games),7.17,Noctowl Lv50 (Insomnia): Take Down/Air Slash/Zen Headbutt/Extrasensory | Noctowl Lv50 (Insomnia): Take Down/Air Slash/Zen Headbutt/Extrasensory
450,sailor_marc_rematch_1,Sailor Marc Rematch 1,Sailor,893,485,0.648,2175,1373,1673.2,B,Ranger Taylor Rematch 3 (Elo 2132.5),Swimmer Paula (Elo 1029.5),Ranger Ashlee Postgame (7 games),11.34,Mantine Lv50 (Swift Swim): Confuse Ray/Bounce/Aqua Ring/Hydro Pump | Machoke Lv50 (Guts): Wake Up Slap/Cross Chop/Scary Face/Dynamic Punch
451,clown_lee_rematch_2,Clown Lee Rematch 2,Clown,891,487,0.647,2106,1313,1645.5,B,Ace Trainer Gaven Rematch 3 (Elo 2062.3),Team Rocket Grunt Slowpoke Well 1 (Elo 1081.8),Swimmer Kurt Postgame (7 games),8.08,Mr Mime Lv50 (Soundproof): Recycle/Trick/Psychic/Role Play | Kadabra Lv50 (Synchronize): Psycho Cut/Role Play/Psychic/Future Sight | Ambipom Lv50 (Technician): Double Hit/Fling/Nasty Plot/Last Resort
452,hgss_school_kid_m_sherman_0543,School Kid Sherman,Trainerclass School Kid M,889,489,0.645,2102,1301,1632.5,B-,Cheryl Battleground (Elo 2309.1),Maid Belinda (Elo 971.5),Picnicker Tiffany Rematch 2 (7 games),13.27,Furret Lv50 (Run Away): Double Team/Baton Pass/Amnesia/Slam | Pidgeot Lv50 (Keen Eye): Roost/Wing Attack/Steel Wing/Return
453,hgss_hiker_michael_0144,Hiker Michael,Trainerclass Hiker,888,490,0.644,2153,1367,1676.1,B,Leader Volkner Fight Area (Elo 2227.5),Fisherman Kyler Rematch 1 (Elo 656.7),Picnicker Tiffany Rematch 3 (7 games),4.28,Geodude Lv50 (Sturdy): Magnitude/Selfdestruct/Rollout/Rock Blast | Graveler Lv50 (Sturdy): Rock Throw/Magnitude/Selfdestruct/Rollout | Golem Lv50 (Sturdy): Rock Throw/Magnitude/Selfdestruct/Rollout
454,hgss_twins_kay_tia_0641,Twins Kay & Tia Rematch 2,Trainerclass Twins,887,491,0.644,2015,1220,1675.7,B,Rival Silver Typhlosion (DD) (Elo 2251.3),Picnicker Selina (Elo 862.1),Socialite Reina Rematch 1 (7 games),5.13,Quagsire Lv50 (Damp): Rain Dance/Surf/Muddy Water/Earthquake | Quagsire Lv50 (Damp): Amnesia/Surf/Muddy Water/Protect
455,hgss_fisherman_scott_0413,Fisherman Scott,Trainerclass Fisherman,887,491,0.644,2075,1294,1666.2,B,Breeder Albert Rematch 3 (Elo 2012.1),Aroma Lady Angela (Elo 1126.7),Twins Kay & Tia Rematch 1 (7 games),9.76,Qwilfish Lv50 (Swift Swim): Water Gun/Revenge/Rollout/Poison Sting | Qwilfish Lv50 (Swift Swim): Water Gun/Revenge/Stockpile/Spit Up | Seaking Lv50 (Water Veil): Fury Attack/Aqua Ring/Flail/Water Pulse
456,hgss_bird_keeper_gs_vance_0448,Bird Keeper Vance Rematch 2,Trainerclass Bird Keeper Gs,887,491,0.644,2002,1213,1645.1,B,School Kid Alan Rematch 2 (Elo 1963.4),Gentleman Edward (Elo 1158.4),Fisherman Ralph Rematch 3 (7 games),12.17,Pidgeotto Lv50 (Keen Eye): Twister/Feather Dance/Agility/Wing Attack | Pidgeot Lv50 (Keen Eye): Twister/Feather Dance/Agility/Wing Attack | Noctowl Lv50 (Insomnia): Take Down/Air Slash/Zen Headbutt/Extrasensory
457,hgss_bird_keeper_gs_josh_0643,Bird Keeper Josh Rematch 1,Trainerclass Bird Keeper Gs,886,492,0.643,2062,1272,1639.4,B,Ace Trainer Maya Rematch 2 (Elo 2092.1),Cyclist Kayla Rematch 1 (Elo 943.3),Picnicker Erin Rematch 2 (7 games),9.52,Fearow Lv50 (Keen Eye): Agility/Assurance/Roost/Drill Peck | Skarmory Lv50 (Keen Eye): Metal Sound/Steel Wing/Air Slash/Slash
458,fisherman_luc,Fisherman Luc,Fisherman,884,494,0.642,2051,1267,1657.8,B,Camper Todd Rematch 3 (Elo 2027.4),Breeder Kahlil (Elo 1063.5),Ace Trainer Paulo (7 games),12.15,Remoraid Lv50 (Hustle): Aurora Beam/Bubble Beam/Focus Energy/Bullet Seed | Remoraid Lv50 (Hustle): Aurora Beam/Bubble Beam/Focus Energy/Bullet Seed | Remoraid Lv50 (Hustle): Aurora Beam/Bubble Beam/Focus Energy/Bullet Seed | Gyarados Lv50 (Intimidate): Bite/Dragon Rage/Leer/Twister | Remoraid Lv50 (Hustle): Aurora Beam/Bubble Beam/Focus Energy/Bullet Seed
459,hgss_school_kid_m_kipp_0179,School Kid Kipp,Trainerclass School Kid M,883,495,0.641,2046,1273,1608.5,B-,Ace Trainer French (Elo 2065.6),Psychic Elijah (Elo 1111.7),Picnicker Cindy (7 games),11.75,Voltorb Lv50 (Static): Charge Beam/Selfdestruct/Swift/Magnet Rise | Magnemite Lv50 (Sturdy): Spark/Lock On/Magnet Bomb/Screech | Voltorb Lv50 (Static): Selfdestruct/Swift/Magnet Rise/Gyro Ball | Magneton Lv50 (Sturdy): Lock On/Magnet Bomb/Screech/Discharge
460,hgss_pokefan_m_joshua_0349,Pokefan Joshua,Trainerclass Pokefan M,882,496,0.64,1983,1207,1709.2,B+,Camper Bertrand (Elo 1986.3),Worker Colin (Elo 882.9),Lady Celeste (7 games),13.09,Pikachu Lv50 (Static): Double Team/Slam/Thunderbolt/Feint | Pikachu Lv50 (Static): Double Team/Slam/Thunderbolt/Feint | Pikachu Lv50 (Static): Double Team/Slam/Thunderbolt/Feint | Pikachu Lv50 (Static): Double Team/Slam/Thunderbolt/Feint | Pikachu Lv50 (Static): Double Team/Slam/Thunderbolt/Feint | Pikachu Lv50 (Static): Double Team/Slam/Thunderbolt/Feint
461,hgss_fisherman_ralph_0512,Fisherman Ralph Rematch 3,Trainerclass Fisherman,882,496,0.64,2120,1349,1638.3,B,Ace Trainer Reena Rematch 2 (Elo 2143.4),Breeder Kahlil (Elo 1063.5),Bird Keeper Vance Rematch 2 (7 games),6.71,Qwilfish Lv50 (Poison Point): Take Down/Aqua Tail/Poison Jab/Destiny Bond | Seaking Lv50 (Swift Swim): Fury Attack/Waterfall/Horn Drill/Agility
462,veteran_emanuel,Veteran Emanuel,Veteran,881,497,0.639,1996,1229,1679.5,B,Dragon Tamer Geoffrey Rematch Postgame (Elo 2072.8),Bird Keeper Alexandra (Elo 1083.8),Fisherman Wilton Rematch 1 (7 games),8.3,Machoke Lv50 (Guts): Seismic Toss/Low Kick/Foresight | Bronzor Lv50 (Levitate): Extrasensory/Tackle/Confuse Ray
463,hgss_camper_barry_0084,Camper Barry,Trainerclass Camper,881,497,0.639,2085,1311,1674.1,B,Leader Volkner Rematch (Elo 2363.3),Sailor Terrell (Elo 943.6),Ace Trainer Cody (7 games),4.02,Nidoking Lv50 (Rivalry): Poison Jab/Focus Energy/Earth Power/Focus Blast
464,camper_lawrence,Camper Lawrence,Camper,881,497,0.639,2017,1248,1657.1,B,Swimmer Lori (Elo 2062.2),Black Belt Carl (Elo 1215.9),Psychic Landon (7 games),7.28,Aipom Lv50 (Run Away): Swift/Screech/Agility/Double Hit | Floatzel Lv50 (Swift Swim): Swift/Aqua Jet/Crunch/Agility
465,marley_victory_road,Marley Victory Road,Trainer Marley,881,497,0.639,2040,1283,1640.7,B,Leader Bugsy Rematch (Elo 2368.8),Camper Virgil (Elo 1037.7),Leader Gardenia (7 games),5.08,Arcanine Lv50 (Intimidate): Extreme Speed/Fire Fang/Helping Hand/Agility
466,psychic_brittney,Psychic Brittney,Psychic Female,879,499,0.638,2119,1368,1697.3,B+,Leader Lt. Surge (Elo 2177.2),Collector Edwin (Elo 897.8),Swimmer Claire (7 games),6.87,Drowzee Lv50 (Insomnia): Psychic/Nasty Plot/Zen Headbutt/Future Sight | Alakazam Lv50 (Synchronize): Calm Mind/Psychic/Future Sight/Trick
467,hgss_juggler_irwin_0524,Juggler Irwin Rematch 3,Trainerclass Juggler,879,499,0.638,2030,1270,1622.2,B-,Galactic Boss Cyrus Celestic Town Ruins (Elo 2143.2),Worker Colin (Elo 882.9),Swimmer Troy (7 games),13.6,Voltorb Lv50 (Soundproof): Rollout/Spark/Sonic Boom/Charge | Voltorb Lv50 (Static): Charge Beam/Charge/Light Screen/Swift | Electrode Lv50 (Static): Thunder/Screech/Charge Beam/Rain Dance | Electrode Lv50 (Static): Thunder/Mirror Coat/Magnet Rise/Thunder Wave
468,ranger_ashlee_postgame,Ranger Ashlee Postgame,Ranger Female,878,500,0.637,2115,1348,1633.2,B-,Ace Trainer Olivia Rematch (Elo 2116.2),Sailor Marc (Elo 1033.9),Sailor Marc Rematch 1 (7 games),7.85,Linoone Lv50 (Pickup): Covet/Slash/Rest/Belly Drum | Arbok Lv50 (Intimidate): Spit Up/Mud Bomb/Gastro Acid/Haze
469,swimmer_glenn_rematch_postgame,Swimmer Glenn Rematch Postgame,Swimmer Male,877,501,0.636,2105,1348,1671.0,B,Dragon Tamer Geoffrey Rematch Postgame (Elo 2072.8),Lady Kylie (Elo 1060.8),Youngster Austin (7 games),7.17,Octillery Lv50 (Suction Cups): Wring Out/Signal Beam/Ice Beam/Hyper Beam | Politoed Lv50 (Water Absorb): Perish Song/Swagger/Bounce/Hyper Voice
470,ninja_boy_joel,Ninja Boy Joel,Ninja Boy,877,501,0.636,2010,1257,1667.3,B,Ace Trainer Gaven Rematch 1 (Elo 1998.2),Cyclist Megan (Elo 1114.5),Swimmer Jessica (7 games),12.7,Zubat Lv50 (Inner Focus): Wing Attack/Confuse Ray/Air Cutter/Mean Look | Skorupi Lv50 (Battle Armor): Pin Missile/Acupressure/Scary Face/Toxic Spikes | Stunky Lv50 (Stench): Smoke Screen/Feint/Slash/Toxic | Golbat Lv50 (Inner Focus): Bite/Wing Attack/Confuse Ray/Air Cutter
471,hgss_team_rocket_f_grunt_radio_tower_10_0200,Team Rocket Grunt Radio Tower 10,Trainerclass Team Rocket F,877,501,0.636,2009,1259,1657.1,B,Camper Tanner Rematch 3 (Elo 2003.9),School Kid Connor (Elo 971.4),Socialite Reina (7 games),14.83,Ekans Lv50 (Intimidate): Bite/Glare/Screech/Acid | Oddish Lv50 (Chlorophyll): Poison Powder/Stun Spore/Sleep Powder/Mega Drain | Ekans Lv50 (Shed Skin): Bite/Glare/Screech/Acid | Gloom Lv50 (Chlorophyll): Poison Powder/Stun Spore/Sleep Powder/Mega Drain
472,swimmer_katelyn,Swimmer Katelyn,Swimmer Female,877,501,0.636,2038,1291,1650.9,B,Leader Pryce (Elo 2051.2),Lady Melissa (Elo 1118.6),Youngster Wayne (7 games),11.33,Buizel Lv50 (Swift Swim): Aqua Jet/Sonic Boom/Quick Attack/Attract | Medicham Lv50 (Pure Power): Confusion/Brick Break/Meditate/Light Screen | Seaking Lv50 (Swift Swim): Water Pulse/Horn Attack/Aqua Ring/Captivate
473,collector_brady,Collector Brady,Collector,875,503,0.635,2010,1262,1636.1,B-,Youngster Dallas Rematch 3 (Elo 2078.6),Jogger Raul (Elo 1079.1),Psychic Corbin Rematch Postgame (7 games),20.0,Skorupi Lv50 (Battle Armor): Leer/Knock Off/Pin Missile/Acupressure | Tangela Lv50 (Chlorophyll): Absorb/Growth/Poison Powder/Vine Whip | Yanma Lv50 (Speed Boost): Quick Attack/Double Team/Sonic Boom/Detect | Carnivine Lv50 (Levitate): Bite/Vine Whip/Sweet Scent/Ingrain | Croagunk Lv50 (Anticipation): Poison Sting/Taunt/Pursuit/Faint Attack | Tropius Lv50 (Chlorophyll): Growth/Razor Leaf/Stomp/Sweet Scent
474,psychic_landon,Psychic Landon,Psychic Male,874,504,0.634,2172,1434,1638.9,B,Veteran Edgar (Elo 2215.2),School Kid Chad (Elo 742.0),Ranger Taylor (7 games),7.1,Shuppet Lv50 (Insomnia): Shadow Ball/Will O Wisp/Sucker Punch/Confuse Ray | Alakazam Lv50 (Synchronize): Psychic/Future Sight/Recover/Focus Blast
475,hgss_picnicker_gina_0334,Picnicker Gina Rematch 2,Trainerclass Picnicker,873,505,0.634,2032,1288,1646.7,B,Ace Trainer Reena Rematch 2 (Elo 2143.4),Galactic Grunt Mt Coronet 3f 1 (Elo 1044.4),Scientist Shaun Rematch 1 (7 games),13.68,Skiploom Lv50 (Chlorophyll): Stun Spore/Sleep Powder/Bullet Seed/Leech Seed | Skiploom Lv50 (Chlorophyll): Stun Spore/Sleep Powder/Bullet Seed/Leech Seed | Ivysaur Lv50 (Overgrow): Double Edge/Worry Seed/Synthesis/Solar Beam
476,hgss_hiker_kenny_0358,Hiker Kenny,Trainerclass Hiker,872,506,0.633,2092,1358,1652.8,B,Commander Mars Stark Mountain (Elo 2147.3),Twins Emma And Lil (Elo 1078.3),Firebreather Walt Rematch 3 (7 games),7.07,Sandslash Lv50 (Sand Veil): Swift/Fury Swipes/Rollout/Crush Claw | Graveler Lv50 (Rock Head): Magnitude/Selfdestruct/Rollout/Rock Blast | Golem Lv50 (Rock Head): Selfdestruct/Rollout/Rock Blast/Earthquake
477,hgss_ace_trainer_f_piper_0498,Ace Trainer Piper,Trainerclass Ace Trainer F,872,506,0.633,2017,1262,1645.1,B,Ace Trainer Omar (Elo 2034.4),Cyclist Kayla Rematch 1 (Elo 943.3),Sailor Huey Rematch 2 (7 games),9.1,Horsea Lv50 (Sniper): Smoke Screen/Leer/Brine/Twister | Horsea Lv50 (Sniper): Smoke Screen/Leer/Brine/Twister | Seadra Lv50 (Sniper): Agility/Leer/Waterfall/Twister
478,hgss_hiker_bruce_0544,Hiker Bruce,Trainerclass Hiker,872,506,0.633,2089,1359,1633.6,B-,Elite Four Flint Fight Area (Elo 2283.3),Tuber Conner (Elo 1005.1),Sailor Stanly (7 games),7.49,Graveler Lv50 (Rock Head): Rollout/Rock Blast/Earthquake/Explosion | Rhydon Lv50 (Lightning Rod): Rock Blast/Take Down/Horn Drill/Hammer Arm | Clefairy Lv50 (Cute Charm): Gravity/Moonlight/Light Screen/Meteor Mash
479,ranger_allison,Ranger Allison,Ranger Female,871,507,0.632,1985,1258,1657.8,B,Ace Trainer Rodolfo Rematch Postgame (Elo 2144.2),Guitarist Arturo Rematch 4 (Elo 1004.3),Sailor Marc Rematch 2 (7 games),10.03,Marill Lv50 (Thick Fat): Rollout/Bubble Beam/Aqua Ring/Double Edge | Leafeon Lv50 (Leaf Guard): Sand Attack/Razor Leaf/Quick Attack/Synthesis
480,policeman_thomas,Policeman Thomas,Policeman,871,507,0.632,2016,1285,1650.8,B,Camper Todd Rematch 3 (Elo 2027.4),Twins Emma And Lil (Elo 1078.3),Team Rocket Grunt Underground 7 (7 games),6.84,Noctowl Lv50 (Insomnia): Take Down/Air Slash/Zen Headbutt/Extrasensory | Machoke Lv50 (Guts): Vital Throw/Submission/Wake Up Slap/Cross Chop
481,school_kid_forrest,School Kid Forrest,School Kid Male,870,508,0.631,2082,1354,1653.3,B,Elite Four Koga (Elo 2209.9),Skier Diana (Elo 990.7),Scientist Shaun Rematch 2 (7 games),4.48,Magneton Lv50 (Magnet Pull): Thunderbolt/Tri Attack/Mirror Shot
482,bug_catcher_brandon_rematch_2,Bug Catcher Brandon Rematch 2,Bug Catcher,870,508,0.631,2027,1318,1643.7,B,Ace Trainer Rodolfo Postgame (Elo 1986.1),Youngster Tristan Rematch 1 (Elo 1056.7),Ace Trainer Anton (7 games),15.15,Dustox Lv50 (Shield Dust): Protect/Moonlight/Psybeam/Whirlwind | Kricketune Lv50 (Swarm): Sing/Focus Energy/Slash/X Scissor | Scyther Lv50 (Swarm): Wing Attack/Fury Cutter/Slash/Razor Wind
483,hgss_fisherman_jonah_0128,Fisherman Jonah,Trainerclass Fisherman,870,508,0.631,2023,1300,1629.8,B-,Ace Trainer Felix Postgame (Elo 2028.0),Picnicker Brooke (Elo 808.2),Ace Trainer Catherine (7 games),11.97,Shellder Lv50 (Shell Armor): Leer/Clamp/Ice Shard/Aurora Beam | Octillery Lv50 (Sniper): Focus Energy/Octazooka/Bullet Seed/Wring Out | Remoraid Lv50 (Sniper): Bubble Beam/Focus Energy/Bullet Seed/Water Pulse | Cloyster Lv50 (Skill Link): Supersonic/Aurora Beam/Protect/Spikes
484,hgss_biker_dan_0572,Biker Dan,Trainerclass Biker,868,510,0.63,1982,1267,1643.6,B,Veteran Brian Rematch 1 (Elo 2087.6),School Kid Chance (Elo 994.0),Kimono Girl Sayo (7 games),10.19,Gulpin Lv50 (Liquid Ooze): Stockpile/Spit Up/Swallow/Sludge Bomb | Weezing Lv50 (Levitate): Selfdestruct/Sludge/Haze/Double Hit | Weezing Lv50 (Levitate): Selfdestruct/Sludge/Haze/Double Hit
485,hgss_school_kid_m_torin_0648,School Kid Torin Rematch 3,Trainerclass School Kid M,868,510,0.63,2044,1325,1629.3,B-,Firebreather Walt Rematch 3 (Elo 1957.4),Youngster Owen (Elo 1154.3),Black Belt Kiyo (7 games),10.42,Sandslash Lv50 (Sand Veil): Sand Tomb/Slash/Gyro Ball/Sandstorm | Golbat Lv50 (Inner Focus): Mean Look/Poison Fang/Haze/Air Slash | Vulpix Lv50 (Flash Fire): Captivate/Grudge/Extrasensory/Fire Blast
486,hgss_school_kid_m_billy_0331,School Kid Billy,Trainerclass School Kid M,868,510,0.63,2100,1390,1619.7,B-,Swimmer Lori (Elo 2062.2),School Kid Chance (Elo 994.0),Boarder Shaun (7 games),10.49,Parasect Lv50 (Dry Skin): Spore/Slash/Growth/Giga Drain | Poliwhirl Lv50 (Damp): Body Slam/Bubble Beam/Mud Shot/Belly Drum | Ditto Lv50 (Limber): Transform
487,riley_iron_island,Riley Iron Island,Trainer Riley,867,511,0.629,2021,1311,1647.1,B,Ace Trainer Mariah (Elo 2104.4),Black Belt Derek (Elo 1061.2),Biker Charles (7 games),4.67,Lucario Lv50 (Steadfast): Metal Claw/Force Palm/Quick Attack/Bone Rush
488,hgss_black_belt_kiyo_0158,Black Belt Kiyo,Trainerclass Black Belt,866,512,0.628,2064,1356,1649.3,B,Ace Trainer Mariah (Elo 2104.4),Medium Margaret (Elo 1085.1),Fisherman Wilton Rematch 2 (7 games),7.53,Hitmonlee Lv50 (Reckless): Focus Energy/Feint/Hi Jump Kick/Mind Reader | Hitmonchan Lv50 (Iron Fist): Vacuum Wave/Thunder Punch/Ice Punch/Fire Punch
489,hgss_black_belt_ander_0547,Black Belt Ander,Trainerclass Black Belt,866,512,0.628,2105,1393,1626.4,B-,Ace Trainer Arthur (Elo 2090.9),Swimmer Leona (Elo 717.2),Leader Roark (7 games),7.76,Primeape Lv50 (Vital Spirit): Assurance/Rage/Swagger/Cross Chop | Graveler Lv50 (Rock Head): Rollout/Rock Blast/Earthquake/Explosion | Machoke Lv50 (Guts): Submission/Wake Up Slap/Cross Chop/Scary Face
490,artist_william_rematch_2,Artist William Rematch 2,Artist,863,515,0.626,2054,1358,1626.5,B-,Veteran Brian Rematch 1 (Elo 2087.6),Teacher Colette (Elo 981.9),Ruin Maniac Bryan (7 games),6.92,Mr Mime Lv50 (Soundproof): Recycle/Trick/Psychic/Role Play | Sudowoodo Lv50 (Sturdy): Rock Tomb/Rock Slide/Slam/Sucker Punch
491,hgss_scientist_gs_gregg_0470,Scientist Gregg,Trainerclass Scientist Gs,862,516,0.626,1967,1274,1651.3,B,Commander Saturn Valor Cavern (Elo 2046.5),Waitress Kati (Elo 878.5),Ranger Taylor Rematch 2 (7 games),12.39,Magnemite Lv50 (Magnet Pull): Thunder Shock/Supersonic/Sonic Boom/Thunder Wave | Magnemite Lv50 (Sturdy): Thunder Shock/Supersonic/Sonic Boom/Thunder Wave | Magnemite Lv50 (Sturdy): Thunder Shock/Supersonic/Sonic Boom/Thunder Wave
492,twins_teri_and_tia_rematch_2,Twins Teri And Tia Rematch 2,Twins,862,516,0.626,2067,1377,1630.5,B-,Ace Trainer Zachery (Elo 2003.3),Scientist Mitch (Elo 802.1),Biker Reese Rematch 1 (7 games),5.98,Raichu Lv50 (Static): Thunder Shock/Tail Whip/Quick Attack/Thunderbolt | Clefable Lv50 (Cute Charm): Sing/Double Slap/Minimize/Metronome
493,hgss_hiker_parry_0603,Hiker Parry Rematch 3,Trainerclass Hiker,861,517,0.625,2069,1385,1608.5,B-,Leader Janine (Elo 2218.8),Tuber Conner (Elo 1005.1),Lass Samantha Rematch 3 (7 games),6.82,Steelix Lv50 (Rock Head): Iron Tail/Crunch/Double Edge/Stone Edge | Golem Lv50 (Rock Head): Earthquake/Explosion/Double Edge/Stone Edge
494,swimmer_joanna_postgame,Swimmer Joanna Postgame,Swimmer Female,860,518,0.624,2046,1371,1617.8,B-,School Kid Alan Rematch 3 (Elo 2021.5),Cyclist Kayla (Elo 780.6),Bird Keeper Vance Rematch 3 (7 games),12.61,Luvdisc Lv50 (Swift Swim): Aqua Ring/Captivate/Flail/Safeguard | Lapras Lv50 (Water Absorb): Ice Beam/Brine/Safeguard/Hydro Pump
495,artist_william_rematch_1,Artist William Rematch 1,Artist,858,520,0.623,1998,1318,1618.6,B-,Veteran Brenden (Elo 2183.5),Maid Belinda (Elo 971.5),Youngster Wayne (7 games),8.33,Mr Mime Lv50 (Soundproof): Reflect/Psybeam/Substitute/Recycle | Sudowoodo Lv50 (Sturdy): Block/Faint Attack/Rock Tomb/Rock Slide
496,hgss_school_kid_m_billy_0637,School Kid Billy Rematch 1,Trainerclass School Kid M,858,520,0.623,2072,1393,1604.3,B-,Veteran Armando Rematch (Elo 2138.5),Picnicker Ana (Elo 927.0),Galactic Grunt Mt Coronet 5f 1 (7 games),10.17,Parasect Lv50 (Effect Spore): Spore/Slash/Growth/Giga Drain | Poliwhirl Lv50 (Water Absorb): Bubble Beam/Mud Shot/Belly Drum/Wake Up Slap | Ditto Lv50 (Limber): Transform
497,sailor_luther,Sailor Luther,Sailor,856,522,0.621,2046,1380,1621.4,B-,Ace Trainer Quinn Postgame (Elo 2060.8),School Kid Chance (Elo 994.0),School Kid Torin (7 games),11.89,Wingull Lv50 (Keen Eye): Quick Attack/Roost/Pursuit/Agility | Machoke Lv50 (Guts): Vital Throw/Submission/Wake Up Slap/Cross Chop | Gastrodon Lv50 (Sticky Hold): Hidden Power/Rain Dance/Body Slam/Muddy Water
498,hgss_biker_reese_0627,Biker Reese Rematch 3,Trainerclass Biker,856,522,0.621,2016,1341,1617.5,B-,Veteran Clayton (Elo 2031.1),Scientist Stefano (Elo 1134.9),Ranger Allison Rematch 3 (7 games),8.21,Arbok Lv50 (Intimidate): Gunk Shot/Mud Bomb/Gastro Acid/Crunch | Weezing Lv50 (Levitate): Sludge Bomb/Double Hit/Smoke Screen/Thunder
499,hgss_black_belt_wai_0339,Black Belt Wai,Trainerclass Black Belt,855,523,0.62,1929,1269,1639.0,B,Dragon Tamer Geoffrey Rematch Postgame (Elo 2072.8),School Kid Chance (Elo 994.0),Super Nerd Markus (7 games),6.87,Machoke Lv50 (No Guard): Revenge/Vital Throw/Submission/Wake Up Slap | Machoke Lv50 (No Guard): Vital Throw/Submission/Wake Up Slap/Cross Chop | Meditite Lv50 (Pure Power): Force Palm/Hi Jump Kick/Psych Up/Power Trick
500,hgss_bird_keeper_gs_easton_0594,Bird Keeper Easton,Trainerclass Bird Keeper Gs,853,525,0.619,1991,1333,1595.0,B-,Ace Trainer Gaven Rematch 2 (Elo 2028.0),Hiker Louis (Elo 1125.1),Ace Trainer Cybil (7 games),11.67,Doduo Lv50 (Run Away): Pursuit/Uproar/Acupressure/Double Hit | Doduo Lv50 (Run Away): Pursuit/Uproar/Acupressure/Double Hit | Dodrio Lv50 (Run Away): Pursuit/Uproar/Acupressure/Tri Attack | Dodrio Lv50 (Run Away): Pursuit/Uproar/Acupressure/Tri Attack
501,hgss_swimmer_f_nicole_0293,Swimmer Nicole,Trainerclass Swimmer F,851,527,0.618,2039,1382,1621.7,B-,Veteran Brian Rematch 1 (Elo 2087.6),Fisherman Zachary (Elo 910.0),Ace Trainer Sergio (7 games),9.44,Marill Lv50 (Huge Power): Aqua Ring/Double Edge/Rain Dance/Aqua Tail | Marill Lv50 (Huge Power): Aqua Ring/Double Edge/Rain Dance/Aqua Tail | Lapras Lv50 (Shell Armor): Rain Dance/Perish Song/Ice Beam/Brine
502,hgss_ace_trainer_m_cody_0112,Ace Trainer Cody,Trainerclass Ace Trainer M,851,527,0.618,1966,1320,1617.5,B-,Ace Trainer Natasha Postgame (Elo 2124.7),Scientist Mitch (Elo 802.1),Swimmer Lydia Postgame (7 games),5.68,Horsea Lv50 (Swift Swim): Agility/Twister/Brine/Hydro Pump | Seadra Lv50 (Sniper): Bubble Beam/Agility/Twister/Brine
503,psychic_sterling_postgame,Psychic Sterling Postgame,Psychic Male,851,527,0.618,2031,1389,1599.9,B-,Veteran Clayton (Elo 2031.1),Guitarist Arturo Rematch 4 (Elo 1004.3),Biker Jacob (7 games),7.41,Solrock Lv50 (Levitate): Heal Block/Rock Slide/Solar Beam/Explosion | Gallade Lv50 (Steadfast): Feint/False Swipe/Protect/Close Combat
504,swimmer_wesley,Swimmer Wesley,Swimmer Male,847,531,0.615,2091,1451,1662.6,B,Ace Trainer Felix Postgame (Elo 2028.0),Pokefan Trevor (Elo 917.1),Youngster Ian Rematch 2 (7 games),9.15,Floatzel Lv50 (Swift Swim): Aqua Jet/Crunch/Agility/Whirlpool | Tentacruel Lv50 (Clear Body): Barrier/Water Pulse/Poison Jab/Screech
505,hgss_school_kid_m_billy_0638,School Kid Billy Rematch 2,Trainerclass School Kid M,847,531,0.615,2017,1390,1633.9,B-,Ace Trainer Jonah (Elo 1989.1),Guitarist Arturo Rematch 4 (Elo 1004.3),Ace Trainer Saul Rematch Postgame (7 games),10.49,Parasect Lv50 (Effect Spore): Spore/Slash/Growth/Giga Drain | Poliwhirl Lv50 (Water Absorb): Bubble Beam/Mud Shot/Belly Drum/Wake Up Slap | Ditto Lv50 (Limber): Transform
506,hgss_team_rocket_grunt_radio_tower_2_0186,Team Rocket Grunt Radio Tower 2,Trainerclass Team Rocket,847,531,0.615,2043,1418,1623.5,B-,Veteran Brian Rematch 1 (Elo 2087.6),Medium Margaret (Elo 1085.1),Commander Jupiter Team Galactic Eterna Building (7 games),16.33,Grimer Lv50 (Stench): Disable/Minimize/Sludge/Mud Bomb | Grimer Lv50 (Stench): Disable/Minimize/Sludge/Mud Bomb | Muk Lv50 (Stench): Disable/Minimize/Sludge/Mud Bomb
507,hgss_biker_dwayne_0309,Biker Dwayne,Trainerclass Biker,846,532,0.614,1985,1357,1620.4,B-,Ace Trainer Kassandra Postgame (Elo 2058.3),Psychic Rachael (Elo 1004.6),Bird Keeper Geneva Postgame (7 games),7.3,Koffing Lv50 (Levitate): Sludge/Haze/Gyro Ball/Explosion | Koffing Lv50 (Levitate): Sludge/Haze/Gyro Ball/Explosion | Koffing Lv50 (Levitate): Sludge/Haze/Gyro Ball/Explosion | Koffing Lv50 (Levitate): Sludge/Haze/Gyro Ball/Explosion
508,hgss_school_kid_m_torin_0647,School Kid Torin Rematch 2,Trainerclass School Kid M,846,532,0.614,1997,1367,1601.3,B-,Dragon Tamer Patrick Rematch 2 (Elo 2028.5),Medium Margaret (Elo 1085.1),Ruin Maniac Gerald (7 games),10.51,Sandslash Lv50 (Sand Veil): Fury Cutter/Sand Tomb/Slash/Gyro Ball | Golbat Lv50 (Inner Focus): Mean Look/Poison Fang/Haze/Air Slash | Vulpix Lv50 (Flash Fire): Captivate/Grudge/Extrasensory/Fire Blast
509,sailor_samson,Sailor Samson,Sailor,845,533,0.613,2001,1383,1628.7,B-,Veteran Grant (Elo 1950.9),Lass Kaitlin (Elo 1077.5),Ninja Boy Nathan (7 games),10.11,Wingull Lv50 (Keen Eye): Water Pulse/Wing Attack/Supersonic | Shellos Lv50 (Sticky Hold): Water Pulse/Mud Bomb/Rain Dance | Golduck Lv50 (Damp): Fury Swipes/Confusion/Water Pulse
510,hgss_school_kid_m_jack_0431,School Kid Jack Rematch 2,Trainerclass School Kid M,845,533,0.613,2028,1412,1622.4,B-,Leader Brock (Elo 2147.0),Picnicker Piper (Elo 902.4),Ruin Maniac Gerald (7 games),13.17,Vileplume Lv50 (Chlorophyll): Mega Drain/Aromatherapy/Stun Spore/Poison Powder | Electrode Lv50 (Soundproof): Screech/Light Screen/Charge Beam/Selfdestruct
511,hgss_youngster_regis_0549,Youngster Regis,Trainerclass Youngster,845,533,0.613,1984,1362,1607.8,B-,Leader Erika (Elo 2094.6),Artist William (Elo 1061.4),Guitarist Preston (7 games),8.69,Golbat Lv50 (Inner Focus): Confuse Ray/Air Cutter/Mean Look/Poison Fang | Electrode Lv50 (Soundproof): Charge Beam/Selfdestruct/Swift/Magnet Rise
512,scientist_darrius,Scientist Darrius,Scientist,844,534,0.612,2042,1437,1610.6,B-,Dragon Tamer Geoffrey Rematch Postgame (Elo 2072.8),Jogger Raul (Elo 1079.1),Bug Catcher Rob Rematch 2 (7 games),4.52,Porygon2 Lv50 (Trace): Psychic/Signal Beam/Ice Beam/Tri Attack
513,hgss_ace_trainer_f_irene_0120,Ace Trainer Irene,Trainerclass Ace Trainer F,841,537,0.61,1979,1378,1591.1,B-,Ace Trainer Omar (Elo 2034.4),Beauty Charlotte (Elo 1136.9),Poke Kid Danielle Rematch 3 (7 games),7.8,Goldeen Lv50 (Swift Swim): Supersonic/Horn Attack/Water Pulse/Flail | Seaking Lv50 (Swift Swim): Supersonic/Horn Attack/Water Pulse/Flail
514,ranger_taylor,Ranger Taylor,Ranger Male,840,538,0.61,1944,1353,1615.8,B-,Fisherman Cole (Elo 1922.8),Black Belt Kendal (Elo 1157.8),Psychic Landon (7 games),8.17,Carnivine Lv50 (Levitate): Vine Whip/Sweet Scent/Ingrain/Faint Attack | Luxio Lv50 (Rivalry): Spark/Bite/Roar/Swagger
515,hgss_ace_trainer_f_lola_0117,Ace Trainer Lola,Trainerclass Ace Trainer F,840,538,0.61,1982,1377,1615.2,B-,Camper Todd Rematch 3 (Elo 2027.4),Jogger Raul (Elo 1079.1),Black Belt Jarrett Postgame (7 games),6.69,Dratini Lv50 (Shed Skin): Slam/Agility/Aqua Tail/Dragon Rush | Dragonair Lv50 (Shed Skin): Dragon Rage/Slam/Agility/Aqua Tail
516,hgss_biker_reese_0625,Biker Reese Rematch 1,Trainerclass Biker,840,538,0.61,1988,1388,1609.7,B-,Veteran Clayton (Elo 2031.1),Bug Catcher Arnie Rematch 2 (Elo 1095.2),Twins Teri And Tia Rematch 2 (7 games),9.79,Arbok Lv50 (Intimidate): Glare/Screech/Mud Bomb/Crunch | Weezing Lv50 (Levitate): Sludge Bomb/Double Hit/Smoke Screen/Assurance
517,cyclist_john_rematch_1,Cyclist John Rematch 1,Cyclist Male,838,540,0.608,2023,1411,1614.8,B-,Ace Trainer Ruben (Elo 1974.9),Cyclist Kayla Rematch 1 (Elo 943.3),Poke Kid Meghan (7 games),8.62,Staravia Lv50 (Intimidate): Double Team/Endeavor/Whirlwind/Aerial Ace | Staraptor Lv50 (Intimidate): Whirlwind/Aerial Ace/Take Down/Close Combat
518,hgss_firebreather_burt_0318,Firebreather Burt,Trainerclass Firebreather,838,540,0.608,1946,1356,1611.6,B-,Elite Four Flint Fight Area (Elo 2283.3),Beauty Harley (Elo 1009.1),Scientist Shaun Rematch 1 (7 games),6.27,Weezing Lv50 (Levitate): Flamethrower/Explosion/Double Hit/Sludge | Magcargo Lv50 (Magma Armor): Lava Plume/Amnesia/Ancient Power/Recover
519,hgss_bird_keeper_gs_jose_0599,Bird Keeper Jose Rematch 3,Trainerclass Bird Keeper Gs,836,542,0.607,1924,1338,1640.9,B,Leader Fantina (Elo 1998.1),Artist William (Elo 1061.4),Bird Keeper Audrey Postgame (7 games),8.26,Farfetchd Lv50 (Keen Eye): Night Slash/Air Slash/Feint/False Swipe | Farfetchd Lv50 (Keen Eye): Night Slash/Air Slash/Feint/False Swipe | Farfetchd Lv50 (Keen Eye): Night Slash/Air Slash/Feint/False Swipe
520,ranger_felicia_postgame,Ranger Felicia Postgame,Ranger Female,836,542,0.607,1976,1391,1597.3,B-,Ace Trainer Arthur (Elo 2090.9),Idol Grace (Elo 811.3),Black Belt Kenji Rematch 1 (7 games),11.22,Skiploom Lv50 (Chlorophyll): Worry Seed/Giga Drain/Bounce/Memento | Lopunny Lv50 (Cute Charm): Dizzy Punch/Charm/Bounce/Healing Wish
521,hgss_team_rocket_grunt_underground_3_0196,Team Rocket Grunt Underground 3,Trainerclass Team Rocket,834,544,0.605,1971,1397,1611.4,B-,Ace Trainer Quinn Postgame (Elo 2060.8),Hiker Daniel (Elo 982.7),Swimmer Troy (7 games),8.92,Raticate Lv50 (Guts): Hyper Fang/Sucker Punch/Scary Face/Crunch | Golbat Lv50 (Inner Focus): Astonish/Bite/Wing Attack/Confuse Ray
522,hgss_swimmer_f_briana_0298,Swimmer Briana,Trainerclass Swimmer F,833,545,0.604,2026,1457,1609.9,B-,Veteran Harlan Postgame (Elo 2073.1),Gentleman Leonardo (Elo 1000.1),Socialite Reina (7 games),8.76,Seaking Lv50 (Water Veil): Water Pulse/Aqua Ring/Supersonic/Poison Jab | Seaking Lv50 (Water Veil): Water Pulse/Aqua Ring/Supersonic/Poison Jab
523,black_belt_davon_rematch,Black Belt Davon,Black Belt,832,546,0.604,1986,1409,1615.2,B-,Ace Trainer Mariah (Elo 2104.4),School Kid Chance (Elo 994.0),Scientist Travon (7 games),15.86,Hitmontop Lv50 (Intimidate): Gyro Ball/Detect/Close Combat/Endeavor | Hariyama Lv50 (Thick Fat): Wake Up Slap/Endure/Close Combat/Reversal | Machamp Lv50 (Guts): Wake Up Slap/Cross Chop/Scary Face/Dynamic Punch
524,black_belt_willie,Black Belt Willie,Black Belt,832,546,0.604,1973,1402,1611.4,B-,Veteran Terrell (Elo 2129.2),Twins Amy & Mimi Rematch (Elo 817.9),Swimmer Sophia Postgame (7 games),7.69,Heracross Lv50 (Swarm): Take Down/Close Combat/Reversal/Feint | Machamp Lv50 (Guts): Wake Up Slap/Cross Chop/Scary Face/Dynamic Punch
525,hgss_leader_bugsy_bugsy,Leader Bugsy,Trainerclass Leader Bugsy,829,549,0.602,1998,1433,1613.4,B-,Leader Sabrina (Elo 2199.7),Pokefan Rebekah (Elo 950.3),Hiker Daniel (7 games),9.32,Scyther @ Sitrus Berry Lv50 (Technician): Quick Attack/Leer/U Turn/Focus Energy | Kakuna Lv50 (Shed Skin): Poison Sting | Metapod Lv50 (Shed Skin): Tackle
526,clown_lee_rematch_1,Clown Lee Rematch 1,Clown,826,552,0.599,1988,1427,1630.0,B-,Leader Maylene (Elo 2063.1),Collector Edwin (Elo 897.8),Swimmer Briana (7 games),8.6,Mr Mime Lv50 (Soundproof): Reflect/Psybeam/Substitute/Recycle | Kadabra Lv50 (Synchronize): Miracle Eye/Psybeam/Reflect/Recover
527,breeder_jennifer_rematch_1,Breeder Jennifer Rematch 1,Breeder Female,826,552,0.599,1965,1426,1606.7,B-,Ace Trainer Shannon Rematch (Elo 1997.1),Lass Kaitlin (Elo 1077.5),Double Team Elan & Ida (7 games),15.31,Roselia Lv50 (Natural Cure): Grass Whistle/Giga Drain/Toxic Spikes/Sweet Scent | Mime Jr Lv50 (Soundproof): Reflect/Psybeam/Substitute/Recycle | Clefairy Lv50 (Cute Charm): Wake Up Slap/Cosmic Power/Lucky Chant/Metronome | Eevee Lv50 (Run Away): Sand Attack/Growl/Quick Attack/Bite
528,black_belt_jarrett_postgame,Black Belt Jarrett Postgame,Black Belt,826,552,0.599,1998,1449,1598.8,B-,School Kid Alan Rematch 2 (Elo 1963.4),Bug Catcher Brandon (Elo 928.3),Ace Trainer Lola (7 games),4.14,Machamp Lv50 (Guts): Cross Chop/Fire Punch/Ice Punch/Thunder Punch
529,hgss_scientist_gs_lowell_0684,Scientist Lowell,Trainerclass Scientist Gs,825,553,0.599,1972,1431,1595.3,B-,Ace Trainer French (Elo 2065.6),Scientist Mitch (Elo 802.1),Swimmer Ricardo (7 games),5.14,Arcanine Lv50 (Intimidate): Overheat/Extreme Speed/Fire Fang/Thunder Fang
530,ace_trainer_saul_postgame,Ace Trainer Saul Postgame,Ace Trainer Male,823,555,0.597,2020,1484,1621.9,B-,Rocket Boss Giovanni (Elo 2198.8),Maid Elena (Elo 939.6),Sailor Samson (7 games),4.68,Tauros Lv50 (Intimidate): Thrash/Zen Headbutt/Swagger/Payback
531,breeder_albert_rematch_1,Breeder Albert Rematch 1,Breeder Male,823,555,0.597,1981,1443,1582.7,C+,Ace Trainer Jake Rematch (Elo 2020.3),Bird Keeper Perry (Elo 1107.3),Scientist Fredrick (7 games),13.51,Roselia Lv50 (Natural Cure): Grass Whistle/Giga Drain/Toxic Spikes/Sweet Scent | Bonsly Lv50 (Sturdy): Mimic/Block/Faint Attack/Rock Tomb | Pikachu Lv50 (Static): Double Team/Slam/Thunderbolt/Feint | Eevee Lv50 (Run Away): Sand Attack/Growl/Quick Attack/Bite
532,hgss_sailor_stanly_0238,Sailor Stanly,Trainerclass Sailor,821,557,0.596,1889,1361,1615.7,B-,School Kid Danny (Elo 1918.9),School Kid Chance (Elo 994.0),Hiker Bruce (7 games),6.84,Machop Lv50 (No Guard): Vital Throw/Submission/Wake Up Slap/Cross Chop | Machoke Lv50 (No Guard): Vital Throw/Submission/Wake Up Slap/Cross Chop | Psyduck Lv50 (Cloud Nine): Confusion/Water Pulse/Fury Swipes/Screech
533,skier_lexie,Skier Lexie,Skier Female,821,557,0.596,1943,1408,1597.8,B-,Dragon Tamer Geoffrey Rematch Postgame (Elo 2072.8),Super Nerd Markus (Elo 1116.9),Swimmer Evan (7 games),7.49,Piloswine Lv50 (Oblivious): Icy Wind/Ice Fang/Take Down/Fury Attack | Glaceon Lv50 (Snow Cloak): Icy Wind/Quick Attack/Bite/Ice Shard
534,galactic_grunt_galactic_hq_2f_2,Galactic Grunt Galactic Hq 2f 2,Galactic Grunt Male,820,558,0.595,1933,1405,1623.9,B-,Leader Erika (Elo 2094.6),Hiker Parry (Elo 1050.9),Pokefan Derek Rematch 2 (7 games),8.69,Golbat Lv50 (Inner Focus): Confuse Ray/Air Cutter/Mean Look/Poison Fang | Golbat Lv50 (Inner Focus): Wing Attack/Confuse Ray/Air Cutter/Mean Look
535,hgss_ace_trainer_f_kelly_0121,Ace Trainer Kelly,Trainerclass Ace Trainer F,820,558,0.595,1847,1323,1582.7,C+,Camper Todd Rematch 3 (Elo 2027.4),Artist Ismael (Elo 1117.9),Picnicker Edna (7 games),12.65,Marill Lv50 (Thick Fat): Rollout/Bubble Beam/Aqua Ring/Double Edge | Wartortle Lv50 (Torrent): Water Gun/Bite/Rapid Spin/Protect | Wartortle Lv50 (Torrent): Water Gun/Bite/Rapid Spin/Protect
536,hiker_alexander,Hiker Alexander,Hiker,820,558,0.595,1916,1395,1546.2,C+,Veteran Armando Rematch (Elo 2138.5),Swimmer Erica (Elo 990.8),Hiker Justin (7 games),7.77,Graveler Lv50 (Rock Head): Rollout/Rock Blast/Earthquake/Explosion | Probopass Lv50 (Sturdy): Block/Thunder Wave/Rock Slide/Sandstorm
537,hgss_twins_kay_tia_0642,Twins Kay & Tia Rematch 3,Trainerclass Twins,819,559,0.594,1922,1414,1629.7,B-,Leader Volkner Fight Area (Elo 2227.5),Lass Samantha Rematch 1 (Elo 895.9),Sage Neal (7 games),7.81,Quagsire Lv50 (Damp): Amnesia/Surf/Yawn/Protect | Quagsire Lv50 (Damp): Rain Dance/Surf/Muddy Water/Earthquake
538,policeman_danny_rematch_2,Policeman Danny Rematch 2,Policeman,819,559,0.594,1950,1425,1606.2,B-,Ace Trainer Gaven Rematch 1 (Elo 1998.2),Black Belt Derek (Elo 1061.2),Ruin Maniac Karl (7 games),6.63,Noctowl Lv50 (Insomnia): Take Down/Air Slash/Zen Headbutt/Extrasensory | Machoke Lv50 (Guts): Submission/Wake Up Slap/Cross Chop/Scary Face
539,hgss_youngster_jason_0381,Youngster Jason,Trainerclass Youngster,818,560,0.594,1922,1408,1603.1,B-,Leader Erika (Elo 2094.6),School Kid Chance (Elo 994.0),School Kid Jack Rematch 2 (7 games),9.87,Sandslash Lv50 (Sand Veil): Crush Claw/Fury Cutter/Sand Tomb/Slash | Crobat Lv50 (Inner Focus): Confuse Ray/Air Cutter/Mean Look/Poison Fang
540,guitarist_tony_rematch,Guitarist Tony Rematch,Guitarist,818,560,0.594,1979,1473,1582.3,C+,Breeder Albert Rematch 3 (Elo 2012.1),Youngster Joey Rematch 2 (Elo 1019.2),Psychic Daisy Postgame (7 games),7.39,Kricketune Lv50 (Swarm): Taunt/Night Slash/Bug Buzz/Perish Song | Magneton Lv50 (Magnet Pull): Screech/Discharge/Mirror Shot/Magnet Rise
541,hgss_fisherman_wilton_0450,Fisherman Wilton Rematch 2,Trainerclass Fisherman,816,562,0.592,1946,1437,1606.0,B-,Veteran Grant (Elo 1950.9),Hiker Daniel (Elo 1029.3),Black Belt Kiyo (7 games),12.39,Goldeen Lv50 (Swift Swim): Water Pulse/Flail/Aqua Ring/Fury Attack | Seaking Lv50 (Swift Swim): Water Pulse/Flail/Aqua Ring/Fury Attack | Seaking Lv50 (Swift Swim): Flail/Aqua Ring/Fury Attack/Waterfall
542,ruin_maniac_harry,Ruin Maniac Harry,Ruin Maniac,816,562,0.592,1893,1382,1575.5,C+,Youngster Dallas Rematch 3 (Elo 2078.6),Reporter Valerie (Elo 932.2),Idol Grace Rematch 4 (7 games),19.7,Bronzor Lv50 (Levitate): Imprison/Confuse Ray/Extrasensory/Iron Defense | Bronzor Lv50 (Levitate): Confuse Ray/Extrasensory/Iron Defense/Safeguard | Bronzor Lv50 (Levitate): Confuse Ray/Extrasensory/Iron Defense/Safeguard
543,hgss_guitarist_vincent_0232,Guitarist Vincent,Trainerclass Guitarist,813,565,0.59,1895,1410,1595.1,B-,Ace Trainer Shaye (Elo 2129.9),Hiker Louis (Elo 1125.1),Battle Girl Helen Rematch 2 (7 games),10.01,Jolteon Lv50 (Volt Absorb): Shock Wave/Quick Attack/Pin Missile/Helping Hand | Voltorb Lv50 (Static): Shock Wave/Swift/Gyro Ball/Screech | Magnemite Lv50 (Sturdy): Shock Wave/Supersonic/Thunder Wave/Magnet Bomb
544,bird_keeper_audrey_rematch_postgame,Bird Keeper Audrey Rematch Postgame,Bird Keeper,813,565,0.59,1916,1408,1587.2,B-,Ace Trainer Natasha Postgame (Elo 2124.7),Pokefan Rebekah (Elo 950.3),Black Belt Willie (7 games),11.3,Farfetchd Lv50 (Keen Eye): Night Slash/Air Slash/Feint/False Swipe | Swellow Lv50 (Guts): Double Team/Endeavor/Aerial Ace/Agility | Pidgeot Lv50 (Keen Eye): Wing Attack/Roost/Tailwind/Mirror Move
545,swimmer_vincent,Swimmer Vincent,Swimmer Male,811,567,0.589,1970,1479,1602.7,B-,Ace Trainer Kassandra Postgame (Elo 2058.3),Lass Samantha Rematch 1 (Elo 895.9),Idol Grace Rematch 2 (7 games),11.93,Pelipper Lv50 (Keen Eye): Water Pulse/Payback/Protect/Roost | Gastrodon Lv50 (Sticky Hold): Mud Bomb/Hidden Power/Rain Dance/Body Slam
546,galactic_grunt_mt_coronet_6f,Galactic Grunt Mt Coronet 6f,Galactic Grunt Female,811,567,0.589,1930,1451,1587.5,B-,Breeder Jennifer Rematch 2 (Elo 1944.1),Hiker Parry (Elo 1050.9),Parasol Lady Alexa Rematch 1 (7 games),9.4,Golbat Lv50 (Inner Focus): Confuse Ray/Air Cutter/Mean Look/Poison Fang | Croagunk Lv50 (Anticipation): Mud Bomb/Sucker Punch/Nasty Plot/Poison Jab | Murkrow Lv50 (Insomnia): Assurance/Taunt/Faint Attack/Mean Look
547,hgss_firebreather_lyle_0399,Firebreather Lyle,Trainerclass Firebreather,811,567,0.589,1905,1406,1558.9,C+,Ace Trainer Maya Rematch 2 (Elo 2092.1),Youngster Darius (Elo 1116.4),Burglar Corey (7 games),7.13,Koffing Lv50 (Levitate): Selfdestruct/Sludge/Haze/Gyro Ball | Flareon Lv50 (Flash Fire): Ember/Quick Attack/Bite/Fire Spin | Koffing Lv50 (Levitate): Selfdestruct/Sludge/Haze/Gyro Ball
548,artist_william_rematch_3,Artist William Rematch 3,Artist,810,568,0.588,1981,1491,1586.8,C+,Rival Pastoria City Empoleon (Elo 1974.2),Beauty Harley (Elo 1009.1),Camper Tanner Rematch 1 (7 games),11.73,Smeargle Lv50 (Own Tempo): Ominous Wind/Ancient Power/Silver Wind/Baton Pass | Mr Mime Lv50 (Soundproof): Psychic/Light Screen/Reflect/Mimic | Sudowoodo Lv50 (Sturdy): Rock Throw/Flail/Sucker Punch/Mimic
549,hgss_ace_trainer_f_cybil_0408,Ace Trainer Cybil,Trainerclass Ace Trainer F,809,569,0.587,1903,1422,1624.8,B-,Leader Brock (Elo 2147.0),Biker Markey (Elo 1133.0),Bird Keeper Easton (7 games),8.25,Mareep Lv50 (Static): Discharge/Cotton Spore/Charge/Tackle | Bellossom Lv50 (Chlorophyll): Mega Drain/Stun Spore/Acid/Magical Leaf
550,worker_quentin,Worker Quentin,Worker,809,569,0.587,1927,1449,1603.4,B-,Breeder Albert Rematch 3 (Elo 2012.1),Galactic Grunt Lake Verity 1 (Elo 978.0),Scientist Gregg (7 games),9.16,Magnemite Lv50 (Magnet Pull): Spark/Lock On/Magnet Bomb/Screech | Machop Lv50 (Guts): Revenge/Vital Throw/Submission/Wake Up Slap | Graveler Lv50 (Rock Head): Selfdestruct/Rollout/Rock Blast/Earthquake
551,psychic_corbin_postgame,Psychic Corbin Postgame,Psychic Male,809,569,0.587,1915,1436,1580.6,C+,Ace Trainer Rodolfo Postgame (Elo 1986.1),Hiker Daniel (Elo 1029.3),Kimono Girl Naoko (7 games),9.4,Xatu Lv50 (Synchronize): Future Sight/Ominous Wind/Power Swap/Guard Swap | Gallade Lv50 (Steadfast): Feint/False Swipe/Protect/Close Combat
552,hgss_team_rocket_grunt_underground_1_0193,Team Rocket Grunt Underground 1,Trainerclass Team Rocket,809,569,0.587,1951,1466,1561.6,C+,Ace Trainer Shaye (Elo 2129.9),Team Rocket Grunt Slowpoke Well 1 (Elo 1081.8),Black Belt Rafael (7 games),11.62,Muk Lv50 (Stench): Disable/Minimize/Sludge/Mud Bomb | Koffing Lv50 (Levitate): Smog/Smoke Screen/Assurance/Selfdestruct | Rattata Lv50 (Guts): Hyper Fang/Sucker Punch/Crunch/Assurance
553,hgss_bug_catcher_ken_0079,Bug Catcher Ken,Trainerclass Bug Catcher,806,572,0.585,2019,1560,1562.8,C+,Ranger Taylor Rematch 3 (Elo 2132.5),Youngster Jonathon (Elo 917.1),Galactic Grunt Mt Coronet Tunnel Room 3 (7 games),9.16,Ariados Lv50 (Insomnia): Fury Swipes/Sucker Punch/Spider Web/Agility | Pinsir Lv50 (Mold Breaker): Vital Throw/X Scissor/Thrash/Swords Dance
554,hgss_fisherman_ralph_0463,Fisherman Ralph Rematch 2,Trainerclass Fisherman,805,573,0.584,1932,1472,1562.7,C+,Rival Pastoria City Empoleon (Elo 1974.2),Battle Girl Helen Rematch 1 (Elo 1122.8),Camper Todd Rematch 2 (7 games),7.16,Qwilfish Lv50 (Poison Point): Brine/Pin Missile/Take Down/Aqua Tail | Seaking Lv50 (Swift Swim): Flail/Aqua Ring/Fury Attack/Waterfall
555,hgss_team_rocket_grunt_radio_tower_8_0192,Team Rocket Grunt Radio Tower 8,Trainerclass Team Rocket,804,574,0.583,1913,1446,1578.9,C+,Youngster Dallas Rematch 3 (Elo 2078.6),Maid Belinda (Elo 971.5),Rich Boy Trey Rematch 1 (7 games),12.09,Zubat Lv50 (Inner Focus): Astonish/Bite/Wing Attack/Confuse Ray | Golbat Lv50 (Inner Focus): Astonish/Bite/Wing Attack/Confuse Ray | Grimer Lv50 (Stench): Mud Slap/Disable/Minimize/Sludge
556,hgss_firebreather_walt_0616,Firebreather Walt Rematch 1,Trainerclass Firebreather,803,575,0.583,1924,1468,1600.2,B-,Ace Trainer Gaven Rematch 3 (Elo 2062.3),Super Nerd Markus (Elo 1116.9),Ace Trainer Brenna (7 games),9.73,Magmar Lv50 (Flame Body): Smoke Screen/Faint Attack/Fire Spin/Confuse Ray | Magmar Lv50 (Flame Body): Faint Attack/Fire Spin/Confuse Ray/Fire Punch
557,bird_keeper_hana,Bird Keeper Hana,Bird Keeper,802,576,0.582,1871,1417,1581.7,C+,Ace Trainer Jonah (Elo 1989.1),Twins Emma And Lil (Elo 1078.3),Cyclist Kayla Rematch 3 (7 games),6.75,Noctowl Lv50 (Insomnia): Take Down/Air Slash/Zen Headbutt/Extrasensory | Togetic Lv50 (Hustle): Ancient Power/Safeguard/Baton Pass/Double Edge
558,hgss_gentleman_gregory_0337,Gentleman Gregory,Trainerclass Gentleman,802,576,0.582,1946,1498,1555.9,C+,Veteran Harlan Postgame (Elo 2073.1),Lass Samantha (Elo 917.0),Firebreather Lyle (7 games),11.59,Pikachu Lv50 (Static): Discharge/Light Screen/Thunder Wave/Double Team | Flaaffy Lv50 (Static): Shock Wave/Signal Beam/Charge Beam/Double Team | Electrike Lv50 (Static): Shock Wave/Roar/Thunder Wave/Thunder Fang
559,lass_samantha_rematch_3,Lass Samantha Rematch 3,Lass,801,577,0.581,1893,1447,1576.7,C+,Ranger Kyler Rematch Postgame (Elo 1994.1),Youngster Tristan Rematch 1 (Elo 1056.7),Hiker Parry Rematch 3 (7 games),9.85,Combee Lv50 (Honey Gather): Sweet Scent/Gust/Bug Bite | Roselia Lv50 (Natural Cure): Toxic/Petal Dance/Aromatherapy/Synthesis | Beautifly Lv50 (Swarm): Attract/Silver Wind/Giga Drain/Bug Buzz
560,swimmer_kurt_postgame,Swimmer Kurt Postgame,Swimmer Male,798,580,0.579,1957,1523,1605.3,B-,Ace Trainer Salma (Elo 2077.9),Guitarist Arturo Rematch 2 (Elo 1061.2),Clown Lee Rematch 2 (7 games),8.43,Krabby Lv50 (Hyper Cutter): Slam/Brine/Crabhammer/Flail | Corphish Lv50 (Hyper Cutter): Night Slash/Crabhammer/Swords Dance/Crunch | Kingler Lv50 (Hyper Cutter): Protect/Guillotine/Slam/Brine
561,black_belt_david,Black Belt David,Black Belt,798,580,0.579,1843,1405,1555.0,C+,Veteran Armando Rematch (Elo 2138.5),Lucas Jubilife City Turtwig (Elo 898.0),Dragon Tamer Kenny Postgame (7 games),11.14,Steelix Lv50 (Rock Head): Iron Tail/Rock Slide/Sandstorm/Screech | Steelix Lv50 (Rock Head): Iron Tail/Rock Slide/Sandstorm/Screech
562,collector_dean,Collector Dean,Collector,794,584,0.576,1888,1467,1591.7,B-,Breeder Jennifer Rematch 2 (Elo 1944.1),Twins Teri And Tia Rematch 1 (Elo 1086.0),Interviewers Roxy And Oli Rematch 3 (7 games),14.53,Umbreon Lv50 (Synchronize): Helping Hand/Sand Attack/Pursuit/Quick Attack | Espeon Lv50 (Synchronize): Helping Hand/Sand Attack/Confusion/Quick Attack
563,swimmer_sam_postgame,Swimmer Sam Postgame,Swimmer Male,793,585,0.575,1975,1566,1579.4,C+,Galactic Boss Cyrus Celestic Town Ruins (Elo 2143.2),Jogger Wyatt (Elo 834.4),Galactic Grunt Lake Valor 2 (7 games),11.38,Sealeo Lv50 (Thick Fat): Swagger/Rest/Snore/Blizzard | Gastrodon Lv50 (Sticky Hold): Hidden Power/Rain Dance/Body Slam/Muddy Water
564,hgss_swimmer_m_elmo_0582,Swimmer Elmo,Trainerclass Swimmer M,792,586,0.575,1968,1551,1587.5,B-,Ace Trainer Kassandra Postgame (Elo 2058.3),Camper Elliot (Elo 1075.4),Young Couple Tim & Sue Rematch 2 (7 games),8.66,Poliwhirl Lv50 (Water Absorb): Bubble Beam/Mud Shot/Belly Drum/Wake Up Slap | Tentacruel Lv50 (Clear Body): Barrier/Water Pulse/Poison Jab/Screech
565,swimmer_evan,Swimmer Evan,Swimmer Male,792,586,0.575,1900,1487,1562.9,C+,Ace Trainer Moira Postgame (Elo 2082.7),Breeder Kahlil (Elo 1063.5),Skier Lexie (7 games),8.5,Golduck Lv50 (Damp): Confusion/Water Pulse/Fury Swipes/Screech | Golduck Lv50 (Damp): Confusion/Water Pulse/Fury Swipes/Screech
566,hgss_ace_trainer_m_nick_0205,Ace Trainer Nick,Trainerclass Ace Trainer M,791,587,0.574,1908,1494,1584.4,C+,Ace Trainer Gaven (Elo 1963.0),Cameraman Tevin (Elo 1117.2),Ace Trainer Kate (7 games),10.53,Charmander Lv50 (Blaze): Fire Fang/Smoke Screen/Dragon Rage/Scary Face | Squirtle Lv50 (Torrent): Withdraw/Water Gun/Bite/Curse | Bulbasaur Lv50 (Overgrow): Leech Seed/Poison Powder/Sleep Powder/Razor Leaf
567,ruin_maniac_harry_rematch_1,Ruin Maniac Harry Rematch 1,Ruin Maniac,790,588,0.573,1861,1456,1567.5,C+,Ace Trainer Mikayla Postgame (Elo 2027.5),Swimmer Erica (Elo 990.8),Black Belt Kendal (7 games),14.69,Bronzor Lv50 (Levitate): Safeguard/Gyro Ball/Future Sight/Faint Attack | Shieldon Lv50 (Sturdy): Swagger/Ancient Power/Endure/Metal Burst | Cranidos Lv50 (Mold Breaker): Assurance/Ancient Power/Zen Headbutt/Screech
568,hgss_camper_jerry_0308,Camper Jerry,Trainerclass Camper,789,589,0.573,1868,1467,1609.1,B-,Veteran Harlan Postgame (Elo 2073.1),Roughneck Kirby (Elo 818.3),Artist William Rematch 1 (7 games),3.33,Rhydon Lv50 (Rock Head): Rock Slide/Avalanche/Hammer Arm/Take Down
569,hgss_picnicker_erin_0335,Picnicker Erin Rematch 1,Trainerclass Picnicker,789,589,0.573,1944,1550,1548.2,C+,Ace Trainer Zachery (Elo 2003.3),Sailor Marc (Elo 1033.9),Bug Catcher Abner (7 games),11.99,Gloom Lv50 (Chlorophyll): Stun Spore/Sleep Powder/Mega Drain/Lucky Chant | Rapidash Lv50 (Flash Fire): Take Down/Agility/Fire Blast/Fury Attack
570,ninja_boy_nathan,Ninja Boy Nathan,Ninja Boy,788,590,0.572,1904,1504,1565.5,C+,Executive Ariana Ariana (Radio Tower) (Elo 2006.7),Jogger Wyatt (Elo 834.4),Sailor Samson (7 games),9.46,Stunky Lv50 (Stench): Smoke Screen/Feint/Slash/Toxic | Golbat Lv50 (Inner Focus): Bite/Wing Attack/Confuse Ray/Air Cutter
571,ace_trainer_catherine,Ace Trainer Catherine,Ace Trainer Female,788,590,0.572,1909,1514,1561.5,C+,Ace Trainer Reena Rematch 2 (Elo 2143.4),Picnicker Piper (Elo 902.4),Fisherman Jonah (7 games),7.83,Haunter Lv50 (Levitate): Night Shade/Confuse Ray/Sucker Punch/Curse | Misdreavus Lv50 (Levitate): Psybeam/Pain Split/Confuse Ray/Spite
572,hgss_hiker_eoin_0234,Hiker Eoin,Trainerclass Hiker,787,591,0.571,1953,1548,1544.0,C+,Veteran Armando Rematch (Elo 2138.5),Fisherman Justin (Elo 633.1),Black Belt Ricky (7 games),3.65,Graveler Lv50 (Sturdy): Rollout/Rock Blast/Earthquake/Explosion | Graveler Lv50 (Sturdy): Rollout/Rock Blast/Earthquake/Explosion | Graveler Lv50 (Sturdy): Rollout/Rock Blast/Earthquake/Explosion
573,hgss_team_rocket_grunt_underground_6_0228,Team Rocket Grunt Underground 6,Trainerclass Team Rocket,786,592,0.57,1946,1563,1574.4,C+,Leader Erika (Elo 2094.6),Aroma Lady Taylor (Elo 1010.8),Lass Laura (7 games),9.86,Koffing Lv50 (Levitate): Smoke Screen/Assurance/Selfdestruct/Sludge | Muk Lv50 (Stench): Disable/Minimize/Sludge/Mud Bomb
574,lass_madeline_rematch_3,Lass Madeline Rematch 3,Lass,785,593,0.57,1943,1568,1595.4,B-,Ace Trainer Rodolfo Rematch Postgame (Elo 2144.2),Tuber Holly (Elo 1016.9),Reporter Kinsey (7 games),10.22,Golduck Lv50 (Damp): Water Pulse/Fury Swipes/Screech/Psych Up | Lopunny Lv50 (Cute Charm): Baton Pass/Agility/Dizzy Punch/Charm
575,fisherman_alec_rematch,Fisherman Alec Rematch,Fisherman,785,593,0.57,1902,1523,1588.9,B-,Rancher Marco Rematch 2 (Elo 1979.8),Cyclist Kayla Rematch 1 (Elo 943.3),Psychic Mark (7 games),10.78,Gyarados Lv50 (Intimidate): Rain Dance/Hydro Pump/Dragon Dance/Hyper Beam | Gyarados Lv50 (Intimidate): Rain Dance/Hydro Pump/Dragon Dance/Hyper Beam
576,hgss_super_nerd_sam_0364,Super Nerd Sam,Trainerclass Super Nerd,784,594,0.569,1860,1483,1571.8,C+,Veteran Armando Rematch (Elo 2138.5),Galactic Grunt Lake Verity 1 (Elo 978.0),Swimmer Vincent (7 games),10.04,Grimer Lv50 (Stench): Screech/Sludge Bomb/Acid Armor/Gunk Shot | Muk @ Toxic Orb Lv50 (Stench): Fling/Screech/Sludge Bomb/Acid Armor
577,hgss_school_kid_m_torin_0646,School Kid Torin Rematch 1,Trainerclass School Kid M,784,594,0.569,1839,1459,1568.1,C+,Ranger Kyler Rematch Postgame (Elo 1994.1),School Kid Chance (Elo 994.0),Biker Charles (7 games),10.77,Sandslash Lv50 (Sand Veil): Fury Cutter/Sand Tomb/Slash/Gyro Ball | Golbat Lv50 (Inner Focus): Air Cutter/Mean Look/Poison Fang/Haze | Vulpix Lv50 (Flash Fire): Payback/Fire Spin/Captivate/Grudge
578,hgss_twins_kay_tia_0640,Twins Kay & Tia Rematch 1,Trainerclass Twins,783,595,0.568,1839,1461,1575.8,C+,Leader Volkner Fight Area (Elo 2227.5),Sage Neal (Elo 934.5),Fisherman Scott (7 games),4.68,Quagsire Lv50 (Damp): Rain Dance/Surf/Earthquake | Quagsire Lv50 (Damp): Amnesia/Surf/Yawn
579,swimmer_oscar,Swimmer Oscar,Swimmer Male,783,595,0.568,1903,1530,1537.7,C+,Ace Trainer Rodolfo Postgame (Elo 1986.1),Artist William (Elo 1061.4),Biker Glenn (7 games),12.29,Mantyke Lv50 (Swift Swim): Water Pulse/Take Down/Confuse Ray/Bounce | Remoraid Lv50 (Hustle): Bullet Seed/Water Pulse/Signal Beam/Ice Beam | Mantine Lv50 (Swift Swim): Water Pulse/Take Down/Confuse Ray/Bounce
580,galactic_grunt_lake_valor_2,Galactic Grunt Lake Valor 2,Galactic Grunt Male,781,597,0.567,1886,1525,1579.3,C+,Leader Morty (Elo 1949.7),School Kid Connor (Elo 971.4),Picnicker Gina Rematch 2 (7 games),9.84,Croagunk Lv50 (Anticipation): Revenge/Swagger/Mud Bomb/Sucker Punch | Glameow Lv50 (Limber): Fury Swipes/Charm/Assist/Captivate | Stunky Lv50 (Stench): Feint/Slash/Toxic/Night Slash | Houndour Lv50 (Early Bird): Bite/Odor Sleuth/Beat Up/Fire Fang
581,skier_bjorn_rematch_1,Skier Bjorn Rematch 1,Skier Male,780,598,0.566,1871,1510,1575.2,C+,Dragon Tamer Geoffrey Rematch Postgame (Elo 2072.8),Lucas Jubilife City Piplup (Elo 1063.0),Biker Reese Rematch 2 (7 games),6.2,Piloswine Lv50 (Oblivious): Ice Fang/Take Down/Fury Attack/Earthquake | Sneasel Lv50 (Inner Focus): Icy Wind/Slash/Beat Up/Metal Claw
582,picnicker_summer,Picnicker Summer,Picnicker,779,599,0.565,1863,1500,1562.5,C+,Ace Trainer Skylar Postgame (Elo 2016.9),Camper Zackary (Elo 872.3),Jogger Craig Rematch 1 (7 games),4.0,Raichu Lv50 (Static): Thunder Shock/Tail Whip/Quick Attack/Thunderbolt
583,leader_roark,Leader Roark,Leader Roark,778,600,0.565,1798,1442,1601.7,B-,Executive Ariana Ariana (Rocket HQ) (Elo 1996.9),Lucas Jubilife City Chimchar (Elo 942.2),Black Belt Ander (7 games),8.25,Geodude Lv50 (Rock Head): Stealth Rock/Rock Throw | Onix Lv50 (Rock Head): Stealth Rock/Rock Throw/Screech | Cranidos Lv50 (Mold Breaker): Headbutt/Pursuit/Leer
584,ace_trainer_laura,Ace Trainer Laura,Ace Trainer Snow Female,778,600,0.565,1835,1477,1533.1,C,Leader Erika (Elo 2094.6),Galactic Grunt Floaroma Meadow 2 (Elo 875.2),Swimmer Briana (7 games),4.79,Tropius Lv50 (Chlorophyll): Air Slash/Body Slam/Magical Leaf/Sweet Scent
585,hgss_young_couple_tim_sue_0649,Young Couple Tim & Sue Rematch 1,Trainerclass Young Couple,776,602,0.563,1913,1566,1565.7,C+,Cameraman Tevin Rematch 4 (Elo 1952.8),Lass Natalie (Elo 716.5),Lass Dana Rematch 2 (7 games),4.33,Kadabra Lv50 (Synchronize): Psycho Cut/Role Play/Psychic/Future Sight | Golduck Lv50 (Damp): Screech/Psych Up/Zen Headbutt/Amnesia
586,swimmer_jessica,Swimmer Jessica,Swimmer Female,776,602,0.563,1836,1493,1556.0,C+,Camper Todd Rematch 3 (Elo 2027.4),Lass Samantha (Elo 917.0),Interviewers Roxy And Oli Rematch 3 (7 games),13.25,Goldeen Lv50 (Swift Swim): Horn Attack/Water Pulse/Flail/Aqua Ring | Goldeen Lv50 (Swift Swim): Horn Attack/Water Pulse/Flail/Aqua Ring | Goldeen Lv50 (Swift Swim): Water Pulse/Flail/Aqua Ring/Fury Attack | Seaking Lv50 (Swift Swim): Water Pulse/Flail/Aqua Ring/Fury Attack
587,hgss_swimmer_m_luis_0583,Swimmer Luis,Trainerclass Swimmer M,775,603,0.562,1879,1532,1596.0,B-,Leader Blaine (Elo 2179.9),Lass Samantha (Elo 917.0),Ace Trainer Joyce (7 games),9.64,Seadra Lv50 (Sniper): Agility/Twister/Brine/Hydro Pump | Quagsire Lv50 (Water Absorb): Amnesia/Yawn/Earthquake/Rain Dance
588,skier_andrea_rematch_2,Skier Andrea Rematch 2,Skier Female,775,603,0.562,1956,1615,1548.5,C+,Ace Trainer Moira Postgame (Elo 2082.7),Firebreather Ray (Elo 801.4),Youngster Jimmy (7 games),4.24,Abomasnow Lv50 (Snow Warning): Ice Shard/Ingrain/Wood Hammer/Blizzard
589,hgss_picnicker_liz_0277,Picnicker Liz Rematch 2,Trainerclass Picnicker,773,605,0.561,1806,1479,1585.1,C+,Ace Trainer Arthur (Elo 2090.9),School Kid Chance (Elo 994.0),Hiker Phillip (7 games),12.01,Weepinbell Lv50 (Chlorophyll): Knock Off/Sweet Scent/Gastro Acid/Razor Leaf | Nidorino Lv50 (Poison Point): Horn Attack/Helping Hand/Toxic Spikes/Flatter | Nidoqueen Lv50 (Rivalry): Tail Whip/Double Kick/Poison Sting/Body Slam
590,hgss_school_kid_m_torin_0564,School Kid Torin,Trainerclass School Kid M,771,607,0.56,1815,1486,1582.0,C+,Ranger Ashlee Rematch Postgame (Elo 1905.2),Medium Margaret (Elo 1085.1),Sailor Eddie (7 games),8.42,Sandslash Lv50 (Sand Veil): Crush Claw/Fury Cutter/Sand Tomb/Slash | Golbat Lv50 (Inner Focus): Confuse Ray/Air Cutter/Mean Look/Poison Fang
591,hgss_black_belt_kenji_0602,Black Belt Kenji Rematch 3,Trainerclass Black Belt,771,607,0.56,1961,1630,1555.5,C+,Ace Trainer Clarice (Elo 2136.7),Tuber Conner (Elo 1005.1),Scientist Shaun Rematch 2 (7 games),18.33,Onix Lv50 (Rock Head): Rock Polish/Dragon Breath/Curse/Iron Tail | Machamp Lv50 (Guts): Wake Up Slap/Cross Chop/Scary Face/Dynamic Punch | Onix Lv50 (Rock Head): Curse/Iron Tail/Sand Tomb/Double Edge | Hitmonlee Lv50 (Limber): Blaze Kick/Endure/Mega Kick/Close Combat
592,hgss_boarder_gerardo_0484,Boarder Gerardo,Trainerclass Boarder,771,607,0.56,1846,1519,1542.1,C+,Veteran Clayton (Elo 2031.1),Breeder Kahlil (Elo 1063.5),Bug Catcher Ken (7 games),12.57,Shellder Lv50 (Shell Armor): Ice Shard/Supersonic/Icicle Spear/Leer | Cloyster Lv50 (Shell Armor): Ice Shard/Aurora Beam/Supersonic/Toxic Spikes | Seel Lv50 (Thick Fat): Ice Shard/Aqua Ring/Encore/Icy Wind
593,hgss_biker_ernest_0632,Biker Ernest Rematch 2,Trainerclass Biker,769,609,0.558,1876,1555,1548.8,C+,Ace Trainer Moira Postgame (Elo 2082.7),Galactic Grunt Lake Verity 1 (Elo 978.0),Ranger Krista (7 games),10.76,Teddiursa Lv50 (Pickup): Slash/Charm/Rest/Snore | Azumarill Lv50 (Huge Power): Aqua Ring/Double Edge/Rain Dance/Aqua Tail
594,hgss_camper_pedro_0577,Camper Pedro,Trainerclass Camper,768,610,0.557,1947,1624,1544.9,C+,Ace Trainer Clarice (Elo 2136.7),Waitress Kati (Elo 878.5),Pokefan Beverly Rematch 3 (7 games),5.27,Linoone @ Sitrus Berry Lv50 (Gluttony): Belly Drum/Slash/Dig/Surf
595,hgss_youngster_ian_0615,Youngster Ian Rematch 3,Trainerclass Youngster,767,611,0.557,1964,1645,1570.5,C+,Ace Trainer Arthur (Elo 2090.9),Lass Cathy (Elo 968.2),Breeder Jennifer Rematch 1 (7 games),6.18,Primeape Lv50 (Vital Spirit): Rage/Swagger/Cross Chop/Thrash | Dugtrio Lv50 (Sand Veil): Mud Bomb/Slash/Earthquake/Fissure
596,hgss_team_rocket_grunt_radio_tower_5_0189,Team Rocket Grunt Radio Tower 5,Trainerclass Team Rocket,767,611,0.557,1869,1560,1549.5,C+,Camper Tanner Rematch 2 (Elo 1938.7),Poke Kid Ariel Rematch 2 Postgame (Elo 1166.9),Psychic Phil (7 games),10.74,Koffing Lv50 (Levitate): Smog/Smoke Screen/Assurance/Selfdestruct | Grimer Lv50 (Stench): Disable/Minimize/Sludge/Mud Bomb | Zubat Lv50 (Inner Focus): Astonish/Bite/Wing Attack/Confuse Ray | Rattata Lv50 (Guts): Pursuit/Hyper Fang/Sucker Punch/Crunch
597,young_couple_mike_and_nat,Young Couple Mike And Nat,Young Couple,767,611,0.557,1783,1471,1529.5,C,Double Team Elan & Ida (Elo 1973.3),Pokefan Rebekah (Elo 950.3),Pokefan Alex (7 games),4.19,Murkrow Lv50 (Insomnia): Pursuit/Haze/Wing Attack/Night Shade | Misdreavus Lv50 (Levitate): Astonish/Confuse Ray/Mean Look/Psybeam
598,swimmer_wade_postgame,Swimmer Wade Postgame,Swimmer Male,766,612,0.556,1872,1562,1547.1,C+,Ace Trainer French (Elo 2065.6),Lucas Jubilife City Chimchar (Elo 942.2),Twins Teri And Tia Rematch 2 (7 games),6.68,Carvanha Lv50 (Rough Skin): Crunch/Aqua Jet/Agility/Take Down | Carvanha Lv50 (Rough Skin): Crunch/Aqua Jet/Agility/Take Down | Sharpedo Lv50 (Rough Skin): Taunt/Agility/Skull Bash/Night Slash
599,galactic_grunt_iron_island_1,Galactic Grunt Iron Island 1,Galactic Grunt Male,765,613,0.555,1856,1552,1570.1,C+,Leader Chuck (Elo 1943.6),Pokefan Rebekah (Elo 950.3),School Kid Torin Rematch 1 (7 games),10.62,Zubat Lv50 (Inner Focus): Confuse Ray/Air Cutter/Mean Look/Poison Fang | Houndour Lv50 (Early Bird): Bite/Odor Sleuth/Beat Up/Fire Fang | Golbat Lv50 (Inner Focus): Wing Attack/Confuse Ray/Air Cutter/Mean Look
600,hgss_teacher_hillary_0634,Teacher Hillary Rematch 1,Trainerclass Teacher,764,614,0.554,1832,1530,1576.6,C+,Double Team Elan & Ida (Elo 1973.3),Youngster Albert (Elo 942.5),Pokefan Carter (7 games),8.26,Ambipom Lv50 (Technician): Double Hit/Fling/Nasty Plot/Last Resort | Sunflora Lv50 (Chlorophyll): Petal Dance/Sunny Day/Solar Beam/Leaf Storm
601,hgss_school_kid_m_chad_0434,School Kid Chad Rematch 1,Trainerclass School Kid M,764,614,0.554,1871,1579,1519.0,C,Rival Pastoria City Infernape (Elo 1926.6),Beauty Cyndy Rematch 1 (Elo 990.1),Galactic Grunt Galactic Hq 2f 3 (7 games),10.04,Mr Mime Lv50 (Soundproof): Light Screen/Reflect/Psybeam/Substitute | Magnemite Lv50 (Magnet Pull): Thunder Wave/Spark/Lock On/Magnet Bomb
602,hgss_swimmer_f_mina_0585,Swimmer Mina,Trainerclass Swimmer F,763,615,0.554,1884,1584,1525.6,C,Camper Todd Rematch 3 (Elo 2027.4),Lass Samantha (Elo 917.0),Twins Kay & Tia Rematch 3 (7 games),16.03,Luvdisc Lv50 (Swift Swim): Attract/Sweet Kiss/Water Pulse/Aqua Ring | Luvdisc Lv50 (Swift Swim): Attract/Sweet Kiss/Water Pulse/Aqua Ring | Luvdisc Lv50 (Swift Swim): Sweet Kiss/Water Pulse/Aqua Ring/Captivate
603,hgss_camper_lloyd_0148,Camper Lloyd,Trainerclass Camper,763,615,0.554,1787,1497,1515.5,C,Ace Trainer French (Elo 2065.6),Skier Diana (Elo 990.7),Fisherman Martin (7 games),4.03,Nidoking Lv50 (Poison Point): Double Kick/Poison Sting/Thrash/Earth Power
604,hgss_black_belt_lao_0157,Black Belt Lao,Trainerclass Black Belt,761,617,0.552,1861,1570,1554.1,C+,Breeder Albert Rematch 3 (Elo 2012.1),Psychic Kody (Elo 915.4),Hiker Damon (7 games),4.1,Hitmonchan Lv50 (Iron Fist): Mach Punch/Thunder Punch/Ice Punch/Fire Punch
605,ace_trainer_graham_postgame,Ace Trainer Graham Postgame,Ace Trainer Male,761,617,0.552,1797,1506,1533.8,C+,Leader Byron (Elo 2162.5),Poke Maniac Larry (Elo 901.5),Collector Fernando (7 games),8.76,Tyrogue Lv50 (Guts): Tackle/Helping Hand/Fake Out/Foresight | Hitmonchan Lv50 (Keen Eye): Mega Punch/Detect/Counter/Close Combat
606,hgss_burglar_duncan_0014,Burglar Duncan,Trainerclass Burglar,760,618,0.552,1851,1567,1552.8,C+,Ace Trainer Felix Postgame (Elo 2028.0),Pokefan Rebekah (Elo 950.3),Ace Trainer Maya Rematch 1 (7 games),9.73,Koffing Lv50 (Levitate): Smog/Smoke Screen/Assurance/Selfdestruct | Magmar Lv50 (Flame Body): Smoke Screen/Faint Attack/Fire Spin/Confuse Ray | Koffing Lv50 (Levitate): Smog/Smoke Screen/Assurance/Selfdestruct
607,hgss_fisherman_marvin_0122,Fisherman Marvin,Trainerclass Fisherman,760,618,0.552,1879,1602,1531.0,C,Ace Trainer Rodolfo Postgame (Elo 1986.1),Worker Mason (Elo 860.9),Beauty Cyndy Rematch 2 (7 games),10.19,Magikarp Lv50 (Swift Swim): Splash/Tackle | Gyarados Lv50 (Intimidate): Thrash/Surf | Magikarp Lv50 (Swift Swim): Splash/Tackle
608,skier_shawn,Skier Shawn,Skier Male,758,620,0.55,1902,1637,1513.9,C,Ace Trainer Rodolfo Rematch Postgame (Elo 2144.2),Scientist Mitch (Elo 802.1),Young Couple Tim & Sue Rematch 3 (7 games),8.77,Snover Lv50 (Snow Warning): Swagger/Mist/Ice Shard/Ingrain | Snover Lv50 (Snow Warning): Mist/Ice Shard/Ingrain/Wood Hammer | Snover Lv50 (Snow Warning): Mist/Ice Shard/Ingrain/Wood Hammer
609,swimmer_troy,Swimmer Troy,Swimmer Male,757,621,0.549,1943,1668,1570.2,C+,Ace Trainer Moira Postgame (Elo 2082.7),Sailor Harry (Elo 901.7),Team Rocket Grunt Underground 3 (7 games),6.15,Gyarados Lv50 (Intimidate): Aqua Tail/Rain Dance/Hydro Pump/Dragon Dance
610,ruin_maniac_karl,Ruin Maniac Karl,Ruin Maniac,756,622,0.549,1808,1546,1569.6,C+,Leader Lt. Surge (Elo 2177.2),Swimmer Miranda (Elo 912.0),Hiker Noland (7 games),11.85,Geodude Lv50 (Rock Head): Rock Polish/Rock Throw/Magnitude/Selfdestruct | Geodude Lv50 (Rock Head): Rock Polish/Rock Throw/Magnitude/Selfdestruct | Bronzor Lv50 (Levitate): Hypnosis/Imprison/Confuse Ray/Extrasensory
611,black_belt_eddie,Black Belt Eddie,Black Belt,756,622,0.549,1849,1584,1546.1,C+,Ace Trainer Maria (Elo 2026.9),Ninja Boy Brennan (Elo 1098.1),Galactic Grunt Mt Coronet 5f 1 (7 games),9.11,Mankey Lv50 (Vital Spirit): Cross Chop/Thrash/Punishment/Close Combat | Machoke Lv50 (Guts): Wake Up Slap/Cross Chop/Scary Face/Dynamic Punch | Infernape Lv50 (Blaze): Punishment/Close Combat/Fire Spin/Calm Mind
612,bird_keeper_geneva_postgame,Bird Keeper Geneva Postgame,Bird Keeper,754,624,0.547,1828,1576,1542.9,C+,Ace Trainer Gaven (Elo 1963.0),Pokefan Rebekah (Elo 950.3),Swimmer Duane (7 games),8.75,Fearow Lv50 (Keen Eye): Agility/Assurance/Roost/Drill Peck | Xatu Lv50 (Synchronize): Future Sight/Ominous Wind/Power Swap/Guard Swap
613,hgss_ace_trainer_f_jenn_0417,Ace Trainer Jenn,Trainerclass Ace Trainer F,754,624,0.547,1798,1541,1539.5,C+,Camper Todd Rematch 3 (Elo 2027.4),Aroma Lady Jenna (Elo 1105.1),Bug Catcher Ken (7 games),8.5,Staryu Lv50 (Illuminate): Rapid Spin/Recover/Camouflage/Swift | Starmie Lv50 (Illuminate): Water Gun/Rapid Spin/Recover/Swift
614,hgss_poke_maniac_brent_0172,Poke Maniac Brent Rematch 1,Trainerclass Poke Maniac,753,625,0.546,1768,1507,1575.3,C+,Ace Trainer Sydney (Elo 1938.7),Twins Emma And Lil (Elo 1078.3),Cyclist John Rematch 2 (7 games),12.31,Nidorina Lv50 (Poison Point): Poison Sting/Fury Swipes/Bite/Helping Hand | Nidorino Lv50 (Poison Point): Poison Sting/Fury Attack/Horn Attack/Helping Hand | Gyarados Lv50 (Intimidate): Dragon Rage/Leer/Twister/Ice Fang
615,hgss_ace_trainer_m_allen_0407,Ace Trainer Allen,Trainerclass Ace Trainer M,753,625,0.546,1813,1555,1544.9,C+,Ace Trainer Ruben (Elo 1974.9),Firebreather Ray (Elo 801.4),Scientist Linden (7 games),9.33,Charmeleon Lv50 (Blaze): Ember/Smoke Screen/Fire Fang/Scary Face | Magnemite Lv50 (Magnet Pull): Spark/Thunder Wave/Supersonic/Metal Sound
616,hgss_biker_ernest_0631,Biker Ernest Rematch 1,Trainerclass Biker,753,625,0.546,1851,1597,1526.4,C,Leader Morty (Elo 1949.7),Aroma Lady Taylor (Elo 1010.8),Galactic Grunt Mt Coronet 4f 1 (7 games),10.86,Teddiursa Lv50 (Pickup): Slash/Charm/Rest/Snore | Azumarill Lv50 (Huge Power): Aqua Ring/Double Edge/Rain Dance/Aqua Tail
617,battle_girl_helen_rematch_2,Battle Girl Helen Rematch 2,Battle Girl,752,626,0.546,1840,1584,1551.2,C+,Ace Trainer Mariah (Elo 2104.4),Lass Samantha (Elo 917.0),Scientist Shaun Rematch 1 (7 games),6.69,Medicham Lv50 (Pure Power): Force Palm/Hi Jump Kick/Psych Up/Power Trick | Machoke Lv50 (Guts): Submission/Wake Up Slap/Cross Chop/Scary Face
618,hgss_swimmer_m_duane_0592,Swimmer Duane,Trainerclass Swimmer M,752,626,0.546,1826,1572,1510.5,C,Firebreather Walt Rematch 3 (Elo 1957.4),Cameraman Tevin (Elo 1117.2),Bird Keeper Geneva Postgame (7 games),8.75,Seaking Lv50 (Swift Swim): Flail/Aqua Ring/Fury Attack/Waterfall | Kabutops Lv50 (Swift Swim): Endure/Aqua Jet/Mega Drain/Slash
619,hgss_fisherman_wilton_0124,Fisherman Wilton,Trainerclass Fisherman,750,628,0.544,1847,1606,1506.4,C,Dragon Tamer Hayden Rematch (Elo 1937.8),Aroma Lady Jenna (Elo 1105.1),Galactic Grunt Celestic Town (7 games),11.34,Goldeen Lv50 (Swift Swim): Supersonic/Horn Attack/Water Pulse/Flail | Goldeen Lv50 (Swift Swim): Supersonic/Horn Attack/Water Pulse/Flail | Seaking Lv50 (Swift Swim): Horn Attack/Water Pulse/Flail/Aqua Ring
620,hgss_hiker_anthony_0100,Hiker Anthony Rematch 1,Trainerclass Hiker,749,629,0.544,1830,1585,1543.3,C+,Ace Trainer Rodolfo Postgame (Elo 1986.1),Twins Amy & Mimi Rematch (Elo 817.9),Firebreather Lyle (7 games),3.91,Graveler Lv50 (Rock Head): Selfdestruct/Rollout/Rock Blast/Earthquake | Machoke Lv50 (No Guard): Seismic Toss/Revenge/Vital Throw/Submission
621,hgss_hiker_erik_0143,Hiker Erik,Trainerclass Hiker,748,630,0.543,1835,1598,1520.4,C,Ace Trainer Sandra Postgame (Elo 1998.0),Sailor Huey (Elo 1067.0),Swimmer Francisco Rematch (7 games),6.75,Machop Lv50 (Guts): Karate Chop/Foresight/Seismic Toss/Revenge | Graveler Lv50 (Sturdy): Magnitude/Selfdestruct/Rollout/Rock Blast | Machop Lv50 (No Guard): Foresight/Seismic Toss/Revenge/Vital Throw
622,hgss_fisherman_tully_0324,Fisherman Tully Rematch 2,Trainerclass Fisherman,747,631,0.542,1747,1513,1524.5,C,Rancher Marco Rematch 2 (Elo 1979.8),Breeder Kahlil (Elo 1063.5),Swimmer Adrian (7 games),10.37,Goldeen Lv50 (Swift Swim): Horn Attack/Water Pulse/Flail/Aqua Ring | Goldeen Lv50 (Swift Swim): Horn Attack/Water Pulse/Flail/Aqua Ring | Qwilfish Lv50 (Poison Point): Spit Up/Revenge/Brine/Pin Missile
623,hgss_fisherman_kyle_0059,Fisherman Kyle,Trainerclass Fisherman,746,632,0.541,1783,1557,1570.6,C+,Biker Glenn (Elo 1863.9),Psychic Elijah (Elo 1111.7),Ninja Boy Ethan (7 games),10.66,Goldeen Lv50 (Swift Swim): Flail/Aqua Ring/Fury Attack/Waterfall | Qwilfish Lv50 (Poison Point): Stockpile/Spit Up/Revenge/Brine | Goldeen Lv50 (Swift Swim): Flail/Aqua Ring/Fury Attack/Waterfall
624,hgss_hiker_devin_0723,Hiker Devin,Trainerclass Hiker,746,632,0.541,1907,1685,1549.4,C+,Galactic Boss Cyrus Celestic Town Ruins (Elo 2143.2),Picnicker Brooke (Elo 808.2),Collector Ivan Rematch (7 games),20.14,Dunsparce Lv50 (Serene Grace): Defense Curl/Yawn/Glare/Rollout | Dunsparce Lv50 (Serene Grace): Defense Curl/Yawn/Glare/Rollout | Dunsparce Lv50 (Serene Grace): Defense Curl/Yawn/Glare/Rollout
625,swimmer_glenn_postgame,Swimmer Glenn Postgame,Swimmer Male,746,632,0.541,1851,1622,1525.3,C,Ace Trainer Gaven Rematch 1 (Elo 1998.2),Bug Catcher Arnie (Elo 997.4),Team Rocket Grunt Radio Tower 1 (7 games),6.51,Octillery Lv50 (Suction Cups): Bullet Seed/Wring Out/Signal Beam/Ice Beam | Poliwhirl Lv50 (Water Absorb): Belly Drum/Wake Up Slap/Hydro Pump/Mud Bomb
626,galactic_grunt_mt_coronet_tunnel_room_3,Galactic Grunt Mt Coronet Tunnel Room 3,Galactic Grunt Female,746,632,0.541,1819,1606,1521.2,C,Leader Sabrina (Elo 2199.7),Hiker Russel (Elo 1015.7),Bug Catcher Ken (7 games),7.76,Murkrow Lv50 (Insomnia): Night Shade/Assurance/Taunt/Faint Attack | Glameow Lv50 (Limber): Assist/Captivate/Slash/Sucker Punch | Murkrow Lv50 (Insomnia): Night Shade/Assurance/Taunt/Faint Attack
627,hgss_team_rocket_f_grunt_underground_5_0199,Team Rocket Grunt Underground 5,Trainerclass Team Rocket F,746,632,0.541,1741,1513,1519.7,C,Leader Brock (Elo 2147.0),Bug Catcher Arnie (Elo 997.4),Cameraman Darryl (7 games),12.79,Gloom Lv50 (Chlorophyll): Poison Powder/Stun Spore/Sleep Powder/Mega Drain | Gloom Lv50 (Chlorophyll): Poison Powder/Stun Spore/Sleep Powder/Mega Drain
628,hgss_sailor_huey_0441,Sailor Huey Rematch 2,Trainerclass Sailor,746,632,0.541,1865,1643,1512.0,C,Leader Jasmine (Elo 1988.5),Lass Samantha (Elo 917.0),Swimmer Frankie (7 games),8.43,Poliwhirl Lv50 (Water Absorb): Body Slam/Bubble Beam/Mud Shot/Belly Drum | Poliwrath Lv50 (Water Absorb): Bubble Beam/Hypnosis/Double Slap/Submission
629,worker_jackson,Worker Jackson,Worker,745,633,0.541,1742,1524,1520.7,C,Bird Keeper Brianna Rematch 2 (Elo 1958.3),Sailor Harry (Elo 901.7),Fisherman Tully Rematch 1 (7 games),11.72,Magnemite Lv50 (Magnet Pull): Magnet Bomb/Spark/Thunder Wave | Magnemite Lv50 (Magnet Pull): Magnet Bomb/Spark/Thunder Wave | Magnemite Lv50 (Magnet Pull): Magnet Bomb/Spark/Thunder Wave
630,bird_keeper_audrey_postgame,Bird Keeper Audrey Postgame,Bird Keeper,744,634,0.54,1814,1593,1530.3,C,Commander Saturn Valor Cavern (Elo 2046.5),Hiker Robert (Elo 935.2),Bird Keeper Jose Rematch 3 (7 games),12.04,Taillow Lv50 (Guts): Double Team/Endeavor/Aerial Ace/Agility | Farfetchd Lv50 (Keen Eye): Night Slash/Air Slash/Feint/False Swipe | Pidgeot Lv50 (Keen Eye): Agility/Wing Attack/Roost/Tailwind
631,hgss_school_kid_m_nate_0428,School Kid Nate,Trainerclass School Kid M,744,634,0.54,1811,1598,1510.9,C,Ace Trainer Mikayla Postgame (Elo 2027.5),Camper Zackary (Elo 872.3),School Kid Joe (7 games),9.39,Ledian Lv50 (Swarm): Mach Punch/Baton Pass/Silver Wind/Agility | Exeggutor Lv50 (Chlorophyll): Confusion/Stomp/Egg Bomb/Wood Hammer
632,buck_stark_mountain_postgame,Buck Stark Mountain Postgame,Trainer Buck,744,634,0.54,1768,1554,1503.6,C,Ace Trainer Destiny (Elo 1936.4),Rich Boy Liam (Elo 660.5),Fisherman Liam (7 games),6.37,Claydol Lv50 (Levitate): Psychic/Ancient Power/Light Screen/Reflect
633,hgss_bug_catcher_wade_0509,Bug Catcher Wade Rematch 3,Trainerclass Bug Catcher,743,635,0.539,1812,1601,1549.2,C+,Breeder Albert Rematch 3 (Elo 2012.1),Galactic Grunt Team Galactic Eterna Building 1f 2 (Elo 1005.0),Reporter Kinsey Rematch 3 (7 games),14.31,Butterfree Lv50 (Compound Eyes): Bug Bite/Gust/Supersonic/Whirlwind | Butterfree Lv50 (Compound Eyes): Bug Buzz/Stun Spore/Captivate/Tailwind | Beedrill Lv50 (Swarm): Endeavor/Focus Energy/Pin Missile/Bug Bite | Butterfree Lv50 (Compound Eyes): Stun Spore/Sleep Powder/Captivate/Tailwind
634,galactic_grunt_mt_coronet_4f_1,Galactic Grunt Mt Coronet 4f 1,Galactic Grunt Male,742,636,0.538,1787,1579,1523.8,C,Breeder Jennifer Rematch 2 (Elo 1944.1),Lass Connie (Elo 905.7),Pi Kendrick (7 games),10.12,Houndour Lv50 (Early Bird): Beat Up/Fire Fang/Faint Attack/Embargo | Golbat Lv50 (Inner Focus): Confuse Ray/Air Cutter/Mean Look/Poison Fang | Houndour Lv50 (Early Bird): Beat Up/Fire Fang/Faint Attack/Embargo
635,dragon_tamer_patrick_rematch_1,Dragon Tamer Patrick Rematch 1,Dragon Tamer,742,636,0.538,1826,1620,1523.0,C,Leader Lt. Surge (Elo 2177.2),Camper Zackary (Elo 872.3),Youngster Ian Rematch 2 (7 games),5.33,Gabite Lv50 (Sand Veil): Sand Tomb/Slash/Dragon Claw/Dig
636,commander_mars_valley_windworks,Commander Mars Valley Windworks,Commander Mars,741,637,0.538,1726,1512,1548.3,C+,Leader Fantina (Elo 1998.1),Black Belt Ricky (Elo 1100.3),Juggler Irwin Rematch 1 (7 games),8.71,Zubat Lv50 (Inner Focus): Bite/Leech Life/Toxic | Purugly @ Oran Berry Lv50 (Thick Fat): Faint Attack/Scratch/Fake Out
637,hgss_biker_reese_0626,Biker Reese Rematch 2,Trainerclass Biker,741,637,0.538,1771,1574,1511.4,C,Camper Tanner Rematch 3 (Elo 2003.9),School Kid Chance (Elo 994.0),Fisherman Cody (7 games),12.71,Arbok Lv50 (Intimidate): Mud Bomb/Swallow/Stockpile/Spit Up | Weezing Lv50 (Levitate): Sludge Bomb/Double Hit/Smoke Screen/Assurance
638,hgss_psychic_m_nathan_0042,Psychic Nathan,Trainerclass Psychic M,739,639,0.536,1807,1602,1536.6,C+,Dragon Tamer Geoffrey Rematch Postgame (Elo 2072.8),Galactic Grunt Valley Windworks 1 (Elo 876.9),Poke Kid Danielle Rematch 3 (7 games),4.13,Girafarig Lv50 (Inner Focus): Stomp/Agility/Psybeam/Baton Pass
639,hgss_black_belt_manford_0545,Black Belt Manford,Trainerclass Black Belt,738,640,0.536,1928,1733,1494.8,C,Ace Trainer Mariah (Elo 2104.4),Scientist Mitch (Elo 802.1),Dawn Veilstone City Turtwig (7 games),9.56,Poliwrath Lv50 (Water Absorb): Hydro Pump/Dynamic Punch/Mud Shot/Hypnosis
640,hgss_school_kid_m_johnny_0135,School Kid Johnny,Trainerclass School Kid M,737,641,0.535,1719,1524,1538.7,C+,Camper Tanner Rematch 2 (Elo 1938.7),Bug Catcher Josh (Elo 961.3),Fisherman Miguel Rematch (7 games),10.86,Bellsprout Lv50 (Chlorophyll): Knock Off/Sweet Scent/Gastro Acid/Razor Leaf | Weepinbell Lv50 (Chlorophyll): Knock Off/Sweet Scent/Gastro Acid/Razor Leaf | Victreebel Lv50 (Chlorophyll): Vine Whip/Sleep Powder/Sweet Scent/Razor Leaf
641,hgss_swimmer_f_nikki_0296,Swimmer Nikki,Trainerclass Swimmer F,735,643,0.533,1797,1618,1522.9,C,Leader Pryce (Elo 2051.2),Lass Samantha Rematch 1 (Elo 895.9),Swimmer Haley (7 games),9.04,Seel Lv50 (Thick Fat): Aurora Beam/Aqua Jet/Brine/Take Down | Dewgong Lv50 (Thick Fat): Brine/Sheer Cold/Take Down/Dive
642,rich_boy_trey_rematch_2,Rich Boy Trey Rematch 2,Rich Boy,734,644,0.533,1832,1647,1527.8,C,Ace Trainer Gaven Rematch 2 (Elo 2028.0),Poke Kid Danielle (Elo 634.8),Swimmer Francisco Rematch (7 games),5.15,Luxray Lv50 (Rivalry): Thunder Fang/Crunch/Scary Face/Discharge
643,youngster_wayne,Youngster Wayne,Youngster,732,646,0.531,1790,1621,1522.1,C,Ace Trainer Garrett (Elo 1958.5),Breeder Kahlil (Elo 1063.5),Swimmer Katelyn (7 games),12.24,Staravia Lv50 (Intimidate): Growl/Quick Attack/Wing Attack/Double Team | Shellos Lv50 (Sticky Hold): Harden/Water Pulse/Mud Bomb/Hidden Power | Ponyta Lv50 (Run Away): Tail Whip/Ember/Flame Wheel/Stomp
644,galactic_grunt_celestic_town,Galactic Grunt Celestic Town,Galactic Grunt Male,732,646,0.531,1771,1595,1509.3,C,School Kid Alan Rematch 3 (Elo 2021.5),Hiker Robert (Elo 935.2),Fisherman Wilton (7 games),8.57,Houndour Lv50 (Early Bird): Bite/Odor Sleuth/Beat Up/Fire Fang | Golbat Lv50 (Inner Focus): Bite/Wing Attack/Confuse Ray/Air Cutter
645,hgss_ace_trainer_m_kobe_0497,Ace Trainer Kobe,Trainerclass Ace Trainer M,729,649,0.529,1793,1625,1576.2,C+,Camper Todd Rematch 3 (Elo 2027.4),Jogger Wyatt (Elo 834.4),Clown Lee Rematch 4 (7 games),4.46,Dragonair Lv50 (Shed Skin): Thunder/Surf/Dragon Rage/Iron Tail
646,hgss_teacher_hillary_0635,Teacher Hillary Rematch 2,Trainerclass Teacher,729,649,0.529,1761,1588,1542.3,C+,Ace Trainer Rodolfo Postgame (Elo 1986.1),School Kid Chance (Elo 994.0),Bug Catcher Rob Rematch 1 (7 games),8.3,Ambipom Lv50 (Technician): Double Hit/Fling/Nasty Plot/Last Resort | Sunflora Lv50 (Chlorophyll): Petal Dance/Sunny Day/Solar Beam/Leaf Storm
647,hgss_teacher_hillary_0636,Teacher Hillary Rematch 3,Trainerclass Teacher,729,649,0.529,1740,1575,1529.8,C,Double Team Elan & Ida (Elo 1973.3),Guitarist Arturo (Elo 965.9),Biker Harris (7 games),8.68,Ambipom Lv50 (Technician): Double Hit/Fling/Nasty Plot/Last Resort | Sunflora Lv50 (Chlorophyll): Petal Dance/Sunny Day/Solar Beam/Leaf Storm
648,belle_and_pa_ava_and_matt,Belle And Pa Ava And Matt,Belle And Pa,727,651,0.528,1727,1580,1544.6,C+,Ace Trainer Mariah (Elo 2104.4),Beauty Gabriella (Elo 970.7),Dragon Tamer Patrick (7 games),4.13,Ponyta Lv50 (Run Away): Ember/Flame Wheel/Stomp/Fire Spin | Rapidash Lv50 (Run Away): Ember/Flame Wheel/Stomp/Fire Spin
649,psychic_deandre,Psychic Deandre,Psychic Male,727,651,0.528,1801,1646,1506.4,C,Dragon Tamer Geoffrey Rematch Postgame (Elo 2072.8),Galactic Grunt Lake Verity 1 (Elo 978.0),Galactic Grunt Galactic Hq 3f 4 (7 games),5.39,Dusknoir Lv50 (Pressure): Shadow Punch/Fire Punch/Ice Punch/Thunder Punch
650,hgss_bird_keeper_gs_justin_0552,Bird Keeper Justin,Trainerclass Bird Keeper Gs,725,653,0.526,1758,1611,1517.5,C,Executive Ariana Ariana (Radio Tower) (Elo 2006.7),Pokefan Marigold (Elo 979.8),Fisherman Alec Rematch (7 games),14.01,Xatu Lv50 (Synchronize): Tailwind/Wish/Psycho Shift/Future Sight | Noctowl Lv50 (Insomnia): Confusion/Take Down/Air Slash/Zen Headbutt
651,hgss_rival_silver_bayleef_azalea,Rival Silver Bayleef (Azalea),Trainerclass Rival,725,653,0.526,1776,1631,1503.8,C,Ace Trainer Moira Postgame (Elo 2082.7),School Kid Chance (Elo 994.0),Youngster Wayne (7 games),11.87,Gastly Lv50 (Levitate): Lick/Spite/Mean Look/Curse | Zubat Lv50 (Inner Focus): Leech Life/Supersonic/Astonish/Bite | Bayleef Lv50 (Overgrow): Razor Leaf/Poison Powder/Synthesis/Reflect
652,hgss_swimmer_f_kaylee_0090,Swimmer Kaylee,Trainerclass Swimmer F,725,653,0.526,1794,1652,1492.0,C,Camper Todd Rematch 3 (Elo 2027.4),Aroma Lady Angela (Elo 1126.7),Swimmer Mary (7 games),11.03,Goldeen Lv50 (Water Veil): Water Pulse/Horn Attack/Supersonic/Peck | Goldeen Lv50 (Water Veil): Water Pulse/Horn Attack/Supersonic/Peck | Seaking Lv50 (Water Veil): Water Pulse/Horn Attack/Supersonic/Peck
653,fisherman_alec,Fisherman Alec,Fisherman,725,653,0.526,1886,1725,1487.4,C-,Rocket Boss Giovanni (Elo 2198.8),School Kid Chad (Elo 742.0),Picnicker Erin Rematch 1 (7 games),9.95,Magikarp Lv50 (Swift Swim): Splash/Tackle/Flail | Gyarados Lv50 (Intimidate): Aqua Tail/Rain Dance/Hydro Pump/Dragon Dance
654,hgss_swimmer_m_george_0096,Swimmer George,Trainerclass Swimmer M,724,654,0.525,1755,1612,1522.0,C,Leader Pryce (Elo 2051.2),Picnicker Piper (Elo 902.4),Hiker Benjamin (7 games),17.38,Tentacool Lv50 (Clear Body): Supersonic/Constrict/Acid/Toxic Spikes | Tentacool Lv50 (Liquid Ooze): Supersonic/Constrict/Acid/Toxic Spikes | Tentacool Lv50 (Liquid Ooze): Supersonic/Constrict/Acid/Toxic Spikes | Staryu Lv50 (Natural Cure): Water Gun/Rapid Spin/Recover/Camouflage | Tentacool Lv50 (Liquid Ooze): Supersonic/Constrict/Acid/Toxic Spikes | Remoraid Lv50 (Sniper): Lock On/Psybeam/Aurora Beam/Bubble Beam
655,hgss_picnicker_edna_0333,Picnicker Edna,Trainerclass Picnicker,723,655,0.525,1808,1675,1513.0,C,Ace Trainer Jake (Elo 2059.4),Hiker Daniel (Elo 982.7),Ace Trainer Kelly (7 games),9.56,Nidorina Lv50 (Rivalry): Bite/Helping Hand/Toxic Spikes/Flatter | Raichu Lv50 (Static): Thunder Shock/Tail Whip/Quick Attack/Thunderbolt
656,hgss_pokefan_eleanor_0568,Pokefan Eleanor,Trainerclass Pokefan,723,655,0.525,1822,1691,1505.4,C,Ace Trainer Natasha Postgame (Elo 2124.7),Swimmer Matthew (Elo 949.8),Lass Dana Rematch 1 (7 games),9.76,Spinda Lv50 (Own Tempo): Dizzy Punch/Sucker Punch/Teeter Dance/Psych Up | Illumise Lv50 (Oblivious): Flatter/Helping Hand/Zen Headbutt/Bug Buzz
657,black_belt_darren,Black Belt Darren,Black Belt,720,658,0.522,1671,1546,1517.9,C,Ace Trainer Brandi (Elo 1891.3),Youngster Tristan Rematch 1 (Elo 1056.7),Swimmer Charlie (7 games),8.89,Machop Lv50 (Guts): Karate Chop/Foresight | Meditite Lv50 (Pure Power): Confusion/Force Palm | Machoke Lv50 (Guts): Karate Chop/Foresight
658,picnicker_cheyenne,Picnicker Cheyenne,Picnicker,715,663,0.519,1713,1608,1545.3,C+,Ranger Kyler Rematch Postgame (Elo 1994.1),Picnicker Brooke (Elo 808.2),Ranger Kyler Rematch Postgame (7 games),10.82,Drifloon Lv50 (Aftermath): Spit Up/Swallow/Stockpile | Misdreavus Lv50 (Levitate): Psybeam/Astonish/Confuse Ray
659,galactic_grunt_iron_island_2,Galactic Grunt Iron Island 2,Galactic Grunt Male,715,663,0.519,1726,1614,1530.4,C,Leader Morty (Elo 1949.7),Castle Valet Darach (Elo 823.3),Hiker Alexander (7 games),10.65,Glameow Lv50 (Limber): Fury Swipes/Charm/Assist/Captivate | Stunky Lv50 (Stench): Feint/Slash/Toxic/Night Slash | Croagunk Lv50 (Anticipation): Revenge/Swagger/Mud Bomb/Sucker Punch
660,worker_dillan,Worker Dillan,Worker,715,663,0.519,1736,1630,1511.8,C,Breeder Albert Rematch 2 (Elo 1856.5),School Kid Chance (Elo 994.0),Bug Catcher Doug Rematch 2 (7 games),5.7,Machop Lv50 (Guts): Seismic Toss/Revenge/Vital Throw/Submission | Machoke Lv50 (Guts): Seismic Toss/Revenge/Vital Throw/Submission
661,hgss_ace_trainer_f_kate_0118,Ace Trainer Kate,Trainerclass Ace Trainer F,714,664,0.518,1685,1579,1500.6,C,Dragon Tamer Geoffrey Rematch Postgame (Elo 2072.8),Reporter Valerie (Elo 932.2),Collector Ivan Rematch (7 games),10.72,Shellder Lv50 (Shell Armor): Icicle Spear/Protect/Leer/Clamp | Cloyster Lv50 (Shell Armor): Supersonic/Aurora Beam/Protect/Spikes
662,ruin_maniac_larry,Ruin Maniac Larry,Ruin Maniac,714,664,0.518,1744,1640,1497.1,C,Youngster Dallas Rematch 3 (Elo 2078.6),Youngster Michael (Elo 904.6),School Kid Tiera (7 games),4.53,Aerodactyl Lv50 (Rock Head): Crunch/Take Down/Iron Head/Hyper Beam
663,rancher_marco_rematch_1,Rancher Marco Rematch 1,Rancher,714,664,0.518,1776,1669,1495.5,C,Cameraman Tevin Rematch 3 (Elo 2007.4),Dawn Jubilife City Turtwig (Elo 869.6),Rich Boy Trey Rematch 1 (7 games),7.68,Ponyta Lv50 (Run Away): Take Down/Agility/Fire Blast/Bounce | Rapidash Lv50 (Run Away): Take Down/Agility/Fire Blast/Fury Attack
664,swimmer_colton,Swimmer Colton,Swimmer Male,713,665,0.517,1762,1664,1529.9,C,Veteran Clayton (Elo 2031.1),Lass Samantha (Elo 917.0),Sailor Skyler (7 games),13.99,Wingull Lv50 (Keen Eye): Quick Attack/Roost/Pursuit/Agility | Octillery Lv50 (Suction Cups): Octazooka/Bullet Seed/Wring Out/Signal Beam | Pelipper Lv50 (Keen Eye): Stockpile/Swallow/Spit Up/Fling
665,galactic_grunt_galactic_hq_2f_1,Galactic Grunt Galactic Hq 2f 1,Galactic Grunt Male,712,666,0.517,1771,1685,1489.8,C,Breeder Jennifer Rematch 2 (Elo 1944.1),Artist William (Elo 1061.4),Black Belt Adam (7 games),9.68,Glameow Lv50 (Limber): Charm/Assist/Captivate/Slash | Murkrow Lv50 (Insomnia): Night Shade/Assurance/Taunt/Faint Attack | Croagunk Lv50 (Anticipation): Mud Bomb/Sucker Punch/Nasty Plot/Poison Jab
666,beauty_devon,Beauty Devon,Beauty,710,668,0.515,1676,1594,1497.9,C,Ace Trainer Rodolfo Postgame (Elo 1986.1),Guitarist Arturo (Elo 965.9),Fisherman Tully (7 games),13.61,Wormadam Lv50 (Anticipation): Protect/Bug Bite/Hidden Power/Confusion | Wormadam Lv50 (Anticipation): Protect/Bug Bite/Hidden Power/Confusion | Wormadam Lv50 (Anticipation): Protect/Bug Bite/Hidden Power/Confusion
667,black_belt_gregory,Black Belt Gregory,Black Belt,709,669,0.515,1642,1571,1533.3,C+,Ace Trainer Jasmin Postgame (Elo 1805.4),Gentleman Jeremy (Elo 1102.0),Scientist Lowell (7 games),7.64,Machop Lv50 (Guts): Karate Chop/Foresight/Seismic Toss/Revenge | Machop Lv50 (Guts): Karate Chop/Foresight/Seismic Toss/Revenge | Machop Lv50 (Guts): Karate Chop/Foresight/Seismic Toss/Revenge
668,black_belt_luke,Black Belt Luke,Black Belt,708,670,0.514,1718,1652,1440.8,C-,Ace Trainer Brandi (Elo 1891.3),Rival Route 201 Torterra (Elo 810.4),Ninja Boy Ethan (7 games),9.22,Croagunk Lv50 (Anticipation): Swagger/Mud Bomb/Sucker Punch/Nasty Plot | Riolu Lv50 (Steadfast): Feint/Reversal/Screech/Copycat | Machoke Lv50 (Guts): Revenge/Vital Throw/Submission/Wake Up Slap
669,hgss_ace_trainer_f_fran_0119,Ace Trainer Fran,Trainerclass Ace Trainer F,706,672,0.512,1717,1648,1499.3,C,Leader Byron (Elo 2162.5),Lass Samantha Rematch 1 (Elo 895.9),Bird Keeper Josh Rematch 3 (7 games),4.25,Seadra Lv50 (Sniper): Bubble Beam/Agility/Twister/Brine
670,hiker_damon,Hiker Damon,Hiker,705,673,0.512,1707,1632,1517.9,C,Ace Trainer Felix Postgame (Elo 2028.0),Camper Todd (Elo 927.2),Black Belt Lao (7 games),16.26,Nosepass Lv50 (Sturdy): Rock Throw/Block/Thunder Wave/Rock Slide | Onix Lv50 (Rock Head): Sandstorm/Slam/Rock Polish/Dragon Breath | Steelix Lv50 (Rock Head): Sandstorm/Slam/Rock Polish/Dragon Breath
671,hgss_lass_shannon_0355,Lass Shannon,Trainerclass Lass,705,673,0.512,1730,1667,1504.2,C,Ace Trainer French (Elo 2065.6),Firebreather Ray (Elo 801.4),Juggler Irwin Rematch 1 (7 games),10.44,Paras Lv50 (Effect Spore): Slash/Growth/Giga Drain/Aromatherapy | Paras Lv50 (Dry Skin): Slash/Growth/Giga Drain/Aromatherapy | Parasect Lv50 (Dry Skin): Spore/Slash/Growth/Giga Drain
672,hgss_juggler_irwin_0454,Juggler Irwin Rematch 1,Trainerclass Juggler,705,673,0.512,1711,1641,1488.6,C,Double Team Al And Kay (Elo 1905.5),Hiker Anthony (Elo 1001.8),Picnicker Gina Rematch 1 (7 games),12.36,Voltorb Lv50 (Soundproof): Spark/Rollout/Screech/Light Screen | Voltorb Lv50 (Static): Rollout/Screech/Light Screen/Charge Beam | Voltorb Lv50 (Static): Rollout/Screech/Light Screen/Charge Beam | Voltorb Lv50 (Static): Light Screen/Charge Beam/Selfdestruct/Swift
673,swimmer_adrian,Swimmer Adrian,Swimmer Male,701,677,0.509,1695,1651,1513.5,C,Fisherman Tully Rematch 3 (Elo 1922.5),Lass Samantha (Elo 917.0),Galactic Grunt Iron Island 1 (7 games),9.23,Remoraid Lv50 (Hustle): Bubble Beam/Focus Energy/Bullet Seed/Water Pulse | Tentacool Lv50 (Clear Body): Bubble Beam/Wrap/Barrier/Water Pulse | Octillery Lv50 (Suction Cups): Bubble Beam/Focus Energy/Octazooka/Bullet Seed
674,hgss_super_nerd_teru_0393,Super Nerd Teru,Trainerclass Super Nerd,701,677,0.509,1621,1577,1506.2,C,Veteran Armando Rematch (Elo 2138.5),Worker Mason (Elo 860.9),Bug Catcher Wade Rematch 2 (7 games),12.87,Magnemite Lv50 (Magnet Pull): Metal Sound/Tackle/Thunder Shock | Voltorb Lv50 (Soundproof): Charge/Tackle/Sonic Boom | Magnemite Lv50 (Sturdy): Metal Sound/Tackle/Thunder Shock | Magnemite Lv50 (Sturdy): Metal Sound/Tackle/Thunder Shock
675,hgss_psychic_m_phil_0405,Psychic Phil,Trainerclass Psychic M,700,678,0.508,1744,1697,1487.8,C,Bird Keeper Brianna Rematch 2 (Elo 1958.3),Tower Tycoon Palmer (Elo 852.8),Hiker Parry Rematch 1 (7 games),7.39,Natu Lv50 (Synchronize): Leer/Night Shade/Me First/Confuse Ray | Kadabra Lv50 (Synchronize): Disable/Psybeam/Reflect/Charge Beam
676,fisherman_cody,Fisherman Cody,Fisherman,698,680,0.507,1744,1706,1505.1,C,Ace Trainer Ruben (Elo 1974.9),Picnicker Brooke (Elo 808.2),Biker Reese Rematch 2 (7 games),10.81,Barboach Lv50 (Oblivious): Water Pulse/Magnitude/Rest/Snore | Gyarados Lv50 (Intimidate): Dragon Rage/Leer/Twister/Ice Fang
677,hgss_bug_catcher_abner_0691,Bug Catcher Abner,Trainerclass Bug Catcher,698,680,0.507,1774,1744,1502.3,C,Kimono Girl Naoko (Elo 1907.8),Pokefan Rebekah (Elo 950.3),Picnicker Erin Rematch 1 (7 games),9.79,Butterfree Lv50 (Compound Eyes): Tailwind/Safeguard/Captivate/Bug Buzz | Beedrill Lv50 (Swarm): Agility/Assurance/Poison Jab/Endeavor | Pikachu Lv50 (Static): Feint/Agility/Discharge/Light Screen
678,hgss_lass_krise_0611,Lass Krise Rematch 2,Trainerclass Lass,698,680,0.507,1644,1604,1482.5,C-,Ace Trainer Shannon (Elo 1943.8),Lass Samantha (Elo 917.0),Picnicker Tanya (7 games),13.82,Gloom Lv50 (Chlorophyll): Stun Spore/Sleep Powder/Mega Drain/Lucky Chant | Marowak Lv50 (Rock Head): Rage/False Swipe/Thrash/Fling
679,fisherman_walter,Fisherman Walter,Fisherman,698,680,0.507,1718,1692,1478.8,C-,Leader Byron (Elo 2162.5),Picnicker Selina (Elo 862.1),Ace Trainer Kobe (7 games),4.92,Whiscash Lv50 (Oblivious): Water Pulse/Magnitude
680,hgss_swimmer_m_esteban_0591,Swimmer Esteban,Trainerclass Swimmer M,697,681,0.506,1782,1761,1460.3,C-,Firebreather Walt Rematch 3 (Elo 1957.4),Scientist Mitch (Elo 802.1),School Kid Torin Rematch 2 (7 games),8.49,Golduck Lv50 (Damp): Water Pulse/Fury Swipes/Screech/Psych Up | Poliwhirl Lv50 (Water Absorb): Body Slam/Bubble Beam/Mud Shot/Belly Drum
681,poke_kid_ariel_rematch_4_postgame,Poke Kid Ariel Rematch 4 Postgame,Poke Kid,696,682,0.505,1713,1683,1460.3,C-,Ace Trainer Ruben (Elo 1974.9),Cyclist Axel (Elo 848.4),Ace Trainer Kobe (7 games),11.16,Pichu Lv50 (Static): Tail Whip/Thunder Wave/Sweet Kiss/Nasty Plot | Pikachu Lv50 (Static): Agility/Discharge/Light Screen/Thunder | Raichu Lv50 (Static): Thunder Shock/Tail Whip/Quick Attack/Thunderbolt
682,idol_grace_rematch_2,Idol Grace Rematch 2,Idol,693,685,0.503,1654,1640,1526.2,C,Ace Trainer Jake Rematch (Elo 2020.3),Cyclist Kayla (Elo 780.6),Swimmer Vincent (7 games),21.94,Clefairy Lv50 (Cute Charm): Gravity/Moonlight/Light Screen/Meteor Mash | Clefairy Lv50 (Cute Charm): Gravity/Moonlight/Light Screen/Meteor Mash | Clefairy Lv50 (Cute Charm): Gravity/Moonlight/Light Screen/Meteor Mash | Clefairy Lv50 (Cute Charm): Gravity/Moonlight/Light Screen/Meteor Mash
683,hgss_bird_keeper_gs_kinsley_0593,Bird Keeper Kinsley,Trainerclass Bird Keeper Gs,692,686,0.502,1685,1668,1525.9,C,School Kid Alan Rematch 3 (Elo 2021.5),Poke Kid Danielle Rematch 1 (Elo 920.5),Hiker Lorenzo (7 games),10.23,Farfetchd Lv50 (Keen Eye): Air Cutter/Swords Dance/Agility/Night Slash | Fearow Lv50 (Keen Eye): Aerial Ace/Mirror Move/Agility/Assurance | Pidgeotto Lv50 (Keen Eye): Twister/Feather Dance/Agility/Wing Attack
684,sailor_skyler,Sailor Skyler,Sailor,691,687,0.501,1673,1664,1498.6,C,Camper Todd Rematch 3 (Elo 2027.4),Bird Keeper Ernie (Elo 1038.7),Swimmer Colton (7 games),8.32,Mantyke Lv50 (Swift Swim): Agility/Wing Attack/Water Pulse/Take Down | Machoke Lv50 (Guts): Seismic Toss/Revenge/Vital Throw/Submission
685,hgss_scientist_gs_linden_0685,Scientist Linden,Trainerclass Scientist Gs,688,690,0.499,1712,1716,1513.5,C,Cameraman Tevin Rematch 3 (Elo 2007.4),Battle Girl Kelsey (Elo 861.1),Tuber Chelsea Rematch 1 (7 games),4.78,Magmar Lv50 (Flame Body): Overheat/Fire Punch/Confuse Ray/Faint Attack
686,hgss_picnicker_cindy_0083,Picnicker Cindy,Trainerclass Picnicker,688,690,0.499,1724,1736,1489.4,C,Ace Trainer Kassandra Postgame (Elo 2058.3),School Kid Chad (Elo 742.0),Super Nerd Pat (7 games),5.5,Nidoqueen Lv50 (Rivalry): Poison Jab/Earth Power/Body Slam/Double Kick
687,hgss_pokefan_m_derek_0439,Pokefan Derek Rematch 2,Trainerclass Pokefan M,687,691,0.499,1716,1714,1504.0,C,Fisherman Cole (Elo 1922.8),Hiker Russel (Elo 1015.7),Galactic Grunt Galactic Hq 2f 2 (7 games),13.14,Pichu Lv50 (Static): Charm/Tail Whip/Thunder Wave/Sweet Kiss | Teddiursa Lv50 (Pickup): Lick/Fake Tears/Fury Swipes/Faint Attack | Pikachu Lv50 (Static): Thunderbolt/Feint/Agility/Discharge | Teddiursa Lv50 (Pickup): Fury Swipes/Faint Attack/Sweet Scent/Slash
688,ruin_maniac_bryan,Ruin Maniac Bryan,Ruin Maniac,687,691,0.499,1700,1698,1503.1,C,Commander Saturn Valor Cavern (Elo 2046.5),Camper Clark (Elo 1028.9),Swimmer Kara (7 games),12.89,Bronzor Lv50 (Levitate): Hypnosis/Imprison/Confuse Ray/Extrasensory | Cranidos Lv50 (Mold Breaker): Pursuit/Take Down/Scary Face/Assurance
689,hgss_poke_maniac_calvin_0202,Poke Maniac Calvin,Trainerclass Poke Maniac,687,691,0.499,1689,1697,1491.1,C,Biker Aiden Rematch 3 (Elo 1896.1),Bug Catcher Brandon (Elo 928.3),Policeman Alex (7 games),5.75,Kangaskhan Lv50 (Scrappy): Bite/Mega Punch/Rage/Dizzy Punch
690,rich_boy_trey,Rich Boy Trey,Rich Boy,686,692,0.498,1739,1756,1500.7,C,Ace Trainer Ruben (Elo 1974.9),Galactic Grunt Valley Windworks 1 (Elo 876.9),School Kid Ricky (7 games),5.29,Luxray Lv50 (Rivalry): Roar/Swagger/Thunder Fang/Crunch
691,scientist_shaun_rematch_1,Scientist Shaun Rematch 1,Scientist,686,692,0.498,1742,1751,1499.5,C,School Kid Billy Rematch 3 (Elo 2013.6),School Kid Connor (Elo 971.4),Picnicker Gina Rematch 2 (7 games),9.63,Magnemite Lv50 (Magnet Pull): Spark/Lock On/Magnet Bomb/Screech | Kadabra Lv50 (Synchronize): Miracle Eye/Psybeam/Reflect/Recover
692,galactic_grunt_mt_coronet_4f_2,Galactic Grunt Mt Coronet 4f 2,Galactic Grunt Male,686,692,0.498,1654,1676,1487.5,C,Ace Trainer Gaven (Elo 1963.0),Collector Ivan (Elo 1010.7),Picnicker Gina Rematch 3 (7 games),7.97,Stunky Lv50 (Stench): Slash/Toxic/Night Slash/Memento | Golbat Lv50 (Inner Focus): Confuse Ray/Air Cutter/Mean Look/Poison Fang
693,hgss_pokefan_m_derek_0607,Pokefan Derek Rematch 3,Trainerclass Pokefan M,686,692,0.498,1753,1762,1477.5,C-,Dragon Tamer Drake Postgame (Elo 1928.2),Worker Colin (Elo 882.9),Sailor Huey Rematch 1 (7 games),14.59,Pichu Lv50 (Static): Tail Whip/Thunder Wave/Sweet Kiss/Nasty Plot | Teddiursa Lv50 (Pickup): Fake Tears/Fury Swipes/Faint Attack/Sweet Scent | Pikachu Lv50 (Static): Thunderbolt/Feint/Agility/Discharge | Ursaring Lv50 (Guts): Sweet Scent/Slash/Scary Face/Rest
694,guitarist_preston,Guitarist Preston,Guitarist,686,692,0.498,1829,1844,1464.5,C-,Dragon Tamer Geoffrey Rematch Postgame (Elo 2072.8),Swimmer Leona (Elo 717.2),Lady Celeste (7 games),6.73,Luxio Lv50 (Rivalry): Swagger/Thunder Fang/Crunch/Scary Face | Luxio Lv50 (Rivalry): Swagger/Thunder Fang/Crunch/Scary Face
695,hgss_swimmer_f_joy_0670,Swimmer Joy,Trainerclass Swimmer F,685,693,0.497,1735,1760,1485.6,C-,Veteran Grant (Elo 1950.9),Bug Catcher Brandon (Elo 928.3),Pokefan Boone (7 games),5.2,Cloyster Lv50 (Skill Link): Water Pulse/Spike Cannon/Aurora Beam/Attract
696,hgss_team_rocket_grunt_radio_tower_1_0185,Team Rocket Grunt Radio Tower 1,Trainerclass Team Rocket,685,693,0.497,1693,1716,1476.0,C-,Double Team Thom & Kae (Elo 1981.2),Maid Belinda (Elo 971.5),Swimmer Glenn Postgame (7 games),7.38,Raticate Lv50 (Guts): Hyper Fang/Sucker Punch/Scary Face/Crunch | Raticate Lv50 (Guts): Hyper Fang/Sucker Punch/Scary Face/Crunch
697,hgss_guitarist_clyde_0041,Guitarist Clyde,Trainerclass Guitarist,684,694,0.496,1657,1666,1482.0,C-,Swimmer Lori (Elo 2062.2),Youngster Gordon (Elo 807.9),Camper Pedro (7 games),4.79,Electabuzz Lv50 (Static): Shock Wave/Light Screen/Thunder Punch/Discharge
698,belle_and_pa_beth_and_bob,Belle And Pa Beth And Bob,Belle And Pa,683,695,0.496,1593,1618,1485.3,C-,Ace Trainer Mariah (Elo 2104.4),Hiker Robert (Elo 935.2),Guitarist Jerry (7 games),3.9,Ponyta Lv50 (Run Away): Tail Whip/Ember/Flame Wheel/Stomp | Ponyta Lv50 (Run Away): Tail Whip/Ember/Flame Wheel/Stomp
699,hgss_team_rocket_grunt_radio_tower_3_0187,Team Rocket Grunt Radio Tower 3,Trainerclass Team Rocket,683,695,0.496,1649,1669,1482.5,C-,Leader Fantina (Elo 1998.1),Jogger Wyatt (Elo 834.4),Fisherman Ralph Rematch 2 (7 games),10.51,Rattata Lv50 (Guts): Bite/Pursuit/Hyper Fang/Sucker Punch | Rattata Lv50 (Guts): Bite/Pursuit/Hyper Fang/Sucker Punch | Rattata Lv50 (Guts): Pursuit/Hyper Fang/Sucker Punch/Crunch | Rattata Lv50 (Guts): Pursuit/Hyper Fang/Sucker Punch/Crunch | Rattata Lv50 (Guts): Pursuit/Hyper Fang/Sucker Punch/Crunch
700,poke_kid_ariel_rematch_3_postgame,Poke Kid Ariel Rematch 3 Postgame,Poke Kid,681,697,0.494,1714,1743,1506.4,C,Ace Trainer Jake Rematch (Elo 2020.3),Cyclist Axel (Elo 848.4),Cyclist John Rematch 3 (7 games),10.99,Pichu Lv50 (Static): Tail Whip/Thunder Wave/Sweet Kiss/Nasty Plot | Pikachu Lv50 (Static): Agility/Discharge/Light Screen/Thunder | Raichu Lv50 (Static): Thunder Shock/Tail Whip/Quick Attack/Thunderbolt
701,youngster_dallas_rematch_1,Youngster Dallas Rematch 1,Youngster,677,701,0.491,1771,1816,1467.3,C-,Leader Morty (Elo 1949.7),Sage Jin (Elo 921.8),Camper Todd Rematch 1 (7 games),8.58,Luxio Lv50 (Rivalry): Leer/Charge/Spark/Bite | Bibarel Lv50 (Simple): Defense Curl/Rollout/Water Gun/Headbutt
702,bird_keeper_brianna,Bird Keeper Brianna,Bird Keeper,676,702,0.491,1654,1710,1456.9,C-,Ace Trainer Megan (Elo 1896.5),Tuber Chelsea (Elo 912.5),Sailor Kenneth (7 games),8.46,Hoothoot Lv50 (Insomnia): Reflect/Confusion/Take Down/Air Slash | Noctowl Lv50 (Insomnia): Reflect/Confusion/Take Down/Air Slash
703,bug_catcher_jack_and_lass_briana,Bug Catcher Jack & Lass Briana,Bug Catcher,674,704,0.489,1667,1725,1472.7,C-,Ace Trainer Rodolfo Postgame (Elo 1986.1),Pokefan Ruth (Elo 787.4),Breeder Kaylee (7 games),8.2,Wurmple Lv50 (Shield Dust): Tackle/String Shot/Poison Sting | Pachirisu Lv50 (Run Away): Bide/Quick Attack/Charm/Spark | Silcoon Lv50 (Shed Skin): Tackle/String Shot/Poison Sting/Harden | Beautifly Lv50 (Swarm): Tackle/Poison Sting/Absorb/Gust
704,swimmer_francisco,Swimmer Francisco,Swimmer Male,673,705,0.488,1700,1756,1497.4,C,Camper Todd Rematch 3 (Elo 2027.4),Sage Jin (Elo 921.8),Picnicker Sharon (7 games),7.8,Tentacool Lv50 (Clear Body): Water Pulse/Poison Jab/Screech/Hydro Pump | Golduck Lv50 (Damp): Fury Swipes/Screech/Psych Up/Zen Headbutt
705,hgss_picnicker_gina_0142,Picnicker Gina Rematch 1,Trainerclass Picnicker,673,705,0.488,1712,1776,1492.0,C,Veteran Grant (Elo 1950.9),Team Rocket Grunt Slowpoke Well 3 (Elo 951.5),Jogger Craig (7 games),13.41,Hoppip Lv50 (Chlorophyll): Stun Spore/Sleep Powder/Bullet Seed/Leech Seed | Hoppip Lv50 (Chlorophyll): Stun Spore/Sleep Powder/Bullet Seed/Leech Seed | Ivysaur Lv50 (Overgrow): Razor Leaf/Sweet Scent/Growth/Double Edge
706,hgss_picnicker_tanya_0336,Picnicker Tanya,Trainerclass Picnicker,673,705,0.488,1712,1771,1436.4,C-,Ace Trainer Rodolfo Postgame (Elo 1986.1),Bug Catcher Wade (Elo 790.6),Lass Krise Rematch 2 (7 games),7.09,Exeggutor Lv50 (Chlorophyll): Giga Drain/Light Screen/Egg Bomb/Hypnosis
707,lass_madeline_rematch_2,Lass Madeline Rematch 2,Lass,672,706,0.488,1681,1750,1475.3,C-,Rival Pastoria City Empoleon (Elo 1974.2),Pokefan Leonard (Elo 1082.9),Fisherman Ralph Rematch 2 (7 games),7.84,Golduck Lv50 (Damp): Confusion/Water Pulse/Fury Swipes/Screech | Buneary Lv50 (Run Away): Quick Attack/Jump Kick/Baton Pass/Agility
708,hgss_bug_catcher_arnie_0510,Bug Catcher Arnie Rematch 3,Trainerclass Bug Catcher,672,706,0.488,1673,1735,1460.6,C-,Ace Trainer Destiny (Elo 1936.4),Lucas Jubilife City Piplup (Elo 1063.0),Biker Aiden (7 games),9.39,Nincada Lv50 (Compound Eyes): Dig/Metal Claw/Mud Slap/Leech Life | Venomoth Lv50 (Shield Dust): Gust/Psychic/Poison Fang/Signal Beam
709,battle_girl_helen_rematch_3,Battle Girl Helen Rematch 3,Battle Girl,672,706,0.488,1701,1763,1450.2,C-,Ace Trainer Ruben (Elo 1974.9),Fisherman Ralph (Elo 815.3),Scientist Shaun Rematch 1 (7 games),12.36,Medicham Lv50 (Pure Power): Psych Up/Power Trick/Reversal/Recover | Machamp Lv50 (Guts): Wake Up Slap/Cross Chop/Scary Face/Dynamic Punch
710,hgss_pokefan_m_carter_0350,Pokefan Carter,Trainerclass Pokefan M,671,707,0.487,1668,1746,1470.5,C-,Rival Silver Bayleef (Burned Tower) (Elo 1848.2),Jogger Raul (Elo 1079.1),Skier Bradley (7 games),9.2,Bulbasaur Lv50 (Overgrow): Double Edge/Worry Seed/Synthesis/Seed Bomb | Charmander Lv50 (Blaze): Fire Fang/Slash/Flamethrower/Fire Spin | Squirtle Lv50 (Torrent): Aqua Tail/Skull Bash/Iron Defense/Rain Dance
711,galactic_grunt_mt_coronet_tunnel_room_1,Galactic Grunt Mt Coronet Tunnel Room 1,Galactic Grunt Male,670,708,0.486,1696,1777,1448.7,C-,Kimono Girl Naoko (Elo 1907.8),School Kid Chance (Elo 994.0),Gentleman Alfred Rematch 1 (7 games),8.88,Croagunk Lv50 (Anticipation): Mud Bomb/Sucker Punch/Nasty Plot/Poison Jab | Stunky Lv50 (Stench): Slash/Toxic/Night Slash/Memento | Croagunk Lv50 (Anticipation): Mud Bomb/Sucker Punch/Nasty Plot/Poison Jab
712,hgss_youngster_ian_0614,Youngster Ian Rematch 2,Trainerclass Youngster,669,709,0.485,1709,1779,1451.2,C-,Cameraman Tevin Rematch 3 (Elo 2007.4),Cyclist Kayla Rematch 1 (Elo 943.3),Swimmer Wesley (7 games),7.41,Primeape Lv50 (Vital Spirit): Screech/Assurance/Rage/Swagger | Dugtrio Lv50 (Sand Veil): Sand Tomb/Earth Power/Mud Bomb/Slash
713,hgss_medium_georgina_0494,Medium Georgina,Trainerclass Medium,668,710,0.485,1621,1697,1438.3,C-,Ranger Kyler Rematch Postgame (Elo 1994.1),Team Rocket Grunt Underground 2 (Elo 931.2),Jogger Craig Rematch 1 (7 games),10.2,Gastly Lv50 (Levitate): Spite/Mean Look/Curse/Night Shade | Gastly Lv50 (Levitate): Spite/Mean Look/Curse/Night Shade | Gastly Lv50 (Levitate): Spite/Mean Look/Curse/Night Shade | Gastly Lv50 (Levitate): Spite/Mean Look/Curse/Night Shade | Gastly Lv50 (Levitate): Spite/Mean Look/Curse/Night Shade
714,swimmer_aubree,Swimmer Aubree,Swimmer Female,666,712,0.483,1697,1784,1479.1,C-,Dragon Tamer Hayden Rematch (Elo 1937.8),Lass Kaitlin (Elo 1077.5),Swimmer Mary (7 games),11.22,Bibarel Lv50 (Simple): Yawn/Amnesia/Take Down/Super Fang | Azumarill Lv50 (Thick Fat): Bubble Beam/Aqua Ring/Double Edge/Rain Dance
715,galactic_grunt_galactic_hq_2f_3,Galactic Grunt Galactic Hq 2f 3,Galactic Grunt Female,666,712,0.483,1688,1776,1444.7,C-,Ace Trainer Megan (Elo 1896.5),Tuber Chelsea (Elo 912.5),School Kid Chad Rematch 1 (7 games),8.04,Golbat Lv50 (Inner Focus): Confuse Ray/Air Cutter/Mean Look/Poison Fang | Houndour Lv50 (Early Bird): Odor Sleuth/Beat Up/Fire Fang/Faint Attack
716,policeman_danny_rematch_1,Policeman Danny Rematch 1,Policeman,665,713,0.483,1648,1739,1464.2,C-,Ace Trainer Maria (Elo 2026.9),Poke Kid Danielle (Elo 634.8),Galactic Grunt Galactic Hq B2f 1 (7 games),7.0,Hoothoot Lv50 (Insomnia): Reflect/Confusion/Take Down/Air Slash | Machoke Lv50 (Guts): Seismic Toss/Revenge/Vital Throw/Submission
717,hgss_super_nerd_tyrone_0365,Super Nerd Tyrone,Trainerclass Super Nerd,663,715,0.481,1620,1720,1473.6,C-,Veteran Armando Rematch (Elo 2138.5),Sailor Harry (Elo 901.7),Hiker Jim (7 games),10.67,Magnemite Lv50 (Sturdy): Lock On/Magnet Bomb/Screech/Discharge | Magnemite Lv50 (Sturdy): Lock On/Magnet Bomb/Screech/Discharge | Magnemite Lv50 (Sturdy): Lock On/Magnet Bomb/Screech/Discharge
718,hgss_swimmer_f_chelan_0589,Swimmer Chelan,Trainerclass Swimmer F,663,715,0.481,1747,1849,1452.3,C-,Leader Jasmine (Elo 1988.5),Dawn Jubilife City Chimchar (Elo 972.1),Swimmer Esteban (7 games),6.29,Azumarill Lv50 (Huge Power): Waterfall/Rollout/Defense Curl/Dig
719,hgss_teacher_clarice_0561,Teacher Clarice,Trainerclass Teacher,661,717,0.48,1612,1724,1465.2,C-,Leader Chuck (Elo 1943.6),Camper Anthony (Elo 999.0),Team Rocket Grunt Radio Tower 9 (7 games),6.37,Zigzagoon @ Sitrus Berry Lv50 (Gluttony): Belly Drum/Flail/Return/Iron Tail | Roselia Lv50 (Poison Point): Ingrain/Synthesis/Toxic/Petal Dance
720,hgss_sailor_eddie_0669,Sailor Eddie,Trainerclass Sailor,660,718,0.479,1724,1839,1481.9,C-,Ace Trainer Henry (Elo 1844.7),Picnicker Selina (Elo 862.1),School Kid Torin (7 games),5.11,Azumarill Lv50 (Huge Power): Water Pulse/Aqua Ring/Double Edge/Aqua Tail
721,hgss_pokefan_m_boone_0567,Pokefan Boone,Trainerclass Pokefan M,659,719,0.478,1651,1775,1425.6,D+,Ace Trainer Deanna Rematch Postgame (Elo 2048.5),Hiker Robert (Elo 935.2),Lady Melissa Rematch 3 (7 games),10.14,Spinda Lv50 (Own Tempo): Dizzy Punch/Sucker Punch/Teeter Dance/Psych Up | Volbeat Lv50 (Swarm): Protect/Helping Hand/Zen Headbutt/Bug Buzz
722,hgss_bird_keeper_gs_denis_0217,Bird Keeper Denis,Trainerclass Bird Keeper Gs,658,720,0.478,1609,1736,1465.0,C-,Leader Morty (Elo 1949.7),Youngster Jonathon (Elo 917.1),Swimmer Katie (7 games),8.31,Spearow Lv50 (Keen Eye): Leer/Fury Attack/Pursuit/Aerial Ace | Fearow Lv50 (Keen Eye): Leer/Fury Attack/Pursuit/Aerial Ace | Spearow Lv50 (Keen Eye): Leer/Fury Attack/Pursuit/Aerial Ace
723,ninja_boy_ethan,Ninja Boy Ethan,Ninja Boy,658,720,0.478,1626,1751,1441.9,C-,Veteran Harlan Postgame (Elo 2073.1),Gentleman Leonardo (Elo 1000.1),Fisherman Kyle (7 games),11.23,Skorupi Lv50 (Battle Armor): Acupressure/Scary Face/Toxic Spikes/Bug Bite | Golbat Lv50 (Inner Focus): Wing Attack/Confuse Ray/Air Cutter/Mean Look
724,youngster_oliver,Youngster Oliver,Youngster,657,721,0.477,1681,1812,1477.1,C-,Dragon Tamer Drake Postgame (Elo 1928.2),Poke Kid Danielle Rematch 1 (Elo 920.5),Picnicker Tiffany Rematch 3 (7 games),10.88,Mothim Lv50 (Swarm): Tackle/Protect/Bug Bite/Hidden Power | Barboach Lv50 (Oblivious): Water Sport/Water Gun/Mud Bomb/Amnesia | Chatot Lv50 (Keen Eye): Mirror Move/Sing/Fury Attack/Chatter
725,psychic_mitchell_rematch_1,Psychic Mitchell Rematch 1,Psychic Male,657,721,0.477,1679,1809,1436.6,C-,Camper Bertrand (Elo 1986.3),Galactic Grunt Valley Windworks 2 (Elo 773.7),Bug Catcher Wade Rematch 3 (7 games),7.25,Dusclops Lv50 (Pressure): Curse/Will O Wisp/Shadow Punch/Mean Look | Kadabra Lv50 (Synchronize): Psycho Cut/Role Play/Psychic/Future Sight
726,hgss_bug_catcher_doug_0621,Bug Catcher Doug Rematch 3,Trainerclass Bug Catcher,656,722,0.476,1659,1786,1461.4,C-,Ranger Ashlee Rematch Postgame (Elo 1905.2),Tuber Chelsea (Elo 912.5),Youngster Tristan Rematch 2 (7 games),7.94,Butterfree Lv50 (Compound Eyes): Tailwind/Safeguard/Captivate/Bug Buzz | Ariados Lv50 (Swarm): Agility/Pin Missile/Psychic/Poison Jab
727,hgss_swimmer_m_charlie_0095,Swimmer Charlie,Trainerclass Swimmer M,655,723,0.475,1634,1770,1475.2,C-,Picnicker Liz Rematch 3 (Elo 1865.8),Collector Edwin (Elo 897.8),Camper Grant (7 games),13.95,Shellder Lv50 (Skill Link): Supersonic/Icicle Spear/Protect/Leer | Tentacool Lv50 (Liquid Ooze): Constrict/Acid/Toxic Spikes/Bubble Beam | Tentacruel Lv50 (Liquid Ooze): Constrict/Acid/Toxic Spikes/Bubble Beam
728,camper_drew,Camper Drew,Camper,654,724,0.475,1608,1750,1455.1,C-,Ace Trainer Gaven Rematch 3 (Elo 2062.3),Beauty Cyndy (Elo 812.3),Team Rocket Grunt Radio Tower 10 (7 games),10.78,Gastly Lv50 (Levitate): Payback/Sucker Punch/Confuse Ray | Gastly Lv50 (Levitate): Sucker Punch/Night Shade/Confuse Ray | Gastly Lv50 (Levitate): Night Shade/Payback/Confuse Ray
729,swimmer_lydia_postgame,Swimmer Lydia Postgame,Swimmer Female,654,724,0.475,1666,1815,1430.6,D+,Veteran Terrell (Elo 2129.2),Lass Samantha (Elo 917.0),Swimmer Crystal (7 games),12.7,Marill Lv50 (Thick Fat): Double Edge/Rain Dance/Aqua Tail/Hydro Pump | Spheal Lv50 (Thick Fat): Rest/Snore/Blizzard/Sheer Cold | Wailmer Lv50 (Water Veil): Amnesia/Dive/Bounce/Hydro Pump
730,galactic_grunt_mt_coronet_5f_1,Galactic Grunt Mt Coronet 5f 1,Galactic Grunt Male,653,725,0.474,1626,1768,1453.3,C-,Psychic Herman (Elo 1862.7),Hiker Robert (Elo 935.2),Galactic Grunt Mt Coronet Tunnel Room 3 (7 games),9.03,Glameow Lv50 (Limber): Assist/Captivate/Slash/Sucker Punch | Golbat Lv50 (Inner Focus): Confuse Ray/Air Cutter/Mean Look/Poison Fang
731,hgss_black_belt_lung_0159,Black Belt Lung,Trainerclass Black Belt,653,725,0.474,1577,1725,1444.4,C-,Ace Trainer Stefan Postgame (Elo 1903.2),School Kid Chance (Elo 994.0),Young Couple Duff & Eda (7 games),8.95,Mankey Lv50 (Vital Spirit): Fury Swipes/Karate Chop/Seismic Toss/Screech | Mankey Lv50 (Anger Point): Fury Swipes/Karate Chop/Seismic Toss/Screech | Primeape Lv50 (Anger Point): Karate Chop/Seismic Toss/Screech/Assurance
732,swimmer_haley,Swimmer Haley,Swimmer Female,652,726,0.473,1646,1801,1474.5,C-,Ace Trainer Kevin (Elo 1950.3),Cyclist Kayla Rematch 1 (Elo 943.3),Swimmer Nikki (7 games),9.0,Psyduck Lv50 (Damp): Confusion/Water Pulse/Fury Swipes/Screech | Azumarill Lv50 (Thick Fat): Rollout/Bubble Beam/Aqua Ring/Double Edge
733,swimmer_mary,Swimmer Mary,Swimmer Female,651,727,0.472,1670,1818,1504.5,C,Youngster Dallas Rematch 3 (Elo 2078.6),Lass Samantha (Elo 917.0),Swimmer Aubree (7 games),14.02,Finneon Lv50 (Swift Swim): Water Pulse/Captivate/Safeguard/Aqua Ring | Pelipper Lv50 (Keen Eye): Water Pulse/Payback/Protect/Roost
734,ruin_maniac_gerald,Ruin Maniac Gerald,Ruin Maniac,651,727,0.472,1638,1788,1477.0,C-,Ace Trainer Jamie Rematch 3 (Elo 1955.0),Sailor Terrell (Elo 943.6),School Kid Jack Rematch 2 (7 games),11.32,Geodude Lv50 (Rock Head): Rock Polish/Rock Throw/Magnitude/Selfdestruct | Bronzor Lv50 (Levitate): Hypnosis/Imprison/Confuse Ray/Extrasensory
735,hgss_fisherman_andre_0126,Fisherman Andre,Trainerclass Fisherman,648,730,0.47,1657,1818,1432.2,D+,Dragon Tamer Darien (Elo 1849.5),Poke Kid Danielle Rematch 2 (Elo 894.9),Black Belt Colby (7 games),5.81,Gyarados Lv50 (Intimidate): Thrash/Bite/Dragon Rage/Leer
736,dragon_tamer_keegan,Dragon Tamer Keegan,Dragon Tamer,647,731,0.47,1596,1770,1441.7,C-,Leader Lt. Surge (Elo 2177.2),Maid Sophie (Elo 897.0),Bird Keeper Hank (7 games),6.44,Trapinch Lv50 (Hyper Cutter): Sand Tomb/Crunch/Dig/Sandstorm | Vibrava Lv50 (Levitate): Dragon Breath/Screech/Sandstorm/Hyper Beam
737,hgss_beauty_cassie_0209,Beauty Cassie,Trainerclass Beauty,646,732,0.469,1602,1769,1467.9,C-,Ace Trainer Shannon (Elo 1943.8),Camper Anthony (Elo 999.0),Reporter Kinsey Rematch 1 (7 games),11.61,Vileplume Lv50 (Chlorophyll): Mega Drain/Aromatherapy/Stun Spore/Poison Powder | Butterfree Lv50 (Compound Eyes): Tailwind/Safeguard/Captivate/Bug Buzz
738,youngster_tristan_rematch_2,Youngster Tristan Rematch 2,Youngster,646,732,0.469,1630,1795,1463.6,C-,Cameraman Tevin Rematch 2 (Elo 1880.3),Twins Amy & Mimi (Elo 845.9),Swimmer Haley (7 games),3.85,Staraptor Lv50 (Intimidate): Whirlwind/Aerial Ace/Take Down/Close Combat
739,hgss_camper_todd_0274,Camper Todd Rematch 1,Trainerclass Camper,646,732,0.469,1565,1730,1427.2,D+,Leader Lt. Surge (Elo 2177.2),Picnicker Karina (Elo 888.2),Youngster Dallas Rematch 1 (7 games),8.45,Geodude Lv50 (Rock Head): Mud Sport/Rock Polish/Rock Throw/Magnitude | Geodude Lv50 (Rock Head): Mud Sport/Rock Polish/Rock Throw/Magnitude | Psyduck Lv50 (Damp): Confusion/Water Pulse/Fury Swipes/Screech
740,lady_celeste,Lady Celeste,Lady,644,734,0.467,1616,1791,1434.1,C-,Leader Fantina (Elo 1998.1),Galactic Grunt Jubilife City 1 (Elo 881.7),Pokefan Joshua (7 games),9.69,Blissey @ Rare Candy Lv50 (Natural Cure): Fling/Softboiled/Egg Bomb/Psychic
741,hgss_super_nerd_merle_0683,Super Nerd Merle,Trainerclass Super Nerd,643,735,0.467,1604,1793,1443.9,C-,Leader Blaine (Elo 2179.9),Scientist Mitch (Elo 802.1),Pokefan Derek Rematch 3 (7 games),7.51,Magcargo Lv50 (Flame Body): Overheat/Rock Slide/Yawn/Recover
742,hgss_swimmer_m_tucker_0371,Swimmer Tucker,Trainerclass Swimmer M,642,736,0.466,1613,1808,1447.3,C-,Dragon Tamer Patrick Rematch 2 (Elo 2028.5),Picnicker Selina (Elo 862.1),Ace Trainer Jasmin Postgame (7 games),10.09,Shellder Lv50 (Shell Armor): Ice Shard/Aurora Beam/Whirlpool/Iron Defense | Cloyster Lv50 (Skill Link): Aurora Beam/Protect/Spikes/Spike Cannon
743,jogger_craig_rematch_1,Jogger Craig Rematch 1,Jogger,642,736,0.466,1711,1901,1428.1,D+,Youngster Dallas Rematch 3 (Elo 2078.6),Jogger Wyatt (Elo 834.4),Scientist Ross (7 games),7.04,Luxio Lv50 (Rivalry): Swagger/Thunder Fang/Crunch/Scary Face | Luxio Lv50 (Rivalry): Swagger/Thunder Fang/Crunch/Scary Face
744,hgss_fisherman_wilton_0325,Fisherman Wilton Rematch 1,Trainerclass Fisherman,641,737,0.465,1596,1789,1448.0,C-,Ace Trainer Kevin (Elo 1950.3),Reporter Valerie (Elo 932.2),Swimmer Ricardo (7 games),12.77,Goldeen Lv50 (Swift Swim): Water Pulse/Flail/Aqua Ring/Fury Attack | Goldeen Lv50 (Swift Swim): Water Pulse/Flail/Aqua Ring/Fury Attack | Seaking Lv50 (Swift Swim): Water Pulse/Flail/Aqua Ring/Fury Attack
745,hgss_firebreather_walt_0388,Firebreather Walt,Trainerclass Firebreather,641,737,0.465,1601,1785,1433.4,C-,Ace Trainer Gaven Rematch 1 (Elo 1998.2),Team Rocket Grunt Kimono Theatre (Elo 915.7),Swimmer Mallory Postgame (7 games),10.65,Magmar Lv50 (Flame Body): Smog/Leer/Ember/Smoke Screen | Magmar Lv50 (Flame Body): Leer/Ember/Smoke Screen/Faint Attack
746,hgss_sailor_huey_0440,Sailor Huey Rematch 1,Trainerclass Sailor,640,738,0.464,1575,1762,1464.7,C-,Fisherman Cole (Elo 1922.8),Lucas Jubilife City Chimchar (Elo 942.2),Pokefan Derek Rematch 3 (7 games),8.24,Poliwhirl Lv50 (Water Absorb): Rain Dance/Body Slam/Bubble Beam/Mud Shot | Poliwhirl Lv50 (Water Absorb): Rain Dance/Body Slam/Bubble Beam/Mud Shot
747,rich_boy_trey_rematch_1,Rich Boy Trey Rematch 1,Rich Boy,640,738,0.464,1700,1892,1463.1,C-,Camper Bertrand (Elo 1986.3),Cyclist Kayla (Elo 780.6),Team Rocket Grunt Radio Tower 8 (7 games),5.73,Luxray Lv50 (Rivalry): Swagger/Thunder Fang/Crunch/Scary Face
748,hgss_youngster_warren_0378,Youngster Warren,Trainerclass Youngster,640,738,0.464,1618,1805,1439.2,C-,Leader Fantina (Elo 1998.1),Scientist Mitch (Elo 802.1),Hiker Jonathan (7 games),7.67,Fearow Lv50 (Keen Eye): Aerial Ace/Mirror Move/Agility/Assurance | Raticate Lv50 (Run Away): Crunch/Assurance/Super Fang/Double Edge
749,parasol_lady_alexa_rematch_1,Parasol Lady Alexa Rematch 1,Parasol Lady,638,740,0.463,1653,1855,1456.8,C-,Breeder Jennifer Rematch 2 (Elo 1944.1),Jogger Wyatt (Elo 834.4),Galactic Grunt Mt Coronet 6f (7 games),10.03,Goldeen Lv50 (Swift Swim): Water Pulse/Flail/Aqua Ring/Fury Attack | Bibarel Lv50 (Simple): Headbutt/Hyper Fang/Yawn/Amnesia
750,hgss_lass_dana_0464,Lass Dana Rematch 1,Trainerclass Lass,637,741,0.462,1613,1832,1444.8,C-,Ace Trainer Jake (Elo 1962.8),Sailor Harry (Elo 901.7),Pokefan Eleanor (7 games),9.35,Flaaffy Lv50 (Static): Cotton Spore/Charge/Discharge/Thunder Wave | Psyduck Lv50 (Damp): Water Pulse/Screech/Disable/Confusion
751,hgss_psychic_m_rodney_0422,Psychic Rodney,Trainerclass Psychic M,636,742,0.462,1541,1746,1466.7,C-,Leader Chuck (Elo 1943.6),Camper Zackary (Elo 872.3),Super Nerd Shawn (7 games),8.39,Chingling Lv50 (Levitate): Astonish/Confusion/Uproar/Last Resort | Hypno Lv50 (Forewarn): Poison Gas/Meditate/Psybeam/Psych Up
752,skier_andrea_rematch_1,Skier Andrea Rematch 1,Skier Female,633,745,0.459,1662,1871,1448.2,C-,Dragon Tamer Patrick Rematch 2 (Elo 2028.5),Poke Kid Danielle (Elo 634.8),Picnicker Tiffany Rematch 2 (7 games),4.71,Abomasnow Lv50 (Snow Warning): Mist/Ice Shard/Ingrain/Wood Hammer
753,hgss_camper_tanner_0558,Camper Tanner,Trainerclass Camper,632,746,0.459,1558,1782,1460.8,C-,Double Team Thom & Kae (Elo 1981.2),Lucas Jubilife City Turtwig (Elo 898.0),Poke Maniac Harrison (7 games),4.53,Sudowoodo Lv50 (Sturdy): Faint Attack/Rock Tomb/Rock Slide/Slam
754,hgss_poke_maniac_morgan_0133,Poke Maniac Morgan,Trainerclass Poke Maniac,632,746,0.459,1679,1900,1413.6,D+,Double Team Thom & Kae (Elo 1981.2),Roughneck Kirby (Elo 818.3),Collector Ivan Rematch (7 games),8.46,Rhyhorn Lv50 (Rock Head): Scary Face/Rock Blast/Take Down/Horn Drill | Rhydon Lv50 (Rock Head): Scary Face/Rock Blast/Take Down/Horn Drill
755,swimmer_ricardo,Swimmer Ricardo,Swimmer Male,631,747,0.458,1714,1948,1420.6,D+,Ranger Kyler Rematch Postgame (Elo 1994.1),Galactic Grunt Team Galactic Eterna Building 2f 2 (Elo 896.7),Scientist Lowell (7 games),7.09,Tentacruel Lv50 (Clear Body): Barrier/Water Pulse/Poison Jab/Screech
756,black_belt_sean,Black Belt Sean,Black Belt,631,747,0.458,1626,1857,1406.4,D+,Breeder Albert Rematch 3 (Elo 2012.1),Psychic Kody (Elo 915.4),Swimmer Haley (7 games),9.5,Croagunk Lv50 (Anticipation): Revenge/Swagger/Mud Bomb/Sucker Punch | Meditite Lv50 (Pure Power): Mind Reader/Feint/Calm Mind/Force Palm | Machoke Lv50 (Guts): Foresight/Seismic Toss/Revenge/Vital Throw
757,hiker_kevin,Hiker Kevin,Hiker,630,748,0.457,1589,1819,1407.3,D+,Rancher Marco Rematch 2 (Elo 1979.8),Youngster Gordon (Elo 807.9),Tuber Jared Rematch 1 (7 games),10.0,Geodude Lv50 (Rock Head): Mud Sport/Rock Polish/Rock Throw/Magnitude | Geodude Lv50 (Rock Head): Mud Sport/Rock Polish/Rock Throw/Magnitude | Onix Lv50 (Rock Head): Screech/Rock Throw/Rage/Rock Tomb | Geodude Lv50 (Rock Head): Rock Polish/Rock Throw/Magnitude/Selfdestruct
758,tuber_caitlyn,Tuber Caitlyn,Tuber Female,629,749,0.456,1623,1860,1453.0,C-,Leader Pryce (Elo 2051.2),Lass Samantha (Elo 917.0),Policeman Alex (7 games),14.62,Azurill Lv50 (Thick Fat): Water Gun/Slam/Charm | Marill Lv50 (Thick Fat): Bubble Beam/Rollout/Defense Curl/Aqua Ring | Azumarill Lv50 (Thick Fat): Bubble Beam/Double Edge/Rollout/Aqua Ring
759,cameraman_darryl,Cameraman Darryl,Cameraman,629,749,0.456,1587,1827,1436.7,C-,Ace Trainer Rodolfo Postgame (Elo 1986.1),Galactic Grunt Floaroma Meadow 1 (Elo 901.6),Team Rocket Grunt Underground 5 (7 games),11.42,Magnemite Lv50 (Magnet Pull): Supersonic/Sonic Boom/Thunder Wave/Spark | Mr Mime Lv50 (Soundproof): Mimic/Light Screen/Reflect/Psybeam
760,parasol_lady_alexa,Parasol Lady Alexa,Parasol Lady,628,750,0.456,1615,1859,1463.2,C-,Psychic Mitchell Rematch 2 (Elo 1922.1),Black Belt Derek (Elo 1061.2),Sage Chow (7 games),8.22,Goldeen Lv50 (Swift Swim): Horn Attack/Water Pulse/Flail/Aqua Ring | Bibarel Lv50 (Simple): Rollout/Water Gun/Headbutt/Hyper Fang
761,hgss_swimmer_f_kendra_0590,Swimmer Kendra,Trainerclass Swimmer F,625,753,0.454,1675,1933,1418.0,D+,Kimono Girl Naoko (Elo 1907.8),Scientist Mitch (Elo 802.1),Swimmer Nikki (7 games),5.62,Slowking Lv50 (Oblivious): Water Pulse/Zen Headbutt/Nasty Plot/Swagger
762,hgss_swimmer_m_harold_0252,Swimmer Harold,Trainerclass Swimmer M,625,753,0.454,1580,1830,1416.0,D+,Ace Trainer Jonah (Elo 1989.1),Poke Kid Danielle Rematch 2 (Elo 894.9),Aroma Lady Elizabeth Rematch 2 (7 games),6.57,Remoraid Lv50 (Sniper): Bullet Seed/Water Pulse/Signal Beam/Ice Beam | Seadra Lv50 (Sniper): Agility/Twister/Brine/Hydro Pump
763,hgss_bird_keeper_gs_bob_0302,Bird Keeper Bob,Trainerclass Bird Keeper Gs,624,754,0.453,1552,1801,1427.5,D+,School Kid Alan Rematch 3 (Elo 2021.5),School Kid Chad (Elo 742.0),Rival Silver Quilava (Azalea) (7 games),5.07,Noctowl Lv50 (Insomnia): Air Slash/Zen Headbutt/Extrasensory/Psycho Shift
764,youngster_tristan_rematch_3,Youngster Tristan Rematch 3,Youngster,623,755,0.452,1647,1916,1476.6,C-,Ace Trainer Blake (Elo 2038.3),Galactic Grunt Floaroma Meadow 2 (Elo 875.2),Camper Parker (7 games),4.03,Staraptor Lv50 (Intimidate): Aerial Ace/Take Down/Close Combat/Agility
765,hgss_picnicker_sharon_0153,Picnicker Sharon,Trainerclass Picnicker,623,755,0.452,1605,1860,1412.7,D+,Executive Ariana Ariana (Radio Tower) (Elo 2006.7),Pokefan Ruth (Elo 787.4),Swimmer Francisco (7 games),11.64,Furret Lv50 (Keen Eye): Follow Me/Slam/Rest/Sucker Punch | Rapidash Lv50 (Flash Fire): Take Down/Agility/Fire Blast/Fury Attack
766,scientist_fredrick,Scientist Fredrick,Scientist,619,759,0.449,1593,1884,1412.2,D+,Leader Chuck (Elo 1943.6),Team Rocket Grunt Underground 2 (Elo 931.2),Ninja Boy Zach Rematch 2 (7 games),6.38,Kirlia Lv50 (Synchronize): Psychic/Magical Leaf/Hypnosis/Future Sight | Kadabra Lv50 (Synchronize): Psychic/Psycho Cut/Thunder Wave/Recover
767,hgss_biker_aiden_0571,Biker Aiden,Trainerclass Biker,619,759,0.449,1665,1952,1409.5,D+,Ace Trainer Ruben (Elo 1974.9),Maid Sophie (Elo 897.0),Pokefan William (7 games),7.26,Tentacruel Lv50 (Liquid Ooze): Barrier/Water Pulse/Poison Jab/Screech
768,camper_zackary_rematch_2,Camper Zackary Rematch 2,Camper,618,760,0.448,1545,1830,1444.1,C-,Double Team Zac And Jen (Elo 1879.1),School Kid Chance (Elo 994.0),Aroma Lady Elizabeth Rematch 1 (7 games),4.79,Ambipom Lv50 (Technician): Swift/Screech/Agility/Double Hit
769,hgss_rival_silver_croconaw_azalea,Rival Silver Croconaw (Azalea),Trainerclass Rival,618,760,0.448,1529,1810,1424.6,D+,Ranger Ashlee Rematch Postgame (Elo 1905.2),Gentleman Jeremy (Elo 1102.0),Youngster Ian Rematch 1 (7 games),10.76,Gastly Lv50 (Levitate): Lick/Spite/Mean Look/Curse | Zubat Lv50 (Inner Focus): Leech Life/Supersonic/Astonish/Bite | Croconaw Lv50 (Torrent): Water Gun/Rage/Bite/Scary Face
770,hgss_young_couple_duff_eda_0721,Young Couple Duff & Eda,Trainerclass Young Couple,617,761,0.448,1531,1830,1417.7,D+,Dragon Tamer Geoffrey Rematch Postgame (Elo 2072.8),Lass Samantha Rematch 1 (Elo 895.9),Black Belt Lung (7 games),5.79,Onix Lv50 (Sturdy): Rock Throw/Rage/Rock Tomb/Sandstorm | Cloyster Lv50 (Skill Link): Withdraw/Supersonic/Aurora Beam/Protect
771,hgss_team_rocket_grunt_radio_tower_7_0191,Team Rocket Grunt Radio Tower 7,Trainerclass Team Rocket,615,763,0.446,1556,1855,1423.5,D+,Ace Trainer Quinn (Elo 1906.7),Hiker Daniel (Elo 982.7),Hiker Leonard (7 games),8.73,Raticate Lv50 (Guts): Hyper Fang/Sucker Punch/Scary Face/Crunch | Koffing Lv50 (Levitate): Smoke Screen/Assurance/Selfdestruct/Sludge
772,collector_fernando,Collector Fernando,Collector,614,764,0.446,1643,1934,1458.5,C-,Leader Chuck (Elo 1943.6),Bird Keeper Abe (Elo 815.4),Gentleman Jeremy (7 games),5.12,Heracross Lv50 (Swarm): Fury Attack/Aerial Ace/Brick Break/Counter
773,swimmer_sophia_postgame,Swimmer Sophia Postgame,Swimmer Female,614,764,0.446,1645,1945,1403.2,D+,Ace Trainer Sydney (Elo 1938.7),Rich Boy Liam (Elo 660.5),Swimmer Katie (7 games),13.39,Delibird Lv50 (Vital Spirit): Present | Mantine Lv50 (Swift Swim): Confuse Ray/Bounce/Aqua Ring/Hydro Pump
774,galactic_grunt_galactic_hq_3f_2,Galactic Grunt Galactic Hq 3f 2,Galactic Grunt Male,613,765,0.445,1523,1820,1410.2,D+,Leader Sabrina (Elo 2199.7),Cyclist Axel (Elo 848.4),Skier Madison Rematch 2 (7 games),6.3,Murkrow Lv50 (Insomnia): Night Shade/Assurance/Taunt/Faint Attack | Stunky Lv50 (Stench): Slash/Toxic/Night Slash/Memento
775,hgss_ace_trainer_m_mike_0111,Ace Trainer Mike,Trainerclass Ace Trainer M,610,768,0.443,1558,1880,1460.7,C-,Firebreather Walt Rematch 3 (Elo 1957.4),Tuber Chelsea (Elo 912.5),Bug Catcher Doug Rematch 1 (7 games),5.05,Dragonair Lv50 (Shed Skin): Dragon Rage/Slam/Agility/Aqua Tail
776,skier_bradley,Skier Bradley,Skier Male,610,768,0.443,1508,1820,1390.1,D+,Dragon Tamer Darien (Elo 1849.5),Guitarist Arturo (Elo 965.9),Bug Catcher Doug Rematch 1 (7 games),9.66,Snorunt Lv50 (Inner Focus): Headbutt/Protect/Ice Fang/Crunch | Swinub Lv50 (Oblivious): Mud Bomb/Icy Wind/Ice Shard/Take Down | Snover Lv50 (Snow Warning): Mist/Ice Shard/Ingrain/Wood Hammer
777,hgss_gentleman_alfred_0666,Gentleman Alfred Rematch 3,Trainerclass Gentleman,607,771,0.44,1562,1893,1441.0,C-,Ace Trainer Skylar Postgame (Elo 2016.9),Cyclist Kayla (Elo 780.6),Sailor Eddie (7 games),7.66,Noctowl Lv50 (Insomnia): Hypnosis/Dream Eater/Air Slash/Reflect
778,hgss_bird_keeper_gs_hank_0299,Bird Keeper Hank,Trainerclass Bird Keeper Gs,606,772,0.44,1516,1836,1418.5,D+,Ranger Kyler Postgame (Elo 1975.8),Swimmer Denise (Elo 888.0),Cyclist John Rematch 2 (7 games),14.35,Pidgey Lv50 (Keen Eye): Tackle/Sand Attack/Gust/Quick Attack | Pidgeot Lv50 (Tangled Feet): Feather Dance/Agility/Wing Attack/Roost
779,hgss_medium_martha_0046,Medium Martha,Trainerclass Medium,605,773,0.439,1539,1864,1423.3,D+,School Kid Billy Rematch 3 (Elo 2013.6),Camper Zackary (Elo 872.3),Picnicker Gina Rematch 2 (7 games),8.08,Gastly Lv50 (Levitate): Spite/Mean Look/Curse/Night Shade | Haunter Lv50 (Levitate): Mean Look/Curse/Night Shade/Confuse Ray | Gastly Lv50 (Levitate): Mean Look/Curse/Night Shade/Confuse Ray
780,hgss_medium_grace_0089,Medium Grace,Trainerclass Medium,605,773,0.439,1540,1872,1394.6,D+,Ace Trainer Quinn Postgame (Elo 2060.8),Maid Sophie (Elo 897.0),Black Belt Kenji Rematch 1 (7 games),6.63,Haunter Lv50 (Levitate): Mean Look/Curse/Night Shade/Confuse Ray | Haunter Lv50 (Levitate): Mean Look/Curse/Night Shade/Confuse Ray
781,hgss_medium_rebecca_0368,Medium Rebecca,Trainerclass Medium,604,774,0.438,1608,1948,1454.7,C-,Ace Trainer Kassandra Postgame (Elo 2058.3),School Kid Chad (Elo 742.0),Swimmer Ricardo (7 games),16.25,Bronzor Lv50 (Heatproof): Faint Attack/Skill Swap/Safeguard/Gyro Ball | Hypno Lv50 (Forewarn): Swagger/Skill Swap/Psybeam/Hypnosis
782,skier_madison_rematch_2,Skier Madison Rematch 2,Skier Female,604,774,0.438,1555,1902,1418.6,D+,Ace Trainer Brenda (Elo 1932.8),Fisherman Ralph (Elo 815.3),Galactic Grunt Galactic Hq 3f 2 (7 games),5.59,Froslass Lv50 (Snow Cloak): Captivate/Ice Shard/Hail/Blizzard
783,swimmer_paige,Swimmer Paige,Swimmer Female,604,774,0.438,1552,1895,1400.7,D+,Hiker Theodore Rematch 3 (Elo 1918.3),Swimmer Erica (Elo 990.8),Worker Gerardo (7 games),13.21,Marill Lv50 (Thick Fat): Aqua Ring/Double Edge/Rain Dance/Aqua Tail | Wingull Lv50 (Keen Eye): Roost/Pursuit/Agility/Aerial Ace | Golduck Lv50 (Damp): Water Pulse/Fury Swipes/Screech/Psych Up
784,hgss_hiker_parry_0452,Hiker Parry Rematch 2,Trainerclass Hiker,604,774,0.438,1621,1971,1396.9,D+,Leader Lt. Surge (Elo 2177.2),Youngster Gordon (Elo 807.9),Tuber Jared Rematch 1 (7 games),13.49,Steelix Lv50 (Rock Head): Rock Polish/Dragon Breath/Curse/Iron Tail | Graveler Lv50 (Rock Head): Selfdestruct/Rollout/Rock Blast/Earthquake
785,pi_carlos_rematch_2,Pi Carlos Rematch 2,Pi,601,777,0.436,1742,2093,1435.1,C-,Dragon Tamer Geoffrey Rematch Postgame (Elo 2072.8),Fisherman Andrew (Elo 672.0),School Kid Jack Rematch 1 (7 games),6.04,Seaking Lv50 (Swift Swim): Horn Drill/Flail
786,jogger_craig,Jogger Craig,Jogger,601,777,0.436,1547,1904,1415.1,D+,Galactic Boss Cyrus Celestic Town Ruins (Elo 2143.2),Maid Emily (Elo 871.0),Picnicker Gina Rematch 1 (7 games),7.6,Luxio Lv50 (Rivalry): Leer/Charge/Spark/Bite | Luxio Lv50 (Rivalry): Charge/Spark/Bite/Roar
787,hgss_lass_ellen_0419,Lass Ellen,Trainerclass Lass,601,777,0.436,1507,1861,1399.1,D+,Ace Trainer French (Elo 2065.6),Maid Elena (Elo 939.6),Ace Trainer Isaiah (7 games),19.68,Wigglytuff Lv50 (Cute Charm): Sing/Disable/Defense Curl/Double Slap | Granbull Lv50 (Intimidate): Headbutt/Roar/Rage/Take Down
788,worker_holden,Worker Holden,Worker,598,780,0.434,1481,1843,1424.3,D+,Ace Trainer Abel Postgame (Elo 1932.9),Youngster Gordon (Elo 807.9),Policeman Caleb (7 games),13.48,Magnemite Lv50 (Magnet Pull): Thunder Wave/Spark/Lock On/Magnet Bomb | Magnemite Lv50 (Magnet Pull): Thunder Wave/Spark/Lock On/Magnet Bomb | Magnemite Lv50 (Magnet Pull): Thunder Wave/Spark/Lock On/Magnet Bomb
789,bird_keeper_autumn,Bird Keeper Autumn,Bird Keeper,598,780,0.434,1531,1894,1395.3,D+,Breeder Jennifer Rematch 2 (Elo 1944.1),Scientist Mitch (Elo 802.1),Interviewers Roxy And Oli Rematch 2 (7 games),7.57,Murkrow Lv50 (Insomnia): Taunt/Faint Attack/Mean Look/Sucker Punch | Xatu Lv50 (Synchronize): Future Sight/Ominous Wind/Power Swap/Guard Swap
790,hgss_super_nerd_pat_0366,Super Nerd Pat,Trainerclass Super Nerd,597,781,0.433,1531,1906,1436.0,C-,Ace Trainer Skylar Postgame (Elo 2016.9),Youngster Michael (Elo 904.6),Picnicker Cindy (7 games),4.51,Porygon Lv50 (Download): Charge Beam/Signal Beam/Ice Beam/Solar Beam
791,hgss_school_kid_m_jack_0430,School Kid Jack Rematch 1,Trainerclass School Kid M,597,781,0.433,1525,1900,1392.6,D+,Camper Todd Rematch 3 (Elo 2027.4),Tower Tycoon Palmer (Elo 852.8),Pi Carlos Rematch 2 (7 games),13.43,Gloom Lv50 (Chlorophyll): Stun Spore/Sleep Powder/Mega Drain/Lucky Chant | Voltorb Lv50 (Soundproof): Tackle/Sonic Boom/Spark/Rollout
792,hgss_bird_keeper_gs_jose_0446,Bird Keeper Jose Rematch 2,Trainerclass Bird Keeper Gs,597,781,0.433,1521,1890,1378.5,D+,Leader Morty (Elo 1949.7),Poke Kid Danielle Rematch 2 (Elo 894.9),Galactic Grunt Galactic Hq B2f 1 (7 games),7.41,Farfetchd Lv50 (Keen Eye): Swords Dance/Agility/Night Slash/Air Slash | Farfetchd Lv50 (Keen Eye): Night Slash/Air Slash/Feint/False Swipe
793,hgss_fisherman_martin_0320,Fisherman Martin,Trainerclass Fisherman,595,783,0.432,1511,1886,1428.0,D+,Psychic Herman (Elo 1862.7),Lass Samantha Rematch 1 (Elo 895.9),Team Rocket Grunt Radio Tower 9 (7 games),6.97,Remoraid Lv50 (Hustle): Focus Energy/Bullet Seed/Water Pulse/Signal Beam | Octillery Lv50 (Suction Cups): Octazooka/Bullet Seed/Wring Out/Signal Beam
794,guitarist_tony,Guitarist Tony,Guitarist,595,783,0.432,1534,1898,1417.3,D+,Mystery Man Eusine (Elo 1835.5),School Kid Connor (Elo 971.4),Swimmer Haley (7 games),8.11,Kricketune Lv50 (Swarm): Sing/Focus Energy/Slash/X Scissor | Magnemite Lv50 (Magnet Pull): Spark/Lock On/Magnet Bomb/Screech
795,hgss_bug_catcher_rob_0622,Bug Catcher Rob Rematch 1,Trainerclass Bug Catcher,594,784,0.431,1560,1940,1425.2,D+,Psychic Eli (Elo 1874.1),Hall Matron Argenta (Elo 879.1),Teacher Hillary Rematch 2 (7 games),7.75,Beedrill Lv50 (Swarm): Agility/Assurance/Poison Jab/Endeavor | Butterfree Lv50 (Compound Eyes): Tailwind/Safeguard/Captivate/Bug Buzz
796,hgss_sailor_eugene_0039,Sailor Eugene,Trainerclass Sailor,589,789,0.427,1503,1888,1394.6,D+,Psychic Kendra (Elo 1919.4),Gentleman Leonardo (Elo 1000.1),Swimmer Crystal (7 games),14.09,Poliwhirl Lv50 (Water Absorb): Bubble/Hypnosis/Water Gun/Double Slap | Raticate Lv50 (Guts): Focus Energy/Bite/Pursuit/Hyper Fang | Krabby Lv50 (Shell Armor): Leer/Harden/Bubble Beam/Mud Shot
797,sailor_damian,Sailor Damian,Sailor,586,792,0.425,1480,1892,1376.7,D,Hiker Kenny Rematch 3 (Elo 1865.4),Picnicker Brooke (Elo 808.2),Swimmer Dillon (7 games),7.67,Wingull Lv50 (Keen Eye): Water Pulse/Wing Attack/Quick Attack | Pelipper Lv50 (Keen Eye): Water Pulse/Wing Attack/Quick Attack
798,hgss_camper_spencer_0403,Camper Spencer,Trainerclass Camper,584,794,0.424,1407,1823,1414.5,D+,Ace Trainer Keenan Postgame (Elo 1873.9),Swimmer Erica (Elo 990.8),Picnicker Gina Rematch 2 (7 games),14.29,Sandshrew Lv50 (Sand Veil): Sand Attack/Poison Sting/Rapid Spin/Swift | Sandslash Lv50 (Sand Veil): Sand Attack/Poison Sting/Rapid Spin/Swift | Zubat Lv50 (Inner Focus): Supersonic/Astonish/Bite/Wing Attack
799,hgss_swimmer_m_berke_0097,Swimmer Berke,Trainerclass Swimmer M,584,794,0.424,1630,2052,1399.7,D+,Ace Trainer Mariah (Elo 2104.4),Scientist Mitch (Elo 802.1),Gentleman Edward (7 games),6.25,Qwilfish Lv50 (Poison Point): Minimize/Water Gun/Rollout/Toxic Spikes
800,hgss_bug_catcher_ed_0248,Bug Catcher Ed,Trainerclass Bug Catcher,584,794,0.424,1512,1925,1382.1,D+,Ace Trainer Stefan Postgame (Elo 1903.2),Maid Elena (Elo 939.6),Psychic Daisy Rematch Postgame (7 games),12.3,Burmy Lv50 (Shed Skin): Protect/Tackle/Bug Bite/Hidden Power | Butterfree Lv50 (Compound Eyes): Tailwind/Safeguard/Captivate/Bug Buzz | Beedrill Lv50 (Swarm): Agility/Assurance/Poison Jab/Endeavor
801,hgss_super_nerd_hugh_0535,Super Nerd Hugh,Trainerclass Super Nerd,583,795,0.423,1491,1919,1395.3,D+,Ace Trainer Maria (Elo 2026.9),Picnicker Selina (Elo 862.1),Gentleman Jeremy Rematch 2 (7 games),4.77,Seadra Lv50 (Poison Point): Smoke Screen/Twister/Surf/Waterfall
802,hgss_sailor_jeff_0239,Sailor Jeff,Trainerclass Sailor,583,795,0.423,1513,1927,1392.8,D+,Leader Fantina (Elo 1998.1),Fisherman Zachary (Elo 910.0),Lady Melissa Rematch 2 (7 games),6.26,Makuhita Lv50 (Thick Fat): Seismic Toss/Wake Up Slap/Endure/Close Combat | Raticate Lv50 (Guts): Crunch/Assurance/Super Fang/Double Edge
803,hgss_hiker_dwight_0548,Hiker Dwight,Trainerclass Hiker,582,796,0.422,1477,1895,1432.1,D+,Leader Lt. Surge Rematch (Elo 2365.0),Youngster Gordon (Elo 807.9),Bug Catcher Rob Rematch 1 (7 games),14.4,Magneton Lv50 (Magnet Pull): Lock On/Magnet Bomb/Screech/Discharge | Steelix Lv50 (Rock Head): Rock Polish/Dragon Breath/Curse/Iron Tail
804,hgss_twins_kay_tia_0566,Twins Kay & Tia,Trainerclass Twins,581,797,0.422,1463,1883,1394.5,D+,Ace Trainer Dalton Rematch (Elo 2046.3),Youngster Gordon (Elo 807.9),Super Nerd Pat (7 games),8.16,Quagsire Lv50 (Damp): Rain Dance/Surf/Yawn | Quagsire Lv50 (Damp): Amnesia/Surf/Yawn
805,ruin_maniac_calvin,Ruin Maniac Calvin,Ruin Maniac,580,798,0.421,1475,1909,1383.0,D+,Ace Trainer Jake (Elo 1962.8),Reporter Valerie (Elo 932.2),Psychic Vernon (7 games),15.1,Bronzor Lv50 (Levitate): Hypnosis/Imprison/Confuse Ray/Extrasensory | Shieldon Lv50 (Sturdy): Taunt/Metal Sound/Take Down/Iron Defense
806,poke_kid_meghan,Poke Kid Meghan,Poke Kid,580,798,0.421,1442,1881,1364.2,D,Fisherman Kyle Rematch 3 (Elo 1926.6),Worker Mason (Elo 860.9),Cyclist John Rematch 1 (7 games),11.79,Pikachu Lv50 (Static): Feint/Agility/Discharge/Light Screen | Pikachu Lv50 (Static): Feint/Agility/Discharge/Light Screen | Pikachu Lv50 (Static): Feint/Agility/Discharge/Light Screen | Pikachu Lv50 (Static): Feint/Agility/Discharge/Light Screen
807,youngster_austin,Youngster Austin,Youngster,580,798,0.421,1487,1915,1360.9,D,Double Team Zac And Jen (Elo 1879.1),Aroma Lady Taylor (Elo 1010.8),Black Belt Kenji (7 games),11.51,Buizel Lv50 (Swift Swim): Quick Attack/Water Gun/Pursuit/Swift | Luxio Lv50 (Rivalry): Leer/Charge/Spark/Bite | Gligar Lv50 (Hyper Cutter): Harden/Knock Off/Quick Attack/Fury Cutter
808,galactic_grunt_galactic_hq_3f_4,Galactic Grunt Galactic Hq 3f 4,Galactic Grunt Female,576,802,0.418,1504,1968,1389.3,D+,Swimmer Wesley Rematch (Elo 1824.7),Cyclist Axel (Elo 848.4),Biker Reese (7 games),8.54,Croagunk Lv50 (Anticipation): Mud Bomb/Sucker Punch/Nasty Plot/Poison Jab | Stunky Lv50 (Stench): Slash/Toxic/Night Slash/Memento | Glameow Lv50 (Limber): Charm/Assist/Captivate/Slash
809,hgss_fisherman_tully_0123,Fisherman Tully,Trainerclass Fisherman,576,802,0.418,1583,2031,1388.1,D+,Ace Trainer Quinn Postgame (Elo 2060.8),Picnicker Brooke (Elo 808.2),Beauty Devon (7 games),7.09,Qwilfish Lv50 (Poison Point): Harden/Minimize/Water Gun/Rollout
810,hgss_picnicker_tiffany_0519,Picnicker Tiffany Rematch 3,Trainerclass Picnicker,576,802,0.418,1556,2008,1373.3,D,Ace Trainer Moira Rematch Postgame (Elo 2081.5),Camper Zackary (Elo 872.3),Youngster Oliver (7 games),5.39,Clefable Lv50 (Cute Charm): Gravity/Metronome/Blizzard/Thunder
811,swimmer_dillon,Swimmer Dillon,Swimmer Male,575,803,0.417,1489,1947,1429.4,D+,Psychic Kendra (Elo 1919.4),Sage Neal (Elo 934.5),Sailor Damian (7 games),6.63,Remoraid Lv50 (Hustle): Bubble Beam/Focus Energy/Bullet Seed/Water Pulse | Floatzel Lv50 (Swift Swim): Swift/Aqua Jet/Crunch/Agility
812,hgss_scientist_gs_garett_0471,Scientist Garett,Trainerclass Scientist Gs,574,804,0.417,1366,1827,1396.0,D+,Pokemon Trainer Lance (Rocket HQ) (Elo 1895.4),Galactic Grunt Valley Windworks 1 (Elo 876.9),Cyclist Rachel (7 games),16.02,Magnemite Lv50 (Sturdy): Sonic Boom/Thunder Wave/Spark/Lock On | Magnemite Lv50 (Sturdy): Sonic Boom/Thunder Wave/Spark/Lock On | Magnemite Lv50 (Sturdy): Sonic Boom/Thunder Wave/Spark/Lock On
813,hgss_bird_keeper_gs_theo_0073,Bird Keeper Theo,Trainerclass Bird Keeper Gs,573,805,0.416,1358,1826,1368.9,D,Leader Morty (Elo 1949.7),Poke Kid Danielle Rematch 2 (Elo 894.9),Skier Kaitlyn (7 games),15.73,Pidgey Lv50 (Keen Eye): Sand Attack/Gust/Quick Attack/Whirlwind | Pidgey Lv50 (Tangled Feet): Tackle/Sand Attack/Gust/Quick Attack | Pidgey Lv50 (Tangled Feet): Sand Attack/Gust/Quick Attack/Whirlwind | Pidgey Lv50 (Tangled Feet): Tackle/Sand Attack/Gust/Quick Attack | Pidgey Lv50 (Tangled Feet): Tackle/Sand Attack/Gust/Quick Attack
814,hgss_psychic_m_mark_0395,Psychic Mark,Trainerclass Psychic M,572,806,0.415,1474,1938,1400.7,D+,Leader Chuck (Elo 1943.6),Cyclist Kayla (Elo 780.6),Fisherman Alec Rematch (7 games),12.89,Abra Lv50 (Synchronize): Teleport/Flash | Abra Lv50 (Synchronize): Teleport/Flash | Kadabra Lv50 (Synchronize): Teleport/Kinesis/Confusion
815,lass_caroline,Lass Caroline,Lass,572,806,0.415,1533,2008,1355.2,D,Camper Todd Rematch 3 (Elo 2027.4),Twins Amy & Mimi (Elo 845.9),Cyclist John (7 games),11.1,Cherubi Lv50 (Chlorophyll): Tackle/Leech Seed | Roselia Lv50 (Natural Cure): Mega Drain/Poison Sting/Stun Spore
816,psychic_abigail,Psychic Abigail,Psychic Female,569,809,0.413,1389,1863,1415.4,D+,Ace Trainer Brenda (Elo 1932.8),Camper Zackary (Elo 872.3),Biker Dwayne (7 games),9.69,Chingling Lv50 (Levitate): Astonish/Confusion/Uproar/Last Resort | Drifloon Lv50 (Aftermath): Gust/Focus Energy/Payback/Stockpile | Kirlia Lv50 (Synchronize): Teleport/Lucky Chant/Magical Leaf/Calm Mind
817,tuber_jared,Tuber Jared,Tuber Male,569,809,0.413,1414,1900,1390.5,D+,Biker Glenn (Elo 1863.9),Lass Samantha Rematch 1 (Elo 895.9),Reporter Valerie (7 games),11.05,Shellos Lv50 (Sticky Hold): Water Pulse/Mud Bomb/Hidden Power/Rain Dance | Shellos Lv50 (Sticky Hold): Water Pulse/Mud Bomb/Hidden Power/Rain Dance | Shellos Lv50 (Sticky Hold): Water Pulse/Mud Bomb/Hidden Power/Rain Dance
818,hgss_rival_silver_quilava_azalea,Rival Silver Quilava (Azalea),Trainerclass Rival,567,811,0.411,1444,1937,1422.1,D+,Ranger Ashlee Rematch Postgame (Elo 1905.2),Camper Zackary (Elo 872.3),Bird Keeper Bob (7 games),11.12,Gastly Lv50 (Levitate): Lick/Spite/Mean Look/Curse | Zubat Lv50 (Inner Focus): Leech Life/Supersonic/Astonish/Bite | Quilava Lv50 (Blaze): Leer/Smoke Screen/Ember/Quick Attack
819,reporter_kinsey_rematch_1,Reporter Kinsey Rematch 1,Reporter,566,812,0.411,1495,1990,1380.1,D+,Ace Trainer Quinn (Elo 1906.7),Roughneck Kirby (Elo 818.3),Bug Catcher Phillip (7 games),10.3,Drifloon Lv50 (Aftermath): Swallow/Spit Up/Ominous Wind/Baton Pass | Luxio Lv50 (Rivalry): Bite/Roar/Swagger/Thunder Fang
820,hgss_hiker_phillip_0203,Hiker Phillip,Trainerclass Hiker,566,812,0.411,1563,2059,1371.8,D,Leader Lt. Surge (Elo 2177.2),Fisherman Justin (Elo 633.1),Fisherman Marvin (7 games),3.79,Geodude Lv50 (Sturdy): Rock Throw/Magnitude/Selfdestruct/Rollout | Graveler Lv50 (Sturdy): Rock Throw/Magnitude/Selfdestruct/Rollout
821,hgss_hiker_clarke_0357,Hiker Clarke,Trainerclass Hiker,565,813,0.41,1473,1965,1402.0,D+,Ace Trainer Ernest (Elo 2004.7),Picnicker Selina (Elo 862.1),Camper Barry (7 games),11.55,Onix Lv50 (Sturdy): Rock Polish/Dragon Breath/Curse/Iron Tail | Dugtrio Lv50 (Arena Trap): Earth Power/Mud Bomb/Slash/Earthquake
822,hgss_young_couple_tim_sue_0556,Young Couple Tim & Sue,Trainerclass Young Couple,565,813,0.41,1461,1951,1371.5,D,Leader Morty (Elo 1949.7),School Kid Chad (Elo 742.0),Twins Jo & Zoe Rematch (7 games),3.86,Kadabra Lv50 (Synchronize): Recover/Psycho Cut/Role Play/Psychic | Psyduck Lv50 (Damp): Screech/Psych Up/Zen Headbutt/Amnesia
823,hgss_bird_keeper_gs_roy_0300,Bird Keeper Roy,Trainerclass Bird Keeper Gs,563,815,0.409,1451,1946,1384.0,D+,Leader Fantina (Elo 1998.1),Lass Connie (Elo 905.7),Youngster Warren (7 games),9.48,Fearow Lv50 (Keen Eye): Aerial Ace/Mirror Move/Agility/Assurance | Fearow Lv50 (Keen Eye): Mirror Move/Agility/Assurance/Roost
824,hgss_swimmer_f_diana_0297,Swimmer Diana,Trainerclass Swimmer F,563,815,0.409,1485,2001,1372.3,D,Camper Todd Rematch 3 (Elo 2027.4),Galactic Grunt Team Galactic Eterna Building 2f 2 (Elo 896.7),Galactic Grunt Lake Valor 3 (7 games),5.94,Golduck Lv50 (Cloud Nine): Water Pulse/Zen Headbutt/Psych Up/Disable
825,black_belt_rafael,Black Belt Rafael,Black Belt,560,818,0.406,1484,1995,1419.0,D+,Ace Trainer Quinn (Elo 1906.7),Picnicker Diana (Elo 741.4),Swimmer Dillon (7 games),7.42,Croagunk Lv50 (Anticipation): Swagger/Revenge/Faint Attack | Machoke Lv50 (Guts): Karate Chop/Foresight
826,hgss_bug_catcher_doug_0620,Bug Catcher Doug Rematch 2,Trainerclass Bug Catcher,560,818,0.406,1438,1953,1386.2,D+,Psychic Eli (Elo 1874.1),Scientist Mitch (Elo 802.1),Worker Dillan (7 games),8.06,Butterfree Lv50 (Compound Eyes): Tailwind/Safeguard/Captivate/Bug Buzz | Ariados Lv50 (Swarm): Spider Web/Agility/Pin Missile/Psychic
827,hgss_hiker_benjamin_0134,Hiker Benjamin,Trainerclass Hiker,560,818,0.406,1436,1949,1381.6,D+,Leader Lt. Surge (Elo 2177.2),Picnicker Selina (Elo 862.1),Policeman Danny (7 games),9.66,Diglett Lv50 (Sand Veil): Growl/Astonish/Magnitude/Mud Slap | Geodude Lv50 (Sturdy): Mud Sport/Rock Polish/Rock Throw/Magnitude | Dugtrio Lv50 (Arena Trap): Growl/Astonish/Magnitude/Mud Slap
828,hgss_bug_catcher_rob_0623,Bug Catcher Rob Rematch 2,Trainerclass Bug Catcher,559,819,0.406,1454,1973,1375.8,D,Dragon Tamer Geoffrey Rematch Postgame (Elo 2072.8),Scientist Mitch (Elo 802.1),Scientist Darrius (7 games),8.03,Beedrill Lv50 (Swarm): Agility/Assurance/Poison Jab/Endeavor | Butterfree Lv50 (Compound Eyes): Tailwind/Safeguard/Captivate/Bug Buzz
829,pi_carlos_rematch_1,Pi Carlos Rematch 1,Pi,558,820,0.405,1624,2145,1407.1,D+,Veteran Brian Rematch 1 (Elo 2087.6),Fisherman Andrew (Elo 672.0),Guitarist Lonnie (7 games),5.75,Seaking Lv50 (Swift Swim): Horn Drill/Flail
830,hiker_theodore_rematch_1,Hiker Theodore Rematch 1,Hiker,558,820,0.405,1321,1843,1403.5,D+,Ace Trainer Jamie Rematch 3 (Elo 1955.0),Youngster Gordon (Elo 807.9),Gentleman Jeremy Rematch 3 (7 games),13.75,Onix Lv50 (Rock Head): Rock Tomb/Sandstorm/Slam/Rock Polish | Steelix Lv50 (Rock Head): Sandstorm/Slam/Rock Polish/Dragon Breath
831,hgss_bug_catcher_dane_0687,Bug Catcher Dane,Trainerclass Bug Catcher,556,822,0.403,1489,2023,1359.4,D,Ace Trainer Stefan Postgame (Elo 1903.2),Swimmer Denise (Elo 888.0),Youngster Darius (7 games),7.88,Beedrill Lv50 (Swarm): Agility/Assurance/Poison Jab/Endeavor | Butterfree Lv50 (Compound Eyes): Tailwind/Safeguard/Captivate/Bug Buzz
832,socialite_reina,Socialite Reina,Socialite,556,822,0.403,1467,1999,1358.8,D,Swimmer Lori (Elo 2062.2),Galactic Grunt Valley Windworks 2 (Elo 773.7),Swimmer Briana (7 games),5.54,Roselia Lv50 (Natural Cure): Leech Seed/Magical Leaf/Grass Whistle/Giga Drain
833,worker_conrad,Worker Conrad,Worker,555,823,0.403,1453,1982,1378.9,D+,Ace Trainer Jamie (Elo 1887.2),Pokefan Rebekah (Elo 950.3),Fisherman Juan (7 games),5.5,Magmar Lv50 (Flame Body): Faint Attack/Fire Spin/Confuse Ray/Fire Punch
834,hiker_theodore_rematch_2,Hiker Theodore Rematch 2,Hiker,555,823,0.403,1383,1917,1373.3,D,Ace Trainer Moira Rematch Postgame (Elo 2081.5),Firebreather Ray (Elo 801.4),Ruin Maniac Gerald (7 games),17.46,Steelix Lv50 (Rock Head): Rock Polish/Dragon Breath/Curse/Iron Tail | Steelix Lv50 (Rock Head): Rock Polish/Dragon Breath/Curse/Iron Tail
835,hgss_swimmer_f_katie_0243,Swimmer Katie,Trainerclass Swimmer F,555,823,0.403,1508,2044,1368.3,D,Ace Trainer Mariah (Elo 2104.4),Youngster Michael (Elo 904.6),Bird Keeper Denis (7 games),6.28,Dewgong Lv50 (Thick Fat): Brine/Sheer Cold/Take Down/Dive
836,bird_keeper_katherine,Bird Keeper Katherine,Bird Keeper,553,825,0.401,1428,1978,1375.6,D,Black Belt Ray Postgame (Elo 1791.0),Cyclist Kayla (Elo 780.6),Black Belt Griffin Postgame (7 games),5.66,Noctowl Lv50 (Insomnia): Reflect/Confusion/Take Down/Air Slash
837,hgss_bug_catcher_rob_0624,Bug Catcher Rob Rematch 3,Trainerclass Bug Catcher,553,825,0.401,1457,1991,1342.2,D,Ace Trainer Quinn (Elo 1906.7),Galactic Grunt Galactic Hq 1f (Elo 863.0),Cyclist John (7 games),8.16,Beedrill Lv50 (Swarm): Agility/Assurance/Poison Jab/Endeavor | Butterfree Lv50 (Compound Eyes): Tailwind/Safeguard/Captivate/Bug Buzz
838,swimmer_cassandra,Swimmer Cassandra,Swimmer Female,551,827,0.4,1420,1972,1409.3,D+,School Kid Billy Rematch 3 (Elo 2013.6),Picnicker Brooke (Elo 808.2),Pi Carlos Rematch 1 (7 games),24.05,Lumineon Lv50 (Swift Swim): Captivate/Safeguard/Aqua Ring/Whirlpool | Pelipper Lv50 (Keen Eye): Roost/Stockpile/Swallow/Spit Up
839,mira_wayward_cave,Mira Wayward Cave,Trainer Mira,550,828,0.399,1429,1995,1343.7,D,Leader Chuck (Elo 1943.6),Cheryl Eterna Forest (Elo 676.3),Hiker Benjamin (7 games),4.0,Kadabra Lv50 (Synchronize): Confusion/Shock Wave/Flash/Kinesis
840,hgss_gentleman_alfred_0665,Gentleman Alfred Rematch 2,Trainerclass Gentleman,549,829,0.398,1423,1984,1392.5,D+,Ace Trainer Gaven Rematch 1 (Elo 1998.2),Waitress Kati (Elo 878.5),Ruin Maniac Karl (7 games),4.95,Noctowl Lv50 (Insomnia): Take Down/Air Slash/Zen Headbutt/Extrasensory
841,worker_gerardo,Worker Gerardo,Worker,549,829,0.398,1371,1925,1385.9,D+,Pokemon Trainer Lance (Rocket HQ) (Elo 1895.4),Youngster Gordon (Elo 807.9),Swimmer Paige (7 games),10.04,Magnemite Lv50 (Magnet Pull): Supersonic/Magnet Bomb/Spark | Magnemite Lv50 (Magnet Pull): Thunder Wave/Magnet Bomb/Spark
842,hgss_swimmer_m_frankie_0373,Swimmer Frankie,Trainerclass Swimmer M,549,829,0.398,1407,1957,1372.1,D,Hiker Theodore Rematch 3 (Elo 1918.3),Lass Samantha Rematch 1 (Elo 895.9),Sailor Huey Rematch 2 (7 games),5.7,Azumarill Lv50 (Huge Power): Bubble Beam/Aqua Ring/Double Edge/Rain Dance
843,hgss_team_rocket_grunt_underground_4_0197,Team Rocket Grunt Underground 4,Trainerclass Team Rocket,548,830,0.398,1456,2017,1343.0,D,Ace Trainer Kassandra Postgame (Elo 2058.3),Swimmer Matthew (Elo 949.8),Gentleman Jeremy Rematch 2 (7 games),12.57,Grimer Lv50 (Stench): Disable/Minimize/Sludge/Mud Bomb | Weezing Lv50 (Levitate): Smog/Smoke Screen/Assurance/Selfdestruct
844,hgss_biker_harris_0310,Biker Harris,Trainerclass Biker,547,831,0.397,1431,2007,1365.4,D,Firebreather Walt Rematch 3 (Elo 1957.4),Galactic Grunt Valley Windworks 1 (Elo 876.9),Camper Virgil (7 games),4.76,Flareon Lv50 (Flash Fire): Quick Attack/Bite/Fire Spin/Fire Fang
845,swimmer_miranda_rematch,Swimmer Miranda Rematch,Swimmer Female,547,831,0.397,1411,1981,1362.3,D,Dragon Tamer Darien (Elo 1849.5),Gentleman Leonardo (Elo 1000.1),Fisherman Joseph Rematch 2 (7 games),10.26,Shellder Lv50 (Shell Armor): Whirlpool/Iron Defense/Brine/Ice Beam | Lumineon Lv50 (Swift Swim): Whirlpool/U Turn/Bounce/Silver Wind
846,hgss_youngster_ian_0613,Youngster Ian Rematch 1,Trainerclass Youngster,547,831,0.397,1407,1979,1321.6,D-,Psychic Brittney Rematch (Elo 1850.6),Factory Head Thorton (Elo 843.9),Swimmer Lydia Postgame (7 games),6.29,Mankey Lv50 (Vital Spirit): Karate Chop/Seismic Toss/Screech/Assurance | Dugtrio Lv50 (Sand Veil): Sucker Punch/Sand Tomb/Earth Power/Mud Bomb
847,aroma_lady_hannah,Aroma Lady Hannah,Aroma Lady,546,832,0.396,1446,2016,1381.2,D+,Picnicker Erin Rematch 3 (Elo 1862.2),School Kid Harrison (Elo 802.7),Breeder Albert Rematch 1 (7 games),8.58,Roselia Lv50 (Natural Cure): Poison Sting/Stun Spore/Mega Drain/Leech Seed | Combee Lv50 (Honey Gather): Sweet Scent/Gust/Bug Bite
848,hgss_super_nerd_cary_0681,Super Nerd Cary,Trainerclass Super Nerd,546,832,0.396,1441,2005,1363.0,D,Veteran Clayton (Elo 2031.1),Scientist Mitch (Elo 802.1),Poke Maniac Shane (7 games),6.54,Torkoal Lv50 (White Smoke): Overheat/Iron Tail/Body Slam/Iron Defense
849,swimmer_erik,Swimmer Erik,Swimmer Male,546,832,0.396,1392,1971,1345.3,D,Veteran Grant (Elo 1950.9),Poke Kid Danielle Rematch 2 (Elo 894.9),Sailor Zachariah Rematch (7 games),7.82,Tentacruel Lv50 (Clear Body): Bubble Beam/Wrap/Barrier/Water Pulse
850,school_kid_mackenzie,School Kid Mackenzie,School Kid Female,543,835,0.394,1398,1974,1330.4,D,Ranger Kyler Rematch Postgame (Elo 1994.1),Lass Carrie (Elo 913.8),Policeman Danny Rematch 2 (7 games),10.58,Drifloon Lv50 (Aftermath): Payback/Gust/Astonish/Minimize | Drifloon Lv50 (Aftermath): Spit Up/Swallow/Stockpile
851,black_belt_adam,Black Belt Adam,Black Belt,540,838,0.392,1404,1997,1365.3,D,Picnicker Karina Rematch 3 (Elo 1835.2),Galactic Grunt Floaroma Meadow 2 (Elo 875.2),Swimmer Gabrielle (7 games),3.91,Machoke Lv50 (Guts): Seismic Toss/Revenge/Vital Throw/Submission
852,hgss_beauty_caroline_0210,Beauty Caroline,Trainerclass Beauty,540,838,0.392,1345,1935,1360.8,D,Firebreather Otis (Elo 1854.7),Lucas Jubilife City Chimchar (Elo 942.2),Camper Barry (7 games),11.79,Marill Lv50 (Thick Fat): Aqua Ring/Double Edge/Rain Dance/Aqua Tail | Seel Lv50 (Thick Fat): Aurora Beam/Aqua Jet/Brine/Take Down | Marill Lv50 (Huge Power): Aqua Ring/Double Edge/Rain Dance/Aqua Tail
853,hgss_hiker_edwin_0677,Hiker Edwin,Trainerclass Hiker,539,839,0.391,1365,1968,1347.7,D,Executive Archer (Elo 1962.6),Galactic Grunt Floaroma Meadow 2 (Elo 875.2),Young Couple Ty And Sue (7 games),6.25,Golem Lv50 (Rock Head): Double Edge/Rock Slide/Sandstorm/Roar
854,galactic_grunt_lake_valor_1,Galactic Grunt Lake Valor 1,Galactic Grunt Male,538,840,0.39,1401,2004,1348.2,D,Ranger Kyler Rematch Postgame (Elo 1994.1),Castle Valet Darach (Elo 823.3),Pokefan Jeremy (7 games),6.41,Golbat Lv50 (Inner Focus): Wing Attack/Confuse Ray/Air Cutter/Mean Look
855,hgss_lass_krise_0610,Lass Krise Rematch 1,Trainerclass Lass,537,841,0.39,1384,1981,1389.6,D+,Fisherman Kyle Rematch 3 (Elo 1926.6),Lass Samantha (Elo 917.0),Galactic Grunt Galactic Hq 3f 2 (7 games),10.64,Oddish Lv50 (Chlorophyll): Poison Powder/Stun Spore/Sleep Powder/Mega Drain | Cubone Lv50 (Rock Head): Bonemerang/Rage/False Swipe/Thrash
856,swimmer_crystal,Swimmer Crystal,Swimmer Female,537,841,0.39,1417,2030,1352.1,D,Leader Morty (Elo 1949.7),Team Rocket Grunt Slowpoke Well 3 (Elo 951.5),Swimmer Lydia Postgame (7 games),9.67,Wingull Lv50 (Keen Eye): Roost/Pursuit/Agility/Aerial Ace | Seaking Lv50 (Swift Swim): Flail/Aqua Ring/Fury Attack/Waterfall
857,lady_melissa_rematch_2,Lady Melissa Rematch 2,Lady,536,842,0.389,1362,1975,1385.1,D+,Ace Trainer Moira Rematch Postgame (Elo 2081.5),Twins Amy & Mimi (Elo 845.9),Reporter Kinsey (7 games),5.4,Cherrim Lv50 (Flower Gift): Solar Beam/Sunny Day/Leech Seed/Magical Leaf
858,hgss_team_rocket_grunt_hideout_2_0218,Team Rocket Grunt Hideout 2,Trainerclass Team Rocket,536,842,0.389,1392,2004,1367.4,D,School Kid Billy Rematch 3 (Elo 2013.6),Youngster Michael (Elo 904.6),Hiker Daniel (7 games),6.28,Golbat Lv50 (Inner Focus): Supersonic/Astonish/Bite/Wing Attack
859,hgss_poke_maniac_harrison_0534,Poke Maniac Harrison,Trainerclass Poke Maniac,536,842,0.389,1345,1954,1365.0,D,Double Team Thom & Kae (Elo 1981.2),Sailor Terrell (Elo 943.6),Beauty Devon (7 games),9.68,Nidoking Lv50 (Rivalry): Peck/Focus Energy/Double Kick/Poison Sting | Nidoqueen Lv50 (Rivalry): Scratch/Tail Whip/Double Kick/Poison Sting
860,black_belt_davon_postgame,Black Belt Davon Postgame,Black Belt,533,845,0.387,1438,2054,1375.7,D,Veteran Armando Rematch (Elo 2138.5),Twins Amy & Mimi Rematch (Elo 817.9),Black Belt Nathaniel (7 games),12.62,Tyrogue Lv50 (Guts): Tackle/Helping Hand/Fake Out/Foresight | Makuhita Lv50 (Thick Fat): Wake Up Slap/Endure/Close Combat/Reversal | Machamp Lv50 (Guts): Wake Up Slap/Cross Chop/Scary Face/Dynamic Punch
861,hgss_bug_catcher_wade_0461,Bug Catcher Wade Rematch 1,Trainerclass Bug Catcher,533,845,0.387,1420,2062,1339.6,D,Psychic Herman (Elo 1862.7),Maid Clare (Elo 932.5),Swimmer Joy (7 games),13.39,Metapod Lv50 (Shed Skin): Bug Bite/String Shot | Butterfree Lv50 (Compound Eyes): Psybeam/Silver Wind/Supersonic/Whirlwind | Kakuna Lv50 (Shed Skin): Bug Bite/Poison Sting/String Shot | Metapod Lv50 (Shed Skin): Bug Bite/String Shot
862,hgss_school_kid_m_alan_0432,School Kid Alan Rematch 1,Trainerclass School Kid M,532,846,0.386,1380,2002,1356.0,D,Hiker Kenny Rematch 1 (Elo 1759.8),Twins Amy & Mimi Rematch (Elo 817.9),Bird Keeper Vance (7 games),11.63,Tangela Lv50 (Chlorophyll): Vine Whip/Bind/Mega Drain/Stun Spore | Yanma Lv50 (Speed Boost): Detect/Supersonic/Uproar/Pursuit
863,hgss_ace_trainer_f_emma_0363,Ace Trainer Emma,Trainerclass Ace Trainer F,532,846,0.386,1343,1971,1331.9,D,Camper Todd Rematch 3 (Elo 2027.4),Fisherman Ralph (Elo 815.3),Biker Dale (7 games),4.96,Poliwhirl Lv50 (Water Absorb): Double Slap/Rain Dance/Body Slam/Bubble Beam
864,camper_parker,Camper Parker,Camper,531,847,0.385,1319,1949,1350.0,D,Camper Todd Rematch 2 (Elo 1809.7),Galactic Grunt Valley Windworks 2 (Elo 773.7),Youngster Tristan Rematch 3 (7 games),5.5,Buizel Lv50 (Swift Swim): Water Gun/Swift/Quick Attack | Shinx Lv50 (Rivalry): Spark/Bite
865,hgss_bug_catcher_doug_0619,Bug Catcher Doug Rematch 1,Trainerclass Bug Catcher,531,847,0.385,1390,2025,1334.9,D,Psychic Kendra (Elo 1919.4),School Kid Chad (Elo 742.0),Skier Bradley (7 games),8.85,Butterfree Lv50 (Compound Eyes): Tailwind/Safeguard/Captivate/Bug Buzz | Ariados Lv50 (Swarm): Fury Swipes/Sucker Punch/Spider Web/Agility
866,hgss_team_rocket_grunt_underground_7_0227,Team Rocket Grunt Underground 7,Trainerclass Team Rocket,531,847,0.385,1351,1980,1309.6,D-,Picnicker Erin Rematch 3 (Elo 1862.2),Fisherman Zachary (Elo 910.0),Picnicker Tiffany Rematch 3 (7 games),6.62,Koffing Lv50 (Levitate): Smoke Screen/Assurance/Selfdestruct/Sludge | Koffing Lv50 (Levitate): Smoke Screen/Assurance/Selfdestruct/Sludge
867,hgss_teacher_shirley_0427,Teacher Shirley,Trainerclass Teacher,530,848,0.385,1377,2016,1366.9,D,Swimmer Sheltin (Elo 1827.5),Skier Diana (Elo 990.7),Swimmer Kara (7 games),7.76,Chatot Lv50 (Tangled Feet): Mimic/Roost/Uproar/Feather Dance | Jigglypuff Lv50 (Cute Charm): Body Slam/Gyro Ball/Wake Up Slap/Mimic
868,aroma_lady_elizabeth_rematch_3,Aroma Lady Elizabeth Rematch 3,Aroma Lady,529,849,0.384,1372,2020,1342.1,D,Leader Chuck (Elo 1943.6),Firebreather Ray (Elo 801.4),Twins Liv And Liz (7 games),5.62,Roserade Lv50 (Natural Cure): Poison Sting/Mega Drain/Magical Leaf/Sweet Scent
869,fisherman_joseph_rematch_2,Fisherman Joseph Rematch 2,Fisherman,529,849,0.384,1535,2169,1331.9,D,Ace Trainer Maria (Elo 2026.9),Cyclist Kayla (Elo 780.6),Swimmer Miranda Rematch (7 games),5.83,Seaking Lv50 (Swift Swim): Aqua Ring/Fury Attack/Waterfall/Horn Drill
870,scientist_travon,Scientist Travon,Scientist,528,850,0.383,1379,2022,1389.3,D+,Executive Petrel Petrel (Radio Tower) (Elo 1897.6),Picnicker Tiffany (Elo 672.6),Swimmer Haley (7 games),3.4,Kadabra Lv50 (Synchronize): Confusion
871,hgss_skier_jill_0481,Skier Jill,Trainerclass Skier,526,852,0.382,1346,1993,1371.1,D,Ranger Ashlee Rematch Postgame (Elo 1905.2),Tower Tycoon Palmer (Elo 852.8),Lady Celeste (7 games),13.56,Dewgong Lv50 (Thick Fat): Ice Shard/Rest/Aqua Ring/Aurora Beam
872,aroma_lady_elizabeth_rematch_1,Aroma Lady Elizabeth Rematch 1,Aroma Lady,523,855,0.38,1401,2066,1305.2,D-,Swimmer Lori (Elo 2062.2),Galactic Grunt Jubilife City 2 (Elo 791.4),Camper Zackary Rematch 2 (7 games),5.94,Roselia Lv50 (Natural Cure): Mega Drain/Leech Seed/Magical Leaf/Grass Whistle
873,hgss_pokefan_m_robert_0348,Pokefan Robert,Trainerclass Pokefan M,521,857,0.378,1299,1980,1347.0,D,Leader Lt. Surge Rematch (Elo 2365.0),Bug Catcher Stacey (Elo 694.7),Dawn Veilstone City Turtwig (7 games),9.22,Quagsire Lv50 (Water Absorb): Amnesia/Yawn/Earthquake/Rain Dance
874,tuber_jared_rematch_1,Tuber Jared Rematch 1,Tuber Male,521,857,0.378,1336,2017,1332.7,D,Biker Glenn (Elo 1863.9),Lass Samantha (Elo 917.0),Hiker Kevin (7 games),12.02,Shellos Lv50 (Sticky Hold): Mud Bomb/Hidden Power/Rain Dance/Body Slam | Shellos Lv50 (Sticky Hold): Mud Bomb/Hidden Power/Rain Dance/Body Slam | Shellos Lv50 (Sticky Hold): Mud Bomb/Hidden Power/Rain Dance/Body Slam
875,hgss_biker_zeke_0311,Biker Zeke,Trainerclass Biker,520,858,0.377,1363,2027,1342.9,D,Ace Trainer Jasmin Postgame (Elo 1805.4),Bug Catcher Arnie (Elo 997.4),Picnicker Tanya (7 games),5.68,Koffing Lv50 (Levitate): Haze/Gyro Ball/Explosion/Sludge Bomb | Koffing Lv50 (Levitate): Haze/Gyro Ball/Explosion/Sludge Bomb
876,guitarist_lonnie,Guitarist Lonnie,Guitarist,519,859,0.377,1408,2094,1349.5,D,Ace Trainer Ruben (Elo 1974.9),Factory Head Thorton (Elo 843.9),Pi Carlos Rematch 1 (7 games),5.07,Raichu Lv50 (Static): Thunderbolt/Slam/Thunder Wave/Quick Attack
877,galactic_grunt_mt_coronet_tunnel_room_2,Galactic Grunt Mt Coronet Tunnel Room 2,Galactic Grunt Male,518,860,0.376,1370,2051,1361.0,D,Bug Catcher Brandon Rematch 3 (Elo 1859.8),Poke Kid Danielle Rematch 2 (Elo 894.9),Beauty Kassandra (7 games),6.52,Golbat Lv50 (Inner Focus): Confuse Ray/Air Cutter/Mean Look/Poison Fang
878,hgss_pokefan_beverly_0608,Pokefan Beverly Rematch 3,Trainerclass Pokefan,518,860,0.376,1321,2013,1355.9,D,Mystery Man Eusine (Elo 1835.5),Bug Catcher Wade (Elo 790.6),Camper Pedro (7 games),4.57,Granbull Lv50 (Intimidate): Roar/Rage/Take Down/Payback
879,hgss_team_rocket_grunt_hideout_1_0216,Team Rocket Grunt Hideout 1,Trainerclass Team Rocket,518,860,0.376,1320,1988,1340.2,D,Leader Morty (Elo 1949.7),Waitress Kati (Elo 878.5),Picnicker Debra (7 games),9.62,Rattata Lv50 (Guts): Focus Energy/Bite/Pursuit/Hyper Fang | Rattata Lv50 (Guts): Focus Energy/Bite/Pursuit/Hyper Fang | Rattata Lv50 (Guts): Focus Energy/Bite/Pursuit/Hyper Fang | Rattata Lv50 (Guts): Focus Energy/Bite/Pursuit/Hyper Fang
880,psychic_mitchell,Psychic Mitchell,Psychic Male,517,861,0.375,1367,2056,1342.8,D,Ace Trainer Brenda (Elo 1932.8),Scientist Mitch (Elo 802.1),Twins Clea & Gil (7 games),10.59,Duskull Lv50 (Levitate): Astonish/Confuse Ray/Shadow Sneak/Pursuit | Kadabra Lv50 (Synchronize): Confusion/Disable/Miracle Eye/Psybeam
881,hgss_hiker_leonard_0204,Hiker Leonard,Trainerclass Hiker,515,863,0.374,1338,2025,1324.3,D-,School Kid Danny (Elo 1918.9),Twins Amy & Mimi Rematch (Elo 817.9),Team Rocket Grunt Radio Tower 7 (7 games),4.12,Geodude Lv50 (Sturdy): Rock Throw/Magnitude/Selfdestruct/Rollout | Machop Lv50 (No Guard): Foresight/Seismic Toss/Revenge/Vital Throw
882,hgss_psychic_m_nelson_0389,Psychic Nelson,Trainerclass Psychic M,514,864,0.373,1282,1992,1371.5,D,Ace Trainer Kevin (Elo 1950.3),Lass Samantha (Elo 917.0),Swimmer Claire (7 games),9.78,Slowpoke Lv50 (Oblivious): Tackle/Growl/Water Gun | Slowpoke Lv50 (Own Tempo): Curse/Headbutt/Water Gun/Confusion
883,fisherman_juan,Fisherman Juan,Fisherman,512,866,0.372,1373,2081,1355.0,D,Ace Trainer Rodolfo Postgame (Elo 1986.1),Picnicker Brooke (Elo 808.2),Breeder Albert (7 games),7.13,Gyarados Lv50 (Intimidate): Bite/Dragon Rage/Leer/Twister
884,hiker_maurice,Hiker Maurice,Hiker,512,866,0.372,1317,2024,1325.7,D-,Ace Trainer Dalton (Elo 1956.4),Scientist Mitch (Elo 802.1),Biker Aiden (7 games),4.87,Graveler Lv50 (Rock Head): Selfdestruct/Rollout/Rock Blast/Earthquake | Rhyhorn Lv50 (Lightning Rod): Fury Attack/Scary Face/Rock Blast/Take Down
885,galactic_grunt_lake_valor_3,Galactic Grunt Lake Valor 3,Galactic Grunt Female,511,867,0.371,1335,2047,1345.4,D,Psychic Brittney Rematch (Elo 1850.6),School Kid Connor (Elo 971.4),Swimmer Diana (7 games),8.45,Glameow Lv50 (Limber): Fury Swipes/Charm/Assist/Captivate | Murkrow Lv50 (Insomnia): Night Shade/Assurance/Taunt/Faint Attack
886,ninja_boy_matthew,Ninja Boy Matthew,Ninja Boy,510,868,0.37,1321,2044,1344.5,D,Double Team Al And Kay (Elo 1905.5),Swimmer Denise (Elo 888.0),Swimmer Katie (7 games),6.53,Golbat Lv50 (Inner Focus): Confuse Ray/Air Cutter/Mean Look/Poison Fang
887,black_belt_philip,Black Belt Philip,Black Belt,510,868,0.37,1262,1983,1318.1,D-,Ace Trainer Dalton (Elo 1956.4),Maid Sophie (Elo 897.0),Galactic Grunt Spear Pillar 1 (7 games),4.09,Machoke Lv50 (Guts): Vital Throw/Submission/Wake Up Slap/Cross Chop
888,hgss_bird_keeper_gs_toby_0082,Bird Keeper Toby,Trainerclass Bird Keeper Gs,509,869,0.369,1238,1965,1345.0,D,Reporter Kinsey Rematch 2 (Elo 1773.9),Poke Kid Danielle Rematch 2 (Elo 894.9),Galactic Grunt Galactic Hq 2f 1 (7 games),9.83,Doduo Lv50 (Early Bird): Growl/Quick Attack/Rage/Fury Attack | Doduo Lv50 (Early Bird): Growl/Quick Attack/Rage/Fury Attack | Doduo Lv50 (Early Bird): Growl/Quick Attack/Rage/Fury Attack
889,hgss_bug_catcher_rob_0048,Bug Catcher Rob,Trainerclass Bug Catcher,509,869,0.369,1349,2076,1327.1,D-,Psychic Eli (Elo 1874.1),Poke Kid Danielle Rematch 2 (Elo 894.9),Fisherman Ralph Rematch 1 (7 games),8.4,Beedrill Lv50 (Swarm): Agility/Assurance/Poison Jab/Endeavor | Butterfree Lv50 (Compound Eyes): Silver Wind/Tailwind/Safeguard/Captivate
890,hgss_boarder_deandre_0482,Boarder Deandre,Trainerclass Boarder,509,869,0.369,1354,2068,1314.2,D-,Ace Trainer Felix Postgame (Elo 2028.0),Rival Route 201 Infernape (Elo 758.5),School Kid Torin (7 games),31.88,Seel Lv50 (Thick Fat): Encore/Ice Shard/Rest/Aqua Ring | Dewgong Lv50 (Thick Fat): Encore/Ice Shard/Rest/Aqua Ring | Seel Lv50 (Thick Fat): Encore/Ice Shard/Rest/Aqua Ring
891,fisherman_cory,Fisherman Cory,Fisherman,508,870,0.369,1267,1993,1321.8,D-,Rancher Marco Rematch 2 (Elo 1979.8),Cyclist Kayla (Elo 780.6),Reporter Valerie (7 games),12.14,Finneon Lv50 (Swift Swim): Gust/Water Pulse/Captivate/Safeguard | Finneon Lv50 (Swift Swim): Gust/Water Pulse/Captivate/Safeguard | Finneon Lv50 (Swift Swim): Water Pulse/Captivate/Safeguard/Aqua Ring
892,hgss_team_rocket_grunt_radio_tower_6_0190,Team Rocket Grunt Radio Tower 6,Trainerclass Team Rocket,507,871,0.368,1289,2022,1340.6,D,Twins Jo & Zoe (Elo 1740.9),Poke Kid Danielle Rematch 1 (Elo 920.5),Camper Zackary Rematch 2 (7 games),6.96,Weezing Lv50 (Levitate): Smoke Screen/Assurance/Selfdestruct/Sludge
893,gentleman_jeremy_rematch_2,Gentleman Jeremy Rematch 2,Gentleman,506,872,0.367,1343,2074,1346.1,D,Leader Gardenia (Elo 1805.2),Clown Lee (Elo 599.9),Team Rocket Grunt Underground 4 (7 games),5.93,Chatot Lv50 (Keen Eye): Roost/Uproar/Feather Dance/Hyper Voice
894,hgss_pokefan_beverly_0437,Pokefan Beverly Rematch 2,Trainerclass Pokefan,506,872,0.367,1302,2040,1329.8,D-,Scientist Shaun Rematch 3 (Elo 1773.6),Fisherman Henry (Elo 907.7),Swimmer Sophia Postgame (7 games),5.31,Granbull Lv50 (Intimidate): Headbutt/Roar/Rage/Take Down
895,hgss_picnicker_debra_0139,Picnicker Debra,Trainerclass Picnicker,506,872,0.367,1336,2056,1324.1,D-,Biker Jacob (Elo 1814.4),Scientist Mitch (Elo 802.1),Team Rocket Grunt Hideout 1 (7 games),6.59,Seaking Lv50 (Water Veil): Flail/Aqua Ring/Fury Attack/Waterfall
896,interviewers_roxy_and_oli_rematch_1,Interviewers Roxy And Oli Rematch 1,Interviewers,505,873,0.366,1335,2077,1315.6,D-,Sailor Marc Rematch 2 (Elo 1889.9),School Kid Chad (Elo 742.0),Galactic Grunt Galactic Hq 3f 1 (7 games),4.98,Magnemite Lv50 (Magnet Pull): Spark/Lock On/Magnet Bomb/Screech | Kirlia Lv50 (Synchronize): Lucky Chant/Magical Leaf/Calm Mind/Psychic
897,hgss_biker_reese_0313,Biker Reese,Trainerclass Biker,504,874,0.366,1254,1995,1355.7,D,Ranger Allison Rematch 2 (Elo 1781.7),Sailor Terrell (Elo 943.6),Galactic Grunt Galactic Hq 3f 4 (7 games),6.42,Weezing Lv50 (Levitate): Sludge/Haze/Double Hit/Explosion
898,galactic_grunt_lake_verity_3,Galactic Grunt Lake Verity 3,Galactic Grunt Male,504,874,0.366,1296,2029,1349.8,D,Psychic Jared (Elo 1845.1),Galactic Grunt Jubilife City 1 (Elo 881.7),Youngster Darius (7 games),6.87,Stunky Lv50 (Stench): Feint/Slash/Toxic/Night Slash | Houndour Lv50 (Early Bird): Odor Sleuth/Beat Up/Fire Fang/Faint Attack
899,scientist_shaun,Scientist Shaun,Scientist,504,874,0.366,1313,2060,1315.3,D-,School Kid Tommy (Elo 1834.8),Pokefan Beverly (Elo 919.9),Young Couple Duff & Eda (7 games),8.79,Magnemite Lv50 (Magnet Pull): Spark/Magnet Bomb | Kadabra Lv50 (Synchronize): Psybeam/Disable/Kinesis/Thunder Punch
900,hgss_gentleman_alfred_0664,Gentleman Alfred Rematch 1,Trainerclass Gentleman,499,879,0.362,1313,2072,1338.7,D,Black Belt Ray Postgame (Elo 1791.0),Twins Amy & Mimi (Elo 845.9),Galactic Grunt Mt Coronet Tunnel Room 1 (7 games),5.53,Noctowl Lv50 (Insomnia): Reflect/Confusion/Take Down/Air Slash
901,skier_kaitlyn,Skier Kaitlyn,Skier Female,497,881,0.361,1297,2068,1335.2,D,Double Team Zac & Jen (Elo 1882.6),Maid Emily (Elo 871.0),Bug Catcher Arnie Rematch 1 (7 games),6.5,Swinub Lv50 (Oblivious): Mud Bomb/Icy Wind/Ice Shard/Take Down | Snover Lv50 (Snow Warning): Mist/Ice Shard/Ingrain/Wood Hammer
902,picnicker_karina_rematch_2,Picnicker Karina Rematch 2,Picnicker,497,881,0.361,1219,1987,1328.2,D-,Veteran Grant (Elo 1950.9),Lass Samantha Rematch 1 (Elo 895.9),Camper Zackary Rematch 2 (7 games),5.29,Prinplup Lv50 (Torrent): Bubble Beam/Metal Claw/Fury Attack/Growl
903,parasol_lady_sabrina,Parasol Lady Sabrina,Parasol Lady,496,882,0.36,1254,2031,1313.7,D-,Leader Jasmine (Elo 1988.5),Picnicker Selina (Elo 862.1),Camper Todd Rematch 1 (7 games),10.88,Wooper Lv50 (Damp): Mud Shot/Slam/Mud Bomb/Amnesia | Quagsire Lv50 (Damp): Mud Shot/Slam/Mud Bomb/Amnesia
904,poke_kid_danielle_rematch_3,Poke Kid Danielle Rematch 3,Poke Kid,495,883,0.359,1346,2121,1335.7,D,Leader Chuck (Elo 1943.6),Castle Valet Darach (Elo 823.3),Ace Trainer Irene (7 games),5.06,Raichu Lv50 (Static): Thunder Shock/Tail Whip/Quick Attack/Thunderbolt
905,worker_braden,Worker Braden,Worker,495,883,0.359,1265,2037,1319.7,D-,Ace Trainer Destiny (Elo 1936.4),Firebreather Ray (Elo 801.4),Executive Petrel Petrel (Rocket HQ) (7 games),9.87,Steelix Lv50 (Rock Head): Sandstorm/Slam/Rock Polish/Dragon Breath
906,breeder_albert,Breeder Albert,Breeder Male,495,883,0.359,1278,2052,1315.1,D-,Dragon Tamer Darien (Elo 1849.5),Lass Carrie (Elo 913.8),Fisherman Juan (7 games),17.94,Budew Lv50 (Natural Cure): Water Sport/Stun Spore/Mega Drain/Worry Seed | Bonsly Lv50 (Sturdy): Flail/Low Kick/Rock Throw/Mimic | Pichu Lv50 (Static): Tail Whip/Thunder Wave/Sweet Kiss/Nasty Plot | Eevee Lv50 (Run Away): Tackle/Helping Hand/Sand Attack/Growl
907,hgss_twins_clea_gil_0499,Twins Clea & Gil,Trainerclass Twins,494,884,0.358,1245,2030,1324.6,D-,Ace Trainer Joyce (Elo 1877.3),Hall Matron Argenta (Elo 879.1),Cyclist Rachel (7 games),4.14,Dratini Lv50 (Shed Skin): Thunder Wave/Twister/Thunderbolt/Headbutt | Dratini Lv50 (Shed Skin): Thunder Wave/Twister/Surf/Headbutt
908,hgss_team_rocket_grunt_nugget_bridge_0353,Team Rocket Grunt Nugget Bridge,Trainerclass Team Rocket,494,884,0.358,1289,2073,1317.5,D-,Breeder Jennifer Rematch 2 (Elo 1944.1),Jogger Wyatt (Elo 834.4),Pokefan Eleanor (7 games),6.32,Golbat Lv50 (Inner Focus): Confuse Ray/Air Cutter/Mean Look/Poison Fang
909,hgss_scientist_gs_daniel_0686,Scientist Daniel,Trainerclass Scientist Gs,494,884,0.358,1303,2078,1317.2,D-,Firebreather Walt Rematch 3 (Elo 1957.4),Team Rocket Grunt Kimono Theatre (Elo 915.7),Cameraman Tevin (7 games),6.03,Ninetales Lv50 (Flash Fire): Overheat/Will O Wisp/Quick Attack/Roar
910,lass_samantha_rematch_2,Lass Samantha Rematch 2,Lass,493,885,0.358,1291,2068,1298.7,D-,Sailor Marc Rematch 2 (Elo 1889.9),Twins Amy & Mimi Rematch (Elo 817.9),Swimmer Nikki (7 games),14.11,Beautifly Lv50 (Swarm): Morning Sun/Mega Drain/Whirlwind/Attract | Roselia Lv50 (Natural Cure): Grass Whistle/Giga Drain/Toxic Spikes/Sweet Scent
911,galactic_grunt_team_galactic_eterna_building_3f,Galactic Grunt Team Galactic Eterna Building 3f,Galactic Grunt Female,491,887,0.356,1238,2034,1341.8,D,Psychic Abigail Rematch 2 (Elo 1797.0),Poke Kid Danielle Rematch 1 (Elo 920.5),Galactic Grunt Veilstone City 2 (7 games),13.89,Stunky Lv50 (Stench): Poison Gas/Screech/Fury Swipes/Smoke Screen | Croagunk Lv50 (Anticipation): Mud Slap/Poison Sting/Taunt/Pursuit | Glameow Lv50 (Limber): Fake Out/Scratch/Growl/Hypnosis
912,galactic_grunt_galactic_hq_b2f_2,Galactic Grunt Galactic Hq B2f 2,Galactic Grunt Male,491,887,0.356,1267,2064,1333.2,D,Leader Fantina (Elo 1998.1),School Kid Harrison (Elo 802.7),Picnicker Siena (7 games),6.88,Houndour Lv50 (Early Bird): Odor Sleuth/Beat Up/Fire Fang/Faint Attack | Murkrow Lv50 (Insomnia): Night Shade/Assurance/Taunt/Faint Attack
913,hgss_firebreather_ned_0282,Firebreather Ned,Trainerclass Firebreather,491,887,0.356,1235,2033,1330.1,D,Ace Trainer Cesar (Elo 1751.7),Poke Kid Danielle Rematch 2 (Elo 894.9),Galactic Grunt Lake Valor 3 (7 games),13.39,Koffing Lv50 (Levitate): Tackle/Smog/Smoke Screen/Assurance | Growlithe Lv50 (Intimidate): Ember/Leer/Odor Sleuth/Helping Hand | Koffing Lv50 (Levitate): Tackle/Smog/Smoke Screen/Assurance
914,galactic_grunt_galactic_hq_b2f_1,Galactic Grunt Galactic Hq B2f 1,Galactic Grunt Male,491,887,0.356,1316,2102,1318.3,D-,Ace Trainer Megan (Elo 1896.5),Pokefan Ruth (Elo 787.4),Bird Keeper Jose Rematch 2 (7 games),6.34,Golbat Lv50 (Inner Focus): Confuse Ray/Air Cutter/Mean Look/Poison Fang
915,hgss_swimmer_f_kara_0093,Swimmer Kara,Trainerclass Swimmer F,490,888,0.356,1271,2058,1325.6,D-,Ace Trainer Paulo (Elo 1831.9),Jogger Wyatt (Elo 834.4),Ruin Maniac Bryan (7 games),12.06,Staryu Lv50 (Natural Cure): Water Gun/Rapid Spin/Recover/Camouflage | Starmie Lv50 (Natural Cure): Water Gun/Rapid Spin/Recover/Swift
916,hgss_fisherman_liam_0587,Fisherman Liam,Trainerclass Fisherman,488,890,0.354,1305,2111,1362.9,D,Rancher Marco Rematch 2 (Elo 1979.8),Pokefan Ruth (Elo 787.4),Buck Stark Mountain Postgame (7 games),4.88,Seadra Lv50 (Poison Point): Agility/Twister/Brine/Hydro Pump
917,youngster_donny,Youngster Donny,Youngster,488,890,0.354,1295,2086,1325.2,D-,Ace Trainer Brenda (Elo 1932.8),Galactic Grunt Team Galactic Eterna Building 2f 1 (Elo 792.5),Rival Silver Quilava (Azalea) (7 games),7.75,Gastly Lv50 (Levitate): Sucker Punch/Night Shade/Confuse Ray/Curse | Drifloon Lv50 (Aftermath): Spit Up/Swallow/Stockpile
918,ninja_boy_fabian,Ninja Boy Fabian,Ninja Boy,486,892,0.353,1293,2105,1318.0,D-,Kimono Girl Zuki (Elo 1799.1),Tower Tycoon Palmer (Elo 852.8),Sailor Roberto (7 games),6.44,Croagunk Lv50 (Anticipation): Revenge/Swagger/Mud Bomb/Sucker Punch | Croagunk Lv50 (Anticipation): Revenge/Swagger/Mud Bomb/Sucker Punch
919,poke_kid_ariel_rematch_1_postgame,Poke Kid Ariel Rematch 1 Postgame,Poke Kid,485,893,0.352,1304,2117,1353.3,D,Ace Trainer Jamie (Elo 1887.2),Pokefan Derek (Elo 809.9),Boarder Patton (7 games),10.48,Pichu Lv50 (Static): Tail Whip/Thunder Wave/Sweet Kiss/Nasty Plot | Pikachu Lv50 (Static): Double Team/Slam/Thunderbolt/Feint | Pikachu Lv50 (Static): Double Team/Slam/Thunderbolt/Feint
920,aroma_lady_elizabeth,Aroma Lady Elizabeth,Aroma Lady,485,893,0.352,1282,2097,1288.5,D-,Leader Erika (Elo 2094.6),Rival Silver Cyndaquil (Elo 688.0),Team Rocket Grunt Hideout 7 (7 games),5.32,Roselia Lv50 (Natural Cure): Growth/Mega Drain
921,cyclist_rachel,Cyclist Rachel,Cyclist Female,484,894,0.351,1289,2110,1325.5,D-,Bug Catcher Brandon Rematch 3 (Elo 1859.8),Fisherman Henry (Elo 907.7),Scientist Garett (7 games),6.7,Ponyta Lv50 (Run Away): Tail Whip/Ember/Flame Wheel/Stomp | Shinx Lv50 (Rivalry): Leer/Charge/Spark/Bite
922,hgss_sailor_parker_0668,Sailor Parker,Trainerclass Sailor,483,895,0.351,1291,2117,1313.3,D-,Hiker Theodore Rematch 3 (Elo 1918.3),Pokefan Ruth (Elo 787.4),Idol Grace Rematch 1 (7 games),7.91,Horsea Lv50 (Sniper): Water Pulse/Focus Energy/Twister/Agility | Seadra Lv50 (Sniper): Water Pulse/Focus Energy/Twister/Agility
923,tuber_chelsea_rematch_2,Tuber Chelsea Rematch 2,Tuber Female,481,897,0.349,1251,2090,1345.6,D,Double Team Thom & Kae (Elo 1981.2),Picnicker Brooke (Elo 808.2),Bug Catcher Ellis (7 games),7.08,Azumarill Lv50 (Thick Fat): Aqua Ring/Double Edge/Rain Dance/Aqua Tail
924,hgss_pokefan_m_william_0181,Pokefan William,Trainerclass Pokefan M,481,897,0.349,1330,2165,1263.9,E+,Bird Keeper Brianna Rematch 2 (Elo 1958.3),Cyclist Kayla (Elo 780.6),Biker Aiden (7 games),5.08,Raichu Lv50 (Static): Thunder Shock/Tail Whip/Quick Attack/Thunderbolt
925,cyclist_kayla_rematch_2,Cyclist Kayla Rematch 2,Cyclist Female,479,899,0.348,1330,2169,1292.5,D-,Fisherman Cole (Elo 1922.8),Galactic Grunt Jubilife City 2 (Elo 791.4),Bug Catcher Arnie Rematch 1 (7 games),5.22,Raichu Lv50 (Static): Thunder Shock/Tail Whip/Quick Attack/Thunderbolt
926,picnicker_lauren,Picnicker Lauren,Picnicker,479,899,0.348,1188,2039,1280.1,D-,Fisherman Cole (Elo 1922.8),Cyclist Axel (Elo 848.4),Picnicker Tiffany Rematch 2 (7 games),7.28,Pachirisu Lv50 (Run Away): Spark/Quick Attack/Charm
927,hgss_fisherman_ralph_0462,Fisherman Ralph Rematch 1,Trainerclass Fisherman,478,900,0.347,1336,2181,1304.9,D-,Camper Todd Rematch 3 (Elo 2027.4),School Kid Chad (Elo 742.0),Bug Catcher Rob (7 games),6.71,Seaking Lv50 (Swift Swim): Flail/Aqua Ring/Fury Attack/Waterfall
928,hgss_bird_keeper_gs_boris_0301,Bird Keeper Boris,Trainerclass Bird Keeper Gs,477,901,0.346,1287,2121,1330.5,D,Bug Catcher Brandon Rematch 3 (Elo 1859.8),Jogger Wyatt (Elo 834.4),Beauty Nicola (7 games),11.56,Doduo Lv50 (Early Bird): Uproar/Acupressure/Double Hit/Agility | Doduo Lv50 (Early Bird): Uproar/Acupressure/Double Hit/Agility | Dodrio Lv50 (Early Bird): Uproar/Acupressure/Tri Attack/Agility
929,hgss_fisherman_tully_0323,Fisherman Tully Rematch 1,Trainerclass Fisherman,475,903,0.345,1257,2113,1331.6,D,Ace Trainer Paulo (Elo 1831.9),Picnicker Brooke (Elo 808.2),Bird Keeper Vance (7 games),5.71,Qwilfish Lv50 (Poison Point): Stockpile/Spit Up/Revenge/Brine
930,beauty_cyndy_rematch_2,Beauty Cyndy Rematch 2,Beauty,475,903,0.345,1236,2089,1319.0,D-,Young Couple Tim & Sue Rematch 3 (Elo 1781.4),Pokefan Rebekah (Elo 950.3),Fisherman Marvin (7 games),10.42,Meowth Lv50 (Pickup): Assurance/Captivate/Night Slash/Feint | Skitty Lv50 (Cute Charm): Covet/Heal Bell/Double Edge/Captivate | Glameow Lv50 (Limber): Captivate/Slash/Sucker Punch/Attract
931,hgss_school_kid_m_alan_0024,School Kid Alan,Trainerclass School Kid M,474,904,0.344,1244,2104,1327.7,D-,Ace Trainer Shannon (Elo 1943.8),Galactic Grunt Valley Windworks 2 (Elo 773.7),Black Belt Rafael (7 games),8.9,Tangela Lv50 (Chlorophyll): Sleep Powder/Absorb/Growth/Poison Powder
932,breeder_kaylee,Breeder Kaylee,Breeder Female,474,904,0.344,1225,2081,1299.7,D-,Boarder Bryce (Elo 1793.1),Poke Kid Danielle Rematch 2 (Elo 894.9),Bug Catcher Jack & Lass Briana (7 games),13.31,Aipom Lv50 (Run Away): Tickle/Fury Swipes/Swift/Screech | Marill Lv50 (Thick Fat): Water Gun/Rollout/Bubble Beam/Aqua Ring | Swablu Lv50 (Natural Cure): Sing/Fury Attack/Safeguard/Mist
933,hgss_swimmer_m_parker_0377,Swimmer Parker,Trainerclass Swimmer M,473,905,0.343,1270,2135,1303.5,D-,Poke Maniac Brent Rematch 2 (Elo 1866.4),Pokefan Derek (Elo 809.9),Black Belt Rafael (7 games),8.18,Horsea Lv50 (Sniper): Water Pulse/Focus Energy/Twister/Agility | Seadra Lv50 (Sniper): Water Pulse/Focus Energy/Twister/Agility
934,swimmer_vanessa,Swimmer Vanessa,Swimmer Female,473,905,0.343,1276,2137,1301.9,D-,Fisherman Cole (Elo 1922.8),Tower Tycoon Palmer (Elo 852.8),School Kid Esteban (7 games),5.8,Golduck Lv50 (Damp): Confusion/Water Pulse/Fury Swipes/Screech
935,idol_grace_rematch_1,Idol Grace Rematch 1,Idol,472,906,0.343,1264,2132,1319.4,D-,Ace Trainer Jake Rematch (Elo 2020.3),Swimmer Denise (Elo 888.0),Sailor Parker (7 games),18.17,Clefairy Lv50 (Cute Charm): Wake Up Slap/Cosmic Power/Lucky Chant/Metronome | Clefairy Lv50 (Cute Charm): Wake Up Slap/Cosmic Power/Lucky Chant/Metronome | Clefairy Lv50 (Cute Charm): Wake Up Slap/Cosmic Power/Lucky Chant/Metronome
936,dragon_tamer_patrick,Dragon Tamer Patrick,Dragon Tamer,470,908,0.341,1243,2119,1293.4,D-,Double Team Thom & Kae (Elo 1981.2),Idol Grace (Elo 811.3),Pi Carlos Rematch 2 (7 games),4.72,Gible Lv50 (Sand Veil): Sand Tomb/Slash/Dragon Claw/Dig
937,galactic_grunt_spear_pillar_1,Galactic Grunt Spear Pillar 1,Galactic Grunt Male,469,909,0.34,1242,2132,1290.5,D-,Lucas Veilstone City Turtwig (Elo 1787.9),School Kid Harrison (Elo 802.7),Black Belt Philip (7 games),6.44,Croagunk Lv50 (Anticipation): Mud Bomb/Sucker Punch/Nasty Plot/Poison Jab | Croagunk Lv50 (Anticipation): Sucker Punch/Nasty Plot/Poison Jab/Sludge Bomb
938,lady_melissa_rematch_1,Lady Melissa Rematch 1,Lady,468,910,0.34,1249,2138,1321.9,D-,Leader Brock (Elo 2147.0),Picnicker Tiffany (Elo 672.6),Poke Kid Meghan (7 games),4.77,Cherrim Lv50 (Flower Gift): Sunny Day/Petal Dance/Worry Seed/Take Down
939,policeman_alex,Policeman Alex,Policeman,465,913,0.337,1206,2103,1315.7,D-,Reporter Kinsey Rematch 2 (Elo 1773.9),Youngster Albert (Elo 942.5),Tuber Caitlyn (7 games),7.22,Hoothoot Lv50 (Insomnia): Uproar/Reflect/Confusion/Take Down | Machop Lv50 (Guts): Foresight/Seismic Toss/Revenge/Vital Throw
940,hgss_bird_keeper_gs_bret_0421,Bird Keeper Bret,Trainerclass Bird Keeper Gs,464,914,0.337,1245,2154,1313.5,D-,Leader Morty (Elo 1949.7),Dawn Jubilife City Turtwig (Elo 869.6),Ace Trainer Catherine (7 games),8.94,Taillow Lv50 (Guts): Wing Attack/Double Team/Endeavor/Aerial Ace | Fearow Lv50 (Keen Eye): Mirror Move/Agility/Assurance/Roost
941,hgss_black_belt_nob_0251,Black Belt Nob,Trainerclass Black Belt,463,915,0.336,1188,2098,1276.4,D-,Skier Bjorn Rematch 2 (Elo 1743.4),Picnicker Selina (Elo 862.1),Hiker Maurice (7 games),6.83,Machop Lv50 (No Guard): Vital Throw/Focus Energy/Karate Chop/Seismic Toss | Machoke Lv50 (No Guard): Leer/Karate Chop/Seismic Toss/Rock Slide
942,hgss_lass_krise_0184,Lass Krise,Trainerclass Lass,461,917,0.335,1157,2070,1312.4,D-,Jogger Craig Rematch 2 (Elo 1811.0),School Kid Connor (Elo 971.4),Hiker Reginald (7 games),8.24,Oddish Lv50 (Chlorophyll): Absorb/Sweet Scent/Acid/Poison Powder | Cubone Lv50 (Rock Head): Bone Club/Headbutt/Leer/Focus Energy
943,hgss_picnicker_erin_0151,Picnicker Erin,Trainerclass Picnicker,461,917,0.335,1203,2119,1288.1,D-,Ace Trainer Maya Rematch 1 (Elo 1795.1),Castle Valet Darach (Elo 823.3),Sailor Kent (7 games),7.79,Ponyta Lv50 (Flash Fire): Tackle/Tail Whip/Ember/Flame Wheel | Oddish Lv50 (Chlorophyll): Absorb/Sweet Scent/Acid/Poison Powder
944,gentleman_jeremy_rematch_3,Gentleman Jeremy Rematch 3,Gentleman,461,917,0.335,1231,2144,1272.4,E+,Rival Route 209 Torterra (Elo 1839.1),Clown Lee (Elo 599.9),Hiker Theodore Rematch 1 (7 games),5.96,Chatot Lv50 (Keen Eye): Roost/Uproar/Feather Dance/Hyper Voice
945,hiker_theodore,Hiker Theodore,Hiker,460,918,0.334,1123,2046,1274.7,D-,Ace Trainer Keenan Postgame (Elo 1873.9),Swimmer Elaine (Elo 830.3),Tuber Holly (7 games),9.26,Onix Lv50 (Rock Head): Screech/Rock Throw/Rage/Rock Tomb | Onix Lv50 (Rock Head): Screech/Rock Throw/Rage/Rock Tomb
946,hgss_team_rocket_grunt_hideout_5_0222,Team Rocket Grunt Hideout 5,Trainerclass Team Rocket,459,919,0.333,1247,2162,1307.6,D-,Psychic Bryce (Elo 1816.4),Galactic Grunt Team Galactic Eterna Building 2f 1 (Elo 792.5),Galactic Grunt Team Galactic Eterna Building 1f 1 (7 games),5.04,Raticate Lv50 (Guts): Bite/Pursuit/Hyper Fang/Sucker Punch
947,hgss_pokefan_m_jeremy_0423,Pokefan Jeremy,Trainerclass Pokefan M,458,920,0.332,1181,2104,1279.9,D-,Leader Fantina (Elo 1998.1),Battle Girl Kelsey (Elo 861.1),Galactic Grunt Lake Valor 1 (7 games),7.23,Meowth Lv50 (Technician): Faint Attack/Taunt/Pay Day/Slash | Meowth Lv50 (Technician): Faint Attack/Taunt/Pay Day/Slash | Meowth Lv50 (Technician): Faint Attack/Taunt/Pay Day/Slash
948,hgss_poke_maniac_brent_0131,Poke Maniac Brent,Trainerclass Poke Maniac,456,922,0.331,1116,2053,1313.7,D-,Picnicker Gina Rematch 2 (Elo 1646.7),School Kid Connor (Elo 971.4),Swimmer Kara (7 games),9.56,Nidorina Lv50 (Poison Point): Tail Whip/Double Kick/Poison Sting/Fury Swipes | Nidorino Lv50 (Poison Point): Double Kick/Poison Sting/Fury Attack/Horn Attack
949,hgss_hiker_jim_0359,Hiker Jim,Trainerclass Hiker,456,922,0.331,1208,2132,1296.3,D-,Ace Trainer Meagan Postgame (Elo 1862.9),Twins Amy & Mimi (Elo 845.9),Super Nerd Tyrone (7 games),5.63,Machamp Lv50 (No Guard): Submission/Wake Up Slap/Cross Chop/Scary Face
950,hgss_pokefan_georgia_0352,Pokefan Georgia,Trainerclass Pokefan,454,924,0.329,1209,2155,1305.9,D-,Double Team Zac & Jen (Elo 1882.6),Factory Head Thorton (Elo 843.9),Fisherman Ralph Rematch 1 (7 games),19.92,Sentret Lv50 (Keen Eye): Follow Me/Slam/Rest/Sucker Punch | Sentret Lv50 (Keen Eye): Follow Me/Slam/Rest/Sucker Punch | Sentret Lv50 (Keen Eye): Follow Me/Slam/Rest/Sucker Punch | Furret Lv50 (Keen Eye): Follow Me/Slam/Rest/Sucker Punch | Sentret Lv50 (Keen Eye): Follow Me/Slam/Rest/Sucker Punch
951,hgss_lass_dana_0400,Lass Dana,Trainerclass Lass,454,924,0.329,1178,2111,1292.5,D-,Fisherman George (Elo 1732.2),Lass Samantha Rematch 1 (Elo 895.9),Twins Meg & Peg Rematch (7 games),10.7,Flaaffy Lv50 (Static): Tackle/Growl/Thunder Shock/Thunder Wave | Psyduck Lv50 (Damp): Water Gun/Tail Whip/Disable/Confusion
952,hgss_sailor_garrett_0240,Sailor Garrett,Trainerclass Sailor,453,925,0.329,1325,2261,1310.5,D-,Veteran Brian Rematch 2 (Elo 2204.8),Picnicker Brooke (Elo 808.2),School Kid Jack (7 games),5.86,Kingler Lv50 (Hyper Cutter): Metal Claw/Stomp/Protect/Guillotine
953,tuber_chelsea_rematch_1,Tuber Chelsea Rematch 1,Tuber Female,453,925,0.329,1159,2103,1289.4,D-,Biker Joel (Elo 1810.3),Youngster Michael (Elo 904.6),Scientist Linden (7 games),6.66,Azumarill Lv50 (Thick Fat): Bubble Beam/Aqua Ring/Double Edge/Rain Dance
954,policeman_danny,Policeman Danny,Policeman,452,926,0.328,1212,2165,1284.8,D-,Cameraman Tevin Rematch 4 (Elo 1952.8),Maid Sophie (Elo 897.0),Hiker Benjamin (7 games),7.05,Hoothoot Lv50 (Insomnia): Uproar/Reflect/Confusion/Take Down | Machop Lv50 (Guts): Foresight/Seismic Toss/Revenge/Vital Throw
955,cyclist_kayla_rematch_3,Cyclist Kayla Rematch 3,Cyclist Female,452,926,0.328,1297,2239,1278.9,D-,Ace Trainer Jake Rematch (Elo 2020.3),Worker Mason (Elo 860.9),Beauty Cyndy Rematch 1 (7 games),12.3,Plusle Lv50 (Plus): Baton Pass/Agility/Last Resort/Nasty Plot | Minun Lv50 (Minus): Baton Pass/Agility/Trump Card/Nasty Plot | Raichu Lv50 (Static): Thunder Shock/Tail Whip/Quick Attack/Thunderbolt
956,hgss_school_kid_m_dudley_0329,School Kid Dudley,Trainerclass School Kid M,449,929,0.326,1160,2120,1233.3,E+,Ace Trainer Joyce (Elo 1877.3),Bug Catcher Wade (Elo 790.6),Guitarist Arturo (7 games),5.26,Oddish @ Sitrus Berry Lv50 (Chlorophyll): Natural Gift/Moonlight/Giga Drain/Petal Dance
957,hgss_burglar_orson_0283,Burglar Orson,Trainerclass Burglar,448,930,0.325,1155,2119,1273.8,E+,Cyclist John Rematch 2 (Elo 1717.3),Picnicker Karina (Elo 888.2),Pi Kendrick (7 games),8.72,Growlithe Lv50 (Intimidate): Roar/Flame Wheel/Leer/Bite | Koffing Lv50 (Levitate): Tackle/Smog/Sludge/Smoke Screen
958,hgss_biker_teddy_0575,Biker Teddy,Trainerclass Biker,448,930,0.325,1208,2173,1247.1,E+,Ace Trainer Quinn (Elo 1906.7),Scientist Mitch (Elo 802.1),Hiker Timothy (7 games),5.43,Seviper Lv50 (Shed Skin): Poison Fang/Swagger/Haze/Night Slash
959,worker_noel,Worker Noel,Worker,447,931,0.324,1149,2116,1256.0,E+,School Kid Tommy (Elo 1834.8),Firebreather Ray (Elo 801.4),Bug Catcher Abner (7 games),9.96,Magnemite Lv50 (Magnet Pull): Spark/Lock On/Magnet Bomb/Screech | Magnemite Lv50 (Magnet Pull): Spark/Lock On/Magnet Bomb/Screech
960,scientist_emilio,Scientist Emilio,Scientist,446,932,0.324,1241,2221,1302.1,D-,Leader Chuck (Elo 1943.6),Youngster Dallas (Elo 673.6),Galactic Grunt Team Galactic Eterna Building 2f 2 (7 games),3.5,Kadabra Lv50 (Synchronize): Confusion/Disable/Miracle Eye/Psybeam
961,school_kid_tiera,School Kid Tiera,School Kid Female,446,932,0.324,1282,2253,1287.0,D-,Ace Trainer Keenan Postgame (Elo 1873.9),Scientist Mitch (Elo 802.1),Galactic Grunt Spear Pillar 2 (7 games),6.63,Pachirisu Lv50 (Run Away): Last Resort/Super Fang/Discharge/Sweet Kiss
962,policeman_bobby,Policeman Bobby,Policeman,443,935,0.321,1160,2145,1288.7,D-,Reporter Kinsey Rematch 2 (Elo 1773.9),Clown Lee (Elo 599.9),School Kid Chad (7 games),7.61,Hoothoot Lv50 (Insomnia): Peck/Uproar/Reflect/Confusion | Machop Lv50 (Guts): Foresight/Seismic Toss/Revenge/Vital Throw
963,hgss_leader_falkner_falkner,Leader Falkner,Trainerclass Leader Falkner,443,935,0.321,1122,2106,1267.7,E+,Black Belt Ray Postgame (Elo 1791.0),Beauty Cyndy (Elo 812.3),Team Rocket Grunt Underground 5 (7 games),11.37,Pidgey Lv50 (Keen Eye): Tackle/Sand Attack | Pidgeotto Lv50 (Keen Eye): Tackle/Roost/Gust
964,school_kid_esteban,School Kid Esteban,School Kid Male,441,937,0.32,1178,2163,1294.2,D-,Ace Trainer Jamie Rematch 1 (Elo 1923.3),Twins Amy & Mimi (Elo 845.9),Swimmer Vanessa (7 games),7.24,Quagsire Lv50 (Damp): Mud Bomb/Slam/Water Gun/Amnesia
965,ranger_jeffrey,Ranger Jeffrey,Ranger Male,441,937,0.32,1127,2116,1263.4,E+,Ace Trainer Keenan Postgame (Elo 1873.9),Dawn Jubilife City Turtwig (Elo 869.6),Guitarist Jerry (7 games),4.55,Monferno Lv50 (Blaze): Fury Swipes/Flame Wheel/Feint/Torment
966,hgss_camper_grant_0724,Camper Grant,Trainerclass Camper,438,940,0.318,1203,2211,1313.7,D-,Fisherman Gideon (Elo 1796.3),Lass Samantha (Elo 917.0),Swimmer Charlie (7 games),10.46,Skiploom Lv50 (Chlorophyll): Poison Powder/Stun Spore/Sleep Powder/Bullet Seed | Marill Lv50 (Huge Power): Tail Whip/Water Gun/Rollout/Bubble Beam
967,hgss_policeman_dirk_0080,Policeman Dirk,Trainerclass Policeman,437,941,0.317,1096,2094,1294.2,D-,Ace Trainer Jamie (Elo 1887.2),Firebreather Ray (Elo 801.4),Team Rocket Grunt Underground 7 (7 games),8.02,Growlithe Lv50 (Intimidate): Roar/Ember/Leer/Odor Sleuth | Growlithe Lv50 (Intimidate): Roar/Ember/Leer/Odor Sleuth
968,hgss_black_belt_kenji_0017,Black Belt Kenji,Trainerclass Black Belt,437,941,0.317,1143,2149,1285.3,D-,Ace Trainer Alicia (Elo 1728.6),School Kid Chad (Elo 742.0),Youngster Austin (7 games),4.73,Machoke Lv50 (Guts): Foresight/Seismic Toss/Revenge/Vital Throw
969,hgss_bug_catcher_dion_0688,Bug Catcher Dion,Trainerclass Bug Catcher,435,943,0.316,1165,2177,1282.4,D-,Leader Gardenia (Elo 1805.2),Scientist Mitch (Elo 802.1),Bug Catcher Arnie Rematch 2 (7 games),5.19,Ariados Lv50 (Swarm): Agility/Pin Missile/Psychic/Poison Jab
970,tuber_jacky,Tuber Jacky,Tuber Male,434,944,0.315,1302,2305,1274.0,E+,Fisherman Tully Rematch 3 (Elo 1922.5),Swimmer Leona (Elo 717.2),Black Belt Ricky (7 games),5.38,Bibarel Lv50 (Simple): Water Gun/Rollout/Hyper Fang/Yawn
971,reporter_kinsey,Reporter Kinsey,Reporter,434,944,0.315,1127,2146,1259.1,E+,Breeder Jennifer Rematch 3 (Elo 1891.4),Poke Kid Danielle Rematch 1 (Elo 920.5),Lass Madeline Rematch 3 (7 games),8.48,Shinx Lv50 (Rivalry): Charge/Spark/Bite/Roar | Drifloon Lv50 (Aftermath): Gust/Focus Energy/Payback/Stockpile
972,hgss_bug_catcher_doug_0140,Bug Catcher Doug,Trainerclass Bug Catcher,433,945,0.314,1180,2198,1267.5,E+,Psychic Herman (Elo 1862.7),Galactic Grunt Floaroma Meadow 2 (Elo 875.2),Bird Keeper Perry (7 games),10.34,Butterfree Lv50 (Compound Eyes): Silver Wind/Tailwind/Safeguard/Captivate | Ariados Lv50 (Swarm): Fury Swipes/Sucker Punch/Spider Web/Agility
973,hgss_gentleman_milton_0551,Gentleman Milton,Trainerclass Gentleman,432,946,0.313,1192,2226,1242.0,E+,Double Team Zac And Jen (Elo 1879.1),Youngster Gordon (Elo 807.9),Galactic Grunt Galactic Hq B2f 1 (7 games),4.37,Growlithe Lv50 (Intimidate): Flamethrower/Agility/Crunch/Heat Wave
974,policeman_caleb,Policeman Caleb,Policeman,431,947,0.313,1138,2160,1225.9,E+,Kimono Girl Zuki (Elo 1799.1),Clown Lee (Elo 599.9),Swimmer Susie (7 games),7.57,Hoothoot Lv50 (Insomnia): Peck/Uproar/Reflect/Confusion | Machop Lv50 (Guts): Foresight/Seismic Toss/Revenge/Vital Throw
975,hgss_swimmer_m_randall_0086,Swimmer Randall,Trainerclass Swimmer M,429,949,0.311,1076,2118,1273.5,E+,Young Couple Tim & Sue Rematch 2 (Elo 1718.3),Picnicker Brooke (Elo 808.2),Interviewers Roxy And Oli Rematch 1 (7 games),14.1,Shellder Lv50 (Shell Armor): Supersonic/Icicle Spear/Withdraw/Tackle | Wartortle Lv50 (Torrent): Rapid Spin/Bite/Water Gun/Tail Whip | Shellder Lv50 (Skill Link): Supersonic/Icicle Spear/Withdraw/Tackle
976,black_belt_miles,Black Belt Miles,Black Belt,428,950,0.311,1159,2201,1280.2,D-,Ace Trainer Jamie (Elo 1887.2),Bug Catcher Al (Elo 686.9),Team Rocket Grunt Slowpoke Well 2 (7 games),6.0,Machamp Lv50 (Guts): Submission/Wake Up Slap/Cross Chop/Scary Face
977,black_belt_philip_rematch,Black Belt Philip Rematch,Black Belt,425,953,0.308,1194,2253,1284.9,D-,Ace Trainer Maria (Elo 2026.9),Poke Kid Danielle (Elo 634.8),Gentleman Preston (7 games),6.26,Machamp Lv50 (Guts): Wake Up Slap/Cross Chop/Scary Face/Dynamic Punch
978,hgss_ace_trainer_m_brian_0104,Ace Trainer Brian,Trainerclass Ace Trainer M,425,953,0.308,1133,2188,1273.0,E+,Fisherman Cole (Elo 1922.8),Cheryl Eterna Forest (Elo 676.3),Biker Reese (7 games),4.05,Mareep Lv50 (Static): Discharge/Signal Beam/Cotton Spore/Tackle
979,swimmer_gabrielle,Swimmer Gabrielle,Swimmer Female,425,953,0.308,1211,2261,1242.6,E+,Fisherman George (Elo 1732.2),Swimmer Leona (Elo 717.2),Black Belt Adam (7 games),6.74,Golduck Lv50 (Damp): Fury Swipes/Screech/Psych Up/Zen Headbutt
980,galactic_grunt_galactic_hq_3f_3,Galactic Grunt Galactic Hq 3f 3,Galactic Grunt Male,425,953,0.308,1179,2245,1239.9,E+,School Kid Chad Rematch 2 (Elo 1781.9),Scientist Mitch (Elo 802.1),Galactic Grunt Mt Coronet 3f 2 (7 games),6.42,Stunky Lv50 (Stench): Slash/Toxic/Night Slash/Memento | Croagunk Lv50 (Anticipation): Mud Bomb/Sucker Punch/Nasty Plot/Poison Jab
981,aroma_lady_alison,Aroma Lady Alison,Aroma Lady,424,954,0.308,1155,2204,1255.6,E+,Fisherman Tully Rematch 3 (Elo 1922.5),Galactic Grunt Valley Windworks 2 (Elo 773.7),Twins Meg & Peg (7 games),5.82,Roselia Lv50 (Natural Cure): Magical Leaf/Grass Whistle/Giga Drain/Toxic Spikes
982,hgss_team_rocket_grunt_hideout_8_0496,Team Rocket Grunt Hideout 8,Trainerclass Team Rocket,421,957,0.306,1121,2189,1251.2,E+,Dragon Tamer Ondrej (Elo 1794.6),Rival Silver Totodile (Elo 826.9),Camper Diego (7 games),12.35,Drowzee Lv50 (Insomnia): Hypnosis/Disable/Confusion/Headbutt | Grimer Lv50 (Stench): Sludge/Disable/Mud Slap/Minimize
983,policeman_dylan,Policeman Dylan,Policeman,421,957,0.306,1130,2202,1238.9,E+,Biker Glenn (Elo 1863.9),School Kid Chad (Elo 742.0),Gentleman Jeremy Rematch 1 (7 games),7.45,Hoothoot Lv50 (Insomnia): Uproar/Reflect/Confusion/Take Down | Machop Lv50 (Guts): Karate Chop/Foresight/Seismic Toss/Revenge
984,hgss_biker_ernest_0576,Biker Ernest,Trainerclass Biker,420,958,0.305,1158,2228,1253.1,E+,Psychic Abigail Rematch 2 (Elo 1797.0),Scientist Mitch (Elo 802.1),Bug Catcher Arnie Rematch 1 (7 games),10.92,Teddiursa Lv50 (Quick Feet): Slash/Charm/Rest/Snore | Marill Lv50 (Huge Power): Double Edge/Rain Dance/Aqua Tail/Hydro Pump
985,hgss_poke_maniac_shane_0129,Poke Maniac Shane,Trainerclass Poke Maniac,415,963,0.301,1063,2162,1228.0,E+,Twins Jo & Zoe Rematch (Elo 1732.0),Sailor Harry (Elo 901.7),Black Belt Sean (7 games),9.81,Nidorina Lv50 (Poison Point): Scratch/Tail Whip/Double Kick/Poison Sting | Nidorino Lv50 (Poison Point): Peck/Focus Energy/Double Kick/Poison Sting
986,hgss_picnicker_liz_0276,Picnicker Liz Rematch 1,Trainerclass Picnicker,414,964,0.3,1098,2194,1269.3,E+,Ranger Allison Rematch 3 (Elo 1835.9),Youngster Ian (Elo 809.5),Lass Krise Rematch 2 (7 games),10.41,Weepinbell Lv50 (Chlorophyll): Acid/Knock Off/Sweet Scent/Gastro Acid | Nidorina Lv50 (Rivalry): Bite/Helping Hand/Toxic Spikes/Flatter
987,hiker_reginald,Hiker Reginald,Hiker,414,964,0.3,1152,2250,1268.4,E+,Double Team Thom & Kae (Elo 1981.2),Fisherman Kyler (Elo 619.7),Lass Krise (7 games),4.47,Geodude Lv50 (Rock Head): Rock Polish/Rock Throw/Magnitude/Selfdestruct | Geodude Lv50 (Rock Head): Rock Polish/Rock Throw/Magnitude/Selfdestruct
988,swimmer_claire,Swimmer Claire,Swimmer Female,414,964,0.3,1151,2247,1254.8,E+,Psychic Bryce (Elo 1816.4),Galactic Grunt Jubilife City 1 (Elo 881.7),Psychic Nelson (7 games),5.03,Floatzel Lv50 (Swift Swim): Swift/Aqua Jet/Crunch/Agility
989,skier_bjorn,Skier Bjorn,Skier Male,413,965,0.3,1086,2191,1283.3,D-,Dragon Tamer Geoffrey Postgame (Elo 1876.1),Waitress Kati (Elo 878.5),Battle Girl Helen (7 games),7.58,Swinub Lv50 (Oblivious): Mud Bomb/Icy Wind/Ice Shard/Take Down | Sneasel Lv50 (Inner Focus): Agility/Icy Wind/Slash/Beat Up
990,hgss_youngster_samuel_0062,Youngster Samuel,Trainerclass Youngster,413,965,0.3,1069,2174,1266.4,E+,Reporter Kinsey Rematch 2 (Elo 1773.9),Swimmer Matthew (Elo 949.8),Poke Kid Ariel Rematch 4 Postgame (7 games),13.96,Rattata Lv50 (Guts): Tackle/Tail Whip/Quick Attack/Focus Energy | Sandshrew Lv50 (Sand Veil): Scratch/Defense Curl/Sand Attack/Poison Sting | Spearow Lv50 (Keen Eye): Peck/Growl/Leer | Spearow Lv50 (Keen Eye): Peck/Growl/Leer
991,breeder_jennifer,Breeder Jennifer,Breeder Female,413,965,0.3,1126,2235,1239.0,E+,Fisherman Gideon (Elo 1796.3),Cyclist Kayla (Elo 780.6),Galactic Grunt Lake Verity 4 (7 games),20.73,Budew Lv50 (Natural Cure): Water Sport/Stun Spore/Mega Drain/Worry Seed | Mime Jr Lv50 (Soundproof): Meditate/Encore/Double Slap/Mimic | Cleffa Lv50 (Cute Charm): Sing/Sweet Kiss/Copycat/Magical Leaf | Eevee Lv50 (Run Away): Tackle/Helping Hand/Sand Attack/Growl
992,hgss_beauty_callie_0671,Beauty Callie,Trainerclass Beauty,412,966,0.299,1132,2237,1264.1,E+,Leader Chuck (Elo 1943.6),Cyclist Kayla (Elo 780.6),School Kid Jack Rematch 1 (7 games),18.92,Clefable Lv50 (Cute Charm): Growl/Encore/Double Slap/Metronome | Wigglytuff Lv50 (Cute Charm): Sing/Defense Curl/Pound/Disable
993,hgss_scientist_gs_ross_0468,Scientist Ross,Trainerclass Scientist Gs,411,967,0.298,1075,2187,1243.5,E+,Ace Trainer Isaiah (Elo 1678.9),Worker Colin (Elo 882.9),Bug Catcher Arnie Rematch 2 (7 games),8.45,Koffing Lv50 (Levitate): Smog/Smoke Screen/Assurance/Selfdestruct | Koffing Lv50 (Levitate): Smog/Smoke Screen/Assurance/Selfdestruct
994,pokefan_meredith,Pokefan Meredith,Pokefan Female,411,967,0.298,1140,2240,1231.5,E+,Ace Trainer Ruben (Elo 1974.9),Poke Kid Danielle Rematch 2 (Elo 894.9),Pokefan William (7 games),11.6,Pichu @ Sitrus Berry Lv50 (Static): Tail Whip/Thunder Wave/Sweet Kiss/Nasty Plot | Pachirisu @ Sitrus Berry Lv50 (Run Away): Spark/Endure/Swift/Sweet Kiss
995,beauty_nicola,Beauty Nicola,Beauty,410,968,0.298,1119,2240,1240.6,E+,Dragon Tamer Hayden Rematch (Elo 1937.8),Scientist Mitch (Elo 802.1),Worker Mason (7 games),8.96,Lopunny Lv50 (Cute Charm): Baton Pass/Agility/Dizzy Punch/Charm
996,fisherman_joseph_rematch_1,Fisherman Joseph Rematch 1,Fisherman,409,969,0.297,1117,2237,1197.3,E,Fisherman George (Elo 1732.2),Bird Keeper Abe (Elo 815.4),Youngster Joey Rematch 2 (7 games),7.1,Seaking Lv50 (Swift Swim): Water Pulse/Flail/Aqua Ring/Fury Attack
997,socialite_reina_rematch_2,Socialite Reina Rematch 2,Socialite,408,970,0.296,1125,2248,1252.8,E+,Ace Trainer Joyce (Elo 1877.3),Youngster Joey (Elo 765.1),Psychic Daisy Postgame (7 games),4.84,Roselia Lv50 (Natural Cure): Toxic/Petal Dance/Aromatherapy/Synthesis
998,hgss_team_rocket_grunt_hideout_3_0219,Team Rocket Grunt Hideout 3,Trainerclass Team Rocket,406,972,0.295,1055,2190,1289.5,D-,Hiker Anthony Rematch 2 (Elo 1743.7),Swimmer Elaine (Elo 830.3),Pokefan Brandon (7 games),8.95,Rattata Lv50 (Guts): Focus Energy/Bite/Pursuit/Hyper Fang | Zubat Lv50 (Inner Focus): Supersonic/Astonish/Bite/Wing Attack | Rattata Lv50 (Guts): Focus Energy/Bite/Pursuit/Hyper Fang
999,hgss_team_rocket_grunt_hideout_4_0220,Team Rocket Grunt Hideout 4,Trainerclass Team Rocket,404,974,0.293,1112,2246,1257.9,E+,Beauty Julia (Elo 1741.7),Galactic Grunt Jubilife City 1 (Elo 881.7),School Kid Tiera (7 games),9.34,Venonat Lv50 (Compound Eyes): Supersonic/Confusion/Poison Powder/Leech Life | Venonat Lv50 (Tinted Lens): Supersonic/Confusion/Poison Powder/Leech Life
1000,hgss_twins_meg_peg_0426,Twins Meg & Peg Rematch,Trainerclass Twins,402,976,0.292,1098,2246,1235.5,E+,Jogger Craig Rematch 2 (Elo 1811.0),Dawn Jubilife City Turtwig (Elo 869.6),Lass Dana (7 games),5.88,Phanpy Lv50 (Pickup): Slam/Endure/Charm/Last Resort | Teddiursa Lv50 (Quick Feet): Faint Attack/Sweet Scent/Slash/Charm
1001,pi_kendrick,Pi Kendrick,Pi,401,977,0.291,1198,2349,1259.0,E+,Ace Trainer Dalton Rematch (Elo 2046.3),Fisherman Andrew (Elo 672.0),Burglar Orson (7 games),5.15,Rhyhorn Lv50 (Lightning Rod): Horn Drill/Reversal
1002,ninja_boy_davido,Ninja Boy Davido,Ninja Boy,401,977,0.291,1061,2216,1188.7,E,Ace Trainer Blake (Elo 1808.4),Picnicker Brooke (Elo 808.2),Picnicker Tanya (7 games),4.04,Mothim Lv50 (Swarm): Confusion/Gust/Poison Powder/Psybeam
1003,hgss_poke_maniac_andrew_0201,Poke Maniac Andrew,Trainerclass Poke Maniac,400,978,0.29,1060,2220,1242.0,E+,Ace Trainer Zachery (Elo 2003.3),Picnicker Selina (Elo 862.1),Team Rocket Grunt Slowpoke Well 1 (7 games),11.46,Marowak Lv50 (Rock Head): Leer/Focus Energy/Bonemerang/Rage | Marowak Lv50 (Rock Head): Leer/Focus Energy/Bonemerang/Rage
1004,black_belt_colby,Black Belt Colby,Black Belt,399,979,0.29,1044,2205,1248.4,E+,Ace Trainer Arabella (Elo 1800.4),Pokefan Trevor (Elo 917.1),Fisherman Andre (7 games),13.37,Machoke Lv50 (Guts): Karate Chop/Leer/Foresight | Machoke Lv50 (Guts): Low Kick/Foresight | Machoke Lv50 (Guts): Submission/Leer/Foresight
1005,hgss_bird_keeper_gs_gail_0553,Bird Keeper Gail,Trainerclass Bird Keeper Gs,398,980,0.289,1111,2264,1240.7,E+,Reporter Kinsey Rematch 2 (Elo 1773.9),Scientist Mitch (Elo 802.1),Scientist Ross (7 games),10.15,Fearow Lv50 (Keen Eye): Mirror Move/Agility/Assurance/Roost | Spearow Lv50 (Keen Eye): Agility/Assurance/Roost/Drill Peck
1006,fisherman_josh,Fisherman Josh,Fisherman,398,980,0.289,1070,2228,1222.6,E+,Biker Aiden Rematch 2 (Elo 1675.0),Picnicker Selina (Elo 862.1),Skier Madison Rematch 2 (7 games),8.72,Goldeen Lv50 (Swift Swim): Horn Attack/Water Pulse/Flail/Aqua Ring | Goldeen Lv50 (Swift Swim): Horn Attack/Water Pulse/Flail/Aqua Ring
1007,hgss_sage_chow_0043,Sage Chow,Trainerclass Sage,397,981,0.288,948,2123,1238.9,E+,Tuber Jared Rematch 2 (Elo 1786.4),Rival Route 201 Torterra (Elo 810.4),Parasol Lady Alexa (7 games),8.58,Bellsprout Lv50 (Chlorophyll): Vine Whip | Bellsprout Lv50 (Chlorophyll): Vine Whip | Bellsprout Lv50 (Chlorophyll): Vine Whip
1008,hgss_team_rocket_grunt_radio_tower_4_0188,Team Rocket Grunt Radio Tower 4,Trainerclass Team Rocket,396,982,0.287,1035,2210,1217.0,E+,Leader Gardenia (Elo 1805.2),Beauty Cyndy (Elo 812.3),Cyclist Nicole (7 games),7.13,Zubat Lv50 (Inner Focus): Bite/Wing Attack/Confuse Ray/Air Cutter | Zubat Lv50 (Inner Focus): Bite/Wing Attack/Confuse Ray/Air Cutter
1009,hgss_sage_edmond_0052,Sage Edmond,Trainerclass Sage,395,983,0.287,959,2136,1214.7,E+,Boarder Bryce (Elo 1793.1),Galactic Grunt Valley Windworks 2 (Elo 773.7),Black Belt Kenji Rematch 3 (7 games),8.82,Bellsprout Lv50 (Chlorophyll): Vine Whip | Bellsprout Lv50 (Chlorophyll): Vine Whip | Bellsprout Lv50 (Chlorophyll): Vine Whip
1010,hgss_sailor_roberto_0214,Sailor Roberto,Trainerclass Sailor,394,984,0.286,1016,2189,1265.1,E+,Hiker Kenny Rematch 1 (Elo 1759.8),Roughneck Kirby (Elo 818.3),Ninja Boy Fabian (7 games),11.78,Machop Lv50 (Guts): Leer/Focus Energy/Karate Chop/Foresight | Machop Lv50 (No Guard): Leer/Focus Energy/Karate Chop/Foresight | Poliwhirl Lv50 (Damp): Hypnosis/Water Gun/Double Slap/Rain Dance
1011,bug_catcher_brandon_rematch_1,Bug Catcher Brandon Rematch 1,Bug Catcher,394,984,0.286,1010,2189,1194.7,E,Leader Gardenia (Elo 1805.2),Cyclist Kayla (Elo 780.6),Twins Teri And Tia Rematch 1 (7 games),14.74,Dustox Lv50 (Shield Dust): Confusion/Gust/Protect/Moonlight | Kricketune Lv50 (Swarm): Fury Cutter/Leech Life/Sing/Focus Energy
1012,hgss_team_rocket_f_grunt_radio_tower_9_0198,Team Rocket Grunt Radio Tower 9,Trainerclass Team Rocket F,393,985,0.285,1118,2300,1195.4,E,Lass Laura (Elo 1721.7),Scientist Mitch (Elo 802.1),Super Nerd Pat (7 games),6.93,Arbok Lv50 (Intimidate): Glare/Screech/Acid/Crunch
1013,hgss_sage_nico_0051,Sage Nico,Trainerclass Sage,392,986,0.284,954,2143,1234.3,E+,Tuber Jared Rematch 2 (Elo 1786.4),Rival Route 201 Torterra (Elo 810.4),Swimmer Joanna Rematch Postgame (7 games),8.63,Bellsprout Lv50 (Chlorophyll): Vine Whip | Bellsprout Lv50 (Chlorophyll): Vine Whip | Bellsprout Lv50 (Chlorophyll): Vine Whip
1014,breeder_amber,Breeder Amber,Breeder Female,390,988,0.283,1101,2298,1198.2,E,Psychic Abigail Rematch 2 (Elo 1797.0),Hall Matron Argenta (Elo 879.1),Skier Andrea Rematch 2 (7 games),10.01,Magby Lv50 (Flame Body): Ember/Smoke Screen/Faint Attack/Fire Spin | Togepi Lv50 (Hustle): Metronome/Sweet Kiss/Yawn/Encore
1015,cyclist_nicole,Cyclist Nicole,Cyclist Female,389,989,0.282,1100,2291,1209.6,E+,Leader Morty (Elo 1949.7),Picnicker Diana (Elo 741.4),Team Rocket Grunt Radio Tower 4 (7 games),8.72,Starly Lv50 (Keen Eye): Quick Attack/Wing Attack/Double Team/Endeavor | Starly Lv50 (Keen Eye): Quick Attack/Wing Attack/Double Team/Endeavor | Starly Lv50 (Keen Eye): Quick Attack/Wing Attack/Double Team/Endeavor
1016,hgss_picnicker_hope_0152,Picnicker Hope,Trainerclass Picnicker,387,991,0.281,1144,2344,1233.6,E+,Psychic Herman (Elo 1862.7),Scientist Mitch (Elo 802.1),Guitarist Arturo Rematch 2 (7 games),5.7,Flaaffy Lv50 (Static): Charge/Discharge/Signal Beam/Light Screen
1017,cyclist_john,Cyclist John,Cyclist Male,386,992,0.28,1082,2292,1231.4,E+,Dragon Tamer Ondrej (Elo 1794.6),Cyclist Kayla (Elo 780.6),Bug Catcher Rob Rematch 3 (7 games),8.17,Starly Lv50 (Keen Eye): Quick Attack/Wing Attack/Double Team/Endeavor | Staravia Lv50 (Intimidate): Quick Attack/Wing Attack/Double Team/Endeavor
1018,ninja_boy_nick,Ninja Boy Nick,Ninja Boy,383,995,0.278,1083,2303,1216.7,E+,Breeder Albert Rematch 2 (Elo 1856.5),Lass Madeline (Elo 856.0),Aroma Lady Elizabeth Rematch 1 (7 games),10.52,Skorupi Lv50 (Battle Armor): Pin Missile/Acupressure/Scary Face/Toxic Spikes | Croagunk Lv50 (Anticipation): Faint Attack/Revenge/Swagger/Mud Bomb
1019,lass_molly,Lass Molly,Lass,381,997,0.276,1144,2383,1156.4,E,Ace Trainer Brenda (Elo 1932.8),Clown Lee (Elo 599.9),Bird Keeper Peter (7 games),8.2,Misdreavus Lv50 (Levitate): Pain Split/Psybeam/Confuse Ray
1020,aroma_lady_elizabeth_rematch_2,Aroma Lady Elizabeth Rematch 2,Aroma Lady,380,998,0.276,1024,2261,1217.0,E+,Ace Trainer Shannon (Elo 1943.8),Rich Boy Liam (Elo 660.5),Hiker Damon (7 games),7.33,Roselia Lv50 (Natural Cure): Giga Drain/Toxic Spikes/Sweet Scent/Ingrain
1021,galactic_grunt_veilstone_city_1,Galactic Grunt Veilstone City 1,Galactic Grunt Male,380,998,0.276,998,2231,1182.1,E,Clown Lee Rematch 3 (Elo 1720.6),Cyclist Axel (Elo 848.4),Rancher Marco (7 games),9.7,Zubat Lv50 (Inner Focus): Astonish/Bite/Wing Attack/Confuse Ray | Stunky Lv50 (Stench): Fury Swipes/Smoke Screen/Feint/Slash
1022,hgss_poke_maniac_ron_0132,Poke Maniac Ron,Trainerclass Poke Maniac,379,999,0.275,1017,2253,1224.4,E+,Ace Trainer Keenan Postgame (Elo 1873.9),Poke Kid Danielle (Elo 634.8),Sailor Marc (7 games),6.3,Nidoking Lv50 (Rivalry): Peck/Focus Energy/Double Kick/Poison Sting
1023,hgss_twins_meg_peg_0425,Twins Meg & Peg,Trainerclass Twins,378,1000,0.274,1069,2303,1234.9,E+,Collector Douglas (Elo 1729.4),Scientist Mitch (Elo 802.1),Aroma Lady Alison (7 games),5.36,Teddiursa Lv50 (Quick Feet): Faint Attack/Sweet Scent/Slash/Charm | Phanpy Lv50 (Pickup): Slam/Endure/Charm/Last Resort
1024,twins_liv_and_liz,Twins Liv And Liz,Twins,378,1000,0.274,998,2239,1183.4,E,Picnicker Karina Rematch 3 (Elo 1835.2),Worker Mason (Elo 860.9),Aroma Lady Elizabeth Rematch 3 (7 games),7.51,Pachirisu Lv50 (Run Away): Growl/Bide/Quick Attack/Charm | Pachirisu Lv50 (Run Away): Growl/Bide/Quick Attack/Charm
1025,socialite_reina_rematch_1,Socialite Reina Rematch 1,Socialite,377,1001,0.274,1098,2352,1228.8,E+,Parasol Lady Alexa Rematch 2 (Elo 1865.3),Cheryl Eterna Forest (Elo 676.3),Hiker Dwight (7 games),4.54,Roselia Lv50 (Natural Cure): Ingrain/Toxic/Petal Dance/Aromatherapy
1026,hgss_gentleman_alfred_0401,Gentleman Alfred,Trainerclass Gentleman,377,1001,0.274,1022,2270,1175.6,E,Team Rocket Grunt Radio Tower 10 (Elo 1657.1),Jogger Wyatt (Elo 834.4),Bug Catcher Ellis (7 games),6.45,Noctowl Lv50 (Insomnia): Peck/Uproar/Reflect/Confusion
1027,hgss_beauty_kassandra_0672,Beauty Kassandra,Trainerclass Beauty,376,1002,0.273,1073,2318,1213.4,E+,Camper Dean (Elo 1740.3),Swimmer Denise (Elo 888.0),Galactic Grunt Mt Coronet Tunnel Room 2 (7 games),17.59,Wigglytuff Lv50 (Cute Charm): Sing/Defense Curl/Pound/Disable | Clefable Lv50 (Cute Charm): Growl/Encore/Double Slap/Metronome
1028,hgss_super_nerd_eric_0233,Super Nerd Eric,Trainerclass Super Nerd,376,1002,0.273,999,2256,1213.0,E+,School Kid Chad Rematch 3 (Elo 1694.3),Psychic Kody (Elo 915.4),Bird Keeper Bryan (7 games),12.75,Grimer Lv50 (Stench): Poison Gas/Pound/Harden/Mud Slap | Grimer Lv50 (Stench): Poison Gas/Pound/Harden/Mud Slap
1029,galactic_grunt_veilstone_city_2,Galactic Grunt Veilstone City 2,Galactic Grunt Male,376,1002,0.273,1056,2296,1211.9,E+,Picnicker Gina Rematch 3 (Elo 1747.5),Galactic Grunt Floaroma Meadow 2 (Elo 875.2),Galactic Grunt Team Galactic Eterna Building 3f (7 games),7.48,Zubat Lv50 (Inner Focus): Astonish/Bite/Wing Attack/Confuse Ray | Croagunk Lv50 (Anticipation): Pursuit/Faint Attack/Revenge/Swagger
1030,young_couple_ty_and_sue,Young Couple Ty And Sue,Young Couple,375,1003,0.272,988,2238,1207.4,E+,Camper Zackary Rematch 3 (Elo 1822.0),Pokefan Derek (Elo 809.9),Hiker Edwin (7 games),4.16,Buneary Lv50 (Run Away): Foresight/Jump Kick/Quick Attack/Defense Curl | Buizel Lv50 (Swift Swim): Aqua Jet/Swift/Pursuit/Sonic Boom
1031,poke_kid_ariel_rematch_2_postgame,Poke Kid Ariel Rematch 2 Postgame,Poke Kid,375,1003,0.272,1087,2344,1166.9,E,Fisherman Miguel Rematch (Elo 1757.5),Rival Route 201 Torterra (Elo 810.4),Biker Theron (7 games),10.68,Pichu Lv50 (Static): Tail Whip/Thunder Wave/Sweet Kiss/Nasty Plot | Pikachu Lv50 (Static): Feint/Agility/Discharge/Light Screen | Pikachu Lv50 (Static): Feint/Agility/Discharge/Light Screen
1032,hgss_school_kid_m_jack_0178,School Kid Jack,Trainerclass School Kid M,375,1003,0.272,998,2260,1153.7,E,Lass Michelle (Elo 1731.2),Cyclist Axel (Elo 848.4),Sailor Garrett (7 games),8.62,Oddish Lv50 (Chlorophyll): Absorb/Sweet Scent/Acid | Voltorb Lv50 (Soundproof): Tackle/Sonic Boom/Spark/Rollout
1033,tuber_trenton,Tuber Trenton,Tuber Male,374,1004,0.271,1003,2266,1217.2,E+,Ace Trainer Saul Rematch Postgame (Elo 1746.8),Camper Zackary (Elo 872.3),Bird Keeper Vance (7 games),9.47,Shellos Lv50 (Sticky Hold): Mud Bomb/Hidden Power/Rain Dance/Body Slam | Shellos Lv50 (Sticky Hold): Mud Bomb/Hidden Power/Rain Dance/Body Slam
1034,black_belt_jeffery,Black Belt Jeffery,Black Belt,373,1005,0.271,1128,2399,1230.3,E+,Leader Chuck (Elo 1943.6),Poke Kid Danielle (Elo 634.8),Twins Meg & Peg (7 games),6.14,Heracross Lv50 (Swarm): Brick Break/Aerial Ace/Leer
1035,hgss_picnicker_tiffany_0467,Picnicker Tiffany Rematch 2,Trainerclass Picnicker,372,1006,0.27,1039,2295,1231.7,E+,Ace Trainer Brenna (Elo 1835.5),Fisherman Andrew (Elo 672.0),Swimmer Frankie (7 games),15.07,Clefable Lv50 (Cute Charm): Gravity/Sing/Wake Up Slap/Moonlight
1036,hgss_hiker_noland_0235,Hiker Noland,Trainerclass Hiker,370,1008,0.269,1279,2540,1284.2,D-,Ace Trainer Dalton Rematch (Elo 2046.3),Rich Boy Liam (Elo 660.5),Ruin Maniac Karl (7 games),19.4,Bronzor Lv50 (Levitate): Iron Defense/Safeguard/Gyro Ball/Future Sight | Golem Lv50 (Sturdy): Rollout/Rock Blast/Earthquake/Explosion
1037,hgss_super_nerd_waldo_0682,Super Nerd Waldo,Trainerclass Super Nerd,363,1015,0.263,1063,2372,1245.8,E+,Ace Trainer Destiny (Elo 1936.4),School Kid Chad (Elo 742.0),Black Belt Kendal (7 games),4.04,Numel Lv50 (Simple): Overheat/Amnesia/Earth Power/Magnitude
1038,hiker_justin,Hiker Justin,Hiker,363,1015,0.263,947,2246,1208.6,E+,Ace Trainer Ernest (Elo 2004.7),Bug Catcher Wade (Elo 790.6),Hiker Alexander (7 games),7.79,Geodude Lv50 (Rock Head): Rock Polish/Rock Throw/Magnitude/Selfdestruct | Nosepass Lv50 (Sturdy): Tackle/Harden/Rock Throw/Block
1039,hgss_hiker_timothy_0146,Hiker Timothy,Trainerclass Hiker,362,1016,0.263,1013,2327,1209.2,E+,Ace Trainer Sandra Postgame (Elo 1998.0),Idol Grace (Elo 811.3),Galactic Grunt Galactic Hq B2f 1 (7 games),9.63,Diglett Lv50 (Sand Veil): Earth Power/Dig/Sand Attack/Sucker Punch | Dugtrio Lv50 (Sand Veil): Earth Power/Dig/Sand Attack/Sucker Punch
1040,interviewers_roxy_and_oli,Interviewers Roxy And Oli,Interviewers,360,1018,0.261,971,2287,1217.1,E+,Psychic Daisy Postgame (Elo 1726.9),School Kid Chad (Elo 742.0),Mira Wayward Cave (7 games),5.37,Magnemite Lv50 (Magnet Pull): Supersonic/Sonic Boom/Thunder Wave/Spark | Ralts Lv50 (Synchronize): Teleport/Lucky Chant/Magical Leaf/Calm Mind
1041,galactic_grunt_mt_coronet_3f_2,Galactic Grunt Mt Coronet 3f 2,Galactic Grunt Female,360,1018,0.261,971,2286,1188.6,E,Psychic Kendra (Elo 1919.4),Picnicker Karina (Elo 888.2),Galactic Grunt Galactic Hq 3f 3 (7 games),4.84,Stunky Lv50 (Stench): Slash/Toxic/Night Slash/Memento
1042,hgss_team_rocket_grunt_hideout_6_0223,Team Rocket Grunt Hideout 6,Trainerclass Team Rocket,360,1018,0.261,981,2292,1181.7,E,Black Belt Griffin Postgame (Elo 1779.2),Cyclist Kayla (Elo 780.6),Hiker Jonathan (7 games),9.54,Drowzee Lv50 (Insomnia): Hypnosis/Disable/Confusion/Headbutt | Zubat Lv50 (Inner Focus): Supersonic/Astonish/Bite/Wing Attack
1043,hgss_bug_catcher_ellis_0690,Bug Catcher Ellis,Trainerclass Bug Catcher,359,1019,0.261,1071,2388,1205.9,E,Leader Gardenia (Elo 1805.2),Picnicker Liz (Elo 712.9),Gentleman Alfred (7 games),11.12,Weedle Lv50 (Shield Dust): Poison Sting/String Shot/Bug Bite | Kakuna Lv50 (Shed Skin): Harden | Beedrill Lv50 (Swarm): Agility/Assurance/Poison Jab/Endeavor
1044,guitarist_arturo_rematch_1,Guitarist Arturo Rematch 1,Guitarist,359,1019,0.261,1018,2338,1194.9,E,Ace Trainer Brenna (Elo 1835.5),Scientist Mitch (Elo 802.1),Ace Trainer Cybil (7 games),4.54,Kricketune Lv50 (Swarm): Focus Energy/Slash/X Scissor/Screech
1045,hgss_bird_keeper_gs_bryan_0072,Bird Keeper Bryan,Trainerclass Bird Keeper Gs,358,1020,0.26,937,2269,1197.3,E,Reporter Kinsey Rematch 2 (Elo 1773.9),Poke Kid Danielle Rematch 2 (Elo 894.9),Bug Catcher Doug Rematch 2 (7 games),10.18,Pidgey Lv50 (Keen Eye): Tackle/Sand Attack/Gust | Pidgeotto Lv50 (Keen Eye): Tackle/Sand Attack/Gust/Quick Attack
1046,hgss_biker_theron_0573,Biker Theron,Trainerclass Biker,357,1021,0.259,1044,2374,1200.5,E,Fisherman Tully Rematch 3 (Elo 1922.5),School Kid Chad (Elo 742.0),Poke Kid Ariel Rematch 2 Postgame (7 games),4.37,Croagunk Lv50 (Dry Skin): Nasty Plot/Poison Jab/Sludge Bomb/Flatter
1047,hgss_school_kid_m_ricky_0429,School Kid Ricky,Trainerclass School Kid M,356,1022,0.258,1016,2344,1210.7,E+,Ace Trainer Lois (Elo 1807.7),Fisherman Raymond (Elo 658.8),Rich Boy Trey (7 games),10.42,Aipom @ Hard Stone Lv50 (Run Away): Agility/Double Hit/Fling/Nasty Plot | Ditto Lv50 (Limber): Transform
1048,hgss_bird_keeper_gs_josh_0562,Bird Keeper Josh,Trainerclass Bird Keeper Gs,356,1022,0.258,1013,2351,1193.9,E,Leader Gardenia (Elo 1805.2),Picnicker Diana (Elo 741.4),Ace Trainer Maya (7 games),5.52,Fearow Lv50 (Keen Eye): Aerial Ace/Mirror Move/Agility/Assurance
1049,cowgirl_shelley,Cowgirl Shelley,Cowgirl,355,1023,0.258,954,2295,1192.9,E,Bug Catcher Brandon Rematch 3 (Elo 1859.8),Fisherman Ralph (Elo 815.3),Team Rocket Grunt Slowpoke Well 2 (7 games),4.61,Ponyta Lv50 (Run Away): Tail Whip/Ember/Flame Wheel/Stomp
1050,hgss_swimmer_f_susie_0091,Swimmer Susie,Trainerclass Swimmer F,354,1024,0.257,937,2274,1177.3,E,Ace Trainer Isaiah (Elo 1678.9),Fisherman Ralph (Elo 815.3),Policeman Caleb (7 games),7.98,Psyduck Lv50 (Damp): Scratch/Water Gun/Disable/Confusion | Goldeen Lv50 (Swift Swim): Flail/Water Pulse/Supersonic/Horn Attack
1051,hgss_gentleman_edward_0231,Gentleman Edward,Trainerclass Gentleman,354,1024,0.257,978,2315,1158.4,E,Ninja Boy Zach Rematch 1 (Elo 1685.3),Scientist Mitch (Elo 802.1),Swimmer Berke (7 games),4.91,Persian Lv50 (Limber): Faint Attack/Taunt/Power Gem/Slash
1052,hgss_bird_keeper_gs_jose_0303,Bird Keeper Jose Rematch 1,Trainerclass Bird Keeper Gs,353,1025,0.256,977,2309,1196.0,E,Beauty Julia (Elo 1741.7),Fisherman Ralph (Elo 815.3),Lass Blythe (7 games),5.01,Farfetchd Lv50 (Keen Eye): Agility/Night Slash/Air Slash/Feint
1053,hgss_pokefan_m_derek_0438,Pokefan Derek Rematch 1,Trainerclass Pokefan M,352,1026,0.255,1016,2359,1182.3,E,Picnicker Karina Rematch 3 (Elo 1835.2),Picnicker Diana (Elo 741.4),Policeman Dylan (7 games),7.37,Teddiursa Lv50 (Pickup): Fake Tears/Fury Swipes/Faint Attack/Sweet Scent | Pikachu Lv50 (Static): Double Team/Slam/Thunderbolt/Feint
1054,hgss_fisherman_edgar_0125,Fisherman Edgar,Trainerclass Fisherman,351,1027,0.255,937,2286,1166.5,E,Hiker Michael (Elo 1676.1),Roughneck Kirby (Elo 818.3),Team Rocket Grunt Radio Tower 4 (7 games),5.92,Remoraid Lv50 (Hustle): Lock On/Psybeam/Aurora Beam/Bubble Beam | Remoraid Lv50 (Sniper): Lock On/Psybeam/Aurora Beam/Bubble Beam
1055,black_belt_kendal,Black Belt Kendal,Black Belt,351,1027,0.255,1139,2491,1157.8,E,Swimmer Lori (Elo 2062.2),Poke Kid Danielle (Elo 634.8),Ruin Maniac Harry Rematch 1 (7 games),6.43,Toxicroak Lv50 (Anticipation): Swagger/Mud Bomb/Sucker Punch/Nasty Plot
1056,hgss_bird_keeper_gs_bert_0580,Bird Keeper Bert,Trainerclass Bird Keeper Gs,350,1028,0.254,993,2351,1213.6,E+,Leader Morty (Elo 1949.7),Rival Route 201 Torterra (Elo 810.4),Picnicker Karina Rematch 1 (7 games),11.47,Wingull Lv50 (Keen Eye): Roost/Pursuit/Agility/Aerial Ace | Fearow Lv50 (Keen Eye): Mirror Move/Agility/Assurance/Roost
1057,hgss_biker_dale_0569,Biker Dale,Trainerclass Biker,349,1029,0.253,909,2276,1181.6,E,Picnicker Gina Rematch 3 (Elo 1747.5),Maid Emily (Elo 871.0),Ace Trainer Emma (7 games),5.63,Gulpin @ Black Sludge Lv50 (Sticky Hold): Spit Up/Swallow/Sludge Bomb/Gastro Acid
1058,hgss_bird_keeper_gs_vance_0137,Bird Keeper Vance,Trainerclass Bird Keeper Gs,349,1029,0.253,909,2264,1168.9,E,Reporter Kinsey Rematch 2 (Elo 1773.9),Picnicker Piper (Elo 902.4),Fisherman Tully Rematch 1 (7 games),9.0,Hoothoot Lv50 (Insomnia): Uproar/Reflect/Confusion/Take Down | Pidgeotto Lv50 (Keen Eye): Quick Attack/Whirlwind/Twister/Feather Dance
1059,galactic_grunt_galactic_hq_3f_1,Galactic Grunt Galactic Hq 3f 1,Galactic Grunt Male,348,1030,0.253,941,2302,1208.1,E+,Psychic Mitchell Rematch 2 (Elo 1922.1),Youngster Ian (Elo 809.5),Gentleman Leonardo (7 games),4.91,Stunky Lv50 (Stench): Slash/Toxic/Night Slash/Memento
1060,cyclist_james,Cyclist James,Cyclist Male,348,1030,0.253,940,2304,1188.7,E,Bug Catcher Brandon Rematch 3 (Elo 1859.8),Lass Cassidy (Elo 697.0),Gentleman Alfred (7 games),4.46,Ponyta Lv50 (Run Away): Tail Whip/Ember/Flame Wheel/Stomp
1061,hgss_team_rocket_grunt_hideout_7_0224,Team Rocket Grunt Hideout 7,Trainerclass Team Rocket,346,1032,0.251,933,2310,1163.2,E,Reporter Kinsey Rematch 2 (Elo 1773.9),Cyclist Kayla (Elo 780.6),Bird Keeper Vance (7 games),17.14,Zubat Lv50 (Inner Focus): Leech Life/Supersonic/Astonish/Bite | Grimer Lv50 (Stench): Harden/Mud Slap/Disable/Minimize | Rattata Lv50 (Guts): Focus Energy/Bite/Pursuit/Hyper Fang
1062,pi_carlos,Pi Carlos,Pi,345,1033,0.25,1208,2589,1219.8,E+,Ace Trainer Clarice (Elo 2136.7),Fisherman Kyler Rematch 1 (Elo 656.7),Policeman Keith (7 games),4.6,Goldeen Lv50 (Swift Swim): Horn Drill/Flail
1063,hgss_psychic_m_greg_0386,Psychic Greg,Trainerclass Psychic M,345,1033,0.25,1026,2400,1206.4,E,Double Team Al And Kay (Elo 1905.5),Skier Cady (Elo 561.6),Twins Amy & Mimi (7 games),7.53,Drowzee Lv50 (Insomnia): Hypnosis/Disable/Dream Eater
1064,collector_jamal,Collector Jamal,Collector,345,1033,0.25,963,2342,1166.2,E,Fisherman Stephen (Elo 1795.8),Rich Boy Liam (Elo 660.5),Firebreather Richard (7 games),9.72,Porygon Lv50 (Trace): Psybeam/Agility/Recover/Magnet Rise
1065,hgss_hiker_parry_0451,Hiker Parry Rematch 1,Trainerclass Hiker,344,1034,0.25,1049,2425,1144.4,E,Double Team Thom & Kae (Elo 1981.2),Poke Kid Danielle (Elo 634.8),Psychic Phil (7 games),11.06,Onix Lv50 (Rock Head): Slam/Rock Polish/Dragon Breath/Curse | Graveler Lv50 (Rock Head): Selfdestruct/Rollout/Rock Blast/Earthquake
1066,hgss_team_rocket_f_grunt_hideout_9_0404,Team Rocket Grunt Hideout 9,Trainerclass Team Rocket F,343,1035,0.249,909,2289,1206.4,E,Tuber Jared Rematch 2 (Elo 1786.4),Galactic Grunt Jubilife City 1 (Elo 881.7),Swimmer Vanessa (7 games),12.9,Ekans Lv50 (Intimidate): Wrap/Leer/Poison Sting/Bite | Gloom Lv50 (Chlorophyll): Absorb/Sweet Scent/Stun Spore/Sleep Powder
1067,bug_catcher_phillip,Bug Catcher Phillip,Bug Catcher,340,1038,0.247,888,2282,1151.5,E,Black Belt Ray Postgame (Elo 1791.0),Rival Silver Totodile (Elo 826.9),Reporter Kinsey Rematch 1 (7 games),13.02,Wurmple Lv50 (Shield Dust): Tackle/String Shot/Poison Sting | Cascoon Lv50 (Shed Skin): Tackle/String Shot/Poison Sting/Harden | Dustox Lv50 (Shield Dust): Tackle/Poison Sting/Confusion/Gust
1068,hgss_youngster_joey_0507,Youngster Joey Rematch 3,Trainerclass Youngster,339,1039,0.246,1032,2435,1221.1,E+,Breeder Jennifer Rematch 2 (Elo 1944.1),Poke Kid Danielle (Elo 634.8),Black Belt Carl (7 games),5.98,Raticate Lv50 (Run Away): Hyper Fang/Quick Attack/Substitute/Endeavor
1069,galactic_grunt_mt_coronet_5f_2,Galactic Grunt Mt Coronet 5f 2,Galactic Grunt Female,339,1039,0.246,903,2303,1147.0,E,Young Couple Tim & Sue Rematch 3 (Elo 1781.4),Galactic Grunt Jubilife City 2 (Elo 791.4),Bug Catcher Doug Rematch 1 (7 games),7.46,Houndour Lv50 (Early Bird): Beat Up/Fire Fang/Faint Attack/Embargo | Glameow Lv50 (Limber): Assist/Captivate/Slash/Sucker Punch
1070,black_belt_carl,Black Belt Carl,Black Belt,338,1040,0.245,1050,2444,1215.9,E+,Kimono Girl Zuki (Elo 1799.1),Galactic Grunt Valley Windworks 2 (Elo 773.7),Black Belt Nathaniel (7 games),9.0,Tyrogue Lv50 (Guts): Tackle/Helping Hand/Fake Out/Foresight | Hitmonlee Lv50 (Limber): Endure/Mega Kick/Close Combat/Reversal
1071,hgss_picnicker_adrian_0578,Picnicker Adrian,Trainerclass Picnicker,338,1040,0.245,986,2391,1194.6,E,Ace Trainer Rodolfo Postgame (Elo 1986.1),Bug Catcher Al (Elo 686.9),Tuber Jared Rematch 1 (7 games),7.03,Shroomish Lv50 (Effect Spore): Growth/Giga Drain/Seed Bomb/Spore
1072,skier_edward_rematch_2,Skier Edward Rematch 2,Skier Male,337,1041,0.245,921,2336,1177.0,E,Psychic Abigail Rematch 2 (Elo 1797.0),Swimmer Leona (Elo 717.2),Youngster Tristan Rematch 1 (7 games),4.93,Sneasel Lv50 (Inner Focus): Slash/Beat Up/Metal Claw/Ice Shard
1073,hgss_scientist_gs_trenton_0472,Scientist Trenton,Trainerclass Scientist Gs,335,1043,0.243,972,2383,1197.9,E,Bird Keeper Vance Rematch 3 (Elo 1768.4),Poke Kid Danielle (Elo 634.8),Black Belt Kyle (7 games),9.55,Porygon Lv50 (Download): Conversion/Conversion 2/Recover/Charge Beam
1074,black_belt_nathaniel,Black Belt Nathaniel,Black Belt,334,1044,0.242,926,2338,1194.7,E,Reporter Kinsey Rematch 3 (Elo 1704.4),Poke Kid Danielle Rematch 2 (Elo 894.9),Black Belt Davon Postgame (7 games),11.42,Croagunk Lv50 (Anticipation): Poison Sting/Taunt/Pursuit/Faint Attack | Meditite Lv50 (Pure Power): Detect/Hidden Power/Mind Reader/Feint | Machop Lv50 (Guts): Karate Chop/Foresight/Seismic Toss/Revenge
1075,hgss_bug_catcher_arnie_0360,Bug Catcher Arnie Rematch 1,Trainerclass Bug Catcher,334,1044,0.242,967,2386,1187.9,E,Black Belt Ray Postgame (Elo 1791.0),Clown Lee (Elo 599.9),Biker Ernest (7 games),6.65,Venonat Lv50 (Compound Eyes): Stun Spore/Psybeam/Sleep Powder/Signal Beam
1076,hgss_black_belt_yoshi_0156,Black Belt Yoshi,Trainerclass Black Belt,334,1044,0.242,1049,2458,1176.4,E,Hiker Kenny Rematch 3 (Elo 1865.4),Poke Kid Danielle (Elo 634.8),Galactic Grunt Mt Coronet 3f 2 (7 games),5.38,Hitmonlee Lv50 (Reckless): Double Kick/Meditate/Jump Kick/Focus Energy
1077,socialite_rebecca,Socialite Rebecca,Socialite,333,1045,0.242,1001,2420,1163.8,E,Leader Fantina (Elo 1998.1),Galactic Grunt Floaroma Meadow 1 (Elo 901.6),Gentleman Jeremy Rematch 1 (7 games),8.49,Purugly Lv50 (Thick Fat): Hypnosis/Faint Attack/Fury Swipes/Charm
1078,hgss_camper_ivan_0074,Camper Ivan,Trainerclass Camper,331,1047,0.24,915,2347,1155.7,E,Kimono Girl Sayo (Elo 1724.7),Youngster Tristan (Elo 746.4),Jogger Richard (7 games),12.32,Diglett Lv50 (Sand Veil): Scratch/Sand Attack/Growl/Astonish | Zubat Lv50 (Inner Focus): Leech Life/Supersonic/Astonish | Diglett Lv50 (Sand Veil): Sand Attack/Growl/Astonish/Magnitude
1079,galactic_grunt_lake_verity_4,Galactic Grunt Lake Verity 4,Galactic Grunt Female,329,1049,0.239,927,2365,1175.9,E,Psychic Jared (Elo 1845.1),Rival Route 201 Torterra (Elo 810.4),Beauty Harley (7 games),7.7,Houndour Lv50 (Early Bird): Bite/Odor Sleuth/Beat Up/Fire Fang | Glameow Lv50 (Limber): Fury Swipes/Charm/Assist/Captivate
1080,aroma_lady_jenna,Aroma Lady Jenna,Aroma Lady,329,1049,0.239,791,2232,1105.1,E-,Tuber Jared Rematch 2 (Elo 1786.4),Bug Catcher Donald (Elo 706.9),Youngster Joey Rematch 3 (7 games),16.83,Budew Lv50 (Natural Cure): Absorb/Stun Spore/Water Sport | Budew Lv50 (Natural Cure): Absorb/Stun Spore/Water Sport | Budew Lv50 (Natural Cure): Absorb/Stun Spore/Water Sport
1081,camper_jacob,Camper Jacob,Camper,327,1051,0.237,897,2341,1156.8,E,Ace Trainer Cesar (Elo 1751.7),Galactic Grunt Valley Windworks 2 (Elo 773.7),Lass Samantha Rematch 3 (7 games),4.78,Ponyta Lv50 (Run Away): Ember/Tackle
1082,hgss_youngster_owen_0380,Youngster Owen,Trainerclass Youngster,327,1051,0.237,980,2426,1154.3,E,Psychic Desiree (Elo 1739.1),Picnicker Tiffany (Elo 672.6),Twins Meg & Peg (7 games),4.25,Growlithe Lv50 (Intimidate): Take Down/Flamethrower/Agility/Crunch
1083,galactic_grunt_spear_pillar_2,Galactic Grunt Spear Pillar 2,Galactic Grunt Female,327,1051,0.237,1003,2458,1128.2,E-,Psychic Daisy Rematch Postgame (Elo 1765.5),Skier Cady (Elo 561.6),Battle Girl Tyler (7 games),5.8,Stunky Lv50 (Stench): Slash/Toxic/Night Slash/Memento | Glameow Lv50 (Limber): Assist/Captivate/Slash/Sucker Punch
1084,hgss_beauty_samantha_0070,Beauty Samantha,Trainerclass Beauty,326,1052,0.237,862,2307,1144.4,E,Reporter Kinsey Rematch 2 (Elo 1773.9),Battle Girl Kelsey (Elo 861.1),Camper Curtis (7 games),7.34,Meowth Lv50 (Technician): Scratch/Growl/Bite/Pay Day | Meowth Lv50 (Technician): Scratch/Growl/Bite/Slash
1085,hgss_camper_ted_0147,Camper Ted,Trainerclass Camper,325,1053,0.236,915,2373,1183.0,E,Ace Trainer Sergio (Elo 1759.6),Youngster Ian (Elo 809.5),Swimmer Erik (7 games),3.41,Mankey Lv50 (Anger Point): Focus Energy/Fury Swipes/Karate Chop/Seismic Toss
1086,skier_andrea,Skier Andrea,Skier Female,324,1054,0.235,911,2366,1169.9,E,Ace Trainer Destiny (Elo 1936.4),Poke Kid Danielle (Elo 634.8),Sailor Parker (7 games),4.21,Snover Lv50 (Snow Warning): Mist/Ice Shard/Ingrain/Wood Hammer
1087,hgss_teacher_hillary_0382,Teacher Hillary,Trainerclass Teacher,324,1054,0.235,826,2289,1159.2,E,Clown Lee Rematch 2 (Elo 1645.5),Twins Amy & Mimi Rematch (Elo 817.9),Beauty Valerie (7 games),7.38,Sunkern Lv50 (Solar Power): Razor Leaf/Synthesis/Sunny Day/Giga Drain | Aipom Lv50 (Pickup): Fury Swipes/Swift/Screech/Agility
1088,lass_madeline_rematch_1,Lass Madeline Rematch 1,Lass,323,1055,0.234,906,2370,1172.8,E,Ace Trainer Jamie (Elo 1887.2),Jogger Wyatt (Elo 834.4),Guitarist Arturo (7 games),7.35,Psyduck Lv50 (Damp): Water Gun/Disable/Confusion/Water Pulse | Buneary Lv50 (Run Away): Foresight/Endure/Frustration/Quick Attack
1089,hgss_beauty_charlotte_0720,Beauty Charlotte,Trainerclass Beauty,322,1056,0.234,844,2305,1136.9,E-,Ace Trainer Joyce (Elo 1877.3),Rich Boy Liam (Elo 660.5),Young Couple Tim & Sue (7 games),10.46,Bellossom Lv50 (Chlorophyll): Mega Drain/Sweet Scent/Stun Spore/Sunny Day
1090,hgss_twins_dara_dia_0385,Twins Dara & Dia,Trainerclass Twins,322,1056,0.234,868,2339,1121.1,E-,Collector Douglas (Elo 1729.4),Pokefan Ruth (Elo 787.4),Ninja Boy Matthew (7 games),6.28,Mareep Lv50 (Static): Tackle/Growl/Thunder Shock/Thunder Wave | Marill Lv50 (Thick Fat): Defense Curl/Tail Whip/Water Gun/Rollout
1091,lass_blythe,Lass Blythe,Lass,320,1058,0.232,896,2363,1146.2,E,Ace Trainer Saul Rematch Postgame (Elo 1746.8),Galactic Grunt Team Galactic Eterna Building 2f 1 (Elo 792.5),Young Couple Duff & Eda (7 games),7.79,Chingling Lv50 (Levitate): Astonish/Confusion/Uproar/Last Resort | Buneary Lv50 (Run Away): Endure/Frustration/Quick Attack/Jump Kick
1092,rancher_marco,Rancher Marco,Rancher,320,1058,0.232,882,2361,1144.8,E,Scientist Shaun Rematch 3 (Elo 1773.6),Rival Route 201 Infernape (Elo 758.5),Ninja Boy Nick (7 games),4.67,Ponyta Lv50 (Run Away): Ember/Flame Wheel/Stomp/Fire Spin
1093,beauty_lindsay,Beauty Lindsay,Beauty,320,1058,0.232,890,2365,1132.1,E-,Ace Trainer Joyce (Elo 1877.3),Galactic Grunt Valley Windworks 2 (Elo 773.7),Pi Carlos (7 games),6.4,Roselia Lv50 (Natural Cure): Mega Drain/Poison Sting/Stun Spore
1094,picnicker_karina_rematch_1,Picnicker Karina Rematch 1,Picnicker,319,1059,0.231,838,2318,1154.8,E,Hiker Michael (Elo 1676.1),Fisherman Ralph (Elo 815.3),Bird Keeper Bert (7 games),4.82,Piplup Lv50 (Torrent): Bubble Beam/Peck/Pound/Growl
1095,hgss_firebreather_bill_0319,Firebreather Bill,Trainerclass Firebreather,317,1061,0.23,830,2315,1116.3,E-,Ranger Felicia Postgame (Elo 1597.3),Dawn Jubilife City Turtwig (Elo 869.6),Cowgirl Shelley (7 games),9.36,Koffing Lv50 (Levitate): Poison Gas/Tackle/Smog | Koffing Lv50 (Levitate): Poison Gas/Tackle/Smog
1096,galactic_grunt_team_galactic_eterna_building_1f_1,Galactic Grunt Team Galactic Eterna Building 1f 1,Galactic Grunt Male,316,1062,0.229,874,2361,1161.2,E,Scientist Shaun Rematch 3 (Elo 1773.6),Galactic Grunt Valley Windworks 2 (Elo 773.7),Team Rocket Grunt Hideout 5 (7 games),9.61,Zubat Lv50 (Inner Focus): Supersonic/Astonish/Bite/Wing Attack | Stunky Lv50 (Stench): Poison Gas/Screech/Fury Swipes/Smoke Screen
1097,hgss_picnicker_gina_0065,Picnicker Gina,Trainerclass Picnicker,316,1062,0.229,955,2453,1137.7,E-,Ace Trainer Keenan Postgame (Elo 1873.9),Youngster Joey (Elo 765.1),Rich Boy Jason (7 games),18.8,Hoppip Lv50 (Chlorophyll): Splash/Synthesis/Tail Whip | Hoppip Lv50 (Chlorophyll): Splash/Synthesis/Tail Whip | Bulbasaur Lv50 (Overgrow): Tackle/Growl/Leech Seed/Vine Whip
1098,swimmer_mallory_postgame,Swimmer Mallory Postgame,Swimmer Female,315,1063,0.229,914,2417,1137.5,E-,Hiker Kenny Rematch 1 (Elo 1759.8),Swimmer Leona (Elo 717.2),Poke Maniac Issac (7 games),8.07,Surskit Lv50 (Swift Swim): Agility/Mist/Haze/Baton Pass | Lombre Lv50 (Swift Swim): Bubble Beam/Zen Headbutt/Uproar/Hydro Pump
1099,aroma_lady_angela,Aroma Lady Angela,Aroma Lady,312,1066,0.226,845,2350,1126.7,E-,Ace Trainer Joyce (Elo 1877.3),Picnicker Liz (Elo 712.9),Swimmer Esteban (7 games),6.23,Roselia Lv50 (Natural Cure): Mega Drain/Poison Sting/Stun Spore
1100,hiker_louis,Hiker Louis,Hiker,312,1066,0.226,814,2315,1125.1,E-,Ranger Deshawn Postgame (Elo 1863.5),Youngster Gordon (Elo 807.9),Team Rocket Grunt Radio Tower 7 (7 games),12.29,Geodude Lv50 (Rock Head): Defense Curl/Mud Sport/Rock Polish/Rock Throw | Onix Lv50 (Rock Head): Screech/Rock Throw/Rage/Rock Tomb
1101,jogger_richard,Jogger Richard,Jogger,311,1067,0.226,922,2432,1152.8,E,Scientist Shaun Rematch 3 (Elo 1773.6),School Kid Christine (Elo 722.7),Camper Ivan (7 games),4.76,Luxio Lv50 (Rivalry): Charge/Spark/Bite/Roar
1102,hgss_hiker_bailey_0154,Hiker Bailey,Trainerclass Hiker,311,1067,0.226,772,2285,1145.5,E,Ace Trainer Destiny (Elo 1936.4),Youngster Gordon (Elo 807.9),Leader Whitney (7 games),23.66,Geodude Lv50 (Sturdy): Defense Curl/Mud Sport/Rock Polish/Rock Throw | Geodude Lv50 (Sturdy): Defense Curl/Mud Sport/Rock Polish/Rock Throw | Geodude Lv50 (Sturdy): Defense Curl/Mud Sport/Rock Polish/Rock Throw | Geodude Lv50 (Sturdy): Defense Curl/Mud Sport/Rock Polish/Rock Throw | Geodude Lv50 (Sturdy): Defense Curl/Mud Sport/Rock Polish/Rock Throw
1103,hgss_poke_maniac_donald_0392,Poke Maniac Donald,Trainerclass Poke Maniac,311,1067,0.226,825,2336,1144.1,E,Dragon Tamer Darien (Elo 1849.5),Pokefan Ruth (Elo 787.4),Scientist Lowell (7 games),21.51,Slowpoke Lv50 (Own Tempo): Yawn/Tackle/Growl/Water Gun | Slowpoke Lv50 (Own Tempo): Yawn/Tackle/Growl/Water Gun
1104,poke_kid_janet,Poke Kid Janet,Poke Kid,308,1070,0.224,887,2411,1165.5,E,Bird Keeper Josh Rematch 2 (Elo 1745.5),Twins Amy & Mimi Rematch (Elo 817.9),Galactic Grunt Veilstone City 2 (7 games),7.44,Pikachu Lv50 (Static): Feint/Agility/Discharge/Light Screen | Pikachu Lv50 (Static): Feint/Agility/Discharge/Light Screen
1105,hgss_sailor_kent_0213,Sailor Kent,Trainerclass Sailor,308,1070,0.224,819,2341,1133.1,E-,Interviewers Roxy And Oli Rematch 2 (Elo 1689.9),Picnicker Brooke (Elo 808.2),Bird Keeper Jose (7 games),8.51,Krabby Lv50 (Hyper Cutter): Bubble Beam/Leer/Vice Grip/Harden | Krabby Lv50 (Shell Armor): Bubble Beam/Mud Shot/Vice Grip/Harden
1106,cameraman_tevin,Cameraman Tevin,Cameraman,307,1071,0.223,860,2387,1117.2,E-,Ace Trainer Bonita (Elo 1749.0),Poke Kid Danielle (Elo 634.8),Scientist Daniel (7 games),9.59,Mime Jr Lv50 (Soundproof): Meditate/Encore/Double Slap/Mimic | Machop Lv50 (Guts): Karate Chop/Foresight/Seismic Toss/Revenge
1107,hgss_pokefan_m_brandon_0409,Pokefan Brandon,Trainerclass Pokefan M,306,1072,0.222,825,2356,1134.0,E-,Leader Morty (Elo 1949.7),Youngster Ian (Elo 809.5),Team Rocket Grunt Hideout 3 (7 games),10.08,Snubbull Lv50 (Intimidate): Tail Whip/Charm/Bite/Lick | Mareep Lv50 (Static): Tackle/Growl/Thunder Shock
1108,hgss_medium_bethany_0175,Medium Bethany,Trainerclass Medium,305,1073,0.221,854,2389,1150.8,E,Cameraman Tevin Rematch 3 (Elo 2007.4),Rich Boy Liam (Elo 660.5),Psychic Kody (7 games),7.81,Haunter Lv50 (Levitate): Night Shade/Confuse Ray/Sucker Punch/Shadow Punch
1109,hgss_bird_keeper_gs_peter_0383,Bird Keeper Peter,Trainerclass Bird Keeper Gs,305,1073,0.221,807,2337,1113.4,E-,Ace Trainer Allen (Elo 1680.9),Pokefan Derek (Elo 809.9),Lass Molly (7 games),14.48,Pidgey Lv50 (Keen Eye): Tackle/Sand Attack | Pidgey Lv50 (Tangled Feet): Tackle/Sand Attack | Spearow Lv50 (Keen Eye): Peck/Growl/Leer
1110,hgss_picnicker_heidi_0332,Picnicker Heidi,Trainerclass Picnicker,304,1074,0.221,753,2298,1128.2,E-,Psychic Chelsey Postgame (Elo 1695.7),Galactic Grunt Valley Windworks 2 (Elo 773.7),Aroma Lady Elizabeth (7 games),10.06,Skiploom Lv50 (Leaf Guard): Mega Drain/Cotton Spore/U Turn/Worry Seed | Skiploom Lv50 (Leaf Guard): Mega Drain/Cotton Spore/U Turn/Worry Seed
1111,hgss_super_nerd_markus_0536,Super Nerd Markus,Trainerclass Super Nerd,304,1074,0.221,869,2411,1116.9,E-,Idol Grace Rematch 4 (Elo 1753.4),Pokefan Ruth (Elo 787.4),Fisherman Arnold (7 games),7.42,Slowpoke Lv50 (Own Tempo): Curse/Water Gun/Growl/Strength
1112,hgss_swimmer_f_wendy_0094,Swimmer Wendy,Trainerclass Swimmer F,301,1077,0.218,859,2414,1120.5,E-,Ace Trainer Dana Postgame (Elo 1727.9),Pokefan Ruth (Elo 787.4),Bird Keeper Bert (7 games),8.5,Horsea Lv50 (Swift Swim): Bubble/Smoke Screen/Leer/Bubble Beam | Horsea Lv50 (Sniper): Focus Energy/Smoke Screen/Leer/Bubble Beam
1113,hgss_psychic_m_fidel_0317,Psychic Fidel,Trainerclass Psychic M,300,1078,0.218,901,2457,1153.9,E,Dragon Tamer Clinton (Elo 1814.4),Rich Boy Liam (Elo 660.5),Twins Dara & Dia (7 games),6.73,Xatu Lv50 (Early Bird): Future Sight/Psycho Shift/Confuse Ray/Me First
1114,worker_gary,Worker Gary,Worker,299,1079,0.217,771,2326,1177.1,E,Ninja Boy Zach Rematch 2 (Elo 1758.4),School Kid Chad (Elo 742.0),Pokefan Derek Rematch 1 (7 games),6.19,Magnemite Lv50 (Magnet Pull): Spark/Magnet Bomb
1115,ninja_boy_bruce,Ninja Boy Bruce,Ninja Boy,299,1079,0.217,828,2389,1129.8,E-,Psychic Kendra (Elo 1919.4),Idol Grace (Elo 811.3),Maid Belinda (7 games),4.9,Stunky Lv50 (Stench): Feint/Slash/Toxic/Night Slash
1116,hgss_swimmer_m_simon_0016,Swimmer Simon,Trainerclass Swimmer M,297,1081,0.216,821,2382,1153.8,E,Hiker Michael (Elo 1676.1),Youngster Tristan (Elo 746.4),Pi Carlos (7 games),7.81,Tentacool Lv50 (Clear Body): Constrict/Acid/Toxic Spikes/Bubble Beam | Tentacool Lv50 (Liquid Ooze): Constrict/Acid/Toxic Spikes/Bubble Beam
1117,hiker_jonathan,Hiker Jonathan,Hiker,297,1081,0.216,777,2352,1133.1,E-,Kimono Girl Sayo (Elo 1724.7),Youngster Gordon (Elo 807.9),Pokefan Derek Rematch 3 (7 games),6.55,Onix Lv50 (Rock Head): Rock Throw/Rage/Rock Tomb/Sandstorm
1118,scientist_stefano,Scientist Stefano,Scientist,296,1082,0.215,944,2518,1134.9,E-,Ace Trainer Megan (Elo 1896.5),Picnicker Tiffany (Elo 672.6),Fisherman Juan (7 games),4.4,Kadabra Lv50 (Synchronize): Psybeam/Disable/Kinesis/Ice Punch
1119,hgss_school_kid_m_travis_0565,School Kid Travis,Trainerclass School Kid M,295,1083,0.214,838,2409,1142.4,E,Ranger Allison Rematch 3 (Elo 1835.9),Cheryl Eterna Forest (Elo 676.3),Bird Keeper Vance (7 games),4.71,Budew Lv50 (Poison Point): Stun Spore/Giga Drain/Sludge Bomb/Nature Power
1120,hgss_medium_edith_0493,Medium Edith,Trainerclass Medium,295,1083,0.214,801,2369,1134.8,E-,Ranger Ashlee Rematch Postgame (Elo 1905.2),Lass Cassidy (Elo 697.0),Sailor Zachariah Rematch (7 games),5.32,Haunter Lv50 (Levitate): Curse/Night Shade/Confuse Ray/Sucker Punch
1121,ruin_maniac_ronald,Ruin Maniac Ronald,Ruin Maniac,294,1084,0.213,872,2444,1127.4,E-,Swimmer Ronald (Elo 1836.0),Fisherman Andrew (Elo 672.0),Psychic Rachael (7 games),8.44,Shieldon Lv50 (Sturdy): Metal Sound/Take Down/Iron Defense/Swagger
1122,hgss_bird_keeper_gs_perry_0420,Bird Keeper Perry,Trainerclass Bird Keeper Gs,294,1084,0.213,862,2438,1107.3,E-,Psychic Daisy Rematch Postgame (Elo 1765.5),Swimmer Leona (Elo 717.2),Bug Catcher Doug (7 games),5.05,Farfetchd Lv50 (Inner Focus): Swords Dance/Agility/Night Slash/Air Slash
1123,hgss_bird_keeper_gs_vance_0447,Bird Keeper Vance Rematch 1,Trainerclass Bird Keeper Gs,292,1086,0.212,778,2368,1107.3,E-,Reporter Kinsey Rematch 2 (Elo 1773.9),School Kid Chad (Elo 742.0),Youngster Joey Rematch 1 (7 games),8.51,Hoothoot Lv50 (Insomnia): Confusion/Take Down/Air Slash/Zen Headbutt | Pidgeotto Lv50 (Keen Eye): Whirlwind/Twister/Feather Dance/Agility
1124,gentleman_jeremy,Gentleman Jeremy,Gentleman,292,1086,0.212,930,2521,1102.0,E-,Fisherman Erick (Elo 1782.5),Lass Cassidy (Elo 697.0),Cyclist Kayla Rematch 1 (7 games),5.11,Chatot Lv50 (Keen Eye): Sing/Fury Attack/Chatter/Taunt
1125,lass_kaitlin,Lass Kaitlin,Lass,291,1087,0.211,794,2388,1077.5,E-,Fisherman Murphy (Elo 1708.1),Hall Matron Argenta (Elo 879.1),Elder Li (7 games),12.52,Bidoof Lv50 (Simple): Tackle | Budew Lv50 (Natural Cure): Absorb/Growth | Starly Lv50 (Keen Eye): Tackle/Growl | Abra Lv50 (Synchronize): Teleport
1126,hgss_executive_proton_proton_slowpoke_well,Executive Proton Proton (Slowpoke Well),Trainerclass Executive Proton,290,1088,0.21,791,2385,1149.8,E,Marley Victory Road (Elo 1640.7),Poke Kid Danielle Rematch 2 (Elo 894.9),Beauty Callie (7 games),12.23,Zubat Lv50 (Inner Focus): Leech Life/Supersonic | Koffing Lv50 (Levitate): Poison Gas/Tackle/Smog/Smoke Screen
1127,hgss_bird_keeper_gs_jose_0414,Bird Keeper Jose,Trainerclass Bird Keeper Gs,289,1089,0.21,878,2485,1128.7,E-,Swimmer Crystal Rematch (Elo 1737.0),Swimmer Leona (Elo 717.2),Pokefan Marigold (7 games),5.1,Farfetchd Lv50 (Keen Eye): Swords Dance/Agility/Night Slash/Air Slash
1128,battle_girl_helen_rematch_1,Battle Girl Helen Rematch 1,Battle Girl,289,1089,0.21,798,2391,1122.8,E-,Ace Trainer Saul Postgame (Elo 1621.9),Twins Amy & Mimi (Elo 845.9),Team Rocket Grunt Radio Tower 9 (7 games),9.92,Meditite Lv50 (Pure Power): Detect/Hidden Power/Mind Reader/Feint | Machop Lv50 (Guts): Karate Chop/Foresight/Seismic Toss/Revenge
1129,hgss_elder_li_0290,Elder Li,Trainerclass Elder,289,1089,0.21,763,2365,1117.8,E-,Hiker Anthony Rematch 3 (Elo 1753.6),Galactic Grunt Valley Windworks 2 (Elo 773.7),Lass Kaitlin (7 games),12.03,Bellsprout Lv50 (Chlorophyll): Vine Whip/Growth | Bellsprout Lv50 (Chlorophyll): Vine Whip/Growth | Hoothoot Lv50 (Insomnia): Growl/Foresight/Hypnosis/Peck
1130,skier_edward_rematch_1,Skier Edward Rematch 1,Skier Male,288,1090,0.209,823,2426,1142.4,E,Psychic Brittney Rematch (Elo 1850.6),Swimmer Leona (Elo 717.2),Picnicker Gina (7 games),5.3,Sneasel Lv50 (Inner Focus): Icy Wind/Slash/Beat Up/Metal Claw
1131,hgss_medium_margaret_0176,Medium Margaret,Trainerclass Medium,288,1090,0.209,781,2383,1085.1,E-,Clown Lee Rematch 3 (Elo 1720.6),Rich Boy Liam (Elo 660.5),Swimmer Matthew (7 games),7.98,Haunter Lv50 (Levitate): Night Shade/Confuse Ray/Sucker Punch/Shadow Punch
1132,hgss_biker_markey_0574,Biker Markey,Trainerclass Biker,287,1091,0.208,767,2374,1133.0,E-,Picnicker Gina Rematch 2 (Elo 1646.7),Swimmer Elaine (Elo 830.3),Bug Catcher Ellis (7 games),5.01,Skorupi Lv50 (Sniper): Toxic Spikes/Bug Bite/Poison Fang/Crunch
1133,ninja_boy_brennan,Ninja Boy Brennan,Ninja Boy,286,1092,0.208,795,2412,1098.1,E-,Cyclist John Rematch 2 (Elo 1717.3),School Kid Chad (Elo 742.0),Hiker Parry (7 games),9.69,Zubat Lv50 (Inner Focus): Wing Attack/Confuse Ray/Air Cutter/Mean Look | Skorupi Lv50 (Battle Armor): Pin Missile/Acupressure/Scary Face/Toxic Spikes
1134,battle_girl_tyler,Battle Girl Tyler,Battle Girl,285,1093,0.207,950,2555,1174.3,E,Boarder Bryce (Elo 1793.1),Bug Catcher Al (Elo 686.9),Galactic Grunt Spear Pillar 2 (7 games),7.1,Medicham Lv50 (Pure Power): Calm Mind/Force Palm/Hi Jump Kick/Psych Up
1135,hgss_medium_ethel_0177,Medium Ethel,Trainerclass Medium,283,1095,0.205,809,2429,1137.0,E-,Ranger Ashlee Rematch Postgame (Elo 1905.2),Rich Boy Liam (Elo 660.5),Hiker Kevin (7 games),7.68,Haunter Lv50 (Levitate): Night Shade/Confuse Ray/Sucker Punch/Shadow Punch
1136,picnicker_siena,Picnicker Siena,Picnicker,283,1095,0.205,807,2422,1123.3,E-,Kimono Girl Zuki (Elo 1799.1),Rival Silver Cyndaquil (Elo 688.0),Galactic Grunt Galactic Hq B2f 2 (7 games),12.14,Bidoof Lv50 (Simple): Tackle/Growl/Defense Curl | Pachirisu Lv50 (Run Away): Growl/Bide/Quick Attack/Charm
1137,picnicker_tori,Picnicker Tori,Picnicker,282,1096,0.205,812,2437,1126.7,E-,Hiker Kenny Rematch 1 (Elo 1759.8),Picnicker Tiffany (Elo 672.6),School Kid Tiera (7 games),4.39,Psyduck Lv50 (Damp): Water Gun/Disable/Confusion/Water Pulse
1138,youngster_darius,Youngster Darius,Youngster,281,1097,0.204,699,2333,1116.4,E-,Kimono Girl Sayo (Elo 1724.7),Youngster Gordon (Elo 807.9),Galactic Grunt Lake Verity 3 (7 games),13.55,Geodude Lv50 (Rock Head): Tackle/Defense Curl | Onix Lv50 (Rock Head): Rock Throw/Tackle/Harden
1139,galactic_grunt_valley_windworks_3,Galactic Grunt Valley Windworks 3,Galactic Grunt Male,281,1097,0.204,767,2393,1076.4,E-,Psychic Daisy Rematch Postgame (Elo 1765.5),Factory Head Thorton (Elo 843.9),Medium Bethany (7 games),10.22,Glameow Lv50 (Limber): Fake Out/Scratch/Growl | Stunky Lv50 (Stench): Focus Energy/Poison Gas/Screech/Fury Swipes
1140,hgss_twins_tori_til_0081,Twins Tori & Til,Trainerclass Twins,280,1098,0.203,780,2415,1123.5,E-,Cyclist John Rematch 1 (Elo 1614.8),Cyclist Kayla (Elo 780.6),Lass Samantha Rematch 1 (7 games),6.12,Marill Lv50 (Thick Fat): Defense Curl/Tail Whip/Water Gun/Rollout | Mareep Lv50 (Static): Tackle/Growl/Thunder Shock/Thunder Wave
1141,twins_teri_and_tia_rematch_1,Twins Teri And Tia Rematch 1,Twins,280,1098,0.203,764,2399,1086.0,E-,Reporter Kinsey Rematch 4 (Elo 1728.0),Lass Cassidy (Elo 697.0),Lady Kylie (7 games),5.93,Pikachu Lv50 (Static): Feint/Agility/Discharge/Light Screen | Clefairy Lv50 (Cute Charm): Gravity/Moonlight/Light Screen/Meteor Mash
1142,cyclist_megan,Cyclist Megan,Cyclist Female,279,1099,0.202,883,2516,1114.5,E-,Dragon Tamer Clinton (Elo 1814.4),Lass Natalie (Elo 716.5),Collector Terry (7 games),6.01,Staravia Lv50 (Intimidate): Quick Attack/Wing Attack/Double Team/Endeavor
1143,galactic_grunt_valor_lakefront,Galactic Grunt Valor Lakefront,Galactic Grunt Male,278,1100,0.202,859,2502,1138.3,E,Kimono Girl Zuki (Elo 1799.1),Bug Catcher Al (Elo 686.9),Camper Grant (7 games),4.41,Croagunk Lv50 (Anticipation): Revenge/Swagger/Mud Bomb/Sucker Punch
1144,black_belt_ricky,Black Belt Ricky,Black Belt,275,1103,0.2,706,2372,1100.3,E-,Ace Trainer Felix Postgame (Elo 2028.0),Rival Silver Cyndaquil (Elo 688.0),Pokefan Beverly (7 games),11.81,Steelix Lv50 (Rock Head): Iron Tail/Taunt/Torment/Screech
1145,psychic_lindsey,Psychic Lindsey,Psychic Female,275,1103,0.2,710,2372,1078.2,E-,Hiker Michael (Elo 1676.1),Youngster Logan (Elo 620.1),Maid Emily (7 games),2.72,Abra Lv50 (Synchronize): Hidden Power
1146,black_belt_kyle,Black Belt Kyle,Black Belt,274,1104,0.199,777,2432,1128.6,E-,Skier Bjorn Rematch 2 (Elo 1743.4),School Kid Chad (Elo 742.0),Scientist Trenton (7 games),4.14,Machop Lv50 (Guts): Karate Chop/Foresight/Seismic Toss/Revenge
1147,psychic_elijah,Psychic Elijah,Psychic Male,274,1104,0.199,755,2416,1111.7,E-,Ace Trainer Anton (Elo 1662.8),Cheryl Eterna Forest (Elo 676.3),Ace Trainer Brian (7 games),2.76,Abra Lv50 (Synchronize): Hidden Power
1148,hgss_bug_catcher_benny_0067,Bug Catcher Benny,Trainerclass Bug Catcher,272,1106,0.197,760,2418,1076.9,E-,Fisherman George (Elo 1732.2),Castle Valet Darach (Elo 823.3),Scientist Stefano (7 games),11.63,Weedle Lv50 (Shield Dust): Poison Sting/String Shot | Kakuna Lv50 (Shed Skin): Harden | Beedrill Lv50 (Swarm): Fury Attack
1149,hgss_beauty_kimberly_0531,Beauty Kimberly,Trainerclass Beauty,271,1107,0.197,705,2377,1148.7,E,Leader Whitney (Elo 1719.5),Swimmer Leona (Elo 717.2),Team Rocket Grunt Underground 3 (7 games),16.42,Corsola Lv50 (Hustle): Harden/Bubble/Recover/Refresh
1150,hiker_lorenzo,Hiker Lorenzo,Hiker,271,1107,0.197,712,2379,1096.6,E-,Kimono Girl Sayo (Elo 1724.7),Youngster Gordon (Elo 807.9),Bird Keeper Kinsley (7 games),6.55,Onix Lv50 (Rock Head): Rock Throw/Rage/Rock Tomb/Sandstorm
1151,bird_keeper_alexandra,Bird Keeper Alexandra,Bird Keeper,268,1110,0.194,776,2462,1083.8,E-,Kimono Girl Naoko (Elo 1907.8),Swimmer Leona (Elo 717.2),Bug Catcher Doug (7 games),8.06,Starly Lv50 (Keen Eye): Quick Attack/Wing Attack/Double Team/Endeavor | Hoothoot Lv50 (Insomnia): Hypnosis/Peck/Uproar/Reflect
1152,hgss_gentleman_preston_0037,Gentleman Preston,Trainerclass Gentleman,267,1111,0.194,755,2447,1094.0,E-,Beauty Julia (Elo 1741.7),Firebreather Ray (Elo 801.4),Lass Molly (7 games),9.29,Growlithe Lv50 (Intimidate): Ember/Leer/Odor Sleuth/Helping Hand | Growlithe Lv50 (Intimidate): Ember/Leer/Odor Sleuth/Helping Hand
1153,lady_melissa,Lady Melissa,Lady,265,1113,0.192,760,2447,1118.6,E-,Swimmer Tyson (Elo 1707.3),Bug Catcher Al (Elo 686.9),Swimmer Vanessa (7 games),4.49,Cherubi Lv50 (Chlorophyll): Leech Seed/Helping Hand/Magical Leaf/Sunny Day
1154,hgss_pokefan_m_colin_0424,Pokefan Colin,Trainerclass Pokefan M,264,1114,0.192,851,2551,1086.8,E-,Black Belt Ray Postgame (Elo 1791.0),Rival Route 201 Empoleon (Elo 694.1),Pokefan Beverly Rematch 1 (7 games),3.72,Delibird Lv50 (Hustle): Present/Aerial Ace/Avalanche
1155,hgss_sailor_huey_0211,Sailor Huey,Trainerclass Sailor,264,1114,0.192,747,2450,1067.0,F+,Ace Trainer Jamie (Elo 1887.2),Galactic Grunt Valley Windworks 2 (Elo 773.7),Hiker Theodore Rematch 1 (7 games),12.96,Poliwag Lv50 (Water Absorb): Hypnosis/Water Gun/Double Slap/Rain Dance | Poliwhirl Lv50 (Water Absorb): Hypnosis/Water Gun/Double Slap/Rain Dance
1156,artist_ismael,Artist Ismael,Artist,263,1115,0.191,812,2513,1117.9,E-,Fisherman Gideon (Elo 1796.3),Firebreather Ray (Elo 801.4),Team Rocket Grunt Kimono Theatre (7 games),6.81,Kricketune Lv50 (Swarm): Leech Life/Sing/Focus Energy/Slash
1157,twins_teri_and_tia,Twins Teri And Tia,Twins,263,1115,0.191,755,2449,1105.1,E-,Collector Douglas (Elo 1729.4),Beauty Cyndy (Elo 812.3),Rancher Marco (7 games),7.78,Pikachu Lv50 (Static): Thunder Wave/Quick Attack/Double Team/Slam | Clefairy Lv50 (Cute Charm): Defense Curl/Follow Me/Minimize/Wake Up Slap
1158,gentleman_jeremy_rematch_1,Gentleman Jeremy Rematch 1,Gentleman,263,1115,0.191,791,2496,1087.6,E-,Lass Michelle (Elo 1731.2),Youngster Dallas (Elo 673.6),Socialite Rebecca (7 games),6.03,Chatot Lv50 (Keen Eye): Chatter/Taunt/Mimic/Roost
1159,rich_boy_jason,Rich Boy Jason,Rich Boy,262,1116,0.19,827,2529,1093.5,E-,Picnicker Karina Rematch 3 (Elo 1835.2),Youngster Dallas (Elo 673.6),Black Belt Derek (7 games),6.34,Prinplup Lv50 (Torrent): Peck/Metal Claw/Bubble Beam/Bide
1160,hgss_bug_catcher_arnie_0449,Bug Catcher Arnie Rematch 2,Trainerclass Bug Catcher,259,1119,0.188,784,2508,1095.2,E-,Leader Gardenia (Elo 1805.2),Youngster Joey (Elo 765.1),Scientist Ross (7 games),7.32,Venomoth Lv50 (Shield Dust): Disable/Supersonic/Confusion/Leech Life
1161,pokefan_leonard,Pokefan Leonard,Pokefan Male,259,1119,0.188,802,2516,1082.9,E-,Double Team Zac And Jen (Elo 1879.1),Cyclist Kayla (Elo 780.6),Team Rocket Grunt Radio Tower 1 (7 games),12.67,Pichu @ Sitrus Berry Lv50 (Static): Tail Whip/Thunder Wave/Sweet Kiss/Nasty Plot | Pichu @ Sitrus Berry Lv50 (Static): Tail Whip/Thunder Wave/Sweet Kiss/Nasty Plot | Pikachu @ Sitrus Berry Lv50 (Static): Thunder Wave/Quick Attack/Double Team/Slam
1162,hgss_firebreather_richard_0281,Firebreather Richard,Trainerclass Firebreather,259,1119,0.188,754,2478,1062.1,F+,Ace Trainer Jamie (Elo 1887.2),Rival Silver Cyndaquil (Elo 688.0),Twins Meg & Peg (7 games),6.48,Charmeleon Lv50 (Blaze): Growl/Ember/Smoke Screen/Dragon Rage
1163,camper_diego,Camper Diego,Camper,257,1121,0.187,719,2438,1094.4,E-,Biker Aiden Rematch 2 (Elo 1675.0),School Kid Chad (Elo 742.0),Team Rocket Grunt Hideout 8 (7 games),5.35,Aipom Lv50 (Run Away): Baton Pass/Tickle/Fury Swipes/Swift
1164,hgss_beauty_valerie_0398,Beauty Valerie,Trainerclass Beauty,256,1122,0.186,704,2436,1086.0,E-,Twins Kay & Tia Rematch 3 (Elo 1629.7),Galactic Grunt Valley Windworks 2 (Elo 773.7),Swimmer Katie (7 games),9.56,Hoppip Lv50 (Chlorophyll): Mega Drain/Tail Whip/Tackle/Poison Powder | Skiploom Lv50 (Leaf Guard): Mega Drain/Tail Whip/Tackle/Stun Spore
1165,tuber_mariel,Tuber Mariel,Tuber Female,254,1124,0.184,676,2407,1070.3,F+,Hiker Michael (Elo 1676.1),Picnicker Brooke (Elo 808.2),Bird Keeper Bryan (7 games),10.04,Marill Lv50 (Thick Fat): Rollout/Bubble Beam/Aqua Ring/Double Edge | Marill Lv50 (Thick Fat): Bubble Beam/Aqua Ring/Double Edge/Rain Dance
1166,ninja_boy_zach,Ninja Boy Zach,Ninja Boy,250,1128,0.181,726,2466,1090.9,E-,Psychic Brittney (Elo 1697.3),Picnicker Diana (Elo 741.4),Bug Catcher Wade Rematch 1 (7 games),12.04,Zubat Lv50 (Inner Focus): Leech Life/Supersonic/Astonish/Bite | Zubat Lv50 (Inner Focus): Leech Life/Supersonic/Astonish/Bite | Zubat Lv50 (Inner Focus): Leech Life/Supersonic/Astonish/Bite
1167,hgss_team_rocket_grunt_slowpoke_well_1_0012,Team Rocket Grunt Slowpoke Well 1,Trainerclass Team Rocket,250,1128,0.181,723,2479,1081.8,E-,Clown Lee Rematch 2 (Elo 1645.5),Pokefan Ruth (Elo 787.4),Lucas Jubilife City Piplup (7 games),11.43,Rattata Lv50 (Guts): Tackle/Tail Whip/Quick Attack/Focus Energy | Zubat Lv50 (Inner Focus): Leech Life/Supersonic/Astonish | Zubat Lv50 (Inner Focus): Leech Life/Supersonic/Astonish
1168,camper_zackary_rematch_1,Camper Zackary Rematch 1,Camper,250,1128,0.181,705,2455,1061.3,F+,Reporter Kinsey Rematch 3 (Elo 1704.4),Poke Kid Danielle (Elo 634.8),Galactic Grunt Valley Windworks 3 (7 games),5.24,Aipom Lv50 (Run Away): Baton Pass/Tickle/Fury Swipes/Swift
1169,rich_boy_roman,Rich Boy Roman,Rich Boy,246,1132,0.179,673,2442,1069.6,F+,Biker Aiden Rematch 2 (Elo 1675.0),Battle Girl Kelsey (Elo 861.1),Socialite Reina Rematch 1 (7 games),6.95,Lickitung Lv50 (Own Tempo): Knock Off/Wrap/Stomp/Disable
1170,hgss_picnicker_cheyenne_0579,Picnicker Cheyenne,Trainerclass Picnicker,246,1132,0.179,733,2505,1035.6,F+,Bird Keeper Justin (Elo 1517.5),Lass Sarah (Elo 736.2),Gentleman Jeremy Rematch 2 (7 games),3.97,Shinx Lv50 (Intimidate): Thunder Fang/Crunch/Scary Face/Discharge
1171,jogger_scott,Jogger Scott,Jogger,245,1133,0.178,749,2523,1074.7,E-,Ace Trainer Megan (Elo 1896.5),Cyclist Kayla (Elo 780.6),Galactic Grunt Team Galactic Eterna Building 1f 1 (7 games),6.24,Staravia Lv50 (Intimidate): Wing Attack/Double Team/Endeavor/Whirlwind
1172,breeder_kahlil,Breeder Kahlil,Breeder Male,245,1133,0.178,721,2495,1063.5,F+,Swimmer Glenn Rematch Postgame (Elo 1671.0),Youngster Joey (Elo 765.1),Bird Keeper Vance (7 games),7.91,Elekid Lv50 (Static): Thunder Shock/Low Kick/Swift/Shock Wave | Happiny Lv50 (Natural Cure): Charm/Copycat/Refresh/Sweet Kiss
1173,poke_kid_ariel_postgame,Poke Kid Ariel Postgame,Poke Kid,242,1136,0.176,749,2535,1077.8,E-,Scientist Shaun Rematch 3 (Elo 1773.6),Youngster Joey (Elo 765.1),Camper Roland (7 games),13.9,Pichu Lv50 (Static): Tail Whip/Thunder Wave/Sweet Kiss/Nasty Plot | Pikachu Lv50 (Static): Tail Whip/Thunder Wave/Quick Attack/Double Team | Pikachu Lv50 (Static): Tail Whip/Thunder Wave/Quick Attack/Double Team
1174,hgss_poke_maniac_issac_0391,Poke Maniac Issac,Trainerclass Poke Maniac,242,1136,0.176,731,2523,1067.6,F+,Reporter Kinsey Rematch 2 (Elo 1773.9),Rival Route 201 Empoleon (Elo 694.1),Cyclist John (7 games),8.75,Lickitung Lv50 (Own Tempo): Lick/Supersonic/Cut
1175,battle_girl_helen,Battle Girl Helen,Battle Girl,242,1136,0.176,679,2467,1054.9,F+,Hiker Michael (Elo 1676.1),Scientist Mitch (Elo 802.1),Skier Bjorn (7 games),8.51,Machop Lv50 (Guts): Focus Energy/Karate Chop/Foresight/Seismic Toss | Meditite Lv50 (Pure Power): Confusion/Detect/Hidden Power/Mind Reader
1176,hgss_camper_clark_0557,Camper Clark,Trainerclass Camper,240,1138,0.174,689,2480,1028.9,F+,Black Belt Ander (Elo 1626.4),Lass Cassidy (Elo 697.0),Galactic Grunt Mt Coronet 5f 2 (7 games),3.85,Buizel Lv50 (Swift Swim): Swift/Aqua Jet/Agility/Whirlpool
1177,youngster_tristan_rematch_1,Youngster Tristan Rematch 1,Youngster,238,1140,0.173,772,2565,1056.7,F+,Biker Aiden Rematch 2 (Elo 1675.0),Youngster Joey (Elo 765.1),Skier Edward Rematch 2 (7 games),5.88,Staravia Lv50 (Intimidate): Wing Attack/Double Team/Endeavor/Whirlwind
1178,hgss_policeman_keith_0006,Policeman Keith,Trainerclass Policeman,238,1140,0.173,683,2482,1049.3,F+,Bird Keeper Josh Rematch 1 (Elo 1639.4),Swimmer Leona (Elo 717.2),Pi Carlos (7 games),5.04,Growlithe Lv50 (Intimidate): Ember/Leer/Odor Sleuth/Helping Hand
1179,sailor_marc,Sailor Marc,Sailor,238,1140,0.173,744,2544,1033.9,F+,Dragon Tamer Hayden (Elo 1787.8),Lass Natalie (Elo 716.5),Poke Maniac Ron (7 games),7.03,Mantyke Lv50 (Swift Swim): Water Pulse/Take Down/Confuse Ray/Bounce
1180,dawn_jubilife_city_piplup,Dawn Jubilife City Piplup,Dp Player Female,237,1141,0.172,674,2473,1083.8,E-,Bird Keeper Josh Rematch 2 (Elo 1745.5),Youngster Ian (Elo 809.5),Lass Madeline (7 games),4.05,Chimchar Lv50 (Blaze): Ember/Scratch
1181,lady_kylie,Lady Kylie,Lady,235,1143,0.171,666,2487,1060.8,F+,Medium Darcy (Elo 1679.0),Bug Catcher Al (Elo 686.9),Swimmer Paula (7 games),17.0,Cleffa Lv50 (Cute Charm): Sing/Sweet Kiss/Copycat/Magical Leaf | Clefairy Lv50 (Cute Charm): Follow Me/Minimize/Wake Up Slap/Cosmic Power
1182,hgss_poke_maniac_beckett_0130,Poke Maniac Beckett,Trainerclass Poke Maniac,234,1144,0.17,700,2526,1070.0,F+,School Kid Chad Rematch 2 (Elo 1781.9),Poke Kid Danielle (Elo 634.8),Black Belt Adam (7 games),10.67,Slowbro Lv50 (Oblivious): Growl/Water Gun/Confusion/Disable
1183,twins_emma_and_lil,Twins Emma And Lil,Twins,233,1145,0.169,631,2457,1078.3,E-,Ace Trainer Lois (Elo 1807.7),Galactic Grunt Team Galactic Eterna Building 2f 1 (Elo 792.5),Gentleman Jeremy (7 games),5.9,Bonsly Lv50 (Sturdy): Low Kick/Rock Throw/Mimic/Block | Mime Jr Lv50 (Soundproof): Double Slap/Mimic/Light Screen/Reflect
1184,hgss_poke_maniac_zach_0406,Poke Maniac Zach,Trainerclass Poke Maniac,232,1146,0.168,632,2457,1087.2,E-,Biker Jacob (Elo 1814.4),Scientist Mitch (Elo 802.1),Maid Clare (7 games),6.54,Rhyhorn Lv50 (Lightning Rod): Stomp/Fury Attack/Scary Face/Rock Blast
1185,hiker_nicholas,Hiker Nicholas,Hiker,231,1147,0.168,635,2470,1075.9,E-,Kimono Girl Sayo (Elo 1724.7),Scientist Mitch (Elo 802.1),Beauty Nicola (7 games),7.17,Onix Lv50 (Rock Head): Bind/Screech/Rock Throw/Rage
1186,hgss_camper_elliot_0075,Camper Elliot,Trainerclass Camper,231,1147,0.168,649,2485,1075.4,E-,Burglar Corey (Elo 1771.6),Scientist Mitch (Elo 802.1),Pokefan Beverly Rematch 1 (7 games),14.74,Sandshrew Lv50 (Sand Veil): Defense Curl/Sand Attack/Poison Sting/Rapid Spin | Marill Lv50 (Thick Fat): Defense Curl/Tail Whip/Water Gun/Rollout
1187,jogger_raul,Jogger Raul,Jogger,229,1149,0.166,712,2554,1079.1,E-,Scientist Shaun Rematch 3 (Elo 1773.6),School Kid Christine (Elo 722.7),Socialite Reina Rematch 2 (7 games),6.3,Staravia Lv50 (Intimidate): Wing Attack/Double Team/Endeavor/Whirlwind
1188,lucas_jubilife_city_piplup,Lucas Jubilife City Piplup,Dp Player Male,229,1149,0.166,633,2473,1063.0,F+,Ace Trainer Cesar (Elo 1751.7),Lass Cassidy (Elo 697.0),Team Rocket Grunt Slowpoke Well 1 (7 games),4.25,Chimchar Lv50 (Blaze): Ember/Scratch
1189,guitarist_arturo_rematch_2,Guitarist Arturo Rematch 2,Guitarist,229,1149,0.166,692,2525,1061.2,F+,Ranger Allison Rematch 2 (Elo 1781.7),Bug Catcher Al (Elo 686.9),Swimmer Susie (7 games),4.79,Kricketune Lv50 (Swarm): Screech/Taunt/Night Slash/Bug Buzz
1190,hgss_swimmer_f_debbie_0291,Swimmer Debbie,Trainerclass Swimmer F,229,1149,0.166,620,2462,1033.7,F+,Camper Barry (Elo 1674.1),Pokefan Ruth (Elo 787.4),Picnicker Brooke (7 games),6.39,Clamperl Lv50 (Shell Armor): Clamp/Water Gun/Whirlpool/Iron Defense
1191,hgss_juggler_irwin_0007,Juggler Irwin,Trainerclass Juggler,228,1150,0.165,674,2525,1080.6,E-,Psychic Daisy Rematch Postgame (Elo 1765.5),Picnicker Diana (Elo 741.4),Tuber Chelsea (7 games),21.22,Voltorb Lv50 (Soundproof): Charge | Voltorb Lv50 (Static): Charge/Tackle | Voltorb Lv50 (Static): Charge/Tackle/Sonic Boom | Voltorb Lv50 (Static): Charge/Tackle/Sonic Boom/Spark
1192,hiker_daniel,Hiker Daniel,Hiker,227,1151,0.165,555,2405,1029.3,F+,Bird Keeper Vance Rematch 3 (Elo 1768.4),Youngster Gordon (Elo 807.9),Leader Bugsy (7 games),18.88,Geodude Lv50 (Rock Head): Tackle/Defense Curl/Mud Sport/Rock Polish | Geodude Lv50 (Rock Head): Defense Curl/Mud Sport/Rock Polish/Rock Throw | Geodude Lv50 (Rock Head): Defense Curl/Mud Sport/Rock Polish/Rock Throw
1193,hgss_boarder_patton_0483,Boarder Patton,Trainerclass Boarder,226,1152,0.164,633,2483,1024.0,F+,Kimono Girl Sayo (Elo 1724.7),School Kid Chad (Elo 742.0),Maid Clare (7 games),7.76,Swinub Lv50 (Oblivious): Mud Slap/Endure/Mud Bomb/Icy Wind | Swinub Lv50 (Oblivious): Mud Slap/Endure/Mud Bomb/Icy Wind
1194,black_belt_derek,Black Belt Derek,Black Belt,224,1154,0.163,738,2597,1061.2,F+,Scientist Shaun Rematch 3 (Elo 1773.6),Rival Route 201 Empoleon (Elo 694.1),Rich Boy Jason (7 games),4.4,Croagunk Lv50 (Anticipation): Pursuit/Faint Attack/Revenge/Swagger
1195,hgss_pokefan_m_andy_0538,Pokefan Andy,Trainerclass Pokefan M,220,1158,0.16,683,2552,1065.4,F+,Twins Day & Dani (Elo 1638.6),Youngster Joey (Elo 765.1),Galactic Grunt Jubilife City 1 (7 games),8.46,Teddiursa Lv50 (Quick Feet): Slash/Charm/Rest/Snore
1196,hgss_hiker_parry_0145,Hiker Parry,Trainerclass Hiker,220,1158,0.16,574,2452,1050.9,F+,Kimono Girl Sayo (Elo 1724.7),Youngster Gordon (Elo 807.9),Ninja Boy Brennan (7 games),7.48,Onix Lv50 (Rock Head): Rock Tomb/Sandstorm/Slam/Rock Polish
1197,hgss_swimmer_f_paula_0085,Swimmer Paula,Trainerclass Swimmer F,220,1158,0.16,651,2531,1029.5,F+,Hiker Michael (Elo 1676.1),School Kid Chad (Elo 742.0),Battle Girl Helen (7 games),12.04,Staryu Lv50 (Natural Cure): Water Gun/Rapid Spin/Recover/Camouflage | Shellder Lv50 (Skill Link): Withdraw/Supersonic/Icicle Spear/Protect
1198,hgss_young_couple_moe_lulu_0550,Young Couple Moe & Lulu,Trainerclass Young Couple,219,1159,0.159,579,2460,1037.7,F+,Twins Kay & Tia Rematch 2 (Elo 1675.7),Cheryl Eterna Forest (Elo 676.3),Super Nerd Tyrone (7 games),4.79,Lotad Lv50 (Rain Dish): Mega Drain/Bubble Beam/Zen Headbutt/Rain Dance | Seedot Lv50 (Early Bird): Nature Power/Synthesis/Sunny Day/Explosion
1199,galactic_grunt_mt_coronet_3f_1,Galactic Grunt Mt Coronet 3f 1,Galactic Grunt Male,217,1161,0.157,653,2536,1044.4,F+,Psychic Brittney Rematch (Elo 1850.6),Rival Silver Chikorita (Elo 701.0),Artist Ismael (7 games),4.17,Murkrow Lv50 (Insomnia): Assurance/Taunt/Faint Attack/Mean Look
1200,collector_terry,Collector Terry,Collector,215,1163,0.156,681,2566,1041.1,F+,Kimono Girl Sayo (Elo 1724.7),Youngster Joey (Elo 765.1),Bug Catcher Arnie (7 games),4.56,Gible Lv50 (Sand Veil): Dragon Rage/Sandstorm/Take Down/Sand Tomb
1201,hgss_beauty_victoria_0005,Beauty Victoria,Trainerclass Beauty,214,1164,0.155,633,2529,1041.4,F+,Psychic Maxwell (Elo 1704.4),Picnicker Diana (Elo 741.4),Picnicker Tiffany Rematch 1 (7 games),9.87,Sentret Lv50 (Keen Eye): Scratch/Foresight/Defense Curl/Quick Attack | Sentret Lv50 (Keen Eye): Foresight/Defense Curl/Quick Attack/Fury Swipes | Sentret Lv50 (Keen Eye): Defense Curl/Quick Attack/Fury Swipes/Helping Hand
1202,hgss_fisherman_arnold_0058,Fisherman Arnold,Trainerclass Fisherman,214,1164,0.155,584,2478,1028.4,F+,Hiker Michael (Elo 1676.1),Clown Lee (Elo 599.9),Super Nerd Markus (7 games),5.69,Shellder Lv50 (Shell Armor): Aurora Beam/Whirlpool/Iron Defense/Brine
1203,hgss_hiker_russel_0025,Hiker Russel,Trainerclass Hiker,214,1164,0.155,513,2410,1015.7,F+,Kimono Girl Sayo (Elo 1724.7),Firebreather Ray (Elo 801.4),Guitarist Arturo (7 games),18.2,Geodude Lv50 (Sturdy): Tackle/Defense Curl/Mud Sport | Geodude Lv50 (Sturdy): Tackle/Defense Curl/Mud Sport | Geodude Lv50 (Sturdy): Tackle/Defense Curl/Mud Sport/Rock Polish
1204,beauty_harley,Beauty Harley,Beauty,214,1164,0.155,612,2505,1009.1,F+,Hiker Kenny Rematch 3 (Elo 1865.4),Poke Kid Danielle (Elo 634.8),Galactic Grunt Lake Verity 4 (7 games),4.62,Psyduck Lv50 (Damp): Water Gun/Disable/Confusion/Water Pulse
1205,galactic_grunt_team_galactic_eterna_building_1f_2,Galactic Grunt Team Galactic Eterna Building 1f 2,Galactic Grunt Female,214,1164,0.155,648,2546,1005.0,F+,Ace Trainer Allen (Elo 1680.9),Picnicker Diana (Elo 741.4),Hiker Timothy (7 games),9.8,Zubat Lv50 (Inner Focus): Leech Life/Supersonic/Astonish/Bite | Glameow Lv50 (Limber): Scratch/Growl/Hypnosis/Faint Attack
1206,hgss_pokefan_beverly_0436,Pokefan Beverly Rematch 1,Trainerclass Pokefan,213,1165,0.155,628,2522,1008.7,F+,Poke Maniac Calvin (Elo 1491.1),Galactic Grunt Valley Windworks 2 (Elo 773.7),Pokefan Colin (7 games),4.78,Snubbull Lv50 (Intimidate): Lick/Headbutt/Roar/Rage
1207,hgss_hiker_daniel_0384,Hiker Daniel,Trainerclass Hiker,213,1165,0.155,566,2467,982.7,F+,Kimono Girl Sayo (Elo 1724.7),Bug Catcher Wade (Elo 790.6),Team Rocket Grunt Hideout 2 (7 games),10.23,Onix Lv50 (Sturdy): Harden/Bind/Screech/Rock Throw
1208,artist_william,Artist William,Artist,211,1167,0.153,637,2548,1061.4,F+,Hiker Anthony Rematch 3 (Elo 1753.6),Youngster Gordon (Elo 807.9),Camper Virgil (7 games),11.22,Mime Jr Lv50 (Soundproof): Meditate/Encore/Double Slap/Mimic | Bonsly Lv50 (Sturdy): Flail/Low Kick/Rock Throw/Mimic
1209,camper_curtis,Camper Curtis,Camper,211,1167,0.153,578,2499,1024.0,F+,Reporter Kinsey Rematch 2 (Elo 1773.9),Picnicker Brooke (Elo 808.2),Black Belt Colby (7 games),7.18,Starly Lv50 (Keen Eye): Tackle/Growl/Quick Attack | Shinx Lv50 (Rivalry): Tackle/Leer
1210,aroma_lady_taylor,Aroma Lady Taylor,Aroma Lady,211,1167,0.153,621,2539,1010.8,F+,Fisherman Murphy (Elo 1708.1),Rival Silver Chikorita (Elo 701.0),Picnicker Tori (7 games),9.6,Budew Lv50 (Natural Cure): Absorb/Growth/Water Sport | Cherubi Lv50 (Chlorophyll): Tackle/Growth/Leech Seed
1211,hgss_youngster_joey_0280,Youngster Joey Rematch 2,Trainerclass Youngster,210,1168,0.152,674,2586,1019.2,F+,Clown Lee Rematch 4 (Elo 1708.0),Youngster Joey (Elo 765.1),Fisherman Joseph Rematch 1 (7 games),5.51,Raticate Lv50 (Run Away): Super Fang/Quick Attack/Hyper Fang/Scary Face
1212,skier_edward,Skier Edward,Skier Male,209,1169,0.152,650,2570,1074.0,F+,Psychic Jared (Elo 1845.1),Youngster Dallas (Elo 673.6),Psychic Rodney (7 games),5.63,Sneasel Lv50 (Inner Focus): Agility/Icy Wind/Slash/Beat Up
1213,tuber_conner,Tuber Conner,Tuber Male,209,1169,0.152,661,2587,1005.1,F+,Guitarist Jerry (Elo 1650.2),Cheryl Eterna Forest (Elo 676.3),Collector Ivan (7 games),3.4,Remoraid Lv50 (Hustle): Bullet Seed/Water Pulse/Signal Beam/Ice Beam
1214,skier_madison,Skier Madison,Skier Female,208,1170,0.151,626,2549,1025.2,F+,Pokemon Trainer Lance (Rocket HQ) (Elo 1895.4),Rival Route 201 Empoleon (Elo 694.1),Lady Kylie (7 games),5.26,Snorunt Lv50 (Inner Focus): Protect/Ice Fang/Crunch/Ice Shard
1215,fisherman_joseph,Fisherman Joseph,Fisherman,206,1172,0.149,640,2567,1022.5,F+,Camper Jerry (Elo 1609.1),Lass Natalie (Elo 716.5),Hiker Reginald (7 games),5.35,Goldeen Lv50 (Swift Swim): Water Sport/Supersonic/Horn Attack/Water Pulse
1216,tuber_holly,Tuber Holly,Tuber Female,206,1172,0.149,638,2573,1016.9,F+,Ace Trainer Henry (Elo 1844.7),Cheryl Eterna Forest (Elo 676.3),Hiker Theodore (7 games),3.59,Remoraid Lv50 (Hustle): Bullet Seed/Water Pulse/Signal Beam/Ice Beam
1217,hgss_camper_virgil_0596,Camper Virgil,Trainerclass Camper,205,1173,0.149,674,2591,1037.7,F+,Ace Trainer Jasmin Postgame (Elo 1805.4),Poke Kid Danielle (Elo 634.8),Biker Harris (7 games),5.86,Slakoth Lv50 (Truant): Amnesia/Covet/Counter/Flail
1218,hgss_teacher_colette_0038,Teacher Colette,Trainerclass Teacher,205,1173,0.149,592,2526,981.9,F+,Leader Fantina (Elo 1998.1),Fisherman Kyler (Elo 619.7),Sailor Harry (7 games),9.44,Clefairy Lv50 (Magic Guard): Gravity/Moonlight/Light Screen/Meteor Mash
1219,hgss_hiker_anthony_0061,Hiker Anthony,Trainerclass Hiker,203,1175,0.147,545,2486,1001.8,F+,Kimono Girl Sayo (Elo 1724.7),Firebreather Ray (Elo 801.4),Galactic Grunt Galactic Hq B2f 2 (7 games),11.79,Geodude Lv50 (Rock Head): Defense Curl/Mud Sport/Rock Polish/Rock Throw | Machop Lv50 (No Guard): Low Kick/Leer/Focus Energy/Karate Chop
1220,skier_madison_rematch_1,Skier Madison Rematch 1,Skier Female,201,1177,0.146,617,2561,1056.4,F+,Twins Day & Dani (Elo 1638.6),Rival Route 201 Empoleon (Elo 694.1),Hiker Parry Rematch 2 (7 games),4.26,Snorunt Lv50 (Inner Focus): Ice Fang/Crunch/Ice Shard/Hail
1221,collector_ivan,Collector Ivan,Collector,201,1177,0.146,642,2587,1010.7,F+,Kimono Girl Miki (Elo 1643.4),Rich Boy Liam (Elo 660.5),Maid Sophie (7 games),10.63,Togetic Lv50 (Hustle): Encore/Follow Me/Wish/Ancient Power
1222,hgss_bug_catcher_wayne_0530,Bug Catcher Wayne,Trainerclass Bug Catcher,199,1179,0.144,577,2542,1000.8,F+,School Kid Jack Rematch 2 (Elo 1622.4),Firebreather Ray (Elo 801.4),Black Belt Jeffery (7 games),10.24,Ledyba Lv50 (Swarm): Tackle/Supersonic | Paras Lv50 (Effect Spore): Scratch/Stun Spore/Poison Powder
1223,hgss_team_rocket_f_grunt_slowpoke_well_2_0013,Team Rocket Grunt Slowpoke Well 2,Trainerclass Team Rocket F,197,1181,0.143,573,2547,1029.5,F+,Swimmer Charlie (Elo 1475.2),Picnicker Diana (Elo 741.4),Cowgirl Shelley (7 games),9.98,Zubat Lv50 (Inner Focus): Leech Life/Supersonic/Astonish | Ekans Lv50 (Intimidate): Wrap/Leer/Poison Sting/Bite
1224,camper_anthony,Camper Anthony,Camper,196,1182,0.142,562,2534,999.0,F+,Ace Trainer Sergio (Elo 1759.6),Rival Silver Cyndaquil (Elo 688.0),Biker Dale (7 games),3.66,Chimchar Lv50 (Blaze): Ember/Taunt/Fury Swipes/Flame Wheel
1225,swimmer_erica,Swimmer Erica,Swimmer Female,196,1182,0.142,598,2573,990.8,F+,Lass Dana Rematch 2 (Elo 1743.6),Rival Route 201 Empoleon (Elo 694.1),Gentleman Jeremy Rematch 1 (7 games),6.79,Finneon Lv50 (Swift Swim): Water Pulse/Captivate/Safeguard/Aqua Ring
1226,beauty_cyndy_rematch_1,Beauty Cyndy Rematch 1,Beauty,196,1182,0.142,617,2588,990.1,F+,Psychic Brittney (Elo 1697.3),Pokefan Ruth (Elo 787.4),Cyclist Kayla Rematch 3 (7 games),5.15,Glameow Lv50 (Limber): Captivate/Slash/Sucker Punch/Attract
1227,hgss_bug_catcher_arnie_0078,Bug Catcher Arnie,Trainerclass Bug Catcher,194,1184,0.141,604,2586,997.4,F+,School Kid Jack Rematch 2 (Elo 1622.4),Youngster Dallas (Elo 673.6),Collector Terry (7 games),5.91,Venonat Lv50 (Compound Eyes): Foresight/Supersonic/Confusion/Poison Powder
1228,hgss_bird_keeper_gs_ernie_0581,Bird Keeper Ernie,Trainerclass Bird Keeper Gs,192,1186,0.139,587,2577,1038.7,F+,Clown Lee Rematch 3 (Elo 1720.6),Rich Boy Liam (Elo 660.5),Galactic Grunt Floaroma Meadow 1 (7 games),2.92,Starly Lv50 (Keen Eye): Aerial Ace/Take Down/Agility/Brave Bird
1229,lucas_jubilife_city_chimchar,Lucas Jubilife City Chimchar,Dp Player Male,190,1188,0.138,496,2492,942.2,F,Twins Kay & Tia Rematch 2 (Elo 1675.7),Youngster Joey (Elo 765.1),Swimmer Claire (7 games),6.0,Turtwig Lv50 (Overgrow): Absorb/Tackle
1230,psychic_rachael,Psychic Rachael,Psychic Female,189,1189,0.137,553,2548,1004.6,F+,Young Couple Tim & Sue Rematch 2 (Elo 1718.3),Poke Kid Danielle (Elo 634.8),Ruin Maniac Ronald (7 games),4.54,Psyduck Lv50 (Damp): Confusion/Water Gun/Scratch
1231,guitarist_arturo_rematch_3,Guitarist Arturo Rematch 3,Guitarist,188,1190,0.136,634,2636,1010.3,F+,Kimono Girl Sayo (Elo 1724.7),Picnicker Ginger (Elo 570.1),Fisherman Tully Rematch 1 (7 games),3.65,Kricketune Lv50 (Swarm): Taunt/Night Slash/Bug Buzz/Perish Song
1232,dawn_jubilife_city_chimchar,Dawn Jubilife City Chimchar,Dp Player Female,188,1190,0.136,499,2504,972.1,F+,Fisherman Murphy (Elo 1708.1),Lass Natalie (Elo 716.5),Maid Belinda (7 games),5.77,Turtwig Lv50 (Overgrow): Absorb/Tackle
1233,hgss_youngster_mikey_0047,Youngster Mikey,Trainerclass Youngster,184,1194,0.134,524,2546,1007.8,F+,Psychic Mitchell Rematch 1 (Elo 1436.6),Rival Route 201 Torterra (Elo 810.4),Team Rocket Grunt Hideout 9 (7 games),6.61,Pidgey Lv50 (Keen Eye): Tackle | Rattata Lv50 (Guts): Tackle/Tail Whip/Quick Attack
1234,gentleman_leonardo,Gentleman Leonardo,Gentleman,184,1194,0.134,583,2603,1000.1,F+,School Kid Billy (Elo 1619.7),Bug Catcher Al (Elo 686.9),Galactic Grunt Galactic Hq 3f 1 (7 games),9.16,Chatot Lv50 (Keen Eye): Mimic/Sing/Fury Attack/Roost
1235,hgss_sage_troy_0054,Sage Troy,Trainerclass Sage,184,1194,0.134,517,2534,978.4,F+,Tuber Jared Rematch 2 (Elo 1786.4),School Kid Christine (Elo 722.7),Battle Girl Helen Rematch 1 (7 games),9.43,Bellsprout Lv50 (Chlorophyll): Vine Whip/Growth | Hoothoot Lv50 (Keen Eye): Tackle/Growl/Foresight/Hypnosis
1236,hgss_team_rocket_grunt_slowpoke_well_3_0101,Team Rocket Grunt Slowpoke Well 3,Trainerclass Team Rocket,184,1194,0.134,561,2580,951.5,F,Reporter Kinsey Rematch 3 (Elo 1704.4),Swimmer Leona (Elo 717.2),Galactic Grunt Lake Verity 4 (7 games),6.58,Rattata Lv50 (Guts): Tackle/Tail Whip/Quick Attack/Focus Energy | Rattata Lv50 (Guts): Tackle/Tail Whip/Quick Attack/Focus Energy
1237,school_kid_chance,School Kid Chance,School Kid Male,180,1198,0.131,515,2547,994.0,F+,Fisherman Miguel Rematch (Elo 1757.5),Rich Boy Liam (Elo 660.5),Black Belt Davon Postgame (7 games),7.7,Gastly Lv50 (Levitate): Night Shade/Sucker Punch/Confuse Ray/Hypnosis
1238,pokefan_rebekah,Pokefan Rebekah,Pokefan Female,180,1198,0.131,536,2572,950.3,F,Leader Bugsy (Elo 1613.4),Rival Silver Cyndaquil (Elo 688.0),Beauty Cyndy Rematch 2 (7 games),7.1,Bonsly @ Sitrus Berry Lv50 (Sturdy): Low Kick/Rock Throw/Mimic/Block
1239,hgss_lass_cathy_0071,Lass Cathy,Trainerclass Lass,176,1202,0.128,539,2587,968.2,F,Youngster Ian Rematch 3 (Elo 1570.5),Galactic Grunt Valley Windworks 2 (Elo 773.7),Galactic Grunt Team Galactic Eterna Building 2f 2 (7 games),17.22,Jigglypuff Lv50 (Cute Charm): Sing/Defense Curl/Pound/Disable | Jigglypuff Lv50 (Cute Charm): Sing/Defense Curl/Pound/Disable | Jigglypuff Lv50 (Cute Charm): Sing/Defense Curl/Pound/Disable
1240,rival_route_203_piplup,Rival Route 203 Torterra,Rival,175,1203,0.127,482,2531,960.1,F,Picnicker Gina Rematch 1 (Elo 1492.0),Youngster Joey (Elo 765.1),Galactic Grunt Floaroma Meadow 1 (7 games),13.26,Starly Lv50 (Keen Eye): Quick Attack/Growl | Turtwig Lv50 (Overgrow): Tackle/Withdraw
1241,cyclist_ryan,Cyclist Ryan,Cyclist Male,174,1204,0.126,570,2624,1007.6,F+,Fisherman Alec Rematch (Elo 1588.9),Poke Kid Danielle (Elo 634.8),Beauty Cyndy (7 games),3.9,Shinx Lv50 (Rivalry): Charge/Spark/Bite/Roar
1242,galactic_grunt_lake_verity_1,Galactic Grunt Lake Verity 1,Galactic Grunt Male,170,1208,0.123,612,2689,978.0,F+,Black Belt Ray Postgame (Elo 1791.0),Youngster Logan (Elo 620.1),Picnicker Piper (7 games),4.96,Croagunk Lv50 (Anticipation): Swagger/Mud Bomb/Sucker Punch/Nasty Plot
1243,hgss_school_kid_m_connor_0563,School Kid Connor,Trainerclass School Kid M,168,1210,0.122,584,2665,971.4,F,Team Rocket Grunt Radio Tower 10 (Elo 1657.1),Poke Kid Danielle (Elo 634.8),Maid Sophie (7 games),4.67,Zigzagoon @ Chesto Berry Lv50 (Gluttony): Belly Drum/Rest/Flail/Secret Power
1244,hgss_picnicker_tiffany_0466,Picnicker Tiffany Rematch 1,Trainerclass Picnicker,167,1211,0.121,572,2654,977.3,F+,Lucas Veilstone City Piplup (Elo 1694.5),Fisherman Raymond (Elo 658.8),Waitress Kati (7 games),7.75,Clefairy Lv50 (Cute Charm): Gravity/Sing/Wake Up Slap/Metronome
1245,beauty_gabriella,Beauty Gabriella,Beauty,166,1212,0.12,511,2608,970.7,F,Camper Jerry (Elo 1609.1),Lass Cassidy (Elo 697.0),Medium Edith (7 games),5.39,Finneon Lv50 (Swift Swim): Rain Dance/Gust/Water Pulse/Captivate
1246,hgss_bug_catcher_josh_0069,Bug Catcher Josh,Trainerclass Bug Catcher,165,1213,0.12,465,2562,961.3,F,School Kid Johnny (Elo 1538.7),Poke Kid Danielle (Elo 634.8),Arcade Star Dahlia (7 games),5.61,Paras Lv50 (Effect Spore): Scratch/Stun Spore/Poison Powder/Leech Life
1247,hgss_camper_roland_0026,Camper Roland,Trainerclass Camper,164,1214,0.119,452,2557,967.5,F,Super Nerd Merle (Elo 1443.9),Rival Route 201 Empoleon (Elo 694.1),Black Belt Jeffery (7 games),4.25,Nidoran M Lv50 (Rivalry): Leer/Peck/Focus Energy/Double Kick
1248,hgss_sailor_terrell_0212,Sailor Terrell,Trainerclass Sailor,162,1216,0.118,498,2610,943.6,F,Hiker Kenny Rematch 1 (Elo 1759.8),Rich Boy Liam (Elo 660.5),Hiker Parry Rematch 2 (7 games),8.91,Poliwhirl Lv50 (Water Absorb): Hypnosis/Water Gun/Double Slap/Rain Dance
1249,hgss_skier_diana_0480,Skier Diana,Trainerclass Skier,161,1217,0.117,525,2643,990.7,F+,Double Team Zac And Jen (Elo 1879.1),Youngster Dallas (Elo 673.6),Pokefan Trevor (7 games),5.17,Jynx Lv50 (Oblivious): Ice Punch/Mean Look/Fake Tears/Wake Up Slap
1250,hgss_youngster_albert_0049,Youngster Albert,Trainerclass Youngster,161,1217,0.117,483,2594,942.5,F,Teacher Hillary Rematch 1 (Elo 1576.6),Rival Route 201 Infernape (Elo 758.5),Maid Clare (7 games),8.02,Rattata Lv50 (Run Away): Tackle/Tail Whip/Quick Attack | Zubat Lv50 (Inner Focus): Leech Life/Supersonic
1251,guitarist_arturo_rematch_4,Guitarist Arturo Rematch 4,Guitarist,160,1218,0.116,567,2686,1004.3,F+,Psychic Herman (Elo 1862.7),Skier Cady (Elo 561.6),Rival Silver Cyndaquil (7 games),3.49,Kricketune Lv50 (Swarm): Taunt/Night Slash/Bug Buzz/Perish Song
1252,guitarist_arturo,Guitarist Arturo,Guitarist,158,1220,0.115,515,2632,965.9,F,Psychic Jared (Elo 1845.1),Picnicker Tiffany (Elo 672.6),Hiker Russel (7 games),8.19,Kricketune Lv50 (Swarm): Fury Cutter/Leech Life/Sing/Focus Energy
1253,hgss_bird_keeper_gs_rod_0029,Bird Keeper Rod,Trainerclass Bird Keeper Gs,158,1220,0.115,470,2592,959.0,F,Reporter Kinsey Rematch 3 (Elo 1704.4),Cyclist Kayla (Elo 780.6),Waitress Kati (7 games),11.24,Pidgey Lv50 (Keen Eye): Tackle/Sand Attack | Pidgey Lv50 (Keen Eye): Tackle/Sand Attack
1254,hgss_pokefan_marigold_0532,Pokefan Marigold,Trainerclass Pokefan,157,1221,0.114,510,2639,979.8,F+,Bird Keeper Justin (Elo 1517.5),Swimmer Leona (Elo 717.2),Bird Keeper Jose (7 games),4.49,Meowth Lv50 (Technician): Growl/Bite/Fake Out/Fury Swipes
1255,maid_belinda,Maid Belinda,Maid,157,1221,0.114,563,2685,971.5,F+,Ace Trainer Allen (Elo 1680.9),Fisherman Kyler Rematch 1 (Elo 656.7),Dawn Jubilife City Chimchar (7 games),8.29,Clefairy Lv50 (Cute Charm): Metronome/Minimize/Meteor Mash/Endure
1256,hgss_sage_jin_0053,Sage Jin,Trainerclass Sage,156,1222,0.113,436,2565,921.8,F,Twins Kay & Tia Rematch 2 (Elo 1675.7),Picnicker Tiffany (Elo 672.6),Swimmer Mina (7 games),3.94,Bellsprout Lv50 (Chlorophyll): Vine Whip
1257,rival_route_203_turtwig,Rival Route 203 Infernape,Rival,156,1222,0.113,438,2566,918.5,F,Pi Carlos Rematch 2 (Elo 1435.1),Pokefan Ruth (Elo 787.4),Medium Margaret (7 games),9.62,Starly Lv50 (Keen Eye): Quick Attack/Growl | Chimchar Lv50 (Blaze): Scratch/Leer
1258,hgss_camper_todd_0066,Camper Todd,Trainerclass Camper,155,1223,0.112,427,2561,927.2,F,Hiker Michael (Elo 1676.1),School Kid Chad (Elo 742.0),Sailor Harry (7 games),5.13,Psyduck Lv50 (Damp): Scratch/Tail Whip/Water Gun/Disable
1259,hgss_youngster_joey_0279,Youngster Joey Rematch 1,Trainerclass Youngster,154,1224,0.112,522,2657,953.7,F,Psychic Bryce (Elo 1816.4),Rival Route 201 Empoleon (Elo 694.1),Super Nerd Markus (7 games),5.81,Raticate Lv50 (Run Away): Scary Face/Crunch/Assurance/Super Fang
1260,rival_route_203_chimchar,Rival Route 203 Empoleon,Rival,154,1224,0.112,417,2560,920.7,F,Picnicker Tiffany Rematch 3 (Elo 1373.3),Pokefan Ruth (Elo 787.4),Maid Belinda (7 games),10.96,Starly Lv50 (Keen Eye): Quick Attack/Growl | Piplup Lv50 (Torrent): Pound/Growl
1261,hgss_swimmer_m_matthew_0099,Swimmer Matthew,Trainerclass Swimmer M,153,1225,0.111,438,2580,949.8,F,Camper Jerry (Elo 1609.1),Pokefan Ruth (Elo 787.4),Pokefan Marigold (7 games),5.14,Krabby Lv50 (Hyper Cutter): Harden/Bubble Beam/Mud Shot/Metal Claw
1262,maid_elena,Maid Elena,Maid,153,1225,0.111,572,2706,939.6,F,Ace Trainer Saul Postgame (Elo 1621.9),Rich Boy Liam (Elo 660.5),Fisherman Zachary (7 games),5.95,Clefairy Lv50 (Cute Charm): Metronome/Swagger/Meteor Mash/Endure
1263,hgss_pokefan_m_rex_0537,Pokefan Rex,Trainerclass Pokefan M,152,1226,0.11,474,2624,969.3,F,Kimono Girl Sayo (Elo 1724.7),Youngster Gordon (Elo 807.9),Rival Route 203 Torterra (7 games),5.92,Phanpy Lv50 (Pickup): Endure/Charm/Last Resort/Double Edge
1264,maid_clare,Maid Clare,Maid,151,1227,0.11,498,2651,932.5,F,Swimmer Kendra (Elo 1418.0),Fisherman Kyler Rematch 1 (Elo 656.7),Rival Route 201 Infernape (7 games),6.52,Clefairy Lv50 (Cute Charm): Metronome/Bounce/Meteor Mash/Endure
1265,lucas_jubilife_city_turtwig,Lucas Jubilife City Turtwig,Dp Player Male,151,1227,0.11,416,2572,898.0,F,Hiker Michael (Elo 1676.1),Youngster Dallas (Elo 673.6),Bug Catcher Brandon (7 games),5.1,Piplup Lv50 (Torrent): Bubble/Pound
1266,worker_colin,Worker Colin,Worker,151,1227,0.11,379,2536,882.9,F,Kimono Girl Sayo (Elo 1724.7),Youngster Gordon (Elo 807.9),Ninja Boy Brennan (7 games),11.82,Geodude Lv50 (Rock Head): Tackle/Defense Curl/Mud Sport | Machop Lv50 (Guts): Low Kick/Leer/Focus Energy
1267,hgss_team_rocket_grunt_kimono_theatre_0598,Team Rocket Grunt Kimono Theatre,Trainerclass Team Rocket,150,1228,0.109,457,2615,915.7,F,Hiker Devin (Elo 1549.4),Youngster Joey (Elo 765.1),Picnicker Piper (7 games),7.56,Koffing Lv50 (Levitate): Poison Gas/Tackle/Smog/Smoke Screen
1268,collector_edwin,Collector Edwin,Collector,149,1229,0.108,411,2572,897.8,F,Psychic Brittney Rematch (Elo 1850.6),Picnicker Ginger (Elo 570.1),Rival Silver Cyndaquil (7 games),10.1,Munchlax Lv50 (Pickup): Lick/Recycle/Screech/Stockpile
1269,picnicker_ana,Picnicker Ana,Picnicker,148,1230,0.107,433,2596,927.0,F,Black Belt Ray Postgame (Elo 1791.0),Picnicker Tiffany (Elo 672.6),Maid Sophie (7 games),4.82,Hoothoot Lv50 (Insomnia): Peck/Uproar/Reflect/Confusion
1270,hgss_lass_carrie_0022,Lass Carrie,Trainerclass Lass,148,1230,0.107,461,2617,913.8,F,Camper Drew (Elo 1455.1),Bug Catcher Al (Elo 686.9),Fisherman Henry (7 games),6.13,Snubbull Lv50 (Intimidate): Scary Face/Charm/Bite/Lick
1271,cyclist_kayla_rematch_1,Cyclist Kayla Rematch 1,Cyclist Female,147,1231,0.107,556,2716,943.3,F,Psychic Daisy Rematch Postgame (Elo 1765.5),Cheryl Eterna Forest (Elo 676.3),Gentleman Jeremy (7 games),3.71,Pikachu Lv50 (Static): Slam/Thunderbolt/Feint/Agility
1272,hgss_sage_neal_0055,Sage Neal,Trainerclass Sage,147,1231,0.107,432,2597,934.5,F,Tuber Jared Rematch 2 (Elo 1786.4),Picnicker Tiffany (Elo 672.6),Twins Kay & Tia Rematch 3 (7 games),3.92,Bellsprout Lv50 (Chlorophyll): Vine Whip
1273,hgss_team_rocket_grunt_underground_2_0195,Team Rocket Grunt Underground 2,Trainerclass Team Rocket,147,1231,0.107,496,2663,931.2,F,Biker Aiden Rematch 1 (Elo 1750.8),Picnicker Tiffany (Elo 672.6),Poke Maniac Larry (7 games),3.55,Rattata Lv50 (Guts): Hyper Fang/Sucker Punch/Crunch/Assurance
1274,hgss_poke_maniac_larry_0023,Poke Maniac Larry,Trainerclass Poke Maniac,147,1231,0.107,416,2587,901.5,F,Camper Jerry (Elo 1609.1),Rival Route 201 Empoleon (Elo 694.1),Team Rocket Grunt Underground 2 (7 games),12.5,Slowpoke Lv50 (Own Tempo): Yawn/Tackle/Growl/Water Gun
1275,hiker_robert,Hiker Robert,Hiker,145,1233,0.105,391,2570,935.2,F,Hiker Michael (Elo 1676.1),Galactic Grunt Team Galactic Eterna Building 2f 1 (Elo 792.5),Team Rocket Grunt Hideout 3 (7 games),11.19,Nosepass Lv50 (Sturdy): Tackle/Harden/Rock Throw/Block
1276,lass_samantha,Lass Samantha,Lass,144,1234,0.104,410,2588,917.0,F,Tuber Jared Rematch 2 (Elo 1786.4),Youngster Logan (Elo 620.1),Tuber Holly (7 games),5.94,Budew Lv50 (Natural Cure): Absorb/Growth/Water Sport
1277,tuber_chelsea,Tuber Chelsea,Tuber Female,144,1234,0.104,455,2629,912.5,F,Swimmer Troy (Elo 1570.2),Lass Sarah (Elo 736.2),Galactic Grunt Floaroma Meadow 1 (7 games),5.98,Marill Lv50 (Thick Fat): Rollout/Bubble Beam/Aqua Ring/Double Edge
1278,dawn_jubilife_city_turtwig,Dawn Jubilife City Turtwig,Dp Player Female,144,1234,0.104,387,2566,869.6,F,Hiker Michael (Elo 1676.1),Youngster Dallas (Elo 673.6),Twins Meg & Peg Rematch (7 games),5.5,Piplup Lv50 (Torrent): Bubble/Pound
1279,fisherman_brett,Fisherman Brett,Fisherman,142,1236,0.103,418,2600,914.2,F,Hiker Eoin (Elo 1544.0),School Kid Chad (Elo 742.0),Maid Emily (7 games),13.04,Magikarp Lv50 (Swift Swim): Splash/Tackle/Flail | Finneon Lv50 (Swift Swim): Safeguard/Aqua Ring/Whirlpool/U Turn | Feebas Lv50 (Swift Swim): Splash/Tackle/Flail
1280,hgss_pokefan_m_trevor_0351,Pokefan Trevor,Trainerclass Pokefan M,140,1238,0.102,477,2665,917.1,F,Swimmer Wesley (Elo 1662.6),Picnicker Tiffany (Elo 672.6),School Kid Chad (7 games),5.3,Psyduck Lv50 (Cloud Nine): Fury Swipes/Screech/Psych Up/Zen Headbutt
1281,galactic_grunt_floaroma_meadow_1,Galactic Grunt Floaroma Meadow 1,Galactic Grunt Male,140,1238,0.102,446,2642,901.6,F,Psychic Daisy Rematch Postgame (Elo 1765.5),Youngster Dallas (Elo 673.6),Tuber Chelsea (7 games),5.58,Stunky Lv50 (Stench): Focus Energy/Poison Gas/Screech/Fury Swipes
1282,picnicker_karina,Picnicker Karina,Picnicker,140,1238,0.102,391,2586,888.2,F,Super Nerd Merle (Elo 1443.9),Picnicker Tiffany (Elo 672.6),Cyclist Kayla (7 games),5.31,Piplup Lv50 (Torrent): Bubble/Peck
1283,poke_kid_danielle_rematch_1,Poke Kid Danielle Rematch 1,Poke Kid,138,1240,0.1,470,2675,920.5,F,Fisherman Barney (Elo 1941.4),Picnicker Tiffany (Elo 672.6),Jogger Wyatt (7 games),3.77,Pikachu Lv50 (Static): Slam/Thunderbolt/Feint/Agility
1284,swimmer_miranda,Swimmer Miranda,Swimmer Female,138,1240,0.1,382,2588,912.0,F,Ruin Maniac Karl (Elo 1569.6),Fisherman Kyler Rematch 1 (Elo 656.7),Bug Catcher Arnie (7 games),12.55,Lumineon Lv50 (Swift Swim): Captivate/Safeguard/Aqua Ring/Whirlpool
1285,hgss_sailor_harry_0410,Sailor Harry,Trainerclass Sailor,137,1241,0.099,398,2602,901.7,F,Kimono Girl Sayo (Elo 1724.7),Clown Lee (Elo 599.9),Teacher Colette (7 games),5.1,Wooper Lv50 (Water Absorb): Water Gun/Mud Bomb/Slam/Mud Shot
1286,youngster_jonathon,Youngster Jonathon,Youngster,136,1242,0.099,347,2561,917.1,F,Kimono Girl Sayo (Elo 1724.7),Firebreather Ray (Elo 801.4),Galactic Grunt Veilstone City 1 (7 games),8.83,Geodude Lv50 (Rock Head): Tackle/Defense Curl
1287,hgss_fisherman_henry_0060,Fisherman Henry,Trainerclass Fisherman,136,1242,0.099,405,2623,907.7,F,Swimmer Troy (Elo 1570.2),Youngster Dallas (Elo 673.6),Cyclist Ryan (7 games),12.87,Poliwag Lv50 (Water Absorb): Water Sport/Bubble/Hypnosis | Poliwag Lv50 (Damp): Water Sport/Bubble/Hypnosis
1288,reporter_valerie,Reporter Valerie,Reporter,131,1247,0.095,417,2648,932.2,F,Camper Todd Rematch 2 (Elo 1809.7),Youngster Logan (Elo 620.1),Fisherman Cory (7 games),4.36,Kirlia Lv50 (Synchronize): Teleport/Lucky Chant/Magical Leaf/Calm Mind
1289,psychic_kody,Psychic Kody,Psychic Male,127,1251,0.092,450,2689,915.4,F,Ace Trainer Kobe (Elo 1576.2),Clown Lee (Elo 599.9),Youngster Dallas (7 games),4.9,Meditite Lv50 (Pure Power): Confusion/Bide/Meditate
1290,hgss_pokefan_beverly_0182,Pokefan Beverly,Trainerclass Pokefan,125,1253,0.091,385,2638,919.9,F,Rich Boy Trey (Elo 1500.7),Rival Silver Cyndaquil (Elo 688.0),Black Belt Ricky (7 games),6.32,Snubbull Lv50 (Intimidate): Tail Whip/Charm/Bite/Lick
1291,lass_samantha_rematch_1,Lass Samantha Rematch 1,Lass,125,1253,0.091,370,2630,895.9,F,Fisherman Murphy (Elo 1708.1),Rich Boy Liam (Elo 660.5),Twins Tori & Til (7 games),6.42,Budew Lv50 (Natural Cure): Water Sport/Stun Spore/Mega Drain/Worry Seed
1292,fisherman_zachary,Fisherman Zachary,Fisherman,122,1256,0.089,401,2664,910.0,F,Swimmer Nicole (Elo 1621.7),Bug Catcher Al (Elo 686.9),Pokefan Ruth (7 games),12.81,Magikarp Lv50 (Swift Swim): Splash | Goldeen Lv50 (Swift Swim): Tail Whip/Water Sport/Supersonic/Horn Attack | Magikarp Lv50 (Swift Swim): Splash
1293,galactic_grunt_jubilife_city_1,Galactic Grunt Jubilife City 1,Galactic Grunt Male,121,1257,0.088,396,2668,881.7,F,Psychic Daisy Rematch Postgame (Elo 1765.5),Rival Silver Cyndaquil (Elo 688.0),Pokefan Andy (7 games),5.97,Stunky Lv50 (Stench): Focus Energy/Poison Gas/Screech/Fury Swipes
1294,galactic_grunt_floaroma_meadow_2,Galactic Grunt Floaroma Meadow 2,Galactic Grunt Male,120,1258,0.087,366,2637,875.2,F,Ace Trainer Laura (Elo 1533.1),Rival Silver Cyndaquil (Elo 688.0),Lass Natalie (7 games),9.7,Zubat Lv50 (Inner Focus): Leech Life/Supersonic/Astonish | Zubat Lv50 (Inner Focus): Leech Life/Supersonic/Astonish
1295,hgss_picnicker_piper_0559,Picnicker Piper,Trainerclass Picnicker,119,1259,0.086,368,2645,902.4,F,Biker Aiden Rematch 2 (Elo 1675.0),Rival Silver Cyndaquil (Elo 688.0),Team Rocket Grunt Kimono Theatre (7 games),7.67,Spoink Lv50 (Thick Fat): Zen Headbutt/Rest/Snore/Payback
1296,worker_mason,Worker Mason,Worker,118,1260,0.086,328,2611,860.9,F-,Kimono Girl Sayo (Elo 1724.7),Galactic Grunt Valley Windworks 2 (Elo 773.7),Beauty Nicola (7 games),9.41,Geodude Lv50 (Rock Head): Tackle/Defense Curl/Mud Sport/Rock Polish
1297,maid_sophie,Maid Sophie,Maid,117,1261,0.085,448,2731,897.0,F,Kimono Girl Naoko (Elo 1907.8),Clown Lee (Elo 599.9),Collector Ivan (7 games),7.73,Clefairy Lv50 (Cute Charm): Metronome/Sing/Meteor Mash/Endure
1298,hgss_swimmer_f_denise_0092,Swimmer Denise,Trainerclass Swimmer F,117,1261,0.085,393,2678,888.0,F,Bird Keeper Hank (Elo 1418.5),Rival Silver Cyndaquil (Elo 688.0),Policeman Keith (7 games),11.36,Seel Lv50 (Thick Fat): Icy Wind/Encore/Ice Shard/Rest
1299,galactic_grunt_team_galactic_eterna_building_2f_2,Galactic Grunt Team Galactic Eterna Building 2f 2,Galactic Grunt Female,116,1262,0.084,398,2688,896.7,F,Ace Trainer Allen (Elo 1680.9),Bug Catcher Al (Elo 686.9),Scientist Emilio (7 games),6.3,Glameow Lv50 (Limber): Scratch/Growl/Hypnosis/Faint Attack
1300,maid_emily,Maid Emily,Maid,116,1262,0.084,432,2717,871.0,F,Hiker Devin (Elo 1549.4),Fisherman Andrew (Elo 672.0),Fisherman Brett (7 games),7.01,Clefairy Lv50 (Cute Charm): Metronome/Encore/Meteor Mash/Endure
1301,bug_catcher_brandon,Bug Catcher Brandon,Bug Catcher,114,1264,0.083,405,2703,928.3,F,Ace Trainer Felix Postgame (Elo 2028.0),Poke Kid Danielle (Elo 634.8),Fisherman Kyler Rematch 1 (7 games),8.19,Wurmple Lv50 (Shield Dust): Tackle/String Shot/Poison Sting | Kricketot Lv50 (Shed Skin): Bide
1302,hgss_hall_matron_argenta_0700,Hall Matron Argenta,Trainerclass Hall Matron,114,1264,0.083,383,2681,879.1,F,Galactic Grunt Iron Island 2 (Elo 1530.4),Picnicker Diana (Elo 741.4),Black Belt Yoshi (7 games),3.68,Rattata Lv50 (Run Away): Tackle/Tail Whip/Quick Attack
1303,hgss_lass_connie_0215,Lass Connie,Trainerclass Lass,113,1265,0.082,383,2689,905.7,F,Fisherman Marvin (Elo 1531.0),Youngster Dallas (Elo 673.6),Poke Maniac Zach (7 games),5.44,Marill Lv50 (Thick Fat): Tail Whip/Water Gun/Rollout/Bubble Beam
1304,hgss_picnicker_selina_0597,Picnicker Selina,Trainerclass Picnicker,113,1265,0.082,353,2653,862.1,F,Twins Kay & Tia Rematch 2 (Elo 1675.7),Cheryl Eterna Forest (Elo 676.3),Hall Matron Argenta (7 games),4.44,Cherubi Lv50 (Chlorophyll): Worry Seed/Take Down/Solar Beam/Lucky Chant
1305,hgss_arcade_star_dahlia_0702,Arcade Star Dahlia,Trainerclass Arcade Star,112,1266,0.081,350,2653,893.1,F,Reporter Kinsey Rematch 3 (Elo 1704.4),Picnicker Tiffany (Elo 672.6),Cyclist Kayla Rematch 1 (7 games),3.74,Rattata Lv50 (Run Away): Tackle/Tail Whip/Quick Attack
1306,poke_kid_danielle_rematch_2,Poke Kid Danielle Rematch 2,Poke Kid,110,1268,0.08,392,2703,894.9,F,Swimmer Tucker (Elo 1447.3),Poke Kid Danielle (Elo 634.8),Maid Elena (7 games),4.29,Pikachu Lv50 (Static): Feint/Agility/Discharge/Light Screen
1307,galactic_grunt_valley_windworks_1,Galactic Grunt Valley Windworks 1,Galactic Grunt Male,110,1268,0.08,361,2683,876.9,F,Psychic Nathan (Elo 1536.6),Bug Catcher Al (Elo 686.9),Picnicker Liz (7 games),8.18,Glameow Lv50 (Limber): Fake Out/Scratch/Growl/Hypnosis
1308,camper_zackary,Camper Zackary,Camper,109,1269,0.079,342,2663,872.3,F,Ace Trainer Kobe (Elo 1576.2),Picnicker Ginger (Elo 570.1),Team Rocket Grunt Kimono Theatre (7 games),8.13,Aipom Lv50 (Run Away): Tail Whip/Sand Attack/Astonish/Baton Pass
1309,school_kid_harrison,School Kid Harrison,School Kid Male,105,1273,0.076,290,2623,802.7,F-,Aroma Lady Hannah (Elo 1381.2),Rival Route 201 Empoleon (Elo 694.1),Poke Kid Danielle Rematch 1 (7 games),3.6,Starly Lv50 (Keen Eye): Quick Attack
1310,hgss_tower_tycoon_palmer_0699,Tower Tycoon Palmer,Trainerclass Tower Tycoon,102,1276,0.074,327,2672,852.8,F-,Reporter Kinsey Rematch 3 (Elo 1704.4),Poke Kid Danielle (Elo 634.8),Youngster Joey (7 games),3.6,Rattata Lv50 (Run Away): Tackle/Tail Whip/Quick Attack
1311,waitress_kati,Waitress Kati,Waitress,101,1277,0.073,346,2699,878.5,F,Scientist Gregg (Elo 1651.3),Fisherman Kyler (Elo 619.7),Picnicker Tiffany Rematch 1 (7 games),15.71,Clefairy Lv50 (Cute Charm): Follow Me/Minimize/Wake Up Slap/Cosmic Power
1312,youngster_michael,Youngster Michael,Youngster,98,1280,0.071,373,2729,904.6,F,Ace Trainer Kobe (Elo 1576.2),Poke Kid Danielle (Elo 634.8),Tuber Holly (7 games),11.28,Kricketot Lv50 (Shed Skin): Growl/Bide | Zubat Lv50 (Inner Focus): Leech Life/Supersonic
1313,battle_girl_kelsey,Battle Girl Kelsey,Battle Girl,98,1280,0.071,305,2665,861.1,F,Scientist Linden (Elo 1513.5),Poke Kid Danielle (Elo 634.8),Gentleman Leonardo (7 games),5.29,Machop Lv50 (Guts): Leer/Focus Energy/Karate Chop/Foresight
1314,lass_madeline,Lass Madeline,Lass,96,1282,0.07,267,2643,856.0,F-,Bug Catcher Rob Rematch 2 (Elo 1375.8),Rival Silver Cyndaquil (Elo 688.0),Dawn Jubilife City Piplup (7 games),5.21,Psyduck Lv50 (Damp): Water Sport/Scratch/Tail Whip
1315,hgss_factory_head_thorton_0701,Factory Head Thorton,Trainerclass Factory Head,96,1282,0.07,297,2669,843.9,F-,Guitarist Lonnie (Elo 1349.5),Picnicker Tiffany (Elo 672.6),Lady Melissa (7 games),3.54,Rattata Lv50 (Run Away): Tackle/Tail Whip/Quick Attack
1316,hgss_picnicker_kim_0077,Picnicker Kim,Trainerclass Picnicker,96,1282,0.07,314,2684,837.3,F-,Hiker Theodore Rematch 2 (Elo 1373.3),Fisherman Kyler Rematch 1 (Elo 656.7),Youngster Tristan (7 games),5.14,Vulpix Lv50 (Flash Fire): Tail Whip/Roar/Quick Attack/Will O Wisp
1317,roughneck_kirby,Roughneck Kirby,Roughneck,93,1285,0.067,325,2706,818.3,F-,Camper Jerry (Elo 1609.1),Youngster Logan (Elo 620.1),Hiker Timothy (7 games),6.36,Cleffa Lv50 (Cute Charm): Sing/Sweet Kiss/Copycat/Magical Leaf
1318,galactic_grunt_galactic_hq_1f,Galactic Grunt Galactic Hq 1f,Galactic Grunt Female,92,1286,0.067,338,2725,863.0,F,Young Couple Tim & Sue Rematch 1 (Elo 1565.7),Rival Route 201 Empoleon (Elo 694.1),Camper Drew (7 games),5.02,Glameow Lv50 (Limber): Assist/Captivate/Slash/Sucker Punch
1319,hgss_twins_amy_mimi_0010,Twins Amy & Mimi,Trainerclass Twins,92,1286,0.067,312,2696,845.9,F-,Lass Michelle (Elo 1731.2),Poke Kid Danielle (Elo 634.8),Psychic Greg (7 games),5.48,Spinarak Lv50 (Insomnia): Poison Sting/String Shot/Scary Face/Constrict | Ledyba Lv50 (Early Bird): Tackle/Supersonic/Comet Punch
1320,hgss_rival_silver_totodile,Rival Silver Totodile,Trainerclass Rival,90,1288,0.065,284,2674,826.9,F-,Boarder Deandre (Elo 1314.2),Rival Route 201 Infernape (Elo 758.5),Galactic Grunt Valley Windworks 2 (7 games),5.65,Totodile Lv50 (Torrent): Scratch/Leer
1321,hgss_castle_valet_darach_0703,Castle Valet Darach,Trainerclass Castle Valet,90,1288,0.065,300,2694,823.3,F-,Galactic Grunt Iron Island 2 (Elo 1530.4),Picnicker Tiffany (Elo 672.6),Swimmer Denise (7 games),3.79,Rattata Lv50 (Run Away): Tackle/Tail Whip/Quick Attack
1322,idol_grace,Idol Grace,Idol,90,1288,0.065,283,2679,811.3,F-,Hiker Michael (Elo 1676.1),Fisherman Justin (Elo 633.1),Cyclist Axel (7 games),31.87,Clefairy Lv50 (Cute Charm): Double Slap/Defense Curl/Follow Me/Minimize | Clefairy Lv50 (Cute Charm): Double Slap/Defense Curl/Follow Me/Minimize
1323,hgss_bug_catcher_wade_0004,Bug Catcher Wade,Trainerclass Bug Catcher,90,1288,0.065,238,2636,790.6,F-,Hiker Eoin (Elo 1544.0),School Kid Christine (Elo 722.7),Beauty Valerie (7 games),13.33,Caterpie Lv50 (Shield Dust): Tackle/String Shot | Caterpie Lv50 (Shield Dust): Tackle/String Shot | Weedle Lv50 (Shield Dust): Poison Sting/String Shot | Caterpie Lv50 (Shield Dust): Tackle/String Shot
1324,hgss_swimmer_f_elaine_0009,Swimmer Elaine,Trainerclass Swimmer F,87,1291,0.063,270,2682,830.3,F-,Buck Stark Mountain Postgame (Elo 1503.6),Cheryl Eterna Forest (Elo 676.3),Picnicker Diana (7 games),6.39,Staryu Lv50 (Natural Cure): Water Gun/Rapid Spin/Recover/Camouflage
1325,rival_route_201_piplup,Rival Route 201 Torterra,Rival,87,1291,0.063,261,2664,810.4,F-,Black Belt Luke (Elo 1440.8),Bug Catcher Stacey (Elo 694.7),Beauty Cyndy (7 games),8.82,Turtwig Lv50 (Overgrow): Tackle/Withdraw
1326,hgss_twins_amy_mimi_0387,Twins Amy & Mimi Rematch,Trainerclass Twins,82,1296,0.06,251,2684,817.9,F-,Black Belt Willie (Elo 1611.4),Youngster Logan (Elo 620.1),Rival Route 203 Torterra (7 games),5.39,Ledyba Lv50 (Early Bird): Tackle/Supersonic/Comet Punch | Spinarak Lv50 (Insomnia): Poison Sting/String Shot/Scary Face/Constrict
1327,hgss_youngster_gordon_0056,Youngster Gordon,Trainerclass Youngster,82,1296,0.06,246,2674,807.9,F-,Kimono Girl Sayo (Elo 1724.7),Clown Lee (Elo 599.9),School Kid Chad (7 games),5.96,Wooper Lv50 (Water Absorb): Water Gun/Tail Whip/Mud Sport/Mud Shot
1328,cyclist_axel,Cyclist Axel,Cyclist Male,81,1297,0.059,332,2760,848.4,F-,Poke Kid Ariel Rematch 3 Postgame (Elo 1506.4),Picnicker Tiffany (Elo 672.6),Bug Catcher Arnie (7 games),5.85,Pikachu Lv50 (Static): Thunder Wave/Quick Attack/Double Team/Slam
1329,hgss_youngster_ian_0064,Youngster Ian,Trainerclass Youngster,81,1297,0.059,271,2701,809.5,F-,Kimono Girl Sayo (Elo 1724.7),Rival Silver Chikorita (Elo 701.0),Twins Kay & Tia (7 games),7.57,Mankey Lv50 (Vital Spirit): Focus Energy/Scratch/Low Kick/Leer | Diglett Lv50 (Sand Veil): Astonish/Growl/Scratch/Sand Attack
1330,hgss_fisherman_ralph_0057,Fisherman Ralph,Trainerclass Fisherman,80,1298,0.058,256,2695,815.3,F-,Swimmer Esteban (Elo 1460.3),Youngster Dallas (Elo 673.6),Swimmer Matthew (7 games),6.16,Goldeen Lv50 (Swift Swim): Peck/Tail Whip/Water Sport/Supersonic
1331,beauty_cyndy,Beauty Cyndy,Beauty,80,1298,0.058,275,2708,812.3,F-,Camper Drew (Elo 1455.1),Poke Kid Danielle (Elo 634.8),Cyclist Ryan (7 games),5.07,Glameow Lv50 (Limber): Faint Attack/Fury Swipes/Charm/Assist
1332,galactic_grunt_jubilife_city_2,Galactic Grunt Jubilife City 2,Galactic Grunt Male,80,1298,0.058,262,2698,791.4,F-,Pi Carlos Rematch 1 (Elo 1407.1),Picnicker Tiffany (Elo 672.6),Biker Theron (7 games),5.59,Glameow Lv50 (Limber): Fake Out/Scratch/Growl
1333,jogger_wyatt,Jogger Wyatt,Jogger,79,1299,0.057,298,2737,834.4,F-,Swimmer Sam Postgame (Elo 1579.4),Rival Silver Cyndaquil (Elo 688.0),Poke Kid Danielle Rematch 1 (7 games),5.88,Pikachu Lv50 (Static): Thunder Wave/Quick Attack/Double Team/Slam
1334,hgss_bird_keeper_gs_abe_0050,Bird Keeper Abe,Trainerclass Bird Keeper Gs,78,1300,0.057,266,2713,815.4,F-,Collector Fernando (Elo 1458.5),Poke Kid Danielle (Elo 634.8),Jogger Wyatt (7 games),4.17,Spearow Lv50 (Keen Eye): Peck/Growl/Leer/Fury Attack
1335,hgss_picnicker_brooke_0076,Picnicker Brooke,Trainerclass Picnicker,77,1301,0.056,290,2732,808.2,F-,Fisherman Jonah (Elo 1629.8),Picnicker Tiffany (Elo 672.6),Swimmer Debbie (7 games),6.03,Pikachu Lv50 (Static): Thunder Shock/Growl/Quick Attack/Double Team
1336,hgss_firebreather_ray_0390,Firebreather Ray,Trainerclass Firebreather,74,1304,0.054,238,2700,801.4,F-,Ace Trainer Cesar (Elo 1751.7),Fisherman Kyler (Elo 619.7),Fisherman Raymond (7 games),4.96,Vulpix Lv50 (Flash Fire): Ember/Tail Whip/Roar
1337,hgss_pokefan_m_derek_0044,Pokefan Derek,Trainerclass Pokefan M,69,1309,0.05,255,2731,809.9,F-,Swimmer Sheltin (Elo 1827.5),Youngster Logan (Elo 620.1),Firebreather Ray (7 games),5.17,Pikachu Lv50 (Static): Double Team/Quick Attack/Tail Whip/Thunder Shock
1338,hgss_scientist_gs_mitch_0469,Scientist Mitch,Trainerclass Scientist Gs,69,1309,0.05,288,2769,802.1,F-,Leader Chuck (Elo 1943.6),Youngster Tyler (Elo 556.1),Ace Trainer Brian (7 games),7.0,Ditto Lv50 (Limber): Transform
1339,galactic_grunt_team_galactic_eterna_building_2f_1,Galactic Grunt Team Galactic Eterna Building 2f 1,Galactic Grunt Male,68,1310,0.049,230,2713,792.5,F-,School Kid Alan (Elo 1327.7),Fisherman Raymond (Elo 658.8),Swimmer Elaine (7 games),4.37,Croagunk Lv50 (Anticipation): Poison Sting/Taunt/Pursuit/Faint Attack
1340,cyclist_kayla,Cyclist Kayla,Cyclist Female,67,1311,0.049,248,2731,780.6,F-,Swimmer Joanna Postgame (Elo 1617.8),Clown Lee (Elo 599.9),Breeder Kahlil (7 games),5.98,Pikachu Lv50 (Static): Thunder Wave/Quick Attack/Double Team/Slam
1341,galactic_grunt_valley_windworks_2,Galactic Grunt Valley Windworks 2,Galactic Grunt Male,67,1311,0.049,242,2731,773.7,F-,Psychic Mitchell Rematch 1 (Elo 1436.6),Fisherman Raymond (Elo 658.8),Rival Silver Totodile (7 games),5.49,Zubat Lv50 (Inner Focus): Leech Life/Supersonic/Astonish/Bite
1342,hgss_youngster_joey_0008,Youngster Joey,Trainerclass Youngster,67,1311,0.049,232,2718,765.1,F-,Socialite Reina Rematch 2 (Elo 1252.8),Picnicker Tiffany (Elo 672.6),Tower Tycoon Palmer (7 games),3.68,Rattata Lv50 (Run Away): Tackle/Tail Whip/Quick Attack
1343,hgss_pokefan_ruth_0045,Pokefan Ruth,Trainerclass Pokefan,65,1313,0.047,253,2748,787.4,F-,Bug Catcher Jack & Lass Briana (Elo 1472.7),Picnicker Tiffany (Elo 672.6),Fisherman Zachary (7 games),5.06,Pikachu Lv50 (Static): Double Team/Quick Attack/Tail Whip/Thunder Shock
1344,youngster_tristan,Youngster Tristan,Youngster,62,1316,0.045,191,2700,746.4,F-,Pokefan Robert (Elo 1347.0),Picnicker Tiffany (Elo 672.6),Bird Keeper Abe (7 games),4.23,Starly Lv50 (Keen Eye): Tackle/Growl/Quick Attack
1345,rival_route_201_turtwig,Rival Route 201 Infernape,Rival,56,1322,0.041,166,2695,758.5,F-,Boarder Deandre (Elo 1314.2),Youngster Dallas (Elo 673.6),Maid Clare (7 games),4.95,Chimchar Lv50 (Blaze): Scratch/Leer
1346,lass_sarah,Lass Sarah,Lass,56,1322,0.041,178,2713,736.2,F-,Pi Carlos (Elo 1219.8),Youngster Logan (Elo 620.1),Rival Silver Chikorita (7 games),4.19,Shinx Lv50 (Rivalry): Tackle/Leer
1347,picnicker_diana,Picnicker Diana,Picnicker,55,1323,0.04,183,2715,741.4,F-,Black Belt Rafael (Elo 1419.0),Rival Silver Cyndaquil (Elo 688.0),Swimmer Elaine (7 games),6.82,Bidoof Lv50 (Simple): Tackle/Growl/Defense Curl
1348,hgss_fisherman_kyler_0663,Fisherman Kyler Rematch 3,Trainerclass Fisherman,53,1325,0.038,133,2677,706.0,F-,Hiker Eoin (Elo 1544.0),Rival Silver Cyndaquil (Elo 688.0),Bird Keeper Ernie (7 games),21.65,Magikarp Lv50 (Swift Swim): Splash/Tackle | Magikarp Lv50 (Swift Swim): Splash/Tackle | Magikarp Lv50 (Swift Swim): Splash/Tackle | Magikarp Lv50 (Swift Swim): Splash/Tackle | Magikarp Lv50 (Swift Swim): Splash/Tackle | Magikarp Lv50 (Swift Swim): Splash/Tackle
1349,school_kid_christine,School Kid Christine,School Kid Female,51,1327,0.037,164,2713,722.7,F-,Black Belt Yoshi (Elo 1176.4),Picnicker Tiffany (Elo 672.6),Swimmer Elaine (7 games),5.13,Bidoof Lv50 (Simple): Tackle/Growl
1350,lass_natalie,Lass Natalie,Lass,51,1327,0.037,163,2714,716.5,F-,Young Couple Tim & Sue Rematch 1 (Elo 1565.7),Rival Silver Cyndaquil (Elo 688.0),Galactic Grunt Floaroma Meadow 2 (7 games),5.15,Bidoof Lv50 (Simple): Tackle/Growl
1351,hgss_picnicker_liz_0027,Picnicker Liz,Trainerclass Picnicker,50,1328,0.036,159,2710,712.9,F-,Pi Kendrick (Elo 1259.0),Fisherman Kyler Rematch 1 (Elo 656.7),Galactic Grunt Valley Windworks 1 (7 games),7.14,Nidoran F Lv50 (Rivalry): Growl/Scratch/Tail Whip
1352,rival_route_201_chimchar,Rival Route 201 Empoleon,Rival,48,1330,0.035,146,2708,694.1,F-,Psychic Elijah (Elo 1111.7),Youngster Dallas (Elo 673.6),Beauty Cyndy (7 games),7.73,Piplup Lv50 (Torrent): Pound/Growl
1353,hgss_fisherman_kyler_0662,Fisherman Kyler Rematch 2,Trainerclass Fisherman,46,1332,0.033,118,2691,694.3,F-,Hiker Michael (Elo 1676.1),Bug Catcher Don (Elo 641.9),Hiker Eoin (7 games),19.24,Magikarp Lv50 (Swift Swim): Splash/Tackle | Magikarp Lv50 (Swift Swim): Splash/Tackle | Magikarp Lv50 (Swift Swim): Splash/Tackle | Magikarp Lv50 (Swift Swim): Splash/Tackle | Magikarp Lv50 (Swift Swim): Splash/Tackle
1354,hgss_school_kid_m_chad_0397,School Kid Chad,Trainerclass School Kid M,41,1337,0.03,187,2774,742.0,F-,Psychic Landon (Elo 1638.9),Fisherman Kyler (Elo 619.7),Policeman Bobby (7 games),8.85,Mr Mime Lv50 (Soundproof): Meditate/Encore/Double Slap/Mimic
1355,bug_catcher_donald,Bug Catcher Donald,Bug Catcher,41,1337,0.03,128,2717,706.9,F-,Hiker Michael (Elo 1676.1),Youngster Dallas (Elo 673.6),Galactic Grunt Galactic Hq 1f (7 games),11.85,Burmy Lv50 (Shed Skin): Protect/Tackle | Burmy Lv50 (Shed Skin): Protect/Tackle
1356,hgss_rival_silver_chikorita,Rival Silver Chikorita,Trainerclass Rival,39,1339,0.028,131,2727,701.0,F-,Scientist Trenton (Elo 1197.9),Youngster Dallas (Elo 673.6),Lass Sarah (7 games),7.94,Chikorita Lv50 (Overgrow): Tackle/Growl
1357,lass_cassidy,Lass Cassidy,Lass,39,1339,0.028,137,2737,697.0,F-,Socialite Reina Rematch 1 (Elo 1228.8),Bug Catcher Don (Elo 641.9),Fisherman Kyler Rematch 3 (7 games),5.4,Buneary Lv50 (Run Away): Foresight/Endure/Frustration/Quick Attack
1358,hgss_bug_catcher_stacey_0689,Bug Catcher Stacey,Trainerclass Bug Catcher,38,1340,0.028,96,2700,694.7,F-,Hiker Michael (Elo 1676.1),Fisherman Kyler (Elo 619.7),Gentleman Leonardo (7 games),20.51,Metapod Lv50 (Shed Skin): Harden | Metapod Lv50 (Shed Skin): Harden | Metapod Lv50 (Shed Skin): Harden
1359,hgss_bug_catcher_al_0068,Bug Catcher Al,Trainerclass Bug Catcher,35,1343,0.025,110,2726,686.9,F-,Black Belt Miles (Elo 1280.2),Youngster Logan (Elo 620.1),Youngster Logan (7 games),7.65,Caterpie Lv50 (Shield Dust): Tackle/String Shot | Weedle Lv50 (Shield Dust): Poison Sting/String Shot
1360,hgss_rival_silver_cyndaquil,Rival Silver Cyndaquil,Trainerclass Rival,34,1344,0.025,127,2742,688.0,F-,Aroma Lady Elizabeth (Elo 1288.5),Fisherman Raymond (Elo 658.8),Collector Edwin (7 games),6.04,Cyndaquil Lv50 (Blaze): Tackle/Leer/Smoke Screen
1361,cheryl_eterna_forest,Cheryl Eterna Forest,Trainer Cheryl,34,1344,0.025,110,2729,676.3,F-,Kimono Girl Zuki (Elo 1799.1),Youngster Sebastian (Elo 568.3),Mira Wayward Cave (7 games),12.29,Chansey Lv50 (Natural Cure): Egg Bomb/Softboiled/Refresh
1362,hgss_swimmer_f_leona_0584,Swimmer Leona,Trainerclass Swimmer F,32,1346,0.023,153,2774,717.2,F-,Black Belt Ander (Elo 1626.4),Youngster Sebastian (Elo 568.3),Skier Edward Rematch 2 (7 games),4.2,Bidoof Lv50 (Simple): Amnesia/Take Down/Super Fang/Superpower
1363,fisherman_andrew,Fisherman Andrew,Fisherman,32,1346,0.023,83,2710,672.0,F-,Hiker Michael (Elo 1676.1),Fisherman Kyler (Elo 619.7),Pi Carlos Rematch 2 (7 games),22.82,Magikarp Lv50 (Swift Swim): Splash | Magikarp Lv50 (Swift Swim): Splash | Magikarp Lv50 (Swift Swim): Splash | Magikarp Lv50 (Swift Swim): Splash | Magikarp Lv50 (Swift Swim): Splash | Magikarp Lv50 (Swift Swim): Splash/Tackle
1364,youngster_dallas,Youngster Dallas,Youngster,29,1349,0.021,110,2748,673.6,F-,Scientist Emilio (Elo 1302.1),Rich Boy Liam (Elo 660.5),Psychic Kody (7 games),4.49,Shinx Lv50 (Rivalry): Tackle/Leer
1365,hgss_fisherman_kyler_0661,Fisherman Kyler Rematch 1,Trainerclass Fisherman,29,1349,0.021,89,2728,656.7,F-,Hiker Michael (Elo 1676.1),Youngster Logan (Elo 620.1),Galactic Grunt Spear Pillar 2 (7 games),15.86,Magikarp Lv50 (Swift Swim): Splash/Tackle | Magikarp Lv50 (Swift Swim): Splash/Tackle | Magikarp Lv50 (Swift Swim): Splash/Tackle | Magikarp Lv50 (Swift Swim): Splash/Tackle
1366,hgss_fisherman_raymond_0127,Fisherman Raymond,Trainerclass Fisherman,28,1350,0.02,83,2725,658.8,F-,Hiker Michael (Elo 1676.1),Bug Catcher Don (Elo 641.9),Firebreather Ray (7 games),16.11,Magikarp Lv50 (Swift Swim): Splash/Tackle | Magikarp Lv50 (Swift Swim): Splash/Tackle | Magikarp Lv50 (Swift Swim): Splash/Tackle | Magikarp Lv50 (Swift Swim): Splash/Tackle
1367,hgss_picnicker_tiffany_0402,Picnicker Tiffany,Trainerclass Picnicker,26,1352,0.019,111,2762,672.6,F-,Scientist Travon (Elo 1389.3),Fisherman Kyler (Elo 619.7),Cyclist Axel (7 games),17.01,Clefairy Lv50 (Cute Charm): Encore/Sing/Double Slap/Minimize
1368,rich_boy_liam,Rich Boy Liam,Rich Boy,25,1353,0.018,68,2724,660.5,F-,Buck Stark Mountain Postgame (Elo 1503.6),Picnicker Ginger (Elo 570.1),Youngster Michael (7 games),29.4,Blissey @ Rare Candy Lv50 (Natural Cure): Sing/Fling/Defense Curl/Light Screen
1369,hgss_bug_catcher_don_0249,Bug Catcher Don,Trainerclass Bug Catcher,23,1355,0.017,57,2719,641.9,F-,Guitarist Arturo Rematch 3 (Elo 1010.3),Youngster Logan (Elo 620.1),Youngster Logan (7 games),7.93,Caterpie Lv50 (Shield Dust): Tackle/String Shot | Caterpie Lv50 (Shield Dust): Tackle/String Shot
1370,hgss_fisherman_justin_0018,Fisherman Justin,Trainerclass Fisherman,19,1359,0.014,49,2729,633.1,F-,Hiker Eoin (Elo 1544.0),Fisherman Kyler (Elo 619.7),Swimmer Leona (6 games),16.03,Magikarp Lv50 (Swift Swim): Splash | Magikarp Lv50 (Swift Swim): Splash | Magikarp Lv50 (Swift Swim): Splash/Tackle | Magikarp Lv50 (Swift Swim): Splash
1371,hgss_fisherman_kyler_0555,Fisherman Kyler,Trainerclass Fisherman,18,1360,0.013,47,2732,619.7,F-,Hiker Reginald (Elo 1268.4),Youngster Logan (Elo 620.1),School Kid Chad (7 games),12.34,Magikarp Lv50 (Swift Swim): Splash/Tackle | Magikarp Lv50 (Swift Swim): Splash/Tackle | Magikarp Lv50 (Swift Swim): Splash/Tackle
1372,youngster_logan,Youngster Logan,Youngster,16,1362,0.012,53,2746,620.1,F-,Psychic Lindsey (Elo 1078.2),Picnicker Ginger (Elo 570.1),Bug Catcher Al (7 games),5.07,Burmy Lv50 (Shed Skin): Tackle
1373,poke_kid_danielle,Poke Kid Danielle,Poke Kid,14,1364,0.01,67,2765,634.8,F-,Rich Boy Trey Rematch 2 (Elo 1527.8),Youngster Sebastian (Elo 568.3),Scientist Trenton (7 games),4.12,Pichu Lv50 (Static): Tail Whip/Thunder Wave/Sweet Kiss/Nasty Plot
1374,clown_lee,Clown Lee,Clown,9,1369,0.007,36,2757,599.9,F-,Gentleman Jeremy Rematch 2 (Elo 1346.1),Youngster Sebastian (Elo 568.3),Swimmer Leona (7 games),6.67,Mime Jr Lv50 (Soundproof): Double Slap/Mimic/Light Screen/Reflect
1375,hgss_picnicker_ginger_0560,Picnicker Ginger,Trainerclass Picnicker,7,1371,0.005,16,2744,570.1,F-,Guitarist Arturo Rematch 3 (Elo 1010.3),Skier Cady (Elo 561.6),Guitarist Arturo Rematch 3 (6 games),5.53,Whismur Lv50 (Soundproof): Screech/Roar/Rest/Sleep Talk
1376,youngster_sebastian,Youngster Sebastian,Youngster,7,1371,0.005,20,2748,568.3,F-,Guitarist Arturo Rematch 4 (Elo 1004.3),Fisherman Kyler (Elo 619.7),Swimmer Leona (6 games),6.26,Machop Lv50 (Guts): Low Kick/Leer
1377,hgss_skier_cady_0680,Skier Cady,Trainerclass Skier,4,1374,0.003,12,2752,561.6,F-,Psychic Greg (Elo 1206.4),Youngster Sebastian (Elo 568.3),Guitarist Arturo Rematch 4 (6 games),4.68,Delibird Lv50 (Vital Spirit): Present
1378,collector_eugene,Collector Eugene,Collector,3,1375,0.002,8,2752,562.9,F-,Scientist Mitch (Elo 802.1),Skier Cady (Elo 561.6),Scientist Mitch (6 games),3.8,Feebas Lv50 (Swift Swim): Splash/Tackle
1379,youngster_tyler,Youngster Tyler,Youngster,1,1377,0.001,2,2754,556.1,F-,Scientist Mitch (Elo 802.1),Skier Cady (Elo 561.6),Artist William Rematch 3 (2 games),4.77,Magikarp Lv50 (Swift Swim): Splash
